InternalEnergy
part
         1
hexa8
 2.50000e+00
 2.50000e+00
 2.50000e+00
 2.50000e+00
 2.50000e+00
 2.50000e+00
 2.49999e+00
 2.49989e+00
 2.49913e+00
 2.49392e+00
 2.46551e+00
 2.37907e+00
 2.19519e+00
 2.04054e+00
 1.92372e+00
 2.50000e+00
 2.50000e+00
 2.50000e+00
 2.50000e+00
 2.50000e+00
 2.50000e+00
 2.49998e+00
 2.49983e+00
 2.49872e+00
 2.49189e+00
 2.46112e+00
 2.35882e+00
 2.18642e+00
 2.01510e+00
 1.89135e+00
 2.50000e+00
 2.50000e+00
 2.50000e+00
 2.50000e+00
 2.50000e+00
 2.49999e+00
 2.49993e+00
 2.49966e+00
 2.49772e+00
 2.48764e+00
 2.44298e+00
 2.33786e+00
 2.16561e+00
 1.98290e+00
 1.85271e+00
 2.50000e+00
 2.50000e+00
 2.50000e+00
 2.50000e+00
 2.50000e+00
 2.49997e+00
 2.49987e+00
 2.49892e+00
 2.49559e+00
 2.47734e+00
 2.42280e+00
 2.28083e+00
 2.11749e+00
 1.97275e+00
 1.85937e+00
 2.50000e+00
 2.50000e+00
 2.50000e+00
 2.50000e+00
 2.49997e+00
 2.49990e+00
 2.49944e+00
 2.49789e+00
 2.48797e+00
 2.46181e+00
 2.37235e+00
 2.24082e+00
 2.06912e+00
 1.92812e+00
 1.84510e+00
 2.50000e+00
 2.50000e+00
 2.49999e+00
 2.49997e+00
 2.49990e+00
 2.49955e+00
 2.49839e+00
 2.49307e+00
 2.47805e+00
 2.42210e+00
 2.32090e+00
 2.14956e+00
 1.99603e+00
 1.88579e+00
 1.84408e+00
 2.49999e+00
 2.49998e+00
 2.49993e+00
 2.49987e+00
 2.49944e+00
 2.49839e+00
 2.49458e+00
 2.48245e+00
 2.44722e+00
 2.37162e+00
 2.24503e+00
 2.08190e+00
 1.95600e+00
 1.85261e+00
 1.81599e+00
 2.49989e+00
 2.49983e+00
 2.49966e+00
 2.49892e+00
 2.49789e+00
 2.49307e+00
 2.48245e+00
 2.45738e+00
 2.39088e+00
 2.28397e+00
 2.13699e+00
 2.01473e+00
 1.90591e+00
 1.83183e+00
 1.85177e+00
 2.49913e+00
 2.49872e+00
 2.49772e+00
 2.49559e+00
 2.48796e+00
 2.47805e+00
 2.44721e+00
 2.39088e+00
 2.30594e+00
 2.17473e+00
 2.02221e+00
 1.90652e+00
 1.83678e+00
 1.84075e+00
 1.96321e+00
 2.49392e+00
 2.49189e+00
 2.48764e+00
 2.47734e+00
 2.46181e+00
 2.42209e+00
 2.37162e+00
 2.28395e+00
 2.17474e+00
 2.02191e+00
 1.90103e+00
 1.80994e+00
 1.78267e+00
 1.87593e+00
 2.09459e+00
 2.46551e+00
 2.46112e+00
 2.44298e+00
 2.42280e+00
 2.37235e+00
 2.32091e+00
 2.24503e+00
 2.13703e+00
 2.02224e+00
 1.90101e+00
 1.79184e+00
 1.73206e+00
 1.77264e+00
 1.96366e+00
 2.24183e+00
 2.37907e+00
 2.35882e+00
 2.33787e+00
 2.28082e+00
 2.24088e+00
 2.14959e+00
 2.08202e+00
 2.01487e+00
 1.90643e+00
 1.80986e+00
 1.73189e+00
 1.73305e+00
 1.87067e+00
 2.13210e+00
 2.38180e+00
 2.19522e+00
 2.18649e+00
 2.16566e+00
 2.11759e+00
 2.06918e+00
 1.99616e+00
 1.95610e+00
 1.90610e+00
 1.83678e+00
 1.78247e+00
 1.77240e+00
 1.87063e+00
 2.08885e+00
 2.33177e+00
 2.44258e+00
 2.04062e+00
 2.01525e+00
 1.98302e+00
 1.97302e+00
 1.92817e+00
 1.88602e+00
 1.85266e+00
 1.83200e+00
 1.84087e+00
 1.87591e+00
 1.96388e+00
 2.13242e+00
 2.33189e+00
 2.43582e+00
 2.37115e+00
 1.92381e+00
 1.89148e+00
 1.85273e+00
 1.85948e+00
 1.84530e+00
 1.84449e+00
 1.81586e+00
 1.85190e+00
 1.96303e+00
 2.09468e+00
 2.24251e+00
 2.38236e+00
 2.44274e+00
 2.37118e+00
 2.22351e+00
 2.50000e+00
 2.50000e+00
 2.50000e+00
 2.50000e+00
 2.50000e+00
 2.50000e+00
 2.49998e+00
 2.49983e+00
 2.49872e+00
 2.49189e+00
 2.46112e+00
 2.35881e+00
 2.18645e+00
 2.01516e+00
 1.89139e+00
 2.50000e+00
 2.50000e+00
 2.50000e+00
 2.50000e+00
 2.50000e+00
 2.49999e+00
 2.49996e+00
 2.49976e+00
 2.49819e+00
 2.48990e+00
 2.45425e+00
 2.34806e+00
 2.17249e+00
 1.99033e+00
 1.86447e+00
 2.50000e+00
 2.50000e+00
 2.50000e+00
 2.50000e+00
 2.50000e+00
 2.49999e+00
 2.49991e+00
 2.49950e+00
 2.49707e+00
 2.48438e+00
 2.43748e+00
 2.31789e+00
 2.14926e+00
 1.98463e+00
 1.86584e+00
 2.50000e+00
 2.50000e+00
 2.50000e+00
 2.50000e+00
 2.49999e+00
 2.49995e+00
 2.49980e+00
 2.49866e+00
 2.49428e+00
 2.47458e+00
 2.41182e+00
 2.27003e+00
 2.10607e+00
 1.97622e+00
 1.86393e+00
 2.50000e+00
 2.50000e+00
 2.50000e+00
 2.49999e+00
 2.49996e+00
 2.49987e+00
 2.49924e+00
 2.49740e+00
 2.48598e+00
 2.45593e+00
 2.36442e+00
 2.22013e+00
 2.05129e+00
 1.92439e+00
 1.84704e+00
 2.50000e+00
 2.49999e+00
 2.49999e+00
 2.49995e+00
 2.49987e+00
 2.49938e+00
 2.49814e+00
 2.49127e+00
 2.47486e+00
 2.41529e+00
 2.30347e+00
 2.14340e+00
 1.99617e+00
 1.88223e+00
 1.83615e+00
 2.49998e+00
 2.49996e+00
 2.49991e+00
 2.49980e+00
 2.49924e+00
 2.49814e+00
 2.49268e+00
 2.48053e+00
 2.43903e+00
 2.36206e+00
 2.23131e+00
 2.06195e+00
 1.91747e+00
 1.83953e+00
 1.85147e+00
 2.49983e+00
 2.49976e+00
 2.49950e+00
 2.49866e+00
 2.49740e+00
 2.49127e+00
 2.48053e+00
 2.44788e+00
 2.38794e+00
 2.26575e+00
 2.11711e+00
 1.99314e+00
 1.87658e+00
 1.82869e+00
 1.89933e+00
 2.49872e+00
 2.49819e+00
 2.49707e+00
 2.49428e+00
 2.48597e+00
 2.47486e+00
 2.43902e+00
 2.38794e+00
 2.28565e+00
 2.15141e+00
 2.01952e+00
 1.90863e+00
 1.83799e+00
 1.85131e+00
 1.99158e+00
 2.49189e+00
 2.48990e+00
 2.48437e+00
 2.47458e+00
 2.45593e+00
 2.41528e+00
 2.36206e+00
 2.26575e+00
 2.15142e+00
 2.02448e+00
 1.92480e+00
 1.83556e+00
 1.80656e+00
 1.90089e+00
 2.12045e+00
 2.46112e+00
 2.45425e+00
 2.43748e+00
 2.41182e+00
 2.36442e+00
 2.30348e+00
 2.23133e+00
 2.11710e+00
 2.01955e+00
 1.92481e+00
 1.83656e+00
 1.77973e+00
 1.81996e+00
 2.00728e+00
 2.27304e+00
 2.35883e+00
 2.34806e+00
 2.31790e+00
 2.27004e+00
 2.22016e+00
 2.14346e+00
 2.06202e+00
 1.99328e+00
 1.90864e+00
 1.83565e+00
 1.77972e+00
 1.79425e+00
 1.93879e+00
 2.18888e+00
 2.41194e+00
 2.18646e+00
 2.17253e+00
 2.14931e+00
 2.10615e+00
 2.05135e+00
 1.99630e+00
 1.91746e+00
 1.87683e+00
 1.83812e+00
 1.80652e+00
 1.81986e+00
 1.93879e+00
 2.15814e+00
 2.37692e+00
 2.45667e+00
 2.01519e+00
 1.99043e+00
 1.98471e+00
 1.97643e+00
 1.92439e+00
 1.88230e+00
 1.83935e+00
 1.82852e+00
 1.85123e+00
 1.90087e+00
 2.00755e+00
 2.18920e+00
 2.37704e+00
 2.45466e+00
 2.36954e+00
 1.89144e+00
 1.86458e+00
 1.86584e+00
 1.86416e+00
 1.84730e+00
 1.83609e+00
 1.85107e+00
 1.89890e+00
 1.99127e+00
 2.12066e+00
 2.27376e+00
 2.41241e+00
 2.45678e+00
 2.36956e+00
 2.21624e+00
 2.50000e+00
 2.50000e+00
 2.50000e+00
 2.50000e+00
 2.50000e+00
 2.49999e+00
 2.49993e+00
 2.49966e+00
 2.49772e+00
 2.48764e+00
 2.44298e+00
 2.33787e+00
 2.16562e+00
 1.98294e+00
 1.85265e+00
 2.50000e+00
 2.50000e+00
 2.50000e+00
 2.50000e+00
 2.50000e+00
 2.49999e+00
 2.49991e+00
 2.49950e+00
 2.49707e+00
 2.48437e+00
 2.43748e+00
 2.31790e+00
 2.14927e+00
 1.98462e+00
 1.86577e+00
 2.50000e+00
 2.50000e+00
 2.50000e+00
 2.50000e+00
 2.49999e+00
 2.49997e+00
 2.49982e+00
 2.49907e+00
 2.49548e+00
 2.47730e+00
 2.42199e+00
 2.28382e+00
 2.13591e+00
 1.98874e+00
 1.86230e+00
 2.50000e+00
 2.50000e+00
 2.50000e+00
 2.50000e+00
 2.49998e+00
 2.49992e+00
 2.49961e+00
 2.49797e+00
 2.49114e+00
 2.46632e+00
 2.38659e+00
 2.24525e+00
 2.07133e+00
 1.93866e+00
 1.86018e+00
 2.50000e+00
 2.50000e+00
 2.49999e+00
 2.49998e+00
 2.49993e+00
 2.49975e+00
 2.49880e+00
 2.49581e+00
 2.48163e+00
 2.44225e+00
 2.34572e+00
 2.19558e+00
 2.02391e+00
 1.89958e+00
 1.85052e+00
 2.49999e+00
 2.49999e+00
 2.49997e+00
 2.49992e+00
 2.49975e+00
 2.49899e+00
 2.49713e+00
 2.48752e+00
 2.46785e+00
 2.39727e+00
 2.27747e+00
 2.10828e+00
 1.97589e+00
 1.86968e+00
 1.83229e+00
 2.49993e+00
 2.49991e+00
 2.49982e+00
 2.49961e+00
 2.49880e+00
 2.49713e+00
 2.48925e+00
 2.47655e+00
 2.42139e+00
 2.33955e+00
 2.19999e+00
 2.03228e+00
 1.90049e+00
 1.82869e+00
 1.85108e+00
 2.49966e+00
 2.49950e+00
 2.49907e+00
 2.49797e+00
 2.49581e+00
 2.48752e+00
 2.47655e+00
 2.42893e+00
 2.36795e+00
 2.24162e+00
 2.09307e+00
 1.95827e+00
 1.85111e+00
 1.81048e+00
 1.89602e+00
 2.49772e+00
 2.49707e+00
 2.49548e+00
 2.49114e+00
 2.48163e+00
 2.46785e+00
 2.42139e+00
 2.36795e+00
 2.25904e+00
 2.13565e+00
 2.00299e+00
 1.87671e+00
 1.80487e+00
 1.82922e+00
 1.99440e+00
 2.48764e+00
 2.48438e+00
 2.47730e+00
 2.46632e+00
 2.44225e+00
 2.39727e+00
 2.33955e+00
 2.24162e+00
 2.13567e+00
 2.01573e+00
 1.89706e+00
 1.81156e+00
 1.80654e+00
 1.92122e+00
 2.15338e+00
 2.44298e+00
 2.43748e+00
 2.42199e+00
 2.38658e+00
 2.34572e+00
 2.27747e+00
 2.20002e+00
 2.09310e+00
 2.00311e+00
 1.89709e+00
 1.81507e+00
 1.80082e+00
 1.88909e+00
 2.09093e+00
 2.34046e+00
 2.33787e+00
 2.31789e+00
 2.28382e+00
 2.24526e+00
 2.19559e+00
 2.10834e+00
 2.03235e+00
 1.95844e+00
 1.87679e+00
 1.81161e+00
 1.80078e+00
 1.87887e+00
 2.05921e+00
 2.29898e+00
 2.47456e+00
 2.16565e+00
 2.14930e+00
 2.13595e+00
 2.07138e+00
 2.02399e+00
 1.97600e+00
 1.90051e+00
 1.85126e+00
 1.80486e+00
 1.80646e+00
 1.88898e+00
 2.05916e+00
 2.28425e+00
 2.46460e+00
 2.48277e+00
 1.98299e+00
 1.98473e+00
 1.98881e+00
 1.93878e+00
 1.89958e+00
 1.86974e+00
 1.82872e+00
 1.81037e+00
 1.82897e+00
 1.92100e+00
 2.09083e+00
 2.29894e+00
 2.46456e+00
 2.48869e+00
 2.36000e+00
 1.85280e+00
 1.86593e+00
 1.86236e+00
 1.86043e+00
 1.85051e+00
 1.83199e+00
 1.85091e+00
 1.89581e+00
 1.99403e+00
 2.15311e+00
 2.34033e+00
 2.47448e+00
 2.48270e+00
 2.36000e+00
 2.19808e+00
 2.50000e+00
 2.50000e+00
 2.50000e+00
 2.50000e+00
 2.50000e+00
 2.49997e+00
 2.49987e+00
 2.49892e+00
 2.49559e+00
 2.47734e+00
 2.42280e+00
 2.28081e+00
 2.11754e+00
 1.97291e+00
 1.85938e+00
 2.50000e+00
 2.50000e+00
 2.50000e+00
 2.50000e+00
 2.49999e+00
 2.49995e+00
 2.49980e+00
 2.49866e+00
 2.49428e+00
 2.47458e+00
 2.41182e+00
 2.27003e+00
 2.10609e+00
 1.97634e+00
 1.86407e+00
 2.50000e+00
 2.50000e+00
 2.50000e+00
 2.50000e+00
 2.49998e+00
 2.49992e+00
 2.49961e+00
 2.49797e+00
 2.49114e+00
 2.46632e+00
 2.38658e+00
 2.24525e+00
 2.07133e+00
 1.93871e+00
 1.86033e+00
 2.50000e+00
 2.50000e+00
 2.50000e+00
 2.49999e+00
 2.49995e+00
 2.49980e+00
 2.49915e+00
 2.49615e+00
 2.48491e+00
 2.45077e+00
 2.35493e+00
 2.20590e+00
 2.03046e+00
 1.90461e+00
 1.85773e+00
 2.50000e+00
 2.49999e+00
 2.49998e+00
 2.49995e+00
 2.49983e+00
 2.49942e+00
 2.49788e+00
 2.49223e+00
 2.47303e+00
 2.41768e+00
 2.30936e+00
 2.14307e+00
 1.98126e+00
 1.87240e+00
 1.83794e+00
 2.49997e+00
 2.49995e+00
 2.49992e+00
 2.49980e+00
 2.49942e+00
 2.49826e+00
 2.49465e+00
 2.48133e+00
 2.45050e+00
 2.36912e+00
 2.24217e+00
 2.06834e+00
 1.94391e+00
 1.84533e+00
 1.81322e+00
 2.49987e+00
 2.49980e+00
 2.49961e+00
 2.49915e+00
 2.49788e+00
 2.49465e+00
 2.48359e+00
 2.46297e+00
 2.39638e+00
 2.30639e+00
 2.15182e+00
 1.99701e+00
 1.88008e+00
 1.80852e+00
 1.83244e+00
 2.49892e+00
 2.49866e+00
 2.49797e+00
 2.49615e+00
 2.49223e+00
 2.48133e+00
 2.46297e+00
 2.40562e+00
 2.34336e+00
 2.20065e+00
 2.04703e+00
 1.92055e+00
 1.82144e+00
 1.78315e+00
 1.88334e+00
 2.49559e+00
 2.49428e+00
 2.49114e+00
 2.48491e+00
 2.47303e+00
 2.45050e+00
 2.39637e+00
 2.34337e+00
 2.21746e+00
 2.08455e+00
 1.96221e+00
 1.85052e+00
 1.78036e+00
 1.80789e+00
 1.99336e+00
 2.47734e+00
 2.47458e+00
 2.46632e+00
 2.45077e+00
 2.41768e+00
 2.36912e+00
 2.30640e+00
 2.20068e+00
 2.08458e+00
 1.98208e+00
 1.87217e+00
 1.79808e+00
 1.80536e+00
 1.93740e+00
 2.18360e+00
 2.42280e+00
 2.41182e+00
 2.38659e+00
 2.35493e+00
 2.30937e+00
 2.24217e+00
 2.15186e+00
 2.04707e+00
 1.96232e+00
 1.87223e+00
 1.80350e+00
 1.81124e+00
 1.92443e+00
 2.14108e+00
 2.37864e+00
 2.28084e+00
 2.27004e+00
 2.24526e+00
 2.20592e+00
 2.14309e+00
 2.06842e+00
 1.99707e+00
 1.92066e+00
 1.85058e+00
 1.79812e+00
 1.81120e+00
 1.92284e+00
 2.12672e+00
 2.36168e+00
 2.49731e+00
 2.11754e+00
 2.10613e+00
 2.07139e+00
 2.03053e+00
 1.98130e+00
 1.94406e+00
 1.88012e+00
 1.82153e+00
 1.78034e+00
 1.80528e+00
 1.92423e+00
 2.12653e+00
 2.35637e+00
 2.50376e+00
 2.47123e+00
 1.97285e+00
 1.97630e+00
 1.93873e+00
 1.90471e+00
 1.87239e+00
 1.84546e+00
 1.80865e+00
 1.78321e+00
 1.80781e+00
 1.93712e+00
 2.14062e+00
 2.36124e+00
 2.50356e+00
 2.48358e+00
 2.32804e+00
 1.85946e+00
 1.86401e+00
 1.86026e+00
 1.85779e+00
 1.83780e+00
 1.81312e+00
 1.83254e+00
 1.88341e+00
 1.99331e+00
 2.18312e+00
 2.37801e+00
 2.49681e+00
 2.47104e+00
 2.32802e+00
 2.16985e+00
 2.50000e+00
 2.50000e+00
 2.50000e+00
 2.50000e+00
 2.49997e+00
 2.49990e+00
 2.49944e+00
 2.49789e+00
 2.48796e+00
 2.46181e+00
 2.37235e+00
 2.24086e+00
 2.06914e+00
 1.92812e+00
 1.84522e+00
 2.50000e+00
 2.50000e+00
 2.50000e+00
 2.49999e+00
 2.49996e+00
 2.49987e+00
 2.49924e+00
 2.49740e+00
 2.48597e+00
 2.45593e+00
 2.36442e+00
 2.22015e+00
 2.05130e+00
 1.92435e+00
 1.84724e+00
 2.50000e+00
 2.50000e+00
 2.49999e+00
 2.49998e+00
 2.49993e+00
 2.49975e+00
 2.49880e+00
 2.49581e+00
 2.48163e+00
 2.44225e+00
 2.34572e+00
 2.19557e+00
 2.02393e+00
 1.89952e+00
 1.85047e+00
 2.50000e+00
 2.49999e+00
 2.49998e+00
 2.49995e+00
 2.49983e+00
 2.49942e+00
 2.49788e+00
 2.49223e+00
 2.47303e+00
 2.41768e+00
 2.30936e+00
 2.14307e+00
 1.98124e+00
 1.87234e+00
 1.83780e+00
 2.49997e+00
 2.49996e+00
 2.49993e+00
 2.49983e+00
 2.49954e+00
 2.49859e+00
 2.49541e+00
 2.48482e+00
 2.45461e+00
 2.38144e+00
 2.25907e+00
 2.09634e+00
 1.95416e+00
 1.84401e+00
 1.80355e+00
 2.49990e+00
 2.49987e+00
 2.49975e+00
 2.49942e+00
 2.49859e+00
 2.49606e+00
 2.48866e+00
 2.47022e+00
 2.42151e+00
 2.33001e+00
 2.18604e+00
 2.02858e+00
 1.90388e+00
 1.82258e+00
 1.82557e+00
 2.49944e+00
 2.49924e+00
 2.49880e+00
 2.49788e+00
 2.49541e+00
 2.48866e+00
 2.47486e+00
 2.43854e+00
 2.36321e+00
 2.24633e+00
 2.09363e+00
 1.96312e+00
 1.84407e+00
 1.78482e+00
 1.85054e+00
 2.49789e+00
 2.49740e+00
 2.49581e+00
 2.49223e+00
 2.48482e+00
 2.47022e+00
 2.43854e+00
 2.37342e+00
 2.28101e+00
 2.14145e+00
 1.99682e+00
 1.88141e+00
 1.79902e+00
 1.79506e+00
 1.93653e+00
 2.48797e+00
 2.48598e+00
 2.48163e+00
 2.47303e+00
 2.45461e+00
 2.42152e+00
 2.36321e+00
 2.28102e+00
 2.15561e+00
 2.03179e+00
 1.92267e+00
 1.82182e+00
 1.77421e+00
 1.84889e+00
 2.07207e+00
 2.46181e+00
 2.45593e+00
 2.44225e+00
 2.41768e+00
 2.38144e+00
 2.33001e+00
 2.24634e+00
 2.14147e+00
 2.03181e+00
 1.94323e+00
 1.85049e+00
 1.78167e+00
 1.80547e+00
 1.97663e+00
 2.24294e+00
 2.37236e+00
 2.36442e+00
 2.34572e+00
 2.30936e+00
 2.25908e+00
 2.18605e+00
 2.09367e+00
 1.99685e+00
 1.92279e+00
 1.85057e+00
 1.79419e+00
 1.81011e+00
 1.94837e+00
 2.19005e+00
 2.41539e+00
 2.24084e+00
 2.22015e+00
 2.19560e+00
 2.14310e+00
 2.09639e+00
 2.02862e+00
 1.96316e+00
 1.88145e+00
 1.82194e+00
 1.78177e+00
 1.81012e+00
 1.94787e+00
 2.17554e+00
 2.40194e+00
 2.49240e+00
 2.06917e+00
 2.05135e+00
 2.02398e+00
 1.98133e+00
 1.95424e+00
 1.90399e+00
 1.84415e+00
 1.79909e+00
 1.77417e+00
 1.80540e+00
 1.94820e+00
 2.17534e+00
 2.39991e+00
 2.50639e+00
 2.42992e+00
 1.92819e+00
 1.92445e+00
 1.89966e+00
 1.87246e+00
 1.84408e+00
 1.82272e+00
 1.78488e+00
 1.79516e+00
 1.84887e+00
 1.97651e+00
 2.18968e+00
 2.40153e+00
 2.50620e+00
 2.44374e+00
 2.27714e+00
 1.84518e+00
 1.84709e+00
 1.85057e+00
 1.83795e+00
 1.80355e+00
 1.82568e+00
 1.85057e+00
 1.93673e+00
 2.07230e+00
 2.24293e+00
 2.41498e+00
 2.49203e+00
 2.42978e+00
 2.27713e+00
 2.13578e+00
 2.50000e+00
 2.50000e+00
 2.49999e+00
 2.49997e+00
 2.49990e+00
 2.49955e+00
 2.49839e+00
 2.49307e+00
 2.47805e+00
 2.42209e+00
 2.32091e+00
 2.14957e+00
 1.99610e+00
 1.88594e+00
 1.84445e+00
 2.50000e+00
 2.49999e+00
 2.49999e+00
 2.49995e+00
 2.49987e+00
 2.49938e+00
 2.49814e+00
 2.49127e+00
 2.47486e+00
 2.41528e+00
 2.30347e+00
 2.14342e+00
 1.99623e+00
 1.88223e+00
 1.83606e+00
 2.49999e+00
 2.49999e+00
 2.49997e+00
 2.49992e+00
 2.49975e+00
 2.49899e+00
 2.49713e+00
 2.48752e+00
 2.46785e+00
 2.39727e+00
 2.27746e+00
 2.10830e+00
 1.97595e+00
 1.86967e+00
 1.83199e+00
 2.49997e+00
 2.49995e+00
 2.49992e+00
 2.49980e+00
 2.49942e+00
 2.49826e+00
 2.49465e+00
 2.48133e+00
 2.45050e+00
 2.36912e+00
 2.24216e+00
 2.06836e+00
 1.94398e+00
 1.84538e+00
 1.81313e+00
 2.49990e+00
 2.49987e+00
 2.49975e+00
 2.49942e+00
 2.49859e+00
 2.49606e+00
 2.48866e+00
 2.47022e+00
 2.42152e+00
 2.33001e+00
 2.18603e+00
 2.02857e+00
 1.90393e+00
 1.82267e+00
 1.82568e+00
 2.49955e+00
 2.49938e+00
 2.49899e+00
 2.49826e+00
 2.49606e+00
 2.49081e+00
 2.47761e+00
 2.44593e+00
 2.37283e+00
 2.26511e+00
 2.11330e+00
 1.98324e+00
 1.86041e+00
 1.79940e+00
 1.85972e+00
 2.49839e+00
 2.49814e+00
 2.49713e+00
 2.49465e+00
 2.48866e+00
 2.47761e+00
 2.45135e+00
 2.39419e+00
 2.31051e+00
 2.17763e+00
 2.03845e+00
 1.92451e+00
 1.83617e+00
 1.82259e+00
 1.94380e+00
 2.49307e+00
 2.49127e+00
 2.48752e+00
 2.48133e+00
 2.47022e+00
 2.44593e+00
 2.39419e+00
 2.33070e+00
 2.21077e+00
 2.07568e+00
 1.94939e+00
 1.83894e+00
 1.78784e+00
 1.85021e+00
 2.05251e+00
 2.47805e+00
 2.47486e+00
 2.46785e+00
 2.45050e+00
 2.42151e+00
 2.37283e+00
 2.31051e+00
 2.21078e+00
 2.08993e+00
 1.96849e+00
 1.85854e+00
 1.77787e+00
 1.78119e+00
 1.92754e+00
 2.18957e+00
 2.42210e+00
 2.41529e+00
 2.39728e+00
 2.36913e+00
 2.33001e+00
 2.26512e+00
 2.17765e+00
 2.07570e+00
 1.96851e+00
 1.86276e+00
 1.78360e+00
 1.76477e+00
 1.85797e+00
 2.08567e+00
 2.35093e+00
 2.32090e+00
 2.30348e+00
 2.27748e+00
 2.24218e+00
 2.18606e+00
 2.11333e+00
 2.03850e+00
 1.94942e+00
 1.85857e+00
 1.78359e+00
 1.76236e+00
 1.83831e+00
 2.03197e+00
 2.29051e+00
 2.46808e+00
 2.14960e+00
 2.14344e+00
 2.10833e+00
 2.06841e+00
 2.02863e+00
 1.98330e+00
 1.92456e+00
 1.83893e+00
 1.77788e+00
 1.76475e+00
 1.83825e+00
 2.01985e+00
 2.26662e+00
 2.46101e+00
 2.47782e+00
 1.99610e+00
 1.99625e+00
 1.97595e+00
 1.94398e+00
 1.90394e+00
 1.86051e+00
 1.83624e+00
 1.78776e+00
 1.78112e+00
 1.85790e+00
 2.03182e+00
 2.26647e+00
 2.45921e+00
 2.49652e+00
 2.36751e+00
 1.88586e+00
 1.88232e+00
 1.86976e+00
 1.84540e+00
 1.82262e+00
 1.79944e+00
 1.82261e+00
 1.85009e+00
 1.92756e+00
 2.08572e+00
 2.29036e+00
 2.46076e+00
 2.49642e+00
 2.38294e+00
 2.21557e+00
 1.84411e+00
 1.83619e+00
 1.83231e+00
 1.81322e+00
 1.82557e+00
 1.85964e+00
 1.94376e+00
 2.05252e+00
 2.18988e+00
 2.35113e+00
 2.46798e+00
 2.47763e+00
 2.36746e+00
 2.21557e+00
 2.09914e+00
 2.49999e+00
 2.49998e+00
 2.49993e+00
 2.49987e+00
 2.49944e+00
 2.49839e+00
 2.49458e+00
 2.48245e+00
 2.44721e+00
 2.37162e+00
 2.24503e+00
 2.08198e+00
 1.95606e+00
 1.85264e+00
 1.81588e+00
 2.49998e+00
 2.49996e+00
 2.49991e+00
 2.49980e+00
 2.49924e+00
 2.49814e+00
 2.49268e+00
 2.48053e+00
 2.43902e+00
 2.36206e+00
 2.23132e+00
 2.06198e+00
 1.91743e+00
 1.83931e+00
 1.85110e+00
 2.49993e+00
 2.49991e+00
 2.49982e+00
 2.49961e+00
 2.49880e+00
 2.49713e+00
 2.48925e+00
 2.47655e+00
 2.42139e+00
 2.33955e+00
 2.20001e+00
 2.03230e+00
 1.90046e+00
 1.82868e+00
 1.85095e+00
 2.49987e+00
 2.49980e+00
 2.49961e+00
 2.49915e+00
 2.49788e+00
 2.49465e+00
 2.48359e+00
 2.46297e+00
 2.39637e+00
 2.30639e+00
 2.15184e+00
 1.99702e+00
 1.88008e+00
 1.80861e+00
 1.83256e+00
 2.49944e+00
 2.49924e+00
 2.49880e+00
 2.49788e+00
 2.49541e+00
 2.48866e+00
 2.47486e+00
 2.43854e+00
 2.36321e+00
 2.24634e+00
 2.09364e+00
 1.96312e+00
 1.84407e+00
 1.78486e+00
 1.85064e+00
 2.49839e+00
 2.49814e+00
 2.49713e+00
 2.49465e+00
 2.48866e+00
 2.47761e+00
 2.45135e+00
 2.39419e+00
 2.31051e+00
 2.17764e+00
 2.03846e+00
 1.92451e+00
 1.83617e+00
 1.82259e+00
 1.94388e+00
 2.49458e+00
 2.49268e+00
 2.48925e+00
 2.48359e+00
 2.47486e+00
 2.45135e+00
 2.40990e+00
 2.34094e+00
 2.23001e+00
 2.08308e+00
 1.96384e+00
 1.85584e+00
 1.80792e+00
 1.86872e+00
 2.06221e+00
 2.48245e+00
 2.48053e+00
 2.47655e+00
 2.46297e+00
 2.43854e+00
 2.39419e+00
 2.34094e+00
 2.24703e+00
 2.11576e+00
 1.98635e+00
 1.88230e+00
 1.80429e+00
 1.80516e+00
 1.93868e+00
 2.18837e+00
 2.44722e+00
 2.43903e+00
 2.42139e+00
 2.39638e+00
 2.36321e+00
 2.31051e+00
 2.23002e+00
 2.11576e+00
 2.00273e+00
 1.90095e+00
 1.80475e+00
 1.76279e+00
 1.83756e+00
 2.05283e+00
 2.32756e+00
 2.37162e+00
 2.36206e+00
 2.33956e+00
 2.30639e+00
 2.24634e+00
 2.17766e+00
 2.08310e+00
 1.98639e+00
 1.90099e+00
 1.81082e+00
 1.74759e+00
 1.77778e+00
 1.94561e+00
 2.21474e+00
 2.44437e+00
 2.24505e+00
 2.23133e+00
 2.20001e+00
 2.15185e+00
 2.09367e+00
 2.03850e+00
 1.96387e+00
 1.88232e+00
 1.80476e+00
 1.74758e+00
 1.76357e+00
 1.90021e+00
 2.14395e+00
 2.39286e+00
 2.49297e+00
 2.08194e+00
 2.06200e+00
 2.03234e+00
 1.99707e+00
 1.96318e+00
 1.92457e+00
 1.85589e+00
 1.80429e+00
 1.76269e+00
 1.77767e+00
 1.90014e+00
 2.12296e+00
 2.36535e+00
 2.49383e+00
 2.42930e+00
 1.95605e+00
 1.91755e+00
 1.90057e+00
 1.88014e+00
 1.84414e+00
 1.83624e+00
 1.80794e+00
 1.80509e+00
 1.83741e+00
 1.94551e+00
 2.14383e+00
 2.36525e+00
 2.49504e+00
 2.45262e+00
 2.29156e+00
 1.85264e+00
 1.83961e+00
 1.82876e+00
 1.80855e+00
 1.78484e+00
 1.82261e+00
 1.86865e+00
 1.93856e+00
 2.05284e+00
 2.21484e+00
 2.39280e+00
 2.49370e+00
 2.45257e+00
 2.30427e+00
 2.15498e+00
 1.81598e+00
 1.85144e+00
 1.85103e+00
 1.83241e+00
 1.85048e+00
 1.94367e+00
 2.06200e+00
 2.18831e+00
 2.32777e+00
 2.44458e+00
 2.49293e+00
 2.42924e+00
 2.29155e+00
 2.15499e+00
 2.06865e+00
 2.49989e+00
 2.49983e+00
 2.49966e+00
 2.49892e+00
 2.49789e+00
 2.49307e+00
 2.48245e+00
 2.45738e+00
 2.39088e+00
 2.28395e+00
 2.13701e+00
 2.01484e+00
 1.90604e+00
 1.83197e+00
 1.85191e+00
 2.49983e+00
 2.49976e+00
 2.49950e+00
 2.49866e+00
 2.49740e+00
 2.49127e+00
 2.48053e+00
 2.44788e+00
 2.38794e+00
 2.26575e+00
 2.11709e+00
 1.99323e+00
 1.87673e+00
 1.82849e+00
 1.89897e+00
 2.49966e+00
 2.49950e+00
 2.49907e+00
 2.49797e+00
 2.49581e+00
 2.48752e+00
 2.47655e+00
 2.42893e+00
 2.36795e+00
 2.24161e+00
 2.09308e+00
 1.95838e+00
 1.85120e+00
 1.81037e+00
 1.89588e+00
 2.49892e+00
 2.49866e+00
 2.49797e+00
 2.49615e+00
 2.49223e+00
 2.48133e+00
 2.46297e+00
 2.40562e+00
 2.34337e+00
 2.20067e+00
 2.04705e+00
 1.92061e+00
 1.82149e+00
 1.78321e+00
 1.88347e+00
 2.49789e+00
 2.49740e+00
 2.49581e+00
 2.49223e+00
 2.48482e+00
 2.47022e+00
 2.43854e+00
 2.37342e+00
 2.28101e+00
 2.14146e+00
 1.99683e+00
 1.88141e+00
 1.79905e+00
 1.79516e+00
 1.93683e+00
 2.49307e+00
 2.49127e+00
 2.48752e+00
 2.48133e+00
 2.47022e+00
 2.44593e+00
 2.39419e+00
 2.33070e+00
 2.21078e+00
 2.07569e+00
 1.94939e+00
 1.83890e+00
 1.78776e+00
 1.85016e+00
 2.05269e+00
 2.48245e+00
 2.48053e+00
 2.47655e+00
 2.46297e+00
 2.43854e+00
 2.39419e+00
 2.34094e+00
 2.24702e+00
 2.11576e+00
 1.98636e+00
 1.88229e+00
 1.80426e+00
 1.80511e+00
 1.93867e+00
 2.18850e+00
 2.45738e+00
 2.44788e+00
 2.42893e+00
 2.40562e+00
 2.37342e+00
 2.33070e+00
 2.24702e+00
 2.14013e+00
 2.02861e+00
 1.91276e+00
 1.81432e+00
 1.77202e+00
 1.84313e+00
 2.05342e+00
 2.32830e+00
 2.39088e+00
 2.38794e+00
 2.36795e+00
 2.34336e+00
 2.28101e+00
 2.21078e+00
 2.11577e+00
 2.02862e+00
 1.92986e+00
 1.83132e+00
 1.75653e+00
 1.76735e+00
 1.92297e+00
 2.19289e+00
 2.44079e+00
 2.28398e+00
 2.26576e+00
 2.24163e+00
 2.20067e+00
 2.14148e+00
 2.07570e+00
 1.98638e+00
 1.91281e+00
 1.83136e+00
 1.75791e+00
 1.73973e+00
 1.84193e+00
 2.07923e+00
 2.35425e+00
 2.50192e+00
 2.13702e+00
 2.11714e+00
 2.09310e+00
 2.04706e+00
 1.99687e+00
 1.94944e+00
 1.88234e+00
 1.81436e+00
 1.75655e+00
 1.73973e+00
 1.82143e+00
 2.02377e+00
 2.28809e+00
 2.47633e+00
 2.46824e+00
 2.01478e+00
 1.99320e+00
 1.95833e+00
 1.92061e+00
 1.88148e+00
 1.83900e+00
 1.80434e+00
 1.77203e+00
 1.76729e+00
 1.84187e+00
 2.02373e+00
 2.26708e+00
 2.46063e+00
 2.48824e+00
 2.35214e+00
 1.90597e+00
 1.87669e+00
 1.85118e+00
 1.82149e+00
 1.79908e+00
 1.78787e+00
 1.80515e+00
 1.84307e+00
 1.92290e+00
 2.07921e+00
 2.28804e+00
 2.46058e+00
 2.49395e+00
 2.37654e+00
 2.21027e+00
 1.83186e+00
 1.82874e+00
 1.81050e+00
 1.78315e+00
 1.79506e+00
 1.85015e+00
 1.93856e+00
 2.05329e+00
 2.19294e+00
 2.35435e+00
 2.47633e+00
 2.48819e+00
 2.37653e+00
 2.22216e+00
 2.10354e+00
 1.85177e+00
 1.89918e+00
 1.89592e+00
 1.88330e+00
 1.93642e+00
 2.05230e+00
 2.18813e+00
 2.32814e+00
 2.44090e+00
 2.50202e+00
 2.46826e+00
 2.35212e+00
 2.21028e+00
 2.10355e+00
 2.04379e+00
 2.49913e+00
 2.49872e+00
 2.49772e+00
 2.49559e+00
 2.48797e+00
 2.47805e+00
 2.44722e+00
 2.39088e+00
 2.30594e+00
 2.17474e+00
 2.02222e+00
 1.90644e+00
 1.83678e+00
 1.84087e+00
 1.96315e+00
 2.49872e+00
 2.49819e+00
 2.49707e+00
 2.49428e+00
 2.48598e+00
 2.47486e+00
 2.43903e+00
 2.38794e+00
 2.28565e+00
 2.15141e+00
 2.01952e+00
 1.90862e+00
 1.83808e+00
 1.85124e+00
 1.99140e+00
 2.49772e+00
 2.49707e+00
 2.49548e+00
 2.49114e+00
 2.48163e+00
 2.46785e+00
 2.42139e+00
 2.36795e+00
 2.25904e+00
 2.13566e+00
 2.00307e+00
 1.87675e+00
 1.80484e+00
 1.82900e+00
 1.99412e+00
 2.49559e+00
 2.49428e+00
 2.49114e+00
 2.48491e+00
 2.47303e+00
 2.45050e+00
 2.39638e+00
 2.34336e+00
 2.21746e+00
 2.08457e+00
 1.96228e+00
 1.85055e+00
 1.78032e+00
 1.80782e+00
 1.99335e+00
 2.48796e+00
 2.48597e+00
 2.48163e+00
 2.47303e+00
 2.45461e+00
 2.42151e+00
 2.36321e+00
 2.28101e+00
 2.15561e+00
 2.03180e+00
 1.92275e+00
 1.82189e+00
 1.77417e+00
 1.84890e+00
 2.07238e+00
 2.47805e+00
 2.47486e+00
 2.46785e+00
 2.45050e+00
 2.42152e+00
 2.37283e+00
 2.31051e+00
 2.21078e+00
 2.08993e+00
 1.96850e+00
 1.85855e+00
 1.77785e+00
 1.78113e+00
 1.92763e+00
 2.18997e+00
 2.44721e+00
 2.43902e+00
 2.42139e+00
 2.39638e+00
 2.36321e+00
 2.31051e+00
 2.23002e+00
 2.11577e+00
 2.00273e+00
 1.90096e+00
 1.80474e+00
 1.76270e+00
 1.83746e+00
 2.05292e+00
 2.32787e+00
 2.39088e+00
 2.38794e+00
 2.36795e+00
 2.34337e+00
 2.28102e+00
 2.21079e+00
 2.11577e+00
 2.02863e+00
 1.92987e+00
 1.83133e+00
 1.75653e+00
 1.76731e+00
 1.92295e+00
 2.19299e+00
 2.44094e+00
 2.30595e+00
 2.28565e+00
 2.25905e+00
 2.21747e+00
 2.15563e+00
 2.08994e+00
 2.00275e+00
 1.92989e+00
 1.84379e+00
 1.76429e+00
 1.74023e+00
 1.83201e+00
 2.06404e+00
 2.34450e+00
 2.50621e+00
 2.17474e+00
 2.15144e+00
 2.13567e+00
 2.08457e+00
 2.03183e+00
 1.96851e+00
 1.90099e+00
 1.83135e+00
 1.76430e+00
 1.73490e+00
 1.79872e+00
 1.98458e+00
 2.25234e+00
 2.46623e+00
 2.48776e+00
 2.02226e+00
 2.01959e+00
 2.00303e+00
 1.96225e+00
 1.92273e+00
 1.85857e+00
 1.80480e+00
 1.75656e+00
 1.74024e+00
 1.79870e+00
 1.96309e+00
 2.20659e+00
 2.43028e+00
 2.50253e+00
 2.39079e+00
 1.90657e+00
 1.90871e+00
 1.87677e+00
 1.85058e+00
 1.82189e+00
 1.77791e+00
 1.76282e+00
 1.76734e+00
 1.83197e+00
 1.98452e+00
 2.20654e+00
 2.41770e+00
 2.50588e+00
 2.42287e+00
 2.25399e+00
 1.83682e+00
 1.83806e+00
 1.80491e+00
 1.78038e+00
 1.77423e+00
 1.78118e+00
 1.83750e+00
 1.92290e+00
 2.06398e+00
 2.25232e+00
 2.43023e+00
 2.50585e+00
 2.43521e+00
 2.27836e+00
 2.13801e+00
 1.84074e+00
 1.85128e+00
 1.82918e+00
 1.80786e+00
 1.84885e+00
 1.92743e+00
 2.05266e+00
 2.19278e+00
 2.34445e+00
 2.46626e+00
 2.50251e+00
 2.42286e+00
 2.27836e+00
 2.14548e+00
 2.06388e+00
 1.96310e+00
 1.99134e+00
 1.99423e+00
 1.99332e+00
 2.07195e+00
 2.18937e+00
 2.32736e+00
 2.44069e+00
 2.50618e+00
 2.48778e+00
 2.39079e+00
 2.25400e+00
 2.13801e+00
 2.06388e+00
 2.02659e+00
 2.49392e+00
 2.49189e+00
 2.48764e+00
 2.47734e+00
 2.46181e+00
 2.42210e+00
 2.37162e+00
 2.28397e+00
 2.17473e+00
 2.02191e+00
 1.90101e+00
 1.80986e+00
 1.78251e+00
 1.87598e+00
 2.09481e+00
 2.49189e+00
 2.48990e+00
 2.48438e+00
 2.47458e+00
 2.45593e+00
 2.41529e+00
 2.36206e+00
 2.26576e+00
 2.15142e+00
 2.02448e+00
 1.92480e+00
 1.83562e+00
 1.80653e+00
 1.90093e+00
 2.12077e+00
 2.48764e+00
 2.48437e+00
 2.47730e+00
 2.46632e+00
 2.44225e+00
 2.39727e+00
 2.33955e+00
 2.24162e+00
 2.13566e+00
 2.01573e+00
 1.89707e+00
 1.81158e+00
 1.80646e+00
 1.92108e+00
 2.15326e+00
 2.47734e+00
 2.47458e+00
 2.46632e+00
 2.45077e+00
 2.41768e+00
 2.36912e+00
 2.30639e+00
 2.20066e+00
 2.08456e+00
 1.98208e+00
 1.87220e+00
 1.79810e+00
 1.80528e+00
 1.93719e+00
 2.18326e+00
 2.46181e+00
 2.45593e+00
 2.44225e+00
 2.41768e+00
 2.38144e+00
 2.33001e+00
 2.24634e+00
 2.14146e+00
 2.03180e+00
 1.94323e+00
 1.85055e+00
 1.78174e+00
 1.80541e+00
 1.97655e+00
 2.24299e+00
 2.42209e+00
 2.41528e+00
 2.39727e+00
 2.36912e+00
 2.33001e+00
 2.26512e+00
 2.17765e+00
 2.07569e+00
 1.96850e+00
 1.86276e+00
 1.78359e+00
 1.76475e+00
 1.85794e+00
 2.08579e+00
 2.35118e+00
 2.37162e+00
 2.36206e+00
 2.33955e+00
 2.30640e+00
 2.24634e+00
 2.17766e+00
 2.08310e+00
 1.98638e+00
 1.90097e+00
 1.81082e+00
 1.74757e+00
 1.77768e+00
 1.94555e+00
 2.21489e+00
 2.44460e+00
 2.28396e+00
 2.26575e+00
 2.24163e+00
 2.20068e+00
 2.14149e+00
 2.07571e+00
 1.98639e+00
 1.91281e+00
 1.83135e+00
 1.75791e+00
 1.73972e+00
 1.84190e+00
 2.07924e+00
 2.35436e+00
 2.50202e+00
 2.17476e+00
 2.15144e+00
 2.13568e+00
 2.08458e+00
 2.03184e+00
 1.96852e+00
 1.90101e+00
 1.83136e+00
 1.76430e+00
 1.73490e+00
 1.79872e+00
 1.98458e+00
 2.25237e+00
 2.46627e+00
 2.48778e+00
 2.02194e+00
 2.02454e+00
 2.01575e+00
 1.98211e+00
 1.94327e+00
 1.86277e+00
 1.81086e+00
 1.75792e+00
 1.73490e+00
 1.78849e+00
 1.94809e+00
 2.19003e+00
 2.42111e+00
 2.50707e+00
 2.40417e+00
 1.90108e+00
 1.92488e+00
 1.89710e+00
 1.87223e+00
 1.85055e+00
 1.78362e+00
 1.74761e+00
 1.73973e+00
 1.79869e+00
 1.94805e+00
 2.17147e+00
 2.39676e+00
 2.50974e+00
 2.44594e+00
 2.27808e+00
 1.80999e+00
 1.83563e+00
 1.81163e+00
 1.79813e+00
 1.78170e+00
 1.76478e+00
 1.77775e+00
 1.84189e+00
 1.98450e+00
 2.18993e+00
 2.39670e+00
 2.51094e+00
 2.46871e+00
 2.31588e+00
 2.16255e+00
 1.78267e+00
 1.80657e+00
 1.80654e+00
 1.80534e+00
 1.80545e+00
 1.85789e+00
 1.94550e+00
 2.07915e+00
 2.25226e+00
 2.42102e+00
 2.50969e+00
 2.46869e+00
 2.32842e+00
 2.18044e+00
 2.08143e+00
 1.87585e+00
 1.90079e+00
 1.92106e+00
 1.93731e+00
 1.97657e+00
 2.08551e+00
 2.21457e+00
 2.35416e+00
 2.46619e+00
 2.50704e+00
 2.44593e+00
 2.31588e+00
 2.18045e+00
 2.08735e+00
 2.03674e+00
 2.09441e+00
 2.12022e+00
 2.15313e+00
 2.18348e+00
 2.24285e+00
 2.35078e+00
 2.44425e+00
 2.50186e+00
 2.48774e+00
 2.40416e+00
 2.27809e+00
 2.16255e+00
 2.08143e+00
 2.03674e+00
 2.01459e+00
 2.46551e+00
 2.46112e+00
 2.44298e+00
 2.42280e+00
 2.37235e+00
 2.32090e+00
 2.24504e+00
 2.13702e+00
 2.02223e+00
 1.90103e+00
 1.79183e+00
 1.73191e+00
 1.77243e+00
 1.96389e+00
 2.24248e+00
 2.46112e+00
 2.45425e+00
 2.43748e+00
 2.41182e+00
 2.36442e+00
 2.30348e+00
 2.23132e+00
 2.11713e+00
 2.01955e+00
 1.92481e+00
 1.83657e+00
 1.77972e+00
 1.81987e+00
 2.00755e+00
 2.27374e+00
 2.44298e+00
 2.43748e+00
 2.42199e+00
 2.38659e+00
 2.34572e+00
 2.27748e+00
 2.20001e+00
 2.09309e+00
 2.00303e+00
 1.89707e+00
 1.81507e+00
 1.80078e+00
 1.88903e+00
 2.09092e+00
 2.34045e+00
 2.42280e+00
 2.41182e+00
 2.38658e+00
 2.35493e+00
 2.30936e+00
 2.24218e+00
 2.15185e+00
 2.04705e+00
 1.96225e+00
 1.87219e+00
 1.80350e+00
 1.81120e+00
 1.92428e+00
 2.14076e+00
 2.37818e+00
 2.37235e+00
 2.36442e+00
 2.34572e+00
 2.30937e+00
 2.25909e+00
 2.18605e+00
 2.09366e+00
 1.99685e+00
 1.92272e+00
 1.85052e+00
 1.79419e+00
 1.81011e+00
 1.94823e+00
 2.18977e+00
 2.41508e+00
 2.32091e+00
 2.30348e+00
 2.27747e+00
 2.24217e+00
 2.18605e+00
 2.11333e+00
 2.03849e+00
 1.94942e+00
 1.85856e+00
 1.78360e+00
 1.76236e+00
 1.83827e+00
 2.03189e+00
 2.29044e+00
 2.46803e+00
 2.24504e+00
 2.23133e+00
 2.20003e+00
 2.15187e+00
 2.09368e+00
 2.03851e+00
 1.96387e+00
 1.88233e+00
 1.80477e+00
 1.74760e+00
 1.76357e+00
 1.90016e+00
 2.14389e+00
 2.39285e+00
 2.49296e+00
 2.13704e+00
 2.11713e+00
 2.09311e+00
 2.04708e+00
 1.99688e+00
 1.94943e+00
 1.88233e+00
 1.81436e+00
 1.75656e+00
 1.73973e+00
 1.82143e+00
 2.02375e+00
 2.28807e+00
 2.47634e+00
 2.46826e+00
 2.02227e+00
 2.01959e+00
 2.00312e+00
 1.96232e+00
 1.92281e+00
 1.85858e+00
 1.80479e+00
 1.75656e+00
 1.74024e+00
 1.79870e+00
 1.96309e+00
 2.20659e+00
 2.43028e+00
 2.50253e+00
 2.39080e+00
 1.90105e+00
 1.92487e+00
 1.89712e+00
 1.87226e+00
 1.85060e+00
 1.78361e+00
 1.74760e+00
 1.73973e+00
 1.79869e+00
 1.94805e+00
 2.17146e+00
 2.39676e+00
 2.50973e+00
 2.44594e+00
 2.27809e+00
 1.79189e+00
 1.83663e+00
 1.81513e+00
 1.80354e+00
 1.79421e+00
 1.76237e+00
 1.76355e+00
 1.82142e+00
 1.96304e+00
 2.17141e+00
 2.38653e+00
 2.51308e+00
 2.48086e+00
 2.32930e+00
 2.17177e+00
 1.73209e+00
 1.77976e+00
 1.80084e+00
 1.81123e+00
 1.81011e+00
 1.83824e+00
 1.90014e+00
 2.02373e+00
 2.20650e+00
 2.39666e+00
 2.51304e+00
 2.49274e+00
 2.35718e+00
 2.20062e+00
 2.09195e+00
 1.77260e+00
 1.81994e+00
 1.88894e+00
 1.92431e+00
 1.94835e+00
 2.03181e+00
 2.14381e+00
 2.28802e+00
 2.43021e+00
 2.50967e+00
 2.48083e+00
 2.35718e+00
 2.21275e+00
 2.10473e+00
 2.04480e+00
 1.96355e+00
 2.00721e+00
 2.09065e+00
 2.14087e+00
 2.19000e+00
 2.29036e+00
 2.39273e+00
 2.47627e+00
 2.50250e+00
 2.44593e+00
 2.32930e+00
 2.20063e+00
 2.10473e+00
 2.04733e+00
 2.01931e+00
 2.24171e+00
 2.27290e+00
 2.34020e+00
 2.37846e+00
 2.41533e+00
 2.46801e+00
 2.49292e+00
 2.46823e+00
 2.39079e+00
 2.27809e+00
 2.17177e+00
 2.09196e+00
 2.04480e+00
 2.01931e+00
 2.00756e+00
 2.37907e+00
 2.35883e+00
 2.33786e+00
 2.28084e+00
 2.24084e+00
 2.14959e+00
 2.08194e+00
 2.01477e+00
 1.90652e+00
 1.80995e+00
 1.73204e+00
 1.73305e+00
 1.87065e+00
 2.13240e+00
 2.38228e+00
 2.35882e+00
 2.34806e+00
 2.31789e+00
 2.27004e+00
 2.22015e+00
 2.14344e+00
 2.06199e+00
 1.99319e+00
 1.90866e+00
 1.83560e+00
 1.77973e+00
 1.79424e+00
 1.93878e+00
 2.18917e+00
 2.41237e+00
 2.33787e+00
 2.31790e+00
 2.28382e+00
 2.24526e+00
 2.19560e+00
 2.10833e+00
 2.03232e+00
 1.95833e+00
 1.87675e+00
 1.81159e+00
 1.80082e+00
 1.87887e+00
 2.05920e+00
 2.29900e+00
 2.47453e+00
 2.28082e+00
 2.27004e+00
 2.24526e+00
 2.20592e+00
 2.14310e+00
 2.06840e+00
 1.99705e+00
 1.92061e+00
 1.85055e+00
 1.79811e+00
 1.81125e+00
 1.92284e+00
 2.12658e+00
 2.36137e+00
 2.49692e+00
 2.24088e+00
 2.22017e+00
 2.19560e+00
 2.14310e+00
 2.09639e+00
 2.02863e+00
 1.96317e+00
 1.88145e+00
 1.82187e+00
 1.78170e+00
 1.81011e+00
 1.94786e+00
 2.17538e+00
 2.40162e+00
 2.49211e+00
 2.14960e+00
 2.14346e+00
 2.10835e+00
 2.06842e+00
 2.02863e+00
 1.98330e+00
 1.92456e+00
 1.83897e+00
 1.77789e+00
 1.76478e+00
 1.83830e+00
 2.01986e+00
 2.26653e+00
 2.46083e+00
 2.47768e+00
 2.08203e+00
 2.06203e+00
 2.03236e+00
 1.99708e+00
 1.96318e+00
 1.92457e+00
 1.85589e+00
 1.80432e+00
 1.76279e+00
 1.77776e+00
 1.90019e+00
 2.12296e+00
 2.36529e+00
 2.49373e+00
 2.42926e+00
 2.01489e+00
 1.99329e+00
 1.95844e+00
 1.92067e+00
 1.88148e+00
 1.83895e+00
 1.80431e+00
 1.77203e+00
 1.76733e+00
 1.84190e+00
 2.02375e+00
 2.26709e+00
 2.46060e+00
 2.48820e+00
 2.35213e+00
 1.90648e+00
 1.90870e+00
 1.87681e+00
 1.85061e+00
 1.82196e+00
 1.77789e+00
 1.76272e+00
 1.76729e+00
 1.83197e+00
 1.98452e+00
 2.20654e+00
 2.41770e+00
 2.50587e+00
 2.42287e+00
 2.25400e+00
 1.80991e+00
 1.83570e+00
 1.81165e+00
 1.79814e+00
 1.78177e+00
 1.76476e+00
 1.77766e+00
 1.84186e+00
 1.98451e+00
 2.18993e+00
 2.39670e+00
 2.51094e+00
 2.46871e+00
 2.31588e+00
 2.16255e+00
 1.73194e+00
 1.77975e+00
 1.80080e+00
 1.81119e+00
 1.81011e+00
 1.83820e+00
 1.90009e+00
 2.02371e+00
 2.20650e+00
 2.39666e+00
 2.51303e+00
 2.49274e+00
 2.35718e+00
 2.20062e+00
 2.09195e+00
 1.73304e+00
 1.79425e+00
 1.87874e+00
 1.92274e+00
 1.94787e+00
 2.01973e+00
 2.12287e+00
 2.26706e+00
 2.41764e+00
 2.51089e+00
 2.49272e+00
 2.37326e+00
 2.22435e+00
 2.11166e+00
 2.04749e+00
 1.87058e+00
 1.93877e+00
 2.05891e+00
 2.12650e+00
 2.17552e+00
 2.26650e+00
 2.36523e+00
 2.46059e+00
 2.50585e+00
 2.46869e+00
 2.35717e+00
 2.22435e+00
 2.11808e+00
 2.05423e+00
 2.02212e+00
 2.13198e+00
 2.18881e+00
 2.29868e+00
 2.36144e+00
 2.40187e+00
 2.46094e+00
 2.49376e+00
 2.48821e+00
 2.42286e+00
 2.31588e+00
 2.20062e+00
 2.11167e+00
 2.05423e+00
 2.02400e+00
 2.00934e+00
 2.38174e+00
 2.41185e+00
 2.47441e+00
 2.49718e+00
 2.49235e+00
 2.47780e+00
 2.42930e+00
 2.35214e+00
 2.25400e+00
 2.16255e+00
 2.09196e+00
 2.04749e+00
 2.02212e+00
 2.00934e+00
 2.00352e+00
 2.19522e+00
 2.18646e+00
 2.16564e+00
 2.11755e+00
 2.06916e+00
 1.99609e+00
 1.95604e+00
 1.90597e+00
 1.83679e+00
 1.78263e+00
 1.77260e+00
 1.87067e+00
 2.08886e+00
 2.33189e+00
 2.44271e+00
 2.18649e+00
 2.17253e+00
 2.14930e+00
 2.10613e+00
 2.05134e+00
 1.99624e+00
 1.91751e+00
 1.87668e+00
 1.83803e+00
 1.80655e+00
 1.81993e+00
 1.93878e+00
 2.15814e+00
 2.37703e+00
 2.45677e+00
 2.16566e+00
 2.14931e+00
 2.13595e+00
 2.07138e+00
 2.02397e+00
 1.97595e+00
 1.90054e+00
 1.85117e+00
 1.80489e+00
 1.80654e+00
 1.88905e+00
 2.05918e+00
 2.28425e+00
 2.46459e+00
 2.48272e+00
 2.11759e+00
 2.10615e+00
 2.07139e+00
 2.03053e+00
 1.98132e+00
 1.94399e+00
 1.88012e+00
 1.82149e+00
 1.78037e+00
 1.80536e+00
 1.92438e+00
 2.12666e+00
 2.35638e+00
 2.50361e+00
 2.47108e+00
 2.06920e+00
 2.05136e+00
 2.02400e+00
 1.98131e+00
 1.95424e+00
 1.90395e+00
 1.84414e+00
 1.79907e+00
 1.77422e+00
 1.80546e+00
 1.94833e+00
 2.17548e+00
 2.39991e+00
 2.50624e+00
 2.42981e+00
 1.99616e+00
 1.99631e+00
 1.97601e+00
 1.94406e+00
 1.90399e+00
 1.86051e+00
 1.83624e+00
 1.78785e+00
 1.78118e+00
 1.85794e+00
 2.03191e+00
 2.26658e+00
 2.45922e+00
 2.49644e+00
 2.36747e+00
 1.95611e+00
 1.91750e+00
 1.90054e+00
 1.88014e+00
 1.84415e+00
 1.83624e+00
 1.80794e+00
 1.80514e+00
 1.83752e+00
 1.94556e+00
 2.14390e+00
 2.36531e+00
 2.49504e+00
 2.45258e+00
 2.29155e+00
 1.90611e+00
 1.87684e+00
 1.85127e+00
 1.82154e+00
 1.79910e+00
 1.78778e+00
 1.80510e+00
 1.84307e+00
 1.92292e+00
 2.07920e+00
 2.28806e+00
 2.46061e+00
 2.49395e+00
 2.37653e+00
 2.21028e+00
 1.83682e+00
 1.83815e+00
 1.80488e+00
 1.78035e+00
 1.77419e+00
 1.78113e+00
 1.83739e+00
 1.92288e+00
 2.06398e+00
 2.25229e+00
 2.43024e+00
 2.50586e+00
 2.43521e+00
 2.27836e+00
 2.13801e+00
 1.78252e+00
 1.80655e+00
 1.80646e+00
 1.80527e+00
 1.80539e+00
 1.85786e+00
 1.94544e+00
 2.07917e+00
 2.25229e+00
 2.42102e+00
 2.50969e+00
 2.46870e+00
 2.32842e+00
 2.18045e+00
 2.08143e+00
 1.77240e+00
 1.81986e+00
 1.88888e+00
 1.92416e+00
 1.94822e+00
 2.03173e+00
 2.14375e+00
 2.28801e+00
 2.43021e+00
 2.50967e+00
 2.48083e+00
 2.35717e+00
 2.21275e+00
 2.10473e+00
 2.04480e+00
 1.87055e+00
 1.93878e+00
 2.05890e+00
 2.12636e+00
 2.17537e+00
 2.26639e+00
 2.36517e+00
 2.46056e+00
 2.50583e+00
 2.46868e+00
 2.35717e+00
 2.22435e+00
 2.11808e+00
 2.05423e+00
 2.02212e+00
 2.08872e+00
 2.15808e+00
 2.28396e+00
 2.35616e+00
 2.39989e+00
 2.45918e+00
 2.49500e+00
 2.49394e+00
 2.43520e+00
 2.32842e+00
 2.21275e+00
 2.11808e+00
 2.05847e+00
 2.02567e+00
 2.01012e+00
 2.33168e+00
 2.37683e+00
 2.46444e+00
 2.50363e+00
 2.50635e+00
 2.49651e+00
 2.45262e+00
 2.37654e+00
 2.27836e+00
 2.18045e+00
 2.10473e+00
 2.05423e+00
 2.02567e+00
 2.01080e+00
 2.00410e+00
 2.44257e+00
 2.45664e+00
 2.48274e+00
 2.47121e+00
 2.42992e+00
 2.36751e+00
 2.29157e+00
 2.21028e+00
 2.13801e+00
 2.08143e+00
 2.04480e+00
 2.02212e+00
 2.01012e+00
 2.00410e+00
 2.00157e+00
 2.04062e+00
 2.01519e+00
 1.98298e+00
 1.97286e+00
 1.92817e+00
 1.88587e+00
 1.85264e+00
 1.83186e+00
 1.84075e+00
 1.87586e+00
 1.96366e+00
 2.13213e+00
 2.33179e+00
 2.43583e+00
 2.37118e+00
 2.01525e+00
 1.99043e+00
 1.98472e+00
 1.97631e+00
 1.92443e+00
 1.88231e+00
 1.83956e+00
 1.82872e+00
 1.85130e+00
 1.90082e+00
 2.00727e+00
 2.18890e+00
 2.37692e+00
 2.45466e+00
 2.36956e+00
 1.98303e+00
 1.98472e+00
 1.98882e+00
 1.93874e+00
 1.89964e+00
 1.86975e+00
 1.82874e+00
 1.81049e+00
 1.82919e+00
 1.92114e+00
 2.09084e+00
 2.29892e+00
 2.46457e+00
 2.48869e+00
 2.36000e+00
 1.97301e+00
 1.97642e+00
 1.93878e+00
 1.90471e+00
 1.87245e+00
 1.84541e+00
 1.80855e+00
 1.78315e+00
 1.80787e+00
 1.93733e+00
 2.14094e+00
 2.36156e+00
 2.50371e+00
 2.48357e+00
 2.32802e+00
 1.92819e+00
 1.92441e+00
 1.89960e+00
 1.87240e+00
 1.84408e+00
 1.82263e+00
 1.78484e+00
 1.79506e+00
 1.84886e+00
 1.97659e+00
 2.18996e+00
 2.40184e+00
 2.50634e+00
 2.44374e+00
 2.27713e+00
 1.88601e+00
 1.88232e+00
 1.86975e+00
 1.84546e+00
 1.82271e+00
 1.79944e+00
 1.82260e+00
 1.85014e+00
 1.92748e+00
 2.08562e+00
 2.29043e+00
 2.46094e+00
 2.49649e+00
 2.38294e+00
 2.21557e+00
 1.85267e+00
 1.83939e+00
 1.82874e+00
 1.80864e+00
 1.78489e+00
 1.82261e+00
 1.86865e+00
 1.93857e+00
 2.05274e+00
 2.21469e+00
 2.39281e+00
 2.49379e+00
 2.45261e+00
 2.30426e+00
 2.15498e+00
 1.83200e+00
 1.82855e+00
 1.81039e+00
 1.78321e+00
 1.79516e+00
 1.85010e+00
 1.93854e+00
 2.05329e+00
 2.19284e+00
 2.35423e+00
 2.47631e+00
 2.48821e+00
 2.37653e+00
 2.22216e+00
 2.10354e+00
 1.84087e+00
 1.85121e+00
 1.82896e+00
 1.80780e+00
 1.84885e+00
 1.92752e+00
 2.05276e+00
 2.19289e+00
 2.34445e+00
 2.46622e+00
 2.50251e+00
 2.42286e+00
 2.27836e+00
 2.14548e+00
 2.06388e+00
 1.87589e+00
 1.90084e+00
 1.92092e+00
 1.93710e+00
 1.97650e+00
 2.08563e+00
 2.21472e+00
 2.35428e+00
 2.46623e+00
 2.50704e+00
 2.44592e+00
 2.31588e+00
 2.18044e+00
 2.08735e+00
 2.03674e+00
 1.96378e+00
 2.00748e+00
 2.09064e+00
 2.14054e+00
 2.18972e+00
 2.29029e+00
 2.39271e+00
 2.47629e+00
 2.50249e+00
 2.44592e+00
 2.32930e+00
 2.20062e+00
 2.10473e+00
 2.04733e+00
 2.01931e+00
 2.13228e+00
 2.18911e+00
 2.29870e+00
 2.36112e+00
 2.40156e+00
 2.46076e+00
 2.49367e+00
 2.48818e+00
 2.42286e+00
 2.31588e+00
 2.20063e+00
 2.11166e+00
 2.05423e+00
 2.02400e+00
 2.00934e+00
 2.33179e+00
 2.37694e+00
 2.46442e+00
 2.50347e+00
 2.50620e+00
 2.49643e+00
 2.45258e+00
 2.37654e+00
 2.27836e+00
 2.18045e+00
 2.10473e+00
 2.05423e+00
 2.02567e+00
 2.01080e+00
 2.00410e+00
 2.43580e+00
 2.45463e+00
 2.48867e+00
 2.48357e+00
 2.44375e+00
 2.38295e+00
 2.30428e+00
 2.22217e+00
 2.14548e+00
 2.08735e+00
 2.04733e+00
 2.02400e+00
 2.01080e+00
 2.00448e+00
 2.00168e+00
 2.37117e+00
 2.36956e+00
 2.36002e+00
 2.32806e+00
 2.27715e+00
 2.21558e+00
 2.15499e+00
 2.10355e+00
 2.06388e+00
 2.03674e+00
 2.01931e+00
 2.00934e+00
 2.00410e+00
 2.00168e+00
 2.00063e+00
 1.92382e+00
 1.89144e+00
 1.85278e+00
 1.85946e+00
 1.84518e+00
 1.84412e+00
 1.81597e+00
 1.85176e+00
 1.96308e+00
 2.09446e+00
 2.24186e+00
 2.38188e+00
 2.44261e+00
 2.37116e+00
 2.22351e+00
 1.89148e+00
 1.86458e+00
 1.86591e+00
 1.86403e+00
 1.84710e+00
 1.83618e+00
 1.85146e+00
 1.89926e+00
 1.99144e+00
 2.12034e+00
 2.27305e+00
 2.41197e+00
 2.45668e+00
 2.36954e+00
 2.21624e+00
 1.85274e+00
 1.86585e+00
 1.86236e+00
 1.86028e+00
 1.85056e+00
 1.83229e+00
 1.85104e+00
 1.89596e+00
 1.99431e+00
 2.15323e+00
 2.34034e+00
 2.47450e+00
 2.48274e+00
 2.35999e+00
 2.19808e+00
 1.85948e+00
 1.86415e+00
 1.86042e+00
 1.85779e+00
 1.83794e+00
 1.81321e+00
 1.83242e+00
 1.88329e+00
 1.99331e+00
 2.18347e+00
 2.37847e+00
 2.49720e+00
 2.47119e+00
 2.32803e+00
 2.16984e+00
 1.84530e+00
 1.84729e+00
 1.85052e+00
 1.83781e+00
 1.80355e+00
 1.82556e+00
 1.85048e+00
 1.93643e+00
 2.07200e+00
 2.24288e+00
 2.41529e+00
 2.49232e+00
 2.42988e+00
 2.27713e+00
 2.13578e+00
 1.84448e+00
 1.83610e+00
 1.83201e+00
 1.81313e+00
 1.82568e+00
 1.85964e+00
 1.94368e+00
 2.05234e+00
 2.18948e+00
 2.35089e+00
 2.46804e+00
 2.47778e+00
 2.36750e+00
 2.21558e+00
 2.09914e+00
 1.81588e+00
 1.85107e+00
 1.85091e+00
 1.83254e+00
 1.85058e+00
 1.94374e+00
 2.06200e+00
 2.18818e+00
 2.32747e+00
 2.44435e+00
 2.49295e+00
 2.42928e+00
 2.29156e+00
 2.15498e+00
 2.06865e+00
 1.85190e+00
 1.89882e+00
 1.89578e+00
 1.88343e+00
 1.93672e+00
 2.05249e+00
 2.18827e+00
 2.32814e+00
 2.44074e+00
 2.50191e+00
 2.46824e+00
 2.35213e+00
 2.21027e+00
 2.10354e+00
 2.04379e+00
 1.96305e+00
 1.99116e+00
 1.99396e+00
 1.99331e+00
 2.07226e+00
 2.18978e+00
 2.32767e+00
 2.44084e+00
 2.50618e+00
 2.48776e+00
 2.39078e+00
 2.25399e+00
 2.13801e+00
 2.06387e+00
 2.02659e+00
 2.09463e+00
 2.12054e+00
 2.15301e+00
 2.18314e+00
 2.24290e+00
 2.35103e+00
 2.44447e+00
 2.50197e+00
 2.48777e+00
 2.40414e+00
 2.27810e+00
 2.16254e+00
 2.08143e+00
 2.03674e+00
 2.01459e+00
 2.24236e+00
 2.27361e+00
 2.34019e+00
 2.37799e+00
 2.41501e+00
 2.46795e+00
 2.49290e+00
 2.46824e+00
 2.39079e+00
 2.27811e+00
 2.17175e+00
 2.09195e+00
 2.04480e+00
 2.01931e+00
 2.00756e+00
 2.38223e+00
 2.41229e+00
 2.47439e+00
 2.49679e+00
 2.49206e+00
 2.47765e+00
 2.42925e+00
 2.35213e+00
 2.25400e+00
 2.16255e+00
 2.09195e+00
 2.04750e+00
 2.02211e+00
 2.00934e+00
 2.00352e+00
 2.44270e+00
 2.45675e+00
 2.48269e+00
 2.47106e+00
 2.42981e+00
 2.36747e+00
 2.29156e+00
 2.21029e+00
 2.13802e+00
 2.08143e+00
 2.04480e+00
 2.02211e+00
 2.01012e+00
 2.00410e+00
 2.00157e+00
 2.37119e+00
 2.36957e+00
 2.36002e+00
 2.32805e+00
 2.27714e+00
 2.21557e+00
 2.15499e+00
 2.10355e+00
 2.06388e+00
 2.03674e+00
 2.01931e+00
 2.00934e+00
 2.00410e+00
 2.00168e+00
 2.00063e+00
 2.22352e+00
 2.21625e+00
 2.19809e+00
 2.16986e+00
 2.13579e+00
 2.09914e+00
 2.06865e+00
 2.04380e+00
 2.02659e+00
 2.01459e+00
 2.00756e+00
 2.00352e+00
 2.00157e+00
 2.00063e+00
 2.00024e+00
 1.88476e+00
 1.84311e+00
 1.79872e+00
 1.81004e+00
 1.85496e+00
 1.91414e+00
 1.93197e+00
 2.02615e+00
 2.19585e+00
 2.34799e+00
 2.44704e+00
 2.45401e+00
 2.35747e+00
 2.21420e+00
 2.10027e+00
 1.84312e+00
 1.81588e+00
 1.81636e+00
 1.81203e+00
 1.86162e+00
 1.91166e+00
 1.99180e+00
 2.09751e+00
 2.23316e+00
 2.36973e+00
 2.45930e+00
 2.45732e+00
 2.35200e+00
 2.20667e+00
 2.09522e+00
 1.79854e+00
 1.81619e+00
 1.79924e+00
 1.86721e+00
 1.91066e+00
 1.92971e+00
 2.00852e+00
 2.11273e+00
 2.25355e+00
 2.39472e+00
 2.48450e+00
 2.46089e+00
 2.33639e+00
 2.18796e+00
 2.08429e+00
 1.80972e+00
 1.81206e+00
 1.86742e+00
 1.91697e+00
 1.92719e+00
 1.93049e+00
 2.00780e+00
 2.12507e+00
 2.26647e+00
 2.41204e+00
 2.48172e+00
 2.43628e+00
 2.30085e+00
 2.16067e+00
 2.07016e+00
 1.85497e+00
 1.86198e+00
 1.91064e+00
 1.92707e+00
 1.91265e+00
 1.97894e+00
 2.06919e+00
 2.19761e+00
 2.33862e+00
 2.44151e+00
 2.46868e+00
 2.38879e+00
 2.25117e+00
 2.12730e+00
 2.05444e+00
 1.91476e+00
 1.91161e+00
 1.92946e+00
 1.93048e+00
 1.97911e+00
 2.06583e+00
 2.18745e+00
 2.31790e+00
 2.42337e+00
 2.47918e+00
 2.44143e+00
 2.32769e+00
 2.19285e+00
 2.09322e+00
 2.03887e+00
 1.93217e+00
 1.99136e+00
 2.00817e+00
 2.00773e+00
 2.06932e+00
 2.18758e+00
 2.32154e+00
 2.42740e+00
 2.49187e+00
 2.47769e+00
 2.38762e+00
 2.25438e+00
 2.13828e+00
 2.06383e+00
 2.02618e+00
 2.02626e+00
 2.09708e+00
 2.11261e+00
 2.12522e+00
 2.19797e+00
 2.31817e+00
 2.42754e+00
 2.50089e+00
 2.50060e+00
 2.42938e+00
 2.30467e+00
 2.18142e+00
 2.09144e+00
 2.04111e+00
 2.01624e+00
 2.19554e+00
 2.23294e+00
 2.25331e+00
 2.26652e+00
 2.33892e+00
 2.42368e+00
 2.49203e+00
 2.50065e+00
 2.44468e+00
 2.33336e+00
 2.21287e+00
 2.11590e+00
 2.05623e+00
 2.02451e+00
 2.00954e+00
 2.34799e+00
 2.36993e+00
 2.39452e+00
 2.41169e+00
 2.44151e+00
 2.47924e+00
 2.47774e+00
 2.42939e+00
 2.33337e+00
 2.22459e+00
 2.13037e+00
 2.06816e+00
 2.03181e+00
 2.01365e+00
 2.00515e+00
 2.44733e+00
 2.45965e+00
 2.48431e+00
 2.48134e+00
 2.46847e+00
 2.44138e+00
 2.38762e+00
 2.30469e+00
 2.21288e+00
 2.13038e+00
 2.07249e+00
 2.03629e+00
 2.01676e+00
 2.00690e+00
 2.00262e+00
 2.45417e+00
 2.45744e+00
 2.46080e+00
 2.43610e+00
 2.38870e+00
 2.32765e+00
 2.25439e+00
 2.18143e+00
 2.11591e+00
 2.06816e+00
 2.03629e+00
 2.01791e+00
 2.00797e+00
 2.00327e+00
 2.00123e+00
 2.35754e+00
 2.35205e+00
 2.33638e+00
 2.30085e+00
 2.25114e+00
 2.19285e+00
 2.13828e+00
 2.09145e+00
 2.05624e+00
 2.03182e+00
 2.01676e+00
 2.00797e+00
 2.00352e+00
 2.00143e+00
 2.00054e+00
 2.21424e+00
 2.20670e+00
 2.18797e+00
 2.16069e+00
 2.12731e+00
 2.09322e+00
 2.06383e+00
 2.04111e+00
 2.02451e+00
 2.01365e+00
 2.00690e+00
 2.00327e+00
 2.00143e+00
 2.00059e+00
 2.00022e+00
 2.10029e+00
 2.09523e+00
 2.08430e+00
 2.07016e+00
 2.05444e+00
 2.03887e+00
 2.02618e+00
 2.01624e+00
 2.00954e+00
 2.00515e+00
 2.00262e+00
 2.00123e+00
 2.00054e+00
 2.00022e+00
 2.00008e+00
 1.95971e+00
 1.91289e+00
 1.86997e+00
 1.89802e+00
 1.99849e+00
 2.10761e+00
 2.18031e+00
 2.28438e+00
 2.40992e+00
 2.47016e+00
 2.43705e+00
 2.32299e+00
 2.18814e+00
 2.08920e+00
 2.03665e+00
 1.91277e+00
 1.88558e+00
 1.89643e+00
 1.90358e+00
 2.01545e+00
 2.11872e+00
 2.23530e+00
 2.34420e+00
 2.43769e+00
 2.47741e+00
 2.43086e+00
 2.31296e+00
 2.17962e+00
 2.08440e+00
 2.03439e+00
 1.86962e+00
 1.89615e+00
 1.87964e+00
 2.00412e+00
 2.09686e+00
 2.15626e+00
 2.26181e+00
 2.36167e+00
 2.44905e+00
 2.47347e+00
 2.41472e+00
 2.28919e+00
 2.16097e+00
 2.07431e+00
 2.03006e+00
 1.89760e+00
 1.90357e+00
 2.00430e+00
 2.09453e+00
 2.14183e+00
 2.17962e+00
 2.27132e+00
 2.37385e+00
 2.44436e+00
 2.45427e+00
 2.37741e+00
 2.25206e+00
 2.13518e+00
 2.06139e+00
 2.02444e+00
 1.99811e+00
 2.01555e+00
 2.09680e+00
 2.14185e+00
 2.16262e+00
 2.23886e+00
 2.33255e+00
 2.41601e+00
 2.45975e+00
 2.42585e+00
 2.32832e+00
 2.20497e+00
 2.10608e+00
 2.04729e+00
 2.01858e+00
 2.10820e+00
 2.11864e+00
 2.15631e+00
 2.17986e+00
 2.23904e+00
 2.32445e+00
 2.41139e+00
 2.46811e+00
 2.45861e+00
 2.38568e+00
 2.26759e+00
 2.15553e+00
 2.07674e+00
 2.03388e+00
 2.01306e+00
 2.18110e+00
 2.23502e+00
 2.26149e+00
 2.27119e+00
 2.33264e+00
 2.41148e+00
 2.47588e+00
 2.48184e+00
 2.42756e+00
 2.32005e+00
 2.20305e+00
 2.10953e+00
 2.05245e+00
 2.02259e+00
 2.00867e+00
 2.28458e+00
 2.34392e+00
 2.36155e+00
 2.37383e+00
 2.41618e+00
 2.46824e+00
 2.48189e+00
 2.44434e+00
 2.35186e+00
 2.23980e+00
 2.13940e+00
 2.07184e+00
 2.03340e+00
 2.01406e+00
 2.00531e+00
 2.40949e+00
 2.43747e+00
 2.44882e+00
 2.44428e+00
 2.45981e+00
 2.45868e+00
 2.42758e+00
 2.35186e+00
 2.25390e+00
 2.15769e+00
 2.08738e+00
 2.04340e+00
 2.01987e+00
 2.00816e+00
 2.00308e+00
 2.46996e+00
 2.47734e+00
 2.47326e+00
 2.45403e+00
 2.42579e+00
 2.38565e+00
 2.32006e+00
 2.23981e+00
 2.15770e+00
 2.09331e+00
 2.04971e+00
 2.02438e+00
 2.01085e+00
 2.00442e+00
 2.00165e+00
 2.43705e+00
 2.43086e+00
 2.41458e+00
 2.37730e+00
 2.32827e+00
 2.26758e+00
 2.20306e+00
 2.13941e+00
 2.08738e+00
 2.04971e+00
 2.02614e+00
 2.01246e+00
 2.00551e+00
 2.00222e+00
 2.00084e+00
 2.32303e+00
 2.31296e+00
 2.28916e+00
 2.25201e+00
 2.20496e+00
 2.15553e+00
 2.10954e+00
 2.07185e+00
 2.04340e+00
 2.02438e+00
 2.01246e+00
 2.00589e+00
 2.00256e+00
 2.00104e+00
 2.00039e+00
 2.18813e+00
 2.17964e+00
 2.16099e+00
 2.13517e+00
 2.10595e+00
 2.07672e+00
 2.05246e+00
 2.03339e+00
 2.01987e+00
 2.01085e+00
 2.00551e+00
 2.00256e+00
 2.00113e+00
 2.00046e+00
 2.00017e+00
 2.08922e+00
 2.08441e+00
 2.07432e+00
 2.06141e+00
 2.04726e+00
 2.03389e+00
 2.02259e+00
 2.01406e+00
 2.00816e+00
 2.00442e+00
 2.00222e+00
 2.00104e+00
 2.00046e+00
 2.00019e+00
 2.00007e+00
 2.03666e+00
 2.03440e+00
 2.03007e+00
 2.02444e+00
 2.01858e+00
 2.01306e+00
 2.00867e+00
 2.00531e+00
 2.00308e+00
 2.00165e+00
 2.00084e+00
 2.00039e+00
 2.00017e+00
 2.00007e+00
 2.00003e+00
 2.15266e+00
 2.11556e+00
 2.08645e+00
 2.12729e+00
 2.23929e+00
 2.34259e+00
 2.40223e+00
 2.43740e+00
 2.43636e+00
 2.36963e+00
 2.25828e+00
 2.14659e+00
 2.07003e+00
 2.02942e+00
 2.01124e+00
 2.11531e+00
 2.09190e+00
 2.11745e+00
 2.13684e+00
 2.25911e+00
 2.35530e+00
 2.43230e+00
 2.46314e+00
 2.44071e+00
 2.36164e+00
 2.24671e+00
 2.13845e+00
 2.06585e+00
 2.02760e+00
 2.01049e+00
 2.08609e+00
 2.11723e+00
 2.11395e+00
 2.23992e+00
 2.33462e+00
 2.38620e+00
 2.44468e+00
 2.45975e+00
 2.42709e+00
 2.33747e+00
 2.22272e+00
 2.12168e+00
 2.05736e+00
 2.02407e+00
 2.00918e+00
 2.12704e+00
 2.13692e+00
 2.23996e+00
 2.32864e+00
 2.37719e+00
 2.40263e+00
 2.43637e+00
 2.44166e+00
 2.39310e+00
 2.29909e+00
 2.18873e+00
 2.10057e+00
 2.04694e+00
 2.01962e+00
 2.00743e+00
 2.23866e+00
 2.25888e+00
 2.33452e+00
 2.37727e+00
 2.39687e+00
 2.42590e+00
 2.44426e+00
 2.42011e+00
 2.35231e+00
 2.24967e+00
 2.15012e+00
 2.07740e+00
 2.03583e+00
 2.01479e+00
 2.00559e+00
 2.34283e+00
 2.35509e+00
 2.38629e+00
 2.40287e+00
 2.42598e+00
 2.44594e+00
 2.43656e+00
 2.38699e+00
 2.29681e+00
 2.19610e+00
 2.11096e+00
 2.05582e+00
 2.02544e+00
 2.01043e+00
 2.00388e+00
 2.40284e+00
 2.43203e+00
 2.44441e+00
 2.43623e+00
 2.44426e+00
 2.43656e+00
 2.40121e+00
 2.32585e+00
 2.23166e+00
 2.14183e+00
 2.07705e+00
 2.03768e+00
 2.01685e+00
 2.00683e+00
 2.00252e+00
 2.43747e+00
 2.46288e+00
 2.45956e+00
 2.44154e+00
 2.42011e+00
 2.38699e+00
 2.32585e+00
 2.24565e+00
 2.16147e+00
 2.09415e+00
 2.04931e+00
 2.02383e+00
 2.01048e+00
 2.00420e+00
 2.00153e+00
 2.43609e+00
 2.44049e+00
 2.42689e+00
 2.39300e+00
 2.35227e+00
 2.29680e+00
 2.23165e+00
 2.16146e+00
 2.10096e+00
 2.05687e+00
 2.02940e+00
 2.01389e+00
 2.00601e+00
 2.00239e+00
 2.00088e+00
 2.36952e+00
 2.36152e+00
 2.33736e+00
 2.29903e+00
 2.24966e+00
 2.19609e+00
 2.14183e+00
 2.09415e+00
 2.05687e+00
 2.03163e+00
 2.01600e+00
 2.00750e+00
 2.00321e+00
 2.00129e+00
 2.00048e+00
 2.25827e+00
 2.24667e+00
 2.22269e+00
 2.18874e+00
 2.15009e+00
 2.11097e+00
 2.07705e+00
 2.04931e+00
 2.02940e+00
 2.01600e+00
 2.00804e+00
 2.00371e+00
 2.00159e+00
 2.00065e+00
 2.00024e+00
 2.14659e+00
 2.13844e+00
 2.12168e+00
 2.10058e+00
 2.07742e+00
 2.05584e+00
 2.03768e+00
 2.02383e+00
 2.01389e+00
 2.00750e+00
 2.00371e+00
 2.00172e+00
 2.00075e+00
 2.00031e+00
 2.00012e+00
 2.07005e+00
 2.06586e+00
 2.05735e+00
 2.04695e+00
 2.03580e+00
 2.02544e+00
 2.01685e+00
 2.01048e+00
 2.00601e+00
 2.00321e+00
 2.00159e+00
 2.00075e+00
 2.00033e+00
 2.00013e+00
 2.00005e+00
 2.02942e+00
 2.02760e+00
 2.02406e+00
 2.01962e+00
 2.01479e+00
 2.01043e+00
 2.00683e+00
 2.00420e+00
 2.00239e+00
 2.00129e+00
 2.00065e+00
 2.00031e+00
 2.00013e+00
 2.00006e+00
 2.00002e+00
 2.01124e+00
 2.01049e+00
 2.00918e+00
 2.00743e+00
 2.00560e+00
 2.00388e+00
 2.00252e+00
 2.00153e+00
 2.00088e+00
 2.00048e+00
 2.00024e+00
 2.00012e+00
 2.00005e+00
 2.00002e+00
 2.00001e+00
 2.36962e+00
 2.34526e+00
 2.32505e+00
 2.34627e+00
 2.40547e+00
 2.43698e+00
 2.41881e+00
 2.35881e+00
 2.27050e+00
 2.17534e+00
 2.09713e+00
 2.04746e+00
 2.02060e+00
 2.00823e+00
 2.00293e+00
 2.34508e+00
 2.32625e+00
 2.34415e+00
 2.35134e+00
 2.41473e+00
 2.43742e+00
 2.41912e+00
 2.35435e+00
 2.26107e+00
 2.16626e+00
 2.09104e+00
 2.04425e+00
 2.01926e+00
 2.00766e+00
 2.00272e+00
 2.32488e+00
 2.34404e+00
 2.34312e+00
 2.41007e+00
 2.44533e+00
 2.43757e+00
 2.40366e+00
 2.33138e+00
 2.23903e+00
 2.14790e+00
 2.07958e+00
 2.03825e+00
 2.01669e+00
 2.00666e+00
 2.00235e+00
 2.34610e+00
 2.35142e+00
 2.41003e+00
 2.44735e+00
 2.45015e+00
 2.41897e+00
 2.36818e+00
 2.29350e+00
 2.20440e+00
 2.12320e+00
 2.06511e+00
 2.03105e+00
 2.01349e+00
 2.00538e+00
 2.00188e+00
 2.40499e+00
 2.41444e+00
 2.44522e+00
 2.45016e+00
 2.42670e+00
 2.38540e+00
 2.32468e+00
 2.24479e+00
 2.16329e+00
 2.09501e+00
 2.04959e+00
 2.02349e+00
 2.01013e+00
 2.00401e+00
 2.00141e+00
 2.43695e+00
 2.43721e+00
 2.43753e+00
 2.41900e+00
 2.38540e+00
 2.33584e+00
 2.26753e+00
 2.19188e+00
 2.12138e+00
 2.06878e+00
 2.03526e+00
 2.01659e+00
 2.00707e+00
 2.00279e+00
 2.00099e+00
 2.41890e+00
 2.41889e+00
 2.40348e+00
 2.36809e+00
 2.32465e+00
 2.26752e+00
 2.20300e+00
 2.13784e+00
 2.08413e+00
 2.04638e+00
 2.02348e+00
 2.01089e+00
 2.00461e+00
 2.00181e+00
 2.00065e+00
 2.35874e+00
 2.35418e+00
 2.33125e+00
 2.29343e+00
 2.24477e+00
 2.19187e+00
 2.13783e+00
 2.09027e+00
 2.05365e+00
 2.02930e+00
 2.01457e+00
 2.00670e+00
 2.00280e+00
 2.00110e+00
 2.00040e+00
 2.27045e+00
 2.26099e+00
 2.23897e+00
 2.20437e+00
 2.16328e+00
 2.12136e+00
 2.08413e+00
 2.05365e+00
 2.03148e+00
 2.01696e+00
 2.00835e+00
 2.00379e+00
 2.00159e+00
 2.00063e+00
 2.00024e+00
 2.17533e+00
 2.16622e+00
 2.14789e+00
 2.12320e+00
 2.09498e+00
 2.06878e+00
 2.04638e+00
 2.02931e+00
 2.01696e+00
 2.00904e+00
 2.00441e+00
 2.00200e+00
 2.00085e+00
 2.00034e+00
 2.00013e+00
 2.09711e+00
 2.09102e+00
 2.07958e+00
 2.06510e+00
 2.04944e+00
 2.03524e+00
 2.02349e+00
 2.01458e+00
 2.00835e+00
 2.00441e+00
 2.00215e+00
 2.00098e+00
 2.00042e+00
 2.00017e+00
 2.00007e+00
 2.04730e+00
 2.04422e+00
 2.03826e+00
 2.03106e+00
 2.02346e+00
 2.01659e+00
 2.01089e+00
 2.00670e+00
 2.00379e+00
 2.00200e+00
 2.00098e+00
 2.00046e+00
 2.00020e+00
 2.00008e+00
 2.00003e+00
 2.02059e+00
 2.01927e+00
 2.01669e+00
 2.01349e+00
 2.01014e+00
 2.00707e+00
 2.00461e+00
 2.00280e+00
 2.00159e+00
 2.00085e+00
 2.00043e+00
 2.00020e+00
 2.00009e+00
 2.00004e+00
 2.00001e+00
 2.00823e+00
 2.00767e+00
 2.00666e+00
 2.00538e+00
 2.00401e+00
 2.00278e+00
 2.00181e+00
 2.00110e+00
 2.00063e+00
 2.00034e+00
 2.00017e+00
 2.00008e+00
 2.00004e+00
 2.00001e+00
 2.00001e+00
 2.00293e+00
 2.00272e+00
 2.00235e+00
 2.00188e+00
 2.00141e+00
 2.00099e+00
 2.00066e+00
 2.00040e+00
 2.00024e+00
 2.00013e+00
 2.00007e+00
 2.00003e+00
 2.00001e+00
 2.00001e+00
 2.00000e+00
 2.43801e+00
 2.41697e+00
 2.38848e+00
 2.36777e+00
 2.34893e+00
 2.30727e+00
 2.24222e+00
 2.16659e+00
 2.10041e+00
 2.05417e+00
 2.02694e+00
 2.01220e+00
 2.00509e+00
 2.00188e+00
 2.00068e+00
 2.41695e+00
 2.39852e+00
 2.38600e+00
 2.36162e+00
 2.34306e+00
 2.29748e+00
 2.23084e+00
 2.15683e+00
 2.09389e+00
 2.05053e+00
 2.02509e+00
 2.01136e+00
 2.00473e+00
 2.00175e+00
 2.00063e+00
 2.38845e+00
 2.38595e+00
 2.36891e+00
 2.36163e+00
 2.33041e+00
 2.27693e+00
 2.20832e+00
 2.13879e+00
 2.08231e+00
 2.04399e+00
 2.02179e+00
 2.00981e+00
 2.00408e+00
 2.00152e+00
 2.00055e+00
 2.36769e+00
 2.36162e+00
 2.36160e+00
 2.34188e+00
 2.30132e+00
 2.24195e+00
 2.17554e+00
 2.11442e+00
 2.06699e+00
 2.03568e+00
 2.01756e+00
 2.00789e+00
 2.00327e+00
 2.00122e+00
 2.00045e+00
 2.34879e+00
 2.34295e+00
 2.33037e+00
 2.30130e+00
 2.25371e+00
 2.19591e+00
 2.13716e+00
 2.08705e+00
 2.05043e+00
 2.02685e+00
 2.01316e+00
 2.00590e+00
 2.00242e+00
 2.00092e+00
 2.00034e+00
 2.30723e+00
 2.29740e+00
 2.27686e+00
 2.24191e+00
 2.19589e+00
 2.14573e+00
 2.09909e+00
 2.06178e+00
 2.03546e+00
 2.01885e+00
 2.00915e+00
 2.00409e+00
 2.00168e+00
 2.00065e+00
 2.00024e+00
 2.24217e+00
 2.23077e+00
 2.20828e+00
 2.17552e+00
 2.13716e+00
 2.09909e+00
 2.06624e+00
 2.04094e+00
 2.02350e+00
 2.01235e+00
 2.00596e+00
 2.00265e+00
 2.00110e+00
 2.00043e+00
 2.00016e+00
 2.16657e+00
 2.15679e+00
 2.13875e+00
 2.11440e+00
 2.08703e+00
 2.06178e+00
 2.04094e+00
 2.02522e+00
 2.01441e+00
 2.00754e+00
 2.00360e+00
 2.00160e+00
 2.00067e+00
 2.00026e+00
 2.00010e+00
 2.10040e+00
 2.09388e+00
 2.08230e+00
 2.06698e+00
 2.05042e+00
 2.03546e+00
 2.02350e+00
 2.01441e+00
 2.00811e+00
 2.00422e+00
 2.00202e+00
 2.00091e+00
 2.00038e+00
 2.00015e+00
 2.00006e+00
 2.05418e+00
 2.05052e+00
 2.04398e+00
 2.03569e+00
 2.02685e+00
 2.01887e+00
 2.01235e+00
 2.00754e+00
 2.00422e+00
 2.00220e+00
 2.00105e+00
 2.00048e+00
 2.00020e+00
 2.00008e+00
 2.00003e+00
 2.02695e+00
 2.02509e+00
 2.02179e+00
 2.01756e+00
 2.01314e+00
 2.00916e+00
 2.00596e+00
 2.00360e+00
 2.00202e+00
 2.00105e+00
 2.00052e+00
 2.00024e+00
 2.00010e+00
 2.00004e+00
 2.00002e+00
 2.01219e+00
 2.01137e+00
 2.00981e+00
 2.00790e+00
 2.00591e+00
 2.00410e+00
 2.00265e+00
 2.00160e+00
 2.00091e+00
 2.00048e+00
 2.00024e+00
 2.00011e+00
 2.00005e+00
 2.00002e+00
 2.00001e+00
 2.00511e+00
 2.00474e+00
 2.00408e+00
 2.00327e+00
 2.00242e+00
 2.00168e+00
 2.00110e+00
 2.00067e+00
 2.00038e+00
 2.00020e+00
 2.00010e+00
 2.00005e+00
 2.00002e+00
 2.00001e+00
 2.00000e+00
 2.00188e+00
 2.00175e+00
 2.00152e+00
 2.00122e+00
 2.00092e+00
 2.00065e+00
 2.00043e+00
 2.00026e+00
 2.00015e+00
 2.00008e+00
 2.00004e+00
 2.00002e+00
 2.00001e+00
 2.00000e+00
 2.00000e+00
 2.00068e+00
 2.00063e+00
 2.00055e+00
 2.00045e+00
 2.00034e+00
 2.00024e+00
 2.00016e+00
 2.00010e+00
 2.00006e+00
 2.00003e+00
 2.00002e+00
 2.00001e+00
 2.00000e+00
 2.00000e+00
 2.00000e+00
 2.28782e+00
 2.26896e+00
 2.23759e+00
 2.20145e+00
 2.16057e+00
 2.11809e+00
 2.07860e+00
 2.04694e+00
 2.02545e+00
 2.01287e+00
 2.00597e+00
 2.00261e+00
 2.00103e+00
 2.00040e+00
 2.00014e+00
 2.26900e+00
 2.25218e+00
 2.22569e+00
 2.19118e+00
 2.15204e+00
 2.11091e+00
 2.07273e+00
 2.04326e+00
 2.02356e+00
 2.01198e+00
 2.00556e+00
 2.00242e+00
 2.00096e+00
 2.00037e+00
 2.00013e+00
 2.23763e+00
 2.22569e+00
 2.20212e+00
 2.17175e+00
 2.13462e+00
 2.09710e+00
 2.06286e+00
 2.03723e+00
 2.02029e+00
 2.01032e+00
 2.00482e+00
 2.00209e+00
 2.00083e+00
 2.00032e+00
 2.00011e+00
 2.20145e+00
 2.19117e+00
 2.17175e+00
 2.14370e+00
 2.11137e+00
 2.07874e+00
 2.05031e+00
 2.02973e+00
 2.01628e+00
 2.00824e+00
 2.00385e+00
 2.00166e+00
 2.00067e+00
 2.00026e+00
 2.00009e+00
 2.16059e+00
 2.15204e+00
 2.13461e+00
 2.11136e+00
 2.08451e+00
 2.05846e+00
 2.03708e+00
 2.02190e+00
 2.01206e+00
 2.00610e+00
 2.00287e+00
 2.00124e+00
 2.00051e+00
 2.00020e+00
 2.00007e+00
 2.11808e+00
 2.11090e+00
 2.09707e+00
 2.07872e+00
 2.05845e+00
 2.04003e+00
 2.02551e+00
 2.01508e+00
 2.00829e+00
 2.00420e+00
 2.00198e+00
 2.00086e+00
 2.00036e+00
 2.00014e+00
 2.00005e+00
 2.07858e+00
 2.07272e+00
 2.06285e+00
 2.05031e+00
 2.03708e+00
 2.02551e+00
 2.01632e+00
 2.00968e+00
 2.00534e+00
 2.00270e+00
 2.00127e+00
 2.00056e+00
 2.00023e+00
 2.00009e+00
 2.00003e+00
 2.04692e+00
 2.04326e+00
 2.03722e+00
 2.02972e+00
 2.02190e+00
 2.01508e+00
 2.00968e+00
 2.00574e+00
 2.00316e+00
 2.00160e+00
 2.00077e+00
 2.00034e+00
 2.00014e+00
 2.00006e+00
 2.00002e+00
 2.02535e+00
 2.02354e+00
 2.02029e+00
 2.01627e+00
 2.01206e+00
 2.00829e+00
 2.00534e+00
 2.00316e+00
 2.00175e+00
 2.00090e+00
 2.00043e+00
 2.00019e+00
 2.00008e+00
 2.00003e+00
 2.00001e+00
 2.01286e+00
 2.01198e+00
 2.01032e+00
 2.00824e+00
 2.00610e+00
 2.00420e+00
 2.00270e+00
 2.00160e+00
 2.00090e+00
 2.00047e+00
 2.00023e+00
 2.00010e+00
 2.00004e+00
 2.00002e+00
 2.00001e+00
 2.00597e+00
 2.00556e+00
 2.00482e+00
 2.00385e+00
 2.00287e+00
 2.00198e+00
 2.00127e+00
 2.00077e+00
 2.00043e+00
 2.00023e+00
 2.00011e+00
 2.00005e+00
 2.00002e+00
 2.00001e+00
 2.00000e+00
 2.00262e+00
 2.00242e+00
 2.00209e+00
 2.00166e+00
 2.00124e+00
 2.00086e+00
 2.00056e+00
 2.00034e+00
 2.00019e+00
 2.00010e+00
 2.00005e+00
 2.00002e+00
 2.00001e+00
 2.00000e+00
 2.00000e+00
 2.00103e+00
 2.00096e+00
 2.00083e+00
 2.00067e+00
 2.00051e+00
 2.00036e+00
 2.00023e+00
 2.00014e+00
 2.00008e+00
 2.00004e+00
 2.00002e+00
 2.00001e+00
 2.00000e+00
 2.00000e+00
 2.00000e+00
 2.00040e+00
 2.00037e+00
 2.00032e+00
 2.00026e+00
 2.00020e+00
 2.00014e+00
 2.00009e+00
 2.00006e+00
 2.00003e+00
 2.00002e+00
 2.00001e+00
 2.00000e+00
 2.00000e+00
 2.00000e+00
 2.00000e+00
 2.00014e+00
 2.00013e+00
 2.00011e+00
 2.00009e+00
 2.00007e+00
 2.00005e+00
 2.00003e+00
 2.00002e+00
 2.00001e+00
 2.00001e+00
 2.00000e+00
 2.00000e+00
 2.00000e+00
 2.00000e+00
 2.00000e+00
 2.09558e+00
 2.08708e+00
 2.07284e+00
 2.05656e+00
 2.04035e+00
 2.02696e+00
 2.01675e+00
 2.00955e+00
 2.00502e+00
 2.00241e+00
 2.00110e+00
 2.00046e+00
 2.00019e+00
 2.00007e+00
 2.00003e+00
 2.08709e+00
 2.07957e+00
 2.06701e+00
 2.05218e+00
 2.03739e+00
 2.02494e+00
 2.01540e+00
 2.00880e+00
 2.00464e+00
 2.00225e+00
 2.00102e+00
 2.00043e+00
 2.00018e+00
 2.00007e+00
 2.00002e+00
 2.07285e+00
 2.06701e+00
 2.05669e+00
 2.04410e+00
 2.03170e+00
 2.02127e+00
 2.01320e+00
 2.00754e+00
 2.00398e+00
 2.00193e+00
 2.00088e+00
 2.00038e+00
 2.00015e+00
 2.00006e+00
 2.00002e+00
 2.05657e+00
 2.05218e+00
 2.04410e+00
 2.03443e+00
 2.02503e+00
 2.01681e+00
 2.01039e+00
 2.00594e+00
 2.00315e+00
 2.00153e+00
 2.00070e+00
 2.00031e+00
 2.00013e+00
 2.00005e+00
 2.00002e+00
 2.04036e+00
 2.03739e+00
 2.03170e+00
 2.02503e+00
 2.01825e+00
 2.01222e+00
 2.00756e+00
 2.00432e+00
 2.00230e+00
 2.00113e+00
 2.00053e+00
 2.00023e+00
 2.00010e+00
 2.00004e+00
 2.00001e+00
 2.02696e+00
 2.02494e+00
 2.02127e+00
 2.01681e+00
 2.01222e+00
 2.00819e+00
 2.00509e+00
 2.00292e+00
 2.00156e+00
 2.00078e+00
 2.00037e+00
 2.00016e+00
 2.00007e+00
 2.00003e+00
 2.00001e+00
 2.01674e+00
 2.01540e+00
 2.01320e+00
 2.01039e+00
 2.00756e+00
 2.00509e+00
 2.00317e+00
 2.00183e+00
 2.00099e+00
 2.00050e+00
 2.00024e+00
 2.00011e+00
 2.00004e+00
 2.00002e+00
 2.00001e+00
 2.00957e+00
 2.00881e+00
 2.00754e+00
 2.00593e+00
 2.00432e+00
 2.00292e+00
 2.00183e+00
 2.00107e+00
 2.00059e+00
 2.00030e+00
 2.00014e+00
 2.00007e+00
 2.00003e+00
 2.00001e+00
 2.00000e+00
 2.00501e+00
 2.00465e+00
 2.00397e+00
 2.00315e+00
 2.00230e+00
 2.00156e+00
 2.00099e+00
 2.00059e+00
 2.00033e+00
 2.00017e+00
 2.00008e+00
 2.00004e+00
 2.00002e+00
 2.00001e+00
 2.00000e+00
 2.00242e+00
 2.00225e+00
 2.00193e+00
 2.00153e+00
 2.00113e+00
 2.00078e+00
 2.00050e+00
 2.00030e+00
 2.00017e+00
 2.00009e+00
 2.00004e+00
 2.00002e+00
 2.00001e+00
 2.00000e+00
 2.00000e+00
 2.00110e+00
 2.00102e+00
 2.00088e+00
 2.00070e+00
 2.00053e+00
 2.00037e+00
 2.00024e+00
 2.00014e+00
 2.00008e+00
 2.00004e+00
 2.00002e+00
 2.00001e+00
 2.00000e+00
 2.00000e+00
 2.00000e+00
 2.00046e+00
 2.00043e+00
 2.00038e+00
 2.00031e+00
 2.00023e+00
 2.00016e+00
 2.00011e+00
 2.00007e+00
 2.00004e+00
 2.00002e+00
 2.00001e+00
 2.00000e+00
 2.00000e+00
 2.00000e+00
 2.00000e+00
 2.00019e+00
 2.00018e+00
 2.00015e+00
 2.00013e+00
 2.00010e+00
 2.00007e+00
 2.00004e+00
 2.00003e+00
 2.00002e+00
 2.00001e+00
 2.00000e+00
 2.00000e+00
 2.00000e+00
 2.00000e+00
 2.00000e+00
 2.00007e+00
 2.00007e+00
 2.00006e+00
 2.00005e+00
 2.00004e+00
 2.00003e+00
 2.00002e+00
 2.00001e+00
 2.00001e+00
 2.00000e+00
 2.00000e+00
 2.00000e+00
 2.00000e+00
 2.00000e+00
 2.00000e+00
 2.00003e+00
 2.00002e+00
 2.00002e+00
 2.00002e+00
 2.00001e+00
 2.00001e+00
 2.00001e+00
 2.00000e+00
 2.00000e+00
 2.00000e+00
 2.00000e+00
 2.00000e+00
 2.00000e+00
 2.00000e+00
 2.00000e+00
 2.01677e+00
 2.01520e+00
 2.01260e+00
 2.00961e+00
 2.00678e+00
 2.00446e+00
 2.00269e+00
 2.00151e+00
 2.00077e+00
 2.00038e+00
 2.00017e+00
 2.00008e+00
 2.00003e+00
 2.00001e+00
 2.00000e+00
 2.01520e+00
 2.01385e+00
 2.01152e+00
 2.00884e+00
 2.00627e+00
 2.00411e+00
 2.00247e+00
 2.00140e+00
 2.00071e+00
 2.00036e+00
 2.00016e+00
 2.00007e+00
 2.00003e+00
 2.00001e+00
 2.00000e+00
 2.01260e+00
 2.01152e+00
 2.00963e+00
 2.00742e+00
 2.00528e+00
 2.00348e+00
 2.00211e+00
 2.00119e+00
 2.00061e+00
 2.00031e+00
 2.00014e+00
 2.00006e+00
 2.00003e+00
 2.00001e+00
 2.00000e+00
 2.00961e+00
 2.00884e+00
 2.00742e+00
 2.00577e+00
 2.00413e+00
 2.00273e+00
 2.00165e+00
 2.00093e+00
 2.00049e+00
 2.00024e+00
 2.00011e+00
 2.00005e+00
 2.00002e+00
 2.00001e+00
 2.00000e+00
 2.00678e+00
 2.00627e+00
 2.00528e+00
 2.00413e+00
 2.00296e+00
 2.00196e+00
 2.00119e+00
 2.00068e+00
 2.00036e+00
 2.00018e+00
 2.00009e+00
 2.00004e+00
 2.00002e+00
 2.00001e+00
 2.00000e+00
 2.00445e+00
 2.00411e+00
 2.00348e+00
 2.00272e+00
 2.00196e+00
 2.00130e+00
 2.00080e+00
 2.00046e+00
 2.00025e+00
 2.00013e+00
 2.00006e+00
 2.00003e+00
 2.00001e+00
 2.00000e+00
 2.00000e+00
 2.00269e+00
 2.00247e+00
 2.00211e+00
 2.00165e+00
 2.00119e+00
 2.00080e+00
 2.00050e+00
 2.00029e+00
 2.00016e+00
 2.00008e+00
 2.00004e+00
 2.00002e+00
 2.00001e+00
 2.00000e+00
 2.00000e+00
 2.00151e+00
 2.00140e+00
 2.00119e+00
 2.00093e+00
 2.00068e+00
 2.00046e+00
 2.00029e+00
 2.00017e+00
 2.00010e+00
 2.00005e+00
 2.00002e+00
 2.00001e+00
 2.00000e+00
 2.00000e+00
 2.00000e+00
 2.00077e+00
 2.00071e+00
 2.00061e+00
 2.00049e+00
 2.00036e+00
 2.00025e+00
 2.00016e+00
 2.00010e+00
 2.00005e+00
 2.00003e+00
 2.00001e+00
 2.00001e+00
 2.00000e+00
 2.00000e+00
 2.00000e+00
 2.00038e+00
 2.00035e+00
 2.00031e+00
 2.00024e+00
 2.00018e+00
 2.00013e+00
 2.00008e+00
 2.00005e+00
 2.00003e+00
 2.00002e+00
 2.00001e+00
 2.00000e+00
 2.00000e+00
 2.00000e+00
 2.00000e+00
 2.00017e+00
 2.00016e+00
 2.00014e+00
 2.00011e+00
 2.00009e+00
 2.00006e+00
 2.00004e+00
 2.00002e+00
 2.00001e+00
 2.00001e+00
 2.00000e+00
 2.00000e+00
 2.00000e+00
 2.00000e+00
 2.00000e+00
 2.00008e+00
 2.00007e+00
 2.00006e+00
 2.00005e+00
 2.00004e+00
 2.00003e+00
 2.00002e+00
 2.00001e+00
 2.00001e+00
 2.00000e+00
 2.00000e+00
 2.00000e+00
 2.00000e+00
 2.00000e+00
 2.00000e+00
 2.00003e+00
 2.00003e+00
 2.00003e+00
 2.00002e+00
 2.00002e+00
 2.00001e+00
 2.00001e+00
 2.00000e+00
 2.00000e+00
 2.00000e+00
 2.00000e+00
 2.00000e+00
 2.00000e+00
 2.00000e+00
 2.00000e+00
 2.00001e+00
 2.00001e+00
 2.00001e+00
 2.00001e+00
 2.00001e+00
 2.00000e+00
 2.00000e+00
 2.00000e+00
 2.00000e+00
 2.00000e+00
 2.00000e+00
 2.00000e+00
 2.00000e+00
 2.00000e+00
 2.00000e+00
 2.00000e+00
 2.00000e+00
 2.00000e+00
 2.00000e+00
 2.00000e+00
 2.00000e+00
 2.00000e+00
 2.00000e+00
 2.00000e+00
 2.00000e+00
 2.00000e+00
 2.00000e+00
 2.00000e+00
 2.00000e+00
 2.00000e+00
 2.00204e+00
 2.00186e+00
 2.00155e+00
 2.00118e+00
 2.00084e+00
 2.00055e+00
 2.00034e+00
 2.00019e+00
 2.00010e+00
 2.00005e+00
 2.00002e+00
 2.00001e+00
 2.00000e+00
 2.00000e+00
 2.00000e+00
 2.00186e+00
 2.00170e+00
 2.00142e+00
 2.00109e+00
 2.00077e+00
 2.00050e+00
 2.00031e+00
 2.00018e+00
 2.00010e+00
 2.00005e+00
 2.00002e+00
 2.00001e+00
 2.00000e+00
 2.00000e+00
 2.00000e+00
 2.00155e+00
 2.00142e+00
 2.00118e+00
 2.00091e+00
 2.00065e+00
 2.00043e+00
 2.00027e+00
 2.00015e+00
 2.00008e+00
 2.00004e+00
 2.00002e+00
 2.00001e+00
 2.00000e+00
 2.00000e+00
 2.00000e+00
 2.00118e+00
 2.00109e+00
 2.00091e+00
 2.00071e+00
 2.00051e+00
 2.00034e+00
 2.00021e+00
 2.00012e+00
 2.00007e+00
 2.00003e+00
 2.00002e+00
 2.00001e+00
 2.00000e+00
 2.00000e+00
 2.00000e+00
 2.00084e+00
 2.00077e+00
 2.00065e+00
 2.00051e+00
 2.00037e+00
 2.00025e+00
 2.00016e+00
 2.00009e+00
 2.00005e+00
 2.00003e+00
 2.00001e+00
 2.00001e+00
 2.00000e+00
 2.00000e+00
 2.00000e+00
 2.00055e+00
 2.00050e+00
 2.00043e+00
 2.00034e+00
 2.00025e+00
 2.00017e+00
 2.00011e+00
 2.00006e+00
 2.00003e+00
 2.00002e+00
 2.00001e+00
 2.00000e+00
 2.00000e+00
 2.00000e+00
 2.00000e+00
 2.00034e+00
 2.00031e+00
 2.00027e+00
 2.00021e+00
 2.00016e+00
 2.00011e+00
 2.00007e+00
 2.00004e+00
 2.00002e+00
 2.00001e+00
 2.00001e+00
 2.00000e+00
 2.00000e+00
 2.00000e+00
 2.00000e+00
 2.00019e+00
 2.00018e+00
 2.00015e+00
 2.00012e+00
 2.00009e+00
 2.00006e+00
 2.00004e+00
 2.00002e+00
 2.00001e+00
 2.00001e+00
 2.00000e+00
 2.00000e+00
 2.00000e+00
 2.00000e+00
 2.00000e+00
 2.00010e+00
 2.00010e+00
 2.00008e+00
 2.00007e+00
 2.00005e+00
 2.00003e+00
 2.00002e+00
 2.00001e+00
 2.00001e+00
 2.00000e+00
 2.00000e+00
 2.00000e+00
 2.00000e+00
 2.00000e+00
 2.00000e+00
 2.00005e+00
 2.00005e+00
 2.00004e+00
 2.00003e+00
 2.00003e+00
 2.00002e+00
 2.00001e+00
 2.00001e+00
 2.00000e+00
 2.00000e+00
 2.00000e+00
 2.00000e+00
 2.00000e+00
 2.00000e+00
 2.00000e+00
 2.00002e+00
 2.00002e+00
 2.00002e+00
 2.00002e+00
 2.00001e+00
 2.00001e+00
 2.00001e+00
 2.00000e+00
 2.00000e+00
 2.00000e+00
 2.00000e+00
 2.00000e+00
 2.00000e+00
 2.00000e+00
 2.00000e+00
 2.00001e+00
 2.00001e+00
 2.00001e+00
 2.00001e+00
 2.00001e+00
 2.00000e+00
 2.00000e+00
 2.00000e+00
 2.00000e+00
 2.00000e+00
 2.00000e+00
 2.00000e+00
 2.00000e+00
 2.00000e+00
 2.00000e+00
 2.00000e+00
 2.00000e+00
 2.00000e+00
 2.00000e+00
 2.00000e+00
 2.00000e+00
 2.00000e+00
 2.00000e+00
 2.00000e+00
 2.00000e+00
 2.00000e+00
 2.00000e+00
 2.00000e+00
 2.00000e+00
 2.00000e+00
 2.00000e+00
 2.00000e+00
 2.00000e+00
 2.00000e+00
 2.00000e+00
 2.00000e+00
 2.00000e+00
 2.00000e+00
 2.00000e+00
 2.00000e+00
 2.00000e+00
 2.00000e+00
 2.00000e+00
 2.00000e+00
 2.00000e+00
 2.00000e+00
 2.00000e+00
 2.00000e+00
 2.00000e+00
 2.00000e+00
 2.00000e+00
 2.00000e+00
 2.00000e+00
 2.00000e+00
 2.00000e+00
 2.00000e+00
 2.00000e+00
 2.00000e+00
 2.00000e+00
 2.00000e+00
 2.00019e+00
 2.00017e+00
 2.00015e+00
 2.00011e+00
 2.00008e+00
 2.00006e+00
 2.00004e+00
 2.00002e+00
 2.00001e+00
 2.00001e+00
 2.00000e+00
 2.00000e+00
 2.00000e+00
 2.00000e+00
 2.00000e+00
 2.00017e+00
 2.00016e+00
 2.00013e+00
 2.00011e+00
 2.00008e+00
 2.00005e+00
 2.00003e+00
 2.00002e+00
 2.00001e+00
 2.00001e+00
 2.00000e+00
 2.00000e+00
 2.00000e+00
 2.00000e+00
 2.00000e+00
 2.00015e+00
 2.00013e+00
 2.00012e+00
 2.00009e+00
 2.00007e+00
 2.00005e+00
 2.00003e+00
 2.00002e+00
 2.00001e+00
 2.00001e+00
 2.00000e+00
 2.00000e+00
 2.00000e+00
 2.00000e+00
 2.00000e+00
 2.00011e+00
 2.00011e+00
 2.00009e+00
 2.00007e+00
 2.00005e+00
 2.00004e+00
 2.00002e+00
 2.00001e+00
 2.00001e+00
 2.00000e+00
 2.00000e+00
 2.00000e+00
 2.00000e+00
 2.00000e+00
 2.00000e+00
 2.00008e+00
 2.00008e+00
 2.00007e+00
 2.00005e+00
 2.00004e+00
 2.00003e+00
 2.00002e+00
 2.00001e+00
 2.00001e+00
 2.00000e+00
 2.00000e+00
 2.00000e+00
 2.00000e+00
 2.00000e+00
 2.00000e+00
 2.00006e+00
 2.00005e+00
 2.00005e+00
 2.00004e+00
 2.00003e+00
 2.00002e+00
 2.00001e+00
 2.00001e+00
 2.00000e+00
 2.00000e+00
 2.00000e+00
 2.00000e+00
 2.00000e+00
 2.00000e+00
 2.00000e+00
 2.00004e+00
 2.00003e+00
 2.00003e+00
 2.00002e+00
 2.00002e+00
 2.00001e+00
 2.00001e+00
 2.00000e+00
 2.00000e+00
 2.00000e+00
 2.00000e+00
 2.00000e+00
 2.00000e+00
 2.00000e+00
 2.00000e+00
 2.00002e+00
 2.00002e+00
 2.00002e+00
 2.00001e+00
 2.00001e+00
 2.00001e+00
 2.00000e+00
 2.00000e+00
 2.00000e+00
 2.00000e+00
 2.00000e+00
 2.00000e+00
 2.00000e+00
 2.00000e+00
 2.00000e+00
 2.00001e+00
 2.00001e+00
 2.00001e+00
 2.00001e+00
 2.00001e+00
 2.00000e+00
 2.00000e+00
 2.00000e+00
 2.00000e+00
 2.00000e+00
 2.00000e+00
 2.00000e+00
 2.00000e+00
 2.00000e+00
 2.00000e+00
 2.00001e+00
 2.00001e+00
 2.00001e+00
 2.00000e+00
 2.00000e+00
 2.00000e+00
 2.00000e+00
 2.00000e+00
 2.00000e+00
 2.00000e+00
 2.00000e+00
 2.00000e+00
 2.00000e+00
 2.00000e+00
 2.00000e+00
 2.00000e+00
 2.00000e+00
 2.00000e+00
 2.00000e+00
 2.00000e+00
 2.00000e+00
 2.00000e+00
 2.00000e+00
 2.00000e+00
 2.00000e+00
 2.00000e+00
 2.00000e+00
 2.00000e+00
 2.00000e+00
 2.00000e+00
 2.00000e+00
 2.00000e+00
 2.00000e+00
 2.00000e+00
 2.00000e+00
 2.00000e+00
 2.00000e+00
 2.00000e+00
 2.00000e+00
 2.00000e+00
 2.00000e+00
 2.00000e+00
 2.00000e+00
 2.00000e+00
 2.00000e+00
 2.00000e+00
 2.00000e+00
 2.00000e+00
 2.00000e+00
 2.00000e+00
 2.00000e+00
 2.00000e+00
 2.00000e+00
 2.00000e+00
 2.00000e+00
 2.00000e+00
 2.00000e+00
 2.00000e+00
 2.00000e+00
 2.00000e+00
 2.00000e+00
 2.00000e+00
 2.00000e+00
 2.00000e+00
 2.00000e+00
 2.00000e+00
 2.00000e+00
 2.00000e+00
 2.00000e+00
 2.00000e+00
 2.00000e+00
 2.00000e+00
 2.00000e+00
 2.00000e+00
 2.00000e+00
 2.00000e+00
 2.00000e+00
 2.00000e+00
 2.00000e+00
 2.00000e+00
 2.00000e+00
 2.00000e+00
 2.00000e+00
 2.00000e+00
 2.00000e+00
 2.00000e+00
 2.00000e+00
 2.00000e+00
 2.00000e+00
 2.00000e+00
 2.00001e+00
 2.00001e+00
 2.00001e+00
 2.00001e+00
 2.00001e+00
 2.00001e+00
 2.00000e+00
 2.00000e+00
 2.00000e+00
 2.00000e+00
 2.00000e+00
 2.00000e+00
 2.00000e+00
 2.00000e+00
 2.00000e+00
 2.00001e+00
 2.00001e+00
 2.00001e+00
 2.00001e+00
 2.00001e+00
 2.00000e+00
 2.00000e+00
 2.00000e+00
 2.00000e+00
 2.00000e+00
 2.00000e+00
 2.00000e+00
 2.00000e+00
 2.00000e+00
 2.00000e+00
 2.00001e+00
 2.00001e+00
 2.00001e+00
 2.00001e+00
 2.00001e+00
 2.00000e+00
 2.00000e+00
 2.00000e+00
 2.00000e+00
 2.00000e+00
 2.00000e+00
 2.00000e+00
 2.00000e+00
 2.00000e+00
 2.00000e+00
 2.00001e+00
 2.00001e+00
 2.00001e+00
 2.00001e+00
 2.00000e+00
 2.00000e+00
 2.00000e+00
 2.00000e+00
 2.00000e+00
 2.00000e+00
 2.00000e+00
 2.00000e+00
 2.00000e+00
 2.00000e+00
 2.00000e+00
 2.00001e+00
 2.00001e+00
 2.00001e+00
 2.00000e+00
 2.00000e+00
 2.00000e+00
 2.00000e+00
 2.00000e+00
 2.00000e+00
 2.00000e+00
 2.00000e+00
 2.00000e+00
 2.00000e+00
 2.00000e+00
 2.00000e+00
 2.00001e+00
 2.00000e+00
 2.00000e+00
 2.00000e+00
 2.00000e+00
 2.00000e+00
 2.00000e+00
 2.00000e+00
 2.00000e+00
 2.00000e+00
 2.00000e+00
 2.00000e+00
 2.00000e+00
 2.00000e+00
 2.00000e+00
 2.00000e+00
 2.00000e+00
 2.00000e+00
 2.00000e+00
 2.00000e+00
 2.00000e+00
 2.00000e+00
 2.00000e+00
 2.00000e+00
 2.00000e+00
 2.00000e+00
 2.00000e+00
 2.00000e+00
 2.00000e+00
 2.00000e+00
 2.00000e+00
 2.00000e+00
 2.00000e+00
 2.00000e+00
 2.00000e+00
 2.00000e+00
 2.00000e+00
 2.00000e+00
 2.00000e+00
 2.00000e+00
 2.00000e+00
 2.00000e+00
 2.00000e+00
 2.00000e+00
 2.00000e+00
 2.00000e+00
 2.00000e+00
 2.00000e+00
 2.00000e+00
 2.00000e+00
 2.00000e+00
 2.00000e+00
 2.00000e+00
 2.00000e+00
 2.00000e+00
 2.00000e+00
 2.00000e+00
 2.00000e+00
 2.00000e+00
 2.00000e+00
 2.00000e+00
 2.00000e+00
 2.00000e+00
 2.00000e+00
 2.00000e+00
 2.00000e+00
 2.00000e+00
 2.00000e+00
 2.00000e+00
 2.00000e+00
 2.00000e+00
 2.00000e+00
 2.00000e+00
 2.00000e+00
 2.00000e+00
 2.00000e+00
 2.00000e+00
 2.00000e+00
 2.00000e+00
 2.00000e+00
 2.00000e+00
 2.00000e+00
 2.00000e+00
 2.00000e+00
 2.00000e+00
 2.00000e+00
 2.00000e+00
 2.00000e+00
 2.00000e+00
 2.00000e+00
 2.00000e+00
 2.00000e+00
 2.00000e+00
 2.00000e+00
 2.00000e+00
 2.00000e+00
 2.00000e+00
 2.00000e+00
 2.00000e+00
 2.00000e+00
 2.00000e+00
 2.00000e+00
 2.00000e+00
 2.00000e+00
 2.00000e+00
 2.00000e+00
 2.00000e+00
 2.00000e+00
 2.00000e+00
 2.00000e+00
 2.00000e+00
 2.00000e+00
 2.00000e+00
 2.00000e+00
 2.00000e+00
 2.00000e+00
 2.00000e+00
 2.00000e+00
 2.00000e+00
 2.00000e+00
 2.00000e+00
 2.00000e+00
 2.00000e+00
 2.00000e+00
 2.00000e+00
 2.00000e+00
 2.00000e+00
 2.00000e+00
 2.00000e+00
 2.00000e+00
 2.00000e+00
 2.00000e+00
 2.00000e+00
 2.00000e+00
 2.00000e+00
 2.00000e+00
 2.00000e+00
 2.00000e+00
 2.00000e+00
 2.00000e+00
 2.00000e+00
 2.00000e+00
 2.00000e+00
 2.00000e+00
 2.00000e+00
 2.00000e+00
 2.00000e+00
 2.00000e+00
 2.00000e+00
 2.00000e+00
 2.00000e+00
 2.00000e+00
 2.00000e+00
 2.00000e+00
 2.00000e+00
 2.00000e+00
 2.00000e+00
 2.00000e+00
 2.00000e+00
 2.00000e+00
 2.00000e+00
 2.00000e+00
 2.00000e+00
 2.00000e+00
 2.00000e+00
 2.00000e+00
 2.00000e+00
 2.00000e+00
 2.00000e+00
 2.00000e+00
 2.00000e+00
 2.00000e+00
 2.00000e+00
 2.00000e+00
 2.00000e+00
 2.00000e+00
 2.00000e+00
 2.00000e+00
 2.00000e+00
 2.00000e+00
 2.00000e+00
 2.00000e+00
 2.00000e+00
 2.00000e+00
 2.00000e+00
 2.00000e+00
 2.00000e+00
 2.00000e+00
 2.00000e+00
 2.00000e+00
 2.00000e+00
 2.00000e+00
 2.00000e+00
 2.00000e+00
 2.00000e+00
 2.00000e+00
 2.00000e+00
 2.00000e+00
 2.00000e+00
 2.00000e+00
 2.00000e+00
 2.00000e+00
 2.00000e+00
 2.00000e+00
 2.00000e+00
 2.00000e+00
 2.00000e+00
 2.00000e+00
 2.00000e+00
 2.00000e+00
 2.00000e+00
 2.00000e+00
 2.00000e+00
 2.00000e+00
 2.00000e+00
 2.00000e+00
 2.00000e+00
 2.00000e+00
 2.00000e+00
 2.00000e+00
 2.00000e+00
 2.00000e+00
 2.00000e+00
 2.00000e+00
 2.00000e+00
 2.00000e+00
 2.00000e+00
 2.00000e+00
 2.00000e+00
 2.00000e+00
 2.00000e+00
 2.00000e+00
 2.00000e+00
 2.00000e+00
 2.00000e+00
 2.00000e+00
 2.00000e+00
 2.00000e+00
 2.00000e+00
 2.00000e+00
 2.00000e+00
 2.00000e+00
 2.00000e+00
 2.00000e+00
 2.00000e+00
 2.00000e+00
 2.00000e+00
 2.00000e+00
 2.00000e+00
 2.00000e+00
 2.00000e+00
 2.00000e+00
 2.00000e+00
 2.00000e+00
 2.00000e+00
 2.00000e+00
 2.00000e+00
 2.00000e+00
 2.00000e+00
 2.00000e+00
 2.00000e+00
 2.00000e+00
 2.00000e+00
 2.00000e+00
 2.00000e+00
 2.00000e+00
 2.00000e+00
 2.00000e+00
 2.00000e+00
 2.00000e+00
 2.00000e+00
 2.00000e+00
 2.00000e+00
 2.00000e+00
 2.00000e+00
 2.00000e+00
 2.00000e+00
 2.00000e+00
 2.00000e+00
 2.00000e+00
 2.00000e+00
 2.00000e+00
 2.00000e+00
 2.00000e+00
 2.00000e+00
 2.00000e+00
 2.00000e+00
 2.00000e+00
 2.00000e+00
 2.00000e+00
 2.00000e+00
 2.00000e+00
 2.00000e+00
 2.00000e+00
 2.00000e+00
 2.00000e+00
 2.00000e+00
 2.00000e+00
 2.00000e+00
 2.00000e+00
 2.00000e+00
 2.00000e+00
 2.00000e+00
 2.00000e+00
 2.00000e+00
 2.00000e+00
 2.00000e+00
 2.00000e+00
 2.00000e+00
 2.00000e+00
 2.00000e+00
 2.00000e+00
 2.00000e+00
 2.00000e+00
 2.00000e+00
 2.00000e+00
 2.00000e+00
 2.00000e+00
 2.00000e+00
 2.00000e+00
 2.00000e+00
 2.00000e+00
 2.00000e+00
 2.00000e+00
 2.00000e+00
 2.00000e+00
 2.00000e+00
 2.00000e+00
 2.00000e+00
 2.00000e+00
 2.00000e+00
 2.00000e+00
 2.00000e+00
 2.00000e+00
 2.00000e+00
 2.00000e+00
 2.00000e+00
 2.00000e+00
 2.00000e+00
 2.00000e+00
 2.00000e+00
 2.00000e+00
 2.00000e+00
 2.00000e+00
 2.00000e+00
 2.00000e+00
 2.00000e+00
 2.00000e+00
 2.00000e+00
 2.00000e+00
 2.00000e+00
 2.00000e+00
 2.00000e+00
 2.00000e+00
 2.00000e+00
 2.00000e+00
 2.00000e+00
 2.00000e+00
 2.00000e+00
 2.00000e+00
 2.00000e+00
 2.00000e+00
 2.00000e+00
 2.00000e+00
 2.00000e+00
 2.00000e+00
 2.00000e+00
 2.00000e+00
 2.00000e+00
 2.00000e+00
 2.00000e+00
 2.00000e+00
 2.00000e+00
 2.00000e+00
 2.00000e+00
 2.00000e+00
 2.00000e+00
 2.00000e+00
 2.00000e+00
 2.00000e+00
 2.00000e+00
 2.00000e+00
 2.00000e+00
 2.00000e+00
 2.00000e+00
 2.00000e+00
 2.00000e+00
 2.00000e+00
 2.00000e+00
 2.00000e+00
 2.00000e+00
 2.00000e+00
 2.00000e+00
 2.00000e+00
 2.00000e+00
 2.00000e+00
 2.00000e+00
 2.00000e+00
 2.00000e+00
 2.00000e+00
 2.00000e+00
 2.00000e+00
 2.00000e+00
 2.00000e+00
 2.00000e+00
 2.00000e+00
 2.00000e+00
 2.00000e+00
 2.00000e+00
 2.00000e+00
 2.00000e+00
 2.00000e+00
 2.00000e+00
 2.00000e+00
 2.00000e+00
 2.00000e+00
 2.00000e+00
 2.00000e+00
 2.00000e+00
 2.00000e+00
 2.00000e+00
 2.00000e+00
 2.00000e+00
 2.00000e+00
 2.00000e+00
 2.00000e+00
 2.00000e+00
 2.00000e+00
 2.00000e+00
 2.00000e+00
 2.00000e+00
 2.00000e+00
 2.00000e+00
 2.00000e+00
 2.00000e+00
 2.00000e+00
 2.00000e+00
 2.00000e+00
 2.00000e+00
 2.00000e+00
 2.00000e+00
 2.00000e+00
 2.00000e+00
 2.00000e+00
 2.00000e+00
 2.00000e+00
 2.00000e+00
 2.00000e+00
 2.00000e+00
 2.00000e+00
 2.00000e+00
 2.00000e+00
 2.00000e+00
 2.00000e+00
 2.00000e+00
 2.00000e+00
 2.00000e+00
 2.00000e+00
 2.00000e+00
 2.00000e+00
 2.00000e+00
 2.00000e+00
 2.00000e+00
 2.00000e+00
 2.00000e+00
 2.00000e+00
 2.00000e+00
 2.00000e+00
 2.00000e+00
 2.00000e+00
 2.00000e+00
 2.00000e+00
 2.00000e+00
 2.00000e+00
 2.00000e+00
 2.00000e+00
 2.00000e+00
 2.00000e+00
 2.00000e+00
 2.00000e+00
 2.00000e+00
 2.00000e+00
 2.00000e+00
 2.00000e+00
 2.00000e+00
 2.00000e+00
 2.00000e+00
 2.00000e+00
 2.00000e+00
 2.00000e+00
 2.00000e+00
 2.00000e+00
 2.00000e+00
 2.00000e+00
 2.00000e+00
 2.00000e+00
 2.00000e+00
 2.00000e+00
 2.00000e+00
 2.00000e+00
 2.00000e+00
 2.00000e+00
 2.00000e+00
 2.00000e+00
 2.00000e+00
 2.00000e+00
 2.00000e+00
 2.00000e+00
 2.00000e+00
 2.00000e+00
 2.00000e+00
 2.00000e+00
 2.00000e+00
 2.00000e+00
 2.00000e+00
 2.00000e+00
 2.00000e+00
 2.00000e+00
 2.00000e+00
 2.00000e+00
 2.00000e+00
 2.00000e+00
 2.00000e+00
 2.00000e+00
 2.00000e+00
 2.00000e+00
 2.00000e+00
 2.00000e+00
 2.00000e+00
 2.00000e+00
 2.00000e+00
 2.00000e+00
 2.00000e+00
 2.00000e+00
 2.00000e+00
 2.00000e+00
 2.00000e+00
 2.00000e+00
 2.00000e+00
 2.00000e+00
 2.00000e+00
 2.00000e+00
 2.00000e+00
 2.00000e+00
 2.00000e+00
 2.00000e+00
 2.00000e+00
 2.00000e+00
 2.00000e+00
 2.00000e+00
 2.00000e+00
 2.00000e+00
 2.00000e+00
 2.00000e+00
 2.00000e+00
 2.00000e+00
 2.00000e+00
 2.00000e+00
 2.00000e+00
 2.00000e+00
 2.00000e+00
 2.00000e+00
 2.00000e+00
 2.00000e+00
 2.00000e+00
 2.00000e+00
 2.00000e+00
 2.00000e+00
 2.00000e+00
 2.00000e+00
 2.00000e+00
 2.00000e+00
 2.00000e+00
 2.00000e+00
 2.00000e+00
 2.00000e+00
 2.00000e+00
 2.00000e+00
 2.00000e+00
 2.00000e+00
 2.00000e+00
 2.00000e+00
 2.00000e+00
 2.00000e+00
 2.00000e+00
 2.00000e+00
 2.00000e+00
 2.00000e+00
 2.00000e+00
 2.00000e+00
 2.00000e+00
 2.00000e+00
 2.00000e+00
 2.00000e+00
 2.00000e+00
 2.00000e+00
 2.00000e+00
 2.00000e+00
 2.00000e+00
 2.00000e+00
 2.00000e+00
 2.00000e+00
 2.00000e+00
 2.00000e+00
 2.00000e+00
 2.00000e+00
 2.00000e+00
 2.00000e+00
 2.00000e+00
 2.00000e+00
 2.00000e+00
 2.00000e+00
 2.00000e+00
 2.00000e+00
 2.00000e+00
 2.00000e+00
 2.00000e+00
 2.00000e+00
 2.00000e+00
 2.00000e+00
 2.00000e+00
 2.00000e+00
 2.00000e+00
 2.00000e+00
 2.00000e+00
 2.00000e+00
 2.00000e+00
 2.00000e+00
 2.00000e+00
 2.00000e+00
 2.00000e+00
 2.00000e+00
 2.00000e+00
 2.00000e+00
 2.00000e+00
 2.00000e+00
 2.00000e+00
 2.00000e+00
 2.00000e+00
 2.00000e+00
 2.00000e+00
 2.00000e+00
 2.00000e+00
 2.00000e+00
 2.00000e+00
 2.00000e+00
 2.00000e+00
 2.00000e+00
 2.00000e+00
 2.00000e+00
 2.00000e+00
 2.00000e+00
 2.00000e+00
 2.00000e+00
 2.00000e+00
 2.00000e+00
 2.00000e+00
 2.00000e+00
 2.00000e+00
 2.00000e+00
 2.00000e+00
 2.00000e+00
 2.00000e+00
 2.00000e+00
 2.00000e+00
 2.00000e+00
 2.00000e+00
 2.00000e+00
 2.00000e+00
 2.00000e+00
 2.00000e+00
 2.00000e+00
 2.00000e+00
 2.00000e+00
 2.00000e+00
 2.00000e+00
 2.00000e+00
 2.00000e+00
 2.00000e+00
 2.00000e+00
 2.00000e+00
 2.00000e+00
 2.00000e+00
 2.00000e+00
 2.00000e+00
 2.00000e+00
 2.00000e+00
 2.00000e+00
 2.00000e+00
 2.00000e+00
 2.00000e+00
 2.00000e+00
 2.00000e+00
 2.00000e+00
 2.00000e+00
 2.00000e+00
 2.00000e+00
 2.00000e+00
 2.00000e+00
 2.00000e+00
 2.00000e+00
 2.00000e+00
 2.00000e+00
 2.00000e+00
 2.00000e+00
 2.00000e+00
 2.00000e+00
 2.00000e+00
 2.00000e+00
 2.00000e+00
 2.00000e+00
 2.00000e+00
 2.00000e+00
 2.00000e+00
 2.00000e+00
 2.00000e+00
 2.00000e+00
 2.00000e+00
 2.00000e+00
 2.00000e+00
 2.00000e+00
 2.00000e+00
 2.00000e+00
 2.00000e+00
 2.00000e+00
 2.00000e+00
 2.00000e+00
 2.00000e+00
 2.00000e+00
 2.00000e+00
 2.00000e+00
 2.00000e+00
 2.00000e+00
 2.00000e+00
 2.00000e+00
 2.00000e+00
 2.00000e+00
 2.00000e+00
 2.00000e+00
 2.00000e+00
 2.00000e+00
 2.00000e+00
 2.00000e+00
 2.00000e+00
 2.00000e+00
 2.00000e+00
 2.00000e+00
 2.00000e+00
 2.00000e+00
 2.00000e+00
 2.00000e+00
 2.00000e+00
 2.00000e+00
 2.00000e+00
 2.00000e+00
 2.00000e+00
 2.00000e+00
 2.00000e+00
 2.00000e+00
 2.00000e+00
 2.00000e+00
 2.00000e+00
 2.00000e+00
 2.00000e+00
 2.00000e+00
 2.00000e+00
 2.00000e+00
 2.00000e+00
 2.00000e+00
 2.00000e+00
 2.00000e+00
 2.00000e+00
 2.00000e+00
 2.00000e+00
 2.00000e+00
 2.00000e+00
 2.00000e+00
 2.00000e+00
 2.00000e+00
 2.00000e+00
 2.00000e+00
 2.00000e+00
 2.00000e+00
 2.00000e+00
 2.00000e+00
 2.00000e+00
 2.00000e+00
 2.00000e+00
 2.00000e+00
 2.00000e+00
 2.00000e+00
 2.00000e+00
 2.00000e+00
 2.00000e+00
 2.00000e+00
 2.00000e+00
 2.00000e+00
 2.00000e+00
 2.00000e+00
 2.00000e+00
 2.00000e+00
 2.00000e+00
 2.00000e+00
 2.00000e+00
 2.00000e+00
 2.00000e+00
 2.00000e+00
 2.00000e+00
 2.00000e+00
 2.00000e+00
 2.00000e+00
 2.00000e+00
 2.00000e+00
 2.00000e+00
 2.00000e+00
 2.00000e+00
 2.00000e+00
 2.00000e+00
 2.00000e+00
 2.00000e+00
 2.00000e+00
 2.00000e+00
 2.00000e+00
 2.00000e+00
 2.00000e+00
 2.00000e+00
 2.00000e+00
 2.00000e+00
 2.00000e+00
 2.00000e+00
 2.00000e+00
 2.00000e+00
 2.00000e+00
 2.00000e+00
 2.00000e+00
 2.00000e+00
 2.00000e+00
 2.00000e+00
 2.00000e+00
 2.00000e+00
 2.00000e+00
 2.00000e+00
 2.00000e+00
 2.00000e+00
 2.00000e+00
 2.00000e+00
 2.00000e+00
 2.00000e+00
 2.00000e+00
 2.00000e+00
 2.00000e+00
 2.00000e+00
 2.00000e+00
 2.00000e+00
 2.00000e+00
 2.00000e+00
 2.00000e+00
 2.00000e+00
 2.00000e+00
 2.00000e+00
 2.00000e+00
 2.00000e+00
 2.00000e+00
 2.00000e+00
 2.00000e+00
 2.00000e+00
 2.00000e+00
 2.00000e+00
 2.00000e+00
 2.00000e+00
 2.00000e+00
 2.00000e+00
 2.00000e+00
 2.00000e+00
 2.00000e+00
 2.00000e+00
 2.00000e+00
 2.00000e+00
 2.00000e+00
 2.00000e+00
 2.00000e+00
 2.00000e+00
 2.00000e+00
 2.00000e+00
 2.00000e+00
 2.00000e+00
 2.00000e+00
 2.00000e+00
 2.00000e+00
 2.00000e+00
 2.00000e+00
 2.00000e+00
 2.00000e+00
 2.00000e+00
 2.00000e+00
 2.00000e+00
 2.00000e+00
 2.00000e+00
 2.00000e+00
 2.00000e+00
 2.00000e+00
 2.00000e+00
 2.00000e+00
 2.00000e+00
 2.00000e+00
 2.00000e+00
 2.00000e+00
 2.00000e+00
 2.00000e+00
 2.00000e+00
 2.00000e+00
 2.00000e+00
 2.00000e+00
 2.00000e+00
 2.00000e+00
 2.00000e+00
 2.00000e+00
 2.00000e+00
 2.00000e+00
 2.00000e+00
 2.00000e+00
 2.00000e+00
 2.00000e+00
 2.00000e+00
 2.00000e+00
 2.00000e+00
 2.00000e+00
 2.00000e+00
 2.00000e+00
 2.00000e+00
 2.00000e+00
 2.00000e+00
 2.00000e+00
 2.00000e+00
 2.00000e+00
 2.00000e+00
 2.00000e+00
 2.00000e+00
 2.00000e+00
 2.00000e+00
 2.00000e+00
 2.00000e+00
 2.00000e+00
 2.00000e+00
 2.00000e+00
 2.00000e+00
 2.00000e+00
 2.00000e+00
 2.00000e+00
 2.00000e+00
 2.00000e+00
 2.00000e+00
 2.00000e+00
 2.00000e+00
 2.00000e+00
 2.00000e+00
 2.00000e+00
 2.00000e+00
 2.00000e+00
 2.00000e+00
 2.00000e+00
 2.00000e+00
 2.00000e+00
 2.00000e+00
 2.00000e+00
 2.00000e+00
 2.00000e+00
 2.00000e+00
 2.00000e+00
 2.00000e+00
 2.00000e+00
 2.00000e+00
 2.00000e+00
 2.00000e+00
 2.00000e+00
 2.00000e+00
 2.00000e+00
 2.00000e+00
 2.00000e+00
 2.00000e+00
 2.00000e+00
 2.00000e+00
 2.00000e+00
 2.00000e+00
 2.00000e+00
 2.00000e+00
 2.00000e+00
 2.00000e+00
 2.00000e+00
 2.00000e+00
 2.00000e+00
 2.00000e+00
 2.00000e+00
 2.00000e+00
 2.00000e+00
 2.00000e+00
 2.00000e+00
 2.00000e+00
 2.00000e+00
 2.00000e+00
 2.00000e+00
 2.00000e+00
 2.00000e+00
 2.00000e+00
 2.00000e+00
 2.00000e+00
 2.00000e+00
 2.00000e+00
 2.00000e+00
 2.00000e+00
 2.00000e+00
 2.00000e+00
 2.00000e+00
 2.00000e+00
 2.00000e+00
 2.00000e+00
 2.00000e+00
 2.00000e+00
 2.00000e+00
 2.00000e+00
 2.00000e+00
 2.00000e+00
 2.00000e+00
 2.00000e+00
 2.00000e+00
 2.00000e+00
 2.00000e+00
 2.00000e+00
 2.00000e+00
 2.00000e+00
 2.00000e+00
 2.00000e+00
 2.00000e+00
 2.00000e+00
 2.00000e+00
 2.00000e+00
 2.00000e+00
 2.00000e+00
 2.00000e+00
 2.00000e+00
 2.00000e+00
 2.00000e+00
 2.00000e+00
 2.00000e+00
 2.00000e+00
 2.00000e+00
 2.00000e+00
 2.00000e+00
 2.00000e+00
 2.00000e+00
part
         2
hexa8
 1.88473e+00
 1.95984e+00
 2.15298e+00
 2.36993e+00
 2.43806e+00
 2.28776e+00
 2.09557e+00
 2.01677e+00
 2.00204e+00
 2.00019e+00
 2.00001e+00
 2.00000e+00
 2.00000e+00
 2.00000e+00
 2.00000e+00
 1.84307e+00
 1.91302e+00
 2.11585e+00
 2.34550e+00
 2.41700e+00
 2.26892e+00
 2.08707e+00
 2.01520e+00
 2.00186e+00
 2.00017e+00
 2.00001e+00
 2.00000e+00
 2.00000e+00
 2.00000e+00
 2.00000e+00
 1.79870e+00
 1.87007e+00
 2.08663e+00
 2.32517e+00
 2.38848e+00
 2.23756e+00
 2.07284e+00
 2.01260e+00
 2.00155e+00
 2.00015e+00
 2.00001e+00
 2.00000e+00
 2.00000e+00
 2.00000e+00
 2.00000e+00
 1.81003e+00
 1.89803e+00
 2.12734e+00
 2.34634e+00
 2.36777e+00
 2.20144e+00
 2.05656e+00
 2.00961e+00
 2.00118e+00
 2.00011e+00
 2.00001e+00
 2.00000e+00
 2.00000e+00
 2.00000e+00
 2.00000e+00
 1.85497e+00
 1.99874e+00
 2.23960e+00
 2.40560e+00
 2.34893e+00
 2.16056e+00
 2.04035e+00
 2.00678e+00
 2.00084e+00
 2.00008e+00
 2.00001e+00
 2.00000e+00
 2.00000e+00
 2.00000e+00
 2.00000e+00
 1.91424e+00
 2.10790e+00
 2.34290e+00
 2.43709e+00
 2.30726e+00
 2.11808e+00
 2.02696e+00
 2.00446e+00
 2.00055e+00
 2.00006e+00
 2.00001e+00
 2.00000e+00
 2.00000e+00
 2.00000e+00
 2.00000e+00
 1.93195e+00
 2.18026e+00
 2.40225e+00
 2.41884e+00
 2.24221e+00
 2.07860e+00
 2.01675e+00
 2.00269e+00
 2.00034e+00
 2.00004e+00
 2.00000e+00
 2.00000e+00
 2.00000e+00
 2.00000e+00
 2.00000e+00
 2.02619e+00
 2.28441e+00
 2.43741e+00
 2.35882e+00
 2.16660e+00
 2.04693e+00
 2.00957e+00
 2.00151e+00
 2.00019e+00
 2.00002e+00
 2.00000e+00
 2.00000e+00
 2.00000e+00
 2.00000e+00
 2.00000e+00
 2.19608e+00
 2.41009e+00
 2.43641e+00
 2.27051e+00
 2.10040e+00
 2.02535e+00
 2.00501e+00
 2.00077e+00
 2.00010e+00
 2.00001e+00
 2.00000e+00
 2.00000e+00
 2.00000e+00
 2.00000e+00
 2.00000e+00
 2.34817e+00
 2.47027e+00
 2.36965e+00
 2.17534e+00
 2.05418e+00
 2.01287e+00
 2.00243e+00
 2.00038e+00
 2.00005e+00
 2.00001e+00
 2.00000e+00
 2.00000e+00
 2.00000e+00
 2.00000e+00
 2.00000e+00
 2.44703e+00
 2.43707e+00
 2.25829e+00
 2.09711e+00
 2.02696e+00
 2.00597e+00
 2.00110e+00
 2.00017e+00
 2.00002e+00
 2.00000e+00
 2.00000e+00
 2.00000e+00
 2.00000e+00
 2.00000e+00
 2.00000e+00
 2.45396e+00
 2.32300e+00
 2.14657e+00
 2.04730e+00
 2.01219e+00
 2.00262e+00
 2.00046e+00
 2.00008e+00
 2.00001e+00
 2.00000e+00
 2.00000e+00
 2.00000e+00
 2.00000e+00
 2.00000e+00
 2.00000e+00
 2.35746e+00
 2.18808e+00
 2.07004e+00
 2.02059e+00
 2.00511e+00
 2.00103e+00
 2.00019e+00
 2.00003e+00
 2.00000e+00
 2.00000e+00
 2.00000e+00
 2.00000e+00
 2.00000e+00
 2.00000e+00
 2.00000e+00
 2.21419e+00
 2.08920e+00
 2.02942e+00
 2.00823e+00
 2.00188e+00
 2.00040e+00
 2.00007e+00
 2.00001e+00
 2.00000e+00
 2.00000e+00
 2.00000e+00
 2.00000e+00
 2.00000e+00
 2.00000e+00
 2.00000e+00
 2.10027e+00
 2.03665e+00
 2.01124e+00
 2.00293e+00
 2.00068e+00
 2.00014e+00
 2.00003e+00
 2.00000e+00
 2.00000e+00
 2.00000e+00
 2.00000e+00
 2.00000e+00
 2.00000e+00
 2.00000e+00
 2.00000e+00
 1.84308e+00
 1.91289e+00
 2.11560e+00
 2.34534e+00
 2.41698e+00
 2.26895e+00
 2.08708e+00
 2.01520e+00
 2.00186e+00
 2.00017e+00
 2.00001e+00
 2.00000e+00
 2.00000e+00
 2.00000e+00
 2.00000e+00
 1.81583e+00
 1.88572e+00
 2.09222e+00
 2.32648e+00
 2.39854e+00
 2.25215e+00
 2.07956e+00
 2.01385e+00
 2.00170e+00
 2.00016e+00
 2.00001e+00
 2.00000e+00
 2.00000e+00
 2.00000e+00
 2.00000e+00
 1.81634e+00
 1.89646e+00
 2.11752e+00
 2.34423e+00
 2.38601e+00
 2.22568e+00
 2.06700e+00
 2.01152e+00
 2.00142e+00
 2.00013e+00
 2.00001e+00
 2.00000e+00
 2.00000e+00
 2.00000e+00
 2.00000e+00
 1.81201e+00
 1.90362e+00
 2.13694e+00
 2.35141e+00
 2.36162e+00
 2.19117e+00
 2.05218e+00
 2.00884e+00
 2.00109e+00
 2.00011e+00
 2.00001e+00
 2.00000e+00
 2.00000e+00
 2.00000e+00
 2.00000e+00
 1.86163e+00
 2.01566e+00
 2.25939e+00
 2.41486e+00
 2.34307e+00
 2.15203e+00
 2.03739e+00
 2.00627e+00
 2.00077e+00
 2.00008e+00
 2.00001e+00
 2.00000e+00
 2.00000e+00
 2.00000e+00
 2.00000e+00
 1.91175e+00
 2.11898e+00
 2.35559e+00
 2.43751e+00
 2.29746e+00
 2.11090e+00
 2.02494e+00
 2.00411e+00
 2.00050e+00
 2.00005e+00
 2.00000e+00
 2.00000e+00
 2.00000e+00
 2.00000e+00
 2.00000e+00
 1.99195e+00
 2.23550e+00
 2.43243e+00
 2.41916e+00
 2.23083e+00
 2.07272e+00
 2.01540e+00
 2.00247e+00
 2.00031e+00
 2.00003e+00
 2.00000e+00
 2.00000e+00
 2.00000e+00
 2.00000e+00
 2.00000e+00
 2.09770e+00
 2.34437e+00
 2.46319e+00
 2.35435e+00
 2.15683e+00
 2.04327e+00
 2.00881e+00
 2.00140e+00
 2.00018e+00
 2.00002e+00
 2.00000e+00
 2.00000e+00
 2.00000e+00
 2.00000e+00
 2.00000e+00
 2.23337e+00
 2.43781e+00
 2.44074e+00
 2.26107e+00
 2.09389e+00
 2.02355e+00
 2.00465e+00
 2.00071e+00
 2.00010e+00
 2.00001e+00
 2.00000e+00
 2.00000e+00
 2.00000e+00
 2.00000e+00
 2.00000e+00
 2.36986e+00
 2.47747e+00
 2.36166e+00
 2.16625e+00
 2.05054e+00
 2.01199e+00
 2.00226e+00
 2.00035e+00
 2.00005e+00
 2.00001e+00
 2.00000e+00
 2.00000e+00
 2.00000e+00
 2.00000e+00
 2.00000e+00
 2.45930e+00
 2.43088e+00
 2.24672e+00
 2.09104e+00
 2.02510e+00
 2.00556e+00
 2.00102e+00
 2.00016e+00
 2.00002e+00
 2.00000e+00
 2.00000e+00
 2.00000e+00
 2.00000e+00
 2.00000e+00
 2.00000e+00
 2.45730e+00
 2.31297e+00
 2.13845e+00
 2.04423e+00
 2.01137e+00
 2.00242e+00
 2.00043e+00
 2.00007e+00
 2.00001e+00
 2.00000e+00
 2.00000e+00
 2.00000e+00
 2.00000e+00
 2.00000e+00
 2.00000e+00
 2.35199e+00
 2.17962e+00
 2.06586e+00
 2.01927e+00
 2.00474e+00
 2.00096e+00
 2.00018e+00
 2.00003e+00
 2.00000e+00
 2.00000e+00
 2.00000e+00
 2.00000e+00
 2.00000e+00
 2.00000e+00
 2.00000e+00
 2.20667e+00
 2.08440e+00
 2.02760e+00
 2.00767e+00
 2.00175e+00
 2.00037e+00
 2.00007e+00
 2.00001e+00
 2.00000e+00
 2.00000e+00
 2.00000e+00
 2.00000e+00
 2.00000e+00
 2.00000e+00
 2.00000e+00
 2.09522e+00
 2.03439e+00
 2.01049e+00
 2.00272e+00
 2.00063e+00
 2.00013e+00
 2.00002e+00
 2.00000e+00
 2.00000e+00
 2.00000e+00
 2.00000e+00
 2.00000e+00
 2.00000e+00
 2.00000e+00
 2.00000e+00
 1.79850e+00
 1.86972e+00
 2.08632e+00
 2.32505e+00
 2.38846e+00
 2.23760e+00
 2.07285e+00
 2.01260e+00
 2.00155e+00
 2.00015e+00
 2.00001e+00
 2.00000e+00
 2.00000e+00
 2.00000e+00
 2.00000e+00
 1.81616e+00
 1.89620e+00
 2.11736e+00
 2.34416e+00
 2.38597e+00
 2.22567e+00
 2.06701e+00
 2.01152e+00
 2.00142e+00
 2.00013e+00
 2.00001e+00
 2.00000e+00
 2.00000e+00
 2.00000e+00
 2.00000e+00
 1.79922e+00
 1.87966e+00
 2.11403e+00
 2.34319e+00
 2.36890e+00
 2.20210e+00
 2.05669e+00
 2.00963e+00
 2.00118e+00
 2.00012e+00
 2.00001e+00
 2.00000e+00
 2.00000e+00
 2.00000e+00
 2.00000e+00
 1.86722e+00
 2.00434e+00
 2.24023e+00
 2.41022e+00
 2.36164e+00
 2.17174e+00
 2.04409e+00
 2.00742e+00
 2.00091e+00
 2.00009e+00
 2.00001e+00
 2.00000e+00
 2.00000e+00
 2.00000e+00
 2.00000e+00
 1.91075e+00
 2.09718e+00
 2.33496e+00
 2.44544e+00
 2.33040e+00
 2.13461e+00
 2.03170e+00
 2.00528e+00
 2.00065e+00
 2.00007e+00
 2.00001e+00
 2.00000e+00
 2.00000e+00
 2.00000e+00
 2.00000e+00
 1.92977e+00
 2.15638e+00
 2.38633e+00
 2.43761e+00
 2.27691e+00
 2.09709e+00
 2.02127e+00
 2.00348e+00
 2.00043e+00
 2.00005e+00
 2.00000e+00
 2.00000e+00
 2.00000e+00
 2.00000e+00
 2.00000e+00
 2.00871e+00
 2.26203e+00
 2.44478e+00
 2.40367e+00
 2.20831e+00
 2.06285e+00
 2.01320e+00
 2.00211e+00
 2.00027e+00
 2.00003e+00
 2.00000e+00
 2.00000e+00
 2.00000e+00
 2.00000e+00
 2.00000e+00
 2.11290e+00
 2.36184e+00
 2.45981e+00
 2.33138e+00
 2.13878e+00
 2.03723e+00
 2.00754e+00
 2.00119e+00
 2.00015e+00
 2.00002e+00
 2.00000e+00
 2.00000e+00
 2.00000e+00
 2.00000e+00
 2.00000e+00
 2.25367e+00
 2.44914e+00
 2.42713e+00
 2.23903e+00
 2.08231e+00
 2.02029e+00
 2.00398e+00
 2.00061e+00
 2.00008e+00
 2.00001e+00
 2.00000e+00
 2.00000e+00
 2.00000e+00
 2.00000e+00
 2.00000e+00
 2.39483e+00
 2.47352e+00
 2.33748e+00
 2.14790e+00
 2.04398e+00
 2.01032e+00
 2.00193e+00
 2.00031e+00
 2.00004e+00
 2.00001e+00
 2.00000e+00
 2.00000e+00
 2.00000e+00
 2.00000e+00
 2.00000e+00
 2.48457e+00
 2.41475e+00
 2.22272e+00
 2.07957e+00
 2.02179e+00
 2.00482e+00
 2.00088e+00
 2.00014e+00
 2.00002e+00
 2.00000e+00
 2.00000e+00
 2.00000e+00
 2.00000e+00
 2.00000e+00
 2.00000e+00
 2.46092e+00
 2.28920e+00
 2.12168e+00
 2.03826e+00
 2.00981e+00
 2.00209e+00
 2.00038e+00
 2.00006e+00
 2.00001e+00
 2.00000e+00
 2.00000e+00
 2.00000e+00
 2.00000e+00
 2.00000e+00
 2.00000e+00
 2.33639e+00
 2.16098e+00
 2.05735e+00
 2.01669e+00
 2.00408e+00
 2.00083e+00
 2.00015e+00
 2.00003e+00
 2.00000e+00
 2.00000e+00
 2.00000e+00
 2.00000e+00
 2.00000e+00
 2.00000e+00
 2.00000e+00
 2.18795e+00
 2.07431e+00
 2.02406e+00
 2.00666e+00
 2.00152e+00
 2.00032e+00
 2.00006e+00
 2.00001e+00
 2.00000e+00
 2.00000e+00
 2.00000e+00
 2.00000e+00
 2.00000e+00
 2.00000e+00
 2.00000e+00
 2.08429e+00
 2.03007e+00
 2.00918e+00
 2.00235e+00
 2.00055e+00
 2.00011e+00
 2.00002e+00
 2.00000e+00
 2.00000e+00
 2.00000e+00
 2.00000e+00
 2.00000e+00
 2.00000e+00
 2.00000e+00
 2.00000e+00
 1.80969e+00
 1.89768e+00
 2.12721e+00
 2.34622e+00
 2.36769e+00
 2.20143e+00
 2.05657e+00
 2.00961e+00
 2.00118e+00
 2.00011e+00
 2.00001e+00
 2.00000e+00
 2.00000e+00
 2.00000e+00
 2.00000e+00
 1.81204e+00
 1.90361e+00
 2.13703e+00
 2.35151e+00
 2.36162e+00
 2.19116e+00
 2.05218e+00
 2.00884e+00
 2.00109e+00
 2.00011e+00
 2.00001e+00
 2.00000e+00
 2.00000e+00
 2.00000e+00
 2.00000e+00
 1.86743e+00
 2.00450e+00
 2.24024e+00
 2.41017e+00
 2.36160e+00
 2.17174e+00
 2.04409e+00
 2.00742e+00
 2.00091e+00
 2.00009e+00
 2.00001e+00
 2.00000e+00
 2.00000e+00
 2.00000e+00
 2.00000e+00
 1.91711e+00
 2.09497e+00
 2.32910e+00
 2.44749e+00
 2.34186e+00
 2.14369e+00
 2.03442e+00
 2.00577e+00
 2.00071e+00
 2.00007e+00
 2.00001e+00
 2.00000e+00
 2.00000e+00
 2.00000e+00
 2.00000e+00
 1.92727e+00
 2.14201e+00
 2.37737e+00
 2.45021e+00
 2.30130e+00
 2.11136e+00
 2.02503e+00
 2.00413e+00
 2.00051e+00
 2.00005e+00
 2.00000e+00
 2.00000e+00
 2.00000e+00
 2.00000e+00
 2.00000e+00
 1.93054e+00
 2.17965e+00
 2.40264e+00
 2.41896e+00
 2.24193e+00
 2.07873e+00
 2.01681e+00
 2.00273e+00
 2.00034e+00
 2.00004e+00
 2.00000e+00
 2.00000e+00
 2.00000e+00
 2.00000e+00
 2.00000e+00
 2.00791e+00
 2.27142e+00
 2.43639e+00
 2.36818e+00
 2.17553e+00
 2.05031e+00
 2.01039e+00
 2.00165e+00
 2.00021e+00
 2.00002e+00
 2.00000e+00
 2.00000e+00
 2.00000e+00
 2.00000e+00
 2.00000e+00
 2.12518e+00
 2.37396e+00
 2.44170e+00
 2.29350e+00
 2.11442e+00
 2.02972e+00
 2.00594e+00
 2.00093e+00
 2.00012e+00
 2.00001e+00
 2.00000e+00
 2.00000e+00
 2.00000e+00
 2.00000e+00
 2.00000e+00
 2.26653e+00
 2.44441e+00
 2.39312e+00
 2.20439e+00
 2.06698e+00
 2.01628e+00
 2.00315e+00
 2.00049e+00
 2.00007e+00
 2.00001e+00
 2.00000e+00
 2.00000e+00
 2.00000e+00
 2.00000e+00
 2.00000e+00
 2.41214e+00
 2.45432e+00
 2.29911e+00
 2.12319e+00
 2.03568e+00
 2.00824e+00
 2.00153e+00
 2.00024e+00
 2.00003e+00
 2.00000e+00
 2.00000e+00
 2.00000e+00
 2.00000e+00
 2.00000e+00
 2.00000e+00
 2.48181e+00
 2.37743e+00
 2.18872e+00
 2.06511e+00
 2.01756e+00
 2.00385e+00
 2.00070e+00
 2.00011e+00
 2.00002e+00
 2.00000e+00
 2.00000e+00
 2.00000e+00
 2.00000e+00
 2.00000e+00
 2.00000e+00
 2.43633e+00
 2.25203e+00
 2.10056e+00
 2.03105e+00
 2.00789e+00
 2.00166e+00
 2.00031e+00
 2.00005e+00
 2.00001e+00
 2.00000e+00
 2.00000e+00
 2.00000e+00
 2.00000e+00
 2.00000e+00
 2.00000e+00
 2.30086e+00
 2.13515e+00
 2.04695e+00
 2.01349e+00
 2.00327e+00
 2.00067e+00
 2.00013e+00
 2.00002e+00
 2.00000e+00
 2.00000e+00
 2.00000e+00
 2.00000e+00
 2.00000e+00
 2.00000e+00
 2.00000e+00
 2.16067e+00
 2.06140e+00
 2.01963e+00
 2.00538e+00
 2.00122e+00
 2.00026e+00
 2.00005e+00
 2.00001e+00
 2.00000e+00
 2.00000e+00
 2.00000e+00
 2.00000e+00
 2.00000e+00
 2.00000e+00
 2.00000e+00
 2.07016e+00
 2.02444e+00
 2.00743e+00
 2.00188e+00
 2.00045e+00
 2.00009e+00
 2.00002e+00
 2.00000e+00
 2.00000e+00
 2.00000e+00
 2.00000e+00
 2.00000e+00
 2.00000e+00
 2.00000e+00
 2.00000e+00
 1.85500e+00
 1.99834e+00
 2.23895e+00
 2.40511e+00
 2.34878e+00
 2.16058e+00
 2.04036e+00
 2.00678e+00
 2.00084e+00
 2.00008e+00
 2.00001e+00
 2.00000e+00
 2.00000e+00
 2.00000e+00
 2.00000e+00
 1.86200e+00
 2.01569e+00
 2.25908e+00
 2.41455e+00
 2.34295e+00
 2.15203e+00
 2.03739e+00
 2.00627e+00
 2.00077e+00
 2.00008e+00
 2.00001e+00
 2.00000e+00
 2.00000e+00
 2.00000e+00
 2.00000e+00
 1.91075e+00
 2.09714e+00
 2.33487e+00
 2.44533e+00
 2.33035e+00
 2.13460e+00
 2.03170e+00
 2.00528e+00
 2.00065e+00
 2.00007e+00
 2.00001e+00
 2.00000e+00
 2.00000e+00
 2.00000e+00
 2.00000e+00
 1.92717e+00
 2.14209e+00
 2.37750e+00
 2.45021e+00
 2.30128e+00
 2.11136e+00
 2.02503e+00
 2.00413e+00
 2.00051e+00
 2.00005e+00
 2.00000e+00
 2.00000e+00
 2.00000e+00
 2.00000e+00
 2.00000e+00
 1.91270e+00
 2.16267e+00
 2.39691e+00
 2.42670e+00
 2.25369e+00
 2.08451e+00
 2.01825e+00
 2.00296e+00
 2.00037e+00
 2.00004e+00
 2.00000e+00
 2.00000e+00
 2.00000e+00
 2.00000e+00
 2.00000e+00
 1.97903e+00
 2.23896e+00
 2.42593e+00
 2.38540e+00
 2.19590e+00
 2.05845e+00
 2.01222e+00
 2.00196e+00
 2.00025e+00
 2.00003e+00
 2.00000e+00
 2.00000e+00
 2.00000e+00
 2.00000e+00
 2.00000e+00
 2.06936e+00
 2.33268e+00
 2.44430e+00
 2.32468e+00
 2.13716e+00
 2.03708e+00
 2.00756e+00
 2.00119e+00
 2.00016e+00
 2.00002e+00
 2.00000e+00
 2.00000e+00
 2.00000e+00
 2.00000e+00
 2.00000e+00
 2.19776e+00
 2.41611e+00
 2.42014e+00
 2.24478e+00
 2.08704e+00
 2.02190e+00
 2.00432e+00
 2.00068e+00
 2.00009e+00
 2.00001e+00
 2.00000e+00
 2.00000e+00
 2.00000e+00
 2.00000e+00
 2.00000e+00
 2.33869e+00
 2.45981e+00
 2.35234e+00
 2.16329e+00
 2.05043e+00
 2.01206e+00
 2.00230e+00
 2.00036e+00
 2.00005e+00
 2.00001e+00
 2.00000e+00
 2.00000e+00
 2.00000e+00
 2.00000e+00
 2.00000e+00
 2.44155e+00
 2.42587e+00
 2.24967e+00
 2.09501e+00
 2.02685e+00
 2.00610e+00
 2.00113e+00
 2.00018e+00
 2.00003e+00
 2.00000e+00
 2.00000e+00
 2.00000e+00
 2.00000e+00
 2.00000e+00
 2.00000e+00
 2.46873e+00
 2.32835e+00
 2.15012e+00
 2.04958e+00
 2.01316e+00
 2.00287e+00
 2.00053e+00
 2.00009e+00
 2.00001e+00
 2.00000e+00
 2.00000e+00
 2.00000e+00
 2.00000e+00
 2.00000e+00
 2.00000e+00
 2.38882e+00
 2.20496e+00
 2.07741e+00
 2.02349e+00
 2.00590e+00
 2.00124e+00
 2.00023e+00
 2.00004e+00
 2.00001e+00
 2.00000e+00
 2.00000e+00
 2.00000e+00
 2.00000e+00
 2.00000e+00
 2.00000e+00
 2.25116e+00
 2.10594e+00
 2.03580e+00
 2.01014e+00
 2.00242e+00
 2.00051e+00
 2.00010e+00
 2.00002e+00
 2.00000e+00
 2.00000e+00
 2.00000e+00
 2.00000e+00
 2.00000e+00
 2.00000e+00
 2.00000e+00
 2.12731e+00
 2.04726e+00
 2.01479e+00
 2.00401e+00
 2.00092e+00
 2.00020e+00
 2.00004e+00
 2.00001e+00
 2.00000e+00
 2.00000e+00
 2.00000e+00
 2.00000e+00
 2.00000e+00
 2.00000e+00
 2.00000e+00
 2.05444e+00
 2.01859e+00
 2.00560e+00
 2.00141e+00
 2.00034e+00
 2.00007e+00
 2.00001e+00
 2.00000e+00
 2.00000e+00
 2.00000e+00
 2.00000e+00
 2.00000e+00
 2.00000e+00
 2.00000e+00
 2.00000e+00
 1.91486e+00
 2.10847e+00
 2.34311e+00
 2.43703e+00
 2.30721e+00
 2.11807e+00
 2.02696e+00
 2.00445e+00
 2.00055e+00
 2.00006e+00
 2.00001e+00
 2.00000e+00
 2.00000e+00
 2.00000e+00
 2.00000e+00
 1.91173e+00
 2.11891e+00
 2.35535e+00
 2.43728e+00
 2.29738e+00
 2.11089e+00
 2.02494e+00
 2.00411e+00
 2.00050e+00
 2.00005e+00
 2.00000e+00
 2.00000e+00
 2.00000e+00
 2.00000e+00
 2.00000e+00
 1.92956e+00
 2.15652e+00
 2.38647e+00
 2.43756e+00
 2.27684e+00
 2.09707e+00
 2.02127e+00
 2.00348e+00
 2.00043e+00
 2.00005e+00
 2.00000e+00
 2.00000e+00
 2.00000e+00
 2.00000e+00
 2.00000e+00
 1.93054e+00
 2.17995e+00
 2.40293e+00
 2.41900e+00
 2.24189e+00
 2.07872e+00
 2.01681e+00
 2.00272e+00
 2.00034e+00
 2.00004e+00
 2.00000e+00
 2.00000e+00
 2.00000e+00
 2.00000e+00
 2.00000e+00
 1.97920e+00
 2.23914e+00
 2.42603e+00
 2.38539e+00
 2.19588e+00
 2.05845e+00
 2.01222e+00
 2.00196e+00
 2.00025e+00
 2.00003e+00
 2.00000e+00
 2.00000e+00
 2.00000e+00
 2.00000e+00
 2.00000e+00
 2.06605e+00
 2.32466e+00
 2.44600e+00
 2.33584e+00
 2.14572e+00
 2.04003e+00
 2.00819e+00
 2.00130e+00
 2.00017e+00
 2.00002e+00
 2.00000e+00
 2.00000e+00
 2.00000e+00
 2.00000e+00
 2.00000e+00
 2.18769e+00
 2.41158e+00
 2.43660e+00
 2.26752e+00
 2.09908e+00
 2.02551e+00
 2.00509e+00
 2.00080e+00
 2.00011e+00
 2.00001e+00
 2.00000e+00
 2.00000e+00
 2.00000e+00
 2.00000e+00
 2.00000e+00
 2.31810e+00
 2.46822e+00
 2.38702e+00
 2.19187e+00
 2.06178e+00
 2.01508e+00
 2.00292e+00
 2.00046e+00
 2.00006e+00
 2.00001e+00
 2.00000e+00
 2.00000e+00
 2.00000e+00
 2.00000e+00
 2.00000e+00
 2.42345e+00
 2.45865e+00
 2.29681e+00
 2.12137e+00
 2.03546e+00
 2.00829e+00
 2.00156e+00
 2.00025e+00
 2.00003e+00
 2.00000e+00
 2.00000e+00
 2.00000e+00
 2.00000e+00
 2.00000e+00
 2.00000e+00
 2.47921e+00
 2.38570e+00
 2.19610e+00
 2.06878e+00
 2.01885e+00
 2.00420e+00
 2.00078e+00
 2.00013e+00
 2.00002e+00
 2.00000e+00
 2.00000e+00
 2.00000e+00
 2.00000e+00
 2.00000e+00
 2.00000e+00
 2.44145e+00
 2.26759e+00
 2.11095e+00
 2.03526e+00
 2.00915e+00
 2.00198e+00
 2.00037e+00
 2.00006e+00
 2.00001e+00
 2.00000e+00
 2.00000e+00
 2.00000e+00
 2.00000e+00
 2.00000e+00
 2.00000e+00
 2.32770e+00
 2.15553e+00
 2.05583e+00
 2.01659e+00
 2.00409e+00
 2.00086e+00
 2.00016e+00
 2.00003e+00
 2.00000e+00
 2.00000e+00
 2.00000e+00
 2.00000e+00
 2.00000e+00
 2.00000e+00
 2.00000e+00
 2.19285e+00
 2.07672e+00
 2.02544e+00
 2.00708e+00
 2.00168e+00
 2.00036e+00
 2.00007e+00
 2.00001e+00
 2.00000e+00
 2.00000e+00
 2.00000e+00
 2.00000e+00
 2.00000e+00
 2.00000e+00
 2.00000e+00
 2.09322e+00
 2.03389e+00
 2.01044e+00
 2.00278e+00
 2.00065e+00
 2.00014e+00
 2.00003e+00
 2.00000e+00
 2.00000e+00
 2.00000e+00
 2.00000e+00
 2.00000e+00
 2.00000e+00
 2.00000e+00
 2.00000e+00
 2.03887e+00
 2.01306e+00
 2.00388e+00
 2.00099e+00
 2.00024e+00
 2.00005e+00
 2.00001e+00
 2.00000e+00
 2.00000e+00
 2.00000e+00
 2.00000e+00
 2.00000e+00
 2.00000e+00
 2.00000e+00
 2.00000e+00
 1.93217e+00
 2.18113e+00
 2.40292e+00
 2.41891e+00
 2.24215e+00
 2.07858e+00
 2.01674e+00
 2.00269e+00
 2.00034e+00
 2.00004e+00
 2.00000e+00
 2.00000e+00
 2.00000e+00
 2.00000e+00
 2.00000e+00
 1.99162e+00
 2.23535e+00
 2.43221e+00
 2.41890e+00
 2.23075e+00
 2.07271e+00
 2.01540e+00
 2.00247e+00
 2.00031e+00
 2.00003e+00
 2.00000e+00
 2.00000e+00
 2.00000e+00
 2.00000e+00
 2.00000e+00
 2.00838e+00
 2.26175e+00
 2.44453e+00
 2.40348e+00
 2.20827e+00
 2.06285e+00
 2.01320e+00
 2.00211e+00
 2.00027e+00
 2.00003e+00
 2.00000e+00
 2.00000e+00
 2.00000e+00
 2.00000e+00
 2.00000e+00
 2.00781e+00
 2.27127e+00
 2.43626e+00
 2.36807e+00
 2.17551e+00
 2.05031e+00
 2.01039e+00
 2.00165e+00
 2.00021e+00
 2.00002e+00
 2.00000e+00
 2.00000e+00
 2.00000e+00
 2.00000e+00
 2.00000e+00
 2.06948e+00
 2.33277e+00
 2.44430e+00
 2.32464e+00
 2.13715e+00
 2.03708e+00
 2.00756e+00
 2.00119e+00
 2.00016e+00
 2.00002e+00
 2.00000e+00
 2.00000e+00
 2.00000e+00
 2.00000e+00
 2.00000e+00
 2.18785e+00
 2.41168e+00
 2.43661e+00
 2.26751e+00
 2.09908e+00
 2.02551e+00
 2.00509e+00
 2.00080e+00
 2.00011e+00
 2.00001e+00
 2.00000e+00
 2.00000e+00
 2.00000e+00
 2.00000e+00
 2.00000e+00
 2.32182e+00
 2.47605e+00
 2.40124e+00
 2.20299e+00
 2.06624e+00
 2.01631e+00
 2.00317e+00
 2.00050e+00
 2.00007e+00
 2.00001e+00
 2.00000e+00
 2.00000e+00
 2.00000e+00
 2.00000e+00
 2.00000e+00
 2.42757e+00
 2.48191e+00
 2.32585e+00
 2.13783e+00
 2.04094e+00
 2.00968e+00
 2.00183e+00
 2.00029e+00
 2.00004e+00
 2.00000e+00
 2.00000e+00
 2.00000e+00
 2.00000e+00
 2.00000e+00
 2.00000e+00
 2.49193e+00
 2.42759e+00
 2.23166e+00
 2.08412e+00
 2.02350e+00
 2.00534e+00
 2.00099e+00
 2.00016e+00
 2.00002e+00
 2.00000e+00
 2.00000e+00
 2.00000e+00
 2.00000e+00
 2.00000e+00
 2.00000e+00
 2.47770e+00
 2.32006e+00
 2.14182e+00
 2.04637e+00
 2.01235e+00
 2.00270e+00
 2.00050e+00
 2.00008e+00
 2.00001e+00
 2.00000e+00
 2.00000e+00
 2.00000e+00
 2.00000e+00
 2.00000e+00
 2.00000e+00
 2.38764e+00
 2.20305e+00
 2.07704e+00
 2.02348e+00
 2.00596e+00
 2.00127e+00
 2.00024e+00
 2.00004e+00
 2.00001e+00
 2.00000e+00
 2.00000e+00
 2.00000e+00
 2.00000e+00
 2.00000e+00
 2.00000e+00
 2.25438e+00
 2.10952e+00
 2.03768e+00
 2.01089e+00
 2.00265e+00
 2.00056e+00
 2.00011e+00
 2.00002e+00
 2.00000e+00
 2.00000e+00
 2.00000e+00
 2.00000e+00
 2.00000e+00
 2.00000e+00
 2.00000e+00
 2.13827e+00
 2.05246e+00
 2.01685e+00
 2.00461e+00
 2.00110e+00
 2.00023e+00
 2.00004e+00
 2.00001e+00
 2.00000e+00
 2.00000e+00
 2.00000e+00
 2.00000e+00
 2.00000e+00
 2.00000e+00
 2.00000e+00
 2.06383e+00
 2.02259e+00
 2.00683e+00
 2.00181e+00
 2.00043e+00
 2.00009e+00
 2.00002e+00
 2.00000e+00
 2.00000e+00
 2.00000e+00
 2.00000e+00
 2.00000e+00
 2.00000e+00
 2.00000e+00
 2.00000e+00
 2.02618e+00
 2.00867e+00
 2.00252e+00
 2.00066e+00
 2.00016e+00
 2.00003e+00
 2.00001e+00
 2.00000e+00
 2.00000e+00
 2.00000e+00
 2.00000e+00
 2.00000e+00
 2.00000e+00
 2.00000e+00
 2.00000e+00
 2.02627e+00
 2.28462e+00
 2.43750e+00
 2.35873e+00
 2.16656e+00
 2.04692e+00
 2.00957e+00
 2.00151e+00
 2.00019e+00
 2.00002e+00
 2.00000e+00
 2.00000e+00
 2.00000e+00
 2.00000e+00
 2.00000e+00
 2.09746e+00
 2.34423e+00
 2.46294e+00
 2.35415e+00
 2.15678e+00
 2.04326e+00
 2.00881e+00
 2.00140e+00
 2.00018e+00
 2.00002e+00
 2.00000e+00
 2.00000e+00
 2.00000e+00
 2.00000e+00
 2.00000e+00
 2.11286e+00
 2.36179e+00
 2.45962e+00
 2.33123e+00
 2.13874e+00
 2.03722e+00
 2.00754e+00
 2.00119e+00
 2.00015e+00
 2.00002e+00
 2.00000e+00
 2.00000e+00
 2.00000e+00
 2.00000e+00
 2.00000e+00
 2.12528e+00
 2.37390e+00
 2.44156e+00
 2.29342e+00
 2.11440e+00
 2.02972e+00
 2.00593e+00
 2.00093e+00
 2.00012e+00
 2.00001e+00
 2.00000e+00
 2.00000e+00
 2.00000e+00
 2.00000e+00
 2.00000e+00
 2.19814e+00
 2.41627e+00
 2.42013e+00
 2.24476e+00
 2.08703e+00
 2.02190e+00
 2.00432e+00
 2.00068e+00
 2.00009e+00
 2.00001e+00
 2.00000e+00
 2.00000e+00
 2.00000e+00
 2.00000e+00
 2.00000e+00
 2.31843e+00
 2.46837e+00
 2.38701e+00
 2.19186e+00
 2.06178e+00
 2.01508e+00
 2.00292e+00
 2.00046e+00
 2.00006e+00
 2.00001e+00
 2.00000e+00
 2.00000e+00
 2.00000e+00
 2.00000e+00
 2.00000e+00
 2.42775e+00
 2.48197e+00
 2.32584e+00
 2.13782e+00
 2.04094e+00
 2.00968e+00
 2.00183e+00
 2.00029e+00
 2.00004e+00
 2.00000e+00
 2.00000e+00
 2.00000e+00
 2.00000e+00
 2.00000e+00
 2.00000e+00
 2.50100e+00
 2.44438e+00
 2.24564e+00
 2.09027e+00
 2.02522e+00
 2.00574e+00
 2.00107e+00
 2.00017e+00
 2.00002e+00
 2.00000e+00
 2.00000e+00
 2.00000e+00
 2.00000e+00
 2.00000e+00
 2.00000e+00
 2.50063e+00
 2.35186e+00
 2.16146e+00
 2.05365e+00
 2.01441e+00
 2.00316e+00
 2.00059e+00
 2.00010e+00
 2.00001e+00
 2.00000e+00
 2.00000e+00
 2.00000e+00
 2.00000e+00
 2.00000e+00
 2.00000e+00
 2.42939e+00
 2.23980e+00
 2.09415e+00
 2.02930e+00
 2.00754e+00
 2.00160e+00
 2.00030e+00
 2.00005e+00
 2.00001e+00
 2.00000e+00
 2.00000e+00
 2.00000e+00
 2.00000e+00
 2.00000e+00
 2.00000e+00
 2.30468e+00
 2.13940e+00
 2.04931e+00
 2.01457e+00
 2.00360e+00
 2.00077e+00
 2.00014e+00
 2.00002e+00
 2.00000e+00
 2.00000e+00
 2.00000e+00
 2.00000e+00
 2.00000e+00
 2.00000e+00
 2.00000e+00
 2.18142e+00
 2.07184e+00
 2.02383e+00
 2.00670e+00
 2.00160e+00
 2.00034e+00
 2.00007e+00
 2.00001e+00
 2.00000e+00
 2.00000e+00
 2.00000e+00
 2.00000e+00
 2.00000e+00
 2.00000e+00
 2.00000e+00
 2.09144e+00
 2.03340e+00
 2.01048e+00
 2.00280e+00
 2.00067e+00
 2.00014e+00
 2.00003e+00
 2.00000e+00
 2.00000e+00
 2.00000e+00
 2.00000e+00
 2.00000e+00
 2.00000e+00
 2.00000e+00
 2.00000e+00
 2.04111e+00
 2.01406e+00
 2.00420e+00
 2.00110e+00
 2.00026e+00
 2.00006e+00
 2.00001e+00
 2.00000e+00
 2.00000e+00
 2.00000e+00
 2.00000e+00
 2.00000e+00
 2.00000e+00
 2.00000e+00
 2.00000e+00
 2.01624e+00
 2.00531e+00
 2.00153e+00
 2.00040e+00
 2.00010e+00
 2.00002e+00
 2.00000e+00
 2.00000e+00
 2.00000e+00
 2.00000e+00
 2.00000e+00
 2.00000e+00
 2.00000e+00
 2.00000e+00
 2.00000e+00
 2.19571e+00
 2.40963e+00
 2.43612e+00
 2.27044e+00
 2.10040e+00
 2.02535e+00
 2.00501e+00
 2.00077e+00
 2.00010e+00
 2.00001e+00
 2.00000e+00
 2.00000e+00
 2.00000e+00
 2.00000e+00
 2.00000e+00
 2.23330e+00
 2.43766e+00
 2.44050e+00
 2.26097e+00
 2.09387e+00
 2.02354e+00
 2.00465e+00
 2.00071e+00
 2.00010e+00
 2.00001e+00
 2.00000e+00
 2.00000e+00
 2.00000e+00
 2.00000e+00
 2.00000e+00
 2.25353e+00
 2.44895e+00
 2.42689e+00
 2.23895e+00
 2.08230e+00
 2.02029e+00
 2.00397e+00
 2.00061e+00
 2.00008e+00
 2.00001e+00
 2.00000e+00
 2.00000e+00
 2.00000e+00
 2.00000e+00
 2.00000e+00
 2.26657e+00
 2.44432e+00
 2.39300e+00
 2.20435e+00
 2.06698e+00
 2.01627e+00
 2.00315e+00
 2.00049e+00
 2.00007e+00
 2.00001e+00
 2.00000e+00
 2.00000e+00
 2.00000e+00
 2.00000e+00
 2.00000e+00
 2.33903e+00
 2.45986e+00
 2.35228e+00
 2.16327e+00
 2.05042e+00
 2.01206e+00
 2.00230e+00
 2.00036e+00
 2.00005e+00
 2.00001e+00
 2.00000e+00
 2.00000e+00
 2.00000e+00
 2.00000e+00
 2.00000e+00
 2.42384e+00
 2.45873e+00
 2.29679e+00
 2.12136e+00
 2.03546e+00
 2.00829e+00
 2.00156e+00
 2.00025e+00
 2.00003e+00
 2.00000e+00
 2.00000e+00
 2.00000e+00
 2.00000e+00
 2.00000e+00
 2.00000e+00
 2.49215e+00
 2.42761e+00
 2.23165e+00
 2.08412e+00
 2.02350e+00
 2.00534e+00
 2.00099e+00
 2.00016e+00
 2.00002e+00
 2.00000e+00
 2.00000e+00
 2.00000e+00
 2.00000e+00
 2.00000e+00
 2.00000e+00
 2.50070e+00
 2.35187e+00
 2.16145e+00
 2.05365e+00
 2.01441e+00
 2.00316e+00
 2.00059e+00
 2.00010e+00
 2.00001e+00
 2.00000e+00
 2.00000e+00
 2.00000e+00
 2.00000e+00
 2.00000e+00
 2.00000e+00
 2.44470e+00
 2.25389e+00
 2.10096e+00
 2.03148e+00
 2.00811e+00
 2.00175e+00
 2.00033e+00
 2.00005e+00
 2.00001e+00
 2.00000e+00
 2.00000e+00
 2.00000e+00
 2.00000e+00
 2.00000e+00
 2.00000e+00
 2.33338e+00
 2.15769e+00
 2.05686e+00
 2.01696e+00
 2.00422e+00
 2.00090e+00
 2.00017e+00
 2.00003e+00
 2.00000e+00
 2.00000e+00
 2.00000e+00
 2.00000e+00
 2.00000e+00
 2.00000e+00
 2.00000e+00
 2.21285e+00
 2.08738e+00
 2.02940e+00
 2.00835e+00
 2.00202e+00
 2.00043e+00
 2.00008e+00
 2.00001e+00
 2.00000e+00
 2.00000e+00
 2.00000e+00
 2.00000e+00
 2.00000e+00
 2.00000e+00
 2.00000e+00
 2.11591e+00
 2.04341e+00
 2.01389e+00
 2.00379e+00
 2.00091e+00
 2.00019e+00
 2.00004e+00
 2.00001e+00
 2.00000e+00
 2.00000e+00
 2.00000e+00
 2.00000e+00
 2.00000e+00
 2.00000e+00
 2.00000e+00
 2.05623e+00
 2.01987e+00
 2.00601e+00
 2.00159e+00
 2.00038e+00
 2.00008e+00
 2.00002e+00
 2.00000e+00
 2.00000e+00
 2.00000e+00
 2.00000e+00
 2.00000e+00
 2.00000e+00
 2.00000e+00
 2.00000e+00
 2.02451e+00
 2.00816e+00
 2.00239e+00
 2.00063e+00
 2.00015e+00
 2.00003e+00
 2.00001e+00
 2.00000e+00
 2.00000e+00
 2.00000e+00
 2.00000e+00
 2.00000e+00
 2.00000e+00
 2.00000e+00
 2.00000e+00
 2.00954e+00
 2.00308e+00
 2.00088e+00
 2.00024e+00
 2.00006e+00
 2.00001e+00
 2.00000e+00
 2.00000e+00
 2.00000e+00
 2.00000e+00
 2.00000e+00
 2.00000e+00
 2.00000e+00
 2.00000e+00
 2.00000e+00
 2.34819e+00
 2.47004e+00
 2.36951e+00
 2.17532e+00
 2.05418e+00
 2.01286e+00
 2.00242e+00
 2.00038e+00
 2.00005e+00
 2.00001e+00
 2.00000e+00
 2.00000e+00
 2.00000e+00
 2.00000e+00
 2.00000e+00
 2.37016e+00
 2.47741e+00
 2.36150e+00
 2.16620e+00
 2.05052e+00
 2.01198e+00
 2.00225e+00
 2.00035e+00
 2.00005e+00
 2.00001e+00
 2.00000e+00
 2.00000e+00
 2.00000e+00
 2.00000e+00
 2.00000e+00
 2.39471e+00
 2.47331e+00
 2.33734e+00
 2.14788e+00
 2.04398e+00
 2.01032e+00
 2.00193e+00
 2.00031e+00
 2.00004e+00
 2.00001e+00
 2.00000e+00
 2.00000e+00
 2.00000e+00
 2.00000e+00
 2.00000e+00
 2.41177e+00
 2.45405e+00
 2.29903e+00
 2.12320e+00
 2.03569e+00
 2.00824e+00
 2.00153e+00
 2.00024e+00
 2.00003e+00
 2.00000e+00
 2.00000e+00
 2.00000e+00
 2.00000e+00
 2.00000e+00
 2.00000e+00
 2.44156e+00
 2.42580e+00
 2.24965e+00
 2.09498e+00
 2.02685e+00
 2.00610e+00
 2.00113e+00
 2.00018e+00
 2.00003e+00
 2.00000e+00
 2.00000e+00
 2.00000e+00
 2.00000e+00
 2.00000e+00
 2.00000e+00
 2.47931e+00
 2.38566e+00
 2.19608e+00
 2.06878e+00
 2.01887e+00
 2.00420e+00
 2.00078e+00
 2.00013e+00
 2.00002e+00
 2.00000e+00
 2.00000e+00
 2.00000e+00
 2.00000e+00
 2.00000e+00
 2.00000e+00
 2.47778e+00
 2.32006e+00
 2.14182e+00
 2.04637e+00
 2.01235e+00
 2.00270e+00
 2.00050e+00
 2.00008e+00
 2.00001e+00
 2.00000e+00
 2.00000e+00
 2.00000e+00
 2.00000e+00
 2.00000e+00
 2.00000e+00
 2.42940e+00
 2.23980e+00
 2.09415e+00
 2.02930e+00
 2.00754e+00
 2.00160e+00
 2.00030e+00
 2.00005e+00
 2.00001e+00
 2.00000e+00
 2.00000e+00
 2.00000e+00
 2.00000e+00
 2.00000e+00
 2.00000e+00
 2.33338e+00
 2.15769e+00
 2.05687e+00
 2.01696e+00
 2.00422e+00
 2.00090e+00
 2.00017e+00
 2.00003e+00
 2.00000e+00
 2.00000e+00
 2.00000e+00
 2.00000e+00
 2.00000e+00
 2.00000e+00
 2.00000e+00
 2.22456e+00
 2.09332e+00
 2.03164e+00
 2.00904e+00
 2.00220e+00
 2.00047e+00
 2.00009e+00
 2.00002e+00
 2.00000e+00
 2.00000e+00
 2.00000e+00
 2.00000e+00
 2.00000e+00
 2.00000e+00
 2.00000e+00
 2.13018e+00
 2.04968e+00
 2.01601e+00
 2.00441e+00
 2.00105e+00
 2.00023e+00
 2.00004e+00
 2.00001e+00
 2.00000e+00
 2.00000e+00
 2.00000e+00
 2.00000e+00
 2.00000e+00
 2.00000e+00
 2.00000e+00
 2.06812e+00
 2.02438e+00
 2.00750e+00
 2.00200e+00
 2.00048e+00
 2.00010e+00
 2.00002e+00
 2.00000e+00
 2.00000e+00
 2.00000e+00
 2.00000e+00
 2.00000e+00
 2.00000e+00
 2.00000e+00
 2.00000e+00
 2.03183e+00
 2.01085e+00
 2.00321e+00
 2.00085e+00
 2.00020e+00
 2.00004e+00
 2.00001e+00
 2.00000e+00
 2.00000e+00
 2.00000e+00
 2.00000e+00
 2.00000e+00
 2.00000e+00
 2.00000e+00
 2.00000e+00
 2.01365e+00
 2.00442e+00
 2.00129e+00
 2.00034e+00
 2.00008e+00
 2.00002e+00
 2.00000e+00
 2.00000e+00
 2.00000e+00
 2.00000e+00
 2.00000e+00
 2.00000e+00
 2.00000e+00
 2.00000e+00
 2.00000e+00
 2.00515e+00
 2.00165e+00
 2.00048e+00
 2.00013e+00
 2.00003e+00
 2.00001e+00
 2.00000e+00
 2.00000e+00
 2.00000e+00
 2.00000e+00
 2.00000e+00
 2.00000e+00
 2.00000e+00
 2.00000e+00
 2.00000e+00
 2.44740e+00
 2.43705e+00
 2.25825e+00
 2.09710e+00
 2.02695e+00
 2.00597e+00
 2.00110e+00
 2.00017e+00
 2.00002e+00
 2.00000e+00
 2.00000e+00
 2.00000e+00
 2.00000e+00
 2.00000e+00
 2.00000e+00
 2.45973e+00
 2.43086e+00
 2.24665e+00
 2.09102e+00
 2.02509e+00
 2.00556e+00
 2.00102e+00
 2.00016e+00
 2.00002e+00
 2.00000e+00
 2.00000e+00
 2.00000e+00
 2.00000e+00
 2.00000e+00
 2.00000e+00
 2.48441e+00
 2.41458e+00
 2.22267e+00
 2.07957e+00
 2.02179e+00
 2.00482e+00
 2.00088e+00
 2.00014e+00
 2.00002e+00
 2.00000e+00
 2.00000e+00
 2.00000e+00
 2.00000e+00
 2.00000e+00
 2.00000e+00
 2.48141e+00
 2.37729e+00
 2.18873e+00
 2.06509e+00
 2.01756e+00
 2.00385e+00
 2.00070e+00
 2.00011e+00
 2.00002e+00
 2.00000e+00
 2.00000e+00
 2.00000e+00
 2.00000e+00
 2.00000e+00
 2.00000e+00
 2.46850e+00
 2.32827e+00
 2.15009e+00
 2.04944e+00
 2.01314e+00
 2.00287e+00
 2.00053e+00
 2.00009e+00
 2.00001e+00
 2.00000e+00
 2.00000e+00
 2.00000e+00
 2.00000e+00
 2.00000e+00
 2.00000e+00
 2.44140e+00
 2.26758e+00
 2.11096e+00
 2.03524e+00
 2.00916e+00
 2.00198e+00
 2.00037e+00
 2.00006e+00
 2.00001e+00
 2.00000e+00
 2.00000e+00
 2.00000e+00
 2.00000e+00
 2.00000e+00
 2.00000e+00
 2.38762e+00
 2.20305e+00
 2.07705e+00
 2.02349e+00
 2.00596e+00
 2.00127e+00
 2.00024e+00
 2.00004e+00
 2.00001e+00
 2.00000e+00
 2.00000e+00
 2.00000e+00
 2.00000e+00
 2.00000e+00
 2.00000e+00
 2.30470e+00
 2.13941e+00
 2.04931e+00
 2.01458e+00
 2.00360e+00
 2.00077e+00
 2.00014e+00
 2.00002e+00
 2.00000e+00
 2.00000e+00
 2.00000e+00
 2.00000e+00
 2.00000e+00
 2.00000e+00
 2.00000e+00
 2.21285e+00
 2.08738e+00
 2.02940e+00
 2.00835e+00
 2.00202e+00
 2.00043e+00
 2.00008e+00
 2.00001e+00
 2.00000e+00
 2.00000e+00
 2.00000e+00
 2.00000e+00
 2.00000e+00
 2.00000e+00
 2.00000e+00
 2.13019e+00
 2.04968e+00
 2.01601e+00
 2.00441e+00
 2.00105e+00
 2.00023e+00
 2.00004e+00
 2.00001e+00
 2.00000e+00
 2.00000e+00
 2.00000e+00
 2.00000e+00
 2.00000e+00
 2.00000e+00
 2.00000e+00
 2.07242e+00
 2.02616e+00
 2.00805e+00
 2.00215e+00
 2.00052e+00
 2.00011e+00
 2.00002e+00
 2.00000e+00
 2.00000e+00
 2.00000e+00
 2.00000e+00
 2.00000e+00
 2.00000e+00
 2.00000e+00
 2.00000e+00
 2.03631e+00
 2.01247e+00
 2.00371e+00
 2.00098e+00
 2.00024e+00
 2.00005e+00
 2.00001e+00
 2.00000e+00
 2.00000e+00
 2.00000e+00
 2.00000e+00
 2.00000e+00
 2.00000e+00
 2.00000e+00
 2.00000e+00
 2.01676e+00
 2.00551e+00
 2.00160e+00
 2.00043e+00
 2.00010e+00
 2.00002e+00
 2.00000e+00
 2.00000e+00
 2.00000e+00
 2.00000e+00
 2.00000e+00
 2.00000e+00
 2.00000e+00
 2.00000e+00
 2.00000e+00
 2.00690e+00
 2.00222e+00
 2.00065e+00
 2.00017e+00
 2.00004e+00
 2.00001e+00
 2.00000e+00
 2.00000e+00
 2.00000e+00
 2.00000e+00
 2.00000e+00
 2.00000e+00
 2.00000e+00
 2.00000e+00
 2.00000e+00
 2.00262e+00
 2.00084e+00
 2.00024e+00
 2.00007e+00
 2.00002e+00
 2.00000e+00
 2.00000e+00
 2.00000e+00
 2.00000e+00
 2.00000e+00
 2.00000e+00
 2.00000e+00
 2.00000e+00
 2.00000e+00
 2.00000e+00
 2.45415e+00
 2.32301e+00
 2.14658e+00
 2.04730e+00
 2.01219e+00
 2.00262e+00
 2.00046e+00
 2.00008e+00
 2.00001e+00
 2.00000e+00
 2.00000e+00
 2.00000e+00
 2.00000e+00
 2.00000e+00
 2.00000e+00
 2.45744e+00
 2.31294e+00
 2.13844e+00
 2.04422e+00
 2.01137e+00
 2.00242e+00
 2.00043e+00
 2.00007e+00
 2.00001e+00
 2.00000e+00
 2.00000e+00
 2.00000e+00
 2.00000e+00
 2.00000e+00
 2.00000e+00
 2.46082e+00
 2.28914e+00
 2.12167e+00
 2.03826e+00
 2.00981e+00
 2.00209e+00
 2.00038e+00
 2.00006e+00
 2.00001e+00
 2.00000e+00
 2.00000e+00
 2.00000e+00
 2.00000e+00
 2.00000e+00
 2.00000e+00
 2.43611e+00
 2.25200e+00
 2.10058e+00
 2.03106e+00
 2.00790e+00
 2.00166e+00
 2.00031e+00
 2.00005e+00
 2.00001e+00
 2.00000e+00
 2.00000e+00
 2.00000e+00
 2.00000e+00
 2.00000e+00
 2.00000e+00
 2.38870e+00
 2.20495e+00
 2.07741e+00
 2.02346e+00
 2.00591e+00
 2.00124e+00
 2.00023e+00
 2.00004e+00
 2.00001e+00
 2.00000e+00
 2.00000e+00
 2.00000e+00
 2.00000e+00
 2.00000e+00
 2.00000e+00
 2.32765e+00
 2.15552e+00
 2.05583e+00
 2.01659e+00
 2.00410e+00
 2.00086e+00
 2.00016e+00
 2.00003e+00
 2.00000e+00
 2.00000e+00
 2.00000e+00
 2.00000e+00
 2.00000e+00
 2.00000e+00
 2.00000e+00
 2.25438e+00
 2.10953e+00
 2.03768e+00
 2.01089e+00
 2.00265e+00
 2.00056e+00
 2.00011e+00
 2.00002e+00
 2.00000e+00
 2.00000e+00
 2.00000e+00
 2.00000e+00
 2.00000e+00
 2.00000e+00
 2.00000e+00
 2.18142e+00
 2.07184e+00
 2.02383e+00
 2.00670e+00
 2.00160e+00
 2.00034e+00
 2.00007e+00
 2.00001e+00
 2.00000e+00
 2.00000e+00
 2.00000e+00
 2.00000e+00
 2.00000e+00
 2.00000e+00
 2.00000e+00
 2.11591e+00
 2.04341e+00
 2.01389e+00
 2.00379e+00
 2.00091e+00
 2.00019e+00
 2.00004e+00
 2.00001e+00
 2.00000e+00
 2.00000e+00
 2.00000e+00
 2.00000e+00
 2.00000e+00
 2.00000e+00
 2.00000e+00
 2.06813e+00
 2.02439e+00
 2.00750e+00
 2.00200e+00
 2.00048e+00
 2.00010e+00
 2.00002e+00
 2.00000e+00
 2.00000e+00
 2.00000e+00
 2.00000e+00
 2.00000e+00
 2.00000e+00
 2.00000e+00
 2.00000e+00
 2.03631e+00
 2.01247e+00
 2.00371e+00
 2.00098e+00
 2.00024e+00
 2.00005e+00
 2.00001e+00
 2.00000e+00
 2.00000e+00
 2.00000e+00
 2.00000e+00
 2.00000e+00
 2.00000e+00
 2.00000e+00
 2.00000e+00
 2.01792e+00
 2.00588e+00
 2.00172e+00
 2.00046e+00
 2.00011e+00
 2.00002e+00
 2.00000e+00
 2.00000e+00
 2.00000e+00
 2.00000e+00
 2.00000e+00
 2.00000e+00
 2.00000e+00
 2.00000e+00
 2.00000e+00
 2.00797e+00
 2.00256e+00
 2.00075e+00
 2.00020e+00
 2.00005e+00
 2.00001e+00
 2.00000e+00
 2.00000e+00
 2.00000e+00
 2.00000e+00
 2.00000e+00
 2.00000e+00
 2.00000e+00
 2.00000e+00
 2.00000e+00
 2.00327e+00
 2.00104e+00
 2.00031e+00
 2.00008e+00
 2.00002e+00
 2.00000e+00
 2.00000e+00
 2.00000e+00
 2.00000e+00
 2.00000e+00
 2.00000e+00
 2.00000e+00
 2.00000e+00
 2.00000e+00
 2.00000e+00
 2.00123e+00
 2.00039e+00
 2.00012e+00
 2.00003e+00
 2.00001e+00
 2.00000e+00
 2.00000e+00
 2.00000e+00
 2.00000e+00
 2.00000e+00
 2.00000e+00
 2.00000e+00
 2.00000e+00
 2.00000e+00
 2.00000e+00
 2.35752e+00
 2.18812e+00
 2.07005e+00
 2.02059e+00
 2.00511e+00
 2.00103e+00
 2.00019e+00
 2.00003e+00
 2.00000e+00
 2.00000e+00
 2.00000e+00
 2.00000e+00
 2.00000e+00
 2.00000e+00
 2.00000e+00
 2.35202e+00
 2.17963e+00
 2.06586e+00
 2.01927e+00
 2.00474e+00
 2.00096e+00
 2.00018e+00
 2.00003e+00
 2.00000e+00
 2.00000e+00
 2.00000e+00
 2.00000e+00
 2.00000e+00
 2.00000e+00
 2.00000e+00
 2.33636e+00
 2.16097e+00
 2.05735e+00
 2.01669e+00
 2.00408e+00
 2.00083e+00
 2.00015e+00
 2.00003e+00
 2.00000e+00
 2.00000e+00
 2.00000e+00
 2.00000e+00
 2.00000e+00
 2.00000e+00
 2.00000e+00
 2.30083e+00
 2.13516e+00
 2.04695e+00
 2.01351e+00
 2.00327e+00
 2.00067e+00
 2.00013e+00
 2.00002e+00
 2.00000e+00
 2.00000e+00
 2.00000e+00
 2.00000e+00
 2.00000e+00
 2.00000e+00
 2.00000e+00
 2.25113e+00
 2.10594e+00
 2.03580e+00
 2.01014e+00
 2.00242e+00
 2.00051e+00
 2.00010e+00
 2.00002e+00
 2.00000e+00
 2.00000e+00
 2.00000e+00
 2.00000e+00
 2.00000e+00
 2.00000e+00
 2.00000e+00
 2.19284e+00
 2.07672e+00
 2.02544e+00
 2.00707e+00
 2.00168e+00
 2.00036e+00
 2.00007e+00
 2.00001e+00
 2.00000e+00
 2.00000e+00
 2.00000e+00
 2.00000e+00
 2.00000e+00
 2.00000e+00
 2.00000e+00
 2.13827e+00
 2.05246e+00
 2.01687e+00
 2.00461e+00
 2.00110e+00
 2.00023e+00
 2.00004e+00
 2.00001e+00
 2.00000e+00
 2.00000e+00
 2.00000e+00
 2.00000e+00
 2.00000e+00
 2.00000e+00
 2.00000e+00
 2.09145e+00
 2.03340e+00
 2.01048e+00
 2.00280e+00
 2.00067e+00
 2.00014e+00
 2.00003e+00
 2.00000e+00
 2.00000e+00
 2.00000e+00
 2.00000e+00
 2.00000e+00
 2.00000e+00
 2.00000e+00
 2.00000e+00
 2.05623e+00
 2.01987e+00
 2.00601e+00
 2.00159e+00
 2.00038e+00
 2.00008e+00
 2.00002e+00
 2.00000e+00
 2.00000e+00
 2.00000e+00
 2.00000e+00
 2.00000e+00
 2.00000e+00
 2.00000e+00
 2.00000e+00
 2.03183e+00
 2.01085e+00
 2.00321e+00
 2.00085e+00
 2.00020e+00
 2.00004e+00
 2.00001e+00
 2.00000e+00
 2.00000e+00
 2.00000e+00
 2.00000e+00
 2.00000e+00
 2.00000e+00
 2.00000e+00
 2.00000e+00
 2.01676e+00
 2.00551e+00
 2.00160e+00
 2.00043e+00
 2.00010e+00
 2.00002e+00
 2.00000e+00
 2.00000e+00
 2.00000e+00
 2.00000e+00
 2.00000e+00
 2.00000e+00
 2.00000e+00
 2.00000e+00
 2.00000e+00
 2.00797e+00
 2.00256e+00
 2.00075e+00
 2.00020e+00
 2.00005e+00
 2.00001e+00
 2.00000e+00
 2.00000e+00
 2.00000e+00
 2.00000e+00
 2.00000e+00
 2.00000e+00
 2.00000e+00
 2.00000e+00
 2.00000e+00
 2.00352e+00
 2.00113e+00
 2.00033e+00
 2.00009e+00
 2.00002e+00
 2.00000e+00
 2.00000e+00
 2.00000e+00
 2.00000e+00
 2.00000e+00
 2.00000e+00
 2.00000e+00
 2.00000e+00
 2.00000e+00
 2.00000e+00
 2.00143e+00
 2.00046e+00
 2.00013e+00
 2.00004e+00
 2.00001e+00
 2.00000e+00
 2.00000e+00
 2.00000e+00
 2.00000e+00
 2.00000e+00
 2.00000e+00
 2.00000e+00
 2.00000e+00
 2.00000e+00
 2.00000e+00
 2.00054e+00
 2.00017e+00
 2.00005e+00
 2.00001e+00
 2.00000e+00
 2.00000e+00
 2.00000e+00
 2.00000e+00
 2.00000e+00
 2.00000e+00
 2.00000e+00
 2.00000e+00
 2.00000e+00
 2.00000e+00
 2.00000e+00
 2.21425e+00
 2.08921e+00
 2.02945e+00
 2.00823e+00
 2.00188e+00
 2.00040e+00
 2.00007e+00
 2.00001e+00
 2.00000e+00
 2.00000e+00
 2.00000e+00
 2.00000e+00
 2.00000e+00
 2.00000e+00
 2.00000e+00
 2.20670e+00
 2.08442e+00
 2.02761e+00
 2.00767e+00
 2.00175e+00
 2.00037e+00
 2.00007e+00
 2.00001e+00
 2.00000e+00
 2.00000e+00
 2.00000e+00
 2.00000e+00
 2.00000e+00
 2.00000e+00
 2.00000e+00
 2.18796e+00
 2.07432e+00
 2.02406e+00
 2.00666e+00
 2.00152e+00
 2.00032e+00
 2.00006e+00
 2.00001e+00
 2.00000e+00
 2.00000e+00
 2.00000e+00
 2.00000e+00
 2.00000e+00
 2.00000e+00
 2.00000e+00
 2.16068e+00
 2.06141e+00
 2.01962e+00
 2.00538e+00
 2.00122e+00
 2.00026e+00
 2.00005e+00
 2.00001e+00
 2.00000e+00
 2.00000e+00
 2.00000e+00
 2.00000e+00
 2.00000e+00
 2.00000e+00
 2.00000e+00
 2.12731e+00
 2.04726e+00
 2.01479e+00
 2.00401e+00
 2.00092e+00
 2.00020e+00
 2.00004e+00
 2.00001e+00
 2.00000e+00
 2.00000e+00
 2.00000e+00
 2.00000e+00
 2.00000e+00
 2.00000e+00
 2.00000e+00
 2.09322e+00
 2.03389e+00
 2.01043e+00
 2.00278e+00
 2.00065e+00
 2.00014e+00
 2.00003e+00
 2.00000e+00
 2.00000e+00
 2.00000e+00
 2.00000e+00
 2.00000e+00
 2.00000e+00
 2.00000e+00
 2.00000e+00
 2.06383e+00
 2.02259e+00
 2.00683e+00
 2.00181e+00
 2.00043e+00
 2.00009e+00
 2.00002e+00
 2.00000e+00
 2.00000e+00
 2.00000e+00
 2.00000e+00
 2.00000e+00
 2.00000e+00
 2.00000e+00
 2.00000e+00
 2.04111e+00
 2.01406e+00
 2.00420e+00
 2.00110e+00
 2.00026e+00
 2.00006e+00
 2.00001e+00
 2.00000e+00
 2.00000e+00
 2.00000e+00
 2.00000e+00
 2.00000e+00
 2.00000e+00
 2.00000e+00
 2.00000e+00
 2.02451e+00
 2.00816e+00
 2.00239e+00
 2.00063e+00
 2.00015e+00
 2.00003e+00
 2.00001e+00
 2.00000e+00
 2.00000e+00
 2.00000e+00
 2.00000e+00
 2.00000e+00
 2.00000e+00
 2.00000e+00
 2.00000e+00
 2.01365e+00
 2.00442e+00
 2.00129e+00
 2.00034e+00
 2.00008e+00
 2.00002e+00
 2.00000e+00
 2.00000e+00
 2.00000e+00
 2.00000e+00
 2.00000e+00
 2.00000e+00
 2.00000e+00
 2.00000e+00
 2.00000e+00
 2.00690e+00
 2.00222e+00
 2.00065e+00
 2.00017e+00
 2.00004e+00
 2.00001e+00
 2.00000e+00
 2.00000e+00
 2.00000e+00
 2.00000e+00
 2.00000e+00
 2.00000e+00
 2.00000e+00
 2.00000e+00
 2.00000e+00
 2.00327e+00
 2.00104e+00
 2.00031e+00
 2.00008e+00
 2.00002e+00
 2.00000e+00
 2.00000e+00
 2.00000e+00
 2.00000e+00
 2.00000e+00
 2.00000e+00
 2.00000e+00
 2.00000e+00
 2.00000e+00
 2.00000e+00
 2.00143e+00
 2.00046e+00
 2.00013e+00
 2.00004e+00
 2.00001e+00
 2.00000e+00
 2.00000e+00
 2.00000e+00
 2.00000e+00
 2.00000e+00
 2.00000e+00
 2.00000e+00
 2.00000e+00
 2.00000e+00
 2.00000e+00
 2.00059e+00
 2.00019e+00
 2.00006e+00
 2.00001e+00
 2.00000e+00
 2.00000e+00
 2.00000e+00
 2.00000e+00
 2.00000e+00
 2.00000e+00
 2.00000e+00
 2.00000e+00
 2.00000e+00
 2.00000e+00
 2.00000e+00
 2.00022e+00
 2.00007e+00
 2.00002e+00
 2.00001e+00
 2.00000e+00
 2.00000e+00
 2.00000e+00
 2.00000e+00
 2.00000e+00
 2.00000e+00
 2.00000e+00
 2.00000e+00
 2.00000e+00
 2.00000e+00
 2.00000e+00
 2.10027e+00
 2.03650e+00
 2.01123e+00
 2.00294e+00
 2.00068e+00
 2.00014e+00
 2.00003e+00
 2.00000e+00
 2.00000e+00
 2.00000e+00
 2.00000e+00
 2.00000e+00
 2.00000e+00
 2.00000e+00
 2.00000e+00
 2.09524e+00
 2.03438e+00
 2.01050e+00
 2.00273e+00
 2.00063e+00
 2.00013e+00
 2.00002e+00
 2.00000e+00
 2.00000e+00
 2.00000e+00
 2.00000e+00
 2.00000e+00
 2.00000e+00
 2.00000e+00
 2.00000e+00
 2.08429e+00
 2.03007e+00
 2.00918e+00
 2.00235e+00
 2.00055e+00
 2.00011e+00
 2.00002e+00
 2.00000e+00
 2.00000e+00
 2.00000e+00
 2.00000e+00
 2.00000e+00
 2.00000e+00
 2.00000e+00
 2.00000e+00
 2.07016e+00
 2.02444e+00
 2.00743e+00
 2.00188e+00
 2.00045e+00
 2.00009e+00
 2.00002e+00
 2.00000e+00
 2.00000e+00
 2.00000e+00
 2.00000e+00
 2.00000e+00
 2.00000e+00
 2.00000e+00
 2.00000e+00
 2.05444e+00
 2.01858e+00
 2.00560e+00
 2.00141e+00
 2.00034e+00
 2.00007e+00
 2.00001e+00
 2.00000e+00
 2.00000e+00
 2.00000e+00
 2.00000e+00
 2.00000e+00
 2.00000e+00
 2.00000e+00
 2.00000e+00
 2.03887e+00
 2.01306e+00
 2.00388e+00
 2.00099e+00
 2.00024e+00
 2.00005e+00
 2.00001e+00
 2.00000e+00
 2.00000e+00
 2.00000e+00
 2.00000e+00
 2.00000e+00
 2.00000e+00
 2.00000e+00
 2.00000e+00
 2.02618e+00
 2.00867e+00
 2.00252e+00
 2.00066e+00
 2.00016e+00
 2.00003e+00
 2.00001e+00
 2.00000e+00
 2.00000e+00
 2.00000e+00
 2.00000e+00
 2.00000e+00
 2.00000e+00
 2.00000e+00
 2.00000e+00
 2.01624e+00
 2.00531e+00
 2.00153e+00
 2.00040e+00
 2.00010e+00
 2.00002e+00
 2.00000e+00
 2.00000e+00
 2.00000e+00
 2.00000e+00
 2.00000e+00
 2.00000e+00
 2.00000e+00
 2.00000e+00
 2.00000e+00
 2.00954e+00
 2.00308e+00
 2.00088e+00
 2.00024e+00
 2.00006e+00
 2.00001e+00
 2.00000e+00
 2.00000e+00
 2.00000e+00
 2.00000e+00
 2.00000e+00
 2.00000e+00
 2.00000e+00
 2.00000e+00
 2.00000e+00
 2.00515e+00
 2.00165e+00
 2.00048e+00
 2.00013e+00
 2.00003e+00
 2.00001e+00
 2.00000e+00
 2.00000e+00
 2.00000e+00
 2.00000e+00
 2.00000e+00
 2.00000e+00
 2.00000e+00
 2.00000e+00
 2.00000e+00
 2.00262e+00
 2.00084e+00
 2.00024e+00
 2.00007e+00
 2.00002e+00
 2.00000e+00
 2.00000e+00
 2.00000e+00
 2.00000e+00
 2.00000e+00
 2.00000e+00
 2.00000e+00
 2.00000e+00
 2.00000e+00
 2.00000e+00
 2.00123e+00
 2.00039e+00
 2.00012e+00
 2.00003e+00
 2.00001e+00
 2.00000e+00
 2.00000e+00
 2.00000e+00
 2.00000e+00
 2.00000e+00
 2.00000e+00
 2.00000e+00
 2.00000e+00
 2.00000e+00
 2.00000e+00
 2.00054e+00
 2.00017e+00
 2.00005e+00
 2.00001e+00
 2.00000e+00
 2.00000e+00
 2.00000e+00
 2.00000e+00
 2.00000e+00
 2.00000e+00
 2.00000e+00
 2.00000e+00
 2.00000e+00
 2.00000e+00
 2.00000e+00
 2.00022e+00
 2.00007e+00
 2.00002e+00
 2.00001e+00
 2.00000e+00
 2.00000e+00
 2.00000e+00
 2.00000e+00
 2.00000e+00
 2.00000e+00
 2.00000e+00
 2.00000e+00
 2.00000e+00
 2.00000e+00
 2.00000e+00
 2.00008e+00
 2.00003e+00
 2.00001e+00
 2.00000e+00
 2.00000e+00
 2.00000e+00
 2.00000e+00
 2.00000e+00
 2.00000e+00
 2.00000e+00
 2.00000e+00
 2.00000e+00
 2.00000e+00
 2.00000e+00
 2.00000e+00
 2.03932e+00
 2.01316e+00
 2.00390e+00
 2.00097e+00
 2.00022e+00
 2.00005e+00
 2.00001e+00
 2.00000e+00
 2.00000e+00
 2.00000e+00
 2.00000e+00
 2.00000e+00
 2.00000e+00
 2.00000e+00
 2.00000e+00
 2.03705e+00
 2.01236e+00
 2.00361e+00
 2.00091e+00
 2.00021e+00
 2.00004e+00
 2.00001e+00
 2.00000e+00
 2.00000e+00
 2.00000e+00
 2.00000e+00
 2.00000e+00
 2.00000e+00
 2.00000e+00
 2.00000e+00
 2.03220e+00
 2.01076e+00
 2.00309e+00
 2.00079e+00
 2.00018e+00
 2.00004e+00
 2.00001e+00
 2.00000e+00
 2.00000e+00
 2.00000e+00
 2.00000e+00
 2.00000e+00
 2.00000e+00
 2.00000e+00
 2.00000e+00
 2.02639e+00
 2.00874e+00
 2.00247e+00
 2.00064e+00
 2.00015e+00
 2.00003e+00
 2.00001e+00
 2.00000e+00
 2.00000e+00
 2.00000e+00
 2.00000e+00
 2.00000e+00
 2.00000e+00
 2.00000e+00
 2.00000e+00
 2.02002e+00
 2.00660e+00
 2.00184e+00
 2.00049e+00
 2.00011e+00
 2.00002e+00
 2.00000e+00
 2.00000e+00
 2.00000e+00
 2.00000e+00
 2.00000e+00
 2.00000e+00
 2.00000e+00
 2.00000e+00
 2.00000e+00
 2.01412e+00
 2.00458e+00
 2.00128e+00
 2.00034e+00
 2.00008e+00
 2.00002e+00
 2.00000e+00
 2.00000e+00
 2.00000e+00
 2.00000e+00
 2.00000e+00
 2.00000e+00
 2.00000e+00
 2.00000e+00
 2.00000e+00
 2.00933e+00
 2.00297e+00
 2.00084e+00
 2.00023e+00
 2.00005e+00
 2.00001e+00
 2.00000e+00
 2.00000e+00
 2.00000e+00
 2.00000e+00
 2.00000e+00
 2.00000e+00
 2.00000e+00
 2.00000e+00
 2.00000e+00
 2.00577e+00
 2.00180e+00
 2.00052e+00
 2.00014e+00
 2.00003e+00
 2.00001e+00
 2.00000e+00
 2.00000e+00
 2.00000e+00
 2.00000e+00
 2.00000e+00
 2.00000e+00
 2.00000e+00
 2.00000e+00
 2.00000e+00
 2.00331e+00
 2.00104e+00
 2.00030e+00
 2.00008e+00
 2.00002e+00
 2.00000e+00
 2.00000e+00
 2.00000e+00
 2.00000e+00
 2.00000e+00
 2.00000e+00
 2.00000e+00
 2.00000e+00
 2.00000e+00
 2.00000e+00
 2.00180e+00
 2.00056e+00
 2.00017e+00
 2.00004e+00
 2.00001e+00
 2.00000e+00
 2.00000e+00
 2.00000e+00
 2.00000e+00
 2.00000e+00
 2.00000e+00
 2.00000e+00
 2.00000e+00
 2.00000e+00
 2.00000e+00
 2.00090e+00
 2.00029e+00
 2.00009e+00
 2.00002e+00
 2.00001e+00
 2.00000e+00
 2.00000e+00
 2.00000e+00
 2.00000e+00
 2.00000e+00
 2.00000e+00
 2.00000e+00
 2.00000e+00
 2.00000e+00
 2.00000e+00
 2.00043e+00
 2.00014e+00
 2.00004e+00
 2.00001e+00
 2.00000e+00
 2.00000e+00
 2.00000e+00
 2.00000e+00
 2.00000e+00
 2.00000e+00
 2.00000e+00
 2.00000e+00
 2.00000e+00
 2.00000e+00
 2.00000e+00
 2.00019e+00
 2.00006e+00
 2.00002e+00
 2.00001e+00
 2.00000e+00
 2.00000e+00
 2.00000e+00
 2.00000e+00
 2.00000e+00
 2.00000e+00
 2.00000e+00
 2.00000e+00
 2.00000e+00
 2.00000e+00
 2.00000e+00
 2.00008e+00
 2.00003e+00
 2.00001e+00
 2.00000e+00
 2.00000e+00
 2.00000e+00
 2.00000e+00
 2.00000e+00
 2.00000e+00
 2.00000e+00
 2.00000e+00
 2.00000e+00
 2.00000e+00
 2.00000e+00
 2.00000e+00
 2.00003e+00
 2.00001e+00
 2.00000e+00
 2.00000e+00
 2.00000e+00
 2.00000e+00
 2.00000e+00
 2.00000e+00
 2.00000e+00
 2.00000e+00
 2.00000e+00
 2.00000e+00
 2.00000e+00
 2.00000e+00
 2.00000e+00
 2.01317e+00
 2.00430e+00
 2.00117e+00
 2.00031e+00
 2.00007e+00
 2.00001e+00
 2.00000e+00
 2.00000e+00
 2.00000e+00
 2.00000e+00
 2.00000e+00
 2.00000e+00
 2.00000e+00
 2.00000e+00
 2.00000e+00
 2.01234e+00
 2.00398e+00
 2.00109e+00
 2.00029e+00
 2.00007e+00
 2.00001e+00
 2.00000e+00
 2.00000e+00
 2.00000e+00
 2.00000e+00
 2.00000e+00
 2.00000e+00
 2.00000e+00
 2.00000e+00
 2.00000e+00
 2.01076e+00
 2.00341e+00
 2.00095e+00
 2.00025e+00
 2.00006e+00
 2.00001e+00
 2.00000e+00
 2.00000e+00
 2.00000e+00
 2.00000e+00
 2.00000e+00
 2.00000e+00
 2.00000e+00
 2.00000e+00
 2.00000e+00
 2.00874e+00
 2.00271e+00
 2.00077e+00
 2.00020e+00
 2.00005e+00
 2.00001e+00
 2.00000e+00
 2.00000e+00
 2.00000e+00
 2.00000e+00
 2.00000e+00
 2.00000e+00
 2.00000e+00
 2.00000e+00
 2.00000e+00
 2.00660e+00
 2.00201e+00
 2.00058e+00
 2.00015e+00
 2.00004e+00
 2.00001e+00
 2.00000e+00
 2.00000e+00
 2.00000e+00
 2.00000e+00
 2.00000e+00
 2.00000e+00
 2.00000e+00
 2.00000e+00
 2.00000e+00
 2.00458e+00
 2.00139e+00
 2.00041e+00
 2.00010e+00
 2.00003e+00
 2.00001e+00
 2.00000e+00
 2.00000e+00
 2.00000e+00
 2.00000e+00
 2.00000e+00
 2.00000e+00
 2.00000e+00
 2.00000e+00
 2.00000e+00
 2.00297e+00
 2.00092e+00
 2.00027e+00
 2.00007e+00
 2.00002e+00
 2.00000e+00
 2.00000e+00
 2.00000e+00
 2.00000e+00
 2.00000e+00
 2.00000e+00
 2.00000e+00
 2.00000e+00
 2.00000e+00
 2.00000e+00
 2.00180e+00
 2.00057e+00
 2.00016e+00
 2.00004e+00
 2.00001e+00
 2.00000e+00
 2.00000e+00
 2.00000e+00
 2.00000e+00
 2.00000e+00
 2.00000e+00
 2.00000e+00
 2.00000e+00
 2.00000e+00
 2.00000e+00
 2.00104e+00
 2.00033e+00
 2.00010e+00
 2.00003e+00
 2.00001e+00
 2.00000e+00
 2.00000e+00
 2.00000e+00
 2.00000e+00
 2.00000e+00
 2.00000e+00
 2.00000e+00
 2.00000e+00
 2.00000e+00
 2.00000e+00
 2.00056e+00
 2.00018e+00
 2.00005e+00
 2.00001e+00
 2.00000e+00
 2.00000e+00
 2.00000e+00
 2.00000e+00
 2.00000e+00
 2.00000e+00
 2.00000e+00
 2.00000e+00
 2.00000e+00
 2.00000e+00
 2.00000e+00
 2.00029e+00
 2.00009e+00
 2.00003e+00
 2.00001e+00
 2.00000e+00
 2.00000e+00
 2.00000e+00
 2.00000e+00
 2.00000e+00
 2.00000e+00
 2.00000e+00
 2.00000e+00
 2.00000e+00
 2.00000e+00
 2.00000e+00
 2.00014e+00
 2.00004e+00
 2.00001e+00
 2.00000e+00
 2.00000e+00
 2.00000e+00
 2.00000e+00
 2.00000e+00
 2.00000e+00
 2.00000e+00
 2.00000e+00
 2.00000e+00
 2.00000e+00
 2.00000e+00
 2.00000e+00
 2.00006e+00
 2.00002e+00
 2.00001e+00
 2.00000e+00
 2.00000e+00
 2.00000e+00
 2.00000e+00
 2.00000e+00
 2.00000e+00
 2.00000e+00
 2.00000e+00
 2.00000e+00
 2.00000e+00
 2.00000e+00
 2.00000e+00
 2.00003e+00
 2.00001e+00
 2.00000e+00
 2.00000e+00
 2.00000e+00
 2.00000e+00
 2.00000e+00
 2.00000e+00
 2.00000e+00
 2.00000e+00
 2.00000e+00
 2.00000e+00
 2.00000e+00
 2.00000e+00
 2.00000e+00
 2.00001e+00
 2.00000e+00
 2.00000e+00
 2.00000e+00
 2.00000e+00
 2.00000e+00
 2.00000e+00
 2.00000e+00
 2.00000e+00
 2.00000e+00
 2.00000e+00
 2.00000e+00
 2.00000e+00
 2.00000e+00
 2.00000e+00
 2.00388e+00
 2.00117e+00
 2.00035e+00
 2.00009e+00
 2.00002e+00
 2.00000e+00
 2.00000e+00
 2.00000e+00
 2.00000e+00
 2.00000e+00
 2.00000e+00
 2.00000e+00
 2.00000e+00
 2.00000e+00
 2.00000e+00
 2.00359e+00
 2.00109e+00
 2.00032e+00
 2.00008e+00
 2.00002e+00
 2.00000e+00
 2.00000e+00
 2.00000e+00
 2.00000e+00
 2.00000e+00
 2.00000e+00
 2.00000e+00
 2.00000e+00
 2.00000e+00
 2.00000e+00
 2.00309e+00
 2.00095e+00
 2.00028e+00
 2.00007e+00
 2.00002e+00
 2.00000e+00
 2.00000e+00
 2.00000e+00
 2.00000e+00
 2.00000e+00
 2.00000e+00
 2.00000e+00
 2.00000e+00
 2.00000e+00
 2.00000e+00
 2.00246e+00
 2.00077e+00
 2.00022e+00
 2.00006e+00
 2.00001e+00
 2.00000e+00
 2.00000e+00
 2.00000e+00
 2.00000e+00
 2.00000e+00
 2.00000e+00
 2.00000e+00
 2.00000e+00
 2.00000e+00
 2.00000e+00
 2.00184e+00
 2.00058e+00
 2.00016e+00
 2.00004e+00
 2.00001e+00
 2.00000e+00
 2.00000e+00
 2.00000e+00
 2.00000e+00
 2.00000e+00
 2.00000e+00
 2.00000e+00
 2.00000e+00
 2.00000e+00
 2.00000e+00
 2.00128e+00
 2.00041e+00
 2.00011e+00
 2.00003e+00
 2.00001e+00
 2.00000e+00
 2.00000e+00
 2.00000e+00
 2.00000e+00
 2.00000e+00
 2.00000e+00
 2.00000e+00
 2.00000e+00
 2.00000e+00
 2.00000e+00
 2.00084e+00
 2.00027e+00
 2.00008e+00
 2.00002e+00
 2.00000e+00
 2.00000e+00
 2.00000e+00
 2.00000e+00
 2.00000e+00
 2.00000e+00
 2.00000e+00
 2.00000e+00
 2.00000e+00
 2.00000e+00
 2.00000e+00
 2.00052e+00
 2.00016e+00
 2.00005e+00
 2.00001e+00
 2.00000e+00
 2.00000e+00
 2.00000e+00
 2.00000e+00
 2.00000e+00
 2.00000e+00
 2.00000e+00
 2.00000e+00
 2.00000e+00
 2.00000e+00
 2.00000e+00
 2.00030e+00
 2.00010e+00
 2.00003e+00
 2.00001e+00
 2.00000e+00
 2.00000e+00
 2.00000e+00
 2.00000e+00
 2.00000e+00
 2.00000e+00
 2.00000e+00
 2.00000e+00
 2.00000e+00
 2.00000e+00
 2.00000e+00
 2.00017e+00
 2.00005e+00
 2.00002e+00
 2.00000e+00
 2.00000e+00
 2.00000e+00
 2.00000e+00
 2.00000e+00
 2.00000e+00
 2.00000e+00
 2.00000e+00
 2.00000e+00
 2.00000e+00
 2.00000e+00
 2.00000e+00
 2.00009e+00
 2.00003e+00
 2.00001e+00
 2.00000e+00
 2.00000e+00
 2.00000e+00
 2.00000e+00
 2.00000e+00
 2.00000e+00
 2.00000e+00
 2.00000e+00
 2.00000e+00
 2.00000e+00
 2.00000e+00
 2.00000e+00
 2.00004e+00
 2.00001e+00
 2.00000e+00
 2.00000e+00
 2.00000e+00
 2.00000e+00
 2.00000e+00
 2.00000e+00
 2.00000e+00
 2.00000e+00
 2.00000e+00
 2.00000e+00
 2.00000e+00
 2.00000e+00
 2.00000e+00
 2.00002e+00
 2.00001e+00
 2.00000e+00
 2.00000e+00
 2.00000e+00
 2.00000e+00
 2.00000e+00
 2.00000e+00
 2.00000e+00
 2.00000e+00
 2.00000e+00
 2.00000e+00
 2.00000e+00
 2.00000e+00
 2.00000e+00
 2.00001e+00
 2.00000e+00
 2.00000e+00
 2.00000e+00
 2.00000e+00
 2.00000e+00
 2.00000e+00
 2.00000e+00
 2.00000e+00
 2.00000e+00
 2.00000e+00
 2.00000e+00
 2.00000e+00
 2.00000e+00
 2.00000e+00
 2.00000e+00
 2.00000e+00
 2.00000e+00
 2.00000e+00
 2.00000e+00
 2.00000e+00
 2.00000e+00
 2.00000e+00
 2.00000e+00
 2.00000e+00
 2.00000e+00
 2.00000e+00
 2.00000e+00
 2.00000e+00
 2.00000e+00
 2.00097e+00
 2.00031e+00
 2.00009e+00
 2.00002e+00
 2.00001e+00
 2.00000e+00
 2.00000e+00
 2.00000e+00
 2.00000e+00
 2.00000e+00
 2.00000e+00
 2.00000e+00
 2.00000e+00
 2.00000e+00
 2.00000e+00
 2.00091e+00
 2.00029e+00
 2.00008e+00
 2.00002e+00
 2.00001e+00
 2.00000e+00
 2.00000e+00
 2.00000e+00
 2.00000e+00
 2.00000e+00
 2.00000e+00
 2.00000e+00
 2.00000e+00
 2.00000e+00
 2.00000e+00
 2.00079e+00
 2.00025e+00
 2.00007e+00
 2.00002e+00
 2.00000e+00
 2.00000e+00
 2.00000e+00
 2.00000e+00
 2.00000e+00
 2.00000e+00
 2.00000e+00
 2.00000e+00
 2.00000e+00
 2.00000e+00
 2.00000e+00
 2.00064e+00
 2.00020e+00
 2.00006e+00
 2.00002e+00
 2.00000e+00
 2.00000e+00
 2.00000e+00
 2.00000e+00
 2.00000e+00
 2.00000e+00
 2.00000e+00
 2.00000e+00
 2.00000e+00
 2.00000e+00
 2.00000e+00
 2.00049e+00
 2.00015e+00
 2.00004e+00
 2.00001e+00
 2.00000e+00
 2.00000e+00
 2.00000e+00
 2.00000e+00
 2.00000e+00
 2.00000e+00
 2.00000e+00
 2.00000e+00
 2.00000e+00
 2.00000e+00
 2.00000e+00
 2.00034e+00
 2.00010e+00
 2.00003e+00
 2.00001e+00
 2.00000e+00
 2.00000e+00
 2.00000e+00
 2.00000e+00
 2.00000e+00
 2.00000e+00
 2.00000e+00
 2.00000e+00
 2.00000e+00
 2.00000e+00
 2.00000e+00
 2.00023e+00
 2.00007e+00
 2.00002e+00
 2.00001e+00
 2.00000e+00
 2.00000e+00
 2.00000e+00
 2.00000e+00
 2.00000e+00
 2.00000e+00
 2.00000e+00
 2.00000e+00
 2.00000e+00
 2.00000e+00
 2.00000e+00
 2.00014e+00
 2.00004e+00
 2.00001e+00
 2.00000e+00
 2.00000e+00
 2.00000e+00
 2.00000e+00
 2.00000e+00
 2.00000e+00
 2.00000e+00
 2.00000e+00
 2.00000e+00
 2.00000e+00
 2.00000e+00
 2.00000e+00
 2.00008e+00
 2.00003e+00
 2.00001e+00
 2.00000e+00
 2.00000e+00
 2.00000e+00
 2.00000e+00
 2.00000e+00
 2.00000e+00
 2.00000e+00
 2.00000e+00
 2.00000e+00
 2.00000e+00
 2.00000e+00
 2.00000e+00
 2.00004e+00
 2.00001e+00
 2.00000e+00
 2.00000e+00
 2.00000e+00
 2.00000e+00
 2.00000e+00
 2.00000e+00
 2.00000e+00
 2.00000e+00
 2.00000e+00
 2.00000e+00
 2.00000e+00
 2.00000e+00
 2.00000e+00
 2.00002e+00
 2.00001e+00
 2.00000e+00
 2.00000e+00
 2.00000e+00
 2.00000e+00
 2.00000e+00
 2.00000e+00
 2.00000e+00
 2.00000e+00
 2.00000e+00
 2.00000e+00
 2.00000e+00
 2.00000e+00
 2.00000e+00
 2.00001e+00
 2.00000e+00
 2.00000e+00
 2.00000e+00
 2.00000e+00
 2.00000e+00
 2.00000e+00
 2.00000e+00
 2.00000e+00
 2.00000e+00
 2.00000e+00
 2.00000e+00
 2.00000e+00
 2.00000e+00
 2.00000e+00
 2.00001e+00
 2.00000e+00
 2.00000e+00
 2.00000e+00
 2.00000e+00
 2.00000e+00
 2.00000e+00
 2.00000e+00
 2.00000e+00
 2.00000e+00
 2.00000e+00
 2.00000e+00
 2.00000e+00
 2.00000e+00
 2.00000e+00
 2.00000e+00
 2.00000e+00
 2.00000e+00
 2.00000e+00
 2.00000e+00
 2.00000e+00
 2.00000e+00
 2.00000e+00
 2.00000e+00
 2.00000e+00
 2.00000e+00
 2.00000e+00
 2.00000e+00
 2.00000e+00
 2.00000e+00
 2.00000e+00
 2.00000e+00
 2.00000e+00
 2.00000e+00
 2.00000e+00
 2.00000e+00
 2.00000e+00
 2.00000e+00
 2.00000e+00
 2.00000e+00
 2.00000e+00
 2.00000e+00
 2.00000e+00
 2.00000e+00
 2.00000e+00
 2.00022e+00
 2.00007e+00
 2.00002e+00
 2.00001e+00
 2.00000e+00
 2.00000e+00
 2.00000e+00
 2.00000e+00
 2.00000e+00
 2.00000e+00
 2.00000e+00
 2.00000e+00
 2.00000e+00
 2.00000e+00
 2.00000e+00
 2.00021e+00
 2.00007e+00
 2.00002e+00
 2.00001e+00
 2.00000e+00
 2.00000e+00
 2.00000e+00
 2.00000e+00
 2.00000e+00
 2.00000e+00
 2.00000e+00
 2.00000e+00
 2.00000e+00
 2.00000e+00
 2.00000e+00
 2.00018e+00
 2.00006e+00
 2.00002e+00
 2.00000e+00
 2.00000e+00
 2.00000e+00
 2.00000e+00
 2.00000e+00
 2.00000e+00
 2.00000e+00
 2.00000e+00
 2.00000e+00
 2.00000e+00
 2.00000e+00
 2.00000e+00
 2.00015e+00
 2.00005e+00
 2.00001e+00
 2.00000e+00
 2.00000e+00
 2.00000e+00
 2.00000e+00
 2.00000e+00
 2.00000e+00
 2.00000e+00
 2.00000e+00
 2.00000e+00
 2.00000e+00
 2.00000e+00
 2.00000e+00
 2.00011e+00
 2.00004e+00
 2.00001e+00
 2.00000e+00
 2.00000e+00
 2.00000e+00
 2.00000e+00
 2.00000e+00
 2.00000e+00
 2.00000e+00
 2.00000e+00
 2.00000e+00
 2.00000e+00
 2.00000e+00
 2.00000e+00
 2.00008e+00
 2.00003e+00
 2.00001e+00
 2.00000e+00
 2.00000e+00
 2.00000e+00
 2.00000e+00
 2.00000e+00
 2.00000e+00
 2.00000e+00
 2.00000e+00
 2.00000e+00
 2.00000e+00
 2.00000e+00
 2.00000e+00
 2.00005e+00
 2.00002e+00
 2.00000e+00
 2.00000e+00
 2.00000e+00
 2.00000e+00
 2.00000e+00
 2.00000e+00
 2.00000e+00
 2.00000e+00
 2.00000e+00
 2.00000e+00
 2.00000e+00
 2.00000e+00
 2.00000e+00
 2.00003e+00
 2.00001e+00
 2.00000e+00
 2.00000e+00
 2.00000e+00
 2.00000e+00
 2.00000e+00
 2.00000e+00
 2.00000e+00
 2.00000e+00
 2.00000e+00
 2.00000e+00
 2.00000e+00
 2.00000e+00
 2.00000e+00
 2.00002e+00
 2.00001e+00
 2.00000e+00
 2.00000e+00
 2.00000e+00
 2.00000e+00
 2.00000e+00
 2.00000e+00
 2.00000e+00
 2.00000e+00
 2.00000e+00
 2.00000e+00
 2.00000e+00
 2.00000e+00
 2.00000e+00
 2.00001e+00
 2.00000e+00
 2.00000e+00
 2.00000e+00
 2.00000e+00
 2.00000e+00
 2.00000e+00
 2.00000e+00
 2.00000e+00
 2.00000e+00
 2.00000e+00
 2.00000e+00
 2.00000e+00
 2.00000e+00
 2.00000e+00
 2.00001e+00
 2.00000e+00
 2.00000e+00
 2.00000e+00
 2.00000e+00
 2.00000e+00
 2.00000e+00
 2.00000e+00
 2.00000e+00
 2.00000e+00
 2.00000e+00
 2.00000e+00
 2.00000e+00
 2.00000e+00
 2.00000e+00
 2.00000e+00
 2.00000e+00
 2.00000e+00
 2.00000e+00
 2.00000e+00
 2.00000e+00
 2.00000e+00
 2.00000e+00
 2.00000e+00
 2.00000e+00
 2.00000e+00
 2.00000e+00
 2.00000e+00
 2.00000e+00
 2.00000e+00
 2.00000e+00
 2.00000e+00
 2.00000e+00
 2.00000e+00
 2.00000e+00
 2.00000e+00
 2.00000e+00
 2.00000e+00
 2.00000e+00
 2.00000e+00
 2.00000e+00
 2.00000e+00
 2.00000e+00
 2.00000e+00
 2.00000e+00
 2.00000e+00
 2.00000e+00
 2.00000e+00
 2.00000e+00
 2.00000e+00
 2.00000e+00
 2.00000e+00
 2.00000e+00
 2.00000e+00
 2.00000e+00
 2.00000e+00
 2.00000e+00
 2.00000e+00
 2.00000e+00
 2.00000e+00
 2.00000e+00
 2.00000e+00
 2.00000e+00
 2.00000e+00
 2.00000e+00
 2.00000e+00
 2.00000e+00
 2.00000e+00
 2.00000e+00
 2.00000e+00
 2.00000e+00
 2.00000e+00
 2.00000e+00
 2.00000e+00
 2.00000e+00
 2.00005e+00
 2.00001e+00
 2.00000e+00
 2.00000e+00
 2.00000e+00
 2.00000e+00
 2.00000e+00
 2.00000e+00
 2.00000e+00
 2.00000e+00
 2.00000e+00
 2.00000e+00
 2.00000e+00
 2.00000e+00
 2.00000e+00
 2.00004e+00
 2.00001e+00
 2.00000e+00
 2.00000e+00
 2.00000e+00
 2.00000e+00
 2.00000e+00
 2.00000e+00
 2.00000e+00
 2.00000e+00
 2.00000e+00
 2.00000e+00
 2.00000e+00
 2.00000e+00
 2.00000e+00
 2.00004e+00
 2.00001e+00
 2.00000e+00
 2.00000e+00
 2.00000e+00
 2.00000e+00
 2.00000e+00
 2.00000e+00
 2.00000e+00
 2.00000e+00
 2.00000e+00
 2.00000e+00
 2.00000e+00
 2.00000e+00
 2.00000e+00
 2.00003e+00
 2.00001e+00
 2.00000e+00
 2.00000e+00
 2.00000e+00
 2.00000e+00
 2.00000e+00
 2.00000e+00
 2.00000e+00
 2.00000e+00
 2.00000e+00
 2.00000e+00
 2.00000e+00
 2.00000e+00
 2.00000e+00
 2.00002e+00
 2.00001e+00
 2.00000e+00
 2.00000e+00
 2.00000e+00
 2.00000e+00
 2.00000e+00
 2.00000e+00
 2.00000e+00
 2.00000e+00
 2.00000e+00
 2.00000e+00
 2.00000e+00
 2.00000e+00
 2.00000e+00
 2.00002e+00
 2.00001e+00
 2.00000e+00
 2.00000e+00
 2.00000e+00
 2.00000e+00
 2.00000e+00
 2.00000e+00
 2.00000e+00
 2.00000e+00
 2.00000e+00
 2.00000e+00
 2.00000e+00
 2.00000e+00
 2.00000e+00
 2.00001e+00
 2.00000e+00
 2.00000e+00
 2.00000e+00
 2.00000e+00
 2.00000e+00
 2.00000e+00
 2.00000e+00
 2.00000e+00
 2.00000e+00
 2.00000e+00
 2.00000e+00
 2.00000e+00
 2.00000e+00
 2.00000e+00
 2.00001e+00
 2.00000e+00
 2.00000e+00
 2.00000e+00
 2.00000e+00
 2.00000e+00
 2.00000e+00
 2.00000e+00
 2.00000e+00
 2.00000e+00
 2.00000e+00
 2.00000e+00
 2.00000e+00
 2.00000e+00
 2.00000e+00
 2.00000e+00
 2.00000e+00
 2.00000e+00
 2.00000e+00
 2.00000e+00
 2.00000e+00
 2.00000e+00
 2.00000e+00
 2.00000e+00
 2.00000e+00
 2.00000e+00
 2.00000e+00
 2.00000e+00
 2.00000e+00
 2.00000e+00
 2.00000e+00
 2.00000e+00
 2.00000e+00
 2.00000e+00
 2.00000e+00
 2.00000e+00
 2.00000e+00
 2.00000e+00
 2.00000e+00
 2.00000e+00
 2.00000e+00
 2.00000e+00
 2.00000e+00
 2.00000e+00
 2.00000e+00
 2.00000e+00
 2.00000e+00
 2.00000e+00
 2.00000e+00
 2.00000e+00
 2.00000e+00
 2.00000e+00
 2.00000e+00
 2.00000e+00
 2.00000e+00
 2.00000e+00
 2.00000e+00
 2.00000e+00
 2.00000e+00
 2.00000e+00
 2.00000e+00
 2.00000e+00
 2.00000e+00
 2.00000e+00
 2.00000e+00
 2.00000e+00
 2.00000e+00
 2.00000e+00
 2.00000e+00
 2.00000e+00
 2.00000e+00
 2.00000e+00
 2.00000e+00
 2.00000e+00
 2.00000e+00
 2.00000e+00
 2.00000e+00
 2.00000e+00
 2.00000e+00
 2.00000e+00
 2.00000e+00
 2.00000e+00
 2.00000e+00
 2.00000e+00
 2.00000e+00
 2.00000e+00
 2.00000e+00
 2.00000e+00
 2.00000e+00
 2.00000e+00
 2.00000e+00
 2.00000e+00
 2.00000e+00
 2.00000e+00
 2.00000e+00
 2.00000e+00
 2.00000e+00
 2.00000e+00
 2.00000e+00
 2.00000e+00
 2.00000e+00
 2.00000e+00
 2.00000e+00
 2.00000e+00
 2.00000e+00
 2.00000e+00
 2.00000e+00
 2.00000e+00
 2.00000e+00
 2.00000e+00
 2.00000e+00
 2.00000e+00
 2.00000e+00
 2.00000e+00
 2.00000e+00
 2.00000e+00
 2.00000e+00
 2.00000e+00
 2.00000e+00
 2.00000e+00
 2.00001e+00
 2.00000e+00
 2.00000e+00
 2.00000e+00
 2.00000e+00
 2.00000e+00
 2.00000e+00
 2.00000e+00
 2.00000e+00
 2.00000e+00
 2.00000e+00
 2.00000e+00
 2.00000e+00
 2.00000e+00
 2.00000e+00
 2.00001e+00
 2.00000e+00
 2.00000e+00
 2.00000e+00
 2.00000e+00
 2.00000e+00
 2.00000e+00
 2.00000e+00
 2.00000e+00
 2.00000e+00
 2.00000e+00
 2.00000e+00
 2.00000e+00
 2.00000e+00
 2.00000e+00
 2.00001e+00
 2.00000e+00
 2.00000e+00
 2.00000e+00
 2.00000e+00
 2.00000e+00
 2.00000e+00
 2.00000e+00
 2.00000e+00
 2.00000e+00
 2.00000e+00
 2.00000e+00
 2.00000e+00
 2.00000e+00
 2.00000e+00
 2.00001e+00
 2.00000e+00
 2.00000e+00
 2.00000e+00
 2.00000e+00
 2.00000e+00
 2.00000e+00
 2.00000e+00
 2.00000e+00
 2.00000e+00
 2.00000e+00
 2.00000e+00
 2.00000e+00
 2.00000e+00
 2.00000e+00
 2.00000e+00
 2.00000e+00
 2.00000e+00
 2.00000e+00
 2.00000e+00
 2.00000e+00
 2.00000e+00
 2.00000e+00
 2.00000e+00
 2.00000e+00
 2.00000e+00
 2.00000e+00
 2.00000e+00
 2.00000e+00
 2.00000e+00
 2.00000e+00
 2.00000e+00
 2.00000e+00
 2.00000e+00
 2.00000e+00
 2.00000e+00
 2.00000e+00
 2.00000e+00
 2.00000e+00
 2.00000e+00
 2.00000e+00
 2.00000e+00
 2.00000e+00
 2.00000e+00
 2.00000e+00
 2.00000e+00
 2.00000e+00
 2.00000e+00
 2.00000e+00
 2.00000e+00
 2.00000e+00
 2.00000e+00
 2.00000e+00
 2.00000e+00
 2.00000e+00
 2.00000e+00
 2.00000e+00
 2.00000e+00
 2.00000e+00
 2.00000e+00
 2.00000e+00
 2.00000e+00
 2.00000e+00
 2.00000e+00
 2.00000e+00
 2.00000e+00
 2.00000e+00
 2.00000e+00
 2.00000e+00
 2.00000e+00
 2.00000e+00
 2.00000e+00
 2.00000e+00
 2.00000e+00
 2.00000e+00
 2.00000e+00
 2.00000e+00
 2.00000e+00
 2.00000e+00
 2.00000e+00
 2.00000e+00
 2.00000e+00
 2.00000e+00
 2.00000e+00
 2.00000e+00
 2.00000e+00
 2.00000e+00
 2.00000e+00
 2.00000e+00
 2.00000e+00
 2.00000e+00
 2.00000e+00
 2.00000e+00
 2.00000e+00
 2.00000e+00
 2.00000e+00
 2.00000e+00
 2.00000e+00
 2.00000e+00
 2.00000e+00
 2.00000e+00
 2.00000e+00
 2.00000e+00
 2.00000e+00
 2.00000e+00
 2.00000e+00
 2.00000e+00
 2.00000e+00
 2.00000e+00
 2.00000e+00
 2.00000e+00
 2.00000e+00
 2.00000e+00
 2.00000e+00
 2.00000e+00
 2.00000e+00
 2.00000e+00
 2.00000e+00
 2.00000e+00
 2.00000e+00
 2.00000e+00
 2.00000e+00
 2.00000e+00
 2.00000e+00
 2.00000e+00
 2.00000e+00
 2.00000e+00
 2.00000e+00
 2.00000e+00
 2.00000e+00
 2.00000e+00
 2.00000e+00
 2.00000e+00
 2.00000e+00
 2.00000e+00
 2.00000e+00
 2.00000e+00
 2.00000e+00
 2.00000e+00
 2.00000e+00
 2.00000e+00
 2.00000e+00
 2.00000e+00
 2.00000e+00
 2.00000e+00
 2.00000e+00
 2.00000e+00
 2.00000e+00
 2.00000e+00
 2.00000e+00
 2.00000e+00
 2.00000e+00
 2.00000e+00
 2.00000e+00
 2.00000e+00
 2.00000e+00
 2.00000e+00
 2.00000e+00
 2.00000e+00
 2.00000e+00
 2.00000e+00
 2.00000e+00
 2.00000e+00
 2.00000e+00
 2.00000e+00
 2.00000e+00
 2.00000e+00
 2.00000e+00
 2.00000e+00
 2.00000e+00
 2.00000e+00
 2.00000e+00
 2.00000e+00
 2.00000e+00
 2.00000e+00
 2.00000e+00
 2.00000e+00
 2.00000e+00
 2.00000e+00
 2.00000e+00
 2.00000e+00
 2.00000e+00
 2.00000e+00
 2.00000e+00
 2.00000e+00
 2.00000e+00
 2.00000e+00
 2.00000e+00
 2.00000e+00
 2.00000e+00
 2.00000e+00
 2.00000e+00
 2.00000e+00
 2.00000e+00
 2.00000e+00
 2.00000e+00
 2.00000e+00
 2.00000e+00
 2.00000e+00
 2.00000e+00
 2.00000e+00
 2.00000e+00
 2.00000e+00
 2.00000e+00
 2.00000e+00
 2.00000e+00
 2.00000e+00
 2.00000e+00
 2.00000e+00
 2.00000e+00
 2.00000e+00
 2.00000e+00
 2.00000e+00
 2.00000e+00
 2.00000e+00
 2.00000e+00
 2.00000e+00
 2.00000e+00
 2.00000e+00
 2.00000e+00
 2.00000e+00
 2.00000e+00
 2.00000e+00
 2.00000e+00
 2.00000e+00
 2.00000e+00
 2.00000e+00
 2.00000e+00
 2.00000e+00
 2.00000e+00
 2.00000e+00
 2.00000e+00
 2.00000e+00
 2.00000e+00
 2.00000e+00
 2.00000e+00
 2.00000e+00
 2.00000e+00
 2.00000e+00
 2.00000e+00
 2.00000e+00
 2.00000e+00
 2.00000e+00
 2.00000e+00
 2.00000e+00
 2.00000e+00
 2.00000e+00
 2.00000e+00
 2.00000e+00
 2.00000e+00
 2.00000e+00
 2.00000e+00
 2.00000e+00
 2.00000e+00
 2.00000e+00
 2.00000e+00
 2.00000e+00
 2.00000e+00
 2.00000e+00
 2.00000e+00
 2.00000e+00
 2.00000e+00
 2.00000e+00
 2.00000e+00
 2.00000e+00
 2.00000e+00
 2.00000e+00
 2.00000e+00
 2.00000e+00
 2.00000e+00
 2.00000e+00
 2.00000e+00
 2.00000e+00
 2.00000e+00
 2.00000e+00
 2.00000e+00
 2.00000e+00
 2.00000e+00
 2.00000e+00
 2.00000e+00
 2.00000e+00
 2.00000e+00
 2.00000e+00
 2.00000e+00
 2.00000e+00
 2.00000e+00
 2.00000e+00
 2.00000e+00
 2.00000e+00
 2.00000e+00
 2.00000e+00
 2.00000e+00
 2.00000e+00
 2.00000e+00
 2.00000e+00
 2.00000e+00
 2.00000e+00
 2.00000e+00
 2.00000e+00
 2.00000e+00
 2.00000e+00
 2.00000e+00
 2.00000e+00
 2.00000e+00
 2.00000e+00
 2.00000e+00
 2.00000e+00
 2.00000e+00
 2.00000e+00
 2.00000e+00
 2.00000e+00
 2.00000e+00
 2.00000e+00
 2.00000e+00
 2.00000e+00
 2.00000e+00
 2.00000e+00
 2.00000e+00
 2.00000e+00
 2.00000e+00
 2.00000e+00
 2.00000e+00
 2.00000e+00
 2.00000e+00
 2.00000e+00
 2.00000e+00
 2.00000e+00
 2.00000e+00
 2.00000e+00
 2.00000e+00
 2.00000e+00
 2.00000e+00
 2.00000e+00
 2.00000e+00
 2.00000e+00
 2.00000e+00
 2.00000e+00
 2.00000e+00
 2.00000e+00
 2.00000e+00
 2.00000e+00
 2.00000e+00
 2.00000e+00
 2.00000e+00
 2.00000e+00
 2.00000e+00
 2.00000e+00
 2.00000e+00
 2.00000e+00
 2.00000e+00
 2.00000e+00
 2.00000e+00
 2.00000e+00
 2.00000e+00
 2.00000e+00
 2.00000e+00
 2.00000e+00
 2.00000e+00
 2.00000e+00
 2.00000e+00
 2.00000e+00
 2.00000e+00
 2.00000e+00
 2.00000e+00
 2.00000e+00
 2.00000e+00
 2.00000e+00
 2.00000e+00
 2.00000e+00
 2.00000e+00
 2.00000e+00
 2.00000e+00
 2.00000e+00
 2.00000e+00
 2.00000e+00
 2.00000e+00
 2.00000e+00
 2.00000e+00
 2.00000e+00
 2.00000e+00
 2.00000e+00
 2.00000e+00
 2.00000e+00
 2.00000e+00
 2.00000e+00
 2.00000e+00
 2.00000e+00
 2.00000e+00
 2.00000e+00
 2.00000e+00
 2.00000e+00
 2.00000e+00
 2.00000e+00
 2.00000e+00
 2.00000e+00
 2.00000e+00
 2.00000e+00
 2.00000e+00
 2.00000e+00
 2.00000e+00
 2.00000e+00
 2.00000e+00
 2.00000e+00
 2.00000e+00
 2.00000e+00
 2.00000e+00
 2.00000e+00
 2.00000e+00
 2.00000e+00
 2.00000e+00
 2.00000e+00
 2.00000e+00
 2.00000e+00
 2.00000e+00
 2.00000e+00
 2.00000e+00
 2.00000e+00
 2.00000e+00
 2.00000e+00
 2.00000e+00
 2.00000e+00
 2.00000e+00
 2.00000e+00
 2.00000e+00
 2.00000e+00
 2.00000e+00
 2.00000e+00
 2.00000e+00
 2.00000e+00
 2.00000e+00
 2.00000e+00
 2.00000e+00
 2.00000e+00
 2.00000e+00
 2.00000e+00
 2.00000e+00
 2.00000e+00
 2.00000e+00
 2.00000e+00
 2.00000e+00
 2.00000e+00
 2.00000e+00
 2.00000e+00
 2.00000e+00
 2.00000e+00
 2.00000e+00
 2.00000e+00
 2.00000e+00
 2.00000e+00
 2.00000e+00
 2.00000e+00
 2.00000e+00
 2.00000e+00
 2.00000e+00
 2.00000e+00
 2.00000e+00
 2.00000e+00
 2.00000e+00
 2.00000e+00
 2.00000e+00
 2.00000e+00
 2.00000e+00
 2.00000e+00
 2.00000e+00
 2.00000e+00
 2.00000e+00
 2.00000e+00
 2.00000e+00
 2.00000e+00
 2.00000e+00
 2.00000e+00
 2.00000e+00
 2.00000e+00
 2.00000e+00
 2.00000e+00
 2.00000e+00
 2.00000e+00
 2.00000e+00
 2.00000e+00
 2.00000e+00
 2.00000e+00
 2.00000e+00
 2.00000e+00
 2.00000e+00
 2.00000e+00
 2.00000e+00
 2.00000e+00
 2.00000e+00
 2.00000e+00
 2.00000e+00
 2.00000e+00
 2.00000e+00
 2.00000e+00
 2.00000e+00
 2.00000e+00
 2.00000e+00
 2.00000e+00
 2.00000e+00
 2.00000e+00
 2.00000e+00
 2.00000e+00
 2.00000e+00
 2.00000e+00
 2.00000e+00
 2.00000e+00
 2.00000e+00
 2.00000e+00
 2.00000e+00
 2.00000e+00
 2.00000e+00
 2.00000e+00
 2.00000e+00
 2.00000e+00
 2.00000e+00
 2.00000e+00
 2.00000e+00
 2.00000e+00
 2.00000e+00
 2.00000e+00
 2.00000e+00
 2.00000e+00
 2.00000e+00
 2.00000e+00
 2.00000e+00
 2.00000e+00
 2.00000e+00
 2.00000e+00
 2.00000e+00
 2.00000e+00
 2.00000e+00
 2.00000e+00
 2.00000e+00
 2.00000e+00
 2.00000e+00
 2.00000e+00
 2.00000e+00
 2.00000e+00
 2.00000e+00
 2.00000e+00
 2.00000e+00
 2.00000e+00
 2.00000e+00
 2.00000e+00
 2.00000e+00
 2.00000e+00
 2.00000e+00
 2.00000e+00
 2.00000e+00
 2.00000e+00
 2.00000e+00
 2.00000e+00
 2.00000e+00
 2.00000e+00
 2.00000e+00
 2.00000e+00
 2.00000e+00
 2.00000e+00
 2.00000e+00
 2.00000e+00
 2.00000e+00
 2.00000e+00
 2.00000e+00
 2.00000e+00
 2.00000e+00
 2.00000e+00
 2.00000e+00
 2.00000e+00
 2.00000e+00
 2.00000e+00
 2.00000e+00
 2.00000e+00
 2.00000e+00
 2.00000e+00
 2.00000e+00
 2.00000e+00
 2.00000e+00
 2.00000e+00
 2.00000e+00
 2.00000e+00
 2.00000e+00
 2.00000e+00
 2.00000e+00
 2.00000e+00
 2.00000e+00
 2.00000e+00
 2.00000e+00
 2.00000e+00
 2.00000e+00
 2.00000e+00
 2.00000e+00
 2.00000e+00
 2.00000e+00
 2.00000e+00
 2.00000e+00
 2.00000e+00
 2.00000e+00
 2.00000e+00
 2.00000e+00
 2.00000e+00
 2.00000e+00
 2.00000e+00
 2.00000e+00
 2.00000e+00
 2.00000e+00
 2.00000e+00
 2.00000e+00
 2.00000e+00
 2.00000e+00
 2.00000e+00
 2.00000e+00
 2.00000e+00
 2.00000e+00
 2.00000e+00
 2.00000e+00
 2.00000e+00
 2.00000e+00
 2.00000e+00
 2.00000e+00
 2.00000e+00
 2.00000e+00
 2.00000e+00
 2.00000e+00
 2.00000e+00
 2.00000e+00
 2.00000e+00
 2.00000e+00
 2.00000e+00
 2.00000e+00
 2.00000e+00
 2.00000e+00
 2.00000e+00
 2.00000e+00
 2.00000e+00
 2.00000e+00
 2.00000e+00
 2.00000e+00
 2.00000e+00
 2.00000e+00
 2.00000e+00
 2.00000e+00
 2.00000e+00
 2.00000e+00
 2.00000e+00
 2.00000e+00
 2.00000e+00
 2.00000e+00
 2.00000e+00
 2.00000e+00
 2.00000e+00
 2.00000e+00
 2.00000e+00
 2.00000e+00
 2.00000e+00
 2.00000e+00
 2.00000e+00
 2.00000e+00
 2.00000e+00
 2.00000e+00
 2.00000e+00
 2.00000e+00
 2.00000e+00
 2.00000e+00
 2.00000e+00
 2.00000e+00
 2.00000e+00
 2.00000e+00
 2.00000e+00
 2.00000e+00
 2.00000e+00
 2.00000e+00
 2.00000e+00
 2.00000e+00
 2.00000e+00
 2.00000e+00
 2.00000e+00
 2.00000e+00
 2.00000e+00
 2.00000e+00
 2.00000e+00
 2.00000e+00
 2.00000e+00
 2.00000e+00
 2.00000e+00
 2.00000e+00
 2.00000e+00
 2.00000e+00
 2.00000e+00
 2.00000e+00
 2.00000e+00
 2.00000e+00
 2.00000e+00
 2.00000e+00
 2.00000e+00
 2.00000e+00
 2.00000e+00
 2.00000e+00
 2.00000e+00
 2.00000e+00
 2.00000e+00
 2.00000e+00
 2.00000e+00
 2.00000e+00
 2.00000e+00
 2.00000e+00
 2.00000e+00
 2.00000e+00
 2.00000e+00
 2.00000e+00
 2.00000e+00
 2.00000e+00
 2.00000e+00
 2.00000e+00
 2.00000e+00
 2.00000e+00
 2.00000e+00
 2.00000e+00
 2.00000e+00
 2.00000e+00
 2.00000e+00
 2.00000e+00
 2.00000e+00
 2.00000e+00
 2.00000e+00
 2.00000e+00
 2.00000e+00
 2.00000e+00
 2.00000e+00
 2.00000e+00
 2.00000e+00
 2.00000e+00
 2.00000e+00
 2.00000e+00
 2.00000e+00
 2.00000e+00
 2.00000e+00
 2.00000e+00
 2.00000e+00
 2.00000e+00
 2.00000e+00
 2.00000e+00
 2.00000e+00
 2.00000e+00
 2.00000e+00
 2.00000e+00
 2.00000e+00
 2.00000e+00
 2.00000e+00
 2.00000e+00
 2.00000e+00
 2.00000e+00
 2.00000e+00
 2.00000e+00
 2.00000e+00
 2.00000e+00
 2.00000e+00
 2.00000e+00
 2.00000e+00
 2.00000e+00
 2.00000e+00
 2.00000e+00
 2.00000e+00
 2.00000e+00
 2.00000e+00
 2.00000e+00
 2.00000e+00
 2.00000e+00
 2.00000e+00
 2.00000e+00
 2.00000e+00
 2.00000e+00
 2.00000e+00
 2.00000e+00
 2.00000e+00
 2.00000e+00
 2.00000e+00
 2.00000e+00
 2.00000e+00
 2.00000e+00
 2.00000e+00
 2.00000e+00
 2.00000e+00
 2.00000e+00
 2.00000e+00
 2.00000e+00
 2.00000e+00
 2.00000e+00
 2.00000e+00
 2.00000e+00
 2.00000e+00
 2.00000e+00
 2.00000e+00
 2.00000e+00
 2.00000e+00
 2.00000e+00
 2.00000e+00
 2.00000e+00
 2.00000e+00
 2.00000e+00
 2.00000e+00
 2.00000e+00
 2.00000e+00
 2.00000e+00
 2.00000e+00
 2.00000e+00
 2.00000e+00
 2.00000e+00
 2.00000e+00
 2.00000e+00
 2.00000e+00
 2.00000e+00
 2.00000e+00
 2.00000e+00
 2.00000e+00
 2.00000e+00
 2.00000e+00
 2.00000e+00
 2.00000e+00
 2.00000e+00
 2.00000e+00
 2.00000e+00
 2.00000e+00
 2.00000e+00
 2.00000e+00
 2.00000e+00
 2.00000e+00
 2.00000e+00
 2.00000e+00
 2.00000e+00
 2.00000e+00
 2.00000e+00
 2.00000e+00
 2.00000e+00
 2.00000e+00
 2.00000e+00
 2.00000e+00
 2.00000e+00
 2.00000e+00
 2.00000e+00
 2.00000e+00
 2.00000e+00
 2.00000e+00
 2.00000e+00
 2.00000e+00
 2.00000e+00
 2.00000e+00
 2.00000e+00
 2.00000e+00
 2.00000e+00
 2.00000e+00
 2.00000e+00
 2.00000e+00
 2.00000e+00
 2.00000e+00
 2.00000e+00
 2.00000e+00
 2.00000e+00
 2.00000e+00
 2.00000e+00
 2.00000e+00
 2.00000e+00
 2.00000e+00
 2.00000e+00
 2.00000e+00
 2.00000e+00
 2.00000e+00
 2.00000e+00
 2.00000e+00
 2.00000e+00
 2.00000e+00
 2.00000e+00
 2.00000e+00
 2.00000e+00
 2.00000e+00
 2.00000e+00
 2.00000e+00
 2.00000e+00
 2.00000e+00
 2.00000e+00
 2.00000e+00
 2.00000e+00
 2.00000e+00
 2.00000e+00
 2.00000e+00
 2.00000e+00
 2.00000e+00
 2.00000e+00
 2.00000e+00
 2.00000e+00
 2.00000e+00
 2.00000e+00
 2.00000e+00
 2.00000e+00
 2.00000e+00
 2.00000e+00
 2.00000e+00
 2.00000e+00
 2.00000e+00
 2.00000e+00
 2.00000e+00
 2.00000e+00
 2.00000e+00
 2.00000e+00
 2.00000e+00
 2.00000e+00
 2.00000e+00
 2.00000e+00
 2.00000e+00
 2.00000e+00
 2.00000e+00
 2.00000e+00
 2.00000e+00
 2.00000e+00
 2.00000e+00
 2.00000e+00
 2.00000e+00
 2.00000e+00
 2.00000e+00
 2.00000e+00
 2.00000e+00
 2.00000e+00
 2.00000e+00
 2.00000e+00
 2.00000e+00
 2.00000e+00
 2.00000e+00
 2.00000e+00
 2.00000e+00
 2.00000e+00
 2.00000e+00
 2.00000e+00
 2.00000e+00
 2.00000e+00
 2.00000e+00
 2.00000e+00
 2.00000e+00
 2.00000e+00
 2.00000e+00
 2.00000e+00
 2.00000e+00
 2.00000e+00
 2.00000e+00
 2.00000e+00
 2.00000e+00
 2.00000e+00
 2.00000e+00
 2.00000e+00
 2.00000e+00
 2.00000e+00
 2.00000e+00
 2.00000e+00
 2.00000e+00
 2.00000e+00
 2.00000e+00
 2.00000e+00
 2.00000e+00
 2.00000e+00
 2.00000e+00
 2.00000e+00
 2.00000e+00
 2.00000e+00
 2.00000e+00
 2.00000e+00
 2.00000e+00
 2.00000e+00
 2.00000e+00
 2.00000e+00
 2.00000e+00
 2.00000e+00
 2.00000e+00
 2.00000e+00
 2.00000e+00
 2.00000e+00
 2.00000e+00
 2.00000e+00
 2.00000e+00
 2.00000e+00
 2.00000e+00
 2.00000e+00
 2.00000e+00
 2.00000e+00
 2.00000e+00
 2.00000e+00
 2.00000e+00
 2.00000e+00
 2.00000e+00
 2.00000e+00
 2.00000e+00
 2.00000e+00
 2.00000e+00
 2.00000e+00
 2.00000e+00
 2.00000e+00
 2.00000e+00
 2.00000e+00
 2.00000e+00
 2.00000e+00
 2.00000e+00
 2.00000e+00
 2.00000e+00
 2.00000e+00
 2.00000e+00
 2.00000e+00
 2.00000e+00
 2.00000e+00
 2.00000e+00
 2.00000e+00
 2.00000e+00
 2.00000e+00
 2.00000e+00
 2.00000e+00
 2.00000e+00
 2.00000e+00
 2.00000e+00
 2.00000e+00
 2.00000e+00
 2.00000e+00
 2.00000e+00
 2.00000e+00
 2.00000e+00
 2.00000e+00
 2.00000e+00
 2.00000e+00
 2.00000e+00
 2.00000e+00
 2.00000e+00
 2.00000e+00
 2.00000e+00
 2.00000e+00
 2.00000e+00
 2.00000e+00
 2.00000e+00
 2.00000e+00
 2.00000e+00
 2.00000e+00
 2.00000e+00
 2.00000e+00
 2.00000e+00
 2.00000e+00
 2.00000e+00
 2.00000e+00
 2.00000e+00
 2.00000e+00
 2.00000e+00
 2.00000e+00
 2.00000e+00
 2.00000e+00
 2.00000e+00
 2.00000e+00
 2.00000e+00
 2.00000e+00
 2.00000e+00
 2.00000e+00
 2.00000e+00
 2.00000e+00
 2.00000e+00
 2.00000e+00
 2.00000e+00
 2.00000e+00
 2.00000e+00
 2.00000e+00
 2.00000e+00
 2.00000e+00
 2.00000e+00
 2.00000e+00
 2.00000e+00
 2.00000e+00
 2.00000e+00
 2.00000e+00
 2.00000e+00
 2.00000e+00
 2.00000e+00
 2.00000e+00
 2.00000e+00
 2.00000e+00
 2.00000e+00
 2.00000e+00
 2.00000e+00
 2.00000e+00
 2.00000e+00
 2.00000e+00
 2.00000e+00
 2.00000e+00
 2.00000e+00
 2.00000e+00
 2.00000e+00
 2.00000e+00
 2.00000e+00
 2.00000e+00
 2.00000e+00
 2.00000e+00
 2.00000e+00
 2.00000e+00
 2.00000e+00
 2.00000e+00
 2.00000e+00
 2.00000e+00
 2.00000e+00
 2.00000e+00
 2.00000e+00
 2.00000e+00
 2.00000e+00
 2.00000e+00
 2.00000e+00
 2.00000e+00
 2.00000e+00
 2.00000e+00
 2.00000e+00
 2.00000e+00
 2.00000e+00
 2.00000e+00
 2.00000e+00
 2.00000e+00
 2.00000e+00
 2.00000e+00
 2.00000e+00
 2.00000e+00
 2.00000e+00
 2.00000e+00
 2.00000e+00
 2.00000e+00
 2.00000e+00
 2.00000e+00
 2.00000e+00
 2.00000e+00
 2.00000e+00
 2.00000e+00
 2.00000e+00
 2.00000e+00
 2.00000e+00
 2.00000e+00
 2.00000e+00
 2.00000e+00
 2.00000e+00
 2.00000e+00
 2.00000e+00
 2.00000e+00
 2.00000e+00
 2.00000e+00
 2.00000e+00
 2.00000e+00
 2.00000e+00
 2.00000e+00
 2.00000e+00
 2.00000e+00
 2.00000e+00
 2.00000e+00
 2.00000e+00
 2.00000e+00
 2.00000e+00
 2.00000e+00
 2.00000e+00
 2.00000e+00
 2.00000e+00
 2.00000e+00
 2.00000e+00
 2.00000e+00
 2.00000e+00
 2.00000e+00
 2.00000e+00
 2.00000e+00
 2.00000e+00
 2.00000e+00
 2.00000e+00
 2.00000e+00
 2.00000e+00
 2.00000e+00
 2.00000e+00
 2.00000e+00
 2.00000e+00
 2.00000e+00
 2.00000e+00
 2.00000e+00
 2.00000e+00
 2.00000e+00
 2.00000e+00
 2.00000e+00
 2.00000e+00
 2.00000e+00
 2.00000e+00
 2.00000e+00
 2.00000e+00
 2.00000e+00
 2.00000e+00
 2.00000e+00
 2.00000e+00
 2.00000e+00
 2.00000e+00
 2.00000e+00
 2.00000e+00
 2.00000e+00
 2.00000e+00
 2.00000e+00
 2.00000e+00
 2.00000e+00
 2.00000e+00
 2.00000e+00
 2.00000e+00
 2.00000e+00
 2.00000e+00
 2.00000e+00
 2.00000e+00
 2.00000e+00
 2.00000e+00
 2.00000e+00
 2.00000e+00
 2.00000e+00
 2.00000e+00
 2.00000e+00
 2.00000e+00
 2.00000e+00
 2.00000e+00
 2.00000e+00
 2.00000e+00
 2.00000e+00
 2.00000e+00
 2.00000e+00
 2.00000e+00
 2.00000e+00
 2.00000e+00
 2.00000e+00
 2.00000e+00
 2.00000e+00
 2.00000e+00
 2.00000e+00
 2.00000e+00
 2.00000e+00
 2.00000e+00
 2.00000e+00
 2.00000e+00
 2.00000e+00
 2.00000e+00
 2.00000e+00
 2.00000e+00
 2.00000e+00
 2.00000e+00
 2.00000e+00
 2.00000e+00
 2.00000e+00
 2.00000e+00
 2.00000e+00
 2.00000e+00
 2.00000e+00
 2.00000e+00
 2.00000e+00
 2.00000e+00
 2.00000e+00
 2.00000e+00
 2.00000e+00
 2.00000e+00
 2.00000e+00
 2.00000e+00
 2.00000e+00
 2.00000e+00
 2.00000e+00
 2.00000e+00
 2.00000e+00
 2.00000e+00
 2.00000e+00
 2.00000e+00
 2.00000e+00
 2.00000e+00
 2.00000e+00
 2.00000e+00
 2.00000e+00
 2.00000e+00
 2.00000e+00
 2.00000e+00
 2.00000e+00
 2.00000e+00
 2.00000e+00
 2.00000e+00
 2.00000e+00
 2.00000e+00
 2.00000e+00
 2.00000e+00
 2.00000e+00
 2.00000e+00
 2.00000e+00
 2.00000e+00
 2.00000e+00
 2.00000e+00
 2.00000e+00
 2.00000e+00
 2.00000e+00
 2.00000e+00
 2.00000e+00
 2.00000e+00
 2.00000e+00
 2.00000e+00
 2.00000e+00
 2.00000e+00
 2.00000e+00
 2.00000e+00
 2.00000e+00
 2.00000e+00
 2.00000e+00
 2.00000e+00
 2.00000e+00
 2.00000e+00
 2.00000e+00
 2.00000e+00
 2.00000e+00
 2.00000e+00
 2.00000e+00
 2.00000e+00
 2.00000e+00
 2.00000e+00
 2.00000e+00
 2.00000e+00
 2.00000e+00
 2.00000e+00
 2.00000e+00
 2.00000e+00
 2.00000e+00
 2.00000e+00
 2.00000e+00
 2.00000e+00
 2.00000e+00
 2.00000e+00
 2.00000e+00
 2.00000e+00
 2.00000e+00
 2.00000e+00
 2.00000e+00
 2.00000e+00
 2.00000e+00
 2.00000e+00
 2.00000e+00
 2.00000e+00
 2.00000e+00
 2.00000e+00
 2.00000e+00
 2.00000e+00
 2.00000e+00
 2.00000e+00
 2.00000e+00
 2.00000e+00
 2.00000e+00
 2.00000e+00
 2.00000e+00
 2.00000e+00
 2.00000e+00
 2.00000e+00
 2.00000e+00
 2.00000e+00
 2.00000e+00
 2.00000e+00
 2.00000e+00
 2.00000e+00
 2.00000e+00
 2.00000e+00
 2.00000e+00
 2.00000e+00
 2.00000e+00
 2.00000e+00
 2.00000e+00
 2.00000e+00
 2.00000e+00
 2.00000e+00
 2.00000e+00
 2.00000e+00
 2.00000e+00
 2.00000e+00
 2.00000e+00
 2.00000e+00
 2.00000e+00
 2.00000e+00
 2.00000e+00
 2.00000e+00
 2.00000e+00
 2.00000e+00
 2.00000e+00
 2.00000e+00
 2.00000e+00
 2.00000e+00
 2.00000e+00
 2.00000e+00
 2.00000e+00
 2.00000e+00
 2.00000e+00
 2.00000e+00
 2.00000e+00
 2.00000e+00
 2.00000e+00
 2.00000e+00
 2.00000e+00
 2.00000e+00
 2.00000e+00
 2.00000e+00
 2.00000e+00
 2.00000e+00
 2.00000e+00
 2.00000e+00
 2.00000e+00
 2.00000e+00
 2.00000e+00
 2.00000e+00
 2.00000e+00
 2.00000e+00
 2.00000e+00
 2.00000e+00
 2.00000e+00
 2.00000e+00
 2.00000e+00
 2.00000e+00
 2.00000e+00
 2.00000e+00
 2.00000e+00
 2.00000e+00
 2.00000e+00
 2.00000e+00
 2.00000e+00
 2.00000e+00
 2.00000e+00
 2.00000e+00
 2.00000e+00
 2.00000e+00
 2.00000e+00
 2.00000e+00
 2.00000e+00
 2.00000e+00
 2.00000e+00
 2.00000e+00
 2.00000e+00
 2.00000e+00
 2.00000e+00
 2.00000e+00
 2.00000e+00
 2.00000e+00
 2.00000e+00
 2.00000e+00
 2.00000e+00
 2.00000e+00
 2.00000e+00
 2.00000e+00
 2.00000e+00
 2.00000e+00
 2.00000e+00
 2.00000e+00
 2.00000e+00
 2.00000e+00
 2.00000e+00
 2.00000e+00
 2.00000e+00
 2.00000e+00
 2.00000e+00
 2.00000e+00
 2.00000e+00
 2.00000e+00
 2.00000e+00
 2.00000e+00
 2.00000e+00
 2.00000e+00
 2.00000e+00
 2.00000e+00
 2.00000e+00
 2.00000e+00
 2.00000e+00
 2.00000e+00
 2.00000e+00
 2.00000e+00
 2.00000e+00
 2.00000e+00
 2.00000e+00
 2.00000e+00
 2.00000e+00
 2.00000e+00
 2.00000e+00
 2.00000e+00
 2.00000e+00
 2.00000e+00
 2.00000e+00
 2.00000e+00
 2.00000e+00
 2.00000e+00
 2.00000e+00
 2.00000e+00
 2.00000e+00
 2.00000e+00
 2.00000e+00
 2.00000e+00
 2.00000e+00
 2.00000e+00
 2.00000e+00
 2.00000e+00
 2.00000e+00
 2.00000e+00
 2.00000e+00
 2.00000e+00
 2.00000e+00
 2.00000e+00
 2.00000e+00
 2.00000e+00
 2.00000e+00
 2.00000e+00
 2.00000e+00
 2.00000e+00
 2.00000e+00
 2.00000e+00
 2.00000e+00
 2.00000e+00
 2.00000e+00
 2.00000e+00
 2.00000e+00
 2.00000e+00
 2.00000e+00
 2.00000e+00
 2.00000e+00
 2.00000e+00
 2.00000e+00
 2.00000e+00
 2.00000e+00
 2.00000e+00
 2.00000e+00
 2.00000e+00
 2.00000e+00
 2.00000e+00
 2.00000e+00
 2.00000e+00
 2.00000e+00
 2.00000e+00
 2.00000e+00
 2.00000e+00
 2.00000e+00
 2.00000e+00
 2.00000e+00
 2.00000e+00
 2.00000e+00
 2.00000e+00
 2.00000e+00
 2.00000e+00
 2.00000e+00
 2.00000e+00
 2.00000e+00
 2.00000e+00
 2.00000e+00
 2.00000e+00
 2.00000e+00
 2.00000e+00
 2.00000e+00
 2.00000e+00
 2.00000e+00
 2.00000e+00
 2.00000e+00
 2.00000e+00
 2.00000e+00
 2.00000e+00
 2.00000e+00
 2.00000e+00
 2.00000e+00
 2.00000e+00
 2.00000e+00
 2.00000e+00
 2.00000e+00
 2.00000e+00
 2.00000e+00
 2.00000e+00
 2.00000e+00
 2.00000e+00
 2.00000e+00
 2.00000e+00
 2.00000e+00
 2.00000e+00
 2.00000e+00
 2.00000e+00
 2.00000e+00
 2.00000e+00
 2.00000e+00
 2.00000e+00
 2.00000e+00
 2.00000e+00
 2.00000e+00
 2.00000e+00
 2.00000e+00
 2.00000e+00
 2.00000e+00
 2.00000e+00
 2.00000e+00
 2.00000e+00
 2.00000e+00
 2.00000e+00
 2.00000e+00
 2.00000e+00
 2.00000e+00
 2.00000e+00
 2.00000e+00
 2.00000e+00
 2.00000e+00
 2.00000e+00
 2.00000e+00
 2.00000e+00
 2.00000e+00
 2.00000e+00
 2.00000e+00
 2.00000e+00
 2.00000e+00
 2.00000e+00
 2.00000e+00
 2.00000e+00
 2.00000e+00
 2.00000e+00
 2.00000e+00
 2.00000e+00
 2.00000e+00
 2.00000e+00
 2.00000e+00
 2.00000e+00
 2.00000e+00
 2.00000e+00
 2.00000e+00
 2.00000e+00
 2.00000e+00
 2.00000e+00
 2.00000e+00
 2.00000e+00
 2.00000e+00
 2.00000e+00
 2.00000e+00
 2.00000e+00
 2.00000e+00
 2.00000e+00
 2.00000e+00
 2.00000e+00
 2.00000e+00
 2.00000e+00
 2.00000e+00
 2.00000e+00
 2.00000e+00
 2.00000e+00
 2.00000e+00
 2.00000e+00
 2.00000e+00
 2.00000e+00
 2.00000e+00
 2.00000e+00
 2.00000e+00
 2.00000e+00
 2.00000e+00
 2.00000e+00
 2.00000e+00
 2.00000e+00
 2.00000e+00
 2.00000e+00
 2.00000e+00
 2.00000e+00
 2.00000e+00
 2.00000e+00
 2.00000e+00
 2.00000e+00
 2.00000e+00
 2.00000e+00
 2.00000e+00
 2.00000e+00
 2.00000e+00
 2.00000e+00
 2.00000e+00
 2.00000e+00
 2.00000e+00
 2.00000e+00
 2.00000e+00
 2.00000e+00
 2.00000e+00
 2.00000e+00
 2.00000e+00
 2.00000e+00
 2.00000e+00
 2.00000e+00
 2.00000e+00
 2.00000e+00
 2.00000e+00
 2.00000e+00
 2.00000e+00
 2.00000e+00
 2.00000e+00
 2.00000e+00
 2.00000e+00
 2.00000e+00
 2.00000e+00
 2.00000e+00
 2.00000e+00
 2.00000e+00
 2.00000e+00
 2.00000e+00
 2.00000e+00
 2.00000e+00
 2.00000e+00
 2.00000e+00
 2.00000e+00
 2.00000e+00
 2.00000e+00
 2.00000e+00
 2.00000e+00
 2.00000e+00
 2.00000e+00
 2.00000e+00
 2.00000e+00
 2.00000e+00
 2.00000e+00
 2.00000e+00
 2.00000e+00
 2.00000e+00
 2.00000e+00
 2.00000e+00
 2.00000e+00
 2.00000e+00
 2.00000e+00
 2.00000e+00
 2.00000e+00
 2.00000e+00
 2.00000e+00
 2.00000e+00
 2.00000e+00
 2.00000e+00
 2.00000e+00
 2.00000e+00
 2.00000e+00
 2.00000e+00
 2.00000e+00
 2.00000e+00
 2.00000e+00
 2.00000e+00
 2.00000e+00
 2.00000e+00
 2.00000e+00
 2.00000e+00
 2.00000e+00
 2.00000e+00
 2.00000e+00
 2.00000e+00
 2.00000e+00
 2.00000e+00
 2.00000e+00
 2.00000e+00
 2.00000e+00
 2.00000e+00
 2.00000e+00
 2.00000e+00
 2.00000e+00
 2.00000e+00
 2.00000e+00
 2.00000e+00
 2.00000e+00
 2.00000e+00
 2.00000e+00
 2.00000e+00
 2.00000e+00
 2.00000e+00
 2.00000e+00
 2.00000e+00
 2.00000e+00
 2.00000e+00
 2.00000e+00
 2.00000e+00
 2.00000e+00
 2.00000e+00
 2.00000e+00
 2.00000e+00
 2.00000e+00
 2.00000e+00
 2.00000e+00
 2.00000e+00
 2.00000e+00
 2.00000e+00
 2.00000e+00
 2.00000e+00
 2.00000e+00
 2.00000e+00
 2.00000e+00
 2.00000e+00
 2.00000e+00
 2.00000e+00
 2.00000e+00
 2.00000e+00
 2.00000e+00
 2.00000e+00
 2.00000e+00
 2.00000e+00
 2.00000e+00
 2.00000e+00
 2.00000e+00
 2.00000e+00
 2.00000e+00
 2.00000e+00
 2.00000e+00
 2.00000e+00
 2.00000e+00
 2.00000e+00
 2.00000e+00
 2.00000e+00
 2.00000e+00
 2.00000e+00
 2.00000e+00
 2.00000e+00
 2.00000e+00
 2.00000e+00
 2.00000e+00
 2.00000e+00
 2.00000e+00
 2.00000e+00
 2.00000e+00
 2.00000e+00
 2.00000e+00
 2.00000e+00
 2.00000e+00
 2.00000e+00
 2.00000e+00
 2.00000e+00
 2.00000e+00
 2.00000e+00
 2.00000e+00
 2.00000e+00
 2.00000e+00
 2.00000e+00
 2.00000e+00
 2.00000e+00
 2.00000e+00
 2.00000e+00
 2.00000e+00
 2.00000e+00
 2.00000e+00
 2.00000e+00
 2.00000e+00
 2.00000e+00
 2.00000e+00
 2.00000e+00
 2.00000e+00
 2.00000e+00
 2.00000e+00
 2.00000e+00
 2.00000e+00
 2.00000e+00
 2.00000e+00
 2.00000e+00
 2.00000e+00
 2.00000e+00
 2.00000e+00
 2.00000e+00
 2.00000e+00
 2.00000e+00
 2.00000e+00
 2.00000e+00
 2.00000e+00
 2.00000e+00
 2.00000e+00
 2.00000e+00
 2.00000e+00
 2.00000e+00
 2.00000e+00
 2.00000e+00
 2.00000e+00
 2.00000e+00
 2.00000e+00
 2.00000e+00
 2.00000e+00
 2.00000e+00
 2.00000e+00
 2.00000e+00
 2.00000e+00
 2.00000e+00
 2.00000e+00
 2.00000e+00
 2.00000e+00
 2.00000e+00
 2.00000e+00
 2.00000e+00
 2.00000e+00
 2.00000e+00
 2.00000e+00
 2.00000e+00
 2.00000e+00
 2.00000e+00
 2.00000e+00
 2.00000e+00
 2.00000e+00
 2.00000e+00
 2.00000e+00
 2.00000e+00
 2.00000e+00
 2.00000e+00
 2.00000e+00
 2.00000e+00
 2.00000e+00
 2.00000e+00
 2.00000e+00
 2.00000e+00
 2.00000e+00
 2.00000e+00
 2.00000e+00
 2.00000e+00
 2.00000e+00
 2.00000e+00
 2.00000e+00
 2.00000e+00
 2.00000e+00
 2.00000e+00
 2.00000e+00
 2.00000e+00
 2.00000e+00
 2.00000e+00
 2.00000e+00
 2.00000e+00
 2.00000e+00
 2.00000e+00
 2.00000e+00
 2.00000e+00
 2.00000e+00
 2.00000e+00
 2.00000e+00
 2.00000e+00
 2.00000e+00
 2.00000e+00
 2.00000e+00
 2.00000e+00
 2.00000e+00
 2.00000e+00
 2.00000e+00
 2.00000e+00
 2.00000e+00
 2.00000e+00
 2.00000e+00
 2.00000e+00
 2.00000e+00
 2.00000e+00
 2.00000e+00
 2.00000e+00
 2.00000e+00
 2.00000e+00
 2.00000e+00
 2.00000e+00
 2.00000e+00
 2.00000e+00
 2.00000e+00
 2.00000e+00
 2.00000e+00
 2.00000e+00
 2.00000e+00
 2.00000e+00
 2.00000e+00
 2.00000e+00
 2.00000e+00
 2.00000e+00
 2.00000e+00
 2.00000e+00
 2.00000e+00
 2.00000e+00
 2.00000e+00
 2.00000e+00
 2.00000e+00
 2.00000e+00
 2.00000e+00
 2.00000e+00
 2.00000e+00
 2.00000e+00
 2.00000e+00
 2.00000e+00
 2.00000e+00
 2.00000e+00
 2.00000e+00
 2.00000e+00
 2.00000e+00
 2.00000e+00
 2.00000e+00
 2.00000e+00
 2.00000e+00
 2.00000e+00
 2.00000e+00
 2.00000e+00
 2.00000e+00
 2.00000e+00
 2.00000e+00
 2.00000e+00
 2.00000e+00
 2.00000e+00
 2.00000e+00
 2.00000e+00
 2.00000e+00
 2.00000e+00
 2.00000e+00
 2.00000e+00
 2.00000e+00
part
         3
hexa8
 1.88476e+00
 1.84312e+00
 1.79853e+00
 1.80971e+00
 1.85498e+00
 1.91476e+00
 1.93219e+00
 2.02623e+00
 2.19549e+00
 2.34802e+00
 2.44741e+00
 2.45420e+00
 2.35753e+00
 2.21423e+00
 2.10028e+00
 1.95971e+00
 1.91276e+00
 1.86962e+00
 1.89767e+00
 1.99809e+00
 2.10817e+00
 2.18118e+00
 2.28460e+00
 2.40947e+00
 2.46994e+00
 2.43703e+00
 2.32301e+00
 2.18812e+00
 2.08922e+00
 2.03666e+00
 2.15267e+00
 2.11531e+00
 2.08614e+00
 2.12715e+00
 2.23864e+00
 2.34279e+00
 2.40290e+00
 2.43750e+00
 2.43607e+00
 2.36949e+00
 2.25826e+00
 2.14658e+00
 2.07005e+00
 2.02942e+00
 2.01124e+00
 2.36963e+00
 2.34510e+00
 2.32494e+00
 2.34616e+00
 2.40498e+00
 2.43692e+00
 2.41889e+00
 2.35872e+00
 2.27044e+00
 2.17533e+00
 2.09711e+00
 2.04730e+00
 2.02059e+00
 2.00823e+00
 2.00293e+00
 2.43802e+00
 2.41696e+00
 2.38847e+00
 2.36769e+00
 2.34878e+00
 2.30722e+00
 2.24216e+00
 2.16657e+00
 2.10040e+00
 2.05419e+00
 2.02695e+00
 2.01219e+00
 2.00511e+00
 2.00188e+00
 2.00068e+00
 2.28782e+00
 2.26899e+00
 2.23762e+00
 2.20145e+00
 2.16059e+00
 2.11808e+00
 2.07858e+00
 2.04692e+00
 2.02535e+00
 2.01286e+00
 2.00597e+00
 2.00262e+00
 2.00103e+00
 2.00040e+00
 2.00014e+00
 2.09558e+00
 2.08709e+00
 2.07285e+00
 2.05657e+00
 2.04036e+00
 2.02696e+00
 2.01674e+00
 2.00957e+00
 2.00501e+00
 2.00242e+00
 2.00110e+00
 2.00046e+00
 2.00019e+00
 2.00007e+00
 2.00003e+00
 2.01677e+00
 2.01520e+00
 2.01260e+00
 2.00961e+00
 2.00678e+00
 2.00445e+00
 2.00269e+00
 2.00151e+00
 2.00077e+00
 2.00038e+00
 2.00017e+00
 2.00008e+00
 2.00003e+00
 2.00001e+00
 2.00000e+00
 2.00204e+00
 2.00186e+00
 2.00155e+00
 2.00118e+00
 2.00084e+00
 2.00055e+00
 2.00034e+00
 2.00019e+00
 2.00010e+00
 2.00005e+00
 2.00002e+00
 2.00001e+00
 2.00000e+00
 2.00000e+00
 2.00000e+00
 2.00019e+00
 2.00017e+00
 2.00015e+00
 2.00011e+00
 2.00008e+00
 2.00006e+00
 2.00004e+00
 2.00002e+00
 2.00001e+00
 2.00001e+00
 2.00000e+00
 2.00000e+00
 2.00000e+00
 2.00000e+00
 2.00000e+00
 2.00001e+00
 2.00001e+00
 2.00001e+00
 2.00001e+00
 2.00001e+00
 2.00001e+00
 2.00000e+00
 2.00000e+00
 2.00000e+00
 2.00000e+00
 2.00000e+00
 2.00000e+00
 2.00000e+00
 2.00000e+00
 2.00000e+00
 2.00000e+00
 2.00000e+00
 2.00000e+00
 2.00000e+00
 2.00000e+00
 2.00000e+00
 2.00000e+00
 2.00000e+00
 2.00000e+00
 2.00000e+00
 2.00000e+00
 2.00000e+00
 2.00000e+00
 2.00000e+00
 2.00000e+00
 2.00000e+00
 2.00000e+00
 2.00000e+00
 2.00000e+00
 2.00000e+00
 2.00000e+00
 2.00000e+00
 2.00000e+00
 2.00000e+00
 2.00000e+00
 2.00000e+00
 2.00000e+00
 2.00000e+00
 2.00000e+00
 2.00000e+00
 2.00000e+00
 2.00000e+00
 2.00000e+00
 2.00000e+00
 2.00000e+00
 2.00000e+00
 2.00000e+00
 2.00000e+00
 2.00000e+00
 2.00000e+00
 2.00000e+00
 2.00000e+00
 2.00000e+00
 2.00000e+00
 2.00000e+00
 2.00000e+00
 2.00000e+00
 2.00000e+00
 2.00000e+00
 2.00000e+00
 2.00000e+00
 2.00000e+00
 2.00000e+00
 2.00000e+00
 2.00000e+00
 2.00000e+00
 2.00000e+00
 2.00000e+00
 2.00000e+00
 2.00000e+00
 1.84312e+00
 1.81588e+00
 1.81618e+00
 1.81206e+00
 1.86198e+00
 1.91164e+00
 1.99148e+00
 2.09726e+00
 2.23310e+00
 2.37003e+00
 2.45973e+00
 2.45746e+00
 2.35203e+00
 2.20669e+00
 2.09523e+00
 1.91290e+00
 1.88558e+00
 1.89617e+00
 1.90357e+00
 2.01548e+00
 2.11865e+00
 2.23516e+00
 2.34405e+00
 2.43754e+00
 2.47734e+00
 2.43085e+00
 2.31295e+00
 2.17964e+00
 2.08441e+00
 2.03440e+00
 2.11556e+00
 2.09190e+00
 2.11728e+00
 2.13693e+00
 2.25880e+00
 2.35507e+00
 2.43208e+00
 2.46289e+00
 2.44047e+00
 2.36149e+00
 2.24666e+00
 2.13844e+00
 2.06586e+00
 2.02760e+00
 2.01049e+00
 2.34525e+00
 2.32625e+00
 2.34408e+00
 2.35144e+00
 2.41442e+00
 2.43719e+00
 2.41887e+00
 2.35415e+00
 2.26098e+00
 2.16621e+00
 2.09103e+00
 2.04423e+00
 2.01927e+00
 2.00767e+00
 2.00272e+00
 2.41697e+00
 2.39852e+00
 2.38596e+00
 2.36163e+00
 2.34294e+00
 2.29739e+00
 2.23076e+00
 2.15679e+00
 2.09388e+00
 2.05053e+00
 2.02509e+00
 2.01137e+00
 2.00474e+00
 2.00175e+00
 2.00063e+00
 2.26896e+00
 2.25218e+00
 2.22569e+00
 2.19117e+00
 2.15204e+00
 2.11090e+00
 2.07272e+00
 2.04326e+00
 2.02354e+00
 2.01198e+00
 2.00556e+00
 2.00242e+00
 2.00096e+00
 2.00037e+00
 2.00013e+00
 2.08708e+00
 2.07957e+00
 2.06701e+00
 2.05218e+00
 2.03739e+00
 2.02494e+00
 2.01540e+00
 2.00881e+00
 2.00465e+00
 2.00225e+00
 2.00102e+00
 2.00043e+00
 2.00018e+00
 2.00007e+00
 2.00002e+00
 2.01520e+00
 2.01385e+00
 2.01152e+00
 2.00884e+00
 2.00627e+00
 2.00411e+00
 2.00247e+00
 2.00140e+00
 2.00071e+00
 2.00035e+00
 2.00016e+00
 2.00007e+00
 2.00003e+00
 2.00001e+00
 2.00000e+00
 2.00186e+00
 2.00170e+00
 2.00142e+00
 2.00109e+00
 2.00077e+00
 2.00050e+00
 2.00031e+00
 2.00018e+00
 2.00010e+00
 2.00005e+00
 2.00002e+00
 2.00001e+00
 2.00000e+00
 2.00000e+00
 2.00000e+00
 2.00017e+00
 2.00016e+00
 2.00013e+00
 2.00011e+00
 2.00008e+00
 2.00005e+00
 2.00003e+00
 2.00002e+00
 2.00001e+00
 2.00001e+00
 2.00000e+00
 2.00000e+00
 2.00000e+00
 2.00000e+00
 2.00000e+00
 2.00001e+00
 2.00001e+00
 2.00001e+00
 2.00001e+00
 2.00001e+00
 2.00000e+00
 2.00000e+00
 2.00000e+00
 2.00000e+00
 2.00000e+00
 2.00000e+00
 2.00000e+00
 2.00000e+00
 2.00000e+00
 2.00000e+00
 2.00000e+00
 2.00000e+00
 2.00000e+00
 2.00000e+00
 2.00000e+00
 2.00000e+00
 2.00000e+00
 2.00000e+00
 2.00000e+00
 2.00000e+00
 2.00000e+00
 2.00000e+00
 2.00000e+00
 2.00000e+00
 2.00000e+00
 2.00000e+00
 2.00000e+00
 2.00000e+00
 2.00000e+00
 2.00000e+00
 2.00000e+00
 2.00000e+00
 2.00000e+00
 2.00000e+00
 2.00000e+00
 2.00000e+00
 2.00000e+00
 2.00000e+00
 2.00000e+00
 2.00000e+00
 2.00000e+00
 2.00000e+00
 2.00000e+00
 2.00000e+00
 2.00000e+00
 2.00000e+00
 2.00000e+00
 2.00000e+00
 2.00000e+00
 2.00000e+00
 2.00000e+00
 2.00000e+00
 2.00000e+00
 2.00000e+00
 2.00000e+00
 2.00000e+00
 2.00000e+00
 2.00000e+00
 2.00000e+00
 2.00000e+00
 2.00000e+00
 2.00000e+00
 2.00000e+00
 2.00000e+00
 2.00000e+00
 2.00000e+00
 2.00000e+00
 2.00000e+00
 2.00000e+00
 2.00000e+00
 1.79874e+00
 1.81637e+00
 1.79924e+00
 1.86742e+00
 1.91065e+00
 1.92951e+00
 2.00819e+00
 2.11269e+00
 2.25341e+00
 2.39459e+00
 2.48434e+00
 2.46079e+00
 2.33636e+00
 2.18796e+00
 2.08430e+00
 1.86996e+00
 1.89641e+00
 1.87963e+00
 2.00428e+00
 2.09682e+00
 2.15640e+00
 2.26153e+00
 2.36162e+00
 2.44887e+00
 2.47326e+00
 2.41455e+00
 2.28914e+00
 2.16098e+00
 2.07432e+00
 2.03007e+00
 2.08639e+00
 2.11738e+00
 2.11395e+00
 2.23993e+00
 2.33453e+00
 2.38634e+00
 2.44444e+00
 2.45957e+00
 2.42686e+00
 2.33734e+00
 2.22268e+00
 2.12168e+00
 2.05736e+00
 2.02406e+00
 2.00918e+00
 2.32499e+00
 2.34410e+00
 2.34312e+00
 2.41002e+00
 2.44522e+00
 2.43753e+00
 2.40347e+00
 2.33124e+00
 2.23896e+00
 2.14789e+00
 2.07957e+00
 2.03826e+00
 2.01669e+00
 2.00666e+00
 2.00235e+00
 2.38847e+00
 2.38600e+00
 2.36891e+00
 2.36159e+00
 2.33036e+00
 2.27686e+00
 2.20828e+00
 2.13875e+00
 2.08230e+00
 2.04398e+00
 2.02179e+00
 2.00981e+00
 2.00408e+00
 2.00152e+00
 2.00055e+00
 2.23760e+00
 2.22570e+00
 2.20212e+00
 2.17175e+00
 2.13461e+00
 2.09707e+00
 2.06285e+00
 2.03722e+00
 2.02029e+00
 2.01032e+00
 2.00482e+00
 2.00209e+00
 2.00083e+00
 2.00032e+00
 2.00011e+00
 2.07284e+00
 2.06701e+00
 2.05669e+00
 2.04410e+00
 2.03170e+00
 2.02127e+00
 2.01320e+00
 2.00754e+00
 2.00397e+00
 2.00193e+00
 2.00088e+00
 2.00038e+00
 2.00015e+00
 2.00006e+00
 2.00002e+00
 2.01260e+00
 2.01152e+00
 2.00963e+00
 2.00742e+00
 2.00528e+00
 2.00348e+00
 2.00211e+00
 2.00119e+00
 2.00061e+00
 2.00031e+00
 2.00014e+00
 2.00006e+00
 2.00003e+00
 2.00001e+00
 2.00000e+00
 2.00155e+00
 2.00142e+00
 2.00118e+00
 2.00091e+00
 2.00065e+00
 2.00043e+00
 2.00027e+00
 2.00015e+00
 2.00008e+00
 2.00004e+00
 2.00002e+00
 2.00001e+00
 2.00000e+00
 2.00000e+00
 2.00000e+00
 2.00015e+00
 2.00013e+00
 2.00012e+00
 2.00009e+00
 2.00007e+00
 2.00005e+00
 2.00003e+00
 2.00002e+00
 2.00001e+00
 2.00001e+00
 2.00000e+00
 2.00000e+00
 2.00000e+00
 2.00000e+00
 2.00000e+00
 2.00001e+00
 2.00001e+00
 2.00001e+00
 2.00001e+00
 2.00001e+00
 2.00000e+00
 2.00000e+00
 2.00000e+00
 2.00000e+00
 2.00000e+00
 2.00000e+00
 2.00000e+00
 2.00000e+00
 2.00000e+00
 2.00000e+00
 2.00000e+00
 2.00000e+00
 2.00000e+00
 2.00000e+00
 2.00000e+00
 2.00000e+00
 2.00000e+00
 2.00000e+00
 2.00000e+00
 2.00000e+00
 2.00000e+00
 2.00000e+00
 2.00000e+00
 2.00000e+00
 2.00000e+00
 2.00000e+00
 2.00000e+00
 2.00000e+00
 2.00000e+00
 2.00000e+00
 2.00000e+00
 2.00000e+00
 2.00000e+00
 2.00000e+00
 2.00000e+00
 2.00000e+00
 2.00000e+00
 2.00000e+00
 2.00000e+00
 2.00000e+00
 2.00000e+00
 2.00000e+00
 2.00000e+00
 2.00000e+00
 2.00000e+00
 2.00000e+00
 2.00000e+00
 2.00000e+00
 2.00000e+00
 2.00000e+00
 2.00000e+00
 2.00000e+00
 2.00000e+00
 2.00000e+00
 2.00000e+00
 2.00000e+00
 2.00000e+00
 2.00000e+00
 2.00000e+00
 2.00000e+00
 2.00000e+00
 2.00000e+00
 2.00000e+00
 2.00000e+00
 2.00000e+00
 2.00000e+00
 2.00000e+00
 2.00000e+00
 2.00000e+00
 2.00000e+00
 1.81006e+00
 1.81202e+00
 1.86721e+00
 1.91697e+00
 1.92708e+00
 1.93050e+00
 2.00769e+00
 2.12517e+00
 2.26652e+00
 2.41167e+00
 2.48132e+00
 2.43606e+00
 2.30083e+00
 2.16068e+00
 2.07016e+00
 1.89796e+00
 1.90359e+00
 2.00415e+00
 2.09454e+00
 2.14191e+00
 2.17992e+00
 2.27117e+00
 2.37379e+00
 2.44427e+00
 2.45400e+00
 2.37727e+00
 2.25200e+00
 2.13517e+00
 2.06141e+00
 2.02444e+00
 2.12718e+00
 2.13684e+00
 2.23995e+00
 2.32865e+00
 2.37731e+00
 2.40292e+00
 2.43624e+00
 2.44152e+00
 2.39298e+00
 2.29901e+00
 2.18872e+00
 2.10057e+00
 2.04695e+00
 2.01962e+00
 2.00743e+00
 2.34622e+00
 2.35132e+00
 2.41008e+00
 2.44735e+00
 2.45016e+00
 2.41901e+00
 2.36808e+00
 2.29342e+00
 2.20436e+00
 2.12319e+00
 2.06512e+00
 2.03105e+00
 2.01351e+00
 2.00538e+00
 2.00188e+00
 2.36777e+00
 2.36162e+00
 2.36164e+00
 2.34189e+00
 2.30130e+00
 2.24191e+00
 2.17552e+00
 2.11440e+00
 2.06698e+00
 2.03568e+00
 2.01755e+00
 2.00789e+00
 2.00327e+00
 2.00122e+00
 2.00045e+00
 2.20146e+00
 2.19118e+00
 2.17176e+00
 2.14370e+00
 2.11137e+00
 2.07873e+00
 2.05031e+00
 2.02972e+00
 2.01627e+00
 2.00824e+00
 2.00385e+00
 2.00166e+00
 2.00067e+00
 2.00026e+00
 2.00009e+00
 2.05656e+00
 2.05218e+00
 2.04409e+00
 2.03443e+00
 2.02503e+00
 2.01681e+00
 2.01039e+00
 2.00593e+00
 2.00315e+00
 2.00153e+00
 2.00070e+00
 2.00031e+00
 2.00013e+00
 2.00005e+00
 2.00002e+00
 2.00961e+00
 2.00884e+00
 2.00742e+00
 2.00577e+00
 2.00413e+00
 2.00272e+00
 2.00165e+00
 2.00093e+00
 2.00049e+00
 2.00024e+00
 2.00011e+00
 2.00005e+00
 2.00002e+00
 2.00001e+00
 2.00000e+00
 2.00118e+00
 2.00109e+00
 2.00091e+00
 2.00071e+00
 2.00051e+00
 2.00034e+00
 2.00021e+00
 2.00012e+00
 2.00007e+00
 2.00003e+00
 2.00002e+00
 2.00001e+00
 2.00000e+00
 2.00000e+00
 2.00000e+00
 2.00011e+00
 2.00011e+00
 2.00009e+00
 2.00007e+00
 2.00005e+00
 2.00004e+00
 2.00002e+00
 2.00001e+00
 2.00001e+00
 2.00000e+00
 2.00000e+00
 2.00000e+00
 2.00000e+00
 2.00000e+00
 2.00000e+00
 2.00001e+00
 2.00001e+00
 2.00001e+00
 2.00001e+00
 2.00000e+00
 2.00000e+00
 2.00000e+00
 2.00000e+00
 2.00000e+00
 2.00000e+00
 2.00000e+00
 2.00000e+00
 2.00000e+00
 2.00000e+00
 2.00000e+00
 2.00000e+00
 2.00000e+00
 2.00000e+00
 2.00000e+00
 2.00000e+00
 2.00000e+00
 2.00000e+00
 2.00000e+00
 2.00000e+00
 2.00000e+00
 2.00000e+00
 2.00000e+00
 2.00000e+00
 2.00000e+00
 2.00000e+00
 2.00000e+00
 2.00000e+00
 2.00000e+00
 2.00000e+00
 2.00000e+00
 2.00000e+00
 2.00000e+00
 2.00000e+00
 2.00000e+00
 2.00000e+00
 2.00000e+00
 2.00000e+00
 2.00000e+00
 2.00000e+00
 2.00000e+00
 2.00000e+00
 2.00000e+00
 2.00000e+00
 2.00000e+00
 2.00000e+00
 2.00000e+00
 2.00000e+00
 2.00000e+00
 2.00000e+00
 2.00000e+00
 2.00000e+00
 2.00000e+00
 2.00000e+00
 2.00000e+00
 2.00000e+00
 2.00000e+00
 2.00000e+00
 2.00000e+00
 2.00000e+00
 2.00000e+00
 2.00000e+00
 2.00000e+00
 2.00000e+00
 2.00000e+00
 2.00000e+00
 2.00000e+00
 2.00000e+00
 2.00000e+00
 2.00000e+00
 2.00000e+00
 1.85495e+00
 1.86161e+00
 1.91064e+00
 1.92717e+00
 1.91265e+00
 1.97910e+00
 2.06931e+00
 2.19798e+00
 2.33895e+00
 2.44152e+00
 2.46844e+00
 2.38868e+00
 2.25113e+00
 2.12731e+00
 2.05444e+00
 1.99851e+00
 2.01552e+00
 2.09683e+00
 2.14176e+00
 2.16262e+00
 2.23904e+00
 2.33263e+00
 2.41617e+00
 2.45980e+00
 2.42578e+00
 2.32825e+00
 2.20495e+00
 2.10595e+00
 2.04726e+00
 2.01858e+00
 2.23931e+00
 2.25918e+00
 2.33462e+00
 2.37714e+00
 2.39687e+00
 2.42600e+00
 2.44425e+00
 2.42010e+00
 2.35226e+00
 2.24964e+00
 2.15011e+00
 2.07741e+00
 2.03580e+00
 2.01479e+00
 2.00560e+00
 2.40548e+00
 2.41475e+00
 2.44534e+00
 2.45015e+00
 2.42671e+00
 2.38540e+00
 2.32464e+00
 2.24476e+00
 2.16327e+00
 2.09500e+00
 2.04958e+00
 2.02349e+00
 2.01014e+00
 2.00401e+00
 2.00141e+00
 2.34895e+00
 2.34308e+00
 2.33042e+00
 2.30133e+00
 2.25372e+00
 2.19590e+00
 2.13716e+00
 2.08704e+00
 2.05042e+00
 2.02684e+00
 2.01316e+00
 2.00590e+00
 2.00242e+00
 2.00092e+00
 2.00034e+00
 2.16058e+00
 2.15204e+00
 2.13462e+00
 2.11137e+00
 2.08451e+00
 2.05845e+00
 2.03708e+00
 2.02190e+00
 2.01206e+00
 2.00610e+00
 2.00287e+00
 2.00124e+00
 2.00051e+00
 2.00020e+00
 2.00007e+00
 2.04035e+00
 2.03739e+00
 2.03170e+00
 2.02503e+00
 2.01825e+00
 2.01222e+00
 2.00756e+00
 2.00432e+00
 2.00230e+00
 2.00113e+00
 2.00053e+00
 2.00023e+00
 2.00010e+00
 2.00004e+00
 2.00001e+00
 2.00678e+00
 2.00627e+00
 2.00528e+00
 2.00413e+00
 2.00296e+00
 2.00196e+00
 2.00119e+00
 2.00068e+00
 2.00036e+00
 2.00018e+00
 2.00009e+00
 2.00004e+00
 2.00002e+00
 2.00001e+00
 2.00000e+00
 2.00084e+00
 2.00077e+00
 2.00065e+00
 2.00051e+00
 2.00037e+00
 2.00025e+00
 2.00016e+00
 2.00009e+00
 2.00005e+00
 2.00003e+00
 2.00001e+00
 2.00001e+00
 2.00000e+00
 2.00000e+00
 2.00000e+00
 2.00008e+00
 2.00008e+00
 2.00007e+00
 2.00005e+00
 2.00004e+00
 2.00003e+00
 2.00002e+00
 2.00001e+00
 2.00001e+00
 2.00000e+00
 2.00000e+00
 2.00000e+00
 2.00000e+00
 2.00000e+00
 2.00000e+00
 2.00001e+00
 2.00001e+00
 2.00001e+00
 2.00000e+00
 2.00000e+00
 2.00000e+00
 2.00000e+00
 2.00000e+00
 2.00000e+00
 2.00000e+00
 2.00000e+00
 2.00000e+00
 2.00000e+00
 2.00000e+00
 2.00000e+00
 2.00000e+00
 2.00000e+00
 2.00000e+00
 2.00000e+00
 2.00000e+00
 2.00000e+00
 2.00000e+00
 2.00000e+00
 2.00000e+00
 2.00000e+00
 2.00000e+00
 2.00000e+00
 2.00000e+00
 2.00000e+00
 2.00000e+00
 2.00000e+00
 2.00000e+00
 2.00000e+00
 2.00000e+00
 2.00000e+00
 2.00000e+00
 2.00000e+00
 2.00000e+00
 2.00000e+00
 2.00000e+00
 2.00000e+00
 2.00000e+00
 2.00000e+00
 2.00000e+00
 2.00000e+00
 2.00000e+00
 2.00000e+00
 2.00000e+00
 2.00000e+00
 2.00000e+00
 2.00000e+00
 2.00000e+00
 2.00000e+00
 2.00000e+00
 2.00000e+00
 2.00000e+00
 2.00000e+00
 2.00000e+00
 2.00000e+00
 2.00000e+00
 2.00000e+00
 2.00000e+00
 2.00000e+00
 2.00000e+00
 2.00000e+00
 2.00000e+00
 2.00000e+00
 2.00000e+00
 2.00000e+00
 2.00000e+00
 2.00000e+00
 2.00000e+00
 2.00000e+00
 2.00000e+00
 2.00000e+00
 1.91415e+00
 1.91164e+00
 1.92967e+00
 1.93048e+00
 1.97895e+00
 2.06583e+00
 2.18761e+00
 2.31822e+00
 2.42376e+00
 2.47927e+00
 2.44138e+00
 2.32764e+00
 2.19285e+00
 2.09322e+00
 2.03887e+00
 2.10764e+00
 2.11872e+00
 2.15616e+00
 2.17957e+00
 2.23886e+00
 2.32446e+00
 2.41150e+00
 2.46825e+00
 2.45869e+00
 2.38564e+00
 2.26758e+00
 2.15553e+00
 2.07672e+00
 2.03389e+00
 2.01306e+00
 2.34263e+00
 2.35533e+00
 2.38615e+00
 2.40258e+00
 2.42589e+00
 2.44594e+00
 2.43656e+00
 2.38698e+00
 2.29679e+00
 2.19608e+00
 2.11096e+00
 2.05583e+00
 2.02544e+00
 2.01043e+00
 2.00388e+00
 2.43701e+00
 2.43745e+00
 2.43758e+00
 2.41897e+00
 2.38541e+00
 2.33584e+00
 2.26752e+00
 2.19187e+00
 2.12137e+00
 2.06878e+00
 2.03526e+00
 2.01658e+00
 2.00707e+00
 2.00278e+00
 2.00099e+00
 2.30728e+00
 2.29749e+00
 2.27694e+00
 2.24196e+00
 2.19592e+00
 2.14573e+00
 2.09909e+00
 2.06178e+00
 2.03546e+00
 2.01885e+00
 2.00915e+00
 2.00409e+00
 2.00168e+00
 2.00065e+00
 2.00024e+00
 2.11809e+00
 2.11091e+00
 2.09710e+00
 2.07874e+00
 2.05846e+00
 2.04003e+00
 2.02551e+00
 2.01508e+00
 2.00829e+00
 2.00420e+00
 2.00198e+00
 2.00086e+00
 2.00036e+00
 2.00014e+00
 2.00005e+00
 2.02696e+00
 2.02494e+00
 2.02127e+00
 2.01681e+00
 2.01222e+00
 2.00819e+00
 2.00509e+00
 2.00292e+00
 2.00156e+00
 2.00078e+00
 2.00037e+00
 2.00016e+00
 2.00007e+00
 2.00003e+00
 2.00001e+00
 2.00446e+00
 2.00411e+00
 2.00348e+00
 2.00273e+00
 2.00196e+00
 2.00130e+00
 2.00080e+00
 2.00046e+00
 2.00025e+00
 2.00013e+00
 2.00006e+00
 2.00003e+00
 2.00001e+00
 2.00000e+00
 2.00000e+00
 2.00055e+00
 2.00050e+00
 2.00043e+00
 2.00034e+00
 2.00025e+00
 2.00017e+00
 2.00011e+00
 2.00006e+00
 2.00003e+00
 2.00002e+00
 2.00001e+00
 2.00000e+00
 2.00000e+00
 2.00000e+00
 2.00000e+00
 2.00006e+00
 2.00005e+00
 2.00005e+00
 2.00004e+00
 2.00003e+00
 2.00002e+00
 2.00001e+00
 2.00001e+00
 2.00000e+00
 2.00000e+00
 2.00000e+00
 2.00000e+00
 2.00000e+00
 2.00000e+00
 2.00000e+00
 2.00001e+00
 2.00000e+00
 2.00000e+00
 2.00000e+00
 2.00000e+00
 2.00000e+00
 2.00000e+00
 2.00000e+00
 2.00000e+00
 2.00000e+00
 2.00000e+00
 2.00000e+00
 2.00000e+00
 2.00000e+00
 2.00000e+00
 2.00000e+00
 2.00000e+00
 2.00000e+00
 2.00000e+00
 2.00000e+00
 2.00000e+00
 2.00000e+00
 2.00000e+00
 2.00000e+00
 2.00000e+00
 2.00000e+00
 2.00000e+00
 2.00000e+00
 2.00000e+00
 2.00000e+00
 2.00000e+00
 2.00000e+00
 2.00000e+00
 2.00000e+00
 2.00000e+00
 2.00000e+00
 2.00000e+00
 2.00000e+00
 2.00000e+00
 2.00000e+00
 2.00000e+00
 2.00000e+00
 2.00000e+00
 2.00000e+00
 2.00000e+00
 2.00000e+00
 2.00000e+00
 2.00000e+00
 2.00000e+00
 2.00000e+00
 2.00000e+00
 2.00000e+00
 2.00000e+00
 2.00000e+00
 2.00000e+00
 2.00000e+00
 2.00000e+00
 2.00000e+00
 2.00000e+00
 2.00000e+00
 2.00000e+00
 2.00000e+00
 2.00000e+00
 2.00000e+00
 2.00000e+00
 2.00000e+00
 2.00000e+00
 2.00000e+00
 2.00000e+00
 2.00000e+00
 2.00000e+00
 2.00000e+00
 2.00000e+00
 2.00000e+00
 2.00000e+00
 1.93195e+00
 1.99169e+00
 2.00849e+00
 2.00783e+00
 2.06920e+00
 2.18742e+00
 2.32154e+00
 2.42759e+00
 2.49208e+00
 2.47777e+00
 2.38761e+00
 2.25439e+00
 2.13828e+00
 2.06383e+00
 2.02618e+00
 2.18023e+00
 2.23517e+00
 2.26177e+00
 2.27134e+00
 2.33255e+00
 2.41138e+00
 2.47588e+00
 2.48190e+00
 2.42758e+00
 2.32006e+00
 2.20306e+00
 2.10954e+00
 2.05246e+00
 2.02259e+00
 2.00867e+00
 2.40218e+00
 2.43226e+00
 2.44466e+00
 2.43637e+00
 2.44426e+00
 2.43656e+00
 2.40121e+00
 2.32585e+00
 2.23165e+00
 2.14183e+00
 2.07705e+00
 2.03768e+00
 2.01687e+00
 2.00683e+00
 2.00252e+00
 2.41883e+00
 2.41915e+00
 2.40368e+00
 2.36819e+00
 2.32469e+00
 2.26753e+00
 2.20300e+00
 2.13783e+00
 2.08413e+00
 2.04638e+00
 2.02348e+00
 2.01089e+00
 2.00461e+00
 2.00181e+00
 2.00066e+00
 2.24223e+00
 2.23085e+00
 2.20833e+00
 2.17554e+00
 2.13716e+00
 2.09909e+00
 2.06624e+00
 2.04094e+00
 2.02350e+00
 2.01235e+00
 2.00596e+00
 2.00265e+00
 2.00110e+00
 2.00043e+00
 2.00016e+00
 2.07861e+00
 2.07273e+00
 2.06285e+00
 2.05031e+00
 2.03708e+00
 2.02551e+00
 2.01632e+00
 2.00968e+00
 2.00534e+00
 2.00270e+00
 2.00127e+00
 2.00056e+00
 2.00023e+00
 2.00009e+00
 2.00003e+00
 2.01675e+00
 2.01540e+00
 2.01320e+00
 2.01039e+00
 2.00756e+00
 2.00509e+00
 2.00317e+00
 2.00183e+00
 2.00099e+00
 2.00050e+00
 2.00024e+00
 2.00011e+00
 2.00004e+00
 2.00002e+00
 2.00001e+00
 2.00269e+00
 2.00247e+00
 2.00211e+00
 2.00165e+00
 2.00119e+00
 2.00080e+00
 2.00050e+00
 2.00029e+00
 2.00016e+00
 2.00008e+00
 2.00004e+00
 2.00002e+00
 2.00001e+00
 2.00000e+00
 2.00000e+00
 2.00034e+00
 2.00031e+00
 2.00027e+00
 2.00021e+00
 2.00016e+00
 2.00011e+00
 2.00007e+00
 2.00004e+00
 2.00002e+00
 2.00001e+00
 2.00001e+00
 2.00000e+00
 2.00000e+00
 2.00000e+00
 2.00000e+00
 2.00004e+00
 2.00003e+00
 2.00003e+00
 2.00002e+00
 2.00002e+00
 2.00001e+00
 2.00001e+00
 2.00000e+00
 2.00000e+00
 2.00000e+00
 2.00000e+00
 2.00000e+00
 2.00000e+00
 2.00000e+00
 2.00000e+00
 2.00000e+00
 2.00000e+00
 2.00000e+00
 2.00000e+00
 2.00000e+00
 2.00000e+00
 2.00000e+00
 2.00000e+00
 2.00000e+00
 2.00000e+00
 2.00000e+00
 2.00000e+00
 2.00000e+00
 2.00000e+00
 2.00000e+00
 2.00000e+00
 2.00000e+00
 2.00000e+00
 2.00000e+00
 2.00000e+00
 2.00000e+00
 2.00000e+00
 2.00000e+00
 2.00000e+00
 2.00000e+00
 2.00000e+00
 2.00000e+00
 2.00000e+00
 2.00000e+00
 2.00000e+00
 2.00000e+00
 2.00000e+00
 2.00000e+00
 2.00000e+00
 2.00000e+00
 2.00000e+00
 2.00000e+00
 2.00000e+00
 2.00000e+00
 2.00000e+00
 2.00000e+00
 2.00000e+00
 2.00000e+00
 2.00000e+00
 2.00000e+00
 2.00000e+00
 2.00000e+00
 2.00000e+00
 2.00000e+00
 2.00000e+00
 2.00000e+00
 2.00000e+00
 2.00000e+00
 2.00000e+00
 2.00000e+00
 2.00000e+00
 2.00000e+00
 2.00000e+00
 2.00000e+00
 2.00000e+00
 2.00000e+00
 2.00000e+00
 2.00000e+00
 2.00000e+00
 2.00000e+00
 2.00000e+00
 2.00000e+00
 2.00000e+00
 2.00000e+00
 2.00000e+00
 2.00000e+00
 2.00000e+00
 2.00000e+00
 2.00000e+00
 2.00000e+00
 2.02618e+00
 2.09733e+00
 2.11265e+00
 2.12512e+00
 2.19760e+00
 2.31784e+00
 2.42736e+00
 2.50089e+00
 2.50067e+00
 2.42939e+00
 2.30470e+00
 2.18142e+00
 2.09145e+00
 2.04111e+00
 2.01624e+00
 2.28437e+00
 2.34406e+00
 2.36160e+00
 2.37389e+00
 2.41602e+00
 2.46809e+00
 2.48183e+00
 2.44434e+00
 2.35187e+00
 2.23980e+00
 2.13942e+00
 2.07184e+00
 2.03340e+00
 2.01406e+00
 2.00531e+00
 2.43738e+00
 2.46312e+00
 2.45975e+00
 2.44168e+00
 2.42012e+00
 2.38700e+00
 2.32586e+00
 2.24565e+00
 2.16146e+00
 2.09416e+00
 2.04932e+00
 2.02383e+00
 2.01048e+00
 2.00420e+00
 2.00153e+00
 2.35883e+00
 2.35438e+00
 2.33140e+00
 2.29351e+00
 2.24479e+00
 2.19188e+00
 2.13784e+00
 2.09027e+00
 2.05365e+00
 2.02931e+00
 2.01458e+00
 2.00670e+00
 2.00280e+00
 2.00110e+00
 2.00040e+00
 2.16661e+00
 2.15684e+00
 2.13879e+00
 2.11442e+00
 2.08705e+00
 2.06178e+00
 2.04094e+00
 2.02522e+00
 2.01441e+00
 2.00754e+00
 2.00360e+00
 2.00160e+00
 2.00067e+00
 2.00026e+00
 2.00010e+00
 2.04693e+00
 2.04327e+00
 2.03723e+00
 2.02973e+00
 2.02191e+00
 2.01508e+00
 2.00968e+00
 2.00574e+00
 2.00316e+00
 2.00160e+00
 2.00077e+00
 2.00034e+00
 2.00014e+00
 2.00006e+00
 2.00002e+00
 2.00957e+00
 2.00881e+00
 2.00754e+00
 2.00594e+00
 2.00432e+00
 2.00292e+00
 2.00183e+00
 2.00107e+00
 2.00059e+00
 2.00030e+00
 2.00014e+00
 2.00007e+00
 2.00003e+00
 2.00001e+00
 2.00000e+00
 2.00151e+00
 2.00140e+00
 2.00119e+00
 2.00093e+00
 2.00068e+00
 2.00046e+00
 2.00029e+00
 2.00017e+00
 2.00010e+00
 2.00005e+00
 2.00002e+00
 2.00001e+00
 2.00000e+00
 2.00000e+00
 2.00000e+00
 2.00019e+00
 2.00018e+00
 2.00015e+00
 2.00012e+00
 2.00009e+00
 2.00006e+00
 2.00004e+00
 2.00002e+00
 2.00001e+00
 2.00001e+00
 2.00000e+00
 2.00000e+00
 2.00000e+00
 2.00000e+00
 2.00000e+00
 2.00002e+00
 2.00002e+00
 2.00002e+00
 2.00001e+00
 2.00001e+00
 2.00001e+00
 2.00000e+00
 2.00000e+00
 2.00000e+00
 2.00000e+00
 2.00000e+00
 2.00000e+00
 2.00000e+00
 2.00000e+00
 2.00000e+00
 2.00000e+00
 2.00000e+00
 2.00000e+00
 2.00000e+00
 2.00000e+00
 2.00000e+00
 2.00000e+00
 2.00000e+00
 2.00000e+00
 2.00000e+00
 2.00000e+00
 2.00000e+00
 2.00000e+00
 2.00000e+00
 2.00000e+00
 2.00000e+00
 2.00000e+00
 2.00000e+00
 2.00000e+00
 2.00000e+00
 2.00000e+00
 2.00000e+00
 2.00000e+00
 2.00000e+00
 2.00000e+00
 2.00000e+00
 2.00000e+00
 2.00000e+00
 2.00000e+00
 2.00000e+00
 2.00000e+00
 2.00000e+00
 2.00000e+00
 2.00000e+00
 2.00000e+00
 2.00000e+00
 2.00000e+00
 2.00000e+00
 2.00000e+00
 2.00000e+00
 2.00000e+00
 2.00000e+00
 2.00000e+00
 2.00000e+00
 2.00000e+00
 2.00000e+00
 2.00000e+00
 2.00000e+00
 2.00000e+00
 2.00000e+00
 2.00000e+00
 2.00000e+00
 2.00000e+00
 2.00000e+00
 2.00000e+00
 2.00000e+00
 2.00000e+00
 2.00000e+00
 2.00000e+00
 2.00000e+00
 2.00000e+00
 2.00000e+00
 2.00000e+00
 2.00000e+00
 2.00000e+00
 2.00000e+00
 2.00000e+00
 2.00000e+00
 2.00000e+00
 2.00000e+00
 2.00000e+00
 2.00000e+00
 2.00000e+00
 2.00000e+00
 2.00000e+00
 2.19591e+00
 2.23301e+00
 2.25345e+00
 2.26648e+00
 2.33858e+00
 2.42329e+00
 2.49181e+00
 2.50058e+00
 2.44468e+00
 2.33339e+00
 2.21286e+00
 2.11592e+00
 2.05624e+00
 2.02451e+00
 2.00954e+00
 2.40995e+00
 2.43762e+00
 2.44900e+00
 2.44437e+00
 2.45976e+00
 2.45860e+00
 2.42756e+00
 2.35187e+00
 2.25390e+00
 2.15770e+00
 2.08739e+00
 2.04341e+00
 2.01987e+00
 2.00816e+00
 2.00308e+00
 2.43638e+00
 2.44073e+00
 2.42712e+00
 2.39312e+00
 2.35233e+00
 2.29682e+00
 2.23167e+00
 2.16147e+00
 2.10097e+00
 2.05687e+00
 2.02940e+00
 2.01389e+00
 2.00601e+00
 2.00239e+00
 2.00088e+00
 2.27052e+00
 2.26109e+00
 2.23905e+00
 2.20440e+00
 2.16330e+00
 2.12138e+00
 2.08413e+00
 2.05365e+00
 2.03148e+00
 2.01696e+00
 2.00835e+00
 2.00379e+00
 2.00159e+00
 2.00063e+00
 2.00024e+00
 2.10046e+00
 2.09389e+00
 2.08231e+00
 2.06699e+00
 2.05043e+00
 2.03546e+00
 2.02350e+00
 2.01441e+00
 2.00811e+00
 2.00422e+00
 2.00202e+00
 2.00091e+00
 2.00038e+00
 2.00015e+00
 2.00006e+00
 2.02536e+00
 2.02354e+00
 2.02029e+00
 2.01628e+00
 2.01206e+00
 2.00829e+00
 2.00534e+00
 2.00316e+00
 2.00175e+00
 2.00090e+00
 2.00043e+00
 2.00019e+00
 2.00008e+00
 2.00003e+00
 2.00001e+00
 2.00500e+00
 2.00464e+00
 2.00397e+00
 2.00315e+00
 2.00230e+00
 2.00156e+00
 2.00099e+00
 2.00059e+00
 2.00033e+00
 2.00017e+00
 2.00008e+00
 2.00004e+00
 2.00002e+00
 2.00001e+00
 2.00000e+00
 2.00077e+00
 2.00071e+00
 2.00061e+00
 2.00049e+00
 2.00036e+00
 2.00025e+00
 2.00016e+00
 2.00010e+00
 2.00005e+00
 2.00003e+00
 2.00001e+00
 2.00001e+00
 2.00000e+00
 2.00000e+00
 2.00000e+00
 2.00010e+00
 2.00010e+00
 2.00008e+00
 2.00007e+00
 2.00005e+00
 2.00003e+00
 2.00002e+00
 2.00001e+00
 2.00001e+00
 2.00000e+00
 2.00000e+00
 2.00000e+00
 2.00000e+00
 2.00000e+00
 2.00000e+00
 2.00001e+00
 2.00001e+00
 2.00001e+00
 2.00001e+00
 2.00001e+00
 2.00000e+00
 2.00000e+00
 2.00000e+00
 2.00000e+00
 2.00000e+00
 2.00000e+00
 2.00000e+00
 2.00000e+00
 2.00000e+00
 2.00000e+00
 2.00000e+00
 2.00000e+00
 2.00000e+00
 2.00000e+00
 2.00000e+00
 2.00000e+00
 2.00000e+00
 2.00000e+00
 2.00000e+00
 2.00000e+00
 2.00000e+00
 2.00000e+00
 2.00000e+00
 2.00000e+00
 2.00000e+00
 2.00000e+00
 2.00000e+00
 2.00000e+00
 2.00000e+00
 2.00000e+00
 2.00000e+00
 2.00000e+00
 2.00000e+00
 2.00000e+00
 2.00000e+00
 2.00000e+00
 2.00000e+00
 2.00000e+00
 2.00000e+00
 2.00000e+00
 2.00000e+00
 2.00000e+00
 2.00000e+00
 2.00000e+00
 2.00000e+00
 2.00000e+00
 2.00000e+00
 2.00000e+00
 2.00000e+00
 2.00000e+00
 2.00000e+00
 2.00000e+00
 2.00000e+00
 2.00000e+00
 2.00000e+00
 2.00000e+00
 2.00000e+00
 2.00000e+00
 2.00000e+00
 2.00000e+00
 2.00000e+00
 2.00000e+00
 2.00000e+00
 2.00000e+00
 2.00000e+00
 2.00000e+00
 2.00000e+00
 2.00000e+00
 2.00000e+00
 2.00000e+00
 2.00000e+00
 2.00000e+00
 2.00000e+00
 2.00000e+00
 2.00000e+00
 2.00000e+00
 2.00000e+00
 2.00000e+00
 2.00000e+00
 2.00000e+00
 2.00000e+00
 2.00000e+00
 2.00000e+00
 2.00000e+00
 2.00000e+00
 2.34798e+00
 2.36962e+00
 2.39464e+00
 2.41206e+00
 2.44150e+00
 2.47914e+00
 2.47767e+00
 2.42937e+00
 2.33338e+00
 2.22456e+00
 2.13020e+00
 2.06813e+00
 2.03183e+00
 2.01365e+00
 2.00515e+00
 2.47018e+00
 2.47740e+00
 2.47347e+00
 2.45429e+00
 2.42586e+00
 2.38569e+00
 2.32007e+00
 2.23981e+00
 2.15770e+00
 2.09333e+00
 2.04968e+00
 2.02439e+00
 2.01085e+00
 2.00442e+00
 2.00165e+00
 2.36966e+00
 2.36167e+00
 2.33749e+00
 2.29911e+00
 2.24968e+00
 2.19610e+00
 2.14183e+00
 2.09416e+00
 2.05687e+00
 2.03164e+00
 2.01601e+00
 2.00750e+00
 2.00321e+00
 2.00129e+00
 2.00048e+00
 2.17534e+00
 2.16627e+00
 2.14791e+00
 2.12320e+00
 2.09501e+00
 2.06878e+00
 2.04637e+00
 2.02930e+00
 2.01696e+00
 2.00904e+00
 2.00441e+00
 2.00200e+00
 2.00085e+00
 2.00034e+00
 2.00013e+00
 2.05420e+00
 2.05053e+00
 2.04398e+00
 2.03568e+00
 2.02685e+00
 2.01886e+00
 2.01235e+00
 2.00754e+00
 2.00422e+00
 2.00220e+00
 2.00105e+00
 2.00048e+00
 2.00020e+00
 2.00008e+00
 2.00003e+00
 2.01291e+00
 2.01200e+00
 2.01032e+00
 2.00824e+00
 2.00610e+00
 2.00420e+00
 2.00270e+00
 2.00160e+00
 2.00090e+00
 2.00047e+00
 2.00023e+00
 2.00010e+00
 2.00004e+00
 2.00002e+00
 2.00001e+00
 2.00243e+00
 2.00225e+00
 2.00193e+00
 2.00153e+00
 2.00113e+00
 2.00078e+00
 2.00050e+00
 2.00030e+00
 2.00017e+00
 2.00009e+00
 2.00004e+00
 2.00002e+00
 2.00001e+00
 2.00000e+00
 2.00000e+00
 2.00038e+00
 2.00035e+00
 2.00031e+00
 2.00024e+00
 2.00018e+00
 2.00013e+00
 2.00008e+00
 2.00005e+00
 2.00003e+00
 2.00002e+00
 2.00001e+00
 2.00000e+00
 2.00000e+00
 2.00000e+00
 2.00000e+00
 2.00005e+00
 2.00005e+00
 2.00004e+00
 2.00003e+00
 2.00003e+00
 2.00002e+00
 2.00001e+00
 2.00001e+00
 2.00000e+00
 2.00000e+00
 2.00000e+00
 2.00000e+00
 2.00000e+00
 2.00000e+00
 2.00000e+00
 2.00001e+00
 2.00001e+00
 2.00001e+00
 2.00000e+00
 2.00000e+00
 2.00000e+00
 2.00000e+00
 2.00000e+00
 2.00000e+00
 2.00000e+00
 2.00000e+00
 2.00000e+00
 2.00000e+00
 2.00000e+00
 2.00000e+00
 2.00000e+00
 2.00000e+00
 2.00000e+00
 2.00000e+00
 2.00000e+00
 2.00000e+00
 2.00000e+00
 2.00000e+00
 2.00000e+00
 2.00000e+00
 2.00000e+00
 2.00000e+00
 2.00000e+00
 2.00000e+00
 2.00000e+00
 2.00000e+00
 2.00000e+00
 2.00000e+00
 2.00000e+00
 2.00000e+00
 2.00000e+00
 2.00000e+00
 2.00000e+00
 2.00000e+00
 2.00000e+00
 2.00000e+00
 2.00000e+00
 2.00000e+00
 2.00000e+00
 2.00000e+00
 2.00000e+00
 2.00000e+00
 2.00000e+00
 2.00000e+00
 2.00000e+00
 2.00000e+00
 2.00000e+00
 2.00000e+00
 2.00000e+00
 2.00000e+00
 2.00000e+00
 2.00000e+00
 2.00000e+00
 2.00000e+00
 2.00000e+00
 2.00000e+00
 2.00000e+00
 2.00000e+00
 2.00000e+00
 2.00000e+00
 2.00000e+00
 2.00000e+00
 2.00000e+00
 2.00000e+00
 2.00000e+00
 2.00000e+00
 2.00000e+00
 2.00000e+00
 2.00000e+00
 2.00000e+00
 2.00000e+00
 2.00000e+00
 2.00000e+00
 2.00000e+00
 2.00000e+00
 2.00000e+00
 2.00000e+00
 2.00000e+00
 2.00000e+00
 2.00000e+00
 2.00000e+00
 2.00000e+00
 2.00000e+00
 2.00000e+00
 2.00000e+00
 2.44696e+00
 2.45922e+00
 2.48447e+00
 2.48174e+00
 2.46871e+00
 2.44143e+00
 2.38765e+00
 2.30469e+00
 2.21285e+00
 2.13019e+00
 2.07242e+00
 2.03631e+00
 2.01676e+00
 2.00690e+00
 2.00262e+00
 2.43708e+00
 2.43088e+00
 2.41475e+00
 2.37744e+00
 2.32835e+00
 2.26760e+00
 2.20306e+00
 2.13941e+00
 2.08738e+00
 2.04968e+00
 2.02616e+00
 2.01247e+00
 2.00551e+00
 2.00222e+00
 2.00084e+00
 2.25829e+00
 2.24673e+00
 2.22274e+00
 2.18873e+00
 2.15013e+00
 2.11096e+00
 2.07704e+00
 2.04931e+00
 2.02940e+00
 2.01601e+00
 2.00805e+00
 2.00371e+00
 2.00160e+00
 2.00065e+00
 2.00024e+00
 2.09713e+00
 2.09104e+00
 2.07958e+00
 2.06511e+00
 2.04959e+00
 2.03526e+00
 2.02348e+00
 2.01457e+00
 2.00835e+00
 2.00441e+00
 2.00215e+00
 2.00098e+00
 2.00043e+00
 2.00017e+00
 2.00007e+00
 2.02692e+00
 2.02508e+00
 2.02179e+00
 2.01756e+00
 2.01316e+00
 2.00915e+00
 2.00596e+00
 2.00360e+00
 2.00202e+00
 2.00105e+00
 2.00052e+00
 2.00024e+00
 2.00010e+00
 2.00004e+00
 2.00002e+00
 2.00597e+00
 2.00556e+00
 2.00482e+00
 2.00385e+00
 2.00287e+00
 2.00198e+00
 2.00127e+00
 2.00077e+00
 2.00043e+00
 2.00023e+00
 2.00011e+00
 2.00005e+00
 2.00002e+00
 2.00001e+00
 2.00000e+00
 2.00109e+00
 2.00101e+00
 2.00088e+00
 2.00070e+00
 2.00053e+00
 2.00037e+00
 2.00024e+00
 2.00014e+00
 2.00008e+00
 2.00004e+00
 2.00002e+00
 2.00001e+00
 2.00000e+00
 2.00000e+00
 2.00000e+00
 2.00017e+00
 2.00016e+00
 2.00014e+00
 2.00011e+00
 2.00009e+00
 2.00006e+00
 2.00004e+00
 2.00002e+00
 2.00001e+00
 2.00001e+00
 2.00000e+00
 2.00000e+00
 2.00000e+00
 2.00000e+00
 2.00000e+00
 2.00002e+00
 2.00002e+00
 2.00002e+00
 2.00002e+00
 2.00001e+00
 2.00001e+00
 2.00001e+00
 2.00000e+00
 2.00000e+00
 2.00000e+00
 2.00000e+00
 2.00000e+00
 2.00000e+00
 2.00000e+00
 2.00000e+00
 2.00000e+00
 2.00000e+00
 2.00000e+00
 2.00000e+00
 2.00000e+00
 2.00000e+00
 2.00000e+00
 2.00000e+00
 2.00000e+00
 2.00000e+00
 2.00000e+00
 2.00000e+00
 2.00000e+00
 2.00000e+00
 2.00000e+00
 2.00000e+00
 2.00000e+00
 2.00000e+00
 2.00000e+00
 2.00000e+00
 2.00000e+00
 2.00000e+00
 2.00000e+00
 2.00000e+00
 2.00000e+00
 2.00000e+00
 2.00000e+00
 2.00000e+00
 2.00000e+00
 2.00000e+00
 2.00000e+00
 2.00000e+00
 2.00000e+00
 2.00000e+00
 2.00000e+00
 2.00000e+00
 2.00000e+00
 2.00000e+00
 2.00000e+00
 2.00000e+00
 2.00000e+00
 2.00000e+00
 2.00000e+00
 2.00000e+00
 2.00000e+00
 2.00000e+00
 2.00000e+00
 2.00000e+00
 2.00000e+00
 2.00000e+00
 2.00000e+00
 2.00000e+00
 2.00000e+00
 2.00000e+00
 2.00000e+00
 2.00000e+00
 2.00000e+00
 2.00000e+00
 2.00000e+00
 2.00000e+00
 2.00000e+00
 2.00000e+00
 2.00000e+00
 2.00000e+00
 2.00000e+00
 2.00000e+00
 2.00000e+00
 2.00000e+00
 2.00000e+00
 2.00000e+00
 2.00000e+00
 2.00000e+00
 2.00000e+00
 2.00000e+00
 2.00000e+00
 2.00000e+00
 2.00000e+00
 2.00000e+00
 2.00000e+00
 2.00000e+00
 2.00000e+00
 2.00000e+00
 2.00000e+00
 2.00000e+00
 2.00000e+00
 2.00000e+00
 2.00000e+00
 2.00000e+00
 2.00000e+00
 2.00000e+00
 2.45397e+00
 2.45730e+00
 2.46091e+00
 2.43632e+00
 2.38882e+00
 2.32770e+00
 2.25439e+00
 2.18142e+00
 2.11591e+00
 2.06813e+00
 2.03631e+00
 2.01792e+00
 2.00797e+00
 2.00327e+00
 2.00123e+00
 2.32301e+00
 2.31299e+00
 2.28921e+00
 2.25209e+00
 2.20497e+00
 2.15554e+00
 2.10953e+00
 2.07184e+00
 2.04341e+00
 2.02438e+00
 2.01247e+00
 2.00588e+00
 2.00256e+00
 2.00104e+00
 2.00039e+00
 2.14659e+00
 2.13845e+00
 2.12168e+00
 2.10058e+00
 2.07741e+00
 2.05583e+00
 2.03768e+00
 2.02383e+00
 2.01389e+00
 2.00750e+00
 2.00371e+00
 2.00172e+00
 2.00075e+00
 2.00031e+00
 2.00012e+00
 2.04746e+00
 2.04425e+00
 2.03826e+00
 2.03104e+00
 2.02349e+00
 2.01658e+00
 2.01089e+00
 2.00670e+00
 2.00379e+00
 2.00200e+00
 2.00098e+00
 2.00046e+00
 2.00020e+00
 2.00008e+00
 2.00003e+00
 2.01220e+00
 2.01136e+00
 2.00981e+00
 2.00789e+00
 2.00590e+00
 2.00409e+00
 2.00265e+00
 2.00160e+00
 2.00091e+00
 2.00048e+00
 2.00024e+00
 2.00011e+00
 2.00005e+00
 2.00002e+00
 2.00001e+00
 2.00261e+00
 2.00242e+00
 2.00209e+00
 2.00166e+00
 2.00124e+00
 2.00086e+00
 2.00056e+00
 2.00034e+00
 2.00019e+00
 2.00010e+00
 2.00005e+00
 2.00002e+00
 2.00001e+00
 2.00000e+00
 2.00000e+00
 2.00046e+00
 2.00043e+00
 2.00038e+00
 2.00031e+00
 2.00023e+00
 2.00016e+00
 2.00011e+00
 2.00007e+00
 2.00004e+00
 2.00002e+00
 2.00001e+00
 2.00000e+00
 2.00000e+00
 2.00000e+00
 2.00000e+00
 2.00008e+00
 2.00007e+00
 2.00006e+00
 2.00005e+00
 2.00004e+00
 2.00003e+00
 2.00002e+00
 2.00001e+00
 2.00001e+00
 2.00000e+00
 2.00000e+00
 2.00000e+00
 2.00000e+00
 2.00000e+00
 2.00000e+00
 2.00001e+00
 2.00001e+00
 2.00001e+00
 2.00001e+00
 2.00001e+00
 2.00000e+00
 2.00000e+00
 2.00000e+00
 2.00000e+00
 2.00000e+00
 2.00000e+00
 2.00000e+00
 2.00000e+00
 2.00000e+00
 2.00000e+00
 2.00000e+00
 2.00000e+00
 2.00000e+00
 2.00000e+00
 2.00000e+00
 2.00000e+00
 2.00000e+00
 2.00000e+00
 2.00000e+00
 2.00000e+00
 2.00000e+00
 2.00000e+00
 2.00000e+00
 2.00000e+00
 2.00000e+00
 2.00000e+00
 2.00000e+00
 2.00000e+00
 2.00000e+00
 2.00000e+00
 2.00000e+00
 2.00000e+00
 2.00000e+00
 2.00000e+00
 2.00000e+00
 2.00000e+00
 2.00000e+00
 2.00000e+00
 2.00000e+00
 2.00000e+00
 2.00000e+00
 2.00000e+00
 2.00000e+00
 2.00000e+00
 2.00000e+00
 2.00000e+00
 2.00000e+00
 2.00000e+00
 2.00000e+00
 2.00000e+00
 2.00000e+00
 2.00000e+00
 2.00000e+00
 2.00000e+00
 2.00000e+00
 2.00000e+00
 2.00000e+00
 2.00000e+00
 2.00000e+00
 2.00000e+00
 2.00000e+00
 2.00000e+00
 2.00000e+00
 2.00000e+00
 2.00000e+00
 2.00000e+00
 2.00000e+00
 2.00000e+00
 2.00000e+00
 2.00000e+00
 2.00000e+00
 2.00000e+00
 2.00000e+00
 2.00000e+00
 2.00000e+00
 2.00000e+00
 2.00000e+00
 2.00000e+00
 2.00000e+00
 2.00000e+00
 2.00000e+00
 2.00000e+00
 2.00000e+00
 2.00000e+00
 2.00000e+00
 2.00000e+00
 2.00000e+00
 2.00000e+00
 2.00000e+00
 2.00000e+00
 2.00000e+00
 2.00000e+00
 2.00000e+00
 2.00000e+00
 2.00000e+00
 2.00000e+00
 2.00000e+00
 2.00000e+00
 2.00000e+00
 2.00000e+00
 2.35748e+00
 2.35201e+00
 2.33642e+00
 2.30088e+00
 2.25118e+00
 2.19286e+00
 2.13828e+00
 2.09145e+00
 2.05623e+00
 2.03183e+00
 2.01676e+00
 2.00797e+00
 2.00352e+00
 2.00143e+00
 2.00054e+00
 2.18810e+00
 2.17963e+00
 2.16098e+00
 2.13517e+00
 2.10594e+00
 2.07672e+00
 2.05246e+00
 2.03340e+00
 2.01987e+00
 2.01085e+00
 2.00551e+00
 2.00256e+00
 2.00113e+00
 2.00046e+00
 2.00017e+00
 2.07002e+00
 2.06585e+00
 2.05736e+00
 2.04695e+00
 2.03581e+00
 2.02544e+00
 2.01684e+00
 2.01048e+00
 2.00601e+00
 2.00321e+00
 2.00160e+00
 2.00075e+00
 2.00033e+00
 2.00013e+00
 2.00005e+00
 2.02060e+00
 2.01926e+00
 2.01669e+00
 2.01349e+00
 2.01014e+00
 2.00707e+00
 2.00461e+00
 2.00280e+00
 2.00159e+00
 2.00085e+00
 2.00043e+00
 2.00020e+00
 2.00009e+00
 2.00004e+00
 2.00001e+00
 2.00508e+00
 2.00473e+00
 2.00408e+00
 2.00327e+00
 2.00242e+00
 2.00168e+00
 2.00110e+00
 2.00067e+00
 2.00038e+00
 2.00020e+00
 2.00010e+00
 2.00005e+00
 2.00002e+00
 2.00001e+00
 2.00000e+00
 2.00103e+00
 2.00096e+00
 2.00083e+00
 2.00067e+00
 2.00051e+00
 2.00036e+00
 2.00023e+00
 2.00014e+00
 2.00008e+00
 2.00004e+00
 2.00002e+00
 2.00001e+00
 2.00000e+00
 2.00000e+00
 2.00000e+00
 2.00019e+00
 2.00018e+00
 2.00015e+00
 2.00013e+00
 2.00010e+00
 2.00007e+00
 2.00004e+00
 2.00003e+00
 2.00002e+00
 2.00001e+00
 2.00000e+00
 2.00000e+00
 2.00000e+00
 2.00000e+00
 2.00000e+00
 2.00003e+00
 2.00003e+00
 2.00003e+00
 2.00002e+00
 2.00002e+00
 2.00001e+00
 2.00001e+00
 2.00000e+00
 2.00000e+00
 2.00000e+00
 2.00000e+00
 2.00000e+00
 2.00000e+00
 2.00000e+00
 2.00000e+00
 2.00000e+00
 2.00000e+00
 2.00000e+00
 2.00000e+00
 2.00000e+00
 2.00000e+00
 2.00000e+00
 2.00000e+00
 2.00000e+00
 2.00000e+00
 2.00000e+00
 2.00000e+00
 2.00000e+00
 2.00000e+00
 2.00000e+00
 2.00000e+00
 2.00000e+00
 2.00000e+00
 2.00000e+00
 2.00000e+00
 2.00000e+00
 2.00000e+00
 2.00000e+00
 2.00000e+00
 2.00000e+00
 2.00000e+00
 2.00000e+00
 2.00000e+00
 2.00000e+00
 2.00000e+00
 2.00000e+00
 2.00000e+00
 2.00000e+00
 2.00000e+00
 2.00000e+00
 2.00000e+00
 2.00000e+00
 2.00000e+00
 2.00000e+00
 2.00000e+00
 2.00000e+00
 2.00000e+00
 2.00000e+00
 2.00000e+00
 2.00000e+00
 2.00000e+00
 2.00000e+00
 2.00000e+00
 2.00000e+00
 2.00000e+00
 2.00000e+00
 2.00000e+00
 2.00000e+00
 2.00000e+00
 2.00000e+00
 2.00000e+00
 2.00000e+00
 2.00000e+00
 2.00000e+00
 2.00000e+00
 2.00000e+00
 2.00000e+00
 2.00000e+00
 2.00000e+00
 2.00000e+00
 2.00000e+00
 2.00000e+00
 2.00000e+00
 2.00000e+00
 2.00000e+00
 2.00000e+00
 2.00000e+00
 2.00000e+00
 2.00000e+00
 2.00000e+00
 2.00000e+00
 2.00000e+00
 2.00000e+00
 2.00000e+00
 2.00000e+00
 2.00000e+00
 2.00000e+00
 2.00000e+00
 2.00000e+00
 2.00000e+00
 2.00000e+00
 2.00000e+00
 2.00000e+00
 2.00000e+00
 2.00000e+00
 2.00000e+00
 2.00000e+00
 2.00000e+00
 2.00000e+00
 2.00000e+00
 2.00000e+00
 2.00000e+00
 2.00000e+00
 2.00000e+00
 2.00000e+00
 2.00000e+00
 2.00000e+00
 2.00000e+00
 2.00000e+00
 2.00000e+00
 2.21420e+00
 2.20668e+00
 2.18797e+00
 2.16068e+00
 2.12731e+00
 2.09322e+00
 2.06383e+00
 2.04111e+00
 2.02451e+00
 2.01365e+00
 2.00690e+00
 2.00327e+00
 2.00143e+00
 2.00059e+00
 2.00022e+00
 2.08920e+00
 2.08440e+00
 2.07431e+00
 2.06140e+00
 2.04726e+00
 2.03389e+00
 2.02259e+00
 2.01406e+00
 2.00816e+00
 2.00442e+00
 2.00222e+00
 2.00104e+00
 2.00046e+00
 2.00019e+00
 2.00007e+00
 2.02942e+00
 2.02760e+00
 2.02406e+00
 2.01963e+00
 2.01479e+00
 2.01044e+00
 2.00683e+00
 2.00420e+00
 2.00239e+00
 2.00129e+00
 2.00065e+00
 2.00031e+00
 2.00013e+00
 2.00006e+00
 2.00002e+00
 2.00823e+00
 2.00766e+00
 2.00666e+00
 2.00538e+00
 2.00401e+00
 2.00278e+00
 2.00181e+00
 2.00110e+00
 2.00063e+00
 2.00034e+00
 2.00017e+00
 2.00008e+00
 2.00004e+00
 2.00001e+00
 2.00001e+00
 2.00189e+00
 2.00175e+00
 2.00152e+00
 2.00122e+00
 2.00092e+00
 2.00065e+00
 2.00043e+00
 2.00026e+00
 2.00015e+00
 2.00008e+00
 2.00004e+00
 2.00002e+00
 2.00001e+00
 2.00000e+00
 2.00000e+00
 2.00040e+00
 2.00037e+00
 2.00032e+00
 2.00026e+00
 2.00020e+00
 2.00014e+00
 2.00009e+00
 2.00006e+00
 2.00003e+00
 2.00002e+00
 2.00001e+00
 2.00000e+00
 2.00000e+00
 2.00000e+00
 2.00000e+00
 2.00007e+00
 2.00007e+00
 2.00006e+00
 2.00005e+00
 2.00004e+00
 2.00003e+00
 2.00002e+00
 2.00001e+00
 2.00001e+00
 2.00000e+00
 2.00000e+00
 2.00000e+00
 2.00000e+00
 2.00000e+00
 2.00000e+00
 2.00001e+00
 2.00001e+00
 2.00001e+00
 2.00001e+00
 2.00001e+00
 2.00000e+00
 2.00000e+00
 2.00000e+00
 2.00000e+00
 2.00000e+00
 2.00000e+00
 2.00000e+00
 2.00000e+00
 2.00000e+00
 2.00000e+00
 2.00000e+00
 2.00000e+00
 2.00000e+00
 2.00000e+00
 2.00000e+00
 2.00000e+00
 2.00000e+00
 2.00000e+00
 2.00000e+00
 2.00000e+00
 2.00000e+00
 2.00000e+00
 2.00000e+00
 2.00000e+00
 2.00000e+00
 2.00000e+00
 2.00000e+00
 2.00000e+00
 2.00000e+00
 2.00000e+00
 2.00000e+00
 2.00000e+00
 2.00000e+00
 2.00000e+00
 2.00000e+00
 2.00000e+00
 2.00000e+00
 2.00000e+00
 2.00000e+00
 2.00000e+00
 2.00000e+00
 2.00000e+00
 2.00000e+00
 2.00000e+00
 2.00000e+00
 2.00000e+00
 2.00000e+00
 2.00000e+00
 2.00000e+00
 2.00000e+00
 2.00000e+00
 2.00000e+00
 2.00000e+00
 2.00000e+00
 2.00000e+00
 2.00000e+00
 2.00000e+00
 2.00000e+00
 2.00000e+00
 2.00000e+00
 2.00000e+00
 2.00000e+00
 2.00000e+00
 2.00000e+00
 2.00000e+00
 2.00000e+00
 2.00000e+00
 2.00000e+00
 2.00000e+00
 2.00000e+00
 2.00000e+00
 2.00000e+00
 2.00000e+00
 2.00000e+00
 2.00000e+00
 2.00000e+00
 2.00000e+00
 2.00000e+00
 2.00000e+00
 2.00000e+00
 2.00000e+00
 2.00000e+00
 2.00000e+00
 2.00000e+00
 2.00000e+00
 2.00000e+00
 2.00000e+00
 2.00000e+00
 2.00000e+00
 2.00000e+00
 2.00000e+00
 2.00000e+00
 2.00000e+00
 2.00000e+00
 2.00000e+00
 2.00000e+00
 2.00000e+00
 2.00000e+00
 2.00000e+00
 2.00000e+00
 2.00000e+00
 2.00000e+00
 2.00000e+00
 2.00000e+00
 2.00000e+00
 2.00000e+00
 2.00000e+00
 2.00000e+00
 2.00000e+00
 2.00000e+00
 2.00000e+00
 2.00000e+00
 2.00000e+00
 2.00000e+00
 2.00000e+00
 2.10028e+00
 2.09522e+00
 2.08429e+00
 2.07016e+00
 2.05444e+00
 2.03887e+00
 2.02618e+00
 2.01624e+00
 2.00954e+00
 2.00515e+00
 2.00262e+00
 2.00123e+00
 2.00054e+00
 2.00022e+00
 2.00008e+00
 2.03665e+00
 2.03439e+00
 2.03006e+00
 2.02444e+00
 2.01859e+00
 2.01306e+00
 2.00867e+00
 2.00531e+00
 2.00308e+00
 2.00165e+00
 2.00084e+00
 2.00039e+00
 2.00017e+00
 2.00007e+00
 2.00003e+00
 2.01124e+00
 2.01049e+00
 2.00918e+00
 2.00743e+00
 2.00559e+00
 2.00388e+00
 2.00252e+00
 2.00153e+00
 2.00088e+00
 2.00048e+00
 2.00024e+00
 2.00012e+00
 2.00005e+00
 2.00002e+00
 2.00001e+00
 2.00293e+00
 2.00272e+00
 2.00235e+00
 2.00188e+00
 2.00141e+00
 2.00099e+00
 2.00066e+00
 2.00040e+00
 2.00024e+00
 2.00013e+00
 2.00007e+00
 2.00003e+00
 2.00001e+00
 2.00001e+00
 2.00000e+00
 2.00068e+00
 2.00063e+00
 2.00055e+00
 2.00045e+00
 2.00034e+00
 2.00024e+00
 2.00016e+00
 2.00010e+00
 2.00006e+00
 2.00003e+00
 2.00002e+00
 2.00001e+00
 2.00000e+00
 2.00000e+00
 2.00000e+00
 2.00014e+00
 2.00013e+00
 2.00011e+00
 2.00009e+00
 2.00007e+00
 2.00005e+00
 2.00003e+00
 2.00002e+00
 2.00001e+00
 2.00001e+00
 2.00000e+00
 2.00000e+00
 2.00000e+00
 2.00000e+00
 2.00000e+00
 2.00003e+00
 2.00002e+00
 2.00002e+00
 2.00002e+00
 2.00001e+00
 2.00001e+00
 2.00001e+00
 2.00000e+00
 2.00000e+00
 2.00000e+00
 2.00000e+00
 2.00000e+00
 2.00000e+00
 2.00000e+00
 2.00000e+00
 2.00000e+00
 2.00000e+00
 2.00000e+00
 2.00000e+00
 2.00000e+00
 2.00000e+00
 2.00000e+00
 2.00000e+00
 2.00000e+00
 2.00000e+00
 2.00000e+00
 2.00000e+00
 2.00000e+00
 2.00000e+00
 2.00000e+00
 2.00000e+00
 2.00000e+00
 2.00000e+00
 2.00000e+00
 2.00000e+00
 2.00000e+00
 2.00000e+00
 2.00000e+00
 2.00000e+00
 2.00000e+00
 2.00000e+00
 2.00000e+00
 2.00000e+00
 2.00000e+00
 2.00000e+00
 2.00000e+00
 2.00000e+00
 2.00000e+00
 2.00000e+00
 2.00000e+00
 2.00000e+00
 2.00000e+00
 2.00000e+00
 2.00000e+00
 2.00000e+00
 2.00000e+00
 2.00000e+00
 2.00000e+00
 2.00000e+00
 2.00000e+00
 2.00000e+00
 2.00000e+00
 2.00000e+00
 2.00000e+00
 2.00000e+00
 2.00000e+00
 2.00000e+00
 2.00000e+00
 2.00000e+00
 2.00000e+00
 2.00000e+00
 2.00000e+00
 2.00000e+00
 2.00000e+00
 2.00000e+00
 2.00000e+00
 2.00000e+00
 2.00000e+00
 2.00000e+00
 2.00000e+00
 2.00000e+00
 2.00000e+00
 2.00000e+00
 2.00000e+00
 2.00000e+00
 2.00000e+00
 2.00000e+00
 2.00000e+00
 2.00000e+00
 2.00000e+00
 2.00000e+00
 2.00000e+00
 2.00000e+00
 2.00000e+00
 2.00000e+00
 2.00000e+00
 2.00000e+00
 2.00000e+00
 2.00000e+00
 2.00000e+00
 2.00000e+00
 2.00000e+00
 2.00000e+00
 2.00000e+00
 2.00000e+00
 2.00000e+00
 2.00000e+00
 2.00000e+00
 2.00000e+00
 2.00000e+00
 2.00000e+00
 2.00000e+00
 2.00000e+00
 2.00000e+00
 2.00000e+00
 2.00000e+00
 2.00000e+00
 2.00000e+00
 2.00000e+00
 2.00000e+00
 2.00000e+00
 2.00000e+00
 2.00000e+00
 2.00000e+00
 2.00000e+00
 2.00000e+00
 2.00000e+00
 2.00000e+00
 2.00000e+00
 2.00000e+00
 2.00000e+00
 2.00000e+00
 2.00000e+00
 2.00000e+00
 2.00000e+00
 2.03930e+00
 2.03704e+00
 2.03220e+00
 2.02639e+00
 2.02002e+00
 2.01412e+00
 2.00933e+00
 2.00577e+00
 2.00331e+00
 2.00180e+00
 2.00090e+00
 2.00043e+00
 2.00019e+00
 2.00008e+00
 2.00003e+00
 2.01317e+00
 2.01234e+00
 2.01075e+00
 2.00874e+00
 2.00660e+00
 2.00458e+00
 2.00297e+00
 2.00180e+00
 2.00104e+00
 2.00056e+00
 2.00029e+00
 2.00014e+00
 2.00006e+00
 2.00003e+00
 2.00001e+00
 2.00388e+00
 2.00359e+00
 2.00309e+00
 2.00247e+00
 2.00184e+00
 2.00128e+00
 2.00084e+00
 2.00052e+00
 2.00030e+00
 2.00017e+00
 2.00009e+00
 2.00004e+00
 2.00002e+00
 2.00001e+00
 2.00000e+00
 2.00097e+00
 2.00091e+00
 2.00079e+00
 2.00064e+00
 2.00049e+00
 2.00034e+00
 2.00023e+00
 2.00014e+00
 2.00008e+00
 2.00004e+00
 2.00002e+00
 2.00001e+00
 2.00001e+00
 2.00000e+00
 2.00000e+00
 2.00022e+00
 2.00021e+00
 2.00018e+00
 2.00015e+00
 2.00011e+00
 2.00008e+00
 2.00005e+00
 2.00003e+00
 2.00002e+00
 2.00001e+00
 2.00001e+00
 2.00000e+00
 2.00000e+00
 2.00000e+00
 2.00000e+00
 2.00005e+00
 2.00004e+00
 2.00004e+00
 2.00003e+00
 2.00002e+00
 2.00002e+00
 2.00001e+00
 2.00001e+00
 2.00000e+00
 2.00000e+00
 2.00000e+00
 2.00000e+00
 2.00000e+00
 2.00000e+00
 2.00000e+00
 2.00001e+00
 2.00001e+00
 2.00001e+00
 2.00001e+00
 2.00000e+00
 2.00000e+00
 2.00000e+00
 2.00000e+00
 2.00000e+00
 2.00000e+00
 2.00000e+00
 2.00000e+00
 2.00000e+00
 2.00000e+00
 2.00000e+00
 2.00000e+00
 2.00000e+00
 2.00000e+00
 2.00000e+00
 2.00000e+00
 2.00000e+00
 2.00000e+00
 2.00000e+00
 2.00000e+00
 2.00000e+00
 2.00000e+00
 2.00000e+00
 2.00000e+00
 2.00000e+00
 2.00000e+00
 2.00000e+00
 2.00000e+00
 2.00000e+00
 2.00000e+00
 2.00000e+00
 2.00000e+00
 2.00000e+00
 2.00000e+00
 2.00000e+00
 2.00000e+00
 2.00000e+00
 2.00000e+00
 2.00000e+00
 2.00000e+00
 2.00000e+00
 2.00000e+00
 2.00000e+00
 2.00000e+00
 2.00000e+00
 2.00000e+00
 2.00000e+00
 2.00000e+00
 2.00000e+00
 2.00000e+00
 2.00000e+00
 2.00000e+00
 2.00000e+00
 2.00000e+00
 2.00000e+00
 2.00000e+00
 2.00000e+00
 2.00000e+00
 2.00000e+00
 2.00000e+00
 2.00000e+00
 2.00000e+00
 2.00000e+00
 2.00000e+00
 2.00000e+00
 2.00000e+00
 2.00000e+00
 2.00000e+00
 2.00000e+00
 2.00000e+00
 2.00000e+00
 2.00000e+00
 2.00000e+00
 2.00000e+00
 2.00000e+00
 2.00000e+00
 2.00000e+00
 2.00000e+00
 2.00000e+00
 2.00000e+00
 2.00000e+00
 2.00000e+00
 2.00000e+00
 2.00000e+00
 2.00000e+00
 2.00000e+00
 2.00000e+00
 2.00000e+00
 2.00000e+00
 2.00000e+00
 2.00000e+00
 2.00000e+00
 2.00000e+00
 2.00000e+00
 2.00000e+00
 2.00000e+00
 2.00000e+00
 2.00000e+00
 2.00000e+00
 2.00000e+00
 2.00000e+00
 2.00000e+00
 2.00000e+00
 2.00000e+00
 2.00000e+00
 2.00000e+00
 2.00000e+00
 2.00000e+00
 2.00000e+00
 2.00000e+00
 2.00000e+00
 2.00000e+00
 2.00000e+00
 2.00000e+00
 2.00000e+00
 2.00000e+00
 2.00000e+00
 2.00000e+00
 2.00000e+00
 2.00000e+00
 2.00000e+00
 2.00000e+00
 2.00000e+00
 2.00000e+00
 2.00000e+00
 2.00000e+00
 2.00000e+00
 2.00000e+00
 2.00000e+00
 2.00000e+00
 2.00000e+00
 2.01317e+00
 2.01235e+00
 2.01075e+00
 2.00874e+00
 2.00659e+00
 2.00458e+00
 2.00297e+00
 2.00180e+00
 2.00104e+00
 2.00056e+00
 2.00029e+00
 2.00014e+00
 2.00006e+00
 2.00003e+00
 2.00001e+00
 2.00429e+00
 2.00398e+00
 2.00341e+00
 2.00271e+00
 2.00201e+00
 2.00139e+00
 2.00092e+00
 2.00057e+00
 2.00033e+00
 2.00018e+00
 2.00009e+00
 2.00004e+00
 2.00002e+00
 2.00001e+00
 2.00000e+00
 2.00117e+00
 2.00109e+00
 2.00095e+00
 2.00077e+00
 2.00058e+00
 2.00041e+00
 2.00027e+00
 2.00016e+00
 2.00010e+00
 2.00005e+00
 2.00003e+00
 2.00001e+00
 2.00001e+00
 2.00000e+00
 2.00000e+00
 2.00031e+00
 2.00029e+00
 2.00025e+00
 2.00020e+00
 2.00015e+00
 2.00010e+00
 2.00007e+00
 2.00004e+00
 2.00003e+00
 2.00001e+00
 2.00001e+00
 2.00000e+00
 2.00000e+00
 2.00000e+00
 2.00000e+00
 2.00007e+00
 2.00007e+00
 2.00006e+00
 2.00005e+00
 2.00004e+00
 2.00003e+00
 2.00002e+00
 2.00001e+00
 2.00001e+00
 2.00000e+00
 2.00000e+00
 2.00000e+00
 2.00000e+00
 2.00000e+00
 2.00000e+00
 2.00001e+00
 2.00001e+00
 2.00001e+00
 2.00001e+00
 2.00001e+00
 2.00001e+00
 2.00000e+00
 2.00000e+00
 2.00000e+00
 2.00000e+00
 2.00000e+00
 2.00000e+00
 2.00000e+00
 2.00000e+00
 2.00000e+00
 2.00000e+00
 2.00000e+00
 2.00000e+00
 2.00000e+00
 2.00000e+00
 2.00000e+00
 2.00000e+00
 2.00000e+00
 2.00000e+00
 2.00000e+00
 2.00000e+00
 2.00000e+00
 2.00000e+00
 2.00000e+00
 2.00000e+00
 2.00000e+00
 2.00000e+00
 2.00000e+00
 2.00000e+00
 2.00000e+00
 2.00000e+00
 2.00000e+00
 2.00000e+00
 2.00000e+00
 2.00000e+00
 2.00000e+00
 2.00000e+00
 2.00000e+00
 2.00000e+00
 2.00000e+00
 2.00000e+00
 2.00000e+00
 2.00000e+00
 2.00000e+00
 2.00000e+00
 2.00000e+00
 2.00000e+00
 2.00000e+00
 2.00000e+00
 2.00000e+00
 2.00000e+00
 2.00000e+00
 2.00000e+00
 2.00000e+00
 2.00000e+00
 2.00000e+00
 2.00000e+00
 2.00000e+00
 2.00000e+00
 2.00000e+00
 2.00000e+00
 2.00000e+00
 2.00000e+00
 2.00000e+00
 2.00000e+00
 2.00000e+00
 2.00000e+00
 2.00000e+00
 2.00000e+00
 2.00000e+00
 2.00000e+00
 2.00000e+00
 2.00000e+00
 2.00000e+00
 2.00000e+00
 2.00000e+00
 2.00000e+00
 2.00000e+00
 2.00000e+00
 2.00000e+00
 2.00000e+00
 2.00000e+00
 2.00000e+00
 2.00000e+00
 2.00000e+00
 2.00000e+00
 2.00000e+00
 2.00000e+00
 2.00000e+00
 2.00000e+00
 2.00000e+00
 2.00000e+00
 2.00000e+00
 2.00000e+00
 2.00000e+00
 2.00000e+00
 2.00000e+00
 2.00000e+00
 2.00000e+00
 2.00000e+00
 2.00000e+00
 2.00000e+00
 2.00000e+00
 2.00000e+00
 2.00000e+00
 2.00000e+00
 2.00000e+00
 2.00000e+00
 2.00000e+00
 2.00000e+00
 2.00000e+00
 2.00000e+00
 2.00000e+00
 2.00000e+00
 2.00000e+00
 2.00000e+00
 2.00000e+00
 2.00000e+00
 2.00000e+00
 2.00000e+00
 2.00000e+00
 2.00000e+00
 2.00000e+00
 2.00000e+00
 2.00000e+00
 2.00000e+00
 2.00000e+00
 2.00000e+00
 2.00000e+00
 2.00000e+00
 2.00000e+00
 2.00000e+00
 2.00000e+00
 2.00000e+00
 2.00000e+00
 2.00000e+00
 2.00000e+00
 2.00000e+00
 2.00000e+00
 2.00000e+00
 2.00000e+00
 2.00000e+00
 2.00000e+00
 2.00000e+00
 2.00000e+00
 2.00388e+00
 2.00359e+00
 2.00309e+00
 2.00247e+00
 2.00184e+00
 2.00128e+00
 2.00084e+00
 2.00052e+00
 2.00030e+00
 2.00017e+00
 2.00009e+00
 2.00004e+00
 2.00002e+00
 2.00001e+00
 2.00000e+00
 2.00117e+00
 2.00109e+00
 2.00095e+00
 2.00077e+00
 2.00058e+00
 2.00041e+00
 2.00027e+00
 2.00016e+00
 2.00010e+00
 2.00005e+00
 2.00003e+00
 2.00001e+00
 2.00001e+00
 2.00000e+00
 2.00000e+00
 2.00035e+00
 2.00032e+00
 2.00028e+00
 2.00022e+00
 2.00016e+00
 2.00011e+00
 2.00008e+00
 2.00005e+00
 2.00003e+00
 2.00002e+00
 2.00001e+00
 2.00000e+00
 2.00000e+00
 2.00000e+00
 2.00000e+00
 2.00009e+00
 2.00008e+00
 2.00007e+00
 2.00006e+00
 2.00004e+00
 2.00003e+00
 2.00002e+00
 2.00001e+00
 2.00001e+00
 2.00000e+00
 2.00000e+00
 2.00000e+00
 2.00000e+00
 2.00000e+00
 2.00000e+00
 2.00002e+00
 2.00002e+00
 2.00002e+00
 2.00001e+00
 2.00001e+00
 2.00001e+00
 2.00000e+00
 2.00000e+00
 2.00000e+00
 2.00000e+00
 2.00000e+00
 2.00000e+00
 2.00000e+00
 2.00000e+00
 2.00000e+00
 2.00000e+00
 2.00000e+00
 2.00000e+00
 2.00000e+00
 2.00000e+00
 2.00000e+00
 2.00000e+00
 2.00000e+00
 2.00000e+00
 2.00000e+00
 2.00000e+00
 2.00000e+00
 2.00000e+00
 2.00000e+00
 2.00000e+00
 2.00000e+00
 2.00000e+00
 2.00000e+00
 2.00000e+00
 2.00000e+00
 2.00000e+00
 2.00000e+00
 2.00000e+00
 2.00000e+00
 2.00000e+00
 2.00000e+00
 2.00000e+00
 2.00000e+00
 2.00000e+00
 2.00000e+00
 2.00000e+00
 2.00000e+00
 2.00000e+00
 2.00000e+00
 2.00000e+00
 2.00000e+00
 2.00000e+00
 2.00000e+00
 2.00000e+00
 2.00000e+00
 2.00000e+00
 2.00000e+00
 2.00000e+00
 2.00000e+00
 2.00000e+00
 2.00000e+00
 2.00000e+00
 2.00000e+00
 2.00000e+00
 2.00000e+00
 2.00000e+00
 2.00000e+00
 2.00000e+00
 2.00000e+00
 2.00000e+00
 2.00000e+00
 2.00000e+00
 2.00000e+00
 2.00000e+00
 2.00000e+00
 2.00000e+00
 2.00000e+00
 2.00000e+00
 2.00000e+00
 2.00000e+00
 2.00000e+00
 2.00000e+00
 2.00000e+00
 2.00000e+00
 2.00000e+00
 2.00000e+00
 2.00000e+00
 2.00000e+00
 2.00000e+00
 2.00000e+00
 2.00000e+00
 2.00000e+00
 2.00000e+00
 2.00000e+00
 2.00000e+00
 2.00000e+00
 2.00000e+00
 2.00000e+00
 2.00000e+00
 2.00000e+00
 2.00000e+00
 2.00000e+00
 2.00000e+00
 2.00000e+00
 2.00000e+00
 2.00000e+00
 2.00000e+00
 2.00000e+00
 2.00000e+00
 2.00000e+00
 2.00000e+00
 2.00000e+00
 2.00000e+00
 2.00000e+00
 2.00000e+00
 2.00000e+00
 2.00000e+00
 2.00000e+00
 2.00000e+00
 2.00000e+00
 2.00000e+00
 2.00000e+00
 2.00000e+00
 2.00000e+00
 2.00000e+00
 2.00000e+00
 2.00000e+00
 2.00000e+00
 2.00000e+00
 2.00000e+00
 2.00000e+00
 2.00000e+00
 2.00000e+00
 2.00000e+00
 2.00000e+00
 2.00000e+00
 2.00000e+00
 2.00000e+00
 2.00000e+00
 2.00000e+00
 2.00000e+00
 2.00000e+00
 2.00000e+00
 2.00000e+00
 2.00000e+00
 2.00000e+00
 2.00000e+00
 2.00000e+00
 2.00000e+00
 2.00000e+00
 2.00000e+00
 2.00000e+00
 2.00000e+00
 2.00000e+00
 2.00000e+00
 2.00000e+00
 2.00000e+00
 2.00000e+00
 2.00000e+00
 2.00000e+00
 2.00000e+00
 2.00000e+00
 2.00000e+00
 2.00000e+00
 2.00000e+00
 2.00097e+00
 2.00091e+00
 2.00079e+00
 2.00064e+00
 2.00049e+00
 2.00034e+00
 2.00023e+00
 2.00014e+00
 2.00008e+00
 2.00004e+00
 2.00002e+00
 2.00001e+00
 2.00001e+00
 2.00000e+00
 2.00000e+00
 2.00031e+00
 2.00029e+00
 2.00025e+00
 2.00020e+00
 2.00015e+00
 2.00010e+00
 2.00007e+00
 2.00004e+00
 2.00003e+00
 2.00001e+00
 2.00001e+00
 2.00000e+00
 2.00000e+00
 2.00000e+00
 2.00000e+00
 2.00009e+00
 2.00008e+00
 2.00007e+00
 2.00006e+00
 2.00004e+00
 2.00003e+00
 2.00002e+00
 2.00001e+00
 2.00001e+00
 2.00000e+00
 2.00000e+00
 2.00000e+00
 2.00000e+00
 2.00000e+00
 2.00000e+00
 2.00002e+00
 2.00002e+00
 2.00002e+00
 2.00002e+00
 2.00001e+00
 2.00001e+00
 2.00001e+00
 2.00000e+00
 2.00000e+00
 2.00000e+00
 2.00000e+00
 2.00000e+00
 2.00000e+00
 2.00000e+00
 2.00000e+00
 2.00001e+00
 2.00001e+00
 2.00000e+00
 2.00000e+00
 2.00000e+00
 2.00000e+00
 2.00000e+00
 2.00000e+00
 2.00000e+00
 2.00000e+00
 2.00000e+00
 2.00000e+00
 2.00000e+00
 2.00000e+00
 2.00000e+00
 2.00000e+00
 2.00000e+00
 2.00000e+00
 2.00000e+00
 2.00000e+00
 2.00000e+00
 2.00000e+00
 2.00000e+00
 2.00000e+00
 2.00000e+00
 2.00000e+00
 2.00000e+00
 2.00000e+00
 2.00000e+00
 2.00000e+00
 2.00000e+00
 2.00000e+00
 2.00000e+00
 2.00000e+00
 2.00000e+00
 2.00000e+00
 2.00000e+00
 2.00000e+00
 2.00000e+00
 2.00000e+00
 2.00000e+00
 2.00000e+00
 2.00000e+00
 2.00000e+00
 2.00000e+00
 2.00000e+00
 2.00000e+00
 2.00000e+00
 2.00000e+00
 2.00000e+00
 2.00000e+00
 2.00000e+00
 2.00000e+00
 2.00000e+00
 2.00000e+00
 2.00000e+00
 2.00000e+00
 2.00000e+00
 2.00000e+00
 2.00000e+00
 2.00000e+00
 2.00000e+00
 2.00000e+00
 2.00000e+00
 2.00000e+00
 2.00000e+00
 2.00000e+00
 2.00000e+00
 2.00000e+00
 2.00000e+00
 2.00000e+00
 2.00000e+00
 2.00000e+00
 2.00000e+00
 2.00000e+00
 2.00000e+00
 2.00000e+00
 2.00000e+00
 2.00000e+00
 2.00000e+00
 2.00000e+00
 2.00000e+00
 2.00000e+00
 2.00000e+00
 2.00000e+00
 2.00000e+00
 2.00000e+00
 2.00000e+00
 2.00000e+00
 2.00000e+00
 2.00000e+00
 2.00000e+00
 2.00000e+00
 2.00000e+00
 2.00000e+00
 2.00000e+00
 2.00000e+00
 2.00000e+00
 2.00000e+00
 2.00000e+00
 2.00000e+00
 2.00000e+00
 2.00000e+00
 2.00000e+00
 2.00000e+00
 2.00000e+00
 2.00000e+00
 2.00000e+00
 2.00000e+00
 2.00000e+00
 2.00000e+00
 2.00000e+00
 2.00000e+00
 2.00000e+00
 2.00000e+00
 2.00000e+00
 2.00000e+00
 2.00000e+00
 2.00000e+00
 2.00000e+00
 2.00000e+00
 2.00000e+00
 2.00000e+00
 2.00000e+00
 2.00000e+00
 2.00000e+00
 2.00000e+00
 2.00000e+00
 2.00000e+00
 2.00000e+00
 2.00000e+00
 2.00000e+00
 2.00000e+00
 2.00000e+00
 2.00000e+00
 2.00000e+00
 2.00000e+00
 2.00000e+00
 2.00000e+00
 2.00000e+00
 2.00000e+00
 2.00000e+00
 2.00000e+00
 2.00000e+00
 2.00000e+00
 2.00000e+00
 2.00000e+00
 2.00000e+00
 2.00000e+00
 2.00000e+00
 2.00000e+00
 2.00000e+00
 2.00000e+00
 2.00000e+00
 2.00000e+00
 2.00000e+00
 2.00000e+00
 2.00000e+00
 2.00000e+00
 2.00000e+00
 2.00000e+00
 2.00000e+00
 2.00000e+00
 2.00000e+00
 2.00000e+00
 2.00022e+00
 2.00021e+00
 2.00018e+00
 2.00015e+00
 2.00011e+00
 2.00008e+00
 2.00005e+00
 2.00003e+00
 2.00002e+00
 2.00001e+00
 2.00001e+00
 2.00000e+00
 2.00000e+00
 2.00000e+00
 2.00000e+00
 2.00007e+00
 2.00007e+00
 2.00006e+00
 2.00005e+00
 2.00004e+00
 2.00003e+00
 2.00002e+00
 2.00001e+00
 2.00001e+00
 2.00000e+00
 2.00000e+00
 2.00000e+00
 2.00000e+00
 2.00000e+00
 2.00000e+00
 2.00002e+00
 2.00002e+00
 2.00002e+00
 2.00001e+00
 2.00001e+00
 2.00001e+00
 2.00000e+00
 2.00000e+00
 2.00000e+00
 2.00000e+00
 2.00000e+00
 2.00000e+00
 2.00000e+00
 2.00000e+00
 2.00000e+00
 2.00001e+00
 2.00001e+00
 2.00000e+00
 2.00000e+00
 2.00000e+00
 2.00000e+00
 2.00000e+00
 2.00000e+00
 2.00000e+00
 2.00000e+00
 2.00000e+00
 2.00000e+00
 2.00000e+00
 2.00000e+00
 2.00000e+00
 2.00000e+00
 2.00000e+00
 2.00000e+00
 2.00000e+00
 2.00000e+00
 2.00000e+00
 2.00000e+00
 2.00000e+00
 2.00000e+00
 2.00000e+00
 2.00000e+00
 2.00000e+00
 2.00000e+00
 2.00000e+00
 2.00000e+00
 2.00000e+00
 2.00000e+00
 2.00000e+00
 2.00000e+00
 2.00000e+00
 2.00000e+00
 2.00000e+00
 2.00000e+00
 2.00000e+00
 2.00000e+00
 2.00000e+00
 2.00000e+00
 2.00000e+00
 2.00000e+00
 2.00000e+00
 2.00000e+00
 2.00000e+00
 2.00000e+00
 2.00000e+00
 2.00000e+00
 2.00000e+00
 2.00000e+00
 2.00000e+00
 2.00000e+00
 2.00000e+00
 2.00000e+00
 2.00000e+00
 2.00000e+00
 2.00000e+00
 2.00000e+00
 2.00000e+00
 2.00000e+00
 2.00000e+00
 2.00000e+00
 2.00000e+00
 2.00000e+00
 2.00000e+00
 2.00000e+00
 2.00000e+00
 2.00000e+00
 2.00000e+00
 2.00000e+00
 2.00000e+00
 2.00000e+00
 2.00000e+00
 2.00000e+00
 2.00000e+00
 2.00000e+00
 2.00000e+00
 2.00000e+00
 2.00000e+00
 2.00000e+00
 2.00000e+00
 2.00000e+00
 2.00000e+00
 2.00000e+00
 2.00000e+00
 2.00000e+00
 2.00000e+00
 2.00000e+00
 2.00000e+00
 2.00000e+00
 2.00000e+00
 2.00000e+00
 2.00000e+00
 2.00000e+00
 2.00000e+00
 2.00000e+00
 2.00000e+00
 2.00000e+00
 2.00000e+00
 2.00000e+00
 2.00000e+00
 2.00000e+00
 2.00000e+00
 2.00000e+00
 2.00000e+00
 2.00000e+00
 2.00000e+00
 2.00000e+00
 2.00000e+00
 2.00000e+00
 2.00000e+00
 2.00000e+00
 2.00000e+00
 2.00000e+00
 2.00000e+00
 2.00000e+00
 2.00000e+00
 2.00000e+00
 2.00000e+00
 2.00000e+00
 2.00000e+00
 2.00000e+00
 2.00000e+00
 2.00000e+00
 2.00000e+00
 2.00000e+00
 2.00000e+00
 2.00000e+00
 2.00000e+00
 2.00000e+00
 2.00000e+00
 2.00000e+00
 2.00000e+00
 2.00000e+00
 2.00000e+00
 2.00000e+00
 2.00000e+00
 2.00000e+00
 2.00000e+00
 2.00000e+00
 2.00000e+00
 2.00000e+00
 2.00000e+00
 2.00000e+00
 2.00000e+00
 2.00000e+00
 2.00000e+00
 2.00000e+00
 2.00000e+00
 2.00000e+00
 2.00000e+00
 2.00000e+00
 2.00000e+00
 2.00000e+00
 2.00000e+00
 2.00000e+00
 2.00000e+00
 2.00000e+00
 2.00000e+00
 2.00000e+00
 2.00000e+00
 2.00000e+00
 2.00000e+00
 2.00000e+00
 2.00000e+00
 2.00000e+00
 2.00000e+00
 2.00000e+00
 2.00000e+00
 2.00000e+00
 2.00000e+00
 2.00000e+00
 2.00000e+00
 2.00000e+00
 2.00000e+00
 2.00000e+00
 2.00000e+00
 2.00000e+00
 2.00005e+00
 2.00004e+00
 2.00004e+00
 2.00003e+00
 2.00002e+00
 2.00002e+00
 2.00001e+00
 2.00001e+00
 2.00000e+00
 2.00000e+00
 2.00000e+00
 2.00000e+00
 2.00000e+00
 2.00000e+00
 2.00000e+00
 2.00001e+00
 2.00001e+00
 2.00001e+00
 2.00001e+00
 2.00001e+00
 2.00001e+00
 2.00000e+00
 2.00000e+00
 2.00000e+00
 2.00000e+00
 2.00000e+00
 2.00000e+00
 2.00000e+00
 2.00000e+00
 2.00000e+00
 2.00000e+00
 2.00000e+00
 2.00000e+00
 2.00000e+00
 2.00000e+00
 2.00000e+00
 2.00000e+00
 2.00000e+00
 2.00000e+00
 2.00000e+00
 2.00000e+00
 2.00000e+00
 2.00000e+00
 2.00000e+00
 2.00000e+00
 2.00000e+00
 2.00000e+00
 2.00000e+00
 2.00000e+00
 2.00000e+00
 2.00000e+00
 2.00000e+00
 2.00000e+00
 2.00000e+00
 2.00000e+00
 2.00000e+00
 2.00000e+00
 2.00000e+00
 2.00000e+00
 2.00000e+00
 2.00000e+00
 2.00000e+00
 2.00000e+00
 2.00000e+00
 2.00000e+00
 2.00000e+00
 2.00000e+00
 2.00000e+00
 2.00000e+00
 2.00000e+00
 2.00000e+00
 2.00000e+00
 2.00000e+00
 2.00000e+00
 2.00000e+00
 2.00000e+00
 2.00000e+00
 2.00000e+00
 2.00000e+00
 2.00000e+00
 2.00000e+00
 2.00000e+00
 2.00000e+00
 2.00000e+00
 2.00000e+00
 2.00000e+00
 2.00000e+00
 2.00000e+00
 2.00000e+00
 2.00000e+00
 2.00000e+00
 2.00000e+00
 2.00000e+00
 2.00000e+00
 2.00000e+00
 2.00000e+00
 2.00000e+00
 2.00000e+00
 2.00000e+00
 2.00000e+00
 2.00000e+00
 2.00000e+00
 2.00000e+00
 2.00000e+00
 2.00000e+00
 2.00000e+00
 2.00000e+00
 2.00000e+00
 2.00000e+00
 2.00000e+00
 2.00000e+00
 2.00000e+00
 2.00000e+00
 2.00000e+00
 2.00000e+00
 2.00000e+00
 2.00000e+00
 2.00000e+00
 2.00000e+00
 2.00000e+00
 2.00000e+00
 2.00000e+00
 2.00000e+00
 2.00000e+00
 2.00000e+00
 2.00000e+00
 2.00000e+00
 2.00000e+00
 2.00000e+00
 2.00000e+00
 2.00000e+00
 2.00000e+00
 2.00000e+00
 2.00000e+00
 2.00000e+00
 2.00000e+00
 2.00000e+00
 2.00000e+00
 2.00000e+00
 2.00000e+00
 2.00000e+00
 2.00000e+00
 2.00000e+00
 2.00000e+00
 2.00000e+00
 2.00000e+00
 2.00000e+00
 2.00000e+00
 2.00000e+00
 2.00000e+00
 2.00000e+00
 2.00000e+00
 2.00000e+00
 2.00000e+00
 2.00000e+00
 2.00000e+00
 2.00000e+00
 2.00000e+00
 2.00000e+00
 2.00000e+00
 2.00000e+00
 2.00000e+00
 2.00000e+00
 2.00000e+00
 2.00000e+00
 2.00000e+00
 2.00000e+00
 2.00000e+00
 2.00000e+00
 2.00000e+00
 2.00000e+00
 2.00000e+00
 2.00000e+00
 2.00000e+00
 2.00000e+00
 2.00000e+00
 2.00000e+00
 2.00000e+00
 2.00000e+00
 2.00000e+00
 2.00000e+00
 2.00000e+00
 2.00000e+00
 2.00000e+00
 2.00000e+00
 2.00000e+00
 2.00000e+00
 2.00000e+00
 2.00000e+00
 2.00000e+00
 2.00000e+00
 2.00000e+00
 2.00000e+00
 2.00000e+00
 2.00000e+00
 2.00000e+00
 2.00000e+00
 2.00000e+00
 2.00000e+00
 2.00000e+00
 2.00000e+00
 2.00000e+00
 2.00000e+00
 2.00000e+00
 2.00000e+00
 2.00000e+00
 2.00000e+00
 2.00000e+00
 2.00000e+00
 2.00000e+00
 2.00000e+00
 2.00000e+00
 2.00000e+00
 2.00000e+00
 2.00000e+00
 2.00000e+00
 2.00000e+00
 2.00000e+00
 2.00000e+00
 2.00000e+00
 2.00000e+00
 2.00000e+00
 2.00000e+00
 2.00000e+00
 2.00000e+00
 2.00001e+00
 2.00001e+00
 2.00001e+00
 2.00001e+00
 2.00000e+00
 2.00000e+00
 2.00000e+00
 2.00000e+00
 2.00000e+00
 2.00000e+00
 2.00000e+00
 2.00000e+00
 2.00000e+00
 2.00000e+00
 2.00000e+00
 2.00000e+00
 2.00000e+00
 2.00000e+00
 2.00000e+00
 2.00000e+00
 2.00000e+00
 2.00000e+00
 2.00000e+00
 2.00000e+00
 2.00000e+00
 2.00000e+00
 2.00000e+00
 2.00000e+00
 2.00000e+00
 2.00000e+00
 2.00000e+00
 2.00000e+00
 2.00000e+00
 2.00000e+00
 2.00000e+00
 2.00000e+00
 2.00000e+00
 2.00000e+00
 2.00000e+00
 2.00000e+00
 2.00000e+00
 2.00000e+00
 2.00000e+00
 2.00000e+00
 2.00000e+00
 2.00000e+00
 2.00000e+00
 2.00000e+00
 2.00000e+00
 2.00000e+00
 2.00000e+00
 2.00000e+00
 2.00000e+00
 2.00000e+00
 2.00000e+00
 2.00000e+00
 2.00000e+00
 2.00000e+00
 2.00000e+00
 2.00000e+00
 2.00000e+00
 2.00000e+00
 2.00000e+00
 2.00000e+00
 2.00000e+00
 2.00000e+00
 2.00000e+00
 2.00000e+00
 2.00000e+00
 2.00000e+00
 2.00000e+00
 2.00000e+00
 2.00000e+00
 2.00000e+00
 2.00000e+00
 2.00000e+00
 2.00000e+00
 2.00000e+00
 2.00000e+00
 2.00000e+00
 2.00000e+00
 2.00000e+00
 2.00000e+00
 2.00000e+00
 2.00000e+00
 2.00000e+00
 2.00000e+00
 2.00000e+00
 2.00000e+00
 2.00000e+00
 2.00000e+00
 2.00000e+00
 2.00000e+00
 2.00000e+00
 2.00000e+00
 2.00000e+00
 2.00000e+00
 2.00000e+00
 2.00000e+00
 2.00000e+00
 2.00000e+00
 2.00000e+00
 2.00000e+00
 2.00000e+00
 2.00000e+00
 2.00000e+00
 2.00000e+00
 2.00000e+00
 2.00000e+00
 2.00000e+00
 2.00000e+00
 2.00000e+00
 2.00000e+00
 2.00000e+00
 2.00000e+00
 2.00000e+00
 2.00000e+00
 2.00000e+00
 2.00000e+00
 2.00000e+00
 2.00000e+00
 2.00000e+00
 2.00000e+00
 2.00000e+00
 2.00000e+00
 2.00000e+00
 2.00000e+00
 2.00000e+00
 2.00000e+00
 2.00000e+00
 2.00000e+00
 2.00000e+00
 2.00000e+00
 2.00000e+00
 2.00000e+00
 2.00000e+00
 2.00000e+00
 2.00000e+00
 2.00000e+00
 2.00000e+00
 2.00000e+00
 2.00000e+00
 2.00000e+00
 2.00000e+00
 2.00000e+00
 2.00000e+00
 2.00000e+00
 2.00000e+00
 2.00000e+00
 2.00000e+00
 2.00000e+00
 2.00000e+00
 2.00000e+00
 2.00000e+00
 2.00000e+00
 2.00000e+00
 2.00000e+00
 2.00000e+00
 2.00000e+00
 2.00000e+00
 2.00000e+00
 2.00000e+00
 2.00000e+00
 2.00000e+00
 2.00000e+00
 2.00000e+00
 2.00000e+00
 2.00000e+00
 2.00000e+00
 2.00000e+00
 2.00000e+00
 2.00000e+00
 2.00000e+00
 2.00000e+00
 2.00000e+00
 2.00000e+00
 2.00000e+00
 2.00000e+00
 2.00000e+00
 2.00000e+00
 2.00000e+00
 2.00000e+00
 2.00000e+00
 2.00000e+00
 2.00000e+00
 2.00000e+00
 2.00000e+00
 2.00000e+00
 2.00000e+00
 2.00000e+00
 2.00000e+00
 2.00000e+00
 2.00000e+00
 2.00000e+00
 2.00000e+00
 2.00000e+00
 2.00000e+00
 2.00000e+00
 2.00000e+00
 2.00000e+00
 2.00000e+00
 2.00000e+00
 2.00000e+00
 2.00000e+00
 2.00000e+00
 2.00000e+00
 2.00000e+00
 2.00000e+00
 2.00000e+00
 2.00000e+00
 2.00000e+00
 2.00000e+00
 2.00000e+00
 2.00000e+00
 2.00000e+00
 2.00000e+00
 2.00000e+00
 2.00000e+00
 2.00000e+00
 2.00000e+00
 2.00000e+00
 2.00000e+00
 2.00000e+00
 2.00000e+00
 2.00000e+00
 2.00000e+00
 2.00000e+00
 2.00000e+00
 2.00000e+00
 2.00000e+00
 2.00000e+00
 2.00000e+00
 2.00000e+00
 2.00000e+00
 2.00000e+00
 2.00000e+00
 2.00000e+00
 2.00000e+00
 2.00000e+00
 2.00000e+00
 2.00000e+00
 2.00000e+00
 2.00000e+00
 2.00000e+00
 2.00000e+00
 2.00000e+00
 2.00000e+00
 2.00000e+00
 2.00000e+00
 2.00000e+00
 2.00000e+00
 2.00000e+00
 2.00000e+00
 2.00000e+00
 2.00000e+00
 2.00000e+00
 2.00000e+00
 2.00000e+00
 2.00000e+00
 2.00000e+00
 2.00000e+00
 2.00000e+00
 2.00000e+00
 2.00000e+00
 2.00000e+00
 2.00000e+00
 2.00000e+00
 2.00000e+00
 2.00000e+00
 2.00000e+00
 2.00000e+00
 2.00000e+00
 2.00000e+00
 2.00000e+00
 2.00000e+00
 2.00000e+00
 2.00000e+00
 2.00000e+00
 2.00000e+00
 2.00000e+00
 2.00000e+00
 2.00000e+00
 2.00000e+00
 2.00000e+00
 2.00000e+00
 2.00000e+00
 2.00000e+00
 2.00000e+00
 2.00000e+00
 2.00000e+00
 2.00000e+00
 2.00000e+00
 2.00000e+00
 2.00000e+00
 2.00000e+00
 2.00000e+00
 2.00000e+00
 2.00000e+00
 2.00000e+00
 2.00000e+00
 2.00000e+00
 2.00000e+00
 2.00000e+00
 2.00000e+00
 2.00000e+00
 2.00000e+00
 2.00000e+00
 2.00000e+00
 2.00000e+00
 2.00000e+00
 2.00000e+00
 2.00000e+00
 2.00000e+00
 2.00000e+00
 2.00000e+00
 2.00000e+00
 2.00000e+00
 2.00000e+00
 2.00000e+00
 2.00000e+00
 2.00000e+00
 2.00000e+00
 2.00000e+00
 2.00000e+00
 2.00000e+00
 2.00000e+00
 2.00000e+00
 2.00000e+00
 2.00000e+00
 2.00000e+00
 2.00000e+00
 2.00000e+00
 2.00000e+00
 2.00000e+00
 2.00000e+00
 2.00000e+00
 2.00000e+00
 2.00000e+00
 2.00000e+00
 2.00000e+00
 2.00000e+00
 2.00000e+00
 2.00000e+00
 2.00000e+00
 2.00000e+00
 2.00000e+00
 2.00000e+00
 2.00000e+00
 2.00000e+00
 2.00000e+00
 2.00000e+00
 2.00000e+00
 2.00000e+00
 2.00000e+00
 2.00000e+00
 2.00000e+00
 2.00000e+00
 2.00000e+00
 2.00000e+00
 2.00000e+00
 2.00000e+00
 2.00000e+00
 2.00000e+00
 2.00000e+00
 2.00000e+00
 2.00000e+00
 2.00000e+00
 2.00000e+00
 2.00000e+00
 2.00000e+00
 2.00000e+00
 2.00000e+00
 2.00000e+00
 2.00000e+00
 2.00000e+00
 2.00000e+00
 2.00000e+00
 2.00000e+00
 2.00000e+00
 2.00000e+00
 2.00000e+00
 2.00000e+00
 2.00000e+00
 2.00000e+00
 2.00000e+00
 2.00000e+00
 2.00000e+00
 2.00000e+00
 2.00000e+00
 2.00000e+00
 2.00000e+00
 2.00000e+00
 2.00000e+00
 2.00000e+00
 2.00000e+00
 2.00000e+00
 2.00000e+00
 2.00000e+00
 2.00000e+00
 2.00000e+00
 2.00000e+00
 2.00000e+00
 2.00000e+00
 2.00000e+00
 2.00000e+00
 2.00000e+00
 2.00000e+00
 2.00000e+00
 2.00000e+00
 2.00000e+00
 2.00000e+00
 2.00000e+00
 2.00000e+00
 2.00000e+00
 2.00000e+00
 2.00000e+00
 2.00000e+00
 2.00000e+00
 2.00000e+00
 2.00000e+00
 2.00000e+00
 2.00000e+00
 2.00000e+00
 2.00000e+00
 2.00000e+00
 2.00000e+00
 2.00000e+00
 2.00000e+00
 2.00000e+00
 2.00000e+00
 2.00000e+00
 2.00000e+00
 2.00000e+00
 2.00000e+00
 2.00000e+00
 2.00000e+00
 2.00000e+00
 2.00000e+00
 2.00000e+00
 2.00000e+00
 2.00000e+00
 2.00000e+00
 2.00000e+00
 2.00000e+00
 2.00000e+00
 2.00000e+00
 2.00000e+00
 2.00000e+00
 2.00000e+00
 2.00000e+00
 2.00000e+00
 2.00000e+00
 2.00000e+00
 2.00000e+00
 2.00000e+00
 2.00000e+00
 2.00000e+00
 2.00000e+00
 2.00000e+00
 2.00000e+00
 2.00000e+00
 2.00000e+00
 2.00000e+00
 2.00000e+00
 2.00000e+00
 2.00000e+00
 2.00000e+00
 2.00000e+00
 2.00000e+00
 2.00000e+00
 2.00000e+00
 2.00000e+00
 2.00000e+00
 2.00000e+00
 2.00000e+00
 2.00000e+00
 2.00000e+00
 2.00000e+00
 2.00000e+00
 2.00000e+00
 2.00000e+00
 2.00000e+00
 2.00000e+00
 2.00000e+00
 2.00000e+00
 2.00000e+00
 2.00000e+00
 2.00000e+00
 2.00000e+00
 2.00000e+00
 2.00000e+00
 2.00000e+00
 2.00000e+00
 2.00000e+00
 2.00000e+00
 2.00000e+00
 2.00000e+00
 2.00000e+00
 2.00000e+00
 2.00000e+00
 2.00000e+00
 2.00000e+00
 2.00000e+00
 2.00000e+00
 2.00000e+00
 2.00000e+00
 2.00000e+00
 2.00000e+00
 2.00000e+00
 2.00000e+00
 2.00000e+00
 2.00000e+00
 2.00000e+00
 2.00000e+00
 2.00000e+00
 2.00000e+00
 2.00000e+00
 2.00000e+00
 2.00000e+00
 2.00000e+00
 2.00000e+00
 2.00000e+00
 2.00000e+00
 2.00000e+00
 2.00000e+00
 2.00000e+00
 2.00000e+00
 2.00000e+00
 2.00000e+00
 2.00000e+00
 2.00000e+00
 2.00000e+00
 2.00000e+00
 2.00000e+00
 2.00000e+00
 2.00000e+00
 2.00000e+00
 2.00000e+00
 2.00000e+00
 2.00000e+00
 2.00000e+00
 2.00000e+00
 2.00000e+00
 2.00000e+00
 2.00000e+00
 2.00000e+00
 2.00000e+00
 2.00000e+00
 2.00000e+00
 2.00000e+00
 2.00000e+00
 2.00000e+00
 2.00000e+00
 2.00000e+00
 2.00000e+00
 2.00000e+00
 2.00000e+00
 2.00000e+00
 2.00000e+00
 2.00000e+00
 2.00000e+00
 2.00000e+00
 2.00000e+00
 2.00000e+00
 2.00000e+00
 2.00000e+00
 2.00000e+00
 2.00000e+00
 2.00000e+00
 2.00000e+00
 2.00000e+00
 2.00000e+00
 2.00000e+00
 2.00000e+00
 2.00000e+00
 2.00000e+00
 2.00000e+00
 2.00000e+00
 2.00000e+00
 2.00000e+00
 2.00000e+00
 2.00000e+00
 2.00000e+00
 2.00000e+00
 2.00000e+00
 2.00000e+00
 2.00000e+00
 2.00000e+00
 2.00000e+00
 2.00000e+00
 2.00000e+00
 2.00000e+00
 2.00000e+00
 2.00000e+00
 2.00000e+00
 2.00000e+00
 2.00000e+00
 2.00000e+00
 2.00000e+00
 2.00000e+00
 2.00000e+00
 2.00000e+00
 2.00000e+00
 2.00000e+00
 2.00000e+00
 2.00000e+00
 2.00000e+00
 2.00000e+00
 2.00000e+00
 2.00000e+00
 2.00000e+00
 2.00000e+00
 2.00000e+00
 2.00000e+00
 2.00000e+00
 2.00000e+00
 2.00000e+00
 2.00000e+00
 2.00000e+00
 2.00000e+00
 2.00000e+00
 2.00000e+00
 2.00000e+00
 2.00000e+00
 2.00000e+00
 2.00000e+00
 2.00000e+00
 2.00000e+00
 2.00000e+00
 2.00000e+00
 2.00000e+00
 2.00000e+00
 2.00000e+00
 2.00000e+00
 2.00000e+00
 2.00000e+00
 2.00000e+00
 2.00000e+00
 2.00000e+00
 2.00000e+00
 2.00000e+00
 2.00000e+00
 2.00000e+00
 2.00000e+00
 2.00000e+00
 2.00000e+00
 2.00000e+00
 2.00000e+00
 2.00000e+00
 2.00000e+00
 2.00000e+00
 2.00000e+00
 2.00000e+00
 2.00000e+00
 2.00000e+00
 2.00000e+00
 2.00000e+00
 2.00000e+00
 2.00000e+00
 2.00000e+00
 2.00000e+00
 2.00000e+00
 2.00000e+00
 2.00000e+00
 2.00000e+00
 2.00000e+00
 2.00000e+00
 2.00000e+00
 2.00000e+00
 2.00000e+00
 2.00000e+00
 2.00000e+00
 2.00000e+00
 2.00000e+00
 2.00000e+00
 2.00000e+00
 2.00000e+00
 2.00000e+00
 2.00000e+00
 2.00000e+00
 2.00000e+00
 2.00000e+00
 2.00000e+00
 2.00000e+00
 2.00000e+00
 2.00000e+00
 2.00000e+00
 2.00000e+00
 2.00000e+00
 2.00000e+00
 2.00000e+00
 2.00000e+00
 2.00000e+00
 2.00000e+00
 2.00000e+00
 2.00000e+00
 2.00000e+00
 2.00000e+00
 2.00000e+00
 2.00000e+00
 2.00000e+00
 2.00000e+00
 2.00000e+00
 2.00000e+00
 2.00000e+00
 2.00000e+00
 2.00000e+00
 2.00000e+00
 2.00000e+00
 2.00000e+00
 2.00000e+00
 2.00000e+00
 2.00000e+00
 2.00000e+00
 2.00000e+00
 2.00000e+00
 2.00000e+00
 2.00000e+00
 2.00000e+00
 2.00000e+00
 2.00000e+00
 2.00000e+00
 2.00000e+00
 2.00000e+00
 2.00000e+00
 2.00000e+00
 2.00000e+00
 2.00000e+00
 2.00000e+00
 2.00000e+00
 2.00000e+00
 2.00000e+00
 2.00000e+00
 2.00000e+00
 2.00000e+00
 2.00000e+00
 2.00000e+00
 2.00000e+00
 2.00000e+00
 2.00000e+00
 2.00000e+00
 2.00000e+00
 2.00000e+00
 2.00000e+00
 2.00000e+00
 2.00000e+00
 2.00000e+00
 2.00000e+00
 2.00000e+00
 2.00000e+00
 2.00000e+00
 2.00000e+00
 2.00000e+00
 2.00000e+00
 2.00000e+00
 2.00000e+00
 2.00000e+00
 2.00000e+00
 2.00000e+00
 2.00000e+00
 2.00000e+00
 2.00000e+00
 2.00000e+00
 2.00000e+00
 2.00000e+00
 2.00000e+00
 2.00000e+00
 2.00000e+00
 2.00000e+00
 2.00000e+00
 2.00000e+00
 2.00000e+00
 2.00000e+00
 2.00000e+00
 2.00000e+00
 2.00000e+00
 2.00000e+00
 2.00000e+00
 2.00000e+00
 2.00000e+00
 2.00000e+00
 2.00000e+00
 2.00000e+00
 2.00000e+00
 2.00000e+00
 2.00000e+00
 2.00000e+00
 2.00000e+00
 2.00000e+00
 2.00000e+00
 2.00000e+00
 2.00000e+00
 2.00000e+00
 2.00000e+00
 2.00000e+00
 2.00000e+00
 2.00000e+00
 2.00000e+00
 2.00000e+00
 2.00000e+00
 2.00000e+00
 2.00000e+00
 2.00000e+00
 2.00000e+00
 2.00000e+00
 2.00000e+00
 2.00000e+00
 2.00000e+00
 2.00000e+00
 2.00000e+00
 2.00000e+00
 2.00000e+00
 2.00000e+00
 2.00000e+00
 2.00000e+00
 2.00000e+00
 2.00000e+00
 2.00000e+00
 2.00000e+00
 2.00000e+00
 2.00000e+00
 2.00000e+00
 2.00000e+00
 2.00000e+00
 2.00000e+00
 2.00000e+00
 2.00000e+00
 2.00000e+00
 2.00000e+00
 2.00000e+00
 2.00000e+00
 2.00000e+00
 2.00000e+00
 2.00000e+00
 2.00000e+00
 2.00000e+00
 2.00000e+00
 2.00000e+00
 2.00000e+00
 2.00000e+00
 2.00000e+00
 2.00000e+00
 2.00000e+00
 2.00000e+00
 2.00000e+00
 2.00000e+00
 2.00000e+00
 2.00000e+00
 2.00000e+00
 2.00000e+00
 2.00000e+00
 2.00000e+00
 2.00000e+00
 2.00000e+00
 2.00000e+00
 2.00000e+00
 2.00000e+00
 2.00000e+00
 2.00000e+00
 2.00000e+00
 2.00000e+00
 2.00000e+00
 2.00000e+00
 2.00000e+00
 2.00000e+00
 2.00000e+00
 2.00000e+00
 2.00000e+00
 2.00000e+00
 2.00000e+00
 2.00000e+00
 2.00000e+00
 2.00000e+00
 2.00000e+00
 2.00000e+00
 2.00000e+00
 2.00000e+00
 2.00000e+00
 2.00000e+00
 2.00000e+00
 2.00000e+00
 2.00000e+00
 2.00000e+00
 2.00000e+00
 2.00000e+00
 2.00000e+00
 2.00000e+00
 2.00000e+00
 2.00000e+00
 2.00000e+00
 2.00000e+00
 2.00000e+00
 2.00000e+00
 2.00000e+00
 2.00000e+00
 2.00000e+00
 2.00000e+00
 2.00000e+00
 2.00000e+00
 2.00000e+00
 2.00000e+00
 2.00000e+00
 2.00000e+00
 2.00000e+00
 2.00000e+00
 2.00000e+00
 2.00000e+00
 2.00000e+00
 2.00000e+00
 2.00000e+00
 2.00000e+00
 2.00000e+00
 2.00000e+00
 2.00000e+00
 2.00000e+00
 2.00000e+00
 2.00000e+00
 2.00000e+00
 2.00000e+00
 2.00000e+00
 2.00000e+00
 2.00000e+00
 2.00000e+00
 2.00000e+00
 2.00000e+00
 2.00000e+00
 2.00000e+00
 2.00000e+00
 2.00000e+00
 2.00000e+00
 2.00000e+00
 2.00000e+00
 2.00000e+00
 2.00000e+00
 2.00000e+00
 2.00000e+00
 2.00000e+00
 2.00000e+00
 2.00000e+00
 2.00000e+00
 2.00000e+00
 2.00000e+00
 2.00000e+00
 2.00000e+00
 2.00000e+00
 2.00000e+00
 2.00000e+00
 2.00000e+00
 2.00000e+00
 2.00000e+00
 2.00000e+00
 2.00000e+00
 2.00000e+00
 2.00000e+00
 2.00000e+00
 2.00000e+00
 2.00000e+00
 2.00000e+00
 2.00000e+00
 2.00000e+00
 2.00000e+00
 2.00000e+00
 2.00000e+00
 2.00000e+00
 2.00000e+00
 2.00000e+00
 2.00000e+00
 2.00000e+00
 2.00000e+00
 2.00000e+00
 2.00000e+00
 2.00000e+00
 2.00000e+00
 2.00000e+00
 2.00000e+00
 2.00000e+00
 2.00000e+00
 2.00000e+00
 2.00000e+00
 2.00000e+00
 2.00000e+00
 2.00000e+00
 2.00000e+00
 2.00000e+00
 2.00000e+00
 2.00000e+00
 2.00000e+00
 2.00000e+00
 2.00000e+00
 2.00000e+00
 2.00000e+00
 2.00000e+00
 2.00000e+00
 2.00000e+00
 2.00000e+00
 2.00000e+00
 2.00000e+00
 2.00000e+00
 2.00000e+00
 2.00000e+00
 2.00000e+00
 2.00000e+00
 2.00000e+00
 2.00000e+00
 2.00000e+00
 2.00000e+00
 2.00000e+00
 2.00000e+00
 2.00000e+00
 2.00000e+00
 2.00000e+00
 2.00000e+00
 2.00000e+00
 2.00000e+00
 2.00000e+00
 2.00000e+00
 2.00000e+00
 2.00000e+00
 2.00000e+00
 2.00000e+00
 2.00000e+00
 2.00000e+00
 2.00000e+00
 2.00000e+00
 2.00000e+00
 2.00000e+00
 2.00000e+00
 2.00000e+00
 2.00000e+00
 2.00000e+00
 2.00000e+00
 2.00000e+00
 2.00000e+00
 2.00000e+00
 2.00000e+00
 2.00000e+00
 2.00000e+00
 2.00000e+00
 2.00000e+00
 2.00000e+00
 2.00000e+00
 2.00000e+00
 2.00000e+00
 2.00000e+00
 2.00000e+00
 2.00000e+00
 2.00000e+00
 2.00000e+00
 2.00000e+00
 2.00000e+00
 2.00000e+00
 2.00000e+00
 2.00000e+00
 2.00000e+00
 2.00000e+00
 2.00000e+00
 2.00000e+00
 2.00000e+00
 2.00000e+00
 2.00000e+00
 2.00000e+00
 2.00000e+00
 2.00000e+00
 2.00000e+00
 2.00000e+00
 2.00000e+00
 2.00000e+00
 2.00000e+00
 2.00000e+00
 2.00000e+00
 2.00000e+00
 2.00000e+00
 2.00000e+00
 2.00000e+00
 2.00000e+00
 2.00000e+00
 2.00000e+00
 2.00000e+00
 2.00000e+00
 2.00000e+00
 2.00000e+00
 2.00000e+00
 2.00000e+00
 2.00000e+00
 2.00000e+00
 2.00000e+00
 2.00000e+00
 2.00000e+00
 2.00000e+00
 2.00000e+00
 2.00000e+00
 2.00000e+00
 2.00000e+00
 2.00000e+00
 2.00000e+00
 2.00000e+00
 2.00000e+00
 2.00000e+00
 2.00000e+00
 2.00000e+00
 2.00000e+00
 2.00000e+00
 2.00000e+00
 2.00000e+00
 2.00000e+00
 2.00000e+00
 2.00000e+00
 2.00000e+00
 2.00000e+00
 2.00000e+00
 2.00000e+00
 2.00000e+00
 2.00000e+00
 2.00000e+00
 2.00000e+00
 2.00000e+00
 2.00000e+00
 2.00000e+00
 2.00000e+00
 2.00000e+00
 2.00000e+00
 2.00000e+00
 2.00000e+00
 2.00000e+00
 2.00000e+00
 2.00000e+00
 2.00000e+00
 2.00000e+00
 2.00000e+00
 2.00000e+00
 2.00000e+00
 2.00000e+00
 2.00000e+00
 2.00000e+00
 2.00000e+00
 2.00000e+00
 2.00000e+00
 2.00000e+00
 2.00000e+00
 2.00000e+00
 2.00000e+00
 2.00000e+00
 2.00000e+00
 2.00000e+00
 2.00000e+00
 2.00000e+00
 2.00000e+00
 2.00000e+00
 2.00000e+00
 2.00000e+00
 2.00000e+00
 2.00000e+00
 2.00000e+00
 2.00000e+00
 2.00000e+00
 2.00000e+00
 2.00000e+00
 2.00000e+00
 2.00000e+00
 2.00000e+00
 2.00000e+00
 2.00000e+00
 2.00000e+00
 2.00000e+00
 2.00000e+00
 2.00000e+00
 2.00000e+00
 2.00000e+00
 2.00000e+00
 2.00000e+00
 2.00000e+00
 2.00000e+00
 2.00000e+00
 2.00000e+00
 2.00000e+00
 2.00000e+00
 2.00000e+00
 2.00000e+00
 2.00000e+00
 2.00000e+00
 2.00000e+00
 2.00000e+00
 2.00000e+00
 2.00000e+00
 2.00000e+00
 2.00000e+00
 2.00000e+00
 2.00000e+00
 2.00000e+00
 2.00000e+00
 2.00000e+00
 2.00000e+00
 2.00000e+00
 2.00000e+00
 2.00000e+00
 2.00000e+00
 2.00000e+00
 2.00000e+00
 2.00000e+00
 2.00000e+00
 2.00000e+00
 2.00000e+00
 2.00000e+00
 2.00000e+00
 2.00000e+00
 2.00000e+00
 2.00000e+00
 2.00000e+00
 2.00000e+00
 2.00000e+00
 2.00000e+00
 2.00000e+00
 2.00000e+00
 2.00000e+00
 2.00000e+00
 2.00000e+00
 2.00000e+00
 2.00000e+00
 2.00000e+00
 2.00000e+00
 2.00000e+00
 2.00000e+00
 2.00000e+00
 2.00000e+00
 2.00000e+00
 2.00000e+00
 2.00000e+00
 2.00000e+00
 2.00000e+00
 2.00000e+00
 2.00000e+00
 2.00000e+00
 2.00000e+00
 2.00000e+00
 2.00000e+00
 2.00000e+00
 2.00000e+00
 2.00000e+00
 2.00000e+00
 2.00000e+00
 2.00000e+00
 2.00000e+00
 2.00000e+00
 2.00000e+00
 2.00000e+00
 2.00000e+00
 2.00000e+00
 2.00000e+00
 2.00000e+00
 2.00000e+00
 2.00000e+00
 2.00000e+00
 2.00000e+00
 2.00000e+00
 2.00000e+00
 2.00000e+00
 2.00000e+00
 2.00000e+00
 2.00000e+00
 2.00000e+00
 2.00000e+00
 2.00000e+00
 2.00000e+00
 2.00000e+00
 2.00000e+00
 2.00000e+00
 2.00000e+00
 2.00000e+00
 2.00000e+00
 2.00000e+00
 2.00000e+00
 2.00000e+00
 2.00000e+00
 2.00000e+00
 2.00000e+00
 2.00000e+00
 2.00000e+00
 2.00000e+00
 2.00000e+00
 2.00000e+00
 2.00000e+00
 2.00000e+00
 2.00000e+00
 2.00000e+00
 2.00000e+00
 2.00000e+00
 2.00000e+00
 2.00000e+00
 2.00000e+00
 2.00000e+00
 2.00000e+00
 2.00000e+00
 2.00000e+00
 2.00000e+00
 2.00000e+00
 2.00000e+00
 2.00000e+00
 2.00000e+00
 2.00000e+00
 2.00000e+00
 2.00000e+00
 2.00000e+00
 2.00000e+00
 2.00000e+00
 2.00000e+00
 2.00000e+00
 2.00000e+00
 2.00000e+00
 2.00000e+00
 2.00000e+00
 2.00000e+00
 2.00000e+00
 2.00000e+00
 2.00000e+00
 2.00000e+00
 2.00000e+00
 2.00000e+00
 2.00000e+00
 2.00000e+00
 2.00000e+00
 2.00000e+00
 2.00000e+00
 2.00000e+00
 2.00000e+00
 2.00000e+00
 2.00000e+00
 2.00000e+00
 2.00000e+00
 2.00000e+00
 2.00000e+00
 2.00000e+00
 2.00000e+00
 2.00000e+00
 2.00000e+00
 2.00000e+00
 2.00000e+00
 2.00000e+00
 2.00000e+00
 2.00000e+00
 2.00000e+00
 2.00000e+00
 2.00000e+00
 2.00000e+00
 2.00000e+00
 2.00000e+00
 2.00000e+00
 2.00000e+00
 2.00000e+00
 2.00000e+00
 2.00000e+00
 2.00000e+00
 2.00000e+00
 2.00000e+00
 2.00000e+00
 2.00000e+00
 2.00000e+00
 2.00000e+00
 2.00000e+00
 2.00000e+00
 2.00000e+00
 2.00000e+00
 2.00000e+00
 2.00000e+00
 2.00000e+00
 2.00000e+00
 2.00000e+00
 2.00000e+00
 2.00000e+00
 2.00000e+00
 2.00000e+00
 2.00000e+00
 2.00000e+00
 2.00000e+00
 2.00000e+00
 2.00000e+00
 2.00000e+00
 2.00000e+00
 2.00000e+00
 2.00000e+00
 2.00000e+00
 2.00000e+00
 2.00000e+00
 2.00000e+00
 2.00000e+00
 2.00000e+00
 2.00000e+00
 2.00000e+00
 2.00000e+00
 2.00000e+00
 2.00000e+00
 2.00000e+00
 2.00000e+00
 2.00000e+00
 2.00000e+00
 2.00000e+00
 2.00000e+00
 2.00000e+00
 2.00000e+00
 2.00000e+00
 2.00000e+00
 2.00000e+00
 2.00000e+00
 2.00000e+00
 2.00000e+00
 2.00000e+00
 2.00000e+00
 2.00000e+00
 2.00000e+00
 2.00000e+00
 2.00000e+00
 2.00000e+00
 2.00000e+00
 2.00000e+00
 2.00000e+00
 2.00000e+00
 2.00000e+00
 2.00000e+00
 2.00000e+00
 2.00000e+00
 2.00000e+00
 2.00000e+00
 2.00000e+00
 2.00000e+00
 2.00000e+00
 2.00000e+00
 2.00000e+00
 2.00000e+00
 2.00000e+00
 2.00000e+00
 2.00000e+00
 2.00000e+00
 2.00000e+00
 2.00000e+00
 2.00000e+00
 2.00000e+00
 2.00000e+00
 2.00000e+00
 2.00000e+00
 2.00000e+00
 2.00000e+00
 2.00000e+00
 2.00000e+00
 2.00000e+00
 2.00000e+00
 2.00000e+00
 2.00000e+00
 2.00000e+00
 2.00000e+00
 2.00000e+00
 2.00000e+00
 2.00000e+00
 2.00000e+00
 2.00000e+00
 2.00000e+00
 2.00000e+00
 2.00000e+00
 2.00000e+00
 2.00000e+00
 2.00000e+00
 2.00000e+00
 2.00000e+00
 2.00000e+00
 2.00000e+00
 2.00000e+00
 2.00000e+00
 2.00000e+00
 2.00000e+00
 2.00000e+00
 2.00000e+00
 2.00000e+00
 2.00000e+00
 2.00000e+00
 2.00000e+00
 2.00000e+00
 2.00000e+00
 2.00000e+00
 2.00000e+00
 2.00000e+00
 2.00000e+00
 2.00000e+00
 2.00000e+00
 2.00000e+00
 2.00000e+00
 2.00000e+00
 2.00000e+00
 2.00000e+00
 2.00000e+00
 2.00000e+00
 2.00000e+00
 2.00000e+00
 2.00000e+00
 2.00000e+00
 2.00000e+00
 2.00000e+00
 2.00000e+00
 2.00000e+00
 2.00000e+00
 2.00000e+00
 2.00000e+00
 2.00000e+00
 2.00000e+00
 2.00000e+00
 2.00000e+00
 2.00000e+00
 2.00000e+00
 2.00000e+00
 2.00000e+00
 2.00000e+00
 2.00000e+00
 2.00000e+00
 2.00000e+00
 2.00000e+00
 2.00000e+00
 2.00000e+00
 2.00000e+00
 2.00000e+00
 2.00000e+00
 2.00000e+00
 2.00000e+00
 2.00000e+00
 2.00000e+00
 2.00000e+00
 2.00000e+00
 2.00000e+00
 2.00000e+00
 2.00000e+00
 2.00000e+00
 2.00000e+00
 2.00000e+00
 2.00000e+00
 2.00000e+00
 2.00000e+00
 2.00000e+00
 2.00000e+00
 2.00000e+00
 2.00000e+00
 2.00000e+00
 2.00000e+00
 2.00000e+00
 2.00000e+00
 2.00000e+00
 2.00000e+00
 2.00000e+00
 2.00000e+00
 2.00000e+00
 2.00000e+00
 2.00000e+00
 2.00000e+00
 2.00000e+00
 2.00000e+00
 2.00000e+00
 2.00000e+00
 2.00000e+00
 2.00000e+00
 2.00000e+00
 2.00000e+00
 2.00000e+00
 2.00000e+00
 2.00000e+00
 2.00000e+00
 2.00000e+00
 2.00000e+00
 2.00000e+00
 2.00000e+00
 2.00000e+00
 2.00000e+00
 2.00000e+00
 2.00000e+00
 2.00000e+00
 2.00000e+00
 2.00000e+00
 2.00000e+00
 2.00000e+00
 2.00000e+00
 2.00000e+00
 2.00000e+00
 2.00000e+00
 2.00000e+00
 2.00000e+00
 2.00000e+00
 2.00000e+00
 2.00000e+00
 2.00000e+00
 2.00000e+00
 2.00000e+00
 2.00000e+00
 2.00000e+00
 2.00000e+00
 2.00000e+00
 2.00000e+00
 2.00000e+00
 2.00000e+00
 2.00000e+00
 2.00000e+00
 2.00000e+00
 2.00000e+00
 2.00000e+00
 2.00000e+00
 2.00000e+00
 2.00000e+00
 2.00000e+00
 2.00000e+00
 2.00000e+00
 2.00000e+00
 2.00000e+00
 2.00000e+00
 2.00000e+00
 2.00000e+00
 2.00000e+00
 2.00000e+00
 2.00000e+00
 2.00000e+00
 2.00000e+00
 2.00000e+00
 2.00000e+00
 2.00000e+00
 2.00000e+00
 2.00000e+00
 2.00000e+00
 2.00000e+00
 2.00000e+00
 2.00000e+00
 2.00000e+00
 2.00000e+00
 2.00000e+00
 2.00000e+00
 2.00000e+00
 2.00000e+00
 2.00000e+00
 2.00000e+00
 2.00000e+00
 2.00000e+00
 2.00000e+00
 2.00000e+00
 2.00000e+00
 2.00000e+00
 2.00000e+00
 2.00000e+00
 2.00000e+00
 2.00000e+00
 2.00000e+00
 2.00000e+00
 2.00000e+00
 2.00000e+00
 2.00000e+00
 2.00000e+00
 2.00000e+00
 2.00000e+00
 2.00000e+00
 2.00000e+00
 2.00000e+00
 2.00000e+00
 2.00000e+00
 2.00000e+00
 2.00000e+00
 2.00000e+00
 2.00000e+00
 2.00000e+00
 2.00000e+00
 2.00000e+00
 2.00000e+00
 2.00000e+00
 2.00000e+00
 2.00000e+00
 2.00000e+00
 2.00000e+00
 2.00000e+00
 2.00000e+00
 2.00000e+00
 2.00000e+00
 2.00000e+00
 2.00000e+00
 2.00000e+00
 2.00000e+00
 2.00000e+00
 2.00000e+00
 2.00000e+00
 2.00000e+00
 2.00000e+00
 2.00000e+00
 2.00000e+00
 2.00000e+00
 2.00000e+00
 2.00000e+00
 2.00000e+00
 2.00000e+00
 2.00000e+00
 2.00000e+00
 2.00000e+00
 2.00000e+00
 2.00000e+00
 2.00000e+00
 2.00000e+00
 2.00000e+00
 2.00000e+00
 2.00000e+00
 2.00000e+00
 2.00000e+00
 2.00000e+00
 2.00000e+00
 2.00000e+00
 2.00000e+00
 2.00000e+00
 2.00000e+00
 2.00000e+00
 2.00000e+00
 2.00000e+00
 2.00000e+00
 2.00000e+00
 2.00000e+00
 2.00000e+00
 2.00000e+00
 2.00000e+00
 2.00000e+00
 2.00000e+00
 2.00000e+00
 2.00000e+00
 2.00000e+00
 2.00000e+00
 2.00000e+00
 2.00000e+00
 2.00000e+00
 2.00000e+00
 2.00000e+00
 2.00000e+00
 2.00000e+00
 2.00000e+00
 2.00000e+00
 2.00000e+00
 2.00000e+00
 2.00000e+00
 2.00000e+00
 2.00000e+00
 2.00000e+00
 2.00000e+00
 2.00000e+00
 2.00000e+00
 2.00000e+00
 2.00000e+00
 2.00000e+00
 2.00000e+00
 2.00000e+00
 2.00000e+00
 2.00000e+00
 2.00000e+00
 2.00000e+00
 2.00000e+00
 2.00000e+00
 2.00000e+00
 2.00000e+00
 2.00000e+00
 2.00000e+00
 2.00000e+00
 2.00000e+00
 2.00000e+00
 2.00000e+00
 2.00000e+00
 2.00000e+00
 2.00000e+00
 2.00000e+00
 2.00000e+00
 2.00000e+00
 2.00000e+00
 2.00000e+00
 2.00000e+00
 2.00000e+00
 2.00000e+00
 2.00000e+00
 2.00000e+00
 2.00000e+00
 2.00000e+00
 2.00000e+00
 2.00000e+00
 2.00000e+00
 2.00000e+00
 2.00000e+00
 2.00000e+00
 2.00000e+00
 2.00000e+00
 2.00000e+00
 2.00000e+00
 2.00000e+00
 2.00000e+00
 2.00000e+00
 2.00000e+00
 2.00000e+00
 2.00000e+00
 2.00000e+00
 2.00000e+00
 2.00000e+00
 2.00000e+00
 2.00000e+00
 2.00000e+00
 2.00000e+00
 2.00000e+00
 2.00000e+00
 2.00000e+00
 2.00000e+00
 2.00000e+00
 2.00000e+00
 2.00000e+00
 2.00000e+00
 2.00000e+00
 2.00000e+00
 2.00000e+00
 2.00000e+00
 2.00000e+00
 2.00000e+00
 2.00000e+00
 2.00000e+00
 2.00000e+00
 2.00000e+00
 2.00000e+00
 2.00000e+00
 2.00000e+00
 2.00000e+00
 2.00000e+00
 2.00000e+00
 2.00000e+00
 2.00000e+00
 2.00000e+00
 2.00000e+00
 2.00000e+00
 2.00000e+00
 2.00000e+00
 2.00000e+00
 2.00000e+00
 2.00000e+00
 2.00000e+00
 2.00000e+00
 2.00000e+00
 2.00000e+00
 2.00000e+00
 2.00000e+00
 2.00000e+00
 2.00000e+00
 2.00000e+00
 2.00000e+00
 2.00000e+00
 2.00000e+00
 2.00000e+00
 2.00000e+00
 2.00000e+00
 2.00000e+00
 2.00000e+00
 2.00000e+00
 2.00000e+00
 2.00000e+00
 2.00000e+00
 2.00000e+00
 2.00000e+00
 2.00000e+00
 2.00000e+00
 2.00000e+00
 2.00000e+00
 2.00000e+00
 2.00000e+00
 2.00000e+00
 2.00000e+00
 2.00000e+00
 2.00000e+00
 2.00000e+00
 2.00000e+00
 2.00000e+00
 2.00000e+00
 2.00000e+00
 2.00000e+00
 2.00000e+00
 2.00000e+00
 2.00000e+00
 2.00000e+00
 2.00000e+00
 2.00000e+00
 2.00000e+00
 2.00000e+00
 2.00000e+00
 2.00000e+00
 2.00000e+00
 2.00000e+00
 2.00000e+00
 2.00000e+00
 2.00000e+00
 2.00000e+00
 2.00000e+00
 2.00000e+00
 2.00000e+00
 2.00000e+00
 2.00000e+00
 2.00000e+00
 2.00000e+00
 2.00000e+00
 2.00000e+00
 2.00000e+00
 2.00000e+00
 2.00000e+00
 2.00000e+00
 2.00000e+00
 2.00000e+00
 2.00000e+00
 2.00000e+00
 2.00000e+00
 2.00000e+00
 2.00000e+00
 2.00000e+00
 2.00000e+00
 2.00000e+00
 2.00000e+00
 2.00000e+00
 2.00000e+00
 2.00000e+00
 2.00000e+00
 2.00000e+00
 2.00000e+00
 2.00000e+00
 2.00000e+00
 2.00000e+00
 2.00000e+00
 2.00000e+00
 2.00000e+00
 2.00000e+00
 2.00000e+00
 2.00000e+00
 2.00000e+00
 2.00000e+00
 2.00000e+00
 2.00000e+00
 2.00000e+00
 2.00000e+00
 2.00000e+00
 2.00000e+00
 2.00000e+00
 2.00000e+00
 2.00000e+00
 2.00000e+00
 2.00000e+00
 2.00000e+00
 2.00000e+00
 2.00000e+00
 2.00000e+00
 2.00000e+00
 2.00000e+00
 2.00000e+00
 2.00000e+00
 2.00000e+00
 2.00000e+00
 2.00000e+00
 2.00000e+00
 2.00000e+00
 2.00000e+00
 2.00000e+00
 2.00000e+00
 2.00000e+00
 2.00000e+00
 2.00000e+00
 2.00000e+00
 2.00000e+00
 2.00000e+00
 2.00000e+00
 2.00000e+00
 2.00000e+00
 2.00000e+00
 2.00000e+00
 2.00000e+00
 2.00000e+00
 2.00000e+00
 2.00000e+00
 2.00000e+00
 2.00000e+00
 2.00000e+00
 2.00000e+00
 2.00000e+00
 2.00000e+00
 2.00000e+00
 2.00000e+00
 2.00000e+00
 2.00000e+00
 2.00000e+00
 2.00000e+00
 2.00000e+00
 2.00000e+00
 2.00000e+00
 2.00000e+00
 2.00000e+00
 2.00000e+00
 2.00000e+00
 2.00000e+00
 2.00000e+00
 2.00000e+00
 2.00000e+00
 2.00000e+00
 2.00000e+00
 2.00000e+00
 2.00000e+00
 2.00000e+00
 2.00000e+00
 2.00000e+00
 2.00000e+00
 2.00000e+00
 2.00000e+00
 2.00000e+00
 2.00000e+00
 2.00000e+00
 2.00000e+00
 2.00000e+00
 2.00000e+00
 2.00000e+00
 2.00000e+00
 2.00000e+00
 2.00000e+00
 2.00000e+00
 2.00000e+00
 2.00000e+00
 2.00000e+00
 2.00000e+00
 2.00000e+00
 2.00000e+00
 2.00000e+00
 2.00000e+00
 2.00000e+00
 2.00000e+00
 2.00000e+00
 2.00000e+00
 2.00000e+00
 2.00000e+00
 2.00000e+00
part
         4
hexa8
 2.03930e+00
 2.01317e+00
 2.00388e+00
 2.00097e+00
 2.00022e+00
 2.00005e+00
 2.00001e+00
 2.00000e+00
 2.00000e+00
 2.00000e+00
 2.00000e+00
 2.00000e+00
 2.00000e+00
 2.00000e+00
 2.00000e+00
 2.01317e+00
 2.00429e+00
 2.00117e+00
 2.00031e+00
 2.00007e+00
 2.00001e+00
 2.00000e+00
 2.00000e+00
 2.00000e+00
 2.00000e+00
 2.00000e+00
 2.00000e+00
 2.00000e+00
 2.00000e+00
 2.00000e+00
 2.00388e+00
 2.00117e+00
 2.00035e+00
 2.00009e+00
 2.00002e+00
 2.00000e+00
 2.00000e+00
 2.00000e+00
 2.00000e+00
 2.00000e+00
 2.00000e+00
 2.00000e+00
 2.00000e+00
 2.00000e+00
 2.00000e+00
 2.00097e+00
 2.00031e+00
 2.00009e+00
 2.00002e+00
 2.00001e+00
 2.00000e+00
 2.00000e+00
 2.00000e+00
 2.00000e+00
 2.00000e+00
 2.00000e+00
 2.00000e+00
 2.00000e+00
 2.00000e+00
 2.00000e+00
 2.00022e+00
 2.00007e+00
 2.00002e+00
 2.00001e+00
 2.00000e+00
 2.00000e+00
 2.00000e+00
 2.00000e+00
 2.00000e+00
 2.00000e+00
 2.00000e+00
 2.00000e+00
 2.00000e+00
 2.00000e+00
 2.00000e+00
 2.00005e+00
 2.00001e+00
 2.00000e+00
 2.00000e+00
 2.00000e+00
 2.00000e+00
 2.00000e+00
 2.00000e+00
 2.00000e+00
 2.00000e+00
 2.00000e+00
 2.00000e+00
 2.00000e+00
 2.00000e+00
 2.00000e+00
 2.00001e+00
 2.00000e+00
 2.00000e+00
 2.00000e+00
 2.00000e+00
 2.00000e+00
 2.00000e+00
 2.00000e+00
 2.00000e+00
 2.00000e+00
 2.00000e+00
 2.00000e+00
 2.00000e+00
 2.00000e+00
 2.00000e+00
 2.00000e+00
 2.00000e+00
 2.00000e+00
 2.00000e+00
 2.00000e+00
 2.00000e+00
 2.00000e+00
 2.00000e+00
 2.00000e+00
 2.00000e+00
 2.00000e+00
 2.00000e+00
 2.00000e+00
 2.00000e+00
 2.00000e+00
 2.00000e+00
 2.00000e+00
 2.00000e+00
 2.00000e+00
 2.00000e+00
 2.00000e+00
 2.00000e+00
 2.00000e+00
 2.00000e+00
 2.00000e+00
 2.00000e+00
 2.00000e+00
 2.00000e+00
 2.00000e+00
 2.00000e+00
 2.00000e+00
 2.00000e+00
 2.00000e+00
 2.00000e+00
 2.00000e+00
 2.00000e+00
 2.00000e+00
 2.00000e+00
 2.00000e+00
 2.00000e+00
 2.00000e+00
 2.00000e+00
 2.00000e+00
 2.00000e+00
 2.00000e+00
 2.00000e+00
 2.00000e+00
 2.00000e+00
 2.00000e+00
 2.00000e+00
 2.00000e+00
 2.00000e+00
 2.00000e+00
 2.00000e+00
 2.00000e+00
 2.00000e+00
 2.00000e+00
 2.00000e+00
 2.00000e+00
 2.00000e+00
 2.00000e+00
 2.00000e+00
 2.00000e+00
 2.00000e+00
 2.00000e+00
 2.00000e+00
 2.00000e+00
 2.00000e+00
 2.00000e+00
 2.00000e+00
 2.00000e+00
 2.00000e+00
 2.00000e+00
 2.00000e+00
 2.00000e+00
 2.00000e+00
 2.00000e+00
 2.00000e+00
 2.00000e+00
 2.00000e+00
 2.00000e+00
 2.00000e+00
 2.00000e+00
 2.00000e+00
 2.00000e+00
 2.00000e+00
 2.00000e+00
 2.00000e+00
 2.00000e+00
 2.00000e+00
 2.00000e+00
 2.00000e+00
 2.00000e+00
 2.00000e+00
 2.00000e+00
 2.00000e+00
 2.00000e+00
 2.00000e+00
 2.00000e+00
 2.00000e+00
 2.00000e+00
 2.00000e+00
 2.00000e+00
 2.00000e+00
 2.00000e+00
 2.00000e+00
 2.00000e+00
 2.00000e+00
 2.00000e+00
 2.00000e+00
 2.00000e+00
 2.00000e+00
 2.00000e+00
 2.00000e+00
 2.00000e+00
 2.00000e+00
 2.00000e+00
 2.00000e+00
 2.00000e+00
 2.00000e+00
 2.03704e+00
 2.01235e+00
 2.00359e+00
 2.00091e+00
 2.00021e+00
 2.00004e+00
 2.00001e+00
 2.00000e+00
 2.00000e+00
 2.00000e+00
 2.00000e+00
 2.00000e+00
 2.00000e+00
 2.00000e+00
 2.00000e+00
 2.01235e+00
 2.00398e+00
 2.00109e+00
 2.00029e+00
 2.00007e+00
 2.00001e+00
 2.00000e+00
 2.00000e+00
 2.00000e+00
 2.00000e+00
 2.00000e+00
 2.00000e+00
 2.00000e+00
 2.00000e+00
 2.00000e+00
 2.00359e+00
 2.00109e+00
 2.00032e+00
 2.00008e+00
 2.00002e+00
 2.00000e+00
 2.00000e+00
 2.00000e+00
 2.00000e+00
 2.00000e+00
 2.00000e+00
 2.00000e+00
 2.00000e+00
 2.00000e+00
 2.00000e+00
 2.00091e+00
 2.00029e+00
 2.00008e+00
 2.00002e+00
 2.00001e+00
 2.00000e+00
 2.00000e+00
 2.00000e+00
 2.00000e+00
 2.00000e+00
 2.00000e+00
 2.00000e+00
 2.00000e+00
 2.00000e+00
 2.00000e+00
 2.00021e+00
 2.00007e+00
 2.00002e+00
 2.00001e+00
 2.00000e+00
 2.00000e+00
 2.00000e+00
 2.00000e+00
 2.00000e+00
 2.00000e+00
 2.00000e+00
 2.00000e+00
 2.00000e+00
 2.00000e+00
 2.00000e+00
 2.00004e+00
 2.00001e+00
 2.00000e+00
 2.00000e+00
 2.00000e+00
 2.00000e+00
 2.00000e+00
 2.00000e+00
 2.00000e+00
 2.00000e+00
 2.00000e+00
 2.00000e+00
 2.00000e+00
 2.00000e+00
 2.00000e+00
 2.00001e+00
 2.00000e+00
 2.00000e+00
 2.00000e+00
 2.00000e+00
 2.00000e+00
 2.00000e+00
 2.00000e+00
 2.00000e+00
 2.00000e+00
 2.00000e+00
 2.00000e+00
 2.00000e+00
 2.00000e+00
 2.00000e+00
 2.00000e+00
 2.00000e+00
 2.00000e+00
 2.00000e+00
 2.00000e+00
 2.00000e+00
 2.00000e+00
 2.00000e+00
 2.00000e+00
 2.00000e+00
 2.00000e+00
 2.00000e+00
 2.00000e+00
 2.00000e+00
 2.00000e+00
 2.00000e+00
 2.00000e+00
 2.00000e+00
 2.00000e+00
 2.00000e+00
 2.00000e+00
 2.00000e+00
 2.00000e+00
 2.00000e+00
 2.00000e+00
 2.00000e+00
 2.00000e+00
 2.00000e+00
 2.00000e+00
 2.00000e+00
 2.00000e+00
 2.00000e+00
 2.00000e+00
 2.00000e+00
 2.00000e+00
 2.00000e+00
 2.00000e+00
 2.00000e+00
 2.00000e+00
 2.00000e+00
 2.00000e+00
 2.00000e+00
 2.00000e+00
 2.00000e+00
 2.00000e+00
 2.00000e+00
 2.00000e+00
 2.00000e+00
 2.00000e+00
 2.00000e+00
 2.00000e+00
 2.00000e+00
 2.00000e+00
 2.00000e+00
 2.00000e+00
 2.00000e+00
 2.00000e+00
 2.00000e+00
 2.00000e+00
 2.00000e+00
 2.00000e+00
 2.00000e+00
 2.00000e+00
 2.00000e+00
 2.00000e+00
 2.00000e+00
 2.00000e+00
 2.00000e+00
 2.00000e+00
 2.00000e+00
 2.00000e+00
 2.00000e+00
 2.00000e+00
 2.00000e+00
 2.00000e+00
 2.00000e+00
 2.00000e+00
 2.00000e+00
 2.00000e+00
 2.00000e+00
 2.00000e+00
 2.00000e+00
 2.00000e+00
 2.00000e+00
 2.00000e+00
 2.00000e+00
 2.00000e+00
 2.00000e+00
 2.00000e+00
 2.00000e+00
 2.00000e+00
 2.00000e+00
 2.00000e+00
 2.00000e+00
 2.00000e+00
 2.00000e+00
 2.00000e+00
 2.00000e+00
 2.00000e+00
 2.00000e+00
 2.00000e+00
 2.00000e+00
 2.00000e+00
 2.00000e+00
 2.00000e+00
 2.00000e+00
 2.00000e+00
 2.00000e+00
 2.00000e+00
 2.00000e+00
 2.00000e+00
 2.00000e+00
 2.00000e+00
 2.00000e+00
 2.00000e+00
 2.00000e+00
 2.00000e+00
 2.00000e+00
 2.00000e+00
 2.00000e+00
 2.03220e+00
 2.01075e+00
 2.00309e+00
 2.00079e+00
 2.00018e+00
 2.00004e+00
 2.00001e+00
 2.00000e+00
 2.00000e+00
 2.00000e+00
 2.00000e+00
 2.00000e+00
 2.00000e+00
 2.00000e+00
 2.00000e+00
 2.01075e+00
 2.00341e+00
 2.00095e+00
 2.00025e+00
 2.00006e+00
 2.00001e+00
 2.00000e+00
 2.00000e+00
 2.00000e+00
 2.00000e+00
 2.00000e+00
 2.00000e+00
 2.00000e+00
 2.00000e+00
 2.00000e+00
 2.00309e+00
 2.00095e+00
 2.00028e+00
 2.00007e+00
 2.00002e+00
 2.00000e+00
 2.00000e+00
 2.00000e+00
 2.00000e+00
 2.00000e+00
 2.00000e+00
 2.00000e+00
 2.00000e+00
 2.00000e+00
 2.00000e+00
 2.00079e+00
 2.00025e+00
 2.00007e+00
 2.00002e+00
 2.00000e+00
 2.00000e+00
 2.00000e+00
 2.00000e+00
 2.00000e+00
 2.00000e+00
 2.00000e+00
 2.00000e+00
 2.00000e+00
 2.00000e+00
 2.00000e+00
 2.00018e+00
 2.00006e+00
 2.00002e+00
 2.00000e+00
 2.00000e+00
 2.00000e+00
 2.00000e+00
 2.00000e+00
 2.00000e+00
 2.00000e+00
 2.00000e+00
 2.00000e+00
 2.00000e+00
 2.00000e+00
 2.00000e+00
 2.00004e+00
 2.00001e+00
 2.00000e+00
 2.00000e+00
 2.00000e+00
 2.00000e+00
 2.00000e+00
 2.00000e+00
 2.00000e+00
 2.00000e+00
 2.00000e+00
 2.00000e+00
 2.00000e+00
 2.00000e+00
 2.00000e+00
 2.00001e+00
 2.00000e+00
 2.00000e+00
 2.00000e+00
 2.00000e+00
 2.00000e+00
 2.00000e+00
 2.00000e+00
 2.00000e+00
 2.00000e+00
 2.00000e+00
 2.00000e+00
 2.00000e+00
 2.00000e+00
 2.00000e+00
 2.00000e+00
 2.00000e+00
 2.00000e+00
 2.00000e+00
 2.00000e+00
 2.00000e+00
 2.00000e+00
 2.00000e+00
 2.00000e+00
 2.00000e+00
 2.00000e+00
 2.00000e+00
 2.00000e+00
 2.00000e+00
 2.00000e+00
 2.00000e+00
 2.00000e+00
 2.00000e+00
 2.00000e+00
 2.00000e+00
 2.00000e+00
 2.00000e+00
 2.00000e+00
 2.00000e+00
 2.00000e+00
 2.00000e+00
 2.00000e+00
 2.00000e+00
 2.00000e+00
 2.00000e+00
 2.00000e+00
 2.00000e+00
 2.00000e+00
 2.00000e+00
 2.00000e+00
 2.00000e+00
 2.00000e+00
 2.00000e+00
 2.00000e+00
 2.00000e+00
 2.00000e+00
 2.00000e+00
 2.00000e+00
 2.00000e+00
 2.00000e+00
 2.00000e+00
 2.00000e+00
 2.00000e+00
 2.00000e+00
 2.00000e+00
 2.00000e+00
 2.00000e+00
 2.00000e+00
 2.00000e+00
 2.00000e+00
 2.00000e+00
 2.00000e+00
 2.00000e+00
 2.00000e+00
 2.00000e+00
 2.00000e+00
 2.00000e+00
 2.00000e+00
 2.00000e+00
 2.00000e+00
 2.00000e+00
 2.00000e+00
 2.00000e+00
 2.00000e+00
 2.00000e+00
 2.00000e+00
 2.00000e+00
 2.00000e+00
 2.00000e+00
 2.00000e+00
 2.00000e+00
 2.00000e+00
 2.00000e+00
 2.00000e+00
 2.00000e+00
 2.00000e+00
 2.00000e+00
 2.00000e+00
 2.00000e+00
 2.00000e+00
 2.00000e+00
 2.00000e+00
 2.00000e+00
 2.00000e+00
 2.00000e+00
 2.00000e+00
 2.00000e+00
 2.00000e+00
 2.00000e+00
 2.00000e+00
 2.00000e+00
 2.00000e+00
 2.00000e+00
 2.00000e+00
 2.00000e+00
 2.00000e+00
 2.00000e+00
 2.00000e+00
 2.00000e+00
 2.00000e+00
 2.00000e+00
 2.00000e+00
 2.00000e+00
 2.00000e+00
 2.00000e+00
 2.00000e+00
 2.00000e+00
 2.00000e+00
 2.00000e+00
 2.00000e+00
 2.00000e+00
 2.00000e+00
 2.00000e+00
 2.00000e+00
 2.00000e+00
 2.02639e+00
 2.00874e+00
 2.00247e+00
 2.00064e+00
 2.00015e+00
 2.00003e+00
 2.00001e+00
 2.00000e+00
 2.00000e+00
 2.00000e+00
 2.00000e+00
 2.00000e+00
 2.00000e+00
 2.00000e+00
 2.00000e+00
 2.00874e+00
 2.00271e+00
 2.00077e+00
 2.00020e+00
 2.00005e+00
 2.00001e+00
 2.00000e+00
 2.00000e+00
 2.00000e+00
 2.00000e+00
 2.00000e+00
 2.00000e+00
 2.00000e+00
 2.00000e+00
 2.00000e+00
 2.00247e+00
 2.00077e+00
 2.00022e+00
 2.00006e+00
 2.00001e+00
 2.00000e+00
 2.00000e+00
 2.00000e+00
 2.00000e+00
 2.00000e+00
 2.00000e+00
 2.00000e+00
 2.00000e+00
 2.00000e+00
 2.00000e+00
 2.00064e+00
 2.00020e+00
 2.00006e+00
 2.00002e+00
 2.00000e+00
 2.00000e+00
 2.00000e+00
 2.00000e+00
 2.00000e+00
 2.00000e+00
 2.00000e+00
 2.00000e+00
 2.00000e+00
 2.00000e+00
 2.00000e+00
 2.00015e+00
 2.00005e+00
 2.00001e+00
 2.00000e+00
 2.00000e+00
 2.00000e+00
 2.00000e+00
 2.00000e+00
 2.00000e+00
 2.00000e+00
 2.00000e+00
 2.00000e+00
 2.00000e+00
 2.00000e+00
 2.00000e+00
 2.00003e+00
 2.00001e+00
 2.00000e+00
 2.00000e+00
 2.00000e+00
 2.00000e+00
 2.00000e+00
 2.00000e+00
 2.00000e+00
 2.00000e+00
 2.00000e+00
 2.00000e+00
 2.00000e+00
 2.00000e+00
 2.00000e+00
 2.00001e+00
 2.00000e+00
 2.00000e+00
 2.00000e+00
 2.00000e+00
 2.00000e+00
 2.00000e+00
 2.00000e+00
 2.00000e+00
 2.00000e+00
 2.00000e+00
 2.00000e+00
 2.00000e+00
 2.00000e+00
 2.00000e+00
 2.00000e+00
 2.00000e+00
 2.00000e+00
 2.00000e+00
 2.00000e+00
 2.00000e+00
 2.00000e+00
 2.00000e+00
 2.00000e+00
 2.00000e+00
 2.00000e+00
 2.00000e+00
 2.00000e+00
 2.00000e+00
 2.00000e+00
 2.00000e+00
 2.00000e+00
 2.00000e+00
 2.00000e+00
 2.00000e+00
 2.00000e+00
 2.00000e+00
 2.00000e+00
 2.00000e+00
 2.00000e+00
 2.00000e+00
 2.00000e+00
 2.00000e+00
 2.00000e+00
 2.00000e+00
 2.00000e+00
 2.00000e+00
 2.00000e+00
 2.00000e+00
 2.00000e+00
 2.00000e+00
 2.00000e+00
 2.00000e+00
 2.00000e+00
 2.00000e+00
 2.00000e+00
 2.00000e+00
 2.00000e+00
 2.00000e+00
 2.00000e+00
 2.00000e+00
 2.00000e+00
 2.00000e+00
 2.00000e+00
 2.00000e+00
 2.00000e+00
 2.00000e+00
 2.00000e+00
 2.00000e+00
 2.00000e+00
 2.00000e+00
 2.00000e+00
 2.00000e+00
 2.00000e+00
 2.00000e+00
 2.00000e+00
 2.00000e+00
 2.00000e+00
 2.00000e+00
 2.00000e+00
 2.00000e+00
 2.00000e+00
 2.00000e+00
 2.00000e+00
 2.00000e+00
 2.00000e+00
 2.00000e+00
 2.00000e+00
 2.00000e+00
 2.00000e+00
 2.00000e+00
 2.00000e+00
 2.00000e+00
 2.00000e+00
 2.00000e+00
 2.00000e+00
 2.00000e+00
 2.00000e+00
 2.00000e+00
 2.00000e+00
 2.00000e+00
 2.00000e+00
 2.00000e+00
 2.00000e+00
 2.00000e+00
 2.00000e+00
 2.00000e+00
 2.00000e+00
 2.00000e+00
 2.00000e+00
 2.00000e+00
 2.00000e+00
 2.00000e+00
 2.00000e+00
 2.00000e+00
 2.00000e+00
 2.00000e+00
 2.00000e+00
 2.00000e+00
 2.00000e+00
 2.00000e+00
 2.00000e+00
 2.00000e+00
 2.00000e+00
 2.00000e+00
 2.00000e+00
 2.00000e+00
 2.00000e+00
 2.00000e+00
 2.00000e+00
 2.00000e+00
 2.00000e+00
 2.00000e+00
 2.00000e+00
 2.00000e+00
 2.02002e+00
 2.00660e+00
 2.00184e+00
 2.00049e+00
 2.00011e+00
 2.00002e+00
 2.00000e+00
 2.00000e+00
 2.00000e+00
 2.00000e+00
 2.00000e+00
 2.00000e+00
 2.00000e+00
 2.00000e+00
 2.00000e+00
 2.00660e+00
 2.00201e+00
 2.00058e+00
 2.00015e+00
 2.00004e+00
 2.00001e+00
 2.00000e+00
 2.00000e+00
 2.00000e+00
 2.00000e+00
 2.00000e+00
 2.00000e+00
 2.00000e+00
 2.00000e+00
 2.00000e+00
 2.00184e+00
 2.00058e+00
 2.00016e+00
 2.00004e+00
 2.00001e+00
 2.00000e+00
 2.00000e+00
 2.00000e+00
 2.00000e+00
 2.00000e+00
 2.00000e+00
 2.00000e+00
 2.00000e+00
 2.00000e+00
 2.00000e+00
 2.00049e+00
 2.00015e+00
 2.00004e+00
 2.00001e+00
 2.00000e+00
 2.00000e+00
 2.00000e+00
 2.00000e+00
 2.00000e+00
 2.00000e+00
 2.00000e+00
 2.00000e+00
 2.00000e+00
 2.00000e+00
 2.00000e+00
 2.00011e+00
 2.00004e+00
 2.00001e+00
 2.00000e+00
 2.00000e+00
 2.00000e+00
 2.00000e+00
 2.00000e+00
 2.00000e+00
 2.00000e+00
 2.00000e+00
 2.00000e+00
 2.00000e+00
 2.00000e+00
 2.00000e+00
 2.00002e+00
 2.00001e+00
 2.00000e+00
 2.00000e+00
 2.00000e+00
 2.00000e+00
 2.00000e+00
 2.00000e+00
 2.00000e+00
 2.00000e+00
 2.00000e+00
 2.00000e+00
 2.00000e+00
 2.00000e+00
 2.00000e+00
 2.00000e+00
 2.00000e+00
 2.00000e+00
 2.00000e+00
 2.00000e+00
 2.00000e+00
 2.00000e+00
 2.00000e+00
 2.00000e+00
 2.00000e+00
 2.00000e+00
 2.00000e+00
 2.00000e+00
 2.00000e+00
 2.00000e+00
 2.00000e+00
 2.00000e+00
 2.00000e+00
 2.00000e+00
 2.00000e+00
 2.00000e+00
 2.00000e+00
 2.00000e+00
 2.00000e+00
 2.00000e+00
 2.00000e+00
 2.00000e+00
 2.00000e+00
 2.00000e+00
 2.00000e+00
 2.00000e+00
 2.00000e+00
 2.00000e+00
 2.00000e+00
 2.00000e+00
 2.00000e+00
 2.00000e+00
 2.00000e+00
 2.00000e+00
 2.00000e+00
 2.00000e+00
 2.00000e+00
 2.00000e+00
 2.00000e+00
 2.00000e+00
 2.00000e+00
 2.00000e+00
 2.00000e+00
 2.00000e+00
 2.00000e+00
 2.00000e+00
 2.00000e+00
 2.00000e+00
 2.00000e+00
 2.00000e+00
 2.00000e+00
 2.00000e+00
 2.00000e+00
 2.00000e+00
 2.00000e+00
 2.00000e+00
 2.00000e+00
 2.00000e+00
 2.00000e+00
 2.00000e+00
 2.00000e+00
 2.00000e+00
 2.00000e+00
 2.00000e+00
 2.00000e+00
 2.00000e+00
 2.00000e+00
 2.00000e+00
 2.00000e+00
 2.00000e+00
 2.00000e+00
 2.00000e+00
 2.00000e+00
 2.00000e+00
 2.00000e+00
 2.00000e+00
 2.00000e+00
 2.00000e+00
 2.00000e+00
 2.00000e+00
 2.00000e+00
 2.00000e+00
 2.00000e+00
 2.00000e+00
 2.00000e+00
 2.00000e+00
 2.00000e+00
 2.00000e+00
 2.00000e+00
 2.00000e+00
 2.00000e+00
 2.00000e+00
 2.00000e+00
 2.00000e+00
 2.00000e+00
 2.00000e+00
 2.00000e+00
 2.00000e+00
 2.00000e+00
 2.00000e+00
 2.00000e+00
 2.00000e+00
 2.00000e+00
 2.00000e+00
 2.00000e+00
 2.00000e+00
 2.00000e+00
 2.00000e+00
 2.00000e+00
 2.00000e+00
 2.00000e+00
 2.00000e+00
 2.00000e+00
 2.00000e+00
 2.00000e+00
 2.00000e+00
 2.00000e+00
 2.00000e+00
 2.00000e+00
 2.00000e+00
 2.00000e+00
 2.00000e+00
 2.00000e+00
 2.00000e+00
 2.00000e+00
 2.00000e+00
 2.00000e+00
 2.00000e+00
 2.00000e+00
 2.00000e+00
 2.01412e+00
 2.00458e+00
 2.00128e+00
 2.00034e+00
 2.00008e+00
 2.00002e+00
 2.00000e+00
 2.00000e+00
 2.00000e+00
 2.00000e+00
 2.00000e+00
 2.00000e+00
 2.00000e+00
 2.00000e+00
 2.00000e+00
 2.00458e+00
 2.00139e+00
 2.00041e+00
 2.00010e+00
 2.00003e+00
 2.00001e+00
 2.00000e+00
 2.00000e+00
 2.00000e+00
 2.00000e+00
 2.00000e+00
 2.00000e+00
 2.00000e+00
 2.00000e+00
 2.00000e+00
 2.00128e+00
 2.00041e+00
 2.00011e+00
 2.00003e+00
 2.00001e+00
 2.00000e+00
 2.00000e+00
 2.00000e+00
 2.00000e+00
 2.00000e+00
 2.00000e+00
 2.00000e+00
 2.00000e+00
 2.00000e+00
 2.00000e+00
 2.00034e+00
 2.00010e+00
 2.00003e+00
 2.00001e+00
 2.00000e+00
 2.00000e+00
 2.00000e+00
 2.00000e+00
 2.00000e+00
 2.00000e+00
 2.00000e+00
 2.00000e+00
 2.00000e+00
 2.00000e+00
 2.00000e+00
 2.00008e+00
 2.00003e+00
 2.00001e+00
 2.00000e+00
 2.00000e+00
 2.00000e+00
 2.00000e+00
 2.00000e+00
 2.00000e+00
 2.00000e+00
 2.00000e+00
 2.00000e+00
 2.00000e+00
 2.00000e+00
 2.00000e+00
 2.00002e+00
 2.00001e+00
 2.00000e+00
 2.00000e+00
 2.00000e+00
 2.00000e+00
 2.00000e+00
 2.00000e+00
 2.00000e+00
 2.00000e+00
 2.00000e+00
 2.00000e+00
 2.00000e+00
 2.00000e+00
 2.00000e+00
 2.00000e+00
 2.00000e+00
 2.00000e+00
 2.00000e+00
 2.00000e+00
 2.00000e+00
 2.00000e+00
 2.00000e+00
 2.00000e+00
 2.00000e+00
 2.00000e+00
 2.00000e+00
 2.00000e+00
 2.00000e+00
 2.00000e+00
 2.00000e+00
 2.00000e+00
 2.00000e+00
 2.00000e+00
 2.00000e+00
 2.00000e+00
 2.00000e+00
 2.00000e+00
 2.00000e+00
 2.00000e+00
 2.00000e+00
 2.00000e+00
 2.00000e+00
 2.00000e+00
 2.00000e+00
 2.00000e+00
 2.00000e+00
 2.00000e+00
 2.00000e+00
 2.00000e+00
 2.00000e+00
 2.00000e+00
 2.00000e+00
 2.00000e+00
 2.00000e+00
 2.00000e+00
 2.00000e+00
 2.00000e+00
 2.00000e+00
 2.00000e+00
 2.00000e+00
 2.00000e+00
 2.00000e+00
 2.00000e+00
 2.00000e+00
 2.00000e+00
 2.00000e+00
 2.00000e+00
 2.00000e+00
 2.00000e+00
 2.00000e+00
 2.00000e+00
 2.00000e+00
 2.00000e+00
 2.00000e+00
 2.00000e+00
 2.00000e+00
 2.00000e+00
 2.00000e+00
 2.00000e+00
 2.00000e+00
 2.00000e+00
 2.00000e+00
 2.00000e+00
 2.00000e+00
 2.00000e+00
 2.00000e+00
 2.00000e+00
 2.00000e+00
 2.00000e+00
 2.00000e+00
 2.00000e+00
 2.00000e+00
 2.00000e+00
 2.00000e+00
 2.00000e+00
 2.00000e+00
 2.00000e+00
 2.00000e+00
 2.00000e+00
 2.00000e+00
 2.00000e+00
 2.00000e+00
 2.00000e+00
 2.00000e+00
 2.00000e+00
 2.00000e+00
 2.00000e+00
 2.00000e+00
 2.00000e+00
 2.00000e+00
 2.00000e+00
 2.00000e+00
 2.00000e+00
 2.00000e+00
 2.00000e+00
 2.00000e+00
 2.00000e+00
 2.00000e+00
 2.00000e+00
 2.00000e+00
 2.00000e+00
 2.00000e+00
 2.00000e+00
 2.00000e+00
 2.00000e+00
 2.00000e+00
 2.00000e+00
 2.00000e+00
 2.00000e+00
 2.00000e+00
 2.00000e+00
 2.00000e+00
 2.00000e+00
 2.00000e+00
 2.00000e+00
 2.00000e+00
 2.00000e+00
 2.00000e+00
 2.00000e+00
 2.00000e+00
 2.00000e+00
 2.00000e+00
 2.00000e+00
 2.00000e+00
 2.00000e+00
 2.00000e+00
 2.00000e+00
 2.00000e+00
 2.00000e+00
 2.00933e+00
 2.00297e+00
 2.00084e+00
 2.00023e+00
 2.00005e+00
 2.00001e+00
 2.00000e+00
 2.00000e+00
 2.00000e+00
 2.00000e+00
 2.00000e+00
 2.00000e+00
 2.00000e+00
 2.00000e+00
 2.00000e+00
 2.00297e+00
 2.00092e+00
 2.00027e+00
 2.00007e+00
 2.00002e+00
 2.00000e+00
 2.00000e+00
 2.00000e+00
 2.00000e+00
 2.00000e+00
 2.00000e+00
 2.00000e+00
 2.00000e+00
 2.00000e+00
 2.00000e+00
 2.00084e+00
 2.00027e+00
 2.00008e+00
 2.00002e+00
 2.00000e+00
 2.00000e+00
 2.00000e+00
 2.00000e+00
 2.00000e+00
 2.00000e+00
 2.00000e+00
 2.00000e+00
 2.00000e+00
 2.00000e+00
 2.00000e+00
 2.00023e+00
 2.00007e+00
 2.00002e+00
 2.00001e+00
 2.00000e+00
 2.00000e+00
 2.00000e+00
 2.00000e+00
 2.00000e+00
 2.00000e+00
 2.00000e+00
 2.00000e+00
 2.00000e+00
 2.00000e+00
 2.00000e+00
 2.00005e+00
 2.00002e+00
 2.00000e+00
 2.00000e+00
 2.00000e+00
 2.00000e+00
 2.00000e+00
 2.00000e+00
 2.00000e+00
 2.00000e+00
 2.00000e+00
 2.00000e+00
 2.00000e+00
 2.00000e+00
 2.00000e+00
 2.00001e+00
 2.00000e+00
 2.00000e+00
 2.00000e+00
 2.00000e+00
 2.00000e+00
 2.00000e+00
 2.00000e+00
 2.00000e+00
 2.00000e+00
 2.00000e+00
 2.00000e+00
 2.00000e+00
 2.00000e+00
 2.00000e+00
 2.00000e+00
 2.00000e+00
 2.00000e+00
 2.00000e+00
 2.00000e+00
 2.00000e+00
 2.00000e+00
 2.00000e+00
 2.00000e+00
 2.00000e+00
 2.00000e+00
 2.00000e+00
 2.00000e+00
 2.00000e+00
 2.00000e+00
 2.00000e+00
 2.00000e+00
 2.00000e+00
 2.00000e+00
 2.00000e+00
 2.00000e+00
 2.00000e+00
 2.00000e+00
 2.00000e+00
 2.00000e+00
 2.00000e+00
 2.00000e+00
 2.00000e+00
 2.00000e+00
 2.00000e+00
 2.00000e+00
 2.00000e+00
 2.00000e+00
 2.00000e+00
 2.00000e+00
 2.00000e+00
 2.00000e+00
 2.00000e+00
 2.00000e+00
 2.00000e+00
 2.00000e+00
 2.00000e+00
 2.00000e+00
 2.00000e+00
 2.00000e+00
 2.00000e+00
 2.00000e+00
 2.00000e+00
 2.00000e+00
 2.00000e+00
 2.00000e+00
 2.00000e+00
 2.00000e+00
 2.00000e+00
 2.00000e+00
 2.00000e+00
 2.00000e+00
 2.00000e+00
 2.00000e+00
 2.00000e+00
 2.00000e+00
 2.00000e+00
 2.00000e+00
 2.00000e+00
 2.00000e+00
 2.00000e+00
 2.00000e+00
 2.00000e+00
 2.00000e+00
 2.00000e+00
 2.00000e+00
 2.00000e+00
 2.00000e+00
 2.00000e+00
 2.00000e+00
 2.00000e+00
 2.00000e+00
 2.00000e+00
 2.00000e+00
 2.00000e+00
 2.00000e+00
 2.00000e+00
 2.00000e+00
 2.00000e+00
 2.00000e+00
 2.00000e+00
 2.00000e+00
 2.00000e+00
 2.00000e+00
 2.00000e+00
 2.00000e+00
 2.00000e+00
 2.00000e+00
 2.00000e+00
 2.00000e+00
 2.00000e+00
 2.00000e+00
 2.00000e+00
 2.00000e+00
 2.00000e+00
 2.00000e+00
 2.00000e+00
 2.00000e+00
 2.00000e+00
 2.00000e+00
 2.00000e+00
 2.00000e+00
 2.00000e+00
 2.00000e+00
 2.00000e+00
 2.00000e+00
 2.00000e+00
 2.00000e+00
 2.00000e+00
 2.00000e+00
 2.00000e+00
 2.00000e+00
 2.00000e+00
 2.00000e+00
 2.00000e+00
 2.00000e+00
 2.00000e+00
 2.00000e+00
 2.00000e+00
 2.00000e+00
 2.00000e+00
 2.00000e+00
 2.00000e+00
 2.00000e+00
 2.00000e+00
 2.00000e+00
 2.00000e+00
 2.00000e+00
 2.00000e+00
 2.00000e+00
 2.00577e+00
 2.00180e+00
 2.00052e+00
 2.00014e+00
 2.00003e+00
 2.00001e+00
 2.00000e+00
 2.00000e+00
 2.00000e+00
 2.00000e+00
 2.00000e+00
 2.00000e+00
 2.00000e+00
 2.00000e+00
 2.00000e+00
 2.00180e+00
 2.00057e+00
 2.00016e+00
 2.00004e+00
 2.00001e+00
 2.00000e+00
 2.00000e+00
 2.00000e+00
 2.00000e+00
 2.00000e+00
 2.00000e+00
 2.00000e+00
 2.00000e+00
 2.00000e+00
 2.00000e+00
 2.00052e+00
 2.00016e+00
 2.00005e+00
 2.00001e+00
 2.00000e+00
 2.00000e+00
 2.00000e+00
 2.00000e+00
 2.00000e+00
 2.00000e+00
 2.00000e+00
 2.00000e+00
 2.00000e+00
 2.00000e+00
 2.00000e+00
 2.00014e+00
 2.00004e+00
 2.00001e+00
 2.00000e+00
 2.00000e+00
 2.00000e+00
 2.00000e+00
 2.00000e+00
 2.00000e+00
 2.00000e+00
 2.00000e+00
 2.00000e+00
 2.00000e+00
 2.00000e+00
 2.00000e+00
 2.00003e+00
 2.00001e+00
 2.00000e+00
 2.00000e+00
 2.00000e+00
 2.00000e+00
 2.00000e+00
 2.00000e+00
 2.00000e+00
 2.00000e+00
 2.00000e+00
 2.00000e+00
 2.00000e+00
 2.00000e+00
 2.00000e+00
 2.00001e+00
 2.00000e+00
 2.00000e+00
 2.00000e+00
 2.00000e+00
 2.00000e+00
 2.00000e+00
 2.00000e+00
 2.00000e+00
 2.00000e+00
 2.00000e+00
 2.00000e+00
 2.00000e+00
 2.00000e+00
 2.00000e+00
 2.00000e+00
 2.00000e+00
 2.00000e+00
 2.00000e+00
 2.00000e+00
 2.00000e+00
 2.00000e+00
 2.00000e+00
 2.00000e+00
 2.00000e+00
 2.00000e+00
 2.00000e+00
 2.00000e+00
 2.00000e+00
 2.00000e+00
 2.00000e+00
 2.00000e+00
 2.00000e+00
 2.00000e+00
 2.00000e+00
 2.00000e+00
 2.00000e+00
 2.00000e+00
 2.00000e+00
 2.00000e+00
 2.00000e+00
 2.00000e+00
 2.00000e+00
 2.00000e+00
 2.00000e+00
 2.00000e+00
 2.00000e+00
 2.00000e+00
 2.00000e+00
 2.00000e+00
 2.00000e+00
 2.00000e+00
 2.00000e+00
 2.00000e+00
 2.00000e+00
 2.00000e+00
 2.00000e+00
 2.00000e+00
 2.00000e+00
 2.00000e+00
 2.00000e+00
 2.00000e+00
 2.00000e+00
 2.00000e+00
 2.00000e+00
 2.00000e+00
 2.00000e+00
 2.00000e+00
 2.00000e+00
 2.00000e+00
 2.00000e+00
 2.00000e+00
 2.00000e+00
 2.00000e+00
 2.00000e+00
 2.00000e+00
 2.00000e+00
 2.00000e+00
 2.00000e+00
 2.00000e+00
 2.00000e+00
 2.00000e+00
 2.00000e+00
 2.00000e+00
 2.00000e+00
 2.00000e+00
 2.00000e+00
 2.00000e+00
 2.00000e+00
 2.00000e+00
 2.00000e+00
 2.00000e+00
 2.00000e+00
 2.00000e+00
 2.00000e+00
 2.00000e+00
 2.00000e+00
 2.00000e+00
 2.00000e+00
 2.00000e+00
 2.00000e+00
 2.00000e+00
 2.00000e+00
 2.00000e+00
 2.00000e+00
 2.00000e+00
 2.00000e+00
 2.00000e+00
 2.00000e+00
 2.00000e+00
 2.00000e+00
 2.00000e+00
 2.00000e+00
 2.00000e+00
 2.00000e+00
 2.00000e+00
 2.00000e+00
 2.00000e+00
 2.00000e+00
 2.00000e+00
 2.00000e+00
 2.00000e+00
 2.00000e+00
 2.00000e+00
 2.00000e+00
 2.00000e+00
 2.00000e+00
 2.00000e+00
 2.00000e+00
 2.00000e+00
 2.00000e+00
 2.00000e+00
 2.00000e+00
 2.00000e+00
 2.00000e+00
 2.00000e+00
 2.00000e+00
 2.00000e+00
 2.00000e+00
 2.00000e+00
 2.00000e+00
 2.00000e+00
 2.00000e+00
 2.00000e+00
 2.00000e+00
 2.00000e+00
 2.00000e+00
 2.00000e+00
 2.00000e+00
 2.00000e+00
 2.00331e+00
 2.00104e+00
 2.00030e+00
 2.00008e+00
 2.00002e+00
 2.00000e+00
 2.00000e+00
 2.00000e+00
 2.00000e+00
 2.00000e+00
 2.00000e+00
 2.00000e+00
 2.00000e+00
 2.00000e+00
 2.00000e+00
 2.00104e+00
 2.00033e+00
 2.00010e+00
 2.00003e+00
 2.00001e+00
 2.00000e+00
 2.00000e+00
 2.00000e+00
 2.00000e+00
 2.00000e+00
 2.00000e+00
 2.00000e+00
 2.00000e+00
 2.00000e+00
 2.00000e+00
 2.00030e+00
 2.00010e+00
 2.00003e+00
 2.00001e+00
 2.00000e+00
 2.00000e+00
 2.00000e+00
 2.00000e+00
 2.00000e+00
 2.00000e+00
 2.00000e+00
 2.00000e+00
 2.00000e+00
 2.00000e+00
 2.00000e+00
 2.00008e+00
 2.00003e+00
 2.00001e+00
 2.00000e+00
 2.00000e+00
 2.00000e+00
 2.00000e+00
 2.00000e+00
 2.00000e+00
 2.00000e+00
 2.00000e+00
 2.00000e+00
 2.00000e+00
 2.00000e+00
 2.00000e+00
 2.00002e+00
 2.00001e+00
 2.00000e+00
 2.00000e+00
 2.00000e+00
 2.00000e+00
 2.00000e+00
 2.00000e+00
 2.00000e+00
 2.00000e+00
 2.00000e+00
 2.00000e+00
 2.00000e+00
 2.00000e+00
 2.00000e+00
 2.00000e+00
 2.00000e+00
 2.00000e+00
 2.00000e+00
 2.00000e+00
 2.00000e+00
 2.00000e+00
 2.00000e+00
 2.00000e+00
 2.00000e+00
 2.00000e+00
 2.00000e+00
 2.00000e+00
 2.00000e+00
 2.00000e+00
 2.00000e+00
 2.00000e+00
 2.00000e+00
 2.00000e+00
 2.00000e+00
 2.00000e+00
 2.00000e+00
 2.00000e+00
 2.00000e+00
 2.00000e+00
 2.00000e+00
 2.00000e+00
 2.00000e+00
 2.00000e+00
 2.00000e+00
 2.00000e+00
 2.00000e+00
 2.00000e+00
 2.00000e+00
 2.00000e+00
 2.00000e+00
 2.00000e+00
 2.00000e+00
 2.00000e+00
 2.00000e+00
 2.00000e+00
 2.00000e+00
 2.00000e+00
 2.00000e+00
 2.00000e+00
 2.00000e+00
 2.00000e+00
 2.00000e+00
 2.00000e+00
 2.00000e+00
 2.00000e+00
 2.00000e+00
 2.00000e+00
 2.00000e+00
 2.00000e+00
 2.00000e+00
 2.00000e+00
 2.00000e+00
 2.00000e+00
 2.00000e+00
 2.00000e+00
 2.00000e+00
 2.00000e+00
 2.00000e+00
 2.00000e+00
 2.00000e+00
 2.00000e+00
 2.00000e+00
 2.00000e+00
 2.00000e+00
 2.00000e+00
 2.00000e+00
 2.00000e+00
 2.00000e+00
 2.00000e+00
 2.00000e+00
 2.00000e+00
 2.00000e+00
 2.00000e+00
 2.00000e+00
 2.00000e+00
 2.00000e+00
 2.00000e+00
 2.00000e+00
 2.00000e+00
 2.00000e+00
 2.00000e+00
 2.00000e+00
 2.00000e+00
 2.00000e+00
 2.00000e+00
 2.00000e+00
 2.00000e+00
 2.00000e+00
 2.00000e+00
 2.00000e+00
 2.00000e+00
 2.00000e+00
 2.00000e+00
 2.00000e+00
 2.00000e+00
 2.00000e+00
 2.00000e+00
 2.00000e+00
 2.00000e+00
 2.00000e+00
 2.00000e+00
 2.00000e+00
 2.00000e+00
 2.00000e+00
 2.00000e+00
 2.00000e+00
 2.00000e+00
 2.00000e+00
 2.00000e+00
 2.00000e+00
 2.00000e+00
 2.00000e+00
 2.00000e+00
 2.00000e+00
 2.00000e+00
 2.00000e+00
 2.00000e+00
 2.00000e+00
 2.00000e+00
 2.00000e+00
 2.00000e+00
 2.00000e+00
 2.00000e+00
 2.00000e+00
 2.00000e+00
 2.00000e+00
 2.00000e+00
 2.00000e+00
 2.00000e+00
 2.00000e+00
 2.00000e+00
 2.00000e+00
 2.00000e+00
 2.00000e+00
 2.00000e+00
 2.00000e+00
 2.00000e+00
 2.00000e+00
 2.00000e+00
 2.00000e+00
 2.00000e+00
 2.00000e+00
 2.00000e+00
 2.00000e+00
 2.00180e+00
 2.00056e+00
 2.00017e+00
 2.00004e+00
 2.00001e+00
 2.00000e+00
 2.00000e+00
 2.00000e+00
 2.00000e+00
 2.00000e+00
 2.00000e+00
 2.00000e+00
 2.00000e+00
 2.00000e+00
 2.00000e+00
 2.00056e+00
 2.00018e+00
 2.00005e+00
 2.00001e+00
 2.00000e+00
 2.00000e+00
 2.00000e+00
 2.00000e+00
 2.00000e+00
 2.00000e+00
 2.00000e+00
 2.00000e+00
 2.00000e+00
 2.00000e+00
 2.00000e+00
 2.00017e+00
 2.00005e+00
 2.00002e+00
 2.00000e+00
 2.00000e+00
 2.00000e+00
 2.00000e+00
 2.00000e+00
 2.00000e+00
 2.00000e+00
 2.00000e+00
 2.00000e+00
 2.00000e+00
 2.00000e+00
 2.00000e+00
 2.00004e+00
 2.00001e+00
 2.00000e+00
 2.00000e+00
 2.00000e+00
 2.00000e+00
 2.00000e+00
 2.00000e+00
 2.00000e+00
 2.00000e+00
 2.00000e+00
 2.00000e+00
 2.00000e+00
 2.00000e+00
 2.00000e+00
 2.00001e+00
 2.00000e+00
 2.00000e+00
 2.00000e+00
 2.00000e+00
 2.00000e+00
 2.00000e+00
 2.00000e+00
 2.00000e+00
 2.00000e+00
 2.00000e+00
 2.00000e+00
 2.00000e+00
 2.00000e+00
 2.00000e+00
 2.00000e+00
 2.00000e+00
 2.00000e+00
 2.00000e+00
 2.00000e+00
 2.00000e+00
 2.00000e+00
 2.00000e+00
 2.00000e+00
 2.00000e+00
 2.00000e+00
 2.00000e+00
 2.00000e+00
 2.00000e+00
 2.00000e+00
 2.00000e+00
 2.00000e+00
 2.00000e+00
 2.00000e+00
 2.00000e+00
 2.00000e+00
 2.00000e+00
 2.00000e+00
 2.00000e+00
 2.00000e+00
 2.00000e+00
 2.00000e+00
 2.00000e+00
 2.00000e+00
 2.00000e+00
 2.00000e+00
 2.00000e+00
 2.00000e+00
 2.00000e+00
 2.00000e+00
 2.00000e+00
 2.00000e+00
 2.00000e+00
 2.00000e+00
 2.00000e+00
 2.00000e+00
 2.00000e+00
 2.00000e+00
 2.00000e+00
 2.00000e+00
 2.00000e+00
 2.00000e+00
 2.00000e+00
 2.00000e+00
 2.00000e+00
 2.00000e+00
 2.00000e+00
 2.00000e+00
 2.00000e+00
 2.00000e+00
 2.00000e+00
 2.00000e+00
 2.00000e+00
 2.00000e+00
 2.00000e+00
 2.00000e+00
 2.00000e+00
 2.00000e+00
 2.00000e+00
 2.00000e+00
 2.00000e+00
 2.00000e+00
 2.00000e+00
 2.00000e+00
 2.00000e+00
 2.00000e+00
 2.00000e+00
 2.00000e+00
 2.00000e+00
 2.00000e+00
 2.00000e+00
 2.00000e+00
 2.00000e+00
 2.00000e+00
 2.00000e+00
 2.00000e+00
 2.00000e+00
 2.00000e+00
 2.00000e+00
 2.00000e+00
 2.00000e+00
 2.00000e+00
 2.00000e+00
 2.00000e+00
 2.00000e+00
 2.00000e+00
 2.00000e+00
 2.00000e+00
 2.00000e+00
 2.00000e+00
 2.00000e+00
 2.00000e+00
 2.00000e+00
 2.00000e+00
 2.00000e+00
 2.00000e+00
 2.00000e+00
 2.00000e+00
 2.00000e+00
 2.00000e+00
 2.00000e+00
 2.00000e+00
 2.00000e+00
 2.00000e+00
 2.00000e+00
 2.00000e+00
 2.00000e+00
 2.00000e+00
 2.00000e+00
 2.00000e+00
 2.00000e+00
 2.00000e+00
 2.00000e+00
 2.00000e+00
 2.00000e+00
 2.00000e+00
 2.00000e+00
 2.00000e+00
 2.00000e+00
 2.00000e+00
 2.00000e+00
 2.00000e+00
 2.00000e+00
 2.00000e+00
 2.00000e+00
 2.00000e+00
 2.00000e+00
 2.00000e+00
 2.00000e+00
 2.00000e+00
 2.00000e+00
 2.00000e+00
 2.00000e+00
 2.00000e+00
 2.00000e+00
 2.00000e+00
 2.00000e+00
 2.00000e+00
 2.00000e+00
 2.00000e+00
 2.00000e+00
 2.00000e+00
 2.00000e+00
 2.00000e+00
 2.00000e+00
 2.00090e+00
 2.00029e+00
 2.00009e+00
 2.00002e+00
 2.00001e+00
 2.00000e+00
 2.00000e+00
 2.00000e+00
 2.00000e+00
 2.00000e+00
 2.00000e+00
 2.00000e+00
 2.00000e+00
 2.00000e+00
 2.00000e+00
 2.00029e+00
 2.00009e+00
 2.00003e+00
 2.00001e+00
 2.00000e+00
 2.00000e+00
 2.00000e+00
 2.00000e+00
 2.00000e+00
 2.00000e+00
 2.00000e+00
 2.00000e+00
 2.00000e+00
 2.00000e+00
 2.00000e+00
 2.00009e+00
 2.00003e+00
 2.00001e+00
 2.00000e+00
 2.00000e+00
 2.00000e+00
 2.00000e+00
 2.00000e+00
 2.00000e+00
 2.00000e+00
 2.00000e+00
 2.00000e+00
 2.00000e+00
 2.00000e+00
 2.00000e+00
 2.00002e+00
 2.00001e+00
 2.00000e+00
 2.00000e+00
 2.00000e+00
 2.00000e+00
 2.00000e+00
 2.00000e+00
 2.00000e+00
 2.00000e+00
 2.00000e+00
 2.00000e+00
 2.00000e+00
 2.00000e+00
 2.00000e+00
 2.00001e+00
 2.00000e+00
 2.00000e+00
 2.00000e+00
 2.00000e+00
 2.00000e+00
 2.00000e+00
 2.00000e+00
 2.00000e+00
 2.00000e+00
 2.00000e+00
 2.00000e+00
 2.00000e+00
 2.00000e+00
 2.00000e+00
 2.00000e+00
 2.00000e+00
 2.00000e+00
 2.00000e+00
 2.00000e+00
 2.00000e+00
 2.00000e+00
 2.00000e+00
 2.00000e+00
 2.00000e+00
 2.00000e+00
 2.00000e+00
 2.00000e+00
 2.00000e+00
 2.00000e+00
 2.00000e+00
 2.00000e+00
 2.00000e+00
 2.00000e+00
 2.00000e+00
 2.00000e+00
 2.00000e+00
 2.00000e+00
 2.00000e+00
 2.00000e+00
 2.00000e+00
 2.00000e+00
 2.00000e+00
 2.00000e+00
 2.00000e+00
 2.00000e+00
 2.00000e+00
 2.00000e+00
 2.00000e+00
 2.00000e+00
 2.00000e+00
 2.00000e+00
 2.00000e+00
 2.00000e+00
 2.00000e+00
 2.00000e+00
 2.00000e+00
 2.00000e+00
 2.00000e+00
 2.00000e+00
 2.00000e+00
 2.00000e+00
 2.00000e+00
 2.00000e+00
 2.00000e+00
 2.00000e+00
 2.00000e+00
 2.00000e+00
 2.00000e+00
 2.00000e+00
 2.00000e+00
 2.00000e+00
 2.00000e+00
 2.00000e+00
 2.00000e+00
 2.00000e+00
 2.00000e+00
 2.00000e+00
 2.00000e+00
 2.00000e+00
 2.00000e+00
 2.00000e+00
 2.00000e+00
 2.00000e+00
 2.00000e+00
 2.00000e+00
 2.00000e+00
 2.00000e+00
 2.00000e+00
 2.00000e+00
 2.00000e+00
 2.00000e+00
 2.00000e+00
 2.00000e+00
 2.00000e+00
 2.00000e+00
 2.00000e+00
 2.00000e+00
 2.00000e+00
 2.00000e+00
 2.00000e+00
 2.00000e+00
 2.00000e+00
 2.00000e+00
 2.00000e+00
 2.00000e+00
 2.00000e+00
 2.00000e+00
 2.00000e+00
 2.00000e+00
 2.00000e+00
 2.00000e+00
 2.00000e+00
 2.00000e+00
 2.00000e+00
 2.00000e+00
 2.00000e+00
 2.00000e+00
 2.00000e+00
 2.00000e+00
 2.00000e+00
 2.00000e+00
 2.00000e+00
 2.00000e+00
 2.00000e+00
 2.00000e+00
 2.00000e+00
 2.00000e+00
 2.00000e+00
 2.00000e+00
 2.00000e+00
 2.00000e+00
 2.00000e+00
 2.00000e+00
 2.00000e+00
 2.00000e+00
 2.00000e+00
 2.00000e+00
 2.00000e+00
 2.00000e+00
 2.00000e+00
 2.00000e+00
 2.00000e+00
 2.00000e+00
 2.00000e+00
 2.00000e+00
 2.00000e+00
 2.00000e+00
 2.00000e+00
 2.00000e+00
 2.00000e+00
 2.00000e+00
 2.00000e+00
 2.00000e+00
 2.00000e+00
 2.00000e+00
 2.00000e+00
 2.00000e+00
 2.00000e+00
 2.00000e+00
 2.00000e+00
 2.00000e+00
 2.00000e+00
 2.00000e+00
 2.00000e+00
 2.00043e+00
 2.00014e+00
 2.00004e+00
 2.00001e+00
 2.00000e+00
 2.00000e+00
 2.00000e+00
 2.00000e+00
 2.00000e+00
 2.00000e+00
 2.00000e+00
 2.00000e+00
 2.00000e+00
 2.00000e+00
 2.00000e+00
 2.00014e+00
 2.00004e+00
 2.00001e+00
 2.00000e+00
 2.00000e+00
 2.00000e+00
 2.00000e+00
 2.00000e+00
 2.00000e+00
 2.00000e+00
 2.00000e+00
 2.00000e+00
 2.00000e+00
 2.00000e+00
 2.00000e+00
 2.00004e+00
 2.00001e+00
 2.00000e+00
 2.00000e+00
 2.00000e+00
 2.00000e+00
 2.00000e+00
 2.00000e+00
 2.00000e+00
 2.00000e+00
 2.00000e+00
 2.00000e+00
 2.00000e+00
 2.00000e+00
 2.00000e+00
 2.00001e+00
 2.00000e+00
 2.00000e+00
 2.00000e+00
 2.00000e+00
 2.00000e+00
 2.00000e+00
 2.00000e+00
 2.00000e+00
 2.00000e+00
 2.00000e+00
 2.00000e+00
 2.00000e+00
 2.00000e+00
 2.00000e+00
 2.00000e+00
 2.00000e+00
 2.00000e+00
 2.00000e+00
 2.00000e+00
 2.00000e+00
 2.00000e+00
 2.00000e+00
 2.00000e+00
 2.00000e+00
 2.00000e+00
 2.00000e+00
 2.00000e+00
 2.00000e+00
 2.00000e+00
 2.00000e+00
 2.00000e+00
 2.00000e+00
 2.00000e+00
 2.00000e+00
 2.00000e+00
 2.00000e+00
 2.00000e+00
 2.00000e+00
 2.00000e+00
 2.00000e+00
 2.00000e+00
 2.00000e+00
 2.00000e+00
 2.00000e+00
 2.00000e+00
 2.00000e+00
 2.00000e+00
 2.00000e+00
 2.00000e+00
 2.00000e+00
 2.00000e+00
 2.00000e+00
 2.00000e+00
 2.00000e+00
 2.00000e+00
 2.00000e+00
 2.00000e+00
 2.00000e+00
 2.00000e+00
 2.00000e+00
 2.00000e+00
 2.00000e+00
 2.00000e+00
 2.00000e+00
 2.00000e+00
 2.00000e+00
 2.00000e+00
 2.00000e+00
 2.00000e+00
 2.00000e+00
 2.00000e+00
 2.00000e+00
 2.00000e+00
 2.00000e+00
 2.00000e+00
 2.00000e+00
 2.00000e+00
 2.00000e+00
 2.00000e+00
 2.00000e+00
 2.00000e+00
 2.00000e+00
 2.00000e+00
 2.00000e+00
 2.00000e+00
 2.00000e+00
 2.00000e+00
 2.00000e+00
 2.00000e+00
 2.00000e+00
 2.00000e+00
 2.00000e+00
 2.00000e+00
 2.00000e+00
 2.00000e+00
 2.00000e+00
 2.00000e+00
 2.00000e+00
 2.00000e+00
 2.00000e+00
 2.00000e+00
 2.00000e+00
 2.00000e+00
 2.00000e+00
 2.00000e+00
 2.00000e+00
 2.00000e+00
 2.00000e+00
 2.00000e+00
 2.00000e+00
 2.00000e+00
 2.00000e+00
 2.00000e+00
 2.00000e+00
 2.00000e+00
 2.00000e+00
 2.00000e+00
 2.00000e+00
 2.00000e+00
 2.00000e+00
 2.00000e+00
 2.00000e+00
 2.00000e+00
 2.00000e+00
 2.00000e+00
 2.00000e+00
 2.00000e+00
 2.00000e+00
 2.00000e+00
 2.00000e+00
 2.00000e+00
 2.00000e+00
 2.00000e+00
 2.00000e+00
 2.00000e+00
 2.00000e+00
 2.00000e+00
 2.00000e+00
 2.00000e+00
 2.00000e+00
 2.00000e+00
 2.00000e+00
 2.00000e+00
 2.00000e+00
 2.00000e+00
 2.00000e+00
 2.00000e+00
 2.00000e+00
 2.00000e+00
 2.00000e+00
 2.00000e+00
 2.00000e+00
 2.00000e+00
 2.00000e+00
 2.00000e+00
 2.00000e+00
 2.00000e+00
 2.00000e+00
 2.00000e+00
 2.00000e+00
 2.00000e+00
 2.00000e+00
 2.00000e+00
 2.00000e+00
 2.00000e+00
 2.00000e+00
 2.00000e+00
 2.00000e+00
 2.00000e+00
 2.00000e+00
 2.00000e+00
 2.00000e+00
 2.00000e+00
 2.00000e+00
 2.00000e+00
 2.00000e+00
 2.00000e+00
 2.00000e+00
 2.00000e+00
 2.00019e+00
 2.00006e+00
 2.00002e+00
 2.00001e+00
 2.00000e+00
 2.00000e+00
 2.00000e+00
 2.00000e+00
 2.00000e+00
 2.00000e+00
 2.00000e+00
 2.00000e+00
 2.00000e+00
 2.00000e+00
 2.00000e+00
 2.00006e+00
 2.00002e+00
 2.00001e+00
 2.00000e+00
 2.00000e+00
 2.00000e+00
 2.00000e+00
 2.00000e+00
 2.00000e+00
 2.00000e+00
 2.00000e+00
 2.00000e+00
 2.00000e+00
 2.00000e+00
 2.00000e+00
 2.00002e+00
 2.00001e+00
 2.00000e+00
 2.00000e+00
 2.00000e+00
 2.00000e+00
 2.00000e+00
 2.00000e+00
 2.00000e+00
 2.00000e+00
 2.00000e+00
 2.00000e+00
 2.00000e+00
 2.00000e+00
 2.00000e+00
 2.00001e+00
 2.00000e+00
 2.00000e+00
 2.00000e+00
 2.00000e+00
 2.00000e+00
 2.00000e+00
 2.00000e+00
 2.00000e+00
 2.00000e+00
 2.00000e+00
 2.00000e+00
 2.00000e+00
 2.00000e+00
 2.00000e+00
 2.00000e+00
 2.00000e+00
 2.00000e+00
 2.00000e+00
 2.00000e+00
 2.00000e+00
 2.00000e+00
 2.00000e+00
 2.00000e+00
 2.00000e+00
 2.00000e+00
 2.00000e+00
 2.00000e+00
 2.00000e+00
 2.00000e+00
 2.00000e+00
 2.00000e+00
 2.00000e+00
 2.00000e+00
 2.00000e+00
 2.00000e+00
 2.00000e+00
 2.00000e+00
 2.00000e+00
 2.00000e+00
 2.00000e+00
 2.00000e+00
 2.00000e+00
 2.00000e+00
 2.00000e+00
 2.00000e+00
 2.00000e+00
 2.00000e+00
 2.00000e+00
 2.00000e+00
 2.00000e+00
 2.00000e+00
 2.00000e+00
 2.00000e+00
 2.00000e+00
 2.00000e+00
 2.00000e+00
 2.00000e+00
 2.00000e+00
 2.00000e+00
 2.00000e+00
 2.00000e+00
 2.00000e+00
 2.00000e+00
 2.00000e+00
 2.00000e+00
 2.00000e+00
 2.00000e+00
 2.00000e+00
 2.00000e+00
 2.00000e+00
 2.00000e+00
 2.00000e+00
 2.00000e+00
 2.00000e+00
 2.00000e+00
 2.00000e+00
 2.00000e+00
 2.00000e+00
 2.00000e+00
 2.00000e+00
 2.00000e+00
 2.00000e+00
 2.00000e+00
 2.00000e+00
 2.00000e+00
 2.00000e+00
 2.00000e+00
 2.00000e+00
 2.00000e+00
 2.00000e+00
 2.00000e+00
 2.00000e+00
 2.00000e+00
 2.00000e+00
 2.00000e+00
 2.00000e+00
 2.00000e+00
 2.00000e+00
 2.00000e+00
 2.00000e+00
 2.00000e+00
 2.00000e+00
 2.00000e+00
 2.00000e+00
 2.00000e+00
 2.00000e+00
 2.00000e+00
 2.00000e+00
 2.00000e+00
 2.00000e+00
 2.00000e+00
 2.00000e+00
 2.00000e+00
 2.00000e+00
 2.00000e+00
 2.00000e+00
 2.00000e+00
 2.00000e+00
 2.00000e+00
 2.00000e+00
 2.00000e+00
 2.00000e+00
 2.00000e+00
 2.00000e+00
 2.00000e+00
 2.00000e+00
 2.00000e+00
 2.00000e+00
 2.00000e+00
 2.00000e+00
 2.00000e+00
 2.00000e+00
 2.00000e+00
 2.00000e+00
 2.00000e+00
 2.00000e+00
 2.00000e+00
 2.00000e+00
 2.00000e+00
 2.00000e+00
 2.00000e+00
 2.00000e+00
 2.00000e+00
 2.00000e+00
 2.00000e+00
 2.00000e+00
 2.00000e+00
 2.00000e+00
 2.00000e+00
 2.00000e+00
 2.00000e+00
 2.00000e+00
 2.00000e+00
 2.00000e+00
 2.00000e+00
 2.00000e+00
 2.00000e+00
 2.00000e+00
 2.00000e+00
 2.00000e+00
 2.00000e+00
 2.00000e+00
 2.00000e+00
 2.00000e+00
 2.00000e+00
 2.00000e+00
 2.00000e+00
 2.00000e+00
 2.00000e+00
 2.00000e+00
 2.00000e+00
 2.00000e+00
 2.00000e+00
 2.00000e+00
 2.00000e+00
 2.00000e+00
 2.00000e+00
 2.00000e+00
 2.00000e+00
 2.00008e+00
 2.00003e+00
 2.00001e+00
 2.00000e+00
 2.00000e+00
 2.00000e+00
 2.00000e+00
 2.00000e+00
 2.00000e+00
 2.00000e+00
 2.00000e+00
 2.00000e+00
 2.00000e+00
 2.00000e+00
 2.00000e+00
 2.00003e+00
 2.00001e+00
 2.00000e+00
 2.00000e+00
 2.00000e+00
 2.00000e+00
 2.00000e+00
 2.00000e+00
 2.00000e+00
 2.00000e+00
 2.00000e+00
 2.00000e+00
 2.00000e+00
 2.00000e+00
 2.00000e+00
 2.00001e+00
 2.00000e+00
 2.00000e+00
 2.00000e+00
 2.00000e+00
 2.00000e+00
 2.00000e+00
 2.00000e+00
 2.00000e+00
 2.00000e+00
 2.00000e+00
 2.00000e+00
 2.00000e+00
 2.00000e+00
 2.00000e+00
 2.00000e+00
 2.00000e+00
 2.00000e+00
 2.00000e+00
 2.00000e+00
 2.00000e+00
 2.00000e+00
 2.00000e+00
 2.00000e+00
 2.00000e+00
 2.00000e+00
 2.00000e+00
 2.00000e+00
 2.00000e+00
 2.00000e+00
 2.00000e+00
 2.00000e+00
 2.00000e+00
 2.00000e+00
 2.00000e+00
 2.00000e+00
 2.00000e+00
 2.00000e+00
 2.00000e+00
 2.00000e+00
 2.00000e+00
 2.00000e+00
 2.00000e+00
 2.00000e+00
 2.00000e+00
 2.00000e+00
 2.00000e+00
 2.00000e+00
 2.00000e+00
 2.00000e+00
 2.00000e+00
 2.00000e+00
 2.00000e+00
 2.00000e+00
 2.00000e+00
 2.00000e+00
 2.00000e+00
 2.00000e+00
 2.00000e+00
 2.00000e+00
 2.00000e+00
 2.00000e+00
 2.00000e+00
 2.00000e+00
 2.00000e+00
 2.00000e+00
 2.00000e+00
 2.00000e+00
 2.00000e+00
 2.00000e+00
 2.00000e+00
 2.00000e+00
 2.00000e+00
 2.00000e+00
 2.00000e+00
 2.00000e+00
 2.00000e+00
 2.00000e+00
 2.00000e+00
 2.00000e+00
 2.00000e+00
 2.00000e+00
 2.00000e+00
 2.00000e+00
 2.00000e+00
 2.00000e+00
 2.00000e+00
 2.00000e+00
 2.00000e+00
 2.00000e+00
 2.00000e+00
 2.00000e+00
 2.00000e+00
 2.00000e+00
 2.00000e+00
 2.00000e+00
 2.00000e+00
 2.00000e+00
 2.00000e+00
 2.00000e+00
 2.00000e+00
 2.00000e+00
 2.00000e+00
 2.00000e+00
 2.00000e+00
 2.00000e+00
 2.00000e+00
 2.00000e+00
 2.00000e+00
 2.00000e+00
 2.00000e+00
 2.00000e+00
 2.00000e+00
 2.00000e+00
 2.00000e+00
 2.00000e+00
 2.00000e+00
 2.00000e+00
 2.00000e+00
 2.00000e+00
 2.00000e+00
 2.00000e+00
 2.00000e+00
 2.00000e+00
 2.00000e+00
 2.00000e+00
 2.00000e+00
 2.00000e+00
 2.00000e+00
 2.00000e+00
 2.00000e+00
 2.00000e+00
 2.00000e+00
 2.00000e+00
 2.00000e+00
 2.00000e+00
 2.00000e+00
 2.00000e+00
 2.00000e+00
 2.00000e+00
 2.00000e+00
 2.00000e+00
 2.00000e+00
 2.00000e+00
 2.00000e+00
 2.00000e+00
 2.00000e+00
 2.00000e+00
 2.00000e+00
 2.00000e+00
 2.00000e+00
 2.00000e+00
 2.00000e+00
 2.00000e+00
 2.00000e+00
 2.00000e+00
 2.00000e+00
 2.00000e+00
 2.00000e+00
 2.00000e+00
 2.00000e+00
 2.00000e+00
 2.00000e+00
 2.00000e+00
 2.00000e+00
 2.00000e+00
 2.00000e+00
 2.00000e+00
 2.00000e+00
 2.00000e+00
 2.00000e+00
 2.00000e+00
 2.00000e+00
 2.00000e+00
 2.00000e+00
 2.00000e+00
 2.00000e+00
 2.00000e+00
 2.00000e+00
 2.00000e+00
 2.00000e+00
 2.00000e+00
 2.00000e+00
 2.00000e+00
 2.00000e+00
 2.00000e+00
 2.00000e+00
 2.00000e+00
 2.00000e+00
 2.00000e+00
 2.00000e+00
 2.00000e+00
 2.00000e+00
 2.00000e+00
 2.00000e+00
 2.00003e+00
 2.00001e+00
 2.00000e+00
 2.00000e+00
 2.00000e+00
 2.00000e+00
 2.00000e+00
 2.00000e+00
 2.00000e+00
 2.00000e+00
 2.00000e+00
 2.00000e+00
 2.00000e+00
 2.00000e+00
 2.00000e+00
 2.00001e+00
 2.00000e+00
 2.00000e+00
 2.00000e+00
 2.00000e+00
 2.00000e+00
 2.00000e+00
 2.00000e+00
 2.00000e+00
 2.00000e+00
 2.00000e+00
 2.00000e+00
 2.00000e+00
 2.00000e+00
 2.00000e+00
 2.00000e+00
 2.00000e+00
 2.00000e+00
 2.00000e+00
 2.00000e+00
 2.00000e+00
 2.00000e+00
 2.00000e+00
 2.00000e+00
 2.00000e+00
 2.00000e+00
 2.00000e+00
 2.00000e+00
 2.00000e+00
 2.00000e+00
 2.00000e+00
 2.00000e+00
 2.00000e+00
 2.00000e+00
 2.00000e+00
 2.00000e+00
 2.00000e+00
 2.00000e+00
 2.00000e+00
 2.00000e+00
 2.00000e+00
 2.00000e+00
 2.00000e+00
 2.00000e+00
 2.00000e+00
 2.00000e+00
 2.00000e+00
 2.00000e+00
 2.00000e+00
 2.00000e+00
 2.00000e+00
 2.00000e+00
 2.00000e+00
 2.00000e+00
 2.00000e+00
 2.00000e+00
 2.00000e+00
 2.00000e+00
 2.00000e+00
 2.00000e+00
 2.00000e+00
 2.00000e+00
 2.00000e+00
 2.00000e+00
 2.00000e+00
 2.00000e+00
 2.00000e+00
 2.00000e+00
 2.00000e+00
 2.00000e+00
 2.00000e+00
 2.00000e+00
 2.00000e+00
 2.00000e+00
 2.00000e+00
 2.00000e+00
 2.00000e+00
 2.00000e+00
 2.00000e+00
 2.00000e+00
 2.00000e+00
 2.00000e+00
 2.00000e+00
 2.00000e+00
 2.00000e+00
 2.00000e+00
 2.00000e+00
 2.00000e+00
 2.00000e+00
 2.00000e+00
 2.00000e+00
 2.00000e+00
 2.00000e+00
 2.00000e+00
 2.00000e+00
 2.00000e+00
 2.00000e+00
 2.00000e+00
 2.00000e+00
 2.00000e+00
 2.00000e+00
 2.00000e+00
 2.00000e+00
 2.00000e+00
 2.00000e+00
 2.00000e+00
 2.00000e+00
 2.00000e+00
 2.00000e+00
 2.00000e+00
 2.00000e+00
 2.00000e+00
 2.00000e+00
 2.00000e+00
 2.00000e+00
 2.00000e+00
 2.00000e+00
 2.00000e+00
 2.00000e+00
 2.00000e+00
 2.00000e+00
 2.00000e+00
 2.00000e+00
 2.00000e+00
 2.00000e+00
 2.00000e+00
 2.00000e+00
 2.00000e+00
 2.00000e+00
 2.00000e+00
 2.00000e+00
 2.00000e+00
 2.00000e+00
 2.00000e+00
 2.00000e+00
 2.00000e+00
 2.00000e+00
 2.00000e+00
 2.00000e+00
 2.00000e+00
 2.00000e+00
 2.00000e+00
 2.00000e+00
 2.00000e+00
 2.00000e+00
 2.00000e+00
 2.00000e+00
 2.00000e+00
 2.00000e+00
 2.00000e+00
 2.00000e+00
 2.00000e+00
 2.00000e+00
 2.00000e+00
 2.00000e+00
 2.00000e+00
 2.00000e+00
 2.00000e+00
 2.00000e+00
 2.00000e+00
 2.00000e+00
 2.00000e+00
 2.00000e+00
 2.00000e+00
 2.00000e+00
 2.00000e+00
 2.00000e+00
 2.00000e+00
 2.00000e+00
 2.00000e+00
 2.00000e+00
 2.00000e+00
 2.00000e+00
 2.00000e+00
 2.00000e+00
 2.00000e+00
 2.00000e+00
 2.00000e+00
 2.00000e+00
 2.00000e+00
 2.00000e+00
 2.00000e+00
 2.00000e+00
 2.00000e+00
 2.00000e+00
 2.00000e+00
 2.00000e+00
 2.00000e+00
 2.00000e+00
 2.00000e+00
 2.00000e+00
 2.00000e+00
 2.00000e+00
 2.00000e+00
 2.00000e+00
 2.00000e+00
 2.00000e+00
 2.00000e+00
 2.00000e+00
 2.00000e+00
 2.00000e+00
 2.00000e+00
 2.00000e+00
 2.00000e+00
 2.00000e+00
 2.00000e+00
 2.00000e+00
 2.00000e+00
 2.00000e+00
 2.00000e+00
 2.00001e+00
 2.00000e+00
 2.00000e+00
 2.00000e+00
 2.00000e+00
 2.00000e+00
 2.00000e+00
 2.00000e+00
 2.00000e+00
 2.00000e+00
 2.00000e+00
 2.00000e+00
 2.00000e+00
 2.00000e+00
 2.00000e+00
 2.00000e+00
 2.00000e+00
 2.00000e+00
 2.00000e+00
 2.00000e+00
 2.00000e+00
 2.00000e+00
 2.00000e+00
 2.00000e+00
 2.00000e+00
 2.00000e+00
 2.00000e+00
 2.00000e+00
 2.00000e+00
 2.00000e+00
 2.00000e+00
 2.00000e+00
 2.00000e+00
 2.00000e+00
 2.00000e+00
 2.00000e+00
 2.00000e+00
 2.00000e+00
 2.00000e+00
 2.00000e+00
 2.00000e+00
 2.00000e+00
 2.00000e+00
 2.00000e+00
 2.00000e+00
 2.00000e+00
 2.00000e+00
 2.00000e+00
 2.00000e+00
 2.00000e+00
 2.00000e+00
 2.00000e+00
 2.00000e+00
 2.00000e+00
 2.00000e+00
 2.00000e+00
 2.00000e+00
 2.00000e+00
 2.00000e+00
 2.00000e+00
 2.00000e+00
 2.00000e+00
 2.00000e+00
 2.00000e+00
 2.00000e+00
 2.00000e+00
 2.00000e+00
 2.00000e+00
 2.00000e+00
 2.00000e+00
 2.00000e+00
 2.00000e+00
 2.00000e+00
 2.00000e+00
 2.00000e+00
 2.00000e+00
 2.00000e+00
 2.00000e+00
 2.00000e+00
 2.00000e+00
 2.00000e+00
 2.00000e+00
 2.00000e+00
 2.00000e+00
 2.00000e+00
 2.00000e+00
 2.00000e+00
 2.00000e+00
 2.00000e+00
 2.00000e+00
 2.00000e+00
 2.00000e+00
 2.00000e+00
 2.00000e+00
 2.00000e+00
 2.00000e+00
 2.00000e+00
 2.00000e+00
 2.00000e+00
 2.00000e+00
 2.00000e+00
 2.00000e+00
 2.00000e+00
 2.00000e+00
 2.00000e+00
 2.00000e+00
 2.00000e+00
 2.00000e+00
 2.00000e+00
 2.00000e+00
 2.00000e+00
 2.00000e+00
 2.00000e+00
 2.00000e+00
 2.00000e+00
 2.00000e+00
 2.00000e+00
 2.00000e+00
 2.00000e+00
 2.00000e+00
 2.00000e+00
 2.00000e+00
 2.00000e+00
 2.00000e+00
 2.00000e+00
 2.00000e+00
 2.00000e+00
 2.00000e+00
 2.00000e+00
 2.00000e+00
 2.00000e+00
 2.00000e+00
 2.00000e+00
 2.00000e+00
 2.00000e+00
 2.00000e+00
 2.00000e+00
 2.00000e+00
 2.00000e+00
 2.00000e+00
 2.00000e+00
 2.00000e+00
 2.00000e+00
 2.00000e+00
 2.00000e+00
 2.00000e+00
 2.00000e+00
 2.00000e+00
 2.00000e+00
 2.00000e+00
 2.00000e+00
 2.00000e+00
 2.00000e+00
 2.00000e+00
 2.00000e+00
 2.00000e+00
 2.00000e+00
 2.00000e+00
 2.00000e+00
 2.00000e+00
 2.00000e+00
 2.00000e+00
 2.00000e+00
 2.00000e+00
 2.00000e+00
 2.00000e+00
 2.00000e+00
 2.00000e+00
 2.00000e+00
 2.00000e+00
 2.00000e+00
 2.00000e+00
 2.00000e+00
 2.00000e+00
 2.00000e+00
 2.00000e+00
 2.00000e+00
 2.00000e+00
 2.00000e+00
 2.00000e+00
 2.00000e+00
 2.00000e+00
 2.00000e+00
 2.00000e+00
 2.00000e+00
 2.00000e+00
 2.00000e+00
 2.00000e+00
 2.00000e+00
 2.00000e+00
 2.00000e+00
 2.00000e+00
 2.00000e+00
 2.00000e+00
 2.00000e+00
 2.00000e+00
 2.00000e+00
 2.00000e+00
 2.00000e+00
 2.00000e+00
 2.00000e+00
 2.00000e+00
 2.00000e+00
 2.00000e+00
 2.00000e+00
 2.00000e+00
 2.00000e+00
 2.00000e+00
 2.00000e+00
 2.00000e+00
 2.00000e+00
 2.00000e+00
 2.00000e+00
 2.00000e+00
 2.00000e+00
 2.00000e+00
 2.00000e+00
 2.00000e+00
 2.00000e+00
 2.00000e+00
 2.00000e+00
 2.00000e+00
 2.00000e+00
 2.00000e+00
 2.00000e+00
 2.00000e+00
 2.00000e+00
 2.00000e+00
 2.00000e+00
 2.00000e+00
 2.00000e+00
 2.00000e+00
 2.00000e+00
 2.00000e+00
 2.00000e+00
 2.00000e+00
 2.00000e+00
 2.00000e+00
 2.00000e+00
 2.00000e+00
 2.00000e+00
 2.00000e+00
 2.00000e+00
 2.00000e+00
 2.00000e+00
 2.00000e+00
 2.00000e+00
 2.00000e+00
 2.00000e+00
 2.00000e+00
 2.00000e+00
 2.00000e+00
 2.00000e+00
 2.00000e+00
 2.00000e+00
 2.00000e+00
 2.00000e+00
 2.00000e+00
 2.00000e+00
 2.00000e+00
 2.00000e+00
 2.00000e+00
 2.00000e+00
 2.00000e+00
 2.00000e+00
 2.00000e+00
 2.00000e+00
 2.00000e+00
 2.00000e+00
 2.00000e+00
 2.00000e+00
 2.00000e+00
 2.00000e+00
 2.00000e+00
 2.00000e+00
 2.00000e+00
 2.00000e+00
 2.00000e+00
 2.00000e+00
 2.00000e+00
 2.00000e+00
 2.00000e+00
 2.00000e+00
 2.00000e+00
 2.00000e+00
 2.00000e+00
 2.00000e+00
 2.00000e+00
 2.00000e+00
 2.00000e+00
 2.00000e+00
 2.00000e+00
 2.00000e+00
 2.00000e+00
 2.00000e+00
 2.00000e+00
 2.00000e+00
 2.00000e+00
 2.00000e+00
 2.00000e+00
 2.00000e+00
 2.00000e+00
 2.00000e+00
 2.00000e+00
 2.00000e+00
 2.00000e+00
 2.00000e+00
 2.00000e+00
 2.00000e+00
 2.00000e+00
 2.00000e+00
 2.00000e+00
 2.00000e+00
 2.00000e+00
 2.00000e+00
 2.00000e+00
 2.00000e+00
 2.00000e+00
 2.00000e+00
 2.00000e+00
 2.00000e+00
 2.00000e+00
 2.00000e+00
 2.00000e+00
 2.00000e+00
 2.00000e+00
 2.00000e+00
 2.00000e+00
 2.00000e+00
 2.00000e+00
 2.00000e+00
 2.00000e+00
 2.00000e+00
 2.00000e+00
 2.00000e+00
 2.00000e+00
 2.00000e+00
 2.00000e+00
 2.00000e+00
 2.00000e+00
 2.00000e+00
 2.00000e+00
 2.00000e+00
 2.00000e+00
 2.00000e+00
 2.00000e+00
 2.00000e+00
 2.00000e+00
 2.00000e+00
 2.00000e+00
 2.00000e+00
 2.00000e+00
 2.00000e+00
 2.00000e+00
 2.00000e+00
 2.00000e+00
 2.00000e+00
 2.00000e+00
 2.00000e+00
 2.00000e+00
 2.00000e+00
 2.00000e+00
 2.00000e+00
 2.00000e+00
 2.00000e+00
 2.00000e+00
 2.00000e+00
 2.00000e+00
 2.00000e+00
 2.00000e+00
 2.00000e+00
 2.00000e+00
 2.00000e+00
 2.00000e+00
 2.00000e+00
 2.00000e+00
 2.00000e+00
 2.00000e+00
 2.00000e+00
 2.00000e+00
 2.00000e+00
 2.00000e+00
 2.00000e+00
 2.00000e+00
 2.00000e+00
 2.00000e+00
 2.00000e+00
 2.00000e+00
 2.00000e+00
 2.00000e+00
 2.00000e+00
 2.00000e+00
 2.00000e+00
 2.00000e+00
 2.00000e+00
 2.00000e+00
 2.00000e+00
 2.00000e+00
 2.00000e+00
 2.00000e+00
 2.00000e+00
 2.00000e+00
 2.00000e+00
 2.00000e+00
 2.00000e+00
 2.00000e+00
 2.00000e+00
 2.00000e+00
 2.00000e+00
 2.00000e+00
 2.00000e+00
 2.00000e+00
 2.00000e+00
 2.00000e+00
 2.00000e+00
 2.00000e+00
 2.00000e+00
 2.00000e+00
 2.00000e+00
 2.00000e+00
 2.00000e+00
 2.00000e+00
 2.00000e+00
 2.00000e+00
 2.00000e+00
 2.00000e+00
 2.00000e+00
 2.00000e+00
 2.00000e+00
 2.00000e+00
 2.00000e+00
 2.00000e+00
 2.00000e+00
 2.00000e+00
 2.00000e+00
 2.00000e+00
 2.00000e+00
 2.00000e+00
 2.00000e+00
 2.00000e+00
 2.00000e+00
 2.00000e+00
 2.00000e+00
 2.00000e+00
 2.00000e+00
 2.00000e+00
 2.00000e+00
 2.00000e+00
 2.00000e+00
 2.00000e+00
 2.00000e+00
 2.00000e+00
 2.00000e+00
 2.00000e+00
 2.00000e+00
 2.00000e+00
 2.00000e+00
 2.00000e+00
 2.00000e+00
 2.00000e+00
 2.00000e+00
 2.00000e+00
 2.00000e+00
 2.00000e+00
 2.00000e+00
 2.00000e+00
 2.00000e+00
 2.00000e+00
 2.00000e+00
 2.00000e+00
 2.00000e+00
 2.00000e+00
 2.00000e+00
 2.00000e+00
 2.00000e+00
 2.00000e+00
 2.00000e+00
 2.00000e+00
 2.00000e+00
 2.00000e+00
 2.00000e+00
 2.00000e+00
 2.00000e+00
 2.00000e+00
 2.00000e+00
 2.00000e+00
 2.00000e+00
 2.00000e+00
 2.00000e+00
 2.00000e+00
 2.00000e+00
 2.00000e+00
 2.00000e+00
 2.00000e+00
 2.00000e+00
 2.00000e+00
 2.00000e+00
 2.00000e+00
 2.00000e+00
 2.00000e+00
 2.00000e+00
 2.00000e+00
 2.00000e+00
 2.00000e+00
 2.00000e+00
 2.00000e+00
 2.00000e+00
 2.00000e+00
 2.00000e+00
 2.00000e+00
 2.00000e+00
 2.00000e+00
 2.00000e+00
 2.00000e+00
 2.00000e+00
 2.00000e+00
 2.00000e+00
 2.00000e+00
 2.00000e+00
 2.00000e+00
 2.00000e+00
 2.00000e+00
 2.00000e+00
 2.00000e+00
 2.00000e+00
 2.00000e+00
 2.00000e+00
 2.00000e+00
 2.00000e+00
 2.00000e+00
 2.00000e+00
 2.00000e+00
 2.00000e+00
 2.00000e+00
 2.00000e+00
 2.00000e+00
 2.00000e+00
 2.00000e+00
 2.00000e+00
 2.00000e+00
 2.00000e+00
 2.00000e+00
 2.00000e+00
 2.00000e+00
 2.00000e+00
 2.00000e+00
 2.00000e+00
 2.00000e+00
 2.00000e+00
 2.00000e+00
 2.00000e+00
 2.00000e+00
 2.00000e+00
 2.00000e+00
 2.00000e+00
 2.00000e+00
 2.00000e+00
 2.00000e+00
 2.00000e+00
 2.00000e+00
 2.00000e+00
 2.00000e+00
 2.00000e+00
 2.00000e+00
 2.00000e+00
 2.00000e+00
 2.00000e+00
 2.00000e+00
 2.00000e+00
 2.00000e+00
 2.00000e+00
 2.00000e+00
 2.00000e+00
 2.00000e+00
 2.00000e+00
 2.00000e+00
 2.00000e+00
 2.00000e+00
 2.00000e+00
 2.00000e+00
 2.00000e+00
 2.00000e+00
 2.00000e+00
 2.00000e+00
 2.00000e+00
 2.00000e+00
 2.00000e+00
 2.00000e+00
 2.00000e+00
 2.00000e+00
 2.00000e+00
 2.00000e+00
 2.00000e+00
 2.00000e+00
 2.00000e+00
 2.00000e+00
 2.00000e+00
 2.00000e+00
 2.00000e+00
 2.00000e+00
 2.00000e+00
 2.00000e+00
 2.00000e+00
 2.00000e+00
 2.00000e+00
 2.00000e+00
 2.00000e+00
 2.00000e+00
 2.00000e+00
 2.00000e+00
 2.00000e+00
 2.00000e+00
 2.00000e+00
 2.00000e+00
 2.00000e+00
 2.00000e+00
 2.00000e+00
 2.00000e+00
 2.00000e+00
 2.00000e+00
 2.00000e+00
 2.00000e+00
 2.00000e+00
 2.00000e+00
 2.00000e+00
 2.00000e+00
 2.00000e+00
 2.00000e+00
 2.00000e+00
 2.00000e+00
 2.00000e+00
 2.00000e+00
 2.00000e+00
 2.00000e+00
 2.00000e+00
 2.00000e+00
 2.00000e+00
 2.00000e+00
 2.00000e+00
 2.00000e+00
 2.00000e+00
 2.00000e+00
 2.00000e+00
 2.00000e+00
 2.00000e+00
 2.00000e+00
 2.00000e+00
 2.00000e+00
 2.00000e+00
 2.00000e+00
 2.00000e+00
 2.00000e+00
 2.00000e+00
 2.00000e+00
 2.00000e+00
 2.00000e+00
 2.00000e+00
 2.00000e+00
 2.00000e+00
 2.00000e+00
 2.00000e+00
 2.00000e+00
 2.00000e+00
 2.00000e+00
 2.00000e+00
 2.00000e+00
 2.00000e+00
 2.00000e+00
 2.00000e+00
 2.00000e+00
 2.00000e+00
 2.00000e+00
 2.00000e+00
 2.00000e+00
 2.00000e+00
 2.00000e+00
 2.00000e+00
 2.00000e+00
 2.00000e+00
 2.00000e+00
 2.00000e+00
 2.00000e+00
 2.00000e+00
 2.00000e+00
 2.00000e+00
 2.00000e+00
 2.00000e+00
 2.00000e+00
 2.00000e+00
 2.00000e+00
 2.00000e+00
 2.00000e+00
 2.00000e+00
 2.00000e+00
 2.00000e+00
 2.00000e+00
 2.00000e+00
 2.00000e+00
 2.00000e+00
 2.00000e+00
 2.00000e+00
 2.00000e+00
 2.00000e+00
 2.00000e+00
 2.00000e+00
 2.00000e+00
 2.00000e+00
 2.00000e+00
 2.00000e+00
 2.00000e+00
 2.00000e+00
 2.00000e+00
 2.00000e+00
 2.00000e+00
 2.00000e+00
 2.00000e+00
 2.00000e+00
 2.00000e+00
 2.00000e+00
 2.00000e+00
 2.00000e+00
 2.00000e+00
 2.00000e+00
 2.00000e+00
 2.00000e+00
 2.00000e+00
 2.00000e+00
 2.00000e+00
 2.00000e+00
 2.00000e+00
 2.00000e+00
 2.00000e+00
 2.00000e+00
 2.00000e+00
 2.00000e+00
 2.00000e+00
 2.00000e+00
 2.00000e+00
 2.00000e+00
 2.00000e+00
 2.00000e+00
 2.00000e+00
 2.00000e+00
 2.00000e+00
 2.00000e+00
 2.00000e+00
 2.00000e+00
 2.00000e+00
 2.00000e+00
 2.00000e+00
 2.00000e+00
 2.00000e+00
 2.00000e+00
 2.00000e+00
 2.00000e+00
 2.00000e+00
 2.00000e+00
 2.00000e+00
 2.00000e+00
 2.00000e+00
 2.00000e+00
 2.00000e+00
 2.00000e+00
 2.00000e+00
 2.00000e+00
 2.00000e+00
 2.00000e+00
 2.00000e+00
 2.00000e+00
 2.00000e+00
 2.00000e+00
 2.00000e+00
 2.00000e+00
 2.00000e+00
 2.00000e+00
 2.00000e+00
 2.00000e+00
 2.00000e+00
 2.00000e+00
 2.00000e+00
 2.00000e+00
 2.00000e+00
 2.00000e+00
 2.00000e+00
 2.00000e+00
 2.00000e+00
 2.00000e+00
 2.00000e+00
 2.00000e+00
 2.00000e+00
 2.00000e+00
 2.00000e+00
 2.00000e+00
 2.00000e+00
 2.00000e+00
 2.00000e+00
 2.00000e+00
 2.00000e+00
 2.00000e+00
 2.00000e+00
 2.00000e+00
 2.00000e+00
 2.00000e+00
 2.00000e+00
 2.00000e+00
 2.00000e+00
 2.00000e+00
 2.00000e+00
 2.00000e+00
 2.00000e+00
 2.00000e+00
 2.00000e+00
 2.00000e+00
 2.00000e+00
 2.00000e+00
 2.00000e+00
 2.00000e+00
 2.00000e+00
 2.00000e+00
 2.00000e+00
 2.00000e+00
 2.00000e+00
 2.00000e+00
 2.00000e+00
 2.00000e+00
 2.00000e+00
 2.00000e+00
 2.00000e+00
 2.00000e+00
 2.00000e+00
 2.00000e+00
 2.00000e+00
 2.00000e+00
 2.00000e+00
 2.00000e+00
 2.00000e+00
 2.00000e+00
 2.00000e+00
 2.00000e+00
 2.00000e+00
 2.00000e+00
 2.00000e+00
 2.00000e+00
 2.00000e+00
 2.00000e+00
 2.00000e+00
 2.00000e+00
 2.00000e+00
 2.00000e+00
 2.00000e+00
 2.00000e+00
 2.00000e+00
 2.00000e+00
 2.00000e+00
 2.00000e+00
 2.00000e+00
 2.00000e+00
 2.00000e+00
 2.00000e+00
 2.00000e+00
 2.00000e+00
 2.00000e+00
 2.00000e+00
 2.00000e+00
 2.00000e+00
 2.00000e+00
 2.00000e+00
 2.00000e+00
 2.00000e+00
 2.00000e+00
 2.00000e+00
 2.00000e+00
 2.00000e+00
 2.00000e+00
 2.00000e+00
 2.00000e+00
 2.00000e+00
 2.00000e+00
 2.00000e+00
 2.00000e+00
 2.00000e+00
 2.00000e+00
 2.00000e+00
 2.00000e+00
 2.00000e+00
 2.00000e+00
 2.00000e+00
 2.00000e+00
 2.00000e+00
 2.00000e+00
 2.00000e+00
 2.00000e+00
 2.00000e+00
 2.00000e+00
 2.00000e+00
 2.00000e+00
 2.00000e+00
 2.00000e+00
 2.00000e+00
 2.00000e+00
 2.00000e+00
 2.00000e+00
 2.00000e+00
 2.00000e+00
 2.00000e+00
 2.00000e+00
 2.00000e+00
 2.00000e+00
 2.00000e+00
 2.00000e+00
 2.00000e+00
 2.00000e+00
 2.00000e+00
 2.00000e+00
 2.00000e+00
 2.00000e+00
 2.00000e+00
 2.00000e+00
 2.00000e+00
 2.00000e+00
 2.00000e+00
 2.00000e+00
 2.00000e+00
 2.00000e+00
 2.00000e+00
 2.00000e+00
 2.00000e+00
 2.00000e+00
 2.00000e+00
 2.00000e+00
 2.00000e+00
 2.00000e+00
 2.00000e+00
 2.00000e+00
 2.00000e+00
 2.00000e+00
 2.00000e+00
 2.00000e+00
 2.00000e+00
 2.00000e+00
 2.00000e+00
 2.00000e+00
 2.00000e+00
 2.00000e+00
 2.00000e+00
 2.00000e+00
 2.00000e+00
 2.00000e+00
 2.00000e+00
 2.00000e+00
 2.00000e+00
 2.00000e+00
 2.00000e+00
 2.00000e+00
 2.00000e+00
 2.00000e+00
 2.00000e+00
 2.00000e+00
 2.00000e+00
 2.00000e+00
 2.00000e+00
 2.00000e+00
 2.00000e+00
 2.00000e+00
 2.00000e+00
 2.00000e+00
 2.00000e+00
 2.00000e+00
 2.00000e+00
 2.00000e+00
 2.00000e+00
 2.00000e+00
 2.00000e+00
 2.00000e+00
 2.00000e+00
 2.00000e+00
 2.00000e+00
 2.00000e+00
 2.00000e+00
 2.00000e+00
 2.00000e+00
 2.00000e+00
 2.00000e+00
 2.00000e+00
 2.00000e+00
 2.00000e+00
 2.00000e+00
 2.00000e+00
 2.00000e+00
 2.00000e+00
 2.00000e+00
 2.00000e+00
 2.00000e+00
 2.00000e+00
 2.00000e+00
 2.00000e+00
 2.00000e+00
 2.00000e+00
 2.00000e+00
 2.00000e+00
 2.00000e+00
 2.00000e+00
 2.00000e+00
 2.00000e+00
 2.00000e+00
 2.00000e+00
 2.00000e+00
 2.00000e+00
 2.00000e+00
 2.00000e+00
 2.00000e+00
 2.00000e+00
 2.00000e+00
 2.00000e+00
 2.00000e+00
 2.00000e+00
 2.00000e+00
 2.00000e+00
 2.00000e+00
 2.00000e+00
 2.00000e+00
 2.00000e+00
 2.00000e+00
 2.00000e+00
 2.00000e+00
 2.00000e+00
 2.00000e+00
 2.00000e+00
 2.00000e+00
 2.00000e+00
 2.00000e+00
 2.00000e+00
 2.00000e+00
 2.00000e+00
 2.00000e+00
 2.00000e+00
 2.00000e+00
 2.00000e+00
 2.00000e+00
 2.00000e+00
 2.00000e+00
 2.00000e+00
 2.00000e+00
 2.00000e+00
 2.00000e+00
 2.00000e+00
 2.00000e+00
 2.00000e+00
 2.00000e+00
 2.00000e+00
 2.00000e+00
 2.00000e+00
 2.00000e+00
 2.00000e+00
 2.00000e+00
 2.00000e+00
 2.00000e+00
 2.00000e+00
 2.00000e+00
 2.00000e+00
 2.00000e+00
 2.00000e+00
 2.00000e+00
 2.00000e+00
 2.00000e+00
 2.00000e+00
 2.00000e+00
 2.00000e+00
 2.00000e+00
 2.00000e+00
 2.00000e+00
 2.00000e+00
 2.00000e+00
 2.00000e+00
 2.00000e+00
 2.00000e+00
 2.00000e+00
 2.00000e+00
 2.00000e+00
 2.00000e+00
 2.00000e+00
 2.00000e+00
 2.00000e+00
 2.00000e+00
 2.00000e+00
 2.00000e+00
 2.00000e+00
 2.00000e+00
 2.00000e+00
 2.00000e+00
 2.00000e+00
 2.00000e+00
 2.00000e+00
 2.00000e+00
 2.00000e+00
 2.00000e+00
 2.00000e+00
 2.00000e+00
 2.00000e+00
 2.00000e+00
 2.00000e+00
 2.00000e+00
 2.00000e+00
 2.00000e+00
 2.00000e+00
 2.00000e+00
 2.00000e+00
 2.00000e+00
 2.00000e+00
 2.00000e+00
 2.00000e+00
 2.00000e+00
 2.00000e+00
 2.00000e+00
 2.00000e+00
 2.00000e+00
 2.00000e+00
 2.00000e+00
 2.00000e+00
 2.00000e+00
 2.00000e+00
 2.00000e+00
 2.00000e+00
 2.00000e+00
 2.00000e+00
 2.00000e+00
 2.00000e+00
 2.00000e+00
 2.00000e+00
 2.00000e+00
 2.00000e+00
 2.00000e+00
 2.00000e+00
 2.00000e+00
 2.00000e+00
 2.00000e+00
 2.00000e+00
 2.00000e+00
 2.00000e+00
 2.00000e+00
 2.00000e+00
 2.00000e+00
 2.00000e+00
 2.00000e+00
 2.00000e+00
 2.00000e+00
 2.00000e+00
 2.00000e+00
 2.00000e+00
 2.00000e+00
 2.00000e+00
 2.00000e+00
 2.00000e+00
 2.00000e+00
 2.00000e+00
 2.00000e+00
 2.00000e+00
 2.00000e+00
 2.00000e+00
 2.00000e+00
 2.00000e+00
 2.00000e+00
 2.00000e+00
 2.00000e+00
 2.00000e+00
 2.00000e+00
 2.00000e+00
 2.00000e+00
 2.00000e+00
 2.00000e+00
 2.00000e+00
 2.00000e+00
 2.00000e+00
 2.00000e+00
 2.00000e+00
 2.00000e+00
 2.00000e+00
 2.00000e+00
 2.00000e+00
 2.00000e+00
 2.00000e+00
 2.00000e+00
 2.00000e+00
 2.00000e+00
 2.00000e+00
 2.00000e+00
 2.00000e+00
 2.00000e+00
 2.00000e+00
 2.00000e+00
 2.00000e+00
 2.00000e+00
 2.00000e+00
 2.00000e+00
 2.00000e+00
 2.00000e+00
 2.00000e+00
 2.00000e+00
 2.00000e+00
 2.00000e+00
 2.00000e+00
 2.00000e+00
 2.00000e+00
 2.00000e+00
 2.00000e+00
 2.00000e+00
 2.00000e+00
 2.00000e+00
 2.00000e+00
 2.00000e+00
 2.00000e+00
 2.00000e+00
 2.00000e+00
 2.00000e+00
 2.00000e+00
 2.00000e+00
 2.00000e+00
 2.00000e+00
 2.00000e+00
 2.00000e+00
 2.00000e+00
 2.00000e+00
 2.00000e+00
 2.00000e+00
 2.00000e+00
 2.00000e+00
 2.00000e+00
 2.00000e+00
 2.00000e+00
 2.00000e+00
 2.00000e+00
 2.00000e+00
 2.00000e+00
 2.00000e+00
 2.00000e+00
 2.00000e+00
 2.00000e+00
 2.00000e+00
 2.00000e+00
 2.00000e+00
 2.00000e+00
 2.00000e+00
 2.00000e+00
 2.00000e+00
 2.00000e+00
 2.00000e+00
 2.00000e+00
 2.00000e+00
 2.00000e+00
 2.00000e+00
 2.00000e+00
 2.00000e+00
 2.00000e+00
 2.00000e+00
 2.00000e+00
 2.00000e+00
 2.00000e+00
 2.00000e+00
 2.00000e+00
 2.00000e+00
 2.00000e+00
 2.00000e+00
 2.00000e+00
 2.00000e+00
 2.00000e+00
 2.00000e+00
 2.00000e+00
 2.00000e+00
 2.00000e+00
 2.00000e+00
 2.00000e+00
 2.00000e+00
 2.00000e+00
 2.00000e+00
 2.00000e+00
 2.00000e+00
 2.00000e+00
 2.00000e+00
 2.00000e+00
 2.00000e+00
 2.00000e+00
 2.00000e+00
 2.00000e+00
 2.00000e+00
 2.00000e+00
 2.00000e+00
 2.00000e+00
 2.00000e+00
 2.00000e+00
 2.00000e+00
 2.00000e+00
 2.00000e+00
 2.00000e+00
 2.00000e+00
 2.00000e+00
 2.00000e+00
 2.00000e+00
 2.00000e+00
 2.00000e+00
 2.00000e+00
 2.00000e+00
 2.00000e+00
 2.00000e+00
 2.00000e+00
 2.00000e+00
 2.00000e+00
 2.00000e+00
 2.00000e+00
 2.00000e+00
 2.00000e+00
 2.00000e+00
 2.00000e+00
 2.00000e+00
 2.00000e+00
 2.00000e+00
 2.00000e+00
 2.00000e+00
 2.00000e+00
 2.00000e+00
 2.00000e+00
 2.00000e+00
 2.00000e+00
 2.00000e+00
 2.00000e+00
 2.00000e+00
 2.00000e+00
 2.00000e+00
 2.00000e+00
 2.00000e+00
 2.00000e+00
 2.00000e+00
 2.00000e+00
 2.00000e+00
 2.00000e+00
 2.00000e+00
 2.00000e+00
 2.00000e+00
 2.00000e+00
 2.00000e+00
 2.00000e+00
 2.00000e+00
 2.00000e+00
 2.00000e+00
 2.00000e+00
 2.00000e+00
 2.00000e+00
 2.00000e+00
 2.00000e+00
 2.00000e+00
 2.00000e+00
 2.00000e+00
 2.00000e+00
 2.00000e+00
 2.00000e+00
 2.00000e+00
 2.00000e+00
 2.00000e+00
 2.00000e+00
 2.00000e+00
 2.00000e+00
 2.00000e+00
 2.00000e+00
 2.00000e+00
 2.00000e+00
 2.00000e+00
 2.00000e+00
 2.00000e+00
 2.00000e+00
 2.00000e+00
 2.00000e+00
 2.00000e+00
 2.00000e+00
 2.00000e+00
 2.00000e+00
 2.00000e+00
 2.00000e+00
 2.00000e+00
 2.00000e+00
 2.00000e+00
 2.00000e+00
 2.00000e+00
 2.00000e+00
 2.00000e+00
 2.00000e+00
 2.00000e+00
 2.00000e+00
 2.00000e+00
 2.00000e+00
 2.00000e+00
 2.00000e+00
 2.00000e+00
 2.00000e+00
 2.00000e+00
 2.00000e+00
 2.00000e+00
 2.00000e+00
 2.00000e+00
 2.00000e+00
 2.00000e+00
 2.00000e+00
 2.00000e+00
 2.00000e+00
 2.00000e+00
 2.00000e+00
 2.00000e+00
 2.00000e+00
 2.00000e+00
 2.00000e+00
 2.00000e+00
 2.00000e+00
 2.00000e+00
 2.00000e+00
 2.00000e+00
 2.00000e+00
 2.00000e+00
 2.00000e+00
 2.00000e+00
 2.00000e+00
 2.00000e+00
 2.00000e+00
 2.00000e+00
 2.00000e+00
 2.00000e+00
 2.00000e+00
 2.00000e+00
 2.00000e+00
 2.00000e+00
 2.00000e+00
 2.00000e+00
 2.00000e+00
 2.00000e+00
 2.00000e+00
 2.00000e+00
 2.00000e+00
 2.00000e+00
 2.00000e+00
 2.00000e+00
 2.00000e+00
 2.00000e+00
 2.00000e+00
 2.00000e+00
 2.00000e+00
 2.00000e+00
 2.00000e+00
 2.00000e+00
 2.00000e+00
 2.00000e+00
 2.00000e+00
 2.00000e+00
 2.00000e+00
 2.00000e+00
 2.00000e+00
 2.00000e+00
 2.00000e+00
 2.00000e+00
 2.00000e+00
 2.00000e+00
 2.00000e+00
 2.00000e+00
 2.00000e+00
 2.00000e+00
 2.00000e+00
 2.00000e+00
 2.00000e+00
 2.00000e+00
 2.00000e+00
 2.00000e+00
 2.00000e+00
 2.00000e+00
 2.00000e+00
 2.00000e+00
 2.00000e+00
 2.00000e+00
 2.00000e+00
 2.00000e+00
 2.00000e+00
 2.00000e+00
 2.00000e+00
 2.00000e+00
 2.00000e+00
 2.00000e+00
 2.00000e+00
 2.00000e+00
 2.00000e+00
 2.00000e+00
 2.00000e+00
 2.00000e+00
 2.00000e+00
 2.00000e+00
 2.00000e+00
 2.00000e+00
 2.00000e+00
 2.00000e+00
 2.00000e+00
 2.00000e+00
 2.00000e+00
 2.00000e+00
 2.00000e+00
 2.00000e+00
 2.00000e+00
 2.00000e+00
 2.00000e+00
 2.00000e+00
 2.00000e+00
 2.00000e+00
 2.00000e+00
 2.00000e+00
 2.00000e+00
 2.00000e+00
 2.00000e+00
 2.00000e+00
 2.00000e+00
 2.00000e+00
 2.00000e+00
 2.00000e+00
 2.00000e+00
 2.00000e+00
 2.00000e+00
 2.00000e+00
 2.00000e+00
 2.00000e+00
 2.00000e+00
 2.00000e+00
 2.00000e+00
 2.00000e+00
 2.00000e+00
 2.00000e+00
 2.00000e+00
 2.00000e+00
 2.00000e+00
 2.00000e+00
 2.00000e+00
 2.00000e+00
 2.00000e+00
 2.00000e+00
 2.00000e+00
 2.00000e+00
 2.00000e+00
 2.00000e+00
 2.00000e+00
 2.00000e+00
 2.00000e+00
 2.00000e+00
 2.00000e+00
 2.00000e+00
 2.00000e+00
 2.00000e+00
 2.00000e+00
 2.00000e+00
 2.00000e+00
 2.00000e+00
 2.00000e+00
 2.00000e+00
 2.00000e+00
 2.00000e+00
 2.00000e+00
 2.00000e+00
 2.00000e+00
 2.00000e+00
 2.00000e+00
 2.00000e+00
 2.00000e+00
 2.00000e+00
 2.00000e+00
 2.00000e+00
 2.00000e+00
 2.00000e+00
 2.00000e+00
 2.00000e+00
 2.00000e+00
 2.00000e+00
 2.00000e+00
 2.00000e+00
 2.00000e+00
 2.00000e+00
 2.00000e+00
 2.00000e+00
 2.00000e+00
 2.00000e+00
 2.00000e+00
 2.00000e+00
 2.00000e+00
 2.00000e+00
 2.00000e+00
 2.00000e+00
 2.00000e+00
 2.00000e+00
 2.00000e+00
 2.00000e+00
 2.00000e+00
 2.00000e+00
 2.00000e+00
 2.00000e+00
 2.00000e+00
 2.00000e+00
 2.00000e+00
 2.00000e+00
 2.00000e+00
 2.00000e+00
 2.00000e+00
 2.00000e+00
 2.00000e+00
 2.00000e+00
 2.00000e+00
 2.00000e+00
 2.00000e+00
 2.00000e+00
 2.00000e+00
 2.00000e+00
 2.00000e+00
 2.00000e+00
 2.00000e+00
 2.00000e+00
 2.00000e+00
 2.00000e+00
 2.00000e+00
 2.00000e+00
 2.00000e+00
 2.00000e+00
 2.00000e+00
 2.00000e+00
 2.00000e+00
 2.00000e+00
 2.00000e+00
 2.00000e+00
 2.00000e+00
 2.00000e+00
 2.00000e+00
 2.00000e+00
 2.00000e+00
 2.00000e+00
 2.00000e+00
 2.00000e+00
 2.00000e+00
 2.00000e+00
 2.00000e+00
 2.00000e+00
 2.00000e+00
 2.00000e+00
 2.00000e+00
 2.00000e+00
 2.00000e+00
 2.00000e+00
 2.00000e+00
 2.00000e+00
 2.00000e+00
 2.00000e+00
 2.00000e+00
 2.00000e+00
 2.00000e+00
 2.00000e+00
 2.00000e+00
 2.00000e+00
 2.00000e+00
 2.00000e+00
 2.00000e+00
 2.00000e+00
 2.00000e+00
 2.00000e+00
 2.00000e+00
 2.00000e+00
 2.00000e+00
 2.00000e+00
 2.00000e+00
 2.00000e+00
 2.00000e+00
 2.00000e+00
 2.00000e+00
 2.00000e+00
 2.00000e+00
 2.00000e+00
 2.00000e+00
 2.00000e+00
 2.00000e+00
 2.00000e+00
 2.00000e+00
 2.00000e+00
 2.00000e+00
 2.00000e+00
 2.00000e+00
 2.00000e+00
 2.00000e+00
 2.00000e+00
 2.00000e+00
 2.00000e+00
 2.00000e+00
 2.00000e+00
 2.00000e+00
 2.00000e+00
 2.00000e+00
 2.00000e+00
 2.00000e+00
 2.00000e+00
 2.00000e+00
 2.00000e+00
 2.00000e+00
 2.00000e+00
 2.00000e+00
 2.00000e+00
 2.00000e+00
 2.00000e+00
 2.00000e+00
 2.00000e+00
 2.00000e+00
 2.00000e+00
 2.00000e+00
 2.00000e+00
 2.00000e+00
 2.00000e+00
 2.00000e+00
 2.00000e+00
 2.00000e+00
 2.00000e+00
 2.00000e+00
 2.00000e+00
 2.00000e+00
 2.00000e+00
 2.00000e+00
 2.00000e+00
 2.00000e+00
 2.00000e+00
 2.00000e+00
 2.00000e+00
 2.00000e+00
 2.00000e+00
 2.00000e+00
 2.00000e+00
 2.00000e+00
 2.00000e+00
 2.00000e+00
 2.00000e+00
 2.00000e+00
 2.00000e+00
 2.00000e+00
 2.00000e+00
 2.00000e+00
 2.00000e+00
 2.00000e+00
 2.00000e+00
 2.00000e+00
 2.00000e+00
 2.00000e+00
 2.00000e+00
 2.00000e+00
 2.00000e+00
 2.00000e+00
 2.00000e+00
 2.00000e+00
 2.00000e+00
 2.00000e+00
 2.00000e+00
 2.00000e+00
 2.00000e+00
 2.00000e+00
 2.00000e+00
 2.00000e+00
 2.00000e+00
 2.00000e+00
 2.00000e+00
 2.00000e+00
 2.00000e+00
 2.00000e+00
 2.00000e+00
 2.00000e+00
 2.00000e+00
 2.00000e+00
 2.00000e+00
 2.00000e+00
 2.00000e+00
 2.00000e+00
 2.00000e+00
 2.00000e+00
 2.00000e+00
 2.00000e+00
 2.00000e+00
 2.00000e+00
 2.00000e+00
 2.00000e+00
 2.00000e+00
 2.00000e+00
 2.00000e+00
 2.00000e+00
 2.00000e+00
 2.00000e+00
 2.00000e+00
 2.00000e+00
 2.00000e+00
 2.00000e+00
 2.00000e+00
 2.00000e+00
 2.00000e+00
 2.00000e+00
 2.00000e+00
 2.00000e+00
 2.00000e+00
 2.00000e+00
 2.00000e+00
 2.00000e+00
 2.00000e+00
 2.00000e+00
 2.00000e+00
 2.00000e+00
 2.00000e+00
 2.00000e+00
 2.00000e+00
 2.00000e+00
 2.00000e+00
 2.00000e+00
 2.00000e+00
 2.00000e+00
 2.00000e+00
 2.00000e+00
 2.00000e+00
 2.00000e+00
 2.00000e+00
 2.00000e+00
 2.00000e+00
 2.00000e+00
 2.00000e+00
 2.00000e+00
 2.00000e+00
 2.00000e+00
 2.00000e+00
 2.00000e+00
 2.00000e+00
 2.00000e+00
 2.00000e+00
 2.00000e+00
 2.00000e+00
 2.00000e+00
 2.00000e+00
 2.00000e+00
 2.00000e+00
 2.00000e+00
 2.00000e+00
 2.00000e+00
 2.00000e+00
 2.00000e+00
 2.00000e+00
 2.00000e+00
 2.00000e+00
 2.00000e+00
 2.00000e+00
 2.00000e+00
 2.00000e+00
 2.00000e+00
 2.00000e+00
 2.00000e+00
 2.00000e+00
 2.00000e+00
 2.00000e+00
 2.00000e+00
 2.00000e+00
 2.00000e+00
 2.00000e+00
 2.00000e+00
 2.00000e+00
 2.00000e+00
 2.00000e+00
 2.00000e+00
 2.00000e+00
 2.00000e+00
 2.00000e+00
 2.00000e+00
 2.00000e+00
 2.00000e+00
 2.00000e+00
 2.00000e+00
 2.00000e+00
 2.00000e+00
 2.00000e+00
 2.00000e+00
 2.00000e+00
 2.00000e+00
 2.00000e+00
 2.00000e+00
 2.00000e+00
 2.00000e+00
 2.00000e+00
 2.00000e+00
 2.00000e+00
 2.00000e+00
 2.00000e+00
 2.00000e+00
 2.00000e+00
 2.00000e+00
 2.00000e+00
 2.00000e+00
 2.00000e+00
 2.00000e+00
 2.00000e+00
 2.00000e+00
 2.00000e+00
 2.00000e+00
 2.00000e+00
 2.00000e+00
 2.00000e+00
 2.00000e+00
 2.00000e+00
 2.00000e+00
 2.00000e+00
 2.00000e+00
 2.00000e+00
 2.00000e+00
 2.00000e+00
 2.00000e+00
 2.00000e+00
 2.00000e+00
 2.00000e+00
 2.00000e+00
 2.00000e+00
 2.00000e+00
 2.00000e+00
 2.00000e+00
 2.00000e+00
 2.00000e+00
 2.00000e+00
 2.00000e+00
 2.00000e+00
 2.00000e+00
 2.00000e+00
 2.00000e+00
 2.00000e+00
 2.00000e+00
 2.00000e+00
 2.00000e+00
 2.00000e+00
 2.00000e+00
 2.00000e+00
 2.00000e+00
 2.00000e+00
 2.00000e+00
 2.00000e+00
 2.00000e+00
 2.00000e+00
 2.00000e+00
 2.00000e+00
 2.00000e+00
 2.00000e+00
 2.00000e+00
 2.00000e+00
 2.00000e+00
 2.00000e+00
 2.00000e+00
 2.00000e+00
 2.00000e+00
 2.00000e+00
 2.00000e+00
 2.00000e+00
 2.00000e+00
 2.00000e+00
 2.00000e+00
 2.00000e+00
 2.00000e+00
 2.00000e+00
 2.00000e+00
 2.00000e+00
 2.00000e+00
 2.00000e+00
 2.00000e+00
 2.00000e+00
 2.00000e+00
 2.00000e+00
 2.00000e+00
 2.00000e+00
 2.00000e+00
 2.00000e+00
 2.00000e+00
 2.00000e+00
 2.00000e+00
 2.00000e+00
 2.00000e+00
 2.00000e+00
 2.00000e+00
 2.00000e+00
 2.00000e+00
 2.00000e+00
 2.00000e+00
 2.00000e+00
 2.00000e+00
 2.00000e+00
 2.00000e+00
 2.00000e+00
 2.00000e+00
 2.00000e+00
 2.00000e+00
 2.00000e+00
 2.00000e+00
 2.00000e+00
 2.00000e+00
 2.00000e+00
 2.00000e+00
 2.00000e+00
 2.00000e+00
 2.00000e+00
 2.00000e+00
 2.00000e+00
 2.00000e+00
 2.00000e+00
 2.00000e+00
 2.00000e+00
 2.00000e+00
 2.00000e+00
 2.00000e+00
 2.00000e+00
 2.00000e+00
 2.00000e+00
 2.00000e+00
 2.00000e+00
 2.00000e+00
 2.00000e+00
 2.00000e+00
 2.00000e+00
 2.00000e+00
 2.00000e+00
 2.00000e+00
 2.00000e+00
 2.00000e+00
 2.00000e+00
 2.00000e+00
 2.00000e+00
 2.00000e+00
 2.00000e+00
 2.00000e+00
 2.00000e+00
 2.00000e+00
 2.00000e+00
 2.00000e+00
 2.00000e+00
 2.00000e+00
 2.00000e+00
 2.00000e+00
 2.00000e+00
 2.00000e+00
 2.00000e+00
 2.00000e+00
 2.00000e+00
 2.00000e+00
 2.00000e+00
 2.00000e+00
 2.00000e+00
 2.00000e+00
 2.00000e+00
 2.00000e+00
 2.00000e+00
 2.00000e+00
 2.00000e+00
 2.00000e+00
 2.00000e+00
 2.00000e+00
 2.00000e+00
 2.00000e+00
 2.00000e+00
 2.00000e+00
 2.00000e+00
 2.00000e+00
 2.00000e+00
 2.00000e+00
 2.00000e+00
 2.00000e+00
 2.00000e+00
 2.00000e+00
 2.00000e+00
 2.00000e+00
 2.00000e+00
 2.00000e+00
 2.00000e+00
 2.00000e+00
 2.00000e+00
 2.00000e+00
 2.00000e+00
 2.00000e+00
 2.00000e+00
 2.00000e+00
 2.00000e+00
 2.00000e+00
 2.00000e+00
 2.00000e+00
 2.00000e+00
 2.00000e+00
 2.00000e+00
 2.00000e+00
 2.00000e+00
 2.00000e+00
 2.00000e+00
 2.00000e+00
 2.00000e+00
 2.00000e+00
 2.00000e+00
 2.00000e+00
 2.00000e+00
 2.00000e+00
 2.00000e+00
 2.00000e+00
 2.00000e+00
 2.00000e+00
 2.00000e+00
 2.00000e+00
 2.00000e+00
 2.00000e+00
 2.00000e+00
 2.00000e+00
 2.00000e+00
 2.00000e+00
 2.00000e+00
 2.00000e+00
 2.00000e+00
 2.00000e+00
 2.00000e+00
 2.00000e+00
 2.00000e+00
 2.00000e+00
 2.00000e+00
 2.00000e+00
 2.00000e+00
 2.00000e+00
 2.00000e+00
 2.00000e+00
 2.00000e+00
 2.00000e+00
 2.00000e+00
 2.00000e+00
 2.00000e+00
 2.00000e+00
 2.00000e+00
 2.00000e+00
 2.00000e+00
 2.00000e+00
 2.00000e+00
 2.00000e+00
 2.00000e+00
 2.00000e+00
 2.00000e+00
 2.00000e+00
 2.00000e+00
 2.00000e+00
 2.00000e+00
 2.00000e+00
 2.00000e+00
 2.00000e+00
 2.00000e+00
 2.00000e+00
 2.00000e+00
 2.00000e+00
 2.00000e+00
 2.00000e+00
 2.00000e+00
 2.00000e+00
 2.00000e+00
 2.00000e+00
 2.00000e+00
 2.00000e+00
 2.00000e+00
 2.00000e+00
 2.00000e+00
 2.00000e+00
 2.00000e+00
 2.00000e+00
 2.00000e+00
 2.00000e+00
 2.00000e+00
 2.00000e+00
 2.00000e+00
 2.00000e+00
 2.00000e+00
 2.00000e+00
 2.00000e+00
 2.00000e+00
 2.00000e+00
 2.00000e+00
 2.00000e+00
 2.00000e+00
 2.00000e+00
 2.00000e+00
 2.00000e+00
 2.00000e+00
 2.00000e+00
 2.00000e+00
 2.00000e+00
 2.00000e+00
 2.00000e+00
 2.00000e+00
 2.00000e+00
 2.00000e+00
 2.00000e+00
 2.00000e+00
 2.00000e+00
 2.00000e+00
 2.00000e+00
 2.00000e+00
 2.00000e+00
 2.00000e+00
 2.00000e+00
 2.00000e+00
 2.00000e+00
 2.00000e+00
 2.00000e+00
 2.00000e+00
 2.00000e+00
 2.00000e+00
 2.00000e+00
 2.00000e+00
 2.00000e+00
 2.00000e+00
 2.00000e+00
 2.00000e+00
 2.00000e+00
 2.00000e+00
 2.00000e+00
 2.00000e+00
 2.00000e+00
 2.00000e+00
 2.00000e+00
 2.00000e+00
 2.00000e+00
 2.00000e+00
 2.00000e+00
 2.00000e+00
 2.00000e+00
 2.00000e+00
 2.00000e+00
 2.00000e+00
 2.00000e+00
 2.00000e+00
 2.00000e+00
 2.00000e+00
 2.00000e+00
 2.00000e+00
 2.00000e+00
 2.00000e+00
 2.00000e+00
 2.00000e+00
 2.00000e+00
 2.00000e+00
 2.00000e+00
 2.00000e+00
 2.00000e+00
 2.00000e+00
 2.00000e+00
 2.00000e+00
 2.00000e+00
 2.00000e+00
 2.00000e+00
 2.00000e+00
 2.00000e+00
 2.00000e+00
 2.00000e+00
 2.00000e+00
 2.00000e+00
 2.00000e+00
 2.00000e+00
 2.00000e+00
 2.00000e+00
 2.00000e+00
 2.00000e+00
 2.00000e+00
 2.00000e+00
 2.00000e+00
 2.00000e+00
 2.00000e+00
 2.00000e+00
 2.00000e+00
 2.00000e+00
 2.00000e+00
 2.00000e+00
 2.00000e+00
 2.00000e+00
 2.00000e+00
 2.00000e+00
 2.00000e+00
 2.00000e+00
 2.00000e+00
 2.00000e+00
 2.00000e+00
 2.00000e+00
 2.00000e+00
 2.00000e+00
 2.00000e+00
 2.00000e+00
 2.00000e+00
 2.00000e+00
 2.00000e+00
 2.00000e+00
 2.00000e+00
 2.00000e+00
 2.00000e+00
 2.00000e+00
 2.00000e+00
 2.00000e+00
 2.00000e+00
 2.00000e+00
 2.00000e+00
 2.00000e+00
 2.00000e+00
 2.00000e+00
 2.00000e+00
 2.00000e+00
 2.00000e+00
 2.00000e+00
 2.00000e+00
 2.00000e+00
 2.00000e+00
 2.00000e+00
 2.00000e+00
 2.00000e+00
 2.00000e+00
 2.00000e+00
 2.00000e+00
 2.00000e+00
 2.00000e+00
 2.00000e+00
 2.00000e+00
 2.00000e+00
 2.00000e+00
 2.00000e+00
 2.00000e+00
 2.00000e+00
 2.00000e+00
 2.00000e+00
 2.00000e+00
 2.00000e+00
 2.00000e+00
 2.00000e+00
 2.00000e+00
 2.00000e+00
 2.00000e+00
 2.00000e+00
 2.00000e+00
 2.00000e+00
 2.00000e+00
 2.00000e+00
 2.00000e+00
 2.00000e+00
 2.00000e+00
 2.00000e+00
 2.00000e+00
 2.00000e+00
 2.00000e+00
 2.00000e+00
 2.00000e+00
 2.00000e+00
 2.00000e+00
 2.00000e+00
 2.00000e+00
 2.00000e+00
 2.00000e+00
 2.00000e+00
 2.00000e+00
 2.00000e+00
 2.00000e+00
 2.00000e+00
 2.00000e+00
 2.00000e+00
 2.00000e+00
 2.00000e+00
 2.00000e+00
 2.00000e+00
 2.00000e+00
 2.00000e+00
 2.00000e+00
 2.00000e+00
 2.00000e+00
 2.00000e+00
 2.00000e+00
 2.00000e+00
 2.00000e+00
 2.00000e+00
 2.00000e+00
 2.00000e+00
 2.00000e+00
 2.00000e+00
 2.00000e+00
 2.00000e+00
 2.00000e+00
 2.00000e+00
 2.00000e+00
 2.00000e+00
 2.00000e+00
 2.00000e+00
 2.00000e+00
 2.00000e+00
 2.00000e+00
 2.00000e+00
 2.00000e+00
 2.00000e+00
 2.00000e+00
 2.00000e+00
 2.00000e+00
 2.00000e+00
 2.00000e+00
 2.00000e+00
 2.00000e+00
 2.00000e+00
 2.00000e+00
 2.00000e+00
 2.00000e+00
 2.00000e+00
 2.00000e+00
 2.00000e+00
 2.00000e+00
 2.00000e+00
 2.00000e+00
 2.00000e+00
 2.00000e+00
 2.00000e+00
 2.00000e+00
 2.00000e+00
 2.00000e+00
 2.00000e+00
 2.00000e+00
 2.00000e+00
 2.00000e+00
 2.00000e+00
 2.00000e+00
 2.00000e+00
 2.00000e+00
 2.00000e+00
 2.00000e+00
 2.00000e+00
 2.00000e+00
 2.00000e+00
 2.00000e+00
 2.00000e+00
 2.00000e+00
 2.00000e+00
 2.00000e+00
 2.00000e+00
 2.00000e+00
 2.00000e+00
 2.00000e+00
 2.00000e+00
 2.00000e+00
 2.00000e+00
 2.00000e+00
 2.00000e+00
 2.00000e+00
 2.00000e+00
 2.00000e+00
 2.00000e+00
 2.00000e+00
 2.00000e+00
 2.00000e+00
 2.00000e+00
 2.00000e+00
 2.00000e+00
 2.00000e+00
 2.00000e+00
 2.00000e+00
 2.00000e+00
 2.00000e+00
 2.00000e+00
 2.00000e+00
 2.00000e+00
 2.00000e+00
 2.00000e+00
 2.00000e+00
 2.00000e+00
 2.00000e+00
 2.00000e+00
 2.00000e+00
 2.00000e+00
 2.00000e+00
 2.00000e+00
 2.00000e+00
 2.00000e+00
 2.00000e+00
 2.00000e+00
 2.00000e+00
 2.00000e+00
 2.00000e+00
 2.00000e+00
 2.00000e+00
 2.00000e+00
 2.00000e+00
 2.00000e+00
 2.00000e+00
 2.00000e+00
 2.00000e+00
 2.00000e+00
 2.00000e+00
 2.00000e+00
 2.00000e+00
 2.00000e+00
 2.00000e+00
 2.00000e+00
 2.00000e+00
 2.00000e+00
 2.00000e+00
 2.00000e+00
 2.00000e+00
 2.00000e+00
 2.00000e+00
 2.00000e+00
 2.00000e+00
 2.00000e+00
 2.00000e+00
 2.00000e+00
 2.00000e+00
 2.00000e+00
 2.00000e+00
 2.00000e+00
 2.00000e+00
 2.00000e+00
 2.00000e+00
 2.00000e+00
 2.00000e+00
 2.00000e+00
 2.00000e+00
 2.00000e+00
 2.00000e+00
 2.00000e+00
 2.00000e+00
 2.00000e+00
 2.00000e+00
 2.00000e+00
 2.00000e+00
 2.00000e+00
 2.00000e+00
 2.00000e+00
 2.00000e+00
 2.00000e+00
 2.00000e+00
 2.00000e+00
 2.00000e+00
 2.00000e+00
 2.00000e+00
 2.00000e+00
 2.00000e+00
 2.00000e+00
 2.00000e+00
 2.00000e+00
 2.00000e+00
 2.00000e+00
 2.00000e+00
 2.00000e+00
 2.00000e+00
 2.00000e+00
 2.00000e+00
 2.00000e+00
 2.00000e+00
 2.00000e+00
 2.00000e+00
 2.00000e+00
 2.00000e+00
 2.00000e+00
 2.00000e+00
 2.00000e+00
 2.00000e+00
 2.00000e+00
 2.00000e+00
 2.00000e+00
 2.00000e+00
 2.00000e+00
 2.00000e+00
 2.00000e+00
 2.00000e+00
 2.00000e+00
 2.00000e+00
 2.00000e+00
 2.00000e+00
 2.00000e+00
 2.00000e+00
 2.00000e+00
 2.00000e+00
 2.00000e+00
 2.00000e+00
 2.00000e+00
 2.00000e+00
 2.00000e+00
 2.00000e+00
 2.00000e+00
 2.00000e+00
 2.00000e+00
 2.00000e+00
 2.00000e+00
 2.00000e+00
 2.00000e+00
 2.00000e+00
 2.00000e+00
 2.00000e+00
 2.00000e+00
 2.00000e+00
 2.00000e+00
 2.00000e+00
 2.00000e+00
 2.00000e+00
 2.00000e+00
 2.00000e+00
 2.00000e+00
 2.00000e+00
 2.00000e+00
 2.00000e+00
 2.00000e+00
 2.00000e+00
 2.00000e+00
 2.00000e+00
 2.00000e+00
 2.00000e+00
 2.00000e+00
 2.00000e+00
 2.00000e+00
 2.00000e+00
 2.00000e+00
 2.00000e+00
 2.00000e+00
 2.00000e+00
 2.00000e+00
 2.00000e+00
 2.00000e+00
 2.00000e+00
 2.00000e+00
 2.00000e+00
 2.00000e+00
 2.00000e+00
 2.00000e+00
 2.00000e+00
 2.00000e+00
 2.00000e+00
 2.00000e+00
 2.00000e+00
 2.00000e+00
 2.00000e+00
 2.00000e+00
 2.00000e+00
 2.00000e+00
 2.00000e+00
 2.00000e+00
 2.00000e+00
 2.00000e+00
 2.00000e+00
 2.00000e+00
 2.00000e+00
 2.00000e+00
 2.00000e+00
 2.00000e+00
 2.00000e+00
 2.00000e+00
 2.00000e+00
 2.00000e+00
 2.00000e+00
 2.00000e+00
 2.00000e+00
 2.00000e+00
 2.00000e+00
 2.00000e+00
 2.00000e+00
 2.00000e+00
 2.00000e+00
 2.00000e+00
 2.00000e+00
 2.00000e+00
 2.00000e+00
 2.00000e+00
 2.00000e+00
 2.00000e+00
 2.00000e+00
 2.00000e+00
 2.00000e+00
 2.00000e+00
 2.00000e+00
 2.00000e+00
 2.00000e+00
 2.00000e+00
 2.00000e+00
 2.00000e+00
 2.00000e+00
 2.00000e+00
 2.00000e+00
 2.00000e+00
 2.00000e+00
 2.00000e+00
 2.00000e+00
 2.00000e+00
 2.00000e+00
 2.00000e+00
 2.00000e+00
 2.00000e+00
 2.00000e+00
 2.00000e+00
 2.00000e+00
 2.00000e+00
 2.00000e+00
 2.00000e+00
 2.00000e+00
 2.00000e+00
 2.00000e+00
 2.00000e+00
 2.00000e+00
 2.00000e+00
 2.00000e+00
 2.00000e+00
 2.00000e+00
 2.00000e+00
 2.00000e+00
 2.00000e+00
 2.00000e+00
 2.00000e+00
 2.00000e+00
 2.00000e+00
 2.00000e+00
 2.00000e+00
 2.00000e+00
 2.00000e+00
 2.00000e+00
 2.00000e+00
 2.00000e+00
 2.00000e+00
 2.00000e+00
 2.00000e+00
 2.00000e+00
 2.00000e+00
 2.00000e+00
 2.00000e+00
 2.00000e+00
 2.00000e+00
 2.00000e+00
 2.00000e+00
 2.00000e+00
 2.00000e+00
 2.00000e+00
 2.00000e+00
 2.00000e+00
 2.00000e+00
 2.00000e+00
 2.00000e+00
 2.00000e+00
 2.00000e+00
 2.00000e+00
 2.00000e+00
 2.00000e+00
 2.00000e+00
 2.00000e+00
 2.00000e+00
 2.00000e+00
 2.00000e+00
 2.00000e+00
 2.00000e+00
 2.00000e+00
 2.00000e+00
 2.00000e+00
 2.00000e+00
 2.00000e+00
 2.00000e+00
 2.00000e+00
 2.00000e+00
 2.00000e+00
 2.00000e+00
 2.00000e+00
 2.00000e+00
 2.00000e+00
 2.00000e+00
 2.00000e+00
 2.00000e+00
 2.00000e+00
 2.00000e+00
 2.00000e+00
 2.00000e+00
 2.00000e+00
 2.00000e+00
 2.00000e+00
 2.00000e+00
 2.00000e+00
 2.00000e+00
 2.00000e+00
 2.00000e+00
 2.00000e+00
 2.00000e+00
 2.00000e+00
 2.00000e+00
 2.00000e+00
 2.00000e+00
 2.00000e+00
 2.00000e+00
 2.00000e+00
 2.00000e+00
 2.00000e+00
 2.00000e+00
 2.00000e+00
 2.00000e+00
 2.00000e+00
 2.00000e+00
 2.00000e+00
 2.00000e+00
 2.00000e+00
 2.00000e+00
 2.00000e+00
 2.00000e+00
 2.00000e+00
 2.00000e+00
 2.00000e+00
 2.00000e+00
 2.00000e+00
 2.00000e+00
 2.00000e+00
 2.00000e+00
 2.00000e+00
 2.00000e+00
 2.00000e+00
 2.00000e+00
 2.00000e+00
 2.00000e+00
 2.00000e+00
 2.00000e+00
 2.00000e+00
 2.00000e+00
 2.00000e+00
 2.00000e+00
 2.00000e+00
 2.00000e+00
 2.00000e+00
 2.00000e+00
 2.00000e+00
 2.00000e+00
 2.00000e+00
 2.00000e+00
 2.00000e+00
 2.00000e+00
 2.00000e+00
 2.00000e+00
 2.00000e+00
 2.00000e+00
 2.00000e+00
 2.00000e+00
 2.00000e+00
 2.00000e+00
 2.00000e+00
 2.00000e+00
 2.00000e+00
 2.00000e+00
 2.00000e+00
 2.00000e+00
 2.00000e+00
 2.00000e+00
 2.00000e+00
 2.00000e+00
 2.00000e+00
 2.00000e+00
 2.00000e+00
 2.00000e+00
 2.00000e+00
 2.00000e+00
 2.00000e+00
 2.00000e+00
 2.00000e+00
 2.00000e+00
 2.00000e+00
 2.00000e+00
 2.00000e+00
 2.00000e+00
 2.00000e+00
 2.00000e+00
 2.00000e+00
 2.00000e+00
 2.00000e+00
 2.00000e+00
 2.00000e+00
 2.00000e+00
 2.00000e+00
 2.00000e+00
 2.00000e+00
 2.00000e+00
 2.00000e+00
 2.00000e+00
 2.00000e+00
 2.00000e+00
 2.00000e+00
 2.00000e+00
 2.00000e+00
 2.00000e+00
 2.00000e+00
 2.00000e+00
 2.00000e+00
 2.00000e+00
 2.00000e+00
 2.00000e+00
 2.00000e+00
 2.00000e+00
 2.00000e+00
 2.00000e+00
 2.00000e+00
 2.00000e+00
 2.00000e+00
 2.00000e+00
 2.00000e+00
 2.00000e+00
 2.00000e+00
 2.00000e+00
 2.00000e+00
 2.00000e+00
 2.00000e+00
 2.00000e+00
 2.00000e+00
 2.00000e+00
 2.00000e+00
 2.00000e+00
 2.00000e+00
 2.00000e+00
 2.00000e+00
 2.00000e+00
 2.00000e+00
 2.00000e+00
 2.00000e+00
 2.00000e+00
 2.00000e+00
 2.00000e+00
 2.00000e+00
 2.00000e+00
 2.00000e+00
 2.00000e+00
 2.00000e+00
 2.00000e+00
 2.00000e+00
 2.00000e+00
 2.00000e+00
 2.00000e+00
 2.00000e+00
 2.00000e+00
 2.00000e+00
 2.00000e+00
 2.00000e+00
 2.00000e+00
 2.00000e+00
 2.00000e+00
 2.00000e+00
 2.00000e+00
 2.00000e+00
 2.00000e+00
 2.00000e+00
 2.00000e+00
 2.00000e+00
 2.00000e+00
 2.00000e+00
 2.00000e+00
 2.00000e+00
 2.00000e+00
 2.00000e+00
 2.00000e+00
 2.00000e+00
 2.00000e+00
 2.00000e+00
 2.00000e+00
 2.00000e+00
 2.00000e+00
 2.00000e+00
 2.00000e+00
 2.00000e+00
 2.00000e+00
 2.00000e+00
 2.00000e+00
 2.00000e+00
 2.00000e+00
 2.00000e+00
 2.00000e+00
 2.00000e+00
 2.00000e+00
 2.00000e+00
 2.00000e+00
 2.00000e+00
 2.00000e+00
 2.00000e+00
 2.00000e+00
 2.00000e+00
 2.00000e+00
 2.00000e+00
 2.00000e+00
 2.00000e+00
 2.00000e+00
 2.00000e+00
 2.00000e+00
 2.00000e+00
 2.00000e+00
 2.00000e+00
 2.00000e+00
 2.00000e+00
 2.00000e+00
 2.00000e+00
 2.00000e+00
 2.00000e+00
 2.00000e+00
 2.00000e+00
 2.00000e+00
 2.00000e+00
 2.00000e+00
 2.00000e+00
 2.00000e+00
 2.00000e+00
 2.00000e+00
 2.00000e+00
 2.00000e+00
 2.00000e+00
 2.00000e+00
 2.00000e+00
 2.00000e+00
 2.00000e+00
 2.00000e+00
 2.00000e+00
 2.00000e+00
 2.00000e+00
 2.00000e+00
 2.00000e+00
 2.00000e+00
 2.00000e+00
 2.00000e+00
 2.00000e+00
 2.00000e+00
 2.00000e+00
 2.00000e+00
 2.00000e+00
 2.00000e+00
 2.00000e+00
 2.00000e+00
 2.00000e+00
 2.00000e+00
 2.00000e+00
 2.00000e+00
 2.00000e+00
 2.00000e+00
 2.00000e+00
 2.00000e+00
 2.00000e+00
 2.00000e+00
 2.00000e+00
 2.00000e+00
 2.00000e+00
 2.00000e+00
 2.00000e+00
 2.00000e+00
 2.00000e+00
 2.00000e+00
 2.00000e+00
 2.00000e+00
 2.00000e+00
 2.00000e+00
 2.00000e+00
 2.00000e+00
 2.00000e+00
 2.00000e+00
 2.00000e+00
 2.00000e+00
 2.00000e+00
 2.00000e+00
 2.00000e+00
 2.00000e+00
 2.00000e+00
 2.00000e+00
 2.00000e+00
 2.00000e+00
 2.00000e+00
 2.00000e+00
 2.00000e+00
 2.00000e+00
 2.00000e+00
 2.00000e+00
 2.00000e+00
 2.00000e+00
 2.00000e+00
 2.00000e+00
 2.00000e+00
 2.00000e+00
 2.00000e+00
 2.00000e+00
 2.00000e+00
 2.00000e+00
 2.00000e+00
 2.00000e+00
 2.00000e+00
 2.00000e+00
 2.00000e+00
 2.00000e+00
 2.00000e+00
 2.00000e+00
 2.00000e+00
 2.00000e+00
 2.00000e+00
 2.00000e+00
 2.00000e+00
 2.00000e+00
 2.00000e+00
 2.00000e+00
 2.00000e+00
 2.00000e+00
 2.00000e+00
 2.00000e+00
 2.00000e+00
 2.00000e+00
 2.00000e+00
 2.00000e+00
 2.00000e+00
 2.00000e+00
 2.00000e+00
 2.00000e+00
 2.00000e+00
 2.00000e+00
 2.00000e+00
 2.00000e+00
 2.00000e+00
 2.00000e+00
 2.00000e+00
 2.00000e+00
 2.00000e+00
 2.00000e+00
 2.00000e+00
 2.00000e+00
 2.00000e+00
 2.00000e+00
 2.00000e+00
 2.00000e+00
 2.00000e+00
 2.00000e+00
 2.00000e+00
 2.00000e+00
 2.00000e+00
 2.00000e+00
 2.00000e+00
 2.00000e+00
 2.00000e+00
 2.00000e+00
 2.00000e+00
 2.00000e+00
 2.00000e+00
 2.00000e+00
 2.00000e+00
 2.00000e+00
 2.00000e+00
 2.00000e+00
 2.00000e+00
 2.00000e+00
 2.00000e+00
 2.00000e+00
 2.00000e+00
 2.00000e+00
 2.00000e+00
 2.00000e+00
 2.00000e+00
 2.00000e+00
 2.00000e+00
 2.00000e+00
 2.00000e+00
 2.00000e+00
 2.00000e+00
 2.00000e+00
 2.00000e+00
 2.00000e+00
 2.00000e+00
 2.00000e+00
 2.00000e+00
 2.00000e+00
 2.00000e+00
 2.00000e+00
 2.00000e+00
 2.00000e+00
 2.00000e+00
 2.00000e+00
 2.00000e+00
 2.00000e+00
 2.00000e+00
 2.00000e+00
 2.00000e+00
 2.00000e+00
 2.00000e+00
 2.00000e+00
 2.00000e+00
 2.00000e+00
 2.00000e+00
 2.00000e+00
 2.00000e+00
 2.00000e+00
 2.00000e+00
 2.00000e+00
 2.00000e+00
 2.00000e+00
 2.00000e+00
 2.00000e+00
 2.00000e+00
 2.00000e+00
 2.00000e+00
 2.00000e+00
 2.00000e+00
 2.00000e+00
 2.00000e+00
 2.00000e+00
 2.00000e+00
 2.00000e+00
 2.00000e+00
 2.00000e+00
 2.00000e+00
 2.00000e+00
 2.00000e+00
 2.00000e+00
 2.00000e+00
 2.00000e+00
 2.00000e+00
 2.00000e+00
 2.00000e+00
 2.00000e+00
 2.00000e+00
 2.00000e+00
 2.00000e+00
 2.00000e+00
 2.00000e+00
 2.00000e+00
 2.00000e+00
 2.00000e+00
 2.00000e+00
 2.00000e+00
 2.00000e+00
 2.00000e+00
 2.00000e+00
 2.00000e+00
 2.00000e+00
 2.00000e+00
 2.00000e+00
 2.00000e+00
 2.00000e+00
 2.00000e+00
 2.00000e+00
 2.00000e+00
 2.00000e+00
 2.00000e+00
 2.00000e+00
 2.00000e+00
 2.00000e+00
 2.00000e+00
 2.00000e+00
 2.00000e+00
 2.00000e+00
 2.00000e+00
 2.00000e+00
 2.00000e+00
 2.00000e+00
 2.00000e+00
 2.00000e+00
 2.00000e+00
 2.00000e+00
 2.00000e+00
 2.00000e+00
 2.00000e+00
 2.00000e+00
 2.00000e+00
 2.00000e+00
 2.00000e+00
 2.00000e+00
 2.00000e+00
 2.00000e+00
 2.00000e+00
 2.00000e+00
 2.00000e+00
 2.00000e+00
 2.00000e+00
 2.00000e+00
 2.00000e+00
 2.00000e+00
 2.00000e+00
 2.00000e+00
 2.00000e+00
 2.00000e+00
 2.00000e+00
 2.00000e+00
 2.00000e+00
 2.00000e+00
 2.00000e+00
 2.00000e+00
 2.00000e+00
 2.00000e+00
 2.00000e+00
 2.00000e+00
 2.00000e+00
 2.00000e+00
 2.00000e+00
 2.00000e+00
 2.00000e+00
 2.00000e+00
 2.00000e+00
 2.00000e+00
 2.00000e+00
 2.00000e+00
 2.00000e+00
 2.00000e+00
 2.00000e+00
 2.00000e+00
 2.00000e+00
 2.00000e+00
 2.00000e+00
 2.00000e+00
 2.00000e+00
 2.00000e+00
 2.00000e+00
 2.00000e+00
 2.00000e+00
 2.00000e+00
 2.00000e+00
 2.00000e+00
 2.00000e+00
 2.00000e+00
 2.00000e+00
 2.00000e+00
 2.00000e+00
 2.00000e+00
 2.00000e+00
 2.00000e+00
 2.00000e+00
 2.00000e+00
 2.00000e+00
 2.00000e+00
 2.00000e+00
 2.00000e+00
 2.00000e+00
 2.00000e+00
 2.00000e+00
 2.00000e+00
 2.00000e+00
 2.00000e+00
 2.00000e+00
 2.00000e+00
 2.00000e+00
 2.00000e+00
 2.00000e+00
 2.00000e+00
 2.00000e+00
 2.00000e+00
 2.00000e+00
 2.00000e+00
 2.00000e+00
 2.00000e+00
 2.00000e+00
 2.00000e+00
 2.00000e+00
 2.00000e+00
 2.00000e+00
 2.00000e+00
 2.00000e+00
 2.00000e+00
 2.00000e+00
 2.00000e+00
 2.00000e+00
 2.00000e+00
 2.00000e+00
 2.00000e+00
 2.00000e+00
 2.00000e+00
 2.00000e+00
 2.00000e+00
 2.00000e+00
 2.00000e+00
 2.00000e+00
 2.00000e+00
 2.00000e+00
 2.00000e+00
 2.00000e+00
 2.00000e+00
 2.00000e+00
 2.00000e+00
 2.00000e+00
 2.00000e+00
 2.00000e+00
 2.00000e+00
 2.00000e+00
 2.00000e+00
 2.00000e+00
 2.00000e+00
 2.00000e+00
 2.00000e+00
 2.00000e+00
 2.00000e+00
 2.00000e+00
 2.00000e+00
 2.00000e+00
 2.00000e+00
 2.00000e+00
 2.00000e+00
 2.00000e+00
 2.00000e+00
 2.00000e+00
 2.00000e+00
 2.00000e+00
