Velocity
part
         1
coordinates
 0.00000e+00
 0.00000e+00
 0.00000e+00
 0.00000e+00
 0.00000e+00
 0.00000e+00
 0.00000e+00
 0.00000e+00
 0.00000e+00
 7.67164e-15
 2.10836e-13
 2.11404e-12
 1.86820e-11
 1.53090e-10
 1.16996e-09
 8.31166e-09
 5.46882e-08
 3.31838e-07
 1.84767e-06
 9.38565e-06
 4.31956e-05
 1.78622e-04
 6.57041e-04
 2.12494e-03
 5.96887e-03
 1.44217e-02
 2.99015e-02
 5.36908e-02
 8.52175e-02
 1.22760e-01
 1.64653e-01
 2.09864e-01
 2.57929e-01
 3.08723e-01
 3.62296e-01
 4.18797e-01
 4.78435e-01
 5.41455e-01
 6.08109e-01
 6.78566e-01
 7.52705e-01
 8.29467e-01
 9.04769e-01
 9.64392e-01
 9.70891e-01
 9.47464e-01
 9.34127e-01
 9.30061e-01
 9.28646e-01
 9.27804e-01
 9.27348e-01
 9.27279e-01
 9.27216e-01
 9.27156e-01
 9.27098e-01
 9.27041e-01
 9.26983e-01
 9.26922e-01
 9.26857e-01
 9.26789e-01
 9.26716e-01
 9.26640e-01
 9.26562e-01
 9.26484e-01
 9.26406e-01
 9.26330e-01
 9.26258e-01
 9.26188e-01
 9.26118e-01
 9.26042e-01
 9.25951e-01
 9.25829e-01
 9.25652e-01
 9.25377e-01
 9.24934e-01
 9.24193e-01
 9.22907e-01
 9.20605e-01
 9.16392e-01
 9.08631e-01
 8.94519e-01
 8.69736e-01
 8.28516e-01
 7.64461e-01
 6.72255e-01
 5.50604e-01
 4.06613e-01
 2.59564e-01
 1.37295e-01
 5.94464e-02
 2.20259e-02
 7.48744e-03
 2.45014e-03
 7.88250e-04
 2.51083e-04
 7.93185e-05
 2.48463e-05
 7.70824e-06
 2.35225e-06
 6.56745e-07
 0.00000e+00
 0.00000e+00
 1.35478e-15
 1.35478e-15
 1.35478e-15
 1.35478e-15
 1.35478e-15
 1.35478e-15
 1.35478e-15
 1.35478e-15
 8.97125e-15
 2.11773e-13
 2.11662e-12
 1.86827e-11
 1.53093e-10
 1.16997e-09
 8.31166e-09
 5.46882e-08
 3.31838e-07
 1.84767e-06
 9.38565e-06
 4.31956e-05
 1.78622e-04
 6.57041e-04
 2.12494e-03
 5.96887e-03
 1.44217e-02
 2.99015e-02
 5.36908e-02
 8.52175e-02
 1.22760e-01
 1.64653e-01
 2.09864e-01
 2.57929e-01
 3.08723e-01
 3.62296e-01
 4.18797e-01
 4.78435e-01
 5.41455e-01
 6.08109e-01
 6.78566e-01
 7.52705e-01
 8.29467e-01
 9.04769e-01
 9.64392e-01
 9.70891e-01
 9.47464e-01
 9.34127e-01
 9.30061e-01
 9.28646e-01
 9.27804e-01
 9.27348e-01
 9.27279e-01
 9.27216e-01
 9.27156e-01
 9.27098e-01
 9.27041e-01
 9.26983e-01
 9.26922e-01
 9.26857e-01
 9.26789e-01
 9.26716e-01
 9.26640e-01
 9.26562e-01
 9.26484e-01
 9.26406e-01
 9.26330e-01
 9.26258e-01
 9.26188e-01
 9.26118e-01
 9.26042e-01
 9.25951e-01
 9.25829e-01
 9.25652e-01
 9.25377e-01
 9.24934e-01
 9.24193e-01
 9.22907e-01
 9.20605e-01
 9.16392e-01
 9.08631e-01
 8.94519e-01
 8.69736e-01
 8.28516e-01
 7.64461e-01
 6.72255e-01
 5.50604e-01
 4.06613e-01
 2.59564e-01
 1.37295e-01
 5.94464e-02
 2.20259e-02
 7.48744e-03
 2.45014e-03
 7.88250e-04
 2.51083e-04
 7.93185e-05
 2.48463e-05
 7.70824e-06
 2.35225e-06
 6.56745e-07
 0.00000e+00
 0.00000e+00
 0.00000e+00
 0.00000e+00
 0.00000e+00
 0.00000e+00
 0.00000e+00
 0.00000e+00
 0.00000e+00
 0.00000e+00
 7.52458e-15
 2.09987e-13
 2.11447e-12
 1.86835e-11
 1.53092e-10
 1.16996e-09
 8.31166e-09
 5.46882e-08
 3.31838e-07
 1.84767e-06
 9.38565e-06
 4.31956e-05
 1.78622e-04
 6.57041e-04
 2.12494e-03
 5.96887e-03
 1.44217e-02
 2.99015e-02
 5.36908e-02
 8.52175e-02
 1.22760e-01
 1.64653e-01
 2.09864e-01
 2.57929e-01
 3.08723e-01
 3.62296e-01
 4.18797e-01
 4.78435e-01
 5.41455e-01
 6.08109e-01
 6.78566e-01
 7.52705e-01
 8.29467e-01
 9.04769e-01
 9.64392e-01
 9.70891e-01
 9.47464e-01
 9.34127e-01
 9.30061e-01
 9.28646e-01
 9.27804e-01
 9.27348e-01
 9.27279e-01
 9.27216e-01
 9.27156e-01
 9.27098e-01
 9.27041e-01
 9.26983e-01
 9.26922e-01
 9.26857e-01
 9.26789e-01
 9.26716e-01
 9.26640e-01
 9.26562e-01
 9.26484e-01
 9.26406e-01
 9.26330e-01
 9.26258e-01
 9.26188e-01
 9.26118e-01
 9.26042e-01
 9.25951e-01
 9.25829e-01
 9.25652e-01
 9.25377e-01
 9.24934e-01
 9.24193e-01
 9.22907e-01
 9.20605e-01
 9.16392e-01
 9.08631e-01
 8.94519e-01
 8.69736e-01
 8.28516e-01
 7.64461e-01
 6.72255e-01
 5.50604e-01
 4.06613e-01
 2.59564e-01
 1.37295e-01
 5.94464e-02
 2.20259e-02
 7.48744e-03
 2.45014e-03
 7.88250e-04
 2.51083e-04
 7.93185e-05
 2.48463e-05
 7.70824e-06
 2.35225e-06
 6.56745e-07
 0.00000e+00
 0.00000e+00
-1.35478e-15
-1.35478e-15
-1.35478e-15
-1.35478e-15
-1.35478e-15
-1.35478e-15
-1.35478e-15
-1.35478e-15
 6.34674e-15
 2.08603e-13
 2.11268e-12
 1.86827e-11
 1.53091e-10
 1.16996e-09
 8.31167e-09
 5.46882e-08
 3.31838e-07
 1.84767e-06
 9.38565e-06
 4.31956e-05
 1.78622e-04
 6.57041e-04
 2.12494e-03
 5.96887e-03
 1.44217e-02
 2.99015e-02
 5.36908e-02
 8.52175e-02
 1.22760e-01
 1.64653e-01
 2.09864e-01
 2.57929e-01
 3.08723e-01
 3.62296e-01
 4.18797e-01
 4.78435e-01
 5.41455e-01
 6.08109e-01
 6.78566e-01
 7.52705e-01
 8.29467e-01
 9.04769e-01
 9.64392e-01
 9.70891e-01
 9.47464e-01
 9.34127e-01
 9.30061e-01
 9.28646e-01
 9.27804e-01
 9.27348e-01
 9.27279e-01
 9.27216e-01
 9.27156e-01
 9.27098e-01
 9.27041e-01
 9.26983e-01
 9.26922e-01
 9.26857e-01
 9.26789e-01
 9.26716e-01
 9.26640e-01
 9.26562e-01
 9.26484e-01
 9.26406e-01
 9.26330e-01
 9.26258e-01
 9.26188e-01
 9.26118e-01
 9.26042e-01
 9.25951e-01
 9.25829e-01
 9.25652e-01
 9.25377e-01
 9.24934e-01
 9.24193e-01
 9.22907e-01
 9.20605e-01
 9.16392e-01
 9.08631e-01
 8.94519e-01
 8.69736e-01
 8.28516e-01
 7.64461e-01
 6.72255e-01
 5.50604e-01
 4.06613e-01
 2.59564e-01
 1.37295e-01
 5.94464e-02
 2.20259e-02
 7.48744e-03
 2.45014e-03
 7.88250e-04
 2.51083e-04
 7.93185e-05
 2.48463e-05
 7.70824e-06
 2.35225e-06
 6.56745e-07
 0.00000e+00
 0.00000e+00
 4.06434e-15
 4.06434e-15
 4.06434e-15
 4.06434e-15
 4.06434e-15
 4.06434e-15
 4.06434e-15
 4.06434e-15
 1.15639e-14
 2.13136e-13
 2.11822e-12
 1.86847e-11
 1.53097e-10
 1.16996e-09
 8.31167e-09
 5.46882e-08
 3.31838e-07
 1.84767e-06
 9.38565e-06
 4.31956e-05
 1.78622e-04
 6.57041e-04
 2.12494e-03
 5.96887e-03
 1.44217e-02
 2.99015e-02
 5.36908e-02
 8.52175e-02
 1.22760e-01
 1.64653e-01
 2.09864e-01
 2.57929e-01
 3.08723e-01
 3.62296e-01
 4.18797e-01
 4.78435e-01
 5.41455e-01
 6.08109e-01
 6.78566e-01
 7.52705e-01
 8.29467e-01
 9.04769e-01
 9.64392e-01
 9.70891e-01
 9.47464e-01
 9.34127e-01
 9.30061e-01
 9.28646e-01
 9.27804e-01
 9.27348e-01
 9.27279e-01
 9.27216e-01
 9.27156e-01
 9.27098e-01
 9.27041e-01
 9.26983e-01
 9.26922e-01
 9.26857e-01
 9.26789e-01
 9.26716e-01
 9.26640e-01
 9.26562e-01
 9.26484e-01
 9.26406e-01
 9.26330e-01
 9.26258e-01
 9.26188e-01
 9.26118e-01
 9.26042e-01
 9.25951e-01
 9.25829e-01
 9.25652e-01
 9.25377e-01
 9.24934e-01
 9.24193e-01
 9.22907e-01
 9.20605e-01
 9.16392e-01
 9.08631e-01
 8.94519e-01
 8.69736e-01
 8.28516e-01
 7.64461e-01
 6.72255e-01
 5.50604e-01
 4.06613e-01
 2.59564e-01
 1.37295e-01
 5.94464e-02
 2.20259e-02
 7.48744e-03
 2.45014e-03
 7.88250e-04
 2.51083e-04
 7.93185e-05
 2.48463e-05
 7.70824e-06
 2.35225e-06
 6.56745e-07
 0.00000e+00
 0.00000e+00
-8.12868e-15
-8.12868e-15
-8.12868e-15
-8.12868e-15
-8.12868e-15
-8.12868e-15
-8.12868e-15
-8.12868e-15
-1.03880e-15
 2.00072e-13
 2.10455e-12
 1.86714e-11
 1.53083e-10
 1.16995e-09
 8.31166e-09
 5.46882e-08
 3.31838e-07
 1.84767e-06
 9.38565e-06
 4.31956e-05
 1.78622e-04
 6.57041e-04
 2.12494e-03
 5.96887e-03
 1.44217e-02
 2.99015e-02
 5.36908e-02
 8.52175e-02
 1.22760e-01
 1.64653e-01
 2.09864e-01
 2.57929e-01
 3.08723e-01
 3.62296e-01
 4.18797e-01
 4.78435e-01
 5.41455e-01
 6.08109e-01
 6.78566e-01
 7.52705e-01
 8.29467e-01
 9.04769e-01
 9.64392e-01
 9.70891e-01
 9.47464e-01
 9.34127e-01
 9.30061e-01
 9.28646e-01
 9.27804e-01
 9.27348e-01
 9.27279e-01
 9.27216e-01
 9.27156e-01
 9.27098e-01
 9.27041e-01
 9.26983e-01
 9.26922e-01
 9.26857e-01
 9.26789e-01
 9.26716e-01
 9.26640e-01
 9.26562e-01
 9.26484e-01
 9.26406e-01
 9.26330e-01
 9.26258e-01
 9.26188e-01
 9.26118e-01
 9.26042e-01
 9.25951e-01
 9.25829e-01
 9.25652e-01
 9.25377e-01
 9.24934e-01
 9.24193e-01
 9.22907e-01
 9.20605e-01
 9.16392e-01
 9.08631e-01
 8.94519e-01
 8.69736e-01
 8.28516e-01
 7.64461e-01
 6.72255e-01
 5.50604e-01
 4.06613e-01
 2.59564e-01
 1.37295e-01
 5.94464e-02
 2.20259e-02
 7.48744e-03
 2.45014e-03
 7.88250e-04
 2.51083e-04
 7.93185e-05
 2.48463e-05
 7.70824e-06
 2.35225e-06
 6.56745e-07
 0.00000e+00
 0.00000e+00
-1.35478e-15
-1.35478e-15
-1.35478e-15
-1.35478e-15
-1.35478e-15
-1.35478e-15
-1.35478e-15
-1.35478e-15
 6.29722e-15
 2.09493e-13
 2.11403e-12
 1.86805e-11
 1.53087e-10
 1.16996e-09
 8.31167e-09
 5.46882e-08
 3.31838e-07
 1.84767e-06
 9.38565e-06
 4.31956e-05
 1.78622e-04
 6.57041e-04
 2.12494e-03
 5.96887e-03
 1.44217e-02
 2.99015e-02
 5.36908e-02
 8.52175e-02
 1.22760e-01
 1.64653e-01
 2.09864e-01
 2.57929e-01
 3.08723e-01
 3.62296e-01
 4.18797e-01
 4.78435e-01
 5.41455e-01
 6.08109e-01
 6.78566e-01
 7.52705e-01
 8.29467e-01
 9.04769e-01
 9.64392e-01
 9.70891e-01
 9.47464e-01
 9.34127e-01
 9.30061e-01
 9.28646e-01
 9.27804e-01
 9.27348e-01
 9.27279e-01
 9.27216e-01
 9.27156e-01
 9.27098e-01
 9.27041e-01
 9.26983e-01
 9.26922e-01
 9.26857e-01
 9.26789e-01
 9.26716e-01
 9.26640e-01
 9.26562e-01
 9.26484e-01
 9.26406e-01
 9.26330e-01
 9.26258e-01
 9.26188e-01
 9.26118e-01
 9.26042e-01
 9.25951e-01
 9.25829e-01
 9.25652e-01
 9.25377e-01
 9.24934e-01
 9.24193e-01
 9.22907e-01
 9.20605e-01
 9.16392e-01
 9.08631e-01
 8.94519e-01
 8.69736e-01
 8.28516e-01
 7.64461e-01
 6.72255e-01
 5.50604e-01
 4.06613e-01
 2.59564e-01
 1.37295e-01
 5.94464e-02
 2.20259e-02
 7.48744e-03
 2.45014e-03
 7.88250e-04
 2.51083e-04
 7.93185e-05
 2.48463e-05
 7.70824e-06
 2.35225e-06
 6.56745e-07
 0.00000e+00
 0.00000e+00
-6.77390e-16
-6.77390e-16
-6.77390e-16
-6.77390e-16
-6.77390e-16
-6.77390e-16
-6.77390e-16
-6.77390e-16
 6.96447e-15
 2.10209e-13
 2.11495e-12
 1.86808e-11
 1.53090e-10
 1.16996e-09
 8.31166e-09
 5.46882e-08
 3.31838e-07
 1.84767e-06
 9.38565e-06
 4.31956e-05
 1.78622e-04
 6.57041e-04
 2.12494e-03
 5.96887e-03
 1.44217e-02
 2.99015e-02
 5.36908e-02
 8.52175e-02
 1.22760e-01
 1.64653e-01
 2.09864e-01
 2.57929e-01
 3.08723e-01
 3.62296e-01
 4.18797e-01
 4.78435e-01
 5.41455e-01
 6.08109e-01
 6.78566e-01
 7.52705e-01
 8.29467e-01
 9.04769e-01
 9.64392e-01
 9.70891e-01
 9.47464e-01
 9.34127e-01
 9.30061e-01
 9.28646e-01
 9.27804e-01
 9.27348e-01
 9.27279e-01
 9.27216e-01
 9.27156e-01
 9.27098e-01
 9.27041e-01
 9.26983e-01
 9.26922e-01
 9.26857e-01
 9.26789e-01
 9.26716e-01
 9.26640e-01
 9.26562e-01
 9.26484e-01
 9.26406e-01
 9.26330e-01
 9.26258e-01
 9.26188e-01
 9.26118e-01
 9.26042e-01
 9.25951e-01
 9.25829e-01
 9.25652e-01
 9.25377e-01
 9.24934e-01
 9.24193e-01
 9.22907e-01
 9.20605e-01
 9.16392e-01
 9.08631e-01
 8.94519e-01
 8.69736e-01
 8.28516e-01
 7.64461e-01
 6.72255e-01
 5.50604e-01
 4.06613e-01
 2.59564e-01
 1.37295e-01
 5.94464e-02
 2.20259e-02
 7.48744e-03
 2.45014e-03
 7.88250e-04
 2.51083e-04
 7.93185e-05
 2.48463e-05
 7.70824e-06
 2.35225e-06
 6.56745e-07
 0.00000e+00
 0.00000e+00
 0.00000e+00
 0.00000e+00
 0.00000e+00
 0.00000e+00
 0.00000e+00
 0.00000e+00
 0.00000e+00
 0.00000e+00
 7.54740e-15
 2.10261e-13
 2.11473e-12
 1.86827e-11
 1.53091e-10
 1.16996e-09
 8.31167e-09
 5.46882e-08
 3.31838e-07
 1.84767e-06
 9.38565e-06
 4.31956e-05
 1.78622e-04
 6.57041e-04
 2.12494e-03
 5.96887e-03
 1.44217e-02
 2.99015e-02
 5.36908e-02
 8.52175e-02
 1.22760e-01
 1.64653e-01
 2.09864e-01
 2.57929e-01
 3.08723e-01
 3.62296e-01
 4.18797e-01
 4.78435e-01
 5.41455e-01
 6.08109e-01
 6.78566e-01
 7.52705e-01
 8.29467e-01
 9.04769e-01
 9.64392e-01
 9.70891e-01
 9.47464e-01
 9.34127e-01
 9.30061e-01
 9.28646e-01
 9.27804e-01
 9.27348e-01
 9.27279e-01
 9.27216e-01
 9.27156e-01
 9.27098e-01
 9.27041e-01
 9.26983e-01
 9.26922e-01
 9.26857e-01
 9.26789e-01
 9.26716e-01
 9.26640e-01
 9.26562e-01
 9.26484e-01
 9.26406e-01
 9.26330e-01
 9.26258e-01
 9.26188e-01
 9.26118e-01
 9.26042e-01
 9.25951e-01
 9.25829e-01
 9.25652e-01
 9.25377e-01
 9.24934e-01
 9.24193e-01
 9.22907e-01
 9.20605e-01
 9.16392e-01
 9.08631e-01
 8.94519e-01
 8.69736e-01
 8.28516e-01
 7.64461e-01
 6.72255e-01
 5.50604e-01
 4.06613e-01
 2.59564e-01
 1.37295e-01
 5.94464e-02
 2.20259e-02
 7.48744e-03
 2.45014e-03
 7.88250e-04
 2.51083e-04
 7.93185e-05
 2.48463e-05
 7.70824e-06
 2.35225e-06
 6.56745e-07
 0.00000e+00
 0.00000e+00
-2.03217e-15
-2.03217e-15
-2.03217e-15
-2.03217e-15
-2.03217e-15
-2.03217e-15
-2.03217e-15
-2.03217e-15
 5.56175e-15
 2.08086e-13
 2.11234e-12
 1.86818e-11
 1.53087e-10
 1.16996e-09
 8.31167e-09
 5.46882e-08
 3.31838e-07
 1.84767e-06
 9.38565e-06
 4.31956e-05
 1.78622e-04
 6.57041e-04
 2.12494e-03
 5.96887e-03
 1.44217e-02
 2.99015e-02
 5.36908e-02
 8.52175e-02
 1.22760e-01
 1.64653e-01
 2.09864e-01
 2.57929e-01
 3.08723e-01
 3.62296e-01
 4.18797e-01
 4.78435e-01
 5.41455e-01
 6.08109e-01
 6.78566e-01
 7.52705e-01
 8.29467e-01
 9.04769e-01
 9.64392e-01
 9.70891e-01
 9.47464e-01
 9.34127e-01
 9.30061e-01
 9.28646e-01
 9.27804e-01
 9.27348e-01
 9.27279e-01
 9.27216e-01
 9.27156e-01
 9.27098e-01
 9.27041e-01
 9.26983e-01
 9.26922e-01
 9.26857e-01
 9.26789e-01
 9.26716e-01
 9.26640e-01
 9.26562e-01
 9.26484e-01
 9.26406e-01
 9.26330e-01
 9.26258e-01
 9.26188e-01
 9.26118e-01
 9.26042e-01
 9.25951e-01
 9.25829e-01
 9.25652e-01
 9.25377e-01
 9.24934e-01
 9.24193e-01
 9.22907e-01
 9.20605e-01
 9.16392e-01
 9.08631e-01
 8.94519e-01
 8.69736e-01
 8.28516e-01
 7.64461e-01
 6.72255e-01
 5.50604e-01
 4.06613e-01
 2.59564e-01
 1.37295e-01
 5.94464e-02
 2.20259e-02
 7.48744e-03
 2.45014e-03
 7.88250e-04
 2.51083e-04
 7.93185e-05
 2.48463e-05
 7.70824e-06
 2.35225e-06
 6.56745e-07
 0.00000e+00
 0.00000e+00
 4.16089e-15
 3.08676e-15
 3.38695e-15
 3.38695e-15
 3.38695e-15
 3.38695e-15
 3.38695e-15
 3.38695e-15
 1.07666e-14
 2.12669e-13
 2.11749e-12
 1.86839e-11
 1.53093e-10
 1.16996e-09
 8.31167e-09
 5.46882e-08
 3.31838e-07
 1.84767e-06
 9.38565e-06
 4.31956e-05
 1.78622e-04
 6.57041e-04
 2.12494e-03
 5.96887e-03
 1.44217e-02
 2.99015e-02
 5.36908e-02
 8.52175e-02
 1.22760e-01
 1.64653e-01
 2.09864e-01
 2.57929e-01
 3.08723e-01
 3.62296e-01
 4.18797e-01
 4.78435e-01
 5.41455e-01
 6.08109e-01
 6.78566e-01
 7.52705e-01
 8.29467e-01
 9.04769e-01
 9.64392e-01
 9.70891e-01
 9.47464e-01
 9.34127e-01
 9.30061e-01
 9.28646e-01
 9.27804e-01
 9.27348e-01
 9.27279e-01
 9.27216e-01
 9.27156e-01
 9.27098e-01
 9.27041e-01
 9.26983e-01
 9.26922e-01
 9.26857e-01
 9.26789e-01
 9.26716e-01
 9.26640e-01
 9.26562e-01
 9.26484e-01
 9.26406e-01
 9.26330e-01
 9.26258e-01
 9.26188e-01
 9.26118e-01
 9.26042e-01
 9.25951e-01
 9.25829e-01
 9.25652e-01
 9.25377e-01
 9.24934e-01
 9.24193e-01
 9.22907e-01
 9.20605e-01
 9.16392e-01
 9.08631e-01
 8.94519e-01
 8.69736e-01
 8.28516e-01
 7.64461e-01
 6.72255e-01
 5.50604e-01
 4.06613e-01
 2.59564e-01
 1.37295e-01
 5.94464e-02
 2.20259e-02
 7.48744e-03
 2.45014e-03
 7.88250e-04
 2.51083e-04
 7.93185e-05
 2.48463e-05
 7.70824e-06
 2.35225e-06
 6.56745e-07
 0.00000e+00
 0.00000e+00
-7.93559e-15
-1.00838e-14
-9.48346e-15
-9.48346e-15
-9.48346e-15
-9.48346e-15
-9.48346e-15
-9.48346e-15
-2.45257e-15
 1.98438e-13
 2.10355e-12
 1.86685e-11
 1.53080e-10
 1.16995e-09
 8.31166e-09
 5.46882e-08
 3.31838e-07
 1.84767e-06
 9.38565e-06
 4.31956e-05
 1.78622e-04
 6.57041e-04
 2.12494e-03
 5.96887e-03
 1.44217e-02
 2.99015e-02
 5.36908e-02
 8.52175e-02
 1.22760e-01
 1.64653e-01
 2.09864e-01
 2.57929e-01
 3.08723e-01
 3.62296e-01
 4.18797e-01
 4.78435e-01
 5.41455e-01
 6.08109e-01
 6.78566e-01
 7.52705e-01
 8.29467e-01
 9.04769e-01
 9.64392e-01
 9.70891e-01
 9.47464e-01
 9.34127e-01
 9.30061e-01
 9.28646e-01
 9.27804e-01
 9.27348e-01
 9.27279e-01
 9.27216e-01
 9.27156e-01
 9.27098e-01
 9.27041e-01
 9.26983e-01
 9.26922e-01
 9.26857e-01
 9.26789e-01
 9.26716e-01
 9.26640e-01
 9.26562e-01
 9.26484e-01
 9.26406e-01
 9.26330e-01
 9.26258e-01
 9.26188e-01
 9.26118e-01
 9.26042e-01
 9.25951e-01
 9.25829e-01
 9.25652e-01
 9.25377e-01
 9.24934e-01
 9.24193e-01
 9.22907e-01
 9.20605e-01
 9.16392e-01
 9.08631e-01
 8.94519e-01
 8.69736e-01
 8.28516e-01
 7.64461e-01
 6.72255e-01
 5.50604e-01
 4.06613e-01
 2.59564e-01
 1.37295e-01
 5.94464e-02
 2.20259e-02
 7.48744e-03
 2.45014e-03
 7.88250e-04
 2.51083e-04
 7.93185e-05
 2.48463e-05
 7.70824e-06
 2.35225e-06
 6.56745e-07
 0.00000e+00
 0.00000e+00
 0.00000e+00
 0.00000e+00
 0.00000e+00
 0.00000e+00
 0.00000e+00
 0.00000e+00
 0.00000e+00
 0.00000e+00
 7.64500e-15
 2.11686e-13
 2.11614e-12
 1.86842e-11
 1.53087e-10
 1.16996e-09
 8.31167e-09
 5.46882e-08
 3.31838e-07
 1.84767e-06
 9.38565e-06
 4.31956e-05
 1.78622e-04
 6.57041e-04
 2.12494e-03
 5.96887e-03
 1.44217e-02
 2.99015e-02
 5.36908e-02
 8.52175e-02
 1.22760e-01
 1.64653e-01
 2.09864e-01
 2.57929e-01
 3.08723e-01
 3.62296e-01
 4.18797e-01
 4.78435e-01
 5.41455e-01
 6.08109e-01
 6.78566e-01
 7.52705e-01
 8.29467e-01
 9.04769e-01
 9.64392e-01
 9.70891e-01
 9.47464e-01
 9.34127e-01
 9.30061e-01
 9.28646e-01
 9.27804e-01
 9.27348e-01
 9.27279e-01
 9.27216e-01
 9.27156e-01
 9.27098e-01
 9.27041e-01
 9.26983e-01
 9.26922e-01
 9.26857e-01
 9.26789e-01
 9.26716e-01
 9.26640e-01
 9.26562e-01
 9.26484e-01
 9.26406e-01
 9.26330e-01
 9.26258e-01
 9.26188e-01
 9.26118e-01
 9.26042e-01
 9.25951e-01
 9.25829e-01
 9.25652e-01
 9.25377e-01
 9.24934e-01
 9.24193e-01
 9.22907e-01
 9.20605e-01
 9.16392e-01
 9.08631e-01
 8.94519e-01
 8.69736e-01
 8.28516e-01
 7.64461e-01
 6.72255e-01
 5.50604e-01
 4.06613e-01
 2.59564e-01
 1.37295e-01
 5.94464e-02
 2.20259e-02
 7.48744e-03
 2.45014e-03
 7.88250e-04
 2.51083e-04
 7.93185e-05
 2.48463e-05
 7.70824e-06
 2.35225e-06
 6.56745e-07
 0.00000e+00
 0.00000e+00
 0.00000e+00
 0.00000e+00
 0.00000e+00
 0.00000e+00
 0.00000e+00
 0.00000e+00
 0.00000e+00
 0.00000e+00
 7.77977e-15
 2.11862e-13
 2.11562e-12
 1.86830e-11
 1.53090e-10
 1.16996e-09
 8.31166e-09
 5.46882e-08
 3.31838e-07
 1.84767e-06
 9.38565e-06
 4.31956e-05
 1.78622e-04
 6.57041e-04
 2.12494e-03
 5.96887e-03
 1.44217e-02
 2.99015e-02
 5.36908e-02
 8.52175e-02
 1.22760e-01
 1.64653e-01
 2.09864e-01
 2.57929e-01
 3.08723e-01
 3.62296e-01
 4.18797e-01
 4.78435e-01
 5.41455e-01
 6.08109e-01
 6.78566e-01
 7.52705e-01
 8.29467e-01
 9.04769e-01
 9.64392e-01
 9.70891e-01
 9.47464e-01
 9.34127e-01
 9.30061e-01
 9.28646e-01
 9.27804e-01
 9.27348e-01
 9.27279e-01
 9.27216e-01
 9.27156e-01
 9.27098e-01
 9.27041e-01
 9.26983e-01
 9.26922e-01
 9.26857e-01
 9.26789e-01
 9.26716e-01
 9.26640e-01
 9.26562e-01
 9.26484e-01
 9.26406e-01
 9.26330e-01
 9.26258e-01
 9.26188e-01
 9.26118e-01
 9.26042e-01
 9.25951e-01
 9.25829e-01
 9.25652e-01
 9.25377e-01
 9.24934e-01
 9.24193e-01
 9.22907e-01
 9.20605e-01
 9.16392e-01
 9.08631e-01
 8.94519e-01
 8.69736e-01
 8.28516e-01
 7.64461e-01
 6.72255e-01
 5.50604e-01
 4.06613e-01
 2.59564e-01
 1.37295e-01
 5.94464e-02
 2.20259e-02
 7.48744e-03
 2.45014e-03
 7.88250e-04
 2.51083e-04
 7.93185e-05
 2.48463e-05
 7.70824e-06
 2.35225e-06
 6.56745e-07
 0.00000e+00
 0.00000e+00
 1.35478e-15
 1.35478e-15
 1.35478e-15
 1.35478e-15
 1.35478e-15
 1.35478e-15
 1.35478e-15
 1.35478e-15
 9.08361e-15
 2.12356e-13
 2.11676e-12
 1.86835e-11
 1.53090e-10
 1.16996e-09
 8.31167e-09
 5.46882e-08
 3.31838e-07
 1.84767e-06
 9.38565e-06
 4.31956e-05
 1.78622e-04
 6.57041e-04
 2.12494e-03
 5.96887e-03
 1.44217e-02
 2.99015e-02
 5.36908e-02
 8.52175e-02
 1.22760e-01
 1.64653e-01
 2.09864e-01
 2.57929e-01
 3.08723e-01
 3.62296e-01
 4.18797e-01
 4.78435e-01
 5.41455e-01
 6.08109e-01
 6.78566e-01
 7.52705e-01
 8.29467e-01
 9.04769e-01
 9.64392e-01
 9.70891e-01
 9.47464e-01
 9.34127e-01
 9.30061e-01
 9.28646e-01
 9.27804e-01
 9.27348e-01
 9.27279e-01
 9.27216e-01
 9.27156e-01
 9.27098e-01
 9.27041e-01
 9.26983e-01
 9.26922e-01
 9.26857e-01
 9.26789e-01
 9.26716e-01
 9.26640e-01
 9.26562e-01
 9.26484e-01
 9.26406e-01
 9.26330e-01
 9.26258e-01
 9.26188e-01
 9.26118e-01
 9.26042e-01
 9.25951e-01
 9.25829e-01
 9.25652e-01
 9.25377e-01
 9.24934e-01
 9.24193e-01
 9.22907e-01
 9.20605e-01
 9.16392e-01
 9.08631e-01
 8.94519e-01
 8.69736e-01
 8.28516e-01
 7.64461e-01
 6.72255e-01
 5.50604e-01
 4.06613e-01
 2.59564e-01
 1.37295e-01
 5.94464e-02
 2.20259e-02
 7.48744e-03
 2.45014e-03
 7.88250e-04
 2.51083e-04
 7.93185e-05
 2.48463e-05
 7.70824e-06
 2.35225e-06
 6.56745e-07
 0.00000e+00
 0.00000e+00
-3.47436e-15
-3.38695e-15
-3.38695e-15
-3.38695e-15
-3.38695e-15
-3.38695e-15
-3.38695e-15
-3.38695e-15
 4.20447e-15
 2.07055e-13
 2.11212e-12
 1.86792e-11
 1.53084e-10
 1.16996e-09
 8.31167e-09
 5.46882e-08
 3.31838e-07
 1.84767e-06
 9.38565e-06
 4.31956e-05
 1.78622e-04
 6.57041e-04
 2.12494e-03
 5.96887e-03
 1.44217e-02
 2.99015e-02
 5.36908e-02
 8.52175e-02
 1.22760e-01
 1.64653e-01
 2.09864e-01
 2.57929e-01
 3.08723e-01
 3.62296e-01
 4.18797e-01
 4.78435e-01
 5.41455e-01
 6.08109e-01
 6.78566e-01
 7.52705e-01
 8.29467e-01
 9.04769e-01
 9.64392e-01
 9.70891e-01
 9.47464e-01
 9.34127e-01
 9.30061e-01
 9.28646e-01
 9.27804e-01
 9.27348e-01
 9.27279e-01
 9.27216e-01
 9.27156e-01
 9.27098e-01
 9.27041e-01
 9.26983e-01
 9.26922e-01
 9.26857e-01
 9.26789e-01
 9.26716e-01
 9.26640e-01
 9.26562e-01
 9.26484e-01
 9.26406e-01
 9.26330e-01
 9.26258e-01
 9.26188e-01
 9.26118e-01
 9.26042e-01
 9.25951e-01
 9.25829e-01
 9.25652e-01
 9.25377e-01
 9.24934e-01
 9.24193e-01
 9.22907e-01
 9.20605e-01
 9.16392e-01
 9.08631e-01
 8.94519e-01
 8.69736e-01
 8.28516e-01
 7.64461e-01
 6.72255e-01
 5.50604e-01
 4.06613e-01
 2.59564e-01
 1.37295e-01
 5.94464e-02
 2.20259e-02
 7.48744e-03
 2.45014e-03
 7.88250e-04
 2.51083e-04
 7.93185e-05
 2.48463e-05
 7.70824e-06
 2.35225e-06
 6.56745e-07
 0.00000e+00
 0.00000e+00
 5.04798e-15
 3.76754e-15
 4.06434e-15
 4.06434e-15
 4.06434e-15
 4.06434e-15
 4.06434e-15
 4.06434e-15
 1.14244e-14
 2.13547e-13
 2.11826e-12
 1.86839e-11
 1.53094e-10
 1.16997e-09
 8.31167e-09
 5.46882e-08
 3.31838e-07
 1.84767e-06
 9.38565e-06
 4.31956e-05
 1.78622e-04
 6.57041e-04
 2.12494e-03
 5.96887e-03
 1.44217e-02
 2.99015e-02
 5.36908e-02
 8.52175e-02
 1.22760e-01
 1.64653e-01
 2.09864e-01
 2.57929e-01
 3.08723e-01
 3.62296e-01
 4.18797e-01
 4.78435e-01
 5.41455e-01
 6.08109e-01
 6.78566e-01
 7.52705e-01
 8.29467e-01
 9.04769e-01
 9.64392e-01
 9.70891e-01
 9.47464e-01
 9.34127e-01
 9.30061e-01
 9.28646e-01
 9.27804e-01
 9.27348e-01
 9.27279e-01
 9.27216e-01
 9.27156e-01
 9.27098e-01
 9.27041e-01
 9.26983e-01
 9.26922e-01
 9.26857e-01
 9.26789e-01
 9.26716e-01
 9.26640e-01
 9.26562e-01
 9.26484e-01
 9.26406e-01
 9.26330e-01
 9.26258e-01
 9.26188e-01
 9.26118e-01
 9.26042e-01
 9.25951e-01
 9.25829e-01
 9.25652e-01
 9.25377e-01
 9.24934e-01
 9.24193e-01
 9.22907e-01
 9.20605e-01
 9.16392e-01
 9.08631e-01
 8.94519e-01
 8.69736e-01
 8.28516e-01
 7.64461e-01
 6.72255e-01
 5.50604e-01
 4.06613e-01
 2.59564e-01
 1.37295e-01
 5.94464e-02
 2.20259e-02
 7.48744e-03
 2.45014e-03
 7.88250e-04
 2.51083e-04
 7.93185e-05
 2.48463e-05
 7.70824e-06
 2.35225e-06
 6.56745e-07
 0.00000e+00
 0.00000e+00
-8.60534e-15
-1.14318e-14
-1.08382e-14
-1.08382e-14
-1.08382e-14
-1.08382e-14
-1.08382e-14
-1.08382e-14
-3.76318e-15
 1.97217e-13
 2.10225e-12
 1.86663e-11
 1.53078e-10
 1.16995e-09
 8.31166e-09
 5.46882e-08
 3.31838e-07
 1.84767e-06
 9.38565e-06
 4.31956e-05
 1.78622e-04
 6.57041e-04
 2.12494e-03
 5.96887e-03
 1.44217e-02
 2.99015e-02
 5.36908e-02
 8.52175e-02
 1.22760e-01
 1.64653e-01
 2.09864e-01
 2.57929e-01
 3.08723e-01
 3.62296e-01
 4.18797e-01
 4.78435e-01
 5.41455e-01
 6.08109e-01
 6.78566e-01
 7.52705e-01
 8.29467e-01
 9.04769e-01
 9.64392e-01
 9.70891e-01
 9.47464e-01
 9.34127e-01
 9.30061e-01
 9.28646e-01
 9.27804e-01
 9.27348e-01
 9.27279e-01
 9.27216e-01
 9.27156e-01
 9.27098e-01
 9.27041e-01
 9.26983e-01
 9.26922e-01
 9.26857e-01
 9.26789e-01
 9.26716e-01
 9.26640e-01
 9.26562e-01
 9.26484e-01
 9.26406e-01
 9.26330e-01
 9.26258e-01
 9.26188e-01
 9.26118e-01
 9.26042e-01
 9.25951e-01
 9.25829e-01
 9.25652e-01
 9.25377e-01
 9.24934e-01
 9.24193e-01
 9.22907e-01
 9.20605e-01
 9.16392e-01
 9.08631e-01
 8.94519e-01
 8.69736e-01
 8.28516e-01
 7.64461e-01
 6.72255e-01
 5.50604e-01
 4.06613e-01
 2.59564e-01
 1.37295e-01
 5.94464e-02
 2.20259e-02
 7.48744e-03
 2.45014e-03
 7.88250e-04
 2.51083e-04
 7.93185e-05
 2.48463e-05
 7.70824e-06
 2.35225e-06
 6.56745e-07
 0.00000e+00
 0.00000e+00
 1.35478e-15
 1.35478e-15
 1.35478e-15
 1.35478e-15
 1.35478e-15
 1.35478e-15
 1.35478e-15
 1.35478e-15
 9.10086e-15
 2.12410e-13
 2.11613e-12
 1.86873e-11
 1.53090e-10
 1.16996e-09
 8.31167e-09
 5.46882e-08
 3.31838e-07
 1.84767e-06
 9.38565e-06
 4.31956e-05
 1.78622e-04
 6.57041e-04
 2.12494e-03
 5.96887e-03
 1.44217e-02
 2.99015e-02
 5.36908e-02
 8.52175e-02
 1.22760e-01
 1.64653e-01
 2.09864e-01
 2.57929e-01
 3.08723e-01
 3.62296e-01
 4.18797e-01
 4.78435e-01
 5.41455e-01
 6.08109e-01
 6.78566e-01
 7.52705e-01
 8.29467e-01
 9.04769e-01
 9.64392e-01
 9.70891e-01
 9.47464e-01
 9.34127e-01
 9.30061e-01
 9.28646e-01
 9.27804e-01
 9.27348e-01
 9.27279e-01
 9.27216e-01
 9.27156e-01
 9.27098e-01
 9.27041e-01
 9.26983e-01
 9.26922e-01
 9.26857e-01
 9.26789e-01
 9.26716e-01
 9.26640e-01
 9.26562e-01
 9.26484e-01
 9.26406e-01
 9.26330e-01
 9.26258e-01
 9.26188e-01
 9.26118e-01
 9.26042e-01
 9.25951e-01
 9.25829e-01
 9.25652e-01
 9.25377e-01
 9.24934e-01
 9.24193e-01
 9.22907e-01
 9.20605e-01
 9.16392e-01
 9.08631e-01
 8.94519e-01
 8.69736e-01
 8.28516e-01
 7.64461e-01
 6.72255e-01
 5.50604e-01
 4.06613e-01
 2.59564e-01
 1.37295e-01
 5.94464e-02
 2.20259e-02
 7.48744e-03
 2.45014e-03
 7.88250e-04
 2.51083e-04
 7.93185e-05
 2.48463e-05
 7.70824e-06
 2.35225e-06
 6.56745e-07
 0.00000e+00
 0.00000e+00
 4.06434e-15
 4.06434e-15
 4.06434e-15
 4.06434e-15
 4.06434e-15
 4.06434e-15
 4.06434e-15
 4.06434e-15
 1.18886e-14
 2.15261e-13
 2.11844e-12
 1.86882e-11
 1.53096e-10
 1.16996e-09
 8.31167e-09
 5.46882e-08
 3.31838e-07
 1.84767e-06
 9.38565e-06
 4.31956e-05
 1.78622e-04
 6.57041e-04
 2.12494e-03
 5.96887e-03
 1.44217e-02
 2.99015e-02
 5.36908e-02
 8.52175e-02
 1.22760e-01
 1.64653e-01
 2.09864e-01
 2.57929e-01
 3.08723e-01
 3.62296e-01
 4.18797e-01
 4.78435e-01
 5.41455e-01
 6.08109e-01
 6.78566e-01
 7.52705e-01
 8.29467e-01
 9.04769e-01
 9.64392e-01
 9.70891e-01
 9.47464e-01
 9.34127e-01
 9.30061e-01
 9.28646e-01
 9.27804e-01
 9.27348e-01
 9.27279e-01
 9.27216e-01
 9.27156e-01
 9.27098e-01
 9.27041e-01
 9.26983e-01
 9.26922e-01
 9.26857e-01
 9.26789e-01
 9.26716e-01
 9.26640e-01
 9.26562e-01
 9.26484e-01
 9.26406e-01
 9.26330e-01
 9.26258e-01
 9.26188e-01
 9.26118e-01
 9.26042e-01
 9.25951e-01
 9.25829e-01
 9.25652e-01
 9.25377e-01
 9.24934e-01
 9.24193e-01
 9.22907e-01
 9.20605e-01
 9.16392e-01
 9.08631e-01
 8.94519e-01
 8.69736e-01
 8.28516e-01
 7.64461e-01
 6.72255e-01
 5.50604e-01
 4.06613e-01
 2.59564e-01
 1.37295e-01
 5.94464e-02
 2.20259e-02
 7.48744e-03
 2.45014e-03
 7.88250e-04
 2.51083e-04
 7.93185e-05
 2.48463e-05
 7.70824e-06
 2.35225e-06
 6.56745e-07
 0.00000e+00
 0.00000e+00
 3.38695e-15
 3.38695e-15
 3.38695e-15
 3.38695e-15
 3.38695e-15
 3.38695e-15
 3.38695e-15
 3.38695e-15
 1.10972e-14
 2.14104e-13
 2.11820e-12
 1.86850e-11
 1.53093e-10
 1.16996e-09
 8.31167e-09
 5.46882e-08
 3.31838e-07
 1.84767e-06
 9.38565e-06
 4.31956e-05
 1.78622e-04
 6.57041e-04
 2.12494e-03
 5.96887e-03
 1.44217e-02
 2.99015e-02
 5.36908e-02
 8.52175e-02
 1.22760e-01
 1.64653e-01
 2.09864e-01
 2.57929e-01
 3.08723e-01
 3.62296e-01
 4.18797e-01
 4.78435e-01
 5.41455e-01
 6.08109e-01
 6.78566e-01
 7.52705e-01
 8.29467e-01
 9.04769e-01
 9.64392e-01
 9.70891e-01
 9.47464e-01
 9.34127e-01
 9.30061e-01
 9.28646e-01
 9.27804e-01
 9.27348e-01
 9.27279e-01
 9.27216e-01
 9.27156e-01
 9.27098e-01
 9.27041e-01
 9.26983e-01
 9.26922e-01
 9.26857e-01
 9.26789e-01
 9.26716e-01
 9.26640e-01
 9.26562e-01
 9.26484e-01
 9.26406e-01
 9.26330e-01
 9.26258e-01
 9.26188e-01
 9.26118e-01
 9.26042e-01
 9.25951e-01
 9.25829e-01
 9.25652e-01
 9.25377e-01
 9.24934e-01
 9.24193e-01
 9.22907e-01
 9.20605e-01
 9.16392e-01
 9.08631e-01
 8.94519e-01
 8.69736e-01
 8.28516e-01
 7.64461e-01
 6.72255e-01
 5.50604e-01
 4.06613e-01
 2.59564e-01
 1.37295e-01
 5.94464e-02
 2.20259e-02
 7.48744e-03
 2.45014e-03
 7.88250e-04
 2.51083e-04
 7.93185e-05
 2.48463e-05
 7.70824e-06
 2.35225e-06
 6.56745e-07
 0.00000e+00
 0.00000e+00
-4.42801e-16
 2.59870e-16
 0.00000e+00
 0.00000e+00
 0.00000e+00
 0.00000e+00
 0.00000e+00
 0.00000e+00
 7.46231e-15
 2.10439e-13
 2.11444e-12
 1.86819e-11
 1.53088e-10
 1.16996e-09
 8.31168e-09
 5.46882e-08
 3.31838e-07
 1.84767e-06
 9.38565e-06
 4.31956e-05
 1.78622e-04
 6.57041e-04
 2.12494e-03
 5.96887e-03
 1.44217e-02
 2.99015e-02
 5.36908e-02
 8.52175e-02
 1.22760e-01
 1.64653e-01
 2.09864e-01
 2.57929e-01
 3.08723e-01
 3.62296e-01
 4.18797e-01
 4.78435e-01
 5.41455e-01
 6.08109e-01
 6.78566e-01
 7.52705e-01
 8.29467e-01
 9.04769e-01
 9.64392e-01
 9.70891e-01
 9.47464e-01
 9.34127e-01
 9.30061e-01
 9.28646e-01
 9.27804e-01
 9.27348e-01
 9.27279e-01
 9.27216e-01
 9.27156e-01
 9.27098e-01
 9.27041e-01
 9.26983e-01
 9.26922e-01
 9.26857e-01
 9.26789e-01
 9.26716e-01
 9.26640e-01
 9.26562e-01
 9.26484e-01
 9.26406e-01
 9.26330e-01
 9.26258e-01
 9.26188e-01
 9.26118e-01
 9.26042e-01
 9.25951e-01
 9.25829e-01
 9.25652e-01
 9.25377e-01
 9.24934e-01
 9.24193e-01
 9.22907e-01
 9.20605e-01
 9.16392e-01
 9.08631e-01
 8.94519e-01
 8.69736e-01
 8.28516e-01
 7.64461e-01
 6.72255e-01
 5.50604e-01
 4.06613e-01
 2.59564e-01
 1.37295e-01
 5.94464e-02
 2.20259e-02
 7.48744e-03
 2.45014e-03
 7.88250e-04
 2.51083e-04
 7.93185e-05
 2.48463e-05
 7.70824e-06
 2.35225e-06
 6.56745e-07
 0.00000e+00
 0.00000e+00
 8.66673e-15
 6.52579e-15
 6.09651e-15
 6.09651e-15
 6.09651e-15
 6.09651e-15
 6.09651e-15
 6.09651e-15
 1.33221e-14
 2.15249e-13
 2.11913e-12
 1.86866e-11
 1.53097e-10
 1.16997e-09
 8.31168e-09
 5.46882e-08
 3.31838e-07
 1.84767e-06
 9.38565e-06
 4.31956e-05
 1.78622e-04
 6.57041e-04
 2.12494e-03
 5.96887e-03
 1.44217e-02
 2.99015e-02
 5.36908e-02
 8.52175e-02
 1.22760e-01
 1.64653e-01
 2.09864e-01
 2.57929e-01
 3.08723e-01
 3.62296e-01
 4.18797e-01
 4.78435e-01
 5.41455e-01
 6.08109e-01
 6.78566e-01
 7.52705e-01
 8.29467e-01
 9.04769e-01
 9.64392e-01
 9.70891e-01
 9.47464e-01
 9.34127e-01
 9.30061e-01
 9.28646e-01
 9.27804e-01
 9.27348e-01
 9.27279e-01
 9.27216e-01
 9.27156e-01
 9.27098e-01
 9.27041e-01
 9.26983e-01
 9.26922e-01
 9.26857e-01
 9.26789e-01
 9.26716e-01
 9.26640e-01
 9.26562e-01
 9.26484e-01
 9.26406e-01
 9.26330e-01
 9.26258e-01
 9.26188e-01
 9.26118e-01
 9.26042e-01
 9.25951e-01
 9.25829e-01
 9.25652e-01
 9.25377e-01
 9.24934e-01
 9.24193e-01
 9.22907e-01
 9.20605e-01
 9.16392e-01
 9.08631e-01
 8.94519e-01
 8.69736e-01
 8.28516e-01
 7.64461e-01
 6.72255e-01
 5.50604e-01
 4.06613e-01
 2.59564e-01
 1.37295e-01
 5.94464e-02
 2.20259e-02
 7.48744e-03
 2.45014e-03
 7.88250e-04
 2.51083e-04
 7.93185e-05
 2.48463e-05
 7.70824e-06
 2.35225e-06
 6.56745e-07
 0.00000e+00
 0.00000e+00
-2.08362e-15
-7.78987e-15
-8.12868e-15
-8.12868e-15
-8.12868e-15
-8.12868e-15
-8.12868e-15
-8.12868e-15
-1.08872e-15
 1.99392e-13
 2.10472e-12
 1.86700e-11
 1.53081e-10
 1.16995e-09
 8.31166e-09
 5.46882e-08
 3.31838e-07
 1.84767e-06
 9.38565e-06
 4.31956e-05
 1.78622e-04
 6.57041e-04
 2.12494e-03
 5.96887e-03
 1.44217e-02
 2.99015e-02
 5.36908e-02
 8.52175e-02
 1.22760e-01
 1.64653e-01
 2.09864e-01
 2.57929e-01
 3.08723e-01
 3.62296e-01
 4.18797e-01
 4.78435e-01
 5.41455e-01
 6.08109e-01
 6.78566e-01
 7.52705e-01
 8.29467e-01
 9.04769e-01
 9.64392e-01
 9.70891e-01
 9.47464e-01
 9.34127e-01
 9.30061e-01
 9.28646e-01
 9.27804e-01
 9.27348e-01
 9.27279e-01
 9.27216e-01
 9.27156e-01
 9.27098e-01
 9.27041e-01
 9.26983e-01
 9.26922e-01
 9.26857e-01
 9.26789e-01
 9.26716e-01
 9.26640e-01
 9.26562e-01
 9.26484e-01
 9.26406e-01
 9.26330e-01
 9.26258e-01
 9.26188e-01
 9.26118e-01
 9.26042e-01
 9.25951e-01
 9.25829e-01
 9.25652e-01
 9.25377e-01
 9.24934e-01
 9.24193e-01
 9.22907e-01
 9.20605e-01
 9.16392e-01
 9.08631e-01
 8.94519e-01
 8.69736e-01
 8.28516e-01
 7.64461e-01
 6.72255e-01
 5.50604e-01
 4.06613e-01
 2.59564e-01
 1.37295e-01
 5.94464e-02
 2.20259e-02
 7.48744e-03
 2.45014e-03
 7.88250e-04
 2.51083e-04
 7.93185e-05
 2.48463e-05
 7.70824e-06
 2.35225e-06
 6.56745e-07
 0.00000e+00
 0.00000e+00
-5.40475e-15
-3.96270e-15
-4.06434e-15
-4.06434e-15
-4.06434e-15
-4.06434e-15
-4.06434e-15
-4.06434e-15
 4.17370e-15
 2.06588e-13
 2.11118e-12
 1.86823e-11
 1.53086e-10
 1.16995e-09
 8.31167e-09
 5.46882e-08
 3.31838e-07
 1.84767e-06
 9.38565e-06
 4.31956e-05
 1.78622e-04
 6.57041e-04
 2.12494e-03
 5.96887e-03
 1.44217e-02
 2.99015e-02
 5.36908e-02
 8.52175e-02
 1.22760e-01
 1.64653e-01
 2.09864e-01
 2.57929e-01
 3.08723e-01
 3.62296e-01
 4.18797e-01
 4.78435e-01
 5.41455e-01
 6.08109e-01
 6.78566e-01
 7.52705e-01
 8.29467e-01
 9.04769e-01
 9.64392e-01
 9.70891e-01
 9.47464e-01
 9.34127e-01
 9.30061e-01
 9.28646e-01
 9.27804e-01
 9.27348e-01
 9.27279e-01
 9.27216e-01
 9.27156e-01
 9.27098e-01
 9.27041e-01
 9.26983e-01
 9.26922e-01
 9.26857e-01
 9.26789e-01
 9.26716e-01
 9.26640e-01
 9.26562e-01
 9.26484e-01
 9.26406e-01
 9.26330e-01
 9.26258e-01
 9.26188e-01
 9.26118e-01
 9.26042e-01
 9.25951e-01
 9.25829e-01
 9.25652e-01
 9.25377e-01
 9.24934e-01
 9.24193e-01
 9.22907e-01
 9.20605e-01
 9.16392e-01
 9.08631e-01
 8.94519e-01
 8.69736e-01
 8.28516e-01
 7.64461e-01
 6.72255e-01
 5.50604e-01
 4.06613e-01
 2.59564e-01
 1.37295e-01
 5.94464e-02
 2.20259e-02
 7.48744e-03
 2.45014e-03
 7.88250e-04
 2.51083e-04
 7.93185e-05
 2.48463e-05
 7.70824e-06
 2.35225e-06
 6.56745e-07
 0.00000e+00
 0.00000e+00
-5.22374e-15
-2.86010e-15
-3.38695e-15
-3.38695e-15
-3.38695e-15
-3.38695e-15
-3.38695e-15
-3.38695e-15
 4.87392e-15
 2.07583e-13
 2.11192e-12
 1.86806e-11
 1.53088e-10
 1.16996e-09
 8.31167e-09
 5.46882e-08
 3.31838e-07
 1.84767e-06
 9.38565e-06
 4.31956e-05
 1.78622e-04
 6.57041e-04
 2.12494e-03
 5.96887e-03
 1.44217e-02
 2.99015e-02
 5.36908e-02
 8.52175e-02
 1.22760e-01
 1.64653e-01
 2.09864e-01
 2.57929e-01
 3.08723e-01
 3.62296e-01
 4.18797e-01
 4.78435e-01
 5.41455e-01
 6.08109e-01
 6.78566e-01
 7.52705e-01
 8.29467e-01
 9.04769e-01
 9.64392e-01
 9.70891e-01
 9.47464e-01
 9.34127e-01
 9.30061e-01
 9.28646e-01
 9.27804e-01
 9.27348e-01
 9.27279e-01
 9.27216e-01
 9.27156e-01
 9.27098e-01
 9.27041e-01
 9.26983e-01
 9.26922e-01
 9.26857e-01
 9.26789e-01
 9.26716e-01
 9.26640e-01
 9.26562e-01
 9.26484e-01
 9.26406e-01
 9.26330e-01
 9.26258e-01
 9.26188e-01
 9.26118e-01
 9.26042e-01
 9.25951e-01
 9.25829e-01
 9.25652e-01
 9.25377e-01
 9.24934e-01
 9.24193e-01
 9.22907e-01
 9.20605e-01
 9.16392e-01
 9.08631e-01
 8.94519e-01
 8.69736e-01
 8.28516e-01
 7.64461e-01
 6.72255e-01
 5.50604e-01
 4.06613e-01
 2.59564e-01
 1.37295e-01
 5.94464e-02
 2.20259e-02
 7.48744e-03
 2.45014e-03
 7.88250e-04
 2.51083e-04
 7.93185e-05
 2.48463e-05
 7.70824e-06
 2.35225e-06
 6.56745e-07
 0.00000e+00
 0.00000e+00
-5.87613e-15
-4.27993e-15
-4.74173e-15
-4.74173e-15
-4.74173e-15
-4.74173e-15
-4.74173e-15
-4.74173e-15
 3.31622e-15
 2.06276e-13
 2.10976e-12
 1.86763e-11
 1.53087e-10
 1.16995e-09
 8.31167e-09
 5.46882e-08
 3.31838e-07
 1.84767e-06
 9.38565e-06
 4.31956e-05
 1.78622e-04
 6.57041e-04
 2.12494e-03
 5.96887e-03
 1.44217e-02
 2.99015e-02
 5.36908e-02
 8.52175e-02
 1.22760e-01
 1.64653e-01
 2.09864e-01
 2.57929e-01
 3.08723e-01
 3.62296e-01
 4.18797e-01
 4.78435e-01
 5.41455e-01
 6.08109e-01
 6.78566e-01
 7.52705e-01
 8.29467e-01
 9.04769e-01
 9.64392e-01
 9.70891e-01
 9.47464e-01
 9.34127e-01
 9.30061e-01
 9.28646e-01
 9.27804e-01
 9.27348e-01
 9.27279e-01
 9.27216e-01
 9.27156e-01
 9.27098e-01
 9.27041e-01
 9.26983e-01
 9.26922e-01
 9.26857e-01
 9.26789e-01
 9.26716e-01
 9.26640e-01
 9.26562e-01
 9.26484e-01
 9.26406e-01
 9.26330e-01
 9.26258e-01
 9.26188e-01
 9.26118e-01
 9.26042e-01
 9.25951e-01
 9.25829e-01
 9.25652e-01
 9.25377e-01
 9.24934e-01
 9.24193e-01
 9.22907e-01
 9.20605e-01
 9.16392e-01
 9.08631e-01
 8.94519e-01
 8.69736e-01
 8.28516e-01
 7.64461e-01
 6.72255e-01
 5.50604e-01
 4.06613e-01
 2.59564e-01
 1.37295e-01
 5.94464e-02
 2.20259e-02
 7.48744e-03
 2.45014e-03
 7.88250e-04
 2.51083e-04
 7.93185e-05
 2.48463e-05
 7.70824e-06
 2.35225e-06
 6.56745e-07
 0.00000e+00
 0.00000e+00
-8.54986e-15
-5.47862e-15
-6.77390e-15
-6.77390e-15
-6.77390e-15
-6.77390e-15
-6.77390e-15
-6.77390e-15
 8.74381e-16
 2.04550e-13
 2.10623e-12
 1.86761e-11
 1.53082e-10
 1.16995e-09
 8.31167e-09
 5.46882e-08
 3.31838e-07
 1.84767e-06
 9.38565e-06
 4.31956e-05
 1.78622e-04
 6.57041e-04
 2.12494e-03
 5.96887e-03
 1.44217e-02
 2.99015e-02
 5.36908e-02
 8.52175e-02
 1.22760e-01
 1.64653e-01
 2.09864e-01
 2.57929e-01
 3.08723e-01
 3.62296e-01
 4.18797e-01
 4.78435e-01
 5.41455e-01
 6.08109e-01
 6.78566e-01
 7.52705e-01
 8.29467e-01
 9.04769e-01
 9.64392e-01
 9.70891e-01
 9.47464e-01
 9.34127e-01
 9.30061e-01
 9.28646e-01
 9.27804e-01
 9.27348e-01
 9.27279e-01
 9.27216e-01
 9.27156e-01
 9.27098e-01
 9.27041e-01
 9.26983e-01
 9.26922e-01
 9.26857e-01
 9.26789e-01
 9.26716e-01
 9.26640e-01
 9.26562e-01
 9.26484e-01
 9.26406e-01
 9.26330e-01
 9.26258e-01
 9.26188e-01
 9.26118e-01
 9.26042e-01
 9.25951e-01
 9.25829e-01
 9.25652e-01
 9.25377e-01
 9.24934e-01
 9.24193e-01
 9.22907e-01
 9.20605e-01
 9.16392e-01
 9.08631e-01
 8.94519e-01
 8.69736e-01
 8.28516e-01
 7.64461e-01
 6.72255e-01
 5.50604e-01
 4.06613e-01
 2.59564e-01
 1.37295e-01
 5.94464e-02
 2.20259e-02
 7.48744e-03
 2.45014e-03
 7.88250e-04
 2.51083e-04
 7.93185e-05
 2.48463e-05
 7.70824e-06
 2.35225e-06
 6.56745e-07
 0.00000e+00
 0.00000e+00
 1.74181e-15
 2.52562e-15
 6.77390e-16
 6.77390e-16
 6.77390e-16
 6.77390e-16
 6.77390e-16
 6.77390e-16
 8.05802e-15
 2.10544e-13
 2.11384e-12
 1.86835e-11
 1.53089e-10
 1.16996e-09
 8.31168e-09
 5.46882e-08
 3.31838e-07
 1.84767e-06
 9.38565e-06
 4.31956e-05
 1.78622e-04
 6.57041e-04
 2.12494e-03
 5.96887e-03
 1.44217e-02
 2.99015e-02
 5.36908e-02
 8.52175e-02
 1.22760e-01
 1.64653e-01
 2.09864e-01
 2.57929e-01
 3.08723e-01
 3.62296e-01
 4.18797e-01
 4.78435e-01
 5.41455e-01
 6.08109e-01
 6.78566e-01
 7.52705e-01
 8.29467e-01
 9.04769e-01
 9.64392e-01
 9.70891e-01
 9.47464e-01
 9.34127e-01
 9.30061e-01
 9.28646e-01
 9.27804e-01
 9.27348e-01
 9.27279e-01
 9.27216e-01
 9.27156e-01
 9.27098e-01
 9.27041e-01
 9.26983e-01
 9.26922e-01
 9.26857e-01
 9.26789e-01
 9.26716e-01
 9.26640e-01
 9.26562e-01
 9.26484e-01
 9.26406e-01
 9.26330e-01
 9.26258e-01
 9.26188e-01
 9.26118e-01
 9.26042e-01
 9.25951e-01
 9.25829e-01
 9.25652e-01
 9.25377e-01
 9.24934e-01
 9.24193e-01
 9.22907e-01
 9.20605e-01
 9.16392e-01
 9.08631e-01
 8.94519e-01
 8.69736e-01
 8.28516e-01
 7.64461e-01
 6.72255e-01
 5.50604e-01
 4.06613e-01
 2.59564e-01
 1.37295e-01
 5.94464e-02
 2.20259e-02
 7.48744e-03
 2.45014e-03
 7.88250e-04
 2.51083e-04
 7.93185e-05
 2.48463e-05
 7.70824e-06
 2.35225e-06
 6.56745e-07
 0.00000e+00
 0.00000e+00
-7.86482e-15
-1.24704e-14
-1.35478e-14
-1.35478e-14
-1.35478e-14
-1.35478e-14
-1.35478e-14
-1.35478e-14
-6.25263e-15
 1.94281e-13
 2.10042e-12
 1.86667e-11
 1.53075e-10
 1.16995e-09
 8.31166e-09
 5.46882e-08
 3.31838e-07
 1.84767e-06
 9.38565e-06
 4.31956e-05
 1.78622e-04
 6.57041e-04
 2.12494e-03
 5.96887e-03
 1.44217e-02
 2.99015e-02
 5.36908e-02
 8.52175e-02
 1.22760e-01
 1.64653e-01
 2.09864e-01
 2.57929e-01
 3.08723e-01
 3.62296e-01
 4.18797e-01
 4.78435e-01
 5.41455e-01
 6.08109e-01
 6.78566e-01
 7.52705e-01
 8.29467e-01
 9.04769e-01
 9.64392e-01
 9.70891e-01
 9.47464e-01
 9.34127e-01
 9.30061e-01
 9.28646e-01
 9.27804e-01
 9.27348e-01
 9.27279e-01
 9.27216e-01
 9.27156e-01
 9.27098e-01
 9.27041e-01
 9.26983e-01
 9.26922e-01
 9.26857e-01
 9.26789e-01
 9.26716e-01
 9.26640e-01
 9.26562e-01
 9.26484e-01
 9.26406e-01
 9.26330e-01
 9.26258e-01
 9.26188e-01
 9.26118e-01
 9.26042e-01
 9.25951e-01
 9.25829e-01
 9.25652e-01
 9.25377e-01
 9.24934e-01
 9.24193e-01
 9.22907e-01
 9.20605e-01
 9.16392e-01
 9.08631e-01
 8.94519e-01
 8.69736e-01
 8.28516e-01
 7.64461e-01
 6.72255e-01
 5.50604e-01
 4.06613e-01
 2.59564e-01
 1.37295e-01
 5.94464e-02
 2.20259e-02
 7.48744e-03
 2.45014e-03
 7.88250e-04
 2.51083e-04
 7.93185e-05
 2.48463e-05
 7.70824e-06
 2.35225e-06
 6.56745e-07
 0.00000e+00
 0.00000e+00
 5.44786e-15
 8.33197e-15
 8.12868e-15
 8.12868e-15
 8.12868e-15
 8.12868e-15
 8.12868e-15
 8.12868e-15
 1.67673e-14
 2.19848e-13
 2.12463e-12
 1.86955e-11
 1.53097e-10
 1.16997e-09
 8.31168e-09
 5.46882e-08
 3.31838e-07
 1.84767e-06
 9.38565e-06
 4.31956e-05
 1.78622e-04
 6.57041e-04
 2.12494e-03
 5.96887e-03
 1.44217e-02
 2.99015e-02
 5.36908e-02
 8.52175e-02
 1.22760e-01
 1.64653e-01
 2.09864e-01
 2.57929e-01
 3.08723e-01
 3.62296e-01
 4.18797e-01
 4.78435e-01
 5.41455e-01
 6.08109e-01
 6.78566e-01
 7.52705e-01
 8.29467e-01
 9.04769e-01
 9.64392e-01
 9.70891e-01
 9.47464e-01
 9.34127e-01
 9.30061e-01
 9.28646e-01
 9.27804e-01
 9.27348e-01
 9.27279e-01
 9.27216e-01
 9.27156e-01
 9.27098e-01
 9.27041e-01
 9.26983e-01
 9.26922e-01
 9.26857e-01
 9.26789e-01
 9.26716e-01
 9.26640e-01
 9.26562e-01
 9.26484e-01
 9.26406e-01
 9.26330e-01
 9.26258e-01
 9.26188e-01
 9.26118e-01
 9.26042e-01
 9.25951e-01
 9.25829e-01
 9.25652e-01
 9.25377e-01
 9.24934e-01
 9.24193e-01
 9.22907e-01
 9.20605e-01
 9.16392e-01
 9.08631e-01
 8.94519e-01
 8.69736e-01
 8.28516e-01
 7.64461e-01
 6.72255e-01
 5.50604e-01
 4.06613e-01
 2.59564e-01
 1.37295e-01
 5.94464e-02
 2.20259e-02
 7.48744e-03
 2.45014e-03
 7.88250e-04
 2.51083e-04
 7.93185e-05
 2.48463e-05
 7.70824e-06
 2.35225e-06
 6.56745e-07
 0.00000e+00
 0.00000e+00
 7.16465e-15
 1.18919e-14
 1.08382e-14
 1.08382e-14
 1.08382e-14
 1.08382e-14
 1.08382e-14
 1.08382e-14
 1.96039e-14
 2.22759e-13
 2.12795e-12
 1.86948e-11
 1.53099e-10
 1.16998e-09
 8.31168e-09
 5.46882e-08
 3.31838e-07
 1.84767e-06
 9.38565e-06
 4.31956e-05
 1.78622e-04
 6.57041e-04
 2.12494e-03
 5.96887e-03
 1.44217e-02
 2.99015e-02
 5.36908e-02
 8.52175e-02
 1.22760e-01
 1.64653e-01
 2.09864e-01
 2.57929e-01
 3.08723e-01
 3.62296e-01
 4.18797e-01
 4.78435e-01
 5.41455e-01
 6.08109e-01
 6.78566e-01
 7.52705e-01
 8.29467e-01
 9.04769e-01
 9.64392e-01
 9.70891e-01
 9.47464e-01
 9.34127e-01
 9.30061e-01
 9.28646e-01
 9.27804e-01
 9.27348e-01
 9.27279e-01
 9.27216e-01
 9.27156e-01
 9.27098e-01
 9.27041e-01
 9.26983e-01
 9.26922e-01
 9.26857e-01
 9.26789e-01
 9.26716e-01
 9.26640e-01
 9.26562e-01
 9.26484e-01
 9.26406e-01
 9.26330e-01
 9.26258e-01
 9.26188e-01
 9.26118e-01
 9.26042e-01
 9.25951e-01
 9.25829e-01
 9.25652e-01
 9.25377e-01
 9.24934e-01
 9.24193e-01
 9.22907e-01
 9.20605e-01
 9.16392e-01
 9.08631e-01
 8.94519e-01
 8.69736e-01
 8.28516e-01
 7.64461e-01
 6.72255e-01
 5.50604e-01
 4.06613e-01
 2.59564e-01
 1.37295e-01
 5.94464e-02
 2.20259e-02
 7.48744e-03
 2.45014e-03
 7.88250e-04
 2.51083e-04
 7.93185e-05
 2.48463e-05
 7.70824e-06
 2.35225e-06
 6.56745e-07
 0.00000e+00
 0.00000e+00
 8.56944e-15
 1.17618e-14
 1.08382e-14
 1.08382e-14
 1.08382e-14
 1.08382e-14
 1.08382e-14
 1.08382e-14
 1.94257e-14
 2.22913e-13
 2.12604e-12
 1.86922e-11
 1.53102e-10
 1.16997e-09
 8.31168e-09
 5.46882e-08
 3.31838e-07
 1.84767e-06
 9.38565e-06
 4.31956e-05
 1.78622e-04
 6.57041e-04
 2.12494e-03
 5.96887e-03
 1.44217e-02
 2.99015e-02
 5.36908e-02
 8.52175e-02
 1.22760e-01
 1.64653e-01
 2.09864e-01
 2.57929e-01
 3.08723e-01
 3.62296e-01
 4.18797e-01
 4.78435e-01
 5.41455e-01
 6.08109e-01
 6.78566e-01
 7.52705e-01
 8.29467e-01
 9.04769e-01
 9.64392e-01
 9.70891e-01
 9.47464e-01
 9.34127e-01
 9.30061e-01
 9.28646e-01
 9.27804e-01
 9.27348e-01
 9.27279e-01
 9.27216e-01
 9.27156e-01
 9.27098e-01
 9.27041e-01
 9.26983e-01
 9.26922e-01
 9.26857e-01
 9.26789e-01
 9.26716e-01
 9.26640e-01
 9.26562e-01
 9.26484e-01
 9.26406e-01
 9.26330e-01
 9.26258e-01
 9.26188e-01
 9.26118e-01
 9.26042e-01
 9.25951e-01
 9.25829e-01
 9.25652e-01
 9.25377e-01
 9.24934e-01
 9.24193e-01
 9.22907e-01
 9.20605e-01
 9.16392e-01
 9.08631e-01
 8.94519e-01
 8.69736e-01
 8.28516e-01
 7.64461e-01
 6.72255e-01
 5.50604e-01
 4.06613e-01
 2.59564e-01
 1.37295e-01
 5.94464e-02
 2.20259e-02
 7.48744e-03
 2.45014e-03
 7.88250e-04
 2.51083e-04
 7.93185e-05
 2.48463e-05
 7.70824e-06
 2.35225e-06
 6.56745e-07
 0.00000e+00
 0.00000e+00
 3.95179e-15
 8.84473e-15
 6.77390e-15
 6.77390e-15
 6.77390e-15
 6.77390e-15
 6.77390e-15
 6.77390e-15
 1.48395e-14
 2.19144e-13
 2.12020e-12
 1.86905e-11
 1.53097e-10
 1.16997e-09
 8.31168e-09
 5.46882e-08
 3.31838e-07
 1.84767e-06
 9.38565e-06
 4.31956e-05
 1.78622e-04
 6.57041e-04
 2.12494e-03
 5.96887e-03
 1.44217e-02
 2.99015e-02
 5.36908e-02
 8.52175e-02
 1.22760e-01
 1.64653e-01
 2.09864e-01
 2.57929e-01
 3.08723e-01
 3.62296e-01
 4.18797e-01
 4.78435e-01
 5.41455e-01
 6.08109e-01
 6.78566e-01
 7.52705e-01
 8.29467e-01
 9.04769e-01
 9.64392e-01
 9.70891e-01
 9.47464e-01
 9.34127e-01
 9.30061e-01
 9.28646e-01
 9.27804e-01
 9.27348e-01
 9.27279e-01
 9.27216e-01
 9.27156e-01
 9.27098e-01
 9.27041e-01
 9.26983e-01
 9.26922e-01
 9.26857e-01
 9.26789e-01
 9.26716e-01
 9.26640e-01
 9.26562e-01
 9.26484e-01
 9.26406e-01
 9.26330e-01
 9.26258e-01
 9.26188e-01
 9.26118e-01
 9.26042e-01
 9.25951e-01
 9.25829e-01
 9.25652e-01
 9.25377e-01
 9.24934e-01
 9.24193e-01
 9.22907e-01
 9.20605e-01
 9.16392e-01
 9.08631e-01
 8.94519e-01
 8.69736e-01
 8.28516e-01
 7.64461e-01
 6.72255e-01
 5.50604e-01
 4.06613e-01
 2.59564e-01
 1.37295e-01
 5.94464e-02
 2.20259e-02
 7.48744e-03
 2.45014e-03
 7.88250e-04
 2.51083e-04
 7.93185e-05
 2.48463e-05
 7.70824e-06
 2.35225e-06
 6.56745e-07
 0.00000e+00
 0.00000e+00
 8.32330e-15
 1.36829e-14
 1.08382e-14
 1.08382e-14
 1.08382e-14
 1.08382e-14
 1.08382e-14
 1.08382e-14
 1.86091e-14
 2.21734e-13
 2.12543e-12
 1.86946e-11
 1.53099e-10
 1.16997e-09
 8.31169e-09
 5.46882e-08
 3.31838e-07
 1.84767e-06
 9.38565e-06
 4.31956e-05
 1.78622e-04
 6.57041e-04
 2.12494e-03
 5.96887e-03
 1.44217e-02
 2.99015e-02
 5.36908e-02
 8.52175e-02
 1.22760e-01
 1.64653e-01
 2.09864e-01
 2.57929e-01
 3.08723e-01
 3.62296e-01
 4.18797e-01
 4.78435e-01
 5.41455e-01
 6.08109e-01
 6.78566e-01
 7.52705e-01
 8.29467e-01
 9.04769e-01
 9.64392e-01
 9.70891e-01
 9.47464e-01
 9.34127e-01
 9.30061e-01
 9.28646e-01
 9.27804e-01
 9.27348e-01
 9.27279e-01
 9.27216e-01
 9.27156e-01
 9.27098e-01
 9.27041e-01
 9.26983e-01
 9.26922e-01
 9.26857e-01
 9.26789e-01
 9.26716e-01
 9.26640e-01
 9.26562e-01
 9.26484e-01
 9.26406e-01
 9.26330e-01
 9.26258e-01
 9.26188e-01
 9.26118e-01
 9.26042e-01
 9.25951e-01
 9.25829e-01
 9.25652e-01
 9.25377e-01
 9.24934e-01
 9.24193e-01
 9.22907e-01
 9.20605e-01
 9.16392e-01
 9.08631e-01
 8.94519e-01
 8.69736e-01
 8.28516e-01
 7.64461e-01
 6.72255e-01
 5.50604e-01
 4.06613e-01
 2.59564e-01
 1.37295e-01
 5.94464e-02
 2.20259e-02
 7.48744e-03
 2.45014e-03
 7.88250e-04
 2.51083e-04
 7.93185e-05
 2.48463e-05
 7.70824e-06
 2.35225e-06
 6.56745e-07
 0.00000e+00
 0.00000e+00
 6.81154e-16
 1.49078e-15
 0.00000e+00
 0.00000e+00
 0.00000e+00
 0.00000e+00
 0.00000e+00
 0.00000e+00
 7.68940e-15
 2.09078e-13
 2.11503e-12
 1.86822e-11
 1.53090e-10
 1.16996e-09
 8.31168e-09
 5.46882e-08
 3.31838e-07
 1.84767e-06
 9.38565e-06
 4.31956e-05
 1.78622e-04
 6.57041e-04
 2.12494e-03
 5.96887e-03
 1.44217e-02
 2.99015e-02
 5.36908e-02
 8.52175e-02
 1.22760e-01
 1.64653e-01
 2.09864e-01
 2.57929e-01
 3.08723e-01
 3.62296e-01
 4.18797e-01
 4.78435e-01
 5.41455e-01
 6.08109e-01
 6.78566e-01
 7.52705e-01
 8.29467e-01
 9.04769e-01
 9.64392e-01
 9.70891e-01
 9.47464e-01
 9.34127e-01
 9.30061e-01
 9.28646e-01
 9.27804e-01
 9.27348e-01
 9.27279e-01
 9.27216e-01
 9.27156e-01
 9.27098e-01
 9.27041e-01
 9.26983e-01
 9.26922e-01
 9.26857e-01
 9.26789e-01
 9.26716e-01
 9.26640e-01
 9.26562e-01
 9.26484e-01
 9.26406e-01
 9.26330e-01
 9.26258e-01
 9.26188e-01
 9.26118e-01
 9.26042e-01
 9.25951e-01
 9.25829e-01
 9.25652e-01
 9.25377e-01
 9.24934e-01
 9.24193e-01
 9.22907e-01
 9.20605e-01
 9.16392e-01
 9.08631e-01
 8.94519e-01
 8.69736e-01
 8.28516e-01
 7.64461e-01
 6.72255e-01
 5.50604e-01
 4.06613e-01
 2.59564e-01
 1.37295e-01
 5.94464e-02
 2.20259e-02
 7.48744e-03
 2.45014e-03
 7.88250e-04
 2.51083e-04
 7.93185e-05
 2.48463e-05
 7.70824e-06
 2.35225e-06
 6.56745e-07
 0.00000e+00
 0.00000e+00
 0.00000e+00
 0.00000e+00
 0.00000e+00
 0.00000e+00
 0.00000e+00
 0.00000e+00
 0.00000e+00
 0.00000e+00
 0.00000e+00
 0.00000e+00
 0.00000e+00
 0.00000e+00
 0.00000e+00
 0.00000e+00
 0.00000e+00
 0.00000e+00
 0.00000e+00
 0.00000e+00
 0.00000e+00
 0.00000e+00
 0.00000e+00
 0.00000e+00
 0.00000e+00
 0.00000e+00
 0.00000e+00
 0.00000e+00
 0.00000e+00
 0.00000e+00
 0.00000e+00
 0.00000e+00
 0.00000e+00
 0.00000e+00
 0.00000e+00
 0.00000e+00
 0.00000e+00
 0.00000e+00
 0.00000e+00
 0.00000e+00
 0.00000e+00
 0.00000e+00
 0.00000e+00
 0.00000e+00
 0.00000e+00
 0.00000e+00
 0.00000e+00
 0.00000e+00
 0.00000e+00
 0.00000e+00
 0.00000e+00
 0.00000e+00
 0.00000e+00
 0.00000e+00
 0.00000e+00
 0.00000e+00
 0.00000e+00
 0.00000e+00
 0.00000e+00
 0.00000e+00
 0.00000e+00
 0.00000e+00
 0.00000e+00
 0.00000e+00
 0.00000e+00
 0.00000e+00
 0.00000e+00
 0.00000e+00
 0.00000e+00
 0.00000e+00
 0.00000e+00
 0.00000e+00
 0.00000e+00
 0.00000e+00
 0.00000e+00
 0.00000e+00
 0.00000e+00
 0.00000e+00
 0.00000e+00
 0.00000e+00
 0.00000e+00
 0.00000e+00
 0.00000e+00
 0.00000e+00
 0.00000e+00
 0.00000e+00
 0.00000e+00
 0.00000e+00
 0.00000e+00
 0.00000e+00
 0.00000e+00
 0.00000e+00
 0.00000e+00
 0.00000e+00
 0.00000e+00
 0.00000e+00
 0.00000e+00
 0.00000e+00
 0.00000e+00
 0.00000e+00
 0.00000e+00
 0.00000e+00
 0.00000e+00
-1.35478e-15
 0.00000e+00
 0.00000e+00
-2.03217e-15
 4.06434e-15
-1.35478e-15
 0.00000e+00
-4.74173e-15
 4.71325e-15
-2.88894e-16
 8.81858e-17
 4.14138e-16
 1.19774e-15
 3.72673e-15
 2.40935e-15
 3.67634e-15
 1.63248e-15
 1.05523e-14
 6.05350e-15
 1.18716e-14
 5.02220e-15
-2.17486e-16
 2.19916e-15
 5.84771e-15
 1.94335e-15
-1.06813e-15
-1.77649e-15
-8.85367e-15
-1.21092e-14
-9.62929e-15
-2.86571e-15
-1.38071e-14
-1.73636e-14
-5.18016e-15
 3.21705e-15
 2.48451e-15
 1.06935e-14
 5.03665e-15
 6.50375e-15
 7.88702e-15
 1.21312e-15
-4.05082e-15
-8.88727e-15
-1.57580e-14
-1.75872e-14
-1.62586e-14
-1.53943e-14
-1.49075e-14
-8.00802e-15
-4.92147e-15
-7.96242e-15
-7.23534e-15
-1.66770e-14
 4.53627e-15
-6.66043e-15
 5.07081e-15
 1.38742e-14
-9.46047e-15
-8.29568e-15
 6.83607e-15
-3.17249e-15
-1.37419e-16
-7.36973e-17
-3.08498e-15
-2.26336e-16
-4.30376e-15
-7.68640e-15
 6.77679e-16
-3.76128e-15
-9.22682e-15
-1.66663e-15
 5.86721e-15
 1.12365e-15
-7.13780e-15
 1.64284e-15
 1.70059e-14
-9.06127e-16
-1.39321e-14
 6.74488e-15
 1.32820e-14
-1.25298e-14
-3.42844e-15
-8.90186e-15
-1.03081e-14
 3.56122e-15
 7.61481e-15
-2.21288e-15
-3.53109e-16
 5.73325e-16
 4.64653e-15
 8.59843e-15
 5.07341e-15
-3.92325e-15
 1.31885e-14
-4.14723e-14
-1.57520e-14
 2.46577e-14
-7.26411e-15
-5.10605e-14
 2.88160e-14
 0.00000e+00
-1.35478e-15
 0.00000e+00
 0.00000e+00
-2.03217e-15
 4.06434e-15
-1.35478e-15
 0.00000e+00
-4.74173e-15
 4.74184e-15
-4.32808e-17
-1.08457e-15
-7.30618e-16
-8.83269e-17
-1.79287e-15
 3.83067e-16
 1.49154e-15
-9.80594e-15
 1.24037e-15
-9.52733e-15
-1.22969e-14
-7.44369e-15
-2.62671e-15
-2.25994e-16
 8.30874e-15
 6.42217e-15
 8.20535e-15
 1.01096e-14
 2.49580e-15
-3.44803e-15
 6.34602e-15
 1.08106e-14
 1.55336e-14
 9.19144e-15
-3.12098e-15
 8.54910e-16
-4.54953e-15
-1.14761e-14
-1.18669e-14
-9.93382e-15
-8.52113e-15
-2.96097e-15
-6.55325e-15
 9.10896e-15
 2.36643e-14
 2.06384e-14
 1.32903e-14
 1.44084e-14
 1.37324e-14
 4.63019e-15
 6.63980e-16
 2.50412e-15
 8.84115e-17
 1.30592e-14
 3.54918e-15
 8.64165e-15
 7.26636e-16
-7.02017e-15
-1.05495e-14
-1.03007e-14
-6.35788e-15
-4.99324e-15
-8.25406e-15
-3.50004e-15
 1.36151e-15
 4.69497e-16
 4.73439e-15
 1.09661e-14
 1.29413e-14
 9.60449e-15
-2.26553e-15
-1.73795e-15
 1.58752e-14
 5.16732e-15
-1.35103e-14
 9.73951e-16
 2.20152e-14
 7.99440e-15
-1.90721e-14
-3.47150e-15
 2.90135e-14
 9.83299e-15
 1.34393e-14
 1.21239e-14
 1.90019e-14
 3.32153e-15
-6.84240e-15
 4.03295e-16
-7.35695e-15
-1.13764e-14
-9.48952e-15
-1.04791e-15
 1.95740e-15
 1.20333e-14
 2.41271e-14
-3.34783e-14
 2.81026e-15
 3.31107e-14
-1.43987e-14
-4.76411e-14
 4.93002e-14
 0.00000e+00
-1.35478e-15
 0.00000e+00
 0.00000e+00
-2.03217e-15
 4.06434e-15
-1.35478e-15
 0.00000e+00
-4.74173e-15
 4.84623e-15
 2.22405e-16
 1.04586e-15
 6.19282e-16
 1.02385e-16
 2.53528e-15
 1.82282e-16
-1.94071e-15
-4.69731e-15
 9.70279e-15
 3.27445e-15
 5.63517e-15
 1.61624e-15
 4.45325e-15
 3.25579e-15
-4.32003e-16
 2.20626e-15
-5.12863e-15
-4.80454e-15
-5.25120e-15
-6.73382e-15
-1.38607e-14
-1.11325e-14
-6.41270e-15
-3.08116e-15
-1.43696e-15
 3.88641e-15
-3.20206e-15
 1.54683e-16
-1.26852e-17
-1.44272e-15
-6.44980e-15
-9.95676e-15
-5.13002e-15
-1.15800e-14
-8.26967e-15
-9.98879e-16
 5.63157e-15
 1.14631e-14
 1.41432e-14
 1.41332e-14
 1.37275e-14
 1.56530e-14
 7.66869e-15
-5.30942e-15
-1.29890e-14
-7.70143e-15
-1.47872e-15
-5.17424e-15
 2.65837e-14
 2.32254e-14
 7.96780e-15
 2.83750e-15
-5.62377e-15
-2.26896e-16
-5.53018e-16
 2.67985e-15
-9.29909e-15
-8.84148e-15
-2.23303e-14
-7.75193e-15
-1.03665e-14
-7.59047e-15
 7.27189e-16
 1.65922e-15
-9.19563e-15
 1.36441e-14
 2.45149e-14
 1.37424e-14
 4.02774e-15
 1.82094e-14
 2.75797e-14
-5.92920e-15
 6.60543e-15
 8.50534e-16
-1.03709e-14
-4.54654e-15
 7.05822e-15
-6.66684e-16
-6.02881e-15
-8.49463e-15
-1.14133e-14
-1.48816e-14
-1.13137e-14
-1.38302e-14
 1.73357e-14
-3.45902e-14
-5.98510e-15
 3.57240e-14
 9.95282e-15
-3.28733e-14
 3.22307e-14
 0.00000e+00
-1.35478e-15
 0.00000e+00
 0.00000e+00
-2.03217e-15
 4.06434e-15
-1.35478e-15
 0.00000e+00
-4.74173e-15
 4.55349e-15
-8.34562e-16
-2.13465e-15
-3.22493e-15
-4.35781e-15
-5.97242e-15
-6.15485e-15
-4.74791e-15
-1.46245e-14
 2.64983e-16
-6.58788e-15
-5.22022e-15
-3.50983e-15
-7.96370e-15
-5.60601e-15
-3.49030e-15
-8.43416e-15
-3.06777e-16
 5.87853e-15
 7.90305e-16
 1.88715e-15
-5.31881e-15
-1.20333e-14
-1.73472e-16
 6.56748e-15
-5.86220e-15
 1.44385e-14
 1.65676e-14
 1.20140e-14
 1.83975e-14
 1.53958e-14
 1.11077e-14
 2.41689e-14
 1.53252e-14
 1.32192e-15
 6.09438e-15
 1.53654e-15
-6.64560e-15
-1.54992e-14
-2.11539e-14
-2.49255e-14
-2.09125e-14
-2.31719e-14
-1.33608e-14
-8.07570e-16
 2.23610e-14
 7.63078e-15
 4.31372e-15
 1.10640e-14
-1.74860e-14
-1.75387e-14
-7.46639e-15
 5.61306e-16
 2.25063e-14
 2.24853e-14
 1.40453e-14
 4.70204e-15
 1.94658e-14
 2.10636e-14
 3.08540e-14
 1.88310e-14
 3.27927e-15
 1.37432e-14
 2.50851e-14
 1.04401e-14
-4.09511e-15
-6.41514e-15
 5.66624e-15
-1.38700e-15
-9.30250e-15
-4.12441e-15
 1.10703e-14
-7.09128e-15
 3.63841e-15
 6.74454e-15
 9.77914e-15
 1.35524e-15
-6.56175e-15
 6.34038e-16
 6.88074e-15
 8.58665e-15
 5.60642e-15
-1.87197e-15
-6.06546e-15
-8.66958e-15
-1.12329e-14
-7.01107e-14
-2.28447e-14
 2.19081e-14
-2.54835e-14
-6.41736e-14
 3.42332e-14
 0.00000e+00
 0.00000e+00
 0.00000e+00
 0.00000e+00
 0.00000e+00
 0.00000e+00
 0.00000e+00
 0.00000e+00
 0.00000e+00
 0.00000e+00
 0.00000e+00
 0.00000e+00
 0.00000e+00
 0.00000e+00
 0.00000e+00
 0.00000e+00
 0.00000e+00
 0.00000e+00
 0.00000e+00
 0.00000e+00
 0.00000e+00
 0.00000e+00
 0.00000e+00
 0.00000e+00
 0.00000e+00
 0.00000e+00
 0.00000e+00
 0.00000e+00
 0.00000e+00
 0.00000e+00
 0.00000e+00
 0.00000e+00
 0.00000e+00
 0.00000e+00
 0.00000e+00
 0.00000e+00
 0.00000e+00
 0.00000e+00
 0.00000e+00
 0.00000e+00
 0.00000e+00
 0.00000e+00
 0.00000e+00
 0.00000e+00
 0.00000e+00
 0.00000e+00
 0.00000e+00
 0.00000e+00
 0.00000e+00
 0.00000e+00
 0.00000e+00
 0.00000e+00
 0.00000e+00
 0.00000e+00
 0.00000e+00
 0.00000e+00
 0.00000e+00
 0.00000e+00
 0.00000e+00
 0.00000e+00
 0.00000e+00
 0.00000e+00
 0.00000e+00
 0.00000e+00
 0.00000e+00
 0.00000e+00
 0.00000e+00
 0.00000e+00
 0.00000e+00
 0.00000e+00
 0.00000e+00
 0.00000e+00
 0.00000e+00
 0.00000e+00
 0.00000e+00
 0.00000e+00
 0.00000e+00
 0.00000e+00
 0.00000e+00
 0.00000e+00
 0.00000e+00
 0.00000e+00
 0.00000e+00
 0.00000e+00
 0.00000e+00
 0.00000e+00
 0.00000e+00
 0.00000e+00
 0.00000e+00
 0.00000e+00
 0.00000e+00
 0.00000e+00
 0.00000e+00
 0.00000e+00
 0.00000e+00
 0.00000e+00
 0.00000e+00
 0.00000e+00
 0.00000e+00
 0.00000e+00
 0.00000e+00
 0.00000e+00
 0.00000e+00
 0.00000e+00
 0.00000e+00
 0.00000e+00
 0.00000e+00
 0.00000e+00
 0.00000e+00
 0.00000e+00
 0.00000e+00
 0.00000e+00
 0.00000e+00
 0.00000e+00
 0.00000e+00
 0.00000e+00
 0.00000e+00
 0.00000e+00
 0.00000e+00
 0.00000e+00
 0.00000e+00
 0.00000e+00
 0.00000e+00
 0.00000e+00
 0.00000e+00
 0.00000e+00
 0.00000e+00
 0.00000e+00
 0.00000e+00
 0.00000e+00
 0.00000e+00
 0.00000e+00
 0.00000e+00
 0.00000e+00
 0.00000e+00
 0.00000e+00
 0.00000e+00
 0.00000e+00
 0.00000e+00
 0.00000e+00
 0.00000e+00
 0.00000e+00
 0.00000e+00
 0.00000e+00
 0.00000e+00
 0.00000e+00
 0.00000e+00
 0.00000e+00
 0.00000e+00
 0.00000e+00
 0.00000e+00
 0.00000e+00
 0.00000e+00
 0.00000e+00
 0.00000e+00
 0.00000e+00
 0.00000e+00
 0.00000e+00
 0.00000e+00
 0.00000e+00
 0.00000e+00
 0.00000e+00
 0.00000e+00
 0.00000e+00
 0.00000e+00
 0.00000e+00
 0.00000e+00
 0.00000e+00
 0.00000e+00
 0.00000e+00
 0.00000e+00
 0.00000e+00
 0.00000e+00
 0.00000e+00
 0.00000e+00
 0.00000e+00
 0.00000e+00
 0.00000e+00
 0.00000e+00
 0.00000e+00
 0.00000e+00
 0.00000e+00
 0.00000e+00
 0.00000e+00
 0.00000e+00
 0.00000e+00
 0.00000e+00
 0.00000e+00
 0.00000e+00
 0.00000e+00
 0.00000e+00
 0.00000e+00
 0.00000e+00
 0.00000e+00
 0.00000e+00
 0.00000e+00
 0.00000e+00
 0.00000e+00
 0.00000e+00
 0.00000e+00
 0.00000e+00
 0.00000e+00
 0.00000e+00
-1.01609e-15
 0.00000e+00
 0.00000e+00
-2.70956e-15
 4.40304e-15
-2.03217e-15
 0.00000e+00
-4.40304e-15
 4.41147e-15
 1.61519e-18
 1.28667e-16
-7.93278e-18
 1.43378e-15
 3.57302e-15
 1.01368e-15
-1.73584e-17
-1.98642e-15
 9.60126e-15
 2.61555e-15
 5.54858e-15
 3.19920e-15
 2.29249e-15
 3.64572e-15
 7.57301e-15
 1.08425e-14
 9.79825e-15
 3.55470e-15
 6.33014e-16
-1.33567e-15
-2.64120e-15
 5.95498e-16
-2.41572e-15
-5.87264e-15
-5.25299e-15
-6.04191e-16
-7.64045e-15
-1.15129e-15
-3.51142e-16
-5.46154e-15
-5.94006e-15
-8.17605e-15
-1.15209e-14
-6.64696e-15
-5.15093e-15
-7.57050e-15
-1.24388e-14
-1.36391e-14
-1.27682e-14
-8.96384e-15
-4.21551e-15
-6.28037e-15
-2.79672e-15
-6.50727e-15
 6.78283e-15
-2.23405e-15
 2.17046e-15
-1.78066e-15
-1.21978e-14
-9.68267e-15
 1.23523e-15
 8.32730e-16
 1.32644e-15
-9.54494e-16
-8.42175e-15
-4.25749e-15
-2.35311e-15
-2.81989e-15
-3.52095e-15
 3.63812e-15
-2.82151e-15
-2.82685e-15
 6.56339e-15
-1.96871e-15
-1.50786e-14
-1.10542e-15
 1.92677e-14
 4.11157e-16
-1.31572e-14
 3.28570e-15
 1.25192e-14
-1.45146e-14
-2.66561e-15
-7.08279e-15
-8.36539e-15
-2.50148e-15
-3.40929e-16
-9.28921e-16
 4.60320e-15
 3.54913e-15
 6.18470e-15
 1.04798e-14
 9.44873e-15
 7.90398e-16
 1.40713e-14
-4.31084e-14
-7.19594e-15
 2.46766e-14
-1.52513e-14
-5.07423e-14
 3.29085e-14
 0.00000e+00
-1.01609e-15
 0.00000e+00
 0.00000e+00
-2.70956e-15
 4.40304e-15
-2.03217e-15
 0.00000e+00
-4.40304e-15
 4.37508e-15
-4.24831e-16
-1.32664e-15
-1.12790e-15
-1.75133e-15
-3.73009e-15
-3.60956e-18
 6.47692e-16
-1.12410e-14
 1.05434e-15
-5.74037e-15
-6.92649e-15
-6.19094e-15
-2.47508e-15
-1.80255e-15
-5.62815e-16
-8.99070e-15
-4.30426e-15
-3.54038e-15
-1.17502e-14
-1.26404e-14
 1.68831e-15
 9.60149e-15
 8.74735e-15
 4.26151e-15
-3.22319e-15
 1.03305e-14
 6.97022e-15
 9.88252e-15
 9.37107e-15
 5.17400e-15
 3.63818e-15
 1.33964e-14
 5.25635e-15
 1.03851e-14
 2.10649e-14
 1.27993e-14
 3.96234e-15
 6.16377e-15
 7.29260e-15
 4.62435e-15
 4.65084e-15
 2.38043e-15
-6.95211e-15
 1.15404e-14
-9.38793e-15
 1.95373e-16
-7.39221e-15
 4.79517e-16
 8.42107e-15
 9.59115e-15
-7.43178e-15
-1.27747e-14
-6.55383e-15
-2.75893e-15
 1.10304e-14
 9.49102e-15
 5.50902e-15
 9.41570e-15
 1.65871e-14
 1.04151e-14
-1.37347e-15
 3.49813e-15
 1.24709e-14
 1.61687e-15
-1.13514e-14
 3.74142e-15
 2.03882e-14
 7.39924e-15
-1.75288e-14
 1.16420e-15
 2.80223e-14
 1.01303e-14
 1.73471e-14
 1.45428e-14
 1.50292e-14
 4.26147e-15
-1.24573e-15
-4.78360e-15
-1.50442e-14
-1.46340e-14
-1.33535e-14
-5.25741e-15
 2.28341e-17
 7.74865e-15
 2.33486e-14
-3.37921e-14
-5.33236e-15
 3.45632e-14
-7.80505e-15
-4.76911e-14
 4.59971e-14
 0.00000e+00
-1.01609e-15
 0.00000e+00
 0.00000e+00
-2.70956e-15
 4.40304e-15
-2.03217e-15
 0.00000e+00
-4.40304e-15
 4.48135e-15
 3.96845e-16
 1.09398e-15
 1.15336e-15
 1.30690e-15
 3.29568e-15
 1.65206e-15
 1.84066e-15
-8.09291e-16
 1.24846e-14
 5.55149e-15
 6.22971e-15
 3.36081e-15
 1.28177e-15
-4.02471e-16
 1.54982e-15
 8.33310e-15
 3.52818e-17
 1.56902e-15
 4.27049e-15
-3.20902e-15
-1.27765e-14
-1.18516e-14
-7.64070e-15
-4.90143e-15
-3.98108e-15
-2.93143e-15
-1.48599e-14
-1.92842e-14
-1.85934e-14
-6.44110e-15
-1.22903e-14
-1.74040e-14
-1.13731e-14
-2.32259e-14
-2.73911e-14
-1.15839e-14
-1.35602e-15
 6.06984e-18
 4.12561e-15
 2.23729e-15
-1.01682e-15
 1.65417e-14
 1.25406e-14
-3.92674e-15
 2.34055e-15
 2.63894e-15
 1.46542e-14
 1.12296e-14
 5.50366e-15
 4.13550e-15
 6.44024e-15
 4.18060e-15
-3.62406e-15
-6.58973e-15
-2.30634e-15
 2.99811e-15
-9.31072e-16
-3.59132e-15
-1.19693e-14
-6.82370e-15
-1.37317e-14
-9.67873e-15
 3.33718e-15
-2.63827e-15
-1.18007e-14
 2.72240e-15
 2.27862e-14
 1.36558e-14
 4.32833e-15
 1.45075e-14
 2.69022e-14
-2.51414e-15
 9.42996e-15
 5.17130e-15
 4.16438e-15
 9.50529e-15
 1.12540e-14
 8.99829e-15
 8.26413e-15
 4.95842e-15
 1.46804e-15
-2.15463e-15
-7.22211e-15
-1.12834e-14
 1.63991e-14
-3.53572e-14
-1.97388e-15
 3.55665e-14
 8.45719e-15
-3.30261e-14
 3.60708e-14
-3.86358e-16
-1.01604e-15
 1.50094e-16
 0.00000e+00
-2.70956e-15
 4.40304e-15
-2.03217e-15
 0.00000e+00
-4.40304e-15
 4.25036e-15
-1.02217e-15
-2.34591e-15
-4.05221e-15
-5.43290e-15
-6.34431e-15
-6.66697e-15
-7.19920e-15
-1.68155e-14
-2.76167e-15
-8.95971e-15
-7.04768e-15
-4.85206e-15
-4.15042e-15
 1.30545e-15
 9.46084e-16
-7.73209e-15
-2.08716e-15
 1.81017e-15
-4.76427e-15
-1.56511e-15
-5.98758e-15
-1.16477e-14
 2.63485e-15
 1.04013e-14
-5.37526e-15
 1.18646e-14
 2.22912e-14
 1.92881e-14
 2.18169e-14
 1.80665e-14
 1.88330e-14
 2.79627e-14
 1.85585e-14
 1.67104e-14
 2.09279e-14
 1.69198e-14
 1.07788e-14
 3.33163e-15
-4.98747e-15
-7.99119e-15
-4.49980e-15
-1.52429e-14
-1.35109e-14
 4.34023e-16
 2.60933e-15
-4.66703e-15
-8.95753e-15
-1.04055e-14
-1.15323e-14
-8.31438e-15
-3.71751e-15
 2.18522e-15
 1.35806e-14
 2.36566e-14
 8.60502e-15
-4.03009e-15
 9.21029e-15
 6.65253e-15
 1.31684e-14
 1.43649e-14
-1.34199e-15
 1.09494e-14
 1.78409e-14
 1.54317e-14
-1.26106e-15
 7.65335e-15
 1.09401e-14
-4.70647e-15
-1.59718e-14
-6.40520e-15
 1.39218e-14
-1.21769e-14
-3.34272e-15
 2.24596e-15
-3.45059e-15
-1.23524e-14
-8.90261e-15
-6.07689e-15
-3.06089e-15
-1.76303e-15
-6.84306e-15
-1.29346e-14
-1.26583e-14
-1.51631e-14
-1.12489e-14
-6.79236e-14
-2.64143e-14
 2.01799e-14
-2.52333e-14
-6.67995e-14
 3.02740e-14
 0.00000e+00
 0.00000e+00
 0.00000e+00
 0.00000e+00
 0.00000e+00
 0.00000e+00
 0.00000e+00
 0.00000e+00
 0.00000e+00
 0.00000e+00
 0.00000e+00
 0.00000e+00
 0.00000e+00
 0.00000e+00
 0.00000e+00
 0.00000e+00
 0.00000e+00
 0.00000e+00
 0.00000e+00
 0.00000e+00
 0.00000e+00
 0.00000e+00
 0.00000e+00
 0.00000e+00
 0.00000e+00
 0.00000e+00
 0.00000e+00
 0.00000e+00
 0.00000e+00
 0.00000e+00
 0.00000e+00
 0.00000e+00
 0.00000e+00
 0.00000e+00
 0.00000e+00
 0.00000e+00
 0.00000e+00
 0.00000e+00
 0.00000e+00
 0.00000e+00
 0.00000e+00
 0.00000e+00
 0.00000e+00
 0.00000e+00
 0.00000e+00
 0.00000e+00
 0.00000e+00
 0.00000e+00
 0.00000e+00
 0.00000e+00
 0.00000e+00
 0.00000e+00
 0.00000e+00
 0.00000e+00
 0.00000e+00
 0.00000e+00
 0.00000e+00
 0.00000e+00
 0.00000e+00
 0.00000e+00
 0.00000e+00
 0.00000e+00
 0.00000e+00
 0.00000e+00
 0.00000e+00
 0.00000e+00
 0.00000e+00
 0.00000e+00
 0.00000e+00
 0.00000e+00
 0.00000e+00
 0.00000e+00
 0.00000e+00
 0.00000e+00
 0.00000e+00
 0.00000e+00
 0.00000e+00
 0.00000e+00
 0.00000e+00
 0.00000e+00
 0.00000e+00
 0.00000e+00
 0.00000e+00
 0.00000e+00
 0.00000e+00
 0.00000e+00
 0.00000e+00
 0.00000e+00
 0.00000e+00
 0.00000e+00
 0.00000e+00
 0.00000e+00
 0.00000e+00
 0.00000e+00
 0.00000e+00
 0.00000e+00
 0.00000e+00
 0.00000e+00
 0.00000e+00
 0.00000e+00
 0.00000e+00
 0.00000e+00
 0.00000e+00
 0.00000e+00
 0.00000e+00
 0.00000e+00
 0.00000e+00
 0.00000e+00
 0.00000e+00
 0.00000e+00
 0.00000e+00
 0.00000e+00
 0.00000e+00
 0.00000e+00
 0.00000e+00
 0.00000e+00
 0.00000e+00
 0.00000e+00
 0.00000e+00
 0.00000e+00
 0.00000e+00
 0.00000e+00
 0.00000e+00
 0.00000e+00
 0.00000e+00
 0.00000e+00
 0.00000e+00
 0.00000e+00
 0.00000e+00
 0.00000e+00
 0.00000e+00
 0.00000e+00
 0.00000e+00
 0.00000e+00
 0.00000e+00
 0.00000e+00
 0.00000e+00
 0.00000e+00
 0.00000e+00
 0.00000e+00
 0.00000e+00
 0.00000e+00
 0.00000e+00
 0.00000e+00
 0.00000e+00
 0.00000e+00
 0.00000e+00
 0.00000e+00
 0.00000e+00
 0.00000e+00
 0.00000e+00
 0.00000e+00
 0.00000e+00
 0.00000e+00
 0.00000e+00
 0.00000e+00
 0.00000e+00
 0.00000e+00
 0.00000e+00
 0.00000e+00
 0.00000e+00
 0.00000e+00
 0.00000e+00
 0.00000e+00
 0.00000e+00
 0.00000e+00
 0.00000e+00
 0.00000e+00
 0.00000e+00
 0.00000e+00
 0.00000e+00
 0.00000e+00
 0.00000e+00
 0.00000e+00
 0.00000e+00
 0.00000e+00
 0.00000e+00
 0.00000e+00
 0.00000e+00
 0.00000e+00
 0.00000e+00
 0.00000e+00
 0.00000e+00
 0.00000e+00
 0.00000e+00
 0.00000e+00
 0.00000e+00
 0.00000e+00
 0.00000e+00
 0.00000e+00
 0.00000e+00
 0.00000e+00
 0.00000e+00
 0.00000e+00
 0.00000e+00
 0.00000e+00
 0.00000e+00
 0.00000e+00
 0.00000e+00
 0.00000e+00
 0.00000e+00
 0.00000e+00
 0.00000e+00
-6.77390e-16
 6.77390e-16
-3.38695e-16
-2.70956e-15
 4.06434e-15
-2.70956e-15
-6.77390e-16
-4.40304e-15
 4.49923e-15
-4.09851e-16
 3.49761e-16
-8.27446e-16
 3.12952e-16
 3.72611e-15
 1.13490e-15
-1.59828e-15
-5.29017e-15
 8.50909e-15
 1.87379e-16
 8.90137e-16
-1.65440e-15
 1.19866e-15
 3.31983e-15
 2.00032e-15
 6.72300e-15
 1.05889e-14
 1.88510e-15
-1.72643e-15
 1.46897e-15
 1.88919e-15
-3.76709e-15
-4.51884e-15
-4.93322e-15
-8.28847e-15
-5.78739e-15
-1.59413e-14
-9.45895e-15
-2.71139e-15
-1.17106e-14
-1.75393e-14
-1.08591e-14
-1.53530e-14
-1.55880e-14
-7.35965e-15
-3.90725e-15
-1.36439e-14
-1.03888e-14
-2.15890e-15
-3.91847e-15
-2.87101e-15
-6.67893e-15
 3.06423e-15
 6.52901e-15
 5.30692e-15
 4.79760e-15
 6.46352e-15
-1.06207e-14
-1.58443e-14
-1.03915e-14
 7.59680e-16
-1.27906e-15
 2.24250e-15
-3.46185e-15
-1.02117e-14
 1.32771e-15
 5.40925e-15
 6.55694e-15
 2.83566e-15
 3.77630e-15
-3.06244e-15
-3.88604e-15
 8.04824e-15
-9.43425e-15
-2.20084e-14
-3.24620e-15
 2.00817e-14
 3.10980e-15
-1.71659e-14
 1.56424e-15
 1.18324e-14
-1.43209e-14
 1.96461e-15
 5.24751e-16
-1.22743e-15
-9.27292e-16
-4.30347e-15
-2.30757e-15
 7.67686e-15
 5.58057e-15
 1.14959e-15
-4.31824e-15
-9.94009e-15
-1.15543e-14
 1.19768e-14
-4.59499e-14
-1.33322e-14
 2.86255e-14
-6.22495e-15
-5.14589e-14
 2.48946e-14
 0.00000e+00
-6.77390e-16
 6.77390e-16
-3.38695e-16
-2.70956e-15
 4.06434e-15
-2.70956e-15
-6.77390e-16
-4.40304e-15
 4.32383e-15
-1.35904e-15
-7.46921e-16
-7.70542e-16
-2.88899e-15
-6.77196e-15
-1.37358e-15
 1.51539e-15
-1.03062e-14
 3.89702e-15
-3.58828e-15
-3.30735e-15
-1.10884e-15
 1.65036e-15
-1.70434e-15
-2.72789e-15
-1.10453e-14
-1.32331e-14
-1.36528e-14
-1.48205e-14
-1.65648e-14
-7.72274e-15
 4.58014e-15
 6.14599e-15
-5.37264e-16
-5.87954e-15
 1.01375e-14
 1.09066e-14
 1.96850e-14
 2.00853e-14
 1.13974e-14
 1.46434e-14
 2.16693e-14
 1.33410e-14
 1.31200e-14
 1.88443e-14
 1.15569e-14
 9.59216e-15
 1.20565e-14
 6.08997e-15
 4.63167e-15
 5.07324e-15
 1.27972e-15
-1.14007e-14
-6.92550e-15
-1.75674e-14
-8.53983e-15
-6.21936e-15
 5.34999e-15
 2.28494e-14
 2.43610e-14
 4.55389e-15
-3.64636e-15
-4.90001e-15
 5.88538e-15
 5.60596e-15
 1.30902e-15
-3.78665e-15
-5.20489e-15
 3.19686e-15
 7.85649e-15
-1.98844e-15
 1.45373e-14
 1.54657e-14
 4.42578e-15
-3.86549e-15
 5.69308e-15
 1.94595e-14
 9.89574e-15
-9.51835e-15
 7.37597e-15
 2.29360e-14
 7.58972e-15
 1.50602e-14
 1.36180e-14
 1.50919e-14
 1.02867e-14
 5.97277e-15
-2.58094e-15
-1.71261e-14
-1.49943e-14
-6.81142e-15
 9.43257e-15
 1.99395e-14
 1.77015e-14
 2.47983e-14
-3.28308e-14
 1.08342e-15
 3.52876e-14
-9.41831e-15
-4.61874e-14
 5.01164e-14
 1.07414e-16
-6.00310e-16
 6.77390e-16
-3.38695e-16
-2.70956e-15
 4.06434e-15
-2.70956e-15
-6.77390e-16
-4.40304e-15
 4.44283e-15
-3.31454e-16
 7.80211e-16
 3.19131e-16
 2.25381e-15
 4.92452e-15
 1.34651e-15
 2.26947e-15
-1.75386e-15
 1.13509e-14
 5.82035e-15
 5.71172e-15
 6.24236e-16
-4.24026e-15
-1.46481e-15
 4.26469e-15
 1.16366e-14
 8.95749e-15
 1.18649e-14
 1.12458e-14
 4.69878e-15
-5.04366e-15
-1.05160e-14
-1.04122e-14
-1.20985e-14
-5.12704e-15
 4.72273e-15
-1.51518e-14
-2.59255e-14
-1.79976e-14
-1.45080e-15
-4.62677e-15
-7.47429e-15
-7.36856e-15
-1.32003e-14
-2.07243e-14
-1.89311e-14
-8.73393e-15
-1.22342e-14
-8.17807e-15
-7.70698e-15
-8.56927e-15
 6.73512e-15
 1.01231e-14
 5.46591e-15
 5.75995e-15
-5.15531e-15
-1.93120e-15
-6.08600e-15
-3.26484e-14
-3.54427e-14
-2.09824e-14
-1.47372e-14
-1.52060e-14
-2.29986e-14
-1.11999e-14
-2.52435e-15
-2.35334e-16
-4.45354e-15
-1.49702e-14
-1.60442e-14
-3.03031e-14
-2.71535e-14
-1.43025e-14
-2.41996e-14
-2.17282e-14
-8.52514e-15
 6.39480e-15
-4.32993e-15
-1.63907e-14
-6.90854e-15
 7.90694e-15
-1.60299e-14
-6.24483e-15
-1.17767e-14
-9.72907e-15
-1.33606e-14
-1.48225e-14
-8.93369e-15
-3.41273e-15
-6.41244e-15
-9.67546e-15
-1.19769e-14
-1.61810e-14
-1.20007e-14
 1.38901e-14
-3.44790e-14
-2.13747e-15
 3.26384e-14
 7.76146e-15
-3.51571e-14
 3.63223e-14
-8.21961e-16
-9.87035e-16
 7.95975e-16
-3.38695e-16
-2.70956e-15
 4.06434e-15
-2.70956e-15
-6.77390e-16
-4.40304e-15
 4.27580e-15
-1.63824e-15
-2.01905e-15
-4.20612e-15
-6.11482e-15
-6.74854e-15
-6.69531e-15
-8.20584e-15
-1.58129e-14
-1.56537e-15
-9.52815e-15
-7.80363e-15
-5.23881e-15
-3.10602e-15
 7.04660e-17
-7.26079e-16
-8.74145e-15
-7.26470e-15
-7.19339e-15
-1.00497e-14
-8.65774e-15
-1.20271e-14
-1.26084e-14
 2.24021e-15
 1.42761e-14
-8.57062e-15
 1.14861e-15
 1.54409e-14
 1.10582e-14
 7.20235e-15
 4.76335e-15
 7.48052e-15
 1.70719e-14
 1.85403e-14
 1.41381e-14
 1.35809e-14
 1.44572e-14
 8.89580e-15
 1.16704e-14
 9.98732e-15
 3.39965e-15
 1.62640e-15
-1.54368e-14
-1.38657e-14
-7.15835e-15
-5.36665e-15
-3.59056e-15
-6.15576e-15
-6.77896e-15
 1.30275e-14
 1.16454e-14
 1.33365e-14
 1.35726e-14
 1.94487e-14
 2.66518e-14
 1.22861e-14
 9.37007e-16
 3.99375e-15
 5.02443e-15
 1.29967e-14
 2.02284e-14
 9.51774e-15
 2.19578e-14
 3.17035e-14
 2.99416e-14
 2.44182e-15
 1.16648e-14
 2.03513e-14
 2.71303e-15
-1.01862e-14
 7.82400e-15
 3.50981e-14
-2.05959e-15
 3.85784e-15
 1.48413e-14
 1.03877e-14
 1.03192e-14
 1.74883e-14
 1.53998e-14
 1.05892e-14
 1.15736e-14
 2.73985e-15
-1.14286e-14
-1.46808e-14
-2.28560e-14
-1.00459e-14
-6.57127e-14
-2.97154e-14
 1.99162e-14
-2.57330e-14
-6.86292e-14
 2.71665e-14
 0.00000e+00
 0.00000e+00
 0.00000e+00
 0.00000e+00
 0.00000e+00
 0.00000e+00
 0.00000e+00
 0.00000e+00
 0.00000e+00
 0.00000e+00
 0.00000e+00
 0.00000e+00
 0.00000e+00
 0.00000e+00
 0.00000e+00
 0.00000e+00
 0.00000e+00
 0.00000e+00
 0.00000e+00
 0.00000e+00
 0.00000e+00
 0.00000e+00
 0.00000e+00
 0.00000e+00
 0.00000e+00
 0.00000e+00
 0.00000e+00
 0.00000e+00
 0.00000e+00
 0.00000e+00
 0.00000e+00
 0.00000e+00
 0.00000e+00
 0.00000e+00
 0.00000e+00
 0.00000e+00
 0.00000e+00
 0.00000e+00
 0.00000e+00
 0.00000e+00
 0.00000e+00
 0.00000e+00
 0.00000e+00
 0.00000e+00
 0.00000e+00
 0.00000e+00
 0.00000e+00
 0.00000e+00
 0.00000e+00
 0.00000e+00
 0.00000e+00
 0.00000e+00
 0.00000e+00
 0.00000e+00
 0.00000e+00
 0.00000e+00
 0.00000e+00
 0.00000e+00
 0.00000e+00
 0.00000e+00
 0.00000e+00
 0.00000e+00
 0.00000e+00
 0.00000e+00
 0.00000e+00
 0.00000e+00
 0.00000e+00
 0.00000e+00
 0.00000e+00
 0.00000e+00
 0.00000e+00
 0.00000e+00
 0.00000e+00
 0.00000e+00
 0.00000e+00
 0.00000e+00
 0.00000e+00
 0.00000e+00
 0.00000e+00
 0.00000e+00
 0.00000e+00
 0.00000e+00
 0.00000e+00
 0.00000e+00
 0.00000e+00
 0.00000e+00
 0.00000e+00
 0.00000e+00
 0.00000e+00
 0.00000e+00
 0.00000e+00
 0.00000e+00
 0.00000e+00
 0.00000e+00
 0.00000e+00
 0.00000e+00
 0.00000e+00
 0.00000e+00
 0.00000e+00
 0.00000e+00
 0.00000e+00
 0.00000e+00
 0.00000e+00
 0.00000e+00
 0.00000e+00
 0.00000e+00
 0.00000e+00
 0.00000e+00
 0.00000e+00
 0.00000e+00
 0.00000e+00
 0.00000e+00
 0.00000e+00
 0.00000e+00
 0.00000e+00
 0.00000e+00
 0.00000e+00
 0.00000e+00
 0.00000e+00
 0.00000e+00
 0.00000e+00
 0.00000e+00
 0.00000e+00
 0.00000e+00
 0.00000e+00
 0.00000e+00
 0.00000e+00
 0.00000e+00
 0.00000e+00
 0.00000e+00
 0.00000e+00
 0.00000e+00
 0.00000e+00
 0.00000e+00
 0.00000e+00
 0.00000e+00
 0.00000e+00
 0.00000e+00
 0.00000e+00
 0.00000e+00
 0.00000e+00
 0.00000e+00
 0.00000e+00
 0.00000e+00
 0.00000e+00
 0.00000e+00
 0.00000e+00
 0.00000e+00
 0.00000e+00
 0.00000e+00
 0.00000e+00
 0.00000e+00
 0.00000e+00
 0.00000e+00
 0.00000e+00
 0.00000e+00
 0.00000e+00
 0.00000e+00
 0.00000e+00
 0.00000e+00
 0.00000e+00
 0.00000e+00
 0.00000e+00
 0.00000e+00
 0.00000e+00
 0.00000e+00
 0.00000e+00
 0.00000e+00
 0.00000e+00
 0.00000e+00
 0.00000e+00
 0.00000e+00
 0.00000e+00
 0.00000e+00
 0.00000e+00
 0.00000e+00
 0.00000e+00
 0.00000e+00
 0.00000e+00
 0.00000e+00
 0.00000e+00
 0.00000e+00
 0.00000e+00
 0.00000e+00
 0.00000e+00
 0.00000e+00
 0.00000e+00
 0.00000e+00
 0.00000e+00
 0.00000e+00
 0.00000e+00
 0.00000e+00
 0.00000e+00
 0.00000e+00
 0.00000e+00
 0.00000e+00
 0.00000e+00
 0.00000e+00
 0.00000e+00
 0.00000e+00
 0.00000e+00
 0.00000e+00
 0.00000e+00
-6.77390e-16
 0.00000e+00
-1.01609e-15
-2.70956e-15
 4.74173e-15
-2.70956e-15
-3.38695e-16
-4.74173e-15
 5.12991e-15
-1.70667e-16
 4.37782e-17
-1.06665e-15
-6.30634e-16
 3.03166e-15
 8.34261e-16
-2.02041e-15
-8.35588e-15
 4.94542e-15
 1.24686e-15
 1.17796e-15
-2.13212e-15
 1.59888e-15
 3.22466e-15
-1.88328e-15
-3.83620e-15
-2.23802e-15
-2.03354e-15
-4.94149e-15
-1.57033e-16
-1.40893e-15
-6.26749e-15
-6.10547e-15
-5.81699e-15
-7.39499e-15
 6.97103e-16
-7.34509e-15
-1.08093e-15
 3.46221e-15
-3.55437e-15
-1.15854e-14
-1.22822e-15
-1.77685e-15
-1.70083e-14
-1.36497e-14
-9.72555e-15
-8.19703e-15
-7.06892e-15
-9.03523e-15
-8.53877e-15
-4.67895e-15
 3.84219e-15
 6.28710e-15
 5.87879e-15
 5.26416e-15
 6.36609e-15
 5.67978e-15
-3.35376e-15
-1.25652e-15
-4.39139e-15
-1.82582e-15
-4.68595e-15
-1.71282e-15
-3.08540e-15
-9.61954e-15
-1.23885e-14
-2.02769e-15
 1.59358e-15
-5.14322e-15
-4.92274e-15
-6.03603e-15
-5.82239e-15
 9.89868e-16
-5.70142e-15
-1.78167e-14
 4.97292e-17
 1.64160e-14
 1.16923e-15
-1.64549e-14
-4.00396e-15
 1.51682e-14
-1.07968e-14
 3.34909e-15
-3.29636e-15
-3.17835e-15
-1.95277e-15
-6.55666e-15
-3.62622e-15
 6.32135e-15
 2.11894e-15
-1.76382e-15
-5.26574e-15
-1.43082e-14
-1.49773e-14
 1.02789e-14
-4.29974e-14
-1.47961e-14
 2.80999e-14
-2.05475e-15
-5.21695e-14
 2.16236e-14
 0.00000e+00
-6.77390e-16
 0.00000e+00
-1.01609e-15
-2.70956e-15
 4.74173e-15
-2.70956e-15
-3.38695e-16
-4.74173e-15
 4.98007e-15
-8.07601e-16
-3.96008e-16
-3.78837e-16
-3.09738e-15
-7.81501e-15
-2.16502e-15
 7.27433e-16
-1.02786e-14
 4.81239e-15
-4.93708e-15
-5.72413e-15
-1.80141e-15
-2.73357e-16
-3.46982e-15
-1.87215e-15
-6.19561e-15
-8.64744e-15
-7.38800e-15
-1.80633e-15
-4.86367e-15
-4.06770e-15
 3.65282e-16
-1.52637e-15
-1.52023e-15
-5.60354e-15
 1.89914e-15
 2.47841e-15
 6.12801e-15
 1.12653e-15
-3.85548e-15
 6.41423e-15
 1.12816e-14
 2.16559e-17
 2.03475e-15
 1.23171e-14
 1.14114e-14
 5.57369e-15
 4.34506e-15
 2.83759e-15
-3.25972e-15
-8.97925e-15
-1.99520e-14
-1.50999e-14
-1.31464e-14
-1.32711e-14
-1.10896e-14
 3.01251e-15
 6.77320e-15
 4.85873e-15
 5.21869e-15
 4.63429e-15
 1.40541e-14
 7.16617e-15
 1.10230e-14
 7.57894e-15
-3.72983e-15
-3.96145e-15
-5.49711e-15
 4.56789e-15
 1.75181e-14
 1.36362e-15
 1.00406e-14
 1.83596e-14
 1.05436e-14
-1.51952e-15
 7.21553e-15
 2.24351e-14
 8.32059e-15
-1.42413e-14
-2.99294e-15
 1.26306e-14
-7.24245e-15
 3.49610e-15
 6.02043e-15
 1.51840e-14
 1.34785e-14
 7.54496e-15
 1.08788e-15
-8.18629e-15
-7.59777e-15
 1.38428e-15
 1.27553e-14
 2.03007e-14
 1.71451e-14
 2.35779e-14
-3.54506e-14
 3.79224e-15
 3.60813e-14
-9.99489e-15
-4.53675e-14
 5.20383e-14
 1.90665e-16
-7.02448e-16
-1.29935e-16
-1.01609e-15
-2.70956e-15
 4.74173e-15
-2.70956e-15
-3.38695e-16
-4.74173e-15
 5.04195e-15
-1.75435e-16
-2.69493e-16
-4.38713e-16
 1.96544e-15
 4.20649e-15
 4.68275e-16
 1.46113e-15
-1.64493e-15
 9.99048e-15
 3.72045e-15
 4.47487e-15
 1.07144e-15
-1.18780e-15
 2.75197e-15
 3.82130e-15
 1.30279e-14
 1.08246e-14
 2.59484e-15
-1.97932e-15
-1.65634e-15
-5.55332e-15
-5.63161e-15
-2.29201e-15
-7.11623e-15
-3.29789e-15
 1.50493e-14
-3.53971e-15
-1.34906e-14
-6.18192e-15
 6.88451e-15
 9.11506e-15
 3.92213e-15
 3.76964e-15
 2.41808e-15
-1.06944e-15
-5.42270e-15
-4.51915e-15
-6.66583e-15
 1.51669e-16
 4.79620e-15
 8.17336e-15
 1.80201e-14
 1.07365e-14
 1.25868e-14
 6.76272e-15
 5.24492e-15
-6.04416e-15
-1.45216e-14
-2.72272e-14
-2.67629e-14
-2.04018e-14
-2.57865e-14
-2.27691e-14
-2.03020e-14
-1.43652e-14
-1.90232e-15
-3.42012e-16
-8.83194e-15
-1.76069e-14
-2.37142e-14
-2.97637e-14
-1.69403e-14
-1.26087e-14
-2.26260e-14
-2.55061e-14
-1.89087e-14
-1.33845e-14
-2.20709e-14
-2.94628e-14
-1.50909e-14
-2.48232e-15
-3.30372e-14
-2.44869e-14
-2.06828e-14
-2.61633e-14
-3.20093e-14
-2.55275e-14
-2.16004e-14
-1.83132e-14
-2.27850e-14
-2.80596e-14
-3.08444e-14
-2.76974e-14
-1.43036e-14
 1.64010e-14
-3.09512e-14
-8.95488e-15
 3.00764e-14
 7.14353e-15
-3.84583e-14
 3.62325e-14
-3.32973e-15
-2.39383e-15
 9.89334e-17
-1.01609e-15
-2.70956e-15
 4.74173e-15
-2.70956e-15
-3.38695e-16
-4.74173e-15
 4.97491e-15
-1.31471e-15
-1.90064e-15
-3.22238e-15
-5.21910e-15
-5.62860e-15
-4.25560e-15
-5.95428e-15
-1.37138e-14
 8.29188e-16
-8.23504e-15
-7.95702e-15
-6.19908e-15
-6.43875e-15
-5.60065e-15
-7.64924e-15
-1.44517e-14
-1.06630e-14
-3.02732e-15
-3.44482e-15
-5.83142e-15
-8.65347e-15
-1.01270e-14
-1.47566e-15
 4.97673e-15
-6.79880e-15
 3.18341e-15
 6.22181e-15
 1.48420e-15
-2.39853e-15
-3.18960e-15
-1.44212e-15
 9.30942e-15
 7.22453e-15
 9.55908e-15
 4.50213e-15
 1.43225e-15
 3.96244e-16
 9.40809e-15
 6.13236e-15
-4.09945e-15
-9.43934e-15
-2.83069e-14
-1.79653e-14
-2.46630e-14
-1.68834e-14
-1.52493e-14
-9.03144e-15
-8.16874e-15
 1.21189e-14
 3.50594e-15
 4.16073e-15
 6.42022e-15
 1.26418e-14
 1.31436e-14
 1.48807e-14
 1.21308e-14
 8.64436e-15
 1.44694e-14
 1.84950e-14
 2.57670e-14
 1.13719e-14
 1.73219e-14
 2.87620e-14
 2.52824e-14
 2.19360e-15
 1.24118e-14
 3.02346e-14
 1.67485e-14
 2.90963e-15
 1.82841e-14
 4.37134e-14
 9.26391e-15
 2.28374e-14
 2.75710e-14
 2.58112e-14
 3.19023e-14
 3.07895e-14
 2.73278e-14
 1.72326e-14
 1.69006e-14
 1.51331e-14
 4.42618e-15
-4.30195e-15
-1.91695e-14
-9.95249e-15
-6.84489e-14
-2.35181e-14
 1.88980e-14
-3.05451e-14
-6.85986e-14
 2.54143e-14
 0.00000e+00
 0.00000e+00
 0.00000e+00
 0.00000e+00
 0.00000e+00
 0.00000e+00
 0.00000e+00
 0.00000e+00
 0.00000e+00
 0.00000e+00
 0.00000e+00
 0.00000e+00
 0.00000e+00
 0.00000e+00
 0.00000e+00
 0.00000e+00
 0.00000e+00
 0.00000e+00
 0.00000e+00
 0.00000e+00
 0.00000e+00
 0.00000e+00
 0.00000e+00
 0.00000e+00
 0.00000e+00
 0.00000e+00
 0.00000e+00
 0.00000e+00
 0.00000e+00
 0.00000e+00
 0.00000e+00
 0.00000e+00
 0.00000e+00
 0.00000e+00
 0.00000e+00
 0.00000e+00
 0.00000e+00
 0.00000e+00
 0.00000e+00
 0.00000e+00
 0.00000e+00
 0.00000e+00
 0.00000e+00
 0.00000e+00
 0.00000e+00
 0.00000e+00
 0.00000e+00
 0.00000e+00
 0.00000e+00
 0.00000e+00
 0.00000e+00
 0.00000e+00
 0.00000e+00
 0.00000e+00
 0.00000e+00
 0.00000e+00
 0.00000e+00
 0.00000e+00
 0.00000e+00
 0.00000e+00
 0.00000e+00
 0.00000e+00
 0.00000e+00
 0.00000e+00
 0.00000e+00
 0.00000e+00
 0.00000e+00
 0.00000e+00
 0.00000e+00
 0.00000e+00
 0.00000e+00
 0.00000e+00
 0.00000e+00
 0.00000e+00
 0.00000e+00
 0.00000e+00
 0.00000e+00
 0.00000e+00
 0.00000e+00
 0.00000e+00
 0.00000e+00
 0.00000e+00
 0.00000e+00
 0.00000e+00
 0.00000e+00
 0.00000e+00
 0.00000e+00
 0.00000e+00
 0.00000e+00
 0.00000e+00
 0.00000e+00
 0.00000e+00
 0.00000e+00
 0.00000e+00
 0.00000e+00
 0.00000e+00
 0.00000e+00
 0.00000e+00
 0.00000e+00
 0.00000e+00
 0.00000e+00
 0.00000e+00
 0.00000e+00
 0.00000e+00
 0.00000e+00
 0.00000e+00
 0.00000e+00
 0.00000e+00
 0.00000e+00
 0.00000e+00
 0.00000e+00
 0.00000e+00
 0.00000e+00
 0.00000e+00
 0.00000e+00
 0.00000e+00
 0.00000e+00
 0.00000e+00
 0.00000e+00
 0.00000e+00
 0.00000e+00
 0.00000e+00
 0.00000e+00
 0.00000e+00
 0.00000e+00
 0.00000e+00
 0.00000e+00
 0.00000e+00
 0.00000e+00
 0.00000e+00
 0.00000e+00
 0.00000e+00
 0.00000e+00
 0.00000e+00
 0.00000e+00
 0.00000e+00
 0.00000e+00
 0.00000e+00
 0.00000e+00
 0.00000e+00
 0.00000e+00
 0.00000e+00
 0.00000e+00
 0.00000e+00
 0.00000e+00
 0.00000e+00
 0.00000e+00
 0.00000e+00
 0.00000e+00
 0.00000e+00
 0.00000e+00
 0.00000e+00
 0.00000e+00
 0.00000e+00
 0.00000e+00
 0.00000e+00
 0.00000e+00
 0.00000e+00
 0.00000e+00
 0.00000e+00
 0.00000e+00
 0.00000e+00
 0.00000e+00
 0.00000e+00
 0.00000e+00
 0.00000e+00
 0.00000e+00
 0.00000e+00
 0.00000e+00
 0.00000e+00
 0.00000e+00
 0.00000e+00
 0.00000e+00
 0.00000e+00
 0.00000e+00
 0.00000e+00
 0.00000e+00
 0.00000e+00
 0.00000e+00
 0.00000e+00
 0.00000e+00
 0.00000e+00
 0.00000e+00
 0.00000e+00
 0.00000e+00
 0.00000e+00
 0.00000e+00
 0.00000e+00
 0.00000e+00
 0.00000e+00
 0.00000e+00
 0.00000e+00
 0.00000e+00
 0.00000e+00
 0.00000e+00
 0.00000e+00
 0.00000e+00
 0.00000e+00
 0.00000e+00
 0.00000e+00
 0.00000e+00
 0.00000e+00
 4.31138e-17
-7.37065e-16
-2.12605e-16
 6.77390e-16
-2.37087e-15
 4.74173e-15
-2.70956e-15
-3.38695e-16
-4.74173e-15
 5.08700e-15
-1.34134e-16
 3.95648e-16
-8.24141e-16
-1.27009e-15
 9.63452e-16
-5.58932e-16
-1.65879e-15
-8.30486e-15
 3.75388e-15
-1.25499e-15
-2.30451e-15
-2.28834e-15
 4.36568e-15
 5.77123e-15
 9.25626e-16
 5.47664e-16
 5.48028e-16
 1.40312e-15
 2.67018e-15
 3.24874e-15
-6.04278e-15
-4.11974e-15
-1.95516e-15
 8.15792e-16
-3.45678e-16
 5.70884e-15
-4.89618e-15
-3.01823e-15
 2.77416e-15
-5.48737e-15
-1.09345e-14
 4.38723e-15
 4.76098e-15
-6.13738e-15
-6.22731e-15
-5.16284e-15
 6.95065e-17
-5.78379e-15
-1.27704e-14
-8.24772e-15
-4.76623e-15
 1.23755e-15
 9.41381e-15
-5.09262e-15
 3.87372e-15
 1.05114e-15
-4.20286e-15
-6.55956e-15
 6.82912e-15
 4.01515e-15
-4.48432e-15
-3.41782e-15
-1.94106e-15
 3.43714e-15
-6.89793e-15
-1.40611e-14
-8.04428e-15
-8.74303e-15
-7.18702e-15
-3.54011e-15
-6.64781e-15
 9.61438e-16
 7.36579e-16
-4.66295e-15
-1.57870e-14
-2.69192e-15
 8.71608e-15
-6.18888e-15
-1.60259e-14
-6.04020e-15
 1.50213e-14
-6.93845e-15
 1.68077e-15
-6.42375e-16
-4.68809e-15
-3.07302e-16
-1.58592e-15
 1.83222e-15
 1.15873e-14
 6.42954e-15
 4.80413e-15
 1.33680e-15
-2.67423e-16
 1.21410e-15
 1.17296e-14
-4.48894e-14
-9.74427e-15
 2.36378e-14
-1.50710e-14
-5.11683e-14
 3.60518e-14
-6.45650e-16
-7.71777e-16
 1.94479e-16
 6.77390e-16
-2.37087e-15
 4.74173e-15
-2.70956e-15
-3.38695e-16
-4.74173e-15
 4.95064e-15
-6.22767e-16
-9.20828e-16
-1.64460e-15
-2.35509e-15
-3.78926e-15
-1.74665e-15
-3.21460e-15
-1.28039e-14
 3.44732e-15
-3.19487e-15
-4.20711e-15
-4.80506e-15
-7.96297e-15
-8.58290e-15
-2.27507e-15
-6.94578e-15
-7.33696e-15
-2.86820e-15
 1.40290e-15
 2.43970e-15
 1.02811e-14
 6.31022e-15
-3.11179e-16
-1.47144e-15
-5.17431e-15
 1.25500e-14
 9.14107e-15
 9.56693e-15
 1.26925e-14
 7.49295e-15
 1.34508e-14
 1.31002e-14
 1.76967e-15
 1.99371e-16
 6.52075e-15
 4.56952e-15
-6.19993e-15
-2.56935e-15
-3.85449e-16
-7.50072e-15
-1.18372e-14
-2.08945e-14
-1.33794e-14
 4.33433e-15
-1.40832e-14
-1.84571e-14
-2.30811e-15
-6.70305e-15
-1.48420e-14
-1.78547e-14
-1.06782e-14
-1.24620e-15
 5.23332e-16
-2.26769e-15
 8.52867e-15
-4.04785e-15
 5.24619e-15
 1.94503e-15
 3.10264e-15
 1.00953e-14
-6.13249e-15
-1.50169e-14
-1.22316e-15
-8.72297e-16
-1.56756e-14
-2.79509e-15
 1.21354e-14
-2.97891e-15
-2.43671e-14
-7.14345e-15
 7.97317e-15
-1.73619e-14
-7.74492e-15
-1.44695e-14
-7.87429e-15
-1.06823e-14
-1.03484e-14
-1.31728e-14
-1.68480e-14
-1.47162e-14
-9.41999e-15
 1.04630e-15
 4.99947e-15
 1.85705e-15
 2.05349e-14
-3.67577e-14
-7.25490e-15
 3.64726e-14
-1.41035e-15
-4.47746e-14
 4.25328e-14
 5.56108e-16
-1.07951e-15
-5.95972e-16
 6.77390e-16
-2.37087e-15
 4.74173e-15
-2.70956e-15
-3.38695e-16
-4.74173e-15
 4.98162e-15
-2.27439e-16
 1.32246e-16
 9.49833e-16
 1.31910e-15
 2.13371e-15
 1.48110e-15
 3.59433e-15
 4.48224e-16
 1.22773e-14
 4.78476e-15
 6.58427e-15
 7.05635e-15
 7.65822e-15
 6.52366e-15
 3.65791e-15
 1.07121e-14
 9.26780e-15
 3.81224e-16
-1.95515e-15
 6.45795e-18
 9.35223e-16
 1.70073e-15
 1.81471e-15
-1.00283e-15
-3.46745e-15
 9.44888e-15
-2.77321e-15
-1.05859e-14
-5.59522e-15
 2.42117e-15
 9.22718e-15
 5.09607e-15
 1.87758e-15
 5.27619e-15
 6.99986e-15
 7.43104e-15
 3.08147e-15
 9.73537e-16
 8.15968e-15
 1.41813e-14
 1.62339e-14
 2.37385e-14
 8.82116e-15
 4.26096e-15
 1.21576e-14
 3.15498e-14
 1.35716e-14
 7.67301e-15
-1.36322e-15
 6.92193e-15
 1.08950e-14
 7.06782e-16
 3.54456e-15
 4.67814e-15
-5.63179e-16
 6.25899e-15
 3.60775e-15
 2.62496e-15
 4.28080e-15
-6.07112e-16
-6.99491e-15
 1.41815e-14
 1.36355e-14
-1.51919e-15
-1.40979e-14
-6.94965e-15
 3.01749e-16
-6.22630e-15
-2.29907e-14
-3.73916e-15
 1.59022e-14
-1.59332e-14
-6.39431e-15
 2.65107e-15
-2.28571e-16
-4.07941e-16
 5.85556e-15
 8.64229e-15
 1.15466e-14
 9.35698e-15
 1.71728e-15
-5.19076e-15
-4.17702e-15
 2.41332e-15
 2.13238e-14
-3.23297e-14
-1.86124e-15
 3.35127e-14
 1.22867e-15
-4.20056e-14
 3.97436e-14
-3.88824e-15
-2.46419e-15
 3.53721e-16
 6.77390e-16
-2.37087e-15
 4.74173e-15
-2.70956e-15
-3.38695e-16
-4.74173e-15
 5.03787e-15
-1.43330e-15
-1.76286e-15
-2.62338e-15
-3.54937e-15
-3.70230e-15
-3.81942e-15
-5.30048e-15
-1.47834e-14
-2.27992e-15
-9.41184e-15
-9.49998e-15
-1.10939e-14
-1.00147e-14
-6.53193e-15
-9.70083e-15
-1.47939e-14
-1.05821e-14
-4.69212e-15
-7.72085e-15
-8.98938e-15
-1.20579e-14
-9.98237e-15
-3.93836e-15
-7.54220e-15
-1.24073e-14
-1.94739e-15
 5.06734e-15
 9.68267e-16
-3.05737e-15
-3.01872e-15
-8.97392e-15
-4.63382e-16
-1.66860e-16
-1.63742e-15
-5.76428e-15
-7.87100e-15
-8.03441e-15
-2.22207e-15
-6.33579e-15
-1.41095e-14
-1.64494e-14
-3.64395e-14
-2.52216e-14
-3.22394e-14
-3.23785e-14
-3.70000e-14
-2.30752e-14
-1.70616e-14
-1.70667e-17
 1.51034e-15
-9.26614e-15
-1.07731e-14
-1.32387e-14
-1.37959e-14
-3.99291e-16
-1.75434e-15
-2.66865e-15
-9.24960e-17
-1.64517e-15
 1.21393e-14
 1.28101e-15
-1.24900e-15
 1.71785e-14
 1.17360e-14
 6.28526e-15
 1.57661e-14
 3.15669e-14
 1.55510e-14
 4.24976e-15
 1.55398e-14
 3.18611e-14
 5.05400e-15
 2.06819e-14
 1.76987e-14
 1.63980e-14
 1.14274e-14
 2.49029e-15
 6.05963e-16
-8.06132e-15
-1.21707e-14
-8.03725e-15
-1.15331e-14
-1.97809e-14
-2.91365e-14
-1.35771e-14
-6.90580e-14
-2.52220e-14
 1.54786e-14
-2.63496e-14
-6.71919e-14
 2.19666e-14
 0.00000e+00
 0.00000e+00
 0.00000e+00
 0.00000e+00
 0.00000e+00
 0.00000e+00
 0.00000e+00
 0.00000e+00
 0.00000e+00
 0.00000e+00
 0.00000e+00
 0.00000e+00
 0.00000e+00
 0.00000e+00
 0.00000e+00
 0.00000e+00
 0.00000e+00
 0.00000e+00
 0.00000e+00
 0.00000e+00
 0.00000e+00
 0.00000e+00
 0.00000e+00
 0.00000e+00
 0.00000e+00
 0.00000e+00
 0.00000e+00
 0.00000e+00
 0.00000e+00
 0.00000e+00
 0.00000e+00
 0.00000e+00
 0.00000e+00
 0.00000e+00
 0.00000e+00
 0.00000e+00
 0.00000e+00
 0.00000e+00
 0.00000e+00
 0.00000e+00
 0.00000e+00
 0.00000e+00
 0.00000e+00
 0.00000e+00
 0.00000e+00
 0.00000e+00
 0.00000e+00
 0.00000e+00
 0.00000e+00
 0.00000e+00
 0.00000e+00
 0.00000e+00
 0.00000e+00
 0.00000e+00
 0.00000e+00
 0.00000e+00
 0.00000e+00
 0.00000e+00
 0.00000e+00
 0.00000e+00
 0.00000e+00
 0.00000e+00
 0.00000e+00
 0.00000e+00
 0.00000e+00
 0.00000e+00
 0.00000e+00
 0.00000e+00
 0.00000e+00
 0.00000e+00
 0.00000e+00
 0.00000e+00
 0.00000e+00
 0.00000e+00
 0.00000e+00
 0.00000e+00
 0.00000e+00
 0.00000e+00
 0.00000e+00
 0.00000e+00
 0.00000e+00
 0.00000e+00
 0.00000e+00
 0.00000e+00
 0.00000e+00
 0.00000e+00
 0.00000e+00
 0.00000e+00
 0.00000e+00
 0.00000e+00
 0.00000e+00
 0.00000e+00
 0.00000e+00
 0.00000e+00
 0.00000e+00
 0.00000e+00
 0.00000e+00
 0.00000e+00
 0.00000e+00
 0.00000e+00
 0.00000e+00
 0.00000e+00
 0.00000e+00
 0.00000e+00
 0.00000e+00
 0.00000e+00
 0.00000e+00
 0.00000e+00
 0.00000e+00
 0.00000e+00
 0.00000e+00
 0.00000e+00
 0.00000e+00
 0.00000e+00
 0.00000e+00
 0.00000e+00
 0.00000e+00
 0.00000e+00
 0.00000e+00
 0.00000e+00
 0.00000e+00
 0.00000e+00
 0.00000e+00
 0.00000e+00
 0.00000e+00
 0.00000e+00
 0.00000e+00
 0.00000e+00
 0.00000e+00
 0.00000e+00
 0.00000e+00
 0.00000e+00
 0.00000e+00
 0.00000e+00
 0.00000e+00
 0.00000e+00
 0.00000e+00
 0.00000e+00
 0.00000e+00
 0.00000e+00
 0.00000e+00
 0.00000e+00
 0.00000e+00
 0.00000e+00
 0.00000e+00
 0.00000e+00
 0.00000e+00
 0.00000e+00
 0.00000e+00
 0.00000e+00
 0.00000e+00
 0.00000e+00
 0.00000e+00
 0.00000e+00
 0.00000e+00
 0.00000e+00
 0.00000e+00
 0.00000e+00
 0.00000e+00
 0.00000e+00
 0.00000e+00
 0.00000e+00
 0.00000e+00
 0.00000e+00
 0.00000e+00
 0.00000e+00
 0.00000e+00
 0.00000e+00
 0.00000e+00
 0.00000e+00
 0.00000e+00
 0.00000e+00
 0.00000e+00
 0.00000e+00
 0.00000e+00
 0.00000e+00
 0.00000e+00
 0.00000e+00
 0.00000e+00
 0.00000e+00
 0.00000e+00
 0.00000e+00
 0.00000e+00
 0.00000e+00
 0.00000e+00
 0.00000e+00
 0.00000e+00
 0.00000e+00
 0.00000e+00
 0.00000e+00
 0.00000e+00
 0.00000e+00
 0.00000e+00
 0.00000e+00
 0.00000e+00
 0.00000e+00
 0.00000e+00
 0.00000e+00
 0.00000e+00
 0.00000e+00
 0.00000e+00
 0.00000e+00
 8.62277e-17
-2.19978e-16
 7.95061e-16
 6.77390e-16
-1.35478e-15
 4.74173e-15
-2.70956e-15
 0.00000e+00
-4.74173e-15
 4.79723e-15
 2.50558e-16
 6.13758e-16
-7.84986e-16
-2.35247e-15
-6.54853e-16
-7.16088e-17
 1.16764e-15
-5.35583e-15
 6.98294e-15
-3.77986e-15
-4.91254e-15
-4.95497e-15
 3.16455e-15
 6.70639e-15
-3.96658e-17
 2.39715e-15
 6.13073e-15
 1.29479e-15
 1.91663e-15
 5.58677e-16
-1.10482e-14
-7.78589e-15
-1.14860e-14
-3.22877e-15
 2.49654e-15
 2.03282e-15
-1.23213e-14
-1.08274e-14
 1.77100e-15
-9.07725e-15
-1.61094e-14
 8.23429e-16
-1.38792e-15
-7.77525e-15
-5.08964e-15
 3.32533e-16
-8.63412e-16
-7.36077e-15
-3.66971e-15
 2.30128e-15
-2.80225e-15
-1.49947e-14
 9.85626e-15
-7.94536e-15
-3.29845e-15
-4.16127e-15
-7.66721e-15
-5.86108e-15
 2.56528e-15
 7.24553e-15
-4.22906e-15
-8.11305e-15
-4.72547e-16
 8.73668e-15
-1.18906e-17
 5.37794e-15
 1.76326e-15
-6.71735e-15
 4.15610e-15
 7.35975e-16
-8.73699e-15
 1.03470e-14
 1.06805e-14
-6.45086e-15
-2.14816e-14
-7.88550e-15
 6.72025e-16
-1.24351e-14
-1.53960e-14
-5.55451e-15
 1.04473e-14
-7.91217e-15
 3.21797e-15
-1.88694e-15
-1.50958e-15
 8.64127e-15
 4.08949e-15
 5.20700e-15
 1.41358e-14
 1.15836e-14
 6.33032e-15
-8.83349e-15
-6.15305e-15
 4.71315e-15
 1.33813e-14
-5.06885e-14
-1.83685e-14
 2.19978e-14
-1.75788e-14
-5.25062e-14
 3.98764e-14
-1.29130e-15
-2.91435e-16
 1.84437e-15
 6.77390e-16
-1.35478e-15
 4.74173e-15
-2.70956e-15
 0.00000e+00
-4.74173e-15
 4.58414e-15
-2.64568e-16
-1.60618e-15
-2.58177e-15
-8.68032e-16
-3.48247e-16
-1.47906e-15
-4.61722e-15
-1.34523e-14
 5.12875e-15
-1.71751e-15
-2.48489e-15
-3.25855e-15
-9.63530e-15
-1.01849e-14
 3.03819e-15
 9.84592e-16
-6.93102e-15
-9.22553e-16
 3.79383e-15
 3.59840e-15
 1.49277e-14
 1.29605e-14
 1.13025e-14
-1.00667e-15
-8.03625e-15
 2.12220e-14
 1.75844e-14
 1.55717e-14
 2.77353e-14
 2.63713e-14
 2.96972e-14
 1.87109e-14
 2.02672e-14
 8.03930e-15
 5.19660e-15
 5.79442e-15
 3.39052e-15
 1.11047e-14
 6.69104e-15
-4.22980e-15
-4.56360e-15
-1.71718e-15
-5.03877e-15
 8.70016e-15
-1.38822e-14
-2.38751e-14
-6.30729e-15
-1.68418e-14
-2.28733e-14
-2.55363e-14
-1.66534e-14
-1.82771e-14
-1.65922e-14
-1.70220e-14
-6.12700e-15
-1.40310e-14
-5.68062e-15
-7.03911e-15
-1.72202e-14
-9.32286e-15
-1.90006e-14
-3.29703e-14
-1.73752e-14
-6.12001e-15
-2.36767e-14
-1.40531e-14
 1.43601e-15
-8.17966e-15
-2.47686e-14
-7.25701e-15
 9.61894e-15
-2.61167e-14
-1.71616e-14
-2.27245e-14
-2.29494e-14
-3.00043e-14
-2.45315e-14
-2.60724e-14
-3.13988e-14
-2.85518e-14
-1.93259e-14
 3.66543e-15
 9.29604e-15
-3.29738e-16
 2.02613e-14
-3.41624e-14
-5.62576e-15
 3.67958e-14
 1.16215e-15
-4.31666e-14
 3.78878e-14
 9.02152e-16
-3.62090e-16
 2.90907e-16
 6.77390e-16
-1.35478e-15
 4.74173e-15
-2.70956e-15
 0.00000e+00
-4.74173e-15
 4.65050e-15
-5.56532e-17
 6.08725e-16
 1.70078e-15
 6.92403e-16
 1.08597e-15
 1.67200e-15
 3.27774e-15
-2.98648e-15
 1.29347e-14
 5.97440e-15
 8.46430e-15
 8.19963e-15
 1.11388e-14
 8.83918e-15
 4.28953e-15
 4.48698e-15
 9.46745e-15
 1.17430e-14
 1.01358e-14
 1.36117e-14
 1.49809e-14
 7.06137e-15
-2.91043e-15
-2.65410e-15
-2.07101e-15
 6.45518e-15
-1.58662e-15
-5.66138e-15
-5.05139e-16
 3.60839e-16
 1.32733e-14
 1.43564e-14
 2.02491e-15
 1.88003e-14
 2.33005e-14
 9.67004e-15
 8.09641e-15
 2.97024e-15
 8.86720e-15
 1.33174e-14
 1.56562e-14
 1.05328e-14
-8.17635e-16
-4.60044e-15
 3.22845e-15
 2.95792e-14
 1.04447e-14
 1.08229e-14
 1.54805e-15
 7.84803e-15
 1.50793e-14
 1.88659e-14
 2.35844e-14
 2.08729e-14
 8.13999e-15
 7.88913e-15
 1.72453e-15
 1.15266e-14
 1.29356e-14
 1.66603e-14
 3.78282e-15
 2.12426e-14
 1.61261e-14
-1.65770e-15
-3.70273e-15
 1.52001e-14
 2.47159e-14
 1.12807e-14
-1.02259e-14
 2.36272e-15
 2.71145e-14
 2.50082e-15
 2.16949e-14
 1.88933e-14
 1.06730e-14
 1.56170e-14
 2.00715e-14
 2.36394e-14
 2.98025e-14
 3.21733e-14
 2.49888e-14
 1.54853e-14
 1.62686e-14
 1.87639e-14
 2.41230e-14
-3.59460e-14
 7.09940e-15
 3.51339e-14
-4.36217e-15
-4.47923e-14
 3.97150e-14
-1.68327e-15
-9.56798e-17
 2.21062e-15
 6.77390e-16
-1.35478e-15
 4.74173e-15
-2.70956e-15
 0.00000e+00
-4.74173e-15
 4.72776e-15
-1.01488e-15
-1.82013e-15
-2.31197e-15
-2.43566e-15
-3.49876e-15
-5.34439e-15
-5.44016e-15
-1.53506e-14
-2.52257e-15
-1.01210e-14
-1.02312e-14
-1.40631e-14
-1.30763e-14
-9.92921e-15
-1.12154e-14
-1.11103e-14
-1.05041e-14
-1.52050e-14
-1.75525e-14
-1.80381e-14
-2.21580e-14
-1.23000e-14
-4.07466e-15
-1.09896e-14
-2.08022e-14
-1.50501e-14
-2.38600e-15
-2.26323e-15
-1.24601e-14
-1.03503e-14
-2.63471e-14
-1.82329e-14
-7.83769e-15
-2.17606e-14
-2.68851e-14
-2.30084e-14
-2.70596e-14
-2.20954e-14
-1.83506e-14
-2.19418e-14
-2.23387e-14
-4.06964e-14
-3.03826e-14
-2.80549e-14
-2.18408e-14
-3.54785e-14
-1.76541e-14
-6.12579e-15
 1.11666e-14
 2.14656e-14
 2.80964e-15
-9.11259e-15
-2.11921e-14
-2.26332e-14
-7.37101e-15
-1.29895e-14
-1.10689e-14
-9.27724e-15
-7.63461e-15
-3.54181e-15
 2.19902e-15
 3.47061e-15
 2.36063e-14
 1.19659e-14
 1.50260e-15
 6.78726e-15
 2.40045e-14
 1.03702e-14
 1.18898e-15
 1.94265e-14
 3.25303e-14
 2.80088e-15
 8.31963e-15
 9.71028e-15
 1.62245e-14
 2.30838e-15
-1.10821e-14
-1.06790e-14
-1.76234e-14
-2.30467e-14
-2.27676e-14
-3.20922e-14
-4.39098e-14
-4.55024e-14
-1.55089e-14
-6.70138e-14
-3.30566e-14
 1.46683e-14
-1.93788e-14
-6.70497e-14
 2.03358e-14
 0.00000e+00
 0.00000e+00
 0.00000e+00
 0.00000e+00
 0.00000e+00
 0.00000e+00
 0.00000e+00
 0.00000e+00
 0.00000e+00
 0.00000e+00
 0.00000e+00
 0.00000e+00
 0.00000e+00
 0.00000e+00
 0.00000e+00
 0.00000e+00
 0.00000e+00
 0.00000e+00
 0.00000e+00
 0.00000e+00
 0.00000e+00
 0.00000e+00
 0.00000e+00
 0.00000e+00
 0.00000e+00
 0.00000e+00
 0.00000e+00
 0.00000e+00
 0.00000e+00
 0.00000e+00
 0.00000e+00
 0.00000e+00
 0.00000e+00
 0.00000e+00
 0.00000e+00
 0.00000e+00
 0.00000e+00
 0.00000e+00
 0.00000e+00
 0.00000e+00
 0.00000e+00
 0.00000e+00
 0.00000e+00
 0.00000e+00
 0.00000e+00
 0.00000e+00
 0.00000e+00
 0.00000e+00
 0.00000e+00
 0.00000e+00
 0.00000e+00
 0.00000e+00
 0.00000e+00
 0.00000e+00
 0.00000e+00
 0.00000e+00
 0.00000e+00
 0.00000e+00
 0.00000e+00
 0.00000e+00
 0.00000e+00
 0.00000e+00
 0.00000e+00
 0.00000e+00
 0.00000e+00
 0.00000e+00
 0.00000e+00
 0.00000e+00
 0.00000e+00
 0.00000e+00
 0.00000e+00
 0.00000e+00
 0.00000e+00
 0.00000e+00
 0.00000e+00
 0.00000e+00
 0.00000e+00
 0.00000e+00
 0.00000e+00
 0.00000e+00
 0.00000e+00
 0.00000e+00
 0.00000e+00
 0.00000e+00
 0.00000e+00
 0.00000e+00
 0.00000e+00
 0.00000e+00
 0.00000e+00
 0.00000e+00
 0.00000e+00
 0.00000e+00
 0.00000e+00
 0.00000e+00
 0.00000e+00
 0.00000e+00
 0.00000e+00
 0.00000e+00
 0.00000e+00
 0.00000e+00
 0.00000e+00
 0.00000e+00
 0.00000e+00
 0.00000e+00
 0.00000e+00
 0.00000e+00
 0.00000e+00
 0.00000e+00
 0.00000e+00
 0.00000e+00
 0.00000e+00
 0.00000e+00
 0.00000e+00
 0.00000e+00
 0.00000e+00
 0.00000e+00
 0.00000e+00
 0.00000e+00
 0.00000e+00
 0.00000e+00
 0.00000e+00
 0.00000e+00
 0.00000e+00
 0.00000e+00
 0.00000e+00
 0.00000e+00
 0.00000e+00
 0.00000e+00
 0.00000e+00
 0.00000e+00
 0.00000e+00
 0.00000e+00
 0.00000e+00
 0.00000e+00
 0.00000e+00
 0.00000e+00
 0.00000e+00
 0.00000e+00
 0.00000e+00
 0.00000e+00
 0.00000e+00
 0.00000e+00
 0.00000e+00
 0.00000e+00
 0.00000e+00
 0.00000e+00
 0.00000e+00
 0.00000e+00
 0.00000e+00
 0.00000e+00
 0.00000e+00
 0.00000e+00
 0.00000e+00
 0.00000e+00
 0.00000e+00
 0.00000e+00
 0.00000e+00
 0.00000e+00
 0.00000e+00
 0.00000e+00
 0.00000e+00
 0.00000e+00
 0.00000e+00
 0.00000e+00
 0.00000e+00
 0.00000e+00
 0.00000e+00
 0.00000e+00
 0.00000e+00
 0.00000e+00
 0.00000e+00
 0.00000e+00
 0.00000e+00
 0.00000e+00
 0.00000e+00
 0.00000e+00
 0.00000e+00
 0.00000e+00
 0.00000e+00
 0.00000e+00
 0.00000e+00
 0.00000e+00
 0.00000e+00
 0.00000e+00
 0.00000e+00
 0.00000e+00
 0.00000e+00
 0.00000e+00
 0.00000e+00
 0.00000e+00
 0.00000e+00
 0.00000e+00
 0.00000e+00
 0.00000e+00
 0.00000e+00
 0.00000e+00
 0.00000e+00
 0.00000e+00
 0.00000e+00
 0.00000e+00
 0.00000e+00
 0.00000e+00
 0.00000e+00
 0.00000e+00
 0.00000e+00
 0.00000e+00
 0.00000e+00
 0.00000e+00
 0.00000e+00
 0.00000e+00
 0.00000e+00
 0.00000e+00
 0.00000e+00
 0.00000e+00
 0.00000e+00
 0.00000e+00
 0.00000e+00
 0.00000e+00
 0.00000e+00
 0.00000e+00
 0.00000e+00
 0.00000e+00
 0.00000e+00
 0.00000e+00
 0.00000e+00
 0.00000e+00
 0.00000e+00
 0.00000e+00
 0.00000e+00
 0.00000e+00
 0.00000e+00
 0.00000e+00
 0.00000e+00
 0.00000e+00
 0.00000e+00
 0.00000e+00
 0.00000e+00
 0.00000e+00
 0.00000e+00
 0.00000e+00
 0.00000e+00
 0.00000e+00
 0.00000e+00
 0.00000e+00
 0.00000e+00
 0.00000e+00
 0.00000e+00
 0.00000e+00
 0.00000e+00
 0.00000e+00
 0.00000e+00
 0.00000e+00
 0.00000e+00
 0.00000e+00
 0.00000e+00
 0.00000e+00
 0.00000e+00
 0.00000e+00
 0.00000e+00
 0.00000e+00
 0.00000e+00
 0.00000e+00
 0.00000e+00
 0.00000e+00
 0.00000e+00
 0.00000e+00
 0.00000e+00
 0.00000e+00
 0.00000e+00
 0.00000e+00
 0.00000e+00
 0.00000e+00
 0.00000e+00
 0.00000e+00
 0.00000e+00
 0.00000e+00
 0.00000e+00
 0.00000e+00
 0.00000e+00
 0.00000e+00
 0.00000e+00
 0.00000e+00
 0.00000e+00
 0.00000e+00
 0.00000e+00
 0.00000e+00
 0.00000e+00
 0.00000e+00
 0.00000e+00
 0.00000e+00
 0.00000e+00
 0.00000e+00
 0.00000e+00
 0.00000e+00
 0.00000e+00
 0.00000e+00
 0.00000e+00
 0.00000e+00
 0.00000e+00
 0.00000e+00
 0.00000e+00
 0.00000e+00
 0.00000e+00
 0.00000e+00
 0.00000e+00
 0.00000e+00
 0.00000e+00
 0.00000e+00
 0.00000e+00
 0.00000e+00
 0.00000e+00
 0.00000e+00
 0.00000e+00
 0.00000e+00
 0.00000e+00
 0.00000e+00
 0.00000e+00
 0.00000e+00
 0.00000e+00
 0.00000e+00
 0.00000e+00
 0.00000e+00
 0.00000e+00
 0.00000e+00
 0.00000e+00
 0.00000e+00
 0.00000e+00
 0.00000e+00
 0.00000e+00
 0.00000e+00
 0.00000e+00
 0.00000e+00
 0.00000e+00
 0.00000e+00
 0.00000e+00
 0.00000e+00
 0.00000e+00
 0.00000e+00
 0.00000e+00
 0.00000e+00
 0.00000e+00
 0.00000e+00
 0.00000e+00
 0.00000e+00
 0.00000e+00
 0.00000e+00
 0.00000e+00
 0.00000e+00
 0.00000e+00
 0.00000e+00
 0.00000e+00
 0.00000e+00
 0.00000e+00
 0.00000e+00
 0.00000e+00
 0.00000e+00
 0.00000e+00
 0.00000e+00
 0.00000e+00
 0.00000e+00
 0.00000e+00
 0.00000e+00
 0.00000e+00
 0.00000e+00
 0.00000e+00
 0.00000e+00
 0.00000e+00
 0.00000e+00
 0.00000e+00
 0.00000e+00
 0.00000e+00
 0.00000e+00
 0.00000e+00
 0.00000e+00
 0.00000e+00
 0.00000e+00
 0.00000e+00
 0.00000e+00
 0.00000e+00
 0.00000e+00
 0.00000e+00
 0.00000e+00
 0.00000e+00
 0.00000e+00
 0.00000e+00
 0.00000e+00
 0.00000e+00
 0.00000e+00
 0.00000e+00
 0.00000e+00
 0.00000e+00
 0.00000e+00
 0.00000e+00
 0.00000e+00
 0.00000e+00
 0.00000e+00
 0.00000e+00
 0.00000e+00
 0.00000e+00
 0.00000e+00
 0.00000e+00
 0.00000e+00
 0.00000e+00
 0.00000e+00
 0.00000e+00
 0.00000e+00
 0.00000e+00
 0.00000e+00
 0.00000e+00
 0.00000e+00
 0.00000e+00
 0.00000e+00
 0.00000e+00
 0.00000e+00
 0.00000e+00
 0.00000e+00
 0.00000e+00
 0.00000e+00
 0.00000e+00
 0.00000e+00
 0.00000e+00
 0.00000e+00
 0.00000e+00
 0.00000e+00
 0.00000e+00
 0.00000e+00
 0.00000e+00
 0.00000e+00
 0.00000e+00
 0.00000e+00
 0.00000e+00
 0.00000e+00
 0.00000e+00
 0.00000e+00
 0.00000e+00
 0.00000e+00
 0.00000e+00
 0.00000e+00
 0.00000e+00
 0.00000e+00
 0.00000e+00
 0.00000e+00
 0.00000e+00
 0.00000e+00
 0.00000e+00
 0.00000e+00
 0.00000e+00
 0.00000e+00
 0.00000e+00
 0.00000e+00
 0.00000e+00
 0.00000e+00
 0.00000e+00
 0.00000e+00
 0.00000e+00
 0.00000e+00
 0.00000e+00
 0.00000e+00
 0.00000e+00
 0.00000e+00
 0.00000e+00
 0.00000e+00
 0.00000e+00
 0.00000e+00
 0.00000e+00
 0.00000e+00
 0.00000e+00
 0.00000e+00
 0.00000e+00
 0.00000e+00
 0.00000e+00
 0.00000e+00
 0.00000e+00
 0.00000e+00
 0.00000e+00
 0.00000e+00
 0.00000e+00
 0.00000e+00
 0.00000e+00
 0.00000e+00
 0.00000e+00
 0.00000e+00
 0.00000e+00
 0.00000e+00
 0.00000e+00
 0.00000e+00
 0.00000e+00
 0.00000e+00
 0.00000e+00
 0.00000e+00
 0.00000e+00
 0.00000e+00
 0.00000e+00
 0.00000e+00
 0.00000e+00
 0.00000e+00
 0.00000e+00
 0.00000e+00
 0.00000e+00
 0.00000e+00
 0.00000e+00
 0.00000e+00
 0.00000e+00
 0.00000e+00
 0.00000e+00
 0.00000e+00
 0.00000e+00
 0.00000e+00
 0.00000e+00
 0.00000e+00
 0.00000e+00
 0.00000e+00
 0.00000e+00
 0.00000e+00
 0.00000e+00
 0.00000e+00
 0.00000e+00
 0.00000e+00
 0.00000e+00
 0.00000e+00
 0.00000e+00
 0.00000e+00
 0.00000e+00
 0.00000e+00
 0.00000e+00
 0.00000e+00
 0.00000e+00
 0.00000e+00
 0.00000e+00
 0.00000e+00
 0.00000e+00
 0.00000e+00
 0.00000e+00
 0.00000e+00
 0.00000e+00
 0.00000e+00
 0.00000e+00
 0.00000e+00
 0.00000e+00
 0.00000e+00
 0.00000e+00
 0.00000e+00
 0.00000e+00
 0.00000e+00
 0.00000e+00
 0.00000e+00
 0.00000e+00
 0.00000e+00
 0.00000e+00
 0.00000e+00
 0.00000e+00
 0.00000e+00
 0.00000e+00
 0.00000e+00
 0.00000e+00
 0.00000e+00
 0.00000e+00
 0.00000e+00
 0.00000e+00
 0.00000e+00
 0.00000e+00
 0.00000e+00
 0.00000e+00
 0.00000e+00
 0.00000e+00
 0.00000e+00
 0.00000e+00
 0.00000e+00
 0.00000e+00
 0.00000e+00
 0.00000e+00
 0.00000e+00
 0.00000e+00
 0.00000e+00
 0.00000e+00
 0.00000e+00
 0.00000e+00
 0.00000e+00
 0.00000e+00
 0.00000e+00
 0.00000e+00
 0.00000e+00
 0.00000e+00
 0.00000e+00
 0.00000e+00
 0.00000e+00
 0.00000e+00
 0.00000e+00
 0.00000e+00
 0.00000e+00
 0.00000e+00
 0.00000e+00
 0.00000e+00
 0.00000e+00
 0.00000e+00
 0.00000e+00
 0.00000e+00
 0.00000e+00
 0.00000e+00
 0.00000e+00
 0.00000e+00
 0.00000e+00
 0.00000e+00
 0.00000e+00
 0.00000e+00
 0.00000e+00
 0.00000e+00
 0.00000e+00
 0.00000e+00
 0.00000e+00
 0.00000e+00
 0.00000e+00
 0.00000e+00
 0.00000e+00
 0.00000e+00
 0.00000e+00
 0.00000e+00
 0.00000e+00
 0.00000e+00
 0.00000e+00
 0.00000e+00
 0.00000e+00
 0.00000e+00
 0.00000e+00
 0.00000e+00
 0.00000e+00
 0.00000e+00
 0.00000e+00
 0.00000e+00
 0.00000e+00
 0.00000e+00
 0.00000e+00
 0.00000e+00
 0.00000e+00
 0.00000e+00
 0.00000e+00
 0.00000e+00
 0.00000e+00
 0.00000e+00
 0.00000e+00
 0.00000e+00
 0.00000e+00
 0.00000e+00
 0.00000e+00
 0.00000e+00
 0.00000e+00
 0.00000e+00
 0.00000e+00
 0.00000e+00
 0.00000e+00
 0.00000e+00
 0.00000e+00
 0.00000e+00
 0.00000e+00
 0.00000e+00
 0.00000e+00
 0.00000e+00
 0.00000e+00
 0.00000e+00
 0.00000e+00
 0.00000e+00
 0.00000e+00
 0.00000e+00
 0.00000e+00
 0.00000e+00
 0.00000e+00
 0.00000e+00
 0.00000e+00
 0.00000e+00
 0.00000e+00
 0.00000e+00
 0.00000e+00
 0.00000e+00
 0.00000e+00
 0.00000e+00
 0.00000e+00
 0.00000e+00
 0.00000e+00
 0.00000e+00
 0.00000e+00
 0.00000e+00
 0.00000e+00
 0.00000e+00
 0.00000e+00
 0.00000e+00
 0.00000e+00
 0.00000e+00
 0.00000e+00
 0.00000e+00
 0.00000e+00
 0.00000e+00
 0.00000e+00
 0.00000e+00
 0.00000e+00
 0.00000e+00
 0.00000e+00
 0.00000e+00
 0.00000e+00
 0.00000e+00
 0.00000e+00
 0.00000e+00
 0.00000e+00
 0.00000e+00
 0.00000e+00
 0.00000e+00
 0.00000e+00
 0.00000e+00
 0.00000e+00
 6.77390e-16
-6.77390e-16
 0.00000e+00
 1.35478e-15
-4.74173e-15
 2.03217e-15
 0.00000e+00
 4.06434e-15
-4.09945e-15
 4.48987e-15
-3.94035e-15
 1.16870e-15
 4.77504e-16
-8.43998e-16
 1.15160e-15
 5.26196e-15
 9.74174e-15
-9.69302e-15
-2.86286e-15
 8.59599e-15
-4.18465e-15
-5.43272e-15
-4.74999e-15
 1.12828e-15
-7.62157e-16
-5.14129e-15
 8.42458e-15
-6.60406e-16
-6.17721e-15
-8.22039e-15
-4.11569e-15
-5.85108e-15
-8.72093e-15
 5.55137e-15
-1.73296e-15
 6.52486e-15
 4.54412e-15
-9.99281e-15
-3.53277e-15
 6.12845e-15
-5.95167e-15
-3.36090e-16
-4.00450e-15
-8.26572e-15
-1.12998e-14
 1.69080e-15
 7.40823e-15
 3.37386e-15
 4.61010e-15
-3.94112e-15
-8.23411e-15
-1.80812e-15
-6.13482e-15
 1.72336e-14
 1.31192e-15
 8.78289e-15
 1.93030e-14
-4.16842e-16
-8.80907e-15
 1.13482e-14
 2.25746e-15
-4.74660e-15
-3.55405e-15
-4.10052e-15
-8.38330e-15
-9.16723e-15
-4.34800e-15
 1.68641e-15
-1.04032e-14
 8.59613e-16
-4.15302e-15
-1.23401e-14
 7.92454e-15
 1.68661e-14
 1.55097e-15
-1.33920e-14
 2.61995e-16
 1.13264e-14
 9.06394e-15
-9.78231e-15
 1.03512e-14
-8.70648e-15
-1.03573e-14
-6.56808e-15
-1.36350e-15
-1.19572e-16
-6.19076e-15
-1.27226e-14
-1.54760e-14
-1.22149e-14
-1.37396e-14
-1.64050e-14
 3.97338e-15
-4.91595e-14
 2.18810e-14
-1.59317e-14
-5.14809e-14
-5.71448e-15
 2.36129e-14
-6.60334e-14
-1.35478e-15
 6.77390e-16
-6.77390e-16
-1.01609e-15
 2.03217e-15
-4.40304e-15
 3.38695e-16
-1.69348e-15
 4.40304e-15
-4.74871e-15
 3.75945e-15
-3.65637e-15
-8.87969e-16
-9.52145e-17
-3.09061e-15
-2.10168e-15
 1.05607e-15
 3.91315e-15
-1.17891e-14
-6.90199e-15
 3.31996e-16
-7.56865e-15
-3.66970e-15
-4.31181e-15
 2.09852e-15
 7.42790e-15
 5.43083e-15
 1.37207e-14
 8.24070e-15
 4.34525e-15
-1.22560e-15
-1.89678e-15
 5.95768e-15
 1.98784e-15
 5.78251e-15
-5.56300e-15
-1.81791e-15
-8.54310e-15
-1.66951e-14
-1.36751e-14
-7.73377e-15
-1.69308e-14
-1.19584e-14
-2.66956e-15
 2.28430e-15
-2.48811e-16
 3.87644e-15
 9.27080e-15
 5.36138e-15
 3.14587e-15
-4.42493e-15
-7.70687e-15
 5.16002e-15
 2.18104e-15
 1.58321e-14
 4.88210e-15
 9.40108e-15
 1.46006e-16
-7.48798e-15
-1.27642e-14
 1.13736e-14
 5.83529e-15
-4.47332e-15
-7.33976e-15
-1.13852e-14
-1.20075e-14
-6.32795e-15
-1.68960e-15
-3.00827e-15
-6.60555e-15
 4.36958e-15
-8.62904e-15
-1.15395e-14
 6.11470e-15
 8.59032e-15
-1.81743e-15
-1.35496e-14
-6.64047e-16
 1.25044e-14
 3.49766e-15
-1.10886e-14
 7.80822e-15
-9.58693e-15
-7.55668e-15
-4.67392e-15
-8.37826e-15
-9.80627e-15
-6.10411e-15
-9.33267e-15
-1.29431e-14
-1.09888e-14
-1.32365e-14
-1.33668e-14
 8.40595e-15
-4.93687e-14
 2.09751e-14
-7.79194e-15
-5.10651e-14
-1.50268e-14
 2.52474e-14
-6.35672e-14
-6.77390e-16
-6.77390e-16
-6.77390e-16
-1.69348e-15
 2.03217e-15
-6.09651e-15
 3.04826e-15
 1.01609e-15
 4.06434e-15
-5.08669e-15
 5.94205e-15
-4.48481e-15
 5.33695e-16
 8.50553e-16
-2.36513e-15
-2.14164e-15
-1.35252e-15
 1.35407e-15
-1.03161e-14
-4.55593e-15
 1.49880e-15
-6.38485e-15
 1.22221e-16
-4.28831e-15
-4.88837e-15
 2.15974e-15
 5.73118e-15
 6.55645e-15
 3.47167e-15
 6.07706e-15
 1.83305e-15
 2.12411e-16
 1.21958e-14
 9.85118e-15
 7.79990e-15
 6.56269e-16
-7.19322e-16
-2.13154e-15
-4.97327e-16
-8.08455e-15
-8.04833e-15
-1.47134e-14
-1.21267e-14
-1.56302e-15
 9.68134e-15
 2.52210e-15
-3.36571e-15
 2.29787e-15
 1.37225e-15
 1.78800e-15
 1.23191e-15
-5.84106e-15
 5.06060e-15
 9.74764e-15
 4.08227e-15
 1.06741e-15
 1.24553e-15
-1.04411e-14
 5.86607e-15
 3.89850e-15
 5.41999e-15
 4.22027e-15
-4.68863e-15
-7.55477e-15
-8.20558e-15
-4.50782e-15
-2.28527e-15
 7.78247e-16
-1.99519e-16
-2.18319e-15
 1.16420e-14
-5.84095e-15
-1.29303e-14
-3.55821e-15
 5.32677e-15
-5.39236e-15
-1.20021e-14
-3.22497e-15
 1.41861e-14
-2.27432e-15
-1.65063e-14
 3.09494e-15
-5.77400e-15
-1.22138e-15
-7.98696e-15
-1.28862e-14
-1.02952e-14
-9.96818e-15
-1.18796e-14
-1.20460e-14
-1.23698e-14
-1.37860e-14
-1.07706e-14
 9.84196e-15
-4.83644e-14
 1.94171e-14
-7.02917e-15
-5.01720e-14
-1.83493e-14
 2.61451e-14
-6.28476e-14
 6.77390e-16
 1.69348e-15
-3.38695e-16
 1.01609e-15
 3.38695e-15
-4.40304e-15
 3.04826e-15
 3.38695e-16
 6.09651e-15
-3.45348e-15
 4.87249e-15
-3.90300e-15
 1.04792e-15
-5.00901e-16
-3.75230e-15
 6.91153e-16
 1.04099e-15
 4.47891e-15
-6.33598e-15
 1.53450e-15
 8.23099e-15
-2.72159e-15
-3.20699e-15
-7.48354e-15
-9.70616e-15
-7.48724e-15
-3.72578e-16
-5.43401e-16
 3.29124e-17
 1.87030e-15
-1.07066e-15
-4.06120e-16
 6.54584e-15
 3.93453e-15
 8.94603e-15
 5.39292e-15
-4.15077e-16
-1.94488e-16
 5.33891e-15
 2.87374e-15
 1.49353e-15
-6.72387e-15
-5.45549e-15
-7.91717e-15
-8.74046e-15
-1.63215e-14
-1.78155e-14
-1.71788e-14
-1.51978e-14
-8.53679e-15
-7.61530e-15
-9.14308e-16
 2.00438e-15
 1.18270e-14
 1.16885e-14
 6.43973e-15
 2.21091e-15
 1.52764e-14
 6.80768e-15
 6.50984e-15
 5.63969e-15
 6.41556e-16
 1.72320e-15
-1.11997e-14
 3.60467e-15
 6.55609e-15
 7.69475e-15
 7.16347e-15
 1.13462e-14
 2.74491e-16
 1.54282e-14
 2.93040e-16
-1.25358e-14
-7.62448e-15
 7.37507e-15
-1.10175e-14
-1.30735e-14
 6.75807e-17
 1.81440e-14
 1.97295e-15
-1.58049e-14
 1.34567e-14
 8.47484e-15
 9.72124e-15
 7.51023e-15
 4.54816e-15
 1.19202e-17
-2.84885e-15
-4.29295e-15
-1.38704e-15
-9.45393e-16
-4.09272e-15
-7.12613e-15
 8.07297e-15
-4.79499e-14
 1.97508e-14
-1.07740e-14
-4.82194e-14
-1.29984e-14
 2.63302e-14
-5.98664e-14
-2.41853e-15
-1.26444e-15
-2.55947e-15
-1.01609e-15
 0.00000e+00
-6.43521e-15
 6.77390e-16
-3.38695e-15
 3.38695e-15
-7.52723e-15
 1.47057e-15
-6.83169e-15
-2.02980e-15
-5.12553e-15
-5.27146e-15
-1.87009e-15
-1.91315e-15
 4.12960e-15
-8.41940e-15
-2.70677e-15
 4.72324e-15
-5.34068e-15
-6.70122e-15
-6.87454e-15
-6.49734e-15
-4.74243e-15
-1.25396e-15
-1.36671e-15
 7.27933e-16
-6.76865e-17
-5.95274e-15
-4.07654e-15
 2.94617e-15
 1.60278e-15
 8.95321e-16
-7.89591e-15
-9.13223e-15
-1.58457e-14
-1.28402e-14
-3.03964e-15
-3.08291e-15
-1.29253e-14
-6.86728e-15
-7.34821e-15
-1.63735e-14
-1.47669e-14
-1.03732e-14
-1.28495e-14
-1.05825e-14
-5.50153e-15
-9.43671e-15
-5.57534e-17
 1.63712e-15
 6.44383e-15
 2.31033e-15
 3.37092e-15
-3.52016e-15
 5.07754e-15
-8.70937e-15
-7.74142e-15
 4.31201e-15
-1.37322e-15
-7.95858e-15
-1.64393e-14
-6.38067e-15
-3.92329e-15
 2.41116e-15
-3.16085e-15
 1.76378e-16
-8.42854e-15
 6.75051e-15
-9.97965e-15
-1.87475e-14
-7.78962e-15
 6.48227e-15
-1.23431e-14
-1.41306e-14
-5.75523e-15
 8.02431e-15
-1.23593e-14
-1.81861e-14
 7.93457e-15
-3.07891e-15
 4.90936e-15
 8.02705e-15
 1.02513e-16
-2.95458e-15
-2.80398e-15
-3.20400e-15
-2.27240e-15
-1.88079e-15
-6.77441e-15
-1.26343e-14
 1.94523e-15
-5.09742e-14
 1.87836e-14
-1.42513e-14
-5.22129e-14
-1.74540e-14
 2.36051e-14
-6.30573e-14
 3.29163e-15
 4.74588e-15
 5.04192e-15
 4.06434e-15
 6.09651e-15
-6.77390e-16
 7.45129e-15
 5.41912e-15
 9.48346e-15
 6.08867e-16
 9.67980e-15
 7.01994e-17
 3.95975e-15
 2.91658e-15
 3.45325e-15
 3.21194e-15
 4.52886e-15
 9.96296e-15
-4.97449e-15
 3.60636e-15
 1.07922e-14
-4.76505e-16
 5.42379e-15
 6.30952e-15
 5.82411e-15
 4.69110e-15
 4.32564e-15
 3.38645e-15
 1.52446e-15
 3.71501e-15
 3.41215e-16
 3.22259e-15
 1.47458e-14
 1.52403e-14
 6.85314e-15
-5.16688e-15
 3.79812e-15
-4.23609e-15
-2.83190e-15
 7.15348e-15
 1.05806e-14
-3.35321e-15
 5.78141e-15
 1.23708e-14
 5.83273e-15
 6.38318e-15
 1.33758e-14
 1.10047e-14
 1.27568e-14
 1.64901e-14
 1.20474e-14
 1.38411e-14
 1.22721e-14
 1.22615e-14
-1.16741e-14
 2.35062e-15
-9.36221e-15
-8.96054e-15
 5.98239e-15
 7.81478e-15
 1.42948e-14
 1.08430e-14
-1.01377e-14
-8.26980e-15
-4.08118e-15
-3.86862e-15
-1.31800e-15
-1.09593e-14
-7.90870e-15
-6.28355e-15
 1.11987e-14
-8.92074e-15
-1.81915e-14
 4.49749e-15
 1.42534e-14
 1.05505e-14
-2.95305e-15
-2.51412e-15
 8.45378e-15
-2.22968e-15
-9.18813e-15
 1.14175e-14
-8.28734e-16
 7.22935e-15
 1.36404e-15
-5.39592e-15
 3.21019e-16
-3.56084e-15
-7.71414e-15
-7.09856e-15
-8.59863e-15
-1.25315e-14
-1.38253e-14
 1.53953e-15
-4.53162e-14
 2.80539e-14
-1.31545e-14
-4.98237e-14
-1.25152e-14
 2.70033e-14
-6.62158e-14
 0.00000e+00
 6.77390e-16
-6.77390e-16
 0.00000e+00
 1.35478e-15
-4.74173e-15
 2.03217e-15
 0.00000e+00
 4.06434e-15
-4.08263e-15
 4.92937e-15
-4.00832e-15
 1.42062e-15
 2.77594e-15
 5.04946e-15
 1.62701e-15
-3.14127e-15
 7.56759e-15
-2.10022e-15
 2.94885e-15
 7.70016e-15
-2.36640e-15
 7.60133e-15
 6.86485e-15
 7.59430e-15
 9.15714e-15
 1.19701e-14
 1.03069e-14
 1.18798e-14
 8.71142e-15
 1.63666e-15
 4.67898e-15
 1.05349e-14
 1.69932e-14
 1.24698e-14
-4.17934e-15
-6.94763e-15
-1.45938e-14
-1.40350e-14
-3.04357e-15
-8.71105e-15
-2.36227e-14
-2.01801e-14
-2.17871e-15
 2.34839e-15
 5.98938e-15
-1.42766e-14
-2.62291e-14
-2.08605e-14
-8.38486e-15
 8.66473e-15
 1.97767e-14
 2.35506e-15
 6.79823e-15
-2.33961e-15
 1.47667e-15
-1.34254e-15
 9.97078e-16
 1.80648e-14
 1.56213e-14
-8.49819e-15
 1.98090e-15
 3.14026e-15
 1.00321e-14
 5.85469e-15
 1.30566e-14
 1.38438e-14
 8.92139e-15
 1.30089e-14
 7.16324e-15
 3.07767e-14
 1.82962e-14
 2.42362e-15
 1.08079e-14
 1.88186e-14
 1.56729e-14
-3.35143e-16
 1.54587e-14
 2.86563e-14
 1.32781e-14
-6.73292e-15
 2.85893e-14
 1.77993e-14
 1.59172e-14
 1.50511e-15
-2.26243e-15
 5.29162e-15
 1.74545e-14
 2.23547e-14
 2.30870e-14
 2.03680e-14
 2.53682e-14
 2.63877e-14
 3.45663e-14
-3.43807e-14
 3.34248e-14
 6.28660e-15
-4.85135e-14
-2.87602e-14
 3.53301e-14
-3.18585e-14
-1.35478e-15
 6.77390e-16
-6.77390e-16
-1.01609e-15
 2.03217e-15
-4.40304e-15
 3.38695e-16
-1.69348e-15
 4.40304e-15
-4.69365e-15
 3.88053e-15
-3.88900e-15
-8.76035e-16
 8.59356e-16
 2.68949e-15
 1.42800e-15
-1.74052e-15
 5.90109e-15
-4.86898e-15
 3.39260e-15
 6.92679e-15
-6.83630e-15
 3.37411e-15
 3.97513e-15
-3.45577e-16
-4.57474e-15
 1.33011e-15
 1.50680e-15
-8.98691e-16
 8.48309e-17
-1.62765e-15
-3.68367e-15
-4.52815e-15
 4.51876e-15
 6.91557e-15
-7.47555e-15
-7.28747e-15
-9.01639e-15
-9.95453e-15
-5.62435e-16
-9.11086e-15
-1.63179e-14
-1.42233e-14
-1.13821e-14
-1.03942e-14
-3.38686e-15
-1.59997e-14
-2.56339e-14
-1.33626e-14
-3.31060e-15
 7.45897e-15
 1.76773e-14
 3.13359e-15
 1.04482e-14
-7.18719e-15
 5.33900e-15
 2.08053e-15
 9.52549e-15
 1.49072e-14
 1.58406e-14
-6.51846e-15
-4.78640e-15
 1.42906e-15
 8.65300e-15
 9.23596e-15
 2.26837e-14
 1.68124e-14
 1.76137e-14
 1.79954e-14
 2.74207e-15
 2.61671e-14
 1.63545e-14
-4.92993e-16
 5.75587e-15
 1.69816e-14
 1.62315e-14
-2.29891e-15
 1.85852e-14
 2.77303e-14
 1.43319e-14
-2.64954e-15
 3.31358e-14
 2.52017e-14
 1.44792e-14
 1.18906e-15
 1.81479e-15
 7.47499e-15
 1.37689e-14
 1.79739e-14
 2.09375e-14
 1.17707e-14
 7.72161e-15
 1.22270e-15
 1.56918e-14
-3.70479e-14
 3.18665e-14
-9.22072e-15
-4.47659e-14
-1.18493e-14
 3.34704e-14
-4.43585e-14
-6.77390e-16
-6.77390e-16
-6.77390e-16
-1.69348e-15
 2.03217e-15
-6.09651e-15
 3.04826e-15
 1.01609e-15
 4.06434e-15
-5.00259e-15
 6.17990e-15
-4.13333e-15
 1.54581e-15
 2.55740e-15
 3.43501e-15
 3.79540e-15
 3.96007e-15
 1.11440e-14
-1.99727e-15
 4.43931e-15
 8.08040e-15
-4.54939e-15
 5.35710e-15
 3.96203e-15
-1.00227e-15
-2.91162e-15
-4.10013e-15
-2.64258e-15
-9.43645e-16
-2.39517e-15
-8.41959e-15
-1.49218e-14
-1.47831e-14
-6.26678e-15
-6.55695e-16
-1.89738e-14
-1.28555e-14
-1.25069e-14
-1.79659e-14
-6.52141e-15
-1.07742e-14
-1.10469e-14
-6.91499e-15
-2.05328e-14
-2.48735e-14
-4.40257e-15
-3.11135e-15
-8.77862e-15
 5.51754e-16
 1.45566e-15
 3.85465e-15
 1.71591e-14
 3.60014e-15
-5.24023e-15
-4.14841e-15
 8.78994e-15
 1.61148e-14
 1.72745e-14
 1.26559e-14
 1.29919e-14
 7.48094e-15
 1.08516e-15
 3.46803e-15
 1.51041e-14
 4.99618e-15
 1.34053e-14
 6.67684e-15
 9.52623e-15
 1.05472e-14
-6.21615e-15
 1.79917e-14
 1.87970e-14
 9.31919e-15
 8.94167e-15
 2.08408e-14
 1.52661e-14
-1.01943e-15
 2.14749e-14
 3.10626e-14
 1.41042e-14
-2.20291e-15
 2.98108e-14
 2.14294e-14
 1.75206e-14
 1.25225e-14
 1.46408e-14
 1.42896e-14
 1.78481e-14
 2.19116e-14
 2.25817e-14
 1.62074e-14
 1.01369e-14
-2.47844e-16
 1.25504e-14
-3.70588e-14
 3.21895e-14
-1.00083e-14
-4.05736e-14
-4.15970e-15
 3.39457e-14
-5.02187e-14
 7.84804e-16
 1.75887e-15
-3.38695e-16
 1.01609e-15
 3.38695e-15
-4.40304e-15
 3.04826e-15
 3.38695e-16
 6.09651e-15
-3.34360e-15
 5.06265e-15
-3.51191e-15
 1.36244e-15
 1.91680e-15
 1.73292e-15
 2.81811e-15
 1.82962e-15
 9.09590e-15
-4.20585e-15
 3.84062e-16
 5.33981e-15
-4.54287e-15
 7.06840e-15
 1.02199e-14
 7.54516e-15
 7.85688e-15
 3.93182e-15
 4.63911e-15
 1.00882e-14
 8.81985e-15
-6.49632e-15
-1.68127e-14
-1.20872e-14
-9.63330e-15
-2.62074e-15
-1.37745e-14
-5.54765e-15
-8.81793e-15
-1.15367e-14
-1.28977e-15
 4.81606e-15
 2.32222e-15
 3.78590e-15
 2.85108e-15
 3.37355e-17
 9.41957e-15
 1.23897e-14
 6.59893e-15
 6.04367e-15
 4.65695e-15
 9.40834e-15
 1.25271e-14
-5.92557e-16
-1.26017e-14
-1.02931e-14
-8.56260e-15
-1.67565e-15
-1.03244e-14
-7.74704e-15
-9.40551e-15
-9.81424e-15
-5.33688e-15
-8.17130e-15
 1.32456e-14
-1.02368e-14
-1.43400e-14
-7.35261e-15
-1.23353e-14
-1.21780e-14
-1.70719e-14
 3.61372e-15
 6.54276e-15
-2.56724e-15
 1.47679e-15
 1.92318e-14
 1.51407e-14
-1.32074e-14
 6.64143e-15
 2.00312e-14
-1.15438e-15
-2.10691e-14
 5.90541e-15
-6.74545e-15
-8.96957e-15
-1.41714e-14
-1.56136e-14
-1.08653e-14
-2.54195e-15
 3.07357e-15
 1.49154e-15
 3.51618e-15
 6.78660e-15
 9.47296e-15
 2.38710e-14
-3.56998e-14
 3.55607e-14
 5.02704e-16
-4.22380e-14
-9.72352e-15
 3.43295e-14
-4.72255e-14
-1.98982e-15
-1.62258e-15
-2.73412e-15
-1.01609e-15
 0.00000e+00
-6.43521e-15
 6.77390e-16
-3.38695e-15
 3.38695e-15
-7.41843e-15
 1.59202e-15
-6.70783e-15
-2.15423e-15
-2.54315e-15
-5.37248e-16
-1.79628e-15
-4.31908e-15
 5.08324e-15
-8.37806e-15
-3.89916e-15
 2.18277e-15
-1.07907e-14
-2.20452e-15
 2.10594e-15
-1.89738e-15
-7.80109e-16
 7.89799e-16
-4.80623e-17
 5.51937e-15
 6.37820e-15
-8.49230e-15
-1.95317e-14
-2.10337e-14
-2.09874e-14
-5.34024e-15
-1.02221e-14
-1.31595e-14
-1.29513e-14
-1.44172e-14
-1.07350e-14
-1.06187e-15
 4.73692e-17
-3.29737e-15
 4.06855e-15
 9.00626e-16
-6.56751e-15
-1.02309e-14
-6.96033e-15
-1.92301e-15
-5.70292e-16
 4.77762e-15
-8.73771e-15
-1.57903e-14
-1.34259e-14
-1.41769e-14
-1.41698e-14
-2.30674e-14
-1.93009e-14
-9.68340e-15
-2.18769e-14
-2.45429e-14
-2.10068e-14
-1.07162e-14
-4.73592e-15
-1.15406e-14
-1.32252e-14
-1.37146e-14
-7.30122e-15
-1.29705e-14
-2.18047e-14
 9.03459e-16
 3.38161e-15
-1.01115e-14
-1.37576e-14
 5.30538e-15
-1.87113e-15
-2.48728e-14
-6.20628e-15
 9.45471e-15
-4.61725e-15
-2.36182e-14
 9.45292e-16
-1.31823e-14
-1.40630e-14
-2.35013e-14
-2.18967e-14
-1.50647e-14
-5.25228e-15
-2.42056e-15
-1.74758e-15
-3.42224e-15
-6.10252e-15
-2.76905e-15
 1.64365e-14
-3.78978e-14
 3.32586e-14
-3.92433e-15
-4.42762e-14
-1.21648e-14
 2.92257e-14
-5.18834e-14
 4.60847e-15
 4.63405e-15
 4.69430e-15
 4.06434e-15
 6.09651e-15
-6.77390e-16
 7.45129e-15
 5.41912e-15
 9.48346e-15
 6.77372e-16
 1.02171e-14
 6.40800e-16
 5.32702e-15
 6.94022e-15
 7.95570e-15
 4.33263e-15
 5.89932e-15
 1.62657e-14
 1.21022e-15
 6.55990e-15
 1.05403e-14
-3.60970e-15
 3.27210e-15
 1.60762e-16
-3.33002e-16
 5.56354e-15
 5.34807e-15
 3.25518e-15
 1.19617e-14
 9.29697e-15
-5.10548e-15
-1.18113e-14
-1.61154e-14
-1.43214e-14
 5.08717e-16
-8.74126e-15
-1.94510e-14
-2.05908e-14
-2.63282e-14
-1.98791e-14
-1.02774e-14
-8.66804e-15
-5.14673e-15
-5.80118e-15
-1.64216e-14
-1.84648e-14
-2.35054e-14
-1.26799e-14
 8.51676e-16
-6.64581e-16
 6.43300e-16
-9.09970e-15
-1.11539e-14
-1.07195e-14
 8.57086e-15
 8.46330e-15
-1.44223e-15
 1.31053e-14
 1.76170e-14
-4.94824e-15
 1.35990e-15
-3.03202e-15
 7.56102e-15
 4.25197e-15
 5.02328e-15
 7.08235e-15
-2.32282e-15
 1.40451e-14
 1.05357e-14
-2.62302e-15
 2.52234e-14
 2.53758e-14
 1.54584e-14
 4.28943e-16
 9.25090e-15
-4.38071e-15
-1.24421e-14
 9.01766e-15
 2.86669e-14
 1.60291e-14
-3.76959e-16
 2.09672e-14
 7.26757e-15
 6.65916e-15
 8.17203e-15
 2.15872e-14
 1.94650e-14
 2.83475e-14
 2.64178e-14
 2.77348e-14
 2.31107e-14
 1.21181e-14
 6.95803e-15
 1.99057e-14
-3.20125e-14
 3.90897e-14
 8.04349e-16
-4.05656e-14
-1.01196e-14
 3.54115e-14
-4.55542e-14
 0.00000e+00
 6.77390e-16
-6.77390e-16
 0.00000e+00
 1.35478e-15
-4.74173e-15
 2.03217e-15
 0.00000e+00
 4.06434e-15
-4.02328e-15
 3.87198e-15
-6.19994e-15
-2.43522e-15
-1.79319e-15
-3.60122e-15
-1.26270e-15
 4.16543e-15
 1.05295e-14
-9.97861e-15
-6.18805e-15
 1.03748e-15
-1.39691e-14
-9.62671e-15
-4.64714e-15
 8.52482e-16
-2.62718e-15
 3.88055e-17
-2.71860e-15
-8.57036e-15
-5.90810e-15
-6.70932e-15
-6.23417e-15
-1.06588e-15
-1.54676e-14
-6.44343e-15
-1.75848e-15
 3.03566e-15
 1.12669e-14
 2.87094e-14
 1.94001e-14
 1.46401e-14
 2.00105e-14
 1.73685e-14
 1.80079e-14
 1.22285e-14
 3.12736e-15
 1.87268e-14
 3.25357e-14
 3.35163e-14
 2.17592e-14
 2.17718e-15
-1.81804e-14
 1.79863e-15
 2.45970e-16
 1.12278e-15
-2.41140e-15
 6.95878e-15
-2.46743e-15
-2.04454e-14
-5.32201e-15
 2.40943e-14
 9.97512e-16
 4.23687e-15
 6.22999e-15
 1.64865e-15
 2.70630e-14
 7.30561e-15
 1.35586e-14
 1.75648e-14
-2.11034e-15
 3.69320e-17
 5.14279e-15
 1.83234e-15
-3.22969e-15
 9.42196e-15
 3.91103e-15
 9.51618e-16
 1.57242e-14
 2.81557e-14
 2.41378e-14
 4.32904e-15
 2.66078e-14
 1.99105e-14
 2.10716e-14
 1.87366e-14
 1.31484e-14
 2.76955e-15
-7.16997e-15
-2.06056e-14
-1.08498e-14
-1.16200e-14
-1.39687e-14
-9.48934e-15
 9.99665e-15
-3.56460e-14
 3.12892e-14
-1.05402e-14
-3.59827e-14
 1.16997e-14
 3.45179e-14
-6.69785e-14
-1.35478e-15
 6.77390e-16
-6.77390e-16
-1.01609e-15
 2.03217e-15
-4.40304e-15
 3.38695e-16
-1.69348e-15
 4.40304e-15
-4.78372e-15
 2.83861e-15
-5.83868e-15
-4.03259e-15
-2.01801e-15
-6.36818e-15
-4.81677e-15
 1.08844e-15
 4.28782e-15
-1.39839e-14
-6.91419e-15
-1.88441e-15
-1.28241e-14
-6.42578e-15
-3.99994e-15
 3.80791e-15
-4.33025e-16
-3.56680e-15
 1.45310e-16
 1.03745e-16
-7.90955e-16
-7.44759e-15
-1.35549e-15
 1.03308e-14
-5.09964e-15
-2.24475e-15
 3.75038e-15
 9.82793e-15
 1.21906e-14
 2.80965e-14
 2.46084e-14
 2.03184e-14
 1.96641e-14
 2.35730e-14
 2.46253e-14
 1.88781e-14
 6.13184e-15
 2.59142e-14
 3.28831e-14
 1.95958e-14
 1.01151e-14
 1.09012e-15
-6.25740e-15
 3.77635e-15
-3.45447e-15
 4.09126e-15
-3.59044e-15
-1.53140e-15
-1.63158e-15
-8.58446e-15
-8.07420e-16
 1.62206e-14
 5.67273e-15
-1.33524e-15
 6.46146e-15
-6.16572e-15
 3.88218e-15
-5.89148e-15
 1.02460e-15
 3.44471e-15
-6.59756e-15
 1.17748e-15
 2.46804e-15
-5.82804e-15
-3.54658e-16
 1.57606e-14
 5.78151e-15
-9.80932e-16
 1.00195e-14
 2.78236e-14
 1.95857e-14
 6.01291e-15
 2.56922e-14
 1.26914e-14
 1.40954e-14
 7.94326e-15
 4.27603e-15
-2.73007e-15
-7.50850e-15
-1.92522e-14
-1.40793e-14
-8.62997e-15
 9.22907e-16
 9.62316e-15
 2.34676e-14
-3.46378e-14
 3.52701e-14
 3.86068e-15
-4.06391e-14
-1.00809e-16
 3.47064e-14
-5.84490e-14
-6.77390e-16
-6.77390e-16
-6.77390e-16
-1.69348e-15
 2.03217e-15
-6.09651e-15
 3.04826e-15
 1.01609e-15
 4.06434e-15
-5.18739e-15
 5.21747e-15
-6.25181e-15
-1.99933e-15
 3.03472e-17
-3.95040e-15
-4.63357e-15
-1.73780e-15
-3.43135e-16
-1.55970e-14
-4.96554e-15
-1.05578e-15
-1.35131e-14
-6.92542e-15
-5.60500e-15
 1.73669e-15
-5.13622e-15
-3.80221e-15
 7.82133e-15
 1.08190e-14
 1.14746e-14
 1.61117e-15
 4.40743e-15
 1.34975e-14
 5.84549e-15
 8.17677e-15
 1.45297e-14
 1.64026e-14
 1.36314e-14
 2.38758e-14
 2.17181e-14
 2.00893e-14
 1.59905e-14
 1.59897e-14
 2.14236e-14
 2.06973e-14
 1.48693e-15
 1.45415e-14
 1.29220e-14
-3.96715e-15
-8.11474e-15
-1.07671e-14
-1.93826e-14
-4.78294e-16
 7.98285e-15
 5.49504e-15
-5.11340e-15
-9.40577e-15
-5.40376e-15
-9.43282e-15
-7.52512e-15
-1.69496e-16
 1.58910e-14
 3.86306e-15
 8.03899e-15
 2.74493e-15
-8.10870e-15
-2.59707e-15
 6.78980e-15
 5.12472e-15
 3.91568e-15
 8.42734e-15
-8.23178e-15
-1.70982e-14
 4.54405e-16
 1.90962e-14
 7.64919e-15
 1.60292e-16
 2.32669e-15
 2.12540e-14
 3.82757e-15
-2.15857e-15
 2.09256e-14
 7.99892e-15
 5.83890e-15
 1.10153e-15
-3.46675e-15
-8.02466e-15
-7.60523e-15
-1.23557e-14
-9.64112e-15
-4.95173e-15
 3.17007e-15
 9.19950e-15
 2.43451e-14
-3.68379e-14
 3.51899e-14
 6.15941e-15
-4.42640e-14
-5.38362e-15
 3.49434e-14
-5.50788e-14
 6.54263e-16
 1.55220e-15
-4.00359e-16
 1.01609e-15
 3.38695e-15
-4.40304e-15
 3.04826e-15
 3.38695e-16
 6.09651e-15
-3.51776e-15
 4.58893e-15
-5.44909e-15
-1.21568e-15
-1.71549e-15
-5.08845e-15
-1.86957e-15
-2.37058e-15
 1.59995e-15
-1.24804e-14
-5.25910e-15
-2.71815e-16
-1.29149e-14
-7.42117e-15
-5.38306e-15
-3.26939e-15
-9.86089e-15
-3.77419e-15
-1.62425e-15
 9.67552e-16
 8.67339e-15
 3.94559e-15
 7.95314e-15
 1.33076e-14
 1.50569e-14
 1.39724e-14
 1.45134e-14
 1.43755e-14
 1.00714e-14
 1.45570e-14
 1.15643e-14
 1.19091e-14
 6.55384e-15
 6.78846e-15
 6.12929e-15
 1.21093e-14
 3.86641e-15
 8.75291e-16
-1.04423e-15
-3.49714e-15
-3.79864e-15
-1.06137e-14
-1.91613e-14
 6.15209e-15
 1.90488e-14
 2.27584e-14
 2.33419e-14
 1.66630e-14
 1.64370e-14
 2.24719e-15
 9.00710e-15
 2.15258e-14
 3.04823e-14
 2.46656e-14
 2.28814e-14
 2.29726e-14
 1.30048e-14
 2.15742e-14
 2.63043e-14
 3.22979e-14
 2.19692e-14
 2.97971e-14
 1.21879e-14
 5.53836e-15
 2.17011e-14
 2.10969e-14
 3.73833e-15
-3.94105e-15
 4.77533e-15
 1.45192e-14
 7.37017e-15
-1.18641e-15
 1.81130e-14
 7.96785e-15
 1.12598e-14
 1.26301e-14
 1.19126e-14
 1.07998e-14
 7.92404e-15
 3.42121e-15
 5.63903e-15
 1.71201e-15
-6.59806e-15
-7.51742e-15
 1.19009e-14
-3.54256e-14
 3.51859e-14
-7.88401e-15
-4.25441e-14
 1.51298e-15
 3.46826e-14
-5.71000e-14
-4.58060e-15
-2.79051e-15
-3.01246e-15
-1.01609e-15
 0.00000e+00
-6.43521e-15
 6.77390e-16
-3.38695e-15
 3.38695e-15
-7.59103e-15
 1.09964e-15
-8.13012e-15
-3.15984e-15
-5.83280e-15
-6.81118e-15
-2.62120e-15
-3.56779e-15
 2.27348e-15
-1.25427e-14
-1.01470e-14
-3.27655e-15
-1.29629e-14
-6.90885e-15
-3.88331e-15
-8.06655e-15
-1.36043e-14
-9.69916e-15
-9.59129e-15
-7.30158e-15
 5.45790e-16
 1.23635e-15
 1.01355e-14
 1.86254e-14
 1.36769e-14
 1.29251e-14
 1.69590e-14
 1.69277e-14
 9.93442e-15
 1.25525e-14
 1.19711e-14
 1.48623e-14
 6.15706e-15
 5.44481e-15
 6.03756e-15
 1.45643e-14
 1.54680e-14
 1.39345e-14
 1.16395e-14
 2.15793e-15
 1.39482e-15
-5.39019e-15
-5.13216e-15
 8.41260e-15
 2.38074e-15
 3.93538e-15
 2.03032e-14
 1.73185e-14
 9.81440e-15
 2.60526e-15
 1.45338e-14
 2.03232e-14
 1.75048e-14
 1.15617e-14
 1.50546e-14
 1.64828e-14
 1.28811e-14
 2.20340e-14
 2.17389e-14
 2.95893e-14
 1.75792e-14
 2.88133e-14
 1.27540e-14
 4.00006e-15
 2.85131e-14
 2.46786e-14
 7.69973e-15
-6.66953e-15
 6.24529e-15
 1.81363e-14
 1.17544e-14
-5.85918e-15
 1.30850e-14
 9.36727e-15
 1.54969e-14
 1.64691e-14
 1.38247e-14
 1.06959e-14
 5.16411e-15
-4.98738e-15
-6.68994e-15
-3.86828e-15
-1.39052e-15
-4.34872e-16
 1.72987e-14
-3.57771e-14
 3.27107e-14
-8.26734e-15
-4.70293e-14
-6.80254e-15
 3.08638e-14
-5.91606e-14
-1.15178e-15
 1.97903e-15
 4.62687e-15
 4.06434e-15
 6.09651e-15
-6.77390e-16
 7.45129e-15
 5.41912e-15
 9.48346e-15
 5.57161e-16
 9.33130e-15
-8.60376e-16
 3.86537e-15
 3.89306e-15
 3.71045e-15
 4.91997e-15
 6.13202e-15
 8.67493e-15
-7.38579e-15
-1.88113e-15
 3.62676e-15
-8.61495e-15
 6.58843e-16
 5.00731e-15
-6.87034e-16
-9.22643e-15
-1.40198e-15
 7.00104e-15
 5.13782e-15
 1.35668e-14
 1.74983e-14
 2.12598e-14
 2.50889e-14
 1.33526e-14
 2.18147e-14
 3.15566e-14
 3.20509e-14
 2.18046e-14
 2.73499e-14
 2.73422e-14
 2.73537e-14
 2.42706e-14
 1.56133e-14
 2.31930e-14
 3.30379e-14
 2.58908e-14
 2.95533e-14
 2.51928e-14
 8.25311e-15
 4.13154e-15
-1.18688e-15
-3.14265e-16
 1.52429e-14
 5.35606e-16
-1.62720e-14
 3.20744e-15
 8.11906e-15
-1.07629e-14
-8.74540e-15
 5.51875e-15
-2.52791e-16
 5.94038e-15
 4.17589e-15
 8.63408e-15
 1.59747e-14
 1.93125e-14
 2.77233e-14
 2.30229e-14
 2.56060e-14
 1.70372e-14
 2.35467e-14
 7.28190e-16
-7.72965e-15
 2.35280e-14
 3.73151e-14
 2.72195e-14
 6.55846e-15
 1.36859e-14
 2.39360e-14
 1.19005e-14
-1.31971e-14
 1.61784e-14
 1.85047e-14
 1.38607e-14
 1.22000e-14
 6.52107e-15
-2.60057e-16
-5.56853e-15
-1.52476e-14
-1.96238e-14
-7.99371e-15
 8.55192e-15
 1.21322e-14
 2.91449e-14
-3.36007e-14
 3.69826e-14
 3.77509e-15
-4.30506e-14
-6.60965e-15
 3.72409e-14
-5.51975e-14
 1.21680e-15
 1.38175e-15
-7.28212e-16
 0.00000e+00
 1.35478e-15
-4.74173e-15
 2.03217e-15
 0.00000e+00
 4.06434e-15
-3.89216e-15
 5.48666e-15
-2.44478e-15
 3.21418e-15
 2.99022e-15
 6.10033e-15
 6.11427e-15
 4.26437e-15
 1.22418e-14
 2.15711e-15
 1.14010e-14
 1.80541e-14
 7.44905e-15
 1.26325e-14
 7.37029e-15
 7.06784e-15
 6.90019e-15
 2.94486e-15
-1.35830e-16
 6.42849e-16
 4.13807e-15
-1.43036e-15
-7.31848e-15
-1.61371e-15
 5.42177e-15
 2.26957e-15
-9.39795e-15
-1.10067e-15
-6.01517e-15
-2.99761e-14
-2.12620e-14
-1.68107e-14
-1.63885e-14
-1.40695e-14
-2.24238e-14
-1.27514e-14
-7.26457e-15
-1.54457e-14
-1.57864e-14
-1.83062e-14
-1.24955e-14
-1.61066e-15
 2.79456e-14
 4.70293e-15
 6.71944e-15
 6.84395e-15
 1.02259e-14
 1.19915e-14
 5.02168e-15
 9.37279e-15
 1.33149e-15
-1.27671e-14
 1.74431e-15
-3.26224e-15
-1.19748e-14
-1.26597e-14
-2.14486e-14
-1.31220e-14
-1.08881e-14
-1.64551e-14
-2.26976e-14
-1.55692e-15
-1.65779e-14
-1.94869e-14
-1.00751e-14
 5.58918e-15
-5.74080e-15
-2.51635e-14
-1.45729e-14
-4.41881e-15
-3.28053e-14
-4.98896e-14
-2.06198e-14
-2.18522e-14
-1.35021e-14
-5.79888e-15
-1.42250e-14
-1.32870e-14
-1.06899e-14
-1.52559e-14
-2.09530e-14
-3.21756e-14
-3.35653e-14
-4.42260e-14
-3.04491e-14
-6.95452e-14
 1.40941e-14
-2.17046e-14
-6.73253e-14
-3.39763e-14
 1.28911e-14
-6.68540e-14
-7.22876e-17
 9.85835e-16
-9.41834e-16
-1.01609e-15
 2.03217e-15
-4.40304e-15
 3.38695e-16
-1.69348e-15
 4.40304e-15
-4.51205e-15
 4.49484e-15
-1.88421e-15
 1.39681e-15
 1.27616e-15
 1.97902e-15
 4.68593e-15
 6.40503e-15
 1.36311e-14
 2.25079e-15
 8.08586e-15
 1.31020e-14
 3.59755e-15
 1.08033e-14
 7.16239e-15
 4.98725e-15
 8.66201e-15
 8.37522e-15
-1.91600e-15
-1.05630e-15
 5.23893e-16
-6.53405e-15
-1.01210e-14
-1.14508e-14
 2.44863e-16
 5.26941e-15
-1.23543e-14
-6.87649e-15
-1.45035e-14
-3.22191e-14
-2.72119e-14
-2.07504e-14
-1.50572e-14
-1.95780e-14
-2.17652e-14
-1.35635e-14
-4.21206e-15
-1.61701e-14
-1.64184e-14
-9.52084e-15
-2.54071e-15
 2.53645e-16
 1.15218e-14
 4.62895e-15
 3.62934e-15
-2.49141e-15
 7.23638e-15
 7.75115e-15
 3.95266e-15
 2.64810e-15
 1.80221e-15
-1.23618e-14
-2.65207e-15
-6.32956e-16
-8.43386e-15
-6.46569e-15
-3.76712e-15
-7.45178e-15
-9.86203e-15
-3.81872e-15
-2.10226e-14
-3.47439e-15
-7.63804e-15
-8.33166e-15
-1.15020e-14
 1.80064e-15
-1.04016e-14
-2.89095e-14
-1.98081e-14
-4.55466e-15
-3.13545e-14
-5.24599e-14
-2.01184e-14
-2.26971e-14
-1.13399e-14
-3.29871e-15
-5.34361e-15
-7.20995e-15
-7.68961e-15
-1.26099e-14
-1.73784e-14
-3.10367e-14
-4.42386e-14
-5.20318e-14
-2.80613e-14
-6.93539e-14
 8.06394e-15
-3.07596e-14
-6.88849e-14
-3.57834e-14
 1.29733e-14
-6.43173e-14
 2.54364e-17
-6.09825e-16
-9.92147e-16
-1.69348e-15
 2.03217e-15
-6.09651e-15
 3.04826e-15
 1.01609e-15
 4.06434e-15
-4.83379e-15
 6.81736e-15
-2.97328e-15
 2.72343e-15
 4.01711e-15
 5.52121e-15
 7.17113e-15
 9.69585e-15
 1.94562e-14
 5.93450e-15
 8.68951e-15
 1.34613e-14
 4.48678e-15
 9.44912e-15
 6.56338e-15
 8.75889e-15
 2.06351e-14
 1.50198e-14
 5.26160e-16
 2.15206e-16
-1.12374e-15
-5.34597e-15
-5.77318e-15
-7.69974e-15
-2.67186e-15
 2.99572e-15
-6.94453e-15
-4.12241e-15
-1.26388e-14
-1.56153e-14
-1.34030e-14
-1.18066e-14
-7.74596e-15
-2.96209e-15
-1.28456e-14
-1.35948e-14
-1.26881e-15
-8.01954e-15
-2.88543e-15
 6.48356e-15
 1.08774e-14
 9.99418e-15
 1.43671e-14
 1.02414e-14
 6.35974e-15
-1.17128e-14
-5.40278e-15
 6.62576e-16
-8.61330e-15
-5.42074e-15
-5.83704e-15
-1.72722e-14
-2.31226e-14
-1.68148e-14
-1.67767e-14
-1.33253e-14
 4.20317e-15
-6.78101e-15
-1.79681e-14
-1.31007e-14
-3.54835e-14
-2.23560e-14
-1.64467e-14
-1.90681e-14
-2.04414e-14
-1.51760e-14
-2.80826e-14
-5.03375e-14
-3.29434e-14
-9.79458e-15
-2.65291e-14
-5.29521e-14
-2.44735e-14
-2.70264e-14
-1.83846e-14
-1.57113e-14
-1.59423e-14
-1.31443e-14
-1.50693e-14
-2.12820e-14
-2.47157e-14
-3.73077e-14
-5.00988e-14
-5.21265e-14
-2.65033e-14
-6.91485e-14
 4.47434e-15
-3.79876e-14
-6.99102e-14
-3.56260e-14
 1.43436e-14
-6.52765e-14
 1.07155e-15
 1.59612e-15
-6.38545e-16
 1.01609e-15
 3.38695e-15
-4.40304e-15
 3.04826e-15
 3.38695e-16
 6.09651e-15
-3.19590e-15
 5.80358e-15
-2.45221e-15
 3.04516e-15
 3.94924e-15
 6.42242e-15
 9.48977e-15
 7.44437e-15
 1.69743e-14
 5.88607e-15
 1.10346e-14
 1.70941e-14
 8.03445e-15
 1.09807e-14
 9.23939e-15
 1.60360e-14
 2.25869e-14
 1.54842e-14
 1.43972e-14
 1.55015e-14
 1.44597e-14
 1.34601e-14
 5.37050e-15
-1.91762e-16
-2.84567e-15
 2.45737e-16
 3.88241e-16
 6.77847e-15
-1.12643e-15
 7.36358e-15
 6.03791e-15
 6.27355e-15
 8.43680e-15
 1.19970e-14
 7.93524e-15
 2.62833e-15
 4.79693e-15
 4.13390e-15
 1.48026e-14
 1.45538e-14
 1.48699e-14
 1.79354e-14
 2.29726e-14
 1.17881e-14
 1.60593e-15
-1.09665e-14
-1.30405e-14
-5.40896e-15
-1.73358e-14
-6.20495e-15
-1.26221e-14
-1.76625e-14
-2.02839e-14
-1.26321e-14
-1.37605e-14
-1.40281e-14
-3.39936e-15
-1.45572e-14
-1.56423e-14
-1.71384e-14
-3.75210e-14
-2.39512e-14
-2.74549e-14
-3.21454e-14
-2.49772e-14
-1.55756e-14
-1.84506e-14
-3.85400e-14
-2.31777e-14
-3.59356e-15
-1.87550e-14
-3.70515e-14
-1.34101e-14
-1.49509e-14
-1.30719e-14
-2.23731e-14
-2.09541e-14
-1.30425e-14
-1.16168e-14
-1.39507e-14
-1.30815e-14
-2.22152e-14
-2.41144e-14
-2.42783e-14
-1.18227e-14
-6.59882e-14
 4.05365e-15
-2.64780e-14
-6.73182e-14
-3.74226e-14
 1.43460e-14
-6.82165e-14
 6.03775e-16
-6.59264e-16
-3.14121e-15
-1.01609e-15
 0.00000e+00
-6.43521e-15
 6.77390e-16
-3.38695e-15
 3.38695e-15
-7.27243e-15
 2.38747e-15
-4.77954e-15
 1.25419e-15
-8.20615e-18
 2.34941e-15
 4.66595e-15
 2.60070e-15
 1.19788e-14
 6.80554e-16
 7.39266e-15
 1.51253e-14
 3.37071e-15
 6.89831e-15
 5.43951e-15
 1.13373e-14
 1.58840e-14
 1.18179e-14
 1.11248e-14
 1.46000e-14
 1.58395e-14
 1.28037e-14
 4.10775e-15
-9.35544e-15
-1.29341e-14
-1.04430e-14
-1.66001e-14
-3.36239e-15
-5.36010e-15
 3.10688e-16
-4.16011e-15
-8.13303e-15
-6.08490e-15
-3.34182e-15
-4.22513e-15
-7.52466e-15
-8.40776e-15
-1.36417e-14
-6.94159e-15
-9.52030e-17
 3.58884e-15
 8.83709e-15
 2.03883e-15
-8.00892e-15
-8.30076e-15
-1.17971e-14
-1.30532e-14
-1.29074e-14
-3.44415e-15
-1.16041e-16
 3.75869e-15
-1.75454e-15
-5.76479e-15
-8.13020e-15
-1.42067e-14
-1.43906e-14
-1.47098e-14
-2.79460e-14
-2.42732e-14
-1.87244e-14
-3.30045e-14
-1.64170e-14
-1.75806e-14
-2.98983e-14
-2.69806e-14
-1.23926e-14
-9.51001e-15
-2.57703e-14
-1.47351e-14
 8.89254e-16
-1.59920e-14
-2.90298e-14
 6.99101e-16
-3.53927e-15
-8.95621e-15
-1.24071e-14
-1.55357e-14
-1.55336e-14
-1.06871e-14
-7.24047e-15
-3.98328e-15
-1.54809e-14
-2.48785e-14
-3.05279e-14
-1.51182e-14
-6.71918e-14
-5.67311e-16
-2.87704e-14
-6.78317e-14
-3.68846e-14
 9.34705e-15
-6.99103e-14
 8.58610e-15
 7.11193e-15
 4.64890e-15
 4.06434e-15
 6.09651e-15
-6.77390e-16
 7.45129e-15
 5.41912e-15
 9.48346e-15
 8.35202e-16
 1.09376e-14
 2.27748e-15
 8.37390e-15
 1.03509e-14
 1.09941e-14
 8.81251e-15
 1.11876e-14
 2.00896e-14
 5.22502e-15
 1.54538e-14
 2.16844e-14
 6.66793e-15
 1.22315e-14
 8.21704e-15
 1.73829e-14
 2.79037e-14
 1.96515e-14
 8.52710e-15
 1.06237e-14
 1.35428e-14
 9.02181e-15
 9.12360e-15
-2.63491e-15
-1.11250e-14
-1.23843e-14
-2.54765e-14
-4.92643e-15
-1.71838e-15
-7.69965e-16
-6.25274e-15
-2.00710e-14
-1.73347e-14
-4.41213e-15
-1.85446e-14
-2.26300e-14
-2.01291e-14
-2.67160e-14
-2.24737e-14
-6.23432e-15
 4.47122e-16
 8.75491e-15
 5.40820e-15
-8.07335e-15
 8.59025e-15
 6.05047e-15
-1.80721e-15
 2.89074e-17
 1.95266e-14
 1.78673e-14
 2.82024e-14
 1.97421e-14
-9.50407e-17
-6.25473e-15
-1.70613e-14
-1.46799e-14
-1.99116e-14
-3.00775e-14
-2.74086e-14
-2.11685e-14
-3.74988e-14
-1.04997e-14
-5.15299e-15
-1.60268e-14
-2.04775e-14
-8.09879e-15
-1.66304e-14
-2.72834e-14
-1.04982e-14
 3.36812e-15
-8.84830e-15
-2.55185e-14
 6.11338e-15
-7.87395e-15
-8.60639e-15
-7.98622e-15
-1.96623e-14
-2.30728e-14
-1.63942e-14
-1.13696e-14
-9.88994e-15
-2.36249e-14
-3.91932e-14
-4.89461e-14
-2.82585e-14
-6.74039e-14
 5.76070e-15
-3.11185e-14
-6.25043e-14
-2.30992e-14
 1.48669e-14
-6.46128e-14
 0.00000e+00
 0.00000e+00
 0.00000e+00
 0.00000e+00
 0.00000e+00
 0.00000e+00
 0.00000e+00
 0.00000e+00
 0.00000e+00
 0.00000e+00
 0.00000e+00
 0.00000e+00
 0.00000e+00
 0.00000e+00
 0.00000e+00
 0.00000e+00
 0.00000e+00
 0.00000e+00
 0.00000e+00
 0.00000e+00
 0.00000e+00
 0.00000e+00
 0.00000e+00
 0.00000e+00
 0.00000e+00
 0.00000e+00
 0.00000e+00
 0.00000e+00
 0.00000e+00
 0.00000e+00
 0.00000e+00
 0.00000e+00
 0.00000e+00
 0.00000e+00
 0.00000e+00
 0.00000e+00
 0.00000e+00
 0.00000e+00
 0.00000e+00
 0.00000e+00
 0.00000e+00
 0.00000e+00
 0.00000e+00
 0.00000e+00
 0.00000e+00
 0.00000e+00
 0.00000e+00
 0.00000e+00
 0.00000e+00
 0.00000e+00
 0.00000e+00
 0.00000e+00
 0.00000e+00
 0.00000e+00
 0.00000e+00
 0.00000e+00
 0.00000e+00
 0.00000e+00
 0.00000e+00
 0.00000e+00
 0.00000e+00
 0.00000e+00
 0.00000e+00
 0.00000e+00
 0.00000e+00
 0.00000e+00
 0.00000e+00
 0.00000e+00
 0.00000e+00
 0.00000e+00
 0.00000e+00
 0.00000e+00
 0.00000e+00
 0.00000e+00
 0.00000e+00
 0.00000e+00
 0.00000e+00
 0.00000e+00
 0.00000e+00
 0.00000e+00
 0.00000e+00
 0.00000e+00
 0.00000e+00
 0.00000e+00
 0.00000e+00
 0.00000e+00
 0.00000e+00
 0.00000e+00
 0.00000e+00
 0.00000e+00
 0.00000e+00
 0.00000e+00
 0.00000e+00
 0.00000e+00
 0.00000e+00
 0.00000e+00
 0.00000e+00
 0.00000e+00
 0.00000e+00
 0.00000e+00
 0.00000e+00
 0.00000e+00
 0.00000e+00
 0.00000e+00
 0.00000e+00
 0.00000e+00
 0.00000e+00
 0.00000e+00
 0.00000e+00
 0.00000e+00
 0.00000e+00
 0.00000e+00
 0.00000e+00
 0.00000e+00
 0.00000e+00
 0.00000e+00
 0.00000e+00
 0.00000e+00
 0.00000e+00
 0.00000e+00
 0.00000e+00
 0.00000e+00
 0.00000e+00
 0.00000e+00
 0.00000e+00
 0.00000e+00
 0.00000e+00
 0.00000e+00
 0.00000e+00
 0.00000e+00
 0.00000e+00
 0.00000e+00
 0.00000e+00
 0.00000e+00
 0.00000e+00
 0.00000e+00
 0.00000e+00
 0.00000e+00
 0.00000e+00
 0.00000e+00
 0.00000e+00
 0.00000e+00
 0.00000e+00
 0.00000e+00
 0.00000e+00
 0.00000e+00
 0.00000e+00
 0.00000e+00
 0.00000e+00
 0.00000e+00
 0.00000e+00
 0.00000e+00
 0.00000e+00
 0.00000e+00
 0.00000e+00
 0.00000e+00
 0.00000e+00
 0.00000e+00
 0.00000e+00
 0.00000e+00
 0.00000e+00
 0.00000e+00
 0.00000e+00
 0.00000e+00
 0.00000e+00
 0.00000e+00
 0.00000e+00
 0.00000e+00
 0.00000e+00
 0.00000e+00
 0.00000e+00
 0.00000e+00
 0.00000e+00
 0.00000e+00
 0.00000e+00
 0.00000e+00
 0.00000e+00
 0.00000e+00
 0.00000e+00
 0.00000e+00
 0.00000e+00
 0.00000e+00
 0.00000e+00
 0.00000e+00
 0.00000e+00
 0.00000e+00
 0.00000e+00
 0.00000e+00
 0.00000e+00
 0.00000e+00
 0.00000e+00
 0.00000e+00
 0.00000e+00
 0.00000e+00
 0.00000e+00
 0.00000e+00
 0.00000e+00
 0.00000e+00
 0.00000e+00
 0.00000e+00
 0.00000e+00
 0.00000e+00
 0.00000e+00
 0.00000e+00
 0.00000e+00
 0.00000e+00
 0.00000e+00
 0.00000e+00
 0.00000e+00
 0.00000e+00
 0.00000e+00
 0.00000e+00
 0.00000e+00
 0.00000e+00
 0.00000e+00
 0.00000e+00
 0.00000e+00
 0.00000e+00
 0.00000e+00
 0.00000e+00
 0.00000e+00
 0.00000e+00
 0.00000e+00
 0.00000e+00
 0.00000e+00
 0.00000e+00
 0.00000e+00
 0.00000e+00
 0.00000e+00
 0.00000e+00
 0.00000e+00
 0.00000e+00
 0.00000e+00
 0.00000e+00
 0.00000e+00
 0.00000e+00
 0.00000e+00
 0.00000e+00
 0.00000e+00
 0.00000e+00
 0.00000e+00
 0.00000e+00
 0.00000e+00
 0.00000e+00
 0.00000e+00
 0.00000e+00
 0.00000e+00
 0.00000e+00
 0.00000e+00
 0.00000e+00
 0.00000e+00
 0.00000e+00
 0.00000e+00
 0.00000e+00
 0.00000e+00
 0.00000e+00
 0.00000e+00
 0.00000e+00
 0.00000e+00
 0.00000e+00
 0.00000e+00
 0.00000e+00
 0.00000e+00
 0.00000e+00
 0.00000e+00
 0.00000e+00
 0.00000e+00
 0.00000e+00
 0.00000e+00
 0.00000e+00
 0.00000e+00
 0.00000e+00
 0.00000e+00
 0.00000e+00
 0.00000e+00
 0.00000e+00
 0.00000e+00
 0.00000e+00
 0.00000e+00
 0.00000e+00
 0.00000e+00
 0.00000e+00
 0.00000e+00
 0.00000e+00
 0.00000e+00
 0.00000e+00
 0.00000e+00
 0.00000e+00
 0.00000e+00
 0.00000e+00
 0.00000e+00
 0.00000e+00
 0.00000e+00
 0.00000e+00
 0.00000e+00
 0.00000e+00
 0.00000e+00
 0.00000e+00
 0.00000e+00
 0.00000e+00
 0.00000e+00
 0.00000e+00
 0.00000e+00
 0.00000e+00
 0.00000e+00
 0.00000e+00
 0.00000e+00
 0.00000e+00
 0.00000e+00
 0.00000e+00
 0.00000e+00
 0.00000e+00
 0.00000e+00
 0.00000e+00
 0.00000e+00
 0.00000e+00
 0.00000e+00
 0.00000e+00
 0.00000e+00
 0.00000e+00
 0.00000e+00
 0.00000e+00
 0.00000e+00
 0.00000e+00
 0.00000e+00
 0.00000e+00
 0.00000e+00
 0.00000e+00
 0.00000e+00
 0.00000e+00
 0.00000e+00
 0.00000e+00
 0.00000e+00
 0.00000e+00
 0.00000e+00
 0.00000e+00
 0.00000e+00
 0.00000e+00
 0.00000e+00
 0.00000e+00
 0.00000e+00
 0.00000e+00
 0.00000e+00
 0.00000e+00
 0.00000e+00
 0.00000e+00
 0.00000e+00
 0.00000e+00
 0.00000e+00
 0.00000e+00
 0.00000e+00
 0.00000e+00
 0.00000e+00
 0.00000e+00
 0.00000e+00
 0.00000e+00
 0.00000e+00
 0.00000e+00
 0.00000e+00
 0.00000e+00
 0.00000e+00
 0.00000e+00
 0.00000e+00
 0.00000e+00
 0.00000e+00
 0.00000e+00
 0.00000e+00
 0.00000e+00
 0.00000e+00
 0.00000e+00
 0.00000e+00
 0.00000e+00
 0.00000e+00
 0.00000e+00
 0.00000e+00
 0.00000e+00
 0.00000e+00
 0.00000e+00
 0.00000e+00
 0.00000e+00
 0.00000e+00
 0.00000e+00
 0.00000e+00
 0.00000e+00
 0.00000e+00
 0.00000e+00
 0.00000e+00
 0.00000e+00
 0.00000e+00
 0.00000e+00
 0.00000e+00
 0.00000e+00
 0.00000e+00
 0.00000e+00
 0.00000e+00
 0.00000e+00
 0.00000e+00
 0.00000e+00
 0.00000e+00
 0.00000e+00
 0.00000e+00
 0.00000e+00
 0.00000e+00
 0.00000e+00
 0.00000e+00
 0.00000e+00
 0.00000e+00
 0.00000e+00
 0.00000e+00
 0.00000e+00
 0.00000e+00
 0.00000e+00
 0.00000e+00
 0.00000e+00
 0.00000e+00
 0.00000e+00
 0.00000e+00
 0.00000e+00
 0.00000e+00
 0.00000e+00
 0.00000e+00
 0.00000e+00
 0.00000e+00
 0.00000e+00
 0.00000e+00
 0.00000e+00
 0.00000e+00
 0.00000e+00
 0.00000e+00
 0.00000e+00
 0.00000e+00
 0.00000e+00
 0.00000e+00
 0.00000e+00
 0.00000e+00
 0.00000e+00
 0.00000e+00
 0.00000e+00
 0.00000e+00
 0.00000e+00
 0.00000e+00
 0.00000e+00
 0.00000e+00
 0.00000e+00
 0.00000e+00
 0.00000e+00
 0.00000e+00
 0.00000e+00
 0.00000e+00
 0.00000e+00
 0.00000e+00
 0.00000e+00
 0.00000e+00
 0.00000e+00
 0.00000e+00
 0.00000e+00
 0.00000e+00
 0.00000e+00
 0.00000e+00
 0.00000e+00
 0.00000e+00
 0.00000e+00
 0.00000e+00
 0.00000e+00
 0.00000e+00
 0.00000e+00
 0.00000e+00
 0.00000e+00
 0.00000e+00
 0.00000e+00
 0.00000e+00
 0.00000e+00
 0.00000e+00
 0.00000e+00
 0.00000e+00
 0.00000e+00
 0.00000e+00
 0.00000e+00
 0.00000e+00
 0.00000e+00
 0.00000e+00
 0.00000e+00
 0.00000e+00
 0.00000e+00
 0.00000e+00
 0.00000e+00
 0.00000e+00
 0.00000e+00
 0.00000e+00
 0.00000e+00
 0.00000e+00
 0.00000e+00
 0.00000e+00
 0.00000e+00
 0.00000e+00
 0.00000e+00
 0.00000e+00
 0.00000e+00
 0.00000e+00
 0.00000e+00
 0.00000e+00
 0.00000e+00
 0.00000e+00
 0.00000e+00
 0.00000e+00
 0.00000e+00
 0.00000e+00
 0.00000e+00
 0.00000e+00
 0.00000e+00
 0.00000e+00
 0.00000e+00
 0.00000e+00
 0.00000e+00
 0.00000e+00
 0.00000e+00
 0.00000e+00
 0.00000e+00
 0.00000e+00
 0.00000e+00
 0.00000e+00
 0.00000e+00
 0.00000e+00
 0.00000e+00
 0.00000e+00
 0.00000e+00
 0.00000e+00
 0.00000e+00
 0.00000e+00
 0.00000e+00
 0.00000e+00
 0.00000e+00
 0.00000e+00
 0.00000e+00
 0.00000e+00
 0.00000e+00
 0.00000e+00
 0.00000e+00
 0.00000e+00
 0.00000e+00
 0.00000e+00
 0.00000e+00
 0.00000e+00
 0.00000e+00
 0.00000e+00
 0.00000e+00
 0.00000e+00
 0.00000e+00
 0.00000e+00
 0.00000e+00
 0.00000e+00
 0.00000e+00
 0.00000e+00
 0.00000e+00
 0.00000e+00
 0.00000e+00
 0.00000e+00
 0.00000e+00
 0.00000e+00
 0.00000e+00
 0.00000e+00
 0.00000e+00
 0.00000e+00
 0.00000e+00
 0.00000e+00
 0.00000e+00
 0.00000e+00
 0.00000e+00
 0.00000e+00
 0.00000e+00
 0.00000e+00
 0.00000e+00
 0.00000e+00
 0.00000e+00
 0.00000e+00
 0.00000e+00
 0.00000e+00
 0.00000e+00
 0.00000e+00
 0.00000e+00
 0.00000e+00
 0.00000e+00
 0.00000e+00
 0.00000e+00
 0.00000e+00
 0.00000e+00
 0.00000e+00
 0.00000e+00
 0.00000e+00
 0.00000e+00
 0.00000e+00
 0.00000e+00
 0.00000e+00
 0.00000e+00
 0.00000e+00
 0.00000e+00
 0.00000e+00
 0.00000e+00
 0.00000e+00
 0.00000e+00
 0.00000e+00
 0.00000e+00
 0.00000e+00
 0.00000e+00
 0.00000e+00
 0.00000e+00
