Velocity
part
         1
coordinates
 0.00000e+00
-8.15800e-16
 1.90815e-15
-1.97286e-15
 2.94573e-15
 0.00000e+00
 0.00000e+00
 6.79913e-16
 4.04416e-16
-5.35481e-16
 1.85374e-15
 0.00000e+00
 0.00000e+00
-7.96850e-17
-1.85617e-15
 2.40833e-15
-1.98557e-15
 0.00000e+00
 0.00000e+00
-3.29927e-16
-1.22033e-15
 1.47294e-15
-1.50486e-15
 0.00000e+00
 0.00000e+00
 2.38946e-15
 1.30419e-15
 3.72875e-15
 4.90359e-16
 0.00000e+00
 0.00000e+00
-4.02502e-15
-4.83360e-15
-3.50749e-15
-3.43468e-15
 0.00000e+00
 0.00000e+00
 2.49609e-15
 1.85772e-15
 1.86806e-15
 4.83543e-16
 0.00000e+00
 0.00000e+00
 3.38896e-16
-2.12661e-16
-1.43533e-16
-8.09449e-16
 0.00000e+00
 0.00000e+00
 5.56920e-15
 4.77808e-15
 4.21931e-15
 3.27751e-15
 0.00000e+00
 0.00000e+00
-3.81084e-15
-5.68605e-15
-5.47199e-15
-5.21083e-15
 0.00000e+00
 0.00000e+00
 4.77406e-15
 5.28741e-15
 4.20139e-15
 1.76337e-15
 0.00000e+00
 0.00000e+00
-6.07808e-15
-1.31581e-15
-4.76201e-15
-7.82728e-16
 0.00000e+00
 0.00000e+00
-1.18161e-15
 1.09136e-15
 2.58341e-15
-8.60988e-16
 0.00000e+00
 0.00000e+00
 1.17233e-15
-1.77363e-15
 2.33696e-15
-7.39088e-17
 0.00000e+00
 0.00000e+00
 9.16475e-16
-1.23758e-15
 4.97534e-16
 3.05375e-16
 0.00000e+00
 0.00000e+00
-4.68094e-16
 1.87921e-15
 1.57968e-15
 2.92839e-16
 0.00000e+00
 0.00000e+00
-2.97172e-15
 2.18863e-15
-2.74280e-15
-1.66052e-16
 0.00000e+00
 0.00000e+00
 7.09822e-15
 5.34915e-15
 6.93170e-15
 7.42065e-15
 0.00000e+00
 0.00000e+00
-4.40057e-15
-9.97292e-15
-3.12422e-15
-7.81826e-15
 0.00000e+00
 0.00000e+00
-6.65575e-16
 1.51318e-15
-2.86480e-15
 1.24350e-15
 0.00000e+00
 0.00000e+00
 5.25768e-15
 7.33609e-15
 6.28969e-15
 6.50225e-15
 0.00000e+00
 0.00000e+00
-6.20836e-15
-6.37485e-15
-3.89005e-15
-7.83845e-15
 0.00000e+00
 0.00000e+00
 8.98924e-16
-5.06699e-16
 1.47992e-15
-1.18729e-15
 0.00000e+00
 0.00000e+00
 1.62085e-15
-1.68005e-15
 1.97978e-15
 1.85506e-15
 0.00000e+00
 0.00000e+00
 1.90705e-15
-2.05236e-16
 3.96508e-15
-3.68227e-15
 0.00000e+00
 0.00000e+00
 2.74050e-16
 2.50700e-15
-4.50041e-15
-3.71917e-16
 0.00000e+00
 0.00000e+00
 2.41790e-15
 2.44957e-15
-1.41810e-15
-1.81194e-15
 0.00000e+00
 0.00000e+00
 3.72059e-15
-2.03757e-15
 2.19444e-15
-4.36602e-15
 0.00000e+00
 0.00000e+00
 2.94280e-16
-2.94564e-16
-1.73154e-15
 3.39700e-15
 0.00000e+00
 0.00000e+00
-1.30908e-16
-4.48791e-17
-1.05953e-15
 2.07407e-15
 0.00000e+00
 0.00000e+00
-1.22631e-15
-8.12351e-16
 2.06782e-16
-3.59233e-17
 0.00000e+00
 0.00000e+00
-4.79988e-16
-1.00326e-15
-1.13168e-16
 4.44891e-16
 0.00000e+00
 0.00000e+00
 2.75104e-15
 1.69988e-15
 2.96828e-15
 1.36406e-15
 0.00000e+00
 0.00000e+00
-4.13550e-15
-4.00930e-15
-3.10275e-15
-3.63976e-15
 0.00000e+00
 0.00000e+00
 3.01263e-15
 1.66247e-15
 1.26291e-15
 6.30814e-16
 0.00000e+00
 0.00000e+00
-7.79843e-17
-4.60719e-16
-6.33514e-16
 3.70004e-16
 0.00000e+00
 0.00000e+00
 5.25184e-15
 4.31405e-15
 4.76161e-15
 3.43783e-15
 0.00000e+00
 0.00000e+00
-4.62513e-15
-4.52902e-15
-5.66930e-15
-3.33535e-15
 0.00000e+00
 0.00000e+00
 4.25047e-15
 5.44136e-15
 3.98657e-15
 1.62991e-15
 0.00000e+00
 0.00000e+00
-3.78406e-15
-3.84047e-15
-2.22811e-15
-2.14083e-15
 0.00000e+00
 0.00000e+00
-3.05992e-16
 3.53196e-16
 1.93610e-15
 5.98153e-16
 0.00000e+00
 0.00000e+00
-4.41406e-16
-4.65797e-16
 6.88050e-16
-2.74880e-16
 0.00000e+00
 0.00000e+00
-1.96218e-15
 1.01587e-15
 3.96565e-16
-5.87024e-16
 0.00000e+00
 0.00000e+00
-1.24649e-15
 1.46728e-15
 1.43097e-15
 9.57202e-16
 0.00000e+00
 0.00000e+00
-7.61294e-16
-8.13258e-16
 2.47530e-16
-1.07291e-15
 0.00000e+00
 0.00000e+00
 7.74895e-15
 5.55219e-15
 7.53206e-15
 6.22221e-15
 0.00000e+00
 0.00000e+00
-5.10874e-15
-7.78349e-15
-6.36143e-15
-6.04887e-15
 0.00000e+00
 0.00000e+00
 1.12658e-16
-1.53209e-15
-8.29361e-16
 2.26397e-15
 0.00000e+00
 0.00000e+00
 7.02548e-15
 4.71611e-15
 9.01916e-15
 5.29163e-15
 0.00000e+00
 0.00000e+00
-7.42832e-15
-5.01017e-15
-6.42013e-15
-6.62248e-15
 0.00000e+00
 0.00000e+00
 4.56639e-16
-6.15852e-16
 9.37155e-16
-1.30266e-15
 0.00000e+00
 0.00000e+00
 1.85359e-15
-1.34460e-15
 5.24263e-16
 9.37095e-16
 0.00000e+00
 0.00000e+00
 2.29887e-15
-1.02107e-15
 1.54622e-15
-9.52173e-16
 0.00000e+00
 0.00000e+00
 2.08149e-15
-1.91070e-15
-1.59091e-15
 8.55686e-16
 0.00000e+00
 0.00000e+00
 1.20536e-15
 1.91251e-15
-1.45079e-15
 1.85854e-16
 0.00000e+00
 0.00000e+00
 1.96636e-15
-3.32750e-15
-5.74440e-16
-1.83826e-15
 0.00000e+00
 0.00000e+00
-8.68522e-16
 7.15694e-16
-1.46323e-15
 1.84491e-15
 0.00000e+00
 0.00000e+00
-1.75376e-16
 1.16754e-16
-1.45600e-15
 1.56874e-15
 0.00000e+00
 0.00000e+00
-7.45092e-16
-1.37573e-15
-8.04687e-16
 1.84281e-16
 0.00000e+00
 0.00000e+00
-8.94420e-16
-1.54059e-15
-5.64255e-16
 3.57779e-18
 0.00000e+00
 0.00000e+00
 2.50046e-15
 1.69779e-15
 2.08611e-15
 1.03853e-15
 0.00000e+00
 0.00000e+00
-4.69888e-15
-3.91828e-15
-3.25063e-15
-2.96257e-15
 0.00000e+00
 0.00000e+00
 2.39646e-15
 1.93317e-15
 5.74582e-16
 1.00296e-15
 0.00000e+00
 0.00000e+00
-1.33213e-15
-4.69345e-16
-9.52465e-16
 6.18490e-16
 0.00000e+00
 0.00000e+00
 2.94003e-15
 3.39088e-15
 3.50223e-15
 3.14119e-15
 0.00000e+00
 0.00000e+00
-4.58198e-15
-4.98268e-15
-5.71602e-15
-3.34999e-15
 0.00000e+00
 0.00000e+00
 3.90221e-15
 4.68820e-15
 3.96574e-15
 2.74561e-15
 0.00000e+00
 0.00000e+00
-5.16890e-15
-5.03395e-15
-3.99562e-15
-1.22665e-15
 0.00000e+00
 0.00000e+00
 1.60342e-16
 5.61336e-17
 1.27932e-15
 4.62644e-16
 0.00000e+00
 0.00000e+00
-1.27809e-16
 8.25511e-16
 7.76772e-17
-9.49346e-16
 0.00000e+00
 0.00000e+00
-1.27487e-15
 7.12470e-16
-9.25288e-16
-6.02153e-16
 0.00000e+00
 0.00000e+00
-2.30298e-15
-3.78928e-16
 6.45534e-16
-1.85920e-15
 0.00000e+00
 0.00000e+00
-4.34532e-16
-1.59051e-15
 1.18731e-15
-1.03094e-15
 0.00000e+00
 0.00000e+00
 6.86050e-15
 4.80570e-15
 9.33417e-15
 4.13760e-15
 0.00000e+00
 0.00000e+00
-8.83064e-15
-4.52481e-15
-7.29484e-15
-6.83439e-15
 0.00000e+00
 0.00000e+00
-9.23476e-16
-1.12699e-16
-6.26979e-16
 3.04832e-15
 0.00000e+00
 0.00000e+00
 8.81060e-15
 2.02359e-15
 1.13149e-14
 3.19256e-15
 0.00000e+00
 0.00000e+00
-7.52090e-15
-3.95857e-15
-8.77102e-15
-6.08042e-15
 0.00000e+00
 0.00000e+00
-2.05102e-15
 1.76991e-15
-1.08111e-15
-3.57085e-16
 0.00000e+00
 0.00000e+00
 1.61603e-15
-4.60978e-15
 2.38839e-15
-1.44539e-15
 0.00000e+00
 0.00000e+00
 1.50301e-16
-2.33978e-15
 2.65851e-15
-3.42081e-16
 0.00000e+00
 0.00000e+00
-1.76730e-15
-1.49427e-15
 7.78117e-16
 1.07945e-15
 0.00000e+00
 0.00000e+00
-2.19163e-15
 2.90082e-16
 1.32240e-15
 1.15104e-16
 0.00000e+00
 0.00000e+00
-3.87483e-15
-1.90236e-15
-3.54503e-15
 1.89979e-16
 0.00000e+00
 0.00000e+00
-5.31328e-17
 1.98315e-15
-5.77442e-16
 3.70657e-15
 0.00000e+00
 0.00000e+00
 2.41204e-15
 5.96397e-16
 3.08694e-16
 2.69730e-15
 0.00000e+00
 0.00000e+00
 1.34341e-15
-1.48347e-16
 1.59119e-15
 7.98706e-16
 0.00000e+00
 0.00000e+00
 1.52963e-15
 1.34750e-15
-7.82396e-17
 1.95676e-15
 0.00000e+00
 0.00000e+00
 2.76883e-15
 3.07116e-15
 2.38822e-15
 2.58933e-15
 0.00000e+00
 0.00000e+00
-3.54196e-15
-3.55973e-15
-2.99375e-15
-3.28543e-15
 0.00000e+00
 0.00000e+00
 3.73325e-15
 2.52275e-15
 1.98165e-15
 2.10585e-15
 0.00000e+00
 0.00000e+00
-6.76784e-16
 1.43777e-15
 6.56195e-16
 1.49255e-15
 0.00000e+00
 0.00000e+00
 4.27113e-15
 4.86300e-15
 6.46329e-15
 3.78968e-15
 0.00000e+00
 0.00000e+00
-3.62837e-15
-3.88918e-15
-4.42562e-15
-2.55277e-15
 0.00000e+00
 0.00000e+00
 5.85148e-15
 4.93907e-15
 4.92712e-15
 2.96387e-15
 0.00000e+00
 0.00000e+00
-5.00728e-15
-2.51297e-15
-4.52880e-15
-3.35996e-16
 0.00000e+00
 0.00000e+00
-1.80035e-16
 2.46785e-15
 9.71981e-16
 1.19180e-15
 0.00000e+00
 0.00000e+00
 2.28385e-15
 1.07380e-15
 1.56757e-15
 1.02576e-15
 0.00000e+00
 0.00000e+00
 2.32136e-15
-6.42440e-17
 1.28890e-15
 9.16487e-17
 0.00000e+00
 0.00000e+00
 1.67672e-15
 1.85660e-15
 2.69271e-15
-9.23940e-16
 0.00000e+00
 0.00000e+00
-1.29005e-15
 1.72237e-15
-1.51832e-15
 1.88985e-15
 0.00000e+00
 0.00000e+00
 6.84463e-15
 5.41808e-15
 8.78139e-15
 5.93164e-15
 0.00000e+00
 0.00000e+00
-6.78115e-15
-6.51324e-15
-3.81130e-15
-8.57843e-15
 0.00000e+00
 0.00000e+00
-1.29182e-15
 1.83048e-15
-1.90114e-15
 1.47108e-15
 0.00000e+00
 0.00000e+00
 6.98213e-15
 6.78457e-15
 6.31297e-15
 8.11124e-15
 0.00000e+00
 0.00000e+00
-5.58608e-15
-5.76643e-15
-5.56888e-15
-5.92374e-15
 0.00000e+00
 0.00000e+00
 9.12084e-16
 1.49924e-16
 2.19275e-15
-3.27151e-15
 0.00000e+00
 0.00000e+00
 1.70826e-15
-2.38616e-15
 3.10182e-15
-5.05855e-16
 0.00000e+00
 0.00000e+00
 3.08489e-16
 2.15493e-18
 3.42099e-15
-2.84380e-16
 0.00000e+00
 0.00000e+00
 7.37138e-16
-8.61521e-16
 1.22912e-15
 2.73751e-15
 0.00000e+00
 0.00000e+00
-1.86808e-15
 4.93442e-16
 1.17094e-15
 1.35425e-15
 0.00000e+00
 0.00000e+00
-3.88754e-15
 9.05048e-16
-2.79142e-15
 1.65054e-15
 0.00000e+00
 0.00000e+00
-2.48816e-15
-3.07555e-15
-3.85681e-15
 6.04102e-16
 0.00000e+00
 0.00000e+00
-1.87979e-15
-3.09201e-15
-2.70354e-15
-1.05705e-15
 0.00000e+00
 0.00000e+00
-3.75218e-15
-2.12971e-15
-2.21319e-15
-2.39290e-15
 0.00000e+00
 0.00000e+00
-2.31244e-15
-1.79519e-15
-2.39498e-15
-2.46403e-16
 0.00000e+00
 0.00000e+00
-9.02671e-16
-5.48902e-16
-2.52600e-16
-1.45638e-16
 0.00000e+00
 0.00000e+00
-7.01661e-15
-5.38802e-15
-5.95236e-15
-4.25505e-15
 0.00000e+00
 0.00000e+00
-2.10479e-16
-1.19044e-15
-1.64891e-15
 1.33192e-16
 0.00000e+00
 0.00000e+00
-3.25027e-15
-3.01175e-15
-1.84166e-15
-1.35803e-15
 0.00000e+00
 0.00000e+00
 5.00141e-16
 1.79452e-15
 1.87218e-15
 1.86372e-15
 0.00000e+00
 0.00000e+00
-7.60117e-15
-6.12987e-15
-7.99111e-15
-4.82316e-15
 0.00000e+00
 0.00000e+00
 1.57050e-15
 2.20813e-15
 2.57202e-15
-5.54355e-17
 0.00000e+00
 0.00000e+00
-7.68593e-15
-6.73910e-15
-7.48637e-15
-3.79469e-15
 0.00000e+00
 0.00000e+00
-2.27953e-15
-1.98924e-15
-2.14421e-15
-8.53870e-17
 0.00000e+00
 0.00000e+00
-2.51129e-15
-1.47804e-15
-3.35280e-15
 1.44560e-16
 0.00000e+00
 0.00000e+00
-3.45977e-15
-1.79493e-15
-3.32160e-15
-1.13701e-15
 0.00000e+00
 0.00000e+00
-1.72465e-15
-1.63960e-15
-1.75572e-15
-7.94881e-16
 0.00000e+00
 0.00000e+00
-3.02025e-15
-2.33709e-15
-2.46705e-15
 5.42555e-17
 0.00000e+00
 0.00000e+00
 5.55809e-15
 3.92613e-15
 5.34591e-15
 7.79240e-15
 0.00000e+00
 0.00000e+00
-8.52230e-15
-9.75931e-15
-8.21004e-15
-8.69912e-15
 0.00000e+00
 0.00000e+00
-2.14753e-15
-2.65956e-15
-1.30289e-15
-1.73804e-15
 0.00000e+00
 0.00000e+00
 3.53856e-15
 6.78340e-15
 3.43731e-15
 7.87693e-15
 0.00000e+00
 0.00000e+00
-8.78458e-15
-8.24304e-15
-8.35779e-15
-6.69770e-15
 0.00000e+00
 0.00000e+00
-1.13872e-15
-3.99556e-15
-1.08841e-15
-4.50290e-15
 0.00000e+00
 0.00000e+00
-2.84159e-15
-1.06148e-15
-3.72721e-15
-6.92939e-16
 0.00000e+00
 0.00000e+00
-2.00572e-15
-2.39582e-15
-2.59966e-15
-8.16269e-16
 0.00000e+00
 0.00000e+00
-1.33930e-15
-4.92375e-15
-4.24982e-15
-1.74446e-15
 0.00000e+00
 0.00000e+00
-4.77995e-15
-3.05948e-15
-5.79826e-15
-7.43025e-16
 0.00000e+00
 0.00000e+00
-6.85018e-15
-3.86516e-15
-5.85729e-15
-3.03606e-15
 0.00000e+00
 0.00000e+00
 4.13644e-15
 4.37068e-15
 5.13066e-15
 5.63174e-15
 0.00000e+00
 0.00000e+00
 3.55610e-15
 4.91267e-15
 4.14837e-15
 6.14708e-15
 0.00000e+00
 0.00000e+00
 2.97255e-15
 5.30683e-15
 5.03841e-15
 5.12316e-15
 0.00000e+00
 0.00000e+00
 3.33418e-15
 4.09100e-15
 5.64922e-15
 5.14028e-15
 0.00000e+00
 0.00000e+00
 5.03517e-15
 4.84278e-15
 7.29010e-15
 4.29427e-15
 0.00000e+00
 0.00000e+00
 1.03360e-16
 1.45291e-15
 2.13849e-15
 3.11202e-15
 0.00000e+00
 0.00000e+00
 6.68745e-15
 5.75891e-15
 3.79764e-15
 5.89149e-15
 0.00000e+00
 0.00000e+00
 3.99840e-15
 4.55947e-15
 4.99573e-15
 5.10689e-15
 0.00000e+00
 0.00000e+00
 6.73850e-15
 9.06193e-15
 7.48774e-15
 9.37254e-15
 0.00000e+00
 0.00000e+00
-2.05181e-15
-1.50601e-16
-2.76672e-16
-3.11099e-16
 0.00000e+00
 0.00000e+00
 5.72269e-15
 9.47512e-15
 8.96097e-15
 6.15227e-15
 0.00000e+00
 0.00000e+00
-1.19734e-15
 2.48691e-15
-3.21523e-16
 2.94666e-15
 0.00000e+00
 0.00000e+00
 5.96560e-15
 3.72750e-15
 8.35337e-15
 4.60112e-15
 0.00000e+00
 0.00000e+00
 4.85447e-15
 7.20127e-15
 6.09353e-15
 5.75264e-15
 0.00000e+00
 0.00000e+00
 4.02336e-15
 7.59229e-15
 4.85899e-15
 6.14770e-15
 0.00000e+00
 0.00000e+00
 3.37805e-15
 4.62812e-15
 5.44007e-15
 5.57450e-15
 0.00000e+00
 0.00000e+00
 4.51398e-15
 9.51132e-16
 4.09899e-15
 6.06515e-15
 0.00000e+00
 0.00000e+00
 1.09485e-14
 8.01321e-15
 1.06349e-14
 1.40451e-14
 0.00000e+00
 0.00000e+00
-5.47990e-15
 4.79736e-16
-2.07024e-15
-9.68106e-16
 0.00000e+00
 0.00000e+00
 2.44632e-15
 1.23562e-15
 5.76619e-15
 4.91963e-15
 0.00000e+00
 0.00000e+00
 8.77110e-15
 8.45565e-15
 1.19738e-14
 9.12791e-15
 0.00000e+00
 0.00000e+00
-2.77878e-15
-9.88283e-17
-2.97997e-15
 1.18562e-15
 0.00000e+00
 0.00000e+00
 3.82504e-15
 6.09334e-15
 8.19489e-16
 9.23365e-15
 0.00000e+00
 0.00000e+00
 5.51959e-15
 4.09265e-15
 1.52655e-15
 7.10248e-15
 0.00000e+00
 0.00000e+00
 6.75933e-15
 2.51669e-15
 5.26744e-15
 6.41401e-15
 0.00000e+00
 0.00000e+00
 2.16322e-15
 6.33528e-15
 4.84196e-16
 3.67028e-15
 0.00000e+00
 0.00000e+00
 3.78549e-15
 3.15813e-15
 1.40874e-16
 6.61417e-15
 0.00000e+00
 0.00000e+00
 1.04054e-15
 3.39738e-15
-3.82679e-16
 1.77269e-15
 0.00000e+00
 0.00000e+00
 0.00000e+00
 0.00000e+00
 0.00000e+00
 0.00000e+00
 0.00000e+00
-9.33499e-17
 6.58024e-16
-3.39491e-16
 1.92578e-15
-4.31794e-15
 7.56670e-15
 1.18527e-15
-1.64890e-15
-1.63844e-15
 2.39091e-15
-3.80297e-15
 8.12816e-15
-1.01106e-15
-3.68271e-15
-1.03886e-15
 1.32926e-15
-5.54426e-15
 1.15436e-14
-4.67857e-16
 1.90681e-15
-9.09676e-17
-1.41166e-15
-3.59478e-15
 1.04392e-14
-1.12310e-15
-2.68882e-15
-1.62714e-15
 7.13223e-16
-4.53271e-15
 6.73558e-15
-1.90521e-15
 4.11479e-16
-2.19002e-15
 1.02953e-15
-4.15638e-15
 9.69258e-15
 1.46308e-16
-4.05055e-15
-1.43125e-15
 3.90231e-15
-5.82976e-15
 1.21364e-14
 7.45643e-16
 3.40104e-15
 1.55237e-16
-9.99207e-16
-1.34967e-15
 1.23516e-14
 5.65320e-15
 4.14330e-15
 6.30743e-15
 7.06855e-15
 5.01654e-15
 1.34007e-14
 4.86354e-14
 4.85143e-14
 4.74677e-14
 5.05514e-14
 4.56232e-14
 6.35763e-14
 5.43599e-13
 5.40547e-13
 5.41577e-13
 5.42533e-13
 5.36493e-13
 5.49063e-13
 5.45890e-12
 5.46117e-12
 5.45659e-12
 5.46181e-12
 5.45659e-12
 5.46703e-12
 5.10445e-11
 5.10445e-11
 5.10470e-11
 5.10466e-11
 5.10382e-11
 5.10582e-11
 4.41656e-10
 4.41654e-10
 4.41651e-10
 4.41655e-10
 4.41650e-10
 4.41662e-10
 3.52386e-09
 3.52386e-09
 3.52386e-09
 3.52387e-09
 3.52386e-09
 3.52387e-09
 2.58372e-08
 2.58372e-08
 2.58372e-08
 2.58372e-08
 2.58372e-08
 2.58372e-08
 1.73377e-07
 1.73377e-07
 1.73377e-07
 1.73377e-07
 1.73377e-07
 1.73377e-07
 1.05972e-06
 1.05972e-06
 1.05972e-06
 1.05972e-06
 1.05972e-06
 1.05972e-06
 5.86696e-06
 5.86696e-06
 5.86696e-06
 5.86696e-06
 5.86696e-06
 5.86696e-06
 2.92234e-05
 2.92234e-05
 2.92234e-05
 2.92234e-05
 2.92234e-05
 2.92234e-05
 1.29891e-04
 1.29891e-04
 1.29891e-04
 1.29891e-04
 1.29891e-04
 1.29891e-04
 5.09995e-04
 5.09995e-04
 5.09995e-04
 5.09995e-04
 5.09995e-04
 5.09995e-04
 1.74733e-03
 1.74733e-03
 1.74733e-03
 1.74733e-03
 1.74733e-03
 1.74733e-03
 5.15283e-03
 5.15283e-03
 5.15283e-03
 5.15283e-03
 5.15283e-03
 5.15283e-03
 1.29183e-02
 1.29183e-02
 1.29183e-02
 1.29183e-02
 1.29183e-02
 1.29183e-02
 2.73904e-02
 2.73904e-02
 2.73904e-02
 2.73904e-02
 2.73904e-02
 2.73904e-02
 4.95432e-02
 4.95432e-02
 4.95432e-02
 4.95432e-02
 4.95432e-02
 4.95432e-02
 0.00000e+00
 0.00000e+00
 0.00000e+00
 0.00000e+00
 0.00000e+00
 0.00000e+00
 1.40419e-15
-5.98522e-16
-1.71130e-15
 4.09475e-15
-5.36263e-15
 6.78643e-15
 2.22912e-16
-7.77738e-16
-9.48503e-16
 2.05742e-15
-6.01441e-15
 9.30337e-15
 2.30148e-15
-1.07793e-15
-2.45655e-15
 2.06508e-15
-6.08759e-15
 8.65934e-15
-2.53837e-15
-1.74043e-15
-1.10064e-15
 9.70389e-16
-5.17566e-15
 9.12611e-15
 7.99389e-16
-1.28883e-15
-4.99779e-16
 8.91358e-16
-3.83582e-15
 6.53185e-15
-2.14335e-15
 1.14461e-16
-3.23815e-15
 8.22652e-16
-5.87319e-15
 8.58908e-15
 2.90755e-15
-2.69564e-15
-1.97488e-15
 3.72807e-15
-6.07175e-15
 1.08399e-14
 2.08252e-16
 2.55578e-15
 8.75179e-16
 9.69331e-16
-1.99716e-15
 1.08379e-14
 5.91133e-15
 2.04496e-15
 3.66541e-15
 5.41253e-15
 2.94395e-15
 1.35052e-14
 4.52032e-14
 4.83380e-14
 4.79070e-14
 5.32533e-14
 4.63662e-14
 5.91478e-14
 5.43788e-13
 5.42209e-13
 5.41883e-13
 5.42196e-13
 5.37203e-13
 5.51669e-13
 5.45970e-12
 5.45750e-12
 5.45649e-12
 5.46152e-12
 5.45333e-12
 5.46777e-12
 5.10472e-11
 5.10458e-11
 5.10465e-11
 5.10476e-11
 5.10393e-11
 5.10525e-11
 4.41658e-10
 4.41653e-10
 4.41652e-10
 4.41657e-10
 4.41651e-10
 4.41667e-10
 3.52386e-09
 3.52386e-09
 3.52386e-09
 3.52386e-09
 3.52386e-09
 3.52387e-09
 2.58372e-08
 2.58372e-08
 2.58372e-08
 2.58372e-08
 2.58372e-08
 2.58372e-08
 1.73377e-07
 1.73377e-07
 1.73377e-07
 1.73377e-07
 1.73377e-07
 1.73377e-07
 1.05972e-06
 1.05972e-06
 1.05972e-06
 1.05972e-06
 1.05972e-06
 1.05972e-06
 5.86696e-06
 5.86696e-06
 5.86696e-06
 5.86696e-06
 5.86696e-06
 5.86696e-06
 2.92234e-05
 2.92234e-05
 2.92234e-05
 2.92234e-05
 2.92234e-05
 2.92234e-05
 1.29891e-04
 1.29891e-04
 1.29891e-04
 1.29891e-04
 1.29891e-04
 1.29891e-04
 5.09995e-04
 5.09995e-04
 5.09995e-04
 5.09995e-04
 5.09995e-04
 5.09995e-04
 1.74733e-03
 1.74733e-03
 1.74733e-03
 1.74733e-03
 1.74733e-03
 1.74733e-03
 5.15283e-03
 5.15283e-03
 5.15283e-03
 5.15283e-03
 5.15283e-03
 5.15283e-03
 1.29183e-02
 1.29183e-02
 1.29183e-02
 1.29183e-02
 1.29183e-02
 1.29183e-02
 2.73904e-02
 2.73904e-02
 2.73904e-02
 2.73904e-02
 2.73904e-02
 2.73904e-02
 4.95432e-02
 4.95432e-02
 4.95432e-02
 4.95432e-02
 4.95432e-02
 4.95432e-02
 0.00000e+00
 0.00000e+00
 0.00000e+00
 0.00000e+00
 0.00000e+00
 0.00000e+00
 7.99316e-16
-6.73881e-16
 1.19684e-16
 1.79859e-15
-5.82886e-15
 9.59031e-15
 4.62596e-16
-1.46623e-15
-1.13096e-15
 2.21476e-15
-5.14575e-15
 7.77456e-15
 5.93735e-17
-1.38508e-15
-1.17083e-15
 2.70622e-15
-5.75034e-15
 1.05343e-14
-1.78058e-15
-1.20287e-15
-1.41018e-15
 1.50148e-15
-3.58291e-15
 1.04435e-14
-1.31771e-15
-1.42286e-15
-1.42764e-15
-1.45503e-15
-5.54752e-15
 8.78128e-15
 2.17599e-15
 7.58638e-16
-2.52496e-15
 2.76022e-15
-4.45764e-15
 8.57885e-15
 1.79165e-15
-8.32497e-16
-1.33943e-15
 1.68225e-15
-6.12508e-15
 1.30461e-14
-2.56907e-15
-1.07351e-15
-8.04600e-16
-3.38337e-19
-2.76514e-15
 9.67228e-15
 1.21791e-15
 2.85424e-15
 3.48556e-15
 4.40847e-15
 5.29771e-16
 1.51949e-14
 5.12220e-14
 4.89660e-14
 4.86957e-14
 5.20758e-14
 4.69061e-14
 6.04016e-14
 5.38859e-13
 5.41023e-13
 5.40391e-13
 5.40219e-13
 5.36030e-13
 5.52416e-13
 5.45895e-12
 5.45648e-12
 5.45692e-12
 5.46409e-12
 5.45459e-12
 5.46610e-12
 5.10483e-11
 5.10476e-11
 5.10481e-11
 5.10458e-11
 5.10387e-11
 5.10543e-11
 4.41656e-10
 4.41653e-10
 4.41652e-10
 4.41658e-10
 4.41651e-10
 4.41664e-10
 3.52386e-09
 3.52386e-09
 3.52386e-09
 3.52386e-09
 3.52386e-09
 3.52387e-09
 2.58372e-08
 2.58372e-08
 2.58372e-08
 2.58372e-08
 2.58372e-08
 2.58372e-08
 1.73377e-07
 1.73377e-07
 1.73377e-07
 1.73377e-07
 1.73377e-07
 1.73377e-07
 1.05972e-06
 1.05972e-06
 1.05972e-06
 1.05972e-06
 1.05972e-06
 1.05972e-06
 5.86696e-06
 5.86696e-06
 5.86696e-06
 5.86696e-06
 5.86696e-06
 5.86696e-06
 2.92234e-05
 2.92234e-05
 2.92234e-05
 2.92234e-05
 2.92234e-05
 2.92234e-05
 1.29891e-04
 1.29891e-04
 1.29891e-04
 1.29891e-04
 1.29891e-04
 1.29891e-04
 5.09995e-04
 5.09995e-04
 5.09995e-04
 5.09995e-04
 5.09995e-04
 5.09995e-04
 1.74733e-03
 1.74733e-03
 1.74733e-03
 1.74733e-03
 1.74733e-03
 1.74733e-03
 5.15283e-03
 5.15283e-03
 5.15283e-03
 5.15283e-03
 5.15283e-03
 5.15283e-03
 1.29183e-02
 1.29183e-02
 1.29183e-02
 1.29183e-02
 1.29183e-02
 1.29183e-02
 2.73904e-02
 2.73904e-02
 2.73904e-02
 2.73904e-02
 2.73904e-02
 2.73904e-02
 4.95432e-02
 4.95432e-02
 4.95432e-02
 4.95432e-02
 4.95432e-02
 4.95432e-02
 0.00000e+00
 0.00000e+00
 0.00000e+00
 0.00000e+00
 0.00000e+00
 0.00000e+00
-1.56434e-15
 1.34986e-15
-1.12838e-15
 1.68160e-15
-4.58338e-15
 7.57275e-15
 1.28123e-15
-2.52306e-15
-1.84398e-15
 2.37996e-15
-5.53474e-15
 8.45167e-15
-1.17097e-15
-9.96150e-16
-6.43007e-16
 2.45712e-15
-5.54412e-15
 9.17665e-15
-7.95477e-16
-1.22971e-15
-2.32836e-15
-6.75210e-16
-5.29588e-15
 8.23860e-15
-6.35431e-16
 5.28925e-16
-1.35072e-15
-1.82946e-16
-1.44298e-15
 7.37847e-15
 1.73538e-15
-9.44062e-16
-3.29097e-15
 1.99932e-15
-7.71368e-15
 8.30277e-15
 1.69302e-15
-5.35900e-16
-2.55901e-15
 2.59271e-15
-6.29787e-15
 9.91536e-15
-2.02580e-15
-1.07946e-15
-8.01993e-16
-1.89081e-16
-3.11209e-15
 1.03339e-14
 2.33978e-15
 3.15121e-15
 4.43071e-15
 4.81856e-15
 2.38592e-15
 1.47970e-14
 5.17750e-14
 5.00184e-14
 4.79848e-14
 5.08122e-14
 4.44805e-14
 5.72918e-14
 5.44394e-13
 5.41742e-13
 5.41135e-13
 5.44475e-13
 5.40131e-13
 5.49862e-13
 5.45449e-12
 5.45677e-12
 5.45723e-12
 5.46036e-12
 5.45092e-12
 5.46484e-12
 5.10489e-11
 5.10481e-11
 5.10468e-11
 5.10469e-11
 5.10408e-11
 5.10563e-11
 4.41656e-10
 4.41657e-10
 4.41655e-10
 4.41659e-10
 4.41651e-10
 4.41660e-10
 3.52386e-09
 3.52386e-09
 3.52386e-09
 3.52386e-09
 3.52385e-09
 3.52387e-09
 2.58372e-08
 2.58372e-08
 2.58372e-08
 2.58372e-08
 2.58372e-08
 2.58372e-08
 1.73377e-07
 1.73377e-07
 1.73377e-07
 1.73377e-07
 1.73377e-07
 1.73377e-07
 1.05972e-06
 1.05972e-06
 1.05972e-06
 1.05972e-06
 1.05972e-06
 1.05972e-06
 5.86696e-06
 5.86696e-06
 5.86696e-06
 5.86696e-06
 5.86696e-06
 5.86696e-06
 2.92234e-05
 2.92234e-05
 2.92234e-05
 2.92234e-05
 2.92234e-05
 2.92234e-05
 1.29891e-04
 1.29891e-04
 1.29891e-04
 1.29891e-04
 1.29891e-04
 1.29891e-04
 5.09995e-04
 5.09995e-04
 5.09995e-04
 5.09995e-04
 5.09995e-04
 5.09995e-04
 1.74733e-03
 1.74733e-03
 1.74733e-03
 1.74733e-03
 1.74733e-03
 1.74733e-03
 5.15283e-03
 5.15283e-03
 5.15283e-03
 5.15283e-03
 5.15283e-03
 5.15283e-03
 1.29183e-02
 1.29183e-02
 1.29183e-02
 1.29183e-02
 1.29183e-02
 1.29183e-02
 2.73904e-02
 2.73904e-02
 2.73904e-02
 2.73904e-02
 2.73904e-02
 2.73904e-02
 4.95432e-02
 4.95432e-02
 4.95432e-02
 4.95432e-02
 4.95432e-02
 4.95432e-02
 0.00000e+00
 0.00000e+00
 0.00000e+00
 0.00000e+00
 0.00000e+00
 0.00000e+00
-4.08571e-17
-2.03696e-16
-1.06398e-15
 1.16486e-15
-3.67690e-15
 5.79022e-15
-1.13618e-16
-2.00331e-15
 3.63819e-16
 8.12571e-17
-5.03551e-15
 1.11155e-14
-1.92839e-15
-8.80348e-16
-1.33831e-15
 8.07003e-16
-3.67518e-15
 7.39995e-15
 3.23941e-16
-1.61562e-15
-4.90051e-16
 7.72157e-16
-4.58436e-15
 8.06707e-15
-3.29982e-15
-1.18692e-15
-3.58500e-15
 4.86509e-16
-5.01115e-15
 6.71314e-15
 1.37093e-15
 6.38326e-16
-7.61238e-16
 1.30377e-15
-4.79410e-15
 9.50324e-15
 3.11189e-15
 9.77047e-16
-8.37738e-16
 2.54806e-15
-5.76492e-15
 7.47827e-15
 8.63509e-17
-2.42580e-17
 5.52681e-16
 9.59999e-16
-2.57168e-15
 9.74746e-15
 7.54833e-16
 2.85616e-15
 2.54789e-15
 4.21310e-15
 4.74339e-16
 1.11538e-14
 4.81402e-14
 4.83651e-14
 4.99090e-14
 5.11323e-14
 4.79412e-14
 5.71388e-14
 5.41205e-13
 5.40656e-13
 5.40607e-13
 5.41872e-13
 5.35602e-13
 5.49005e-13
 5.45730e-12
 5.45732e-12
 5.45847e-12
 5.45837e-12
 5.45196e-12
 5.46800e-12
 5.10496e-11
 5.10466e-11
 5.10467e-11
 5.10490e-11
 5.10421e-11
 5.10532e-11
 4.41657e-10
 4.41657e-10
 4.41656e-10
 4.41656e-10
 4.41650e-10
 4.41664e-10
 3.52386e-09
 3.52386e-09
 3.52386e-09
 3.52386e-09
 3.52386e-09
 3.52387e-09
 2.58372e-08
 2.58372e-08
 2.58372e-08
 2.58372e-08
 2.58372e-08
 2.58372e-08
 1.73377e-07
 1.73377e-07
 1.73377e-07
 1.73377e-07
 1.73377e-07
 1.73377e-07
 1.05972e-06
 1.05972e-06
 1.05972e-06
 1.05972e-06
 1.05972e-06
 1.05972e-06
 5.86696e-06
 5.86696e-06
 5.86696e-06
 5.86696e-06
 5.86696e-06
 5.86696e-06
 2.92234e-05
 2.92234e-05
 2.92234e-05
 2.92234e-05
 2.92234e-05
 2.92234e-05
 1.29891e-04
 1.29891e-04
 1.29891e-04
 1.29891e-04
 1.29891e-04
 1.29891e-04
 5.09995e-04
 5.09995e-04
 5.09995e-04
 5.09995e-04
 5.09995e-04
 5.09995e-04
 1.74733e-03
 1.74733e-03
 1.74733e-03
 1.74733e-03
 1.74733e-03
 1.74733e-03
 5.15283e-03
 5.15283e-03
 5.15283e-03
 5.15283e-03
 5.15283e-03
 5.15283e-03
 1.29183e-02
 1.29183e-02
 1.29183e-02
 1.29183e-02
 1.29183e-02
 1.29183e-02
 2.73904e-02
 2.73904e-02
 2.73904e-02
 2.73904e-02
 2.73904e-02
 2.73904e-02
 4.95432e-02
 4.95432e-02
 4.95432e-02
 4.95432e-02
 4.95432e-02
 4.95432e-02
 0.00000e+00
 0.00000e+00
 0.00000e+00
 0.00000e+00
 0.00000e+00
 0.00000e+00
 1.12455e-15
 4.29006e-17
-3.84550e-16
 4.61511e-16
-4.04579e-15
 5.27596e-15
-1.37858e-15
-8.78330e-16
-4.87538e-16
 1.05955e-15
-4.37714e-15
 5.97937e-15
-4.42068e-15
-1.51202e-15
-9.43321e-16
 1.71482e-15
-4.04972e-15
 5.10222e-15
-5.43716e-16
-2.50959e-15
-8.81191e-16
 1.16333e-15
-5.27489e-15
 3.04238e-15
-1.15142e-16
 1.60163e-15
-1.05800e-15
 2.85573e-15
-7.75008e-15
 8.85067e-15
 2.47899e-15
 3.81369e-16
 6.70253e-17
 2.28425e-15
-3.29609e-15
 1.71928e-15
 2.25717e-15
 2.01252e-15
 1.35127e-15
 2.91318e-15
-4.47923e-15
 1.04421e-14
-3.25530e-16
-2.45653e-15
-2.62165e-15
-1.63564e-15
-2.50454e-15
 5.22913e-15
 2.10123e-15
 7.14272e-15
 4.43745e-15
 9.83131e-15
 4.72430e-16
 1.08616e-14
 5.15087e-14
 4.65319e-14
 5.11812e-14
 4.98085e-14
 4.58284e-14
 5.53009e-14
 5.34856e-13
 5.41597e-13
 5.39203e-13
 5.42869e-13
 5.36237e-13
 5.52040e-13
 5.46093e-12
 5.45727e-12
 5.45922e-12
 5.45877e-12
 5.45512e-12
 5.46453e-12
 5.10481e-11
 5.10446e-11
 5.10474e-11
 5.10502e-11
 5.10403e-11
 5.10529e-11
 4.41655e-10
 4.41658e-10
 4.41656e-10
 4.41655e-10
 4.41650e-10
 4.41661e-10
 3.52386e-09
 3.52386e-09
 3.52386e-09
 3.52386e-09
 3.52386e-09
 3.52387e-09
 2.58372e-08
 2.58372e-08
 2.58372e-08
 2.58372e-08
 2.58372e-08
 2.58372e-08
 1.73377e-07
 1.73377e-07
 1.73377e-07
 1.73377e-07
 1.73377e-07
 1.73377e-07
 1.05972e-06
 1.05972e-06
 1.05972e-06
 1.05972e-06
 1.05972e-06
 1.05972e-06
 5.86696e-06
 5.86696e-06
 5.86696e-06
 5.86696e-06
 5.86696e-06
 5.86696e-06
 2.92234e-05
 2.92234e-05
 2.92234e-05
 2.92234e-05
 2.92234e-05
 2.92234e-05
 1.29891e-04
 1.29891e-04
 1.29891e-04
 1.29891e-04
 1.29891e-04
 1.29891e-04
 5.09995e-04
 5.09995e-04
 5.09995e-04
 5.09995e-04
 5.09995e-04
 5.09995e-04
 1.74733e-03
 1.74733e-03
 1.74733e-03
 1.74733e-03
 1.74733e-03
 1.74733e-03
 5.15283e-03
 5.15283e-03
 5.15283e-03
 5.15283e-03
 5.15283e-03
 5.15283e-03
 1.29183e-02
 1.29183e-02
 1.29183e-02
 1.29183e-02
 1.29183e-02
 1.29183e-02
 2.73904e-02
 2.73904e-02
 2.73904e-02
 2.73904e-02
 2.73904e-02
 2.73904e-02
 4.95432e-02
 4.95432e-02
 4.95432e-02
 4.95432e-02
 4.95432e-02
 4.95432e-02
 0.00000e+00
 0.00000e+00
 0.00000e+00
 0.00000e+00
 0.00000e+00
 0.00000e+00
 0.00000e+00
 0.00000e+00
 0.00000e+00
 0.00000e+00
 0.00000e+00
 0.00000e+00
 0.00000e+00
 0.00000e+00
 0.00000e+00
 0.00000e+00
 0.00000e+00
 0.00000e+00
 0.00000e+00
 0.00000e+00
 0.00000e+00
 0.00000e+00
 0.00000e+00
 0.00000e+00
 0.00000e+00
 0.00000e+00
 0.00000e+00
 0.00000e+00
 0.00000e+00
 0.00000e+00
 0.00000e+00
 0.00000e+00
 0.00000e+00
 0.00000e+00
 0.00000e+00
 0.00000e+00
 0.00000e+00
 0.00000e+00
 0.00000e+00
 0.00000e+00
 0.00000e+00
 0.00000e+00
 0.00000e+00
 0.00000e+00
 0.00000e+00
 0.00000e+00
 0.00000e+00
 0.00000e+00
 0.00000e+00
 0.00000e+00
 0.00000e+00
 0.00000e+00
 0.00000e+00
 0.00000e+00
 0.00000e+00
 0.00000e+00
 0.00000e+00
 0.00000e+00
 0.00000e+00
 0.00000e+00
 0.00000e+00
 0.00000e+00
 0.00000e+00
 0.00000e+00
 0.00000e+00
 0.00000e+00
 0.00000e+00
 0.00000e+00
 0.00000e+00
 0.00000e+00
 0.00000e+00
 0.00000e+00
 0.00000e+00
 0.00000e+00
 0.00000e+00
 0.00000e+00
 0.00000e+00
 0.00000e+00
 0.00000e+00
 0.00000e+00
 0.00000e+00
 0.00000e+00
 0.00000e+00
 0.00000e+00
 0.00000e+00
 0.00000e+00
 0.00000e+00
 0.00000e+00
 0.00000e+00
 0.00000e+00
 0.00000e+00
 0.00000e+00
 0.00000e+00
 0.00000e+00
 0.00000e+00
 0.00000e+00
 0.00000e+00
 0.00000e+00
 0.00000e+00
 0.00000e+00
 0.00000e+00
 0.00000e+00
 0.00000e+00
 0.00000e+00
 0.00000e+00
 0.00000e+00
 0.00000e+00
 0.00000e+00
 0.00000e+00
 0.00000e+00
 0.00000e+00
 0.00000e+00
 0.00000e+00
 0.00000e+00
 0.00000e+00
 0.00000e+00
 0.00000e+00
 0.00000e+00
 0.00000e+00
 0.00000e+00
 0.00000e+00
 0.00000e+00
 0.00000e+00
 0.00000e+00
 0.00000e+00
 0.00000e+00
 0.00000e+00
 0.00000e+00
 0.00000e+00
 0.00000e+00
 0.00000e+00
 0.00000e+00
 0.00000e+00
 0.00000e+00
 0.00000e+00
 0.00000e+00
 0.00000e+00
 0.00000e+00
 0.00000e+00
 0.00000e+00
 0.00000e+00
 0.00000e+00
 0.00000e+00
 0.00000e+00
 0.00000e+00
 0.00000e+00
 0.00000e+00
 0.00000e+00
 0.00000e+00
 0.00000e+00
 0.00000e+00
 0.00000e+00
 0.00000e+00
 0.00000e+00
 0.00000e+00
 0.00000e+00
 0.00000e+00
 0.00000e+00
 0.00000e+00
 0.00000e+00
 0.00000e+00
 0.00000e+00
 0.00000e+00
 0.00000e+00
 0.00000e+00
 0.00000e+00
 0.00000e+00
 0.00000e+00
-9.92723e-16
 1.28047e-15
 1.18405e-16
-1.09787e-15
 2.31917e-15
-4.41843e-15
-7.92729e-16
 1.62041e-16
-2.77654e-16
-1.02100e-15
 2.91079e-15
-4.31715e-15
-5.76813e-16
-3.59359e-16
 8.26344e-16
-8.18765e-16
 2.26824e-15
-3.39376e-15
 5.31565e-16
 2.03137e-17
 1.02775e-15
-7.72934e-16
 2.52724e-15
-2.87192e-15
-2.41112e-15
-2.52081e-15
-2.43039e-15
-2.52161e-15
 1.41179e-15
-3.72332e-15
 3.62972e-15
 3.73276e-15
 4.72906e-15
 2.63597e-15
 5.07352e-15
-1.08686e-15
-1.92899e-15
-1.86147e-15
-7.03106e-16
-2.73809e-15
 2.05086e-15
-5.22423e-15
 7.14076e-16
 4.01084e-16
 7.96333e-16
-9.05149e-16
 3.57155e-15
-2.65092e-15
-4.34861e-15
-3.73539e-15
-4.17001e-15
-4.46002e-15
 6.97520e-16
-3.81182e-15
 4.67153e-15
 4.07740e-15
 4.80622e-15
 3.37525e-15
 3.71924e-15
-5.33780e-15
-4.77637e-15
-5.75702e-15
-4.71808e-15
-4.99754e-15
 1.88004e-15
-4.02976e-15
 2.41526e-15
 4.30036e-15
 4.96187e-15
 3.32579e-15
 7.49968e-15
-4.60772e-16
-2.48205e-15
-9.00493e-16
 8.50465e-16
-2.27246e-15
 8.26184e-16
-6.09761e-15
-1.23296e-15
-1.26431e-15
-4.37275e-16
-1.42950e-15
 1.76322e-15
-6.07060e-15
 1.32006e-15
-7.73713e-16
-5.08153e-16
 4.20415e-16
 2.99015e-15
-5.82628e-15
-7.31327e-17
 2.00170e-16
-1.11547e-16
-2.31092e-15
 2.55944e-15
-3.20624e-15
-5.81208e-16
 1.56160e-15
-2.98202e-16
-8.05578e-16
 5.15392e-15
-3.97162e-15
-6.69365e-15
-6.18641e-15
-6.18438e-15
-5.17433e-15
-3.51723e-15
-1.07988e-14
 6.86718e-15
 6.88983e-15
 7.15226e-15
 6.18498e-15
 6.56827e-15
 2.26167e-15
-1.65927e-17
 7.91242e-16
-1.41444e-15
-1.71419e-15
 5.04231e-15
-2.93688e-15
-8.41331e-15
-5.83618e-15
-7.67173e-15
-7.67416e-15
-3.01891e-15
-8.51851e-15
 7.78259e-15
 7.20432e-15
 7.15236e-15
 6.30704e-15
 7.54559e-15
 1.83327e-15
 4.60960e-16
 4.57170e-16
 6.09137e-16
-2.01356e-15
 1.83509e-15
-6.27254e-15
-1.25924e-16
 5.51250e-16
 2.88028e-15
-9.71555e-16
 2.04150e-15
-3.63954e-15
 5.34046e-16
 1.26591e-15
 1.62182e-15
-3.71042e-15
 3.41043e-16
-5.01922e-15
-1.81317e-15
 3.82827e-16
-6.64478e-16
-3.84017e-15
 5.29517e-15
-1.80869e-17
 3.00968e-15
 1.09920e-15
-6.87440e-16
-2.15211e-15
 4.63085e-15
-1.96613e-15
 4.99819e-15
 4.47741e-15
 3.30834e-15
-2.59623e-15
 2.30875e-15
-2.14441e-15
 1.22915e-15
-1.95650e-16
-6.07717e-16
 1.68734e-16
 2.23023e-15
-5.05412e-15
-8.49882e-16
 7.99907e-16
 9.58498e-16
-1.30101e-15
 1.71496e-15
-4.54776e-15
-4.96421e-16
 1.60392e-15
 1.36855e-15
-2.09181e-15
 2.02361e-15
-4.98307e-15
-8.70477e-16
-3.87047e-16
 1.17686e-15
-1.31389e-15
 1.87587e-15
-5.03107e-15
-1.71611e-15
-1.33268e-15
-1.63855e-15
-1.83134e-15
 1.53802e-15
-5.70751e-15
 5.07130e-15
 5.07888e-15
 4.91679e-15
 2.26923e-15
 4.85366e-15
-1.58476e-15
-1.97429e-15
-2.21113e-15
-1.31005e-15
-2.89466e-15
 1.02444e-15
-5.07787e-15
 2.91552e-16
 4.28091e-17
 5.20891e-16
 1.85171e-17
 3.73481e-15
-3.13124e-15
-4.43548e-15
-4.44445e-15
-4.79241e-15
-3.77046e-15
 6.35715e-17
-6.14135e-15
 2.79855e-15
 4.48685e-15
 4.61354e-15
 3.77070e-15
 3.53823e-15
-6.12460e-15
-4.16566e-15
-3.10938e-15
-3.33051e-15
-5.58250e-15
 2.93357e-16
-3.73108e-15
 6.30440e-15
 4.15500e-15
 4.27334e-15
 2.04476e-15
 4.32668e-15
 1.31404e-15
-1.62633e-16
-6.61308e-16
 1.35715e-16
-6.24420e-16
 3.10841e-16
-9.71800e-15
-1.78724e-16
 1.27798e-15
 4.70345e-16
-9.36819e-16
 3.57512e-15
-4.07637e-15
-2.20895e-15
 1.48003e-15
 1.96912e-15
-1.98148e-15
 2.53347e-15
-4.58228e-15
-1.48298e-16
 5.11350e-16
 9.93835e-16
-1.50895e-15
 2.02598e-15
-5.13203e-15
 1.42430e-15
-4.49371e-16
 1.10238e-15
-1.17300e-15
 1.33346e-15
-5.88038e-15
-5.62477e-15
-6.92958e-15
-8.63154e-15
-8.77383e-15
-5.54985e-15
-1.08375e-14
 8.82421e-15
 6.11446e-15
 3.85673e-15
 7.08053e-15
 8.71838e-15
-7.65610e-16
 1.09403e-15
-9.61915e-16
 7.84810e-16
 1.71930e-15
 4.40633e-15
-4.64714e-15
-4.92284e-15
-4.97457e-15
-6.34437e-15
-7.01350e-15
-4.90808e-15
-1.17184e-14
 5.72178e-15
 6.46457e-15
 6.25783e-15
 5.39087e-15
 7.93524e-15
 1.61774e-15
 1.55890e-15
 1.60062e-16
-4.33468e-16
-1.53963e-15
 1.97963e-15
-4.89239e-15
 2.37240e-15
 2.58361e-15
-1.11070e-16
-1.32477e-15
 2.83262e-15
-5.19455e-15
 6.44734e-16
-4.02524e-16
-3.34447e-15
-1.73979e-15
 1.54875e-15
-8.81404e-15
 5.18298e-15
-1.99770e-16
-2.60201e-16
 1.38375e-15
 4.28415e-15
-2.29689e-15
-7.38196e-16
-8.40127e-16
-7.97727e-16
-8.02981e-16
 3.06991e-15
-5.40880e-15
 2.61606e-15
-5.15392e-16
-5.58243e-16
-4.70115e-16
 1.55236e-15
-5.03034e-15
 9.89076e-16
 1.83486e-15
 1.42838e-15
-1.99427e-15
 7.50078e-16
-4.03375e-15
 6.01797e-16
 8.29943e-16
 7.74213e-16
-4.87937e-16
 2.04575e-15
-5.18758e-15
 5.34283e-16
 2.58991e-16
 1.03173e-15
-2.19697e-16
 2.01244e-15
-5.02475e-15
 1.58074e-15
-3.85616e-16
 1.65762e-15
-8.93189e-16
 1.03377e-15
-3.58688e-15
-1.91067e-15
-1.71855e-15
-2.16577e-15
-3.07109e-15
 1.48491e-15
-3.69159e-15
 4.09355e-15
 3.79782e-15
 4.89048e-15
 2.19356e-15
 5.30560e-15
-1.06021e-15
-1.76413e-15
-2.01330e-15
-1.24072e-15
-3.38488e-15
 2.27697e-15
-3.97971e-15
-9.73081e-16
-1.55660e-15
-6.13975e-16
-1.21746e-15
 2.93216e-15
-2.52236e-15
-5.06332e-15
-4.57214e-15
-4.95385e-15
-4.04761e-15
-1.11078e-15
-9.04255e-15
 6.47971e-15
 5.19063e-15
 5.48671e-15
 2.92639e-15
 4.88845e-15
-2.36314e-15
-4.33150e-15
-4.48554e-15
-5.16810e-15
-5.14612e-15
 6.04044e-16
-5.32106e-15
 2.78338e-15
 5.28029e-15
 4.37913e-15
 3.97395e-15
 8.67670e-15
 4.87014e-16
 6.46416e-16
 7.49174e-16
 2.22390e-15
-1.59111e-15
 6.57048e-16
-5.26659e-15
 6.48961e-16
 5.59664e-16
 6.47692e-16
-1.45789e-15
 1.37792e-15
-3.83594e-15
 2.81764e-15
 1.25137e-15
 5.40524e-16
 6.55094e-16
 2.43522e-15
-5.14070e-15
-1.54228e-15
-2.18489e-16
 1.78389e-15
-6.48230e-16
 1.60262e-15
-2.93919e-15
-6.23625e-16
-7.22144e-16
-3.47596e-16
-4.79043e-16
 3.05498e-15
-4.24692e-15
-7.96009e-15
-7.18264e-15
-6.83184e-15
-7.42623e-15
-4.83042e-15
-7.47796e-15
 2.50376e-15
 7.68360e-15
 8.64279e-15
 4.93255e-15
 7.56549e-15
 2.07526e-15
-1.62538e-15
 8.06356e-16
 1.36529e-15
-1.10406e-15
 3.43224e-15
-5.56872e-15
-6.16138e-15
-8.42520e-15
-6.22604e-15
-5.84059e-15
-4.35959e-15
-3.71471e-15
 6.03718e-15
 7.09002e-15
 6.30478e-15
 6.23508e-15
 1.05165e-14
 4.45737e-15
-3.05085e-15
 9.96493e-16
 6.96580e-16
-8.44606e-16
 5.59621e-15
-6.67148e-15
 1.52720e-15
-1.04456e-15
 2.59057e-15
 3.65743e-16
 9.54259e-16
-2.95396e-15
-1.82791e-16
-4.21081e-17
 1.82728e-15
-1.08275e-15
-2.81108e-16
-5.25624e-15
-4.95706e-15
 1.02029e-15
 2.30207e-15
-4.40863e-15
 7.11341e-17
-4.96303e-15
-5.57411e-17
 4.07364e-16
 1.56275e-15
-2.81635e-15
-1.98971e-15
-9.15067e-15
 6.13449e-16
 1.09451e-15
 5.85704e-16
-1.19648e-15
 4.37219e-15
-1.63268e-15
 6.53274e-16
 7.27739e-16
-1.22061e-16
-1.16565e-15
 2.94360e-15
-6.05933e-15
 7.27378e-16
 2.37331e-16
 1.33791e-16
-1.30202e-15
 2.22709e-15
-5.03098e-15
 2.04046e-15
 1.83683e-15
 8.72117e-16
-1.77091e-15
 2.33251e-15
-4.33150e-15
 1.67009e-16
 8.98849e-16
 3.79626e-16
-1.48653e-15
 3.20817e-15
-5.27416e-15
-2.32478e-15
-2.18876e-15
-3.14341e-15
-3.66748e-15
 3.91887e-16
-7.30881e-15
 4.11255e-15
 3.11541e-15
 3.39519e-15
 1.76449e-15
 3.37583e-15
-3.37179e-15
-1.43994e-15
-2.30317e-15
-1.91028e-15
-3.44827e-15
 5.48768e-16
-6.99620e-15
 1.20284e-15
 1.21637e-15
 2.10297e-15
-1.34143e-15
 3.24478e-15
-5.37020e-15
-3.52388e-15
-3.91781e-15
-2.64585e-15
-5.00346e-15
-1.63851e-15
-8.86973e-15
 5.24857e-15
 4.94224e-15
 4.33321e-15
 3.25913e-15
 4.71291e-15
-4.22435e-15
-2.27242e-15
-3.60929e-15
-3.83062e-15
-4.56375e-15
 1.83390e-15
-2.81167e-15
 5.63160e-15
 4.23422e-15
 4.23954e-15
 3.95632e-15
 5.72021e-15
-1.72917e-15
-1.30610e-15
-1.34670e-16
-5.02889e-16
-1.14884e-15
 2.70981e-15
-7.39770e-15
-2.66203e-16
-9.21554e-16
-5.18948e-16
-2.29688e-16
 4.92347e-15
-4.45702e-15
-1.76806e-15
-2.10956e-15
-4.57076e-16
-1.21070e-15
 3.39633e-15
-3.11477e-15
 4.29877e-16
-4.43678e-16
-4.54850e-16
-2.62085e-15
 2.96339e-15
-2.87176e-15
-2.13892e-17
 1.19388e-15
 7.64786e-16
-1.09814e-15
 5.02083e-15
-3.22500e-15
-6.12211e-15
-5.92417e-15
-6.63678e-15
-8.69125e-15
-3.80308e-15
-8.06563e-15
 9.62259e-15
 5.75597e-15
 4.38218e-15
 5.52752e-15
 7.50017e-15
 3.51619e-15
 2.51637e-15
 1.25480e-15
-1.00622e-15
 2.22971e-16
 5.01246e-15
-4.35616e-15
-5.04168e-15
-4.23416e-15
-7.74946e-15
-8.08133e-15
-3.18931e-15
-1.15357e-14
 6.19761e-15
 4.65716e-15
 4.42299e-15
 4.86226e-15
 7.22425e-15
 3.56020e-15
 2.34144e-15
-1.30330e-16
-3.17691e-16
-2.63441e-15
 1.37600e-15
-9.74760e-16
-2.27880e-15
-2.30737e-16
 7.85372e-16
-2.29478e-15
 3.47383e-15
-1.73953e-15
-9.42674e-16
 6.86003e-16
 3.00629e-16
-1.86604e-15
 3.02371e-15
-4.62488e-15
 4.77497e-15
 1.75082e-15
 2.55648e-15
 1.52929e-15
 1.70595e-15
-6.75801e-15
 1.30537e-15
 2.22503e-15
 1.55742e-15
-1.81599e-15
 8.90777e-16
-7.02716e-15
 1.98143e-15
 1.92962e-15
 2.58067e-15
-2.89946e-16
 9.05442e-16
-7.36001e-15
 0.00000e+00
 0.00000e+00
 0.00000e+00
 0.00000e+00
 0.00000e+00
 0.00000e+00
 0.00000e+00
 0.00000e+00
 0.00000e+00
 0.00000e+00
 0.00000e+00
 0.00000e+00
 0.00000e+00
 0.00000e+00
 0.00000e+00
 0.00000e+00
 0.00000e+00
 0.00000e+00
 0.00000e+00
 0.00000e+00
 0.00000e+00
 0.00000e+00
 0.00000e+00
 0.00000e+00
 0.00000e+00
 0.00000e+00
 0.00000e+00
 0.00000e+00
 0.00000e+00
 0.00000e+00
 0.00000e+00
 0.00000e+00
 0.00000e+00
 0.00000e+00
 0.00000e+00
 0.00000e+00
 0.00000e+00
 0.00000e+00
 0.00000e+00
 0.00000e+00
 0.00000e+00
 0.00000e+00
 0.00000e+00
 0.00000e+00
 0.00000e+00
 0.00000e+00
 0.00000e+00
 0.00000e+00
 0.00000e+00
 0.00000e+00
 0.00000e+00
 0.00000e+00
 0.00000e+00
 0.00000e+00
 0.00000e+00
 0.00000e+00
 0.00000e+00
 0.00000e+00
 0.00000e+00
 0.00000e+00
 0.00000e+00
 0.00000e+00
 0.00000e+00
 0.00000e+00
 0.00000e+00
 0.00000e+00
 0.00000e+00
 0.00000e+00
 0.00000e+00
 0.00000e+00
 0.00000e+00
 0.00000e+00
 0.00000e+00
 0.00000e+00
 0.00000e+00
 0.00000e+00
 0.00000e+00
 0.00000e+00
 0.00000e+00
 0.00000e+00
 0.00000e+00
 0.00000e+00
 0.00000e+00
 0.00000e+00
 0.00000e+00
 0.00000e+00
 0.00000e+00
 0.00000e+00
 0.00000e+00
 0.00000e+00
 0.00000e+00
 0.00000e+00
 0.00000e+00
 0.00000e+00
 0.00000e+00
 0.00000e+00
 0.00000e+00
 0.00000e+00
 0.00000e+00
 0.00000e+00
 0.00000e+00
 0.00000e+00
 0.00000e+00
 0.00000e+00
 0.00000e+00
 0.00000e+00
 0.00000e+00
 0.00000e+00
 0.00000e+00
 0.00000e+00
 0.00000e+00
 0.00000e+00
 0.00000e+00
 0.00000e+00
 0.00000e+00
 0.00000e+00
 0.00000e+00
 0.00000e+00
 0.00000e+00
 0.00000e+00
 0.00000e+00
 0.00000e+00
 0.00000e+00
 0.00000e+00
 0.00000e+00
 0.00000e+00
 0.00000e+00
 0.00000e+00
 0.00000e+00
 0.00000e+00
 0.00000e+00
 0.00000e+00
 0.00000e+00
 0.00000e+00
 0.00000e+00
 0.00000e+00
 0.00000e+00
 0.00000e+00
 0.00000e+00
 0.00000e+00
 0.00000e+00
 0.00000e+00
 0.00000e+00
 0.00000e+00
 0.00000e+00
 0.00000e+00
 0.00000e+00
 0.00000e+00
 0.00000e+00
 0.00000e+00
 0.00000e+00
 0.00000e+00
 0.00000e+00
 0.00000e+00
 0.00000e+00
 0.00000e+00
 0.00000e+00
 0.00000e+00
 0.00000e+00
 0.00000e+00
 0.00000e+00
 0.00000e+00
 0.00000e+00
 0.00000e+00
 0.00000e+00
 0.00000e+00
 0.00000e+00
 0.00000e+00
part
         2
coordinates
 0.00000e+00
 1.62085e-15
-1.68005e-15
 1.97978e-15
 1.85506e-15
 0.00000e+00
 0.00000e+00
 1.90705e-15
-2.05236e-16
 3.96508e-15
-3.68227e-15
 0.00000e+00
 0.00000e+00
 2.74050e-16
 2.50700e-15
-4.50041e-15
-3.71917e-16
 0.00000e+00
 0.00000e+00
 2.41790e-15
 2.44957e-15
-1.41810e-15
-1.81194e-15
 0.00000e+00
 0.00000e+00
 3.72059e-15
-2.03757e-15
 2.19444e-15
-4.36602e-15
 0.00000e+00
 0.00000e+00
 4.60971e-15
-3.56163e-15
 2.80931e-15
-2.30403e-15
 0.00000e+00
 0.00000e+00
 1.49864e-15
-4.46332e-15
-7.57815e-16
-4.37321e-16
 0.00000e+00
 0.00000e+00
-2.33159e-15
-1.61213e-15
 2.52048e-16
 1.37646e-15
 0.00000e+00
 0.00000e+00
-1.97122e-15
-3.55605e-15
 8.57604e-16
-1.75849e-15
 0.00000e+00
 0.00000e+00
 3.01578e-16
-4.64873e-15
 3.64479e-16
-4.06230e-15
 0.00000e+00
 0.00000e+00
 2.64354e-15
-4.44685e-15
 7.50812e-16
-7.21923e-15
 0.00000e+00
 0.00000e+00
 1.35314e-15
 2.45464e-15
-1.59106e-15
-1.43642e-15
 0.00000e+00
 0.00000e+00
 2.29176e-15
 3.85856e-16
 2.53329e-15
-2.07168e-15
 0.00000e+00
 0.00000e+00
 1.18603e-15
-1.00532e-14
 8.22792e-15
-5.55632e-15
 0.00000e+00
 0.00000e+00
-2.62180e-15
-9.52006e-15
 3.80595e-15
-3.42042e-16
 0.00000e+00
 0.00000e+00
-7.49835e-15
-1.02579e-14
 2.93119e-15
-1.71242e-15
 0.00000e+00
 0.00000e+00
-8.32882e-15
-1.12959e-14
 7.00876e-15
-2.96315e-15
 0.00000e+00
 0.00000e+00
-8.88470e-15
-7.30759e-15
 3.74615e-15
 5.89038e-16
 0.00000e+00
 0.00000e+00
-8.78512e-15
 7.91679e-16
 8.78491e-17
 3.11919e-15
 0.00000e+00
 0.00000e+00
-4.46678e-15
 2.07051e-15
 4.94108e-15
-1.56050e-15
 0.00000e+00
 0.00000e+00
 4.45859e-16
 1.06767e-15
 7.82435e-15
-7.11261e-15
 0.00000e+00
 0.00000e+00
-8.74074e-16
-3.26117e-15
 8.61938e-15
-7.27546e-15
 0.00000e+00
 0.00000e+00
-2.09472e-15
-6.82573e-15
 1.01334e-14
-5.73711e-15
 0.00000e+00
 0.00000e+00
-4.74595e-15
-3.87509e-15
 6.20170e-15
-1.00179e-15
 0.00000e+00
 0.00000e+00
-8.74426e-15
 2.00500e-15
-2.36918e-15
 2.50110e-17
 0.00000e+00
 0.00000e+00
-5.81789e-15
 2.11336e-15
-2.37900e-15
-1.52667e-15
 0.00000e+00
 0.00000e+00
-2.54818e-15
-6.94687e-16
 3.29700e-17
-2.41924e-15
 0.00000e+00
 0.00000e+00
-2.15274e-15
-5.19905e-15
 7.45651e-15
-5.40935e-15
 0.00000e+00
 0.00000e+00
-4.70210e-15
-5.26850e-15
 1.49302e-14
-1.23478e-14
 0.00000e+00
 0.00000e+00
-5.90323e-15
 5.22559e-16
 1.19278e-14
-1.50248e-14
 0.00000e+00
 0.00000e+00
 1.85359e-15
-1.34460e-15
 5.24263e-16
 9.37095e-16
 0.00000e+00
 0.00000e+00
 2.29887e-15
-1.02107e-15
 1.54622e-15
-9.52173e-16
 0.00000e+00
 0.00000e+00
 2.08149e-15
-1.91070e-15
-1.59091e-15
 8.55686e-16
 0.00000e+00
 0.00000e+00
 1.20536e-15
 1.91251e-15
-1.45079e-15
 1.85854e-16
 0.00000e+00
 0.00000e+00
 1.96636e-15
-3.32750e-15
-5.74440e-16
-1.83826e-15
 0.00000e+00
 0.00000e+00
 3.64834e-15
-1.49173e-15
 1.80469e-16
 4.79099e-17
 0.00000e+00
 0.00000e+00
-1.33949e-15
-6.00124e-16
-2.13932e-15
-8.92378e-16
 0.00000e+00
 0.00000e+00
-4.44531e-15
 4.60115e-16
-2.55492e-15
 2.39328e-15
 0.00000e+00
 0.00000e+00
-3.60667e-15
-1.36592e-15
-2.48619e-15
-2.20825e-15
 0.00000e+00
 0.00000e+00
-1.82095e-15
-1.45125e-15
-2.55523e-15
-3.81824e-15
 0.00000e+00
 0.00000e+00
-5.10988e-16
-1.91216e-15
-2.88538e-16
-5.52754e-15
 0.00000e+00
 0.00000e+00
-9.57118e-17
 4.93478e-15
-3.32594e-15
 1.38446e-15
 0.00000e+00
 0.00000e+00
 1.15424e-15
 3.99375e-15
-3.24598e-15
 2.74549e-15
 0.00000e+00
 0.00000e+00
 4.47981e-16
-3.42841e-15
-3.07741e-15
 7.21341e-17
 0.00000e+00
 0.00000e+00
-1.94817e-15
-9.86296e-16
-7.34471e-15
 1.68667e-15
 0.00000e+00
 0.00000e+00
-5.74968e-15
-1.46509e-15
-7.36922e-15
-3.93190e-16
 0.00000e+00
 0.00000e+00
-4.01485e-15
-4.70309e-15
-1.01049e-15
-1.77745e-15
 0.00000e+00
 0.00000e+00
-4.04569e-15
-2.48442e-15
-1.36636e-15
 8.10444e-16
 0.00000e+00
 0.00000e+00
-5.64192e-15
 3.95250e-15
-4.49619e-15
 3.16826e-15
 0.00000e+00
 0.00000e+00
-3.55371e-15
 4.00511e-15
-3.50622e-15
 1.78397e-15
 0.00000e+00
 0.00000e+00
-2.79561e-15
 4.84702e-15
-3.46866e-15
 2.41957e-15
 0.00000e+00
 0.00000e+00
-4.56327e-15
 4.63496e-15
-2.64591e-15
 1.55538e-15
 0.00000e+00
 0.00000e+00
-4.31517e-15
 2.20269e-15
-2.70135e-16
 2.73208e-17
 0.00000e+00
 0.00000e+00
-3.50112e-15
 2.99285e-15
-1.67064e-15
 1.53031e-15
 0.00000e+00
 0.00000e+00
-4.12131e-15
 6.04609e-15
-6.61647e-15
 2.55347e-15
 0.00000e+00
 0.00000e+00
-2.12690e-15
 5.67919e-15
-6.95380e-15
 2.41131e-15
 0.00000e+00
 0.00000e+00
 2.32580e-16
 3.70136e-15
-7.10929e-15
 2.73587e-15
 0.00000e+00
 0.00000e+00
 2.17154e-15
 5.74043e-16
-3.49263e-15
 7.53646e-16
 0.00000e+00
 0.00000e+00
 1.45327e-15
 2.80803e-16
-2.56485e-16
-3.22932e-15
 0.00000e+00
 0.00000e+00
-1.61099e-15
 4.78572e-15
-2.53619e-15
-3.11471e-15
 0.00000e+00
 0.00000e+00
 1.61603e-15
-4.60978e-15
 2.38839e-15
-1.44539e-15
 0.00000e+00
 0.00000e+00
 1.50301e-16
-2.33978e-15
 2.65851e-15
-3.42081e-16
 0.00000e+00
 0.00000e+00
-1.76730e-15
-1.49427e-15
 7.78117e-16
 1.07945e-15
 0.00000e+00
 0.00000e+00
-2.19163e-15
 2.90082e-16
 1.32240e-15
 1.15104e-16
 0.00000e+00
 0.00000e+00
-3.87483e-15
-1.90236e-15
-3.54503e-15
 1.89979e-16
 0.00000e+00
 0.00000e+00
 2.09796e-15
-1.34993e-15
-2.05776e-15
-4.38228e-17
 0.00000e+00
 0.00000e+00
-2.68850e-15
-1.43133e-15
-9.05589e-16
-3.46064e-15
 0.00000e+00
 0.00000e+00
-2.58007e-15
-9.06423e-16
 2.96207e-17
-1.48260e-15
 0.00000e+00
 0.00000e+00
 5.23227e-16
-2.30727e-15
-3.32993e-15
-2.10627e-15
 0.00000e+00
 0.00000e+00
 5.92616e-16
-2.84515e-15
-2.71151e-15
-3.08391e-15
 0.00000e+00
 0.00000e+00
 1.42884e-15
-4.40628e-15
 3.99572e-16
-4.67678e-15
 0.00000e+00
 0.00000e+00
 3.46458e-15
-1.42891e-15
 1.28629e-15
 7.40540e-16
 0.00000e+00
 0.00000e+00
 4.27883e-15
-8.49091e-16
-9.47295e-16
 3.00858e-15
 0.00000e+00
 0.00000e+00
 3.90533e-15
-4.03625e-15
-6.74447e-15
 2.35113e-15
 0.00000e+00
 0.00000e+00
 2.39227e-15
-2.57497e-15
-8.75177e-15
 1.57976e-15
 0.00000e+00
 0.00000e+00
-1.28648e-15
 7.37093e-17
-1.06937e-14
 8.79753e-16
 0.00000e+00
 0.00000e+00
-1.67140e-16
 3.50245e-15
-9.05383e-15
 2.16750e-15
 0.00000e+00
 0.00000e+00
 6.66965e-16
 3.45435e-15
-4.18793e-15
 1.15031e-15
 0.00000e+00
 0.00000e+00
 1.27237e-15
 2.54234e-15
-1.81224e-15
 2.26324e-16
 0.00000e+00
 0.00000e+00
 3.82185e-15
 4.73370e-16
-2.39232e-15
 1.52826e-15
 0.00000e+00
 0.00000e+00
 4.50496e-15
 1.02561e-15
-5.93027e-15
 6.55231e-15
 0.00000e+00
 0.00000e+00
 3.38503e-15
 1.53445e-15
-8.22333e-15
 7.59250e-15
 0.00000e+00
 0.00000e+00
 4.10689e-15
-4.21747e-16
-6.08459e-15
 6.43201e-15
 0.00000e+00
 0.00000e+00
 5.84271e-15
-8.34865e-16
-4.08002e-15
 5.29780e-15
 0.00000e+00
 0.00000e+00
 7.32475e-15
-2.31370e-15
-2.26433e-15
 2.64478e-15
 0.00000e+00
 0.00000e+00
 1.00623e-14
-6.77743e-15
 2.29843e-15
 9.13209e-16
 0.00000e+00
 0.00000e+00
 1.02029e-14
-9.42929e-15
 3.94849e-15
 5.61245e-16
 0.00000e+00
 0.00000e+00
 1.17817e-14
-1.00210e-14
 3.23590e-15
 1.10165e-15
 0.00000e+00
 0.00000e+00
 1.38405e-14
-9.28095e-15
-1.20575e-15
 3.42462e-15
 0.00000e+00
 0.00000e+00
 1.10880e-14
-5.54633e-15
-8.54799e-15
 8.53905e-15
 0.00000e+00
 0.00000e+00
 1.70826e-15
-2.38616e-15
 3.10182e-15
-5.05855e-16
 0.00000e+00
 0.00000e+00
 3.08489e-16
 2.15493e-18
 3.42099e-15
-2.84380e-16
 0.00000e+00
 0.00000e+00
 7.37138e-16
-8.61521e-16
 1.22912e-15
 2.73751e-15
 0.00000e+00
 0.00000e+00
-1.86808e-15
 4.93442e-16
 1.17094e-15
 1.35425e-15
 0.00000e+00
 0.00000e+00
-3.88754e-15
 9.05048e-16
-2.79142e-15
 1.65054e-15
 0.00000e+00
 0.00000e+00
 8.36419e-16
-1.36629e-15
-2.04891e-15
 2.31198e-15
 0.00000e+00
 0.00000e+00
-8.19748e-17
-2.72918e-15
-2.44635e-15
-1.73697e-15
 0.00000e+00
 0.00000e+00
 1.19528e-15
-2.89252e-15
 1.49948e-15
-3.49653e-15
 0.00000e+00
 0.00000e+00
 3.90291e-15
-4.57341e-15
 1.01858e-15
-2.91634e-15
 0.00000e+00
 0.00000e+00
 3.69857e-15
-4.95247e-15
-1.48426e-15
-2.00087e-15
 0.00000e+00
 0.00000e+00
 4.78693e-15
-7.15319e-15
-7.84780e-16
-2.40129e-15
 0.00000e+00
 0.00000e+00
 6.44089e-15
-4.07168e-15
 2.04337e-15
 8.02791e-16
 0.00000e+00
 0.00000e+00
 4.51381e-15
-1.82127e-15
 1.86392e-15
 2.77632e-15
 0.00000e+00
 0.00000e+00
 1.64036e-15
-4.76641e-15
 6.75914e-16
 1.75051e-15
 0.00000e+00
 0.00000e+00
 2.11118e-15
-4.14796e-15
-1.17856e-15
 3.15068e-15
 0.00000e+00
 0.00000e+00
-1.26832e-16
-2.58827e-15
-3.50873e-15
 3.49492e-15
 0.00000e+00
 0.00000e+00
-1.54078e-15
 4.01079e-15
-3.39853e-15
 4.20342e-15
 0.00000e+00
 0.00000e+00
-1.27794e-15
 8.00977e-15
-2.37915e-15
 2.93104e-15
 0.00000e+00
 0.00000e+00
 7.56185e-16
 5.99596e-15
-1.09426e-15
 3.64423e-15
 0.00000e+00
 0.00000e+00
 1.28980e-15
 3.66109e-15
-9.11167e-16
 8.20366e-15
 0.00000e+00
 0.00000e+00
 1.47772e-15
 1.07167e-15
 2.55862e-16
 9.45599e-15
 0.00000e+00
 0.00000e+00
 1.78860e-15
-3.17002e-15
 1.36731e-15
 8.97203e-15
 0.00000e+00
 0.00000e+00
 2.45739e-15
-5.59666e-15
 3.31989e-15
 8.93538e-15
 0.00000e+00
 0.00000e+00
 3.95521e-15
-3.37143e-15
 3.38150e-15
 7.92015e-15
 0.00000e+00
 0.00000e+00
 6.26667e-15
-3.41408e-15
 2.28448e-15
 4.46882e-15
 0.00000e+00
 0.00000e+00
 6.86741e-15
-5.10551e-15
 4.11643e-15
 2.08939e-15
 0.00000e+00
 0.00000e+00
 3.86470e-15
-6.03141e-15
 6.98125e-15
 1.22987e-15
 0.00000e+00
 0.00000e+00
 2.79398e-15
-8.32480e-15
 9.45779e-15
 2.41545e-15
 0.00000e+00
 0.00000e+00
 3.54577e-15
-1.20569e-14
 8.66078e-15
 5.64122e-15
 0.00000e+00
 0.00000e+00
 2.28756e-15
-1.05389e-14
 4.01674e-15
 8.16808e-15
 0.00000e+00
 0.00000e+00
-2.84159e-15
-1.06148e-15
-3.72721e-15
-6.92939e-16
 0.00000e+00
 0.00000e+00
-2.00572e-15
-2.39582e-15
-2.59966e-15
-8.16269e-16
 0.00000e+00
 0.00000e+00
-1.33930e-15
-4.92375e-15
-4.24982e-15
-1.74446e-15
 0.00000e+00
 0.00000e+00
-4.77995e-15
-3.05948e-15
-5.79826e-15
-7.43025e-16
 0.00000e+00
 0.00000e+00
-6.85018e-15
-3.86516e-15
-5.85729e-15
-3.03606e-15
 0.00000e+00
 0.00000e+00
-3.68036e-15
-3.37273e-15
-4.40327e-15
-1.14091e-15
 0.00000e+00
 0.00000e+00
-2.13579e-15
-4.37130e-15
-5.69074e-15
-3.69110e-15
 0.00000e+00
 0.00000e+00
-2.05787e-15
-4.25646e-15
-3.78833e-15
-3.38629e-15
 0.00000e+00
 0.00000e+00
-3.83507e-15
-4.69625e-15
-7.05688e-16
-6.94039e-15
 0.00000e+00
 0.00000e+00
-4.67104e-15
-4.77836e-15
-3.89767e-15
-4.59496e-15
 0.00000e+00
 0.00000e+00
-2.67661e-15
-7.61343e-15
-3.54612e-15
-2.57276e-15
 0.00000e+00
 0.00000e+00
 3.02196e-16
-3.99359e-15
-2.28868e-15
 1.89563e-15
 0.00000e+00
 0.00000e+00
 1.66515e-17
-4.17089e-15
-5.18013e-16
 2.02697e-15
 0.00000e+00
 0.00000e+00
-2.75608e-15
-5.16975e-15
-2.28607e-15
-2.51820e-15
 0.00000e+00
 0.00000e+00
-4.10946e-15
-6.20948e-16
-6.69843e-15
-2.10899e-15
 0.00000e+00
 0.00000e+00
-4.88543e-15
-1.72104e-15
-5.21487e-15
-4.18493e-15
 0.00000e+00
 0.00000e+00
-3.91003e-15
-1.22502e-15
-6.92883e-17
-4.84392e-15
 0.00000e+00
 0.00000e+00
-2.20144e-15
 1.60363e-15
-8.41071e-16
-3.77838e-15
 0.00000e+00
 0.00000e+00
-2.14026e-15
 3.44144e-15
-2.34047e-15
-1.42199e-15
 0.00000e+00
 0.00000e+00
-2.34453e-15
 4.64274e-15
-1.66276e-15
 3.84108e-15
 0.00000e+00
 0.00000e+00
-3.84312e-15
 3.06153e-15
 3.00828e-15
 3.91235e-15
 0.00000e+00
 0.00000e+00
-4.72855e-15
-1.03763e-17
 6.69563e-15
 7.24971e-16
 0.00000e+00
 0.00000e+00
-4.22007e-15
-4.69485e-16
 7.08611e-15
-1.99325e-16
 0.00000e+00
 0.00000e+00
-2.68373e-15
 4.85413e-16
 5.70811e-15
 8.38278e-17
 0.00000e+00
 0.00000e+00
-2.56203e-15
 2.26937e-15
 6.81324e-16
 1.33910e-15
 0.00000e+00
 0.00000e+00
-3.13840e-15
 4.25403e-15
-2.57947e-15
 3.16280e-15
 0.00000e+00
 0.00000e+00
-4.66139e-15
 5.60577e-15
-3.18662e-15
 3.04391e-15
 0.00000e+00
 0.00000e+00
-3.65220e-15
 3.63041e-15
 6.58771e-16
 4.09068e-16
 0.00000e+00
 0.00000e+00
-3.10399e-15
-2.26991e-15
 6.51475e-15
-3.22339e-15
 0.00000e+00
 0.00000e+00
-2.20215e-15
-2.76169e-15
 4.94111e-15
-2.66551e-15
 0.00000e+00
 0.00000e+00
 5.51959e-15
 4.09265e-15
 1.52655e-15
 7.10248e-15
 0.00000e+00
 0.00000e+00
 6.75933e-15
 2.51669e-15
 5.26744e-15
 6.41401e-15
 0.00000e+00
 0.00000e+00
 2.16322e-15
 6.33528e-15
 4.84196e-16
 3.67028e-15
 0.00000e+00
 0.00000e+00
 3.78549e-15
 3.15813e-15
 1.40874e-16
 6.61417e-15
 0.00000e+00
 0.00000e+00
 1.04054e-15
 3.39738e-15
-3.82679e-16
 1.77269e-15
 0.00000e+00
 0.00000e+00
 4.84664e-15
 2.77241e-15
 2.87525e-15
 1.85598e-15
 0.00000e+00
 0.00000e+00
 7.37046e-15
 5.00364e-16
 2.59992e-15
 2.18055e-15
 0.00000e+00
 0.00000e+00
 7.82253e-15
 2.40741e-15
 1.45063e-15
 3.53414e-15
 0.00000e+00
 0.00000e+00
 4.49535e-15
 4.03865e-15
 3.01903e-15
-1.62148e-15
 0.00000e+00
 0.00000e+00
 1.70147e-15
 3.24644e-15
 4.16319e-15
 1.56365e-16
 0.00000e+00
 0.00000e+00
 4.21422e-15
-7.25114e-16
 5.18177e-15
 2.93430e-15
 0.00000e+00
 0.00000e+00
 8.68860e-15
-7.93179e-16
 6.60822e-15
 7.74024e-15
 0.00000e+00
 0.00000e+00
 1.15656e-14
-3.01254e-15
 9.68396e-15
 5.17135e-15
 0.00000e+00
 0.00000e+00
 9.22660e-15
-5.36004e-16
 5.01610e-15
-6.72063e-16
 0.00000e+00
 0.00000e+00
 2.03880e-15
 7.01000e-15
 5.02174e-16
-2.80061e-15
 0.00000e+00
 0.00000e+00
 8.10694e-16
 6.66931e-15
 3.13789e-15
-6.55888e-15
 0.00000e+00
 0.00000e+00
 2.06793e-15
 6.87040e-15
 6.74974e-15
-5.82866e-15
 0.00000e+00
 0.00000e+00
 5.00419e-15
 5.34499e-15
 9.85228e-15
-4.74417e-15
 0.00000e+00
 0.00000e+00
 5.96346e-15
 5.75607e-15
 1.17372e-14
-4.13889e-15
 0.00000e+00
 0.00000e+00
 9.49965e-15
 6.46645e-15
 1.45390e-14
-3.22965e-15
 0.00000e+00
 0.00000e+00
 1.18773e-14
 4.73349e-15
 1.65386e-14
-7.37838e-16
 0.00000e+00
 0.00000e+00
 9.83167e-15
 5.32314e-15
 1.59884e-14
-1.00057e-15
 0.00000e+00
 0.00000e+00
 9.13633e-15
 7.33481e-15
 1.59749e-14
-2.07023e-15
 0.00000e+00
 0.00000e+00
 7.91288e-15
 8.12734e-15
 1.43296e-14
-2.54429e-16
 0.00000e+00
 0.00000e+00
 3.51849e-15
 7.03104e-15
 1.05662e-14
 3.43042e-15
 0.00000e+00
 0.00000e+00
 2.98693e-15
 6.69245e-15
 9.10063e-15
 5.76023e-15
 0.00000e+00
 0.00000e+00
 6.25931e-15
 5.79366e-15
 8.39174e-15
 5.10017e-15
 0.00000e+00
 0.00000e+00
 1.28666e-14
 4.76831e-15
 8.93283e-15
-7.37996e-16
 0.00000e+00
 0.00000e+00
 1.43163e-14
 2.57645e-15
 1.06151e-14
-8.88800e-15
 0.00000e+00
 0.00000e+00
 1.58487e-14
 9.52936e-16
 7.90333e-15
-8.11946e-15
 0.00000e+00
 1.74733e-03
 1.74733e-03
 1.74733e-03
 1.74733e-03
 1.74733e-03
 1.74733e-03
 5.15283e-03
 5.15283e-03
 5.15283e-03
 5.15283e-03
 5.15283e-03
 5.15283e-03
 1.29183e-02
 1.29183e-02
 1.29183e-02
 1.29183e-02
 1.29183e-02
 1.29183e-02
 2.73904e-02
 2.73904e-02
 2.73904e-02
 2.73904e-02
 2.73904e-02
 2.73904e-02
 4.95432e-02
 4.95432e-02
 4.95432e-02
 4.95432e-02
 4.95432e-02
 4.95432e-02
 7.83056e-02
 7.83056e-02
 7.83056e-02
 7.83056e-02
 7.83056e-02
 7.83056e-02
 1.11651e-01
 1.11651e-01
 1.11651e-01
 1.11651e-01
 1.11651e-01
 1.11651e-01
 1.47872e-01
 1.47872e-01
 1.47872e-01
 1.47872e-01
 1.47872e-01
 1.47872e-01
 1.85926e-01
 1.85926e-01
 1.85926e-01
 1.85926e-01
 1.85926e-01
 1.85926e-01
 2.25190e-01
 2.25190e-01
 2.25190e-01
 2.25190e-01
 2.25190e-01
 2.25190e-01
 2.65229e-01
 2.65229e-01
 2.65229e-01
 2.65229e-01
 2.65229e-01
 2.65229e-01
 3.05862e-01
 3.05862e-01
 3.05862e-01
 3.05862e-01
 3.05862e-01
 3.05862e-01
 3.47036e-01
 3.47036e-01
 3.47036e-01
 3.47036e-01
 3.47036e-01
 3.47036e-01
 3.88796e-01
 3.88796e-01
 3.88796e-01
 3.88796e-01
 3.88796e-01
 3.88796e-01
 4.31178e-01
 4.31178e-01
 4.31178e-01
 4.31178e-01
 4.31178e-01
 4.31178e-01
 4.73508e-01
 4.73508e-01
 4.73508e-01
 4.73508e-01
 4.73508e-01
 4.73508e-01
 5.14088e-01
 5.14088e-01
 5.14088e-01
 5.14088e-01
 5.14088e-01
 5.14088e-01
 5.54760e-01
 5.54760e-01
 5.54760e-01
 5.54760e-01
 5.54760e-01
 5.54760e-01
 5.94480e-01
 5.94480e-01
 5.94480e-01
 5.94480e-01
 5.94480e-01
 5.94480e-01
 6.33760e-01
 6.33760e-01
 6.33760e-01
 6.33760e-01
 6.33760e-01
 6.33760e-01
 6.72448e-01
 6.72448e-01
 6.72448e-01
 6.72448e-01
 6.72448e-01
 6.72448e-01
 7.10075e-01
 7.10075e-01
 7.10075e-01
 7.10075e-01
 7.10075e-01
 7.10075e-01
 7.48004e-01
 7.48004e-01
 7.48004e-01
 7.48004e-01
 7.48004e-01
 7.48004e-01
 7.85283e-01
 7.85283e-01
 7.85283e-01
 7.85283e-01
 7.85283e-01
 7.85283e-01
 8.21012e-01
 8.21012e-01
 8.21012e-01
 8.21012e-01
 8.21012e-01
 8.21012e-01
 8.55205e-01
 8.55205e-01
 8.55205e-01
 8.55205e-01
 8.55205e-01
 8.55205e-01
 8.82239e-01
 8.82239e-01
 8.82239e-01
 8.82239e-01
 8.82239e-01
 8.82239e-01
 9.04350e-01
 9.04350e-01
 9.04350e-01
 9.04350e-01
 9.04350e-01
 9.04350e-01
 9.19771e-01
 9.19771e-01
 9.19771e-01
 9.19771e-01
 9.19771e-01
 9.19771e-01
 9.26102e-01
 9.26102e-01
 9.26102e-01
 9.26102e-01
 9.26102e-01
 9.26102e-01
 1.74733e-03
 1.74733e-03
 1.74733e-03
 1.74733e-03
 1.74733e-03
 1.74733e-03
 5.15283e-03
 5.15283e-03
 5.15283e-03
 5.15283e-03
 5.15283e-03
 5.15283e-03
 1.29183e-02
 1.29183e-02
 1.29183e-02
 1.29183e-02
 1.29183e-02
 1.29183e-02
 2.73904e-02
 2.73904e-02
 2.73904e-02
 2.73904e-02
 2.73904e-02
 2.73904e-02
 4.95432e-02
 4.95432e-02
 4.95432e-02
 4.95432e-02
 4.95432e-02
 4.95432e-02
 7.83056e-02
 7.83056e-02
 7.83056e-02
 7.83056e-02
 7.83056e-02
 7.83056e-02
 1.11651e-01
 1.11651e-01
 1.11651e-01
 1.11651e-01
 1.11651e-01
 1.11651e-01
 1.47872e-01
 1.47872e-01
 1.47872e-01
 1.47872e-01
 1.47872e-01
 1.47872e-01
 1.85926e-01
 1.85926e-01
 1.85926e-01
 1.85926e-01
 1.85926e-01
 1.85926e-01
 2.25190e-01
 2.25190e-01
 2.25190e-01
 2.25190e-01
 2.25190e-01
 2.25190e-01
 2.65229e-01
 2.65229e-01
 2.65229e-01
 2.65229e-01
 2.65229e-01
 2.65229e-01
 3.05862e-01
 3.05862e-01
 3.05862e-01
 3.05862e-01
 3.05862e-01
 3.05862e-01
 3.47036e-01
 3.47036e-01
 3.47036e-01
 3.47036e-01
 3.47036e-01
 3.47036e-01
 3.88796e-01
 3.88796e-01
 3.88796e-01
 3.88796e-01
 3.88796e-01
 3.88796e-01
 4.31178e-01
 4.31178e-01
 4.31178e-01
 4.31178e-01
 4.31178e-01
 4.31178e-01
 4.73508e-01
 4.73508e-01
 4.73508e-01
 4.73508e-01
 4.73508e-01
 4.73508e-01
 5.14088e-01
 5.14088e-01
 5.14088e-01
 5.14088e-01
 5.14088e-01
 5.14088e-01
 5.54760e-01
 5.54760e-01
 5.54760e-01
 5.54760e-01
 5.54760e-01
 5.54760e-01
 5.94480e-01
 5.94480e-01
 5.94480e-01
 5.94480e-01
 5.94480e-01
 5.94480e-01
 6.33760e-01
 6.33760e-01
 6.33760e-01
 6.33760e-01
 6.33760e-01
 6.33760e-01
 6.72448e-01
 6.72448e-01
 6.72448e-01
 6.72448e-01
 6.72448e-01
 6.72448e-01
 7.10075e-01
 7.10075e-01
 7.10075e-01
 7.10075e-01
 7.10075e-01
 7.10075e-01
 7.48004e-01
 7.48004e-01
 7.48004e-01
 7.48004e-01
 7.48004e-01
 7.48004e-01
 7.85283e-01
 7.85283e-01
 7.85283e-01
 7.85283e-01
 7.85283e-01
 7.85283e-01
 8.21012e-01
 8.21012e-01
 8.21012e-01
 8.21012e-01
 8.21012e-01
 8.21012e-01
 8.55205e-01
 8.55205e-01
 8.55205e-01
 8.55205e-01
 8.55205e-01
 8.55205e-01
 8.82239e-01
 8.82239e-01
 8.82239e-01
 8.82239e-01
 8.82239e-01
 8.82239e-01
 9.04350e-01
 9.04350e-01
 9.04350e-01
 9.04350e-01
 9.04350e-01
 9.04350e-01
 9.19771e-01
 9.19771e-01
 9.19771e-01
 9.19771e-01
 9.19771e-01
 9.19771e-01
 9.26102e-01
 9.26102e-01
 9.26102e-01
 9.26102e-01
 9.26102e-01
 9.26102e-01
 1.74733e-03
 1.74733e-03
 1.74733e-03
 1.74733e-03
 1.74733e-03
 1.74733e-03
 5.15283e-03
 5.15283e-03
 5.15283e-03
 5.15283e-03
 5.15283e-03
 5.15283e-03
 1.29183e-02
 1.29183e-02
 1.29183e-02
 1.29183e-02
 1.29183e-02
 1.29183e-02
 2.73904e-02
 2.73904e-02
 2.73904e-02
 2.73904e-02
 2.73904e-02
 2.73904e-02
 4.95432e-02
 4.95432e-02
 4.95432e-02
 4.95432e-02
 4.95432e-02
 4.95432e-02
 7.83056e-02
 7.83056e-02
 7.83056e-02
 7.83056e-02
 7.83056e-02
 7.83056e-02
 1.11651e-01
 1.11651e-01
 1.11651e-01
 1.11651e-01
 1.11651e-01
 1.11651e-01
 1.47872e-01
 1.47872e-01
 1.47872e-01
 1.47872e-01
 1.47872e-01
 1.47872e-01
 1.85926e-01
 1.85926e-01
 1.85926e-01
 1.85926e-01
 1.85926e-01
 1.85926e-01
 2.25190e-01
 2.25190e-01
 2.25190e-01
 2.25190e-01
 2.25190e-01
 2.25190e-01
 2.65229e-01
 2.65229e-01
 2.65229e-01
 2.65229e-01
 2.65229e-01
 2.65229e-01
 3.05862e-01
 3.05862e-01
 3.05862e-01
 3.05862e-01
 3.05862e-01
 3.05862e-01
 3.47036e-01
 3.47036e-01
 3.47036e-01
 3.47036e-01
 3.47036e-01
 3.47036e-01
 3.88796e-01
 3.88796e-01
 3.88796e-01
 3.88796e-01
 3.88796e-01
 3.88796e-01
 4.31178e-01
 4.31178e-01
 4.31178e-01
 4.31178e-01
 4.31178e-01
 4.31178e-01
 4.73508e-01
 4.73508e-01
 4.73508e-01
 4.73508e-01
 4.73508e-01
 4.73508e-01
 5.14088e-01
 5.14088e-01
 5.14088e-01
 5.14088e-01
 5.14088e-01
 5.14088e-01
 5.54760e-01
 5.54760e-01
 5.54760e-01
 5.54760e-01
 5.54760e-01
 5.54760e-01
 5.94480e-01
 5.94480e-01
 5.94480e-01
 5.94480e-01
 5.94480e-01
 5.94480e-01
 6.33760e-01
 6.33760e-01
 6.33760e-01
 6.33760e-01
 6.33760e-01
 6.33760e-01
 6.72448e-01
 6.72448e-01
 6.72448e-01
 6.72448e-01
 6.72448e-01
 6.72448e-01
 7.10075e-01
 7.10075e-01
 7.10075e-01
 7.10075e-01
 7.10075e-01
 7.10075e-01
 7.48004e-01
 7.48004e-01
 7.48004e-01
 7.48004e-01
 7.48004e-01
 7.48004e-01
 7.85283e-01
 7.85283e-01
 7.85283e-01
 7.85283e-01
 7.85283e-01
 7.85283e-01
 8.21012e-01
 8.21012e-01
 8.21012e-01
 8.21012e-01
 8.21012e-01
 8.21012e-01
 8.55205e-01
 8.55205e-01
 8.55205e-01
 8.55205e-01
 8.55205e-01
 8.55205e-01
 8.82239e-01
 8.82239e-01
 8.82239e-01
 8.82239e-01
 8.82239e-01
 8.82239e-01
 9.04350e-01
 9.04350e-01
 9.04350e-01
 9.04350e-01
 9.04350e-01
 9.04350e-01
 9.19771e-01
 9.19771e-01
 9.19771e-01
 9.19771e-01
 9.19771e-01
 9.19771e-01
 9.26102e-01
 9.26102e-01
 9.26102e-01
 9.26102e-01
 9.26102e-01
 9.26102e-01
 1.74733e-03
 1.74733e-03
 1.74733e-03
 1.74733e-03
 1.74733e-03
 1.74733e-03
 5.15283e-03
 5.15283e-03
 5.15283e-03
 5.15283e-03
 5.15283e-03
 5.15283e-03
 1.29183e-02
 1.29183e-02
 1.29183e-02
 1.29183e-02
 1.29183e-02
 1.29183e-02
 2.73904e-02
 2.73904e-02
 2.73904e-02
 2.73904e-02
 2.73904e-02
 2.73904e-02
 4.95432e-02
 4.95432e-02
 4.95432e-02
 4.95432e-02
 4.95432e-02
 4.95432e-02
 7.83056e-02
 7.83056e-02
 7.83056e-02
 7.83056e-02
 7.83056e-02
 7.83056e-02
 1.11651e-01
 1.11651e-01
 1.11651e-01
 1.11651e-01
 1.11651e-01
 1.11651e-01
 1.47872e-01
 1.47872e-01
 1.47872e-01
 1.47872e-01
 1.47872e-01
 1.47872e-01
 1.85926e-01
 1.85926e-01
 1.85926e-01
 1.85926e-01
 1.85926e-01
 1.85926e-01
 2.25190e-01
 2.25190e-01
 2.25190e-01
 2.25190e-01
 2.25190e-01
 2.25190e-01
 2.65229e-01
 2.65229e-01
 2.65229e-01
 2.65229e-01
 2.65229e-01
 2.65229e-01
 3.05862e-01
 3.05862e-01
 3.05862e-01
 3.05862e-01
 3.05862e-01
 3.05862e-01
 3.47036e-01
 3.47036e-01
 3.47036e-01
 3.47036e-01
 3.47036e-01
 3.47036e-01
 3.88796e-01
 3.88796e-01
 3.88796e-01
 3.88796e-01
 3.88796e-01
 3.88796e-01
 4.31178e-01
 4.31178e-01
 4.31178e-01
 4.31178e-01
 4.31178e-01
 4.31178e-01
 4.73508e-01
 4.73508e-01
 4.73508e-01
 4.73508e-01
 4.73508e-01
 4.73508e-01
 5.14088e-01
 5.14088e-01
 5.14088e-01
 5.14088e-01
 5.14088e-01
 5.14088e-01
 5.54760e-01
 5.54760e-01
 5.54760e-01
 5.54760e-01
 5.54760e-01
 5.54760e-01
 5.94480e-01
 5.94480e-01
 5.94480e-01
 5.94480e-01
 5.94480e-01
 5.94480e-01
 6.33760e-01
 6.33760e-01
 6.33760e-01
 6.33760e-01
 6.33760e-01
 6.33760e-01
 6.72448e-01
 6.72448e-01
 6.72448e-01
 6.72448e-01
 6.72448e-01
 6.72448e-01
 7.10075e-01
 7.10075e-01
 7.10075e-01
 7.10075e-01
 7.10075e-01
 7.10075e-01
 7.48004e-01
 7.48004e-01
 7.48004e-01
 7.48004e-01
 7.48004e-01
 7.48004e-01
 7.85283e-01
 7.85283e-01
 7.85283e-01
 7.85283e-01
 7.85283e-01
 7.85283e-01
 8.21012e-01
 8.21012e-01
 8.21012e-01
 8.21012e-01
 8.21012e-01
 8.21012e-01
 8.55205e-01
 8.55205e-01
 8.55205e-01
 8.55205e-01
 8.55205e-01
 8.55205e-01
 8.82239e-01
 8.82239e-01
 8.82239e-01
 8.82239e-01
 8.82239e-01
 8.82239e-01
 9.04350e-01
 9.04350e-01
 9.04350e-01
 9.04350e-01
 9.04350e-01
 9.04350e-01
 9.19771e-01
 9.19771e-01
 9.19771e-01
 9.19771e-01
 9.19771e-01
 9.19771e-01
 9.26102e-01
 9.26102e-01
 9.26102e-01
 9.26102e-01
 9.26102e-01
 9.26102e-01
 1.74733e-03
 1.74733e-03
 1.74733e-03
 1.74733e-03
 1.74733e-03
 1.74733e-03
 5.15283e-03
 5.15283e-03
 5.15283e-03
 5.15283e-03
 5.15283e-03
 5.15283e-03
 1.29183e-02
 1.29183e-02
 1.29183e-02
 1.29183e-02
 1.29183e-02
 1.29183e-02
 2.73904e-02
 2.73904e-02
 2.73904e-02
 2.73904e-02
 2.73904e-02
 2.73904e-02
 4.95432e-02
 4.95432e-02
 4.95432e-02
 4.95432e-02
 4.95432e-02
 4.95432e-02
 7.83056e-02
 7.83056e-02
 7.83056e-02
 7.83056e-02
 7.83056e-02
 7.83056e-02
 1.11651e-01
 1.11651e-01
 1.11651e-01
 1.11651e-01
 1.11651e-01
 1.11651e-01
 1.47872e-01
 1.47872e-01
 1.47872e-01
 1.47872e-01
 1.47872e-01
 1.47872e-01
 1.85926e-01
 1.85926e-01
 1.85926e-01
 1.85926e-01
 1.85926e-01
 1.85926e-01
 2.25190e-01
 2.25190e-01
 2.25190e-01
 2.25190e-01
 2.25190e-01
 2.25190e-01
 2.65229e-01
 2.65229e-01
 2.65229e-01
 2.65229e-01
 2.65229e-01
 2.65229e-01
 3.05862e-01
 3.05862e-01
 3.05862e-01
 3.05862e-01
 3.05862e-01
 3.05862e-01
 3.47036e-01
 3.47036e-01
 3.47036e-01
 3.47036e-01
 3.47036e-01
 3.47036e-01
 3.88796e-01
 3.88796e-01
 3.88796e-01
 3.88796e-01
 3.88796e-01
 3.88796e-01
 4.31178e-01
 4.31178e-01
 4.31178e-01
 4.31178e-01
 4.31178e-01
 4.31178e-01
 4.73508e-01
 4.73508e-01
 4.73508e-01
 4.73508e-01
 4.73508e-01
 4.73508e-01
 5.14088e-01
 5.14088e-01
 5.14088e-01
 5.14088e-01
 5.14088e-01
 5.14088e-01
 5.54760e-01
 5.54760e-01
 5.54760e-01
 5.54760e-01
 5.54760e-01
 5.54760e-01
 5.94480e-01
 5.94480e-01
 5.94480e-01
 5.94480e-01
 5.94480e-01
 5.94480e-01
 6.33760e-01
 6.33760e-01
 6.33760e-01
 6.33760e-01
 6.33760e-01
 6.33760e-01
 6.72448e-01
 6.72448e-01
 6.72448e-01
 6.72448e-01
 6.72448e-01
 6.72448e-01
 7.10075e-01
 7.10075e-01
 7.10075e-01
 7.10075e-01
 7.10075e-01
 7.10075e-01
 7.48004e-01
 7.48004e-01
 7.48004e-01
 7.48004e-01
 7.48004e-01
 7.48004e-01
 7.85283e-01
 7.85283e-01
 7.85283e-01
 7.85283e-01
 7.85283e-01
 7.85283e-01
 8.21012e-01
 8.21012e-01
 8.21012e-01
 8.21012e-01
 8.21012e-01
 8.21012e-01
 8.55205e-01
 8.55205e-01
 8.55205e-01
 8.55205e-01
 8.55205e-01
 8.55205e-01
 8.82239e-01
 8.82239e-01
 8.82239e-01
 8.82239e-01
 8.82239e-01
 8.82239e-01
 9.04350e-01
 9.04350e-01
 9.04350e-01
 9.04350e-01
 9.04350e-01
 9.04350e-01
 9.19771e-01
 9.19771e-01
 9.19771e-01
 9.19771e-01
 9.19771e-01
 9.19771e-01
 9.26102e-01
 9.26102e-01
 9.26102e-01
 9.26102e-01
 9.26102e-01
 9.26102e-01
 1.74733e-03
 1.74733e-03
 1.74733e-03
 1.74733e-03
 1.74733e-03
 1.74733e-03
 5.15283e-03
 5.15283e-03
 5.15283e-03
 5.15283e-03
 5.15283e-03
 5.15283e-03
 1.29183e-02
 1.29183e-02
 1.29183e-02
 1.29183e-02
 1.29183e-02
 1.29183e-02
 2.73904e-02
 2.73904e-02
 2.73904e-02
 2.73904e-02
 2.73904e-02
 2.73904e-02
 4.95432e-02
 4.95432e-02
 4.95432e-02
 4.95432e-02
 4.95432e-02
 4.95432e-02
 7.83056e-02
 7.83056e-02
 7.83056e-02
 7.83056e-02
 7.83056e-02
 7.83056e-02
 1.11651e-01
 1.11651e-01
 1.11651e-01
 1.11651e-01
 1.11651e-01
 1.11651e-01
 1.47872e-01
 1.47872e-01
 1.47872e-01
 1.47872e-01
 1.47872e-01
 1.47872e-01
 1.85926e-01
 1.85926e-01
 1.85926e-01
 1.85926e-01
 1.85926e-01
 1.85926e-01
 2.25190e-01
 2.25190e-01
 2.25190e-01
 2.25190e-01
 2.25190e-01
 2.25190e-01
 2.65229e-01
 2.65229e-01
 2.65229e-01
 2.65229e-01
 2.65229e-01
 2.65229e-01
 3.05862e-01
 3.05862e-01
 3.05862e-01
 3.05862e-01
 3.05862e-01
 3.05862e-01
 3.47036e-01
 3.47036e-01
 3.47036e-01
 3.47036e-01
 3.47036e-01
 3.47036e-01
 3.88796e-01
 3.88796e-01
 3.88796e-01
 3.88796e-01
 3.88796e-01
 3.88796e-01
 4.31178e-01
 4.31178e-01
 4.31178e-01
 4.31178e-01
 4.31178e-01
 4.31178e-01
 4.73508e-01
 4.73508e-01
 4.73508e-01
 4.73508e-01
 4.73508e-01
 4.73508e-01
 5.14088e-01
 5.14088e-01
 5.14088e-01
 5.14088e-01
 5.14088e-01
 5.14088e-01
 5.54760e-01
 5.54760e-01
 5.54760e-01
 5.54760e-01
 5.54760e-01
 5.54760e-01
 5.94480e-01
 5.94480e-01
 5.94480e-01
 5.94480e-01
 5.94480e-01
 5.94480e-01
 6.33760e-01
 6.33760e-01
 6.33760e-01
 6.33760e-01
 6.33760e-01
 6.33760e-01
 6.72448e-01
 6.72448e-01
 6.72448e-01
 6.72448e-01
 6.72448e-01
 6.72448e-01
 7.10075e-01
 7.10075e-01
 7.10075e-01
 7.10075e-01
 7.10075e-01
 7.10075e-01
 7.48004e-01
 7.48004e-01
 7.48004e-01
 7.48004e-01
 7.48004e-01
 7.48004e-01
 7.85283e-01
 7.85283e-01
 7.85283e-01
 7.85283e-01
 7.85283e-01
 7.85283e-01
 8.21012e-01
 8.21012e-01
 8.21012e-01
 8.21012e-01
 8.21012e-01
 8.21012e-01
 8.55205e-01
 8.55205e-01
 8.55205e-01
 8.55205e-01
 8.55205e-01
 8.55205e-01
 8.82239e-01
 8.82239e-01
 8.82239e-01
 8.82239e-01
 8.82239e-01
 8.82239e-01
 9.04350e-01
 9.04350e-01
 9.04350e-01
 9.04350e-01
 9.04350e-01
 9.04350e-01
 9.19771e-01
 9.19771e-01
 9.19771e-01
 9.19771e-01
 9.19771e-01
 9.19771e-01
 9.26102e-01
 9.26102e-01
 9.26102e-01
 9.26102e-01
 9.26102e-01
 9.26102e-01
 0.00000e+00
 0.00000e+00
 0.00000e+00
 0.00000e+00
 0.00000e+00
 0.00000e+00
 0.00000e+00
 0.00000e+00
 0.00000e+00
 0.00000e+00
 0.00000e+00
 0.00000e+00
 0.00000e+00
 0.00000e+00
 0.00000e+00
 0.00000e+00
 0.00000e+00
 0.00000e+00
 0.00000e+00
 0.00000e+00
 0.00000e+00
 0.00000e+00
 0.00000e+00
 0.00000e+00
 0.00000e+00
 0.00000e+00
 0.00000e+00
 0.00000e+00
 0.00000e+00
 0.00000e+00
 0.00000e+00
 0.00000e+00
 0.00000e+00
 0.00000e+00
 0.00000e+00
 0.00000e+00
 0.00000e+00
 0.00000e+00
 0.00000e+00
 0.00000e+00
 0.00000e+00
 0.00000e+00
 0.00000e+00
 0.00000e+00
 0.00000e+00
 0.00000e+00
 0.00000e+00
 0.00000e+00
 0.00000e+00
 0.00000e+00
 0.00000e+00
 0.00000e+00
 0.00000e+00
 0.00000e+00
 0.00000e+00
 0.00000e+00
 0.00000e+00
 0.00000e+00
 0.00000e+00
 0.00000e+00
 0.00000e+00
 0.00000e+00
 0.00000e+00
 0.00000e+00
 0.00000e+00
 0.00000e+00
 0.00000e+00
 0.00000e+00
 0.00000e+00
 0.00000e+00
 0.00000e+00
 0.00000e+00
 0.00000e+00
 0.00000e+00
 0.00000e+00
 0.00000e+00
 0.00000e+00
 0.00000e+00
 0.00000e+00
 0.00000e+00
 0.00000e+00
 0.00000e+00
 0.00000e+00
 0.00000e+00
 0.00000e+00
 0.00000e+00
 0.00000e+00
 0.00000e+00
 0.00000e+00
 0.00000e+00
 0.00000e+00
 0.00000e+00
 0.00000e+00
 0.00000e+00
 0.00000e+00
 0.00000e+00
 0.00000e+00
 0.00000e+00
 0.00000e+00
 0.00000e+00
 0.00000e+00
 0.00000e+00
 0.00000e+00
 0.00000e+00
 0.00000e+00
 0.00000e+00
 0.00000e+00
 0.00000e+00
 0.00000e+00
 0.00000e+00
 0.00000e+00
 0.00000e+00
 0.00000e+00
 0.00000e+00
 0.00000e+00
 0.00000e+00
 0.00000e+00
 0.00000e+00
 0.00000e+00
 0.00000e+00
 0.00000e+00
 0.00000e+00
 0.00000e+00
 0.00000e+00
 0.00000e+00
 0.00000e+00
 0.00000e+00
 0.00000e+00
 0.00000e+00
 0.00000e+00
 0.00000e+00
 0.00000e+00
 0.00000e+00
 0.00000e+00
 0.00000e+00
 0.00000e+00
 0.00000e+00
 0.00000e+00
 0.00000e+00
 0.00000e+00
 0.00000e+00
 0.00000e+00
 0.00000e+00
 0.00000e+00
 0.00000e+00
 0.00000e+00
 0.00000e+00
 0.00000e+00
 0.00000e+00
 0.00000e+00
 0.00000e+00
 0.00000e+00
 0.00000e+00
 0.00000e+00
 0.00000e+00
 0.00000e+00
 0.00000e+00
 0.00000e+00
 0.00000e+00
 0.00000e+00
 0.00000e+00
 0.00000e+00
 0.00000e+00
 0.00000e+00
 0.00000e+00
 0.00000e+00
 0.00000e+00
 0.00000e+00
 0.00000e+00
 0.00000e+00
 0.00000e+00
 0.00000e+00
 0.00000e+00
 0.00000e+00
 0.00000e+00
 0.00000e+00
 0.00000e+00
 0.00000e+00
 0.00000e+00
 0.00000e+00
-1.25924e-16
 5.51250e-16
 2.88028e-15
-9.71555e-16
 2.04150e-15
-3.63954e-15
 5.34046e-16
 1.26591e-15
 1.62182e-15
-3.71042e-15
 3.41043e-16
-5.01922e-15
-1.81317e-15
 3.82827e-16
-6.64478e-16
-3.84017e-15
 5.29517e-15
-1.80869e-17
 3.00968e-15
 1.09920e-15
-6.87440e-16
-2.15211e-15
 4.63085e-15
-1.96613e-15
 4.99819e-15
 4.47741e-15
 3.30834e-15
-2.59623e-15
 2.30875e-15
-2.14441e-15
 1.84323e-15
 1.98629e-16
 9.45712e-16
-2.14375e-15
 3.87194e-16
-4.44969e-15
 3.63111e-15
-6.01406e-17
 8.71778e-16
 2.04701e-15
 4.46422e-15
-3.04365e-15
 2.97890e-15
 1.52842e-15
 3.20135e-15
 1.08550e-16
 2.33976e-15
-2.82190e-15
 4.39644e-15
 2.58310e-15
 4.03084e-15
 2.26279e-15
 2.15565e-15
-6.12501e-15
 3.03407e-15
 8.52452e-16
 2.71966e-15
 1.49045e-15
 3.74078e-15
-2.07808e-15
 2.33009e-15
-2.72558e-16
 1.75142e-16
-5.01888e-16
 4.32858e-15
-4.76966e-16
-2.71985e-15
-4.37451e-15
-3.26264e-15
-3.96999e-15
 1.14932e-15
-3.22542e-15
-2.54674e-15
-3.69384e-15
-8.05088e-16
-4.19331e-15
-2.09443e-15
-2.20476e-15
 3.63138e-16
 9.50075e-18
 5.61949e-15
-3.17854e-16
-3.04081e-15
-2.82987e-15
-1.91883e-15
-1.18377e-15
 8.40579e-15
 4.45636e-15
-3.87202e-15
-6.95516e-15
-4.95581e-15
-3.08356e-15
 7.52185e-15
 4.78663e-15
-3.28602e-15
-7.08557e-15
-1.09541e-14
-6.11069e-15
 4.95604e-15
 2.21747e-15
-3.35632e-15
-7.29501e-15
-1.22338e-14
-7.78008e-15
 8.73018e-16
 1.42747e-16
-2.43025e-15
-7.60439e-15
-9.25400e-15
-5.84574e-15
 4.42003e-16
-7.76865e-16
-2.29217e-15
-8.56652e-15
-1.12346e-15
 8.66738e-17
 3.40234e-15
-2.65158e-15
-2.88433e-15
-6.06945e-15
 3.62475e-15
 1.50162e-15
 4.47058e-15
-2.56289e-15
-1.05127e-15
 1.49838e-15
 9.04684e-16
-2.35432e-15
 3.45577e-15
-6.13149e-16
 9.82148e-16
 2.20222e-15
-1.97379e-15
-3.95693e-15
 3.86851e-15
 8.94517e-16
-1.85085e-16
-4.79679e-16
-6.16641e-15
-5.00312e-15
 2.99349e-15
 5.16853e-16
-1.71399e-17
-3.11582e-15
-1.01359e-14
-5.83261e-15
 2.27163e-15
 7.77313e-16
 2.37244e-15
-1.10651e-15
-8.35955e-15
-4.54312e-15
 3.03913e-15
 8.32273e-16
 2.38058e-15
 3.18305e-16
-4.80607e-15
-2.32431e-15
 4.87758e-15
 1.21259e-15
 1.20183e-15
 6.70753e-16
-5.51084e-15
-2.06922e-15
 7.93935e-15
 2.38642e-15
-2.64209e-16
 8.06502e-16
-6.96121e-15
-1.50267e-15
 1.00631e-14
 1.99630e-15
-1.71417e-15
 1.93542e-15
-7.67751e-15
-2.72707e-15
 6.84321e-15
-2.52053e-15
-3.68713e-15
 3.88596e-15
 2.37240e-15
 2.58361e-15
-1.11070e-16
-1.32477e-15
 2.83262e-15
-5.19455e-15
 6.44734e-16
-4.02524e-16
-3.34447e-15
-1.73979e-15
 1.54875e-15
-8.81404e-15
 5.18298e-15
-1.99770e-16
-2.60201e-16
 1.38375e-15
 4.28415e-15
-2.29689e-15
-7.38196e-16
-8.40127e-16
-7.97727e-16
-8.02981e-16
 3.06991e-15
-5.40880e-15
 2.61606e-15
-5.15392e-16
-5.58243e-16
-4.70115e-16
 1.55236e-15
-5.03034e-15
 1.33193e-15
 1.17316e-15
 2.58780e-16
-1.68663e-15
 1.00621e-15
-7.76623e-15
-6.01901e-16
 2.60349e-15
 2.45862e-15
-5.39008e-16
 3.03174e-15
-6.34106e-15
-6.14677e-15
-1.46257e-15
-4.80396e-16
-1.06296e-15
 2.51632e-15
-8.82695e-15
-7.90972e-15
-2.13521e-15
 3.90751e-17
-3.35492e-15
 1.22606e-15
-6.57503e-15
-5.04475e-15
 4.71763e-16
 9.04664e-16
-3.85137e-15
-4.09106e-16
-8.29786e-15
-6.12326e-15
-6.35125e-16
 5.79964e-16
-3.74036e-15
-1.00833e-15
-9.24967e-15
-5.32384e-15
 5.31406e-16
-2.21182e-15
-5.39219e-15
 1.13314e-15
-7.51044e-15
-6.31543e-15
-1.17845e-15
-3.80474e-15
-3.76843e-15
 1.63098e-15
-8.76520e-15
-6.58881e-15
-2.38825e-15
-4.46832e-15
-3.91157e-15
 2.83737e-15
-6.66052e-15
-4.47290e-15
-6.31504e-16
-6.32251e-15
-5.48844e-15
 5.93358e-15
-2.54413e-15
-2.94479e-15
-1.08735e-16
-4.05018e-15
-3.48284e-15
 6.77493e-15
-1.07631e-16
-3.24032e-15
-3.16501e-15
-1.33351e-15
 5.48775e-16
 6.92329e-15
 2.21685e-15
-1.17774e-15
-5.26021e-16
 1.99533e-15
 4.64056e-15
 9.31970e-15
 1.30015e-15
-1.26347e-15
 2.81719e-15
 2.62884e-15
 4.06053e-15
 1.12883e-14
 1.44045e-15
-6.66040e-15
-8.20139e-16
-5.90116e-16
 1.63192e-15
 9.70108e-15
-1.62331e-15
-1.05396e-14
-1.09522e-15
-5.67511e-16
-2.12672e-15
 4.04759e-15
-8.07742e-15
-8.48295e-15
 2.05785e-15
 1.57791e-15
-5.11469e-15
 1.26557e-15
-7.51849e-15
-9.90034e-15
 2.36432e-16
-8.51637e-16
-8.06864e-15
 1.33689e-15
-4.92996e-15
-1.01660e-14
-1.64355e-15
-3.49074e-15
-8.27278e-15
 1.08976e-15
-5.07524e-15
-6.16191e-15
 1.67144e-15
-2.92587e-15
-6.95368e-15
 2.19273e-15
-6.65501e-15
-7.55314e-15
 1.07467e-15
-5.59092e-15
-8.57360e-15
 2.80692e-15
-8.73932e-15
-7.87001e-15
-6.28288e-16
-1.08168e-14
-9.66222e-15
 4.98611e-15
-7.57326e-15
-8.18891e-15
-2.16413e-15
-1.15540e-14
-1.11178e-14
 3.09526e-15
-7.44075e-15
-8.17476e-15
-2.04634e-15
-9.83194e-15
-1.20638e-14
-7.07622e-16
-6.67244e-15
-5.18235e-15
 2.36653e-15
-3.90656e-15
-9.90003e-15
-9.13830e-16
-5.12927e-15
 1.52720e-15
-1.04456e-15
 2.59057e-15
 3.65743e-16
 9.54259e-16
-2.95396e-15
-1.82791e-16
-4.21081e-17
 1.82728e-15
-1.08275e-15
-2.81108e-16
-5.25624e-15
-4.95706e-15
 1.02029e-15
 2.30207e-15
-4.40863e-15
 7.11341e-17
-4.96303e-15
-5.57411e-17
 4.07364e-16
 1.56275e-15
-2.81635e-15
-1.98971e-15
-9.15067e-15
 6.13449e-16
 1.09451e-15
 5.85704e-16
-1.19648e-15
 4.37219e-15
-1.63268e-15
 3.32247e-16
-1.61294e-15
-1.26454e-15
-2.42820e-15
 6.63310e-16
-3.17922e-15
 9.08898e-16
-7.49333e-16
 8.60179e-16
-1.90247e-15
-2.99521e-15
-7.92685e-15
 2.53343e-15
 3.91941e-16
-5.03371e-16
-2.95768e-15
-3.37090e-17
-3.12332e-15
 3.97974e-15
-3.07077e-16
-3.20287e-15
-2.67856e-16
 3.64935e-15
-4.43848e-15
 5.22173e-15
 1.51656e-15
 7.86448e-17
 1.20947e-15
 5.38163e-15
-4.14402e-16
 8.95209e-15
 5.80042e-15
 4.42617e-15
 1.84656e-15
 4.83502e-15
 1.34633e-16
 1.34097e-15
-2.73217e-15
-7.16123e-16
-1.55818e-15
-1.02125e-15
-5.49547e-15
 1.35505e-15
-3.82138e-15
-3.85737e-15
-3.09647e-15
-1.18413e-15
-4.19548e-15
 6.48288e-15
-2.48960e-16
-2.92078e-15
 1.03591e-15
 3.81837e-15
-3.87046e-16
 1.81246e-15
-3.01050e-15
-1.03055e-15
 2.06815e-15
 3.93889e-15
 2.37566e-15
 3.36689e-15
 3.16464e-16
 7.72491e-16
 2.53536e-15
 5.99765e-15
 2.83433e-15
 3.41671e-15
 1.57993e-15
-1.33792e-15
-2.48006e-16
 5.27633e-15
-9.53426e-16
-8.51103e-16
-3.69772e-15
-4.09802e-15
-3.92707e-15
 6.03344e-16
-3.45855e-15
-1.51529e-15
-6.62854e-15
-4.74534e-15
-4.92056e-15
-1.62645e-15
-2.82759e-15
 4.56766e-15
-3.55766e-15
-4.08885e-15
-4.31159e-15
 3.41023e-16
 4.35362e-15
 1.19102e-14
-1.32048e-15
-5.88778e-15
-1.48207e-15
 6.84556e-15
 7.84934e-15
 1.08492e-14
-1.77431e-15
-8.62297e-15
 9.50522e-16
 9.38082e-15
 5.37760e-15
 1.16983e-14
-4.55214e-16
-6.54635e-15
 2.24167e-15
 8.75585e-15
 4.33589e-15
 9.45156e-15
-1.17493e-15
-4.95101e-15
 2.07160e-15
 6.62479e-15
 2.18909e-15
 4.25729e-15
-4.70897e-15
-3.02841e-15
 2.31874e-15
 3.69373e-15
 2.28756e-15
 4.99254e-15
-5.51537e-15
-3.13320e-16
 3.33495e-15
 9.22050e-16
 2.13187e-15
 8.29398e-15
-5.00099e-15
 8.91560e-16
 4.29356e-15
-8.21007e-16
 1.57198e-15
 1.40220e-14
-1.20825e-15
 3.23317e-16
 5.20535e-15
 2.44604e-15
 4.04652e-15
 2.09518e-14
 3.40187e-15
-2.65513e-15
 6.36524e-15
 9.61690e-15
 6.23837e-15
 1.80764e-14
 1.42054e-15
-6.39289e-15
 5.91711e-15
 1.08448e-14
 5.85813e-15
-2.27880e-15
-2.30737e-16
 7.85372e-16
-2.29478e-15
 3.47383e-15
-1.73953e-15
-9.42674e-16
 6.86003e-16
 3.00629e-16
-1.86604e-15
 3.02371e-15
-4.62488e-15
 4.77497e-15
 1.75082e-15
 2.55648e-15
 1.52929e-15
 1.70595e-15
-6.75801e-15
 1.30537e-15
 2.22503e-15
 1.55742e-15
-1.81599e-15
 8.90777e-16
-7.02716e-15
 1.98143e-15
 1.92962e-15
 2.58067e-15
-2.89946e-16
 9.05442e-16
-7.36001e-15
-1.62360e-15
 5.97491e-16
 2.04053e-15
 1.76379e-16
 2.35077e-15
-7.06379e-15
-7.50673e-16
 2.14336e-15
 3.22597e-15
 1.09487e-15
 6.03790e-15
-1.66270e-15
-2.61884e-15
-2.05019e-16
 2.69964e-15
 7.22959e-16
 4.55868e-15
-2.15608e-15
-3.83541e-16
 8.31263e-16
 3.44479e-15
 2.05408e-15
 2.08685e-15
-4.79778e-15
 1.21698e-15
 4.14036e-16
 5.02347e-16
 8.00425e-16
 3.09283e-15
-4.22560e-15
-3.76644e-15
-3.58986e-15
-3.24201e-15
-2.16007e-15
 3.15776e-15
-5.05181e-15
-3.71263e-15
-2.39439e-15
-4.32066e-15
-5.22901e-15
 2.74742e-15
-4.25750e-15
-4.50541e-15
-2.43449e-16
-2.20901e-15
-3.96236e-15
 6.74300e-16
-7.59486e-15
-4.37191e-15
 1.13689e-16
 3.12911e-15
-3.31891e-16
-2.04495e-15
-1.10171e-14
 3.14675e-16
 1.16968e-15
 2.30515e-15
 2.31564e-15
-1.62355e-15
-1.36813e-14
 4.82047e-16
 8.03846e-16
 1.87262e-15
 3.87744e-15
 8.05103e-16
-1.30840e-14
-1.12675e-15
 1.02798e-16
 1.61907e-15
 2.50697e-15
 9.45403e-16
-1.13976e-14
 1.40228e-15
 3.88005e-15
 2.08406e-15
 2.38196e-15
 2.84019e-15
-9.56185e-15
 1.19377e-15
 5.06856e-15
 3.01089e-15
 4.75809e-15
 7.27992e-15
-7.81501e-15
-6.28500e-15
 4.22048e-16
 1.49029e-15
 6.60576e-15
 7.60047e-15
-1.07936e-14
-1.53071e-14
-4.07798e-15
 1.23235e-15
 4.99766e-15
 5.33406e-15
-1.11941e-14
-1.44683e-14
-5.18419e-15
 2.31959e-15
 5.48528e-15
 4.90774e-15
-9.58961e-15
-1.44457e-14
-6.69636e-15
 2.37281e-15
 6.94247e-15
 5.60430e-15
-8.12071e-15
-1.11093e-14
-5.14371e-15
 1.90554e-15
 5.59874e-15
 5.64070e-15
-5.58277e-15
-1.99513e-15
-5.75295e-17
 2.91195e-16
 2.60157e-15
 6.07686e-15
-2.68814e-15
-2.23508e-15
-2.52443e-17
-9.72624e-16
 1.06509e-15
 7.31285e-15
-2.05849e-16
-7.20206e-15
-5.50285e-16
 1.33627e-15
 2.59028e-15
 8.69275e-15
-3.34187e-16
-1.59890e-14
-3.19157e-15
 5.17640e-15
 5.60001e-15
 5.88303e-15
-5.42962e-15
-1.86007e-14
-4.75698e-15
 8.25629e-15
 9.98919e-15
 3.50347e-15
-1.08059e-14
-1.72835e-14
-3.53548e-15
 1.11357e-14
 9.58401e-15
 1.91215e-15
-1.12531e-14
 0.00000e+00
 0.00000e+00
 0.00000e+00
 0.00000e+00
 0.00000e+00
 0.00000e+00
 0.00000e+00
 0.00000e+00
 0.00000e+00
 0.00000e+00
 0.00000e+00
 0.00000e+00
 0.00000e+00
 0.00000e+00
 0.00000e+00
 0.00000e+00
 0.00000e+00
 0.00000e+00
 0.00000e+00
 0.00000e+00
 0.00000e+00
 0.00000e+00
 0.00000e+00
 0.00000e+00
 0.00000e+00
 0.00000e+00
 0.00000e+00
 0.00000e+00
 0.00000e+00
 0.00000e+00
 0.00000e+00
 0.00000e+00
 0.00000e+00
 0.00000e+00
 0.00000e+00
 0.00000e+00
 0.00000e+00
 0.00000e+00
 0.00000e+00
 0.00000e+00
 0.00000e+00
 0.00000e+00
 0.00000e+00
 0.00000e+00
 0.00000e+00
 0.00000e+00
 0.00000e+00
 0.00000e+00
 0.00000e+00
 0.00000e+00
 0.00000e+00
 0.00000e+00
 0.00000e+00
 0.00000e+00
 0.00000e+00
 0.00000e+00
 0.00000e+00
 0.00000e+00
 0.00000e+00
 0.00000e+00
 0.00000e+00
 0.00000e+00
 0.00000e+00
 0.00000e+00
 0.00000e+00
 0.00000e+00
 0.00000e+00
 0.00000e+00
 0.00000e+00
 0.00000e+00
 0.00000e+00
 0.00000e+00
 0.00000e+00
 0.00000e+00
 0.00000e+00
 0.00000e+00
 0.00000e+00
 0.00000e+00
 0.00000e+00
 0.00000e+00
 0.00000e+00
 0.00000e+00
 0.00000e+00
 0.00000e+00
 0.00000e+00
 0.00000e+00
 0.00000e+00
 0.00000e+00
 0.00000e+00
 0.00000e+00
 0.00000e+00
 0.00000e+00
 0.00000e+00
 0.00000e+00
 0.00000e+00
 0.00000e+00
 0.00000e+00
 0.00000e+00
 0.00000e+00
 0.00000e+00
 0.00000e+00
 0.00000e+00
 0.00000e+00
 0.00000e+00
 0.00000e+00
 0.00000e+00
 0.00000e+00
 0.00000e+00
 0.00000e+00
 0.00000e+00
 0.00000e+00
 0.00000e+00
 0.00000e+00
 0.00000e+00
 0.00000e+00
 0.00000e+00
 0.00000e+00
 0.00000e+00
 0.00000e+00
 0.00000e+00
 0.00000e+00
 0.00000e+00
 0.00000e+00
 0.00000e+00
 0.00000e+00
 0.00000e+00
 0.00000e+00
 0.00000e+00
 0.00000e+00
 0.00000e+00
 0.00000e+00
 0.00000e+00
 0.00000e+00
 0.00000e+00
 0.00000e+00
 0.00000e+00
 0.00000e+00
 0.00000e+00
 0.00000e+00
 0.00000e+00
 0.00000e+00
 0.00000e+00
 0.00000e+00
 0.00000e+00
 0.00000e+00
 0.00000e+00
 0.00000e+00
 0.00000e+00
 0.00000e+00
 0.00000e+00
 0.00000e+00
 0.00000e+00
 0.00000e+00
 0.00000e+00
 0.00000e+00
 0.00000e+00
 0.00000e+00
 0.00000e+00
 0.00000e+00
 0.00000e+00
 0.00000e+00
 0.00000e+00
 0.00000e+00
 0.00000e+00
 0.00000e+00
 0.00000e+00
 0.00000e+00
 0.00000e+00
 0.00000e+00
 0.00000e+00
 0.00000e+00
 0.00000e+00
 0.00000e+00
 0.00000e+00
 0.00000e+00
 0.00000e+00
 0.00000e+00
 0.00000e+00
 0.00000e+00
 0.00000e+00
part
         3
coordinates
 0.00000e+00
-5.81789e-15
 2.11336e-15
-2.37900e-15
-1.52667e-15
 0.00000e+00
 0.00000e+00
-2.54818e-15
-6.94687e-16
 3.29700e-17
-2.41924e-15
 0.00000e+00
 0.00000e+00
-2.15274e-15
-5.19905e-15
 7.45651e-15
-5.40935e-15
 0.00000e+00
 0.00000e+00
-4.70210e-15
-5.26850e-15
 1.49302e-14
-1.23478e-14
 0.00000e+00
 0.00000e+00
-5.90323e-15
 5.22559e-16
 1.19278e-14
-1.50248e-14
 0.00000e+00
 0.00000e+00
-6.64864e-15
 8.13405e-15
 4.88529e-15
-1.54219e-14
 0.00000e+00
 0.00000e+00
-8.39760e-15
 9.80733e-15
 4.65005e-15
-1.58133e-14
 0.00000e+00
 0.00000e+00
-1.00427e-14
 9.15952e-15
 8.47537e-15
-1.84864e-14
 0.00000e+00
 0.00000e+00
-9.87576e-15
 4.01203e-15
 1.56908e-14
-2.41075e-14
 0.00000e+00
 0.00000e+00
-9.63231e-15
-5.40019e-15
 2.27001e-14
-2.82665e-14
 0.00000e+00
 0.00000e+00
-7.80129e-15
-1.01565e-14
 2.64634e-14
-2.77243e-14
 0.00000e+00
 0.00000e+00
-5.93593e-15
-1.28874e-14
 2.72601e-14
-2.20510e-14
 0.00000e+00
 0.00000e+00
-5.15979e-15
-1.29186e-14
 2.74462e-14
-1.54302e-14
 0.00000e+00
 0.00000e+00
-6.34619e-15
-1.09352e-14
 2.63361e-14
-1.55965e-14
 0.00000e+00
 0.00000e+00
-8.11619e-15
-4.67079e-15
 2.43899e-14
-1.72150e-14
 0.00000e+00
 0.00000e+00
-1.13747e-14
 3.93105e-15
 2.20381e-14
-2.05860e-14
 0.00000e+00
 0.00000e+00
-1.44651e-14
 1.46473e-14
 1.85555e-14
-2.31666e-14
 0.00000e+00
 0.00000e+00
-1.32914e-14
 2.10560e-14
 1.40694e-14
-2.54820e-14
 0.00000e+00
 0.00000e+00
-8.06632e-15
 1.90551e-14
 1.20948e-14
-2.48706e-14
 0.00000e+00
 0.00000e+00
-5.89944e-16
 1.85814e-14
 8.84471e-15
-1.83772e-14
 0.00000e+00
 0.00000e+00
 3.55379e-15
 1.58430e-14
-6.27182e-16
-7.90147e-15
 0.00000e+00
 0.00000e+00
 5.60603e-15
 1.57534e-14
-1.01408e-14
 4.13832e-15
 0.00000e+00
 0.00000e+00
 5.77759e-15
 1.69153e-14
-8.81121e-15
 2.18485e-15
 0.00000e+00
 0.00000e+00
 6.96836e-15
 7.42787e-15
 3.19747e-15
-6.41776e-15
 0.00000e+00
 0.00000e+00
 4.01418e-15
-6.33117e-15
 7.70568e-15
-5.84209e-15
 0.00000e+00
 0.00000e+00
-7.61733e-16
-7.54085e-15
 1.50817e-15
-3.50203e-16
 0.00000e+00
 0.00000e+00
-2.99813e-15
-3.68542e-15
-5.37253e-16
 3.39022e-17
 0.00000e+00
 0.00000e+00
 7.34233e-16
 4.77306e-16
 2.12119e-15
-2.51206e-15
 0.00000e+00
 0.00000e+00
 1.78566e-15
 6.02566e-15
 1.28340e-15
-3.79839e-15
 0.00000e+00
 0.00000e+00
-4.81035e-16
 1.03834e-14
 2.08049e-15
-1.69710e-15
 0.00000e+00
 0.00000e+00
-2.12690e-15
 5.67919e-15
-6.95380e-15
 2.41131e-15
 0.00000e+00
 0.00000e+00
 2.32580e-16
 3.70136e-15
-7.10929e-15
 2.73587e-15
 0.00000e+00
 0.00000e+00
 2.17154e-15
 5.74043e-16
-3.49263e-15
 7.53646e-16
 0.00000e+00
 0.00000e+00
 1.45327e-15
 2.80803e-16
-2.56485e-16
-3.22932e-15
 0.00000e+00
 0.00000e+00
-1.61099e-15
 4.78572e-15
-2.53619e-15
-3.11471e-15
 0.00000e+00
 0.00000e+00
-2.27603e-15
 7.11763e-15
-5.19178e-15
-1.42363e-15
 0.00000e+00
 0.00000e+00
-1.18297e-15
 6.27513e-15
-4.86307e-15
-4.88163e-16
 0.00000e+00
 0.00000e+00
-3.54229e-16
 5.95153e-15
-3.14641e-15
-1.80306e-15
 0.00000e+00
 0.00000e+00
-1.33800e-15
 5.73437e-15
-2.03933e-15
-5.35089e-15
 0.00000e+00
 0.00000e+00
-3.89299e-15
 6.11457e-15
-2.16609e-15
-5.89008e-15
 0.00000e+00
 0.00000e+00
-7.08708e-15
 8.29333e-15
-3.00032e-15
-4.10479e-15
 0.00000e+00
 0.00000e+00
-1.15281e-14
 1.19260e-14
-4.98423e-15
 1.23064e-15
 0.00000e+00
 0.00000e+00
-1.27632e-14
 1.49736e-14
-7.40520e-15
 8.61445e-15
 0.00000e+00
 0.00000e+00
-1.28339e-14
 1.53338e-14
-1.02802e-14
 9.68593e-15
 0.00000e+00
 0.00000e+00
-1.15584e-14
 1.64497e-14
-1.08958e-14
 9.32369e-15
 0.00000e+00
 0.00000e+00
-9.02841e-15
 1.81697e-14
-1.05520e-14
 6.72163e-15
 0.00000e+00
 0.00000e+00
-6.33411e-15
 2.04834e-14
-7.34791e-15
 2.22862e-15
 0.00000e+00
 0.00000e+00
-4.31581e-15
 1.95832e-14
-2.35909e-15
-3.47670e-15
 0.00000e+00
 0.00000e+00
-1.16691e-15
 1.45126e-14
 4.80198e-15
-1.05220e-14
 0.00000e+00
 0.00000e+00
 4.44957e-15
 1.05652e-14
 1.01039e-14
-9.75267e-15
 0.00000e+00
 0.00000e+00
 6.30413e-15
 4.70528e-15
 9.53861e-15
-8.19721e-15
 0.00000e+00
 0.00000e+00
 8.54764e-15
-5.19059e-16
 6.49716e-15
-2.08081e-15
 0.00000e+00
 0.00000e+00
 9.48722e-15
 2.53442e-15
 2.54842e-15
-1.30770e-15
 0.00000e+00
 0.00000e+00
 6.23745e-15
 3.14775e-15
 4.61569e-15
-3.84112e-15
 0.00000e+00
 0.00000e+00
-9.35405e-16
 3.24883e-15
 2.61867e-15
-1.30906e-15
 0.00000e+00
 0.00000e+00
-2.53870e-15
 1.20305e-15
-2.47488e-15
 2.02717e-15
 0.00000e+00
 0.00000e+00
 1.08151e-15
-2.95579e-15
-9.28019e-17
 7.17768e-16
 0.00000e+00
 0.00000e+00
 6.63907e-15
-5.37890e-15
 7.17343e-15
-2.41374e-15
 0.00000e+00
 0.00000e+00
 5.50426e-15
-2.87567e-15
 6.72135e-15
-6.08939e-15
 0.00000e+00
 0.00000e+00
 6.10733e-16
 4.65442e-15
 5.69980e-15
-5.25803e-15
 0.00000e+00
 0.00000e+00
 1.00623e-14
-6.77743e-15
 2.29843e-15
 9.13209e-16
 0.00000e+00
 0.00000e+00
 1.02029e-14
-9.42929e-15
 3.94849e-15
 5.61245e-16
 0.00000e+00
 0.00000e+00
 1.17817e-14
-1.00210e-14
 3.23590e-15
 1.10165e-15
 0.00000e+00
 0.00000e+00
 1.38405e-14
-9.28095e-15
-1.20575e-15
 3.42462e-15
 0.00000e+00
 0.00000e+00
 1.10880e-14
-5.54633e-15
-8.54799e-15
 8.53905e-15
 0.00000e+00
 0.00000e+00
 5.16656e-15
-1.74701e-15
-1.08956e-14
 1.20350e-14
 0.00000e+00
 0.00000e+00
 4.41891e-15
-9.92006e-16
-1.05595e-14
 1.23372e-14
 0.00000e+00
 0.00000e+00
 7.06005e-15
-2.22737e-15
-7.36305e-15
 1.10396e-14
 0.00000e+00
 0.00000e+00
 1.12453e-14
-6.52007e-15
-6.44099e-16
 6.11925e-15
 0.00000e+00
 0.00000e+00
 1.30531e-14
-1.20210e-14
 5.60962e-15
 4.88580e-15
 0.00000e+00
 0.00000e+00
 1.35282e-14
-1.47077e-14
 9.72267e-15
 5.08547e-15
 0.00000e+00
 0.00000e+00
 1.23203e-14
-1.55998e-14
 1.30342e-14
 5.30970e-15
 0.00000e+00
 0.00000e+00
 1.06556e-14
-1.47346e-14
 1.30870e-14
 6.63815e-15
 0.00000e+00
 0.00000e+00
 1.00252e-14
-1.44555e-14
 9.64723e-15
 9.26314e-15
 0.00000e+00
 0.00000e+00
 1.12904e-14
-1.36633e-14
 5.04878e-15
 1.28855e-14
 0.00000e+00
 0.00000e+00
 1.31493e-14
-1.28173e-14
-4.08492e-16
 1.62002e-14
 0.00000e+00
 0.00000e+00
 1.28834e-14
-1.07598e-14
-7.21975e-16
 1.72230e-14
 0.00000e+00
 0.00000e+00
 8.74402e-15
-7.59271e-15
 4.74766e-16
 1.62312e-14
 0.00000e+00
 0.00000e+00
 3.27615e-15
-6.21846e-15
 3.34577e-15
 1.29851e-14
 0.00000e+00
 0.00000e+00
 2.87113e-16
-3.11219e-15
 7.70300e-15
 8.52771e-15
 0.00000e+00
 0.00000e+00
-2.71143e-15
-3.24877e-15
 1.00691e-14
 2.08587e-15
 0.00000e+00
 0.00000e+00
-8.09902e-16
-4.63435e-15
 9.69675e-15
 1.27450e-15
 0.00000e+00
 0.00000e+00
 2.16824e-15
-2.11121e-15
 5.82988e-15
 1.76415e-15
 0.00000e+00
 0.00000e+00
 3.48037e-16
 4.01038e-15
 2.11992e-15
 2.39068e-15
 0.00000e+00
 0.00000e+00
-4.45067e-17
 8.20981e-15
-6.34486e-16
 2.60110e-15
 0.00000e+00
 0.00000e+00
 4.81806e-16
 6.40543e-15
-2.78569e-15
 2.81047e-15
 0.00000e+00
 0.00000e+00
 2.02483e-15
 2.38818e-15
-1.86589e-15
 3.76756e-15
 0.00000e+00
 0.00000e+00
 1.15272e-15
 2.80418e-15
-1.79628e-15
 4.68214e-15
 0.00000e+00
 0.00000e+00
-3.34161e-15
 3.50313e-15
-1.68643e-15
 1.84451e-15
 0.00000e+00
 0.00000e+00
-4.97076e-15
 6.05650e-15
-8.05571e-16
-1.11292e-16
 0.00000e+00
 0.00000e+00
 6.86741e-15
-5.10551e-15
 4.11643e-15
 2.08939e-15
 0.00000e+00
 0.00000e+00
 3.86470e-15
-6.03141e-15
 6.98125e-15
 1.22987e-15
 0.00000e+00
 0.00000e+00
 2.79398e-15
-8.32480e-15
 9.45779e-15
 2.41545e-15
 0.00000e+00
 0.00000e+00
 3.54577e-15
-1.20569e-14
 8.66078e-15
 5.64122e-15
 0.00000e+00
 0.00000e+00
 2.28756e-15
-1.05389e-14
 4.01674e-15
 8.16808e-15
 0.00000e+00
 0.00000e+00
-2.18679e-15
-4.49657e-15
-5.68943e-16
 7.91582e-15
 0.00000e+00
 0.00000e+00
-5.17749e-15
 1.33360e-16
-1.30431e-15
 6.26653e-15
 0.00000e+00
 0.00000e+00
-4.31713e-15
 1.37385e-16
 1.93592e-15
 4.50615e-15
 0.00000e+00
 0.00000e+00
-1.60047e-15
-3.89473e-15
 1.09735e-14
-4.21803e-16
 0.00000e+00
 0.00000e+00
 1.56867e-16
-9.54032e-15
 1.82569e-14
-2.27665e-15
 0.00000e+00
 0.00000e+00
 2.45270e-15
-1.42462e-14
 2.27560e-14
-1.86307e-15
 0.00000e+00
 0.00000e+00
 3.40666e-15
-1.81640e-14
 2.61101e-14
-1.69199e-15
 0.00000e+00
 0.00000e+00
 3.11251e-15
-1.81204e-14
 2.66795e-14
-1.09719e-15
 0.00000e+00
 0.00000e+00
 9.77323e-16
-1.77068e-14
 2.46542e-14
 1.12951e-15
 0.00000e+00
 0.00000e+00
-7.91554e-16
-1.50462e-14
 2.14919e-14
 4.98785e-15
 0.00000e+00
 0.00000e+00
-2.61495e-15
-1.45897e-14
 1.62744e-14
 9.34098e-15
 0.00000e+00
 0.00000e+00
-4.95679e-15
-1.49237e-14
 1.27531e-14
 1.58063e-14
 0.00000e+00
 0.00000e+00
-8.28678e-15
-1.55898e-14
 1.09507e-14
 1.85130e-14
 0.00000e+00
 0.00000e+00
-8.58627e-15
-1.48348e-14
 8.86407e-15
 1.72303e-14
 0.00000e+00
 0.00000e+00
-6.65011e-15
-1.14518e-14
 1.06138e-14
 1.14001e-14
 0.00000e+00
 0.00000e+00
-4.92332e-15
-8.94292e-15
 9.88427e-15
 4.73870e-15
 0.00000e+00
 0.00000e+00
-1.58203e-15
-4.68046e-15
 6.83075e-15
 5.90984e-15
 0.00000e+00
 0.00000e+00
 2.37023e-15
-1.42537e-15
 6.29156e-15
 7.62367e-15
 0.00000e+00
 0.00000e+00
 4.69234e-15
-2.48752e-15
 7.93409e-15
 5.61890e-15
 0.00000e+00
 0.00000e+00
 5.37629e-15
 1.22976e-15
 8.40640e-15
 8.38037e-16
 0.00000e+00
 0.00000e+00
 3.12831e-15
 6.11523e-15
 3.92225e-15
 1.11142e-15
 0.00000e+00
 0.00000e+00
-9.01950e-16
 6.71759e-15
-5.30474e-16
 3.29236e-15
 0.00000e+00
 0.00000e+00
-4.57160e-15
 7.14673e-15
-1.24818e-15
 8.89002e-15
 0.00000e+00
 0.00000e+00
-6.29453e-15
 4.90036e-15
-2.20410e-16
 9.40291e-15
 0.00000e+00
 0.00000e+00
-4.03286e-15
-9.34548e-16
 3.20909e-15
 7.78296e-15
 0.00000e+00
 0.00000e+00
-3.13840e-15
 4.25403e-15
-2.57947e-15
 3.16280e-15
 0.00000e+00
 0.00000e+00
-4.66139e-15
 5.60577e-15
-3.18662e-15
 3.04391e-15
 0.00000e+00
 0.00000e+00
-3.65220e-15
 3.63041e-15
 6.58771e-16
 4.09068e-16
 0.00000e+00
 0.00000e+00
-3.10399e-15
-2.26991e-15
 6.51475e-15
-3.22339e-15
 0.00000e+00
 0.00000e+00
-2.20215e-15
-2.76169e-15
 4.94111e-15
-2.66551e-15
 0.00000e+00
 0.00000e+00
-1.29703e-15
-1.92056e-15
 1.33498e-15
-2.12183e-15
 0.00000e+00
 0.00000e+00
-1.36616e-15
-9.19053e-16
 1.13989e-15
-3.52373e-15
 0.00000e+00
 0.00000e+00
-1.12870e-15
 1.44194e-15
 3.31533e-15
-6.16025e-15
 0.00000e+00
 0.00000e+00
-1.99659e-15
 5.30919e-15
 3.73933e-15
-8.35489e-15
 0.00000e+00
 0.00000e+00
-4.27196e-15
 9.67875e-15
 2.04554e-15
-7.81681e-15
 0.00000e+00
 0.00000e+00
-4.85472e-15
 1.25250e-14
-5.53962e-16
-5.83635e-15
 0.00000e+00
 0.00000e+00
-4.15238e-15
 1.20219e-14
-1.60831e-15
-3.14481e-15
 0.00000e+00
 0.00000e+00
-3.52742e-15
 1.09371e-14
-1.32565e-15
-5.87687e-16
 0.00000e+00
 0.00000e+00
-3.98346e-15
 9.77214e-15
-1.05519e-15
-3.88380e-16
 0.00000e+00
 0.00000e+00
-4.70125e-15
 1.00894e-14
-4.10593e-16
-1.01051e-15
 0.00000e+00
 0.00000e+00
-7.20373e-15
 9.43218e-15
 1.16902e-15
-2.87781e-15
 0.00000e+00
 0.00000e+00
-6.88206e-15
 6.48132e-15
 4.80673e-15
-3.76617e-15
 0.00000e+00
 0.00000e+00
-4.69646e-15
 5.72794e-16
 8.28326e-15
-4.93729e-15
 0.00000e+00
 0.00000e+00
-2.05723e-15
-4.97517e-15
 8.31872e-15
-4.84886e-15
 0.00000e+00
 0.00000e+00
 1.40228e-15
-7.43307e-15
 9.20087e-15
-4.53001e-15
 0.00000e+00
 0.00000e+00
 3.99618e-15
-1.00628e-14
 9.44060e-15
-3.68331e-15
 0.00000e+00
 0.00000e+00
 5.95713e-15
-7.91334e-15
 8.53529e-15
-8.77916e-16
 0.00000e+00
 0.00000e+00
 5.74382e-15
-1.84431e-15
 9.12374e-15
-3.05382e-16
 0.00000e+00
 0.00000e+00
 4.74409e-15
-2.22795e-15
 1.02998e-14
-2.44188e-15
 0.00000e+00
 0.00000e+00
 4.17389e-15
-2.70366e-16
 7.92604e-15
-4.32094e-15
 0.00000e+00
 0.00000e+00
 3.16477e-15
 3.16235e-15
 1.46225e-15
-3.34483e-15
 0.00000e+00
 0.00000e+00
 2.08356e-15
 3.37648e-15
 5.32765e-16
-1.04622e-15
 0.00000e+00
 0.00000e+00
 3.12984e-16
 2.59591e-15
 2.52341e-15
 1.96416e-15
 0.00000e+00
 0.00000e+00
-3.93952e-15
-2.98196e-16
 5.56207e-15
 1.23108e-15
 0.00000e+00
 0.00000e+00
-3.85904e-15
-5.40835e-15
 8.86102e-15
-5.47607e-16
 0.00000e+00
 0.00000e+00
 2.98693e-15
 6.69245e-15
 9.10063e-15
 5.76023e-15
 0.00000e+00
 0.00000e+00
 6.25931e-15
 5.79366e-15
 8.39174e-15
 5.10017e-15
 0.00000e+00
 0.00000e+00
 1.28666e-14
 4.76831e-15
 8.93283e-15
-7.37996e-16
 0.00000e+00
 0.00000e+00
 1.43163e-14
 2.57645e-15
 1.06151e-14
-8.88800e-15
 0.00000e+00
 0.00000e+00
 1.58487e-14
 9.52936e-16
 7.90333e-15
-8.11946e-15
 0.00000e+00
 0.00000e+00
 1.61874e-14
-4.64359e-16
 1.57036e-15
-4.23909e-15
 0.00000e+00
 0.00000e+00
 1.65440e-14
-1.92350e-15
 2.05114e-15
-5.06868e-15
 0.00000e+00
 0.00000e+00
 1.76200e-14
-2.57227e-16
 6.69429e-15
-8.97250e-15
 0.00000e+00
 0.00000e+00
 1.92675e-14
 1.70423e-15
 1.13045e-14
-1.22300e-14
 0.00000e+00
 0.00000e+00
 2.24284e-14
 2.17111e-15
 1.21110e-14
-1.28793e-14
 0.00000e+00
 0.00000e+00
 2.50374e-14
 8.67120e-16
 1.30320e-14
-1.15770e-14
 0.00000e+00
 0.00000e+00
 2.80631e-14
-3.87727e-15
 1.54432e-14
-1.13662e-14
 0.00000e+00
 0.00000e+00
 3.13538e-14
-1.02582e-14
 1.78391e-14
-1.22259e-14
 0.00000e+00
 0.00000e+00
 3.23664e-14
-1.19483e-14
 1.76815e-14
-1.47540e-14
 0.00000e+00
 0.00000e+00
 3.19824e-14
-1.08154e-14
 1.67994e-14
-1.81808e-14
 0.00000e+00
 0.00000e+00
 2.72815e-14
-6.04808e-15
 1.64544e-14
-2.28201e-14
 0.00000e+00
 0.00000e+00
 2.24821e-14
-2.63600e-15
 1.77631e-14
-2.56639e-14
 0.00000e+00
 0.00000e+00
 1.99090e-14
-1.73829e-15
 1.76057e-14
-2.59025e-14
 0.00000e+00
 0.00000e+00
 1.67332e-14
-1.01682e-15
 1.46316e-14
-2.19279e-14
 0.00000e+00
 0.00000e+00
 1.20441e-14
 3.77760e-15
 5.16272e-15
-1.01213e-14
 0.00000e+00
 0.00000e+00
 6.40002e-15
 5.72804e-15
 2.25794e-15
 2.82152e-15
 0.00000e+00
 0.00000e+00
 4.07844e-15
 7.64983e-15
 6.28835e-15
 1.73936e-15
 0.00000e+00
 0.00000e+00
 3.59098e-15
 1.53870e-14
 1.00379e-14
-6.47809e-16
 0.00000e+00
 0.00000e+00
 1.75119e-15
 1.78763e-14
 1.02543e-14
 7.46093e-16
 0.00000e+00
 0.00000e+00
 6.00422e-15
 1.37262e-14
 9.24512e-15
 1.92613e-15
 0.00000e+00
 0.00000e+00
 1.03501e-14
 9.23139e-15
 7.93769e-15
 2.87177e-15
 0.00000e+00
 0.00000e+00
 8.40244e-15
 1.22189e-14
 5.04977e-15
 6.40716e-15
 0.00000e+00
 0.00000e+00
 2.85726e-15
 1.71047e-14
 3.68922e-15
 8.50207e-15
 0.00000e+00
 0.00000e+00
-5.89523e-15
 1.62128e-14
 6.59985e-15
 5.14921e-15
 0.00000e+00
 0.00000e+00
-7.22444e-15
 1.25088e-14
 1.01689e-14
 1.66109e-15
 0.00000e+00
 8.55205e-01
 8.55205e-01
 8.55205e-01
 8.55205e-01
 8.55205e-01
 8.55205e-01
 8.82239e-01
 8.82239e-01
 8.82239e-01
 8.82239e-01
 8.82239e-01
 8.82239e-01
 9.04350e-01
 9.04350e-01
 9.04350e-01
 9.04350e-01
 9.04350e-01
 9.04350e-01
 9.19771e-01
 9.19771e-01
 9.19771e-01
 9.19771e-01
 9.19771e-01
 9.19771e-01
 9.26102e-01
 9.26102e-01
 9.26102e-01
 9.26102e-01
 9.26102e-01
 9.26102e-01
 9.30387e-01
 9.30387e-01
 9.30387e-01
 9.30387e-01
 9.30387e-01
 9.30387e-01
 9.32302e-01
 9.32302e-01
 9.32302e-01
 9.32302e-01
 9.32302e-01
 9.32302e-01
 9.32170e-01
 9.32170e-01
 9.32170e-01
 9.32170e-01
 9.32170e-01
 9.32170e-01
 9.31378e-01
 9.31378e-01
 9.31378e-01
 9.31378e-01
 9.31378e-01
 9.31378e-01
 9.30437e-01
 9.30437e-01
 9.30437e-01
 9.30437e-01
 9.30437e-01
 9.30437e-01
 9.30043e-01
 9.30043e-01
 9.30043e-01
 9.30043e-01
 9.30043e-01
 9.30043e-01
 9.29831e-01
 9.29831e-01
 9.29831e-01
 9.29831e-01
 9.29831e-01
 9.29831e-01
 9.29225e-01
 9.29225e-01
 9.29225e-01
 9.29225e-01
 9.29225e-01
 9.29225e-01
 9.28720e-01
 9.28720e-01
 9.28720e-01
 9.28720e-01
 9.28720e-01
 9.28720e-01
 9.28597e-01
 9.28597e-01
 9.28597e-01
 9.28597e-01
 9.28597e-01
 9.28597e-01
 9.28663e-01
 9.28663e-01
 9.28663e-01
 9.28663e-01
 9.28663e-01
 9.28663e-01
 9.28691e-01
 9.28691e-01
 9.28691e-01
 9.28691e-01
 9.28691e-01
 9.28691e-01
 9.28500e-01
 9.28500e-01
 9.28500e-01
 9.28500e-01
 9.28500e-01
 9.28500e-01
 9.28122e-01
 9.28122e-01
 9.28122e-01
 9.28122e-01
 9.28122e-01
 9.28122e-01
 9.27936e-01
 9.27936e-01
 9.27936e-01
 9.27936e-01
 9.27936e-01
 9.27936e-01
 9.27975e-01
 9.27975e-01
 9.27975e-01
 9.27975e-01
 9.27975e-01
 9.27975e-01
 9.28248e-01
 9.28248e-01
 9.28248e-01
 9.28248e-01
 9.28248e-01
 9.28248e-01
 9.28271e-01
 9.28271e-01
 9.28271e-01
 9.28271e-01
 9.28271e-01
 9.28271e-01
 9.28080e-01
 9.28080e-01
 9.28080e-01
 9.28080e-01
 9.28080e-01
 9.28080e-01
 9.27751e-01
 9.27751e-01
 9.27751e-01
 9.27751e-01
 9.27751e-01
 9.27751e-01
 9.27597e-01
 9.27597e-01
 9.27597e-01
 9.27597e-01
 9.27597e-01
 9.27597e-01
 9.27840e-01
 9.27840e-01
 9.27840e-01
 9.27840e-01
 9.27840e-01
 9.27840e-01
 9.28126e-01
 9.28126e-01
 9.28126e-01
 9.28126e-01
 9.28126e-01
 9.28126e-01
 9.28073e-01
 9.28073e-01
 9.28073e-01
 9.28073e-01
 9.28073e-01
 9.28073e-01
 9.27764e-01
 9.27764e-01
 9.27764e-01
 9.27764e-01
 9.27764e-01
 9.27764e-01
 8.55205e-01
 8.55205e-01
 8.55205e-01
 8.55205e-01
 8.55205e-01
 8.55205e-01
 8.82239e-01
 8.82239e-01
 8.82239e-01
 8.82239e-01
 8.82239e-01
 8.82239e-01
 9.04350e-01
 9.04350e-01
 9.04350e-01
 9.04350e-01
 9.04350e-01
 9.04350e-01
 9.19771e-01
 9.19771e-01
 9.19771e-01
 9.19771e-01
 9.19771e-01
 9.19771e-01
 9.26102e-01
 9.26102e-01
 9.26102e-01
 9.26102e-01
 9.26102e-01
 9.26102e-01
 9.30387e-01
 9.30387e-01
 9.30387e-01
 9.30387e-01
 9.30387e-01
 9.30387e-01
 9.32302e-01
 9.32302e-01
 9.32302e-01
 9.32302e-01
 9.32302e-01
 9.32302e-01
 9.32170e-01
 9.32170e-01
 9.32170e-01
 9.32170e-01
 9.32170e-01
 9.32170e-01
 9.31378e-01
 9.31378e-01
 9.31378e-01
 9.31378e-01
 9.31378e-01
 9.31378e-01
 9.30437e-01
 9.30437e-01
 9.30437e-01
 9.30437e-01
 9.30437e-01
 9.30437e-01
 9.30043e-01
 9.30043e-01
 9.30043e-01
 9.30043e-01
 9.30043e-01
 9.30043e-01
 9.29831e-01
 9.29831e-01
 9.29831e-01
 9.29831e-01
 9.29831e-01
 9.29831e-01
 9.29225e-01
 9.29225e-01
 9.29225e-01
 9.29225e-01
 9.29225e-01
 9.29225e-01
 9.28720e-01
 9.28720e-01
 9.28720e-01
 9.28720e-01
 9.28720e-01
 9.28720e-01
 9.28597e-01
 9.28597e-01
 9.28597e-01
 9.28597e-01
 9.28597e-01
 9.28597e-01
 9.28663e-01
 9.28663e-01
 9.28663e-01
 9.28663e-01
 9.28663e-01
 9.28663e-01
 9.28691e-01
 9.28691e-01
 9.28691e-01
 9.28691e-01
 9.28691e-01
 9.28691e-01
 9.28500e-01
 9.28500e-01
 9.28500e-01
 9.28500e-01
 9.28500e-01
 9.28500e-01
 9.28122e-01
 9.28122e-01
 9.28122e-01
 9.28122e-01
 9.28122e-01
 9.28122e-01
 9.27936e-01
 9.27936e-01
 9.27936e-01
 9.27936e-01
 9.27936e-01
 9.27936e-01
 9.27975e-01
 9.27975e-01
 9.27975e-01
 9.27975e-01
 9.27975e-01
 9.27975e-01
 9.28248e-01
 9.28248e-01
 9.28248e-01
 9.28248e-01
 9.28248e-01
 9.28248e-01
 9.28271e-01
 9.28271e-01
 9.28271e-01
 9.28271e-01
 9.28271e-01
 9.28271e-01
 9.28080e-01
 9.28080e-01
 9.28080e-01
 9.28080e-01
 9.28080e-01
 9.28080e-01
 9.27751e-01
 9.27751e-01
 9.27751e-01
 9.27751e-01
 9.27751e-01
 9.27751e-01
 9.27597e-01
 9.27597e-01
 9.27597e-01
 9.27597e-01
 9.27597e-01
 9.27597e-01
 9.27840e-01
 9.27840e-01
 9.27840e-01
 9.27840e-01
 9.27840e-01
 9.27840e-01
 9.28126e-01
 9.28126e-01
 9.28126e-01
 9.28126e-01
 9.28126e-01
 9.28126e-01
 9.28073e-01
 9.28073e-01
 9.28073e-01
 9.28073e-01
 9.28073e-01
 9.28073e-01
 9.27764e-01
 9.27764e-01
 9.27764e-01
 9.27764e-01
 9.27764e-01
 9.27764e-01
 8.55205e-01
 8.55205e-01
 8.55205e-01
 8.55205e-01
 8.55205e-01
 8.55205e-01
 8.82239e-01
 8.82239e-01
 8.82239e-01
 8.82239e-01
 8.82239e-01
 8.82239e-01
 9.04350e-01
 9.04350e-01
 9.04350e-01
 9.04350e-01
 9.04350e-01
 9.04350e-01
 9.19771e-01
 9.19771e-01
 9.19771e-01
 9.19771e-01
 9.19771e-01
 9.19771e-01
 9.26102e-01
 9.26102e-01
 9.26102e-01
 9.26102e-01
 9.26102e-01
 9.26102e-01
 9.30387e-01
 9.30387e-01
 9.30387e-01
 9.30387e-01
 9.30387e-01
 9.30387e-01
 9.32302e-01
 9.32302e-01
 9.32302e-01
 9.32302e-01
 9.32302e-01
 9.32302e-01
 9.32170e-01
 9.32170e-01
 9.32170e-01
 9.32170e-01
 9.32170e-01
 9.32170e-01
 9.31378e-01
 9.31378e-01
 9.31378e-01
 9.31378e-01
 9.31378e-01
 9.31378e-01
 9.30437e-01
 9.30437e-01
 9.30437e-01
 9.30437e-01
 9.30437e-01
 9.30437e-01
 9.30043e-01
 9.30043e-01
 9.30043e-01
 9.30043e-01
 9.30043e-01
 9.30043e-01
 9.29831e-01
 9.29831e-01
 9.29831e-01
 9.29831e-01
 9.29831e-01
 9.29831e-01
 9.29225e-01
 9.29225e-01
 9.29225e-01
 9.29225e-01
 9.29225e-01
 9.29225e-01
 9.28720e-01
 9.28720e-01
 9.28720e-01
 9.28720e-01
 9.28720e-01
 9.28720e-01
 9.28597e-01
 9.28597e-01
 9.28597e-01
 9.28597e-01
 9.28597e-01
 9.28597e-01
 9.28663e-01
 9.28663e-01
 9.28663e-01
 9.28663e-01
 9.28663e-01
 9.28663e-01
 9.28691e-01
 9.28691e-01
 9.28691e-01
 9.28691e-01
 9.28691e-01
 9.28691e-01
 9.28500e-01
 9.28500e-01
 9.28500e-01
 9.28500e-01
 9.28500e-01
 9.28500e-01
 9.28122e-01
 9.28122e-01
 9.28122e-01
 9.28122e-01
 9.28122e-01
 9.28122e-01
 9.27936e-01
 9.27936e-01
 9.27936e-01
 9.27936e-01
 9.27936e-01
 9.27936e-01
 9.27975e-01
 9.27975e-01
 9.27975e-01
 9.27975e-01
 9.27975e-01
 9.27975e-01
 9.28248e-01
 9.28248e-01
 9.28248e-01
 9.28248e-01
 9.28248e-01
 9.28248e-01
 9.28271e-01
 9.28271e-01
 9.28271e-01
 9.28271e-01
 9.28271e-01
 9.28271e-01
 9.28080e-01
 9.28080e-01
 9.28080e-01
 9.28080e-01
 9.28080e-01
 9.28080e-01
 9.27751e-01
 9.27751e-01
 9.27751e-01
 9.27751e-01
 9.27751e-01
 9.27751e-01
 9.27597e-01
 9.27597e-01
 9.27597e-01
 9.27597e-01
 9.27597e-01
 9.27597e-01
 9.27840e-01
 9.27840e-01
 9.27840e-01
 9.27840e-01
 9.27840e-01
 9.27840e-01
 9.28126e-01
 9.28126e-01
 9.28126e-01
 9.28126e-01
 9.28126e-01
 9.28126e-01
 9.28073e-01
 9.28073e-01
 9.28073e-01
 9.28073e-01
 9.28073e-01
 9.28073e-01
 9.27764e-01
 9.27764e-01
 9.27764e-01
 9.27764e-01
 9.27764e-01
 9.27764e-01
 8.55205e-01
 8.55205e-01
 8.55205e-01
 8.55205e-01
 8.55205e-01
 8.55205e-01
 8.82239e-01
 8.82239e-01
 8.82239e-01
 8.82239e-01
 8.82239e-01
 8.82239e-01
 9.04350e-01
 9.04350e-01
 9.04350e-01
 9.04350e-01
 9.04350e-01
 9.04350e-01
 9.19771e-01
 9.19771e-01
 9.19771e-01
 9.19771e-01
 9.19771e-01
 9.19771e-01
 9.26102e-01
 9.26102e-01
 9.26102e-01
 9.26102e-01
 9.26102e-01
 9.26102e-01
 9.30387e-01
 9.30387e-01
 9.30387e-01
 9.30387e-01
 9.30387e-01
 9.30387e-01
 9.32302e-01
 9.32302e-01
 9.32302e-01
 9.32302e-01
 9.32302e-01
 9.32302e-01
 9.32170e-01
 9.32170e-01
 9.32170e-01
 9.32170e-01
 9.32170e-01
 9.32170e-01
 9.31378e-01
 9.31378e-01
 9.31378e-01
 9.31378e-01
 9.31378e-01
 9.31378e-01
 9.30437e-01
 9.30437e-01
 9.30437e-01
 9.30437e-01
 9.30437e-01
 9.30437e-01
 9.30043e-01
 9.30043e-01
 9.30043e-01
 9.30043e-01
 9.30043e-01
 9.30043e-01
 9.29831e-01
 9.29831e-01
 9.29831e-01
 9.29831e-01
 9.29831e-01
 9.29831e-01
 9.29225e-01
 9.29225e-01
 9.29225e-01
 9.29225e-01
 9.29225e-01
 9.29225e-01
 9.28720e-01
 9.28720e-01
 9.28720e-01
 9.28720e-01
 9.28720e-01
 9.28720e-01
 9.28597e-01
 9.28597e-01
 9.28597e-01
 9.28597e-01
 9.28597e-01
 9.28597e-01
 9.28663e-01
 9.28663e-01
 9.28663e-01
 9.28663e-01
 9.28663e-01
 9.28663e-01
 9.28691e-01
 9.28691e-01
 9.28691e-01
 9.28691e-01
 9.28691e-01
 9.28691e-01
 9.28500e-01
 9.28500e-01
 9.28500e-01
 9.28500e-01
 9.28500e-01
 9.28500e-01
 9.28122e-01
 9.28122e-01
 9.28122e-01
 9.28122e-01
 9.28122e-01
 9.28122e-01
 9.27936e-01
 9.27936e-01
 9.27936e-01
 9.27936e-01
 9.27936e-01
 9.27936e-01
 9.27975e-01
 9.27975e-01
 9.27975e-01
 9.27975e-01
 9.27975e-01
 9.27975e-01
 9.28248e-01
 9.28248e-01
 9.28248e-01
 9.28248e-01
 9.28248e-01
 9.28248e-01
 9.28271e-01
 9.28271e-01
 9.28271e-01
 9.28271e-01
 9.28271e-01
 9.28271e-01
 9.28080e-01
 9.28080e-01
 9.28080e-01
 9.28080e-01
 9.28080e-01
 9.28080e-01
 9.27751e-01
 9.27751e-01
 9.27751e-01
 9.27751e-01
 9.27751e-01
 9.27751e-01
 9.27597e-01
 9.27597e-01
 9.27597e-01
 9.27597e-01
 9.27597e-01
 9.27597e-01
 9.27840e-01
 9.27840e-01
 9.27840e-01
 9.27840e-01
 9.27840e-01
 9.27840e-01
 9.28126e-01
 9.28126e-01
 9.28126e-01
 9.28126e-01
 9.28126e-01
 9.28126e-01
 9.28073e-01
 9.28073e-01
 9.28073e-01
 9.28073e-01
 9.28073e-01
 9.28073e-01
 9.27764e-01
 9.27764e-01
 9.27764e-01
 9.27764e-01
 9.27764e-01
 9.27764e-01
 8.55205e-01
 8.55205e-01
 8.55205e-01
 8.55205e-01
 8.55205e-01
 8.55205e-01
 8.82239e-01
 8.82239e-01
 8.82239e-01
 8.82239e-01
 8.82239e-01
 8.82239e-01
 9.04350e-01
 9.04350e-01
 9.04350e-01
 9.04350e-01
 9.04350e-01
 9.04350e-01
 9.19771e-01
 9.19771e-01
 9.19771e-01
 9.19771e-01
 9.19771e-01
 9.19771e-01
 9.26102e-01
 9.26102e-01
 9.26102e-01
 9.26102e-01
 9.26102e-01
 9.26102e-01
 9.30387e-01
 9.30387e-01
 9.30387e-01
 9.30387e-01
 9.30387e-01
 9.30387e-01
 9.32302e-01
 9.32302e-01
 9.32302e-01
 9.32302e-01
 9.32302e-01
 9.32302e-01
 9.32170e-01
 9.32170e-01
 9.32170e-01
 9.32170e-01
 9.32170e-01
 9.32170e-01
 9.31378e-01
 9.31378e-01
 9.31378e-01
 9.31378e-01
 9.31378e-01
 9.31378e-01
 9.30437e-01
 9.30437e-01
 9.30437e-01
 9.30437e-01
 9.30437e-01
 9.30437e-01
 9.30043e-01
 9.30043e-01
 9.30043e-01
 9.30043e-01
 9.30043e-01
 9.30043e-01
 9.29831e-01
 9.29831e-01
 9.29831e-01
 9.29831e-01
 9.29831e-01
 9.29831e-01
 9.29225e-01
 9.29225e-01
 9.29225e-01
 9.29225e-01
 9.29225e-01
 9.29225e-01
 9.28720e-01
 9.28720e-01
 9.28720e-01
 9.28720e-01
 9.28720e-01
 9.28720e-01
 9.28597e-01
 9.28597e-01
 9.28597e-01
 9.28597e-01
 9.28597e-01
 9.28597e-01
 9.28663e-01
 9.28663e-01
 9.28663e-01
 9.28663e-01
 9.28663e-01
 9.28663e-01
 9.28691e-01
 9.28691e-01
 9.28691e-01
 9.28691e-01
 9.28691e-01
 9.28691e-01
 9.28500e-01
 9.28500e-01
 9.28500e-01
 9.28500e-01
 9.28500e-01
 9.28500e-01
 9.28122e-01
 9.28122e-01
 9.28122e-01
 9.28122e-01
 9.28122e-01
 9.28122e-01
 9.27936e-01
 9.27936e-01
 9.27936e-01
 9.27936e-01
 9.27936e-01
 9.27936e-01
 9.27975e-01
 9.27975e-01
 9.27975e-01
 9.27975e-01
 9.27975e-01
 9.27975e-01
 9.28248e-01
 9.28248e-01
 9.28248e-01
 9.28248e-01
 9.28248e-01
 9.28248e-01
 9.28271e-01
 9.28271e-01
 9.28271e-01
 9.28271e-01
 9.28271e-01
 9.28271e-01
 9.28080e-01
 9.28080e-01
 9.28080e-01
 9.28080e-01
 9.28080e-01
 9.28080e-01
 9.27751e-01
 9.27751e-01
 9.27751e-01
 9.27751e-01
 9.27751e-01
 9.27751e-01
 9.27597e-01
 9.27597e-01
 9.27597e-01
 9.27597e-01
 9.27597e-01
 9.27597e-01
 9.27840e-01
 9.27840e-01
 9.27840e-01
 9.27840e-01
 9.27840e-01
 9.27840e-01
 9.28126e-01
 9.28126e-01
 9.28126e-01
 9.28126e-01
 9.28126e-01
 9.28126e-01
 9.28073e-01
 9.28073e-01
 9.28073e-01
 9.28073e-01
 9.28073e-01
 9.28073e-01
 9.27764e-01
 9.27764e-01
 9.27764e-01
 9.27764e-01
 9.27764e-01
 9.27764e-01
 8.55205e-01
 8.55205e-01
 8.55205e-01
 8.55205e-01
 8.55205e-01
 8.55205e-01
 8.82239e-01
 8.82239e-01
 8.82239e-01
 8.82239e-01
 8.82239e-01
 8.82239e-01
 9.04350e-01
 9.04350e-01
 9.04350e-01
 9.04350e-01
 9.04350e-01
 9.04350e-01
 9.19771e-01
 9.19771e-01
 9.19771e-01
 9.19771e-01
 9.19771e-01
 9.19771e-01
 9.26102e-01
 9.26102e-01
 9.26102e-01
 9.26102e-01
 9.26102e-01
 9.26102e-01
 9.30387e-01
 9.30387e-01
 9.30387e-01
 9.30387e-01
 9.30387e-01
 9.30387e-01
 9.32302e-01
 9.32302e-01
 9.32302e-01
 9.32302e-01
 9.32302e-01
 9.32302e-01
 9.32170e-01
 9.32170e-01
 9.32170e-01
 9.32170e-01
 9.32170e-01
 9.32170e-01
 9.31378e-01
 9.31378e-01
 9.31378e-01
 9.31378e-01
 9.31378e-01
 9.31378e-01
 9.30437e-01
 9.30437e-01
 9.30437e-01
 9.30437e-01
 9.30437e-01
 9.30437e-01
 9.30043e-01
 9.30043e-01
 9.30043e-01
 9.30043e-01
 9.30043e-01
 9.30043e-01
 9.29831e-01
 9.29831e-01
 9.29831e-01
 9.29831e-01
 9.29831e-01
 9.29831e-01
 9.29225e-01
 9.29225e-01
 9.29225e-01
 9.29225e-01
 9.29225e-01
 9.29225e-01
 9.28720e-01
 9.28720e-01
 9.28720e-01
 9.28720e-01
 9.28720e-01
 9.28720e-01
 9.28597e-01
 9.28597e-01
 9.28597e-01
 9.28597e-01
 9.28597e-01
 9.28597e-01
 9.28663e-01
 9.28663e-01
 9.28663e-01
 9.28663e-01
 9.28663e-01
 9.28663e-01
 9.28691e-01
 9.28691e-01
 9.28691e-01
 9.28691e-01
 9.28691e-01
 9.28691e-01
 9.28500e-01
 9.28500e-01
 9.28500e-01
 9.28500e-01
 9.28500e-01
 9.28500e-01
 9.28122e-01
 9.28122e-01
 9.28122e-01
 9.28122e-01
 9.28122e-01
 9.28122e-01
 9.27936e-01
 9.27936e-01
 9.27936e-01
 9.27936e-01
 9.27936e-01
 9.27936e-01
 9.27975e-01
 9.27975e-01
 9.27975e-01
 9.27975e-01
 9.27975e-01
 9.27975e-01
 9.28248e-01
 9.28248e-01
 9.28248e-01
 9.28248e-01
 9.28248e-01
 9.28248e-01
 9.28271e-01
 9.28271e-01
 9.28271e-01
 9.28271e-01
 9.28271e-01
 9.28271e-01
 9.28080e-01
 9.28080e-01
 9.28080e-01
 9.28080e-01
 9.28080e-01
 9.28080e-01
 9.27751e-01
 9.27751e-01
 9.27751e-01
 9.27751e-01
 9.27751e-01
 9.27751e-01
 9.27597e-01
 9.27597e-01
 9.27597e-01
 9.27597e-01
 9.27597e-01
 9.27597e-01
 9.27840e-01
 9.27840e-01
 9.27840e-01
 9.27840e-01
 9.27840e-01
 9.27840e-01
 9.28126e-01
 9.28126e-01
 9.28126e-01
 9.28126e-01
 9.28126e-01
 9.28126e-01
 9.28073e-01
 9.28073e-01
 9.28073e-01
 9.28073e-01
 9.28073e-01
 9.28073e-01
 9.27764e-01
 9.27764e-01
 9.27764e-01
 9.27764e-01
 9.27764e-01
 9.27764e-01
 0.00000e+00
 0.00000e+00
 0.00000e+00
 0.00000e+00
 0.00000e+00
 0.00000e+00
 0.00000e+00
 0.00000e+00
 0.00000e+00
 0.00000e+00
 0.00000e+00
 0.00000e+00
 0.00000e+00
 0.00000e+00
 0.00000e+00
 0.00000e+00
 0.00000e+00
 0.00000e+00
 0.00000e+00
 0.00000e+00
 0.00000e+00
 0.00000e+00
 0.00000e+00
 0.00000e+00
 0.00000e+00
 0.00000e+00
 0.00000e+00
 0.00000e+00
 0.00000e+00
 0.00000e+00
 0.00000e+00
 0.00000e+00
 0.00000e+00
 0.00000e+00
 0.00000e+00
 0.00000e+00
 0.00000e+00
 0.00000e+00
 0.00000e+00
 0.00000e+00
 0.00000e+00
 0.00000e+00
 0.00000e+00
 0.00000e+00
 0.00000e+00
 0.00000e+00
 0.00000e+00
 0.00000e+00
 0.00000e+00
 0.00000e+00
 0.00000e+00
 0.00000e+00
 0.00000e+00
 0.00000e+00
 0.00000e+00
 0.00000e+00
 0.00000e+00
 0.00000e+00
 0.00000e+00
 0.00000e+00
 0.00000e+00
 0.00000e+00
 0.00000e+00
 0.00000e+00
 0.00000e+00
 0.00000e+00
 0.00000e+00
 0.00000e+00
 0.00000e+00
 0.00000e+00
 0.00000e+00
 0.00000e+00
 0.00000e+00
 0.00000e+00
 0.00000e+00
 0.00000e+00
 0.00000e+00
 0.00000e+00
 0.00000e+00
 0.00000e+00
 0.00000e+00
 0.00000e+00
 0.00000e+00
 0.00000e+00
 0.00000e+00
 0.00000e+00
 0.00000e+00
 0.00000e+00
 0.00000e+00
 0.00000e+00
 0.00000e+00
 0.00000e+00
 0.00000e+00
 0.00000e+00
 0.00000e+00
 0.00000e+00
 0.00000e+00
 0.00000e+00
 0.00000e+00
 0.00000e+00
 0.00000e+00
 0.00000e+00
 0.00000e+00
 0.00000e+00
 0.00000e+00
 0.00000e+00
 0.00000e+00
 0.00000e+00
 0.00000e+00
 0.00000e+00
 0.00000e+00
 0.00000e+00
 0.00000e+00
 0.00000e+00
 0.00000e+00
 0.00000e+00
 0.00000e+00
 0.00000e+00
 0.00000e+00
 0.00000e+00
 0.00000e+00
 0.00000e+00
 0.00000e+00
 0.00000e+00
 0.00000e+00
 0.00000e+00
 0.00000e+00
 0.00000e+00
 0.00000e+00
 0.00000e+00
 0.00000e+00
 0.00000e+00
 0.00000e+00
 0.00000e+00
 0.00000e+00
 0.00000e+00
 0.00000e+00
 0.00000e+00
 0.00000e+00
 0.00000e+00
 0.00000e+00
 0.00000e+00
 0.00000e+00
 0.00000e+00
 0.00000e+00
 0.00000e+00
 0.00000e+00
 0.00000e+00
 0.00000e+00
 0.00000e+00
 0.00000e+00
 0.00000e+00
 0.00000e+00
 0.00000e+00
 0.00000e+00
 0.00000e+00
 0.00000e+00
 0.00000e+00
 0.00000e+00
 0.00000e+00
 0.00000e+00
 0.00000e+00
 0.00000e+00
 0.00000e+00
 0.00000e+00
 0.00000e+00
 0.00000e+00
 0.00000e+00
 0.00000e+00
 0.00000e+00
 0.00000e+00
 0.00000e+00
 0.00000e+00
 0.00000e+00
 0.00000e+00
 0.00000e+00
 0.00000e+00
 0.00000e+00
 0.00000e+00
 0.00000e+00
-8.35955e-15
-4.54312e-15
 3.03913e-15
 8.32273e-16
 2.38058e-15
 3.18305e-16
-4.80607e-15
-2.32431e-15
 4.87758e-15
 1.21259e-15
 1.20183e-15
 6.70753e-16
-5.51084e-15
-2.06922e-15
 7.93935e-15
 2.38642e-15
-2.64209e-16
 8.06502e-16
-6.96121e-15
-1.50267e-15
 1.00631e-14
 1.99630e-15
-1.71417e-15
 1.93542e-15
-7.67751e-15
-2.72707e-15
 6.84321e-15
-2.52053e-15
-3.68713e-15
 3.88596e-15
-8.52735e-15
-4.12020e-15
 6.73684e-18
-1.03416e-14
-3.49459e-15
 7.05749e-15
-9.91943e-15
-2.61896e-15
 3.85541e-16
-1.28806e-14
-4.27536e-15
 7.76513e-15
-1.23111e-14
-2.21864e-15
 4.23312e-15
-1.19058e-14
-5.32316e-15
 7.80121e-15
-1.18378e-14
-3.10255e-15
 8.29591e-15
-7.87991e-15
-4.67842e-15
 1.00471e-14
-1.04581e-14
-5.07285e-15
 9.84243e-15
-3.28588e-15
-4.30715e-15
 1.34514e-14
-8.76609e-15
-8.57751e-15
 1.00766e-14
-6.75249e-16
-4.83453e-15
 1.36986e-14
-4.82295e-15
-9.44106e-15
 1.03312e-14
 2.76926e-15
-5.14141e-15
 1.34048e-14
-1.83395e-15
-9.13926e-15
 1.05177e-14
 3.15416e-15
-6.33336e-15
 1.33089e-14
-1.76646e-15
-8.09753e-15
 1.13647e-14
 1.83471e-15
-7.84410e-15
 1.49092e-14
-4.04377e-15
-6.89576e-15
 1.19300e-14
-1.54451e-15
-9.27146e-15
 1.60233e-14
-8.59485e-15
-5.43576e-15
 1.25728e-14
-5.00323e-15
-9.56102e-15
 1.60170e-14
-1.17497e-14
-4.02091e-15
 1.05670e-14
-9.19891e-15
-8.91430e-15
 1.48723e-14
-1.06153e-14
-1.65787e-15
 6.22827e-15
-9.92242e-15
-5.39736e-15
 1.42001e-14
-4.48424e-15
 2.58989e-15
 3.95459e-15
-8.59048e-15
 3.56351e-17
 1.30125e-14
-6.85468e-16
 4.19217e-15
 3.78072e-16
-7.06898e-15
 3.49960e-15
 9.11223e-15
 6.16510e-15
 8.59782e-15
-2.27275e-16
-2.36628e-15
 1.02122e-14
 5.42057e-15
 9.92326e-15
 1.37357e-14
-2.63989e-16
-9.42930e-16
 1.09396e-14
 1.26637e-15
 7.16552e-15
 1.24818e-14
 1.84299e-15
-5.15369e-16
 8.60257e-15
 1.53937e-15
 8.03152e-15
 7.56713e-15
 4.46183e-15
 4.30227e-15
 8.36138e-15
 5.08344e-15
 5.90708e-15
-9.74229e-16
 3.88816e-15
 6.43295e-15
 7.85984e-15
 8.47479e-15
 2.72717e-15
-1.21925e-15
 3.68004e-15
 5.71822e-15
 7.60075e-15
 8.10591e-15
-3.09291e-15
 3.09553e-16
 2.87894e-15
 2.88114e-15
 7.10757e-15
 5.09595e-15
-3.08552e-15
 2.03776e-15
 8.12057e-16
-1.91279e-15
 5.57014e-15
 1.57445e-15
 1.22192e-15
 5.24631e-15
 1.01767e-15
-3.01958e-15
 1.54324e-15
-5.44010e-15
 1.56386e-15
 4.07142e-15
 2.39166e-16
-2.62649e-15
-2.49664e-15
-1.19789e-14
-7.55314e-15
 1.07467e-15
-5.59092e-15
-8.57360e-15
 2.80692e-15
-8.73932e-15
-7.87001e-15
-6.28288e-16
-1.08168e-14
-9.66222e-15
 4.98611e-15
-7.57326e-15
-8.18891e-15
-2.16413e-15
-1.15540e-14
-1.11178e-14
 3.09526e-15
-7.44075e-15
-8.17476e-15
-2.04634e-15
-9.83194e-15
-1.20638e-14
-7.07622e-16
-6.67244e-15
-5.18235e-15
 2.36653e-15
-3.90656e-15
-9.90003e-15
-9.13830e-16
-5.12927e-15
 2.88348e-15
 5.45093e-15
 6.44005e-16
-2.68856e-15
-1.72973e-16
-4.72135e-15
 7.48848e-15
 5.02358e-15
 6.89056e-17
 1.40316e-15
 1.68997e-15
-4.18358e-15
 5.56072e-15
 3.64535e-15
-3.18052e-15
 7.30744e-16
 4.49393e-15
-3.27364e-15
-3.68902e-16
 2.86276e-15
-8.76566e-15
-3.28844e-15
 8.67843e-15
-2.11484e-15
-8.25986e-15
 3.66126e-15
-1.21079e-14
-8.84442e-15
 1.20767e-14
-2.55921e-15
-1.58773e-14
 5.64535e-15
-1.54776e-14
-1.50432e-14
 1.32259e-14
-5.18849e-15
-2.08802e-14
 7.60925e-15
-1.83351e-14
-1.97437e-14
 1.25478e-14
-1.05883e-14
-2.16329e-14
 8.65613e-15
-1.85160e-14
-2.02337e-14
 1.23847e-14
-1.39783e-14
-1.96104e-14
 1.00626e-14
-1.62991e-14
-1.69747e-14
 1.41556e-14
-1.32351e-14
-1.48246e-14
 1.15645e-14
-1.30869e-14
-1.33622e-14
 1.41447e-14
-1.12718e-14
-5.41661e-15
 1.48434e-14
-9.35295e-15
-1.18966e-14
 1.39685e-14
-6.82462e-15
 7.21883e-15
 1.85696e-14
-6.77952e-15
-1.24688e-14
 1.10585e-14
-4.03314e-16
 1.55859e-14
 1.85794e-14
-4.29097e-15
-1.35430e-14
 5.94050e-15
 4.26301e-15
 1.66763e-14
 1.54034e-14
-2.83544e-15
-1.25008e-14
 1.43074e-15
 5.71653e-15
 1.70505e-14
 9.23561e-15
-3.49278e-15
-1.12574e-14
-4.42393e-15
 4.17692e-15
 1.69786e-14
 4.72247e-15
-2.22794e-15
-7.97920e-15
-4.95912e-15
 4.35001e-15
 1.61971e-14
 3.14327e-15
 1.60524e-15
 1.01405e-15
-1.36446e-15
 3.42144e-15
 1.66829e-14
 6.15606e-15
 5.49884e-15
 4.27824e-15
 3.48686e-15
 3.08133e-15
 1.09915e-14
 5.45029e-15
 3.96094e-15
 5.15569e-16
 3.05268e-15
 1.14319e-15
-4.91286e-15
 3.52578e-16
 1.61441e-15
 5.74942e-16
 5.21015e-15
-2.67813e-15
-5.01430e-15
 7.70547e-17
 1.40124e-15
 3.02141e-15
 9.79063e-15
 4.36064e-16
 4.78432e-15
-1.52470e-16
 1.10621e-15
 2.89939e-15
 6.85917e-15
 8.89604e-16
 9.44055e-15
-2.08426e-15
 7.84430e-16
 1.54234e-15
-1.02522e-15
 7.89390e-17
 9.01114e-15
-2.49358e-15
 1.98832e-16
 6.20246e-16
 7.61790e-16
 5.15400e-15
 8.70956e-15
 1.52005e-15
 2.00867e-15
-7.73482e-16
 2.05252e-15
 7.13216e-15
 4.99254e-15
-5.51537e-15
-3.13320e-16
 3.33495e-15
 9.22050e-16
 2.13187e-15
 8.29398e-15
-5.00099e-15
 8.91560e-16
 4.29356e-15
-8.21007e-16
 1.57198e-15
 1.40220e-14
-1.20825e-15
 3.23317e-16
 5.20535e-15
 2.44604e-15
 4.04652e-15
 2.09518e-14
 3.40187e-15
-2.65513e-15
 6.36524e-15
 9.61690e-15
 6.23837e-15
 1.80764e-14
 1.42054e-15
-6.39289e-15
 5.91711e-15
 1.08448e-14
 5.85813e-15
 8.74341e-15
-1.68643e-15
-6.16392e-15
 4.87201e-15
 1.06333e-14
 3.98684e-15
 6.68944e-15
-1.69391e-15
-5.18135e-15
 4.45109e-15
 9.33466e-15
 1.86114e-15
 9.16418e-15
-4.84965e-16
-3.09454e-15
 4.76997e-15
 6.74332e-15
 6.67895e-16
 1.76548e-14
 1.88997e-15
 2.39617e-15
 1.03292e-14
 5.63408e-15
 1.73866e-15
 2.83795e-14
 1.73949e-15
 6.22417e-15
 1.74341e-14
 3.91233e-15
 2.93651e-15
 3.14820e-14
-5.53507e-16
 8.19047e-15
 1.98683e-14
 1.25513e-15
 3.48492e-15
 3.19772e-14
-4.28260e-15
 9.98798e-15
 2.13530e-14
-1.98312e-15
 4.08717e-15
 3.19906e-14
-6.91154e-15
 9.17781e-15
 2.07259e-14
-4.46891e-15
 5.48682e-15
 3.20852e-14
-7.44605e-15
 6.72495e-15
 1.87318e-14
-3.63326e-15
 9.37235e-15
 2.97904e-14
-8.61638e-15
 2.05983e-15
 1.59323e-14
-2.02916e-15
 9.68866e-15
 2.73497e-14
-8.00590e-15
-4.78641e-16
 1.49770e-14
 1.36666e-16
 8.09751e-15
 2.29049e-14
-6.16812e-15
-2.25742e-15
 1.28120e-14
 2.39859e-15
 5.22985e-15
 1.77156e-14
-2.41503e-15
-1.86824e-15
 9.40228e-15
 3.99282e-15
 2.75911e-15
 1.45795e-14
 5.04290e-15
 1.54971e-15
 7.65315e-15
 3.71958e-15
-1.59856e-15
 6.74880e-15
 7.31740e-15
 4.68532e-15
 6.84843e-15
 5.00586e-15
-5.12390e-15
-1.56496e-15
 9.30180e-15
 8.97399e-15
 8.48581e-15
 1.01994e-14
-4.47165e-15
-7.47658e-15
 5.99686e-15
 5.97569e-15
 3.91905e-15
 1.03143e-14
 7.79699e-16
-1.09476e-14
-2.14469e-15
-4.44668e-15
-5.28591e-15
 8.03519e-15
 2.98642e-15
-5.60544e-15
 2.21617e-15
-1.99732e-15
-1.95682e-15
 1.03733e-14
 2.56516e-15
 2.31988e-15
 3.64046e-15
 4.70326e-16
 3.21486e-15
 1.06780e-14
 2.35215e-15
 2.14737e-15
-3.70096e-16
-4.85971e-16
 3.61025e-15
 6.93574e-15
-9.49525e-16
-1.62801e-15
-9.27474e-16
-1.27276e-15
 1.93268e-15
 6.17564e-15
-3.66822e-15
-1.49108e-15
 2.81579e-15
-1.95667e-15
-1.02087e-15
 9.83943e-15
-1.80397e-15
-1.22097e-15
 6.91366e-15
-5.42150e-17
-1.34556e-15
 1.20337e-14
 3.36860e-15
-2.06798e-15
 6.10901e-15
-1.38965e-15
-3.12917e-15
 9.86497e-15
 2.08525e-15
-2.23508e-15
-2.52443e-17
-9.72624e-16
 1.06509e-15
 7.31285e-15
-2.05849e-16
-7.20206e-15
-5.50285e-16
 1.33627e-15
 2.59028e-15
 8.69275e-15
-3.34187e-16
-1.59890e-14
-3.19157e-15
 5.17640e-15
 5.60001e-15
 5.88303e-15
-5.42962e-15
-1.86007e-14
-4.75698e-15
 8.25629e-15
 9.98919e-15
 3.50347e-15
-1.08059e-14
-1.72835e-14
-3.53548e-15
 1.11357e-14
 9.58401e-15
 1.91215e-15
-1.12531e-14
-1.25535e-14
 7.58752e-16
 1.19968e-14
 6.00781e-15
-1.62649e-15
-1.23677e-14
-1.17047e-14
 1.93612e-15
 1.14489e-14
 4.24906e-15
-1.37453e-15
-1.11070e-14
-1.45890e-14
-8.17668e-16
 7.72924e-15
 3.25954e-15
-6.43726e-16
-1.06623e-14
-2.21856e-14
-5.41312e-15
 4.28224e-15
 5.78098e-16
-1.64576e-15
-1.18262e-14
-2.87326e-14
-6.05905e-15
 5.05683e-15
 4.89220e-16
-7.41697e-16
-1.18665e-14
-3.10640e-14
-5.16243e-15
 7.00576e-15
 2.31110e-15
 2.16724e-15
-1.05601e-14
-3.09790e-14
-1.89496e-15
 8.36473e-15
 2.47073e-15
 4.22840e-15
-1.08323e-14
-3.02304e-14
 2.95784e-15
 1.10206e-14
 3.50921e-15
 5.68992e-15
-1.23551e-14
-2.95278e-14
 5.59801e-15
 1.60031e-14
 6.89100e-15
 6.27355e-15
-1.37506e-14
-2.96771e-14
 5.61259e-15
 1.78151e-14
 9.45503e-15
 5.47219e-15
-1.65650e-14
-2.93221e-14
 4.09886e-15
 1.73988e-14
 1.20628e-14
 4.12965e-15
-1.97705e-14
-3.03464e-14
-3.57757e-16
 1.57461e-14
 1.44385e-14
 1.91787e-15
-2.56063e-14
-3.01651e-14
-6.85881e-15
 1.30855e-14
 1.50320e-14
-5.56886e-16
-2.71752e-14
-2.74970e-14
-1.08880e-14
 8.89858e-15
 1.32118e-14
-2.12147e-15
-2.41161e-14
-2.20688e-14
-1.38455e-14
 3.85550e-15
 7.39543e-15
-4.29335e-15
-1.51738e-14
-1.03779e-14
-1.21290e-14
 6.86936e-16
 3.77575e-16
-5.67198e-15
-5.51732e-15
-2.52013e-15
-8.90965e-15
-3.41917e-15
 9.41411e-16
-4.83897e-15
-9.35047e-15
-3.62364e-15
-9.78238e-15
-3.09975e-15
 6.45279e-15
-1.13908e-15
-1.24365e-14
-5.69910e-15
-1.19334e-14
-3.73961e-15
 5.73131e-15
-1.31543e-15
-1.08946e-14
-7.97804e-15
-9.70661e-15
-3.14689e-15
-7.07823e-16
-3.68386e-15
-1.08996e-14
-6.52418e-15
-1.26322e-15
 2.90638e-15
 3.03304e-17
 3.90256e-16
-6.00720e-15
-3.61485e-15
 4.71388e-17
 5.48857e-15
 4.02949e-15
 5.17529e-15
-1.10893e-16
-2.85533e-15
-2.80799e-15
 4.54267e-15
 6.11955e-15
 4.12227e-15
-1.56515e-15
-1.12142e-15
-6.06928e-15
 1.06346e-15
 7.81686e-15
 2.62607e-15
-6.37705e-15
-2.04457e-15
-8.67812e-15
-2.01531e-15
 6.37049e-15
-7.55106e-16
-1.10051e-14
 0.00000e+00
 0.00000e+00
 0.00000e+00
 0.00000e+00
 0.00000e+00
 0.00000e+00
 0.00000e+00
 0.00000e+00
 0.00000e+00
 0.00000e+00
 0.00000e+00
 0.00000e+00
 0.00000e+00
 0.00000e+00
 0.00000e+00
 0.00000e+00
 0.00000e+00
 0.00000e+00
 0.00000e+00
 0.00000e+00
 0.00000e+00
 0.00000e+00
 0.00000e+00
 0.00000e+00
 0.00000e+00
 0.00000e+00
 0.00000e+00
 0.00000e+00
 0.00000e+00
 0.00000e+00
 0.00000e+00
 0.00000e+00
 0.00000e+00
 0.00000e+00
 0.00000e+00
 0.00000e+00
 0.00000e+00
 0.00000e+00
 0.00000e+00
 0.00000e+00
 0.00000e+00
 0.00000e+00
 0.00000e+00
 0.00000e+00
 0.00000e+00
 0.00000e+00
 0.00000e+00
 0.00000e+00
 0.00000e+00
 0.00000e+00
 0.00000e+00
 0.00000e+00
 0.00000e+00
 0.00000e+00
 0.00000e+00
 0.00000e+00
 0.00000e+00
 0.00000e+00
 0.00000e+00
 0.00000e+00
 0.00000e+00
 0.00000e+00
 0.00000e+00
 0.00000e+00
 0.00000e+00
 0.00000e+00
 0.00000e+00
 0.00000e+00
 0.00000e+00
 0.00000e+00
 0.00000e+00
 0.00000e+00
 0.00000e+00
 0.00000e+00
 0.00000e+00
 0.00000e+00
 0.00000e+00
 0.00000e+00
 0.00000e+00
 0.00000e+00
 0.00000e+00
 0.00000e+00
 0.00000e+00
 0.00000e+00
 0.00000e+00
 0.00000e+00
 0.00000e+00
 0.00000e+00
 0.00000e+00
 0.00000e+00
 0.00000e+00
 0.00000e+00
 0.00000e+00
 0.00000e+00
 0.00000e+00
 0.00000e+00
 0.00000e+00
 0.00000e+00
 0.00000e+00
 0.00000e+00
 0.00000e+00
 0.00000e+00
 0.00000e+00
 0.00000e+00
 0.00000e+00
 0.00000e+00
 0.00000e+00
 0.00000e+00
 0.00000e+00
 0.00000e+00
 0.00000e+00
 0.00000e+00
 0.00000e+00
 0.00000e+00
 0.00000e+00
 0.00000e+00
 0.00000e+00
 0.00000e+00
 0.00000e+00
 0.00000e+00
 0.00000e+00
 0.00000e+00
 0.00000e+00
 0.00000e+00
 0.00000e+00
 0.00000e+00
 0.00000e+00
 0.00000e+00
 0.00000e+00
 0.00000e+00
 0.00000e+00
 0.00000e+00
 0.00000e+00
 0.00000e+00
 0.00000e+00
 0.00000e+00
 0.00000e+00
 0.00000e+00
 0.00000e+00
 0.00000e+00
 0.00000e+00
 0.00000e+00
 0.00000e+00
 0.00000e+00
 0.00000e+00
 0.00000e+00
 0.00000e+00
 0.00000e+00
 0.00000e+00
 0.00000e+00
 0.00000e+00
 0.00000e+00
 0.00000e+00
 0.00000e+00
 0.00000e+00
 0.00000e+00
 0.00000e+00
 0.00000e+00
 0.00000e+00
 0.00000e+00
 0.00000e+00
 0.00000e+00
 0.00000e+00
 0.00000e+00
 0.00000e+00
 0.00000e+00
 0.00000e+00
 0.00000e+00
 0.00000e+00
 0.00000e+00
 0.00000e+00
 0.00000e+00
 0.00000e+00
 0.00000e+00
 0.00000e+00
 0.00000e+00
 0.00000e+00
 0.00000e+00
 0.00000e+00
 0.00000e+00
part
         4
coordinates
 0.00000e+00
-7.61733e-16
-7.54085e-15
 1.50817e-15
-3.50203e-16
 0.00000e+00
 0.00000e+00
-2.99813e-15
-3.68542e-15
-5.37253e-16
 3.39022e-17
 0.00000e+00
 0.00000e+00
 7.34233e-16
 4.77306e-16
 2.12119e-15
-2.51206e-15
 0.00000e+00
 0.00000e+00
 1.78566e-15
 6.02566e-15
 1.28340e-15
-3.79839e-15
 0.00000e+00
 0.00000e+00
-4.81035e-16
 1.03834e-14
 2.08049e-15
-1.69710e-15
 0.00000e+00
 0.00000e+00
-1.07017e-15
 8.73943e-15
 1.79397e-15
 1.14545e-16
 0.00000e+00
 0.00000e+00
-5.51533e-15
 6.63829e-15
-2.08051e-15
 3.19033e-15
 0.00000e+00
 0.00000e+00
-1.26199e-14
 9.03420e-15
-2.52762e-15
 3.29147e-15
 0.00000e+00
 0.00000e+00
-7.31255e-15
 1.02388e-14
-1.61065e-15
 1.66574e-15
 0.00000e+00
 0.00000e+00
-3.23342e-15
 1.13612e-14
-1.37210e-15
 3.08434e-15
 0.00000e+00
 0.00000e+00
-1.03272e-14
 7.17925e-15
-2.42492e-17
 4.30858e-15
 0.00000e+00
 0.00000e+00
-7.48554e-15
 5.72022e-15
 4.83012e-15
 8.96634e-15
 0.00000e+00
 0.00000e+00
-3.79259e-15
 1.52550e-14
 1.73401e-15
 1.05511e-14
 0.00000e+00
 0.00000e+00
-2.25209e-15
 1.48860e-14
-3.09164e-15
 6.72756e-15
 0.00000e+00
 0.00000e+00
 5.53328e-15
 1.08059e-14
 1.10353e-14
-4.51066e-17
 0.00000e+00
 0.00000e+00
 1.59149e-15
 9.95124e-15
 8.80810e-15
-1.76229e-15
 0.00000e+00
 0.00000e+00
-4.70431e-15
 1.39828e-14
 5.58111e-15
-5.98444e-15
 0.00000e+00
 0.00000e+00
-7.19856e-15
 1.41029e-14
-5.96554e-15
-8.43380e-15
 0.00000e+00
 0.00000e+00
-4.18328e-15
 8.50482e-15
 1.29167e-15
-1.05853e-15
 0.00000e+00
 0.00000e+00
-2.15257e-15
 3.73793e-15
 7.98529e-15
-5.58767e-15
 0.00000e+00
 0.00000e+00
 1.52260e-14
 2.43733e-14
 2.87778e-14
 5.38282e-15
 0.00000e+00
 0.00000e+00
-3.77349e-14
-3.61117e-14
-3.52639e-14
-3.40756e-14
 0.00000e+00
 0.00000e+00
 4.08080e-14
 3.82933e-14
 4.88250e-14
 2.82452e-14
 0.00000e+00
 0.00000e+00
 1.40677e-15
 1.08491e-14
-1.07757e-14
 1.10610e-14
 0.00000e+00
 0.00000e+00
-4.16025e-14
-2.45519e-14
-5.26034e-14
-3.06468e-14
 0.00000e+00
 0.00000e+00
 2.47184e-15
-9.94471e-16
-9.98230e-16
-4.82948e-15
 0.00000e+00
 0.00000e+00
 4.20350e-14
 4.78981e-14
 4.87729e-14
 3.68940e-14
 0.00000e+00
 0.00000e+00
-3.97085e-14
-4.37372e-14
-3.55313e-14
-4.74907e-14
 0.00000e+00
 0.00000e+00
-2.53870e-15
 1.20305e-15
-2.47488e-15
 2.02717e-15
 0.00000e+00
 0.00000e+00
 1.08151e-15
-2.95579e-15
-9.28019e-17
 7.17768e-16
 0.00000e+00
 0.00000e+00
 6.63907e-15
-5.37890e-15
 7.17343e-15
-2.41374e-15
 0.00000e+00
 0.00000e+00
 5.50426e-15
-2.87567e-15
 6.72135e-15
-6.08939e-15
 0.00000e+00
 0.00000e+00
 6.10733e-16
 4.65442e-15
 5.69980e-15
-5.25803e-15
 0.00000e+00
 0.00000e+00
-1.79317e-15
 5.19949e-15
 2.68452e-15
-2.25888e-15
 0.00000e+00
 0.00000e+00
-5.07256e-15
 1.85767e-15
 7.35018e-16
 1.74196e-15
 0.00000e+00
 0.00000e+00
-3.43977e-15
-8.44567e-16
 4.06026e-15
 8.45136e-16
 0.00000e+00
 0.00000e+00
 5.21680e-15
-2.06030e-15
 1.01585e-14
-3.44486e-15
 0.00000e+00
 0.00000e+00
 5.47702e-15
 1.01587e-15
 1.02644e-14
-4.35346e-15
 0.00000e+00
 0.00000e+00
-4.51628e-15
 1.24968e-15
 8.64973e-15
-4.34146e-15
 0.00000e+00
 0.00000e+00
-4.28843e-15
 5.32102e-15
 1.00975e-14
-1.24924e-15
 0.00000e+00
 0.00000e+00
-3.79172e-15
 1.51937e-14
 7.28364e-15
-2.57508e-15
 0.00000e+00
 0.00000e+00
-3.59424e-15
 1.14531e-14
 3.81429e-15
-4.99057e-15
 0.00000e+00
 0.00000e+00
-1.22450e-15
 1.13845e-14
 1.35106e-14
-6.38886e-15
 0.00000e+00
 0.00000e+00
-4.35662e-15
 1.45547e-14
 5.72462e-15
-3.55039e-15
 0.00000e+00
 0.00000e+00
-2.69702e-15
 6.02166e-15
 9.93512e-15
-6.51939e-15
 0.00000e+00
 0.00000e+00
-4.53639e-15
 9.17485e-15
-1.37256e-15
-7.85627e-15
 0.00000e+00
 0.00000e+00
-3.29677e-15
 1.11675e-14
-6.25910e-16
-1.05567e-15
 0.00000e+00
 0.00000e+00
-4.61523e-16
-1.03545e-15
 1.24032e-14
-7.19613e-15
 0.00000e+00
 0.00000e+00
 2.01313e-14
 2.28371e-14
 2.09599e-14
 1.56296e-14
 0.00000e+00
 0.00000e+00
-3.62585e-14
-4.08812e-14
-3.19647e-14
-3.53434e-14
 0.00000e+00
 0.00000e+00
 3.74103e-14
 3.88745e-14
 5.03137e-14
 3.26606e-14
 0.00000e+00
 0.00000e+00
 5.76868e-15
-4.22317e-15
 6.90156e-15
 6.91765e-16
 0.00000e+00
 0.00000e+00
-3.28633e-14
-4.02003e-14
-3.61361e-14
-3.63276e-14
 0.00000e+00
 0.00000e+00
-5.98550e-15
 4.83019e-15
-4.22671e-15
-3.29690e-15
 0.00000e+00
 0.00000e+00
 4.21539e-14
 4.29958e-14
 5.69378e-14
 3.35897e-14
 0.00000e+00
 0.00000e+00
-3.82413e-14
-4.66885e-14
-3.68552e-14
-4.98593e-14
 0.00000e+00
 0.00000e+00
 4.81806e-16
 6.40543e-15
-2.78569e-15
 2.81047e-15
 0.00000e+00
 0.00000e+00
 2.02483e-15
 2.38818e-15
-1.86589e-15
 3.76756e-15
 0.00000e+00
 0.00000e+00
 1.15272e-15
 2.80418e-15
-1.79628e-15
 4.68214e-15
 0.00000e+00
 0.00000e+00
-3.34161e-15
 3.50313e-15
-1.68643e-15
 1.84451e-15
 0.00000e+00
 0.00000e+00
-4.97076e-15
 6.05650e-15
-8.05571e-16
-1.11292e-16
 0.00000e+00
 0.00000e+00
-5.88815e-15
 6.57855e-15
-4.55184e-15
 1.92180e-15
 0.00000e+00
 0.00000e+00
-7.08845e-15
 4.71741e-15
-3.29563e-15
 1.22070e-15
 0.00000e+00
 0.00000e+00
-3.67708e-15
 4.60823e-16
 6.55893e-15
-3.59762e-15
 0.00000e+00
 0.00000e+00
-1.52142e-15
 4.82915e-16
 1.29027e-14
-5.20648e-15
 0.00000e+00
 0.00000e+00
-1.97039e-15
 5.40265e-15
 1.04943e-14
-5.66350e-15
 0.00000e+00
 0.00000e+00
-4.88585e-15
 8.53684e-15
 4.17411e-15
-9.78442e-15
 0.00000e+00
 0.00000e+00
-3.75885e-15
 1.49098e-14
 2.11337e-15
-8.04900e-15
 0.00000e+00
 0.00000e+00
-5.72679e-15
 1.58328e-14
-4.58270e-16
-5.96549e-15
 0.00000e+00
 0.00000e+00
-7.66260e-15
 8.03639e-15
 2.17225e-15
-5.20333e-15
 0.00000e+00
 0.00000e+00
-3.59167e-15
 1.23393e-14
 3.04250e-15
-1.26731e-15
 0.00000e+00
 0.00000e+00
-5.27339e-15
 1.41900e-14
-1.71351e-15
-1.98682e-15
 0.00000e+00
 0.00000e+00
-5.59163e-15
 7.70068e-15
 1.51313e-15
-4.52444e-15
 0.00000e+00
 0.00000e+00
-3.44546e-15
 6.37409e-15
-7.84640e-16
-6.10659e-15
 0.00000e+00
 0.00000e+00
-2.11767e-15
 1.00488e-14
 1.63899e-15
-7.55391e-16
 0.00000e+00
 0.00000e+00
-4.43123e-15
 6.68861e-15
 2.88302e-15
 6.36524e-16
 0.00000e+00
 0.00000e+00
 2.32328e-14
 1.48980e-14
 2.72403e-14
 1.48871e-14
 0.00000e+00
 0.00000e+00
-3.91728e-14
-3.74568e-14
-3.38840e-14
-3.56509e-14
 0.00000e+00
 0.00000e+00
 3.69893e-14
 4.48445e-14
 3.96919e-14
 4.33688e-14
 0.00000e+00
 0.00000e+00
-1.07825e-15
 3.89858e-15
 1.39326e-15
-5.68711e-16
 0.00000e+00
 0.00000e+00
-3.46822e-14
-3.89867e-14
-3.97537e-14
-3.29634e-14
 0.00000e+00
 0.00000e+00
-4.86694e-15
 6.19680e-16
-2.57091e-15
-2.70870e-15
 0.00000e+00
 0.00000e+00
 4.15059e-14
 4.73215e-14
 5.06473e-14
 3.92594e-14
 0.00000e+00
 0.00000e+00
-3.91900e-14
-4.48179e-14
-3.88003e-14
-5.10306e-14
 0.00000e+00
 0.00000e+00
 3.12831e-15
 6.11523e-15
 3.92225e-15
 1.11142e-15
 0.00000e+00
 0.00000e+00
-9.01950e-16
 6.71759e-15
-5.30474e-16
 3.29236e-15
 0.00000e+00
 0.00000e+00
-4.57160e-15
 7.14673e-15
-1.24818e-15
 8.89002e-15
 0.00000e+00
 0.00000e+00
-6.29453e-15
 4.90036e-15
-2.20410e-16
 9.40291e-15
 0.00000e+00
 0.00000e+00
-4.03286e-15
-9.34548e-16
 3.20909e-15
 7.78296e-15
 0.00000e+00
 0.00000e+00
 2.60075e-16
-3.32735e-15
 1.14683e-16
 5.02832e-15
 0.00000e+00
 0.00000e+00
 2.17141e-15
-2.57446e-16
-2.17664e-15
 1.79333e-15
 0.00000e+00
 0.00000e+00
-8.88886e-16
 2.88127e-15
-2.56108e-17
-2.53555e-15
 0.00000e+00
 0.00000e+00
-9.04000e-15
 4.48198e-15
 4.11675e-15
-1.14671e-15
 0.00000e+00
 0.00000e+00
-6.67618e-15
 5.94546e-15
 4.07719e-15
 1.08698e-15
 0.00000e+00
 0.00000e+00
-7.42330e-16
 4.49796e-15
-4.42982e-16
-1.30609e-15
 0.00000e+00
 0.00000e+00
 3.90684e-15
 3.40731e-15
-1.02312e-15
 1.77922e-15
 0.00000e+00
 0.00000e+00
 9.89908e-16
-3.21844e-15
 5.23031e-16
 3.08679e-15
 0.00000e+00
 0.00000e+00
-8.48308e-15
-1.32408e-15
-1.43550e-15
 3.37259e-15
 0.00000e+00
 0.00000e+00
-3.22041e-15
 1.04248e-15
-1.54720e-15
 8.43488e-15
 0.00000e+00
 0.00000e+00
 2.30057e-15
-1.06255e-15
 6.21808e-16
 1.54955e-15
 0.00000e+00
 0.00000e+00
-2.33117e-16
-5.65177e-17
 1.24670e-15
-1.58288e-15
 0.00000e+00
 0.00000e+00
-1.30687e-15
-8.29993e-16
 9.00465e-16
-2.13665e-15
 0.00000e+00
 0.00000e+00
-1.13071e-15
 5.73248e-15
 3.30611e-15
 2.04851e-15
 0.00000e+00
 0.00000e+00
 1.28904e-15
-1.02900e-15
 6.63108e-15
-1.74409e-15
 0.00000e+00
 0.00000e+00
 1.86134e-14
 1.71134e-14
 1.99005e-14
 2.15160e-14
 0.00000e+00
 0.00000e+00
-3.64676e-14
-3.58505e-14
-4.45246e-14
-2.51197e-14
 0.00000e+00
 0.00000e+00
 3.76052e-14
 3.97129e-14
 3.82885e-14
 4.56977e-14
 0.00000e+00
 0.00000e+00
 3.37388e-15
 1.94295e-15
-7.88135e-16
-1.58553e-16
 0.00000e+00
 0.00000e+00
-3.63457e-14
-3.08525e-14
-5.16502e-14
-2.94793e-14
 0.00000e+00
 0.00000e+00
 1.84322e-15
-4.05835e-15
-1.67714e-15
-5.23293e-16
 0.00000e+00
 0.00000e+00
 4.55432e-14
 4.18229e-14
 5.33128e-14
 3.82556e-14
 0.00000e+00
 0.00000e+00
-5.27703e-14
-2.88789e-14
-5.11539e-14
-4.41075e-14
 0.00000e+00
 0.00000e+00
 3.16477e-15
 3.16235e-15
 1.46225e-15
-3.34483e-15
 0.00000e+00
 0.00000e+00
 2.08356e-15
 3.37648e-15
 5.32765e-16
-1.04622e-15
 0.00000e+00
 0.00000e+00
 3.12984e-16
 2.59591e-15
 2.52341e-15
 1.96416e-15
 0.00000e+00
 0.00000e+00
-3.93952e-15
-2.98196e-16
 5.56207e-15
 1.23108e-15
 0.00000e+00
 0.00000e+00
-3.85904e-15
-5.40835e-15
 8.86102e-15
-5.47607e-16
 0.00000e+00
 0.00000e+00
 2.00583e-15
-8.26592e-15
 6.98918e-15
-2.06168e-15
 0.00000e+00
 0.00000e+00
 3.95916e-15
-7.73418e-15
 3.83211e-16
-9.94191e-16
 0.00000e+00
 0.00000e+00
-7.29077e-16
-4.40850e-15
-1.61470e-15
-5.54575e-16
 0.00000e+00
 0.00000e+00
-2.63347e-15
-3.89197e-15
 8.69224e-16
 2.38260e-17
 0.00000e+00
 0.00000e+00
 1.99805e-15
-5.39748e-15
 1.12892e-15
 1.12654e-15
 0.00000e+00
 0.00000e+00
 1.95191e-15
-8.27768e-15
-5.12764e-16
-3.48320e-15
 0.00000e+00
 0.00000e+00
 1.73868e-15
-1.15500e-14
 3.24100e-15
-2.25679e-15
 0.00000e+00
 0.00000e+00
-1.98375e-15
-1.67644e-14
 3.72538e-15
-9.75324e-16
 0.00000e+00
 0.00000e+00
-1.33493e-14
-1.40628e-14
 2.26055e-15
-2.12809e-16
 0.00000e+00
 0.00000e+00
-1.46358e-14
-9.07020e-15
 7.97662e-15
 7.38237e-16
 0.00000e+00
 0.00000e+00
-7.99263e-15
-5.22127e-15
 4.70170e-15
-2.19240e-15
 0.00000e+00
 0.00000e+00
-3.11884e-15
-8.29308e-15
 5.43027e-15
-5.07831e-15
 0.00000e+00
 0.00000e+00
-7.95500e-15
-4.44816e-15
 6.76368e-16
-3.69770e-15
 0.00000e+00
 0.00000e+00
-5.76516e-15
 2.96746e-15
 4.62283e-16
-3.24522e-16
 0.00000e+00
 0.00000e+00
-2.34714e-15
-8.20159e-15
 9.78632e-15
-6.98918e-15
 0.00000e+00
 0.00000e+00
 1.40986e-14
 1.89119e-14
 1.41086e-14
 2.13560e-14
 0.00000e+00
 0.00000e+00
-3.62771e-14
-4.07132e-14
-3.84355e-14
-2.96393e-14
 0.00000e+00
 0.00000e+00
 2.79589e-14
 3.60680e-14
 4.50421e-14
 4.06934e-14
 0.00000e+00
 0.00000e+00
 6.24305e-15
-3.54952e-15
 7.15397e-15
-6.35154e-15
 0.00000e+00
 0.00000e+00
-3.48682e-14
-3.93143e-14
-4.46657e-14
-3.22013e-14
 0.00000e+00
 0.00000e+00
-4.05750e-15
-3.72775e-15
-3.20706e-15
-1.35173e-15
 0.00000e+00
 0.00000e+00
 4.51829e-14
 3.65499e-14
 5.46159e-14
 3.42398e-14
 0.00000e+00
 0.00000e+00
-5.31412e-14
-3.31969e-14
-5.26270e-14
-4.54639e-14
 0.00000e+00
 0.00000e+00
 1.03501e-14
 9.23139e-15
 7.93769e-15
 2.87177e-15
 0.00000e+00
 0.00000e+00
 8.40244e-15
 1.22189e-14
 5.04977e-15
 6.40716e-15
 0.00000e+00
 0.00000e+00
 2.85726e-15
 1.71047e-14
 3.68922e-15
 8.50207e-15
 0.00000e+00
 0.00000e+00
-5.89523e-15
 1.62128e-14
 6.59985e-15
 5.14921e-15
 0.00000e+00
 0.00000e+00
-7.22444e-15
 1.25088e-14
 1.01689e-14
 1.66109e-15
 0.00000e+00
 0.00000e+00
-1.78771e-15
 6.19839e-15
 7.69858e-15
 1.39346e-15
 0.00000e+00
 0.00000e+00
-2.38443e-15
 2.14723e-15
 5.36985e-15
 3.68625e-15
 0.00000e+00
 0.00000e+00
-7.42331e-15
 3.62121e-15
 6.03249e-15
 3.80333e-15
 0.00000e+00
 0.00000e+00
-3.16550e-15
 3.58293e-15
 4.89832e-15
 5.21832e-15
 0.00000e+00
 0.00000e+00
 5.06998e-15
 3.11189e-15
-1.62228e-15
 5.65981e-15
 0.00000e+00
 0.00000e+00
 1.15106e-15
 1.68300e-15
-1.78031e-15
-6.44899e-15
 0.00000e+00
 0.00000e+00
-2.00810e-15
 2.52165e-16
 4.79465e-15
-9.98044e-15
 0.00000e+00
 0.00000e+00
-7.07752e-15
-2.62419e-15
 1.26084e-16
-1.04774e-15
 0.00000e+00
 0.00000e+00
-1.24982e-14
-1.03402e-14
 7.90821e-15
 3.91270e-15
 0.00000e+00
 0.00000e+00
-1.61313e-14
-6.38657e-16
 1.58579e-14
 8.71388e-16
 0.00000e+00
 0.00000e+00
-1.46456e-14
 7.73114e-15
 9.44169e-15
 9.49590e-16
 0.00000e+00
 0.00000e+00
-7.58108e-15
 6.52895e-15
 4.45481e-15
-1.22147e-15
 0.00000e+00
 0.00000e+00
-1.04476e-14
 7.76586e-15
 1.29482e-15
-1.96110e-15
 0.00000e+00
 0.00000e+00
-7.31127e-15
 6.43269e-15
 6.11117e-15
-3.22952e-15
 0.00000e+00
 0.00000e+00
-1.32020e-14
 8.42655e-15
-4.34625e-16
 1.54845e-15
 0.00000e+00
 0.00000e+00
 1.95740e-14
 1.52438e-14
 3.34349e-14
 8.84211e-15
 0.00000e+00
 0.00000e+00
-3.88334e-14
-3.57592e-14
-2.18591e-14
-3.98850e-14
 0.00000e+00
 0.00000e+00
 2.29566e-14
 4.44290e-14
 4.48335e-14
 4.19060e-14
 0.00000e+00
 0.00000e+00
-1.10849e-15
 2.10908e-14
-3.37533e-15
 6.04147e-16
 0.00000e+00
 0.00000e+00
-3.78846e-14
-3.26297e-14
-4.31744e-14
-2.41950e-14
 0.00000e+00
 0.00000e+00
-1.50063e-15
-2.36229e-15
 1.95584e-15
-1.14216e-15
 0.00000e+00
 0.00000e+00
 4.50676e-14
 5.15725e-14
 4.25441e-14
 4.48682e-14
 0.00000e+00
 0.00000e+00
-4.08740e-14
-4.61653e-14
-3.71234e-14
-4.96236e-14
 0.00000e+00
 9.27597e-01
 9.27597e-01
 9.27597e-01
 9.27597e-01
 9.27597e-01
 9.27597e-01
 9.27840e-01
 9.27840e-01
 9.27840e-01
 9.27840e-01
 9.27840e-01
 9.27840e-01
 9.28126e-01
 9.28126e-01
 9.28126e-01
 9.28126e-01
 9.28126e-01
 9.28126e-01
 9.28073e-01
 9.28073e-01
 9.28073e-01
 9.28073e-01
 9.28073e-01
 9.28073e-01
 9.27764e-01
 9.27764e-01
 9.27764e-01
 9.27764e-01
 9.27764e-01
 9.27764e-01
 9.27011e-01
 9.27011e-01
 9.27011e-01
 9.27011e-01
 9.27011e-01
 9.27011e-01
 9.25164e-01
 9.25164e-01
 9.25164e-01
 9.25164e-01
 9.25164e-01
 9.25164e-01
 9.20717e-01
 9.20717e-01
 9.20717e-01
 9.20717e-01
 9.20717e-01
 9.20717e-01
 9.10646e-01
 9.10646e-01
 9.10646e-01
 9.10646e-01
 9.10646e-01
 9.10646e-01
 8.89309e-01
 8.89309e-01
 8.89309e-01
 8.89309e-01
 8.89309e-01
 8.89309e-01
 8.45746e-01
 8.45746e-01
 8.45746e-01
 8.45746e-01
 8.45746e-01
 8.45746e-01
 7.65448e-01
 7.65448e-01
 7.65448e-01
 7.65448e-01
 7.65448e-01
 7.65448e-01
 6.37343e-01
 6.37343e-01
 6.37343e-01
 6.37343e-01
 6.37343e-01
 6.37343e-01
 4.65489e-01
 4.65489e-01
 4.65489e-01
 4.65489e-01
 4.65489e-01
 4.65489e-01
 2.84211e-01
 2.84211e-01
 2.84211e-01
 2.84211e-01
 2.84211e-01
 2.84211e-01
 1.38953e-01
 1.38953e-01
 1.38953e-01
 1.38953e-01
 1.38953e-01
 1.38953e-01
 5.16823e-02
 5.16823e-02
 5.16823e-02
 5.16823e-02
 5.16823e-02
 5.16823e-02
 1.53648e-02
 1.53648e-02
 1.53648e-02
 1.53648e-02
 1.53648e-02
 1.53648e-02
 4.08270e-03
 4.08270e-03
 4.08270e-03
 4.08270e-03
 4.08270e-03
 4.08270e-03
 1.04028e-03
 1.04028e-03
 1.04028e-03
 1.04028e-03
 1.04028e-03
 1.04028e-03
 2.59984e-04
 2.59984e-04
 2.59984e-04
 2.59984e-04
 2.59984e-04
 2.59984e-04
 6.40029e-05
 6.40029e-05
 6.40029e-05
 6.40029e-05
 6.40029e-05
 6.40029e-05
 1.55096e-05
 1.55096e-05
 1.55096e-05
 1.55096e-05
 1.55096e-05
 1.55096e-05
 3.69264e-06
 3.69264e-06
 3.69264e-06
 3.69264e-06
 3.69264e-06
 3.69264e-06
 8.62008e-07
 8.62008e-07
 8.62008e-07
 8.62008e-07
 8.62008e-07
 8.62008e-07
 1.96576e-07
 1.96576e-07
 1.96576e-07
 1.96576e-07
 1.96576e-07
 1.96576e-07
 4.19556e-08
 4.19556e-08
 4.19556e-08
 4.19556e-08
 4.19556e-08
 4.19556e-08
 0.00000e+00
 0.00000e+00
 0.00000e+00
 0.00000e+00
 0.00000e+00
 0.00000e+00
 9.27597e-01
 9.27597e-01
 9.27597e-01
 9.27597e-01
 9.27597e-01
 9.27597e-01
 9.27840e-01
 9.27840e-01
 9.27840e-01
 9.27840e-01
 9.27840e-01
 9.27840e-01
 9.28126e-01
 9.28126e-01
 9.28126e-01
 9.28126e-01
 9.28126e-01
 9.28126e-01
 9.28073e-01
 9.28073e-01
 9.28073e-01
 9.28073e-01
 9.28073e-01
 9.28073e-01
 9.27764e-01
 9.27764e-01
 9.27764e-01
 9.27764e-01
 9.27764e-01
 9.27764e-01
 9.27011e-01
 9.27011e-01
 9.27011e-01
 9.27011e-01
 9.27011e-01
 9.27011e-01
 9.25164e-01
 9.25164e-01
 9.25164e-01
 9.25164e-01
 9.25164e-01
 9.25164e-01
 9.20717e-01
 9.20717e-01
 9.20717e-01
 9.20717e-01
 9.20717e-01
 9.20717e-01
 9.10646e-01
 9.10646e-01
 9.10646e-01
 9.10646e-01
 9.10646e-01
 9.10646e-01
 8.89309e-01
 8.89309e-01
 8.89309e-01
 8.89309e-01
 8.89309e-01
 8.89309e-01
 8.45746e-01
 8.45746e-01
 8.45746e-01
 8.45746e-01
 8.45746e-01
 8.45746e-01
 7.65448e-01
 7.65448e-01
 7.65448e-01
 7.65448e-01
 7.65448e-01
 7.65448e-01
 6.37343e-01
 6.37343e-01
 6.37343e-01
 6.37343e-01
 6.37343e-01
 6.37343e-01
 4.65489e-01
 4.65489e-01
 4.65489e-01
 4.65489e-01
 4.65489e-01
 4.65489e-01
 2.84211e-01
 2.84211e-01
 2.84211e-01
 2.84211e-01
 2.84211e-01
 2.84211e-01
 1.38953e-01
 1.38953e-01
 1.38953e-01
 1.38953e-01
 1.38953e-01
 1.38953e-01
 5.16823e-02
 5.16823e-02
 5.16823e-02
 5.16823e-02
 5.16823e-02
 5.16823e-02
 1.53648e-02
 1.53648e-02
 1.53648e-02
 1.53648e-02
 1.53648e-02
 1.53648e-02
 4.08270e-03
 4.08270e-03
 4.08270e-03
 4.08270e-03
 4.08270e-03
 4.08270e-03
 1.04028e-03
 1.04028e-03
 1.04028e-03
 1.04028e-03
 1.04028e-03
 1.04028e-03
 2.59984e-04
 2.59984e-04
 2.59984e-04
 2.59984e-04
 2.59984e-04
 2.59984e-04
 6.40029e-05
 6.40029e-05
 6.40029e-05
 6.40029e-05
 6.40029e-05
 6.40029e-05
 1.55096e-05
 1.55096e-05
 1.55096e-05
 1.55096e-05
 1.55096e-05
 1.55096e-05
 3.69264e-06
 3.69264e-06
 3.69264e-06
 3.69264e-06
 3.69264e-06
 3.69264e-06
 8.62008e-07
 8.62008e-07
 8.62008e-07
 8.62008e-07
 8.62008e-07
 8.62008e-07
 1.96576e-07
 1.96576e-07
 1.96576e-07
 1.96576e-07
 1.96576e-07
 1.96576e-07
 4.19556e-08
 4.19556e-08
 4.19556e-08
 4.19556e-08
 4.19556e-08
 4.19556e-08
 0.00000e+00
 0.00000e+00
 0.00000e+00
 0.00000e+00
 0.00000e+00
 0.00000e+00
 9.27597e-01
 9.27597e-01
 9.27597e-01
 9.27597e-01
 9.27597e-01
 9.27597e-01
 9.27840e-01
 9.27840e-01
 9.27840e-01
 9.27840e-01
 9.27840e-01
 9.27840e-01
 9.28126e-01
 9.28126e-01
 9.28126e-01
 9.28126e-01
 9.28126e-01
 9.28126e-01
 9.28073e-01
 9.28073e-01
 9.28073e-01
 9.28073e-01
 9.28073e-01
 9.28073e-01
 9.27764e-01
 9.27764e-01
 9.27764e-01
 9.27764e-01
 9.27764e-01
 9.27764e-01
 9.27011e-01
 9.27011e-01
 9.27011e-01
 9.27011e-01
 9.27011e-01
 9.27011e-01
 9.25164e-01
 9.25164e-01
 9.25164e-01
 9.25164e-01
 9.25164e-01
 9.25164e-01
 9.20717e-01
 9.20717e-01
 9.20717e-01
 9.20717e-01
 9.20717e-01
 9.20717e-01
 9.10646e-01
 9.10646e-01
 9.10646e-01
 9.10646e-01
 9.10646e-01
 9.10646e-01
 8.89309e-01
 8.89309e-01
 8.89309e-01
 8.89309e-01
 8.89309e-01
 8.89309e-01
 8.45746e-01
 8.45746e-01
 8.45746e-01
 8.45746e-01
 8.45746e-01
 8.45746e-01
 7.65448e-01
 7.65448e-01
 7.65448e-01
 7.65448e-01
 7.65448e-01
 7.65448e-01
 6.37343e-01
 6.37343e-01
 6.37343e-01
 6.37343e-01
 6.37343e-01
 6.37343e-01
 4.65489e-01
 4.65489e-01
 4.65489e-01
 4.65489e-01
 4.65489e-01
 4.65489e-01
 2.84211e-01
 2.84211e-01
 2.84211e-01
 2.84211e-01
 2.84211e-01
 2.84211e-01
 1.38953e-01
 1.38953e-01
 1.38953e-01
 1.38953e-01
 1.38953e-01
 1.38953e-01
 5.16823e-02
 5.16823e-02
 5.16823e-02
 5.16823e-02
 5.16823e-02
 5.16823e-02
 1.53648e-02
 1.53648e-02
 1.53648e-02
 1.53648e-02
 1.53648e-02
 1.53648e-02
 4.08270e-03
 4.08270e-03
 4.08270e-03
 4.08270e-03
 4.08270e-03
 4.08270e-03
 1.04028e-03
 1.04028e-03
 1.04028e-03
 1.04028e-03
 1.04028e-03
 1.04028e-03
 2.59984e-04
 2.59984e-04
 2.59984e-04
 2.59984e-04
 2.59984e-04
 2.59984e-04
 6.40029e-05
 6.40029e-05
 6.40029e-05
 6.40029e-05
 6.40029e-05
 6.40029e-05
 1.55096e-05
 1.55096e-05
 1.55096e-05
 1.55096e-05
 1.55096e-05
 1.55096e-05
 3.69264e-06
 3.69264e-06
 3.69264e-06
 3.69264e-06
 3.69264e-06
 3.69264e-06
 8.62008e-07
 8.62008e-07
 8.62008e-07
 8.62008e-07
 8.62008e-07
 8.62008e-07
 1.96576e-07
 1.96576e-07
 1.96576e-07
 1.96576e-07
 1.96576e-07
 1.96576e-07
 4.19556e-08
 4.19556e-08
 4.19556e-08
 4.19556e-08
 4.19556e-08
 4.19556e-08
 0.00000e+00
 0.00000e+00
 0.00000e+00
 0.00000e+00
 0.00000e+00
 0.00000e+00
 9.27597e-01
 9.27597e-01
 9.27597e-01
 9.27597e-01
 9.27597e-01
 9.27597e-01
 9.27840e-01
 9.27840e-01
 9.27840e-01
 9.27840e-01
 9.27840e-01
 9.27840e-01
 9.28126e-01
 9.28126e-01
 9.28126e-01
 9.28126e-01
 9.28126e-01
 9.28126e-01
 9.28073e-01
 9.28073e-01
 9.28073e-01
 9.28073e-01
 9.28073e-01
 9.28073e-01
 9.27764e-01
 9.27764e-01
 9.27764e-01
 9.27764e-01
 9.27764e-01
 9.27764e-01
 9.27011e-01
 9.27011e-01
 9.27011e-01
 9.27011e-01
 9.27011e-01
 9.27011e-01
 9.25164e-01
 9.25164e-01
 9.25164e-01
 9.25164e-01
 9.25164e-01
 9.25164e-01
 9.20717e-01
 9.20717e-01
 9.20717e-01
 9.20717e-01
 9.20717e-01
 9.20717e-01
 9.10646e-01
 9.10646e-01
 9.10646e-01
 9.10646e-01
 9.10646e-01
 9.10646e-01
 8.89309e-01
 8.89309e-01
 8.89309e-01
 8.89309e-01
 8.89309e-01
 8.89309e-01
 8.45746e-01
 8.45746e-01
 8.45746e-01
 8.45746e-01
 8.45746e-01
 8.45746e-01
 7.65448e-01
 7.65448e-01
 7.65448e-01
 7.65448e-01
 7.65448e-01
 7.65448e-01
 6.37343e-01
 6.37343e-01
 6.37343e-01
 6.37343e-01
 6.37343e-01
 6.37343e-01
 4.65489e-01
 4.65489e-01
 4.65489e-01
 4.65489e-01
 4.65489e-01
 4.65489e-01
 2.84211e-01
 2.84211e-01
 2.84211e-01
 2.84211e-01
 2.84211e-01
 2.84211e-01
 1.38953e-01
 1.38953e-01
 1.38953e-01
 1.38953e-01
 1.38953e-01
 1.38953e-01
 5.16823e-02
 5.16823e-02
 5.16823e-02
 5.16823e-02
 5.16823e-02
 5.16823e-02
 1.53648e-02
 1.53648e-02
 1.53648e-02
 1.53648e-02
 1.53648e-02
 1.53648e-02
 4.08270e-03
 4.08270e-03
 4.08270e-03
 4.08270e-03
 4.08270e-03
 4.08270e-03
 1.04028e-03
 1.04028e-03
 1.04028e-03
 1.04028e-03
 1.04028e-03
 1.04028e-03
 2.59984e-04
 2.59984e-04
 2.59984e-04
 2.59984e-04
 2.59984e-04
 2.59984e-04
 6.40029e-05
 6.40029e-05
 6.40029e-05
 6.40029e-05
 6.40029e-05
 6.40029e-05
 1.55096e-05
 1.55096e-05
 1.55096e-05
 1.55096e-05
 1.55096e-05
 1.55096e-05
 3.69264e-06
 3.69264e-06
 3.69264e-06
 3.69264e-06
 3.69264e-06
 3.69264e-06
 8.62008e-07
 8.62008e-07
 8.62008e-07
 8.62008e-07
 8.62008e-07
 8.62008e-07
 1.96576e-07
 1.96576e-07
 1.96576e-07
 1.96576e-07
 1.96576e-07
 1.96576e-07
 4.19556e-08
 4.19556e-08
 4.19556e-08
 4.19556e-08
 4.19556e-08
 4.19556e-08
 0.00000e+00
 0.00000e+00
 0.00000e+00
 0.00000e+00
 0.00000e+00
 0.00000e+00
 9.27597e-01
 9.27597e-01
 9.27597e-01
 9.27597e-01
 9.27597e-01
 9.27597e-01
 9.27840e-01
 9.27840e-01
 9.27840e-01
 9.27840e-01
 9.27840e-01
 9.27840e-01
 9.28126e-01
 9.28126e-01
 9.28126e-01
 9.28126e-01
 9.28126e-01
 9.28126e-01
 9.28073e-01
 9.28073e-01
 9.28073e-01
 9.28073e-01
 9.28073e-01
 9.28073e-01
 9.27764e-01
 9.27764e-01
 9.27764e-01
 9.27764e-01
 9.27764e-01
 9.27764e-01
 9.27011e-01
 9.27011e-01
 9.27011e-01
 9.27011e-01
 9.27011e-01
 9.27011e-01
 9.25164e-01
 9.25164e-01
 9.25164e-01
 9.25164e-01
 9.25164e-01
 9.25164e-01
 9.20717e-01
 9.20717e-01
 9.20717e-01
 9.20717e-01
 9.20717e-01
 9.20717e-01
 9.10646e-01
 9.10646e-01
 9.10646e-01
 9.10646e-01
 9.10646e-01
 9.10646e-01
 8.89309e-01
 8.89309e-01
 8.89309e-01
 8.89309e-01
 8.89309e-01
 8.89309e-01
 8.45746e-01
 8.45746e-01
 8.45746e-01
 8.45746e-01
 8.45746e-01
 8.45746e-01
 7.65448e-01
 7.65448e-01
 7.65448e-01
 7.65448e-01
 7.65448e-01
 7.65448e-01
 6.37343e-01
 6.37343e-01
 6.37343e-01
 6.37343e-01
 6.37343e-01
 6.37343e-01
 4.65489e-01
 4.65489e-01
 4.65489e-01
 4.65489e-01
 4.65489e-01
 4.65489e-01
 2.84211e-01
 2.84211e-01
 2.84211e-01
 2.84211e-01
 2.84211e-01
 2.84211e-01
 1.38953e-01
 1.38953e-01
 1.38953e-01
 1.38953e-01
 1.38953e-01
 1.38953e-01
 5.16823e-02
 5.16823e-02
 5.16823e-02
 5.16823e-02
 5.16823e-02
 5.16823e-02
 1.53648e-02
 1.53648e-02
 1.53648e-02
 1.53648e-02
 1.53648e-02
 1.53648e-02
 4.08270e-03
 4.08270e-03
 4.08270e-03
 4.08270e-03
 4.08270e-03
 4.08270e-03
 1.04028e-03
 1.04028e-03
 1.04028e-03
 1.04028e-03
 1.04028e-03
 1.04028e-03
 2.59984e-04
 2.59984e-04
 2.59984e-04
 2.59984e-04
 2.59984e-04
 2.59984e-04
 6.40029e-05
 6.40029e-05
 6.40029e-05
 6.40029e-05
 6.40029e-05
 6.40029e-05
 1.55096e-05
 1.55096e-05
 1.55096e-05
 1.55096e-05
 1.55096e-05
 1.55096e-05
 3.69264e-06
 3.69264e-06
 3.69264e-06
 3.69264e-06
 3.69264e-06
 3.69264e-06
 8.62008e-07
 8.62008e-07
 8.62008e-07
 8.62008e-07
 8.62008e-07
 8.62008e-07
 1.96576e-07
 1.96576e-07
 1.96576e-07
 1.96576e-07
 1.96576e-07
 1.96576e-07
 4.19556e-08
 4.19556e-08
 4.19556e-08
 4.19556e-08
 4.19556e-08
 4.19556e-08
 0.00000e+00
 0.00000e+00
 0.00000e+00
 0.00000e+00
 0.00000e+00
 0.00000e+00
 9.27597e-01
 9.27597e-01
 9.27597e-01
 9.27597e-01
 9.27597e-01
 9.27597e-01
 9.27840e-01
 9.27840e-01
 9.27840e-01
 9.27840e-01
 9.27840e-01
 9.27840e-01
 9.28126e-01
 9.28126e-01
 9.28126e-01
 9.28126e-01
 9.28126e-01
 9.28126e-01
 9.28073e-01
 9.28073e-01
 9.28073e-01
 9.28073e-01
 9.28073e-01
 9.28073e-01
 9.27764e-01
 9.27764e-01
 9.27764e-01
 9.27764e-01
 9.27764e-01
 9.27764e-01
 9.27011e-01
 9.27011e-01
 9.27011e-01
 9.27011e-01
 9.27011e-01
 9.27011e-01
 9.25164e-01
 9.25164e-01
 9.25164e-01
 9.25164e-01
 9.25164e-01
 9.25164e-01
 9.20717e-01
 9.20717e-01
 9.20717e-01
 9.20717e-01
 9.20717e-01
 9.20717e-01
 9.10646e-01
 9.10646e-01
 9.10646e-01
 9.10646e-01
 9.10646e-01
 9.10646e-01
 8.89309e-01
 8.89309e-01
 8.89309e-01
 8.89309e-01
 8.89309e-01
 8.89309e-01
 8.45746e-01
 8.45746e-01
 8.45746e-01
 8.45746e-01
 8.45746e-01
 8.45746e-01
 7.65448e-01
 7.65448e-01
 7.65448e-01
 7.65448e-01
 7.65448e-01
 7.65448e-01
 6.37343e-01
 6.37343e-01
 6.37343e-01
 6.37343e-01
 6.37343e-01
 6.37343e-01
 4.65489e-01
 4.65489e-01
 4.65489e-01
 4.65489e-01
 4.65489e-01
 4.65489e-01
 2.84211e-01
 2.84211e-01
 2.84211e-01
 2.84211e-01
 2.84211e-01
 2.84211e-01
 1.38953e-01
 1.38953e-01
 1.38953e-01
 1.38953e-01
 1.38953e-01
 1.38953e-01
 5.16823e-02
 5.16823e-02
 5.16823e-02
 5.16823e-02
 5.16823e-02
 5.16823e-02
 1.53648e-02
 1.53648e-02
 1.53648e-02
 1.53648e-02
 1.53648e-02
 1.53648e-02
 4.08270e-03
 4.08270e-03
 4.08270e-03
 4.08270e-03
 4.08270e-03
 4.08270e-03
 1.04028e-03
 1.04028e-03
 1.04028e-03
 1.04028e-03
 1.04028e-03
 1.04028e-03
 2.59984e-04
 2.59984e-04
 2.59984e-04
 2.59984e-04
 2.59984e-04
 2.59984e-04
 6.40029e-05
 6.40029e-05
 6.40029e-05
 6.40029e-05
 6.40029e-05
 6.40029e-05
 1.55096e-05
 1.55096e-05
 1.55096e-05
 1.55096e-05
 1.55096e-05
 1.55096e-05
 3.69264e-06
 3.69264e-06
 3.69264e-06
 3.69264e-06
 3.69264e-06
 3.69264e-06
 8.62008e-07
 8.62008e-07
 8.62008e-07
 8.62008e-07
 8.62008e-07
 8.62008e-07
 1.96576e-07
 1.96576e-07
 1.96576e-07
 1.96576e-07
 1.96576e-07
 1.96576e-07
 4.19556e-08
 4.19556e-08
 4.19556e-08
 4.19556e-08
 4.19556e-08
 4.19556e-08
 0.00000e+00
 0.00000e+00
 0.00000e+00
 0.00000e+00
 0.00000e+00
 0.00000e+00
 0.00000e+00
 0.00000e+00
 0.00000e+00
 0.00000e+00
 0.00000e+00
 0.00000e+00
 0.00000e+00
 0.00000e+00
 0.00000e+00
 0.00000e+00
 0.00000e+00
 0.00000e+00
 0.00000e+00
 0.00000e+00
 0.00000e+00
 0.00000e+00
 0.00000e+00
 0.00000e+00
 0.00000e+00
 0.00000e+00
 0.00000e+00
 0.00000e+00
 0.00000e+00
 0.00000e+00
 0.00000e+00
 0.00000e+00
 0.00000e+00
 0.00000e+00
 0.00000e+00
 0.00000e+00
 0.00000e+00
 0.00000e+00
 0.00000e+00
 0.00000e+00
 0.00000e+00
 0.00000e+00
 0.00000e+00
 0.00000e+00
 0.00000e+00
 0.00000e+00
 0.00000e+00
 0.00000e+00
 0.00000e+00
 0.00000e+00
 0.00000e+00
 0.00000e+00
 0.00000e+00
 0.00000e+00
 0.00000e+00
 0.00000e+00
 0.00000e+00
 0.00000e+00
 0.00000e+00
 0.00000e+00
 0.00000e+00
 0.00000e+00
 0.00000e+00
 0.00000e+00
 0.00000e+00
 0.00000e+00
 0.00000e+00
 0.00000e+00
 0.00000e+00
 0.00000e+00
 0.00000e+00
 0.00000e+00
 0.00000e+00
 0.00000e+00
 0.00000e+00
 0.00000e+00
 0.00000e+00
 0.00000e+00
 0.00000e+00
 0.00000e+00
 0.00000e+00
 0.00000e+00
 0.00000e+00
 0.00000e+00
 0.00000e+00
 0.00000e+00
 0.00000e+00
 0.00000e+00
 0.00000e+00
 0.00000e+00
 0.00000e+00
 0.00000e+00
 0.00000e+00
 0.00000e+00
 0.00000e+00
 0.00000e+00
 0.00000e+00
 0.00000e+00
 0.00000e+00
 0.00000e+00
 0.00000e+00
 0.00000e+00
 0.00000e+00
 0.00000e+00
 0.00000e+00
 0.00000e+00
 0.00000e+00
 0.00000e+00
 0.00000e+00
 0.00000e+00
 0.00000e+00
 0.00000e+00
 0.00000e+00
 0.00000e+00
 0.00000e+00
 0.00000e+00
 0.00000e+00
 0.00000e+00
 0.00000e+00
 0.00000e+00
 0.00000e+00
 0.00000e+00
 0.00000e+00
 0.00000e+00
 0.00000e+00
 0.00000e+00
 0.00000e+00
 0.00000e+00
 0.00000e+00
 0.00000e+00
 0.00000e+00
 0.00000e+00
 0.00000e+00
 0.00000e+00
 0.00000e+00
 0.00000e+00
 0.00000e+00
 0.00000e+00
 0.00000e+00
 0.00000e+00
 0.00000e+00
 0.00000e+00
 0.00000e+00
 0.00000e+00
 0.00000e+00
 0.00000e+00
 0.00000e+00
 0.00000e+00
 0.00000e+00
 0.00000e+00
 0.00000e+00
 0.00000e+00
 0.00000e+00
 0.00000e+00
 0.00000e+00
 0.00000e+00
 0.00000e+00
 0.00000e+00
 0.00000e+00
 0.00000e+00
 0.00000e+00
 0.00000e+00
 0.00000e+00
 0.00000e+00
 0.00000e+00
 0.00000e+00
 0.00000e+00
 0.00000e+00
 0.00000e+00
 0.00000e+00
 0.00000e+00
 0.00000e+00
 0.00000e+00
 0.00000e+00
 2.72717e-15
-1.21925e-15
 3.68004e-15
 5.71822e-15
 7.60075e-15
 8.10591e-15
-3.09291e-15
 3.09553e-16
 2.87894e-15
 2.88114e-15
 7.10757e-15
 5.09595e-15
-3.08552e-15
 2.03776e-15
 8.12057e-16
-1.91279e-15
 5.57014e-15
 1.57445e-15
 1.22192e-15
 5.24631e-15
 1.01767e-15
-3.01958e-15
 1.54324e-15
-5.44010e-15
 1.56386e-15
 4.07142e-15
 2.39166e-16
-2.62649e-15
-2.49664e-15
-1.19789e-14
 1.16111e-15
 1.08395e-15
-8.78351e-16
-2.22778e-15
-1.84959e-15
-8.90527e-15
 1.97766e-15
 3.07583e-15
-3.68626e-16
-3.00969e-15
 3.13559e-16
-5.30781e-15
-6.22752e-15
 2.32085e-15
 3.43238e-16
-2.89033e-15
 3.30008e-15
-2.54349e-15
-1.24614e-14
-7.84208e-17
-2.00774e-16
-1.67871e-15
 6.98692e-15
-1.94017e-15
-6.56836e-15
 1.45510e-15
-1.83062e-16
 1.22014e-15
 6.74809e-15
-4.72455e-15
-5.16501e-15
 1.15238e-15
 5.75271e-16
 2.94775e-15
 5.78611e-15
-6.89291e-15
-9.84154e-15
-7.27298e-15
-3.52231e-15
 7.57287e-16
-1.32013e-15
-1.48070e-14
-9.41009e-15
-8.70840e-15
-9.21702e-15
-3.73572e-15
-7.72034e-15
-2.61076e-14
-4.41401e-15
-4.32702e-15
-8.42339e-15
-5.46359e-15
-7.86458e-15
-2.50628e-14
 1.94841e-15
-5.76183e-15
-1.29139e-14
-9.74440e-15
-1.00853e-14
-1.86457e-14
 3.60065e-16
-4.55733e-15
-6.10775e-15
-5.83141e-15
-9.28092e-15
-1.39575e-14
-2.55209e-15
-1.15941e-15
-6.18283e-15
-8.52883e-15
-3.65947e-15
-7.81517e-15
-6.05087e-15
-3.39344e-15
-5.61631e-15
-5.93263e-15
 1.34973e-15
-2.73308e-15
-9.82223e-15
-8.86239e-15
-5.40253e-15
-5.36059e-15
-4.87891e-15
-6.89999e-15
-1.86348e-15
 9.38740e-16
-1.16718e-15
-2.00112e-15
 2.18955e-15
-4.43541e-15
-1.97261e-14
-1.73216e-14
-1.34918e-14
-2.14710e-14
-1.94178e-14
-1.39694e-14
 3.29206e-14
 3.91188e-14
 3.72934e-14
 3.42204e-14
 3.99212e-14
 3.91766e-14
-2.42888e-14
-3.33699e-14
-4.08117e-14
-3.73987e-14
-3.28743e-14
-3.38114e-14
-4.89729e-16
 6.17675e-15
-1.96447e-15
-6.51675e-16
 1.17223e-14
 2.24746e-15
 2.75897e-14
 3.86505e-14
 3.27290e-14
 3.15750e-14
 4.38147e-14
 3.39416e-14
 1.26349e-14
 3.49420e-15
 2.08896e-15
 8.45341e-15
 8.57069e-15
 4.04866e-15
-3.84256e-14
-3.86349e-14
-4.35940e-14
-4.32693e-14
-3.83118e-14
-4.32159e-14
 4.53072e-14
 4.81192e-14
 4.77277e-14
 4.65200e-14
 4.58785e-14
 4.20377e-14
-5.01430e-15
 7.70547e-17
 1.40124e-15
 3.02141e-15
 9.79063e-15
 4.36064e-16
 4.78432e-15
-1.52470e-16
 1.10621e-15
 2.89939e-15
 6.85917e-15
 8.89604e-16
 9.44055e-15
-2.08426e-15
 7.84430e-16
 1.54234e-15
-1.02522e-15
 7.89390e-17
 9.01114e-15
-2.49358e-15
 1.98832e-16
 6.20246e-16
 7.61790e-16
 5.15400e-15
 8.70956e-15
 1.52005e-15
 2.00867e-15
-7.73482e-16
 2.05252e-15
 7.13216e-15
 7.26964e-15
 3.49782e-15
 5.87849e-15
 1.54562e-15
 1.15230e-15
 2.68013e-15
 4.02036e-15
 1.18332e-15
 4.69903e-15
 4.87547e-15
 1.37481e-15
-2.16048e-15
 8.74480e-15
 1.08091e-16
 1.00682e-15
 6.91027e-15
 1.40663e-15
-4.75549e-15
 1.93190e-14
 5.56520e-16
-4.39650e-15
 2.94309e-15
-6.61698e-16
-2.04514e-15
 1.44072e-14
-2.71578e-15
-4.44333e-15
-1.67861e-15
-6.13687e-15
-2.07575e-15
 3.43720e-15
-2.96973e-15
 4.23273e-15
 4.56123e-15
-5.06526e-15
-4.75788e-15
 7.57024e-16
-1.16744e-15
 6.30481e-15
 1.50044e-15
-8.68689e-15
-8.58247e-15
 6.85621e-15
 5.35946e-15
 4.41123e-15
-8.30704e-15
-9.41148e-15
-4.36067e-15
 1.15666e-14
 8.84607e-15
 4.70969e-15
-4.88033e-15
-2.53894e-15
 1.81496e-15
 2.47122e-15
 6.45212e-15
 1.03188e-14
-2.91029e-15
-2.84017e-15
 2.48631e-15
 7.81653e-15
 1.17672e-14
 8.93524e-15
-1.51194e-15
 2.97835e-16
-1.52230e-15
 5.24086e-15
 1.89323e-15
 7.65781e-15
 2.91969e-15
-6.38300e-15
-6.90707e-15
 9.69653e-15
 7.29418e-15
 6.64261e-15
 3.57493e-15
 1.10596e-15
-1.65449e-15
 7.47050e-15
 7.98315e-15
 3.54623e-15
 2.49113e-15
 8.00282e-15
 2.02925e-15
 4.74351e-15
-1.17670e-15
 4.57909e-15
 1.66228e-15
 4.23833e-16
 5.60514e-15
-1.15531e-14
-1.42512e-14
-2.32712e-14
-1.49369e-14
-1.14231e-14
-2.70183e-14
 4.36769e-14
 3.83316e-14
 4.04872e-14
 4.25344e-14
 3.72821e-14
 3.74504e-14
-4.66542e-14
-4.37030e-14
-3.40963e-14
-3.97981e-14
-4.42116e-14
-3.94867e-14
 6.44017e-15
-3.95984e-15
 6.60912e-15
 4.30951e-15
-9.33261e-15
-5.36898e-15
 4.84409e-14
 3.94930e-14
 4.81001e-14
 4.56931e-14
 3.77793e-14
 4.48354e-14
-1.86749e-15
 8.08235e-15
 7.56583e-15
 1.29163e-16
 3.39558e-15
-7.77086e-16
-4.23637e-14
-4.55113e-14
-4.02451e-14
-4.58743e-14
-5.03170e-14
-4.38631e-14
 3.63210e-14
 3.57732e-14
 4.06558e-14
 4.46907e-14
 4.64881e-14
 4.61443e-14
 2.14737e-15
-3.70096e-16
-4.85971e-16
 3.61025e-15
 6.93574e-15
-9.49525e-16
-1.62801e-15
-9.27474e-16
-1.27276e-15
 1.93268e-15
 6.17564e-15
-3.66822e-15
-1.49108e-15
 2.81579e-15
-1.95667e-15
-1.02087e-15
 9.83943e-15
-1.80397e-15
-1.22097e-15
 6.91366e-15
-5.42150e-17
-1.34556e-15
 1.20337e-14
 3.36860e-15
-2.06798e-15
 6.10901e-15
-1.38965e-15
-3.12917e-15
 9.86497e-15
 2.08525e-15
-5.09263e-15
 3.92344e-15
-1.26931e-15
-3.03128e-15
 9.02653e-15
 4.52003e-16
-1.07559e-14
 2.53512e-15
 2.27893e-15
-3.22171e-15
 5.53597e-15
-1.05769e-15
-6.95853e-15
 5.26866e-15
 8.64753e-15
-3.22594e-15
 9.96709e-17
-1.14504e-15
-3.08868e-15
 7.06217e-15
 7.50638e-15
-3.61329e-15
-1.10338e-15
-4.78558e-15
-5.56737e-15
 5.74610e-15
 3.22458e-15
-5.27781e-15
 1.70100e-15
-2.82095e-15
 1.32628e-15
 1.16766e-14
 4.17936e-15
-6.29671e-15
 7.82680e-15
 7.79068e-15
 5.65222e-15
 1.36519e-14
 1.14990e-16
-1.14190e-14
 8.24968e-15
 1.02604e-14
 3.34294e-15
 1.17817e-14
-5.93768e-16
-8.32853e-15
 8.33597e-15
 3.16178e-15
 8.57570e-15
 1.04963e-14
 2.81664e-15
-1.75795e-15
 2.02233e-15
-5.87900e-15
 1.03495e-14
 7.47380e-15
-7.07129e-15
-1.05235e-14
-2.39107e-15
-9.27563e-15
-3.37703e-16
 1.36250e-15
-5.77827e-15
-1.01259e-14
-2.89232e-15
-8.15316e-15
 2.58623e-15
 1.08391e-14
-3.85432e-17
-5.04028e-15
 1.17446e-14
 8.15487e-15
 3.24557e-15
 6.41892e-15
 2.52995e-15
-9.46529e-16
 7.59459e-15
 5.16080e-15
-2.47721e-15
-1.71898e-15
-9.12370e-16
-3.67366e-15
-1.20299e-15
-5.65125e-15
-8.10411e-16
 1.10171e-14
 3.27080e-15
 2.13569e-16
 7.93003e-15
-8.32249e-15
-1.35612e-14
-1.67086e-14
-1.09378e-14
-2.32434e-14
-2.51625e-14
-8.27146e-15
 2.93175e-14
 3.64283e-14
 3.79096e-14
 2.81142e-14
 3.34381e-14
 4.07806e-14
-2.82733e-14
-3.03288e-14
-4.28796e-14
-4.30911e-14
-3.44303e-14
-3.99801e-14
-7.02941e-15
 8.57089e-15
-7.69993e-16
-5.25162e-15
 8.34125e-15
-3.05218e-15
 3.13142e-14
 4.02529e-14
 4.09482e-14
 4.03255e-14
 4.23347e-14
 3.33892e-14
 7.99802e-16
-2.33793e-15
-2.02855e-16
 1.16837e-15
 1.97598e-15
 2.97321e-15
-4.41197e-14
-4.04846e-14
-5.20649e-14
-5.01902e-14
-3.94493e-14
-5.09538e-14
 5.05170e-14
 4.23970e-14
 4.53086e-14
 4.42742e-14
 3.74931e-14
 3.96092e-14
-6.52418e-15
-1.26322e-15
 2.90638e-15
 3.03304e-17
 3.90256e-16
-6.00720e-15
-3.61485e-15
 4.71388e-17
 5.48857e-15
 4.02949e-15
 5.17529e-15
-1.10893e-16
-2.85533e-15
-2.80799e-15
 4.54267e-15
 6.11955e-15
 4.12227e-15
-1.56515e-15
-1.12142e-15
-6.06928e-15
 1.06346e-15
 7.81686e-15
 2.62607e-15
-6.37705e-15
-2.04457e-15
-8.67812e-15
-2.01531e-15
 6.37049e-15
-7.55106e-16
-1.10051e-14
 3.32983e-16
-5.75394e-15
-1.18317e-15
 4.20054e-15
-9.17578e-17
-7.66350e-15
 8.69939e-15
-1.23197e-15
-3.39805e-15
 5.13908e-16
 1.48300e-15
-3.94912e-15
 6.83270e-15
-3.25624e-15
-8.94183e-15
-2.16532e-15
 2.12709e-15
-2.99603e-15
-6.12314e-16
-3.41260e-15
-4.20937e-15
-1.50374e-16
 1.97251e-15
-1.28795e-15
 3.00352e-16
-5.22630e-16
 2.91837e-15
-7.28156e-17
-4.20811e-15
-6.67895e-15
 6.20694e-15
 1.16169e-16
 1.95537e-16
-9.28141e-16
-1.16992e-14
-1.92204e-14
 4.80074e-15
-3.35717e-15
-3.60383e-15
 3.40638e-16
-1.20573e-14
-2.56932e-14
 8.44455e-15
-1.02141e-15
-7.61374e-16
 1.94378e-16
-9.67089e-15
-1.77856e-14
 7.47397e-15
 3.30695e-15
-2.61290e-15
-3.69859e-15
-6.60155e-16
-3.17077e-15
 4.96974e-15
-8.09401e-16
-3.01306e-15
 1.99748e-15
 2.20248e-15
-5.24554e-15
 6.47908e-15
-3.05992e-15
-4.92886e-15
 1.78387e-15
 1.42513e-15
-3.54558e-15
 5.68017e-15
-4.16465e-15
-3.65531e-15
 1.21831e-15
-3.69001e-15
-8.88354e-15
 1.20179e-14
 4.60120e-15
 4.12347e-15
 5.64270e-15
 2.20471e-17
-4.86380e-15
 9.42189e-15
 5.29605e-15
-6.74549e-16
-1.58836e-15
-4.48438e-15
-1.17791e-14
 1.02614e-14
-3.35543e-15
-2.26268e-15
-8.05570e-16
-4.92197e-15
-3.56950e-15
-1.48011e-14
-1.51828e-14
-2.30868e-14
-1.29297e-14
-1.06899e-14
-3.20833e-14
 4.05347e-14
 3.53972e-14
 3.37581e-14
 4.71814e-14
 4.48231e-14
 2.99370e-14
-2.88665e-14
-3.67059e-14
-3.70063e-14
-3.24459e-14
-3.50009e-14
-3.92542e-14
 5.65891e-15
-9.34736e-15
-3.17032e-15
 3.81347e-15
-3.27221e-15
-2.25796e-15
 3.73864e-14
 3.55703e-14
 3.54400e-14
 3.35491e-14
 3.79946e-14
 3.84930e-14
 6.97502e-15
 5.90442e-15
 1.69166e-15
 2.57055e-15
 4.30291e-15
-4.31127e-15
-4.34299e-14
-4.77490e-14
-4.02301e-14
-4.44007e-14
-4.99871e-14
-4.47480e-14
 3.56666e-14
 4.61694e-14
 4.13717e-14
 3.95456e-14
 4.56390e-14
 3.68520e-14
 0.00000e+00
 0.00000e+00
 0.00000e+00
 0.00000e+00
 0.00000e+00
 0.00000e+00
 0.00000e+00
 0.00000e+00
 0.00000e+00
 0.00000e+00
 0.00000e+00
 0.00000e+00
 0.00000e+00
 0.00000e+00
 0.00000e+00
 0.00000e+00
 0.00000e+00
 0.00000e+00
 0.00000e+00
 0.00000e+00
 0.00000e+00
 0.00000e+00
 0.00000e+00
 0.00000e+00
 0.00000e+00
 0.00000e+00
 0.00000e+00
 0.00000e+00
 0.00000e+00
 0.00000e+00
 0.00000e+00
 0.00000e+00
 0.00000e+00
 0.00000e+00
 0.00000e+00
 0.00000e+00
 0.00000e+00
 0.00000e+00
 0.00000e+00
 0.00000e+00
 0.00000e+00
 0.00000e+00
 0.00000e+00
 0.00000e+00
 0.00000e+00
 0.00000e+00
 0.00000e+00
 0.00000e+00
 0.00000e+00
 0.00000e+00
 0.00000e+00
 0.00000e+00
 0.00000e+00
 0.00000e+00
 0.00000e+00
 0.00000e+00
 0.00000e+00
 0.00000e+00
 0.00000e+00
 0.00000e+00
 0.00000e+00
 0.00000e+00
 0.00000e+00
 0.00000e+00
 0.00000e+00
 0.00000e+00
 0.00000e+00
 0.00000e+00
 0.00000e+00
 0.00000e+00
 0.00000e+00
 0.00000e+00
 0.00000e+00
 0.00000e+00
 0.00000e+00
 0.00000e+00
 0.00000e+00
 0.00000e+00
 0.00000e+00
 0.00000e+00
 0.00000e+00
 0.00000e+00
 0.00000e+00
 0.00000e+00
 0.00000e+00
 0.00000e+00
 0.00000e+00
 0.00000e+00
 0.00000e+00
 0.00000e+00
 0.00000e+00
 0.00000e+00
 0.00000e+00
 0.00000e+00
 0.00000e+00
 0.00000e+00
 0.00000e+00
 0.00000e+00
 0.00000e+00
 0.00000e+00
 0.00000e+00
 0.00000e+00
 0.00000e+00
 0.00000e+00
 0.00000e+00
 0.00000e+00
 0.00000e+00
 0.00000e+00
 0.00000e+00
 0.00000e+00
 0.00000e+00
 0.00000e+00
 0.00000e+00
 0.00000e+00
 0.00000e+00
 0.00000e+00
 0.00000e+00
 0.00000e+00
 0.00000e+00
 0.00000e+00
 0.00000e+00
 0.00000e+00
 0.00000e+00
 0.00000e+00
 0.00000e+00
 0.00000e+00
 0.00000e+00
 0.00000e+00
 0.00000e+00
 0.00000e+00
 0.00000e+00
 0.00000e+00
 0.00000e+00
 0.00000e+00
 0.00000e+00
 0.00000e+00
 0.00000e+00
 0.00000e+00
 0.00000e+00
 0.00000e+00
 0.00000e+00
 0.00000e+00
 0.00000e+00
 0.00000e+00
 0.00000e+00
 0.00000e+00
 0.00000e+00
 0.00000e+00
 0.00000e+00
 0.00000e+00
 0.00000e+00
 0.00000e+00
 0.00000e+00
 0.00000e+00
 0.00000e+00
 0.00000e+00
 0.00000e+00
 0.00000e+00
 0.00000e+00
 0.00000e+00
 0.00000e+00
 0.00000e+00
 0.00000e+00
 0.00000e+00
 0.00000e+00
 0.00000e+00
 0.00000e+00
 0.00000e+00
