Velocity
part
         1
coordinates
 0.00000e+00
-8.86286e-16
 1.43721e-15
-9.96743e-16
 2.42705e-15
 0.00000e+00
 0.00000e+00
-1.91766e-16
 1.82821e-16
 9.06316e-16
 1.05598e-15
 0.00000e+00
 0.00000e+00
-1.25959e-16
-1.37023e-15
 1.81013e-15
-7.44849e-16
 0.00000e+00
 0.00000e+00
 2.02460e-16
-3.17487e-16
-4.40570e-16
 1.39516e-15
 0.00000e+00
 0.00000e+00
 1.36054e-15
 1.77581e-15
 1.77379e-15
 1.14209e-15
 0.00000e+00
 0.00000e+00
-3.92475e-15
-3.94541e-15
-4.28120e-15
-3.11997e-15
 0.00000e+00
 0.00000e+00
 1.55420e-15
 3.22044e-15
 4.16262e-16
 1.64028e-15
 0.00000e+00
 0.00000e+00
-6.37557e-16
-1.61849e-16
-3.01765e-16
-1.30790e-16
 0.00000e+00
 0.00000e+00
 6.05925e-15
 3.26282e-15
 6.11941e-15
 2.88097e-15
 0.00000e+00
 0.00000e+00
-3.24876e-15
-7.05152e-15
-5.17674e-15
-5.16670e-15
 0.00000e+00
 0.00000e+00
 5.34666e-15
 4.38540e-15
 4.79199e-15
 1.92750e-15
 0.00000e+00
 0.00000e+00
-4.10848e-15
-2.97418e-15
-3.62796e-15
-7.75480e-16
 0.00000e+00
 0.00000e+00
 3.70567e-16
 1.16043e-15
 1.30659e-15
 3.68291e-16
 0.00000e+00
 0.00000e+00
 5.11223e-16
-6.28501e-16
 5.95338e-16
 1.13339e-16
 0.00000e+00
 0.00000e+00
 7.16552e-16
-1.03457e-15
 8.57059e-16
-1.87067e-15
 0.00000e+00
 0.00000e+00
 3.74392e-16
 1.50565e-15
-1.89175e-15
 1.70057e-15
 0.00000e+00
 0.00000e+00
 7.77564e-16
 1.44833e-16
-1.70293e-15
-6.02828e-16
 0.00000e+00
 0.00000e+00
 8.54714e-15
 2.20900e-15
 8.50331e-15
 5.80102e-15
 0.00000e+00
 0.00000e+00
-4.66031e-15
-6.49120e-15
-6.73944e-15
-5.94547e-15
 0.00000e+00
 0.00000e+00
 1.48889e-16
 3.85799e-15
-2.67710e-15
 2.51557e-16
 0.00000e+00
 0.00000e+00
 6.36094e-15
 6.22992e-15
 7.77790e-15
 3.15093e-15
 0.00000e+00
 0.00000e+00
-5.30237e-15
-7.54218e-15
-2.06761e-15
-6.80512e-15
 0.00000e+00
 0.00000e+00
-3.42218e-15
 1.90796e-15
 3.45883e-16
 1.89796e-15
 0.00000e+00
 0.00000e+00
-1.05369e-16
-3.39630e-15
 3.25317e-15
 4.67926e-16
 0.00000e+00
 0.00000e+00
 5.71145e-15
-4.23521e-15
 4.71595e-15
-3.49594e-15
 0.00000e+00
 0.00000e+00
 2.59677e-15
-4.62681e-16
-3.79879e-15
-3.31401e-15
 0.00000e+00
 0.00000e+00
 8.43889e-16
 2.43584e-15
-2.92703e-15
-1.98612e-15
 0.00000e+00
 0.00000e+00
 3.40151e-15
-8.18001e-16
 1.58893e-15
-3.33158e-15
 0.00000e+00
 0.00000e+00
 3.03720e-15
-3.06265e-15
 1.85229e-15
-1.02849e-15
 0.00000e+00
 0.00000e+00
-7.97237e-16
 6.38385e-16
-1.38715e-15
 3.06718e-15
 0.00000e+00
 0.00000e+00
-3.40735e-16
-3.19175e-16
 6.53365e-17
 1.46687e-15
 0.00000e+00
 0.00000e+00
-8.94589e-16
-9.12526e-16
 6.47633e-16
 3.09083e-16
 0.00000e+00
 0.00000e+00
-1.03687e-16
-6.23125e-16
-6.69592e-16
 1.63616e-15
 0.00000e+00
 0.00000e+00
 3.31941e-15
 1.61900e-15
 2.08957e-15
 2.05624e-15
 0.00000e+00
 0.00000e+00
-3.88269e-15
-4.15559e-15
-3.07579e-15
-3.53003e-15
 0.00000e+00
 0.00000e+00
 2.74491e-15
 1.61110e-15
 4.67730e-16
 1.27355e-15
 0.00000e+00
 0.00000e+00
-1.80379e-17
-1.13893e-15
-4.33054e-16
 4.04478e-16
 0.00000e+00
 0.00000e+00
 5.21462e-15
 3.92604e-15
 5.61528e-15
 2.67159e-15
 0.00000e+00
 0.00000e+00
-5.10460e-15
-4.62829e-15
-5.68908e-15
-3.27679e-15
 0.00000e+00
 0.00000e+00
 4.02489e-15
 5.63785e-15
 4.18348e-15
 1.45341e-15
 0.00000e+00
 0.00000e+00
-3.09994e-15
-4.25525e-15
-2.48011e-15
-2.09554e-15
 0.00000e+00
 0.00000e+00
 5.92289e-16
 7.89887e-16
 1.68708e-15
-8.21303e-17
 0.00000e+00
 0.00000e+00
 5.10912e-17
-1.02798e-15
 9.23425e-16
-4.04378e-16
 0.00000e+00
 0.00000e+00
-6.59839e-16
-4.03333e-16
 6.71577e-16
-1.89836e-15
 0.00000e+00
 0.00000e+00
-2.10607e-16
 2.12285e-15
-1.22944e-15
 1.61661e-15
 0.00000e+00
 0.00000e+00
 6.63142e-16
-3.32598e-16
-2.39103e-16
-3.77927e-16
 0.00000e+00
 0.00000e+00
 7.31023e-15
 4.20081e-15
 8.13417e-15
 6.44927e-15
 0.00000e+00
 0.00000e+00
-5.16945e-15
-6.10863e-15
-6.99431e-15
-6.50826e-15
 0.00000e+00
 0.00000e+00
 2.32296e-15
-1.53859e-16
-5.73354e-16
 1.04649e-15
 0.00000e+00
 0.00000e+00
 7.01966e-15
 4.72826e-15
 6.73337e-15
 4.87114e-15
 0.00000e+00
 0.00000e+00
-6.44279e-15
-5.27078e-15
-3.82702e-15
-5.90788e-15
 0.00000e+00
 0.00000e+00
-1.08024e-15
 6.07500e-16
 1.65947e-16
 1.31387e-15
 0.00000e+00
 0.00000e+00
 1.39830e-15
-4.23430e-15
 2.33454e-15
 1.96948e-16
 0.00000e+00
 0.00000e+00
 3.22609e-15
-2.46566e-15
 2.80264e-15
-1.52204e-15
 0.00000e+00
 0.00000e+00
 1.82111e-15
-1.29508e-15
-3.67893e-15
 2.48606e-16
 0.00000e+00
 0.00000e+00
 2.42467e-15
-5.40883e-16
-2.93136e-15
 8.58499e-17
 0.00000e+00
 0.00000e+00
 2.41429e-15
-1.60165e-15
 2.60321e-16
-1.80679e-15
 0.00000e+00
 0.00000e+00
 8.52171e-16
-7.97348e-16
-3.70913e-16
-9.91494e-16
 0.00000e+00
 0.00000e+00
-1.29927e-15
 1.58857e-15
-3.14487e-15
 2.72997e-15
 0.00000e+00
 0.00000e+00
-3.93064e-16
 7.07333e-16
-1.88074e-15
 1.72594e-15
 0.00000e+00
 0.00000e+00
-6.71979e-16
-1.58045e-15
 3.26823e-16
-5.81690e-16
 0.00000e+00
 0.00000e+00
-1.10258e-15
-1.70158e-15
 2.13107e-17
-5.36987e-16
 0.00000e+00
 0.00000e+00
 2.29563e-15
 2.38251e-15
 2.01758e-15
 1.43984e-15
 0.00000e+00
 0.00000e+00
-4.34228e-15
-4.76034e-15
-3.17626e-15
-3.02281e-15
 0.00000e+00
 0.00000e+00
 2.03835e-15
 2.33674e-15
 4.08387e-16
 9.90452e-16
 0.00000e+00
 0.00000e+00
-1.17157e-15
-2.52943e-16
-1.16370e-15
 1.93774e-16
 0.00000e+00
 0.00000e+00
 3.64892e-15
 3.38279e-15
 4.33597e-15
 2.55408e-15
 0.00000e+00
 0.00000e+00
-5.24826e-15
-5.09008e-15
-4.68090e-15
-3.55942e-15
 0.00000e+00
 0.00000e+00
 3.58918e-15
 5.03918e-15
 4.02783e-15
 1.52630e-15
 0.00000e+00
 0.00000e+00
-4.10047e-15
-4.08722e-15
-4.52881e-15
-1.04223e-15
 0.00000e+00
 0.00000e+00
 1.71962e-15
-4.59276e-16
 1.90452e-15
-1.05046e-15
 0.00000e+00
 0.00000e+00
 1.30591e-16
 5.90954e-16
 2.50575e-16
-4.10467e-16
 0.00000e+00
 0.00000e+00
-7.74209e-16
 1.00092e-16
 9.74799e-17
-1.42234e-15
 0.00000e+00
 0.00000e+00
-1.91740e-15
 4.44505e-16
-2.51779e-16
-6.28985e-17
 0.00000e+00
 0.00000e+00
-3.95775e-16
 7.31234e-16
 1.06266e-16
 1.07544e-16
 0.00000e+00
 0.00000e+00
 6.23629e-15
 4.84037e-15
 8.77972e-15
 5.58135e-15
 0.00000e+00
 0.00000e+00
-7.85123e-15
-5.46046e-15
-7.21826e-15
-6.35621e-15
 0.00000e+00
 0.00000e+00
 2.37442e-16
 1.49887e-15
 4.64896e-16
 2.21371e-15
 0.00000e+00
 0.00000e+00
 7.59613e-15
 2.61814e-15
 7.12923e-15
 5.48704e-15
 0.00000e+00
 0.00000e+00
-5.51675e-15
-4.85358e-15
-5.19054e-15
-5.09791e-15
 0.00000e+00
 0.00000e+00
-1.73328e-15
 2.60697e-15
 6.92266e-16
 7.49542e-17
 0.00000e+00
 0.00000e+00
 9.92933e-16
-3.80633e-15
 2.56840e-15
-2.94498e-15
 0.00000e+00
 0.00000e+00
-2.45391e-16
-7.24625e-16
 2.72080e-15
-1.04986e-15
 0.00000e+00
 0.00000e+00
-3.52540e-15
 2.14655e-16
-1.14976e-15
-7.09559e-16
 0.00000e+00
 0.00000e+00
-2.19124e-16
-9.51875e-16
 1.21714e-15
-2.32715e-15
 0.00000e+00
 0.00000e+00
 7.04429e-16
-2.52376e-15
-5.37770e-16
-1.24111e-15
 0.00000e+00
 0.00000e+00
 2.61800e-17
-2.06843e-15
-2.58089e-15
-9.79651e-16
 0.00000e+00
 0.00000e+00
 7.02921e-16
 1.68875e-15
 4.03298e-17
 3.26404e-15
 0.00000e+00
 0.00000e+00
 1.74861e-15
 1.68218e-15
 9.62750e-16
 1.77857e-15
 0.00000e+00
 0.00000e+00
 3.00053e-16
 1.32623e-15
 1.95449e-15
-3.43917e-16
 0.00000e+00
 0.00000e+00
 1.14609e-15
 1.02385e-15
 1.02157e-15
 1.00729e-15
 0.00000e+00
 0.00000e+00
 2.95939e-15
 3.13415e-15
 3.15204e-15
 1.83560e-15
 0.00000e+00
 0.00000e+00
-3.02911e-15
-3.65408e-15
-3.00850e-15
-3.50925e-15
 0.00000e+00
 0.00000e+00
 3.17654e-15
 3.17281e-15
 1.61490e-15
 1.81303e-15
 0.00000e+00
 0.00000e+00
-5.95279e-16
 1.93432e-15
 1.57917e-16
 9.91238e-16
 0.00000e+00
 0.00000e+00
 5.05110e-15
 4.42623e-15
 6.97409e-15
 3.37757e-15
 0.00000e+00
 0.00000e+00
-3.92508e-15
-4.71942e-15
-3.84649e-15
-3.58673e-15
 0.00000e+00
 0.00000e+00
 5.34840e-15
 4.95701e-15
 5.10790e-15
 1.68003e-15
 0.00000e+00
 0.00000e+00
-3.62263e-15
-2.39055e-15
-3.91939e-15
-1.98518e-16
 0.00000e+00
 0.00000e+00
 7.86569e-16
 1.67948e-15
 1.79073e-15
 2.46409e-16
 0.00000e+00
 0.00000e+00
 2.28078e-15
 1.49757e-15
 2.03307e-15
 1.61081e-15
 0.00000e+00
 0.00000e+00
 1.23292e-15
 2.30826e-15
 1.05601e-15
 6.56500e-16
 0.00000e+00
 0.00000e+00
 1.76218e-15
 2.08526e-15
 2.47631e-15
 8.56599e-16
 0.00000e+00
 0.00000e+00
-1.06611e-15
 1.72737e-15
-6.89974e-16
 1.44377e-15
 0.00000e+00
 0.00000e+00
 6.66990e-15
 4.63275e-15
 9.42188e-15
 6.20865e-15
 0.00000e+00
 0.00000e+00
-5.14591e-15
-7.48041e-15
-4.93791e-15
-5.87104e-15
 0.00000e+00
 0.00000e+00
 5.85520e-16
 2.71754e-15
 2.21776e-17
 1.14724e-15
 0.00000e+00
 0.00000e+00
 6.75288e-15
 5.37739e-15
 7.36690e-15
 5.78986e-15
 0.00000e+00
 0.00000e+00
-5.05807e-15
-5.55120e-15
-2.98379e-15
-6.49000e-15
 0.00000e+00
 0.00000e+00
-5.18943e-16
 2.29617e-15
 3.29825e-15
-7.37848e-16
 0.00000e+00
 0.00000e+00
-2.36627e-16
 2.48621e-16
 2.14704e-15
-1.29506e-15
 0.00000e+00
 0.00000e+00
 2.89482e-15
 5.41625e-16
 2.02306e-15
-7.02578e-16
 0.00000e+00
 0.00000e+00
 1.09404e-16
 4.70664e-17
 1.33379e-15
-2.22305e-15
 0.00000e+00
 0.00000e+00
-8.13959e-16
 8.68385e-16
 3.79431e-15
-1.13435e-15
 0.00000e+00
 0.00000e+00
 9.46141e-17
-2.80539e-15
 1.89588e-15
 1.58550e-15
 0.00000e+00
 0.00000e+00
 1.95881e-15
-4.33817e-15
-1.15139e-15
 1.63972e-15
 0.00000e+00
 0.00000e+00
-2.12816e-15
-3.41616e-15
-1.70791e-15
-1.22169e-15
 0.00000e+00
 0.00000e+00
-1.69644e-15
-2.89268e-15
-1.65175e-15
-1.53661e-15
 0.00000e+00
 0.00000e+00
-3.67248e-15
-1.61095e-15
-2.01976e-15
-2.56035e-15
 0.00000e+00
 0.00000e+00
-2.06634e-15
-2.00798e-15
-1.60415e-15
-8.15302e-16
 0.00000e+00
 0.00000e+00
-2.67207e-16
-1.19178e-15
 7.57792e-16
-1.02427e-15
 0.00000e+00
 0.00000e+00
-6.49608e-15
-5.82501e-15
-5.05515e-15
-5.21261e-15
 0.00000e+00
 0.00000e+00
-2.19741e-16
-9.92599e-16
-1.78978e-15
-7.76229e-16
 0.00000e+00
 0.00000e+00
-2.15104e-15
-3.05569e-15
-1.87690e-15
-1.74230e-15
 0.00000e+00
 0.00000e+00
 6.45111e-16
 1.70895e-15
 1.87722e-15
 1.83177e-15
 0.00000e+00
 0.00000e+00
-6.49045e-15
-5.97615e-15
-8.73804e-15
-4.58829e-15
 0.00000e+00
 0.00000e+00
 8.45573e-16
 1.73679e-15
 1.87989e-15
 6.61123e-16
 0.00000e+00
 0.00000e+00
-8.14794e-15
-7.20035e-15
-7.56467e-15
-2.55729e-15
 0.00000e+00
 0.00000e+00
-3.13124e-15
-1.92520e-15
-2.94339e-15
 2.14019e-16
 0.00000e+00
 0.00000e+00
-1.94765e-15
-3.18874e-15
-1.37936e-15
-1.44151e-15
 0.00000e+00
 0.00000e+00
-3.11610e-15
-1.11726e-15
-2.00266e-15
-2.31380e-15
 0.00000e+00
 0.00000e+00
-1.86058e-15
-5.31146e-16
-2.16170e-15
-8.98024e-16
 0.00000e+00
 0.00000e+00
-2.60005e-15
-1.05384e-15
-1.38651e-15
-1.80035e-15
 0.00000e+00
 0.00000e+00
 5.40996e-15
 4.20518e-15
 7.36819e-15
 5.24533e-15
 0.00000e+00
 0.00000e+00
-6.30689e-15
-9.16502e-15
-1.11383e-14
-6.14453e-15
 0.00000e+00
 0.00000e+00
 1.70085e-15
-2.87259e-15
-1.62857e-15
-5.17240e-16
 0.00000e+00
 0.00000e+00
 4.94453e-15
 4.03266e-15
 3.75646e-15
 5.13455e-15
 0.00000e+00
 0.00000e+00
-9.00237e-15
-7.00933e-15
-8.14436e-15
-6.81888e-15
 0.00000e+00
 0.00000e+00
-1.84444e-15
-2.07000e-15
-1.09336e-15
-1.24610e-15
 0.00000e+00
 0.00000e+00
-4.63189e-15
-1.95639e-15
-1.55852e-15
-1.03826e-15
 0.00000e+00
 0.00000e+00
-1.43436e-15
-1.95053e-15
-1.59759e-15
-2.56200e-15
 0.00000e+00
 0.00000e+00
-2.91070e-15
-3.73400e-15
-3.92140e-15
-3.70911e-15
 0.00000e+00
 0.00000e+00
-3.79334e-15
-1.33604e-15
-2.73283e-15
-5.41726e-16
 0.00000e+00
 0.00000e+00
-5.83876e-15
-3.95825e-15
-3.08310e-15
-9.76767e-16
 0.00000e+00
 0.00000e+00
-2.49568e-15
-3.28474e-15
-4.16502e-15
-1.83248e-15
 0.00000e+00
 0.00000e+00
 4.74016e-15
 4.66443e-15
 4.98020e-15
 5.27147e-15
 0.00000e+00
 0.00000e+00
 4.43441e-15
 5.70874e-15
 3.86762e-15
 5.71968e-15
 0.00000e+00
 0.00000e+00
 4.43565e-15
 4.65433e-15
 5.57832e-15
 4.69486e-15
 0.00000e+00
 0.00000e+00
 3.59988e-15
 3.91013e-15
 6.04720e-15
 3.97602e-15
 0.00000e+00
 0.00000e+00
 4.51688e-15
 5.41222e-15
 7.24513e-15
 4.52617e-15
 0.00000e+00
 0.00000e+00
 5.05052e-16
 1.17480e-15
 2.88235e-15
 2.84895e-15
 0.00000e+00
 0.00000e+00
 5.63529e-15
 7.10842e-15
 4.31150e-15
 5.17895e-15
 0.00000e+00
 0.00000e+00
 3.58842e-15
 5.14314e-15
 5.21351e-15
 4.96872e-15
 0.00000e+00
 0.00000e+00
 4.37321e-15
 8.82904e-15
 7.08964e-15
 9.29198e-15
 0.00000e+00
 0.00000e+00
 2.73487e-16
 1.18170e-17
-2.88933e-16
-7.59449e-16
 0.00000e+00
 0.00000e+00
 6.52391e-15
 8.16581e-15
 8.76883e-15
 6.85021e-15
 0.00000e+00
 0.00000e+00
-1.18197e-15
 1.59749e-15
-3.99240e-16
 3.94389e-15
 0.00000e+00
 0.00000e+00
 4.93039e-15
 3.83541e-15
 6.21129e-15
 5.51148e-15
 0.00000e+00
 0.00000e+00
 4.15343e-15
 4.98435e-15
 6.77893e-15
 5.02362e-15
 0.00000e+00
 0.00000e+00
 4.40935e-15
 4.83256e-15
 8.77163e-15
 3.52895e-15
 0.00000e+00
 0.00000e+00
 3.43534e-15
 6.18498e-15
 4.09901e-15
 5.49952e-15
 0.00000e+00
 0.00000e+00
 5.73717e-15
 4.83098e-15
 4.35958e-15
 2.95119e-15
 0.00000e+00
 0.00000e+00
 1.15725e-14
 1.08214e-14
 1.21574e-14
 9.49181e-15
 0.00000e+00
 0.00000e+00
-1.89362e-15
 2.78009e-15
-8.52662e-15
 2.24931e-15
 0.00000e+00
 0.00000e+00
 5.64589e-15
 2.78049e-15
 3.36268e-15
 6.49529e-15
 0.00000e+00
 0.00000e+00
 1.05261e-14
 5.93645e-15
 9.23556e-15
 9.21670e-15
 0.00000e+00
 0.00000e+00
-1.46929e-15
-3.60435e-16
-3.34869e-15
 3.67207e-15
 0.00000e+00
 0.00000e+00
 3.79616e-15
 6.56168e-15
 3.59326e-15
 9.13886e-15
 0.00000e+00
 0.00000e+00
 2.14541e-15
 2.29230e-15
 7.14554e-15
 4.96765e-15
 0.00000e+00
 0.00000e+00
 3.97167e-15
 4.35343e-15
 9.10537e-15
 3.56644e-15
 0.00000e+00
 0.00000e+00
 1.50971e-16
 5.64349e-15
 3.22651e-15
 2.56044e-15
 0.00000e+00
 0.00000e+00
 2.24826e-15
 7.37405e-15
 2.66885e-15
 5.47703e-15
 0.00000e+00
 0.00000e+00
 4.36469e-16
 4.59828e-15
-2.80141e-16
 3.93101e-15
 0.00000e+00
 0.00000e+00
 4.19009e-15
 5.97018e-15
 5.31187e-16
 2.80375e-15
 0.00000e+00
 0.00000e+00
 0.00000e+00
 0.00000e+00
 0.00000e+00
 0.00000e+00
 0.00000e+00
-4.49940e-16
-1.10705e-15
-1.30853e-15
 1.91839e-15
-3.99345e-15
 7.27988e-15
 2.18791e-16
-1.00417e-15
 4.09742e-16
 1.13273e-15
-5.84371e-15
 9.31543e-15
-2.12311e-16
-2.57134e-15
-1.69585e-15
 6.77970e-16
-5.79019e-15
 1.06946e-14
 1.25332e-15
 1.22098e-15
 1.22922e-16
 1.53614e-15
-2.72993e-15
 7.84321e-15
-2.14101e-15
-3.48508e-15
-2.26961e-15
-3.09216e-16
-4.57823e-15
 9.41015e-15
-1.45815e-15
-1.06094e-15
-4.05486e-15
 1.43205e-15
-4.64503e-15
 8.09039e-15
-1.11539e-15
-2.93856e-15
-3.01032e-15
 6.21958e-16
-6.59425e-15
 1.28910e-14
 4.59747e-16
 2.67226e-15
 9.37824e-16
 1.36713e-15
-1.13193e-15
 9.60511e-15
 3.83502e-15
 1.80240e-15
 4.59847e-15
 5.30806e-15
 2.55783e-15
 1.18129e-14
 2.65525e-14
 2.73867e-14
 2.72381e-14
 3.00949e-14
 2.49145e-14
 4.22776e-14
 3.30273e-13
 3.29079e-13
 3.30232e-13
 3.32880e-13
 3.26884e-13
 3.37422e-13
 3.35763e-12
 3.35755e-12
 3.35436e-12
 3.35529e-12
 3.34994e-12
 3.36612e-12
 3.17341e-11
 3.17313e-11
 3.17319e-11
 3.17363e-11
 3.17265e-11
 3.17388e-11
 2.77657e-10
 2.77657e-10
 2.77656e-10
 2.77659e-10
 2.77654e-10
 2.77668e-10
 2.24059e-09
 2.24059e-09
 2.24059e-09
 2.24060e-09
 2.24059e-09
 2.24061e-09
 1.66185e-08
 1.66185e-08
 1.66185e-08
 1.66185e-08
 1.66185e-08
 1.66185e-08
 1.12839e-07
 1.12839e-07
 1.12839e-07
 1.12839e-07
 1.12839e-07
 1.12839e-07
 6.98163e-07
 6.98163e-07
 6.98163e-07
 6.98163e-07
 6.98163e-07
 6.98163e-07
 3.91485e-06
 3.91485e-06
 3.91485e-06
 3.91485e-06
 3.91485e-06
 3.91485e-06
 1.97654e-05
 1.97654e-05
 1.97654e-05
 1.97654e-05
 1.97654e-05
 1.97654e-05
 8.91429e-05
 8.91429e-05
 8.91429e-05
 8.91429e-05
 8.91429e-05
 8.91429e-05
 3.55683e-04
 3.55683e-04
 3.55683e-04
 3.55683e-04
 3.55683e-04
 3.55683e-04
 1.24113e-03
 1.24113e-03
 1.24113e-03
 1.24113e-03
 1.24113e-03
 1.24113e-03
 3.73977e-03
 3.73977e-03
 3.73977e-03
 3.73977e-03
 3.73977e-03
 3.73977e-03
 9.62329e-03
 9.62329e-03
 9.62329e-03
 9.62329e-03
 9.62329e-03
 9.62329e-03
 2.10512e-02
 2.10512e-02
 2.10512e-02
 2.10512e-02
 2.10512e-02
 2.10512e-02
 3.94349e-02
 3.94349e-02
 3.94349e-02
 3.94349e-02
 3.94349e-02
 3.94349e-02
 6.45713e-02
 6.45713e-02
 6.45713e-02
 6.45713e-02
 6.45713e-02
 6.45713e-02
 0.00000e+00
 0.00000e+00
 0.00000e+00
 0.00000e+00
 0.00000e+00
 0.00000e+00
 7.28729e-16
-2.81738e-16
-1.26869e-15
 3.58195e-15
-5.35382e-15
 6.64303e-15
-2.18639e-16
-1.88647e-15
-8.59641e-16
 2.13268e-15
-7.13640e-15
 9.48244e-15
 1.24506e-15
-5.19805e-17
-9.42955e-16
 1.73363e-15
-6.41028e-15
 8.71988e-15
-1.92318e-15
-2.26679e-15
-1.16453e-15
 1.33753e-15
-5.05119e-15
 8.19145e-15
 8.46596e-16
-7.86347e-16
 1.85975e-16
 1.41112e-15
-3.83586e-15
 6.54675e-15
-2.54096e-15
-8.66433e-16
-4.51181e-15
-2.01405e-16
-6.62846e-15
 8.91280e-15
 2.26548e-15
-2.66289e-15
-3.19407e-15
 3.05522e-15
-5.49118e-15
 9.66920e-15
 7.19506e-16
 1.00431e-15
-3.73628e-17
-2.22968e-16
-2.94099e-15
 1.06818e-14
 3.34638e-15
 1.58703e-16
 1.70448e-15
 4.53313e-15
 1.77841e-15
 1.16806e-14
 2.65634e-14
 2.91618e-14
 3.00313e-14
 3.24153e-14
 2.47781e-14
 3.82690e-14
 3.29022e-13
 3.28876e-13
 3.28855e-13
 3.30356e-13
 3.26602e-13
 3.38417e-13
 3.35723e-12
 3.35462e-12
 3.35408e-12
 3.35809e-12
 3.34890e-12
 3.36612e-12
 3.17355e-11
 3.17361e-11
 3.17341e-11
 3.17360e-11
 3.17286e-11
 3.17400e-11
 2.77658e-10
 2.77653e-10
 2.77654e-10
 2.77660e-10
 2.77651e-10
 2.77667e-10
 2.24059e-09
 2.24059e-09
 2.24059e-09
 2.24059e-09
 2.24059e-09
 2.24061e-09
 1.66185e-08
 1.66185e-08
 1.66185e-08
 1.66185e-08
 1.66185e-08
 1.66185e-08
 1.12839e-07
 1.12839e-07
 1.12839e-07
 1.12839e-07
 1.12839e-07
 1.12839e-07
 6.98163e-07
 6.98163e-07
 6.98163e-07
 6.98163e-07
 6.98163e-07
 6.98163e-07
 3.91485e-06
 3.91485e-06
 3.91485e-06
 3.91485e-06
 3.91485e-06
 3.91485e-06
 1.97654e-05
 1.97654e-05
 1.97654e-05
 1.97654e-05
 1.97654e-05
 1.97654e-05
 8.91429e-05
 8.91429e-05
 8.91429e-05
 8.91429e-05
 8.91429e-05
 8.91429e-05
 3.55683e-04
 3.55683e-04
 3.55683e-04
 3.55683e-04
 3.55683e-04
 3.55683e-04
 1.24113e-03
 1.24113e-03
 1.24113e-03
 1.24113e-03
 1.24113e-03
 1.24113e-03
 3.73977e-03
 3.73977e-03
 3.73977e-03
 3.73977e-03
 3.73977e-03
 3.73977e-03
 9.62329e-03
 9.62329e-03
 9.62329e-03
 9.62329e-03
 9.62329e-03
 9.62329e-03
 2.10512e-02
 2.10512e-02
 2.10512e-02
 2.10512e-02
 2.10512e-02
 2.10512e-02
 3.94349e-02
 3.94349e-02
 3.94349e-02
 3.94349e-02
 3.94349e-02
 3.94349e-02
 6.45713e-02
 6.45713e-02
 6.45713e-02
 6.45713e-02
 6.45713e-02
 6.45713e-02
 0.00000e+00
 0.00000e+00
 0.00000e+00
 0.00000e+00
 0.00000e+00
 0.00000e+00
-1.72129e-17
-1.02143e-15
-1.61698e-15
 2.11898e-15
-5.14795e-15
 7.50124e-15
 9.03463e-16
-8.13895e-16
-1.18050e-15
 2.40368e-15
-4.42392e-15
 6.70993e-15
-8.12495e-16
-1.74931e-15
-8.92316e-16
 1.25923e-15
-6.12902e-15
 1.11506e-14
-1.15984e-16
-2.01789e-16
-7.76500e-16
 5.30864e-16
-3.76868e-15
 9.73235e-15
-1.57266e-15
-1.30954e-15
-1.43923e-15
-1.12531e-15
-5.49936e-15
 8.24628e-15
 2.13497e-15
-5.43483e-16
-2.37859e-15
 2.01188e-15
-5.23705e-15
 8.35424e-15
-5.16297e-16
-9.41027e-16
-2.01379e-15
 1.11613e-15
-6.06048e-15
 1.11709e-14
-2.00779e-15
-2.38233e-15
-1.90551e-15
-7.16682e-16
-2.87593e-15
 1.06609e-14
 2.48245e-16
 1.88752e-15
 2.08499e-15
 3.18832e-15
-1.32237e-15
 1.20656e-14
 2.98719e-14
 2.80904e-14
 3.03442e-14
 3.11061e-14
 2.50830e-14
 3.98719e-14
 3.23964e-13
 3.28011e-13
 3.28980e-13
 3.30368e-13
 3.25172e-13
 3.39168e-13
 3.35833e-12
 3.35581e-12
 3.35422e-12
 3.35813e-12
 3.35207e-12
 3.36714e-12
 3.17369e-11
 3.17341e-11
 3.17341e-11
 3.17340e-11
 3.17266e-11
 3.17420e-11
 2.77656e-10
 2.77655e-10
 2.77654e-10
 2.77659e-10
 2.77653e-10
 2.77665e-10
 2.24060e-09
 2.24059e-09
 2.24060e-09
 2.24060e-09
 2.24059e-09
 2.24061e-09
 1.66185e-08
 1.66185e-08
 1.66185e-08
 1.66185e-08
 1.66185e-08
 1.66185e-08
 1.12839e-07
 1.12839e-07
 1.12839e-07
 1.12839e-07
 1.12839e-07
 1.12839e-07
 6.98163e-07
 6.98163e-07
 6.98163e-07
 6.98163e-07
 6.98163e-07
 6.98163e-07
 3.91485e-06
 3.91485e-06
 3.91485e-06
 3.91485e-06
 3.91485e-06
 3.91485e-06
 1.97654e-05
 1.97654e-05
 1.97654e-05
 1.97654e-05
 1.97654e-05
 1.97654e-05
 8.91429e-05
 8.91429e-05
 8.91429e-05
 8.91429e-05
 8.91429e-05
 8.91429e-05
 3.55683e-04
 3.55683e-04
 3.55683e-04
 3.55683e-04
 3.55683e-04
 3.55683e-04
 1.24113e-03
 1.24113e-03
 1.24113e-03
 1.24113e-03
 1.24113e-03
 1.24113e-03
 3.73977e-03
 3.73977e-03
 3.73977e-03
 3.73977e-03
 3.73977e-03
 3.73977e-03
 9.62329e-03
 9.62329e-03
 9.62329e-03
 9.62329e-03
 9.62329e-03
 9.62329e-03
 2.10512e-02
 2.10512e-02
 2.10512e-02
 2.10512e-02
 2.10512e-02
 2.10512e-02
 3.94349e-02
 3.94349e-02
 3.94349e-02
 3.94349e-02
 3.94349e-02
 3.94349e-02
 6.45713e-02
 6.45713e-02
 6.45713e-02
 6.45713e-02
 6.45713e-02
 6.45713e-02
 0.00000e+00
 0.00000e+00
 0.00000e+00
 0.00000e+00
 0.00000e+00
 0.00000e+00
-7.86396e-16
-3.01712e-16
-2.16775e-15
 1.60262e-15
-5.78603e-15
 6.98748e-15
 1.67505e-15
-1.38848e-15
-1.42576e-15
 2.86848e-15
-5.46974e-15
 8.46979e-15
-2.52187e-15
-4.78392e-16
-1.20433e-15
 6.65027e-16
-5.75613e-15
 9.97616e-15
-9.81211e-16
-1.59718e-15
-4.23311e-16
 6.81208e-16
-4.92456e-15
 8.30762e-15
 1.48459e-15
 7.63511e-16
-1.39548e-15
-1.04136e-15
-2.38854e-15
 7.30355e-15
 7.48767e-16
-2.01154e-15
-3.20368e-15
 1.62721e-15
-7.55430e-15
 7.47147e-15
-7.13108e-16
-1.62193e-15
-2.71559e-15
 2.23221e-15
-6.33296e-15
 9.69050e-15
-1.36926e-15
-3.34184e-16
-1.93839e-15
-1.04820e-15
-2.94190e-15
 9.70566e-15
 2.60038e-15
 1.76630e-15
 2.40333e-15
 2.06515e-15
-1.52823e-16
 1.37665e-14
 2.93931e-14
 2.87236e-14
 2.82836e-14
 3.20173e-14
 2.46341e-14
 3.54436e-14
 3.31010e-13
 3.28642e-13
 3.30097e-13
 3.32779e-13
 3.25671e-13
 3.36692e-13
 3.35395e-12
 3.35560e-12
 3.35337e-12
 3.35512e-12
 3.35069e-12
 3.36672e-12
 3.17341e-11
 3.17319e-11
 3.17325e-11
 3.17358e-11
 3.17279e-11
 3.17425e-11
 2.77659e-10
 2.77658e-10
 2.77657e-10
 2.77660e-10
 2.77653e-10
 2.77666e-10
 2.24060e-09
 2.24060e-09
 2.24059e-09
 2.24060e-09
 2.24059e-09
 2.24060e-09
 1.66185e-08
 1.66185e-08
 1.66185e-08
 1.66185e-08
 1.66185e-08
 1.66185e-08
 1.12839e-07
 1.12839e-07
 1.12839e-07
 1.12839e-07
 1.12839e-07
 1.12839e-07
 6.98163e-07
 6.98163e-07
 6.98163e-07
 6.98163e-07
 6.98163e-07
 6.98163e-07
 3.91485e-06
 3.91485e-06
 3.91485e-06
 3.91485e-06
 3.91485e-06
 3.91485e-06
 1.97654e-05
 1.97654e-05
 1.97654e-05
 1.97654e-05
 1.97654e-05
 1.97654e-05
 8.91429e-05
 8.91429e-05
 8.91429e-05
 8.91429e-05
 8.91429e-05
 8.91429e-05
 3.55683e-04
 3.55683e-04
 3.55683e-04
 3.55683e-04
 3.55683e-04
 3.55683e-04
 1.24113e-03
 1.24113e-03
 1.24113e-03
 1.24113e-03
 1.24113e-03
 1.24113e-03
 3.73977e-03
 3.73977e-03
 3.73977e-03
 3.73977e-03
 3.73977e-03
 3.73977e-03
 9.62329e-03
 9.62329e-03
 9.62329e-03
 9.62329e-03
 9.62329e-03
 9.62329e-03
 2.10512e-02
 2.10512e-02
 2.10512e-02
 2.10512e-02
 2.10512e-02
 2.10512e-02
 3.94349e-02
 3.94349e-02
 3.94349e-02
 3.94349e-02
 3.94349e-02
 3.94349e-02
 6.45713e-02
 6.45713e-02
 6.45713e-02
 6.45713e-02
 6.45713e-02
 6.45713e-02
 0.00000e+00
 0.00000e+00
 0.00000e+00
 0.00000e+00
 0.00000e+00
 0.00000e+00
 5.48010e-16
 8.43263e-17
-5.01929e-16
 8.25092e-16
-4.12963e-15
 7.55821e-15
 3.22094e-16
-2.34331e-15
-7.78482e-16
 6.73317e-16
-5.21150e-15
 9.73077e-15
-9.97793e-16
 7.51832e-16
-5.73272e-16
 7.95786e-16
-3.80385e-15
 7.49985e-15
-1.76717e-16
-2.02997e-15
 2.75189e-17
 2.87980e-16
-4.23191e-15
 7.82848e-15
-2.15820e-15
-9.94488e-16
-2.84080e-15
 5.71093e-16
-6.34918e-15
 5.77591e-15
 3.52344e-16
-1.51076e-16
-1.39478e-15
 3.00880e-16
-4.81505e-15
 9.47739e-15
 1.58304e-15
-2.33274e-16
-5.50430e-16
 2.03384e-15
-5.76408e-15
 7.61908e-15
-1.29726e-15
-5.47421e-16
 1.32057e-15
-1.42499e-16
-3.13680e-15
 8.37561e-15
 1.75081e-15
 4.70832e-16
-7.76224e-16
 1.37684e-15
-3.23723e-15
 1.02772e-14
 2.82811e-14
 2.88213e-14
 2.89425e-14
 3.05300e-14
 2.85355e-14
 3.56264e-14
 3.29170e-13
 3.27708e-13
 3.29577e-13
 3.29493e-13
 3.22141e-13
 3.37132e-13
 3.35644e-12
 3.35585e-12
 3.35706e-12
 3.35737e-12
 3.35174e-12
 3.36649e-12
 3.17329e-11
 3.17344e-11
 3.17327e-11
 3.17369e-11
 3.17319e-11
 3.17393e-11
 2.77659e-10
 2.77654e-10
 2.77657e-10
 2.77660e-10
 2.77653e-10
 2.77670e-10
 2.24059e-09
 2.24060e-09
 2.24059e-09
 2.24059e-09
 2.24059e-09
 2.24060e-09
 1.66185e-08
 1.66185e-08
 1.66185e-08
 1.66185e-08
 1.66185e-08
 1.66185e-08
 1.12839e-07
 1.12839e-07
 1.12839e-07
 1.12839e-07
 1.12839e-07
 1.12839e-07
 6.98163e-07
 6.98163e-07
 6.98163e-07
 6.98163e-07
 6.98163e-07
 6.98163e-07
 3.91485e-06
 3.91485e-06
 3.91485e-06
 3.91485e-06
 3.91485e-06
 3.91485e-06
 1.97654e-05
 1.97654e-05
 1.97654e-05
 1.97654e-05
 1.97654e-05
 1.97654e-05
 8.91429e-05
 8.91429e-05
 8.91429e-05
 8.91429e-05
 8.91429e-05
 8.91429e-05
 3.55683e-04
 3.55683e-04
 3.55683e-04
 3.55683e-04
 3.55683e-04
 3.55683e-04
 1.24113e-03
 1.24113e-03
 1.24113e-03
 1.24113e-03
 1.24113e-03
 1.24113e-03
 3.73977e-03
 3.73977e-03
 3.73977e-03
 3.73977e-03
 3.73977e-03
 3.73977e-03
 9.62329e-03
 9.62329e-03
 9.62329e-03
 9.62329e-03
 9.62329e-03
 9.62329e-03
 2.10512e-02
 2.10512e-02
 2.10512e-02
 2.10512e-02
 2.10512e-02
 2.10512e-02
 3.94349e-02
 3.94349e-02
 3.94349e-02
 3.94349e-02
 3.94349e-02
 3.94349e-02
 6.45713e-02
 6.45713e-02
 6.45713e-02
 6.45713e-02
 6.45713e-02
 6.45713e-02
 0.00000e+00
 0.00000e+00
 0.00000e+00
 0.00000e+00
 0.00000e+00
 0.00000e+00
 1.20751e-15
 2.01938e-16
-6.85010e-16
 4.10870e-16
-4.14306e-15
 5.29663e-15
-1.94446e-15
-9.22120e-16
-5.29138e-16
 1.58311e-15
-4.13154e-15
 5.02437e-15
-1.00552e-15
-1.72226e-15
-4.18814e-16
 2.66078e-15
-3.95267e-15
 7.54461e-15
-2.36142e-15
-1.21331e-15
-8.33734e-16
-1.80490e-15
-5.65717e-15
 1.76263e-15
-3.64433e-16
-1.05541e-15
-2.24309e-15
 4.51458e-15
-8.26868e-15
 8.63473e-15
 2.22978e-15
-5.24572e-16
-1.52126e-15
 1.93287e-15
-3.55466e-15
 1.74355e-15
 1.10261e-15
 2.40666e-15
 1.39304e-15
 6.37096e-16
-6.36887e-15
 9.16809e-15
-2.37110e-15
-2.85811e-15
-2.61544e-17
-7.20331e-16
-2.78991e-15
 3.09460e-15
 1.19962e-17
 4.11655e-15
 3.43435e-16
 7.18092e-15
-4.19438e-15
 9.61778e-15
 3.19204e-14
 2.63134e-14
 2.96089e-14
 2.79024e-14
 2.60243e-14
 3.64911e-14
 3.27047e-13
 3.30597e-13
 3.28530e-13
 3.31670e-13
 3.25455e-13
 3.38519e-13
 3.35947e-12
 3.35661e-12
 3.35849e-12
 3.35749e-12
 3.35105e-12
 3.36534e-12
 3.17335e-11
 3.17334e-11
 3.17312e-11
 3.17365e-11
 3.17320e-11
 3.17350e-11
 2.77654e-10
 2.77655e-10
 2.77658e-10
 2.77659e-10
 2.77655e-10
 2.77668e-10
 2.24060e-09
 2.24060e-09
 2.24060e-09
 2.24060e-09
 2.24059e-09
 2.24060e-09
 1.66185e-08
 1.66185e-08
 1.66185e-08
 1.66185e-08
 1.66185e-08
 1.66185e-08
 1.12839e-07
 1.12839e-07
 1.12839e-07
 1.12839e-07
 1.12839e-07
 1.12839e-07
 6.98163e-07
 6.98163e-07
 6.98163e-07
 6.98163e-07
 6.98163e-07
 6.98163e-07
 3.91485e-06
 3.91485e-06
 3.91485e-06
 3.91485e-06
 3.91485e-06
 3.91485e-06
 1.97654e-05
 1.97654e-05
 1.97654e-05
 1.97654e-05
 1.97654e-05
 1.97654e-05
 8.91429e-05
 8.91429e-05
 8.91429e-05
 8.91429e-05
 8.91429e-05
 8.91429e-05
 3.55683e-04
 3.55683e-04
 3.55683e-04
 3.55683e-04
 3.55683e-04
 3.55683e-04
 1.24113e-03
 1.24113e-03
 1.24113e-03
 1.24113e-03
 1.24113e-03
 1.24113e-03
 3.73977e-03
 3.73977e-03
 3.73977e-03
 3.73977e-03
 3.73977e-03
 3.73977e-03
 9.62329e-03
 9.62329e-03
 9.62329e-03
 9.62329e-03
 9.62329e-03
 9.62329e-03
 2.10512e-02
 2.10512e-02
 2.10512e-02
 2.10512e-02
 2.10512e-02
 2.10512e-02
 3.94349e-02
 3.94349e-02
 3.94349e-02
 3.94349e-02
 3.94349e-02
 3.94349e-02
 6.45713e-02
 6.45713e-02
 6.45713e-02
 6.45713e-02
 6.45713e-02
 6.45713e-02
 0.00000e+00
 0.00000e+00
 0.00000e+00
 0.00000e+00
 0.00000e+00
 0.00000e+00
 0.00000e+00
 0.00000e+00
 0.00000e+00
 0.00000e+00
 0.00000e+00
 0.00000e+00
 0.00000e+00
 0.00000e+00
 0.00000e+00
 0.00000e+00
 0.00000e+00
 0.00000e+00
 0.00000e+00
 0.00000e+00
 0.00000e+00
 0.00000e+00
 0.00000e+00
 0.00000e+00
 0.00000e+00
 0.00000e+00
 0.00000e+00
 0.00000e+00
 0.00000e+00
 0.00000e+00
 0.00000e+00
 0.00000e+00
 0.00000e+00
 0.00000e+00
 0.00000e+00
 0.00000e+00
 0.00000e+00
 0.00000e+00
 0.00000e+00
 0.00000e+00
 0.00000e+00
 0.00000e+00
 0.00000e+00
 0.00000e+00
 0.00000e+00
 0.00000e+00
 0.00000e+00
 0.00000e+00
 0.00000e+00
 0.00000e+00
 0.00000e+00
 0.00000e+00
 0.00000e+00
 0.00000e+00
 0.00000e+00
 0.00000e+00
 0.00000e+00
 0.00000e+00
 0.00000e+00
 0.00000e+00
 0.00000e+00
 0.00000e+00
 0.00000e+00
 0.00000e+00
 0.00000e+00
 0.00000e+00
 0.00000e+00
 0.00000e+00
 0.00000e+00
 0.00000e+00
 0.00000e+00
 0.00000e+00
 0.00000e+00
 0.00000e+00
 0.00000e+00
 0.00000e+00
 0.00000e+00
 0.00000e+00
 0.00000e+00
 0.00000e+00
 0.00000e+00
 0.00000e+00
 0.00000e+00
 0.00000e+00
 0.00000e+00
 0.00000e+00
 0.00000e+00
 0.00000e+00
 0.00000e+00
 0.00000e+00
 0.00000e+00
 0.00000e+00
 0.00000e+00
 0.00000e+00
 0.00000e+00
 0.00000e+00
 0.00000e+00
 0.00000e+00
 0.00000e+00
 0.00000e+00
 0.00000e+00
 0.00000e+00
 0.00000e+00
 0.00000e+00
 0.00000e+00
 0.00000e+00
 0.00000e+00
 0.00000e+00
 0.00000e+00
 0.00000e+00
 0.00000e+00
 0.00000e+00
 0.00000e+00
 0.00000e+00
 0.00000e+00
 0.00000e+00
 0.00000e+00
 0.00000e+00
 0.00000e+00
 0.00000e+00
 0.00000e+00
 0.00000e+00
 0.00000e+00
 0.00000e+00
 0.00000e+00
 0.00000e+00
 0.00000e+00
 0.00000e+00
 0.00000e+00
 0.00000e+00
 0.00000e+00
 0.00000e+00
 0.00000e+00
 0.00000e+00
 0.00000e+00
 0.00000e+00
 0.00000e+00
 0.00000e+00
 0.00000e+00
 0.00000e+00
 0.00000e+00
 0.00000e+00
 0.00000e+00
 0.00000e+00
 0.00000e+00
 0.00000e+00
 0.00000e+00
 0.00000e+00
 0.00000e+00
 0.00000e+00
 0.00000e+00
 0.00000e+00
 0.00000e+00
 0.00000e+00
 0.00000e+00
 0.00000e+00
 0.00000e+00
 0.00000e+00
 0.00000e+00
 0.00000e+00
 0.00000e+00
 0.00000e+00
 0.00000e+00
 0.00000e+00
 0.00000e+00
 0.00000e+00
 0.00000e+00
 0.00000e+00
 0.00000e+00
 0.00000e+00
 0.00000e+00
 0.00000e+00
 0.00000e+00
 0.00000e+00
-5.45803e-16
 7.47532e-16
-4.24361e-16
-1.16906e-15
 2.46625e-15
-4.36573e-15
-6.21431e-16
 3.60331e-16
 1.85398e-16
-1.11931e-15
 2.82930e-15
-4.28555e-15
-1.92695e-16
 7.31679e-16
 7.46609e-16
-8.52086e-16
 2.49294e-15
-3.97479e-15
-2.82765e-16
-6.15660e-16
 8.32515e-16
-3.46696e-16
 2.54489e-15
-4.33532e-15
-3.16792e-15
-2.88337e-15
-2.57273e-15
-2.68688e-15
 1.68184e-15
-3.40210e-15
 2.82467e-15
 3.54271e-15
 4.33429e-15
 2.16551e-15
 5.03190e-15
-8.62867e-16
-2.06311e-15
-8.87801e-16
-1.33851e-16
-2.85184e-15
 1.77867e-15
-5.98497e-15
 1.60357e-16
 1.06248e-15
 1.53879e-15
-4.88340e-16
 3.34081e-15
-3.19084e-15
-4.08736e-15
-4.11223e-15
-3.69100e-15
-3.73871e-15
 1.80807e-16
-4.82316e-15
 4.76978e-15
 3.26094e-15
 4.37245e-15
 3.45960e-15
 3.90779e-15
-4.05094e-15
-3.71441e-15
-5.52948e-15
-4.53539e-15
-3.95955e-15
 1.57290e-15
-4.07763e-15
 3.89020e-15
 4.76602e-15
 5.02367e-15
 3.08486e-15
 6.07891e-15
-1.39011e-15
-2.00101e-15
-8.92177e-16
 2.18819e-16
-1.80428e-15
 1.29723e-15
-7.52720e-15
-1.04797e-15
 3.21646e-16
 8.51730e-16
-3.51260e-16
 3.53124e-15
-4.49673e-15
 4.48258e-16
 3.33407e-16
 4.96676e-16
-2.80711e-17
 3.19790e-15
-4.96175e-15
-1.14388e-15
-1.06782e-15
 1.99051e-16
-6.68581e-16
 3.50273e-15
-3.17478e-15
 1.43188e-15
 1.47092e-15
 1.05932e-16
 9.92093e-16
 6.67128e-15
-1.81284e-15
-4.71186e-15
-5.95528e-15
-6.46249e-15
-4.66797e-15
-2.93058e-15
-7.70095e-15
 5.47309e-15
 5.88464e-15
 5.09850e-15
 5.80748e-15
 7.89018e-15
 1.38901e-15
-1.93297e-15
 1.83614e-16
-1.62114e-15
-4.23161e-15
 3.06939e-15
-4.64342e-15
-6.16015e-15
-4.58344e-15
-5.23292e-15
-6.92337e-15
-3.16007e-15
-5.82379e-15
 6.47453e-15
 5.26397e-15
 5.22272e-15
 4.09159e-15
 5.72513e-15
 1.30964e-15
-3.65907e-15
-6.02120e-16
 1.00213e-15
-2.11705e-15
 1.95045e-15
-6.46755e-15
-1.45006e-15
 1.32095e-15
 4.20162e-15
 8.17032e-16
 2.83504e-15
-3.70456e-15
 2.55930e-15
 6.55245e-16
 9.57144e-16
 4.38858e-16
 3.89915e-15
-1.77430e-15
 1.30305e-15
 5.85966e-16
-1.30370e-15
-3.22772e-15
 5.21212e-15
 1.75278e-15
 2.62084e-15
 3.16741e-15
 1.92346e-15
-1.50007e-15
 4.26658e-15
-1.15467e-15
 2.86362e-15
 2.41162e-15
 1.18621e-15
-1.52446e-15
 3.30810e-15
-3.21144e-15
 9.45973e-16
-7.26029e-16
 3.20657e-16
-5.81980e-16
 1.45264e-15
-5.35690e-15
-1.32893e-16
 3.05593e-16
 1.15838e-15
-3.14165e-16
 1.67253e-15
-4.94183e-15
-1.16472e-15
-4.61880e-16
 1.18180e-15
-1.06743e-15
 1.03824e-15
-4.90736e-15
-7.63484e-16
 5.46983e-16
 1.35831e-15
-1.27927e-15
 1.76364e-15
-6.23873e-15
 1.66429e-17
 4.78484e-17
 7.32540e-16
-1.38363e-15
 2.31612e-15
-4.42665e-15
-1.00433e-15
-1.72719e-15
-2.43174e-15
-1.47716e-15
 1.63923e-15
-5.86671e-15
 3.98223e-15
 4.39057e-15
 4.76447e-15
 2.57196e-15
 4.81159e-15
-1.55749e-15
-1.49539e-15
-3.26301e-15
-2.21761e-15
-2.75921e-15
 1.32305e-15
-4.31233e-15
-1.74711e-17
-1.54660e-15
-1.92390e-16
-1.30644e-16
 3.91747e-15
-3.08508e-15
-6.06618e-15
-4.78605e-15
-5.17902e-15
-4.50627e-15
-3.71182e-17
-6.54868e-15
 2.97372e-15
 5.60556e-15
 4.84982e-15
 3.60166e-15
 4.67476e-15
-6.12519e-15
-5.36395e-15
-3.46115e-15
-3.88297e-15
-6.37258e-15
 5.80457e-16
-3.69315e-15
 3.21351e-15
 2.87862e-15
 4.00525e-15
 3.05953e-15
 5.33456e-15
 1.01904e-15
-8.78949e-16
-5.56273e-17
 1.13588e-15
-4.66391e-16
 7.36526e-16
-8.68110e-15
-2.45611e-16
-1.01971e-15
-1.18331e-15
-1.93236e-15
 2.22861e-15
-4.42018e-15
-1.03817e-15
-3.80452e-16
-9.00378e-16
-2.07171e-15
 2.27388e-15
-4.91719e-15
 7.11664e-16
 8.20645e-16
 7.36818e-16
-1.97222e-15
 3.11350e-15
-2.41767e-15
 1.28437e-16
-6.71087e-16
 6.51815e-16
-6.28324e-16
 2.25538e-15
-5.20755e-15
-6.23560e-15
-6.07919e-15
-7.38188e-15
-8.05683e-15
-5.89993e-15
-1.17483e-14
 7.75706e-15
 5.72205e-15
 4.24568e-15
 4.91498e-15
 7.50010e-15
 1.62431e-15
 1.16896e-15
-3.13881e-15
-3.26855e-15
-6.69725e-16
 3.40326e-15
-4.37722e-15
-5.04014e-15
-4.87846e-15
-5.30377e-15
-4.46656e-15
-2.14653e-15
-9.23347e-15
 4.02839e-15
 5.75128e-15
 5.03386e-15
 4.27119e-15
 7.97331e-15
 1.81142e-15
 1.73461e-15
-1.64037e-15
-2.93057e-15
 1.71167e-17
 3.29680e-15
-6.40213e-15
 3.35015e-16
-1.34778e-15
-1.63969e-15
-1.74874e-15
 1.11134e-15
-6.13995e-15
-3.46291e-16
-5.87122e-16
-1.72214e-15
-1.81150e-15
-4.51619e-16
-9.60094e-15
 5.30861e-15
 1.76383e-15
 8.81699e-16
 4.15419e-15
 5.99938e-15
-5.14341e-15
 5.90814e-16
-2.03201e-15
-2.16439e-15
 5.33559e-16
 3.21374e-15
-7.23132e-15
 5.03964e-16
 7.59451e-16
 8.36856e-16
-1.56481e-15
 2.49554e-15
-4.96485e-15
 2.09755e-15
 3.79113e-15
 3.16406e-15
-2.27354e-15
 1.31411e-15
-5.12029e-15
-1.81324e-16
 1.32815e-16
-1.72317e-15
-2.39466e-15
 1.59287e-15
-5.39329e-15
-3.84145e-16
 3.03633e-16
-8.17703e-16
-1.45012e-15
 2.71321e-15
-5.11662e-15
 5.03204e-16
-7.29821e-16
-2.35786e-16
-1.09567e-15
 2.21608e-15
-4.14082e-15
-1.05035e-16
-6.43417e-16
 1.01522e-15
-1.39704e-15
 9.03656e-16
-4.00297e-15
-2.89260e-15
-2.18603e-15
-3.00462e-15
-2.48051e-15
 1.70052e-15
-4.20042e-15
 3.94504e-15
 4.00292e-15
 4.74172e-15
 2.34296e-15
 5.27889e-15
-1.80639e-15
-2.53666e-15
-1.39160e-15
-1.03499e-15
-3.94440e-15
 1.17438e-15
-5.78624e-15
-1.18483e-15
-9.82289e-16
-4.04590e-16
-1.41710e-15
 2.53392e-15
-2.92694e-15
-5.50470e-15
-4.94524e-15
-4.50828e-15
-3.57221e-15
-1.26380e-15
-8.53596e-15
 5.99846e-15
 4.34297e-15
 5.25879e-15
 2.42870e-15
 3.38746e-15
-2.90735e-15
-3.58965e-15
-4.41127e-15
-5.39029e-15
-6.01280e-15
 1.52606e-16
-4.52676e-15
 4.83513e-15
 5.37622e-15
 3.13035e-15
 2.44930e-15
 6.97731e-15
-9.73638e-16
 1.10393e-15
-5.21855e-16
-3.54801e-16
-2.61261e-15
-5.05271e-16
-6.55998e-15
-1.56144e-15
 7.13384e-17
 1.90412e-16
-1.07681e-15
 2.74717e-15
-3.03675e-15
-2.90335e-16
-4.18365e-16
 1.43358e-15
 7.81926e-16
 2.53594e-15
-4.01574e-15
-2.36617e-15
-1.09752e-15
 1.19122e-15
-8.83539e-16
 1.58203e-15
-3.65367e-15
 1.01219e-15
 1.33853e-16
-1.53284e-15
-1.60913e-15
 1.89769e-15
-6.59106e-15
-6.49720e-15
-6.52333e-15
-7.79343e-15
-7.84041e-15
-5.25137e-15
-8.70272e-15
 2.98157e-15
 7.82396e-15
 7.20242e-15
 5.75342e-15
 8.92856e-15
 2.36622e-15
-4.42861e-15
 6.11219e-16
 2.41680e-15
-1.59199e-15
 3.34579e-15
-5.32041e-15
-5.24302e-15
-6.69656e-15
-5.80782e-15
-5.44664e-15
-3.87958e-15
-6.11446e-15
 7.44928e-15
 6.13378e-15
 4.95821e-15
 6.19710e-15
 7.34893e-15
-9.96108e-16
-2.84627e-15
 7.83673e-16
 1.59762e-15
-2.21579e-15
 3.72866e-15
-4.84488e-15
 1.02677e-15
 8.48720e-16
 3.37395e-15
-1.86707e-16
 2.77625e-15
-7.25562e-16
-2.32849e-15
-6.87839e-16
 2.30777e-15
-1.87912e-15
-2.99381e-16
-5.47744e-15
-5.87985e-15
-6.99948e-16
 1.69045e-15
-4.56893e-15
 1.07058e-15
-3.35195e-15
-2.39648e-15
-9.80266e-16
-7.33516e-16
-4.85007e-15
-3.49077e-16
-4.86392e-15
 4.33437e-16
-1.65138e-15
-3.66137e-15
-2.80256e-15
 3.43005e-15
-1.21801e-15
-2.82896e-16
-1.54474e-15
-2.87746e-15
-2.54938e-15
 1.08132e-16
-5.86829e-15
 1.18933e-15
 1.38520e-15
 2.08700e-15
-3.43233e-16
 2.33491e-15
-5.31679e-15
 9.01670e-16
 1.15149e-15
 1.95461e-15
-7.53826e-16
 1.69748e-15
-5.22847e-15
 8.31584e-16
 2.45873e-15
 2.24117e-15
-1.36524e-15
 2.71743e-15
-4.67818e-15
 7.57883e-16
 1.38061e-15
 1.50413e-15
-6.88505e-16
 3.17930e-15
-5.42939e-15
-1.03416e-15
-1.74894e-15
-2.38765e-15
-3.58527e-15
 2.48271e-16
-6.10184e-15
 3.82414e-15
 3.07353e-15
 3.25546e-15
 8.82974e-16
 3.22171e-15
-3.03442e-15
-1.41568e-15
-3.17124e-15
-2.27432e-15
-2.75269e-15
 1.39882e-15
-6.86874e-15
 1.67057e-15
 8.13045e-16
 1.35773e-15
-1.49179e-15
 3.30238e-15
-4.89953e-15
-2.79657e-15
-3.83979e-15
-3.27072e-15
-5.81591e-15
-1.79139e-15
-8.32969e-15
 4.11964e-15
 4.65318e-15
 4.68702e-15
 3.43133e-15
 4.47238e-15
-5.36714e-15
-3.86002e-15
-4.24157e-15
-4.39699e-15
-5.24697e-15
 1.04444e-15
-4.27630e-15
 5.21804e-15
 3.88642e-15
 3.62117e-15
 2.91576e-15
 5.00387e-15
-2.49598e-15
 7.28084e-16
 1.44016e-15
 6.45440e-16
-7.91172e-16
 1.99031e-15
-7.50365e-15
 2.80885e-15
 1.09070e-15
 1.45148e-16
-1.18498e-15
 2.36721e-15
-6.69272e-15
 1.28731e-15
 1.00215e-15
-2.52820e-16
-1.81185e-15
 2.88751e-15
-6.88914e-15
 9.86390e-16
-1.12112e-16
 6.09286e-16
-2.11560e-15
 2.54117e-15
-3.02289e-15
-3.50063e-15
-1.76700e-15
 1.41003e-15
 1.21916e-15
 5.45777e-15
-3.61779e-15
-9.01808e-15
-8.00898e-15
-6.27431e-15
-5.91953e-15
-4.02370e-15
-1.01022e-14
 7.84321e-15
 5.58051e-15
 7.16289e-15
 7.53477e-15
 7.88676e-15
 4.09735e-15
 2.74433e-15
 1.43875e-15
 2.49911e-16
-1.29329e-15
 2.89459e-15
-4.90692e-15
-2.28524e-15
-1.43275e-15
-3.57715e-15
-6.54750e-15
-3.10677e-15
-9.24261e-15
 5.99136e-15
 6.20989e-15
 6.00094e-15
 3.29464e-15
 6.58991e-15
 4.77990e-15
 2.45320e-15
 4.41533e-16
-5.66665e-16
-2.86650e-15
 1.97788e-15
-2.70416e-15
-3.96717e-16
 3.39363e-16
-8.23420e-16
-2.16517e-15
 4.32914e-15
-3.04812e-15
-4.23778e-18
-1.81126e-15
-4.45009e-15
-3.65424e-15
 2.71467e-15
-5.57415e-15
 5.78231e-15
 1.32525e-15
 1.25971e-16
 2.30906e-16
 3.05867e-15
-4.92357e-15
 2.04749e-15
 4.79238e-16
 1.31221e-15
-4.32828e-18
 1.48658e-15
-6.84581e-15
 2.60316e-15
 2.44852e-15
 2.90261e-15
 3.33430e-17
 4.85924e-16
-8.74612e-15
-1.48728e-15
-7.02251e-16
 3.16711e-15
 1.85090e-15
 1.29994e-15
-6.82978e-15
 0.00000e+00
 0.00000e+00
 0.00000e+00
 0.00000e+00
 0.00000e+00
 0.00000e+00
 0.00000e+00
 0.00000e+00
 0.00000e+00
 0.00000e+00
 0.00000e+00
 0.00000e+00
 0.00000e+00
 0.00000e+00
 0.00000e+00
 0.00000e+00
 0.00000e+00
 0.00000e+00
 0.00000e+00
 0.00000e+00
 0.00000e+00
 0.00000e+00
 0.00000e+00
 0.00000e+00
 0.00000e+00
 0.00000e+00
 0.00000e+00
 0.00000e+00
 0.00000e+00
 0.00000e+00
 0.00000e+00
 0.00000e+00
 0.00000e+00
 0.00000e+00
 0.00000e+00
 0.00000e+00
 0.00000e+00
 0.00000e+00
 0.00000e+00
 0.00000e+00
 0.00000e+00
 0.00000e+00
 0.00000e+00
 0.00000e+00
 0.00000e+00
 0.00000e+00
 0.00000e+00
 0.00000e+00
 0.00000e+00
 0.00000e+00
 0.00000e+00
 0.00000e+00
 0.00000e+00
 0.00000e+00
 0.00000e+00
 0.00000e+00
 0.00000e+00
 0.00000e+00
 0.00000e+00
 0.00000e+00
 0.00000e+00
 0.00000e+00
 0.00000e+00
 0.00000e+00
 0.00000e+00
 0.00000e+00
 0.00000e+00
 0.00000e+00
 0.00000e+00
 0.00000e+00
 0.00000e+00
 0.00000e+00
 0.00000e+00
 0.00000e+00
 0.00000e+00
 0.00000e+00
 0.00000e+00
 0.00000e+00
 0.00000e+00
 0.00000e+00
 0.00000e+00
 0.00000e+00
 0.00000e+00
 0.00000e+00
 0.00000e+00
 0.00000e+00
 0.00000e+00
 0.00000e+00
 0.00000e+00
 0.00000e+00
 0.00000e+00
 0.00000e+00
 0.00000e+00
 0.00000e+00
 0.00000e+00
 0.00000e+00
 0.00000e+00
 0.00000e+00
 0.00000e+00
 0.00000e+00
 0.00000e+00
 0.00000e+00
 0.00000e+00
 0.00000e+00
 0.00000e+00
 0.00000e+00
 0.00000e+00
 0.00000e+00
 0.00000e+00
 0.00000e+00
 0.00000e+00
 0.00000e+00
 0.00000e+00
 0.00000e+00
 0.00000e+00
 0.00000e+00
 0.00000e+00
 0.00000e+00
 0.00000e+00
 0.00000e+00
 0.00000e+00
 0.00000e+00
 0.00000e+00
 0.00000e+00
 0.00000e+00
 0.00000e+00
 0.00000e+00
 0.00000e+00
 0.00000e+00
 0.00000e+00
 0.00000e+00
 0.00000e+00
 0.00000e+00
 0.00000e+00
 0.00000e+00
 0.00000e+00
 0.00000e+00
 0.00000e+00
 0.00000e+00
 0.00000e+00
 0.00000e+00
 0.00000e+00
 0.00000e+00
 0.00000e+00
 0.00000e+00
 0.00000e+00
 0.00000e+00
 0.00000e+00
 0.00000e+00
 0.00000e+00
 0.00000e+00
 0.00000e+00
 0.00000e+00
 0.00000e+00
 0.00000e+00
 0.00000e+00
 0.00000e+00
 0.00000e+00
 0.00000e+00
 0.00000e+00
 0.00000e+00
 0.00000e+00
 0.00000e+00
 0.00000e+00
 0.00000e+00
 0.00000e+00
 0.00000e+00
 0.00000e+00
 0.00000e+00
 0.00000e+00
 0.00000e+00
 0.00000e+00
 0.00000e+00
 0.00000e+00
part
         2
coordinates
 0.00000e+00
-3.42218e-15
 1.90796e-15
 3.45883e-16
 1.89796e-15
 0.00000e+00
 0.00000e+00
-1.05369e-16
-3.39630e-15
 3.25317e-15
 4.67926e-16
 0.00000e+00
 0.00000e+00
 5.71145e-15
-4.23521e-15
 4.71595e-15
-3.49594e-15
 0.00000e+00
 0.00000e+00
 2.59677e-15
-4.62681e-16
-3.79879e-15
-3.31401e-15
 0.00000e+00
 0.00000e+00
 8.43889e-16
 2.43584e-15
-2.92703e-15
-1.98612e-15
 0.00000e+00
 0.00000e+00
 3.40151e-15
-8.18001e-16
 1.58893e-15
-3.33158e-15
 0.00000e+00
 0.00000e+00
 3.03720e-15
-3.06265e-15
 1.85229e-15
-1.02849e-15
 0.00000e+00
 0.00000e+00
-1.28327e-15
-3.45216e-15
 3.63877e-16
 1.17414e-15
 0.00000e+00
 0.00000e+00
-2.14618e-16
-4.25881e-15
 5.03377e-15
-4.31789e-15
 0.00000e+00
 0.00000e+00
-2.61240e-16
-4.04725e-15
 4.99587e-15
-3.40262e-15
 0.00000e+00
 0.00000e+00
-1.54497e-15
-3.15460e-15
 1.21600e-15
-1.90242e-15
 0.00000e+00
 0.00000e+00
 2.79936e-15
-5.96260e-15
 1.12451e-15
-3.30103e-15
 0.00000e+00
 0.00000e+00
 5.24622e-15
-2.05399e-15
 1.47641e-15
-9.87379e-16
 0.00000e+00
 0.00000e+00
 3.20314e-15
-2.29396e-15
 3.93317e-15
-2.29906e-15
 0.00000e+00
 0.00000e+00
 7.45610e-17
-1.13902e-14
 7.27697e-15
-8.58811e-15
 0.00000e+00
 0.00000e+00
-5.69107e-15
-9.30094e-15
 1.46160e-15
-2.49046e-15
 0.00000e+00
 0.00000e+00
-1.11119e-14
-5.17963e-15
 1.13042e-15
-8.38082e-16
 0.00000e+00
 0.00000e+00
-8.94373e-15
-8.42342e-15
 8.59339e-15
-4.13585e-16
 0.00000e+00
 0.00000e+00
-7.95628e-15
-7.86102e-15
 7.67479e-15
 2.29085e-15
 0.00000e+00
 0.00000e+00
-9.12196e-15
 3.12497e-16
-8.45118e-16
 8.48538e-15
 0.00000e+00
 0.00000e+00
-8.53804e-15
 9.60602e-16
-6.64529e-16
 5.13874e-15
 0.00000e+00
 0.00000e+00
-2.59871e-15
 1.21730e-15
 3.26619e-15
-3.40298e-15
 0.00000e+00
 0.00000e+00
-1.06080e-16
-1.08753e-15
 1.33314e-14
-1.58981e-14
 0.00000e+00
 0.00000e+00
-7.81253e-16
 4.53185e-15
 7.36623e-15
-1.24834e-14
 0.00000e+00
 0.00000e+00
-3.47487e-15
 3.27322e-15
 8.29831e-15
-3.05028e-15
 0.00000e+00
 0.00000e+00
-4.28673e-15
-1.44982e-14
 2.84434e-14
-1.00358e-14
 0.00000e+00
 0.00000e+00
-5.30801e-15
-1.21704e-14
 2.46707e-14
-1.23839e-14
 0.00000e+00
 0.00000e+00
-1.13403e-14
 1.55249e-14
-2.56158e-14
 1.05973e-14
 0.00000e+00
 0.00000e+00
-3.57910e-14
 8.38870e-14
-1.12023e-13
 6.80089e-14
 0.00000e+00
 0.00000e+00
-4.24503e-14
 8.36220e-14
-1.00448e-13
 6.58992e-14
 0.00000e+00
 0.00000e+00
-3.13782e-14
 4.56767e-14
-4.11957e-14
 2.18934e-14
 0.00000e+00
 0.00000e+00
 1.26403e-14
-5.89813e-14
 8.91207e-14
-6.81454e-14
 0.00000e+00
 0.00000e+00
-1.08024e-15
 6.07500e-16
 1.65947e-16
 1.31387e-15
 0.00000e+00
 0.00000e+00
 1.39830e-15
-4.23430e-15
 2.33454e-15
 1.96948e-16
 0.00000e+00
 0.00000e+00
 3.22609e-15
-2.46566e-15
 2.80264e-15
-1.52204e-15
 0.00000e+00
 0.00000e+00
 1.82111e-15
-1.29508e-15
-3.67893e-15
 2.48606e-16
 0.00000e+00
 0.00000e+00
 2.42467e-15
-5.40883e-16
-2.93136e-15
 8.58499e-17
 0.00000e+00
 0.00000e+00
 2.41429e-15
-1.60165e-15
 2.60321e-16
-1.80679e-15
 0.00000e+00
 0.00000e+00
 8.52171e-16
-7.97348e-16
-3.70913e-16
-9.91494e-16
 0.00000e+00
 0.00000e+00
-1.86888e-15
-1.78979e-15
 5.13965e-16
-2.47850e-15
 0.00000e+00
 0.00000e+00
-1.23377e-15
-1.48036e-15
 1.23441e-15
-2.81420e-15
 0.00000e+00
 0.00000e+00
-1.34085e-15
 5.36120e-16
 4.34250e-16
-3.20403e-15
 0.00000e+00
 0.00000e+00
-1.61225e-15
 9.34660e-16
-1.71447e-15
-3.61850e-15
 0.00000e+00
 0.00000e+00
 2.45801e-16
-2.67670e-15
 5.11630e-16
-5.21942e-15
 0.00000e+00
 0.00000e+00
 1.42878e-15
 2.32004e-15
-2.08836e-15
 9.39910e-16
 0.00000e+00
 0.00000e+00
 6.46271e-16
 2.71827e-15
-5.28392e-15
 3.80742e-15
 0.00000e+00
 0.00000e+00
-2.02961e-15
-5.16622e-15
-1.99783e-15
-3.00109e-15
 0.00000e+00
 0.00000e+00
-4.63023e-15
-5.02863e-15
-3.38220e-15
-2.81860e-15
 0.00000e+00
 0.00000e+00
-7.75576e-15
-3.21924e-15
-2.84430e-15
-1.04214e-15
 0.00000e+00
 0.00000e+00
-5.35850e-15
-4.78525e-15
 2.62439e-15
 1.28035e-15
 0.00000e+00
 0.00000e+00
-1.31911e-15
-4.23325e-15
 2.54654e-15
 4.87380e-15
 0.00000e+00
 0.00000e+00
-2.75778e-15
-2.46387e-16
 6.56768e-16
 6.37971e-15
 0.00000e+00
 0.00000e+00
-6.52595e-15
 6.84036e-15
-4.91614e-15
 4.53812e-15
 0.00000e+00
 0.00000e+00
-2.22522e-15
 3.47972e-15
-6.70584e-16
-3.02613e-15
 0.00000e+00
 0.00000e+00
-2.64696e-15
 5.99627e-15
-2.11349e-15
-2.43283e-15
 0.00000e+00
 0.00000e+00
-5.90762e-15
 9.38960e-15
-3.91748e-15
 1.18286e-15
 0.00000e+00
 0.00000e+00
-1.28741e-16
 2.42892e-15
 8.40937e-15
-1.16125e-14
 0.00000e+00
 0.00000e+00
-2.86466e-15
 1.14603e-14
-5.26433e-16
-9.71838e-15
 0.00000e+00
 0.00000e+00
-1.50271e-14
 3.00250e-14
-3.53612e-14
 1.73152e-14
 0.00000e+00
 0.00000e+00
-6.45151e-15
 4.62453e-15
-1.63955e-14
 1.22506e-14
 0.00000e+00
 0.00000e+00
 2.43113e-14
-7.50104e-14
 7.04230e-14
-2.84419e-14
 0.00000e+00
 0.00000e+00
 2.60468e-14
-7.83630e-14
 8.19018e-14
-3.38219e-14
 0.00000e+00
 0.00000e+00
 1.92691e-14
-4.74874e-14
 4.90755e-14
-2.30842e-14
 0.00000e+00
 0.00000e+00
-7.62971e-16
 3.29487e-14
-4.25331e-14
 1.19291e-14
 0.00000e+00
 0.00000e+00
-1.73328e-15
 2.60697e-15
 6.92266e-16
 7.49542e-17
 0.00000e+00
 0.00000e+00
 9.92933e-16
-3.80633e-15
 2.56840e-15
-2.94498e-15
 0.00000e+00
 0.00000e+00
-2.45391e-16
-7.24625e-16
 2.72080e-15
-1.04986e-15
 0.00000e+00
 0.00000e+00
-3.52540e-15
 2.14655e-16
-1.14976e-15
-7.09559e-16
 0.00000e+00
 0.00000e+00
-2.19124e-16
-9.51875e-16
 1.21714e-15
-2.32715e-15
 0.00000e+00
 0.00000e+00
 7.04429e-16
-2.52376e-15
-5.37770e-16
-1.24111e-15
 0.00000e+00
 0.00000e+00
 2.61800e-17
-2.06843e-15
-2.58089e-15
-9.79651e-16
 0.00000e+00
 0.00000e+00
-3.36084e-15
-1.41025e-15
 2.86271e-16
-4.59136e-15
 0.00000e+00
 0.00000e+00
-1.57297e-15
-1.08102e-15
 1.28380e-15
-3.77279e-15
 0.00000e+00
 0.00000e+00
 1.10418e-15
-2.43284e-16
-2.67791e-15
-1.98909e-15
 0.00000e+00
 0.00000e+00
 2.07015e-15
-5.74838e-16
-6.93729e-16
-5.80751e-15
 0.00000e+00
 0.00000e+00
 2.89053e-15
-4.57842e-15
 1.88026e-15
-6.66631e-15
 0.00000e+00
 0.00000e+00
 5.42407e-15
-4.26998e-15
 1.64940e-15
-2.73082e-15
 0.00000e+00
 0.00000e+00
 4.94620e-15
-3.61594e-15
 9.26365e-16
 2.52849e-15
 0.00000e+00
 0.00000e+00
 2.59686e-15
-6.16817e-15
-4.70371e-15
 2.23853e-16
 0.00000e+00
 0.00000e+00
 7.68905e-16
-5.95569e-15
-5.44985e-15
-1.00593e-15
 0.00000e+00
 0.00000e+00
-2.17252e-15
-3.51597e-15
-5.14034e-15
-4.69017e-16
 0.00000e+00
 0.00000e+00
-1.39842e-16
 3.49936e-15
-4.58153e-15
 2.99421e-15
 0.00000e+00
 0.00000e+00
 4.55053e-15
 2.56743e-15
-3.29049e-15
 3.10932e-15
 0.00000e+00
 0.00000e+00
 2.97258e-15
 2.18788e-15
-4.00117e-16
 1.55008e-15
 0.00000e+00
 0.00000e+00
 1.37291e-16
 1.67485e-15
-1.04372e-15
-2.79781e-15
 0.00000e+00
 0.00000e+00
 1.17927e-15
 2.12388e-15
-2.67966e-15
-1.53411e-15
 0.00000e+00
 0.00000e+00
 3.27843e-15
 1.76603e-15
-5.79269e-15
 1.54731e-15
 0.00000e+00
 0.00000e+00
-1.92553e-15
 3.13135e-15
-5.87752e-15
 7.80345e-15
 0.00000e+00
 0.00000e+00
 4.76526e-15
 1.93409e-16
-1.46880e-15
 1.94044e-15
 0.00000e+00
 0.00000e+00
 2.72510e-14
-8.83242e-15
 7.92664e-16
-1.51503e-14
 0.00000e+00
 0.00000e+00
 1.81881e-14
-4.83798e-15
-3.79749e-15
-8.36191e-15
 0.00000e+00
 0.00000e+00
-9.04827e-15
 8.11699e-16
-6.00383e-15
 1.32307e-14
 0.00000e+00
 0.00000e+00
-4.62558e-14
 6.80530e-15
-1.58926e-15
 4.96201e-14
 0.00000e+00
 0.00000e+00
-4.27257e-14
 4.70560e-15
 1.06900e-15
 4.80987e-14
 0.00000e+00
 0.00000e+00
-1.24323e-14
-5.00589e-15
 6.48954e-16
 2.80002e-14
 0.00000e+00
 0.00000e+00
 4.38091e-14
-2.63515e-14
 1.16069e-15
-1.90885e-14
 0.00000e+00
 0.00000e+00
-5.18943e-16
 2.29617e-15
 3.29825e-15
-7.37848e-16
 0.00000e+00
 0.00000e+00
-2.36627e-16
 2.48621e-16
 2.14704e-15
-1.29506e-15
 0.00000e+00
 0.00000e+00
 2.89482e-15
 5.41625e-16
 2.02306e-15
-7.02578e-16
 0.00000e+00
 0.00000e+00
 1.09404e-16
 4.70664e-17
 1.33379e-15
-2.22305e-15
 0.00000e+00
 0.00000e+00
-8.13959e-16
 8.68385e-16
 3.79431e-15
-1.13435e-15
 0.00000e+00
 0.00000e+00
 9.46141e-17
-2.80539e-15
 1.89588e-15
 1.58550e-15
 0.00000e+00
 0.00000e+00
 1.95881e-15
-4.33817e-15
-1.15139e-15
 1.63972e-15
 0.00000e+00
 0.00000e+00
 7.73524e-16
-3.89487e-15
-2.31245e-15
-8.25316e-17
 0.00000e+00
 0.00000e+00
 2.66369e-15
-2.11365e-15
 2.28421e-16
-6.99976e-16
 0.00000e+00
 0.00000e+00
 5.38179e-15
-4.29862e-15
 3.11107e-16
-2.56964e-16
 0.00000e+00
 0.00000e+00
 3.87805e-15
-2.17148e-15
-1.34745e-15
-1.25977e-15
 0.00000e+00
 0.00000e+00
 3.07162e-15
-2.05957e-15
-4.34196e-15
-1.58346e-15
 0.00000e+00
 0.00000e+00
 4.02547e-15
 2.25054e-16
-1.73978e-15
-1.71566e-15
 0.00000e+00
 0.00000e+00
 4.07985e-15
 1.64655e-16
 1.37836e-15
-1.55523e-15
 0.00000e+00
 0.00000e+00
 1.86389e-15
-4.07492e-15
 5.89643e-16
-3.57500e-15
 0.00000e+00
 0.00000e+00
-1.51643e-15
-3.62286e-15
-5.71916e-16
-2.23843e-15
 0.00000e+00
 0.00000e+00
-1.97182e-15
-1.19236e-15
-2.16609e-15
-5.43342e-16
 0.00000e+00
 0.00000e+00
-5.95549e-16
 4.62066e-15
-3.49748e-15
 2.44166e-15
 0.00000e+00
 0.00000e+00
 8.26497e-16
 8.91483e-15
-4.58611e-15
 5.64770e-15
 0.00000e+00
 0.00000e+00
 2.02082e-15
 8.62985e-15
-2.57665e-15
 2.74985e-15
 0.00000e+00
 0.00000e+00
 9.77819e-16
 3.47287e-15
 1.04137e-15
 7.29014e-16
 0.00000e+00
 0.00000e+00
 7.48748e-16
 9.06696e-17
 5.37827e-15
 2.98961e-15
 0.00000e+00
 0.00000e+00
 1.32323e-15
-3.52202e-15
 8.52660e-15
 4.20613e-15
 0.00000e+00
 0.00000e+00
-3.38961e-15
 1.30273e-16
 8.09294e-15
 3.55948e-15
 0.00000e+00
 0.00000e+00
 1.47666e-15
-3.93001e-15
 6.21594e-15
 5.13667e-15
 0.00000e+00
 0.00000e+00
 1.73884e-14
-2.01253e-14
 7.96869e-15
 3.78055e-15
 0.00000e+00
 0.00000e+00
 9.57578e-15
-1.39992e-14
 8.29764e-15
-4.15404e-15
 0.00000e+00
 0.00000e+00
-1.15391e-14
 1.32898e-14
 2.37066e-15
-1.22082e-15
 0.00000e+00
 0.00000e+00
-4.31174e-14
 3.01501e-14
-1.30958e-14
 2.57565e-14
 0.00000e+00
 0.00000e+00
-4.10295e-14
 2.42535e-14
-1.11700e-14
 3.56043e-14
 0.00000e+00
 0.00000e+00
-1.99724e-14
 3.10198e-15
-1.96955e-15
 3.08340e-14
 0.00000e+00
 0.00000e+00
 2.53433e-14
-3.58688e-14
 1.05826e-14
 8.95980e-16
 0.00000e+00
 0.00000e+00
-1.84444e-15
-2.07000e-15
-1.09336e-15
-1.24610e-15
 0.00000e+00
 0.00000e+00
-4.63189e-15
-1.95639e-15
-1.55852e-15
-1.03826e-15
 0.00000e+00
 0.00000e+00
-1.43436e-15
-1.95053e-15
-1.59759e-15
-2.56200e-15
 0.00000e+00
 0.00000e+00
-2.91070e-15
-3.73400e-15
-3.92140e-15
-3.70911e-15
 0.00000e+00
 0.00000e+00
-3.79334e-15
-1.33604e-15
-2.73283e-15
-5.41726e-16
 0.00000e+00
 0.00000e+00
-5.83876e-15
-3.95825e-15
-3.08310e-15
-9.76767e-16
 0.00000e+00
 0.00000e+00
-2.49568e-15
-3.28474e-15
-4.16502e-15
-1.83248e-15
 0.00000e+00
 0.00000e+00
 9.27608e-17
-6.18432e-15
-6.74803e-15
-2.09252e-15
 0.00000e+00
 0.00000e+00
-5.86912e-16
-2.54131e-15
-5.79989e-15
-5.31707e-16
 0.00000e+00
 0.00000e+00
-2.99421e-15
-2.68462e-15
-1.86482e-15
-3.15031e-15
 0.00000e+00
 0.00000e+00
-3.78244e-15
-3.50378e-15
-4.75072e-15
-7.82972e-16
 0.00000e+00
 0.00000e+00
-3.09669e-15
-4.70156e-15
-5.94116e-15
-2.15834e-15
 0.00000e+00
 0.00000e+00
-3.03562e-15
 1.90357e-15
-7.10441e-15
-1.20287e-15
 0.00000e+00
 0.00000e+00
-2.55354e-15
 1.73722e-15
-5.87132e-15
-1.68527e-16
 0.00000e+00
 0.00000e+00
-4.17276e-15
-3.45066e-15
-2.82045e-15
-6.21952e-15
 0.00000e+00
 0.00000e+00
-5.89785e-15
-3.12572e-15
-3.65399e-15
-5.54678e-15
 0.00000e+00
 0.00000e+00
-5.24052e-15
-4.21885e-15
-2.74530e-15
-6.22286e-15
 0.00000e+00
 0.00000e+00
-1.72135e-15
-2.70290e-15
 2.48287e-16
-5.29206e-15
 0.00000e+00
 0.00000e+00
 7.16925e-16
 2.35286e-15
-1.22797e-15
-1.84994e-15
 0.00000e+00
 0.00000e+00
 6.59045e-16
 3.10316e-15
 5.37577e-16
 3.59722e-16
 0.00000e+00
 0.00000e+00
-2.31727e-15
 2.51366e-15
 6.59559e-16
 3.19081e-15
 0.00000e+00
 0.00000e+00
-1.85467e-15
-1.52109e-15
 7.37703e-15
 1.37111e-15
 0.00000e+00
 0.00000e+00
-4.13893e-15
-1.37645e-15
 8.93039e-15
-8.86714e-16
 0.00000e+00
 0.00000e+00
-4.34573e-15
 1.27121e-15
 7.49424e-15
-3.95210e-15
 0.00000e+00
 0.00000e+00
-3.21203e-15
-6.16762e-15
 1.56993e-14
-8.50269e-15
 0.00000e+00
 0.00000e+00
-1.38013e-14
 4.02621e-16
 8.61582e-15
 3.49572e-15
 0.00000e+00
 0.00000e+00
-2.24116e-14
 2.54169e-14
-2.05387e-14
 1.51481e-14
 0.00000e+00
 0.00000e+00
-8.65713e-15
 1.08432e-14
-6.68196e-15
 3.69189e-16
 0.00000e+00
 0.00000e+00
 3.92977e-14
-5.08657e-14
 5.66171e-14
-5.01441e-14
 0.00000e+00
 0.00000e+00
 4.39666e-14
-5.71319e-14
 6.26194e-14
-5.22738e-14
 0.00000e+00
 0.00000e+00
 2.58360e-14
-3.81812e-14
 4.12731e-14
-2.49921e-14
 0.00000e+00
 0.00000e+00
-2.56493e-14
 2.16875e-14
-2.69026e-14
 3.56626e-14
 0.00000e+00
 0.00000e+00
 3.79616e-15
 6.56168e-15
 3.59326e-15
 9.13886e-15
 0.00000e+00
 0.00000e+00
 2.14541e-15
 2.29230e-15
 7.14554e-15
 4.96765e-15
 0.00000e+00
 0.00000e+00
 3.97167e-15
 4.35343e-15
 9.10537e-15
 3.56644e-15
 0.00000e+00
 0.00000e+00
 1.50971e-16
 5.64349e-15
 3.22651e-15
 2.56044e-15
 0.00000e+00
 0.00000e+00
 2.24826e-15
 7.37405e-15
 2.66885e-15
 5.47703e-15
 0.00000e+00
 0.00000e+00
 4.36469e-16
 4.59828e-15
-2.80141e-16
 3.93101e-15
 0.00000e+00
 0.00000e+00
 4.19009e-15
 5.97018e-15
 5.31187e-16
 2.80375e-15
 0.00000e+00
 0.00000e+00
 7.88614e-15
 8.37434e-16
-6.17724e-16
 3.73816e-15
 0.00000e+00
 0.00000e+00
 7.03672e-15
 3.41682e-15
 9.00123e-16
 4.63408e-15
 0.00000e+00
 0.00000e+00
 1.89620e-15
 7.05590e-15
 3.97662e-15
 3.07400e-15
 0.00000e+00
 0.00000e+00
 4.57489e-15
 2.36838e-15
 8.06056e-15
 1.89161e-15
 0.00000e+00
 0.00000e+00
 9.96591e-15
-6.51997e-15
 8.52655e-15
-5.39350e-16
 0.00000e+00
 0.00000e+00
 1.07892e-14
-2.64802e-15
 6.30220e-15
 2.93526e-15
 0.00000e+00
 0.00000e+00
 9.80056e-15
-1.47849e-15
 7.20763e-15
 2.56316e-15
 0.00000e+00
 0.00000e+00
 7.83202e-15
-1.95189e-15
 5.86924e-15
 3.74304e-16
 0.00000e+00
 0.00000e+00
 6.16596e-15
-1.11396e-15
 2.57399e-15
 9.87536e-16
 0.00000e+00
 0.00000e+00
 3.16373e-15
-9.46891e-16
 4.50836e-15
-2.21145e-15
 0.00000e+00
 0.00000e+00
 6.53302e-15
 3.30426e-15
 1.16921e-14
-8.27807e-15
 0.00000e+00
 0.00000e+00
 9.07004e-15
 5.83695e-15
 1.17136e-14
-5.42138e-15
 0.00000e+00
 0.00000e+00
 6.85313e-15
 6.75552e-15
 1.18860e-14
 4.45764e-15
 0.00000e+00
 0.00000e+00
 5.82580e-15
 5.00118e-15
 1.48770e-14
 2.74871e-15
 0.00000e+00
 0.00000e+00
 8.06693e-15
 6.02767e-15
 1.53439e-14
 1.64551e-15
 0.00000e+00
 0.00000e+00
 9.26017e-15
 2.56815e-15
 1.88905e-14
-4.64169e-15
 0.00000e+00
 0.00000e+00
 9.78648e-15
 4.52442e-15
 1.32008e-14
-2.20028e-15
 0.00000e+00
 0.00000e+00
 6.83805e-15
 5.85285e-15
 1.52895e-14
-3.28641e-15
 0.00000e+00
 0.00000e+00
-1.55315e-15
-4.04327e-15
 4.00852e-14
-1.61780e-14
 0.00000e+00
 0.00000e+00
-1.32515e-15
-5.82684e-15
 3.66779e-14
-1.31034e-14
 0.00000e+00
 0.00000e+00
-3.26527e-15
 1.47770e-14
-1.33108e-14
 2.55489e-14
 0.00000e+00
 0.00000e+00
-8.59437e-15
 8.14086e-14
-1.09056e-13
 6.83477e-14
 0.00000e+00
 0.00000e+00
-5.98967e-15
 8.45292e-14
-1.03504e-13
 6.01604e-14
 0.00000e+00
 0.00000e+00
 4.17038e-15
 5.36935e-14
-4.57269e-14
 1.71084e-14
 0.00000e+00
 0.00000e+00
 2.03904e-14
-4.54328e-14
 8.74812e-14
-5.41274e-14
 0.00000e+00
 3.55683e-04
 3.55683e-04
 3.55683e-04
 3.55683e-04
 3.55683e-04
 3.55683e-04
 1.24113e-03
 1.24113e-03
 1.24113e-03
 1.24113e-03
 1.24113e-03
 1.24113e-03
 3.73977e-03
 3.73977e-03
 3.73977e-03
 3.73977e-03
 3.73977e-03
 3.73977e-03
 9.62329e-03
 9.62329e-03
 9.62329e-03
 9.62329e-03
 9.62329e-03
 9.62329e-03
 2.10512e-02
 2.10512e-02
 2.10512e-02
 2.10512e-02
 2.10512e-02
 2.10512e-02
 3.94349e-02
 3.94349e-02
 3.94349e-02
 3.94349e-02
 3.94349e-02
 3.94349e-02
 6.45713e-02
 6.45713e-02
 6.45713e-02
 6.45713e-02
 6.45713e-02
 6.45713e-02
 9.50694e-02
 9.50694e-02
 9.50694e-02
 9.50694e-02
 9.50694e-02
 9.50694e-02
 1.29371e-01
 1.29371e-01
 1.29371e-01
 1.29371e-01
 1.29371e-01
 1.29371e-01
 1.66277e-01
 1.66277e-01
 1.66277e-01
 1.66277e-01
 1.66277e-01
 1.66277e-01
 2.04986e-01
 2.04986e-01
 2.04986e-01
 2.04986e-01
 2.04986e-01
 2.04986e-01
 2.44991e-01
 2.44991e-01
 2.44991e-01
 2.44991e-01
 2.44991e-01
 2.44991e-01
 2.85982e-01
 2.85982e-01
 2.85982e-01
 2.85982e-01
 2.85982e-01
 2.85982e-01
 3.27770e-01
 3.27770e-01
 3.27770e-01
 3.27770e-01
 3.27770e-01
 3.27770e-01
 3.70234e-01
 3.70234e-01
 3.70234e-01
 3.70234e-01
 3.70234e-01
 3.70234e-01
 4.13291e-01
 4.13291e-01
 4.13291e-01
 4.13291e-01
 4.13291e-01
 4.13291e-01
 4.56868e-01
 4.56868e-01
 4.56868e-01
 4.56868e-01
 4.56868e-01
 4.56868e-01
 5.00893e-01
 5.00893e-01
 5.00893e-01
 5.00893e-01
 5.00893e-01
 5.00893e-01
 5.45295e-01
 5.45295e-01
 5.45295e-01
 5.45295e-01
 5.45295e-01
 5.45295e-01
 5.90024e-01
 5.90024e-01
 5.90024e-01
 5.90024e-01
 5.90024e-01
 5.90024e-01
 6.35080e-01
 6.35080e-01
 6.35080e-01
 6.35080e-01
 6.35080e-01
 6.35080e-01
 6.80532e-01
 6.80532e-01
 6.80532e-01
 6.80532e-01
 6.80532e-01
 6.80532e-01
 7.26720e-01
 7.26720e-01
 7.26720e-01
 7.26720e-01
 7.26720e-01
 7.26720e-01
 7.75819e-01
 7.75819e-01
 7.75819e-01
 7.75819e-01
 7.75819e-01
 7.75819e-01
 8.43437e-01
 8.43437e-01
 8.43437e-01
 8.43437e-01
 8.43437e-01
 8.43437e-01
 9.27033e-01
 9.27033e-01
 9.27033e-01
 9.27033e-01
 9.27033e-01
 9.27033e-01
 9.29532e-01
 9.29532e-01
 9.29532e-01
 9.29532e-01
 9.29532e-01
 9.29532e-01
 9.29099e-01
 9.29099e-01
 9.29099e-01
 9.29099e-01
 9.29099e-01
 9.29099e-01
 9.30372e-01
 9.30372e-01
 9.30372e-01
 9.30372e-01
 9.30372e-01
 9.30372e-01
 9.33886e-01
 9.33886e-01
 9.33886e-01
 9.33886e-01
 9.33886e-01
 9.33886e-01
 9.39381e-01
 9.39381e-01
 9.39381e-01
 9.39381e-01
 9.39381e-01
 9.39381e-01
 9.40375e-01
 9.40375e-01
 9.40375e-01
 9.40375e-01
 9.40375e-01
 9.40375e-01
 3.55683e-04
 3.55683e-04
 3.55683e-04
 3.55683e-04
 3.55683e-04
 3.55683e-04
 1.24113e-03
 1.24113e-03
 1.24113e-03
 1.24113e-03
 1.24113e-03
 1.24113e-03
 3.73977e-03
 3.73977e-03
 3.73977e-03
 3.73977e-03
 3.73977e-03
 3.73977e-03
 9.62329e-03
 9.62329e-03
 9.62329e-03
 9.62329e-03
 9.62329e-03
 9.62329e-03
 2.10512e-02
 2.10512e-02
 2.10512e-02
 2.10512e-02
 2.10512e-02
 2.10512e-02
 3.94349e-02
 3.94349e-02
 3.94349e-02
 3.94349e-02
 3.94349e-02
 3.94349e-02
 6.45713e-02
 6.45713e-02
 6.45713e-02
 6.45713e-02
 6.45713e-02
 6.45713e-02
 9.50694e-02
 9.50694e-02
 9.50694e-02
 9.50694e-02
 9.50694e-02
 9.50694e-02
 1.29371e-01
 1.29371e-01
 1.29371e-01
 1.29371e-01
 1.29371e-01
 1.29371e-01
 1.66277e-01
 1.66277e-01
 1.66277e-01
 1.66277e-01
 1.66277e-01
 1.66277e-01
 2.04986e-01
 2.04986e-01
 2.04986e-01
 2.04986e-01
 2.04986e-01
 2.04986e-01
 2.44991e-01
 2.44991e-01
 2.44991e-01
 2.44991e-01
 2.44991e-01
 2.44991e-01
 2.85982e-01
 2.85982e-01
 2.85982e-01
 2.85982e-01
 2.85982e-01
 2.85982e-01
 3.27770e-01
 3.27770e-01
 3.27770e-01
 3.27770e-01
 3.27770e-01
 3.27770e-01
 3.70234e-01
 3.70234e-01
 3.70234e-01
 3.70234e-01
 3.70234e-01
 3.70234e-01
 4.13291e-01
 4.13291e-01
 4.13291e-01
 4.13291e-01
 4.13291e-01
 4.13291e-01
 4.56868e-01
 4.56868e-01
 4.56868e-01
 4.56868e-01
 4.56868e-01
 4.56868e-01
 5.00893e-01
 5.00893e-01
 5.00893e-01
 5.00893e-01
 5.00893e-01
 5.00893e-01
 5.45295e-01
 5.45295e-01
 5.45295e-01
 5.45295e-01
 5.45295e-01
 5.45295e-01
 5.90024e-01
 5.90024e-01
 5.90024e-01
 5.90024e-01
 5.90024e-01
 5.90024e-01
 6.35080e-01
 6.35080e-01
 6.35080e-01
 6.35080e-01
 6.35080e-01
 6.35080e-01
 6.80532e-01
 6.80532e-01
 6.80532e-01
 6.80532e-01
 6.80532e-01
 6.80532e-01
 7.26720e-01
 7.26720e-01
 7.26720e-01
 7.26720e-01
 7.26720e-01
 7.26720e-01
 7.75819e-01
 7.75819e-01
 7.75819e-01
 7.75819e-01
 7.75819e-01
 7.75819e-01
 8.43437e-01
 8.43437e-01
 8.43437e-01
 8.43437e-01
 8.43437e-01
 8.43437e-01
 9.27033e-01
 9.27033e-01
 9.27033e-01
 9.27033e-01
 9.27033e-01
 9.27033e-01
 9.29532e-01
 9.29532e-01
 9.29532e-01
 9.29532e-01
 9.29532e-01
 9.29532e-01
 9.29099e-01
 9.29099e-01
 9.29099e-01
 9.29099e-01
 9.29099e-01
 9.29099e-01
 9.30372e-01
 9.30372e-01
 9.30372e-01
 9.30372e-01
 9.30372e-01
 9.30372e-01
 9.33886e-01
 9.33886e-01
 9.33886e-01
 9.33886e-01
 9.33886e-01
 9.33886e-01
 9.39381e-01
 9.39381e-01
 9.39381e-01
 9.39381e-01
 9.39381e-01
 9.39381e-01
 9.40375e-01
 9.40375e-01
 9.40375e-01
 9.40375e-01
 9.40375e-01
 9.40375e-01
 3.55683e-04
 3.55683e-04
 3.55683e-04
 3.55683e-04
 3.55683e-04
 3.55683e-04
 1.24113e-03
 1.24113e-03
 1.24113e-03
 1.24113e-03
 1.24113e-03
 1.24113e-03
 3.73977e-03
 3.73977e-03
 3.73977e-03
 3.73977e-03
 3.73977e-03
 3.73977e-03
 9.62329e-03
 9.62329e-03
 9.62329e-03
 9.62329e-03
 9.62329e-03
 9.62329e-03
 2.10512e-02
 2.10512e-02
 2.10512e-02
 2.10512e-02
 2.10512e-02
 2.10512e-02
 3.94349e-02
 3.94349e-02
 3.94349e-02
 3.94349e-02
 3.94349e-02
 3.94349e-02
 6.45713e-02
 6.45713e-02
 6.45713e-02
 6.45713e-02
 6.45713e-02
 6.45713e-02
 9.50694e-02
 9.50694e-02
 9.50694e-02
 9.50694e-02
 9.50694e-02
 9.50694e-02
 1.29371e-01
 1.29371e-01
 1.29371e-01
 1.29371e-01
 1.29371e-01
 1.29371e-01
 1.66277e-01
 1.66277e-01
 1.66277e-01
 1.66277e-01
 1.66277e-01
 1.66277e-01
 2.04986e-01
 2.04986e-01
 2.04986e-01
 2.04986e-01
 2.04986e-01
 2.04986e-01
 2.44991e-01
 2.44991e-01
 2.44991e-01
 2.44991e-01
 2.44991e-01
 2.44991e-01
 2.85982e-01
 2.85982e-01
 2.85982e-01
 2.85982e-01
 2.85982e-01
 2.85982e-01
 3.27770e-01
 3.27770e-01
 3.27770e-01
 3.27770e-01
 3.27770e-01
 3.27770e-01
 3.70234e-01
 3.70234e-01
 3.70234e-01
 3.70234e-01
 3.70234e-01
 3.70234e-01
 4.13291e-01
 4.13291e-01
 4.13291e-01
 4.13291e-01
 4.13291e-01
 4.13291e-01
 4.56868e-01
 4.56868e-01
 4.56868e-01
 4.56868e-01
 4.56868e-01
 4.56868e-01
 5.00893e-01
 5.00893e-01
 5.00893e-01
 5.00893e-01
 5.00893e-01
 5.00893e-01
 5.45295e-01
 5.45295e-01
 5.45295e-01
 5.45295e-01
 5.45295e-01
 5.45295e-01
 5.90024e-01
 5.90024e-01
 5.90024e-01
 5.90024e-01
 5.90024e-01
 5.90024e-01
 6.35080e-01
 6.35080e-01
 6.35080e-01
 6.35080e-01
 6.35080e-01
 6.35080e-01
 6.80532e-01
 6.80532e-01
 6.80532e-01
 6.80532e-01
 6.80532e-01
 6.80532e-01
 7.26720e-01
 7.26720e-01
 7.26720e-01
 7.26720e-01
 7.26720e-01
 7.26720e-01
 7.75819e-01
 7.75819e-01
 7.75819e-01
 7.75819e-01
 7.75819e-01
 7.75819e-01
 8.43437e-01
 8.43437e-01
 8.43437e-01
 8.43437e-01
 8.43437e-01
 8.43437e-01
 9.27033e-01
 9.27033e-01
 9.27033e-01
 9.27033e-01
 9.27033e-01
 9.27033e-01
 9.29532e-01
 9.29532e-01
 9.29532e-01
 9.29532e-01
 9.29532e-01
 9.29532e-01
 9.29099e-01
 9.29099e-01
 9.29099e-01
 9.29099e-01
 9.29099e-01
 9.29099e-01
 9.30372e-01
 9.30372e-01
 9.30372e-01
 9.30372e-01
 9.30372e-01
 9.30372e-01
 9.33886e-01
 9.33886e-01
 9.33886e-01
 9.33886e-01
 9.33886e-01
 9.33886e-01
 9.39381e-01
 9.39381e-01
 9.39381e-01
 9.39381e-01
 9.39381e-01
 9.39381e-01
 9.40375e-01
 9.40375e-01
 9.40375e-01
 9.40375e-01
 9.40375e-01
 9.40375e-01
 3.55683e-04
 3.55683e-04
 3.55683e-04
 3.55683e-04
 3.55683e-04
 3.55683e-04
 1.24113e-03
 1.24113e-03
 1.24113e-03
 1.24113e-03
 1.24113e-03
 1.24113e-03
 3.73977e-03
 3.73977e-03
 3.73977e-03
 3.73977e-03
 3.73977e-03
 3.73977e-03
 9.62329e-03
 9.62329e-03
 9.62329e-03
 9.62329e-03
 9.62329e-03
 9.62329e-03
 2.10512e-02
 2.10512e-02
 2.10512e-02
 2.10512e-02
 2.10512e-02
 2.10512e-02
 3.94349e-02
 3.94349e-02
 3.94349e-02
 3.94349e-02
 3.94349e-02
 3.94349e-02
 6.45713e-02
 6.45713e-02
 6.45713e-02
 6.45713e-02
 6.45713e-02
 6.45713e-02
 9.50694e-02
 9.50694e-02
 9.50694e-02
 9.50694e-02
 9.50694e-02
 9.50694e-02
 1.29371e-01
 1.29371e-01
 1.29371e-01
 1.29371e-01
 1.29371e-01
 1.29371e-01
 1.66277e-01
 1.66277e-01
 1.66277e-01
 1.66277e-01
 1.66277e-01
 1.66277e-01
 2.04986e-01
 2.04986e-01
 2.04986e-01
 2.04986e-01
 2.04986e-01
 2.04986e-01
 2.44991e-01
 2.44991e-01
 2.44991e-01
 2.44991e-01
 2.44991e-01
 2.44991e-01
 2.85982e-01
 2.85982e-01
 2.85982e-01
 2.85982e-01
 2.85982e-01
 2.85982e-01
 3.27770e-01
 3.27770e-01
 3.27770e-01
 3.27770e-01
 3.27770e-01
 3.27770e-01
 3.70234e-01
 3.70234e-01
 3.70234e-01
 3.70234e-01
 3.70234e-01
 3.70234e-01
 4.13291e-01
 4.13291e-01
 4.13291e-01
 4.13291e-01
 4.13291e-01
 4.13291e-01
 4.56868e-01
 4.56868e-01
 4.56868e-01
 4.56868e-01
 4.56868e-01
 4.56868e-01
 5.00893e-01
 5.00893e-01
 5.00893e-01
 5.00893e-01
 5.00893e-01
 5.00893e-01
 5.45295e-01
 5.45295e-01
 5.45295e-01
 5.45295e-01
 5.45295e-01
 5.45295e-01
 5.90024e-01
 5.90024e-01
 5.90024e-01
 5.90024e-01
 5.90024e-01
 5.90024e-01
 6.35080e-01
 6.35080e-01
 6.35080e-01
 6.35080e-01
 6.35080e-01
 6.35080e-01
 6.80532e-01
 6.80532e-01
 6.80532e-01
 6.80532e-01
 6.80532e-01
 6.80532e-01
 7.26720e-01
 7.26720e-01
 7.26720e-01
 7.26720e-01
 7.26720e-01
 7.26720e-01
 7.75819e-01
 7.75819e-01
 7.75819e-01
 7.75819e-01
 7.75819e-01
 7.75819e-01
 8.43437e-01
 8.43437e-01
 8.43437e-01
 8.43437e-01
 8.43437e-01
 8.43437e-01
 9.27033e-01
 9.27033e-01
 9.27033e-01
 9.27033e-01
 9.27033e-01
 9.27033e-01
 9.29532e-01
 9.29532e-01
 9.29532e-01
 9.29532e-01
 9.29532e-01
 9.29532e-01
 9.29099e-01
 9.29099e-01
 9.29099e-01
 9.29099e-01
 9.29099e-01
 9.29099e-01
 9.30372e-01
 9.30372e-01
 9.30372e-01
 9.30372e-01
 9.30372e-01
 9.30372e-01
 9.33886e-01
 9.33886e-01
 9.33886e-01
 9.33886e-01
 9.33886e-01
 9.33886e-01
 9.39381e-01
 9.39381e-01
 9.39381e-01
 9.39381e-01
 9.39381e-01
 9.39381e-01
 9.40375e-01
 9.40375e-01
 9.40375e-01
 9.40375e-01
 9.40375e-01
 9.40375e-01
 3.55683e-04
 3.55683e-04
 3.55683e-04
 3.55683e-04
 3.55683e-04
 3.55683e-04
 1.24113e-03
 1.24113e-03
 1.24113e-03
 1.24113e-03
 1.24113e-03
 1.24113e-03
 3.73977e-03
 3.73977e-03
 3.73977e-03
 3.73977e-03
 3.73977e-03
 3.73977e-03
 9.62329e-03
 9.62329e-03
 9.62329e-03
 9.62329e-03
 9.62329e-03
 9.62329e-03
 2.10512e-02
 2.10512e-02
 2.10512e-02
 2.10512e-02
 2.10512e-02
 2.10512e-02
 3.94349e-02
 3.94349e-02
 3.94349e-02
 3.94349e-02
 3.94349e-02
 3.94349e-02
 6.45713e-02
 6.45713e-02
 6.45713e-02
 6.45713e-02
 6.45713e-02
 6.45713e-02
 9.50694e-02
 9.50694e-02
 9.50694e-02
 9.50694e-02
 9.50694e-02
 9.50694e-02
 1.29371e-01
 1.29371e-01
 1.29371e-01
 1.29371e-01
 1.29371e-01
 1.29371e-01
 1.66277e-01
 1.66277e-01
 1.66277e-01
 1.66277e-01
 1.66277e-01
 1.66277e-01
 2.04986e-01
 2.04986e-01
 2.04986e-01
 2.04986e-01
 2.04986e-01
 2.04986e-01
 2.44991e-01
 2.44991e-01
 2.44991e-01
 2.44991e-01
 2.44991e-01
 2.44991e-01
 2.85982e-01
 2.85982e-01
 2.85982e-01
 2.85982e-01
 2.85982e-01
 2.85982e-01
 3.27770e-01
 3.27770e-01
 3.27770e-01
 3.27770e-01
 3.27770e-01
 3.27770e-01
 3.70234e-01
 3.70234e-01
 3.70234e-01
 3.70234e-01
 3.70234e-01
 3.70234e-01
 4.13291e-01
 4.13291e-01
 4.13291e-01
 4.13291e-01
 4.13291e-01
 4.13291e-01
 4.56868e-01
 4.56868e-01
 4.56868e-01
 4.56868e-01
 4.56868e-01
 4.56868e-01
 5.00893e-01
 5.00893e-01
 5.00893e-01
 5.00893e-01
 5.00893e-01
 5.00893e-01
 5.45295e-01
 5.45295e-01
 5.45295e-01
 5.45295e-01
 5.45295e-01
 5.45295e-01
 5.90024e-01
 5.90024e-01
 5.90024e-01
 5.90024e-01
 5.90024e-01
 5.90024e-01
 6.35080e-01
 6.35080e-01
 6.35080e-01
 6.35080e-01
 6.35080e-01
 6.35080e-01
 6.80532e-01
 6.80532e-01
 6.80532e-01
 6.80532e-01
 6.80532e-01
 6.80532e-01
 7.26720e-01
 7.26720e-01
 7.26720e-01
 7.26720e-01
 7.26720e-01
 7.26720e-01
 7.75819e-01
 7.75819e-01
 7.75819e-01
 7.75819e-01
 7.75819e-01
 7.75819e-01
 8.43437e-01
 8.43437e-01
 8.43437e-01
 8.43437e-01
 8.43437e-01
 8.43437e-01
 9.27033e-01
 9.27033e-01
 9.27033e-01
 9.27033e-01
 9.27033e-01
 9.27033e-01
 9.29532e-01
 9.29532e-01
 9.29532e-01
 9.29532e-01
 9.29532e-01
 9.29532e-01
 9.29099e-01
 9.29099e-01
 9.29099e-01
 9.29099e-01
 9.29099e-01
 9.29099e-01
 9.30372e-01
 9.30372e-01
 9.30372e-01
 9.30372e-01
 9.30372e-01
 9.30372e-01
 9.33886e-01
 9.33886e-01
 9.33886e-01
 9.33886e-01
 9.33886e-01
 9.33886e-01
 9.39381e-01
 9.39381e-01
 9.39381e-01
 9.39381e-01
 9.39381e-01
 9.39381e-01
 9.40375e-01
 9.40375e-01
 9.40375e-01
 9.40375e-01
 9.40375e-01
 9.40375e-01
 3.55683e-04
 3.55683e-04
 3.55683e-04
 3.55683e-04
 3.55683e-04
 3.55683e-04
 1.24113e-03
 1.24113e-03
 1.24113e-03
 1.24113e-03
 1.24113e-03
 1.24113e-03
 3.73977e-03
 3.73977e-03
 3.73977e-03
 3.73977e-03
 3.73977e-03
 3.73977e-03
 9.62329e-03
 9.62329e-03
 9.62329e-03
 9.62329e-03
 9.62329e-03
 9.62329e-03
 2.10512e-02
 2.10512e-02
 2.10512e-02
 2.10512e-02
 2.10512e-02
 2.10512e-02
 3.94349e-02
 3.94349e-02
 3.94349e-02
 3.94349e-02
 3.94349e-02
 3.94349e-02
 6.45713e-02
 6.45713e-02
 6.45713e-02
 6.45713e-02
 6.45713e-02
 6.45713e-02
 9.50694e-02
 9.50694e-02
 9.50694e-02
 9.50694e-02
 9.50694e-02
 9.50694e-02
 1.29371e-01
 1.29371e-01
 1.29371e-01
 1.29371e-01
 1.29371e-01
 1.29371e-01
 1.66277e-01
 1.66277e-01
 1.66277e-01
 1.66277e-01
 1.66277e-01
 1.66277e-01
 2.04986e-01
 2.04986e-01
 2.04986e-01
 2.04986e-01
 2.04986e-01
 2.04986e-01
 2.44991e-01
 2.44991e-01
 2.44991e-01
 2.44991e-01
 2.44991e-01
 2.44991e-01
 2.85982e-01
 2.85982e-01
 2.85982e-01
 2.85982e-01
 2.85982e-01
 2.85982e-01
 3.27770e-01
 3.27770e-01
 3.27770e-01
 3.27770e-01
 3.27770e-01
 3.27770e-01
 3.70234e-01
 3.70234e-01
 3.70234e-01
 3.70234e-01
 3.70234e-01
 3.70234e-01
 4.13291e-01
 4.13291e-01
 4.13291e-01
 4.13291e-01
 4.13291e-01
 4.13291e-01
 4.56868e-01
 4.56868e-01
 4.56868e-01
 4.56868e-01
 4.56868e-01
 4.56868e-01
 5.00893e-01
 5.00893e-01
 5.00893e-01
 5.00893e-01
 5.00893e-01
 5.00893e-01
 5.45295e-01
 5.45295e-01
 5.45295e-01
 5.45295e-01
 5.45295e-01
 5.45295e-01
 5.90024e-01
 5.90024e-01
 5.90024e-01
 5.90024e-01
 5.90024e-01
 5.90024e-01
 6.35080e-01
 6.35080e-01
 6.35080e-01
 6.35080e-01
 6.35080e-01
 6.35080e-01
 6.80532e-01
 6.80532e-01
 6.80532e-01
 6.80532e-01
 6.80532e-01
 6.80532e-01
 7.26720e-01
 7.26720e-01
 7.26720e-01
 7.26720e-01
 7.26720e-01
 7.26720e-01
 7.75819e-01
 7.75819e-01
 7.75819e-01
 7.75819e-01
 7.75819e-01
 7.75819e-01
 8.43437e-01
 8.43437e-01
 8.43437e-01
 8.43437e-01
 8.43437e-01
 8.43437e-01
 9.27033e-01
 9.27033e-01
 9.27033e-01
 9.27033e-01
 9.27033e-01
 9.27033e-01
 9.29532e-01
 9.29532e-01
 9.29532e-01
 9.29532e-01
 9.29532e-01
 9.29532e-01
 9.29099e-01
 9.29099e-01
 9.29099e-01
 9.29099e-01
 9.29099e-01
 9.29099e-01
 9.30372e-01
 9.30372e-01
 9.30372e-01
 9.30372e-01
 9.30372e-01
 9.30372e-01
 9.33886e-01
 9.33886e-01
 9.33886e-01
 9.33886e-01
 9.33886e-01
 9.33886e-01
 9.39381e-01
 9.39381e-01
 9.39381e-01
 9.39381e-01
 9.39381e-01
 9.39381e-01
 9.40375e-01
 9.40375e-01
 9.40375e-01
 9.40375e-01
 9.40375e-01
 9.40375e-01
 0.00000e+00
 0.00000e+00
 0.00000e+00
 0.00000e+00
 0.00000e+00
 0.00000e+00
 0.00000e+00
 0.00000e+00
 0.00000e+00
 0.00000e+00
 0.00000e+00
 0.00000e+00
 0.00000e+00
 0.00000e+00
 0.00000e+00
 0.00000e+00
 0.00000e+00
 0.00000e+00
 0.00000e+00
 0.00000e+00
 0.00000e+00
 0.00000e+00
 0.00000e+00
 0.00000e+00
 0.00000e+00
 0.00000e+00
 0.00000e+00
 0.00000e+00
 0.00000e+00
 0.00000e+00
 0.00000e+00
 0.00000e+00
 0.00000e+00
 0.00000e+00
 0.00000e+00
 0.00000e+00
 0.00000e+00
 0.00000e+00
 0.00000e+00
 0.00000e+00
 0.00000e+00
 0.00000e+00
 0.00000e+00
 0.00000e+00
 0.00000e+00
 0.00000e+00
 0.00000e+00
 0.00000e+00
 0.00000e+00
 0.00000e+00
 0.00000e+00
 0.00000e+00
 0.00000e+00
 0.00000e+00
 0.00000e+00
 0.00000e+00
 0.00000e+00
 0.00000e+00
 0.00000e+00
 0.00000e+00
 0.00000e+00
 0.00000e+00
 0.00000e+00
 0.00000e+00
 0.00000e+00
 0.00000e+00
 0.00000e+00
 0.00000e+00
 0.00000e+00
 0.00000e+00
 0.00000e+00
 0.00000e+00
 0.00000e+00
 0.00000e+00
 0.00000e+00
 0.00000e+00
 0.00000e+00
 0.00000e+00
 0.00000e+00
 0.00000e+00
 0.00000e+00
 0.00000e+00
 0.00000e+00
 0.00000e+00
 0.00000e+00
 0.00000e+00
 0.00000e+00
 0.00000e+00
 0.00000e+00
 0.00000e+00
 0.00000e+00
 0.00000e+00
 0.00000e+00
 0.00000e+00
 0.00000e+00
 0.00000e+00
 0.00000e+00
 0.00000e+00
 0.00000e+00
 0.00000e+00
 0.00000e+00
 0.00000e+00
 0.00000e+00
 0.00000e+00
 0.00000e+00
 0.00000e+00
 0.00000e+00
 0.00000e+00
 0.00000e+00
 0.00000e+00
 0.00000e+00
 0.00000e+00
 0.00000e+00
 0.00000e+00
 0.00000e+00
 0.00000e+00
 0.00000e+00
 0.00000e+00
 0.00000e+00
 0.00000e+00
 0.00000e+00
 0.00000e+00
 0.00000e+00
 0.00000e+00
 0.00000e+00
 0.00000e+00
 0.00000e+00
 0.00000e+00
 0.00000e+00
 0.00000e+00
 0.00000e+00
 0.00000e+00
 0.00000e+00
 0.00000e+00
 0.00000e+00
 0.00000e+00
 0.00000e+00
 0.00000e+00
 0.00000e+00
 0.00000e+00
 0.00000e+00
 0.00000e+00
 0.00000e+00
 0.00000e+00
 0.00000e+00
 0.00000e+00
 0.00000e+00
 0.00000e+00
 0.00000e+00
 0.00000e+00
 0.00000e+00
 0.00000e+00
 0.00000e+00
 0.00000e+00
 0.00000e+00
 0.00000e+00
 0.00000e+00
 0.00000e+00
 0.00000e+00
 0.00000e+00
 0.00000e+00
 0.00000e+00
 0.00000e+00
 0.00000e+00
 0.00000e+00
 0.00000e+00
 0.00000e+00
 0.00000e+00
 0.00000e+00
 0.00000e+00
 0.00000e+00
 0.00000e+00
 0.00000e+00
 0.00000e+00
 0.00000e+00
 0.00000e+00
 0.00000e+00
 0.00000e+00
 0.00000e+00
 0.00000e+00
 0.00000e+00
 0.00000e+00
 0.00000e+00
 0.00000e+00
 0.00000e+00
 0.00000e+00
 0.00000e+00
 0.00000e+00
 0.00000e+00
 0.00000e+00
 0.00000e+00
 0.00000e+00
-3.65907e-15
-6.02120e-16
 1.00213e-15
-2.11705e-15
 1.95045e-15
-6.46755e-15
-1.45006e-15
 1.32095e-15
 4.20162e-15
 8.17032e-16
 2.83504e-15
-3.70456e-15
 2.55930e-15
 6.55245e-16
 9.57144e-16
 4.38858e-16
 3.89915e-15
-1.77430e-15
 1.30305e-15
 5.85966e-16
-1.30370e-15
-3.22772e-15
 5.21212e-15
 1.75278e-15
 2.62084e-15
 3.16741e-15
 1.92346e-15
-1.50007e-15
 4.26658e-15
-1.15467e-15
 2.86362e-15
 2.41162e-15
 1.18621e-15
-1.52446e-15
 3.30810e-15
-3.21144e-15
 9.45973e-16
-7.26029e-16
 3.20657e-16
-5.81980e-16
 1.45264e-15
-5.35690e-15
 1.93202e-15
 1.31256e-15
 2.61474e-15
 2.00310e-15
 2.99820e-15
-7.07177e-15
 1.56686e-15
 9.74114e-16
 4.33454e-15
 7.99658e-16
 1.95638e-15
-4.06625e-15
 1.79618e-15
 1.00704e-15
 5.48096e-15
 3.92530e-15
 3.80945e-15
-3.72461e-15
 2.02921e-16
-6.80912e-16
 3.99793e-15
 4.57750e-15
 5.01327e-15
-3.77643e-15
 4.40335e-15
 1.30854e-15
 2.34110e-15
 3.29775e-15
 4.33481e-15
-4.16958e-15
-1.30217e-16
-2.49998e-15
-8.96410e-16
-2.10781e-15
-7.71552e-16
-5.17316e-15
-2.90920e-15
-5.20660e-15
-1.09455e-15
-6.08571e-15
-5.20607e-15
-2.53352e-15
 7.18669e-16
-2.26464e-15
 1.65218e-15
-2.53606e-15
-3.17676e-15
-2.07224e-15
-1.80482e-16
 2.50893e-16
 3.82985e-15
 1.46650e-15
-2.40681e-15
-7.99327e-15
-3.81601e-15
-1.08789e-15
 2.82102e-15
 8.22802e-16
 2.96521e-16
-5.97895e-15
-1.07062e-14
-4.82564e-15
 3.95685e-15
 1.41871e-15
 6.98887e-16
-1.06267e-15
-1.07118e-14
-4.37093e-15
 4.73276e-15
 3.44819e-15
 2.08531e-15
-5.75572e-16
-9.57867e-15
-3.73776e-15
 1.51308e-15
 2.06909e-15
 2.82559e-15
-3.85325e-15
-4.72792e-15
-1.94646e-15
 3.12294e-15
 1.91441e-15
 6.46983e-16
-3.45942e-15
 3.43226e-15
 2.44511e-15
 4.54436e-15
 8.85653e-16
 7.09195e-16
-3.59140e-15
 2.19352e-15
-5.03140e-16
 6.52203e-15
 1.49249e-18
-1.48347e-15
 2.93598e-15
 1.91140e-15
-1.56261e-15
 1.96760e-15
-3.92804e-15
-2.12875e-15
 4.65477e-15
-6.55947e-16
 2.15780e-15
 5.81371e-15
 3.09312e-15
 3.00783e-15
-9.26600e-15
-6.99614e-15
-4.46006e-15
 2.63211e-14
 2.11418e-14
-4.42119e-15
-8.69831e-15
-5.04087e-15
-1.27278e-14
 2.22582e-14
 1.06533e-14
-1.68208e-14
 8.10327e-15
-8.02255e-15
-9.27274e-16
-1.04072e-14
-1.11645e-14
-3.16105e-16
-1.77075e-15
-2.16632e-14
 3.60543e-14
-6.24779e-14
-3.91455e-14
 4.86371e-14
-5.04120e-14
-3.16460e-14
 3.65718e-14
-5.63937e-14
-3.88362e-14
 4.93047e-14
-5.48957e-14
-2.64528e-14
 2.24831e-14
-1.48054e-14
-2.42442e-14
 2.14035e-14
-3.05945e-14
-2.54405e-15
-1.18849e-14
 5.08600e-14
 1.74394e-14
-3.34070e-14
 4.59839e-14
 1.73461e-15
-1.64037e-15
-2.93057e-15
 1.71167e-17
 3.29680e-15
-6.40213e-15
 3.35015e-16
-1.34778e-15
-1.63969e-15
-1.74874e-15
 1.11134e-15
-6.13995e-15
-3.46291e-16
-5.87122e-16
-1.72214e-15
-1.81150e-15
-4.51619e-16
-9.60094e-15
 5.30861e-15
 1.76383e-15
 8.81699e-16
 4.15419e-15
 5.99938e-15
-5.14341e-15
 5.90814e-16
-2.03201e-15
-2.16439e-15
 5.33559e-16
 3.21374e-15
-7.23132e-15
 5.03964e-16
 7.59451e-16
 8.36856e-16
-1.56481e-15
 2.49554e-15
-4.96485e-15
 2.09755e-15
 3.79113e-15
 3.16406e-15
-2.27354e-15
 1.31411e-15
-5.12029e-15
 1.04496e-15
 1.46996e-15
 1.09079e-15
-2.16905e-15
 3.04934e-15
-1.79383e-15
-4.28074e-15
-2.15115e-15
-2.89378e-15
-4.10664e-15
 7.84892e-17
-9.48944e-15
-5.27407e-15
-6.35272e-16
-1.10969e-15
-7.19549e-15
-1.99223e-15
-8.12351e-15
-3.08457e-15
 1.98831e-15
-2.52835e-16
-4.22151e-15
 2.56272e-15
-4.71798e-15
-4.75452e-15
-1.19017e-16
 1.34465e-15
-1.44114e-15
 2.97160e-15
-3.51845e-15
-6.25608e-15
 1.95944e-15
-1.11836e-15
-3.28515e-15
 2.21901e-15
-9.40216e-15
-5.67303e-15
 1.70850e-15
-3.22807e-15
-2.26843e-15
 2.23187e-15
-1.31260e-14
-8.70105e-15
-4.21933e-17
-8.06823e-16
-2.48059e-15
 3.20607e-15
-7.57774e-15
-7.16347e-15
-9.30168e-16
-9.32164e-16
-2.05591e-15
 6.89598e-15
 2.30251e-15
-4.54000e-15
-8.35931e-16
 1.55337e-15
 1.45673e-15
 6.86840e-15
 8.17599e-16
-4.58301e-15
-3.15676e-15
 1.65327e-15
 2.17689e-15
 3.30826e-15
-4.30045e-15
-1.05853e-16
-1.76745e-15
 2.11518e-15
 4.13174e-15
 2.42880e-15
-8.41517e-15
 3.70073e-15
 3.24570e-15
 5.31391e-15
 4.53877e-15
 2.45070e-15
-7.91118e-15
 6.91798e-16
 4.24300e-15
 4.37518e-15
 4.16606e-15
 9.03432e-15
-5.94355e-15
-7.73363e-15
-2.27651e-15
-3.92157e-16
-2.83138e-17
 6.37040e-15
-1.41930e-15
-8.72179e-15
 4.91707e-16
-5.63785e-15
-5.21548e-15
 6.50619e-15
-5.35342e-15
-4.13329e-15
 2.27181e-15
-4.67653e-15
-4.36148e-15
 6.59206e-15
-4.49336e-15
-6.49483e-15
-2.77392e-15
-1.68327e-15
-1.25431e-14
-2.75308e-15
 6.91027e-15
-1.87478e-14
 9.84370e-15
-8.32281e-15
-1.96615e-14
 5.47512e-15
-7.89998e-15
-1.35558e-14
 2.50573e-14
-1.29310e-14
-7.12605e-15
 2.91456e-14
-2.95320e-14
 7.43578e-15
 8.70898e-16
 3.69554e-17
 1.04006e-14
 8.31098e-15
-1.90547e-15
 5.35664e-14
-7.69274e-14
 3.05907e-14
 1.01073e-14
-6.97982e-14
 9.43667e-14
 5.73058e-14
-7.96346e-14
 2.70519e-14
 4.75608e-15
-7.64898e-14
 9.80112e-14
 3.85752e-14
-4.76612e-14
 2.50534e-15
-6.85714e-15
-4.59623e-14
 4.95787e-14
-2.90866e-14
 3.79338e-14
-3.87027e-14
-1.83676e-14
 4.28041e-14
-7.14436e-14
-2.84627e-15
 7.83673e-16
 1.59762e-15
-2.21579e-15
 3.72866e-15
-4.84488e-15
 1.02677e-15
 8.48720e-16
 3.37395e-15
-1.86707e-16
 2.77625e-15
-7.25562e-16
-2.32849e-15
-6.87839e-16
 2.30777e-15
-1.87912e-15
-2.99381e-16
-5.47744e-15
-5.87985e-15
-6.99948e-16
 1.69045e-15
-4.56893e-15
 1.07058e-15
-3.35195e-15
-2.39648e-15
-9.80266e-16
-7.33516e-16
-4.85007e-15
-3.49077e-16
-4.86392e-15
 4.33437e-16
-1.65138e-15
-3.66137e-15
-2.80256e-15
 3.43005e-15
-1.21801e-15
-2.82896e-16
-1.54474e-15
-2.87746e-15
-2.54938e-15
 1.08132e-16
-5.86829e-15
-9.66255e-16
 5.28564e-16
 2.42280e-15
-4.31195e-16
-1.59831e-16
-6.19976e-15
-6.28407e-18
-3.54386e-16
 7.26514e-16
-2.16995e-15
 5.07579e-16
-1.46468e-15
 4.35384e-18
-1.29663e-15
-2.53520e-15
-1.01319e-15
 3.00776e-15
-3.25060e-15
 3.00792e-15
 2.33609e-16
 1.44949e-15
-1.47055e-15
 2.00468e-15
 5.11539e-16
 1.05337e-14
 2.95732e-15
 3.18195e-15
 1.50187e-16
 7.29614e-16
-7.34261e-16
 3.30697e-15
-6.85322e-15
-1.63714e-15
-3.37038e-16
-4.43339e-15
-6.35129e-15
 4.91335e-16
-8.47200e-15
-3.32617e-15
-1.70248e-15
-4.40264e-15
-4.24053e-15
 7.76247e-15
-1.95705e-15
-2.56317e-15
 4.09207e-15
 3.43910e-15
-2.75842e-15
 6.68608e-15
-2.19409e-15
-9.46096e-16
 4.06707e-15
 3.48202e-15
-4.75958e-15
 2.67709e-15
 3.89006e-18
-4.20515e-16
 1.43666e-15
 2.01814e-15
-3.79163e-15
 3.23900e-15
 5.01780e-16
-2.86483e-15
-5.79932e-15
 1.94839e-15
-2.09567e-15
-1.62364e-16
-2.49343e-15
-6.63728e-15
-6.79789e-15
 6.75535e-16
-1.25826e-15
-7.64845e-15
-9.58683e-15
-7.67777e-15
-6.35505e-15
 8.46213e-16
-1.81852e-15
-4.12650e-15
-8.20496e-15
-3.63670e-15
-3.87593e-15
 2.60594e-15
 4.89679e-15
 6.10045e-15
 1.01035e-15
-3.70669e-15
 4.77440e-16
 1.06927e-14
 6.33071e-15
 1.31773e-14
 1.31494e-15
-3.37869e-15
 2.00209e-15
 1.08380e-14
 9.59524e-15
 6.79433e-15
-8.23235e-17
-2.35132e-15
 4.45801e-15
 6.84789e-15
-7.22027e-16
 1.37982e-14
 9.67623e-15
-6.18179e-15
 4.48837e-15
 1.28718e-14
-1.44704e-15
 3.80212e-14
 2.38238e-15
-4.52407e-15
 6.78704e-16
 4.66345e-15
 2.75135e-14
 2.49040e-14
-2.92958e-14
-1.05879e-15
-3.42592e-15
-2.08505e-14
 2.95921e-14
-2.17711e-14
-1.51466e-14
-6.98772e-15
 4.91648e-16
-2.76708e-15
-1.90733e-14
-7.90494e-14
 5.40868e-14
-2.14046e-14
 1.35564e-14
 6.76565e-14
-1.28997e-13
-7.16068e-14
 6.46155e-14
-1.71229e-14
 1.30626e-14
 7.33387e-14
-1.23455e-13
-3.34018e-14
 4.33047e-14
-4.62746e-15
 2.90373e-15
 4.73811e-14
-5.29938e-14
 5.87997e-14
-3.18868e-14
 9.61819e-15
 1.86222e-15
-2.70335e-14
 9.77140e-14
 2.45320e-15
 4.41533e-16
-5.66665e-16
-2.86650e-15
 1.97788e-15
-2.70416e-15
-3.96717e-16
 3.39363e-16
-8.23420e-16
-2.16517e-15
 4.32914e-15
-3.04812e-15
-4.23778e-18
-1.81126e-15
-4.45009e-15
-3.65424e-15
 2.71467e-15
-5.57415e-15
 5.78231e-15
 1.32525e-15
 1.25971e-16
 2.30906e-16
 3.05867e-15
-4.92357e-15
 2.04749e-15
 4.79238e-16
 1.31221e-15
-4.32828e-18
 1.48658e-15
-6.84581e-15
 2.60316e-15
 2.44852e-15
 2.90261e-15
 3.33430e-17
 4.85924e-16
-8.74612e-15
-1.48728e-15
-7.02251e-16
 3.16711e-15
 1.85090e-15
 1.29994e-15
-6.82978e-15
-1.46599e-15
 5.03803e-16
 2.48584e-15
 9.95062e-16
 5.30890e-15
-1.64468e-15
-8.99321e-16
 2.37008e-16
 7.66031e-16
 1.98604e-16
 3.73371e-15
-3.48743e-15
 2.68286e-15
 8.55194e-16
 1.44185e-15
 1.24970e-15
 3.13160e-15
-2.48624e-15
 5.50348e-17
-2.25345e-16
-1.71687e-15
-1.20321e-16
 5.08205e-15
-5.17584e-15
-6.54039e-15
-1.15639e-15
-2.84832e-15
-2.98295e-15
 4.47792e-15
-6.29247e-15
-3.68388e-15
 2.67283e-15
-1.94180e-15
-6.36005e-15
 4.09643e-15
-4.41432e-15
-3.29250e-15
 2.61177e-15
-1.35559e-15
-4.22856e-15
 2.97985e-15
-5.64129e-15
-5.09276e-15
 1.36998e-15
 2.90001e-15
-2.66598e-15
 2.42557e-16
-4.30281e-15
-2.16787e-15
 2.43626e-15
 3.33049e-15
-1.96046e-15
 1.21504e-15
-4.78444e-15
-1.53498e-15
 1.77322e-15
 1.11690e-15
-1.16135e-15
 1.06970e-15
-8.36655e-15
-6.94200e-15
-3.19688e-15
-2.19763e-15
-4.80224e-16
-4.09719e-16
-1.61133e-14
-7.12649e-15
-2.41499e-15
-1.53037e-15
 8.95518e-16
 1.32574e-15
-1.29068e-14
-2.17275e-15
 1.66482e-15
-9.10472e-16
-6.75931e-16
 4.93121e-15
-2.09432e-15
-2.56959e-15
 1.49541e-15
-9.85059e-16
 4.42422e-16
 6.93675e-15
-2.32587e-15
-1.07534e-14
-5.34803e-15
 8.72380e-16
 2.73871e-15
 3.02683e-15
-6.72539e-15
-1.43697e-14
-5.18852e-15
 1.67409e-15
 4.93364e-15
 3.91089e-15
-1.27869e-14
-1.09421e-14
-1.40375e-15
 5.31441e-15
 4.59120e-15
 5.04322e-15
-4.94360e-15
-1.49231e-14
-1.30731e-14
 1.19197e-15
 2.97675e-15
-1.22038e-16
-6.32038e-15
-2.05838e-14
-1.35976e-14
-1.61355e-14
 1.08827e-17
 4.32105e-15
-2.55614e-14
-1.21768e-14
 9.92018e-15
-1.19566e-14
 2.12046e-17
 1.74868e-14
-2.18659e-14
 1.86590e-14
 1.19156e-14
 1.56132e-14
 2.09477e-15
 7.12926e-15
 2.35669e-14
 3.42361e-14
-1.19513e-14
 6.53728e-14
 1.86884e-14
-3.26165e-14
 7.69604e-14
 2.82151e-14
-2.46428e-14
 6.24211e-14
 3.00678e-14
-3.54738e-14
 6.80418e-14
 3.48984e-15
-2.33653e-14
 2.81796e-14
 2.68724e-14
-1.79206e-14
 1.33142e-14
-5.01672e-14
-7.48618e-15
-2.86747e-14
 5.88928e-15
 2.74264e-14
-6.64609e-14
 0.00000e+00
 0.00000e+00
 0.00000e+00
 0.00000e+00
 0.00000e+00
 0.00000e+00
 0.00000e+00
 0.00000e+00
 0.00000e+00
 0.00000e+00
 0.00000e+00
 0.00000e+00
 0.00000e+00
 0.00000e+00
 0.00000e+00
 0.00000e+00
 0.00000e+00
 0.00000e+00
 0.00000e+00
 0.00000e+00
 0.00000e+00
 0.00000e+00
 0.00000e+00
 0.00000e+00
 0.00000e+00
 0.00000e+00
 0.00000e+00
 0.00000e+00
 0.00000e+00
 0.00000e+00
 0.00000e+00
 0.00000e+00
 0.00000e+00
 0.00000e+00
 0.00000e+00
 0.00000e+00
 0.00000e+00
 0.00000e+00
 0.00000e+00
 0.00000e+00
 0.00000e+00
 0.00000e+00
 0.00000e+00
 0.00000e+00
 0.00000e+00
 0.00000e+00
 0.00000e+00
 0.00000e+00
 0.00000e+00
 0.00000e+00
 0.00000e+00
 0.00000e+00
 0.00000e+00
 0.00000e+00
 0.00000e+00
 0.00000e+00
 0.00000e+00
 0.00000e+00
 0.00000e+00
 0.00000e+00
 0.00000e+00
 0.00000e+00
 0.00000e+00
 0.00000e+00
 0.00000e+00
 0.00000e+00
 0.00000e+00
 0.00000e+00
 0.00000e+00
 0.00000e+00
 0.00000e+00
 0.00000e+00
 0.00000e+00
 0.00000e+00
 0.00000e+00
 0.00000e+00
 0.00000e+00
 0.00000e+00
 0.00000e+00
 0.00000e+00
 0.00000e+00
 0.00000e+00
 0.00000e+00
 0.00000e+00
 0.00000e+00
 0.00000e+00
 0.00000e+00
 0.00000e+00
 0.00000e+00
 0.00000e+00
 0.00000e+00
 0.00000e+00
 0.00000e+00
 0.00000e+00
 0.00000e+00
 0.00000e+00
 0.00000e+00
 0.00000e+00
 0.00000e+00
 0.00000e+00
 0.00000e+00
 0.00000e+00
 0.00000e+00
 0.00000e+00
 0.00000e+00
 0.00000e+00
 0.00000e+00
 0.00000e+00
 0.00000e+00
 0.00000e+00
 0.00000e+00
 0.00000e+00
 0.00000e+00
 0.00000e+00
 0.00000e+00
 0.00000e+00
 0.00000e+00
 0.00000e+00
 0.00000e+00
 0.00000e+00
 0.00000e+00
 0.00000e+00
 0.00000e+00
 0.00000e+00
 0.00000e+00
 0.00000e+00
 0.00000e+00
 0.00000e+00
 0.00000e+00
 0.00000e+00
 0.00000e+00
 0.00000e+00
 0.00000e+00
 0.00000e+00
 0.00000e+00
 0.00000e+00
 0.00000e+00
 0.00000e+00
 0.00000e+00
 0.00000e+00
 0.00000e+00
 0.00000e+00
 0.00000e+00
 0.00000e+00
 0.00000e+00
 0.00000e+00
 0.00000e+00
 0.00000e+00
 0.00000e+00
 0.00000e+00
 0.00000e+00
 0.00000e+00
 0.00000e+00
 0.00000e+00
 0.00000e+00
 0.00000e+00
 0.00000e+00
 0.00000e+00
 0.00000e+00
 0.00000e+00
 0.00000e+00
 0.00000e+00
 0.00000e+00
 0.00000e+00
 0.00000e+00
 0.00000e+00
 0.00000e+00
 0.00000e+00
 0.00000e+00
 0.00000e+00
 0.00000e+00
 0.00000e+00
 0.00000e+00
 0.00000e+00
 0.00000e+00
 0.00000e+00
 0.00000e+00
 0.00000e+00
 0.00000e+00
 0.00000e+00
 0.00000e+00
 0.00000e+00
 0.00000e+00
 0.00000e+00
 0.00000e+00
 0.00000e+00
 0.00000e+00
 0.00000e+00
 0.00000e+00
 0.00000e+00
 0.00000e+00
 0.00000e+00
part
         3
coordinates
 0.00000e+00
-4.28673e-15
-1.44982e-14
 2.84434e-14
-1.00358e-14
 0.00000e+00
 0.00000e+00
-5.30801e-15
-1.21704e-14
 2.46707e-14
-1.23839e-14
 0.00000e+00
 0.00000e+00
-1.13403e-14
 1.55249e-14
-2.56158e-14
 1.05973e-14
 0.00000e+00
 0.00000e+00
-3.57910e-14
 8.38870e-14
-1.12023e-13
 6.80089e-14
 0.00000e+00
 0.00000e+00
-4.24503e-14
 8.36220e-14
-1.00448e-13
 6.58992e-14
 0.00000e+00
 0.00000e+00
-3.13782e-14
 4.56767e-14
-4.11957e-14
 2.18934e-14
 0.00000e+00
 0.00000e+00
 1.26403e-14
-5.89813e-14
 8.91207e-14
-6.81454e-14
 0.00000e+00
 0.00000e+00
 3.97111e-14
-8.22248e-14
 9.99987e-14
-7.53713e-14
 0.00000e+00
 0.00000e+00
 3.87870e-14
-7.53922e-14
 8.89012e-14
-7.34029e-14
 0.00000e+00
 0.00000e+00
 2.38292e-14
-4.33154e-14
 5.41671e-14
-5.15789e-14
 0.00000e+00
 0.00000e+00
-7.20141e-15
 2.93000e-14
-1.32682e-14
 1.25496e-16
 0.00000e+00
 0.00000e+00
-7.45825e-15
 3.47610e-14
-2.02861e-14
 6.68584e-15
 0.00000e+00
 0.00000e+00
 2.55754e-15
 2.02068e-14
-1.09150e-14
 3.27327e-15
 0.00000e+00
 0.00000e+00
 5.88245e-15
-1.27900e-14
 2.00242e-14
-5.32687e-15
 0.00000e+00
 0.00000e+00
 4.09221e-15
-1.42967e-14
 2.15066e-14
-4.61146e-15
 0.00000e+00
 0.00000e+00
 1.32963e-15
-1.00688e-14
 1.60837e-14
-5.30575e-15
 0.00000e+00
 0.00000e+00
-4.82728e-15
 2.64060e-15
 1.34669e-14
-8.66915e-15
 0.00000e+00
 0.00000e+00
-9.62607e-15
 8.04006e-15
 8.58541e-15
-9.60201e-15
 0.00000e+00
 0.00000e+00
-1.07097e-14
 6.35740e-15
 7.03431e-15
-9.32491e-15
 0.00000e+00
 0.00000e+00
-8.96901e-15
 6.76806e-15
 3.36481e-15
-2.34610e-15
 0.00000e+00
 0.00000e+00
-7.98877e-15
 1.04033e-14
-7.56786e-15
 1.01983e-14
 0.00000e+00
 0.00000e+00
-5.49474e-15
 1.86495e-14
-1.08261e-14
 9.64023e-15
 0.00000e+00
 0.00000e+00
-1.78982e-15
 1.56035e-14
-7.91021e-15
 1.02069e-14
 0.00000e+00
 0.00000e+00
 2.46571e-15
 1.45424e-14
-8.59750e-15
 8.94845e-15
 0.00000e+00
 0.00000e+00
 2.43801e-15
 9.69809e-15
-6.56474e-15
-3.11055e-15
 0.00000e+00
 0.00000e+00
 5.52024e-15
-6.22929e-16
 1.59342e-16
-6.71346e-15
 0.00000e+00
 0.00000e+00
 4.83604e-15
-6.44641e-15
-1.75419e-15
-5.85254e-15
 0.00000e+00
 0.00000e+00
 5.18324e-15
-5.05036e-15
-6.78824e-15
-3.77772e-15
 0.00000e+00
 0.00000e+00
 5.62024e-15
-3.33267e-16
-9.62179e-15
 1.52450e-16
 0.00000e+00
 0.00000e+00
 4.65324e-15
 1.01969e-15
-9.27149e-15
 8.26147e-16
 0.00000e+00
 0.00000e+00
-1.93728e-16
 6.30926e-15
-1.00915e-15
 1.48578e-15
 0.00000e+00
 0.00000e+00
-7.90086e-15
 5.82753e-15
 3.00743e-15
 1.44160e-15
 0.00000e+00
 0.00000e+00
-2.86466e-15
 1.14603e-14
-5.26433e-16
-9.71838e-15
 0.00000e+00
 0.00000e+00
-1.50271e-14
 3.00250e-14
-3.53612e-14
 1.73152e-14
 0.00000e+00
 0.00000e+00
-6.45151e-15
 4.62453e-15
-1.63955e-14
 1.22506e-14
 0.00000e+00
 0.00000e+00
 2.43113e-14
-7.50104e-14
 7.04230e-14
-2.84419e-14
 0.00000e+00
 0.00000e+00
 2.60468e-14
-7.83630e-14
 8.19018e-14
-3.38219e-14
 0.00000e+00
 0.00000e+00
 1.92691e-14
-4.74874e-14
 4.90755e-14
-2.30842e-14
 0.00000e+00
 0.00000e+00
-7.62971e-16
 3.29487e-14
-4.25331e-14
 1.19291e-14
 0.00000e+00
 0.00000e+00
-2.73158e-14
 6.36893e-14
-6.74781e-14
 2.94732e-14
 0.00000e+00
 0.00000e+00
-3.01499e-14
 6.37409e-14
-6.72510e-14
 2.87392e-14
 0.00000e+00
 0.00000e+00
-2.44264e-14
 4.77964e-14
-4.80543e-14
 2.15083e-14
 0.00000e+00
 0.00000e+00
 2.92512e-16
 8.20137e-16
 1.13181e-14
-5.44578e-15
 0.00000e+00
 0.00000e+00
 1.76197e-14
-1.95170e-14
 2.41681e-14
-1.46713e-14
 0.00000e+00
 0.00000e+00
 1.58013e-14
-1.84328e-14
 2.33020e-14
-1.40848e-14
 0.00000e+00
 0.00000e+00
 4.92636e-15
-8.93856e-15
 1.33607e-14
-3.88238e-15
 0.00000e+00
 0.00000e+00
-5.25096e-15
 1.49514e-14
-1.22250e-14
 9.50403e-15
 0.00000e+00
 0.00000e+00
-9.23545e-15
 2.46095e-14
-1.31766e-14
 7.89346e-15
 0.00000e+00
 0.00000e+00
-8.61345e-15
 2.41750e-14
-1.13769e-14
 4.67965e-15
 0.00000e+00
 0.00000e+00
-8.09930e-15
 1.95486e-14
-8.42769e-15
-7.25014e-16
 0.00000e+00
 0.00000e+00
-8.74377e-15
 8.78876e-15
 2.39237e-15
-3.19606e-15
 0.00000e+00
 0.00000e+00
-7.72802e-15
-1.36485e-15
 9.70055e-15
-2.12277e-16
 0.00000e+00
 0.00000e+00
-4.97774e-15
-1.83210e-16
 6.25980e-15
 1.91386e-15
 0.00000e+00
 0.00000e+00
 1.14629e-15
 2.08732e-16
 5.52925e-15
 1.67327e-15
 0.00000e+00
 0.00000e+00
 9.27445e-15
-5.05486e-15
 7.86154e-15
 2.51478e-15
 0.00000e+00
 0.00000e+00
 8.72909e-15
-5.22406e-15
 7.24411e-15
-2.49510e-16
 0.00000e+00
 0.00000e+00
 2.50414e-15
 3.69223e-15
 7.10568e-16
-6.38323e-15
 0.00000e+00
 0.00000e+00
 1.73265e-15
 5.35586e-15
-1.84695e-16
-4.67507e-15
 0.00000e+00
 0.00000e+00
 1.41808e-15
 2.08892e-15
-1.86542e-15
 7.96669e-17
 0.00000e+00
 0.00000e+00
 1.66244e-15
 1.02259e-15
-6.04224e-15
 4.74277e-16
 0.00000e+00
 0.00000e+00
 2.36658e-15
-1.69795e-15
-6.71861e-15
 4.07109e-16
 0.00000e+00
 0.00000e+00
 7.87126e-15
-1.07601e-14
-3.76899e-15
-2.59366e-15
 0.00000e+00
 0.00000e+00
 6.69103e-15
-8.79938e-15
 6.50215e-15
-8.86016e-15
 0.00000e+00
 0.00000e+00
-4.26300e-15
 1.99182e-15
 5.23899e-15
-7.98668e-15
 0.00000e+00
 0.00000e+00
 2.72510e-14
-8.83242e-15
 7.92664e-16
-1.51503e-14
 0.00000e+00
 0.00000e+00
 1.81881e-14
-4.83798e-15
-3.79749e-15
-8.36191e-15
 0.00000e+00
 0.00000e+00
-9.04827e-15
 8.11699e-16
-6.00383e-15
 1.32307e-14
 0.00000e+00
 0.00000e+00
-4.62558e-14
 6.80530e-15
-1.58926e-15
 4.96201e-14
 0.00000e+00
 0.00000e+00
-4.27257e-14
 4.70560e-15
 1.06900e-15
 4.80987e-14
 0.00000e+00
 0.00000e+00
-1.24323e-14
-5.00589e-15
 6.48954e-16
 2.80002e-14
 0.00000e+00
 0.00000e+00
 4.38091e-14
-2.63515e-14
 1.16069e-15
-1.90885e-14
 0.00000e+00
 0.00000e+00
 4.40280e-14
-2.90497e-14
 9.51753e-15
-2.27753e-14
 0.00000e+00
 0.00000e+00
 3.23988e-14
-2.70149e-14
 1.28729e-14
-1.70454e-14
 0.00000e+00
 0.00000e+00
 5.81150e-15
-1.86328e-14
 1.07712e-14
-3.11306e-15
 0.00000e+00
 0.00000e+00
-3.17895e-15
 1.61352e-16
-7.86611e-16
 1.26888e-14
 0.00000e+00
 0.00000e+00
-2.80266e-15
 1.33507e-15
-3.71025e-15
 1.33215e-14
 0.00000e+00
 0.00000e+00
 3.05471e-15
-3.69910e-15
 2.24029e-15
 1.08742e-14
 0.00000e+00
 0.00000e+00
 9.82087e-15
-5.40108e-15
 4.13295e-15
 1.54531e-15
 0.00000e+00
 0.00000e+00
 8.50435e-15
-3.03513e-15
 2.36264e-15
-1.43733e-15
 0.00000e+00
 0.00000e+00
 7.19848e-16
 3.44114e-15
-3.08433e-15
-1.00385e-15
 0.00000e+00
 0.00000e+00
-6.59133e-16
 3.73883e-15
-4.37283e-15
 4.67602e-16
 0.00000e+00
 0.00000e+00
 2.83085e-16
 4.35056e-15
-3.89510e-15
 2.67035e-15
 0.00000e+00
 0.00000e+00
-3.11498e-15
 6.46069e-15
-2.30245e-15
 1.79599e-15
 0.00000e+00
 0.00000e+00
-7.53990e-15
 8.44368e-15
 1.19975e-15
 8.49749e-16
 0.00000e+00
 0.00000e+00
-7.66818e-15
 7.41100e-15
 1.31499e-15
 1.33304e-16
 0.00000e+00
 0.00000e+00
-5.92603e-15
 2.91452e-15
 2.21256e-15
 4.27900e-15
 0.00000e+00
 0.00000e+00
 3.97628e-15
-5.73824e-15
 2.35670e-15
 7.71619e-15
 0.00000e+00
 0.00000e+00
 5.35897e-15
-4.89034e-15
 1.70177e-15
 3.30355e-15
 0.00000e+00
 0.00000e+00
 2.06170e-15
 5.65853e-15
-1.84850e-15
-5.71561e-15
 0.00000e+00
 0.00000e+00
 2.01359e-15
 1.12177e-14
-5.86452e-16
-4.65430e-15
 0.00000e+00
 0.00000e+00
 2.12215e-15
 9.66130e-15
-3.31570e-16
-1.99373e-15
 0.00000e+00
 0.00000e+00
 3.05336e-15
 3.95567e-15
 1.12679e-15
 3.56968e-15
 0.00000e+00
 0.00000e+00
 1.35179e-15
-5.38547e-15
 5.46036e-17
 5.89934e-15
 0.00000e+00
 0.00000e+00
 1.81319e-15
-1.41904e-14
 2.74137e-16
 3.48633e-15
 0.00000e+00
 0.00000e+00
 1.34967e-15
-1.10718e-14
 1.87092e-15
-6.53660e-15
 0.00000e+00
 0.00000e+00
-4.64039e-15
 4.24817e-15
-7.74432e-15
-6.95524e-15
 0.00000e+00
 0.00000e+00
 1.73884e-14
-2.01253e-14
 7.96869e-15
 3.78055e-15
 0.00000e+00
 0.00000e+00
 9.57578e-15
-1.39992e-14
 8.29764e-15
-4.15404e-15
 0.00000e+00
 0.00000e+00
-1.15391e-14
 1.32898e-14
 2.37066e-15
-1.22082e-15
 0.00000e+00
 0.00000e+00
-4.31174e-14
 3.01501e-14
-1.30958e-14
 2.57565e-14
 0.00000e+00
 0.00000e+00
-4.10295e-14
 2.42535e-14
-1.11700e-14
 3.56043e-14
 0.00000e+00
 0.00000e+00
-1.99724e-14
 3.10198e-15
-1.96955e-15
 3.08340e-14
 0.00000e+00
 0.00000e+00
 2.53433e-14
-3.58688e-14
 1.05826e-14
 8.95980e-16
 0.00000e+00
 0.00000e+00
 2.80583e-14
-3.74485e-14
 2.82714e-14
-1.32609e-14
 0.00000e+00
 0.00000e+00
 2.16201e-14
-3.19623e-14
 3.02599e-14
-1.58012e-14
 0.00000e+00
 0.00000e+00
 4.52961e-16
-1.40332e-14
 2.46062e-14
-1.09134e-14
 0.00000e+00
 0.00000e+00
-1.04102e-14
 5.48134e-15
 1.97299e-15
 8.65696e-15
 0.00000e+00
 0.00000e+00
-1.09412e-14
 4.33599e-15
-7.56741e-16
 1.39821e-14
 0.00000e+00
 0.00000e+00
-6.85332e-15
-2.73599e-15
 4.60202e-15
 1.17515e-14
 0.00000e+00
 0.00000e+00
 5.23912e-15
-7.05657e-15
 5.60531e-15
 1.35742e-17
 0.00000e+00
 0.00000e+00
 6.31216e-15
-5.19691e-15
 3.67806e-15
-5.12341e-15
 0.00000e+00
 0.00000e+00
 3.40305e-15
-2.57005e-15
 3.05908e-15
-3.03049e-15
 0.00000e+00
 0.00000e+00
-1.98443e-15
-4.81721e-15
 3.99327e-15
 2.67815e-15
 0.00000e+00
 0.00000e+00
-6.12109e-15
-4.44479e-15
 4.28378e-15
 8.69045e-15
 0.00000e+00
 0.00000e+00
-6.18108e-15
-1.85069e-15
 1.65488e-15
 1.06926e-14
 0.00000e+00
 0.00000e+00
-3.20266e-15
 5.26317e-15
-5.42009e-15
 8.15386e-15
 0.00000e+00
 0.00000e+00
-3.62425e-15
 5.00128e-15
-4.94920e-15
 7.13783e-16
 0.00000e+00
 0.00000e+00
-6.11865e-15
 3.07652e-15
-6.26351e-16
 1.30262e-15
 0.00000e+00
 0.00000e+00
 1.09352e-15
 4.23167e-16
-3.03553e-15
 5.90236e-15
 0.00000e+00
 0.00000e+00
 7.09244e-15
 9.10820e-16
-4.97780e-15
 4.85041e-15
 0.00000e+00
 0.00000e+00
 9.43782e-15
-2.88386e-16
-2.80484e-15
 6.07183e-16
 0.00000e+00
 0.00000e+00
 8.36961e-15
 5.72853e-15
 3.79167e-15
-1.46208e-15
 0.00000e+00
 0.00000e+00
 1.53674e-15
 1.08190e-14
 1.60991e-15
-6.92550e-16
 0.00000e+00
 0.00000e+00
 1.03405e-15
 9.16836e-15
 2.54264e-15
 1.43150e-15
 0.00000e+00
 0.00000e+00
 1.08621e-15
 2.33189e-15
 1.12652e-15
 3.84408e-15
 0.00000e+00
 0.00000e+00
-4.54578e-15
-1.77438e-15
-3.56191e-16
 9.95333e-15
 0.00000e+00
 0.00000e+00
-6.79909e-15
-2.31660e-15
 1.02586e-15
 1.07890e-14
 0.00000e+00
 0.00000e+00
-4.48356e-15
-2.61476e-15
-5.34871e-15
 6.60105e-15
 0.00000e+00
 0.00000e+00
-1.38013e-14
 4.02621e-16
 8.61582e-15
 3.49572e-15
 0.00000e+00
 0.00000e+00
-2.24116e-14
 2.54169e-14
-2.05387e-14
 1.51481e-14
 0.00000e+00
 0.00000e+00
-8.65713e-15
 1.08432e-14
-6.68196e-15
 3.69189e-16
 0.00000e+00
 0.00000e+00
 3.92977e-14
-5.08657e-14
 5.66171e-14
-5.01441e-14
 0.00000e+00
 0.00000e+00
 4.39666e-14
-5.71319e-14
 6.26194e-14
-5.22738e-14
 0.00000e+00
 0.00000e+00
 2.58360e-14
-3.81812e-14
 4.12731e-14
-2.49921e-14
 0.00000e+00
 0.00000e+00
-2.56493e-14
 2.16875e-14
-2.69026e-14
 3.56626e-14
 0.00000e+00
 0.00000e+00
-3.92401e-14
 5.50604e-14
-4.82791e-14
 4.14089e-14
 0.00000e+00
 0.00000e+00
-3.92903e-14
 5.47523e-14
-4.74720e-14
 3.82869e-14
 0.00000e+00
 0.00000e+00
-2.83558e-14
 4.27118e-14
-3.56199e-14
 2.46667e-14
 0.00000e+00
 0.00000e+00
 5.07396e-15
 7.53371e-17
 6.23656e-15
-5.33457e-15
 0.00000e+00
 0.00000e+00
 9.70167e-15
-1.99448e-14
 2.38578e-14
-1.40446e-14
 0.00000e+00
 0.00000e+00
 7.56706e-15
-1.80155e-14
 2.18393e-14
-1.39458e-14
 0.00000e+00
 0.00000e+00
 1.18602e-15
-5.69312e-15
 3.73906e-15
-8.17522e-15
 0.00000e+00
 0.00000e+00
-6.23593e-15
 1.44804e-14
-1.39856e-14
 4.81547e-15
 0.00000e+00
 0.00000e+00
-8.96973e-15
 1.37047e-14
-1.27845e-14
 5.31080e-15
 0.00000e+00
 0.00000e+00
-9.09223e-15
 1.00202e-14
-6.03167e-15
 3.83515e-15
 0.00000e+00
 0.00000e+00
-8.68133e-15
 2.39425e-15
 1.29396e-15
-1.23914e-15
 0.00000e+00
 0.00000e+00
-7.01393e-15
-3.70826e-15
 2.22678e-15
-2.99197e-15
 0.00000e+00
 0.00000e+00
-1.80022e-15
-4.50160e-15
 3.14290e-15
-3.72554e-15
 0.00000e+00
 0.00000e+00
-1.70910e-15
-5.15396e-15
 9.91614e-16
-3.62222e-15
 0.00000e+00
 0.00000e+00
-3.37731e-15
-4.47425e-15
-5.44764e-16
-1.76222e-15
 0.00000e+00
 0.00000e+00
-1.50000e-15
-5.52870e-15
-2.75079e-15
 1.16698e-15
 0.00000e+00
 0.00000e+00
-3.76565e-17
-4.54930e-15
-2.95688e-15
-5.19816e-16
 0.00000e+00
 0.00000e+00
-3.78657e-17
-5.92674e-16
 4.09283e-15
-7.49137e-15
 0.00000e+00
 0.00000e+00
 3.33233e-15
 9.30765e-15
 1.11806e-14
-8.73491e-15
 0.00000e+00
 0.00000e+00
 2.26507e-15
 9.87379e-15
 9.09921e-15
-6.57471e-15
 0.00000e+00
 0.00000e+00
 1.09878e-15
 9.89006e-15
 3.68440e-15
-5.71916e-15
 0.00000e+00
 0.00000e+00
 2.47460e-15
 6.62159e-15
-4.15614e-15
-3.93317e-15
 0.00000e+00
 0.00000e+00
 3.93564e-15
-4.20240e-15
-4.98561e-15
 2.69445e-15
 0.00000e+00
 0.00000e+00
-6.17646e-16
-7.16364e-15
-1.60773e-16
 6.54692e-15
 0.00000e+00
 0.00000e+00
-3.54989e-15
-9.22613e-15
-4.01286e-15
 4.52183e-15
 0.00000e+00
 0.00000e+00
-1.55315e-15
-4.04327e-15
 4.00852e-14
-1.61780e-14
 0.00000e+00
 0.00000e+00
-1.32515e-15
-5.82684e-15
 3.66779e-14
-1.31034e-14
 0.00000e+00
 0.00000e+00
-3.26527e-15
 1.47770e-14
-1.33108e-14
 2.55489e-14
 0.00000e+00
 0.00000e+00
-8.59437e-15
 8.14086e-14
-1.09056e-13
 6.83477e-14
 0.00000e+00
 0.00000e+00
-5.98967e-15
 8.45292e-14
-1.03504e-13
 6.01604e-14
 0.00000e+00
 0.00000e+00
 4.17038e-15
 5.36935e-14
-4.57269e-14
 1.71084e-14
 0.00000e+00
 0.00000e+00
 2.03904e-14
-4.54328e-14
 8.74812e-14
-5.41274e-14
 0.00000e+00
 0.00000e+00
 4.40712e-14
-7.30496e-14
 1.01678e-13
-5.52743e-14
 0.00000e+00
 0.00000e+00
 4.36493e-14
-6.93229e-14
 9.46631e-14
-4.81648e-14
 0.00000e+00
 0.00000e+00
 3.76074e-14
-4.76230e-14
 5.73273e-14
-2.83225e-14
 0.00000e+00
 0.00000e+00
 8.78527e-15
 1.40667e-14
-1.22167e-14
 1.09125e-14
 0.00000e+00
 0.00000e+00
-1.00067e-15
 2.55929e-14
-1.69488e-14
 1.30039e-14
 0.00000e+00
 0.00000e+00
 2.55206e-15
 1.75003e-14
-1.16062e-14
 6.78957e-15
 0.00000e+00
 0.00000e+00
 1.40339e-14
-4.57926e-15
 5.35210e-15
-8.25200e-15
 0.00000e+00
 0.00000e+00
 1.25192e-14
-5.14377e-15
 4.76944e-15
-1.03303e-14
 0.00000e+00
 0.00000e+00
 5.05166e-15
-7.36805e-16
 4.69260e-15
-7.54797e-15
 0.00000e+00
 0.00000e+00
-5.97979e-16
-7.98952e-16
 8.38715e-15
-7.10266e-15
 0.00000e+00
 0.00000e+00
 2.64325e-15
-1.92194e-16
 1.02826e-14
-9.92019e-15
 0.00000e+00
 0.00000e+00
 2.92044e-15
 3.45250e-15
 1.24394e-14
-1.41300e-14
 0.00000e+00
 0.00000e+00
 1.41654e-16
 3.68913e-15
 1.26649e-14
-1.12521e-14
 0.00000e+00
 0.00000e+00
-5.28053e-15
 3.82126e-15
 5.46545e-15
-4.94468e-15
 0.00000e+00
 0.00000e+00
-6.95810e-15
 6.78011e-15
-1.01426e-14
 7.26539e-15
 0.00000e+00
 0.00000e+00
-7.89956e-15
 8.06533e-15
-1.01216e-14
 1.14796e-14
 0.00000e+00
 0.00000e+00
-1.02284e-14
 1.16908e-14
-4.91683e-15
 6.76107e-15
 0.00000e+00
 0.00000e+00
-1.11279e-14
 2.07646e-14
 1.26480e-14
-9.48883e-15
 0.00000e+00
 0.00000e+00
-3.66585e-16
 2.14686e-14
 2.34184e-14
-1.10483e-14
 0.00000e+00
 0.00000e+00
 1.01766e-14
 1.40958e-14
 2.35799e-14
-1.01591e-14
 0.00000e+00
 0.00000e+00
 9.91400e-15
 1.42431e-14
 1.87478e-14
-7.34222e-15
 0.00000e+00
 0.00000e+00
 1.04528e-14
 1.32568e-14
 1.37255e-15
 1.67343e-15
 0.00000e+00
 0.00000e+00
 1.53398e-14
 4.31350e-15
-1.10730e-15
 4.34087e-15
 0.00000e+00
 0.00000e+00
 1.08596e-14
 3.08558e-16
-2.17483e-15
 5.50881e-15
 0.00000e+00
 0.00000e+00
-5.97341e-15
 5.96952e-15
-1.19690e-14
 8.82390e-15
 0.00000e+00
 9.27033e-01
 9.27033e-01
 9.27033e-01
 9.27033e-01
 9.27033e-01
 9.27033e-01
 9.29532e-01
 9.29532e-01
 9.29532e-01
 9.29532e-01
 9.29532e-01
 9.29532e-01
 9.29099e-01
 9.29099e-01
 9.29099e-01
 9.29099e-01
 9.29099e-01
 9.29099e-01
 9.30372e-01
 9.30372e-01
 9.30372e-01
 9.30372e-01
 9.30372e-01
 9.30372e-01
 9.33886e-01
 9.33886e-01
 9.33886e-01
 9.33886e-01
 9.33886e-01
 9.33886e-01
 9.39381e-01
 9.39381e-01
 9.39381e-01
 9.39381e-01
 9.39381e-01
 9.39381e-01
 9.40375e-01
 9.40375e-01
 9.40375e-01
 9.40375e-01
 9.40375e-01
 9.40375e-01
 9.39871e-01
 9.39871e-01
 9.39871e-01
 9.39871e-01
 9.39871e-01
 9.39871e-01
 9.37970e-01
 9.37970e-01
 9.37970e-01
 9.37970e-01
 9.37970e-01
 9.37970e-01
 9.34541e-01
 9.34541e-01
 9.34541e-01
 9.34541e-01
 9.34541e-01
 9.34541e-01
 9.32667e-01
 9.32667e-01
 9.32667e-01
 9.32667e-01
 9.32667e-01
 9.32667e-01
 9.32165e-01
 9.32165e-01
 9.32165e-01
 9.32165e-01
 9.32165e-01
 9.32165e-01
 9.31892e-01
 9.31892e-01
 9.31892e-01
 9.31892e-01
 9.31892e-01
 9.31892e-01
 9.31392e-01
 9.31392e-01
 9.31392e-01
 9.31392e-01
 9.31392e-01
 9.31392e-01
 9.30202e-01
 9.30202e-01
 9.30202e-01
 9.30202e-01
 9.30202e-01
 9.30202e-01
 9.28988e-01
 9.28988e-01
 9.28988e-01
 9.28988e-01
 9.28988e-01
 9.28988e-01
 9.28670e-01
 9.28670e-01
 9.28670e-01
 9.28670e-01
 9.28670e-01
 9.28670e-01
 9.28731e-01
 9.28731e-01
 9.28731e-01
 9.28731e-01
 9.28731e-01
 9.28731e-01
 9.28763e-01
 9.28763e-01
 9.28763e-01
 9.28763e-01
 9.28763e-01
 9.28763e-01
 9.28664e-01
 9.28664e-01
 9.28664e-01
 9.28664e-01
 9.28664e-01
 9.28664e-01
 9.28316e-01
 9.28316e-01
 9.28316e-01
 9.28316e-01
 9.28316e-01
 9.28316e-01
 9.28061e-01
 9.28061e-01
 9.28061e-01
 9.28061e-01
 9.28061e-01
 9.28061e-01
 9.28078e-01
 9.28078e-01
 9.28078e-01
 9.28078e-01
 9.28078e-01
 9.28078e-01
 9.28355e-01
 9.28355e-01
 9.28355e-01
 9.28355e-01
 9.28355e-01
 9.28355e-01
 9.28607e-01
 9.28607e-01
 9.28607e-01
 9.28607e-01
 9.28607e-01
 9.28607e-01
 9.28631e-01
 9.28631e-01
 9.28631e-01
 9.28631e-01
 9.28631e-01
 9.28631e-01
 9.28622e-01
 9.28622e-01
 9.28622e-01
 9.28622e-01
 9.28622e-01
 9.28622e-01
 9.28586e-01
 9.28586e-01
 9.28586e-01
 9.28586e-01
 9.28586e-01
 9.28586e-01
 9.28713e-01
 9.28713e-01
 9.28713e-01
 9.28713e-01
 9.28713e-01
 9.28713e-01
 9.29054e-01
 9.29054e-01
 9.29054e-01
 9.29054e-01
 9.29054e-01
 9.29054e-01
 9.29129e-01
 9.29129e-01
 9.29129e-01
 9.29129e-01
 9.29129e-01
 9.29129e-01
 9.28951e-01
 9.28951e-01
 9.28951e-01
 9.28951e-01
 9.28951e-01
 9.28951e-01
 9.27033e-01
 9.27033e-01
 9.27033e-01
 9.27033e-01
 9.27033e-01
 9.27033e-01
 9.29532e-01
 9.29532e-01
 9.29532e-01
 9.29532e-01
 9.29532e-01
 9.29532e-01
 9.29099e-01
 9.29099e-01
 9.29099e-01
 9.29099e-01
 9.29099e-01
 9.29099e-01
 9.30372e-01
 9.30372e-01
 9.30372e-01
 9.30372e-01
 9.30372e-01
 9.30372e-01
 9.33886e-01
 9.33886e-01
 9.33886e-01
 9.33886e-01
 9.33886e-01
 9.33886e-01
 9.39381e-01
 9.39381e-01
 9.39381e-01
 9.39381e-01
 9.39381e-01
 9.39381e-01
 9.40375e-01
 9.40375e-01
 9.40375e-01
 9.40375e-01
 9.40375e-01
 9.40375e-01
 9.39871e-01
 9.39871e-01
 9.39871e-01
 9.39871e-01
 9.39871e-01
 9.39871e-01
 9.37970e-01
 9.37970e-01
 9.37970e-01
 9.37970e-01
 9.37970e-01
 9.37970e-01
 9.34541e-01
 9.34541e-01
 9.34541e-01
 9.34541e-01
 9.34541e-01
 9.34541e-01
 9.32667e-01
 9.32667e-01
 9.32667e-01
 9.32667e-01
 9.32667e-01
 9.32667e-01
 9.32165e-01
 9.32165e-01
 9.32165e-01
 9.32165e-01
 9.32165e-01
 9.32165e-01
 9.31892e-01
 9.31892e-01
 9.31892e-01
 9.31892e-01
 9.31892e-01
 9.31892e-01
 9.31392e-01
 9.31392e-01
 9.31392e-01
 9.31392e-01
 9.31392e-01
 9.31392e-01
 9.30202e-01
 9.30202e-01
 9.30202e-01
 9.30202e-01
 9.30202e-01
 9.30202e-01
 9.28988e-01
 9.28988e-01
 9.28988e-01
 9.28988e-01
 9.28988e-01
 9.28988e-01
 9.28670e-01
 9.28670e-01
 9.28670e-01
 9.28670e-01
 9.28670e-01
 9.28670e-01
 9.28731e-01
 9.28731e-01
 9.28731e-01
 9.28731e-01
 9.28731e-01
 9.28731e-01
 9.28763e-01
 9.28763e-01
 9.28763e-01
 9.28763e-01
 9.28763e-01
 9.28763e-01
 9.28664e-01
 9.28664e-01
 9.28664e-01
 9.28664e-01
 9.28664e-01
 9.28664e-01
 9.28316e-01
 9.28316e-01
 9.28316e-01
 9.28316e-01
 9.28316e-01
 9.28316e-01
 9.28061e-01
 9.28061e-01
 9.28061e-01
 9.28061e-01
 9.28061e-01
 9.28061e-01
 9.28078e-01
 9.28078e-01
 9.28078e-01
 9.28078e-01
 9.28078e-01
 9.28078e-01
 9.28355e-01
 9.28355e-01
 9.28355e-01
 9.28355e-01
 9.28355e-01
 9.28355e-01
 9.28607e-01
 9.28607e-01
 9.28607e-01
 9.28607e-01
 9.28607e-01
 9.28607e-01
 9.28631e-01
 9.28631e-01
 9.28631e-01
 9.28631e-01
 9.28631e-01
 9.28631e-01
 9.28622e-01
 9.28622e-01
 9.28622e-01
 9.28622e-01
 9.28622e-01
 9.28622e-01
 9.28586e-01
 9.28586e-01
 9.28586e-01
 9.28586e-01
 9.28586e-01
 9.28586e-01
 9.28713e-01
 9.28713e-01
 9.28713e-01
 9.28713e-01
 9.28713e-01
 9.28713e-01
 9.29054e-01
 9.29054e-01
 9.29054e-01
 9.29054e-01
 9.29054e-01
 9.29054e-01
 9.29129e-01
 9.29129e-01
 9.29129e-01
 9.29129e-01
 9.29129e-01
 9.29129e-01
 9.28951e-01
 9.28951e-01
 9.28951e-01
 9.28951e-01
 9.28951e-01
 9.28951e-01
 9.27033e-01
 9.27033e-01
 9.27033e-01
 9.27033e-01
 9.27033e-01
 9.27033e-01
 9.29532e-01
 9.29532e-01
 9.29532e-01
 9.29532e-01
 9.29532e-01
 9.29532e-01
 9.29099e-01
 9.29099e-01
 9.29099e-01
 9.29099e-01
 9.29099e-01
 9.29099e-01
 9.30372e-01
 9.30372e-01
 9.30372e-01
 9.30372e-01
 9.30372e-01
 9.30372e-01
 9.33886e-01
 9.33886e-01
 9.33886e-01
 9.33886e-01
 9.33886e-01
 9.33886e-01
 9.39381e-01
 9.39381e-01
 9.39381e-01
 9.39381e-01
 9.39381e-01
 9.39381e-01
 9.40375e-01
 9.40375e-01
 9.40375e-01
 9.40375e-01
 9.40375e-01
 9.40375e-01
 9.39871e-01
 9.39871e-01
 9.39871e-01
 9.39871e-01
 9.39871e-01
 9.39871e-01
 9.37970e-01
 9.37970e-01
 9.37970e-01
 9.37970e-01
 9.37970e-01
 9.37970e-01
 9.34541e-01
 9.34541e-01
 9.34541e-01
 9.34541e-01
 9.34541e-01
 9.34541e-01
 9.32667e-01
 9.32667e-01
 9.32667e-01
 9.32667e-01
 9.32667e-01
 9.32667e-01
 9.32165e-01
 9.32165e-01
 9.32165e-01
 9.32165e-01
 9.32165e-01
 9.32165e-01
 9.31892e-01
 9.31892e-01
 9.31892e-01
 9.31892e-01
 9.31892e-01
 9.31892e-01
 9.31392e-01
 9.31392e-01
 9.31392e-01
 9.31392e-01
 9.31392e-01
 9.31392e-01
 9.30202e-01
 9.30202e-01
 9.30202e-01
 9.30202e-01
 9.30202e-01
 9.30202e-01
 9.28988e-01
 9.28988e-01
 9.28988e-01
 9.28988e-01
 9.28988e-01
 9.28988e-01
 9.28670e-01
 9.28670e-01
 9.28670e-01
 9.28670e-01
 9.28670e-01
 9.28670e-01
 9.28731e-01
 9.28731e-01
 9.28731e-01
 9.28731e-01
 9.28731e-01
 9.28731e-01
 9.28763e-01
 9.28763e-01
 9.28763e-01
 9.28763e-01
 9.28763e-01
 9.28763e-01
 9.28664e-01
 9.28664e-01
 9.28664e-01
 9.28664e-01
 9.28664e-01
 9.28664e-01
 9.28316e-01
 9.28316e-01
 9.28316e-01
 9.28316e-01
 9.28316e-01
 9.28316e-01
 9.28061e-01
 9.28061e-01
 9.28061e-01
 9.28061e-01
 9.28061e-01
 9.28061e-01
 9.28078e-01
 9.28078e-01
 9.28078e-01
 9.28078e-01
 9.28078e-01
 9.28078e-01
 9.28355e-01
 9.28355e-01
 9.28355e-01
 9.28355e-01
 9.28355e-01
 9.28355e-01
 9.28607e-01
 9.28607e-01
 9.28607e-01
 9.28607e-01
 9.28607e-01
 9.28607e-01
 9.28631e-01
 9.28631e-01
 9.28631e-01
 9.28631e-01
 9.28631e-01
 9.28631e-01
 9.28622e-01
 9.28622e-01
 9.28622e-01
 9.28622e-01
 9.28622e-01
 9.28622e-01
 9.28586e-01
 9.28586e-01
 9.28586e-01
 9.28586e-01
 9.28586e-01
 9.28586e-01
 9.28713e-01
 9.28713e-01
 9.28713e-01
 9.28713e-01
 9.28713e-01
 9.28713e-01
 9.29054e-01
 9.29054e-01
 9.29054e-01
 9.29054e-01
 9.29054e-01
 9.29054e-01
 9.29129e-01
 9.29129e-01
 9.29129e-01
 9.29129e-01
 9.29129e-01
 9.29129e-01
 9.28951e-01
 9.28951e-01
 9.28951e-01
 9.28951e-01
 9.28951e-01
 9.28951e-01
 9.27033e-01
 9.27033e-01
 9.27033e-01
 9.27033e-01
 9.27033e-01
 9.27033e-01
 9.29532e-01
 9.29532e-01
 9.29532e-01
 9.29532e-01
 9.29532e-01
 9.29532e-01
 9.29099e-01
 9.29099e-01
 9.29099e-01
 9.29099e-01
 9.29099e-01
 9.29099e-01
 9.30372e-01
 9.30372e-01
 9.30372e-01
 9.30372e-01
 9.30372e-01
 9.30372e-01
 9.33886e-01
 9.33886e-01
 9.33886e-01
 9.33886e-01
 9.33886e-01
 9.33886e-01
 9.39381e-01
 9.39381e-01
 9.39381e-01
 9.39381e-01
 9.39381e-01
 9.39381e-01
 9.40375e-01
 9.40375e-01
 9.40375e-01
 9.40375e-01
 9.40375e-01
 9.40375e-01
 9.39871e-01
 9.39871e-01
 9.39871e-01
 9.39871e-01
 9.39871e-01
 9.39871e-01
 9.37970e-01
 9.37970e-01
 9.37970e-01
 9.37970e-01
 9.37970e-01
 9.37970e-01
 9.34541e-01
 9.34541e-01
 9.34541e-01
 9.34541e-01
 9.34541e-01
 9.34541e-01
 9.32667e-01
 9.32667e-01
 9.32667e-01
 9.32667e-01
 9.32667e-01
 9.32667e-01
 9.32165e-01
 9.32165e-01
 9.32165e-01
 9.32165e-01
 9.32165e-01
 9.32165e-01
 9.31892e-01
 9.31892e-01
 9.31892e-01
 9.31892e-01
 9.31892e-01
 9.31892e-01
 9.31392e-01
 9.31392e-01
 9.31392e-01
 9.31392e-01
 9.31392e-01
 9.31392e-01
 9.30202e-01
 9.30202e-01
 9.30202e-01
 9.30202e-01
 9.30202e-01
 9.30202e-01
 9.28988e-01
 9.28988e-01
 9.28988e-01
 9.28988e-01
 9.28988e-01
 9.28988e-01
 9.28670e-01
 9.28670e-01
 9.28670e-01
 9.28670e-01
 9.28670e-01
 9.28670e-01
 9.28731e-01
 9.28731e-01
 9.28731e-01
 9.28731e-01
 9.28731e-01
 9.28731e-01
 9.28763e-01
 9.28763e-01
 9.28763e-01
 9.28763e-01
 9.28763e-01
 9.28763e-01
 9.28664e-01
 9.28664e-01
 9.28664e-01
 9.28664e-01
 9.28664e-01
 9.28664e-01
 9.28316e-01
 9.28316e-01
 9.28316e-01
 9.28316e-01
 9.28316e-01
 9.28316e-01
 9.28061e-01
 9.28061e-01
 9.28061e-01
 9.28061e-01
 9.28061e-01
 9.28061e-01
 9.28078e-01
 9.28078e-01
 9.28078e-01
 9.28078e-01
 9.28078e-01
 9.28078e-01
 9.28355e-01
 9.28355e-01
 9.28355e-01
 9.28355e-01
 9.28355e-01
 9.28355e-01
 9.28607e-01
 9.28607e-01
 9.28607e-01
 9.28607e-01
 9.28607e-01
 9.28607e-01
 9.28631e-01
 9.28631e-01
 9.28631e-01
 9.28631e-01
 9.28631e-01
 9.28631e-01
 9.28622e-01
 9.28622e-01
 9.28622e-01
 9.28622e-01
 9.28622e-01
 9.28622e-01
 9.28586e-01
 9.28586e-01
 9.28586e-01
 9.28586e-01
 9.28586e-01
 9.28586e-01
 9.28713e-01
 9.28713e-01
 9.28713e-01
 9.28713e-01
 9.28713e-01
 9.28713e-01
 9.29054e-01
 9.29054e-01
 9.29054e-01
 9.29054e-01
 9.29054e-01
 9.29054e-01
 9.29129e-01
 9.29129e-01
 9.29129e-01
 9.29129e-01
 9.29129e-01
 9.29129e-01
 9.28951e-01
 9.28951e-01
 9.28951e-01
 9.28951e-01
 9.28951e-01
 9.28951e-01
 9.27033e-01
 9.27033e-01
 9.27033e-01
 9.27033e-01
 9.27033e-01
 9.27033e-01
 9.29532e-01
 9.29532e-01
 9.29532e-01
 9.29532e-01
 9.29532e-01
 9.29532e-01
 9.29099e-01
 9.29099e-01
 9.29099e-01
 9.29099e-01
 9.29099e-01
 9.29099e-01
 9.30372e-01
 9.30372e-01
 9.30372e-01
 9.30372e-01
 9.30372e-01
 9.30372e-01
 9.33886e-01
 9.33886e-01
 9.33886e-01
 9.33886e-01
 9.33886e-01
 9.33886e-01
 9.39381e-01
 9.39381e-01
 9.39381e-01
 9.39381e-01
 9.39381e-01
 9.39381e-01
 9.40375e-01
 9.40375e-01
 9.40375e-01
 9.40375e-01
 9.40375e-01
 9.40375e-01
 9.39871e-01
 9.39871e-01
 9.39871e-01
 9.39871e-01
 9.39871e-01
 9.39871e-01
 9.37970e-01
 9.37970e-01
 9.37970e-01
 9.37970e-01
 9.37970e-01
 9.37970e-01
 9.34541e-01
 9.34541e-01
 9.34541e-01
 9.34541e-01
 9.34541e-01
 9.34541e-01
 9.32667e-01
 9.32667e-01
 9.32667e-01
 9.32667e-01
 9.32667e-01
 9.32667e-01
 9.32165e-01
 9.32165e-01
 9.32165e-01
 9.32165e-01
 9.32165e-01
 9.32165e-01
 9.31892e-01
 9.31892e-01
 9.31892e-01
 9.31892e-01
 9.31892e-01
 9.31892e-01
 9.31392e-01
 9.31392e-01
 9.31392e-01
 9.31392e-01
 9.31392e-01
 9.31392e-01
 9.30202e-01
 9.30202e-01
 9.30202e-01
 9.30202e-01
 9.30202e-01
 9.30202e-01
 9.28988e-01
 9.28988e-01
 9.28988e-01
 9.28988e-01
 9.28988e-01
 9.28988e-01
 9.28670e-01
 9.28670e-01
 9.28670e-01
 9.28670e-01
 9.28670e-01
 9.28670e-01
 9.28731e-01
 9.28731e-01
 9.28731e-01
 9.28731e-01
 9.28731e-01
 9.28731e-01
 9.28763e-01
 9.28763e-01
 9.28763e-01
 9.28763e-01
 9.28763e-01
 9.28763e-01
 9.28664e-01
 9.28664e-01
 9.28664e-01
 9.28664e-01
 9.28664e-01
 9.28664e-01
 9.28316e-01
 9.28316e-01
 9.28316e-01
 9.28316e-01
 9.28316e-01
 9.28316e-01
 9.28061e-01
 9.28061e-01
 9.28061e-01
 9.28061e-01
 9.28061e-01
 9.28061e-01
 9.28078e-01
 9.28078e-01
 9.28078e-01
 9.28078e-01
 9.28078e-01
 9.28078e-01
 9.28355e-01
 9.28355e-01
 9.28355e-01
 9.28355e-01
 9.28355e-01
 9.28355e-01
 9.28607e-01
 9.28607e-01
 9.28607e-01
 9.28607e-01
 9.28607e-01
 9.28607e-01
 9.28631e-01
 9.28631e-01
 9.28631e-01
 9.28631e-01
 9.28631e-01
 9.28631e-01
 9.28622e-01
 9.28622e-01
 9.28622e-01
 9.28622e-01
 9.28622e-01
 9.28622e-01
 9.28586e-01
 9.28586e-01
 9.28586e-01
 9.28586e-01
 9.28586e-01
 9.28586e-01
 9.28713e-01
 9.28713e-01
 9.28713e-01
 9.28713e-01
 9.28713e-01
 9.28713e-01
 9.29054e-01
 9.29054e-01
 9.29054e-01
 9.29054e-01
 9.29054e-01
 9.29054e-01
 9.29129e-01
 9.29129e-01
 9.29129e-01
 9.29129e-01
 9.29129e-01
 9.29129e-01
 9.28951e-01
 9.28951e-01
 9.28951e-01
 9.28951e-01
 9.28951e-01
 9.28951e-01
 9.27033e-01
 9.27033e-01
 9.27033e-01
 9.27033e-01
 9.27033e-01
 9.27033e-01
 9.29532e-01
 9.29532e-01
 9.29532e-01
 9.29532e-01
 9.29532e-01
 9.29532e-01
 9.29099e-01
 9.29099e-01
 9.29099e-01
 9.29099e-01
 9.29099e-01
 9.29099e-01
 9.30372e-01
 9.30372e-01
 9.30372e-01
 9.30372e-01
 9.30372e-01
 9.30372e-01
 9.33886e-01
 9.33886e-01
 9.33886e-01
 9.33886e-01
 9.33886e-01
 9.33886e-01
 9.39381e-01
 9.39381e-01
 9.39381e-01
 9.39381e-01
 9.39381e-01
 9.39381e-01
 9.40375e-01
 9.40375e-01
 9.40375e-01
 9.40375e-01
 9.40375e-01
 9.40375e-01
 9.39871e-01
 9.39871e-01
 9.39871e-01
 9.39871e-01
 9.39871e-01
 9.39871e-01
 9.37970e-01
 9.37970e-01
 9.37970e-01
 9.37970e-01
 9.37970e-01
 9.37970e-01
 9.34541e-01
 9.34541e-01
 9.34541e-01
 9.34541e-01
 9.34541e-01
 9.34541e-01
 9.32667e-01
 9.32667e-01
 9.32667e-01
 9.32667e-01
 9.32667e-01
 9.32667e-01
 9.32165e-01
 9.32165e-01
 9.32165e-01
 9.32165e-01
 9.32165e-01
 9.32165e-01
 9.31892e-01
 9.31892e-01
 9.31892e-01
 9.31892e-01
 9.31892e-01
 9.31892e-01
 9.31392e-01
 9.31392e-01
 9.31392e-01
 9.31392e-01
 9.31392e-01
 9.31392e-01
 9.30202e-01
 9.30202e-01
 9.30202e-01
 9.30202e-01
 9.30202e-01
 9.30202e-01
 9.28988e-01
 9.28988e-01
 9.28988e-01
 9.28988e-01
 9.28988e-01
 9.28988e-01
 9.28670e-01
 9.28670e-01
 9.28670e-01
 9.28670e-01
 9.28670e-01
 9.28670e-01
 9.28731e-01
 9.28731e-01
 9.28731e-01
 9.28731e-01
 9.28731e-01
 9.28731e-01
 9.28763e-01
 9.28763e-01
 9.28763e-01
 9.28763e-01
 9.28763e-01
 9.28763e-01
 9.28664e-01
 9.28664e-01
 9.28664e-01
 9.28664e-01
 9.28664e-01
 9.28664e-01
 9.28316e-01
 9.28316e-01
 9.28316e-01
 9.28316e-01
 9.28316e-01
 9.28316e-01
 9.28061e-01
 9.28061e-01
 9.28061e-01
 9.28061e-01
 9.28061e-01
 9.28061e-01
 9.28078e-01
 9.28078e-01
 9.28078e-01
 9.28078e-01
 9.28078e-01
 9.28078e-01
 9.28355e-01
 9.28355e-01
 9.28355e-01
 9.28355e-01
 9.28355e-01
 9.28355e-01
 9.28607e-01
 9.28607e-01
 9.28607e-01
 9.28607e-01
 9.28607e-01
 9.28607e-01
 9.28631e-01
 9.28631e-01
 9.28631e-01
 9.28631e-01
 9.28631e-01
 9.28631e-01
 9.28622e-01
 9.28622e-01
 9.28622e-01
 9.28622e-01
 9.28622e-01
 9.28622e-01
 9.28586e-01
 9.28586e-01
 9.28586e-01
 9.28586e-01
 9.28586e-01
 9.28586e-01
 9.28713e-01
 9.28713e-01
 9.28713e-01
 9.28713e-01
 9.28713e-01
 9.28713e-01
 9.29054e-01
 9.29054e-01
 9.29054e-01
 9.29054e-01
 9.29054e-01
 9.29054e-01
 9.29129e-01
 9.29129e-01
 9.29129e-01
 9.29129e-01
 9.29129e-01
 9.29129e-01
 9.28951e-01
 9.28951e-01
 9.28951e-01
 9.28951e-01
 9.28951e-01
 9.28951e-01
 0.00000e+00
 0.00000e+00
 0.00000e+00
 0.00000e+00
 0.00000e+00
 0.00000e+00
 0.00000e+00
 0.00000e+00
 0.00000e+00
 0.00000e+00
 0.00000e+00
 0.00000e+00
 0.00000e+00
 0.00000e+00
 0.00000e+00
 0.00000e+00
 0.00000e+00
 0.00000e+00
 0.00000e+00
 0.00000e+00
 0.00000e+00
 0.00000e+00
 0.00000e+00
 0.00000e+00
 0.00000e+00
 0.00000e+00
 0.00000e+00
 0.00000e+00
 0.00000e+00
 0.00000e+00
 0.00000e+00
 0.00000e+00
 0.00000e+00
 0.00000e+00
 0.00000e+00
 0.00000e+00
 0.00000e+00
 0.00000e+00
 0.00000e+00
 0.00000e+00
 0.00000e+00
 0.00000e+00
 0.00000e+00
 0.00000e+00
 0.00000e+00
 0.00000e+00
 0.00000e+00
 0.00000e+00
 0.00000e+00
 0.00000e+00
 0.00000e+00
 0.00000e+00
 0.00000e+00
 0.00000e+00
 0.00000e+00
 0.00000e+00
 0.00000e+00
 0.00000e+00
 0.00000e+00
 0.00000e+00
 0.00000e+00
 0.00000e+00
 0.00000e+00
 0.00000e+00
 0.00000e+00
 0.00000e+00
 0.00000e+00
 0.00000e+00
 0.00000e+00
 0.00000e+00
 0.00000e+00
 0.00000e+00
 0.00000e+00
 0.00000e+00
 0.00000e+00
 0.00000e+00
 0.00000e+00
 0.00000e+00
 0.00000e+00
 0.00000e+00
 0.00000e+00
 0.00000e+00
 0.00000e+00
 0.00000e+00
 0.00000e+00
 0.00000e+00
 0.00000e+00
 0.00000e+00
 0.00000e+00
 0.00000e+00
 0.00000e+00
 0.00000e+00
 0.00000e+00
 0.00000e+00
 0.00000e+00
 0.00000e+00
 0.00000e+00
 0.00000e+00
 0.00000e+00
 0.00000e+00
 0.00000e+00
 0.00000e+00
 0.00000e+00
 0.00000e+00
 0.00000e+00
 0.00000e+00
 0.00000e+00
 0.00000e+00
 0.00000e+00
 0.00000e+00
 0.00000e+00
 0.00000e+00
 0.00000e+00
 0.00000e+00
 0.00000e+00
 0.00000e+00
 0.00000e+00
 0.00000e+00
 0.00000e+00
 0.00000e+00
 0.00000e+00
 0.00000e+00
 0.00000e+00
 0.00000e+00
 0.00000e+00
 0.00000e+00
 0.00000e+00
 0.00000e+00
 0.00000e+00
 0.00000e+00
 0.00000e+00
 0.00000e+00
 0.00000e+00
 0.00000e+00
 0.00000e+00
 0.00000e+00
 0.00000e+00
 0.00000e+00
 0.00000e+00
 0.00000e+00
 0.00000e+00
 0.00000e+00
 0.00000e+00
 0.00000e+00
 0.00000e+00
 0.00000e+00
 0.00000e+00
 0.00000e+00
 0.00000e+00
 0.00000e+00
 0.00000e+00
 0.00000e+00
 0.00000e+00
 0.00000e+00
 0.00000e+00
 0.00000e+00
 0.00000e+00
 0.00000e+00
 0.00000e+00
 0.00000e+00
 0.00000e+00
 0.00000e+00
 0.00000e+00
 0.00000e+00
 0.00000e+00
 0.00000e+00
 0.00000e+00
 0.00000e+00
 0.00000e+00
 0.00000e+00
 0.00000e+00
 0.00000e+00
 0.00000e+00
 0.00000e+00
 0.00000e+00
 0.00000e+00
 0.00000e+00
 0.00000e+00
 0.00000e+00
 0.00000e+00
 0.00000e+00
 0.00000e+00
 0.00000e+00
 0.00000e+00
 0.00000e+00
 0.00000e+00
 0.00000e+00
 0.00000e+00
 0.00000e+00
 0.00000e+00
 0.00000e+00
 0.00000e+00
-6.99614e-15
-4.46006e-15
 2.63211e-14
 2.11418e-14
-4.42119e-15
-8.69831e-15
-5.04087e-15
-1.27278e-14
 2.22582e-14
 1.06533e-14
-1.68208e-14
 8.10327e-15
-8.02255e-15
-9.27274e-16
-1.04072e-14
-1.11645e-14
-3.16105e-16
-1.77075e-15
-2.16632e-14
 3.60543e-14
-6.24779e-14
-3.91455e-14
 4.86371e-14
-5.04120e-14
-3.16460e-14
 3.65718e-14
-5.63937e-14
-3.88362e-14
 4.93047e-14
-5.48957e-14
-2.64528e-14
 2.24831e-14
-1.48054e-14
-2.42442e-14
 2.14035e-14
-3.05945e-14
-2.54405e-15
-1.18849e-14
 5.08600e-14
 1.74394e-14
-3.34070e-14
 4.59839e-14
 3.26867e-14
-3.46542e-14
 4.97999e-14
 2.16600e-14
-4.01427e-14
 6.00137e-14
 3.41975e-14
-3.47022e-14
 3.78604e-14
 1.42970e-14
-3.92713e-14
 5.93984e-14
 2.56455e-14
-2.59727e-14
 1.06461e-14
-2.02311e-15
-2.89017e-14
 4.31179e-14
-4.13235e-15
 3.89767e-15
-8.22740e-15
-1.00384e-14
 4.07089e-15
-4.29434e-15
-6.45857e-15
 1.81897e-14
-8.78648e-15
-8.92838e-15
 1.47463e-14
-1.24180e-14
 4.18642e-15
 1.67314e-14
-2.68523e-15
-1.17799e-16
 1.41724e-14
-8.14583e-15
 4.08114e-15
 2.46320e-15
 4.93874e-15
 2.06042e-15
 3.70749e-15
-3.57025e-16
-1.52261e-15
-9.66036e-15
 4.64096e-15
 6.39325e-16
-1.37156e-14
-1.21965e-15
-4.85195e-15
-1.15394e-14
 2.24359e-15
-2.30783e-15
-1.46997e-14
-4.53120e-15
-9.56074e-15
-1.07740e-14
 1.99005e-15
-5.29484e-15
-1.38704e-14
-2.25786e-15
-1.14639e-14
-1.05897e-14
 8.01691e-16
-5.64676e-15
-1.09393e-14
 5.98747e-16
-9.44212e-15
-8.78467e-15
-1.53967e-15
-4.27932e-15
-2.93893e-15
 3.38658e-17
-5.79081e-15
-6.66192e-15
-5.65472e-15
-5.11173e-16
 3.10705e-15
-1.77536e-15
-5.72935e-15
-3.82333e-15
-5.85836e-15
 1.28086e-16
 6.52846e-15
-4.73399e-15
-3.70629e-15
 3.02595e-15
-4.13496e-15
-3.74513e-15
 4.60147e-15
-9.07228e-15
 5.58238e-15
 1.66151e-14
-2.27769e-15
-5.59336e-15
 4.87720e-15
-7.39820e-15
 6.89324e-15
 1.65657e-14
 2.09947e-15
-2.26246e-15
 7.58065e-15
-4.39496e-15
 5.30891e-15
 5.82827e-15
 3.73438e-15
 6.01529e-15
 1.17386e-14
 4.48572e-15
 5.14770e-15
 5.38966e-16
 3.95786e-15
 6.23241e-15
 1.19159e-14
 1.39655e-14
 7.79202e-15
 2.37028e-15
 2.67130e-15
 4.61922e-15
 1.16243e-14
 1.26535e-14
 5.51693e-15
 5.49978e-16
-2.43092e-15
 1.42855e-15
 9.28322e-15
 7.63225e-15
 5.13936e-15
 1.58824e-15
-3.14593e-15
-2.55861e-15
 4.80394e-15
 2.42945e-15
 4.46437e-15
 8.55083e-15
 8.71013e-17
-4.70085e-15
 5.29339e-16
-5.56278e-15
-3.98198e-15
 6.64708e-15
 2.52837e-15
-3.59234e-15
-7.24692e-15
-2.43696e-14
-7.05930e-15
-3.22464e-15
-9.48274e-16
-4.38618e-15
-1.08608e-14
-2.50987e-14
-1.87478e-14
 9.84370e-15
-8.32281e-15
-1.96615e-14
 5.47512e-15
-7.89998e-15
-1.35558e-14
 2.50573e-14
-1.29310e-14
-7.12605e-15
 2.91456e-14
-2.95320e-14
 7.43578e-15
 8.70898e-16
 3.69554e-17
 1.04006e-14
 8.31098e-15
-1.90547e-15
 5.35664e-14
-7.69274e-14
 3.05907e-14
 1.01073e-14
-6.97982e-14
 9.43667e-14
 5.73058e-14
-7.96346e-14
 2.70519e-14
 4.75608e-15
-7.64898e-14
 9.80112e-14
 3.85752e-14
-4.76612e-14
 2.50534e-15
-6.85714e-15
-4.59623e-14
 4.95787e-14
-2.90866e-14
 3.79338e-14
-3.87027e-14
-1.83676e-14
 4.28041e-14
-7.14436e-14
-6.61579e-14
 6.53447e-14
-3.79537e-14
-2.37270e-14
 7.00270e-14
-8.37663e-14
-6.31063e-14
 6.48692e-14
-3.17495e-14
-2.03265e-14
 7.19926e-14
-7.65807e-14
-3.94917e-14
 4.82267e-14
-1.95980e-14
-7.30913e-15
 5.56721e-14
-4.84390e-14
 2.19901e-14
 1.49997e-16
 4.12742e-15
 5.98362e-16
-7.98767e-15
 1.18608e-14
 2.68326e-14
-1.74983e-14
 6.76034e-15
-1.70886e-15
-2.21927e-14
 2.28070e-14
 1.15152e-14
-1.67743e-14
 5.01139e-15
-7.18059e-15
-1.95443e-14
 2.01124e-14
-1.01170e-14
-3.65700e-15
 1.49648e-15
-6.00009e-15
-2.30213e-15
-4.74580e-15
-9.13099e-15
 1.89189e-14
-1.66718e-15
-2.00676e-15
 1.40840e-14
-1.74095e-14
-3.67187e-15
 2.06297e-14
-3.12952e-15
-2.96890e-15
 1.31868e-14
-1.43670e-14
 6.29983e-15
 1.86147e-14
-3.73113e-15
-6.77737e-15
 1.18968e-14
-3.50671e-15
 6.18870e-15
 1.33525e-14
-3.16556e-15
-5.65837e-15
 9.10828e-15
-4.89410e-18
 1.45726e-15
 6.05898e-15
 3.27147e-15
-2.58017e-15
-3.63400e-15
-2.38518e-16
 9.21693e-16
-2.75881e-15
 7.95200e-15
 7.37124e-16
-1.27149e-14
-6.39855e-15
 8.72443e-15
 1.22162e-15
 8.79759e-15
 5.90223e-15
-1.06840e-14
-5.80729e-15
 1.21686e-14
 1.33940e-15
 7.87263e-15
 5.72374e-15
-3.08736e-15
 1.55513e-15
 1.04636e-14
-2.16374e-15
 7.07640e-15
 6.81897e-15
 1.23186e-15
 5.30194e-15
 1.27286e-14
 2.48358e-15
 1.02556e-14
 6.73600e-15
 5.77216e-15
 9.63454e-15
 1.56761e-14
 1.22364e-14
 1.41874e-14
 5.88806e-15
 1.06630e-14
 9.66709e-15
 8.93238e-15
 7.29782e-15
 1.03194e-14
 4.38360e-15
 8.13535e-15
 1.25104e-15
-1.84742e-15
 8.05024e-19
 3.88245e-15
 6.05146e-15
 7.83930e-15
-1.52105e-15
-2.50325e-15
 1.58123e-16
-1.63483e-15
 4.35231e-15
 9.60285e-15
-1.76964e-15
-2.06132e-15
-1.00101e-15
-3.48360e-15
 2.02739e-15
 9.85595e-15
 5.27741e-16
-4.91464e-16
-9.80464e-15
-8.87466e-15
-9.50244e-16
 4.45575e-15
 4.25609e-15
 3.69807e-15
-8.22565e-15
-6.91787e-15
-4.28725e-15
 3.80451e-16
 1.02314e-14
 1.09582e-14
 7.09482e-15
 1.15515e-14
 1.35762e-15
-2.19500e-16
 8.71720e-15
 3.80212e-14
 2.38238e-15
-4.52407e-15
 6.78704e-16
 4.66345e-15
 2.75135e-14
 2.49040e-14
-2.92958e-14
-1.05879e-15
-3.42592e-15
-2.08505e-14
 2.95921e-14
-2.17711e-14
-1.51466e-14
-6.98772e-15
 4.91648e-16
-2.76708e-15
-1.90733e-14
-7.90494e-14
 5.40868e-14
-2.14046e-14
 1.35564e-14
 6.76565e-14
-1.28997e-13
-7.16068e-14
 6.46155e-14
-1.71229e-14
 1.30626e-14
 7.33387e-14
-1.23455e-13
-3.34018e-14
 4.33047e-14
-4.62746e-15
 2.90373e-15
 4.73811e-14
-5.29938e-14
 5.87997e-14
-3.18868e-14
 9.61819e-15
 1.86222e-15
-2.70335e-14
 9.77140e-14
 8.83109e-14
-5.70590e-14
 2.27971e-14
 1.09135e-14
-4.83724e-14
 1.08068e-13
 8.40755e-14
-5.58703e-14
 2.31529e-14
 2.60820e-14
-4.74692e-14
 9.65983e-14
 5.50580e-14
-4.19976e-14
 1.74464e-14
 2.21918e-14
-3.26950e-14
 5.79144e-14
-1.53173e-14
 2.52083e-15
-2.98993e-15
 6.38664e-15
 1.54493e-14
-1.76892e-14
-1.90343e-14
 2.14043e-14
-7.22124e-15
 2.80046e-15
 2.67966e-14
-2.67428e-14
-6.79478e-15
 2.03648e-14
-4.81836e-15
 1.77764e-15
 2.22436e-14
-2.49109e-14
 2.01518e-14
 1.05872e-14
 8.45328e-16
 3.18061e-15
 2.07339e-15
-5.55572e-15
 1.91021e-14
-1.35992e-14
 8.33903e-16
 2.93040e-15
-6.17900e-15
 1.09039e-14
 8.72795e-15
-1.42185e-14
 1.94590e-15
 3.40106e-15
-5.38035e-15
 1.10629e-14
 9.27187e-15
-1.00025e-14
 1.92255e-15
 4.91934e-15
-2.69292e-15
 8.56802e-15
 1.04600e-14
-5.07001e-15
-2.09414e-15
 3.08269e-15
 1.41482e-15
 6.81934e-15
 8.63299e-15
 2.23966e-15
-1.92738e-15
-2.57603e-15
 5.55016e-15
 1.14069e-14
 2.55090e-15
 9.94749e-15
 2.17289e-15
-2.75339e-15
 8.22343e-15
 1.22009e-14
-6.58642e-15
 7.51674e-15
 3.80952e-15
-1.09003e-15
 7.89026e-15
 6.37904e-15
-5.25255e-15
 7.18517e-15
 2.29030e-15
-4.79326e-16
 5.91234e-15
-1.20244e-14
-6.42632e-16
 8.33052e-15
 1.96859e-15
 9.80513e-16
 4.86477e-15
-1.69012e-14
-2.30342e-16
 1.08622e-14
 2.87078e-15
 2.38377e-15
 1.13009e-14
-9.64933e-15
-2.67645e-15
 9.80022e-15
 6.59660e-15
 6.95189e-15
 1.69033e-14
 7.63989e-15
-3.20334e-15
 2.28335e-15
 4.64106e-15
 5.67625e-15
 1.49016e-14
 7.83556e-15
 2.38399e-15
-1.90938e-15
-2.78179e-16
 3.16692e-15
 8.37056e-15
 8.23816e-15
 4.55370e-15
-3.41949e-15
-1.37192e-15
 2.26660e-15
 4.68592e-15
 6.20759e-15
 2.63760e-15
-3.11009e-15
-6.50102e-16
 3.48419e-15
 5.58433e-15
 8.70718e-16
 9.05394e-16
 1.42889e-15
 2.85363e-15
 6.62507e-15
 1.20863e-14
 4.35059e-15
 4.10313e-15
 6.54057e-15
 2.50869e-15
 5.05589e-15
 1.41328e-14
 8.16760e-15
 2.94446e-15
 6.98177e-15
-3.74693e-15
-7.76020e-16
 1.20707e-14
 5.62730e-15
-2.05838e-14
-1.35976e-14
-1.61355e-14
 1.08827e-17
 4.32105e-15
-2.55614e-14
-1.21768e-14
 9.92018e-15
-1.19566e-14
 2.12046e-17
 1.74868e-14
-2.18659e-14
 1.86590e-14
 1.19156e-14
 1.56132e-14
 2.09477e-15
 7.12926e-15
 2.35669e-14
 3.42361e-14
-1.19513e-14
 6.53728e-14
 1.86884e-14
-3.26165e-14
 7.69604e-14
 2.82151e-14
-2.46428e-14
 6.24211e-14
 3.00678e-14
-3.54738e-14
 6.80418e-14
 3.48984e-15
-2.33653e-14
 2.81796e-14
 2.68724e-14
-1.79206e-14
 1.33142e-14
-5.01672e-14
-7.48618e-15
-2.86747e-14
 5.88928e-15
 2.74264e-14
-6.64609e-14
-5.98651e-14
 2.23667e-14
-3.35672e-14
-1.13338e-14
 3.71329e-14
-6.65193e-14
-5.70214e-14
 2.30166e-14
-2.99602e-14
-1.50073e-14
 3.47115e-14
-5.71327e-14
-3.90586e-14
 2.09975e-14
-5.48794e-15
-1.08658e-14
 2.16895e-14
-3.58391e-14
 4.55042e-15
 3.67235e-15
 1.48463e-14
 7.18100e-15
-2.47889e-15
 9.95240e-15
 5.54164e-15
-1.04516e-14
 1.84488e-14
 1.41737e-14
-8.46813e-15
 1.49988e-14
-6.24906e-15
-1.05180e-14
 1.52318e-14
 1.21259e-14
-6.53507e-15
 1.06259e-14
-1.15190e-14
-5.91314e-15
 4.08920e-15
 3.63557e-15
 2.29993e-15
-6.81618e-15
-6.90322e-15
 8.14947e-15
 3.37710e-15
 2.61827e-16
 6.71124e-15
-1.25247e-14
-2.20307e-15
 9.09829e-15
 2.63258e-15
 3.36527e-16
 6.73961e-15
-1.07396e-14
-4.11868e-15
 7.34382e-15
 4.24859e-15
 1.25815e-15
 4.19908e-15
-1.04003e-14
-1.08724e-14
 2.04493e-15
 8.14779e-15
 7.03482e-15
-3.70795e-15
-1.68316e-14
-9.91265e-15
-1.05118e-15
 6.27305e-15
 1.10042e-14
-3.71177e-15
-2.30756e-14
-2.50467e-15
-8.33265e-16
-3.17884e-15
 7.84780e-15
-2.37733e-15
-1.94938e-14
 1.28589e-14
 1.99848e-15
-2.87827e-15
-8.59690e-18
-2.66102e-15
-1.20539e-14
 1.14871e-14
 8.30258e-16
 2.47823e-15
-1.58505e-16
-1.48497e-15
 3.69701e-15
 1.13731e-14
-5.51721e-16
 3.14606e-15
 5.40223e-16
 1.43239e-15
 7.07669e-15
 1.34511e-14
-2.52761e-15
 1.17497e-16
 3.86073e-15
 4.78686e-15
 5.01029e-15
 1.07258e-14
-6.72786e-15
-7.42139e-15
 3.92308e-15
 2.29231e-15
-5.09899e-15
-5.68653e-15
-9.43991e-15
-8.60072e-15
 7.60887e-16
-5.98523e-16
-1.52526e-14
-1.08022e-14
-7.85560e-15
-5.77876e-15
 1.85700e-15
 1.40216e-15
-1.55656e-14
-8.36650e-15
-2.48122e-15
 1.26023e-15
 5.33448e-15
 6.87727e-15
-1.06379e-14
-6.49784e-15
-4.17199e-16
 7.07588e-15
 8.13435e-15
 7.73767e-15
-1.73189e-15
-4.49092e-15
 3.77822e-15
 1.08442e-14
 6.96193e-15
 5.32928e-15
-3.37173e-15
-1.22511e-15
 4.10548e-15
 1.14439e-14
 6.50287e-15
-2.62307e-15
-1.15475e-14
 8.51207e-16
-2.01238e-15
 8.52581e-15
 5.95634e-15
-3.56205e-15
-8.98542e-15
 0.00000e+00
 0.00000e+00
 0.00000e+00
 0.00000e+00
 0.00000e+00
 0.00000e+00
 0.00000e+00
 0.00000e+00
 0.00000e+00
 0.00000e+00
 0.00000e+00
 0.00000e+00
 0.00000e+00
 0.00000e+00
 0.00000e+00
 0.00000e+00
 0.00000e+00
 0.00000e+00
 0.00000e+00
 0.00000e+00
 0.00000e+00
 0.00000e+00
 0.00000e+00
 0.00000e+00
 0.00000e+00
 0.00000e+00
 0.00000e+00
 0.00000e+00
 0.00000e+00
 0.00000e+00
 0.00000e+00
 0.00000e+00
 0.00000e+00
 0.00000e+00
 0.00000e+00
 0.00000e+00
 0.00000e+00
 0.00000e+00
 0.00000e+00
 0.00000e+00
 0.00000e+00
 0.00000e+00
 0.00000e+00
 0.00000e+00
 0.00000e+00
 0.00000e+00
 0.00000e+00
 0.00000e+00
 0.00000e+00
 0.00000e+00
 0.00000e+00
 0.00000e+00
 0.00000e+00
 0.00000e+00
 0.00000e+00
 0.00000e+00
 0.00000e+00
 0.00000e+00
 0.00000e+00
 0.00000e+00
 0.00000e+00
 0.00000e+00
 0.00000e+00
 0.00000e+00
 0.00000e+00
 0.00000e+00
 0.00000e+00
 0.00000e+00
 0.00000e+00
 0.00000e+00
 0.00000e+00
 0.00000e+00
 0.00000e+00
 0.00000e+00
 0.00000e+00
 0.00000e+00
 0.00000e+00
 0.00000e+00
 0.00000e+00
 0.00000e+00
 0.00000e+00
 0.00000e+00
 0.00000e+00
 0.00000e+00
 0.00000e+00
 0.00000e+00
 0.00000e+00
 0.00000e+00
 0.00000e+00
 0.00000e+00
 0.00000e+00
 0.00000e+00
 0.00000e+00
 0.00000e+00
 0.00000e+00
 0.00000e+00
 0.00000e+00
 0.00000e+00
 0.00000e+00
 0.00000e+00
 0.00000e+00
 0.00000e+00
 0.00000e+00
 0.00000e+00
 0.00000e+00
 0.00000e+00
 0.00000e+00
 0.00000e+00
 0.00000e+00
 0.00000e+00
 0.00000e+00
 0.00000e+00
 0.00000e+00
 0.00000e+00
 0.00000e+00
 0.00000e+00
 0.00000e+00
 0.00000e+00
 0.00000e+00
 0.00000e+00
 0.00000e+00
 0.00000e+00
 0.00000e+00
 0.00000e+00
 0.00000e+00
 0.00000e+00
 0.00000e+00
 0.00000e+00
 0.00000e+00
 0.00000e+00
 0.00000e+00
 0.00000e+00
 0.00000e+00
 0.00000e+00
 0.00000e+00
 0.00000e+00
 0.00000e+00
 0.00000e+00
 0.00000e+00
 0.00000e+00
 0.00000e+00
 0.00000e+00
 0.00000e+00
 0.00000e+00
 0.00000e+00
 0.00000e+00
 0.00000e+00
 0.00000e+00
 0.00000e+00
 0.00000e+00
 0.00000e+00
 0.00000e+00
 0.00000e+00
 0.00000e+00
 0.00000e+00
 0.00000e+00
 0.00000e+00
 0.00000e+00
 0.00000e+00
 0.00000e+00
 0.00000e+00
 0.00000e+00
 0.00000e+00
 0.00000e+00
 0.00000e+00
 0.00000e+00
 0.00000e+00
 0.00000e+00
 0.00000e+00
 0.00000e+00
 0.00000e+00
 0.00000e+00
 0.00000e+00
 0.00000e+00
 0.00000e+00
 0.00000e+00
 0.00000e+00
 0.00000e+00
 0.00000e+00
 0.00000e+00
 0.00000e+00
 0.00000e+00
 0.00000e+00
 0.00000e+00
 0.00000e+00
 0.00000e+00
 0.00000e+00
 0.00000e+00
 0.00000e+00
 0.00000e+00
 0.00000e+00
 0.00000e+00
part
         4
coordinates
 0.00000e+00
 5.52024e-15
-6.22929e-16
 1.59342e-16
-6.71346e-15
 0.00000e+00
 0.00000e+00
 4.83604e-15
-6.44641e-15
-1.75419e-15
-5.85254e-15
 0.00000e+00
 0.00000e+00
 5.18324e-15
-5.05036e-15
-6.78824e-15
-3.77772e-15
 0.00000e+00
 0.00000e+00
 5.62024e-15
-3.33267e-16
-9.62179e-15
 1.52450e-16
 0.00000e+00
 0.00000e+00
 4.65324e-15
 1.01969e-15
-9.27149e-15
 8.26147e-16
 0.00000e+00
 0.00000e+00
-1.93728e-16
 6.30926e-15
-1.00915e-15
 1.48578e-15
 0.00000e+00
 0.00000e+00
-7.90086e-15
 5.82753e-15
 3.00743e-15
 1.44160e-15
 0.00000e+00
 0.00000e+00
-3.40556e-15
 6.28782e-15
-8.15558e-15
 1.12905e-14
 0.00000e+00
 0.00000e+00
-8.79039e-15
 1.07616e-14
-9.06932e-15
 1.35031e-14
 0.00000e+00
 0.00000e+00
-9.14431e-15
 1.50427e-14
 2.77795e-15
-1.38757e-16
 0.00000e+00
 0.00000e+00
 1.31476e-15
 8.17216e-15
 4.77536e-15
-2.19108e-15
 0.00000e+00
 0.00000e+00
 9.91710e-16
-2.73968e-15
 6.55472e-15
 7.17363e-15
 0.00000e+00
 0.00000e+00
-6.85970e-15
 3.44153e-15
 5.29970e-15
 5.20219e-15
 0.00000e+00
 0.00000e+00
-3.79909e-15
 2.11468e-14
 7.41576e-15
 1.84741e-15
 0.00000e+00
 0.00000e+00
 1.45165e-15
 1.54031e-14
 1.55552e-15
 1.05877e-14
 0.00000e+00
 0.00000e+00
-2.34874e-15
 1.54207e-14
 9.01506e-16
 1.02741e-14
 0.00000e+00
 0.00000e+00
-6.75962e-15
 6.74435e-15
 1.06966e-14
-2.10899e-16
 0.00000e+00
 0.00000e+00
-6.47996e-15
 2.75485e-15
 1.14644e-14
 6.37701e-16
 0.00000e+00
 0.00000e+00
-1.30639e-14
 1.08949e-14
 2.83734e-15
 2.76261e-15
 0.00000e+00
 0.00000e+00
-4.96077e-15
 3.57616e-15
-5.14704e-16
 2.46855e-15
 0.00000e+00
 0.00000e+00
-2.42329e-15
 1.79474e-15
-1.86922e-15
 5.83053e-15
 0.00000e+00
 0.00000e+00
 1.02816e-14
 1.98108e-14
 2.28475e-14
 1.22424e-14
 0.00000e+00
 0.00000e+00
-3.33349e-14
-3.46643e-14
-3.49924e-14
-3.50430e-14
 0.00000e+00
 0.00000e+00
 4.29324e-14
 3.24311e-14
 5.18614e-14
 3.52503e-14
 0.00000e+00
 0.00000e+00
 3.79340e-15
-3.77315e-15
 1.11741e-14
 5.36511e-15
 0.00000e+00
 0.00000e+00
-4.06549e-14
-4.21140e-14
-4.46221e-14
-3.62501e-14
 0.00000e+00
 0.00000e+00
 1.32639e-16
-5.23363e-15
 9.13742e-15
-7.17642e-16
 0.00000e+00
 0.00000e+00
 3.43094e-14
 4.84473e-14
 5.12034e-14
 4.54277e-14
 0.00000e+00
 0.00000e+00
-5.66343e-14
-4.27269e-14
-3.61808e-14
-4.59840e-14
 0.00000e+00
 0.00000e+00
 1.73265e-15
 5.35586e-15
-1.84695e-16
-4.67507e-15
 0.00000e+00
 0.00000e+00
 1.41808e-15
 2.08892e-15
-1.86542e-15
 7.96669e-17
 0.00000e+00
 0.00000e+00
 1.66244e-15
 1.02259e-15
-6.04224e-15
 4.74277e-16
 0.00000e+00
 0.00000e+00
 2.36658e-15
-1.69795e-15
-6.71861e-15
 4.07109e-16
 0.00000e+00
 0.00000e+00
 7.87126e-15
-1.07601e-14
-3.76899e-15
-2.59366e-15
 0.00000e+00
 0.00000e+00
 6.69103e-15
-8.79938e-15
 6.50215e-15
-8.86016e-15
 0.00000e+00
 0.00000e+00
-4.26300e-15
 1.99182e-15
 5.23899e-15
-7.98668e-15
 0.00000e+00
 0.00000e+00
-4.55590e-15
 3.51076e-15
-3.19941e-15
 3.19187e-15
 0.00000e+00
 0.00000e+00
-7.90613e-15
 6.07031e-15
 3.02645e-15
 3.09757e-15
 0.00000e+00
 0.00000e+00
-4.09616e-15
 6.71878e-15
 1.04052e-14
-7.30642e-15
 0.00000e+00
 0.00000e+00
 4.89748e-15
 2.98460e-15
 5.16079e-15
-1.58299e-15
 0.00000e+00
 0.00000e+00
 1.23925e-15
-2.48401e-15
 7.60980e-15
 4.10642e-15
 0.00000e+00
 0.00000e+00
-5.07147e-15
 3.66079e-15
 1.20884e-14
-4.63480e-15
 0.00000e+00
 0.00000e+00
-3.00133e-15
 1.23423e-14
 1.68756e-14
-8.05719e-15
 0.00000e+00
 0.00000e+00
-9.25384e-16
 9.87553e-15
 1.30982e-14
-2.94378e-15
 0.00000e+00
 0.00000e+00
-6.79823e-15
 1.34738e-14
 9.79892e-15
 1.85128e-15
 0.00000e+00
 0.00000e+00
-6.97194e-15
 1.17073e-14
 3.94762e-15
-1.02994e-15
 0.00000e+00
 0.00000e+00
-3.63920e-15
 3.84560e-15
 1.27527e-14
-4.15538e-15
 0.00000e+00
 0.00000e+00
-6.90822e-15
 5.98175e-15
 8.65826e-15
-2.37354e-15
 0.00000e+00
 0.00000e+00
-6.45891e-15
 7.77495e-15
-2.36496e-16
-1.72692e-16
 0.00000e+00
 0.00000e+00
-3.45089e-15
 1.29367e-15
 9.96082e-15
-5.67087e-15
 0.00000e+00
 0.00000e+00
 1.26749e-14
 2.11676e-14
 1.89434e-14
 1.71681e-14
 0.00000e+00
 0.00000e+00
-3.63900e-14
-3.66092e-14
-3.33503e-14
-4.18502e-14
 0.00000e+00
 0.00000e+00
 3.46899e-14
 4.74219e-14
 4.38790e-14
 3.60568e-14
 0.00000e+00
 0.00000e+00
-1.71058e-15
 1.21904e-15
 8.85768e-15
 2.14322e-15
 0.00000e+00
 0.00000e+00
-4.04560e-14
-4.55458e-14
-3.62903e-14
-4.15315e-14
 0.00000e+00
 0.00000e+00
-1.28398e-15
-1.03675e-15
 6.39149e-15
-3.36939e-15
 0.00000e+00
 0.00000e+00
 4.27596e-14
 4.25160e-14
 5.63163e-14
 3.89650e-14
 0.00000e+00
 0.00000e+00
-5.06938e-14
-4.24618e-14
-4.02922e-14
-4.77469e-14
 0.00000e+00
 0.00000e+00
 2.01359e-15
 1.12177e-14
-5.86452e-16
-4.65430e-15
 0.00000e+00
 0.00000e+00
 2.12215e-15
 9.66130e-15
-3.31570e-16
-1.99373e-15
 0.00000e+00
 0.00000e+00
 3.05336e-15
 3.95567e-15
 1.12679e-15
 3.56968e-15
 0.00000e+00
 0.00000e+00
 1.35179e-15
-5.38547e-15
 5.46036e-17
 5.89934e-15
 0.00000e+00
 0.00000e+00
 1.81319e-15
-1.41904e-14
 2.74137e-16
 3.48633e-15
 0.00000e+00
 0.00000e+00
 1.34967e-15
-1.10718e-14
 1.87092e-15
-6.53660e-15
 0.00000e+00
 0.00000e+00
-4.64039e-15
 4.24817e-15
-7.74432e-15
-6.95524e-15
 0.00000e+00
 0.00000e+00
-7.19623e-15
 1.15913e-14
-1.19436e-14
-3.24995e-15
 0.00000e+00
 0.00000e+00
-8.86277e-15
 1.14087e-14
 2.40804e-15
-7.93035e-15
 0.00000e+00
 0.00000e+00
-2.43332e-16
 4.82762e-15
 5.08374e-15
-5.07974e-15
 0.00000e+00
 0.00000e+00
 7.47893e-16
 4.93553e-15
-1.94373e-15
 5.11888e-15
 0.00000e+00
 0.00000e+00
-4.16955e-15
 9.50935e-15
 2.52481e-15
-4.06417e-16
 0.00000e+00
 0.00000e+00
-1.20797e-15
 1.11236e-14
 4.61975e-15
-1.35573e-14
 0.00000e+00
 0.00000e+00
-4.03716e-15
 1.17175e-14
 5.75199e-15
-8.11626e-15
 0.00000e+00
 0.00000e+00
-5.48761e-15
 6.08032e-15
 9.62459e-15
-7.63696e-15
 0.00000e+00
 0.00000e+00
-6.92916e-15
 7.05565e-15
 9.26258e-15
-1.73948e-15
 0.00000e+00
 0.00000e+00
-6.60180e-15
 8.60838e-15
-1.78096e-15
-3.26535e-16
 0.00000e+00
 0.00000e+00
-6.74075e-15
 1.36040e-14
 1.25776e-15
 1.71389e-15
 0.00000e+00
 0.00000e+00
-6.00576e-15
 7.43631e-15
 5.58709e-15
-5.24321e-15
 0.00000e+00
 0.00000e+00
-4.51166e-15
 7.24500e-15
-1.86389e-15
-1.51898e-15
 0.00000e+00
 0.00000e+00
-5.33529e-15
 1.09002e-14
 7.79113e-16
-5.22460e-15
 0.00000e+00
 0.00000e+00
 1.83556e-14
 1.44257e-14
 2.54023e-14
 1.27398e-14
 0.00000e+00
 0.00000e+00
-4.37408e-14
-3.52557e-14
-3.46830e-14
-4.42649e-14
 0.00000e+00
 0.00000e+00
 3.35132e-14
 5.37309e-14
 3.72311e-14
 3.99854e-14
 0.00000e+00
 0.00000e+00
-6.92236e-15
 7.49486e-15
 6.99659e-16
 3.70377e-16
 0.00000e+00
 0.00000e+00
-4.13026e-14
-4.50553e-14
-3.60850e-14
-4.16926e-14
 0.00000e+00
 0.00000e+00
-9.51458e-16
 1.75270e-15
 1.71706e-15
-4.85734e-15
 0.00000e+00
 0.00000e+00
 4.03946e-14
 5.54860e-14
 4.39206e-14
 4.03890e-14
 0.00000e+00
 0.00000e+00
-4.62597e-14
-4.14929e-14
-4.23168e-14
-5.36558e-14
 0.00000e+00
 0.00000e+00
 8.36961e-15
 5.72853e-15
 3.79167e-15
-1.46208e-15
 0.00000e+00
 0.00000e+00
 1.53674e-15
 1.08190e-14
 1.60991e-15
-6.92550e-16
 0.00000e+00
 0.00000e+00
 1.03405e-15
 9.16836e-15
 2.54264e-15
 1.43150e-15
 0.00000e+00
 0.00000e+00
 1.08621e-15
 2.33189e-15
 1.12652e-15
 3.84408e-15
 0.00000e+00
 0.00000e+00
-4.54578e-15
-1.77438e-15
-3.56191e-16
 9.95333e-15
 0.00000e+00
 0.00000e+00
-6.79909e-15
-2.31660e-15
 1.02586e-15
 1.07890e-14
 0.00000e+00
 0.00000e+00
-4.48356e-15
-2.61476e-15
-5.34871e-15
 6.60105e-15
 0.00000e+00
 0.00000e+00
 1.34812e-15
 6.46461e-15
-1.54321e-14
-1.22494e-15
 0.00000e+00
 0.00000e+00
 1.69596e-15
 8.32127e-15
-8.94633e-15
-4.87755e-15
 0.00000e+00
 0.00000e+00
 4.81309e-15
-4.02649e-16
-4.84529e-15
 2.31074e-15
 0.00000e+00
 0.00000e+00
 9.46519e-16
 2.38946e-15
-2.42589e-15
 6.34131e-15
 0.00000e+00
 0.00000e+00
 1.20922e-15
 4.98260e-15
 1.57204e-15
-2.74828e-15
 0.00000e+00
 0.00000e+00
 1.03091e-14
 1.93169e-15
-1.40617e-15
-4.50151e-15
 0.00000e+00
 0.00000e+00
 4.55647e-15
-2.39322e-16
-1.20700e-15
 1.76704e-15
 0.00000e+00
 0.00000e+00
-1.13508e-15
-4.73940e-15
 3.51592e-15
-1.24431e-15
 0.00000e+00
 0.00000e+00
-6.45272e-16
-7.49207e-15
 9.69386e-15
-7.31476e-16
 0.00000e+00
 0.00000e+00
-5.87693e-15
-5.20614e-15
 4.14286e-15
-4.17858e-15
 0.00000e+00
 0.00000e+00
-5.88114e-15
 6.16937e-15
 2.59805e-15
 5.46311e-15
 0.00000e+00
 0.00000e+00
-6.60832e-15
 5.29419e-15
 9.43802e-16
-2.20017e-15
 0.00000e+00
 0.00000e+00
-1.64438e-15
 1.53879e-15
-1.72725e-15
-1.26132e-15
 0.00000e+00
 0.00000e+00
 3.16332e-15
-2.42329e-15
 3.76171e-15
-5.57214e-15
 0.00000e+00
 0.00000e+00
 2.08128e-14
 1.51515e-14
 1.71931e-14
 2.04794e-14
 0.00000e+00
 0.00000e+00
-3.86534e-14
-3.75020e-14
-4.35192e-14
-3.23778e-14
 0.00000e+00
 0.00000e+00
 3.61495e-14
 4.55242e-14
 4.17871e-14
 3.90479e-14
 0.00000e+00
 0.00000e+00
-3.14113e-15
 3.29421e-15
 2.09392e-15
-1.14157e-15
 0.00000e+00
 0.00000e+00
-4.18589e-14
-4.14101e-14
-4.69927e-14
-3.62749e-14
 0.00000e+00
 0.00000e+00
 3.76572e-15
-2.56266e-15
-1.91599e-15
 2.12571e-15
 0.00000e+00
 0.00000e+00
 4.05553e-14
 5.18152e-14
 4.66089e-14
 4.21353e-14
 0.00000e+00
 0.00000e+00
-5.80570e-14
-3.38716e-14
-5.20683e-14
-4.43322e-14
 0.00000e+00
 0.00000e+00
 3.33233e-15
 9.30765e-15
 1.11806e-14
-8.73491e-15
 0.00000e+00
 0.00000e+00
 2.26507e-15
 9.87379e-15
 9.09921e-15
-6.57471e-15
 0.00000e+00
 0.00000e+00
 1.09878e-15
 9.89006e-15
 3.68440e-15
-5.71916e-15
 0.00000e+00
 0.00000e+00
 2.47460e-15
 6.62159e-15
-4.15614e-15
-3.93317e-15
 0.00000e+00
 0.00000e+00
 3.93564e-15
-4.20240e-15
-4.98561e-15
 2.69445e-15
 0.00000e+00
 0.00000e+00
-6.17646e-16
-7.16364e-15
-1.60773e-16
 6.54692e-15
 0.00000e+00
 0.00000e+00
-3.54989e-15
-9.22613e-15
-4.01286e-15
 4.52183e-15
 0.00000e+00
 0.00000e+00
-1.06262e-15
-5.42531e-15
-1.04222e-14
 3.21747e-15
 0.00000e+00
 0.00000e+00
-4.86503e-15
-2.27183e-15
-7.95871e-16
-2.46468e-15
 0.00000e+00
 0.00000e+00
-4.73284e-15
-5.55508e-15
 8.37598e-15
-3.42950e-15
 0.00000e+00
 0.00000e+00
-6.85051e-16
-7.56414e-16
-2.62505e-17
-2.96827e-15
 0.00000e+00
 0.00000e+00
 2.30651e-15
 1.56245e-15
-4.41288e-15
-7.31525e-15
 0.00000e+00
 0.00000e+00
 6.75113e-15
-7.36174e-15
-9.91461e-17
-8.93408e-15
 0.00000e+00
 0.00000e+00
 2.18288e-15
-1.57252e-14
 6.74354e-15
-5.89858e-15
 0.00000e+00
 0.00000e+00
-9.01318e-15
-1.32405e-14
 4.43731e-15
-2.12401e-15
 0.00000e+00
 0.00000e+00
-9.09894e-15
-8.57238e-15
 7.27765e-15
-2.71014e-15
 0.00000e+00
 0.00000e+00
-1.19238e-14
-5.65535e-15
 8.78632e-16
-8.40147e-15
 0.00000e+00
 0.00000e+00
-6.84771e-15
-2.81862e-15
 5.77286e-15
-1.98546e-15
 0.00000e+00
 0.00000e+00
-3.26160e-15
-4.88245e-15
-4.63379e-16
-4.88076e-15
 0.00000e+00
 0.00000e+00
-7.46799e-16
-3.98267e-15
-1.90066e-15
-2.75159e-15
 0.00000e+00
 0.00000e+00
 6.47609e-16
-1.06144e-14
 6.57705e-15
-1.08642e-14
 0.00000e+00
 0.00000e+00
 1.90952e-14
 1.91326e-14
 1.03496e-14
 2.05362e-14
 0.00000e+00
 0.00000e+00
-3.52771e-14
-3.84907e-14
-3.99649e-14
-4.02319e-14
 0.00000e+00
 0.00000e+00
 2.70403e-14
 4.44155e-14
 4.33010e-14
 3.37039e-14
 0.00000e+00
 0.00000e+00
 5.53579e-15
-1.82101e-15
 6.26916e-15
-6.60572e-15
 0.00000e+00
 0.00000e+00
-4.36189e-14
-4.30868e-14
-4.65385e-14
-4.14258e-14
 0.00000e+00
 0.00000e+00
-4.49118e-15
-1.88972e-15
-4.90846e-16
-2.05051e-15
 0.00000e+00
 0.00000e+00
 4.50312e-14
 3.81872e-14
 5.57536e-14
 3.51271e-14
 0.00000e+00
 0.00000e+00
-5.63939e-14
-4.42301e-14
-4.58380e-14
-5.10301e-14
 0.00000e+00
 0.00000e+00
-3.66585e-16
 2.14686e-14
 2.34184e-14
-1.10483e-14
 0.00000e+00
 0.00000e+00
 1.01766e-14
 1.40958e-14
 2.35799e-14
-1.01591e-14
 0.00000e+00
 0.00000e+00
 9.91400e-15
 1.42431e-14
 1.87478e-14
-7.34222e-15
 0.00000e+00
 0.00000e+00
 1.04528e-14
 1.32568e-14
 1.37255e-15
 1.67343e-15
 0.00000e+00
 0.00000e+00
 1.53398e-14
 4.31350e-15
-1.10730e-15
 4.34087e-15
 0.00000e+00
 0.00000e+00
 1.08596e-14
 3.08558e-16
-2.17483e-15
 5.50881e-15
 0.00000e+00
 0.00000e+00
-5.97341e-15
 5.96952e-15
-1.19690e-14
 8.82390e-15
 0.00000e+00
 0.00000e+00
-9.68006e-15
 7.86964e-15
-1.03992e-14
 1.16900e-14
 0.00000e+00
 0.00000e+00
-1.62528e-14
 3.35085e-15
 1.41404e-14
 5.42177e-15
 0.00000e+00
 0.00000e+00
-1.34840e-14
 2.25631e-15
 1.84865e-14
-8.98033e-16
 0.00000e+00
 0.00000e+00
 6.70696e-16
 1.39807e-14
-1.04090e-15
-3.81511e-15
 0.00000e+00
 0.00000e+00
 7.94369e-16
 1.95973e-14
-9.31490e-15
-1.01900e-14
 0.00000e+00
 0.00000e+00
 8.28258e-16
 4.71227e-15
 1.93129e-16
-1.38156e-14
 0.00000e+00
 0.00000e+00
-3.43090e-15
-4.87304e-15
 7.86007e-15
-7.03994e-15
 0.00000e+00
 0.00000e+00
-1.52440e-14
-6.98433e-16
 3.97675e-15
 4.22639e-15
 0.00000e+00
 0.00000e+00
-1.34003e-14
 8.31383e-15
 3.95071e-15
 6.89680e-15
 0.00000e+00
 0.00000e+00
-1.14673e-14
 7.94739e-15
-4.61445e-16
 4.69356e-16
 0.00000e+00
 0.00000e+00
-6.48973e-15
 1.24018e-14
 7.86280e-16
 3.62829e-15
 0.00000e+00
 0.00000e+00
 3.38761e-15
 6.87153e-16
-1.28453e-16
-1.34669e-15
 0.00000e+00
 0.00000e+00
 5.90593e-15
-2.65540e-15
 2.81491e-15
 1.80578e-15
 0.00000e+00
 0.00000e+00
-6.47428e-15
 8.56072e-15
-9.80250e-15
 9.17324e-17
 0.00000e+00
 0.00000e+00
 2.46073e-14
 1.75681e-14
 2.67876e-14
 1.00555e-14
 0.00000e+00
 0.00000e+00
-3.63105e-14
-3.06420e-14
-2.63471e-14
-5.07467e-14
 0.00000e+00
 0.00000e+00
 2.67223e-14
 4.49149e-14
 4.51814e-14
 3.55825e-14
 0.00000e+00
 0.00000e+00
 1.58286e-14
 3.62628e-15
 6.16901e-15
-3.83517e-15
 0.00000e+00
 0.00000e+00
-4.11789e-14
-3.85015e-14
-3.97620e-14
-4.21232e-14
 0.00000e+00
 0.00000e+00
-9.96904e-15
 4.50823e-15
 5.66074e-15
-5.40318e-15
 0.00000e+00
 0.00000e+00
 4.24038e-14
 5.09907e-14
 4.72672e-14
 4.09210e-14
 0.00000e+00
 0.00000e+00
-4.36625e-14
-5.80921e-14
-2.29739e-14
-6.80027e-14
 0.00000e+00
 9.28631e-01
 9.28631e-01
 9.28631e-01
 9.28631e-01
 9.28631e-01
 9.28631e-01
 9.28622e-01
 9.28622e-01
 9.28622e-01
 9.28622e-01
 9.28622e-01
 9.28622e-01
 9.28586e-01
 9.28586e-01
 9.28586e-01
 9.28586e-01
 9.28586e-01
 9.28586e-01
 9.28713e-01
 9.28713e-01
 9.28713e-01
 9.28713e-01
 9.28713e-01
 9.28713e-01
 9.29054e-01
 9.29054e-01
 9.29054e-01
 9.29054e-01
 9.29054e-01
 9.29054e-01
 9.29129e-01
 9.29129e-01
 9.29129e-01
 9.29129e-01
 9.29129e-01
 9.29129e-01
 9.28951e-01
 9.28951e-01
 9.28951e-01
 9.28951e-01
 9.28951e-01
 9.28951e-01
 9.28563e-01
 9.28563e-01
 9.28563e-01
 9.28563e-01
 9.28563e-01
 9.28563e-01
 9.26479e-01
 9.26479e-01
 9.26479e-01
 9.26479e-01
 9.26479e-01
 9.26479e-01
 9.22730e-01
 9.22730e-01
 9.22730e-01
 9.22730e-01
 9.22730e-01
 9.22730e-01
 9.05719e-01
 9.05719e-01
 9.05719e-01
 9.05719e-01
 9.05719e-01
 9.05719e-01
 8.72833e-01
 8.72833e-01
 8.72833e-01
 8.72833e-01
 8.72833e-01
 8.72833e-01
 7.83901e-01
 7.83901e-01
 7.83901e-01
 7.83901e-01
 7.83901e-01
 7.83901e-01
 6.47427e-01
 6.47427e-01
 6.47427e-01
 6.47427e-01
 6.47427e-01
 6.47427e-01
 4.53084e-01
 4.53084e-01
 4.53084e-01
 4.53084e-01
 4.53084e-01
 4.53084e-01
 2.54080e-01
 2.54080e-01
 2.54080e-01
 2.54080e-01
 2.54080e-01
 2.54080e-01
 1.11482e-01
 1.11482e-01
 1.11482e-01
 1.11482e-01
 1.11482e-01
 1.11482e-01
 3.71644e-02
 3.71644e-02
 3.71644e-02
 3.71644e-02
 3.71644e-02
 3.71644e-02
 1.02901e-02
 1.02901e-02
 1.02901e-02
 1.02901e-02
 1.02901e-02
 1.02901e-02
 2.62806e-03
 2.62806e-03
 2.62806e-03
 2.62806e-03
 2.62806e-03
 2.62806e-03
 6.52275e-04
 6.52275e-04
 6.52275e-04
 6.52275e-04
 6.52275e-04
 6.52275e-04
 1.59487e-04
 1.59487e-04
 1.59487e-04
 1.59487e-04
 1.59487e-04
 1.59487e-04
 3.84897e-05
 3.84897e-05
 3.84897e-05
 3.84897e-05
 3.84897e-05
 3.84897e-05
 9.15596e-06
 9.15596e-06
 9.15596e-06
 9.15596e-06
 9.15596e-06
 9.15596e-06
 2.14229e-06
 2.14229e-06
 2.14229e-06
 2.14229e-06
 2.14229e-06
 2.14229e-06
 4.91919e-07
 4.91919e-07
 4.91919e-07
 4.91919e-07
 4.91919e-07
 4.91919e-07
 1.10446e-07
 1.10446e-07
 1.10446e-07
 1.10446e-07
 1.10446e-07
 1.10446e-07
 2.32512e-08
 2.32512e-08
 2.32512e-08
 2.32512e-08
 2.32512e-08
 2.32512e-08
 0.00000e+00
 0.00000e+00
 0.00000e+00
 0.00000e+00
 0.00000e+00
 0.00000e+00
 9.28631e-01
 9.28631e-01
 9.28631e-01
 9.28631e-01
 9.28631e-01
 9.28631e-01
 9.28622e-01
 9.28622e-01
 9.28622e-01
 9.28622e-01
 9.28622e-01
 9.28622e-01
 9.28586e-01
 9.28586e-01
 9.28586e-01
 9.28586e-01
 9.28586e-01
 9.28586e-01
 9.28713e-01
 9.28713e-01
 9.28713e-01
 9.28713e-01
 9.28713e-01
 9.28713e-01
 9.29054e-01
 9.29054e-01
 9.29054e-01
 9.29054e-01
 9.29054e-01
 9.29054e-01
 9.29129e-01
 9.29129e-01
 9.29129e-01
 9.29129e-01
 9.29129e-01
 9.29129e-01
 9.28951e-01
 9.28951e-01
 9.28951e-01
 9.28951e-01
 9.28951e-01
 9.28951e-01
 9.28563e-01
 9.28563e-01
 9.28563e-01
 9.28563e-01
 9.28563e-01
 9.28563e-01
 9.26479e-01
 9.26479e-01
 9.26479e-01
 9.26479e-01
 9.26479e-01
 9.26479e-01
 9.22730e-01
 9.22730e-01
 9.22730e-01
 9.22730e-01
 9.22730e-01
 9.22730e-01
 9.05719e-01
 9.05719e-01
 9.05719e-01
 9.05719e-01
 9.05719e-01
 9.05719e-01
 8.72833e-01
 8.72833e-01
 8.72833e-01
 8.72833e-01
 8.72833e-01
 8.72833e-01
 7.83901e-01
 7.83901e-01
 7.83901e-01
 7.83901e-01
 7.83901e-01
 7.83901e-01
 6.47427e-01
 6.47427e-01
 6.47427e-01
 6.47427e-01
 6.47427e-01
 6.47427e-01
 4.53084e-01
 4.53084e-01
 4.53084e-01
 4.53084e-01
 4.53084e-01
 4.53084e-01
 2.54080e-01
 2.54080e-01
 2.54080e-01
 2.54080e-01
 2.54080e-01
 2.54080e-01
 1.11482e-01
 1.11482e-01
 1.11482e-01
 1.11482e-01
 1.11482e-01
 1.11482e-01
 3.71644e-02
 3.71644e-02
 3.71644e-02
 3.71644e-02
 3.71644e-02
 3.71644e-02
 1.02901e-02
 1.02901e-02
 1.02901e-02
 1.02901e-02
 1.02901e-02
 1.02901e-02
 2.62806e-03
 2.62806e-03
 2.62806e-03
 2.62806e-03
 2.62806e-03
 2.62806e-03
 6.52275e-04
 6.52275e-04
 6.52275e-04
 6.52275e-04
 6.52275e-04
 6.52275e-04
 1.59487e-04
 1.59487e-04
 1.59487e-04
 1.59487e-04
 1.59487e-04
 1.59487e-04
 3.84897e-05
 3.84897e-05
 3.84897e-05
 3.84897e-05
 3.84897e-05
 3.84897e-05
 9.15596e-06
 9.15596e-06
 9.15596e-06
 9.15596e-06
 9.15596e-06
 9.15596e-06
 2.14229e-06
 2.14229e-06
 2.14229e-06
 2.14229e-06
 2.14229e-06
 2.14229e-06
 4.91919e-07
 4.91919e-07
 4.91919e-07
 4.91919e-07
 4.91919e-07
 4.91919e-07
 1.10446e-07
 1.10446e-07
 1.10446e-07
 1.10446e-07
 1.10446e-07
 1.10446e-07
 2.32512e-08
 2.32512e-08
 2.32512e-08
 2.32512e-08
 2.32512e-08
 2.32512e-08
 0.00000e+00
 0.00000e+00
 0.00000e+00
 0.00000e+00
 0.00000e+00
 0.00000e+00
 9.28631e-01
 9.28631e-01
 9.28631e-01
 9.28631e-01
 9.28631e-01
 9.28631e-01
 9.28622e-01
 9.28622e-01
 9.28622e-01
 9.28622e-01
 9.28622e-01
 9.28622e-01
 9.28586e-01
 9.28586e-01
 9.28586e-01
 9.28586e-01
 9.28586e-01
 9.28586e-01
 9.28713e-01
 9.28713e-01
 9.28713e-01
 9.28713e-01
 9.28713e-01
 9.28713e-01
 9.29054e-01
 9.29054e-01
 9.29054e-01
 9.29054e-01
 9.29054e-01
 9.29054e-01
 9.29129e-01
 9.29129e-01
 9.29129e-01
 9.29129e-01
 9.29129e-01
 9.29129e-01
 9.28951e-01
 9.28951e-01
 9.28951e-01
 9.28951e-01
 9.28951e-01
 9.28951e-01
 9.28563e-01
 9.28563e-01
 9.28563e-01
 9.28563e-01
 9.28563e-01
 9.28563e-01
 9.26479e-01
 9.26479e-01
 9.26479e-01
 9.26479e-01
 9.26479e-01
 9.26479e-01
 9.22730e-01
 9.22730e-01
 9.22730e-01
 9.22730e-01
 9.22730e-01
 9.22730e-01
 9.05719e-01
 9.05719e-01
 9.05719e-01
 9.05719e-01
 9.05719e-01
 9.05719e-01
 8.72833e-01
 8.72833e-01
 8.72833e-01
 8.72833e-01
 8.72833e-01
 8.72833e-01
 7.83901e-01
 7.83901e-01
 7.83901e-01
 7.83901e-01
 7.83901e-01
 7.83901e-01
 6.47427e-01
 6.47427e-01
 6.47427e-01
 6.47427e-01
 6.47427e-01
 6.47427e-01
 4.53084e-01
 4.53084e-01
 4.53084e-01
 4.53084e-01
 4.53084e-01
 4.53084e-01
 2.54080e-01
 2.54080e-01
 2.54080e-01
 2.54080e-01
 2.54080e-01
 2.54080e-01
 1.11482e-01
 1.11482e-01
 1.11482e-01
 1.11482e-01
 1.11482e-01
 1.11482e-01
 3.71644e-02
 3.71644e-02
 3.71644e-02
 3.71644e-02
 3.71644e-02
 3.71644e-02
 1.02901e-02
 1.02901e-02
 1.02901e-02
 1.02901e-02
 1.02901e-02
 1.02901e-02
 2.62806e-03
 2.62806e-03
 2.62806e-03
 2.62806e-03
 2.62806e-03
 2.62806e-03
 6.52275e-04
 6.52275e-04
 6.52275e-04
 6.52275e-04
 6.52275e-04
 6.52275e-04
 1.59487e-04
 1.59487e-04
 1.59487e-04
 1.59487e-04
 1.59487e-04
 1.59487e-04
 3.84897e-05
 3.84897e-05
 3.84897e-05
 3.84897e-05
 3.84897e-05
 3.84897e-05
 9.15596e-06
 9.15596e-06
 9.15596e-06
 9.15596e-06
 9.15596e-06
 9.15596e-06
 2.14229e-06
 2.14229e-06
 2.14229e-06
 2.14229e-06
 2.14229e-06
 2.14229e-06
 4.91919e-07
 4.91919e-07
 4.91919e-07
 4.91919e-07
 4.91919e-07
 4.91919e-07
 1.10446e-07
 1.10446e-07
 1.10446e-07
 1.10446e-07
 1.10446e-07
 1.10446e-07
 2.32512e-08
 2.32512e-08
 2.32512e-08
 2.32512e-08
 2.32512e-08
 2.32512e-08
 0.00000e+00
 0.00000e+00
 0.00000e+00
 0.00000e+00
 0.00000e+00
 0.00000e+00
 9.28631e-01
 9.28631e-01
 9.28631e-01
 9.28631e-01
 9.28631e-01
 9.28631e-01
 9.28622e-01
 9.28622e-01
 9.28622e-01
 9.28622e-01
 9.28622e-01
 9.28622e-01
 9.28586e-01
 9.28586e-01
 9.28586e-01
 9.28586e-01
 9.28586e-01
 9.28586e-01
 9.28713e-01
 9.28713e-01
 9.28713e-01
 9.28713e-01
 9.28713e-01
 9.28713e-01
 9.29054e-01
 9.29054e-01
 9.29054e-01
 9.29054e-01
 9.29054e-01
 9.29054e-01
 9.29129e-01
 9.29129e-01
 9.29129e-01
 9.29129e-01
 9.29129e-01
 9.29129e-01
 9.28951e-01
 9.28951e-01
 9.28951e-01
 9.28951e-01
 9.28951e-01
 9.28951e-01
 9.28563e-01
 9.28563e-01
 9.28563e-01
 9.28563e-01
 9.28563e-01
 9.28563e-01
 9.26479e-01
 9.26479e-01
 9.26479e-01
 9.26479e-01
 9.26479e-01
 9.26479e-01
 9.22730e-01
 9.22730e-01
 9.22730e-01
 9.22730e-01
 9.22730e-01
 9.22730e-01
 9.05719e-01
 9.05719e-01
 9.05719e-01
 9.05719e-01
 9.05719e-01
 9.05719e-01
 8.72833e-01
 8.72833e-01
 8.72833e-01
 8.72833e-01
 8.72833e-01
 8.72833e-01
 7.83901e-01
 7.83901e-01
 7.83901e-01
 7.83901e-01
 7.83901e-01
 7.83901e-01
 6.47427e-01
 6.47427e-01
 6.47427e-01
 6.47427e-01
 6.47427e-01
 6.47427e-01
 4.53084e-01
 4.53084e-01
 4.53084e-01
 4.53084e-01
 4.53084e-01
 4.53084e-01
 2.54080e-01
 2.54080e-01
 2.54080e-01
 2.54080e-01
 2.54080e-01
 2.54080e-01
 1.11482e-01
 1.11482e-01
 1.11482e-01
 1.11482e-01
 1.11482e-01
 1.11482e-01
 3.71644e-02
 3.71644e-02
 3.71644e-02
 3.71644e-02
 3.71644e-02
 3.71644e-02
 1.02901e-02
 1.02901e-02
 1.02901e-02
 1.02901e-02
 1.02901e-02
 1.02901e-02
 2.62806e-03
 2.62806e-03
 2.62806e-03
 2.62806e-03
 2.62806e-03
 2.62806e-03
 6.52275e-04
 6.52275e-04
 6.52275e-04
 6.52275e-04
 6.52275e-04
 6.52275e-04
 1.59487e-04
 1.59487e-04
 1.59487e-04
 1.59487e-04
 1.59487e-04
 1.59487e-04
 3.84897e-05
 3.84897e-05
 3.84897e-05
 3.84897e-05
 3.84897e-05
 3.84897e-05
 9.15596e-06
 9.15596e-06
 9.15596e-06
 9.15596e-06
 9.15596e-06
 9.15596e-06
 2.14229e-06
 2.14229e-06
 2.14229e-06
 2.14229e-06
 2.14229e-06
 2.14229e-06
 4.91919e-07
 4.91919e-07
 4.91919e-07
 4.91919e-07
 4.91919e-07
 4.91919e-07
 1.10446e-07
 1.10446e-07
 1.10446e-07
 1.10446e-07
 1.10446e-07
 1.10446e-07
 2.32512e-08
 2.32512e-08
 2.32512e-08
 2.32512e-08
 2.32512e-08
 2.32512e-08
 0.00000e+00
 0.00000e+00
 0.00000e+00
 0.00000e+00
 0.00000e+00
 0.00000e+00
 9.28631e-01
 9.28631e-01
 9.28631e-01
 9.28631e-01
 9.28631e-01
 9.28631e-01
 9.28622e-01
 9.28622e-01
 9.28622e-01
 9.28622e-01
 9.28622e-01
 9.28622e-01
 9.28586e-01
 9.28586e-01
 9.28586e-01
 9.28586e-01
 9.28586e-01
 9.28586e-01
 9.28713e-01
 9.28713e-01
 9.28713e-01
 9.28713e-01
 9.28713e-01
 9.28713e-01
 9.29054e-01
 9.29054e-01
 9.29054e-01
 9.29054e-01
 9.29054e-01
 9.29054e-01
 9.29129e-01
 9.29129e-01
 9.29129e-01
 9.29129e-01
 9.29129e-01
 9.29129e-01
 9.28951e-01
 9.28951e-01
 9.28951e-01
 9.28951e-01
 9.28951e-01
 9.28951e-01
 9.28563e-01
 9.28563e-01
 9.28563e-01
 9.28563e-01
 9.28563e-01
 9.28563e-01
 9.26479e-01
 9.26479e-01
 9.26479e-01
 9.26479e-01
 9.26479e-01
 9.26479e-01
 9.22730e-01
 9.22730e-01
 9.22730e-01
 9.22730e-01
 9.22730e-01
 9.22730e-01
 9.05719e-01
 9.05719e-01
 9.05719e-01
 9.05719e-01
 9.05719e-01
 9.05719e-01
 8.72833e-01
 8.72833e-01
 8.72833e-01
 8.72833e-01
 8.72833e-01
 8.72833e-01
 7.83901e-01
 7.83901e-01
 7.83901e-01
 7.83901e-01
 7.83901e-01
 7.83901e-01
 6.47427e-01
 6.47427e-01
 6.47427e-01
 6.47427e-01
 6.47427e-01
 6.47427e-01
 4.53084e-01
 4.53084e-01
 4.53084e-01
 4.53084e-01
 4.53084e-01
 4.53084e-01
 2.54080e-01
 2.54080e-01
 2.54080e-01
 2.54080e-01
 2.54080e-01
 2.54080e-01
 1.11482e-01
 1.11482e-01
 1.11482e-01
 1.11482e-01
 1.11482e-01
 1.11482e-01
 3.71644e-02
 3.71644e-02
 3.71644e-02
 3.71644e-02
 3.71644e-02
 3.71644e-02
 1.02901e-02
 1.02901e-02
 1.02901e-02
 1.02901e-02
 1.02901e-02
 1.02901e-02
 2.62806e-03
 2.62806e-03
 2.62806e-03
 2.62806e-03
 2.62806e-03
 2.62806e-03
 6.52275e-04
 6.52275e-04
 6.52275e-04
 6.52275e-04
 6.52275e-04
 6.52275e-04
 1.59487e-04
 1.59487e-04
 1.59487e-04
 1.59487e-04
 1.59487e-04
 1.59487e-04
 3.84897e-05
 3.84897e-05
 3.84897e-05
 3.84897e-05
 3.84897e-05
 3.84897e-05
 9.15596e-06
 9.15596e-06
 9.15596e-06
 9.15596e-06
 9.15596e-06
 9.15596e-06
 2.14229e-06
 2.14229e-06
 2.14229e-06
 2.14229e-06
 2.14229e-06
 2.14229e-06
 4.91919e-07
 4.91919e-07
 4.91919e-07
 4.91919e-07
 4.91919e-07
 4.91919e-07
 1.10446e-07
 1.10446e-07
 1.10446e-07
 1.10446e-07
 1.10446e-07
 1.10446e-07
 2.32512e-08
 2.32512e-08
 2.32512e-08
 2.32512e-08
 2.32512e-08
 2.32512e-08
 0.00000e+00
 0.00000e+00
 0.00000e+00
 0.00000e+00
 0.00000e+00
 0.00000e+00
 9.28631e-01
 9.28631e-01
 9.28631e-01
 9.28631e-01
 9.28631e-01
 9.28631e-01
 9.28622e-01
 9.28622e-01
 9.28622e-01
 9.28622e-01
 9.28622e-01
 9.28622e-01
 9.28586e-01
 9.28586e-01
 9.28586e-01
 9.28586e-01
 9.28586e-01
 9.28586e-01
 9.28713e-01
 9.28713e-01
 9.28713e-01
 9.28713e-01
 9.28713e-01
 9.28713e-01
 9.29054e-01
 9.29054e-01
 9.29054e-01
 9.29054e-01
 9.29054e-01
 9.29054e-01
 9.29129e-01
 9.29129e-01
 9.29129e-01
 9.29129e-01
 9.29129e-01
 9.29129e-01
 9.28951e-01
 9.28951e-01
 9.28951e-01
 9.28951e-01
 9.28951e-01
 9.28951e-01
 9.28563e-01
 9.28563e-01
 9.28563e-01
 9.28563e-01
 9.28563e-01
 9.28563e-01
 9.26479e-01
 9.26479e-01
 9.26479e-01
 9.26479e-01
 9.26479e-01
 9.26479e-01
 9.22730e-01
 9.22730e-01
 9.22730e-01
 9.22730e-01
 9.22730e-01
 9.22730e-01
 9.05719e-01
 9.05719e-01
 9.05719e-01
 9.05719e-01
 9.05719e-01
 9.05719e-01
 8.72833e-01
 8.72833e-01
 8.72833e-01
 8.72833e-01
 8.72833e-01
 8.72833e-01
 7.83901e-01
 7.83901e-01
 7.83901e-01
 7.83901e-01
 7.83901e-01
 7.83901e-01
 6.47427e-01
 6.47427e-01
 6.47427e-01
 6.47427e-01
 6.47427e-01
 6.47427e-01
 4.53084e-01
 4.53084e-01
 4.53084e-01
 4.53084e-01
 4.53084e-01
 4.53084e-01
 2.54080e-01
 2.54080e-01
 2.54080e-01
 2.54080e-01
 2.54080e-01
 2.54080e-01
 1.11482e-01
 1.11482e-01
 1.11482e-01
 1.11482e-01
 1.11482e-01
 1.11482e-01
 3.71644e-02
 3.71644e-02
 3.71644e-02
 3.71644e-02
 3.71644e-02
 3.71644e-02
 1.02901e-02
 1.02901e-02
 1.02901e-02
 1.02901e-02
 1.02901e-02
 1.02901e-02
 2.62806e-03
 2.62806e-03
 2.62806e-03
 2.62806e-03
 2.62806e-03
 2.62806e-03
 6.52275e-04
 6.52275e-04
 6.52275e-04
 6.52275e-04
 6.52275e-04
 6.52275e-04
 1.59487e-04
 1.59487e-04
 1.59487e-04
 1.59487e-04
 1.59487e-04
 1.59487e-04
 3.84897e-05
 3.84897e-05
 3.84897e-05
 3.84897e-05
 3.84897e-05
 3.84897e-05
 9.15596e-06
 9.15596e-06
 9.15596e-06
 9.15596e-06
 9.15596e-06
 9.15596e-06
 2.14229e-06
 2.14229e-06
 2.14229e-06
 2.14229e-06
 2.14229e-06
 2.14229e-06
 4.91919e-07
 4.91919e-07
 4.91919e-07
 4.91919e-07
 4.91919e-07
 4.91919e-07
 1.10446e-07
 1.10446e-07
 1.10446e-07
 1.10446e-07
 1.10446e-07
 1.10446e-07
 2.32512e-08
 2.32512e-08
 2.32512e-08
 2.32512e-08
 2.32512e-08
 2.32512e-08
 0.00000e+00
 0.00000e+00
 0.00000e+00
 0.00000e+00
 0.00000e+00
 0.00000e+00
 0.00000e+00
 0.00000e+00
 0.00000e+00
 0.00000e+00
 0.00000e+00
 0.00000e+00
 0.00000e+00
 0.00000e+00
 0.00000e+00
 0.00000e+00
 0.00000e+00
 0.00000e+00
 0.00000e+00
 0.00000e+00
 0.00000e+00
 0.00000e+00
 0.00000e+00
 0.00000e+00
 0.00000e+00
 0.00000e+00
 0.00000e+00
 0.00000e+00
 0.00000e+00
 0.00000e+00
 0.00000e+00
 0.00000e+00
 0.00000e+00
 0.00000e+00
 0.00000e+00
 0.00000e+00
 0.00000e+00
 0.00000e+00
 0.00000e+00
 0.00000e+00
 0.00000e+00
 0.00000e+00
 0.00000e+00
 0.00000e+00
 0.00000e+00
 0.00000e+00
 0.00000e+00
 0.00000e+00
 0.00000e+00
 0.00000e+00
 0.00000e+00
 0.00000e+00
 0.00000e+00
 0.00000e+00
 0.00000e+00
 0.00000e+00
 0.00000e+00
 0.00000e+00
 0.00000e+00
 0.00000e+00
 0.00000e+00
 0.00000e+00
 0.00000e+00
 0.00000e+00
 0.00000e+00
 0.00000e+00
 0.00000e+00
 0.00000e+00
 0.00000e+00
 0.00000e+00
 0.00000e+00
 0.00000e+00
 0.00000e+00
 0.00000e+00
 0.00000e+00
 0.00000e+00
 0.00000e+00
 0.00000e+00
 0.00000e+00
 0.00000e+00
 0.00000e+00
 0.00000e+00
 0.00000e+00
 0.00000e+00
 0.00000e+00
 0.00000e+00
 0.00000e+00
 0.00000e+00
 0.00000e+00
 0.00000e+00
 0.00000e+00
 0.00000e+00
 0.00000e+00
 0.00000e+00
 0.00000e+00
 0.00000e+00
 0.00000e+00
 0.00000e+00
 0.00000e+00
 0.00000e+00
 0.00000e+00
 0.00000e+00
 0.00000e+00
 0.00000e+00
 0.00000e+00
 0.00000e+00
 0.00000e+00
 0.00000e+00
 0.00000e+00
 0.00000e+00
 0.00000e+00
 0.00000e+00
 0.00000e+00
 0.00000e+00
 0.00000e+00
 0.00000e+00
 0.00000e+00
 0.00000e+00
 0.00000e+00
 0.00000e+00
 0.00000e+00
 0.00000e+00
 0.00000e+00
 0.00000e+00
 0.00000e+00
 0.00000e+00
 0.00000e+00
 0.00000e+00
 0.00000e+00
 0.00000e+00
 0.00000e+00
 0.00000e+00
 0.00000e+00
 0.00000e+00
 0.00000e+00
 0.00000e+00
 0.00000e+00
 0.00000e+00
 0.00000e+00
 0.00000e+00
 0.00000e+00
 0.00000e+00
 0.00000e+00
 0.00000e+00
 0.00000e+00
 0.00000e+00
 0.00000e+00
 0.00000e+00
 0.00000e+00
 0.00000e+00
 0.00000e+00
 0.00000e+00
 0.00000e+00
 0.00000e+00
 0.00000e+00
 0.00000e+00
 0.00000e+00
 0.00000e+00
 0.00000e+00
 0.00000e+00
 0.00000e+00
 0.00000e+00
 0.00000e+00
 0.00000e+00
 0.00000e+00
 0.00000e+00
 0.00000e+00
 0.00000e+00
 0.00000e+00
 0.00000e+00
 0.00000e+00
 0.00000e+00
 0.00000e+00
 0.00000e+00
 0.00000e+00
 0.00000e+00
 0.00000e+00
 0.00000e+00
 0.00000e+00
 0.00000e+00
 5.14770e-15
 5.38966e-16
 3.95786e-15
 6.23241e-15
 1.19159e-14
 1.39655e-14
 7.79202e-15
 2.37028e-15
 2.67130e-15
 4.61922e-15
 1.16243e-14
 1.26535e-14
 5.51693e-15
 5.49978e-16
-2.43092e-15
 1.42855e-15
 9.28322e-15
 7.63225e-15
 5.13936e-15
 1.58824e-15
-3.14593e-15
-2.55861e-15
 4.80394e-15
 2.42945e-15
 4.46437e-15
 8.55083e-15
 8.71013e-17
-4.70085e-15
 5.29339e-16
-5.56278e-15
-3.98198e-15
 6.64708e-15
 2.52837e-15
-3.59234e-15
-7.24692e-15
-2.43696e-14
-7.05930e-15
-3.22464e-15
-9.48274e-16
-4.38618e-15
-1.08608e-14
-2.50987e-14
-3.06523e-15
-2.60229e-15
-3.45352e-15
-2.44986e-15
-5.77086e-15
-1.78904e-14
-2.60654e-15
-6.45990e-16
-4.10360e-15
 2.70286e-15
 7.10280e-15
-9.43086e-15
-6.81318e-16
 3.71901e-15
-5.08404e-16
 4.16010e-16
 4.60969e-15
-6.13619e-15
 8.96936e-15
 9.58447e-15
 7.35871e-15
 3.48961e-15
 6.40527e-15
 3.90922e-15
 5.55935e-15
 6.51798e-15
 5.16676e-15
 5.39702e-15
 5.82949e-15
 1.95591e-15
-7.65689e-15
-6.03821e-15
-4.95747e-15
 1.90522e-15
-3.94734e-16
-1.67968e-14
-5.68222e-15
-4.84983e-15
-1.00691e-14
-8.96710e-15
-7.52582e-15
-2.16036e-14
-5.94321e-15
-7.37944e-15
-1.35847e-14
-9.14624e-15
-8.11771e-15
-2.53198e-14
-2.71972e-15
-6.46366e-15
-1.27883e-14
-7.34218e-15
-7.22354e-15
-2.16634e-14
-5.45404e-15
-5.48235e-15
-2.18192e-16
-5.49187e-17
-3.83935e-15
-6.93402e-15
-1.10247e-14
-6.84881e-15
-2.16451e-15
-9.81222e-16
-2.32020e-15
-1.17453e-14
-9.29972e-15
-3.99378e-15
-3.60605e-15
-3.67966e-15
 1.22260e-15
-6.94000e-15
-3.52672e-15
-5.47161e-15
-1.93693e-15
 4.18010e-15
 2.12967e-15
-4.39775e-15
-3.88157e-15
-3.68796e-15
-4.74402e-15
 4.07209e-15
 5.39297e-15
-1.02792e-14
-2.23341e-14
-2.11612e-14
-1.55508e-14
-1.70944e-14
-1.78295e-14
-1.83283e-14
 4.37185e-14
 4.18346e-14
 3.70560e-14
 3.93438e-14
 3.83006e-14
 3.24420e-14
-3.25470e-14
-4.18168e-14
-3.83626e-14
-3.39167e-14
-4.00895e-14
-4.01128e-14
 2.86603e-15
-4.05790e-15
-4.05921e-15
 2.01901e-15
-1.12037e-15
-8.17219e-15
 3.52746e-14
 3.77020e-14
 3.49021e-14
 3.53750e-14
 3.93400e-14
 3.11199e-14
 1.46585e-15
-2.10496e-16
 2.33181e-15
 3.99097e-15
 6.74493e-16
-6.45308e-15
-5.24067e-14
-4.33294e-14
-3.89714e-14
-3.98983e-14
-3.97232e-14
-4.88249e-14
 4.07988e-14
 4.68580e-14
 5.32470e-14
 5.06327e-14
 4.63589e-14
 4.25376e-14
 8.93238e-15
 7.29782e-15
 1.03194e-14
 4.38360e-15
 8.13535e-15
 1.25104e-15
-1.84742e-15
 8.05024e-19
 3.88245e-15
 6.05146e-15
 7.83930e-15
-1.52105e-15
-2.50325e-15
 1.58123e-16
-1.63483e-15
 4.35231e-15
 9.60285e-15
-1.76964e-15
-2.06132e-15
-1.00101e-15
-3.48360e-15
 2.02739e-15
 9.85595e-15
 5.27741e-16
-4.91464e-16
-9.80464e-15
-8.87466e-15
-9.50244e-16
 4.45575e-15
 4.25609e-15
 3.69807e-15
-8.22565e-15
-6.91787e-15
-4.28725e-15
 3.80451e-16
 1.02314e-14
 1.09582e-14
 7.09482e-15
 1.15515e-14
 1.35762e-15
-2.19500e-16
 8.71720e-15
 8.20920e-15
 4.02327e-15
 1.40066e-14
 8.14228e-15
-1.00572e-15
-1.79091e-15
 5.11484e-15
 3.95344e-15
 9.27698e-15
 5.75361e-15
-4.11460e-15
-3.46391e-15
-1.16864e-16
 2.71491e-15
 6.09493e-15
-3.76399e-15
-7.53842e-15
-1.48908e-15
 3.67263e-15
-2.04612e-15
 9.74130e-16
 1.73910e-16
-9.96764e-16
-8.71405e-16
 7.75290e-15
 1.68013e-15
 8.56168e-15
 1.39294e-14
 3.82917e-15
-2.99173e-15
-7.64144e-16
 2.84503e-15
 1.22806e-14
 8.45754e-15
-1.64786e-15
-5.73409e-15
 4.40414e-15
 4.54777e-15
 8.97325e-15
-7.00148e-15
-1.44580e-14
-6.60940e-15
 1.82324e-14
 1.38818e-14
 1.07964e-14
-3.68254e-15
-7.52582e-15
-3.91396e-15
 8.89329e-15
 1.25962e-14
 1.08167e-14
-4.34431e-15
-6.83444e-15
-6.38408e-15
 1.38030e-14
 1.37137e-14
 5.62751e-15
-2.32211e-15
 2.39077e-15
-3.13071e-16
 1.18047e-14
 4.38772e-15
 4.45936e-15
-7.23043e-16
-2.98167e-15
 9.77818e-16
 9.89833e-15
 4.66517e-15
 6.80888e-15
 3.91129e-15
-2.32183e-16
-1.47417e-15
 7.37704e-15
 1.05300e-14
 9.07849e-15
 2.01621e-15
 1.74455e-15
-3.41183e-15
 5.47348e-15
 5.46600e-15
 1.29924e-14
 9.87778e-16
-3.74255e-15
 3.31325e-15
-1.40608e-14
-1.14313e-14
-1.70910e-14
-1.62908e-14
-1.57365e-14
-2.82099e-14
 4.41844e-14
 4.08931e-14
 4.03089e-14
 3.93700e-14
 3.87799e-14
 4.20097e-14
-4.32343e-14
-3.74633e-14
-3.93685e-14
-4.59941e-14
-3.99995e-14
-3.81773e-14
 3.42502e-15
 4.88077e-15
 5.99013e-15
 1.50085e-15
-9.69576e-16
-1.97186e-15
 4.73031e-14
 4.52273e-14
 4.69637e-14
 4.32062e-14
 4.16416e-14
 4.61386e-14
-1.32751e-15
 1.96714e-15
 3.54725e-15
-2.63201e-17
-3.66673e-16
-1.64707e-15
-3.41756e-14
-4.61962e-14
-3.98517e-14
-3.97670e-14
-5.01366e-14
-4.41473e-14
 4.51742e-14
 4.42690e-14
 4.49002e-14
 4.92627e-14
 4.86378e-14
 4.42541e-14
-3.20334e-15
 2.28335e-15
 4.64106e-15
 5.67625e-15
 1.49016e-14
 7.83556e-15
 2.38399e-15
-1.90938e-15
-2.78179e-16
 3.16692e-15
 8.37056e-15
 8.23816e-15
 4.55370e-15
-3.41949e-15
-1.37192e-15
 2.26660e-15
 4.68592e-15
 6.20759e-15
 2.63760e-15
-3.11009e-15
-6.50102e-16
 3.48419e-15
 5.58433e-15
 8.70718e-16
 9.05394e-16
 1.42889e-15
 2.85363e-15
 6.62507e-15
 1.20863e-14
 4.35059e-15
 4.10313e-15
 6.54057e-15
 2.50869e-15
 5.05589e-15
 1.41328e-14
 8.16760e-15
 2.94446e-15
 6.98177e-15
-3.74693e-15
-7.76020e-16
 1.20707e-14
 5.62730e-15
-1.26241e-14
 2.13952e-15
-4.22500e-15
-1.20445e-14
 4.37407e-15
-3.14426e-15
-1.18044e-14
 1.84584e-15
 1.69644e-15
-9.86419e-15
-4.41481e-15
-6.02627e-15
 4.62803e-15
 6.89680e-15
 1.19843e-15
-1.68803e-15
 1.91572e-15
-4.11927e-15
 1.04745e-15
 6.56274e-15
 4.79342e-16
-5.13029e-15
 3.52541e-16
-4.66469e-15
-1.81748e-15
 7.36856e-15
 2.03005e-15
-8.04394e-15
 6.88719e-16
-2.42345e-17
 2.85598e-15
 1.06454e-14
 3.50277e-15
-5.08284e-15
 8.65086e-15
 1.16498e-14
 3.32024e-15
 1.46219e-14
 5.57610e-15
-9.55320e-16
 1.24281e-14
 5.60591e-15
 2.27450e-15
 9.40949e-15
 2.43126e-15
-1.34612e-15
 8.40891e-15
-4.73503e-16
 3.80144e-15
 6.28515e-15
-1.09863e-15
-2.08471e-15
 3.94432e-15
-7.00808e-15
 1.01226e-14
 1.11032e-14
 7.03495e-15
 6.04713e-15
 5.79062e-15
-6.79967e-15
 3.49961e-15
 1.02300e-14
-9.65429e-17
-4.67297e-15
 4.36361e-15
-4.74306e-15
 2.64844e-15
 6.58668e-15
 1.73275e-15
-4.08559e-15
 1.69176e-15
-2.04809e-15
 3.82641e-15
 4.14995e-15
 3.34770e-15
 2.98757e-15
 4.94826e-15
-2.18331e-15
 3.69420e-15
 1.04850e-14
-2.48747e-15
 2.58667e-15
 1.56578e-14
-3.69241e-15
-1.47050e-14
-1.44373e-14
-8.19044e-15
-2.21939e-14
-2.23078e-14
-5.07819e-15
 3.28671e-14
 4.06033e-14
 4.40786e-14
 3.51865e-14
 3.84509e-14
 4.60339e-14
-3.49457e-14
-4.01434e-14
-4.33827e-14
-3.93276e-14
-3.83244e-14
-4.46299e-14
-5.03354e-15
-2.61055e-15
-4.85466e-15
-2.87022e-15
 1.39428e-15
-6.65859e-15
 4.44792e-14
 4.51692e-14
 4.54356e-14
 4.38745e-14
 4.31931e-14
 4.12020e-14
-6.43542e-16
 2.90815e-15
 5.62243e-15
 7.72558e-16
 3.55306e-15
 7.29365e-15
-4.93875e-14
-3.86428e-14
-5.12472e-14
-5.51957e-14
-4.07975e-14
-4.93518e-14
 6.06505e-14
 5.00321e-14
 4.62863e-14
 3.97990e-14
 4.12046e-14
 5.24500e-14
-5.68653e-15
-9.43991e-15
-8.60072e-15
 7.60887e-16
-5.98523e-16
-1.52526e-14
-1.08022e-14
-7.85560e-15
-5.77876e-15
 1.85700e-15
 1.40216e-15
-1.55656e-14
-8.36650e-15
-2.48122e-15
 1.26023e-15
 5.33448e-15
 6.87727e-15
-1.06379e-14
-6.49784e-15
-4.17199e-16
 7.07588e-15
 8.13435e-15
 7.73767e-15
-1.73189e-15
-4.49092e-15
 3.77822e-15
 1.08442e-14
 6.96193e-15
 5.32928e-15
-3.37173e-15
-1.22511e-15
 4.10548e-15
 1.14439e-14
 6.50287e-15
-2.62307e-15
-1.15475e-14
 8.51207e-16
-2.01238e-15
 8.52581e-15
 5.95634e-15
-3.56205e-15
-8.98542e-15
 8.88088e-15
-3.42916e-15
-4.02776e-15
 8.31803e-16
 1.02294e-15
 1.62422e-15
 9.92136e-15
-7.16205e-15
-2.26032e-14
-8.97424e-15
 3.93492e-15
 3.94474e-15
 3.51672e-15
-7.08649e-15
-1.77572e-14
-3.99420e-15
 3.24822e-15
-3.68886e-16
 2.55692e-15
-2.86362e-15
 1.96648e-15
 7.09388e-15
-4.99920e-16
-9.18359e-15
 2.79433e-15
-4.60433e-15
 2.56749e-15
 5.36476e-15
-1.15672e-14
-2.24680e-14
 1.03945e-14
 8.02448e-16
-2.88987e-15
 2.99590e-16
-9.26259e-15
-2.16446e-14
 1.00058e-14
 9.75214e-16
-3.43254e-15
-2.15142e-15
-7.29011e-15
-1.59011e-14
 1.15395e-14
-7.07209e-16
-4.03319e-15
-1.67129e-15
-3.89370e-15
-4.38953e-15
 4.87173e-15
-3.93679e-15
-1.96994e-15
 1.23288e-16
-3.47359e-15
-2.42001e-15
 3.38479e-15
-8.64249e-16
 2.74807e-15
 3.78329e-15
 4.19250e-15
 5.08385e-15
-4.47461e-16
-4.53596e-15
 1.77441e-15
 9.95121e-16
-4.64000e-15
-6.07669e-15
 4.52799e-15
 4.20450e-15
 4.47890e-15
 2.60649e-15
 9.65375e-16
-2.77783e-15
-4.86837e-16
 2.93648e-15
 3.72997e-15
-1.22274e-15
-1.97293e-15
-3.45699e-15
 2.66408e-15
-4.56850e-15
 3.94908e-15
 1.35971e-15
-6.03587e-15
-1.85724e-15
-1.83273e-14
-1.79516e-14
-2.00315e-14
-1.07745e-14
-1.24939e-14
-3.19563e-14
 4.21483e-14
 3.68500e-14
 3.49023e-14
 4.76632e-14
 4.11482e-14
 2.36649e-14
-3.65344e-14
-3.70762e-14
-3.84648e-14
-3.89253e-14
-3.80550e-14
-4.16343e-14
-3.54544e-15
-2.19678e-15
 1.26100e-15
-7.24617e-16
-2.35348e-15
-7.62216e-15
 3.47351e-14
 3.78945e-14
 4.10474e-14
 4.22923e-14
 4.28585e-14
 3.42183e-14
 1.39268e-14
 4.22419e-15
-3.38717e-15
 1.72261e-15
 6.56610e-16
-9.70673e-15
-4.22250e-14
-4.78295e-14
-4.23821e-14
-4.13818e-14
-4.77482e-14
-4.89390e-14
 3.93751e-14
 5.04063e-14
 4.61931e-14
 4.98571e-14
 5.05163e-14
 3.02527e-14
 0.00000e+00
 0.00000e+00
 0.00000e+00
 0.00000e+00
 0.00000e+00
 0.00000e+00
 0.00000e+00
 0.00000e+00
 0.00000e+00
 0.00000e+00
 0.00000e+00
 0.00000e+00
 0.00000e+00
 0.00000e+00
 0.00000e+00
 0.00000e+00
 0.00000e+00
 0.00000e+00
 0.00000e+00
 0.00000e+00
 0.00000e+00
 0.00000e+00
 0.00000e+00
 0.00000e+00
 0.00000e+00
 0.00000e+00
 0.00000e+00
 0.00000e+00
 0.00000e+00
 0.00000e+00
 0.00000e+00
 0.00000e+00
 0.00000e+00
 0.00000e+00
 0.00000e+00
 0.00000e+00
 0.00000e+00
 0.00000e+00
 0.00000e+00
 0.00000e+00
 0.00000e+00
 0.00000e+00
 0.00000e+00
 0.00000e+00
 0.00000e+00
 0.00000e+00
 0.00000e+00
 0.00000e+00
 0.00000e+00
 0.00000e+00
 0.00000e+00
 0.00000e+00
 0.00000e+00
 0.00000e+00
 0.00000e+00
 0.00000e+00
 0.00000e+00
 0.00000e+00
 0.00000e+00
 0.00000e+00
 0.00000e+00
 0.00000e+00
 0.00000e+00
 0.00000e+00
 0.00000e+00
 0.00000e+00
 0.00000e+00
 0.00000e+00
 0.00000e+00
 0.00000e+00
 0.00000e+00
 0.00000e+00
 0.00000e+00
 0.00000e+00
 0.00000e+00
 0.00000e+00
 0.00000e+00
 0.00000e+00
 0.00000e+00
 0.00000e+00
 0.00000e+00
 0.00000e+00
 0.00000e+00
 0.00000e+00
 0.00000e+00
 0.00000e+00
 0.00000e+00
 0.00000e+00
 0.00000e+00
 0.00000e+00
 0.00000e+00
 0.00000e+00
 0.00000e+00
 0.00000e+00
 0.00000e+00
 0.00000e+00
 0.00000e+00
 0.00000e+00
 0.00000e+00
 0.00000e+00
 0.00000e+00
 0.00000e+00
 0.00000e+00
 0.00000e+00
 0.00000e+00
 0.00000e+00
 0.00000e+00
 0.00000e+00
 0.00000e+00
 0.00000e+00
 0.00000e+00
 0.00000e+00
 0.00000e+00
 0.00000e+00
 0.00000e+00
 0.00000e+00
 0.00000e+00
 0.00000e+00
 0.00000e+00
 0.00000e+00
 0.00000e+00
 0.00000e+00
 0.00000e+00
 0.00000e+00
 0.00000e+00
 0.00000e+00
 0.00000e+00
 0.00000e+00
 0.00000e+00
 0.00000e+00
 0.00000e+00
 0.00000e+00
 0.00000e+00
 0.00000e+00
 0.00000e+00
 0.00000e+00
 0.00000e+00
 0.00000e+00
 0.00000e+00
 0.00000e+00
 0.00000e+00
 0.00000e+00
 0.00000e+00
 0.00000e+00
 0.00000e+00
 0.00000e+00
 0.00000e+00
 0.00000e+00
 0.00000e+00
 0.00000e+00
 0.00000e+00
 0.00000e+00
 0.00000e+00
 0.00000e+00
 0.00000e+00
 0.00000e+00
 0.00000e+00
 0.00000e+00
 0.00000e+00
 0.00000e+00
 0.00000e+00
 0.00000e+00
 0.00000e+00
 0.00000e+00
 0.00000e+00
 0.00000e+00
 0.00000e+00
 0.00000e+00
 0.00000e+00
 0.00000e+00
 0.00000e+00
 0.00000e+00
 0.00000e+00
 0.00000e+00
