Velocity
part
         1
coordinates
 0.00000e+00
-6.13890e-16
 9.07017e-16
-1.52668e-15
 3.06034e-15
 0.00000e+00
 0.00000e+00
-2.49396e-17
 2.28629e-17
-4.24463e-16
 2.13743e-15
 0.00000e+00
 0.00000e+00
 8.62665e-16
-2.18082e-15
 1.34522e-15
-7.20648e-16
 0.00000e+00
 0.00000e+00
 2.93401e-16
-1.20996e-15
 4.31414e-16
 3.96385e-16
 0.00000e+00
 0.00000e+00
 2.24536e-15
 1.87437e-15
 1.99567e-15
 8.04083e-16
 0.00000e+00
 0.00000e+00
-5.21020e-15
-2.78660e-15
-3.94852e-15
-3.38568e-15
 0.00000e+00
 0.00000e+00
 1.02888e-15
 1.60605e-15
 1.61862e-15
 7.12537e-18
 0.00000e+00
 0.00000e+00
-1.55087e-15
-1.01674e-15
 8.57407e-16
 2.24078e-16
 0.00000e+00
 0.00000e+00
 4.54454e-15
 4.78555e-15
 5.44828e-15
 3.85450e-15
 0.00000e+00
 0.00000e+00
-4.93184e-15
-4.34848e-15
-5.16815e-15
-5.15195e-15
 0.00000e+00
 0.00000e+00
 3.41648e-15
 6.45680e-15
 4.08071e-15
 1.87946e-15
 0.00000e+00
 0.00000e+00
-4.35915e-15
-2.26986e-15
-3.06541e-15
-1.96809e-15
 0.00000e+00
 0.00000e+00
 9.04687e-16
 1.44940e-16
 1.42468e-15
 2.01132e-16
 0.00000e+00
 0.00000e+00
 8.37670e-16
-1.32227e-15
 2.02201e-15
-1.36644e-15
 0.00000e+00
 0.00000e+00
 2.60812e-15
-2.91682e-15
 1.55124e-15
-2.87562e-16
 0.00000e+00
 0.00000e+00
 2.60491e-15
-1.11801e-15
-1.48337e-16
 1.04310e-15
 0.00000e+00
 0.00000e+00
 1.55894e-15
-1.64968e-16
-1.37086e-15
-9.82066e-16
 0.00000e+00
 0.00000e+00
 6.49960e-15
 5.57804e-15
 5.63630e-15
 8.11935e-15
 0.00000e+00
 0.00000e+00
-4.25921e-15
-8.42021e-15
-3.95246e-15
-4.45147e-15
 0.00000e+00
 0.00000e+00
 1.09273e-15
 1.69105e-15
 3.59357e-16
 2.00354e-16
 0.00000e+00
 0.00000e+00
 4.02009e-15
 7.61726e-15
 7.43974e-15
 2.53770e-15
 0.00000e+00
 0.00000e+00
-3.47081e-15
-5.79768e-15
 5.57265e-16
-7.96269e-15
 0.00000e+00
 0.00000e+00
 1.43914e-15
 4.90551e-16
-8.33851e-16
 3.02006e-15
 0.00000e+00
 0.00000e+00
 2.32014e-15
-1.62806e-15
-3.63137e-16
 3.19987e-15
 0.00000e+00
 0.00000e+00
 4.01902e-15
-4.37533e-15
 1.14339e-15
-3.44460e-15
 0.00000e+00
 0.00000e+00
 5.35703e-15
 1.09273e-15
-2.08258e-15
 9.82175e-16
 0.00000e+00
 0.00000e+00
 7.33873e-16
 3.63915e-15
-3.83251e-15
-2.82113e-15
 0.00000e+00
 0.00000e+00
 1.40395e-15
 4.07088e-15
-3.87597e-16
-6.12829e-15
 0.00000e+00
 0.00000e+00
-5.58952e-16
 2.40212e-18
-1.54518e-15
 3.26645e-15
 0.00000e+00
 0.00000e+00
-4.92916e-16
 1.73666e-16
-1.25922e-15
 2.52690e-15
 0.00000e+00
 0.00000e+00
-7.87863e-16
-7.18560e-16
-2.76097e-16
 7.74941e-16
 0.00000e+00
 0.00000e+00
-9.44552e-16
-6.35153e-16
-6.22807e-16
 1.31175e-15
 0.00000e+00
 0.00000e+00
 2.84870e-15
 1.42907e-15
 1.83548e-15
 2.25773e-15
 0.00000e+00
 0.00000e+00
-4.80172e-15
-3.33895e-15
-3.22900e-15
-3.81324e-15
 0.00000e+00
 0.00000e+00
 1.50655e-15
 2.08793e-15
 2.82796e-16
 9.57564e-16
 0.00000e+00
 0.00000e+00
-1.20985e-15
-8.40050e-16
-3.15282e-16
 9.64496e-16
 0.00000e+00
 0.00000e+00
 4.87957e-15
 3.01754e-15
 7.02543e-15
 2.76880e-15
 0.00000e+00
 0.00000e+00
-4.91622e-15
-4.58462e-15
-4.79720e-15
-3.94041e-15
 0.00000e+00
 0.00000e+00
 3.85185e-15
 5.39507e-15
 4.12967e-15
 1.79306e-15
 0.00000e+00
 0.00000e+00
-4.34162e-15
-4.00581e-15
-1.22304e-15
-3.55053e-15
 0.00000e+00
 0.00000e+00
-1.56346e-16
 1.07074e-15
 1.11456e-15
-2.98710e-16
 0.00000e+00
 0.00000e+00
 5.32351e-17
 2.32830e-16
-5.22265e-17
 1.47952e-16
 0.00000e+00
 0.00000e+00
-4.27772e-16
 6.89644e-16
-3.57256e-16
-3.29220e-17
 0.00000e+00
 0.00000e+00
 4.11504e-16
 9.18303e-16
-5.31831e-16
 1.51336e-15
 0.00000e+00
 0.00000e+00
 1.57523e-15
-4.14104e-16
-7.31718e-17
 8.57799e-17
 0.00000e+00
 0.00000e+00
 7.15655e-15
 5.35723e-15
 6.95217e-15
 7.35124e-15
 0.00000e+00
 0.00000e+00
-4.97943e-15
-6.41347e-15
-7.29373e-15
-3.61546e-15
 0.00000e+00
 0.00000e+00
 1.69146e-15
-4.80080e-16
 4.10424e-16
 3.50515e-15
 0.00000e+00
 0.00000e+00
 6.37462e-15
 5.75928e-15
 7.31325e-15
 4.51750e-15
 0.00000e+00
 0.00000e+00
-4.60464e-15
-4.37593e-15
-3.15410e-15
-5.23063e-15
 0.00000e+00
 0.00000e+00
 1.99811e-15
-1.17042e-15
-1.54313e-15
 2.26571e-15
 0.00000e+00
 0.00000e+00
 2.56414e-15
-1.61367e-15
-1.92353e-15
 2.65517e-15
 0.00000e+00
 0.00000e+00
 2.51676e-15
-4.62918e-15
-3.88843e-16
-1.34549e-15
 0.00000e+00
 0.00000e+00
 4.60837e-15
-1.50018e-15
-1.60384e-16
 1.66572e-15
 0.00000e+00
 0.00000e+00
 3.75654e-16
 2.32346e-15
-3.14572e-15
-5.80477e-16
 0.00000e+00
 0.00000e+00
 1.87922e-15
 1.00601e-15
-6.81303e-16
-3.24014e-15
 0.00000e+00
 0.00000e+00
-1.95490e-15
 1.27310e-15
-2.43372e-15
 3.44201e-15
 0.00000e+00
 0.00000e+00
-1.06200e-15
 6.65973e-16
-1.77068e-15
 2.17308e-15
 0.00000e+00
 0.00000e+00
-7.14622e-16
-7.73045e-16
-7.72969e-16
 1.75654e-16
 0.00000e+00
 0.00000e+00
-1.46145e-15
-1.77930e-15
-9.54471e-16
 2.80095e-16
 0.00000e+00
 0.00000e+00
 2.38370e-15
 1.72063e-15
 1.63279e-15
 1.79228e-15
 0.00000e+00
 0.00000e+00
-4.59110e-15
-4.12211e-15
-3.12252e-15
-3.12075e-15
 0.00000e+00
 0.00000e+00
 1.10972e-15
 1.97334e-15
 8.38014e-18
 1.29139e-15
 0.00000e+00
 0.00000e+00
-1.78853e-15
-7.40986e-16
-8.45682e-16
 6.21466e-16
 0.00000e+00
 0.00000e+00
 3.40637e-15
 3.13141e-15
 4.72332e-15
 2.33930e-15
 0.00000e+00
 0.00000e+00
-4.53339e-15
-5.96710e-15
-4.36667e-15
-4.16429e-15
 0.00000e+00
 0.00000e+00
 3.53066e-15
 4.60491e-15
 3.78728e-15
 3.33305e-15
 0.00000e+00
 0.00000e+00
-5.90372e-15
-4.14917e-15
-3.84812e-15
-2.10355e-15
 0.00000e+00
 0.00000e+00
 4.43032e-16
 8.26676e-16
 8.80135e-16
-7.53481e-16
 0.00000e+00
 0.00000e+00
 1.25257e-15
 2.65025e-16
-7.83331e-17
-4.01493e-16
 0.00000e+00
 0.00000e+00
-5.91002e-16
-3.62578e-16
 2.06591e-16
-4.70049e-16
 0.00000e+00
 0.00000e+00
-2.52198e-15
 1.34659e-15
-8.89175e-16
-2.47819e-17
 0.00000e+00
 0.00000e+00
 1.01500e-15
 6.20021e-16
-1.87513e-16
 3.46936e-16
 0.00000e+00
 0.00000e+00
 7.35460e-15
 4.79651e-15
 8.76997e-15
 5.67223e-15
 0.00000e+00
 0.00000e+00
-6.40366e-15
-3.77535e-15
-9.03390e-15
-5.30808e-15
 0.00000e+00
 0.00000e+00
 1.85281e-15
 1.13610e-15
-4.47065e-16
 4.32546e-15
 0.00000e+00
 0.00000e+00
 7.79284e-15
 2.96793e-15
 9.22568e-15
 4.39115e-15
 0.00000e+00
 0.00000e+00
-5.24605e-15
-5.28649e-15
-5.61223e-15
-2.96236e-15
 0.00000e+00
 0.00000e+00
-6.30393e-16
 2.19111e-16
-3.01641e-15
 3.37288e-15
 0.00000e+00
 0.00000e+00
 1.54528e-15
-2.49651e-15
-4.12193e-16
-3.97330e-16
 0.00000e+00
 0.00000e+00
-9.44516e-16
-4.03032e-15
 2.20400e-16
-2.93070e-15
 0.00000e+00
 0.00000e+00
-1.19041e-15
 1.97492e-15
 7.03613e-16
-7.05403e-16
 0.00000e+00
 0.00000e+00
-1.48092e-15
 6.60945e-16
-2.86300e-16
-1.04755e-15
 0.00000e+00
 0.00000e+00
-1.80417e-15
-1.22097e-15
-3.59067e-15
 1.28260e-15
 0.00000e+00
 0.00000e+00
 3.09375e-16
 1.70367e-15
-7.88577e-16
 3.22422e-15
 0.00000e+00
 0.00000e+00
 1.97822e-15
 1.23106e-15
 4.20454e-17
 2.20138e-15
 0.00000e+00
 0.00000e+00
 1.04457e-15
 4.70103e-16
 8.62683e-16
 7.32939e-16
 0.00000e+00
 0.00000e+00
 2.54420e-15
-1.81894e-16
-1.66641e-16
 1.65018e-15
 0.00000e+00
 0.00000e+00
 2.49794e-15
 3.10967e-15
 2.70702e-15
 1.50896e-15
 0.00000e+00
 0.00000e+00
-4.35091e-15
-3.52138e-15
-2.73888e-15
-3.32819e-15
 0.00000e+00
 0.00000e+00
 3.39673e-15
 2.02943e-15
 2.04029e-15
 8.52425e-16
 0.00000e+00
 0.00000e+00
-4.34471e-16
 1.14818e-15
-7.55741e-17
 1.05820e-15
 0.00000e+00
 0.00000e+00
 4.66567e-15
 4.87462e-15
 5.29918e-15
 3.80275e-15
 0.00000e+00
 0.00000e+00
-3.60053e-15
-4.03101e-15
-4.90552e-15
-3.45988e-15
 0.00000e+00
 0.00000e+00
 6.00174e-15
 4.39397e-15
 4.91469e-15
 2.59090e-15
 0.00000e+00
 0.00000e+00
-4.17120e-15
-3.06142e-15
-4.16530e-15
-8.98768e-16
 0.00000e+00
 0.00000e+00
 2.26098e-17
 2.30744e-15
 6.18634e-16
 8.10151e-16
 0.00000e+00
 0.00000e+00
 2.07924e-15
 1.10248e-15
 2.33641e-15
 3.33180e-16
 0.00000e+00
 0.00000e+00
 1.41020e-15
 5.87736e-16
 2.47284e-15
 2.02837e-16
 0.00000e+00
 0.00000e+00
 1.31133e-15
 2.31887e-15
 2.35473e-15
 2.64138e-16
 0.00000e+00
 0.00000e+00
-6.69277e-16
 2.40412e-15
-6.77364e-16
 2.35560e-17
 0.00000e+00
 0.00000e+00
 6.74456e-15
 6.29118e-15
 8.24202e-15
 5.68024e-15
 0.00000e+00
 0.00000e+00
-5.37698e-15
-4.58134e-15
-4.56254e-15
-8.39348e-15
 0.00000e+00
 0.00000e+00
 1.41234e-15
 2.82568e-15
-1.91753e-16
 1.64709e-15
 0.00000e+00
 0.00000e+00
 5.55931e-15
 6.53566e-15
 6.85213e-15
 7.08423e-15
 0.00000e+00
 0.00000e+00
-5.08626e-15
-4.24592e-15
-4.11225e-15
-3.46163e-15
 0.00000e+00
 0.00000e+00
 9.04527e-16
 7.70747e-16
 1.09437e-15
 4.53324e-16
 0.00000e+00
 0.00000e+00
 2.89278e-15
 5.23318e-16
 2.55519e-15
-1.83063e-15
 0.00000e+00
 0.00000e+00
 1.42027e-15
-2.50839e-15
 9.19316e-16
-4.56441e-15
 0.00000e+00
 0.00000e+00
 1.83709e-15
 3.38419e-15
 1.01933e-15
-8.99019e-17
 0.00000e+00
 0.00000e+00
-1.32398e-15
 2.09758e-15
 1.32463e-16
 2.05379e-15
 0.00000e+00
 0.00000e+00
-1.97353e-15
-1.24808e-15
-9.57525e-16
 2.76202e-15
 0.00000e+00
 0.00000e+00
-2.86213e-15
-2.91082e-15
-3.10562e-15
-4.66873e-16
 0.00000e+00
 0.00000e+00
-2.38074e-15
-2.54842e-15
-2.63980e-15
-1.47365e-15
 0.00000e+00
 0.00000e+00
-3.26344e-15
-2.03681e-15
-2.56398e-15
-2.65460e-15
 0.00000e+00
 0.00000e+00
-1.26917e-15
-2.81719e-15
-1.86356e-15
-1.43470e-15
 0.00000e+00
 0.00000e+00
-7.65540e-16
-9.70434e-16
-2.23406e-16
-8.55519e-16
 0.00000e+00
 0.00000e+00
-7.42430e-15
-5.46194e-15
-5.46754e-15
-5.06270e-15
 0.00000e+00
 0.00000e+00
-5.72753e-16
-8.74553e-16
-2.34436e-15
-1.16791e-15
 0.00000e+00
 0.00000e+00
-2.56636e-15
-2.74470e-15
-2.07845e-15
-1.62544e-15
 0.00000e+00
 0.00000e+00
 1.51330e-15
 6.86025e-16
 1.97137e-15
 1.52153e-15
 0.00000e+00
 0.00000e+00
-6.54067e-15
-5.89002e-15
-9.53824e-15
-3.76777e-15
 0.00000e+00
 0.00000e+00
 2.06877e-15
 2.00081e-15
 1.72256e-15
 2.23451e-16
 0.00000e+00
 0.00000e+00
-7.26091e-15
-7.58118e-15
-7.24470e-15
-3.44306e-15
 0.00000e+00
 0.00000e+00
-2.71289e-15
-1.63283e-15
-2.57954e-15
-1.05178e-15
 0.00000e+00
 0.00000e+00
-3.60763e-15
-1.24952e-15
-3.21219e-15
-1.33935e-15
 0.00000e+00
 0.00000e+00
-4.37765e-15
-7.96312e-16
-2.50801e-15
-2.42618e-15
 0.00000e+00
 0.00000e+00
-2.51468e-15
-1.37709e-15
-1.11485e-15
-1.52974e-15
 0.00000e+00
 0.00000e+00
-2.85719e-15
-1.61964e-15
-9.37142e-16
-2.71544e-15
 0.00000e+00
 0.00000e+00
 5.79750e-15
 4.33667e-15
 5.67727e-15
 5.27929e-15
 0.00000e+00
 0.00000e+00
-8.40207e-15
-9.32017e-15
-7.89378e-15
-9.61175e-15
 0.00000e+00
 0.00000e+00
-2.97078e-16
-1.24069e-15
-8.23404e-16
-4.18360e-16
 0.00000e+00
 0.00000e+00
 3.23378e-15
 6.70976e-15
 3.20032e-15
 6.61510e-15
 0.00000e+00
 0.00000e+00
-8.38098e-15
-3.86548e-15
-9.00719e-15
-5.48640e-15
 0.00000e+00
 0.00000e+00
-1.44205e-15
-2.12391e-15
-9.93646e-16
-1.71472e-15
 0.00000e+00
 0.00000e+00
-7.53231e-16
-1.41021e-15
-5.87069e-16
-2.74874e-15
 0.00000e+00
 0.00000e+00
-2.25021e-15
-5.42663e-15
-3.49622e-15
-4.33403e-15
 0.00000e+00
 0.00000e+00
 9.38253e-17
-2.08763e-15
-2.74479e-15
 6.30907e-16
 0.00000e+00
 0.00000e+00
-3.17525e-15
-2.71578e-15
-4.37222e-15
 1.96067e-15
 0.00000e+00
 0.00000e+00
-4.54148e-15
-5.59448e-15
-1.53667e-15
-3.53946e-15
 0.00000e+00
 0.00000e+00
 2.83918e-15
 4.71723e-15
 4.65702e-15
 7.09895e-15
 0.00000e+00
 0.00000e+00
 3.16947e-15
 5.92797e-15
 3.75998e-15
 6.65711e-15
 0.00000e+00
 0.00000e+00
 4.10258e-15
 5.55079e-15
 5.11878e-15
 3.92784e-15
 0.00000e+00
 0.00000e+00
 3.26389e-15
 3.79009e-15
 5.55745e-15
 3.73727e-15
 0.00000e+00
 0.00000e+00
 4.96135e-15
 4.81564e-15
 5.58941e-15
 5.24576e-15
 0.00000e+00
 0.00000e+00
-1.14156e-16
 8.13136e-16
 2.49447e-15
 2.45623e-15
 0.00000e+00
 0.00000e+00
 5.75883e-15
 6.78855e-15
 3.46756e-15
 4.75069e-15
 0.00000e+00
 0.00000e+00
 3.34024e-15
 5.16666e-15
 4.65679e-15
 5.21333e-15
 0.00000e+00
 0.00000e+00
 6.86857e-15
 8.06107e-15
 7.43450e-15
 8.97358e-15
 0.00000e+00
 0.00000e+00
 4.67911e-16
-1.42431e-15
-1.01456e-15
 2.26037e-16
 0.00000e+00
 0.00000e+00
 5.62437e-15
 1.04158e-14
 6.91436e-15
 7.32138e-15
 0.00000e+00
 0.00000e+00
-1.25496e-15
 1.30963e-15
-8.87065e-16
 3.35588e-15
 0.00000e+00
 0.00000e+00
 6.32082e-15
 3.58980e-15
 7.14404e-15
 4.06856e-15
 0.00000e+00
 0.00000e+00
 4.53074e-15
 5.82422e-15
 5.38514e-15
 4.89901e-15
 0.00000e+00
 0.00000e+00
 3.83031e-15
 5.40218e-15
 7.46254e-15
 3.71138e-15
 0.00000e+00
 0.00000e+00
 1.83435e-15
 5.60103e-15
 5.02060e-15
 5.35319e-15
 0.00000e+00
 0.00000e+00
 6.42355e-15
 2.21642e-15
 4.25413e-15
 4.44192e-15
 0.00000e+00
 0.00000e+00
 1.29856e-14
 8.03225e-15
 1.08384e-14
 1.10027e-14
 0.00000e+00
 0.00000e+00
-2.84079e-15
-7.88261e-16
-2.71235e-15
-1.57010e-15
 0.00000e+00
 0.00000e+00
 4.57708e-15
 3.74104e-15
 3.75774e-15
 6.31859e-15
 0.00000e+00
 0.00000e+00
 9.35481e-15
 8.92618e-15
 1.06529e-14
 8.31446e-15
 0.00000e+00
 0.00000e+00
 3.36889e-17
 2.53618e-15
-2.03473e-15
 2.26970e-15
 0.00000e+00
 0.00000e+00
 4.14975e-15
 6.80818e-15
 2.47903e-15
 1.17528e-14
 0.00000e+00
 0.00000e+00
 5.70614e-15
 3.24232e-15
 6.29071e-15
 5.59286e-15
 0.00000e+00
 0.00000e+00
 2.86347e-15
 1.31743e-15
 4.22115e-15
 3.81932e-15
 0.00000e+00
 0.00000e+00
 3.13044e-15
 8.16893e-15
 1.97032e-15
 9.45573e-15
 0.00000e+00
 0.00000e+00
 6.27357e-15
 2.03660e-15
 3.41050e-15
 8.74366e-15
 0.00000e+00
 0.00000e+00
 2.11318e-15
 2.24484e-15
 3.27735e-15
 2.02118e-15
 0.00000e+00
 0.00000e+00
 0.00000e+00
 0.00000e+00
 0.00000e+00
 0.00000e+00
 0.00000e+00
 4.82134e-16
 2.30669e-16
-3.33442e-16
 1.82404e-15
-4.12492e-15
 7.46734e-15
 3.61549e-16
-1.31026e-15
-5.09964e-16
 2.39168e-15
-3.97965e-15
 8.99227e-15
-2.80693e-16
-3.10653e-15
-8.26678e-16
 1.34523e-15
-5.20381e-15
 1.21237e-14
 1.68885e-15
 1.16092e-15
-3.42661e-16
 1.77979e-15
-1.95494e-15
 9.14926e-15
-3.69173e-16
-2.31636e-15
-9.99782e-16
-5.16557e-16
-2.56316e-15
 8.33850e-15
-9.20581e-16
 1.41644e-15
-2.97129e-15
 1.07841e-15
-4.15107e-15
 9.63039e-15
 8.89315e-16
-4.55012e-15
-3.01874e-15
 9.83953e-16
-7.18196e-15
 1.20738e-14
-3.20264e-15
-2.76121e-16
 1.50856e-15
 2.42911e-15
-7.01809e-16
 9.88565e-15
 3.98442e-15
 1.06792e-15
 1.57736e-15
 2.19895e-15
 2.25637e-15
 1.16639e-14
 2.47129e-14
 2.60989e-14
 2.67136e-14
 3.05662e-14
 2.22703e-14
 3.61895e-14
 2.93043e-13
 2.94139e-13
 2.93055e-13
 2.92078e-13
 2.89986e-13
 3.01690e-13
 3.05222e-12
 3.05140e-12
 3.05011e-12
 3.05403e-12
 3.04396e-12
 3.05868e-12
 2.93512e-11
 2.93502e-11
 2.93489e-11
 2.93529e-11
 2.93482e-11
 2.93604e-11
 2.61327e-10
 2.61326e-10
 2.61327e-10
 2.61324e-10
 2.61318e-10
 2.61338e-10
 2.14557e-09
 2.14556e-09
 2.14557e-09
 2.14557e-09
 2.14557e-09
 2.14557e-09
 1.61908e-08
 1.61908e-08
 1.61908e-08
 1.61908e-08
 1.61908e-08
 1.61908e-08
 1.11848e-07
 1.11848e-07
 1.11848e-07
 1.11848e-07
 1.11848e-07
 1.11848e-07
 7.04082e-07
 7.04082e-07
 7.04082e-07
 7.04082e-07
 7.04082e-07
 7.04082e-07
 4.01690e-06
 4.01690e-06
 4.01690e-06
 4.01690e-06
 4.01690e-06
 4.01690e-06
 2.06352e-05
 2.06352e-05
 2.06352e-05
 2.06352e-05
 2.06352e-05
 2.06352e-05
 9.46983e-05
 9.46983e-05
 9.46983e-05
 9.46983e-05
 9.46983e-05
 9.46983e-05
 3.84465e-04
 3.84465e-04
 3.84465e-04
 3.84465e-04
 3.84465e-04
 3.84465e-04
 1.36454e-03
 1.36454e-03
 1.36454e-03
 1.36454e-03
 1.36454e-03
 1.36454e-03
 4.17621e-03
 4.17621e-03
 4.17621e-03
 4.17621e-03
 4.17621e-03
 4.17621e-03
 1.08774e-02
 1.08774e-02
 1.08774e-02
 1.08774e-02
 1.08774e-02
 1.08774e-02
 2.39343e-02
 2.39343e-02
 2.39343e-02
 2.39343e-02
 2.39343e-02
 2.39343e-02
 4.47359e-02
 4.47359e-02
 4.47359e-02
 4.47359e-02
 4.47359e-02
 4.47359e-02
 0.00000e+00
 0.00000e+00
 0.00000e+00
 0.00000e+00
 0.00000e+00
 0.00000e+00
 8.17223e-16
-4.26088e-16
-1.31447e-15
 3.07867e-15
-5.87330e-15
 7.24840e-15
 5.44933e-16
-4.60556e-16
-7.39022e-16
 2.42539e-15
-5.89131e-15
 8.70766e-15
 1.92831e-15
-4.41163e-16
-1.58200e-15
 2.07013e-15
-5.44907e-15
 9.77711e-15
-2.46194e-17
-8.86965e-16
-1.12448e-15
 1.74691e-15
-5.07602e-15
 8.78489e-15
 1.50109e-15
-9.67132e-16
-7.36295e-16
 1.30532e-15
-1.56658e-15
 6.46942e-15
-2.02854e-15
-5.36368e-17
-3.38544e-15
 2.67472e-16
-6.94066e-15
 9.14827e-15
 3.01828e-15
-2.21726e-15
-2.54785e-15
 3.05097e-15
-5.22231e-15
 1.09538e-14
-2.45460e-15
-1.65997e-16
-1.32507e-15
 2.49994e-16
-2.74025e-15
 8.15941e-15
 3.03333e-15
-4.76781e-16
 3.19370e-15
 4.14941e-15
 7.70738e-16
 1.26850e-14
 2.30768e-14
 2.62217e-14
 2.39025e-14
 2.89000e-14
 2.31189e-14
 3.36983e-14
 2.94938e-13
 2.93563e-13
 2.95161e-13
 2.96107e-13
 2.90159e-13
 3.02391e-13
 3.05027e-12
 3.04884e-12
 3.04973e-12
 3.05300e-12
 3.04253e-12
 3.05893e-12
 2.93531e-11
 2.93524e-11
 2.93517e-11
 2.93531e-11
 2.93486e-11
 2.93636e-11
 2.61327e-10
 2.61322e-10
 2.61322e-10
 2.61325e-10
 2.61316e-10
 2.61332e-10
 2.14557e-09
 2.14557e-09
 2.14557e-09
 2.14557e-09
 2.14557e-09
 2.14558e-09
 1.61908e-08
 1.61908e-08
 1.61908e-08
 1.61908e-08
 1.61908e-08
 1.61908e-08
 1.11848e-07
 1.11848e-07
 1.11848e-07
 1.11848e-07
 1.11848e-07
 1.11848e-07
 7.04082e-07
 7.04082e-07
 7.04082e-07
 7.04082e-07
 7.04082e-07
 7.04082e-07
 4.01690e-06
 4.01690e-06
 4.01690e-06
 4.01690e-06
 4.01690e-06
 4.01690e-06
 2.06352e-05
 2.06352e-05
 2.06352e-05
 2.06352e-05
 2.06352e-05
 2.06352e-05
 9.46983e-05
 9.46983e-05
 9.46983e-05
 9.46983e-05
 9.46983e-05
 9.46983e-05
 3.84465e-04
 3.84465e-04
 3.84465e-04
 3.84465e-04
 3.84465e-04
 3.84465e-04
 1.36454e-03
 1.36454e-03
 1.36454e-03
 1.36454e-03
 1.36454e-03
 1.36454e-03
 4.17621e-03
 4.17621e-03
 4.17621e-03
 4.17621e-03
 4.17621e-03
 4.17621e-03
 1.08774e-02
 1.08774e-02
 1.08774e-02
 1.08774e-02
 1.08774e-02
 1.08774e-02
 2.39343e-02
 2.39343e-02
 2.39343e-02
 2.39343e-02
 2.39343e-02
 2.39343e-02
 4.47359e-02
 4.47359e-02
 4.47359e-02
 4.47359e-02
 4.47359e-02
 4.47359e-02
 0.00000e+00
 0.00000e+00
 0.00000e+00
 0.00000e+00
 0.00000e+00
 0.00000e+00
-4.26826e-16
-8.94495e-16
-5.62045e-16
 2.75397e-15
-6.08628e-15
 7.14802e-15
 1.12860e-15
-7.08004e-16
-5.76376e-16
 1.95387e-15
-5.27837e-15
 8.38732e-15
 3.41976e-16
-7.29186e-16
-4.85579e-16
 1.69221e-15
-5.68573e-15
 1.11794e-14
-1.79211e-15
-6.03643e-16
-7.65586e-16
 1.18711e-15
-3.92227e-15
 9.54061e-15
 4.79042e-16
-1.18610e-15
-2.31866e-15
-1.21812e-15
-4.44323e-15
 8.08429e-15
 8.94113e-16
 1.38617e-15
-1.93305e-15
 2.64362e-15
-4.57638e-15
 8.75703e-15
-8.30767e-16
-2.46917e-15
-2.39549e-15
 1.46760e-15
-5.93828e-15
 1.23932e-14
-1.90116e-15
-5.55661e-16
-1.29580e-15
-4.72581e-16
-2.51217e-15
 9.06196e-15
-2.02558e-16
 6.21461e-16
 2.93762e-15
 2.37563e-15
-2.01342e-15
 1.17581e-14
 2.73687e-14
 2.43947e-14
 2.41906e-14
 2.70036e-14
 2.29221e-14
 3.72634e-14
 2.92236e-13
 2.94171e-13
 2.94164e-13
 2.96398e-13
 2.90977e-13
 3.03998e-13
 3.04872e-12
 3.04794e-12
 3.05104e-12
 3.05487e-12
 3.04425e-12
 3.05804e-12
 2.93537e-11
 2.93538e-11
 2.93506e-11
 2.93494e-11
 2.93480e-11
 2.93654e-11
 2.61325e-10
 2.61320e-10
 2.61319e-10
 2.61327e-10
 2.61317e-10
 2.61328e-10
 2.14557e-09
 2.14557e-09
 2.14557e-09
 2.14557e-09
 2.14557e-09
 2.14558e-09
 1.61908e-08
 1.61908e-08
 1.61908e-08
 1.61908e-08
 1.61908e-08
 1.61908e-08
 1.11848e-07
 1.11848e-07
 1.11848e-07
 1.11848e-07
 1.11848e-07
 1.11848e-07
 7.04082e-07
 7.04082e-07
 7.04082e-07
 7.04082e-07
 7.04082e-07
 7.04082e-07
 4.01690e-06
 4.01690e-06
 4.01690e-06
 4.01690e-06
 4.01690e-06
 4.01690e-06
 2.06352e-05
 2.06352e-05
 2.06352e-05
 2.06352e-05
 2.06352e-05
 2.06352e-05
 9.46983e-05
 9.46983e-05
 9.46983e-05
 9.46983e-05
 9.46983e-05
 9.46983e-05
 3.84465e-04
 3.84465e-04
 3.84465e-04
 3.84465e-04
 3.84465e-04
 3.84465e-04
 1.36454e-03
 1.36454e-03
 1.36454e-03
 1.36454e-03
 1.36454e-03
 1.36454e-03
 4.17621e-03
 4.17621e-03
 4.17621e-03
 4.17621e-03
 4.17621e-03
 4.17621e-03
 1.08774e-02
 1.08774e-02
 1.08774e-02
 1.08774e-02
 1.08774e-02
 1.08774e-02
 2.39343e-02
 2.39343e-02
 2.39343e-02
 2.39343e-02
 2.39343e-02
 2.39343e-02
 4.47359e-02
 4.47359e-02
 4.47359e-02
 4.47359e-02
 4.47359e-02
 4.47359e-02
 0.00000e+00
 0.00000e+00
 0.00000e+00
 0.00000e+00
 0.00000e+00
 0.00000e+00
-8.97222e-16
 7.66889e-16
-1.63759e-15
 2.22857e-15
-4.40298e-15
 6.75751e-15
 7.11094e-16
-1.94246e-15
-7.32360e-16
 1.96932e-15
-5.67167e-15
 9.79169e-15
-1.92473e-15
-6.20668e-16
-1.24245e-15
 1.44792e-15
-5.52753e-15
 7.21001e-15
 1.18827e-15
-1.97902e-15
-1.79329e-15
 4.35473e-16
-4.64548e-15
 9.59163e-15
 1.79085e-16
 1.28112e-15
-9.36324e-16
-9.34037e-16
-2.55056e-15
 7.28209e-15
 8.21195e-16
-1.37106e-15
-3.54184e-15
 1.82961e-15
-6.73883e-15
 8.07279e-15
-1.82532e-16
-2.22376e-15
-2.52429e-15
 1.85789e-15
-7.73394e-15
 9.77438e-15
-1.94594e-15
-1.14141e-15
-5.43331e-16
 7.00228e-16
-3.15539e-15
 9.71394e-15
 1.07357e-15
 1.92178e-15
 3.34807e-15
 2.49373e-15
 1.27873e-15
 1.26024e-14
 2.71445e-14
 2.56433e-14
 2.43662e-14
 2.77404e-14
 2.08177e-14
 3.31082e-14
 2.96527e-13
 2.94805e-13
 2.94607e-13
 2.97269e-13
 2.91071e-13
 3.02173e-13
 3.04789e-12
 3.04912e-12
 3.04841e-12
 3.05179e-12
 3.04256e-12
 3.05741e-12
 2.93522e-11
 2.93523e-11
 2.93509e-11
 2.93532e-11
 2.93500e-11
 2.93631e-11
 2.61326e-10
 2.61324e-10
 2.61322e-10
 2.61325e-10
 2.61317e-10
 2.61331e-10
 2.14557e-09
 2.14557e-09
 2.14557e-09
 2.14557e-09
 2.14556e-09
 2.14558e-09
 1.61908e-08
 1.61908e-08
 1.61908e-08
 1.61908e-08
 1.61908e-08
 1.61908e-08
 1.11848e-07
 1.11848e-07
 1.11848e-07
 1.11848e-07
 1.11848e-07
 1.11848e-07
 7.04082e-07
 7.04082e-07
 7.04082e-07
 7.04082e-07
 7.04082e-07
 7.04082e-07
 4.01690e-06
 4.01690e-06
 4.01690e-06
 4.01690e-06
 4.01690e-06
 4.01690e-06
 2.06352e-05
 2.06352e-05
 2.06352e-05
 2.06352e-05
 2.06352e-05
 2.06352e-05
 9.46983e-05
 9.46983e-05
 9.46983e-05
 9.46983e-05
 9.46983e-05
 9.46983e-05
 3.84465e-04
 3.84465e-04
 3.84465e-04
 3.84465e-04
 3.84465e-04
 3.84465e-04
 1.36454e-03
 1.36454e-03
 1.36454e-03
 1.36454e-03
 1.36454e-03
 1.36454e-03
 4.17621e-03
 4.17621e-03
 4.17621e-03
 4.17621e-03
 4.17621e-03
 4.17621e-03
 1.08774e-02
 1.08774e-02
 1.08774e-02
 1.08774e-02
 1.08774e-02
 1.08774e-02
 2.39343e-02
 2.39343e-02
 2.39343e-02
 2.39343e-02
 2.39343e-02
 2.39343e-02
 4.47359e-02
 4.47359e-02
 4.47359e-02
 4.47359e-02
 4.47359e-02
 4.47359e-02
 0.00000e+00
 0.00000e+00
 0.00000e+00
 0.00000e+00
 0.00000e+00
 0.00000e+00
-1.10218e-16
-3.33964e-16
-3.16450e-16
 7.52386e-16
-3.87598e-15
 6.51993e-15
-9.47842e-17
-1.48688e-15
 5.73770e-16
 7.04694e-16
-4.94918e-15
 1.00223e-14
-1.10818e-15
-1.17368e-17
-7.00387e-16
 5.83656e-16
-4.08311e-15
 6.74599e-15
 1.17396e-15
-2.21318e-15
-1.20439e-15
 6.62121e-16
-4.86670e-15
 8.62889e-15
-2.35427e-15
-1.54970e-16
-2.84978e-15
 2.61367e-16
-5.40486e-15
 5.45384e-15
-3.18689e-16
-8.35656e-16
-8.91788e-16
 1.56376e-15
-5.41995e-15
 8.79493e-15
 8.82812e-16
 1.76649e-16
-1.53520e-15
 7.23552e-16
-5.35471e-15
 8.10268e-15
-1.42356e-15
-1.02526e-15
 6.77044e-17
-5.50180e-16
-3.33536e-15
 9.41286e-15
-8.72456e-17
 1.77406e-15
 2.17177e-15
 3.69649e-15
-7.87988e-16
 1.05645e-14
 2.65773e-14
 2.62400e-14
 2.41745e-14
 2.66650e-14
 2.59119e-14
 3.28490e-14
 2.94572e-13
 2.93831e-13
 2.94644e-13
 2.96166e-13
 2.87376e-13
 3.01276e-13
 3.05069e-12
 3.04921e-12
 3.04953e-12
 3.05071e-12
 3.04347e-12
 3.05755e-12
 2.93556e-11
 2.93534e-11
 2.93533e-11
 2.93558e-11
 2.93513e-11
 2.93631e-11
 2.61324e-10
 2.61323e-10
 2.61322e-10
 2.61324e-10
 2.61318e-10
 2.61330e-10
 2.14557e-09
 2.14557e-09
 2.14557e-09
 2.14557e-09
 2.14557e-09
 2.14558e-09
 1.61908e-08
 1.61908e-08
 1.61908e-08
 1.61908e-08
 1.61908e-08
 1.61908e-08
 1.11848e-07
 1.11848e-07
 1.11848e-07
 1.11848e-07
 1.11848e-07
 1.11848e-07
 7.04082e-07
 7.04082e-07
 7.04082e-07
 7.04082e-07
 7.04082e-07
 7.04082e-07
 4.01690e-06
 4.01690e-06
 4.01690e-06
 4.01690e-06
 4.01690e-06
 4.01690e-06
 2.06352e-05
 2.06352e-05
 2.06352e-05
 2.06352e-05
 2.06352e-05
 2.06352e-05
 9.46983e-05
 9.46983e-05
 9.46983e-05
 9.46983e-05
 9.46983e-05
 9.46983e-05
 3.84465e-04
 3.84465e-04
 3.84465e-04
 3.84465e-04
 3.84465e-04
 3.84465e-04
 1.36454e-03
 1.36454e-03
 1.36454e-03
 1.36454e-03
 1.36454e-03
 1.36454e-03
 4.17621e-03
 4.17621e-03
 4.17621e-03
 4.17621e-03
 4.17621e-03
 4.17621e-03
 1.08774e-02
 1.08774e-02
 1.08774e-02
 1.08774e-02
 1.08774e-02
 1.08774e-02
 2.39343e-02
 2.39343e-02
 2.39343e-02
 2.39343e-02
 2.39343e-02
 2.39343e-02
 4.47359e-02
 4.47359e-02
 4.47359e-02
 4.47359e-02
 4.47359e-02
 4.47359e-02
 0.00000e+00
 0.00000e+00
 0.00000e+00
 0.00000e+00
 0.00000e+00
 0.00000e+00
-2.16001e-16
-6.37036e-16
 1.06254e-15
 1.52538e-15
-3.38540e-15
 3.89827e-15
-9.21296e-16
 2.84889e-16
-5.13225e-16
 2.98938e-15
-4.27535e-15
 4.15510e-15
-1.44891e-15
-6.35208e-16
-1.26868e-16
 1.78323e-16
-5.36590e-15
 7.89033e-15
-2.22775e-15
-2.62258e-15
-2.05150e-15
-6.41641e-16
-4.63423e-15
 1.88085e-15
 3.14554e-16
-4.42709e-16
-1.63586e-15
 4.35025e-15
-7.43215e-15
 7.82718e-15
 1.71798e-15
 4.49312e-16
-8.91519e-18
 2.93581e-15
-3.41613e-15
 1.21492e-15
-3.41095e-16
-3.49332e-16
-1.96053e-15
-5.96363e-16
-5.90511e-15
 9.96025e-15
-2.52425e-15
-1.26101e-15
 5.02460e-16
-6.04879e-17
-2.70349e-15
 3.25538e-15
 1.20228e-15
 3.93354e-15
 1.42717e-15
 6.83716e-15
-2.24513e-15
 1.11791e-14
 3.05537e-14
 2.28197e-14
 2.73721e-14
 2.69637e-14
 2.30899e-14
 3.28095e-14
 2.89760e-13
 2.97844e-13
 2.93723e-13
 2.96646e-13
 2.90285e-13
 3.03355e-13
 3.05267e-12
 3.04773e-12
 3.05229e-12
 3.05261e-12
 3.04412e-12
 3.05473e-12
 2.93560e-11
 2.93538e-11
 2.93508e-11
 2.93525e-11
 2.93491e-11
 2.93601e-11
 2.61322e-10
 2.61321e-10
 2.61322e-10
 2.61327e-10
 2.61320e-10
 2.61329e-10
 2.14557e-09
 2.14557e-09
 2.14557e-09
 2.14557e-09
 2.14557e-09
 2.14558e-09
 1.61908e-08
 1.61908e-08
 1.61908e-08
 1.61908e-08
 1.61908e-08
 1.61908e-08
 1.11848e-07
 1.11848e-07
 1.11848e-07
 1.11848e-07
 1.11848e-07
 1.11848e-07
 7.04082e-07
 7.04082e-07
 7.04082e-07
 7.04082e-07
 7.04082e-07
 7.04082e-07
 4.01690e-06
 4.01690e-06
 4.01690e-06
 4.01690e-06
 4.01690e-06
 4.01690e-06
 2.06352e-05
 2.06352e-05
 2.06352e-05
 2.06352e-05
 2.06352e-05
 2.06352e-05
 9.46983e-05
 9.46983e-05
 9.46983e-05
 9.46983e-05
 9.46983e-05
 9.46983e-05
 3.84465e-04
 3.84465e-04
 3.84465e-04
 3.84465e-04
 3.84465e-04
 3.84465e-04
 1.36454e-03
 1.36454e-03
 1.36454e-03
 1.36454e-03
 1.36454e-03
 1.36454e-03
 4.17621e-03
 4.17621e-03
 4.17621e-03
 4.17621e-03
 4.17621e-03
 4.17621e-03
 1.08774e-02
 1.08774e-02
 1.08774e-02
 1.08774e-02
 1.08774e-02
 1.08774e-02
 2.39343e-02
 2.39343e-02
 2.39343e-02
 2.39343e-02
 2.39343e-02
 2.39343e-02
 4.47359e-02
 4.47359e-02
 4.47359e-02
 4.47359e-02
 4.47359e-02
 4.47359e-02
 0.00000e+00
 0.00000e+00
 0.00000e+00
 0.00000e+00
 0.00000e+00
 0.00000e+00
 0.00000e+00
 0.00000e+00
 0.00000e+00
 0.00000e+00
 0.00000e+00
 0.00000e+00
 0.00000e+00
 0.00000e+00
 0.00000e+00
 0.00000e+00
 0.00000e+00
 0.00000e+00
 0.00000e+00
 0.00000e+00
 0.00000e+00
 0.00000e+00
 0.00000e+00
 0.00000e+00
 0.00000e+00
 0.00000e+00
 0.00000e+00
 0.00000e+00
 0.00000e+00
 0.00000e+00
 0.00000e+00
 0.00000e+00
 0.00000e+00
 0.00000e+00
 0.00000e+00
 0.00000e+00
 0.00000e+00
 0.00000e+00
 0.00000e+00
 0.00000e+00
 0.00000e+00
 0.00000e+00
 0.00000e+00
 0.00000e+00
 0.00000e+00
 0.00000e+00
 0.00000e+00
 0.00000e+00
 0.00000e+00
 0.00000e+00
 0.00000e+00
 0.00000e+00
 0.00000e+00
 0.00000e+00
 0.00000e+00
 0.00000e+00
 0.00000e+00
 0.00000e+00
 0.00000e+00
 0.00000e+00
 0.00000e+00
 0.00000e+00
 0.00000e+00
 0.00000e+00
 0.00000e+00
 0.00000e+00
 0.00000e+00
 0.00000e+00
 0.00000e+00
 0.00000e+00
 0.00000e+00
 0.00000e+00
 0.00000e+00
 0.00000e+00
 0.00000e+00
 0.00000e+00
 0.00000e+00
 0.00000e+00
 0.00000e+00
 0.00000e+00
 0.00000e+00
 0.00000e+00
 0.00000e+00
 0.00000e+00
 0.00000e+00
 0.00000e+00
 0.00000e+00
 0.00000e+00
 0.00000e+00
 0.00000e+00
 0.00000e+00
 0.00000e+00
 0.00000e+00
 0.00000e+00
 0.00000e+00
 0.00000e+00
 0.00000e+00
 0.00000e+00
 0.00000e+00
 0.00000e+00
 0.00000e+00
 0.00000e+00
 0.00000e+00
 0.00000e+00
 0.00000e+00
 0.00000e+00
 0.00000e+00
 0.00000e+00
 0.00000e+00
 0.00000e+00
 0.00000e+00
 0.00000e+00
 0.00000e+00
 0.00000e+00
 0.00000e+00
 0.00000e+00
 0.00000e+00
 0.00000e+00
 0.00000e+00
 0.00000e+00
 0.00000e+00
 0.00000e+00
 0.00000e+00
 0.00000e+00
 0.00000e+00
 0.00000e+00
 0.00000e+00
 0.00000e+00
 0.00000e+00
 0.00000e+00
 0.00000e+00
 0.00000e+00
 0.00000e+00
 0.00000e+00
 0.00000e+00
 0.00000e+00
 0.00000e+00
 0.00000e+00
 0.00000e+00
 0.00000e+00
 0.00000e+00
 0.00000e+00
 0.00000e+00
 0.00000e+00
 0.00000e+00
 0.00000e+00
 0.00000e+00
 0.00000e+00
 0.00000e+00
 0.00000e+00
 0.00000e+00
 0.00000e+00
 0.00000e+00
 0.00000e+00
 0.00000e+00
 0.00000e+00
 0.00000e+00
 0.00000e+00
 0.00000e+00
 0.00000e+00
 0.00000e+00
 0.00000e+00
 0.00000e+00
 0.00000e+00
 0.00000e+00
 0.00000e+00
 0.00000e+00
 0.00000e+00
 3.65986e-16
 1.63290e-15
 2.04620e-16
-7.37598e-17
 2.95454e-15
-4.36454e-15
-1.29515e-16
 4.11763e-16
 3.88027e-16
-5.59836e-16
 3.28618e-15
-4.02171e-15
 4.89073e-18
-3.86735e-16
 7.87325e-16
-6.70464e-16
 2.52517e-15
-3.51376e-15
 2.59568e-16
 9.85438e-18
 1.22512e-15
-4.35658e-16
 2.57738e-15
-3.42052e-15
-2.16474e-15
-2.15860e-15
-1.85530e-15
-2.88529e-15
 8.39079e-16
-3.91566e-15
 3.21764e-15
 3.89725e-15
 4.64622e-15
 1.98925e-15
 4.71250e-15
-1.66779e-15
-2.07649e-15
-1.55124e-15
-3.05559e-16
-2.91107e-15
 1.82364e-15
-4.94754e-15
-6.00107e-16
 1.33316e-16
 1.56234e-15
-4.61899e-17
 3.63133e-15
-3.05205e-15
-4.27894e-15
-3.27405e-15
-4.50375e-15
-4.53491e-15
 9.07245e-16
-4.01116e-15
 4.86844e-15
 4.79064e-15
 4.68964e-15
 2.87109e-15
 3.15985e-15
-5.81928e-15
-4.50559e-15
-4.56162e-15
-4.51284e-15
-5.35506e-15
 1.40253e-15
-4.48230e-15
 4.43427e-15
 4.33592e-15
 3.40338e-15
 2.35098e-15
 6.67069e-15
 1.69643e-16
-1.39583e-15
-1.08945e-15
 5.66056e-16
-1.35550e-18
 1.07526e-15
-7.85321e-15
-1.45064e-15
-8.21751e-16
 2.37388e-16
-6.50622e-16
 2.77143e-15
-3.48694e-15
-4.49799e-17
-2.14779e-15
-1.08493e-15
-1.00494e-16
 2.54205e-15
-4.96181e-15
-1.25161e-15
-2.62445e-15
-1.65401e-15
-1.43044e-15
 2.20201e-15
-3.81038e-15
-1.27456e-16
-1.12668e-16
-1.61165e-15
-4.68639e-16
 5.36963e-15
-1.49393e-15
-5.24288e-15
-4.99532e-15
-6.12889e-15
-4.33544e-15
-2.78240e-15
-9.78112e-15
 6.57410e-15
 6.59508e-15
 7.20908e-15
 5.90263e-15
 5.96721e-15
 2.00143e-15
-1.09974e-15
 2.44405e-16
-1.12570e-15
-2.97143e-15
 4.37736e-15
-1.60071e-15
-6.38299e-15
-4.67263e-15
-5.83640e-15
-7.15763e-15
-2.81498e-15
-5.31067e-15
 6.31152e-15
 5.96316e-15
 6.84020e-15
 3.50513e-15
 5.03832e-15
 1.79386e-15
 7.58391e-16
 1.83008e-15
 2.03407e-15
-1.86318e-15
 2.02758e-15
-7.23109e-15
 1.52651e-15
 2.15518e-15
 2.78495e-15
 2.73743e-16
 2.40801e-15
-4.84869e-15
 5.38109e-15
 4.09548e-15
 1.72006e-15
-9.75062e-16
 3.31924e-15
-2.34839e-15
-1.84100e-15
-2.09232e-15
-3.79283e-15
-3.86636e-15
 2.89846e-15
-3.95804e-15
 3.50755e-15
 1.82877e-15
-7.37936e-16
-2.81783e-15
 4.15637e-15
-4.22793e-16
 1.70485e-15
 3.14950e-15
 2.46514e-15
-2.62977e-15
 2.53584e-15
-1.55495e-15
 2.94578e-16
 1.89430e-16
 1.78285e-16
-1.18613e-15
 1.66191e-15
-3.86357e-15
-8.49140e-16
 4.56547e-16
 5.98719e-16
-1.48568e-15
 1.60204e-15
-4.43749e-15
-3.79217e-16
 1.34260e-15
 1.45139e-15
-1.64299e-15
 2.18669e-15
-4.83281e-15
-3.27493e-16
 3.53960e-16
 1.38048e-15
-1.24572e-15
 1.62483e-15
-4.21878e-15
-1.21740e-15
-1.00085e-15
-1.83338e-15
-1.65657e-15
 1.73253e-15
-5.21059e-15
 4.10067e-15
 4.17245e-15
 4.42255e-15
 2.06531e-15
 4.59059e-15
-1.24727e-15
-1.62862e-15
-1.73087e-15
-1.37028e-15
-3.29516e-15
 1.38971e-15
-4.75427e-15
 9.32219e-19
-6.72410e-16
-5.70904e-16
-1.32135e-15
 2.33868e-15
-4.79530e-15
-5.75439e-15
-5.77766e-15
-4.01015e-15
-3.61146e-15
-1.53823e-15
-6.21408e-15
 3.20625e-15
 4.95741e-15
 5.41542e-15
 3.82127e-15
 3.51360e-15
-6.49523e-15
-5.08746e-15
-4.03182e-15
-3.25402e-15
-5.26134e-15
 1.40500e-17
-3.17730e-15
 4.42441e-15
 3.94538e-15
 5.40272e-15
 3.12647e-15
 4.97155e-15
 2.02064e-15
-5.91084e-16
 8.44082e-16
 1.28582e-15
-1.57126e-15
 8.94093e-16
-7.54676e-15
 2.91640e-16
 1.53758e-15
-3.58238e-17
-1.49112e-15
 3.36409e-15
-5.30165e-15
-1.80045e-15
 1.94283e-15
 1.60701e-16
-2.98431e-15
 3.39252e-15
-4.78136e-15
 1.81791e-16
 6.17093e-16
 8.13268e-16
-2.00608e-15
 1.67571e-15
-4.84066e-15
-1.91616e-15
-2.44869e-15
-2.92036e-16
-1.79082e-15
 6.07239e-16
-6.72175e-15
-7.29926e-15
-7.74225e-15
-8.03289e-15
-7.92673e-15
-5.93576e-15
-1.14212e-14
 5.92383e-15
 5.28481e-15
 5.39669e-15
 8.16469e-15
 9.38036e-15
 1.46075e-16
 5.17602e-16
-1.10343e-15
 8.49595e-16
 3.07389e-15
 4.01943e-15
-6.91954e-15
-2.57475e-15
-3.12099e-15
-5.35705e-15
-4.02451e-15
-1.98063e-15
-9.94510e-15
 4.24069e-15
 5.87035e-15
 4.73852e-15
 3.46106e-15
 9.26966e-15
 3.62342e-15
 1.53556e-15
-1.59322e-15
-1.74521e-15
-8.29283e-16
 4.12529e-15
-1.57954e-15
-6.43549e-17
-6.87736e-16
-1.60824e-15
-9.50305e-16
 1.96672e-15
-5.27104e-15
 8.24348e-16
 1.16338e-15
 1.06479e-15
 2.36605e-15
 2.58834e-15
-9.38932e-15
 1.54979e-15
-1.83909e-15
 2.47853e-16
 2.45970e-15
 3.03244e-15
-6.07141e-15
 1.05301e-15
 4.84748e-17
-1.20253e-15
-8.14247e-16
 2.40348e-15
-6.86917e-15
 3.71437e-15
 3.68186e-16
-1.65456e-15
-5.14186e-15
-1.28067e-15
-5.85072e-15
 1.79832e-16
 1.35261e-15
 1.11436e-15
-3.79404e-17
 1.36193e-15
-6.87061e-15
 9.06855e-17
 7.49836e-16
 1.16407e-15
 1.64255e-16
 2.14302e-15
-6.48770e-15
 7.58470e-16
 2.88431e-16
 1.37736e-15
-9.49867e-16
 1.92638e-15
-4.69203e-15
-2.46658e-16
-4.43092e-16
 1.72879e-15
-6.22120e-16
 1.33332e-15
-4.84565e-15
-1.92459e-15
-2.00671e-15
-2.76529e-15
-2.56972e-15
 1.74671e-15
-4.75607e-15
 4.21399e-15
 4.09914e-15
 4.81187e-15
 2.83774e-15
 5.25130e-15
-1.95662e-15
-2.36608e-15
-2.09042e-15
-9.58785e-16
-2.84295e-15
 1.49535e-15
-5.15528e-15
-1.24838e-15
-1.24138e-15
-1.09800e-16
-6.20716e-16
 1.80224e-15
-3.23057e-15
-5.28707e-15
-4.34050e-15
-5.11600e-15
-4.54621e-15
-1.09843e-15
-6.99219e-15
 5.59531e-15
 4.53144e-15
 5.44792e-15
 2.82215e-15
 3.76338e-15
-3.26097e-15
-3.93297e-15
-3.37016e-15
-4.57190e-15
-4.91288e-15
 1.75362e-15
-4.72901e-15
 4.43747e-15
 5.74319e-15
 3.55419e-15
 2.80029e-15
 7.62769e-15
-7.00082e-16
 1.22076e-15
-3.77430e-16
 1.41467e-16
-2.33149e-15
-4.05533e-16
-7.03917e-15
 1.78446e-15
-1.94637e-16
 3.46337e-16
-7.82364e-16
 1.21981e-15
-4.36338e-15
 2.66886e-15
 7.84726e-17
 1.81989e-15
 1.40255e-15
 2.05133e-15
-3.89271e-15
-1.13945e-15
 4.21740e-17
 1.09880e-15
 6.64100e-19
 2.26830e-15
-5.08067e-15
 3.95910e-15
 1.85497e-15
-5.77003e-16
-4.94464e-16
 2.60282e-15
-5.56810e-15
-4.05056e-15
-4.80345e-15
-6.25159e-15
-6.69351e-15
-5.86557e-15
-1.00051e-14
 4.55233e-15
 6.90893e-15
 5.73107e-15
 5.97949e-15
 8.99611e-15
 1.93267e-15
 6.85902e-16
 1.53096e-15
-7.13829e-16
-2.14028e-15
 3.95916e-15
-4.17214e-15
-3.82603e-15
-6.18821e-15
-4.50028e-15
-4.32822e-15
-4.37840e-15
-4.30577e-15
 6.36687e-15
 5.00068e-15
 5.78253e-15
 7.11389e-15
 8.07046e-15
 1.78359e-15
-2.62237e-15
 5.81944e-16
 1.58022e-15
 4.71924e-16
 4.49637e-15
-8.99917e-15
 1.13871e-16
 4.19923e-16
 2.74530e-15
 1.37503e-15
 2.66725e-15
-4.16790e-15
-6.59214e-16
 1.46198e-15
 3.93981e-15
 1.56035e-15
 2.65258e-15
-3.19617e-15
-5.23738e-15
-1.55841e-16
 2.66665e-16
-5.78853e-15
 7.69808e-16
-3.80109e-15
-2.17948e-15
-1.84560e-15
-1.86413e-17
-3.67200e-15
-6.43064e-16
-4.63721e-15
-2.62021e-15
-1.50680e-15
-1.76993e-15
-1.23238e-15
 4.34595e-15
-3.64629e-15
 1.23013e-15
 4.75493e-16
-1.44089e-16
-2.14946e-15
 2.78047e-15
-3.72254e-15
 7.40928e-16
-8.14419e-17
 4.53258e-16
-1.64049e-15
 2.40432e-15
-4.11011e-15
 1.16865e-15
 1.26096e-15
 1.21675e-15
-9.97288e-16
 3.07498e-15
-4.90149e-15
 1.58583e-15
 1.49530e-15
 1.18001e-15
-7.60222e-16
 3.06666e-15
-5.08825e-15
-1.09155e-15
-1.08305e-15
-1.85178e-15
-3.66947e-15
 7.95309e-16
-5.21074e-15
 3.20819e-15
 2.65066e-15
 3.16914e-15
 1.33878e-15
 3.78588e-15
-2.34103e-15
-1.07885e-15
-2.51389e-15
-1.93280e-15
-3.09522e-15
 7.86600e-16
-7.66668e-15
 1.11592e-15
 6.30742e-16
 1.33652e-15
-1.36029e-15
 3.61367e-15
-4.90500e-15
-4.27658e-15
-3.76614e-15
-2.89196e-15
-5.68607e-15
-1.81356e-15
-8.84888e-15
 4.40587e-15
 4.77508e-15
 4.43280e-15
 2.80355e-15
 4.86170e-15
-3.79705e-15
-2.73566e-15
-4.82786e-15
-4.37139e-15
-5.18952e-15
 1.02811e-15
-2.97759e-15
 5.41099e-15
 4.21777e-15
 4.57995e-15
 3.72025e-15
 5.61470e-15
-1.01299e-15
-4.65798e-16
 1.08411e-15
 1.60411e-15
-1.82460e-17
 2.92032e-15
-6.64517e-15
 3.90183e-16
 9.24502e-16
 7.29657e-16
-1.11157e-15
 3.09637e-15
-5.87678e-15
 2.53167e-16
 6.12945e-16
-7.74021e-16
-1.45481e-15
 3.36803e-15
-5.27025e-15
 1.69158e-15
 7.33055e-16
 1.33018e-15
-1.00032e-15
 3.21378e-15
-1.86257e-15
-1.78277e-15
 1.01358e-15
 2.54794e-15
-2.25093e-17
 5.42871e-15
-1.45897e-15
-7.08734e-15
-5.41636e-15
-4.91740e-15
-6.66493e-15
-2.32965e-15
-7.78499e-15
 9.73836e-15
 8.50929e-15
 7.77189e-15
 6.35321e-15
 7.73870e-15
 4.17691e-15
 3.21535e-15
 2.55030e-15
 2.00070e-15
 4.71800e-16
 3.82772e-15
-4.50613e-15
-5.38490e-15
-4.02001e-15
-4.77099e-15
-5.09785e-15
-7.80462e-16
-8.77937e-15
 3.05887e-15
 4.41354e-15
 4.73931e-15
 4.52658e-15
 8.50251e-15
 5.22666e-15
 1.83437e-15
-2.82321e-16
-8.32266e-16
-3.42841e-15
 2.00285e-15
 6.70874e-17
-1.48579e-15
-1.41011e-15
-2.44080e-15
-3.98025e-15
 2.63915e-15
-2.09955e-15
 3.49836e-15
 1.82443e-15
-6.38829e-16
-2.20283e-15
 4.09646e-15
-2.83420e-15
 2.51821e-15
-1.67945e-15
-2.65034e-15
-4.87915e-15
 4.31067e-17
-5.70509e-15
-4.36262e-15
-2.16961e-15
-1.66283e-15
-4.32217e-15
 1.04979e-15
-5.84902e-15
 7.22380e-16
 5.04955e-16
 1.07834e-15
-2.11971e-15
-9.12290e-16
-7.84254e-15
 0.00000e+00
 0.00000e+00
 0.00000e+00
 0.00000e+00
 0.00000e+00
 0.00000e+00
 0.00000e+00
 0.00000e+00
 0.00000e+00
 0.00000e+00
 0.00000e+00
 0.00000e+00
 0.00000e+00
 0.00000e+00
 0.00000e+00
 0.00000e+00
 0.00000e+00
 0.00000e+00
 0.00000e+00
 0.00000e+00
 0.00000e+00
 0.00000e+00
 0.00000e+00
 0.00000e+00
 0.00000e+00
 0.00000e+00
 0.00000e+00
 0.00000e+00
 0.00000e+00
 0.00000e+00
 0.00000e+00
 0.00000e+00
 0.00000e+00
 0.00000e+00
 0.00000e+00
 0.00000e+00
 0.00000e+00
 0.00000e+00
 0.00000e+00
 0.00000e+00
 0.00000e+00
 0.00000e+00
 0.00000e+00
 0.00000e+00
 0.00000e+00
 0.00000e+00
 0.00000e+00
 0.00000e+00
 0.00000e+00
 0.00000e+00
 0.00000e+00
 0.00000e+00
 0.00000e+00
 0.00000e+00
 0.00000e+00
 0.00000e+00
 0.00000e+00
 0.00000e+00
 0.00000e+00
 0.00000e+00
 0.00000e+00
 0.00000e+00
 0.00000e+00
 0.00000e+00
 0.00000e+00
 0.00000e+00
 0.00000e+00
 0.00000e+00
 0.00000e+00
 0.00000e+00
 0.00000e+00
 0.00000e+00
 0.00000e+00
 0.00000e+00
 0.00000e+00
 0.00000e+00
 0.00000e+00
 0.00000e+00
 0.00000e+00
 0.00000e+00
 0.00000e+00
 0.00000e+00
 0.00000e+00
 0.00000e+00
 0.00000e+00
 0.00000e+00
 0.00000e+00
 0.00000e+00
 0.00000e+00
 0.00000e+00
 0.00000e+00
 0.00000e+00
 0.00000e+00
 0.00000e+00
 0.00000e+00
 0.00000e+00
 0.00000e+00
 0.00000e+00
 0.00000e+00
 0.00000e+00
 0.00000e+00
 0.00000e+00
 0.00000e+00
 0.00000e+00
 0.00000e+00
 0.00000e+00
 0.00000e+00
 0.00000e+00
 0.00000e+00
 0.00000e+00
 0.00000e+00
 0.00000e+00
 0.00000e+00
 0.00000e+00
 0.00000e+00
 0.00000e+00
 0.00000e+00
 0.00000e+00
 0.00000e+00
 0.00000e+00
 0.00000e+00
 0.00000e+00
 0.00000e+00
 0.00000e+00
 0.00000e+00
 0.00000e+00
 0.00000e+00
 0.00000e+00
 0.00000e+00
 0.00000e+00
 0.00000e+00
 0.00000e+00
 0.00000e+00
 0.00000e+00
 0.00000e+00
 0.00000e+00
 0.00000e+00
 0.00000e+00
 0.00000e+00
 0.00000e+00
 0.00000e+00
 0.00000e+00
 0.00000e+00
 0.00000e+00
 0.00000e+00
 0.00000e+00
 0.00000e+00
 0.00000e+00
 0.00000e+00
 0.00000e+00
 0.00000e+00
 0.00000e+00
 0.00000e+00
 0.00000e+00
 0.00000e+00
 0.00000e+00
 0.00000e+00
 0.00000e+00
 0.00000e+00
 0.00000e+00
 0.00000e+00
 0.00000e+00
 0.00000e+00
 0.00000e+00
 0.00000e+00
 0.00000e+00
 0.00000e+00
 0.00000e+00
part
         2
coordinates
 0.00000e+00
 2.32014e-15
-1.62806e-15
-3.63137e-16
 3.19987e-15
 0.00000e+00
 0.00000e+00
 4.01902e-15
-4.37533e-15
 1.14339e-15
-3.44460e-15
 0.00000e+00
 0.00000e+00
 5.35703e-15
 1.09273e-15
-2.08258e-15
 9.82175e-16
 0.00000e+00
 0.00000e+00
 7.33873e-16
 3.63915e-15
-3.83251e-15
-2.82113e-15
 0.00000e+00
 0.00000e+00
 1.40395e-15
 4.07088e-15
-3.87597e-16
-6.12829e-15
 0.00000e+00
 0.00000e+00
 2.86167e-15
-8.99603e-16
-3.18908e-15
-2.48106e-15
 0.00000e+00
 0.00000e+00
 5.50859e-15
-3.88191e-15
-1.09499e-15
-8.75579e-16
 0.00000e+00
 0.00000e+00
 3.78144e-15
-6.96952e-15
 2.60826e-15
-4.54357e-15
 0.00000e+00
 0.00000e+00
-1.35237e-15
-7.78364e-15
-3.53615e-16
-1.64060e-15
 0.00000e+00
 0.00000e+00
 1.92183e-16
-7.13197e-15
 1.11077e-15
-2.74183e-15
 0.00000e+00
 0.00000e+00
 2.06801e-15
-7.20111e-15
 4.96735e-15
-8.27822e-15
 0.00000e+00
 0.00000e+00
 2.22357e-16
-2.92880e-15
 3.05458e-15
-4.19100e-15
 0.00000e+00
 0.00000e+00
 1.03447e-16
-5.52167e-15
 4.23461e-15
-4.48339e-15
 0.00000e+00
 0.00000e+00
 5.74316e-16
-9.72904e-15
 7.88271e-15
-8.48666e-15
 0.00000e+00
 0.00000e+00
-3.00098e-15
-6.81523e-15
 1.92821e-15
-4.50053e-15
 0.00000e+00
 0.00000e+00
-7.70275e-15
-4.72100e-15
 5.95710e-17
-3.28830e-15
 0.00000e+00
 0.00000e+00
-8.70255e-15
-5.68950e-15
 4.80630e-15
-1.81387e-15
 0.00000e+00
 0.00000e+00
-1.01989e-14
-3.28185e-15
 3.80537e-16
 3.23944e-15
 0.00000e+00
 0.00000e+00
-7.04938e-15
-3.70954e-16
 2.58688e-16
 5.28887e-15
 0.00000e+00
 0.00000e+00
-1.04248e-15
-9.25624e-16
 5.22634e-15
-6.54528e-16
 0.00000e+00
 0.00000e+00
-2.63499e-16
 1.01869e-15
 8.46074e-15
-8.00282e-15
 0.00000e+00
 0.00000e+00
-2.80464e-15
 9.88020e-16
 8.73644e-15
-8.19316e-15
 0.00000e+00
 0.00000e+00
-2.87265e-15
-4.45914e-15
 1.21827e-14
-6.77014e-15
 0.00000e+00
 0.00000e+00
-5.18784e-15
-4.19096e-15
 8.03034e-15
-2.75267e-15
 0.00000e+00
 0.00000e+00
-8.32633e-15
 3.29412e-15
-1.64291e-15
 4.26307e-15
 0.00000e+00
 0.00000e+00
-5.67434e-15
 2.09958e-15
-8.81034e-16
 3.66927e-15
 0.00000e+00
 0.00000e+00
-3.82045e-16
-2.33848e-15
 5.15098e-15
 1.73599e-16
 0.00000e+00
 0.00000e+00
-8.23397e-16
-7.51149e-15
 1.37085e-14
-6.14882e-15
 0.00000e+00
 0.00000e+00
-2.97392e-15
-8.23912e-15
 1.54409e-14
-7.49787e-15
 0.00000e+00
 0.00000e+00
-5.69527e-15
-5.26458e-15
 1.18344e-14
-7.36460e-15
 0.00000e+00
 0.00000e+00
 2.56414e-15
-1.61367e-15
-1.92353e-15
 2.65517e-15
 0.00000e+00
 0.00000e+00
 2.51676e-15
-4.62918e-15
-3.88843e-16
-1.34549e-15
 0.00000e+00
 0.00000e+00
 4.60837e-15
-1.50018e-15
-1.60384e-16
 1.66572e-15
 0.00000e+00
 0.00000e+00
 3.75654e-16
 2.32346e-15
-3.14572e-15
-5.80477e-16
 0.00000e+00
 0.00000e+00
 1.87922e-15
 1.00601e-15
-6.81303e-16
-3.24014e-15
 0.00000e+00
 0.00000e+00
 2.39122e-15
-2.46302e-15
-3.64523e-15
-1.58362e-15
 0.00000e+00
 0.00000e+00
 2.52220e-15
-1.09073e-15
-2.66094e-15
-6.82942e-17
 0.00000e+00
 0.00000e+00
 1.70082e-15
-3.35024e-15
 1.00206e-17
-3.32794e-15
 0.00000e+00
 0.00000e+00
-1.11634e-15
-6.43688e-15
-9.53710e-16
-3.74642e-15
 0.00000e+00
 0.00000e+00
-1.26423e-16
-1.92913e-15
-2.44498e-15
-1.32273e-15
 0.00000e+00
 0.00000e+00
 1.52563e-16
-1.43699e-15
-1.01430e-15
-4.92895e-15
 0.00000e+00
 0.00000e+00
-6.42464e-16
 3.11177e-15
-3.81635e-15
-3.34287e-16
 0.00000e+00
 0.00000e+00
-1.84058e-15
 1.55700e-15
-4.14543e-15
 9.96251e-16
 0.00000e+00
 0.00000e+00
-4.84821e-16
-2.08797e-15
-2.04808e-15
-1.66997e-15
 0.00000e+00
 0.00000e+00
-1.45723e-15
-1.89316e-15
-6.08208e-15
-3.52955e-16
 0.00000e+00
 0.00000e+00
-4.63957e-15
-1.44333e-15
-6.22002e-15
-5.83097e-16
 0.00000e+00
 0.00000e+00
-3.11475e-15
-2.97157e-15
 2.69329e-16
-6.52768e-16
 0.00000e+00
 0.00000e+00
-4.47981e-15
-5.30601e-16
-1.28546e-15
 2.17150e-15
 0.00000e+00
 0.00000e+00
-3.15414e-15
 4.01287e-15
-4.33854e-15
 4.87331e-15
 0.00000e+00
 0.00000e+00
 1.65721e-15
 2.48281e-15
-3.43108e-15
 2.84314e-15
 0.00000e+00
 0.00000e+00
 1.45127e-15
 4.52690e-15
-3.07995e-15
 1.89683e-15
 0.00000e+00
 0.00000e+00
-2.21441e-15
 5.40171e-15
-1.84682e-15
 4.44177e-16
 0.00000e+00
 0.00000e+00
-2.02964e-15
 1.81152e-15
 2.47842e-15
-3.22188e-16
 0.00000e+00
 0.00000e+00
-3.31360e-15
 1.24820e-15
 9.81406e-16
 7.56714e-16
 0.00000e+00
 0.00000e+00
-4.65687e-15
 5.87317e-15
-4.23721e-15
 5.02942e-15
 0.00000e+00
 0.00000e+00
-2.63942e-15
 3.60872e-15
-3.39247e-15
 5.05408e-15
 0.00000e+00
 0.00000e+00
 1.05830e-15
 1.74439e-15
-2.07816e-15
 5.22652e-15
 0.00000e+00
 0.00000e+00
 1.18186e-15
 1.00571e-15
-3.06238e-15
 3.50912e-15
 0.00000e+00
 0.00000e+00
 2.24753e-15
 1.19424e-16
-2.92502e-15
 3.60445e-15
 0.00000e+00
 0.00000e+00
 2.09781e-15
-9.53764e-17
-4.32545e-15
 5.11770e-15
 0.00000e+00
 0.00000e+00
 1.54528e-15
-2.49651e-15
-4.12193e-16
-3.97330e-16
 0.00000e+00
 0.00000e+00
-9.44516e-16
-4.03032e-15
 2.20400e-16
-2.93070e-15
 0.00000e+00
 0.00000e+00
-1.19041e-15
 1.97492e-15
 7.03613e-16
-7.05403e-16
 0.00000e+00
 0.00000e+00
-1.48092e-15
 6.60945e-16
-2.86300e-16
-1.04755e-15
 0.00000e+00
 0.00000e+00
-1.80417e-15
-1.22097e-15
-3.59067e-15
 1.28260e-15
 0.00000e+00
 0.00000e+00
-2.18745e-15
-3.47551e-15
-4.05792e-15
-8.36170e-17
 0.00000e+00
 0.00000e+00
-2.12261e-15
-7.51351e-16
-5.10363e-16
-1.07370e-15
 0.00000e+00
 0.00000e+00
-8.52716e-16
-1.48168e-15
-4.09534e-16
-1.40938e-15
 0.00000e+00
 0.00000e+00
-6.35561e-16
-4.77934e-15
-3.00210e-15
-2.57352e-15
 0.00000e+00
 0.00000e+00
 1.87657e-15
-1.71642e-15
-1.93729e-15
-1.02663e-15
 0.00000e+00
 0.00000e+00
 1.79934e-15
-9.98771e-16
-2.70168e-15
-1.94471e-15
 0.00000e+00
 0.00000e+00
 1.73098e-15
 1.20434e-15
-3.19988e-15
 8.13389e-16
 0.00000e+00
 0.00000e+00
 8.03638e-16
 5.84015e-16
-3.95134e-15
 1.09692e-15
 0.00000e+00
 0.00000e+00
 2.66206e-15
-8.85753e-16
-5.47005e-15
 2.16930e-15
 0.00000e+00
 0.00000e+00
 2.04977e-15
-3.27678e-15
-6.12957e-15
 1.90109e-15
 0.00000e+00
 0.00000e+00
 2.97435e-16
-3.13940e-15
-4.72229e-15
-5.17259e-16
 0.00000e+00
 0.00000e+00
 1.18611e-15
-1.51012e-16
-1.74960e-15
-4.45668e-16
 0.00000e+00
 0.00000e+00
 1.93426e-16
 2.05330e-15
-1.04260e-15
-3.75876e-16
 0.00000e+00
 0.00000e+00
 1.99539e-15
 4.64910e-15
-1.53606e-15
 1.31036e-15
 0.00000e+00
 0.00000e+00
 6.63673e-15
 3.70183e-15
-2.87053e-15
 1.26776e-15
 0.00000e+00
 0.00000e+00
 7.26470e-15
 3.85098e-15
-5.66980e-15
 3.50431e-15
 0.00000e+00
 0.00000e+00
 4.16204e-15
 3.19628e-15
-6.52107e-15
 7.27049e-15
 0.00000e+00
 0.00000e+00
 4.52777e-15
 8.00016e-17
-3.02838e-15
 7.16037e-15
 0.00000e+00
 0.00000e+00
 4.73379e-15
-2.41066e-15
-6.11236e-16
 5.41296e-15
 0.00000e+00
 0.00000e+00
 5.19538e-15
-3.39444e-15
 2.54087e-15
 3.17659e-15
 0.00000e+00
 0.00000e+00
 6.65361e-15
-8.20807e-15
 6.03974e-15
 3.04848e-15
 0.00000e+00
 0.00000e+00
 8.66515e-15
-9.56577e-15
 5.29940e-15
 5.54308e-15
 0.00000e+00
 0.00000e+00
 1.11230e-14
-9.44259e-15
 1.23120e-15
 6.74201e-15
 0.00000e+00
 0.00000e+00
 1.54010e-14
-6.52944e-15
-4.92709e-15
 8.96569e-15
 0.00000e+00
 0.00000e+00
 1.36831e-14
-1.61006e-15
-1.30988e-14
 1.38151e-14
 0.00000e+00
 0.00000e+00
 2.89278e-15
 5.23318e-16
 2.55519e-15
-1.83063e-15
 0.00000e+00
 0.00000e+00
 1.42027e-15
-2.50839e-15
 9.19316e-16
-4.56441e-15
 0.00000e+00
 0.00000e+00
 1.83709e-15
 3.38419e-15
 1.01933e-15
-8.99019e-17
 0.00000e+00
 0.00000e+00
-1.32398e-15
 2.09758e-15
 1.32463e-16
 2.05379e-15
 0.00000e+00
 0.00000e+00
-1.97353e-15
-1.24808e-15
-9.57525e-16
 2.76202e-15
 0.00000e+00
 0.00000e+00
-2.42559e-15
-5.23392e-15
-1.90583e-15
 1.48161e-15
 0.00000e+00
 0.00000e+00
-2.31032e-16
-2.51307e-15
 2.68760e-16
-1.11846e-16
 0.00000e+00
 0.00000e+00
 7.60915e-16
-2.24297e-15
 1.45753e-16
-1.27728e-16
 0.00000e+00
 0.00000e+00
 1.38914e-15
-4.37885e-15
-2.12101e-15
 7.09081e-16
 0.00000e+00
 0.00000e+00
 3.47016e-15
-3.27404e-15
 1.44647e-18
 3.11824e-16
 0.00000e+00
 0.00000e+00
 2.99992e-15
-2.82944e-15
 4.60745e-16
-1.65883e-15
 0.00000e+00
 0.00000e+00
 2.36251e-15
 1.38178e-15
-1.76180e-15
 3.32439e-16
 0.00000e+00
 0.00000e+00
 2.38377e-15
 1.37235e-15
-3.08126e-15
 1.04308e-15
 0.00000e+00
 0.00000e+00
 3.56204e-15
-1.97497e-15
 1.53314e-16
 1.69650e-15
 0.00000e+00
 0.00000e+00
 1.85353e-15
-3.21165e-15
 5.43172e-16
 2.88505e-15
 0.00000e+00
 0.00000e+00
 9.11324e-17
-2.70885e-15
 1.39110e-15
 6.74286e-16
 0.00000e+00
 0.00000e+00
 5.78615e-16
 2.12989e-15
 1.15865e-15
 5.89691e-16
 0.00000e+00
 0.00000e+00
 5.28390e-16
 5.01996e-15
-1.64791e-15
 1.56775e-15
 0.00000e+00
 0.00000e+00
 2.95348e-15
 4.88398e-15
-6.66343e-16
 5.57138e-15
 0.00000e+00
 0.00000e+00
 2.82580e-15
 4.34138e-15
-1.67185e-16
 7.52718e-15
 0.00000e+00
 0.00000e+00
 2.44553e-15
 3.18057e-15
 1.40432e-15
 6.69202e-15
 0.00000e+00
 0.00000e+00
 4.84130e-16
 4.39999e-16
 3.43159e-15
 6.86301e-15
 0.00000e+00
 0.00000e+00
 2.16110e-16
-1.91845e-15
 5.90852e-15
 8.57962e-15
 0.00000e+00
 0.00000e+00
 6.42332e-16
-2.20266e-15
 5.06629e-15
 7.18650e-15
 0.00000e+00
 0.00000e+00
 2.76649e-15
-2.59377e-15
 4.82496e-15
 5.36146e-15
 0.00000e+00
 0.00000e+00
 3.96237e-15
-5.27723e-15
 5.37425e-15
 5.44237e-15
 0.00000e+00
 0.00000e+00
 3.16662e-15
-5.31064e-15
 4.94428e-15
 8.06227e-15
 0.00000e+00
 0.00000e+00
 1.43751e-15
-6.69516e-15
 4.70788e-15
 1.00700e-14
 0.00000e+00
 0.00000e+00
 3.34070e-15
-6.03930e-15
 3.48289e-15
 1.18383e-14
 0.00000e+00
 0.00000e+00
 2.04001e-15
-2.25892e-15
-2.08119e-15
 1.32469e-14
 0.00000e+00
 0.00000e+00
-7.53231e-16
-1.41021e-15
-5.87069e-16
-2.74874e-15
 0.00000e+00
 0.00000e+00
-2.25021e-15
-5.42663e-15
-3.49622e-15
-4.33403e-15
 0.00000e+00
 0.00000e+00
 9.38253e-17
-2.08763e-15
-2.74479e-15
 6.30907e-16
 0.00000e+00
 0.00000e+00
-3.17525e-15
-2.71578e-15
-4.37222e-15
 1.96067e-15
 0.00000e+00
 0.00000e+00
-4.54148e-15
-5.59448e-15
-1.53667e-15
-3.53946e-15
 0.00000e+00
 0.00000e+00
-3.09894e-15
-6.96695e-15
-5.49403e-15
-1.62207e-15
 0.00000e+00
 0.00000e+00
-3.22661e-16
-4.87670e-15
-3.95194e-15
-3.83328e-17
 0.00000e+00
 0.00000e+00
-1.62262e-15
-5.27751e-15
-4.50547e-15
-1.71778e-15
 0.00000e+00
 0.00000e+00
-3.45978e-15
-5.34045e-15
-3.76441e-15
-3.32479e-15
 0.00000e+00
 0.00000e+00
-1.38271e-15
-3.78809e-15
-2.24234e-15
-2.57885e-15
 0.00000e+00
 0.00000e+00
-1.16502e-15
-5.45136e-15
-1.27355e-15
-3.75284e-15
 0.00000e+00
 0.00000e+00
-1.15715e-15
-1.32398e-15
-4.87603e-15
 1.03061e-15
 0.00000e+00
 0.00000e+00
-1.40887e-15
-1.94846e-15
-4.25438e-15
-2.99859e-16
 0.00000e+00
 0.00000e+00
-7.96387e-16
-4.10183e-15
-2.57946e-16
-5.03169e-15
 0.00000e+00
 0.00000e+00
-2.52863e-15
-3.31511e-15
-2.66901e-15
-4.02006e-15
 0.00000e+00
 0.00000e+00
-3.90172e-15
-2.82735e-15
-2.97714e-15
-5.42270e-15
 0.00000e+00
 0.00000e+00
-7.38647e-16
-2.07428e-15
-5.00168e-16
-4.94507e-15
 0.00000e+00
 0.00000e+00
 1.02084e-16
-1.12003e-16
-2.90110e-15
-2.65956e-15
 0.00000e+00
 0.00000e+00
-1.44251e-16
 2.72392e-15
-2.61731e-15
 1.16590e-15
 0.00000e+00
 0.00000e+00
-1.72957e-15
 1.79552e-15
-5.69839e-16
 4.88490e-15
 0.00000e+00
 0.00000e+00
-3.00425e-15
 1.25796e-16
 4.50499e-15
 3.30718e-15
 0.00000e+00
 0.00000e+00
-4.39116e-15
-1.70450e-15
 9.36527e-15
-1.71787e-15
 0.00000e+00
 0.00000e+00
-4.71967e-15
-1.04777e-15
 8.95064e-15
-2.19847e-15
 0.00000e+00
 0.00000e+00
-4.43164e-15
 1.29954e-16
 5.13867e-15
-1.20871e-15
 0.00000e+00
 0.00000e+00
-4.05209e-15
 2.37114e-15
-1.73344e-16
 2.40475e-15
 0.00000e+00
 0.00000e+00
-3.58727e-15
 2.85999e-15
-2.55262e-15
 5.35579e-15
 0.00000e+00
 0.00000e+00
-4.84634e-15
 5.86719e-15
-2.70081e-15
 5.83667e-15
 0.00000e+00
 0.00000e+00
-8.05346e-15
 5.79128e-15
 2.08922e-16
 3.13103e-15
 0.00000e+00
 0.00000e+00
-5.57614e-15
 3.01902e-15
 4.24550e-15
 1.02939e-15
 0.00000e+00
 0.00000e+00
-2.25605e-15
 1.60837e-17
 2.45840e-15
 2.12873e-15
 0.00000e+00
 0.00000e+00
 5.70614e-15
 3.24232e-15
 6.29071e-15
 5.59286e-15
 0.00000e+00
 0.00000e+00
 2.86347e-15
 1.31743e-15
 4.22115e-15
 3.81932e-15
 0.00000e+00
 0.00000e+00
 3.13044e-15
 8.16893e-15
 1.97032e-15
 9.45573e-15
 0.00000e+00
 0.00000e+00
 6.27357e-15
 2.03660e-15
 3.41050e-15
 8.74366e-15
 0.00000e+00
 0.00000e+00
 2.11318e-15
 2.24484e-15
 3.27735e-15
 2.02118e-15
 0.00000e+00
 0.00000e+00
 3.65292e-15
 2.25409e-15
-2.31142e-15
 4.20520e-15
 0.00000e+00
 0.00000e+00
 7.24925e-15
 1.19124e-15
 2.73199e-15
 6.35526e-15
 0.00000e+00
 0.00000e+00
 6.69003e-15
 1.14823e-15
 1.54948e-15
 5.12618e-15
 0.00000e+00
 0.00000e+00
 3.90394e-15
 3.50165e-15
 2.15783e-15
 1.06872e-15
 0.00000e+00
 0.00000e+00
 8.31832e-15
 2.16624e-15
 7.89573e-15
 7.78968e-16
 0.00000e+00
 0.00000e+00
 1.01223e-14
-1.09590e-15
 8.10618e-15
 2.07609e-15
 0.00000e+00
 0.00000e+00
 1.10445e-14
-2.96121e-15
 6.67768e-15
 7.74506e-15
 0.00000e+00
 0.00000e+00
 9.88342e-15
-3.99726e-15
 1.05072e-14
 2.26197e-15
 0.00000e+00
 0.00000e+00
 9.18666e-15
-5.87314e-16
 9.90494e-15
-4.68363e-15
 0.00000e+00
 0.00000e+00
 5.68929e-15
 3.50150e-15
 5.65147e-15
-4.41282e-15
 0.00000e+00
 0.00000e+00
 4.23883e-15
 4.74201e-15
 3.71203e-15
-6.96647e-15
 0.00000e+00
 0.00000e+00
 5.87424e-15
 5.85417e-15
 5.78575e-15
-5.15780e-15
 0.00000e+00
 0.00000e+00
 6.01626e-15
 4.84119e-15
 6.79454e-15
-2.90172e-15
 0.00000e+00
 0.00000e+00
 5.55856e-15
 7.34099e-15
 8.76684e-15
-1.37446e-15
 0.00000e+00
 0.00000e+00
 7.01528e-15
 5.52768e-15
 1.46794e-14
-1.48746e-15
 0.00000e+00
 0.00000e+00
 9.59090e-15
 1.15544e-15
 1.98532e-14
-1.26907e-15
 0.00000e+00
 0.00000e+00
 7.97217e-15
 1.12579e-15
 2.02141e-14
-2.09404e-15
 0.00000e+00
 0.00000e+00
 8.12060e-15
 3.88842e-15
 1.82758e-14
-3.25708e-15
 0.00000e+00
 0.00000e+00
 7.74402e-15
 6.65744e-15
 1.12956e-14
-1.27713e-15
 0.00000e+00
 0.00000e+00
 5.34862e-15
 6.01564e-15
 1.00712e-14
 3.06811e-15
 0.00000e+00
 0.00000e+00
 5.24800e-15
 4.33867e-15
 9.86567e-15
 4.04946e-15
 0.00000e+00
 0.00000e+00
 6.31497e-15
 5.79917e-15
 1.11508e-14
 2.64160e-15
 0.00000e+00
 0.00000e+00
 7.56069e-15
 5.45643e-15
 1.70164e-14
-6.38681e-15
 0.00000e+00
 0.00000e+00
 1.16872e-14
 4.02883e-15
 1.67455e-14
-8.08345e-15
 0.00000e+00
 0.00000e+00
 1.53960e-14
 1.18537e-15
 8.95583e-15
-3.83614e-15
 0.00000e+00
 1.36454e-03
 1.36454e-03
 1.36454e-03
 1.36454e-03
 1.36454e-03
 1.36454e-03
 4.17621e-03
 4.17621e-03
 4.17621e-03
 4.17621e-03
 4.17621e-03
 4.17621e-03
 1.08774e-02
 1.08774e-02
 1.08774e-02
 1.08774e-02
 1.08774e-02
 1.08774e-02
 2.39343e-02
 2.39343e-02
 2.39343e-02
 2.39343e-02
 2.39343e-02
 2.39343e-02
 4.47359e-02
 4.47359e-02
 4.47359e-02
 4.47359e-02
 4.47359e-02
 4.47359e-02
 7.25722e-02
 7.25722e-02
 7.25722e-02
 7.25722e-02
 7.25722e-02
 7.25722e-02
 1.05455e-01
 1.05455e-01
 1.05455e-01
 1.05455e-01
 1.05455e-01
 1.05455e-01
 1.41537e-01
 1.41537e-01
 1.41537e-01
 1.41537e-01
 1.41537e-01
 1.41537e-01
 1.79641e-01
 1.79641e-01
 1.79641e-01
 1.79641e-01
 1.79641e-01
 1.79641e-01
 2.19088e-01
 2.19088e-01
 2.19088e-01
 2.19088e-01
 2.19088e-01
 2.19088e-01
 2.59394e-01
 2.59394e-01
 2.59394e-01
 2.59394e-01
 2.59394e-01
 2.59394e-01
 3.00340e-01
 3.00340e-01
 3.00340e-01
 3.00340e-01
 3.00340e-01
 3.00340e-01
 3.41848e-01
 3.41848e-01
 3.41848e-01
 3.41848e-01
 3.41848e-01
 3.41848e-01
 3.83923e-01
 3.83923e-01
 3.83923e-01
 3.83923e-01
 3.83923e-01
 3.83923e-01
 4.26550e-01
 4.26550e-01
 4.26550e-01
 4.26550e-01
 4.26550e-01
 4.26550e-01
 4.69118e-01
 4.69118e-01
 4.69118e-01
 4.69118e-01
 4.69118e-01
 4.69118e-01
 5.10264e-01
 5.10264e-01
 5.10264e-01
 5.10264e-01
 5.10264e-01
 5.10264e-01
 5.51415e-01
 5.51415e-01
 5.51415e-01
 5.51415e-01
 5.51415e-01
 5.51415e-01
 5.91667e-01
 5.91667e-01
 5.91667e-01
 5.91667e-01
 5.91667e-01
 5.91667e-01
 6.31552e-01
 6.31552e-01
 6.31552e-01
 6.31552e-01
 6.31552e-01
 6.31552e-01
 6.71409e-01
 6.71409e-01
 6.71409e-01
 6.71409e-01
 6.71409e-01
 6.71409e-01
 7.09921e-01
 7.09921e-01
 7.09921e-01
 7.09921e-01
 7.09921e-01
 7.09921e-01
 7.48750e-01
 7.48750e-01
 7.48750e-01
 7.48750e-01
 7.48750e-01
 7.48750e-01
 7.86108e-01
 7.86108e-01
 7.86108e-01
 7.86108e-01
 7.86108e-01
 7.86108e-01
 8.21742e-01
 8.21742e-01
 8.21742e-01
 8.21742e-01
 8.21742e-01
 8.21742e-01
 8.55577e-01
 8.55577e-01
 8.55577e-01
 8.55577e-01
 8.55577e-01
 8.55577e-01
 8.81601e-01
 8.81601e-01
 8.81601e-01
 8.81601e-01
 8.81601e-01
 8.81601e-01
 9.03426e-01
 9.03426e-01
 9.03426e-01
 9.03426e-01
 9.03426e-01
 9.03426e-01
 9.18459e-01
 9.18459e-01
 9.18459e-01
 9.18459e-01
 9.18459e-01
 9.18459e-01
 9.24524e-01
 9.24524e-01
 9.24524e-01
 9.24524e-01
 9.24524e-01
 9.24524e-01
 1.36454e-03
 1.36454e-03
 1.36454e-03
 1.36454e-03
 1.36454e-03
 1.36454e-03
 4.17621e-03
 4.17621e-03
 4.17621e-03
 4.17621e-03
 4.17621e-03
 4.17621e-03
 1.08774e-02
 1.08774e-02
 1.08774e-02
 1.08774e-02
 1.08774e-02
 1.08774e-02
 2.39343e-02
 2.39343e-02
 2.39343e-02
 2.39343e-02
 2.39343e-02
 2.39343e-02
 4.47359e-02
 4.47359e-02
 4.47359e-02
 4.47359e-02
 4.47359e-02
 4.47359e-02
 7.25722e-02
 7.25722e-02
 7.25722e-02
 7.25722e-02
 7.25722e-02
 7.25722e-02
 1.05455e-01
 1.05455e-01
 1.05455e-01
 1.05455e-01
 1.05455e-01
 1.05455e-01
 1.41537e-01
 1.41537e-01
 1.41537e-01
 1.41537e-01
 1.41537e-01
 1.41537e-01
 1.79641e-01
 1.79641e-01
 1.79641e-01
 1.79641e-01
 1.79641e-01
 1.79641e-01
 2.19088e-01
 2.19088e-01
 2.19088e-01
 2.19088e-01
 2.19088e-01
 2.19088e-01
 2.59394e-01
 2.59394e-01
 2.59394e-01
 2.59394e-01
 2.59394e-01
 2.59394e-01
 3.00340e-01
 3.00340e-01
 3.00340e-01
 3.00340e-01
 3.00340e-01
 3.00340e-01
 3.41848e-01
 3.41848e-01
 3.41848e-01
 3.41848e-01
 3.41848e-01
 3.41848e-01
 3.83923e-01
 3.83923e-01
 3.83923e-01
 3.83923e-01
 3.83923e-01
 3.83923e-01
 4.26550e-01
 4.26550e-01
 4.26550e-01
 4.26550e-01
 4.26550e-01
 4.26550e-01
 4.69118e-01
 4.69118e-01
 4.69118e-01
 4.69118e-01
 4.69118e-01
 4.69118e-01
 5.10264e-01
 5.10264e-01
 5.10264e-01
 5.10264e-01
 5.10264e-01
 5.10264e-01
 5.51415e-01
 5.51415e-01
 5.51415e-01
 5.51415e-01
 5.51415e-01
 5.51415e-01
 5.91667e-01
 5.91667e-01
 5.91667e-01
 5.91667e-01
 5.91667e-01
 5.91667e-01
 6.31552e-01
 6.31552e-01
 6.31552e-01
 6.31552e-01
 6.31552e-01
 6.31552e-01
 6.71409e-01
 6.71409e-01
 6.71409e-01
 6.71409e-01
 6.71409e-01
 6.71409e-01
 7.09921e-01
 7.09921e-01
 7.09921e-01
 7.09921e-01
 7.09921e-01
 7.09921e-01
 7.48750e-01
 7.48750e-01
 7.48750e-01
 7.48750e-01
 7.48750e-01
 7.48750e-01
 7.86108e-01
 7.86108e-01
 7.86108e-01
 7.86108e-01
 7.86108e-01
 7.86108e-01
 8.21742e-01
 8.21742e-01
 8.21742e-01
 8.21742e-01
 8.21742e-01
 8.21742e-01
 8.55577e-01
 8.55577e-01
 8.55577e-01
 8.55577e-01
 8.55577e-01
 8.55577e-01
 8.81601e-01
 8.81601e-01
 8.81601e-01
 8.81601e-01
 8.81601e-01
 8.81601e-01
 9.03426e-01
 9.03426e-01
 9.03426e-01
 9.03426e-01
 9.03426e-01
 9.03426e-01
 9.18459e-01
 9.18459e-01
 9.18459e-01
 9.18459e-01
 9.18459e-01
 9.18459e-01
 9.24524e-01
 9.24524e-01
 9.24524e-01
 9.24524e-01
 9.24524e-01
 9.24524e-01
 1.36454e-03
 1.36454e-03
 1.36454e-03
 1.36454e-03
 1.36454e-03
 1.36454e-03
 4.17621e-03
 4.17621e-03
 4.17621e-03
 4.17621e-03
 4.17621e-03
 4.17621e-03
 1.08774e-02
 1.08774e-02
 1.08774e-02
 1.08774e-02
 1.08774e-02
 1.08774e-02
 2.39343e-02
 2.39343e-02
 2.39343e-02
 2.39343e-02
 2.39343e-02
 2.39343e-02
 4.47359e-02
 4.47359e-02
 4.47359e-02
 4.47359e-02
 4.47359e-02
 4.47359e-02
 7.25722e-02
 7.25722e-02
 7.25722e-02
 7.25722e-02
 7.25722e-02
 7.25722e-02
 1.05455e-01
 1.05455e-01
 1.05455e-01
 1.05455e-01
 1.05455e-01
 1.05455e-01
 1.41537e-01
 1.41537e-01
 1.41537e-01
 1.41537e-01
 1.41537e-01
 1.41537e-01
 1.79641e-01
 1.79641e-01
 1.79641e-01
 1.79641e-01
 1.79641e-01
 1.79641e-01
 2.19088e-01
 2.19088e-01
 2.19088e-01
 2.19088e-01
 2.19088e-01
 2.19088e-01
 2.59394e-01
 2.59394e-01
 2.59394e-01
 2.59394e-01
 2.59394e-01
 2.59394e-01
 3.00340e-01
 3.00340e-01
 3.00340e-01
 3.00340e-01
 3.00340e-01
 3.00340e-01
 3.41848e-01
 3.41848e-01
 3.41848e-01
 3.41848e-01
 3.41848e-01
 3.41848e-01
 3.83923e-01
 3.83923e-01
 3.83923e-01
 3.83923e-01
 3.83923e-01
 3.83923e-01
 4.26550e-01
 4.26550e-01
 4.26550e-01
 4.26550e-01
 4.26550e-01
 4.26550e-01
 4.69118e-01
 4.69118e-01
 4.69118e-01
 4.69118e-01
 4.69118e-01
 4.69118e-01
 5.10264e-01
 5.10264e-01
 5.10264e-01
 5.10264e-01
 5.10264e-01
 5.10264e-01
 5.51415e-01
 5.51415e-01
 5.51415e-01
 5.51415e-01
 5.51415e-01
 5.51415e-01
 5.91667e-01
 5.91667e-01
 5.91667e-01
 5.91667e-01
 5.91667e-01
 5.91667e-01
 6.31552e-01
 6.31552e-01
 6.31552e-01
 6.31552e-01
 6.31552e-01
 6.31552e-01
 6.71409e-01
 6.71409e-01
 6.71409e-01
 6.71409e-01
 6.71409e-01
 6.71409e-01
 7.09921e-01
 7.09921e-01
 7.09921e-01
 7.09921e-01
 7.09921e-01
 7.09921e-01
 7.48750e-01
 7.48750e-01
 7.48750e-01
 7.48750e-01
 7.48750e-01
 7.48750e-01
 7.86108e-01
 7.86108e-01
 7.86108e-01
 7.86108e-01
 7.86108e-01
 7.86108e-01
 8.21742e-01
 8.21742e-01
 8.21742e-01
 8.21742e-01
 8.21742e-01
 8.21742e-01
 8.55577e-01
 8.55577e-01
 8.55577e-01
 8.55577e-01
 8.55577e-01
 8.55577e-01
 8.81601e-01
 8.81601e-01
 8.81601e-01
 8.81601e-01
 8.81601e-01
 8.81601e-01
 9.03426e-01
 9.03426e-01
 9.03426e-01
 9.03426e-01
 9.03426e-01
 9.03426e-01
 9.18459e-01
 9.18459e-01
 9.18459e-01
 9.18459e-01
 9.18459e-01
 9.18459e-01
 9.24524e-01
 9.24524e-01
 9.24524e-01
 9.24524e-01
 9.24524e-01
 9.24524e-01
 1.36454e-03
 1.36454e-03
 1.36454e-03
 1.36454e-03
 1.36454e-03
 1.36454e-03
 4.17621e-03
 4.17621e-03
 4.17621e-03
 4.17621e-03
 4.17621e-03
 4.17621e-03
 1.08774e-02
 1.08774e-02
 1.08774e-02
 1.08774e-02
 1.08774e-02
 1.08774e-02
 2.39343e-02
 2.39343e-02
 2.39343e-02
 2.39343e-02
 2.39343e-02
 2.39343e-02
 4.47359e-02
 4.47359e-02
 4.47359e-02
 4.47359e-02
 4.47359e-02
 4.47359e-02
 7.25722e-02
 7.25722e-02
 7.25722e-02
 7.25722e-02
 7.25722e-02
 7.25722e-02
 1.05455e-01
 1.05455e-01
 1.05455e-01
 1.05455e-01
 1.05455e-01
 1.05455e-01
 1.41537e-01
 1.41537e-01
 1.41537e-01
 1.41537e-01
 1.41537e-01
 1.41537e-01
 1.79641e-01
 1.79641e-01
 1.79641e-01
 1.79641e-01
 1.79641e-01
 1.79641e-01
 2.19088e-01
 2.19088e-01
 2.19088e-01
 2.19088e-01
 2.19088e-01
 2.19088e-01
 2.59394e-01
 2.59394e-01
 2.59394e-01
 2.59394e-01
 2.59394e-01
 2.59394e-01
 3.00340e-01
 3.00340e-01
 3.00340e-01
 3.00340e-01
 3.00340e-01
 3.00340e-01
 3.41848e-01
 3.41848e-01
 3.41848e-01
 3.41848e-01
 3.41848e-01
 3.41848e-01
 3.83923e-01
 3.83923e-01
 3.83923e-01
 3.83923e-01
 3.83923e-01
 3.83923e-01
 4.26550e-01
 4.26550e-01
 4.26550e-01
 4.26550e-01
 4.26550e-01
 4.26550e-01
 4.69118e-01
 4.69118e-01
 4.69118e-01
 4.69118e-01
 4.69118e-01
 4.69118e-01
 5.10264e-01
 5.10264e-01
 5.10264e-01
 5.10264e-01
 5.10264e-01
 5.10264e-01
 5.51415e-01
 5.51415e-01
 5.51415e-01
 5.51415e-01
 5.51415e-01
 5.51415e-01
 5.91667e-01
 5.91667e-01
 5.91667e-01
 5.91667e-01
 5.91667e-01
 5.91667e-01
 6.31552e-01
 6.31552e-01
 6.31552e-01
 6.31552e-01
 6.31552e-01
 6.31552e-01
 6.71409e-01
 6.71409e-01
 6.71409e-01
 6.71409e-01
 6.71409e-01
 6.71409e-01
 7.09921e-01
 7.09921e-01
 7.09921e-01
 7.09921e-01
 7.09921e-01
 7.09921e-01
 7.48750e-01
 7.48750e-01
 7.48750e-01
 7.48750e-01
 7.48750e-01
 7.48750e-01
 7.86108e-01
 7.86108e-01
 7.86108e-01
 7.86108e-01
 7.86108e-01
 7.86108e-01
 8.21742e-01
 8.21742e-01
 8.21742e-01
 8.21742e-01
 8.21742e-01
 8.21742e-01
 8.55577e-01
 8.55577e-01
 8.55577e-01
 8.55577e-01
 8.55577e-01
 8.55577e-01
 8.81601e-01
 8.81601e-01
 8.81601e-01
 8.81601e-01
 8.81601e-01
 8.81601e-01
 9.03426e-01
 9.03426e-01
 9.03426e-01
 9.03426e-01
 9.03426e-01
 9.03426e-01
 9.18459e-01
 9.18459e-01
 9.18459e-01
 9.18459e-01
 9.18459e-01
 9.18459e-01
 9.24524e-01
 9.24524e-01
 9.24524e-01
 9.24524e-01
 9.24524e-01
 9.24524e-01
 1.36454e-03
 1.36454e-03
 1.36454e-03
 1.36454e-03
 1.36454e-03
 1.36454e-03
 4.17621e-03
 4.17621e-03
 4.17621e-03
 4.17621e-03
 4.17621e-03
 4.17621e-03
 1.08774e-02
 1.08774e-02
 1.08774e-02
 1.08774e-02
 1.08774e-02
 1.08774e-02
 2.39343e-02
 2.39343e-02
 2.39343e-02
 2.39343e-02
 2.39343e-02
 2.39343e-02
 4.47359e-02
 4.47359e-02
 4.47359e-02
 4.47359e-02
 4.47359e-02
 4.47359e-02
 7.25722e-02
 7.25722e-02
 7.25722e-02
 7.25722e-02
 7.25722e-02
 7.25722e-02
 1.05455e-01
 1.05455e-01
 1.05455e-01
 1.05455e-01
 1.05455e-01
 1.05455e-01
 1.41537e-01
 1.41537e-01
 1.41537e-01
 1.41537e-01
 1.41537e-01
 1.41537e-01
 1.79641e-01
 1.79641e-01
 1.79641e-01
 1.79641e-01
 1.79641e-01
 1.79641e-01
 2.19088e-01
 2.19088e-01
 2.19088e-01
 2.19088e-01
 2.19088e-01
 2.19088e-01
 2.59394e-01
 2.59394e-01
 2.59394e-01
 2.59394e-01
 2.59394e-01
 2.59394e-01
 3.00340e-01
 3.00340e-01
 3.00340e-01
 3.00340e-01
 3.00340e-01
 3.00340e-01
 3.41848e-01
 3.41848e-01
 3.41848e-01
 3.41848e-01
 3.41848e-01
 3.41848e-01
 3.83923e-01
 3.83923e-01
 3.83923e-01
 3.83923e-01
 3.83923e-01
 3.83923e-01
 4.26550e-01
 4.26550e-01
 4.26550e-01
 4.26550e-01
 4.26550e-01
 4.26550e-01
 4.69118e-01
 4.69118e-01
 4.69118e-01
 4.69118e-01
 4.69118e-01
 4.69118e-01
 5.10264e-01
 5.10264e-01
 5.10264e-01
 5.10264e-01
 5.10264e-01
 5.10264e-01
 5.51415e-01
 5.51415e-01
 5.51415e-01
 5.51415e-01
 5.51415e-01
 5.51415e-01
 5.91667e-01
 5.91667e-01
 5.91667e-01
 5.91667e-01
 5.91667e-01
 5.91667e-01
 6.31552e-01
 6.31552e-01
 6.31552e-01
 6.31552e-01
 6.31552e-01
 6.31552e-01
 6.71409e-01
 6.71409e-01
 6.71409e-01
 6.71409e-01
 6.71409e-01
 6.71409e-01
 7.09921e-01
 7.09921e-01
 7.09921e-01
 7.09921e-01
 7.09921e-01
 7.09921e-01
 7.48750e-01
 7.48750e-01
 7.48750e-01
 7.48750e-01
 7.48750e-01
 7.48750e-01
 7.86108e-01
 7.86108e-01
 7.86108e-01
 7.86108e-01
 7.86108e-01
 7.86108e-01
 8.21742e-01
 8.21742e-01
 8.21742e-01
 8.21742e-01
 8.21742e-01
 8.21742e-01
 8.55577e-01
 8.55577e-01
 8.55577e-01
 8.55577e-01
 8.55577e-01
 8.55577e-01
 8.81601e-01
 8.81601e-01
 8.81601e-01
 8.81601e-01
 8.81601e-01
 8.81601e-01
 9.03426e-01
 9.03426e-01
 9.03426e-01
 9.03426e-01
 9.03426e-01
 9.03426e-01
 9.18459e-01
 9.18459e-01
 9.18459e-01
 9.18459e-01
 9.18459e-01
 9.18459e-01
 9.24524e-01
 9.24524e-01
 9.24524e-01
 9.24524e-01
 9.24524e-01
 9.24524e-01
 1.36454e-03
 1.36454e-03
 1.36454e-03
 1.36454e-03
 1.36454e-03
 1.36454e-03
 4.17621e-03
 4.17621e-03
 4.17621e-03
 4.17621e-03
 4.17621e-03
 4.17621e-03
 1.08774e-02
 1.08774e-02
 1.08774e-02
 1.08774e-02
 1.08774e-02
 1.08774e-02
 2.39343e-02
 2.39343e-02
 2.39343e-02
 2.39343e-02
 2.39343e-02
 2.39343e-02
 4.47359e-02
 4.47359e-02
 4.47359e-02
 4.47359e-02
 4.47359e-02
 4.47359e-02
 7.25722e-02
 7.25722e-02
 7.25722e-02
 7.25722e-02
 7.25722e-02
 7.25722e-02
 1.05455e-01
 1.05455e-01
 1.05455e-01
 1.05455e-01
 1.05455e-01
 1.05455e-01
 1.41537e-01
 1.41537e-01
 1.41537e-01
 1.41537e-01
 1.41537e-01
 1.41537e-01
 1.79641e-01
 1.79641e-01
 1.79641e-01
 1.79641e-01
 1.79641e-01
 1.79641e-01
 2.19088e-01
 2.19088e-01
 2.19088e-01
 2.19088e-01
 2.19088e-01
 2.19088e-01
 2.59394e-01
 2.59394e-01
 2.59394e-01
 2.59394e-01
 2.59394e-01
 2.59394e-01
 3.00340e-01
 3.00340e-01
 3.00340e-01
 3.00340e-01
 3.00340e-01
 3.00340e-01
 3.41848e-01
 3.41848e-01
 3.41848e-01
 3.41848e-01
 3.41848e-01
 3.41848e-01
 3.83923e-01
 3.83923e-01
 3.83923e-01
 3.83923e-01
 3.83923e-01
 3.83923e-01
 4.26550e-01
 4.26550e-01
 4.26550e-01
 4.26550e-01
 4.26550e-01
 4.26550e-01
 4.69118e-01
 4.69118e-01
 4.69118e-01
 4.69118e-01
 4.69118e-01
 4.69118e-01
 5.10264e-01
 5.10264e-01
 5.10264e-01
 5.10264e-01
 5.10264e-01
 5.10264e-01
 5.51415e-01
 5.51415e-01
 5.51415e-01
 5.51415e-01
 5.51415e-01
 5.51415e-01
 5.91667e-01
 5.91667e-01
 5.91667e-01
 5.91667e-01
 5.91667e-01
 5.91667e-01
 6.31552e-01
 6.31552e-01
 6.31552e-01
 6.31552e-01
 6.31552e-01
 6.31552e-01
 6.71409e-01
 6.71409e-01
 6.71409e-01
 6.71409e-01
 6.71409e-01
 6.71409e-01
 7.09921e-01
 7.09921e-01
 7.09921e-01
 7.09921e-01
 7.09921e-01
 7.09921e-01
 7.48750e-01
 7.48750e-01
 7.48750e-01
 7.48750e-01
 7.48750e-01
 7.48750e-01
 7.86108e-01
 7.86108e-01
 7.86108e-01
 7.86108e-01
 7.86108e-01
 7.86108e-01
 8.21742e-01
 8.21742e-01
 8.21742e-01
 8.21742e-01
 8.21742e-01
 8.21742e-01
 8.55577e-01
 8.55577e-01
 8.55577e-01
 8.55577e-01
 8.55577e-01
 8.55577e-01
 8.81601e-01
 8.81601e-01
 8.81601e-01
 8.81601e-01
 8.81601e-01
 8.81601e-01
 9.03426e-01
 9.03426e-01
 9.03426e-01
 9.03426e-01
 9.03426e-01
 9.03426e-01
 9.18459e-01
 9.18459e-01
 9.18459e-01
 9.18459e-01
 9.18459e-01
 9.18459e-01
 9.24524e-01
 9.24524e-01
 9.24524e-01
 9.24524e-01
 9.24524e-01
 9.24524e-01
 0.00000e+00
 0.00000e+00
 0.00000e+00
 0.00000e+00
 0.00000e+00
 0.00000e+00
 0.00000e+00
 0.00000e+00
 0.00000e+00
 0.00000e+00
 0.00000e+00
 0.00000e+00
 0.00000e+00
 0.00000e+00
 0.00000e+00
 0.00000e+00
 0.00000e+00
 0.00000e+00
 0.00000e+00
 0.00000e+00
 0.00000e+00
 0.00000e+00
 0.00000e+00
 0.00000e+00
 0.00000e+00
 0.00000e+00
 0.00000e+00
 0.00000e+00
 0.00000e+00
 0.00000e+00
 0.00000e+00
 0.00000e+00
 0.00000e+00
 0.00000e+00
 0.00000e+00
 0.00000e+00
 0.00000e+00
 0.00000e+00
 0.00000e+00
 0.00000e+00
 0.00000e+00
 0.00000e+00
 0.00000e+00
 0.00000e+00
 0.00000e+00
 0.00000e+00
 0.00000e+00
 0.00000e+00
 0.00000e+00
 0.00000e+00
 0.00000e+00
 0.00000e+00
 0.00000e+00
 0.00000e+00
 0.00000e+00
 0.00000e+00
 0.00000e+00
 0.00000e+00
 0.00000e+00
 0.00000e+00
 0.00000e+00
 0.00000e+00
 0.00000e+00
 0.00000e+00
 0.00000e+00
 0.00000e+00
 0.00000e+00
 0.00000e+00
 0.00000e+00
 0.00000e+00
 0.00000e+00
 0.00000e+00
 0.00000e+00
 0.00000e+00
 0.00000e+00
 0.00000e+00
 0.00000e+00
 0.00000e+00
 0.00000e+00
 0.00000e+00
 0.00000e+00
 0.00000e+00
 0.00000e+00
 0.00000e+00
 0.00000e+00
 0.00000e+00
 0.00000e+00
 0.00000e+00
 0.00000e+00
 0.00000e+00
 0.00000e+00
 0.00000e+00
 0.00000e+00
 0.00000e+00
 0.00000e+00
 0.00000e+00
 0.00000e+00
 0.00000e+00
 0.00000e+00
 0.00000e+00
 0.00000e+00
 0.00000e+00
 0.00000e+00
 0.00000e+00
 0.00000e+00
 0.00000e+00
 0.00000e+00
 0.00000e+00
 0.00000e+00
 0.00000e+00
 0.00000e+00
 0.00000e+00
 0.00000e+00
 0.00000e+00
 0.00000e+00
 0.00000e+00
 0.00000e+00
 0.00000e+00
 0.00000e+00
 0.00000e+00
 0.00000e+00
 0.00000e+00
 0.00000e+00
 0.00000e+00
 0.00000e+00
 0.00000e+00
 0.00000e+00
 0.00000e+00
 0.00000e+00
 0.00000e+00
 0.00000e+00
 0.00000e+00
 0.00000e+00
 0.00000e+00
 0.00000e+00
 0.00000e+00
 0.00000e+00
 0.00000e+00
 0.00000e+00
 0.00000e+00
 0.00000e+00
 0.00000e+00
 0.00000e+00
 0.00000e+00
 0.00000e+00
 0.00000e+00
 0.00000e+00
 0.00000e+00
 0.00000e+00
 0.00000e+00
 0.00000e+00
 0.00000e+00
 0.00000e+00
 0.00000e+00
 0.00000e+00
 0.00000e+00
 0.00000e+00
 0.00000e+00
 0.00000e+00
 0.00000e+00
 0.00000e+00
 0.00000e+00
 0.00000e+00
 0.00000e+00
 0.00000e+00
 0.00000e+00
 0.00000e+00
 0.00000e+00
 0.00000e+00
 0.00000e+00
 0.00000e+00
 0.00000e+00
 0.00000e+00
 0.00000e+00
 0.00000e+00
 0.00000e+00
 0.00000e+00
 0.00000e+00
 0.00000e+00
 0.00000e+00
 1.52651e-15
 2.15518e-15
 2.78495e-15
 2.73743e-16
 2.40801e-15
-4.84869e-15
 5.38109e-15
 4.09548e-15
 1.72006e-15
-9.75062e-16
 3.31924e-15
-2.34839e-15
-1.84100e-15
-2.09232e-15
-3.79283e-15
-3.86636e-15
 2.89846e-15
-3.95804e-15
 3.50755e-15
 1.82877e-15
-7.37936e-16
-2.81783e-15
 4.15637e-15
-4.22793e-16
 1.70485e-15
 3.14950e-15
 2.46514e-15
-2.62977e-15
 2.53584e-15
-1.55495e-15
 3.55147e-15
 3.27118e-15
 1.86373e-15
-7.45191e-16
 4.01002e-15
-8.47914e-16
 4.13200e-15
 2.06001e-16
 4.53052e-16
 5.87265e-16
 3.47037e-15
-2.38864e-15
 1.98783e-15
 5.25247e-16
 3.12346e-15
 1.56306e-15
 3.36975e-15
-9.50070e-16
 1.76498e-15
 1.35669e-15
 3.70079e-15
 3.29225e-15
 4.46131e-15
-3.43993e-15
-1.99691e-15
-2.59777e-15
 2.01154e-15
 1.02770e-15
 2.64894e-15
-2.84071e-15
-1.69471e-15
-2.82503e-15
 2.68745e-15
 1.60576e-15
 2.69666e-15
-1.39704e-15
-5.28390e-15
-6.04588e-15
 3.67550e-16
-1.16590e-15
-1.07612e-15
-3.96381e-15
-3.14423e-15
-4.93377e-15
 4.77576e-16
-2.23803e-15
-1.57085e-15
-1.83622e-15
-1.24978e-15
-2.74632e-15
 2.96324e-15
-9.45254e-16
-1.10910e-15
 5.82294e-16
-3.88966e-15
-2.82677e-15
 3.86466e-15
-2.41221e-16
-9.46038e-16
-1.87196e-15
-6.78904e-15
-3.40961e-15
 3.89122e-15
 4.78045e-16
-8.68770e-16
-5.01912e-15
-1.18157e-14
-5.77794e-15
 2.17296e-15
-2.48487e-16
-4.15217e-16
-5.10984e-15
-1.33805e-14
-7.31769e-15
 9.73201e-16
 9.19788e-16
 1.22168e-15
-4.95779e-15
-1.14695e-14
-6.93744e-15
 1.04478e-15
 4.69913e-16
-7.16553e-16
-7.04548e-15
-5.29612e-15
-1.74030e-15
 4.77681e-15
-9.77844e-16
-2.34923e-15
-4.96726e-15
-1.41130e-15
-3.86285e-16
 5.34553e-15
-2.54924e-15
-1.66240e-15
 1.44868e-15
-2.89669e-15
-2.53974e-15
 4.26625e-15
-1.22338e-15
 4.89426e-16
 2.90204e-15
-3.15411e-15
-2.82217e-15
 4.99304e-15
 1.85931e-15
 9.96211e-16
 2.34319e-15
-4.97894e-15
-3.30983e-15
 4.33251e-15
 2.66675e-15
 2.70683e-15
 1.53128e-15
-9.27902e-15
-5.23993e-15
 1.59303e-15
 1.13539e-15
 2.54281e-15
-1.26585e-15
-6.53811e-15
-2.42756e-15
 2.55007e-15
 7.95819e-16
 2.10592e-15
-1.14371e-15
-2.54424e-15
-1.52436e-15
 4.22436e-15
-3.55684e-16
 3.00721e-17
 7.72511e-16
-3.75699e-15
-1.71804e-15
 8.78315e-15
 3.85597e-16
-4.11568e-15
 2.10236e-15
-8.60353e-15
-3.24409e-15
 1.06713e-14
 5.64691e-16
-4.99427e-15
 2.30950e-15
-1.14717e-14
-3.54979e-15
 9.28109e-15
-1.42119e-15
-3.97209e-15
 4.01040e-15
-6.43549e-17
-6.87736e-16
-1.60824e-15
-9.50305e-16
 1.96672e-15
-5.27104e-15
 8.24348e-16
 1.16338e-15
 1.06479e-15
 2.36605e-15
 2.58834e-15
-9.38932e-15
 1.54979e-15
-1.83909e-15
 2.47853e-16
 2.45970e-15
 3.03244e-15
-6.07141e-15
 1.05301e-15
 4.84748e-17
-1.20253e-15
-8.14247e-16
 2.40348e-15
-6.86917e-15
 3.71437e-15
 3.68186e-16
-1.65456e-15
-5.14186e-15
-1.28067e-15
-5.85072e-15
 7.84220e-15
 3.65112e-15
 1.54358e-15
-1.60960e-16
 2.95046e-15
-3.55707e-15
 2.63451e-15
 2.20368e-15
-1.13857e-15
-2.20544e-15
 3.70283e-15
-4.71423e-15
-1.49246e-15
-1.22475e-15
-1.86623e-15
-2.48559e-15
 3.10291e-15
-3.71422e-15
-1.14359e-15
 1.97435e-16
 1.12736e-15
-2.09021e-15
 2.47595e-15
-2.64076e-15
-4.08752e-15
-5.10240e-16
-2.32660e-15
-4.36680e-15
 1.02403e-15
-7.96130e-15
-7.47390e-15
-2.68141e-15
-3.45411e-15
-5.56212e-15
 1.09188e-15
-5.89195e-15
-3.61839e-15
 5.73222e-16
-3.16573e-15
-4.80329e-15
 2.92234e-15
-5.09380e-15
-3.97581e-15
 7.98756e-16
-1.87568e-15
-1.60176e-15
 3.50056e-15
-7.31537e-15
-6.45378e-15
-1.77155e-15
-3.61315e-15
-3.20141e-15
 3.48222e-15
-5.07738e-15
-2.33614e-15
-3.94520e-16
-3.92356e-15
-1.53865e-15
 7.94264e-15
 2.99105e-16
-2.25720e-15
 5.97606e-16
-1.95283e-15
 1.51565e-15
 9.10653e-15
-4.59933e-16
-1.33201e-16
-1.31284e-16
-3.23193e-16
 1.72722e-15
 6.26048e-15
-2.46410e-15
 3.56897e-15
 2.84711e-15
 2.65922e-15
 3.69032e-15
 6.68146e-15
-2.82587e-15
 1.49746e-15
 2.47915e-15
 1.72668e-15
 2.62391e-15
 7.89290e-15
-2.42749e-15
-4.49271e-15
-2.49545e-15
-2.62369e-15
 1.89974e-15
 7.67427e-15
-4.05537e-15
-5.99221e-15
-2.24621e-15
-3.52994e-15
-8.78361e-16
 4.77096e-15
-9.15584e-15
-4.52940e-15
 6.01930e-16
-1.98182e-15
-5.73699e-15
 1.06981e-15
-6.66747e-15
-8.39538e-15
-2.84050e-15
-4.92302e-15
-9.04387e-15
-7.36638e-17
-5.58599e-15
-8.42444e-15
-2.48663e-15
-3.93397e-15
-7.27475e-15
 5.98389e-16
-5.62659e-15
-4.91886e-15
 1.95825e-15
-2.80527e-15
-5.11218e-15
 2.27172e-15
-7.47759e-15
-5.21937e-15
 1.70562e-15
-4.02012e-15
-5.64262e-15
 2.81076e-15
-8.32661e-15
-5.51895e-15
 1.49374e-15
-6.06754e-15
-6.22429e-15
 4.93181e-15
-6.57249e-15
-6.15529e-15
 1.47789e-15
-7.66675e-15
-7.33085e-15
 6.03416e-15
-4.95329e-15
-9.20870e-15
-2.58658e-15
-9.48658e-15
-8.84473e-15
 2.67853e-15
-6.18920e-15
-6.33625e-15
-3.05588e-15
-6.87502e-15
-5.80801e-15
 7.63541e-16
-5.93090e-15
 1.13871e-16
 4.19923e-16
 2.74530e-15
 1.37503e-15
 2.66725e-15
-4.16790e-15
-6.59214e-16
 1.46198e-15
 3.93981e-15
 1.56035e-15
 2.65258e-15
-3.19617e-15
-5.23738e-15
-1.55841e-16
 2.66665e-16
-5.78853e-15
 7.69808e-16
-3.80109e-15
-2.17948e-15
-1.84560e-15
-1.86413e-17
-3.67200e-15
-6.43064e-16
-4.63721e-15
-2.62021e-15
-1.50680e-15
-1.76993e-15
-1.23238e-15
 4.34595e-15
-3.64629e-15
-3.30737e-15
-8.99267e-16
 1.43677e-16
-1.38256e-15
 3.14290e-15
-3.42553e-15
-3.79797e-15
-2.12405e-15
 7.12135e-16
-2.59068e-15
-2.05278e-15
-6.54515e-15
-1.78933e-16
-4.40338e-16
-6.97820e-16
-1.93792e-15
-1.25739e-16
-5.52384e-15
-4.85474e-17
-6.74218e-16
-1.04809e-15
-7.05940e-16
 2.38741e-15
-5.15125e-15
 2.18584e-15
-1.52379e-15
-1.00063e-15
-1.92709e-15
-2.64072e-16
-4.71881e-15
 6.97892e-15
 2.56953e-15
 1.51274e-15
 1.32420e-15
 2.58980e-15
-4.47599e-15
-3.60667e-16
-4.41928e-15
-1.54972e-16
 6.05823e-16
-1.42169e-15
-6.91747e-15
-6.31466e-16
-4.74164e-15
-3.18022e-16
-1.40717e-15
-1.99799e-15
-4.04135e-15
 2.63276e-15
-1.45750e-15
-1.75382e-15
-2.61431e-16
 1.90175e-15
-1.02899e-15
 3.96452e-16
-2.30726e-15
-1.23065e-15
-3.83563e-16
 1.56975e-15
-3.19684e-16
 2.71183e-15
-7.51810e-16
-8.31313e-16
-8.55596e-16
 2.31308e-15
 1.42663e-15
 3.82933e-16
-1.30916e-15
-2.79489e-15
-2.63097e-15
 2.31295e-15
-1.97835e-15
-5.48299e-15
-5.08935e-15
-2.82777e-15
-4.44048e-15
-2.42696e-16
-2.82357e-15
-4.40876e-15
-5.62669e-15
-4.52626e-15
-7.48559e-15
-1.73124e-15
-2.05349e-15
 5.19680e-15
-1.11470e-15
-4.33579e-15
-7.68177e-15
 3.35463e-16
 5.39897e-15
 9.47950e-15
-5.77058e-16
-5.91068e-15
-4.63208e-15
 4.69212e-15
 6.23894e-15
 8.70647e-15
-5.27694e-16
-5.91254e-15
 1.27584e-15
 8.98153e-15
 2.37231e-15
 1.13131e-14
 1.27976e-15
-3.48338e-15
 2.68272e-15
 7.84132e-15
 1.26697e-15
 1.09076e-14
 9.23349e-16
-2.36291e-15
 2.35663e-15
 5.80249e-15
 7.23723e-16
 6.33670e-15
-2.95964e-15
-1.19757e-15
 1.66016e-15
 2.35806e-15
 2.17348e-15
 6.99690e-15
-2.39761e-15
 2.78097e-15
 3.70033e-15
 1.90540e-15
 4.29302e-15
 1.11183e-14
-1.79242e-15
 3.91730e-15
 5.96662e-15
 1.81837e-15
 5.39880e-15
 2.04263e-14
 1.14881e-15
 3.03956e-15
 7.89798e-15
 5.23865e-15
 9.45620e-15
 2.15497e-14
 2.84743e-15
-8.87981e-16
 6.04876e-15
 8.41361e-15
 9.29257e-15
 1.66132e-14
 1.71492e-15
-8.03532e-15
 1.45832e-15
 8.60299e-15
 4.92334e-15
-1.48579e-15
-1.41011e-15
-2.44080e-15
-3.98025e-15
 2.63915e-15
-2.09955e-15
 3.49836e-15
 1.82443e-15
-6.38829e-16
-2.20283e-15
 4.09646e-15
-2.83420e-15
 2.51821e-15
-1.67945e-15
-2.65034e-15
-4.87915e-15
 4.31067e-17
-5.70509e-15
-4.36262e-15
-2.16961e-15
-1.66283e-15
-4.32217e-15
 1.04979e-15
-5.84902e-15
 7.22380e-16
 5.04955e-16
 1.07834e-15
-2.11971e-15
-9.12290e-16
-7.84254e-15
-1.00131e-15
 2.66252e-16
 2.86703e-15
 7.57671e-16
 2.60103e-15
-4.62262e-15
-3.32337e-15
-2.03111e-15
-8.34560e-16
-2.94564e-15
 1.70459e-15
-5.39421e-15
-1.30637e-15
-2.34558e-16
 3.27102e-16
-1.61518e-15
 2.76612e-15
-3.36134e-15
 1.58049e-15
 2.02400e-15
 3.45195e-15
 2.97587e-15
 4.47962e-15
-2.96218e-15
-4.66494e-15
-1.51041e-15
-2.25905e-16
 3.26505e-16
 4.54503e-15
-4.35562e-15
-8.14657e-15
-4.33730e-15
-3.47140e-15
-4.17936e-15
 3.49993e-15
-3.62896e-15
-5.30234e-15
-1.33305e-15
-3.30655e-15
-5.93949e-15
 3.63216e-15
-3.53780e-15
-1.99710e-15
 1.29648e-15
-2.79479e-15
-3.11609e-15
 5.24113e-15
-5.85321e-15
-3.20962e-15
-5.17636e-16
-9.84268e-16
-3.81943e-17
 1.50439e-15
-1.01072e-14
-2.02640e-16
 1.56155e-15
 3.15324e-15
 2.72402e-15
 8.88227e-16
-1.07108e-14
 8.44914e-16
 2.70240e-15
 4.78030e-15
 4.34760e-15
 1.87673e-16
-1.25097e-14
-1.17219e-16
 1.59969e-15
 3.68252e-15
 3.52973e-15
-1.14798e-16
-1.21115e-14
 2.92092e-15
 4.67891e-15
 3.62656e-15
 4.31103e-15
 4.14220e-15
-7.32248e-15
 2.71681e-15
 4.10941e-15
 2.18566e-15
 5.49522e-15
 5.33357e-15
-8.20578e-15
-3.26473e-15
 6.68596e-16
 6.96151e-16
 6.00009e-15
 5.71436e-15
-1.21608e-14
-8.71743e-15
-1.49798e-15
 4.53793e-16
 3.53967e-15
 5.11672e-15
-1.12513e-14
-8.47469e-15
-1.68898e-15
 1.48065e-15
 2.39362e-15
 3.57541e-15
-9.46288e-15
-1.14740e-14
-4.03260e-15
 1.88519e-15
 2.68485e-15
 1.72078e-15
-1.11675e-14
-1.04119e-14
-3.31052e-15
 3.13789e-15
 3.66194e-15
 2.93983e-15
-7.88632e-15
-4.05769e-15
 5.60375e-16
 2.23199e-15
 3.66173e-15
 5.36981e-15
-4.11952e-15
-2.57172e-15
 1.54527e-15
 1.45770e-15
 3.88003e-15
 7.32206e-15
-2.77696e-15
-6.06655e-15
 4.26137e-16
 1.70203e-15
 5.08636e-15
 9.75028e-15
-3.40846e-15
-1.46033e-14
-2.90713e-15
 2.34233e-15
 7.87931e-15
 9.20746e-15
-9.32812e-15
-1.86733e-14
-5.18312e-15
 3.31859e-15
 8.33846e-15
 6.40053e-15
-1.28408e-14
-1.61484e-14
-2.98604e-15
 7.84683e-15
 7.87269e-15
 1.97662e-15
-1.27101e-14
 0.00000e+00
 0.00000e+00
 0.00000e+00
 0.00000e+00
 0.00000e+00
 0.00000e+00
 0.00000e+00
 0.00000e+00
 0.00000e+00
 0.00000e+00
 0.00000e+00
 0.00000e+00
 0.00000e+00
 0.00000e+00
 0.00000e+00
 0.00000e+00
 0.00000e+00
 0.00000e+00
 0.00000e+00
 0.00000e+00
 0.00000e+00
 0.00000e+00
 0.00000e+00
 0.00000e+00
 0.00000e+00
 0.00000e+00
 0.00000e+00
 0.00000e+00
 0.00000e+00
 0.00000e+00
 0.00000e+00
 0.00000e+00
 0.00000e+00
 0.00000e+00
 0.00000e+00
 0.00000e+00
 0.00000e+00
 0.00000e+00
 0.00000e+00
 0.00000e+00
 0.00000e+00
 0.00000e+00
 0.00000e+00
 0.00000e+00
 0.00000e+00
 0.00000e+00
 0.00000e+00
 0.00000e+00
 0.00000e+00
 0.00000e+00
 0.00000e+00
 0.00000e+00
 0.00000e+00
 0.00000e+00
 0.00000e+00
 0.00000e+00
 0.00000e+00
 0.00000e+00
 0.00000e+00
 0.00000e+00
 0.00000e+00
 0.00000e+00
 0.00000e+00
 0.00000e+00
 0.00000e+00
 0.00000e+00
 0.00000e+00
 0.00000e+00
 0.00000e+00
 0.00000e+00
 0.00000e+00
 0.00000e+00
 0.00000e+00
 0.00000e+00
 0.00000e+00
 0.00000e+00
 0.00000e+00
 0.00000e+00
 0.00000e+00
 0.00000e+00
 0.00000e+00
 0.00000e+00
 0.00000e+00
 0.00000e+00
 0.00000e+00
 0.00000e+00
 0.00000e+00
 0.00000e+00
 0.00000e+00
 0.00000e+00
 0.00000e+00
 0.00000e+00
 0.00000e+00
 0.00000e+00
 0.00000e+00
 0.00000e+00
 0.00000e+00
 0.00000e+00
 0.00000e+00
 0.00000e+00
 0.00000e+00
 0.00000e+00
 0.00000e+00
 0.00000e+00
 0.00000e+00
 0.00000e+00
 0.00000e+00
 0.00000e+00
 0.00000e+00
 0.00000e+00
 0.00000e+00
 0.00000e+00
 0.00000e+00
 0.00000e+00
 0.00000e+00
 0.00000e+00
 0.00000e+00
 0.00000e+00
 0.00000e+00
 0.00000e+00
 0.00000e+00
 0.00000e+00
 0.00000e+00
 0.00000e+00
 0.00000e+00
 0.00000e+00
 0.00000e+00
 0.00000e+00
 0.00000e+00
 0.00000e+00
 0.00000e+00
 0.00000e+00
 0.00000e+00
 0.00000e+00
 0.00000e+00
 0.00000e+00
 0.00000e+00
 0.00000e+00
 0.00000e+00
 0.00000e+00
 0.00000e+00
 0.00000e+00
 0.00000e+00
 0.00000e+00
 0.00000e+00
 0.00000e+00
 0.00000e+00
 0.00000e+00
 0.00000e+00
 0.00000e+00
 0.00000e+00
 0.00000e+00
 0.00000e+00
 0.00000e+00
 0.00000e+00
 0.00000e+00
 0.00000e+00
 0.00000e+00
 0.00000e+00
 0.00000e+00
 0.00000e+00
 0.00000e+00
 0.00000e+00
 0.00000e+00
 0.00000e+00
 0.00000e+00
 0.00000e+00
 0.00000e+00
 0.00000e+00
 0.00000e+00
 0.00000e+00
 0.00000e+00
 0.00000e+00
 0.00000e+00
 0.00000e+00
 0.00000e+00
 0.00000e+00
 0.00000e+00
 0.00000e+00
 0.00000e+00
part
         3
coordinates
 0.00000e+00
-5.67434e-15
 2.09958e-15
-8.81034e-16
 3.66927e-15
 0.00000e+00
 0.00000e+00
-3.82045e-16
-2.33848e-15
 5.15098e-15
 1.73599e-16
 0.00000e+00
 0.00000e+00
-8.23397e-16
-7.51149e-15
 1.37085e-14
-6.14882e-15
 0.00000e+00
 0.00000e+00
-2.97392e-15
-8.23912e-15
 1.54409e-14
-7.49787e-15
 0.00000e+00
 0.00000e+00
-5.69527e-15
-5.26458e-15
 1.18344e-14
-7.36460e-15
 0.00000e+00
 0.00000e+00
-8.65345e-15
 2.68090e-15
 6.47777e-15
-9.21888e-15
 0.00000e+00
 0.00000e+00
-8.80824e-15
 7.30360e-15
 7.61298e-15
-1.40484e-14
 0.00000e+00
 0.00000e+00
-5.42116e-15
 5.11313e-15
 1.27319e-14
-2.01163e-14
 0.00000e+00
 0.00000e+00
-2.96748e-15
 2.37855e-16
 1.53249e-14
-1.97337e-14
 0.00000e+00
 0.00000e+00
-1.65975e-15
-4.50118e-15
 1.79704e-14
-1.95796e-14
 0.00000e+00
 0.00000e+00
 2.06495e-15
-8.16528e-15
 2.02241e-14
-1.90266e-14
 0.00000e+00
 0.00000e+00
 4.49920e-15
-1.07081e-14
 1.93092e-14
-1.60019e-14
 0.00000e+00
 0.00000e+00
 7.45130e-15
-1.03555e-14
 1.54433e-14
-1.08665e-14
 0.00000e+00
 0.00000e+00
 6.19896e-15
-8.58204e-15
 1.39005e-14
-2.62609e-15
 0.00000e+00
 0.00000e+00
-3.46644e-16
-3.32131e-15
 1.31876e-14
-1.39205e-15
 0.00000e+00
 0.00000e+00
-7.14310e-15
 5.36614e-15
 1.17331e-14
-6.92308e-15
 0.00000e+00
 0.00000e+00
-6.25519e-15
 4.77758e-15
 1.17386e-14
-7.54558e-15
 0.00000e+00
 0.00000e+00
-1.27022e-15
-2.86857e-16
 9.58028e-15
-2.53276e-15
 0.00000e+00
 0.00000e+00
-1.58069e-15
 3.62668e-15
 1.32710e-15
 8.40168e-15
 0.00000e+00
 0.00000e+00
-8.22702e-15
 1.49475e-14
-1.31687e-14
 1.60750e-14
 0.00000e+00
 0.00000e+00
-4.40464e-15
 1.24933e-14
-8.95446e-15
 1.43290e-14
 0.00000e+00
 0.00000e+00
 3.67974e-16
 2.82161e-15
-3.85025e-15
 6.98216e-15
 0.00000e+00
 0.00000e+00
 5.55984e-16
 4.80336e-15
-3.75903e-15
 7.32665e-16
 0.00000e+00
 0.00000e+00
 2.63681e-16
 3.27149e-15
 7.36261e-16
-7.95474e-15
 0.00000e+00
 0.00000e+00
-1.96422e-15
-2.35050e-15
 3.91789e-16
-9.83425e-15
 0.00000e+00
 0.00000e+00
-1.14328e-15
-4.65016e-15
-2.11102e-15
-7.75591e-15
 0.00000e+00
 0.00000e+00
 3.59433e-15
-2.15787e-15
-2.80959e-15
-3.46884e-15
 0.00000e+00
 0.00000e+00
 4.96656e-15
 5.67218e-15
-4.20346e-15
-1.16773e-15
 0.00000e+00
 0.00000e+00
 2.74791e-15
 8.24376e-15
-5.62925e-15
-1.90533e-16
 0.00000e+00
 0.00000e+00
-6.12666e-16
 5.43821e-15
-1.00172e-15
 3.41518e-16
 0.00000e+00
 0.00000e+00
-2.63942e-15
 3.60872e-15
-3.39247e-15
 5.05408e-15
 0.00000e+00
 0.00000e+00
 1.05830e-15
 1.74439e-15
-2.07816e-15
 5.22652e-15
 0.00000e+00
 0.00000e+00
 1.18186e-15
 1.00571e-15
-3.06238e-15
 3.50912e-15
 0.00000e+00
 0.00000e+00
 2.24753e-15
 1.19424e-16
-2.92502e-15
 3.60445e-15
 0.00000e+00
 0.00000e+00
 2.09781e-15
-9.53764e-17
-4.32545e-15
 5.11770e-15
 0.00000e+00
 0.00000e+00
 1.12345e-15
 7.26424e-16
-5.37249e-15
 5.25027e-15
 0.00000e+00
 0.00000e+00
 1.84407e-15
 1.35667e-15
-3.79155e-15
 3.24645e-15
 0.00000e+00
 0.00000e+00
 2.70270e-15
 5.92188e-16
 7.02626e-16
-1.93038e-15
 0.00000e+00
 0.00000e+00
 9.05748e-16
 2.47263e-15
-6.17774e-16
-2.55871e-15
 0.00000e+00
 0.00000e+00
-1.40182e-15
 6.04630e-15
-4.90014e-15
-1.64501e-15
 0.00000e+00
 0.00000e+00
-4.24135e-17
 7.05320e-15
-6.22170e-15
-1.70352e-16
 0.00000e+00
 0.00000e+00
-6.09428e-16
 8.23877e-15
-7.74517e-15
 2.04637e-15
 0.00000e+00
 0.00000e+00
-1.95264e-15
 8.52464e-15
-9.00066e-15
 4.65888e-15
 0.00000e+00
 0.00000e+00
-3.07173e-15
 9.05379e-15
-7.46502e-15
 8.22347e-15
 0.00000e+00
 0.00000e+00
-6.12960e-15
 1.14425e-14
-3.57073e-15
 6.94858e-15
 0.00000e+00
 0.00000e+00
-7.00457e-15
 1.12333e-14
 1.89845e-15
-5.96856e-16
 0.00000e+00
 0.00000e+00
-4.77285e-15
 7.83141e-15
 5.88344e-15
-2.85838e-15
 0.00000e+00
 0.00000e+00
-3.19752e-15
 1.68659e-16
 9.99511e-15
-7.67961e-16
 0.00000e+00
 0.00000e+00
-2.18565e-15
 6.42709e-16
 8.10327e-15
 3.80090e-15
 0.00000e+00
 0.00000e+00
-3.10251e-15
 7.32284e-15
 2.74065e-15
 2.91168e-15
 0.00000e+00
 0.00000e+00
 1.02226e-15
 3.80839e-15
 5.41274e-15
 1.76571e-15
 0.00000e+00
 0.00000e+00
 3.58220e-15
-5.24517e-15
 3.39835e-15
 1.28874e-15
 0.00000e+00
 0.00000e+00
 3.11296e-15
 1.52699e-15
-1.97330e-15
-1.23947e-15
 0.00000e+00
 0.00000e+00
 9.86546e-16
 3.36943e-15
 3.23366e-16
-5.24462e-15
 0.00000e+00
 0.00000e+00
-3.85175e-15
 1.59984e-15
-1.67644e-15
-2.85480e-15
 0.00000e+00
 0.00000e+00
-3.28503e-15
 1.16601e-15
-6.07059e-15
 2.71747e-16
 0.00000e+00
 0.00000e+00
 1.39284e-15
-1.46800e-16
-2.83775e-15
-9.59470e-16
 0.00000e+00
 0.00000e+00
 5.95160e-15
 1.10190e-16
 1.47375e-15
-4.48900e-15
 0.00000e+00
 0.00000e+00
 4.60040e-15
 5.52361e-17
 2.60246e-15
-5.43212e-15
 0.00000e+00
 0.00000e+00
 1.34988e-15
-2.03939e-15
 5.46011e-15
-5.33412e-15
 0.00000e+00
 0.00000e+00
 6.65361e-15
-8.20807e-15
 6.03974e-15
 3.04848e-15
 0.00000e+00
 0.00000e+00
 8.66515e-15
-9.56577e-15
 5.29940e-15
 5.54308e-15
 0.00000e+00
 0.00000e+00
 1.11230e-14
-9.44259e-15
 1.23120e-15
 6.74201e-15
 0.00000e+00
 0.00000e+00
 1.54010e-14
-6.52944e-15
-4.92709e-15
 8.96569e-15
 0.00000e+00
 0.00000e+00
 1.36831e-14
-1.61006e-15
-1.30988e-14
 1.38151e-14
 0.00000e+00
 0.00000e+00
 7.77744e-15
-8.24895e-16
-1.39902e-14
 1.65796e-14
 0.00000e+00
 0.00000e+00
 6.67311e-15
-3.67431e-15
-9.94916e-15
 1.52081e-14
 0.00000e+00
 0.00000e+00
 8.03713e-15
-9.32369e-15
 7.75890e-16
 9.39870e-15
 0.00000e+00
 0.00000e+00
 7.53365e-15
-1.00026e-14
 4.15226e-15
 4.18041e-15
 0.00000e+00
 0.00000e+00
 8.60197e-15
-1.00587e-14
 1.99610e-15
 3.85860e-15
 0.00000e+00
 0.00000e+00
 1.08218e-14
-1.10862e-14
 2.89743e-15
 4.87347e-15
 0.00000e+00
 0.00000e+00
 1.01224e-14
-1.01249e-14
 2.43544e-15
 4.44257e-15
 0.00000e+00
 0.00000e+00
 6.84888e-15
-6.78852e-15
 4.21627e-16
 4.53243e-15
 0.00000e+00
 0.00000e+00
 4.17321e-15
-3.07138e-15
-1.70466e-15
 6.24042e-15
 0.00000e+00
 0.00000e+00
 3.33587e-15
-7.26383e-16
-9.87125e-16
 4.73690e-15
 0.00000e+00
 0.00000e+00
 1.60094e-15
 8.59653e-16
 2.04443e-15
 1.47887e-15
 0.00000e+00
 0.00000e+00
-1.83108e-15
 4.64498e-15
 1.61087e-15
 2.31005e-15
 0.00000e+00
 0.00000e+00
-6.07199e-15
 8.28293e-15
-3.92990e-16
 2.19128e-15
 0.00000e+00
 0.00000e+00
-6.40454e-15
 7.50659e-15
-1.75916e-16
 1.68905e-15
 0.00000e+00
 0.00000e+00
-4.76264e-15
 8.09254e-15
-4.70711e-16
 1.31440e-15
 0.00000e+00
 0.00000e+00
-2.31403e-16
 5.91028e-15
 1.97525e-15
 1.88283e-15
 0.00000e+00
 0.00000e+00
 2.51964e-15
-2.08543e-15
 4.71838e-15
-1.35617e-15
 0.00000e+00
 0.00000e+00
 2.15687e-15
-1.31101e-16
 5.72519e-15
-4.17607e-15
 0.00000e+00
 0.00000e+00
 1.76505e-15
 2.40666e-15
 4.14267e-15
-1.94777e-15
 0.00000e+00
 0.00000e+00
-8.20535e-16
 3.80856e-15
-1.69536e-15
 3.53912e-15
 0.00000e+00
 0.00000e+00
-4.07552e-16
 3.75841e-15
-5.75791e-15
 4.97119e-15
 0.00000e+00
 0.00000e+00
 1.14721e-15
 2.67855e-15
-2.84009e-15
 6.08055e-16
 0.00000e+00
 0.00000e+00
-3.76691e-16
 2.40814e-15
 7.40498e-16
-4.77529e-15
 0.00000e+00
 0.00000e+00
-3.07777e-15
 1.29208e-15
-4.43231e-16
-2.55344e-15
 0.00000e+00
 0.00000e+00
-1.57966e-15
-1.01300e-15
-1.62876e-15
 1.63140e-15
 0.00000e+00
 0.00000e+00
 3.96237e-15
-5.27723e-15
 5.37425e-15
 5.44237e-15
 0.00000e+00
 0.00000e+00
 3.16662e-15
-5.31064e-15
 4.94428e-15
 8.06227e-15
 0.00000e+00
 0.00000e+00
 1.43751e-15
-6.69516e-15
 4.70788e-15
 1.00700e-14
 0.00000e+00
 0.00000e+00
 3.34070e-15
-6.03930e-15
 3.48289e-15
 1.18383e-14
 0.00000e+00
 0.00000e+00
 2.04001e-15
-2.25892e-15
-2.08119e-15
 1.32469e-14
 0.00000e+00
 0.00000e+00
-5.30509e-15
 2.75516e-15
-3.50405e-15
 1.22252e-14
 0.00000e+00
 0.00000e+00
-9.28109e-15
 2.46418e-15
-7.02430e-16
 8.38849e-15
 0.00000e+00
 0.00000e+00
-9.13536e-15
 7.82332e-17
 5.44746e-15
 3.71824e-15
 0.00000e+00
 0.00000e+00
-7.45395e-15
-2.57027e-15
 9.97872e-15
 2.38989e-15
 0.00000e+00
 0.00000e+00
-4.44784e-15
-5.71089e-15
 1.14254e-14
 2.34943e-15
 0.00000e+00
 0.00000e+00
-1.01362e-15
-1.04899e-14
 1.52964e-14
 1.63341e-15
 0.00000e+00
 0.00000e+00
 4.74287e-16
-1.17437e-14
 1.61229e-14
-1.35277e-15
 0.00000e+00
 0.00000e+00
 1.03074e-16
-8.66711e-15
 1.21673e-14
-1.27612e-15
 0.00000e+00
 0.00000e+00
-1.19648e-17
-3.20904e-15
 3.04258e-15
 3.50489e-15
 0.00000e+00
 0.00000e+00
 8.36022e-16
-3.66527e-15
 1.52841e-15
 4.02493e-15
 0.00000e+00
 0.00000e+00
-1.16145e-15
-6.02191e-15
 4.66417e-15
 3.43036e-15
 0.00000e+00
 0.00000e+00
-4.42637e-15
-4.02247e-15
 4.83165e-15
 5.57391e-15
 0.00000e+00
 0.00000e+00
-4.32484e-15
 1.60034e-15
 1.96432e-16
 5.29306e-15
 0.00000e+00
 0.00000e+00
-2.37086e-15
 2.38196e-15
-2.61327e-15
 3.93265e-15
 0.00000e+00
 0.00000e+00
-4.22707e-16
 1.20177e-16
-2.32638e-15
 4.51234e-15
 0.00000e+00
 0.00000e+00
 1.48394e-15
 1.36412e-16
-1.66019e-15
 8.65730e-15
 0.00000e+00
 0.00000e+00
 3.25074e-15
 1.29286e-15
-2.17260e-15
 6.73811e-15
 0.00000e+00
 0.00000e+00
 3.83655e-15
 2.78084e-15
 2.43433e-15
 1.42867e-15
 0.00000e+00
 0.00000e+00
 5.84733e-15
 3.50502e-15
 2.66748e-15
 3.76003e-15
 0.00000e+00
 0.00000e+00
 5.46056e-15
 5.62859e-15
 2.72225e-16
 3.66116e-15
 0.00000e+00
 0.00000e+00
 2.76351e-15
 7.24574e-15
-7.91987e-16
 3.97763e-15
 0.00000e+00
 0.00000e+00
 1.06032e-15
 7.94244e-15
-1.85461e-15
 5.27756e-15
 0.00000e+00
 0.00000e+00
-2.79687e-15
 7.12666e-15
-3.15590e-15
 5.94564e-15
 0.00000e+00
 0.00000e+00
-5.80806e-15
 5.01268e-15
-5.77984e-15
 9.25745e-15
 0.00000e+00
 0.00000e+00
-3.10109e-15
 2.16201e-15
-6.66715e-15
 1.09657e-14
 0.00000e+00
 0.00000e+00
-3.58727e-15
 2.85999e-15
-2.55262e-15
 5.35579e-15
 0.00000e+00
 0.00000e+00
-4.84634e-15
 5.86719e-15
-2.70081e-15
 5.83667e-15
 0.00000e+00
 0.00000e+00
-8.05346e-15
 5.79128e-15
 2.08922e-16
 3.13103e-15
 0.00000e+00
 0.00000e+00
-5.57614e-15
 3.01902e-15
 4.24550e-15
 1.02939e-15
 0.00000e+00
 0.00000e+00
-2.25605e-15
 1.60837e-17
 2.45840e-15
 2.12873e-15
 0.00000e+00
 0.00000e+00
-2.63902e-15
 3.53059e-16
 1.15292e-15
 1.15909e-15
 0.00000e+00
 0.00000e+00
-4.32624e-15
 1.76786e-15
 2.45666e-15
-1.94770e-15
 0.00000e+00
 0.00000e+00
-5.12520e-15
 2.13622e-15
 2.32056e-15
-2.60741e-15
 0.00000e+00
 0.00000e+00
-6.94309e-15
 5.15901e-15
 2.96535e-17
-2.10431e-16
 0.00000e+00
 0.00000e+00
-7.61536e-15
 1.08933e-14
-7.68235e-16
-3.29970e-16
 0.00000e+00
 0.00000e+00
-7.23587e-15
 1.08699e-14
 2.25263e-16
-2.18162e-15
 0.00000e+00
 0.00000e+00
-6.76015e-15
 6.84110e-15
 6.30970e-16
-2.22455e-15
 0.00000e+00
 0.00000e+00
-5.37772e-15
 6.95145e-15
-1.97617e-15
-1.24344e-15
 0.00000e+00
 0.00000e+00
-6.45795e-15
 8.06601e-15
-4.23364e-15
 1.61364e-15
 0.00000e+00
 0.00000e+00
-9.12342e-15
 4.82602e-15
-2.66137e-15
 1.88171e-15
 0.00000e+00
 0.00000e+00
-8.37729e-15
-1.41349e-15
 1.60508e-15
-1.45287e-15
 0.00000e+00
 0.00000e+00
-6.59424e-15
-1.76157e-15
 4.10403e-15
-2.36481e-15
 0.00000e+00
 0.00000e+00
-7.11259e-15
-4.47345e-15
 6.68624e-15
-2.40203e-15
 0.00000e+00
 0.00000e+00
-3.87582e-15
-7.90002e-15
 7.09211e-15
-1.51541e-15
 0.00000e+00
 0.00000e+00
-2.26746e-16
-8.70418e-15
 5.58108e-15
-1.51301e-15
 0.00000e+00
 0.00000e+00
-3.96421e-17
-8.02410e-15
 3.95685e-15
 3.76616e-16
 0.00000e+00
 0.00000e+00
-2.54094e-15
-4.02228e-15
-3.88577e-15
 3.26565e-15
 0.00000e+00
 0.00000e+00
-1.11776e-15
 4.78737e-15
-3.75742e-15
-5.64390e-16
 0.00000e+00
 0.00000e+00
 3.22308e-15
 5.03802e-15
 1.17698e-15
-1.86005e-15
 0.00000e+00
 0.00000e+00
 4.15221e-15
 3.21563e-15
 1.72145e-15
-2.07986e-15
 0.00000e+00
 0.00000e+00
 3.79066e-17
 4.56907e-15
 2.44643e-15
-2.31718e-15
 0.00000e+00
 0.00000e+00
-6.87838e-17
 7.03263e-15
 9.52120e-16
 2.99110e-16
 0.00000e+00
 0.00000e+00
 1.37548e-17
 4.66196e-15
-4.15905e-16
 3.10399e-15
 0.00000e+00
 0.00000e+00
-9.69342e-16
 3.76541e-16
-3.73534e-16
 2.16794e-15
 0.00000e+00
 0.00000e+00
-9.02212e-16
-4.74741e-16
 8.54294e-16
-1.94470e-16
 0.00000e+00
 0.00000e+00
 5.24800e-15
 4.33867e-15
 9.86567e-15
 4.04946e-15
 0.00000e+00
 0.00000e+00
 6.31497e-15
 5.79917e-15
 1.11508e-14
 2.64160e-15
 0.00000e+00
 0.00000e+00
 7.56069e-15
 5.45643e-15
 1.70164e-14
-6.38681e-15
 0.00000e+00
 0.00000e+00
 1.16872e-14
 4.02883e-15
 1.67455e-14
-8.08345e-15
 0.00000e+00
 0.00000e+00
 1.53960e-14
 1.18537e-15
 8.95583e-15
-3.83614e-15
 0.00000e+00
 0.00000e+00
 1.65356e-14
-3.94668e-16
 3.69450e-15
-2.33506e-15
 0.00000e+00
 0.00000e+00
 1.65821e-14
-2.14309e-15
 5.77188e-15
-3.51430e-15
 0.00000e+00
 0.00000e+00
 1.78990e-14
-5.45528e-15
 1.01261e-14
-4.33606e-15
 0.00000e+00
 0.00000e+00
 1.69456e-14
-4.74043e-15
 1.11276e-14
-5.02328e-15
 0.00000e+00
 0.00000e+00
 1.70041e-14
 1.63995e-15
 1.26502e-14
-9.69193e-15
 0.00000e+00
 0.00000e+00
 1.70955e-14
 2.40145e-15
 1.29804e-14
-1.26832e-14
 0.00000e+00
 0.00000e+00
 1.71129e-14
-2.99866e-15
 1.22341e-14
-8.89102e-15
 0.00000e+00
 0.00000e+00
 1.70192e-14
-4.15575e-15
 1.13589e-14
-5.50169e-15
 0.00000e+00
 0.00000e+00
 1.24586e-14
-3.67953e-15
 1.34098e-14
-5.65048e-15
 0.00000e+00
 0.00000e+00
 2.84208e-15
-4.67292e-15
 1.42821e-14
-4.70321e-15
 0.00000e+00
 0.00000e+00
 8.13624e-17
-2.68060e-15
 1.02502e-14
-6.28181e-15
 0.00000e+00
 0.00000e+00
-1.72366e-15
 5.78002e-15
 4.87978e-15
-7.45440e-15
 0.00000e+00
 0.00000e+00
-7.46228e-15
 7.17312e-15
 7.34356e-15
-7.17223e-15
 0.00000e+00
 0.00000e+00
-7.68163e-15
 3.71647e-15
 8.38935e-15
-3.19277e-15
 0.00000e+00
 0.00000e+00
-6.30114e-15
 4.90072e-15
 2.33869e-15
 4.35663e-15
 0.00000e+00
 0.00000e+00
-4.95309e-15
 6.62871e-15
 3.11425e-15
 3.13226e-15
 0.00000e+00
 0.00000e+00
-7.48804e-15
 7.66973e-15
 4.28552e-15
-9.55933e-16
 0.00000e+00
 0.00000e+00
-4.72592e-15
 1.31519e-14
 5.87890e-15
-3.65477e-15
 0.00000e+00
 0.00000e+00
 3.31975e-15
 1.19668e-14
 1.09970e-14
-3.93157e-15
 0.00000e+00
 0.00000e+00
 5.85359e-15
 7.33474e-15
 1.22538e-14
-2.02846e-15
 0.00000e+00
 0.00000e+00
 4.31937e-15
 8.50197e-15
 1.55529e-14
-2.21174e-15
 0.00000e+00
 0.00000e+00
 4.49022e-15
 1.52803e-14
 1.40283e-14
-7.47049e-16
 0.00000e+00
 0.00000e+00
 3.10243e-15
 1.56522e-14
 7.53655e-15
 1.54774e-15
 0.00000e+00
 0.00000e+00
 1.61701e-15
 9.54601e-15
 7.26780e-15
 1.15939e-15
 0.00000e+00
 0.00000e+00
 1.11866e-15
 8.39963e-15
 7.43134e-15
 1.13054e-15
 0.00000e+00
 8.55577e-01
 8.55577e-01
 8.55577e-01
 8.55577e-01
 8.55577e-01
 8.55577e-01
 8.81601e-01
 8.81601e-01
 8.81601e-01
 8.81601e-01
 8.81601e-01
 8.81601e-01
 9.03426e-01
 9.03426e-01
 9.03426e-01
 9.03426e-01
 9.03426e-01
 9.03426e-01
 9.18459e-01
 9.18459e-01
 9.18459e-01
 9.18459e-01
 9.18459e-01
 9.18459e-01
 9.24524e-01
 9.24524e-01
 9.24524e-01
 9.24524e-01
 9.24524e-01
 9.24524e-01
 9.29046e-01
 9.29046e-01
 9.29046e-01
 9.29046e-01
 9.29046e-01
 9.29046e-01
 9.31347e-01
 9.31347e-01
 9.31347e-01
 9.31347e-01
 9.31347e-01
 9.31347e-01
 9.31496e-01
 9.31496e-01
 9.31496e-01
 9.31496e-01
 9.31496e-01
 9.31496e-01
 9.31000e-01
 9.31000e-01
 9.31000e-01
 9.31000e-01
 9.31000e-01
 9.31000e-01
 9.30608e-01
 9.30608e-01
 9.30608e-01
 9.30608e-01
 9.30608e-01
 9.30608e-01
 9.30398e-01
 9.30398e-01
 9.30398e-01
 9.30398e-01
 9.30398e-01
 9.30398e-01
 9.30134e-01
 9.30134e-01
 9.30134e-01
 9.30134e-01
 9.30134e-01
 9.30134e-01
 9.29685e-01
 9.29685e-01
 9.29685e-01
 9.29685e-01
 9.29685e-01
 9.29685e-01
 9.29078e-01
 9.29078e-01
 9.29078e-01
 9.29078e-01
 9.29078e-01
 9.29078e-01
 9.28604e-01
 9.28604e-01
 9.28604e-01
 9.28604e-01
 9.28604e-01
 9.28604e-01
 9.28313e-01
 9.28313e-01
 9.28313e-01
 9.28313e-01
 9.28313e-01
 9.28313e-01
 9.28096e-01
 9.28096e-01
 9.28096e-01
 9.28096e-01
 9.28096e-01
 9.28096e-01
 9.27875e-01
 9.27875e-01
 9.27875e-01
 9.27875e-01
 9.27875e-01
 9.27875e-01
 9.27669e-01
 9.27669e-01
 9.27669e-01
 9.27669e-01
 9.27669e-01
 9.27669e-01
 9.27516e-01
 9.27516e-01
 9.27516e-01
 9.27516e-01
 9.27516e-01
 9.27516e-01
 9.27415e-01
 9.27415e-01
 9.27415e-01
 9.27415e-01
 9.27415e-01
 9.27415e-01
 9.27344e-01
 9.27344e-01
 9.27344e-01
 9.27344e-01
 9.27344e-01
 9.27344e-01
 9.27280e-01
 9.27280e-01
 9.27280e-01
 9.27280e-01
 9.27280e-01
 9.27280e-01
 9.27218e-01
 9.27218e-01
 9.27218e-01
 9.27218e-01
 9.27218e-01
 9.27218e-01
 9.27156e-01
 9.27156e-01
 9.27156e-01
 9.27156e-01
 9.27156e-01
 9.27156e-01
 9.27092e-01
 9.27092e-01
 9.27092e-01
 9.27092e-01
 9.27092e-01
 9.27092e-01
 9.27019e-01
 9.27019e-01
 9.27019e-01
 9.27019e-01
 9.27019e-01
 9.27019e-01
 9.26919e-01
 9.26919e-01
 9.26919e-01
 9.26919e-01
 9.26919e-01
 9.26919e-01
 9.26739e-01
 9.26739e-01
 9.26739e-01
 9.26739e-01
 9.26739e-01
 9.26739e-01
 9.26347e-01
 9.26347e-01
 9.26347e-01
 9.26347e-01
 9.26347e-01
 9.26347e-01
 8.55577e-01
 8.55577e-01
 8.55577e-01
 8.55577e-01
 8.55577e-01
 8.55577e-01
 8.81601e-01
 8.81601e-01
 8.81601e-01
 8.81601e-01
 8.81601e-01
 8.81601e-01
 9.03426e-01
 9.03426e-01
 9.03426e-01
 9.03426e-01
 9.03426e-01
 9.03426e-01
 9.18459e-01
 9.18459e-01
 9.18459e-01
 9.18459e-01
 9.18459e-01
 9.18459e-01
 9.24524e-01
 9.24524e-01
 9.24524e-01
 9.24524e-01
 9.24524e-01
 9.24524e-01
 9.29046e-01
 9.29046e-01
 9.29046e-01
 9.29046e-01
 9.29046e-01
 9.29046e-01
 9.31347e-01
 9.31347e-01
 9.31347e-01
 9.31347e-01
 9.31347e-01
 9.31347e-01
 9.31496e-01
 9.31496e-01
 9.31496e-01
 9.31496e-01
 9.31496e-01
 9.31496e-01
 9.31000e-01
 9.31000e-01
 9.31000e-01
 9.31000e-01
 9.31000e-01
 9.31000e-01
 9.30608e-01
 9.30608e-01
 9.30608e-01
 9.30608e-01
 9.30608e-01
 9.30608e-01
 9.30398e-01
 9.30398e-01
 9.30398e-01
 9.30398e-01
 9.30398e-01
 9.30398e-01
 9.30134e-01
 9.30134e-01
 9.30134e-01
 9.30134e-01
 9.30134e-01
 9.30134e-01
 9.29685e-01
 9.29685e-01
 9.29685e-01
 9.29685e-01
 9.29685e-01
 9.29685e-01
 9.29078e-01
 9.29078e-01
 9.29078e-01
 9.29078e-01
 9.29078e-01
 9.29078e-01
 9.28604e-01
 9.28604e-01
 9.28604e-01
 9.28604e-01
 9.28604e-01
 9.28604e-01
 9.28313e-01
 9.28313e-01
 9.28313e-01
 9.28313e-01
 9.28313e-01
 9.28313e-01
 9.28096e-01
 9.28096e-01
 9.28096e-01
 9.28096e-01
 9.28096e-01
 9.28096e-01
 9.27875e-01
 9.27875e-01
 9.27875e-01
 9.27875e-01
 9.27875e-01
 9.27875e-01
 9.27669e-01
 9.27669e-01
 9.27669e-01
 9.27669e-01
 9.27669e-01
 9.27669e-01
 9.27516e-01
 9.27516e-01
 9.27516e-01
 9.27516e-01
 9.27516e-01
 9.27516e-01
 9.27415e-01
 9.27415e-01
 9.27415e-01
 9.27415e-01
 9.27415e-01
 9.27415e-01
 9.27344e-01
 9.27344e-01
 9.27344e-01
 9.27344e-01
 9.27344e-01
 9.27344e-01
 9.27280e-01
 9.27280e-01
 9.27280e-01
 9.27280e-01
 9.27280e-01
 9.27280e-01
 9.27218e-01
 9.27218e-01
 9.27218e-01
 9.27218e-01
 9.27218e-01
 9.27218e-01
 9.27156e-01
 9.27156e-01
 9.27156e-01
 9.27156e-01
 9.27156e-01
 9.27156e-01
 9.27092e-01
 9.27092e-01
 9.27092e-01
 9.27092e-01
 9.27092e-01
 9.27092e-01
 9.27019e-01
 9.27019e-01
 9.27019e-01
 9.27019e-01
 9.27019e-01
 9.27019e-01
 9.26919e-01
 9.26919e-01
 9.26919e-01
 9.26919e-01
 9.26919e-01
 9.26919e-01
 9.26739e-01
 9.26739e-01
 9.26739e-01
 9.26739e-01
 9.26739e-01
 9.26739e-01
 9.26347e-01
 9.26347e-01
 9.26347e-01
 9.26347e-01
 9.26347e-01
 9.26347e-01
 8.55577e-01
 8.55577e-01
 8.55577e-01
 8.55577e-01
 8.55577e-01
 8.55577e-01
 8.81601e-01
 8.81601e-01
 8.81601e-01
 8.81601e-01
 8.81601e-01
 8.81601e-01
 9.03426e-01
 9.03426e-01
 9.03426e-01
 9.03426e-01
 9.03426e-01
 9.03426e-01
 9.18459e-01
 9.18459e-01
 9.18459e-01
 9.18459e-01
 9.18459e-01
 9.18459e-01
 9.24524e-01
 9.24524e-01
 9.24524e-01
 9.24524e-01
 9.24524e-01
 9.24524e-01
 9.29046e-01
 9.29046e-01
 9.29046e-01
 9.29046e-01
 9.29046e-01
 9.29046e-01
 9.31347e-01
 9.31347e-01
 9.31347e-01
 9.31347e-01
 9.31347e-01
 9.31347e-01
 9.31496e-01
 9.31496e-01
 9.31496e-01
 9.31496e-01
 9.31496e-01
 9.31496e-01
 9.31000e-01
 9.31000e-01
 9.31000e-01
 9.31000e-01
 9.31000e-01
 9.31000e-01
 9.30608e-01
 9.30608e-01
 9.30608e-01
 9.30608e-01
 9.30608e-01
 9.30608e-01
 9.30398e-01
 9.30398e-01
 9.30398e-01
 9.30398e-01
 9.30398e-01
 9.30398e-01
 9.30134e-01
 9.30134e-01
 9.30134e-01
 9.30134e-01
 9.30134e-01
 9.30134e-01
 9.29685e-01
 9.29685e-01
 9.29685e-01
 9.29685e-01
 9.29685e-01
 9.29685e-01
 9.29078e-01
 9.29078e-01
 9.29078e-01
 9.29078e-01
 9.29078e-01
 9.29078e-01
 9.28604e-01
 9.28604e-01
 9.28604e-01
 9.28604e-01
 9.28604e-01
 9.28604e-01
 9.28313e-01
 9.28313e-01
 9.28313e-01
 9.28313e-01
 9.28313e-01
 9.28313e-01
 9.28096e-01
 9.28096e-01
 9.28096e-01
 9.28096e-01
 9.28096e-01
 9.28096e-01
 9.27875e-01
 9.27875e-01
 9.27875e-01
 9.27875e-01
 9.27875e-01
 9.27875e-01
 9.27669e-01
 9.27669e-01
 9.27669e-01
 9.27669e-01
 9.27669e-01
 9.27669e-01
 9.27516e-01
 9.27516e-01
 9.27516e-01
 9.27516e-01
 9.27516e-01
 9.27516e-01
 9.27415e-01
 9.27415e-01
 9.27415e-01
 9.27415e-01
 9.27415e-01
 9.27415e-01
 9.27344e-01
 9.27344e-01
 9.27344e-01
 9.27344e-01
 9.27344e-01
 9.27344e-01
 9.27280e-01
 9.27280e-01
 9.27280e-01
 9.27280e-01
 9.27280e-01
 9.27280e-01
 9.27218e-01
 9.27218e-01
 9.27218e-01
 9.27218e-01
 9.27218e-01
 9.27218e-01
 9.27156e-01
 9.27156e-01
 9.27156e-01
 9.27156e-01
 9.27156e-01
 9.27156e-01
 9.27092e-01
 9.27092e-01
 9.27092e-01
 9.27092e-01
 9.27092e-01
 9.27092e-01
 9.27019e-01
 9.27019e-01
 9.27019e-01
 9.27019e-01
 9.27019e-01
 9.27019e-01
 9.26919e-01
 9.26919e-01
 9.26919e-01
 9.26919e-01
 9.26919e-01
 9.26919e-01
 9.26739e-01
 9.26739e-01
 9.26739e-01
 9.26739e-01
 9.26739e-01
 9.26739e-01
 9.26347e-01
 9.26347e-01
 9.26347e-01
 9.26347e-01
 9.26347e-01
 9.26347e-01
 8.55577e-01
 8.55577e-01
 8.55577e-01
 8.55577e-01
 8.55577e-01
 8.55577e-01
 8.81601e-01
 8.81601e-01
 8.81601e-01
 8.81601e-01
 8.81601e-01
 8.81601e-01
 9.03426e-01
 9.03426e-01
 9.03426e-01
 9.03426e-01
 9.03426e-01
 9.03426e-01
 9.18459e-01
 9.18459e-01
 9.18459e-01
 9.18459e-01
 9.18459e-01
 9.18459e-01
 9.24524e-01
 9.24524e-01
 9.24524e-01
 9.24524e-01
 9.24524e-01
 9.24524e-01
 9.29046e-01
 9.29046e-01
 9.29046e-01
 9.29046e-01
 9.29046e-01
 9.29046e-01
 9.31347e-01
 9.31347e-01
 9.31347e-01
 9.31347e-01
 9.31347e-01
 9.31347e-01
 9.31496e-01
 9.31496e-01
 9.31496e-01
 9.31496e-01
 9.31496e-01
 9.31496e-01
 9.31000e-01
 9.31000e-01
 9.31000e-01
 9.31000e-01
 9.31000e-01
 9.31000e-01
 9.30608e-01
 9.30608e-01
 9.30608e-01
 9.30608e-01
 9.30608e-01
 9.30608e-01
 9.30398e-01
 9.30398e-01
 9.30398e-01
 9.30398e-01
 9.30398e-01
 9.30398e-01
 9.30134e-01
 9.30134e-01
 9.30134e-01
 9.30134e-01
 9.30134e-01
 9.30134e-01
 9.29685e-01
 9.29685e-01
 9.29685e-01
 9.29685e-01
 9.29685e-01
 9.29685e-01
 9.29078e-01
 9.29078e-01
 9.29078e-01
 9.29078e-01
 9.29078e-01
 9.29078e-01
 9.28604e-01
 9.28604e-01
 9.28604e-01
 9.28604e-01
 9.28604e-01
 9.28604e-01
 9.28313e-01
 9.28313e-01
 9.28313e-01
 9.28313e-01
 9.28313e-01
 9.28313e-01
 9.28096e-01
 9.28096e-01
 9.28096e-01
 9.28096e-01
 9.28096e-01
 9.28096e-01
 9.27875e-01
 9.27875e-01
 9.27875e-01
 9.27875e-01
 9.27875e-01
 9.27875e-01
 9.27669e-01
 9.27669e-01
 9.27669e-01
 9.27669e-01
 9.27669e-01
 9.27669e-01
 9.27516e-01
 9.27516e-01
 9.27516e-01
 9.27516e-01
 9.27516e-01
 9.27516e-01
 9.27415e-01
 9.27415e-01
 9.27415e-01
 9.27415e-01
 9.27415e-01
 9.27415e-01
 9.27344e-01
 9.27344e-01
 9.27344e-01
 9.27344e-01
 9.27344e-01
 9.27344e-01
 9.27280e-01
 9.27280e-01
 9.27280e-01
 9.27280e-01
 9.27280e-01
 9.27280e-01
 9.27218e-01
 9.27218e-01
 9.27218e-01
 9.27218e-01
 9.27218e-01
 9.27218e-01
 9.27156e-01
 9.27156e-01
 9.27156e-01
 9.27156e-01
 9.27156e-01
 9.27156e-01
 9.27092e-01
 9.27092e-01
 9.27092e-01
 9.27092e-01
 9.27092e-01
 9.27092e-01
 9.27019e-01
 9.27019e-01
 9.27019e-01
 9.27019e-01
 9.27019e-01
 9.27019e-01
 9.26919e-01
 9.26919e-01
 9.26919e-01
 9.26919e-01
 9.26919e-01
 9.26919e-01
 9.26739e-01
 9.26739e-01
 9.26739e-01
 9.26739e-01
 9.26739e-01
 9.26739e-01
 9.26347e-01
 9.26347e-01
 9.26347e-01
 9.26347e-01
 9.26347e-01
 9.26347e-01
 8.55577e-01
 8.55577e-01
 8.55577e-01
 8.55577e-01
 8.55577e-01
 8.55577e-01
 8.81601e-01
 8.81601e-01
 8.81601e-01
 8.81601e-01
 8.81601e-01
 8.81601e-01
 9.03426e-01
 9.03426e-01
 9.03426e-01
 9.03426e-01
 9.03426e-01
 9.03426e-01
 9.18459e-01
 9.18459e-01
 9.18459e-01
 9.18459e-01
 9.18459e-01
 9.18459e-01
 9.24524e-01
 9.24524e-01
 9.24524e-01
 9.24524e-01
 9.24524e-01
 9.24524e-01
 9.29046e-01
 9.29046e-01
 9.29046e-01
 9.29046e-01
 9.29046e-01
 9.29046e-01
 9.31347e-01
 9.31347e-01
 9.31347e-01
 9.31347e-01
 9.31347e-01
 9.31347e-01
 9.31496e-01
 9.31496e-01
 9.31496e-01
 9.31496e-01
 9.31496e-01
 9.31496e-01
 9.31000e-01
 9.31000e-01
 9.31000e-01
 9.31000e-01
 9.31000e-01
 9.31000e-01
 9.30608e-01
 9.30608e-01
 9.30608e-01
 9.30608e-01
 9.30608e-01
 9.30608e-01
 9.30398e-01
 9.30398e-01
 9.30398e-01
 9.30398e-01
 9.30398e-01
 9.30398e-01
 9.30134e-01
 9.30134e-01
 9.30134e-01
 9.30134e-01
 9.30134e-01
 9.30134e-01
 9.29685e-01
 9.29685e-01
 9.29685e-01
 9.29685e-01
 9.29685e-01
 9.29685e-01
 9.29078e-01
 9.29078e-01
 9.29078e-01
 9.29078e-01
 9.29078e-01
 9.29078e-01
 9.28604e-01
 9.28604e-01
 9.28604e-01
 9.28604e-01
 9.28604e-01
 9.28604e-01
 9.28313e-01
 9.28313e-01
 9.28313e-01
 9.28313e-01
 9.28313e-01
 9.28313e-01
 9.28096e-01
 9.28096e-01
 9.28096e-01
 9.28096e-01
 9.28096e-01
 9.28096e-01
 9.27875e-01
 9.27875e-01
 9.27875e-01
 9.27875e-01
 9.27875e-01
 9.27875e-01
 9.27669e-01
 9.27669e-01
 9.27669e-01
 9.27669e-01
 9.27669e-01
 9.27669e-01
 9.27516e-01
 9.27516e-01
 9.27516e-01
 9.27516e-01
 9.27516e-01
 9.27516e-01
 9.27415e-01
 9.27415e-01
 9.27415e-01
 9.27415e-01
 9.27415e-01
 9.27415e-01
 9.27344e-01
 9.27344e-01
 9.27344e-01
 9.27344e-01
 9.27344e-01
 9.27344e-01
 9.27280e-01
 9.27280e-01
 9.27280e-01
 9.27280e-01
 9.27280e-01
 9.27280e-01
 9.27218e-01
 9.27218e-01
 9.27218e-01
 9.27218e-01
 9.27218e-01
 9.27218e-01
 9.27156e-01
 9.27156e-01
 9.27156e-01
 9.27156e-01
 9.27156e-01
 9.27156e-01
 9.27092e-01
 9.27092e-01
 9.27092e-01
 9.27092e-01
 9.27092e-01
 9.27092e-01
 9.27019e-01
 9.27019e-01
 9.27019e-01
 9.27019e-01
 9.27019e-01
 9.27019e-01
 9.26919e-01
 9.26919e-01
 9.26919e-01
 9.26919e-01
 9.26919e-01
 9.26919e-01
 9.26739e-01
 9.26739e-01
 9.26739e-01
 9.26739e-01
 9.26739e-01
 9.26739e-01
 9.26347e-01
 9.26347e-01
 9.26347e-01
 9.26347e-01
 9.26347e-01
 9.26347e-01
 8.55577e-01
 8.55577e-01
 8.55577e-01
 8.55577e-01
 8.55577e-01
 8.55577e-01
 8.81601e-01
 8.81601e-01
 8.81601e-01
 8.81601e-01
 8.81601e-01
 8.81601e-01
 9.03426e-01
 9.03426e-01
 9.03426e-01
 9.03426e-01
 9.03426e-01
 9.03426e-01
 9.18459e-01
 9.18459e-01
 9.18459e-01
 9.18459e-01
 9.18459e-01
 9.18459e-01
 9.24524e-01
 9.24524e-01
 9.24524e-01
 9.24524e-01
 9.24524e-01
 9.24524e-01
 9.29046e-01
 9.29046e-01
 9.29046e-01
 9.29046e-01
 9.29046e-01
 9.29046e-01
 9.31347e-01
 9.31347e-01
 9.31347e-01
 9.31347e-01
 9.31347e-01
 9.31347e-01
 9.31496e-01
 9.31496e-01
 9.31496e-01
 9.31496e-01
 9.31496e-01
 9.31496e-01
 9.31000e-01
 9.31000e-01
 9.31000e-01
 9.31000e-01
 9.31000e-01
 9.31000e-01
 9.30608e-01
 9.30608e-01
 9.30608e-01
 9.30608e-01
 9.30608e-01
 9.30608e-01
 9.30398e-01
 9.30398e-01
 9.30398e-01
 9.30398e-01
 9.30398e-01
 9.30398e-01
 9.30134e-01
 9.30134e-01
 9.30134e-01
 9.30134e-01
 9.30134e-01
 9.30134e-01
 9.29685e-01
 9.29685e-01
 9.29685e-01
 9.29685e-01
 9.29685e-01
 9.29685e-01
 9.29078e-01
 9.29078e-01
 9.29078e-01
 9.29078e-01
 9.29078e-01
 9.29078e-01
 9.28604e-01
 9.28604e-01
 9.28604e-01
 9.28604e-01
 9.28604e-01
 9.28604e-01
 9.28313e-01
 9.28313e-01
 9.28313e-01
 9.28313e-01
 9.28313e-01
 9.28313e-01
 9.28096e-01
 9.28096e-01
 9.28096e-01
 9.28096e-01
 9.28096e-01
 9.28096e-01
 9.27875e-01
 9.27875e-01
 9.27875e-01
 9.27875e-01
 9.27875e-01
 9.27875e-01
 9.27669e-01
 9.27669e-01
 9.27669e-01
 9.27669e-01
 9.27669e-01
 9.27669e-01
 9.27516e-01
 9.27516e-01
 9.27516e-01
 9.27516e-01
 9.27516e-01
 9.27516e-01
 9.27415e-01
 9.27415e-01
 9.27415e-01
 9.27415e-01
 9.27415e-01
 9.27415e-01
 9.27344e-01
 9.27344e-01
 9.27344e-01
 9.27344e-01
 9.27344e-01
 9.27344e-01
 9.27280e-01
 9.27280e-01
 9.27280e-01
 9.27280e-01
 9.27280e-01
 9.27280e-01
 9.27218e-01
 9.27218e-01
 9.27218e-01
 9.27218e-01
 9.27218e-01
 9.27218e-01
 9.27156e-01
 9.27156e-01
 9.27156e-01
 9.27156e-01
 9.27156e-01
 9.27156e-01
 9.27092e-01
 9.27092e-01
 9.27092e-01
 9.27092e-01
 9.27092e-01
 9.27092e-01
 9.27019e-01
 9.27019e-01
 9.27019e-01
 9.27019e-01
 9.27019e-01
 9.27019e-01
 9.26919e-01
 9.26919e-01
 9.26919e-01
 9.26919e-01
 9.26919e-01
 9.26919e-01
 9.26739e-01
 9.26739e-01
 9.26739e-01
 9.26739e-01
 9.26739e-01
 9.26739e-01
 9.26347e-01
 9.26347e-01
 9.26347e-01
 9.26347e-01
 9.26347e-01
 9.26347e-01
 0.00000e+00
 0.00000e+00
 0.00000e+00
 0.00000e+00
 0.00000e+00
 0.00000e+00
 0.00000e+00
 0.00000e+00
 0.00000e+00
 0.00000e+00
 0.00000e+00
 0.00000e+00
 0.00000e+00
 0.00000e+00
 0.00000e+00
 0.00000e+00
 0.00000e+00
 0.00000e+00
 0.00000e+00
 0.00000e+00
 0.00000e+00
 0.00000e+00
 0.00000e+00
 0.00000e+00
 0.00000e+00
 0.00000e+00
 0.00000e+00
 0.00000e+00
 0.00000e+00
 0.00000e+00
 0.00000e+00
 0.00000e+00
 0.00000e+00
 0.00000e+00
 0.00000e+00
 0.00000e+00
 0.00000e+00
 0.00000e+00
 0.00000e+00
 0.00000e+00
 0.00000e+00
 0.00000e+00
 0.00000e+00
 0.00000e+00
 0.00000e+00
 0.00000e+00
 0.00000e+00
 0.00000e+00
 0.00000e+00
 0.00000e+00
 0.00000e+00
 0.00000e+00
 0.00000e+00
 0.00000e+00
 0.00000e+00
 0.00000e+00
 0.00000e+00
 0.00000e+00
 0.00000e+00
 0.00000e+00
 0.00000e+00
 0.00000e+00
 0.00000e+00
 0.00000e+00
 0.00000e+00
 0.00000e+00
 0.00000e+00
 0.00000e+00
 0.00000e+00
 0.00000e+00
 0.00000e+00
 0.00000e+00
 0.00000e+00
 0.00000e+00
 0.00000e+00
 0.00000e+00
 0.00000e+00
 0.00000e+00
 0.00000e+00
 0.00000e+00
 0.00000e+00
 0.00000e+00
 0.00000e+00
 0.00000e+00
 0.00000e+00
 0.00000e+00
 0.00000e+00
 0.00000e+00
 0.00000e+00
 0.00000e+00
 0.00000e+00
 0.00000e+00
 0.00000e+00
 0.00000e+00
 0.00000e+00
 0.00000e+00
 0.00000e+00
 0.00000e+00
 0.00000e+00
 0.00000e+00
 0.00000e+00
 0.00000e+00
 0.00000e+00
 0.00000e+00
 0.00000e+00
 0.00000e+00
 0.00000e+00
 0.00000e+00
 0.00000e+00
 0.00000e+00
 0.00000e+00
 0.00000e+00
 0.00000e+00
 0.00000e+00
 0.00000e+00
 0.00000e+00
 0.00000e+00
 0.00000e+00
 0.00000e+00
 0.00000e+00
 0.00000e+00
 0.00000e+00
 0.00000e+00
 0.00000e+00
 0.00000e+00
 0.00000e+00
 0.00000e+00
 0.00000e+00
 0.00000e+00
 0.00000e+00
 0.00000e+00
 0.00000e+00
 0.00000e+00
 0.00000e+00
 0.00000e+00
 0.00000e+00
 0.00000e+00
 0.00000e+00
 0.00000e+00
 0.00000e+00
 0.00000e+00
 0.00000e+00
 0.00000e+00
 0.00000e+00
 0.00000e+00
 0.00000e+00
 0.00000e+00
 0.00000e+00
 0.00000e+00
 0.00000e+00
 0.00000e+00
 0.00000e+00
 0.00000e+00
 0.00000e+00
 0.00000e+00
 0.00000e+00
 0.00000e+00
 0.00000e+00
 0.00000e+00
 0.00000e+00
 0.00000e+00
 0.00000e+00
 0.00000e+00
 0.00000e+00
 0.00000e+00
 0.00000e+00
 0.00000e+00
 0.00000e+00
 0.00000e+00
 0.00000e+00
 0.00000e+00
 0.00000e+00
 0.00000e+00
 0.00000e+00
 0.00000e+00
 0.00000e+00
 0.00000e+00
 0.00000e+00
 0.00000e+00
 0.00000e+00
-6.53811e-15
-2.42756e-15
 2.55007e-15
 7.95819e-16
 2.10592e-15
-1.14371e-15
-2.54424e-15
-1.52436e-15
 4.22436e-15
-3.55684e-16
 3.00721e-17
 7.72511e-16
-3.75699e-15
-1.71804e-15
 8.78315e-15
 3.85597e-16
-4.11568e-15
 2.10236e-15
-8.60353e-15
-3.24409e-15
 1.06713e-14
 5.64691e-16
-4.99427e-15
 2.30950e-15
-1.14717e-14
-3.54979e-15
 9.28109e-15
-1.42119e-15
-3.97209e-15
 4.01040e-15
-1.24114e-14
-2.92277e-15
 4.96442e-15
-8.84351e-15
-4.57481e-15
 6.38081e-15
-1.26105e-14
-1.63755e-15
 3.96358e-15
-1.33221e-14
-5.49545e-15
 8.91047e-15
-8.47264e-15
 5.92579e-16
 4.72784e-15
-1.22869e-14
-4.84793e-15
 9.39272e-15
-3.10745e-15
 4.53036e-17
 6.36294e-15
-7.88979e-15
-4.99618e-15
 8.08626e-15
-7.85728e-16
-1.46850e-15
 8.96194e-15
-3.48577e-15
-6.99132e-15
 5.88872e-15
 3.52444e-16
-2.48718e-15
 1.02382e-14
 1.31723e-16
-6.36014e-15
 7.55869e-15
 2.06814e-15
-3.57158e-15
 8.73655e-15
 6.13287e-16
-6.53301e-15
 6.52201e-15
 3.92677e-15
-4.71295e-15
 4.58934e-15
-8.24049e-16
-8.04833e-15
 3.19054e-15
 2.55760e-15
-6.43882e-15
 1.64639e-15
-2.09775e-15
-1.02462e-14
-2.45765e-15
-1.58516e-15
-7.26928e-15
 4.67473e-16
-3.32080e-15
-1.00723e-14
-5.11239e-15
-5.17563e-15
-5.28054e-15
 8.27207e-16
-2.83929e-15
-5.90084e-15
-1.64513e-15
-6.11275e-15
-4.84177e-15
-6.28795e-17
-2.11691e-15
-1.74770e-15
 4.21742e-16
-3.09197e-15
-4.23728e-15
-3.90982e-15
-2.79581e-15
-4.83802e-16
-1.27184e-15
-4.35721e-15
-3.97186e-15
-6.58917e-15
-2.10921e-15
 2.06345e-15
-5.66130e-15
-8.65970e-15
-3.99026e-15
-5.94335e-15
 1.12032e-15
 5.88732e-15
-9.65544e-15
-5.20083e-15
 3.41400e-16
-1.52734e-15
 3.10886e-15
 6.64745e-15
-7.97849e-15
 6.60172e-15
 1.01123e-14
 6.75007e-15
 4.85426e-15
 7.27367e-15
-1.33515e-16
 4.22263e-15
 6.73531e-15
 5.30331e-15
 4.80614e-15
 6.88523e-15
 2.29935e-15
 3.10957e-15
 2.56592e-15
 3.68366e-15
 4.82554e-15
 8.06373e-15
 6.56636e-15
 2.45143e-15
 3.30003e-16
 1.79968e-15
 1.87206e-15
 7.47613e-15
 1.09320e-14
 1.29587e-15
-2.30076e-15
 4.53731e-17
-3.84969e-17
 4.67102e-15
 9.06733e-15
 2.34056e-15
-5.85014e-16
-9.31873e-16
 2.65813e-17
 3.21577e-15
 1.30334e-15
 1.98490e-15
 2.69400e-15
-2.76409e-15
-2.06484e-15
 1.43600e-15
-6.42829e-15
-8.18611e-16
 1.70180e-15
-4.51413e-15
-5.46225e-15
-5.12129e-16
-1.01159e-14
 2.53986e-16
 2.45649e-15
-2.48428e-15
-4.15384e-15
-1.90959e-15
-1.22308e-14
-5.21937e-15
 1.70562e-15
-4.02012e-15
-5.64262e-15
 2.81076e-15
-8.32661e-15
-5.51895e-15
 1.49374e-15
-6.06754e-15
-6.22429e-15
 4.93181e-15
-6.57249e-15
-6.15529e-15
 1.47789e-15
-7.66675e-15
-7.33085e-15
 6.03416e-15
-4.95329e-15
-9.20870e-15
-2.58658e-15
-9.48658e-15
-8.84473e-15
 2.67853e-15
-6.18920e-15
-6.33625e-15
-3.05588e-15
-6.87502e-15
-5.80801e-15
 7.63541e-16
-5.93090e-15
 4.16514e-15
 6.39247e-16
-2.72627e-15
 8.29983e-16
 1.50723e-15
-4.84418e-15
 8.82526e-15
 3.41484e-15
-2.64104e-15
 2.28833e-15
 3.55700e-15
-4.75592e-15
 7.11805e-15
 2.92002e-15
-6.56717e-15
-2.48469e-16
 6.09744e-15
-4.20128e-15
-5.67594e-17
 3.53423e-15
-9.24174e-15
-3.39389e-15
 9.32561e-15
-4.37571e-15
-4.22036e-15
 5.96220e-15
-1.04287e-14
-6.69439e-15
 1.15826e-14
-3.52272e-15
-7.02102e-15
 6.83519e-15
-1.33776e-14
-1.24451e-14
 9.90554e-15
-6.51601e-15
-9.54686e-15
 6.83043e-15
-1.33212e-14
-1.27602e-14
 9.38364e-15
-9.97451e-15
-9.92904e-15
 7.24595e-15
-9.23321e-15
-9.32085e-15
 9.65580e-15
-8.80802e-15
-7.79976e-15
 9.40345e-15
-2.70671e-15
-4.65728e-15
 8.70843e-15
-9.05165e-15
-4.08476e-15
 1.17181e-14
 1.92966e-15
-4.03483e-15
 6.19132e-15
-7.40262e-15
 3.01535e-15
 1.12872e-14
 3.38036e-15
-3.97844e-15
 3.45566e-15
-2.38823e-15
 6.44870e-15
 8.13597e-15
 3.99888e-15
-2.22723e-15
 1.45466e-15
 4.90606e-16
 3.34465e-15
 1.60807e-15
 8.27666e-15
 5.02668e-15
-1.28269e-15
-2.23913e-15
 5.56764e-15
 2.51761e-15
 1.11311e-14
 6.26972e-15
-5.12485e-15
-4.21797e-15
 1.73003e-14
 1.00246e-14
 1.15025e-14
 1.54262e-15
-4.67409e-15
 1.64112e-15
 1.28267e-14
 5.57460e-15
 7.28619e-15
 4.13581e-16
-2.60796e-15
 4.68355e-15
 4.50413e-15
 3.95436e-16
 4.62773e-15
 9.31058e-15
 7.45590e-15
 2.74831e-15
 8.32318e-15
 5.36554e-15
 4.42151e-15
 9.59576e-15
 1.60691e-14
 7.57124e-15
 6.67498e-15
 6.36357e-15
 4.72428e-15
 3.70948e-15
 1.22908e-14
 6.09902e-15
 1.52699e-16
 3.70639e-15
 4.74027e-15
 4.77342e-15
 1.00663e-14
-3.41905e-16
-5.28364e-15
 2.54897e-16
 3.12714e-15
 4.92076e-15
 1.11403e-14
 5.91719e-16
-5.28278e-15
-2.95153e-15
 7.77703e-17
 1.72129e-15
 7.12617e-15
 1.50597e-16
 4.72416e-15
-2.01022e-15
-8.76900e-16
-6.43007e-16
-8.63287e-16
-2.79592e-15
 9.78007e-15
 5.70799e-16
 5.94507e-16
-1.24333e-15
-6.67499e-16
 2.62252e-15
 5.40249e-15
-9.63176e-17
 2.97250e-15
-1.85312e-15
 1.06952e-15
 9.58479e-15
 6.99690e-15
-2.39761e-15
 2.78097e-15
 3.70033e-15
 1.90540e-15
 4.29302e-15
 1.11183e-14
-1.79242e-15
 3.91730e-15
 5.96662e-15
 1.81837e-15
 5.39880e-15
 2.04263e-14
 1.14881e-15
 3.03956e-15
 7.89798e-15
 5.23865e-15
 9.45620e-15
 2.15497e-14
 2.84743e-15
-8.87981e-16
 6.04876e-15
 8.41361e-15
 9.29257e-15
 1.66132e-14
 1.71492e-15
-8.03532e-15
 1.45832e-15
 8.60299e-15
 4.92334e-15
 8.34321e-15
-2.03524e-15
-9.53653e-15
 1.38600e-15
 9.35078e-15
 2.32148e-15
 8.96423e-15
-1.50555e-15
-6.12318e-15
 4.61852e-15
 9.37474e-15
 2.52247e-15
 1.42868e-14
 1.30709e-15
 1.71232e-15
 9.04560e-15
 6.83032e-15
 3.58848e-15
 1.69977e-14
-9.96627e-16
 2.78904e-15
 9.34446e-15
 2.60928e-15
 5.80431e-15
 1.58283e-14
-6.78268e-15
 2.16671e-15
 1.12583e-14
 2.82122e-15
 9.14365e-15
 1.68392e-14
-7.85470e-15
 2.21664e-15
 1.34918e-14
 3.76537e-15
 9.86930e-15
 1.95648e-14
-6.53458e-15
 2.27415e-15
 1.26272e-14
 1.53547e-15
 6.17977e-15
 1.86600e-14
-5.51114e-15
 1.85926e-15
 9.96607e-15
-1.31528e-15
 3.36763e-15
 1.37526e-14
-6.55653e-15
 6.96756e-16
 5.94419e-15
-2.92265e-15
 3.70653e-15
 1.40170e-14
-3.72212e-15
 7.01324e-16
 4.42641e-15
-2.15816e-15
 3.73036e-15
 1.40609e-14
 2.73575e-15
 1.10310e-15
 3.35085e-15
 2.02706e-15
 2.97075e-15
 1.09619e-14
 6.40050e-15
-1.55714e-16
 6.72675e-16
 4.16608e-15
 8.25209e-16
 9.77959e-15
 1.20314e-14
-3.55039e-16
-4.85046e-15
 6.92014e-15
 3.77040e-15
 4.41079e-15
 1.09839e-14
 5.77699e-17
-5.19560e-15
 8.20428e-15
 3.62015e-15
-5.01875e-15
 6.48583e-15
 2.83878e-16
-7.27543e-16
 9.17060e-15
-3.24225e-15
-1.49943e-15
 7.69556e-15
 4.95474e-16
-2.04075e-15
 7.32031e-15
-3.55569e-15
 1.61762e-15
 7.31468e-15
 4.75229e-15
-4.98880e-15
 1.70412e-15
 2.76256e-15
-4.16285e-15
 5.01959e-16
 5.49492e-15
-2.80697e-15
-3.88766e-16
-6.23398e-17
-6.47275e-15
-3.98937e-15
 3.60644e-15
 2.07054e-15
 1.83763e-15
-3.40448e-16
-3.90310e-15
-3.84759e-15
 1.60003e-15
 5.20572e-15
 8.97762e-15
 5.07911e-15
-9.76546e-16
-5.20078e-15
-2.80001e-15
 4.19896e-15
 8.55673e-15
 3.12859e-15
-1.42002e-15
-4.21101e-15
-3.52188e-15
-1.41100e-15
 5.67881e-15
 3.23772e-15
-3.32584e-15
 5.69730e-16
-2.66661e-16
-2.33021e-15
 8.90469e-15
 9.11491e-15
-3.03692e-15
 3.86875e-15
 3.56596e-15
 2.21645e-15
 1.19600e-14
 7.88567e-15
-4.56602e-16
 3.65302e-15
 2.62024e-15
 5.78190e-15
 1.07500e-14
-1.15410e-15
-2.57172e-15
 1.54527e-15
 1.45770e-15
 3.88003e-15
 7.32206e-15
-2.77696e-15
-6.06655e-15
 4.26137e-16
 1.70203e-15
 5.08636e-15
 9.75028e-15
-3.40846e-15
-1.46033e-14
-2.90713e-15
 2.34233e-15
 7.87931e-15
 9.20746e-15
-9.32812e-15
-1.86733e-14
-5.18312e-15
 3.31859e-15
 8.33846e-15
 6.40053e-15
-1.28408e-14
-1.61484e-14
-2.98604e-15
 7.84683e-15
 7.87269e-15
 1.97662e-15
-1.27101e-14
-1.34464e-14
 1.78289e-15
 1.31101e-14
 7.00158e-15
-5.26350e-16
-1.15645e-14
-1.48663e-14
 1.70950e-15
 1.21907e-14
 5.24444e-15
 1.59219e-16
-9.89869e-15
-1.92097e-14
-7.53620e-16
 7.58007e-15
 1.26915e-15
 5.78410e-17
-1.00173e-14
-2.01234e-14
-7.24495e-16
 5.58449e-15
 8.43155e-16
 1.00534e-15
-1.12474e-14
-2.04751e-14
-5.04966e-16
 6.66817e-15
 4.09545e-15
 3.16670e-15
-1.21974e-14
-2.03245e-14
-3.86861e-16
 7.59140e-15
 4.82240e-15
 2.08809e-15
-1.35327e-14
-1.90031e-14
 1.16526e-15
 7.72251e-15
 2.44033e-15
 1.99555e-15
-1.05441e-14
-1.67140e-14
 2.69828e-15
 7.35815e-15
 2.87729e-15
 5.64348e-15
-4.17854e-15
-1.24680e-14
 4.36276e-15
 4.97352e-15
 4.66708e-15
 1.03071e-14
-2.94839e-15
-4.21011e-15
 4.42983e-15
 1.38467e-15
 3.22448e-15
 9.06197e-15
-3.32172e-15
-3.11964e-15
 2.96240e-15
 4.04572e-15
 4.86477e-15
 3.71016e-15
-5.93238e-15
-3.73723e-15
-6.39861e-16
 6.93263e-15
 8.87613e-15
 1.82447e-16
-8.90719e-15
-2.12197e-15
-3.29260e-15
 4.15834e-15
 8.73026e-15
 1.22512e-15
-8.63199e-15
 3.76929e-15
-3.16192e-15
-2.79516e-15
 4.29779e-15
 1.58737e-15
-5.55735e-15
 7.49113e-15
-2.69309e-15
-2.41014e-15
 1.64749e-16
-2.46076e-15
-2.52405e-15
 7.93982e-15
-2.17332e-15
-7.41207e-16
 2.68283e-15
-2.96867e-15
-6.16175e-15
 1.16627e-14
 2.20294e-15
-1.00180e-15
 6.53369e-15
 2.12570e-15
-1.05603e-14
 7.26492e-15
-1.62527e-17
-4.41662e-15
 2.93716e-15
 1.86353e-15
-1.07816e-14
 1.02593e-15
-1.95719e-15
-5.78768e-15
-1.58557e-15
-2.62798e-16
-1.29822e-14
 1.46825e-15
 3.15106e-16
-3.88680e-15
-2.06842e-15
-1.17883e-15
-1.49514e-14
 1.23486e-15
 3.46161e-15
 1.95101e-15
 1.67508e-15
 4.72040e-15
-9.38913e-15
-8.94055e-16
 5.43443e-16
 3.75493e-15
 9.05379e-15
 8.34529e-15
-5.67444e-15
-4.05711e-16
-6.28416e-16
 5.30844e-15
 1.11790e-14
 7.62905e-15
-5.90474e-15
 5.30070e-16
-3.29952e-16
 4.41710e-15
 1.04526e-14
 6.88454e-15
-5.65960e-15
-6.78928e-16
-2.20922e-15
 6.92501e-16
 6.48780e-15
 4.70515e-15
-5.03773e-15
 0.00000e+00
 0.00000e+00
 0.00000e+00
 0.00000e+00
 0.00000e+00
 0.00000e+00
 0.00000e+00
 0.00000e+00
 0.00000e+00
 0.00000e+00
 0.00000e+00
 0.00000e+00
 0.00000e+00
 0.00000e+00
 0.00000e+00
 0.00000e+00
 0.00000e+00
 0.00000e+00
 0.00000e+00
 0.00000e+00
 0.00000e+00
 0.00000e+00
 0.00000e+00
 0.00000e+00
 0.00000e+00
 0.00000e+00
 0.00000e+00
 0.00000e+00
 0.00000e+00
 0.00000e+00
 0.00000e+00
 0.00000e+00
 0.00000e+00
 0.00000e+00
 0.00000e+00
 0.00000e+00
 0.00000e+00
 0.00000e+00
 0.00000e+00
 0.00000e+00
 0.00000e+00
 0.00000e+00
 0.00000e+00
 0.00000e+00
 0.00000e+00
 0.00000e+00
 0.00000e+00
 0.00000e+00
 0.00000e+00
 0.00000e+00
 0.00000e+00
 0.00000e+00
 0.00000e+00
 0.00000e+00
 0.00000e+00
 0.00000e+00
 0.00000e+00
 0.00000e+00
 0.00000e+00
 0.00000e+00
 0.00000e+00
 0.00000e+00
 0.00000e+00
 0.00000e+00
 0.00000e+00
 0.00000e+00
 0.00000e+00
 0.00000e+00
 0.00000e+00
 0.00000e+00
 0.00000e+00
 0.00000e+00
 0.00000e+00
 0.00000e+00
 0.00000e+00
 0.00000e+00
 0.00000e+00
 0.00000e+00
 0.00000e+00
 0.00000e+00
 0.00000e+00
 0.00000e+00
 0.00000e+00
 0.00000e+00
 0.00000e+00
 0.00000e+00
 0.00000e+00
 0.00000e+00
 0.00000e+00
 0.00000e+00
 0.00000e+00
 0.00000e+00
 0.00000e+00
 0.00000e+00
 0.00000e+00
 0.00000e+00
 0.00000e+00
 0.00000e+00
 0.00000e+00
 0.00000e+00
 0.00000e+00
 0.00000e+00
 0.00000e+00
 0.00000e+00
 0.00000e+00
 0.00000e+00
 0.00000e+00
 0.00000e+00
 0.00000e+00
 0.00000e+00
 0.00000e+00
 0.00000e+00
 0.00000e+00
 0.00000e+00
 0.00000e+00
 0.00000e+00
 0.00000e+00
 0.00000e+00
 0.00000e+00
 0.00000e+00
 0.00000e+00
 0.00000e+00
 0.00000e+00
 0.00000e+00
 0.00000e+00
 0.00000e+00
 0.00000e+00
 0.00000e+00
 0.00000e+00
 0.00000e+00
 0.00000e+00
 0.00000e+00
 0.00000e+00
 0.00000e+00
 0.00000e+00
 0.00000e+00
 0.00000e+00
 0.00000e+00
 0.00000e+00
 0.00000e+00
 0.00000e+00
 0.00000e+00
 0.00000e+00
 0.00000e+00
 0.00000e+00
 0.00000e+00
 0.00000e+00
 0.00000e+00
 0.00000e+00
 0.00000e+00
 0.00000e+00
 0.00000e+00
 0.00000e+00
 0.00000e+00
 0.00000e+00
 0.00000e+00
 0.00000e+00
 0.00000e+00
 0.00000e+00
 0.00000e+00
 0.00000e+00
 0.00000e+00
 0.00000e+00
 0.00000e+00
 0.00000e+00
 0.00000e+00
 0.00000e+00
 0.00000e+00
 0.00000e+00
 0.00000e+00
 0.00000e+00
 0.00000e+00
 0.00000e+00
 0.00000e+00
 0.00000e+00
 0.00000e+00
 0.00000e+00
 0.00000e+00
 0.00000e+00
 0.00000e+00
part
         4
coordinates
 0.00000e+00
-1.14328e-15
-4.65016e-15
-2.11102e-15
-7.75591e-15
 0.00000e+00
 0.00000e+00
 3.59433e-15
-2.15787e-15
-2.80959e-15
-3.46884e-15
 0.00000e+00
 0.00000e+00
 4.96656e-15
 5.67218e-15
-4.20346e-15
-1.16773e-15
 0.00000e+00
 0.00000e+00
 2.74791e-15
 8.24376e-15
-5.62925e-15
-1.90533e-16
 0.00000e+00
 0.00000e+00
-6.12666e-16
 5.43821e-15
-1.00172e-15
 3.41518e-16
 0.00000e+00
 0.00000e+00
-2.37296e-15
-5.20756e-16
 9.99672e-16
 9.22266e-16
 0.00000e+00
 0.00000e+00
-4.71293e-15
 5.96757e-16
-1.96147e-16
 4.96496e-15
 0.00000e+00
 0.00000e+00
-4.72645e-15
 8.53952e-15
 7.74724e-16
 2.79793e-15
 0.00000e+00
 0.00000e+00
 8.97627e-17
 1.49714e-14
 2.23646e-15
-2.25075e-15
 0.00000e+00
 0.00000e+00
 2.66759e-15
 9.38451e-15
 4.28262e-15
 2.11599e-16
 0.00000e+00
 0.00000e+00
 4.56386e-16
 3.15375e-15
 1.05633e-14
 1.57555e-15
 0.00000e+00
 0.00000e+00
-8.74029e-15
 8.97564e-15
 1.38061e-14
 1.42618e-15
 0.00000e+00
 0.00000e+00
-1.04263e-14
 1.81825e-14
 1.46921e-14
 1.98338e-15
 0.00000e+00
 0.00000e+00
-6.27088e-15
 1.26525e-14
 9.82486e-15
-2.05227e-16
 0.00000e+00
 0.00000e+00
-9.31741e-15
 2.32283e-14
 3.37368e-15
-5.25841e-17
 0.00000e+00
 0.00000e+00
-1.00204e-14
 1.53499e-14
 6.47181e-15
-6.46694e-15
 0.00000e+00
 0.00000e+00
-6.79724e-15
 1.16969e-14
 2.17613e-16
-6.71493e-16
 0.00000e+00
 0.00000e+00
-7.52842e-15
 6.80299e-15
-2.77149e-15
 6.64976e-15
 0.00000e+00
 0.00000e+00
 4.16929e-15
 2.31529e-15
 8.15174e-15
 3.54462e-15
 0.00000e+00
 0.00000e+00
 2.99320e-15
 2.40829e-16
 7.67854e-16
-1.35924e-15
 0.00000e+00
 0.00000e+00
 2.23468e-14
 2.13615e-14
 1.75278e-14
 2.07354e-14
 0.00000e+00
 0.00000e+00
-2.44194e-14
-3.17273e-14
-3.72796e-14
-2.71092e-14
 0.00000e+00
 0.00000e+00
 4.09822e-14
 3.80144e-14
 3.97704e-14
 3.27487e-14
 0.00000e+00
 0.00000e+00
 5.78381e-15
 5.49947e-15
-7.38768e-16
 9.62170e-15
 0.00000e+00
 0.00000e+00
-3.79359e-14
-3.12669e-14
-5.50079e-14
-2.70071e-14
 0.00000e+00
 0.00000e+00
 1.28117e-14
-4.94167e-15
-1.41642e-15
 1.48357e-15
 0.00000e+00
 0.00000e+00
 4.63975e-14
 4.43617e-14
 4.17755e-14
 4.28989e-14
 0.00000e+00
 0.00000e+00
-4.76169e-14
-4.50159e-14
-4.93952e-14
-4.24427e-14
 0.00000e+00
 0.00000e+00
-3.28503e-15
 1.16601e-15
-6.07059e-15
 2.71747e-16
 0.00000e+00
 0.00000e+00
 1.39284e-15
-1.46800e-16
-2.83775e-15
-9.59470e-16
 0.00000e+00
 0.00000e+00
 5.95160e-15
 1.10190e-16
 1.47375e-15
-4.48900e-15
 0.00000e+00
 0.00000e+00
 4.60040e-15
 5.52361e-17
 2.60246e-15
-5.43212e-15
 0.00000e+00
 0.00000e+00
 1.34988e-15
-2.03939e-15
 5.46011e-15
-5.33412e-15
 0.00000e+00
 0.00000e+00
 2.71233e-16
-6.64899e-15
 4.35130e-15
-3.45064e-15
 0.00000e+00
 0.00000e+00
-7.72990e-16
-5.67345e-15
 3.15904e-15
 3.02193e-15
 0.00000e+00
 0.00000e+00
 1.10780e-15
-2.80687e-17
 6.10538e-15
 1.68152e-15
 0.00000e+00
 0.00000e+00
 6.71965e-15
 4.77228e-15
 9.09054e-15
-3.22434e-15
 0.00000e+00
 0.00000e+00
 6.02281e-15
 3.70658e-15
 9.55976e-15
-2.03527e-15
 0.00000e+00
 0.00000e+00
 2.76936e-15
 1.96494e-15
 1.50446e-14
-3.96465e-15
 0.00000e+00
 0.00000e+00
-3.85171e-15
 8.09770e-15
 1.79911e-14
-1.09121e-14
 0.00000e+00
 0.00000e+00
-7.93273e-15
 2.02758e-14
 1.42422e-14
-7.91070e-15
 0.00000e+00
 0.00000e+00
-8.19698e-15
 1.55533e-14
 7.19558e-15
-3.70331e-15
 0.00000e+00
 0.00000e+00
-7.88112e-15
 1.47705e-14
 1.04142e-14
-6.28456e-15
 0.00000e+00
 0.00000e+00
-1.10035e-14
 1.20595e-14
 5.78196e-15
-7.31324e-15
 0.00000e+00
 0.00000e+00
-2.95105e-16
 1.70283e-15
 8.48684e-15
-8.79580e-15
 0.00000e+00
 0.00000e+00
 1.43693e-15
-3.10984e-15
 5.37961e-15
-2.56110e-15
 0.00000e+00
 0.00000e+00
-3.10435e-15
 1.35402e-14
 3.30363e-16
 1.25354e-15
 0.00000e+00
 0.00000e+00
-3.44839e-15
 7.31702e-16
 4.40114e-15
-8.44079e-15
 0.00000e+00
 0.00000e+00
 2.15685e-14
 1.74492e-14
 2.03868e-14
 1.89902e-14
 0.00000e+00
 0.00000e+00
-3.23739e-14
-3.34253e-14
-3.40277e-14
-3.26564e-14
 0.00000e+00
 0.00000e+00
 3.25081e-14
 4.67231e-14
 3.33552e-14
 3.83949e-14
 0.00000e+00
 0.00000e+00
 8.75364e-15
-1.41089e-15
 6.69975e-15
 1.66489e-15
 0.00000e+00
 0.00000e+00
-3.35261e-14
-4.19749e-14
-3.85582e-14
-3.78274e-14
 0.00000e+00
 0.00000e+00
 1.93900e-15
 1.05936e-15
-3.05971e-15
 1.24952e-15
 0.00000e+00
 0.00000e+00
 4.52391e-14
 3.90866e-14
 5.30527e-14
 3.44263e-14
 0.00000e+00
 0.00000e+00
-4.35859e-14
-4.85042e-14
-4.29794e-14
-5.39334e-14
 0.00000e+00
 0.00000e+00
-4.07552e-16
 3.75841e-15
-5.75791e-15
 4.97119e-15
 0.00000e+00
 0.00000e+00
 1.14721e-15
 2.67855e-15
-2.84009e-15
 6.08055e-16
 0.00000e+00
 0.00000e+00
-3.76691e-16
 2.40814e-15
 7.40498e-16
-4.77529e-15
 0.00000e+00
 0.00000e+00
-3.07777e-15
 1.29208e-15
-4.43231e-16
-2.55344e-15
 0.00000e+00
 0.00000e+00
-1.57966e-15
-1.01300e-15
-1.62876e-15
 1.63140e-15
 0.00000e+00
 0.00000e+00
-5.10075e-16
-3.56495e-15
-4.23498e-15
 1.86169e-15
 0.00000e+00
 0.00000e+00
-1.42097e-15
-2.52737e-16
-1.98487e-15
 1.16664e-15
 0.00000e+00
 0.00000e+00
-3.42005e-16
 5.08961e-15
 4.54996e-15
-7.76277e-16
 0.00000e+00
 0.00000e+00
 2.93305e-15
 6.94093e-15
 5.38215e-15
-6.90498e-16
 0.00000e+00
 0.00000e+00
-3.66425e-16
 7.05136e-15
 4.72375e-15
-7.13487e-16
 0.00000e+00
 0.00000e+00
-1.54053e-15
 1.05344e-14
 3.98041e-15
-3.44620e-15
 0.00000e+00
 0.00000e+00
-2.71876e-15
 1.69946e-14
 9.54195e-16
-7.93391e-15
 0.00000e+00
 0.00000e+00
-6.73607e-15
 1.79010e-14
-1.39197e-15
-2.92068e-15
 0.00000e+00
 0.00000e+00
-9.07704e-15
 8.51912e-15
 1.79767e-15
-9.63319e-16
 0.00000e+00
 0.00000e+00
-9.17721e-15
 9.21173e-15
 7.21456e-15
-5.30341e-15
 0.00000e+00
 0.00000e+00
-1.01575e-14
 6.64264e-15
-3.30342e-15
-2.54533e-15
 0.00000e+00
 0.00000e+00
-1.16370e-15
 5.08792e-15
-1.42678e-15
-2.29792e-15
 0.00000e+00
 0.00000e+00
-2.48210e-15
 2.58656e-16
 4.75312e-15
-8.22075e-15
 0.00000e+00
 0.00000e+00
-3.68447e-15
 1.19212e-14
 4.26972e-16
-1.95545e-15
 0.00000e+00
 0.00000e+00
-1.07784e-14
 8.61159e-15
-7.09931e-15
-1.05766e-15
 0.00000e+00
 0.00000e+00
 1.92480e-14
 1.44564e-14
 2.66508e-14
 1.35861e-14
 0.00000e+00
 0.00000e+00
-3.83745e-14
-3.73332e-14
-3.31550e-14
-3.67035e-14
 0.00000e+00
 0.00000e+00
 2.97149e-14
 4.97538e-14
 3.07678e-14
 4.05989e-14
 0.00000e+00
 0.00000e+00
 3.01551e-15
 3.54794e-15
 3.46801e-15
-1.41252e-15
 0.00000e+00
 0.00000e+00
-3.72685e-14
-4.04110e-14
-3.79386e-14
-3.98973e-14
 0.00000e+00
 0.00000e+00
-2.49618e-15
 3.99756e-15
-2.45930e-15
-6.12448e-16
 0.00000e+00
 0.00000e+00
 3.70835e-14
 4.78436e-14
 4.53388e-14
 4.05815e-14
 0.00000e+00
 0.00000e+00
-5.11956e-14
-4.44996e-14
-4.15530e-14
-5.60419e-14
 0.00000e+00
 0.00000e+00
 2.76351e-15
 7.24574e-15
-7.91987e-16
 3.97763e-15
 0.00000e+00
 0.00000e+00
 1.06032e-15
 7.94244e-15
-1.85461e-15
 5.27756e-15
 0.00000e+00
 0.00000e+00
-2.79687e-15
 7.12666e-15
-3.15590e-15
 5.94564e-15
 0.00000e+00
 0.00000e+00
-5.80806e-15
 5.01268e-15
-5.77984e-15
 9.25745e-15
 0.00000e+00
 0.00000e+00
-3.10109e-15
 2.16201e-15
-6.66715e-15
 1.09657e-14
 0.00000e+00
 0.00000e+00
 5.82289e-16
 6.66719e-16
-6.73215e-15
 5.38301e-15
 0.00000e+00
 0.00000e+00
 4.01308e-15
 3.68576e-15
-5.99917e-15
 2.34953e-15
 0.00000e+00
 0.00000e+00
 2.11963e-15
 9.92913e-15
-4.15198e-15
 1.37525e-15
 0.00000e+00
 0.00000e+00
-2.01249e-15
 9.29677e-15
-3.11553e-17
 1.54888e-15
 0.00000e+00
 0.00000e+00
-1.78341e-15
 4.59081e-15
 4.66671e-15
-7.13004e-16
 0.00000e+00
 0.00000e+00
 2.44676e-15
 6.34857e-15
 1.29674e-15
-6.26787e-16
 0.00000e+00
 0.00000e+00
 3.29941e-15
 7.30557e-15
-2.28307e-15
 3.72628e-15
 0.00000e+00
 0.00000e+00
-7.46414e-16
-3.32752e-15
 1.85885e-16
 9.05512e-15
 0.00000e+00
 0.00000e+00
-8.23426e-15
-3.08416e-15
 7.42288e-16
 4.64730e-15
 0.00000e+00
 0.00000e+00
-6.37125e-15
 5.74637e-15
 1.22356e-15
-3.52881e-15
 0.00000e+00
 0.00000e+00
-6.62695e-15
-3.14685e-15
-3.96553e-16
-3.15689e-15
 0.00000e+00
 0.00000e+00
-3.85999e-15
-9.76302e-16
 2.39621e-15
 3.41920e-15
 0.00000e+00
 0.00000e+00
-4.32421e-15
-1.33183e-15
 3.01820e-15
-4.54282e-15
 0.00000e+00
 0.00000e+00
 4.09778e-15
 6.63625e-16
 3.82128e-15
 1.45351e-15
 0.00000e+00
 0.00000e+00
-4.73541e-15
-4.22712e-15
-2.29637e-15
 3.34727e-15
 0.00000e+00
 0.00000e+00
 1.56790e-14
 2.10121e-14
 1.61111e-14
 1.94674e-14
 0.00000e+00
 0.00000e+00
-3.18733e-14
-3.93462e-14
-4.11577e-14
-3.08526e-14
 0.00000e+00
 0.00000e+00
 3.23762e-14
 3.80015e-14
 3.89450e-14
 3.56085e-14
 0.00000e+00
 0.00000e+00
 5.30635e-15
 6.10001e-15
 9.68020e-16
-2.29914e-15
 0.00000e+00
 0.00000e+00
-3.59326e-14
-3.58151e-14
-5.31367e-14
-3.25380e-14
 0.00000e+00
 0.00000e+00
 6.56635e-15
-5.26540e-15
-2.14774e-15
 4.73199e-15
 0.00000e+00
 0.00000e+00
 4.23723e-14
 4.06062e-14
 4.67270e-14
 4.29684e-14
 0.00000e+00
 0.00000e+00
-5.70685e-14
-3.68375e-14
-5.60128e-14
-4.43197e-14
 0.00000e+00
 0.00000e+00
 3.79066e-17
 4.56907e-15
 2.44643e-15
-2.31718e-15
 0.00000e+00
 0.00000e+00
-6.87838e-17
 7.03263e-15
 9.52120e-16
 2.99110e-16
 0.00000e+00
 0.00000e+00
 1.37548e-17
 4.66196e-15
-4.15905e-16
 3.10399e-15
 0.00000e+00
 0.00000e+00
-9.69342e-16
 3.76541e-16
-3.73534e-16
 2.16794e-15
 0.00000e+00
 0.00000e+00
-9.02212e-16
-4.74741e-16
 8.54294e-16
-1.94470e-16
 0.00000e+00
 0.00000e+00
 1.43820e-15
-2.92919e-15
 5.40649e-16
-3.70368e-15
 0.00000e+00
 0.00000e+00
 4.79033e-15
-5.67862e-15
-1.71863e-15
-2.51593e-16
 0.00000e+00
 0.00000e+00
 2.04836e-16
-2.76621e-15
-6.07752e-16
 2.71507e-15
 0.00000e+00
 0.00000e+00
-2.43933e-15
-3.40558e-17
 3.34665e-15
 1.43375e-15
 0.00000e+00
 0.00000e+00
 1.28973e-15
-1.79353e-15
 4.31528e-15
-2.97470e-15
 0.00000e+00
 0.00000e+00
 1.83027e-15
-1.07467e-15
 3.89787e-15
-6.09244e-15
 0.00000e+00
 0.00000e+00
-1.05657e-15
-2.53948e-15
 4.53956e-15
-5.36676e-15
 0.00000e+00
 0.00000e+00
-5.31907e-15
-1.30204e-14
 7.56605e-15
-2.84067e-15
 0.00000e+00
 0.00000e+00
-1.35288e-14
-6.93309e-15
 1.03464e-15
-3.36416e-16
 0.00000e+00
 0.00000e+00
-8.25445e-15
-2.95942e-15
 1.12211e-15
-2.12411e-15
 0.00000e+00
 0.00000e+00
-1.07140e-14
-6.07387e-15
 1.79662e-15
-7.47262e-15
 0.00000e+00
 0.00000e+00
-1.45176e-15
-9.92910e-15
 1.07300e-14
-1.03164e-14
 0.00000e+00
 0.00000e+00
 3.57715e-15
-1.25200e-14
 6.46653e-15
-8.32191e-15
 0.00000e+00
 0.00000e+00
 4.16671e-15
-3.19597e-15
 3.27279e-15
-5.71244e-16
 0.00000e+00
 0.00000e+00
-3.12655e-15
-1.38076e-14
 7.62232e-15
-8.50496e-15
 0.00000e+00
 0.00000e+00
 1.74262e-14
 1.48440e-14
 1.57086e-14
 1.76568e-14
 0.00000e+00
 0.00000e+00
-3.21434e-14
-3.68639e-14
-4.18354e-14
-3.40503e-14
 0.00000e+00
 0.00000e+00
 2.45965e-14
 3.19702e-14
 3.77542e-14
 3.47377e-14
 0.00000e+00
 0.00000e+00
 8.40882e-15
 2.44630e-15
 5.75303e-15
-5.98106e-15
 0.00000e+00
 0.00000e+00
-3.57599e-14
-4.32304e-14
-5.02283e-14
-3.96367e-14
 0.00000e+00
 0.00000e+00
-3.31457e-15
-6.67056e-15
 1.23748e-15
-2.91466e-15
 0.00000e+00
 0.00000e+00
 4.41954e-14
 2.93523e-14
 5.83585e-14
 2.89549e-14
 0.00000e+00
 0.00000e+00
-5.22235e-14
-5.05408e-14
-4.75626e-14
-5.50023e-14
 0.00000e+00
 0.00000e+00
 4.31937e-15
 8.50197e-15
 1.55529e-14
-2.21174e-15
 0.00000e+00
 0.00000e+00
 4.49022e-15
 1.52803e-14
 1.40283e-14
-7.47049e-16
 0.00000e+00
 0.00000e+00
 3.10243e-15
 1.56522e-14
 7.53655e-15
 1.54774e-15
 0.00000e+00
 0.00000e+00
 1.61701e-15
 9.54601e-15
 7.26780e-15
 1.15939e-15
 0.00000e+00
 0.00000e+00
 1.11866e-15
 8.39963e-15
 7.43134e-15
 1.13054e-15
 0.00000e+00
 0.00000e+00
 2.74560e-15
 4.64090e-15
 5.14764e-15
 3.39480e-16
 0.00000e+00
 0.00000e+00
 1.93476e-15
-1.94018e-15
 5.96404e-15
 3.26624e-15
 0.00000e+00
 0.00000e+00
-4.10635e-15
-2.30482e-16
 1.03854e-14
 8.12574e-15
 0.00000e+00
 0.00000e+00
-2.59831e-15
 6.55584e-15
 8.26314e-15
 8.02982e-15
 0.00000e+00
 0.00000e+00
 2.90129e-15
 9.25641e-15
 9.42529e-16
 3.50049e-15
 0.00000e+00
 0.00000e+00
-2.39163e-15
 1.24189e-14
 6.31182e-16
-3.14007e-15
 0.00000e+00
 0.00000e+00
-8.63509e-15
 1.27532e-14
 1.66085e-15
-8.13752e-15
 0.00000e+00
 0.00000e+00
-1.01922e-14
 1.87552e-15
 5.18740e-15
-8.59767e-15
 0.00000e+00
 0.00000e+00
-1.16179e-14
-7.27996e-16
 5.27980e-15
 2.96094e-16
 0.00000e+00
 0.00000e+00
-8.51079e-15
 2.97505e-15
 3.78227e-15
 1.09201e-14
 0.00000e+00
 0.00000e+00
-9.64712e-15
 6.32529e-15
 1.17249e-16
 1.27469e-15
 0.00000e+00
 0.00000e+00
 3.47028e-15
 6.55068e-15
 4.17418e-15
-8.47324e-15
 0.00000e+00
 0.00000e+00
 7.12167e-15
-3.28972e-15
 8.48414e-15
-7.25861e-15
 0.00000e+00
 0.00000e+00
 7.35950e-15
-1.32158e-15
 1.27336e-14
-4.02202e-15
 0.00000e+00
 0.00000e+00
-6.35329e-15
 2.38164e-15
 1.94987e-15
-6.84395e-15
 0.00000e+00
 0.00000e+00
 2.69730e-14
 5.05507e-15
 3.39700e-14
 1.30920e-14
 0.00000e+00
 0.00000e+00
-3.14530e-14
-3.25709e-14
-3.24262e-14
-3.61292e-14
 0.00000e+00
 0.00000e+00
 2.29514e-14
 3.37747e-14
 3.41383e-14
 3.98486e-14
 0.00000e+00
 0.00000e+00
 6.28693e-15
 1.42398e-14
 3.60718e-15
 1.24061e-15
 0.00000e+00
 0.00000e+00
-3.93159e-14
-3.77109e-14
-4.58803e-14
-4.10605e-14
 0.00000e+00
 0.00000e+00
-9.22562e-15
 2.38533e-15
 9.99494e-15
-1.19136e-14
 0.00000e+00
 0.00000e+00
 3.95137e-14
 4.51282e-14
 5.25898e-14
 3.27363e-14
 0.00000e+00
 0.00000e+00
-5.11150e-14
-6.01882e-14
-2.74601e-14
-6.53748e-14
 0.00000e+00
 9.27092e-01
 9.27092e-01
 9.27092e-01
 9.27092e-01
 9.27092e-01
 9.27092e-01
 9.27019e-01
 9.27019e-01
 9.27019e-01
 9.27019e-01
 9.27019e-01
 9.27019e-01
 9.26919e-01
 9.26919e-01
 9.26919e-01
 9.26919e-01
 9.26919e-01
 9.26919e-01
 9.26739e-01
 9.26739e-01
 9.26739e-01
 9.26739e-01
 9.26739e-01
 9.26739e-01
 9.26347e-01
 9.26347e-01
 9.26347e-01
 9.26347e-01
 9.26347e-01
 9.26347e-01
 9.25438e-01
 9.25438e-01
 9.25438e-01
 9.25438e-01
 9.25438e-01
 9.25438e-01
 9.23293e-01
 9.23293e-01
 9.23293e-01
 9.23293e-01
 9.23293e-01
 9.23293e-01
 9.18232e-01
 9.18232e-01
 9.18232e-01
 9.18232e-01
 9.18232e-01
 9.18232e-01
 9.06507e-01
 9.06507e-01
 9.06507e-01
 9.06507e-01
 9.06507e-01
 9.06507e-01
 8.80473e-01
 8.80473e-01
 8.80473e-01
 8.80473e-01
 8.80473e-01
 8.80473e-01
 8.27165e-01
 8.27165e-01
 8.27165e-01
 8.27165e-01
 8.27165e-01
 8.27165e-01
 7.31110e-01
 7.31110e-01
 7.31110e-01
 7.31110e-01
 7.31110e-01
 7.31110e-01
 5.84669e-01
 5.84669e-01
 5.84669e-01
 5.84669e-01
 5.84669e-01
 5.84669e-01
 4.02231e-01
 4.02231e-01
 4.02231e-01
 4.02231e-01
 4.02231e-01
 4.02231e-01
 2.28052e-01
 2.28052e-01
 2.28052e-01
 2.28052e-01
 2.28052e-01
 2.28052e-01
 1.00611e-01
 1.00611e-01
 1.00611e-01
 1.00611e-01
 1.00611e-01
 1.00611e-01
 3.36731e-02
 3.36731e-02
 3.36731e-02
 3.36731e-02
 3.36731e-02
 3.36731e-02
 9.32431e-03
 9.32431e-03
 9.32431e-03
 9.32431e-03
 9.32431e-03
 9.32431e-03
 2.38154e-03
 2.38154e-03
 2.38154e-03
 2.38154e-03
 2.38154e-03
 2.38154e-03
 5.90357e-04
 5.90357e-04
 5.90357e-04
 5.90357e-04
 5.90357e-04
 5.90357e-04
 1.43978e-04
 1.43978e-04
 1.43978e-04
 1.43978e-04
 1.43978e-04
 1.43978e-04
 3.46112e-05
 3.46112e-05
 3.46112e-05
 3.46112e-05
 3.46112e-05
 3.46112e-05
 8.19185e-06
 8.19185e-06
 8.19185e-06
 8.19185e-06
 8.19185e-06
 8.19185e-06
 1.90552e-06
 1.90552e-06
 1.90552e-06
 1.90552e-06
 1.90552e-06
 1.90552e-06
 4.34806e-07
 4.34806e-07
 4.34806e-07
 4.34806e-07
 4.34806e-07
 4.34806e-07
 9.69982e-08
 9.69982e-08
 9.69982e-08
 9.69982e-08
 9.69982e-08
 9.69982e-08
 2.03003e-08
 2.03003e-08
 2.03003e-08
 2.03003e-08
 2.03003e-08
 2.03003e-08
 0.00000e+00
 0.00000e+00
 0.00000e+00
 0.00000e+00
 0.00000e+00
 0.00000e+00
 9.27092e-01
 9.27092e-01
 9.27092e-01
 9.27092e-01
 9.27092e-01
 9.27092e-01
 9.27019e-01
 9.27019e-01
 9.27019e-01
 9.27019e-01
 9.27019e-01
 9.27019e-01
 9.26919e-01
 9.26919e-01
 9.26919e-01
 9.26919e-01
 9.26919e-01
 9.26919e-01
 9.26739e-01
 9.26739e-01
 9.26739e-01
 9.26739e-01
 9.26739e-01
 9.26739e-01
 9.26347e-01
 9.26347e-01
 9.26347e-01
 9.26347e-01
 9.26347e-01
 9.26347e-01
 9.25438e-01
 9.25438e-01
 9.25438e-01
 9.25438e-01
 9.25438e-01
 9.25438e-01
 9.23293e-01
 9.23293e-01
 9.23293e-01
 9.23293e-01
 9.23293e-01
 9.23293e-01
 9.18232e-01
 9.18232e-01
 9.18232e-01
 9.18232e-01
 9.18232e-01
 9.18232e-01
 9.06507e-01
 9.06507e-01
 9.06507e-01
 9.06507e-01
 9.06507e-01
 9.06507e-01
 8.80473e-01
 8.80473e-01
 8.80473e-01
 8.80473e-01
 8.80473e-01
 8.80473e-01
 8.27165e-01
 8.27165e-01
 8.27165e-01
 8.27165e-01
 8.27165e-01
 8.27165e-01
 7.31110e-01
 7.31110e-01
 7.31110e-01
 7.31110e-01
 7.31110e-01
 7.31110e-01
 5.84669e-01
 5.84669e-01
 5.84669e-01
 5.84669e-01
 5.84669e-01
 5.84669e-01
 4.02231e-01
 4.02231e-01
 4.02231e-01
 4.02231e-01
 4.02231e-01
 4.02231e-01
 2.28052e-01
 2.28052e-01
 2.28052e-01
 2.28052e-01
 2.28052e-01
 2.28052e-01
 1.00611e-01
 1.00611e-01
 1.00611e-01
 1.00611e-01
 1.00611e-01
 1.00611e-01
 3.36731e-02
 3.36731e-02
 3.36731e-02
 3.36731e-02
 3.36731e-02
 3.36731e-02
 9.32431e-03
 9.32431e-03
 9.32431e-03
 9.32431e-03
 9.32431e-03
 9.32431e-03
 2.38154e-03
 2.38154e-03
 2.38154e-03
 2.38154e-03
 2.38154e-03
 2.38154e-03
 5.90357e-04
 5.90357e-04
 5.90357e-04
 5.90357e-04
 5.90357e-04
 5.90357e-04
 1.43978e-04
 1.43978e-04
 1.43978e-04
 1.43978e-04
 1.43978e-04
 1.43978e-04
 3.46112e-05
 3.46112e-05
 3.46112e-05
 3.46112e-05
 3.46112e-05
 3.46112e-05
 8.19185e-06
 8.19185e-06
 8.19185e-06
 8.19185e-06
 8.19185e-06
 8.19185e-06
 1.90552e-06
 1.90552e-06
 1.90552e-06
 1.90552e-06
 1.90552e-06
 1.90552e-06
 4.34806e-07
 4.34806e-07
 4.34806e-07
 4.34806e-07
 4.34806e-07
 4.34806e-07
 9.69983e-08
 9.69982e-08
 9.69982e-08
 9.69982e-08
 9.69982e-08
 9.69982e-08
 2.03003e-08
 2.03003e-08
 2.03003e-08
 2.03003e-08
 2.03003e-08
 2.03003e-08
 0.00000e+00
 0.00000e+00
 0.00000e+00
 0.00000e+00
 0.00000e+00
 0.00000e+00
 9.27092e-01
 9.27092e-01
 9.27092e-01
 9.27092e-01
 9.27092e-01
 9.27092e-01
 9.27019e-01
 9.27019e-01
 9.27019e-01
 9.27019e-01
 9.27019e-01
 9.27019e-01
 9.26919e-01
 9.26919e-01
 9.26919e-01
 9.26919e-01
 9.26919e-01
 9.26919e-01
 9.26739e-01
 9.26739e-01
 9.26739e-01
 9.26739e-01
 9.26739e-01
 9.26739e-01
 9.26347e-01
 9.26347e-01
 9.26347e-01
 9.26347e-01
 9.26347e-01
 9.26347e-01
 9.25438e-01
 9.25438e-01
 9.25438e-01
 9.25438e-01
 9.25438e-01
 9.25438e-01
 9.23293e-01
 9.23293e-01
 9.23293e-01
 9.23293e-01
 9.23293e-01
 9.23293e-01
 9.18232e-01
 9.18232e-01
 9.18232e-01
 9.18232e-01
 9.18232e-01
 9.18232e-01
 9.06507e-01
 9.06507e-01
 9.06507e-01
 9.06507e-01
 9.06507e-01
 9.06507e-01
 8.80473e-01
 8.80473e-01
 8.80473e-01
 8.80473e-01
 8.80473e-01
 8.80473e-01
 8.27165e-01
 8.27165e-01
 8.27165e-01
 8.27165e-01
 8.27165e-01
 8.27165e-01
 7.31110e-01
 7.31110e-01
 7.31110e-01
 7.31110e-01
 7.31110e-01
 7.31110e-01
 5.84669e-01
 5.84669e-01
 5.84669e-01
 5.84669e-01
 5.84669e-01
 5.84669e-01
 4.02231e-01
 4.02231e-01
 4.02231e-01
 4.02231e-01
 4.02231e-01
 4.02231e-01
 2.28052e-01
 2.28052e-01
 2.28052e-01
 2.28052e-01
 2.28052e-01
 2.28052e-01
 1.00611e-01
 1.00611e-01
 1.00611e-01
 1.00611e-01
 1.00611e-01
 1.00611e-01
 3.36731e-02
 3.36731e-02
 3.36731e-02
 3.36731e-02
 3.36731e-02
 3.36731e-02
 9.32431e-03
 9.32431e-03
 9.32431e-03
 9.32431e-03
 9.32431e-03
 9.32431e-03
 2.38154e-03
 2.38154e-03
 2.38154e-03
 2.38154e-03
 2.38154e-03
 2.38154e-03
 5.90357e-04
 5.90357e-04
 5.90357e-04
 5.90357e-04
 5.90357e-04
 5.90357e-04
 1.43978e-04
 1.43978e-04
 1.43978e-04
 1.43978e-04
 1.43978e-04
 1.43978e-04
 3.46112e-05
 3.46112e-05
 3.46112e-05
 3.46112e-05
 3.46112e-05
 3.46112e-05
 8.19185e-06
 8.19185e-06
 8.19185e-06
 8.19185e-06
 8.19185e-06
 8.19185e-06
 1.90552e-06
 1.90552e-06
 1.90552e-06
 1.90552e-06
 1.90552e-06
 1.90552e-06
 4.34806e-07
 4.34806e-07
 4.34806e-07
 4.34806e-07
 4.34806e-07
 4.34806e-07
 9.69983e-08
 9.69983e-08
 9.69982e-08
 9.69982e-08
 9.69982e-08
 9.69982e-08
 2.03002e-08
 2.03003e-08
 2.03003e-08
 2.03003e-08
 2.03003e-08
 2.03002e-08
 0.00000e+00
 0.00000e+00
 0.00000e+00
 0.00000e+00
 0.00000e+00
 0.00000e+00
 9.27092e-01
 9.27092e-01
 9.27092e-01
 9.27092e-01
 9.27092e-01
 9.27092e-01
 9.27019e-01
 9.27019e-01
 9.27019e-01
 9.27019e-01
 9.27019e-01
 9.27019e-01
 9.26919e-01
 9.26919e-01
 9.26919e-01
 9.26919e-01
 9.26919e-01
 9.26919e-01
 9.26739e-01
 9.26739e-01
 9.26739e-01
 9.26739e-01
 9.26739e-01
 9.26739e-01
 9.26347e-01
 9.26347e-01
 9.26347e-01
 9.26347e-01
 9.26347e-01
 9.26347e-01
 9.25438e-01
 9.25438e-01
 9.25438e-01
 9.25438e-01
 9.25438e-01
 9.25438e-01
 9.23293e-01
 9.23293e-01
 9.23293e-01
 9.23293e-01
 9.23293e-01
 9.23293e-01
 9.18232e-01
 9.18232e-01
 9.18232e-01
 9.18232e-01
 9.18232e-01
 9.18232e-01
 9.06507e-01
 9.06507e-01
 9.06507e-01
 9.06507e-01
 9.06507e-01
 9.06507e-01
 8.80473e-01
 8.80473e-01
 8.80473e-01
 8.80473e-01
 8.80473e-01
 8.80473e-01
 8.27165e-01
 8.27165e-01
 8.27165e-01
 8.27165e-01
 8.27165e-01
 8.27165e-01
 7.31110e-01
 7.31110e-01
 7.31110e-01
 7.31110e-01
 7.31110e-01
 7.31110e-01
 5.84669e-01
 5.84669e-01
 5.84669e-01
 5.84669e-01
 5.84669e-01
 5.84669e-01
 4.02231e-01
 4.02231e-01
 4.02231e-01
 4.02231e-01
 4.02231e-01
 4.02231e-01
 2.28052e-01
 2.28052e-01
 2.28052e-01
 2.28052e-01
 2.28052e-01
 2.28052e-01
 1.00611e-01
 1.00611e-01
 1.00611e-01
 1.00611e-01
 1.00611e-01
 1.00611e-01
 3.36731e-02
 3.36731e-02
 3.36731e-02
 3.36731e-02
 3.36731e-02
 3.36731e-02
 9.32431e-03
 9.32431e-03
 9.32431e-03
 9.32431e-03
 9.32431e-03
 9.32431e-03
 2.38154e-03
 2.38154e-03
 2.38154e-03
 2.38154e-03
 2.38154e-03
 2.38154e-03
 5.90357e-04
 5.90357e-04
 5.90357e-04
 5.90357e-04
 5.90357e-04
 5.90357e-04
 1.43978e-04
 1.43978e-04
 1.43978e-04
 1.43978e-04
 1.43978e-04
 1.43978e-04
 3.46112e-05
 3.46112e-05
 3.46112e-05
 3.46112e-05
 3.46112e-05
 3.46112e-05
 8.19185e-06
 8.19185e-06
 8.19185e-06
 8.19185e-06
 8.19185e-06
 8.19185e-06
 1.90552e-06
 1.90552e-06
 1.90552e-06
 1.90552e-06
 1.90552e-06
 1.90552e-06
 4.34806e-07
 4.34806e-07
 4.34806e-07
 4.34806e-07
 4.34806e-07
 4.34806e-07
 9.69983e-08
 9.69983e-08
 9.69982e-08
 9.69982e-08
 9.69982e-08
 9.69982e-08
 2.03003e-08
 2.03002e-08
 2.03003e-08
 2.03003e-08
 2.03003e-08
 2.03003e-08
 0.00000e+00
 0.00000e+00
 0.00000e+00
 0.00000e+00
 0.00000e+00
 0.00000e+00
 9.27092e-01
 9.27092e-01
 9.27092e-01
 9.27092e-01
 9.27092e-01
 9.27092e-01
 9.27019e-01
 9.27019e-01
 9.27019e-01
 9.27019e-01
 9.27019e-01
 9.27019e-01
 9.26919e-01
 9.26919e-01
 9.26919e-01
 9.26919e-01
 9.26919e-01
 9.26919e-01
 9.26739e-01
 9.26739e-01
 9.26739e-01
 9.26739e-01
 9.26739e-01
 9.26739e-01
 9.26347e-01
 9.26347e-01
 9.26347e-01
 9.26347e-01
 9.26347e-01
 9.26347e-01
 9.25438e-01
 9.25438e-01
 9.25438e-01
 9.25438e-01
 9.25438e-01
 9.25438e-01
 9.23293e-01
 9.23293e-01
 9.23293e-01
 9.23293e-01
 9.23293e-01
 9.23293e-01
 9.18232e-01
 9.18232e-01
 9.18232e-01
 9.18232e-01
 9.18232e-01
 9.18232e-01
 9.06507e-01
 9.06507e-01
 9.06507e-01
 9.06507e-01
 9.06507e-01
 9.06507e-01
 8.80473e-01
 8.80473e-01
 8.80473e-01
 8.80473e-01
 8.80473e-01
 8.80473e-01
 8.27165e-01
 8.27165e-01
 8.27165e-01
 8.27165e-01
 8.27165e-01
 8.27165e-01
 7.31110e-01
 7.31110e-01
 7.31110e-01
 7.31110e-01
 7.31110e-01
 7.31110e-01
 5.84669e-01
 5.84669e-01
 5.84669e-01
 5.84669e-01
 5.84669e-01
 5.84669e-01
 4.02231e-01
 4.02231e-01
 4.02231e-01
 4.02231e-01
 4.02231e-01
 4.02231e-01
 2.28052e-01
 2.28052e-01
 2.28052e-01
 2.28052e-01
 2.28052e-01
 2.28052e-01
 1.00611e-01
 1.00611e-01
 1.00611e-01
 1.00611e-01
 1.00611e-01
 1.00611e-01
 3.36731e-02
 3.36731e-02
 3.36731e-02
 3.36731e-02
 3.36731e-02
 3.36731e-02
 9.32431e-03
 9.32431e-03
 9.32431e-03
 9.32431e-03
 9.32431e-03
 9.32431e-03
 2.38154e-03
 2.38154e-03
 2.38154e-03
 2.38154e-03
 2.38154e-03
 2.38154e-03
 5.90357e-04
 5.90357e-04
 5.90357e-04
 5.90357e-04
 5.90357e-04
 5.90357e-04
 1.43978e-04
 1.43978e-04
 1.43978e-04
 1.43978e-04
 1.43978e-04
 1.43978e-04
 3.46112e-05
 3.46112e-05
 3.46112e-05
 3.46112e-05
 3.46112e-05
 3.46112e-05
 8.19185e-06
 8.19185e-06
 8.19185e-06
 8.19185e-06
 8.19185e-06
 8.19185e-06
 1.90552e-06
 1.90552e-06
 1.90552e-06
 1.90552e-06
 1.90552e-06
 1.90552e-06
 4.34806e-07
 4.34806e-07
 4.34806e-07
 4.34806e-07
 4.34806e-07
 4.34806e-07
 9.69983e-08
 9.69983e-08
 9.69982e-08
 9.69982e-08
 9.69983e-08
 9.69982e-08
 2.03003e-08
 2.03003e-08
 2.03003e-08
 2.03003e-08
 2.03002e-08
 2.03003e-08
 0.00000e+00
 0.00000e+00
 0.00000e+00
 0.00000e+00
 0.00000e+00
 0.00000e+00
 9.27092e-01
 9.27092e-01
 9.27092e-01
 9.27092e-01
 9.27092e-01
 9.27092e-01
 9.27019e-01
 9.27019e-01
 9.27019e-01
 9.27019e-01
 9.27019e-01
 9.27019e-01
 9.26919e-01
 9.26919e-01
 9.26919e-01
 9.26919e-01
 9.26919e-01
 9.26919e-01
 9.26739e-01
 9.26739e-01
 9.26739e-01
 9.26739e-01
 9.26739e-01
 9.26739e-01
 9.26347e-01
 9.26347e-01
 9.26347e-01
 9.26347e-01
 9.26347e-01
 9.26347e-01
 9.25438e-01
 9.25438e-01
 9.25438e-01
 9.25438e-01
 9.25438e-01
 9.25438e-01
 9.23293e-01
 9.23293e-01
 9.23293e-01
 9.23293e-01
 9.23293e-01
 9.23293e-01
 9.18232e-01
 9.18232e-01
 9.18232e-01
 9.18232e-01
 9.18232e-01
 9.18232e-01
 9.06507e-01
 9.06507e-01
 9.06507e-01
 9.06507e-01
 9.06507e-01
 9.06507e-01
 8.80473e-01
 8.80473e-01
 8.80473e-01
 8.80473e-01
 8.80473e-01
 8.80473e-01
 8.27165e-01
 8.27165e-01
 8.27165e-01
 8.27165e-01
 8.27165e-01
 8.27165e-01
 7.31110e-01
 7.31110e-01
 7.31110e-01
 7.31110e-01
 7.31110e-01
 7.31110e-01
 5.84669e-01
 5.84669e-01
 5.84669e-01
 5.84669e-01
 5.84669e-01
 5.84669e-01
 4.02231e-01
 4.02231e-01
 4.02231e-01
 4.02231e-01
 4.02231e-01
 4.02231e-01
 2.28052e-01
 2.28052e-01
 2.28052e-01
 2.28052e-01
 2.28052e-01
 2.28052e-01
 1.00611e-01
 1.00611e-01
 1.00611e-01
 1.00611e-01
 1.00611e-01
 1.00611e-01
 3.36731e-02
 3.36731e-02
 3.36731e-02
 3.36731e-02
 3.36731e-02
 3.36731e-02
 9.32431e-03
 9.32431e-03
 9.32431e-03
 9.32431e-03
 9.32431e-03
 9.32431e-03
 2.38154e-03
 2.38154e-03
 2.38154e-03
 2.38154e-03
 2.38154e-03
 2.38154e-03
 5.90357e-04
 5.90357e-04
 5.90357e-04
 5.90357e-04
 5.90357e-04
 5.90357e-04
 1.43978e-04
 1.43978e-04
 1.43978e-04
 1.43978e-04
 1.43978e-04
 1.43978e-04
 3.46112e-05
 3.46112e-05
 3.46112e-05
 3.46112e-05
 3.46112e-05
 3.46112e-05
 8.19185e-06
 8.19185e-06
 8.19185e-06
 8.19185e-06
 8.19185e-06
 8.19185e-06
 1.90552e-06
 1.90552e-06
 1.90552e-06
 1.90552e-06
 1.90552e-06
 1.90552e-06
 4.34806e-07
 4.34806e-07
 4.34806e-07
 4.34806e-07
 4.34806e-07
 4.34806e-07
 9.69983e-08
 9.69983e-08
 9.69983e-08
 9.69983e-08
 9.69982e-08
 9.69983e-08
 2.03002e-08
 2.03003e-08
 2.03002e-08
 2.03002e-08
 2.03003e-08
 2.03002e-08
 0.00000e+00
 0.00000e+00
 0.00000e+00
 0.00000e+00
 0.00000e+00
 0.00000e+00
 0.00000e+00
 0.00000e+00
 0.00000e+00
 0.00000e+00
 0.00000e+00
 0.00000e+00
 0.00000e+00
 0.00000e+00
 0.00000e+00
 0.00000e+00
 0.00000e+00
 0.00000e+00
 0.00000e+00
 0.00000e+00
 0.00000e+00
 0.00000e+00
 0.00000e+00
 0.00000e+00
 0.00000e+00
 0.00000e+00
 0.00000e+00
 0.00000e+00
 0.00000e+00
 0.00000e+00
 0.00000e+00
 0.00000e+00
 0.00000e+00
 0.00000e+00
 0.00000e+00
 0.00000e+00
 0.00000e+00
 0.00000e+00
 0.00000e+00
 0.00000e+00
 0.00000e+00
 0.00000e+00
 0.00000e+00
 0.00000e+00
 0.00000e+00
 0.00000e+00
 0.00000e+00
 0.00000e+00
 0.00000e+00
 0.00000e+00
 0.00000e+00
 0.00000e+00
 0.00000e+00
 0.00000e+00
 0.00000e+00
 0.00000e+00
 0.00000e+00
 0.00000e+00
 0.00000e+00
 0.00000e+00
 0.00000e+00
 0.00000e+00
 0.00000e+00
 0.00000e+00
 0.00000e+00
 0.00000e+00
 0.00000e+00
 0.00000e+00
 0.00000e+00
 0.00000e+00
 0.00000e+00
 0.00000e+00
 0.00000e+00
 0.00000e+00
 0.00000e+00
 0.00000e+00
 0.00000e+00
 0.00000e+00
 0.00000e+00
 0.00000e+00
 0.00000e+00
 0.00000e+00
 0.00000e+00
 0.00000e+00
 0.00000e+00
 0.00000e+00
 0.00000e+00
 0.00000e+00
 0.00000e+00
 0.00000e+00
 0.00000e+00
 0.00000e+00
 0.00000e+00
 0.00000e+00
 0.00000e+00
 0.00000e+00
 0.00000e+00
 0.00000e+00
 0.00000e+00
 0.00000e+00
 0.00000e+00
 0.00000e+00
 0.00000e+00
 0.00000e+00
 0.00000e+00
 0.00000e+00
 0.00000e+00
 0.00000e+00
 0.00000e+00
 0.00000e+00
 0.00000e+00
 0.00000e+00
 0.00000e+00
 0.00000e+00
 0.00000e+00
 0.00000e+00
 0.00000e+00
 0.00000e+00
 0.00000e+00
 0.00000e+00
 0.00000e+00
 0.00000e+00
 0.00000e+00
 0.00000e+00
 0.00000e+00
 0.00000e+00
 0.00000e+00
 0.00000e+00
 0.00000e+00
 0.00000e+00
 0.00000e+00
 0.00000e+00
 0.00000e+00
 0.00000e+00
 0.00000e+00
 0.00000e+00
 0.00000e+00
 0.00000e+00
 0.00000e+00
 0.00000e+00
 0.00000e+00
 0.00000e+00
 0.00000e+00
 0.00000e+00
 0.00000e+00
 0.00000e+00
 0.00000e+00
 0.00000e+00
 0.00000e+00
 0.00000e+00
 0.00000e+00
 0.00000e+00
 0.00000e+00
 0.00000e+00
 0.00000e+00
 0.00000e+00
 0.00000e+00
 0.00000e+00
 0.00000e+00
 0.00000e+00
 0.00000e+00
 0.00000e+00
 0.00000e+00
 0.00000e+00
 0.00000e+00
 0.00000e+00
 0.00000e+00
 0.00000e+00
 0.00000e+00
 0.00000e+00
 0.00000e+00
 0.00000e+00
 0.00000e+00
 0.00000e+00
 1.29587e-15
-2.30076e-15
 4.53731e-17
-3.84969e-17
 4.67102e-15
 9.06733e-15
 2.34056e-15
-5.85014e-16
-9.31873e-16
 2.65813e-17
 3.21577e-15
 1.30334e-15
 1.98490e-15
 2.69400e-15
-2.76409e-15
-2.06484e-15
 1.43600e-15
-6.42829e-15
-8.18611e-16
 1.70180e-15
-4.51413e-15
-5.46225e-15
-5.12129e-16
-1.01159e-14
 2.53986e-16
 2.45649e-15
-2.48428e-15
-4.15384e-15
-1.90959e-15
-1.22308e-14
 3.48611e-15
 6.00657e-15
 2.55507e-15
-1.11567e-15
-9.00664e-16
-1.04321e-14
 2.99128e-15
 6.63090e-15
 3.65952e-15
-8.47683e-16
 1.68449e-15
-5.16063e-15
-1.40274e-16
 5.21600e-15
 3.13632e-15
-3.31128e-16
 5.96679e-15
 7.49411e-16
-4.45245e-16
 5.97955e-15
 2.76208e-15
-3.55052e-16
 7.26830e-15
 1.45546e-15
 1.48663e-15
 5.03653e-15
 3.03587e-15
 1.83396e-15
 7.26083e-15
 8.60717e-16
-2.52760e-15
 5.63676e-17
 1.62769e-15
 4.68921e-15
 5.04550e-15
-4.66230e-15
-7.50648e-15
-2.57902e-15
 1.76689e-15
 4.93550e-15
-4.65543e-16
-1.53159e-14
-1.02382e-14
-7.76342e-15
-2.23576e-15
-9.44078e-16
-1.05075e-14
-2.48257e-14
-7.00819e-15
-8.85096e-15
-8.96140e-15
-8.47771e-15
-1.04485e-14
-1.80200e-14
-2.21701e-15
-6.70750e-16
-7.08151e-15
-8.62613e-15
-6.99349e-15
-1.63061e-14
 4.80765e-15
 4.98624e-15
 4.25453e-16
-4.49955e-15
-4.21910e-15
-8.58498e-15
-3.47607e-15
 2.46043e-15
 4.72084e-16
-3.47632e-16
 4.19871e-16
-1.18654e-14
-7.87510e-15
 1.81630e-15
 2.15152e-15
 1.15995e-15
 2.39779e-15
-1.06369e-14
 4.01129e-15
-5.61091e-15
-4.40653e-15
-6.85904e-16
-9.25888e-15
-1.33803e-14
 1.10861e-14
 5.03193e-15
-1.31761e-16
 3.45192e-15
 2.11287e-15
-8.82021e-15
-1.51534e-14
-1.53225e-14
-1.85238e-14
-1.85913e-14
-1.63907e-14
-2.17748e-14
 4.72228e-14
 4.12595e-14
 3.21732e-14
 3.47208e-14
 3.38018e-14
 2.72427e-14
-2.48422e-14
-3.46215e-14
-3.57060e-14
-3.65159e-14
-3.77724e-14
-3.43277e-14
-3.64305e-15
 1.47605e-16
-1.76720e-15
 8.28818e-16
 2.47742e-15
-1.03193e-14
 3.38724e-14
 3.77597e-14
 2.82110e-14
 3.13556e-14
 4.02356e-14
 2.70248e-14
 5.71081e-15
-3.60486e-15
-4.70787e-15
 9.03001e-16
 1.30469e-15
-1.95507e-15
-3.99804e-14
-4.09589e-14
-4.72677e-14
-4.27717e-14
-3.88671e-14
-5.04908e-14
 4.28672e-14
 4.70614e-14
 4.71462e-14
 5.10299e-14
 4.82903e-14
 3.48734e-14
-5.28364e-15
 2.54897e-16
 3.12714e-15
 4.92076e-15
 1.11403e-14
 5.91719e-16
-5.28278e-15
-2.95153e-15
 7.77703e-17
 1.72129e-15
 7.12617e-15
 1.50597e-16
 4.72416e-15
-2.01022e-15
-8.76900e-16
-6.43007e-16
-8.63287e-16
-2.79592e-15
 9.78007e-15
 5.70799e-16
 5.94507e-16
-1.24333e-15
-6.67499e-16
 2.62252e-15
 5.40249e-15
-9.63176e-17
 2.97250e-15
-1.85312e-15
 1.06952e-15
 9.58479e-15
 2.44664e-15
-1.50825e-15
 4.53004e-15
 2.79017e-15
 9.50332e-16
 5.67102e-15
 1.13358e-15
-4.22461e-15
 2.67371e-15
 6.47414e-15
 9.35788e-16
-3.26600e-15
 3.26947e-15
-3.47439e-15
 2.31361e-15
 7.22435e-15
 1.07182e-15
-3.21497e-15
 8.40536e-15
-1.03266e-15
 1.30530e-15
 3.60214e-15
-1.33279e-15
-1.96319e-15
 1.36634e-14
 4.21858e-15
 3.44174e-15
 3.26795e-15
-2.01201e-15
-1.57727e-15
 1.22031e-14
 5.43315e-15
 1.03298e-14
 4.48827e-15
-3.80867e-15
 3.52031e-16
 1.23555e-14
 7.92070e-15
 1.16548e-14
-2.39918e-15
-8.45545e-15
 3.91418e-15
 1.45876e-14
 1.38203e-14
 8.68546e-15
-1.09782e-14
-9.14644e-15
 4.42304e-16
 1.45812e-14
 1.53933e-14
 5.85069e-15
-7.62412e-15
-4.43224e-15
-5.40966e-15
 8.58634e-15
 6.48285e-15
 5.74329e-15
-2.17109e-15
-3.08183e-15
-1.98851e-15
 1.05293e-14
 1.15491e-14
 1.02663e-14
-6.35333e-16
-6.60591e-16
 3.30105e-16
 6.01810e-15
-1.86392e-15
 2.60551e-15
-4.25793e-15
-6.64333e-15
 3.37927e-15
 1.16434e-14
-6.69020e-16
-2.06192e-16
 2.92851e-15
-1.80319e-16
 1.62082e-16
-3.56219e-16
 6.91128e-15
 3.04430e-16
-3.76920e-15
 5.50483e-15
-2.09087e-15
 5.20515e-15
 4.55485e-15
 9.74716e-15
 1.05009e-15
 1.17029e-15
 9.58831e-15
-1.19070e-14
-1.66475e-14
-2.17473e-14
-1.74693e-14
-1.67859e-14
-2.40156e-14
 3.73425e-14
 4.11210e-14
 4.30256e-14
 3.81102e-14
 3.53858e-14
 3.61500e-14
-3.72811e-14
-3.22679e-14
-3.40418e-14
-3.61136e-14
-3.47051e-14
-3.88804e-14
 3.96348e-15
-4.64107e-15
-1.96802e-15
-7.14338e-16
-4.23639e-15
-2.96917e-15
 4.92919e-14
 4.06681e-14
 4.64706e-14
 4.45545e-14
 3.86768e-14
 4.24190e-14
-7.22556e-15
-3.11500e-16
 2.33401e-15
-1.29225e-15
 2.60730e-16
-2.96560e-15
-4.19606e-14
-4.90133e-14
-4.27198e-14
-4.93328e-14
-5.33951e-14
-4.02542e-14
 5.21985e-14
 4.10222e-14
 3.83500e-14
 4.11845e-14
 4.55698e-14
 5.34228e-14
-9.76546e-16
-5.20078e-15
-2.80001e-15
 4.19896e-15
 8.55673e-15
 3.12859e-15
-1.42002e-15
-4.21101e-15
-3.52188e-15
-1.41100e-15
 5.67881e-15
 3.23772e-15
-3.32584e-15
 5.69730e-16
-2.66661e-16
-2.33021e-15
 8.90469e-15
 9.11491e-15
-3.03692e-15
 3.86875e-15
 3.56596e-15
 2.21645e-15
 1.19600e-14
 7.88567e-15
-4.56602e-16
 3.65302e-15
 2.62024e-15
 5.78190e-15
 1.07500e-14
-1.15410e-15
-2.05843e-15
 1.54979e-15
 2.03042e-15
 5.30253e-15
 1.01802e-14
-1.26735e-15
-8.11138e-15
 1.17114e-15
 2.68273e-15
-1.70695e-15
 4.25501e-15
-1.23531e-15
-3.16769e-15
 5.45671e-15
 4.82620e-15
-4.53505e-15
-1.92480e-16
-2.60206e-15
 1.64366e-15
 6.87490e-15
 2.39895e-15
-3.89820e-15
 7.11495e-16
-4.83262e-15
-3.78666e-15
 3.99384e-15
-7.63846e-16
-3.74782e-15
 3.81779e-15
-2.86798e-15
-8.05328e-15
 2.60945e-15
-1.49222e-15
-3.45868e-15
 7.17086e-15
-4.16552e-17
-4.57579e-15
 5.02398e-15
-4.60133e-15
-6.62312e-15
 9.84952e-15
 1.95776e-15
 4.51669e-15
 1.10445e-14
-4.64951e-16
-3.20728e-15
 1.28042e-14
 5.03088e-15
 8.73949e-15
 9.90675e-15
 7.52072e-15
 5.29971e-15
 8.97707e-15
 2.74996e-15
 3.69963e-15
 7.90135e-15
 5.39479e-15
 3.87355e-15
 6.83146e-15
-3.42604e-15
 2.45107e-15
 4.44772e-15
-2.51141e-16
 8.89526e-16
 5.13125e-15
-6.95576e-15
 4.58058e-15
 9.31575e-15
-5.33431e-15
-4.38657e-15
 9.32113e-15
-3.38762e-15
-8.41997e-15
 3.44874e-15
 2.01451e-15
-4.29169e-15
 5.19512e-15
 1.92161e-15
-3.33384e-15
-3.00057e-15
-2.32814e-15
-7.34543e-15
-4.14997e-15
-4.75868e-15
 7.90435e-15
 1.42752e-14
 1.27305e-15
 1.02105e-16
 1.05626e-14
-5.34833e-15
-1.34871e-14
-1.51704e-14
-1.00610e-14
-1.77015e-14
-2.11736e-14
-1.37045e-14
 3.32532e-14
 3.59924e-14
 3.89034e-14
 3.32061e-14
 3.14276e-14
 3.30621e-14
-3.71024e-14
-3.77665e-14
-4.37793e-14
-4.39200e-14
-3.74989e-14
-4.02917e-14
-1.01471e-14
-3.34180e-16
-9.02126e-16
-2.90201e-15
 1.27729e-15
-5.81350e-15
 3.42403e-14
 4.36342e-14
 4.52657e-14
 3.85223e-14
 3.65925e-14
 3.20374e-14
 1.22726e-16
 2.85587e-15
-4.27698e-16
-7.51596e-15
-1.32148e-15
 2.06949e-15
-4.86607e-14
-3.63038e-14
-4.57444e-14
-4.72705e-14
-3.81448e-14
-5.34608e-14
 4.69871e-14
 5.22472e-14
 5.77342e-14
 4.98214e-14
 4.33789e-14
 4.21891e-14
 1.23486e-15
 3.46161e-15
 1.95101e-15
 1.67508e-15
 4.72040e-15
-9.38913e-15
-8.94055e-16
 5.43443e-16
 3.75493e-15
 9.05379e-15
 8.34529e-15
-5.67444e-15
-4.05711e-16
-6.28416e-16
 5.30844e-15
 1.11790e-14
 7.62905e-15
-5.90474e-15
 5.30070e-16
-3.29952e-16
 4.41710e-15
 1.04526e-14
 6.88454e-15
-5.65960e-15
-6.78928e-16
-2.20922e-15
 6.92501e-16
 6.48780e-15
 4.70515e-15
-5.03773e-15
 2.08310e-15
-1.09184e-15
-1.62774e-15
 2.33924e-15
 1.94219e-15
-4.14632e-15
 7.63312e-15
 1.15717e-15
-4.47752e-15
-1.83543e-15
 1.61521e-15
-3.02842e-15
 5.33420e-15
-2.51770e-15
-1.21590e-14
-8.20002e-15
 1.35378e-15
-1.33787e-15
-3.32657e-15
-6.97892e-15
-9.50043e-15
-6.02567e-15
 1.53681e-16
-6.71549e-16
-2.17908e-15
-4.18213e-15
 1.53323e-15
 1.07325e-15
-2.62153e-15
-2.96622e-15
 8.89140e-15
-1.24822e-18
-3.88447e-17
-4.77639e-17
-7.77232e-15
-1.03921e-14
 1.25178e-14
 4.56261e-16
-1.12542e-15
 1.70019e-15
-1.02530e-14
-1.97779e-14
 7.65749e-15
-1.28927e-15
-2.12453e-16
 3.27972e-15
-1.09682e-14
-2.35442e-14
 3.62586e-15
 5.45978e-17
-3.11076e-15
-3.36254e-15
-5.58647e-15
-1.28801e-14
-1.22571e-15
-5.33674e-15
-8.15261e-15
-9.90110e-15
-3.89823e-15
-1.53113e-16
-2.05734e-16
-3.83507e-15
-1.23139e-15
-1.11391e-15
 5.75880e-16
 1.92045e-15
-8.55720e-15
-8.71705e-15
 3.01507e-15
 2.71330e-15
-8.05482e-15
-1.47729e-14
-1.77210e-15
-3.34735e-15
 6.70873e-16
 1.48389e-15
-2.37261e-15
-8.59318e-15
-3.45154e-15
-2.71989e-15
-4.02386e-15
 4.86303e-16
 1.08819e-15
-9.62922e-15
 1.38989e-16
-5.13326e-15
 2.48203e-15
 4.95169e-15
-2.44484e-15
-7.11821e-15
-2.51292e-14
-1.98848e-14
-2.60975e-14
-2.24567e-14
-1.62429e-14
-3.09647e-14
 3.20095e-14
 2.99933e-14
 2.90358e-14
 3.61697e-14
 3.39875e-14
 2.51792e-14
-2.97989e-14
-3.27165e-14
-3.41206e-14
-3.85019e-14
-3.87419e-14
-3.59938e-14
 2.14252e-15
-8.96637e-15
-1.19037e-14
-7.27024e-15
-7.79760e-15
-9.94163e-15
 3.90385e-14
 3.39712e-14
 3.07252e-14
 3.48324e-14
 3.70001e-14
 3.03728e-14
 9.36099e-15
 4.50067e-16
-5.00832e-15
 4.10799e-15
-2.10406e-15
-1.90095e-14
-4.02120e-14
-4.94963e-14
-4.59068e-14
-4.31094e-14
-5.01321e-14
-5.25921e-14
 4.84873e-14
 4.81755e-14
 3.61850e-14
 4.14625e-14
 4.76895e-14
 3.45300e-14
 0.00000e+00
 0.00000e+00
 0.00000e+00
 0.00000e+00
 0.00000e+00
 0.00000e+00
 0.00000e+00
 0.00000e+00
 0.00000e+00
 0.00000e+00
 0.00000e+00
 0.00000e+00
 0.00000e+00
 0.00000e+00
 0.00000e+00
 0.00000e+00
 0.00000e+00
 0.00000e+00
 0.00000e+00
 0.00000e+00
 0.00000e+00
 0.00000e+00
 0.00000e+00
 0.00000e+00
 0.00000e+00
 0.00000e+00
 0.00000e+00
 0.00000e+00
 0.00000e+00
 0.00000e+00
 0.00000e+00
 0.00000e+00
 0.00000e+00
 0.00000e+00
 0.00000e+00
 0.00000e+00
 0.00000e+00
 0.00000e+00
 0.00000e+00
 0.00000e+00
 0.00000e+00
 0.00000e+00
 0.00000e+00
 0.00000e+00
 0.00000e+00
 0.00000e+00
 0.00000e+00
 0.00000e+00
 0.00000e+00
 0.00000e+00
 0.00000e+00
 0.00000e+00
 0.00000e+00
 0.00000e+00
 0.00000e+00
 0.00000e+00
 0.00000e+00
 0.00000e+00
 0.00000e+00
 0.00000e+00
 0.00000e+00
 0.00000e+00
 0.00000e+00
 0.00000e+00
 0.00000e+00
 0.00000e+00
 0.00000e+00
 0.00000e+00
 0.00000e+00
 0.00000e+00
 0.00000e+00
 0.00000e+00
 0.00000e+00
 0.00000e+00
 0.00000e+00
 0.00000e+00
 0.00000e+00
 0.00000e+00
 0.00000e+00
 0.00000e+00
 0.00000e+00
 0.00000e+00
 0.00000e+00
 0.00000e+00
 0.00000e+00
 0.00000e+00
 0.00000e+00
 0.00000e+00
 0.00000e+00
 0.00000e+00
 0.00000e+00
 0.00000e+00
 0.00000e+00
 0.00000e+00
 0.00000e+00
 0.00000e+00
 0.00000e+00
 0.00000e+00
 0.00000e+00
 0.00000e+00
 0.00000e+00
 0.00000e+00
 0.00000e+00
 0.00000e+00
 0.00000e+00
 0.00000e+00
 0.00000e+00
 0.00000e+00
 0.00000e+00
 0.00000e+00
 0.00000e+00
 0.00000e+00
 0.00000e+00
 0.00000e+00
 0.00000e+00
 0.00000e+00
 0.00000e+00
 0.00000e+00
 0.00000e+00
 0.00000e+00
 0.00000e+00
 0.00000e+00
 0.00000e+00
 0.00000e+00
 0.00000e+00
 0.00000e+00
 0.00000e+00
 0.00000e+00
 0.00000e+00
 0.00000e+00
 0.00000e+00
 0.00000e+00
 0.00000e+00
 0.00000e+00
 0.00000e+00
 0.00000e+00
 0.00000e+00
 0.00000e+00
 0.00000e+00
 0.00000e+00
 0.00000e+00
 0.00000e+00
 0.00000e+00
 0.00000e+00
 0.00000e+00
 0.00000e+00
 0.00000e+00
 0.00000e+00
 0.00000e+00
 0.00000e+00
 0.00000e+00
 0.00000e+00
 0.00000e+00
 0.00000e+00
 0.00000e+00
 0.00000e+00
 0.00000e+00
 0.00000e+00
 0.00000e+00
 0.00000e+00
 0.00000e+00
 0.00000e+00
 0.00000e+00
 0.00000e+00
 0.00000e+00
 0.00000e+00
 0.00000e+00
 0.00000e+00
