Velocity
part
         1
coordinates
 0.00000e+00
 0.00000e+00
 0.00000e+00
 0.00000e+00
-1.45439e-16
 0.00000e+00
 0.00000e+00
 6.77390e-16
 6.77390e-16
 6.77390e-16
 4.98715e-16
 0.00000e+00
 0.00000e+00
-6.77390e-16
-6.77390e-16
-6.77390e-16
-8.46119e-16
 0.00000e+00
 0.00000e+00
 0.00000e+00
 0.00000e+00
 0.00000e+00
 0.00000e+00
 0.00000e+00
 0.00000e+00
 2.03217e-15
 2.03217e-15
 2.03217e-15
 2.03217e-15
 0.00000e+00
 0.00000e+00
-4.74173e-15
-4.74173e-15
-4.74173e-15
-4.74173e-15
 0.00000e+00
 0.00000e+00
 2.03217e-15
 2.03217e-15
 2.03217e-15
 2.03217e-15
 0.00000e+00
 0.00000e+00
 0.00000e+00
 0.00000e+00
 0.00000e+00
 0.00000e+00
 0.00000e+00
 0.00000e+00
 4.74173e-15
 4.74173e-15
 4.74173e-15
 4.74173e-15
 0.00000e+00
 0.00000e+00
-4.81657e-15
-4.71817e-15
-4.74008e-15
-4.50368e-15
 0.00000e+00
 0.00000e+00
 4.20180e-15
 5.31326e-15
 4.27500e-15
 5.29802e-15
 0.00000e+00
 0.00000e+00
-4.73312e-15
-2.87730e-15
-5.12043e-15
-3.20222e-15
 0.00000e+00
 0.00000e+00
 2.01277e-16
 1.09535e-15
-1.32083e-15
 3.04513e-15
 0.00000e+00
 0.00000e+00
-1.11438e-15
 2.02867e-15
-4.35245e-16
 1.81930e-15
 0.00000e+00
 0.00000e+00
-4.83187e-15
 6.85422e-15
-3.02591e-15
 3.85650e-15
 0.00000e+00
 0.00000e+00
-1.19355e-15
 5.08775e-15
-1.24206e-15
 4.30061e-15
 0.00000e+00
 0.00000e+00
 2.54719e-15
 2.97630e-15
 1.94224e-15
 3.32615e-15
 0.00000e+00
 0.00000e+00
 3.39024e-15
 1.04416e-14
 2.65624e-15
 1.64416e-14
 0.00000e+00
 0.00000e+00
-1.22439e-14
-2.34338e-15
-1.05225e-14
 2.17200e-15
 0.00000e+00
 0.00000e+00
-5.00065e-15
 2.72250e-15
-1.80670e-15
 7.56029e-15
 0.00000e+00
 0.00000e+00
 1.09206e-15
 1.33547e-14
-3.53858e-15
 1.77921e-14
 0.00000e+00
 0.00000e+00
-9.38709e-15
 4.69037e-15
-1.58869e-14
 4.29817e-15
 0.00000e+00
 0.00000e+00
-9.40596e-15
 8.38412e-15
-5.71996e-15
 8.86725e-15
 0.00000e+00
 0.00000e+00
-1.46172e-14
 1.16513e-14
-3.75301e-15
 9.39579e-15
 0.00000e+00
 0.00000e+00
-1.39837e-14
 1.42340e-14
-6.80588e-15
 1.46925e-14
 0.00000e+00
 0.00000e+00
-7.68232e-15
 8.16337e-15
-9.26607e-15
 1.94544e-14
 0.00000e+00
 0.00000e+00
-2.06477e-15
-5.70533e-16
 2.70233e-15
 9.07490e-15
 0.00000e+00
 0.00000e+00
 6.07677e-15
-1.29969e-14
 1.08957e-14
 4.02287e-15
 0.00000e+00
 0.00000e+00
 7.52819e-15
-1.55897e-14
 1.23210e-14
-4.82188e-15
 0.00000e+00
 0.00000e+00
 2.13150e-15
-7.08022e-15
 1.52585e-14
-1.40777e-14
 0.00000e+00
 0.00000e+00
-6.70593e-16
-1.41849e-14
 2.03006e-14
-1.28722e-14
 0.00000e+00
 0.00000e+00
 2.72141e-15
-1.76467e-14
 2.38219e-14
-2.01772e-14
 0.00000e+00
 0.00000e+00
 1.21930e-14
-1.64713e-14
 3.05103e-14
-2.74381e-14
 0.00000e+00
 0.00000e+00
 1.10073e-15
-9.89715e-15
 2.66151e-14
-1.65961e-14
 0.00000e+00
 0.00000e+00
-1.67500e-15
-4.31510e-15
 2.53066e-14
-6.62788e-15
 0.00000e+00
 0.00000e+00
-4.42558e-15
-7.30173e-15
 5.91268e-15
-1.39948e-14
 0.00000e+00
 0.00000e+00
-2.16319e-15
 2.14997e-15
 3.81873e-15
-1.59868e-14
 0.00000e+00
 0.00000e+00
-8.32593e-15
-6.37211e-16
 1.13196e-14
-2.16513e-14
 0.00000e+00
 0.00000e+00
-1.07760e-14
-2.36182e-15
 2.04336e-14
-3.23422e-14
 0.00000e+00
 0.00000e+00
-6.31589e-15
-3.98818e-15
 1.54895e-14
-3.25624e-14
 0.00000e+00
 0.00000e+00
 1.34426e-14
-1.81532e-14
 2.26502e-14
-3.26978e-14
 0.00000e+00
 0.00000e+00
 2.29470e-16
-1.99264e-14
 3.15608e-14
-2.16204e-14
 0.00000e+00
 0.00000e+00
-1.77696e-14
 3.82046e-15
 2.37450e-14
-2.33870e-14
 0.00000e+00
 0.00000e+00
 1.43467e-15
 2.52328e-15
-4.14939e-15
-1.57999e-14
 0.00000e+00
 0.00000e+00
 1.68909e-14
-8.09881e-15
 3.15890e-15
-1.82225e-14
 0.00000e+00
 0.00000e+00
 2.41793e-15
-7.09685e-15
 2.53172e-14
-3.23655e-14
 0.00000e+00
 0.00000e+00
 8.79058e-15
-1.67189e-14
 3.43645e-14
-3.95546e-14
 0.00000e+00
 0.00000e+00
 1.48309e-14
-1.91137e-14
 3.38306e-14
-3.36382e-14
 0.00000e+00
 0.00000e+00
 6.15706e-15
-7.22916e-15
 1.66221e-14
-1.64045e-14
 0.00000e+00
 0.00000e+00
 3.80275e-15
-5.37236e-15
 7.52923e-15
-6.40309e-15
 0.00000e+00
 0.00000e+00
 3.11083e-15
-2.78074e-15
 4.90015e-15
 8.66539e-16
 0.00000e+00
 0.00000e+00
 7.08135e-15
 8.39209e-15
-2.89271e-14
 1.46626e-14
 0.00000e+00
 0.00000e+00
 3.81436e-15
 1.81152e-15
-6.78769e-15
-5.75788e-15
 0.00000e+00
 0.00000e+00
 8.35876e-15
-4.54433e-15
 1.27459e-14
-2.31806e-14
 0.00000e+00
 0.00000e+00
-1.24507e-14
 2.81474e-14
 2.15341e-15
-2.37986e-14
 0.00000e+00
 0.00000e+00
-1.78790e-15
 1.71673e-14
-4.70330e-15
-1.14282e-14
 0.00000e+00
 0.00000e+00
-9.83534e-16
 2.01487e-14
-7.22755e-15
-2.22745e-14
 0.00000e+00
 0.00000e+00
-8.61300e-15
 5.00225e-15
 8.25858e-15
-9.10715e-15
 0.00000e+00
 0.00000e+00
-5.01330e-15
 1.65355e-14
 3.71615e-15
-1.70687e-14
 0.00000e+00
 0.00000e+00
-9.04304e-15
 2.28487e-14
 3.02876e-15
-2.60137e-14
 0.00000e+00
 0.00000e+00
-4.01516e-15
 1.22856e-14
 7.86534e-15
-3.32180e-14
 0.00000e+00
 0.00000e+00
-1.64759e-14
 1.91034e-14
-5.46460e-15
-1.26089e-14
 0.00000e+00
 0.00000e+00
-1.48532e-14
 1.57988e-14
 2.54243e-15
-2.49338e-14
 0.00000e+00
 0.00000e+00
 5.53795e-15
-1.12611e-14
 1.65578e-14
-2.29483e-14
 0.00000e+00
 0.00000e+00
-2.43038e-15
-8.93690e-16
 2.48944e-14
-2.21142e-14
 0.00000e+00
 0.00000e+00
 5.74591e-15
 4.27360e-16
 1.32163e-14
-2.77538e-14
 0.00000e+00
 0.00000e+00
-8.78920e-15
 1.15264e-15
 2.28617e-14
-4.43135e-14
 0.00000e+00
 0.00000e+00
-8.42682e-15
-2.94291e-15
 2.39209e-14
-3.59068e-14
 0.00000e+00
 0.00000e+00
-1.26303e-14
 5.82321e-15
 2.96459e-14
-3.84316e-14
 0.00000e+00
 0.00000e+00
-1.28640e-14
 1.30979e-14
 1.19882e-14
-6.03525e-14
 0.00000e+00
 0.00000e+00
 5.71727e-15
 2.08707e-14
 2.39519e-14
-4.03396e-14
 0.00000e+00
 0.00000e+00
-5.89201e-15
 1.66836e-14
 1.37456e-14
-4.84861e-14
 0.00000e+00
 0.00000e+00
-1.31525e-14
-5.90249e-15
 5.81188e-15
-5.21467e-14
 0.00000e+00
 0.00000e+00
 3.06197e-15
 1.64218e-14
 1.76351e-14
-5.10189e-14
 0.00000e+00
 0.00000e+00
 1.07014e-14
 2.52665e-14
 3.12959e-14
-4.07090e-14
 0.00000e+00
 0.00000e+00
-5.56182e-16
 1.60355e-14
 1.05017e-14
-3.75150e-14
 0.00000e+00
 0.00000e+00
-2.04036e-14
 2.24752e-16
 6.11019e-16
-4.76099e-14
 0.00000e+00
 0.00000e+00
-1.26558e-14
 1.26542e-14
 9.48674e-15
-3.45841e-14
 0.00000e+00
 0.00000e+00
 1.07559e-14
 2.67842e-14
 2.25104e-14
-2.16207e-14
 0.00000e+00
 0.00000e+00
 4.41269e-15
 1.04765e-15
 8.00297e-15
-3.22521e-14
 0.00000e+00
 0.00000e+00
-1.88781e-14
-1.69491e-14
 2.26530e-15
-6.40127e-14
 0.00000e+00
 0.00000e+00
 6.16256e-15
 2.13208e-14
 2.70290e-14
-3.00728e-14
 0.00000e+00
 0.00000e+00
 2.00281e-15
 1.77084e-14
 1.14419e-14
-3.75871e-14
 0.00000e+00
 0.00000e+00
-6.67593e-15
 1.57990e-14
 1.18548e-14
-2.79097e-14
 0.00000e+00
 0.00000e+00
-5.10965e-15
 1.22784e-14
 5.38049e-15
-2.05357e-14
 0.00000e+00
 0.00000e+00
 3.81504e-16
 1.33869e-14
-5.88534e-15
-5.48893e-15
 0.00000e+00
 0.00000e+00
-4.78650e-15
 1.27012e-14
-1.00744e-14
 3.97071e-15
 0.00000e+00
 0.00000e+00
-6.49568e-15
 1.41689e-14
-8.00817e-15
 7.60033e-15
 0.00000e+00
 0.00000e+00
-5.03078e-15
 3.01824e-14
-2.22081e-14
 1.23805e-14
 0.00000e+00
 0.00000e+00
-8.51497e-15
 3.18122e-14
-1.50707e-14
 4.40533e-15
 0.00000e+00
 0.00000e+00
-1.17201e-14
 3.09828e-14
-1.16887e-14
-5.94118e-15
 0.00000e+00
 0.00000e+00
-1.74070e-14
 2.84758e-14
-1.00492e-14
-6.31857e-15
 0.00000e+00
 0.00000e+00
-1.67707e-14
 1.68309e-14
-1.06810e-14
-7.26410e-15
 0.00000e+00
 0.00000e+00
 9.30438e-15
 2.46530e-14
 1.94436e-14
-4.66781e-15
 0.00000e+00
 0.00000e+00
-4.70467e-14
-3.12135e-14
-3.67391e-14
-5.98906e-14
 0.00000e+00
 0.00000e+00
 2.73252e-14
 3.46450e-14
 3.56352e-14
 1.39874e-14
 0.00000e+00
 0.00000e+00
-3.08928e-16
-9.35986e-15
 7.95074e-15
-3.09551e-14
 0.00000e+00
 0.00000e+00
-4.99763e-14
-3.80164e-14
-3.86576e-14
-6.59838e-14
 0.00000e+00
 0.00000e+00
-1.58515e-14
-4.47629e-15
-5.68828e-15
-2.07939e-14
 0.00000e+00
 0.00000e+00
 2.97620e-14
 3.48837e-14
 3.56515e-14
 1.93637e-14
 0.00000e+00
 0.00000e+00
-5.77635e-14
-4.05515e-14
-4.91336e-14
-6.48155e-14
 0.00000e+00
 0.00000e+00
-6.77390e-16
-6.77390e-16
-6.77390e-16
-7.76011e-16
 0.00000e+00
 0.00000e+00
-3.38695e-16
-3.38695e-16
-3.38695e-16
-7.07721e-16
 0.00000e+00
 0.00000e+00
-1.01609e-15
-1.01609e-15
-1.01609e-15
-1.35575e-15
 0.00000e+00
 0.00000e+00
-3.38695e-16
-3.38695e-16
-3.38695e-16
-3.38695e-16
 0.00000e+00
 0.00000e+00
 1.69348e-15
 1.69348e-15
 1.69348e-15
 1.69348e-15
 0.00000e+00
 0.00000e+00
-5.08043e-15
-5.08043e-15
-5.08043e-15
-5.08043e-15
 0.00000e+00
 0.00000e+00
 1.35478e-15
 1.35478e-15
 1.35478e-15
 1.35478e-15
 0.00000e+00
 0.00000e+00
-1.01609e-15
-1.01609e-15
-1.01609e-15
-1.01609e-15
 0.00000e+00
 0.00000e+00
 4.40304e-15
 4.40304e-15
 4.40304e-15
 4.40304e-15
 0.00000e+00
 0.00000e+00
-5.50435e-15
-5.37620e-15
-5.43128e-15
-5.18160e-15
 0.00000e+00
 0.00000e+00
 3.66559e-15
 4.29444e-15
 3.55160e-15
 4.95495e-15
 0.00000e+00
 0.00000e+00
-4.63951e-15
-3.36885e-15
-5.68480e-15
-2.58060e-15
 0.00000e+00
 0.00000e+00
-7.55071e-16
 7.36014e-16
-2.30073e-15
 2.11695e-15
 0.00000e+00
 0.00000e+00
-3.52002e-15
 1.57282e-15
-2.83419e-15
 1.24671e-15
 0.00000e+00
 0.00000e+00
-5.56774e-15
 5.46056e-15
-4.85131e-15
 3.65053e-15
 0.00000e+00
 0.00000e+00
-6.18212e-17
 3.01681e-15
-2.12451e-15
 3.96819e-15
 0.00000e+00
 0.00000e+00
 2.78232e-15
-6.74261e-16
 1.08347e-15
 2.07432e-15
 0.00000e+00
 0.00000e+00
 4.05395e-15
 7.38733e-15
 2.13299e-15
 1.51197e-14
 0.00000e+00
 0.00000e+00
-1.17843e-14
-4.87522e-15
-1.19200e-14
 2.17295e-15
 0.00000e+00
 0.00000e+00
-4.45831e-15
-6.23464e-16
-2.10660e-15
 5.18956e-15
 0.00000e+00
 0.00000e+00
 2.61718e-15
 9.17637e-15
-1.76291e-15
 1.28354e-14
 0.00000e+00
 0.00000e+00
-5.37832e-15
-3.08013e-15
-1.20436e-14
-3.84967e-17
 0.00000e+00
 0.00000e+00
-1.16316e-15
-2.39824e-15
-1.95514e-15
 4.93529e-15
 0.00000e+00
 0.00000e+00
-3.22181e-15
 4.04544e-15
-3.31553e-15
 5.80101e-15
 0.00000e+00
 0.00000e+00
-4.79641e-15
 9.42279e-15
-7.26113e-15
 1.08544e-14
 0.00000e+00
 0.00000e+00
-7.37153e-16
 2.81723e-15
-1.04999e-14
 1.50030e-14
 0.00000e+00
 0.00000e+00
 5.05054e-15
-4.15560e-15
-7.27609e-15
 1.01407e-14
 0.00000e+00
 0.00000e+00
 5.89763e-15
-7.19682e-15
-6.62390e-15
 1.31681e-14
 0.00000e+00
 0.00000e+00
 2.88642e-15
-5.39267e-15
-3.79250e-15
 6.45176e-15
 0.00000e+00
 0.00000e+00
 4.19032e-15
-2.93461e-16
-1.62110e-15
-5.21159e-16
 0.00000e+00
 0.00000e+00
 5.50494e-15
-7.74445e-15
-3.25559e-15
 2.36672e-16
 0.00000e+00
 0.00000e+00
 6.41933e-15
-7.83462e-15
-1.48102e-15
-8.72943e-15
 0.00000e+00
 0.00000e+00
 8.53897e-15
-4.96449e-15
 4.65666e-15
-1.26588e-14
 0.00000e+00
 0.00000e+00
 5.55793e-15
-6.73764e-15
 1.06192e-14
-8.79369e-15
 0.00000e+00
 0.00000e+00
 6.86046e-15
-9.45343e-15
 1.89722e-14
-3.57548e-15
 0.00000e+00
 0.00000e+00
-2.57162e-16
-1.64786e-14
 2.64027e-15
-3.34420e-15
 0.00000e+00
 0.00000e+00
-2.73116e-16
 4.28592e-15
-1.43560e-15
-2.10857e-15
 0.00000e+00
 0.00000e+00
-1.33889e-14
 1.12511e-14
-8.47665e-16
-1.06213e-14
 0.00000e+00
 0.00000e+00
-1.30891e-14
-1.94599e-15
 1.76037e-15
-9.78656e-15
 0.00000e+00
 0.00000e+00
-1.56734e-14
 1.61131e-15
-2.86500e-15
-1.41561e-14
 0.00000e+00
 0.00000e+00
-3.04593e-15
-3.55022e-15
 1.01472e-15
-1.63517e-14
 0.00000e+00
 0.00000e+00
-8.80871e-15
-1.14509e-14
 1.37966e-14
-2.05464e-14
 0.00000e+00
 0.00000e+00
-1.12351e-14
-6.87419e-15
 2.36420e-14
-1.75761e-14
 0.00000e+00
 0.00000e+00
 6.91360e-15
-1.38298e-14
 8.30878e-15
-6.29887e-15
 0.00000e+00
 0.00000e+00
 1.30593e-14
-1.65197e-14
 8.09762e-15
-1.10423e-14
 0.00000e+00
 0.00000e+00
 1.81810e-15
-1.19198e-14
 1.69060e-14
-1.96151e-14
 0.00000e+00
 0.00000e+00
 1.13553e-15
-8.54027e-15
 1.47931e-14
-2.13601e-14
 0.00000e+00
 0.00000e+00
 5.20595e-15
-3.97938e-15
 4.12022e-15
-9.40606e-15
 0.00000e+00
 0.00000e+00
 4.26706e-15
 1.79258e-15
-1.02933e-14
-2.06115e-15
 0.00000e+00
 0.00000e+00
 2.28669e-15
 6.41887e-15
-1.53545e-14
 2.16389e-15
 0.00000e+00
 0.00000e+00
 3.23881e-15
 6.67874e-15
-1.21591e-14
 2.74866e-15
 0.00000e+00
 0.00000e+00
 1.07130e-15
 1.96038e-14
-3.37709e-14
 1.95756e-14
 0.00000e+00
 0.00000e+00
-7.32900e-16
 1.38991e-14
-2.21357e-14
 1.08354e-15
 0.00000e+00
 0.00000e+00
 1.56952e-15
 8.64452e-15
-1.24583e-14
-1.11299e-14
 0.00000e+00
 0.00000e+00
-1.12313e-14
 2.95080e-14
-1.46153e-14
-1.15815e-14
 0.00000e+00
 0.00000e+00
-7.93093e-16
 1.72348e-14
-1.37637e-14
-8.87910e-15
 0.00000e+00
 0.00000e+00
-4.98370e-15
 1.86533e-14
-2.73248e-15
-2.15834e-14
 0.00000e+00
 0.00000e+00
-1.94170e-15
-5.73194e-16
 9.57964e-15
-1.61067e-14
 0.00000e+00
 0.00000e+00
 2.76444e-16
 1.54559e-15
 8.08358e-15
-2.45919e-14
 0.00000e+00
 0.00000e+00
-6.55605e-15
 2.33113e-14
-2.00343e-15
-2.42816e-14
 0.00000e+00
 0.00000e+00
 1.98087e-15
 5.73358e-15
 3.61708e-15
-2.04272e-14
 0.00000e+00
 0.00000e+00
-3.58918e-15
 4.75904e-15
 8.70617e-15
-1.76222e-14
 0.00000e+00
 0.00000e+00
-3.91932e-17
 4.13886e-16
 1.07211e-14
-2.90535e-14
 0.00000e+00
 0.00000e+00
 1.48181e-14
-1.89014e-14
 1.85946e-14
-1.76325e-14
 0.00000e+00
 0.00000e+00
 5.56613e-15
-9.25516e-15
 2.38140e-14
-2.32633e-14
 0.00000e+00
 0.00000e+00
 4.67362e-15
-1.20254e-14
 2.29253e-14
-2.80513e-14
 0.00000e+00
 0.00000e+00
 1.39267e-15
-1.10244e-14
 3.21652e-14
-4.37930e-14
 0.00000e+00
 0.00000e+00
-1.44773e-15
-9.22379e-15
 2.80624e-14
-3.82920e-14
 0.00000e+00
 0.00000e+00
-3.12473e-15
 2.91353e-15
 2.99183e-14
-3.59574e-14
 0.00000e+00
 0.00000e+00
-8.27525e-15
 9.83317e-16
 1.82572e-14
-5.51334e-14
 0.00000e+00
 0.00000e+00
 7.91250e-15
 1.93551e-14
 2.39804e-14
-4.11557e-14
 0.00000e+00
 0.00000e+00
-1.06999e-14
 1.59037e-14
 1.49552e-14
-4.55860e-14
 0.00000e+00
 0.00000e+00
-1.04058e-14
-6.40101e-15
 1.05702e-14
-5.35605e-14
 0.00000e+00
 0.00000e+00
 3.40474e-15
 1.00353e-14
 2.06443e-14
-5.01013e-14
 0.00000e+00
 0.00000e+00
 1.52059e-14
 1.68196e-14
 2.82269e-14
-3.36488e-14
 0.00000e+00
 0.00000e+00
-6.07794e-16
 1.43733e-14
 1.43527e-14
-2.76737e-14
 0.00000e+00
 0.00000e+00
-1.76039e-14
-3.68442e-15
-2.54043e-15
-4.05205e-14
 0.00000e+00
 0.00000e+00
-7.88672e-15
 6.03277e-15
 1.46763e-14
-3.90735e-14
 0.00000e+00
 0.00000e+00
 1.07910e-14
 2.28654e-14
 3.12518e-14
-2.38192e-14
 0.00000e+00
 0.00000e+00
 7.67251e-16
 5.18223e-15
 1.36691e-14
-3.50309e-14
 0.00000e+00
 0.00000e+00
-1.87122e-14
-6.14121e-15
-5.82117e-15
-5.96443e-14
 0.00000e+00
 0.00000e+00
 7.28657e-15
 2.03069e-14
 2.88374e-14
-3.10048e-14
 0.00000e+00
 0.00000e+00
 5.45985e-16
-2.04912e-15
 1.87697e-14
-3.05434e-14
 0.00000e+00
 0.00000e+00
 4.39408e-15
-5.41023e-15
 1.70444e-14
-2.73010e-14
 0.00000e+00
 0.00000e+00
 1.96600e-15
-7.22133e-15
 1.36637e-14
-2.33593e-14
 0.00000e+00
 0.00000e+00
 9.05781e-16
 3.28992e-15
 7.49257e-15
-1.07667e-14
 0.00000e+00
 0.00000e+00
-5.57321e-15
 1.42165e-14
-5.06605e-15
 2.31593e-16
 0.00000e+00
 0.00000e+00
-9.02676e-15
 1.51609e-14
 1.44960e-16
-6.34298e-16
 0.00000e+00
 0.00000e+00
-9.17978e-15
 2.68706e-14
-9.88825e-15
 7.13580e-15
 0.00000e+00
 0.00000e+00
-1.09703e-14
 3.33324e-14
-1.13189e-14
 4.94168e-15
 0.00000e+00
 0.00000e+00
-1.10189e-14
 2.77313e-14
-6.21041e-15
-4.56754e-15
 0.00000e+00
 0.00000e+00
-1.12442e-14
 1.53945e-14
 1.24962e-15
-1.32019e-14
 0.00000e+00
 0.00000e+00
-5.63644e-15
 2.42650e-15
 6.96416e-15
-2.15359e-14
 0.00000e+00
 0.00000e+00
 9.93968e-15
 2.27418e-14
 2.29812e-14
-6.57825e-15
 0.00000e+00
 0.00000e+00
-4.22872e-14
-3.32197e-14
-3.67544e-14
-5.48767e-14
 0.00000e+00
 0.00000e+00
 2.89898e-14
 3.51871e-14
 3.45079e-14
 1.56289e-14
 0.00000e+00
 0.00000e+00
-2.85178e-15
-7.27201e-15
 6.59006e-15
-2.75270e-14
 0.00000e+00
 0.00000e+00
-4.54756e-14
-3.83999e-14
-3.58994e-14
-6.79372e-14
 0.00000e+00
 0.00000e+00
-1.68701e-14
 2.28798e-15
-6.98478e-15
-2.43119e-14
 0.00000e+00
 0.00000e+00
 2.89872e-14
 3.69614e-14
 3.46657e-14
 1.89226e-14
 0.00000e+00
 0.00000e+00
-5.33255e-14
-4.51391e-14
-5.12376e-14
-6.54540e-14
 0.00000e+00
 0.00000e+00
 0.00000e+00
 0.00000e+00
 0.00000e+00
 2.54336e-16
 0.00000e+00
 0.00000e+00
 0.00000e+00
 0.00000e+00
 0.00000e+00
-2.20362e-16
 0.00000e+00
 0.00000e+00
-6.77390e-16
-6.77390e-16
-6.77390e-16
-1.03196e-15
 0.00000e+00
 0.00000e+00
-1.69348e-15
-1.69348e-15
-1.69348e-15
-1.69348e-15
 0.00000e+00
 0.00000e+00
 2.03217e-15
 2.03217e-15
 2.03217e-15
 2.03217e-15
 0.00000e+00
 0.00000e+00
-5.08043e-15
-5.08043e-15
-5.08043e-15
-5.08043e-15
 0.00000e+00
 0.00000e+00
 2.37087e-15
 2.37087e-15
 2.37087e-15
 2.37087e-15
 0.00000e+00
 0.00000e+00
-6.77390e-16
-6.77390e-16
-6.77390e-16
-6.77390e-16
 0.00000e+00
 0.00000e+00
 3.72565e-15
 3.72565e-15
 3.72565e-15
 3.72565e-15
 0.00000e+00
 0.00000e+00
-5.17815e-15
-5.01502e-15
-5.15040e-15
-4.85797e-15
 0.00000e+00
 0.00000e+00
 3.61474e-15
 4.38647e-15
 3.43797e-15
 5.21018e-15
 0.00000e+00
 0.00000e+00
-5.47866e-15
-3.70207e-15
-6.83838e-15
-2.75012e-15
 0.00000e+00
 0.00000e+00
-4.45064e-16
 9.38401e-16
-2.32030e-15
 2.05304e-15
 0.00000e+00
 0.00000e+00
-2.13951e-15
 2.56364e-15
-2.56938e-15
 2.40269e-15
 0.00000e+00
 0.00000e+00
-4.49936e-15
 5.91183e-15
-6.11116e-15
 6.26387e-15
 0.00000e+00
 0.00000e+00
-1.75776e-15
 2.68300e-15
-4.39342e-15
 6.64172e-15
 0.00000e+00
 0.00000e+00
 1.01528e-15
 6.92312e-16
 2.20909e-15
 4.11036e-15
 0.00000e+00
 0.00000e+00
 3.57938e-15
 8.57143e-15
 5.21156e-15
 1.36418e-14
 0.00000e+00
 0.00000e+00
-1.33170e-14
-4.63327e-15
-1.16125e-14
 1.85805e-15
 0.00000e+00
 0.00000e+00
-3.92428e-15
-3.63895e-16
-1.86143e-15
 6.96486e-15
 0.00000e+00
 0.00000e+00
 4.40294e-15
 6.31628e-15
-9.63688e-16
 1.44819e-14
 0.00000e+00
 0.00000e+00
-5.10535e-15
-8.70192e-15
-1.11149e-14
 4.18849e-15
 0.00000e+00
 0.00000e+00
 8.51960e-16
-4.44817e-15
-9.45501e-16
 9.05343e-15
 0.00000e+00
 0.00000e+00
 6.92157e-16
 5.40959e-16
-1.06441e-16
 4.30269e-15
 0.00000e+00
 0.00000e+00
-1.83594e-16
 3.64772e-15
 2.96785e-15
 5.32081e-15
 0.00000e+00
 0.00000e+00
-3.18947e-16
 3.78800e-15
-3.21855e-15
 6.82167e-15
 0.00000e+00
 0.00000e+00
 6.03218e-15
-2.05763e-15
-1.16033e-14
 6.57754e-15
 0.00000e+00
 0.00000e+00
 2.06380e-15
 1.56521e-15
-1.69075e-14
 1.66628e-14
 0.00000e+00
 0.00000e+00
-6.04408e-15
 5.95509e-15
-1.55725e-14
 1.57019e-14
 0.00000e+00
 0.00000e+00
-2.86452e-15
 5.87840e-15
-1.16960e-14
 1.25517e-14
 0.00000e+00
 0.00000e+00
 4.97631e-15
-1.08297e-15
-1.32208e-14
 6.19265e-15
 0.00000e+00
 0.00000e+00
 1.02739e-14
-5.13762e-15
-7.10006e-15
-1.60728e-15
 0.00000e+00
 0.00000e+00
 9.03250e-15
-6.44578e-15
 7.30702e-16
-4.87135e-16
 0.00000e+00
 0.00000e+00
 7.83768e-15
-9.22125e-15
 7.16368e-15
 1.37924e-15
 0.00000e+00
 0.00000e+00
 9.86777e-15
-1.43473e-14
 1.21332e-14
 9.05401e-15
 0.00000e+00
 0.00000e+00
 4.97217e-16
-2.44115e-14
 2.38895e-15
 6.32616e-15
 0.00000e+00
 0.00000e+00
 6.54902e-15
-4.40815e-15
 7.60156e-15
 5.72166e-16
 0.00000e+00
 0.00000e+00
-5.42388e-16
 1.77193e-15
 4.83839e-15
-4.31710e-15
 0.00000e+00
 0.00000e+00
-2.50689e-15
-8.67187e-15
 6.00509e-15
-5.75166e-15
 0.00000e+00
 0.00000e+00
-9.49025e-15
-9.36737e-15
 2.35752e-15
-7.79488e-15
 0.00000e+00
 0.00000e+00
-5.61356e-15
-7.78705e-15
-5.79510e-15
-5.25465e-15
 0.00000e+00
 0.00000e+00
-7.30349e-16
-1.48921e-14
 4.46759e-15
-1.17229e-14
 0.00000e+00
 0.00000e+00
 2.47216e-15
-1.51380e-14
 1.35952e-14
-2.71714e-15
 0.00000e+00
 0.00000e+00
 1.03939e-14
-2.40939e-14
 1.51387e-14
 8.18736e-15
 0.00000e+00
 0.00000e+00
 1.20069e-14
-1.95982e-14
 6.32965e-15
 8.16977e-15
 0.00000e+00
 0.00000e+00
 1.05164e-14
-1.72579e-14
 3.84617e-15
 3.34407e-15
 0.00000e+00
 0.00000e+00
 6.94460e-15
-1.75889e-14
 1.10743e-14
-1.98880e-15
 0.00000e+00
 0.00000e+00
 8.39120e-15
-1.82789e-14
 1.30879e-14
-5.33619e-15
 0.00000e+00
 0.00000e+00
 9.96363e-15
-1.75113e-14
 3.10464e-15
-5.40249e-15
 0.00000e+00
 0.00000e+00
 1.48165e-15
-5.33793e-16
-1.35414e-14
 7.01409e-15
 0.00000e+00
 0.00000e+00
-4.17666e-15
 5.77500e-15
-1.87009e-14
 1.46942e-14
 0.00000e+00
 0.00000e+00
-5.48493e-15
 9.04913e-15
-2.09557e-14
 2.24836e-14
 0.00000e+00
 0.00000e+00
-1.77345e-15
 4.68255e-15
-8.21433e-15
 1.40893e-15
 0.00000e+00
 0.00000e+00
-6.05569e-16
-3.15050e-16
-6.09942e-15
-7.31529e-15
 0.00000e+00
 0.00000e+00
-1.34808e-14
 1.59725e-14
-1.57894e-14
 5.51238e-15
 0.00000e+00
 0.00000e+00
-1.02639e-14
 1.65740e-14
-1.95501e-14
 2.11932e-15
 0.00000e+00
 0.00000e+00
-7.67694e-15
 1.71500e-14
-1.44749e-14
-2.51006e-15
 0.00000e+00
 0.00000e+00
-2.69075e-15
 9.90934e-15
-9.68508e-15
-4.11448e-15
 0.00000e+00
 0.00000e+00
-6.74675e-15
 1.98516e-15
 1.72020e-15
-9.30454e-15
 0.00000e+00
 0.00000e+00
-9.84488e-15
 9.48423e-15
-3.40808e-15
-2.44312e-15
 0.00000e+00
 0.00000e+00
 3.41680e-15
 5.05685e-15
 1.31206e-15
-3.08478e-15
 0.00000e+00
 0.00000e+00
 8.87672e-15
 1.23934e-15
 7.62164e-15
-1.52032e-14
 0.00000e+00
 0.00000e+00
 2.36438e-15
 3.53721e-15
 1.10283e-14
-1.90727e-14
 0.00000e+00
 0.00000e+00
 1.59440e-14
-1.16166e-15
 9.23869e-15
-1.03006e-14
 0.00000e+00
 0.00000e+00
 5.36551e-15
 4.96977e-15
 2.93141e-16
-1.02355e-14
 0.00000e+00
 0.00000e+00
-3.40202e-16
-2.12576e-16
 1.02639e-14
-1.27674e-14
 0.00000e+00
 0.00000e+00
 1.79919e-16
 5.68550e-15
 1.02060e-14
-1.46316e-14
 0.00000e+00
 0.00000e+00
 5.02490e-16
 4.51902e-15
 6.00510e-15
-1.38094e-14
 0.00000e+00
 0.00000e+00
-5.23632e-16
 1.05458e-14
 7.80880e-15
-1.31056e-14
 0.00000e+00
 0.00000e+00
-4.59474e-15
-3.66861e-15
 8.25982e-15
-2.71756e-14
 0.00000e+00
 0.00000e+00
 4.01872e-15
 1.80475e-14
 1.25287e-14
-1.43700e-14
 0.00000e+00
 0.00000e+00
-5.90406e-15
 1.63088e-14
 3.82589e-16
-1.98360e-14
 0.00000e+00
 0.00000e+00
-9.94719e-15
 1.42011e-15
 2.47505e-15
-3.90400e-14
 0.00000e+00
 0.00000e+00
 4.05174e-15
 1.57310e-14
 5.70978e-15
-3.51258e-14
 0.00000e+00
 0.00000e+00
 5.39883e-15
 2.97575e-14
 1.64509e-14
-1.99550e-14
 0.00000e+00
 0.00000e+00
-5.33916e-15
 2.63383e-14
 6.56028e-16
-1.79901e-14
 0.00000e+00
 0.00000e+00
-1.75724e-14
 1.10874e-14
-1.72811e-14
-3.22522e-14
 0.00000e+00
 0.00000e+00
-9.35367e-15
 2.60535e-14
 3.79597e-15
-2.86136e-14
 0.00000e+00
 0.00000e+00
 4.36319e-15
 3.08640e-14
 2.62674e-14
-8.93979e-15
 0.00000e+00
 0.00000e+00
-6.06093e-15
 1.84631e-14
-9.65909e-16
-2.26771e-14
 0.00000e+00
 0.00000e+00
-2.09332e-14
 9.11745e-15
-2.08957e-14
-4.67313e-14
 0.00000e+00
 0.00000e+00
 8.64819e-16
 3.96237e-14
 5.51193e-15
-1.65963e-14
 0.00000e+00
 0.00000e+00
-1.01479e-14
 2.11279e-14
 8.13169e-16
-2.25246e-14
 0.00000e+00
 0.00000e+00
-2.16062e-15
 1.18266e-14
-2.01276e-15
-1.72254e-14
 0.00000e+00
 0.00000e+00
-2.67583e-15
 8.97561e-15
-8.77183e-15
-1.62022e-14
 0.00000e+00
 0.00000e+00
-4.91177e-15
 1.60570e-14
-1.16874e-14
-5.75508e-15
 0.00000e+00
 0.00000e+00
-8.35344e-15
 2.24764e-14
-2.01420e-14
 2.33403e-15
 0.00000e+00
 0.00000e+00
-1.31156e-14
 2.59129e-14
-1.57620e-14
-7.61302e-16
 0.00000e+00
 0.00000e+00
-1.11491e-14
 3.02059e-14
-2.18768e-14
 7.29082e-15
 0.00000e+00
 0.00000e+00
-1.12214e-14
 3.56160e-14
-2.41966e-14
 7.31933e-15
 0.00000e+00
 0.00000e+00
-1.19654e-14
 3.29862e-14
-2.11067e-14
 3.13609e-15
 0.00000e+00
 0.00000e+00
-1.60853e-14
 2.77779e-14
-1.20316e-14
-3.38633e-15
 0.00000e+00
 0.00000e+00
-1.14109e-14
 1.76320e-14
-6.11329e-15
-1.25349e-14
 0.00000e+00
 0.00000e+00
 7.71486e-15
 3.10021e-14
 1.61186e-14
-1.69091e-16
 0.00000e+00
 0.00000e+00
-3.74272e-14
-3.55811e-14
-3.39138e-14
-5.38428e-14
 0.00000e+00
 0.00000e+00
 3.18207e-14
 3.46672e-14
 3.33314e-14
 1.50956e-14
 0.00000e+00
 0.00000e+00
-7.03643e-15
 6.90386e-15
-1.85207e-15
-2.30301e-14
 0.00000e+00
 0.00000e+00
-4.09662e-14
-3.67697e-14
-3.50269e-14
-6.80995e-14
 0.00000e+00
 0.00000e+00
-8.66311e-16
-5.52545e-15
-3.17049e-15
-2.79202e-14
 0.00000e+00
 0.00000e+00
 3.85601e-14
 3.55336e-14
 3.29678e-14
 1.63924e-14
 0.00000e+00
 0.00000e+00
-5.10707e-14
-4.74352e-14
-5.49896e-14
-6.84504e-14
 0.00000e+00
 0.00000e+00
 6.77390e-16
 6.77390e-16
 6.77390e-16
 9.06428e-16
 0.00000e+00
 0.00000e+00
 2.03217e-15
 2.03217e-15
 2.03217e-15
 1.69671e-15
 0.00000e+00
 0.00000e+00
 3.38695e-16
 3.38695e-16
 3.38695e-16
-1.50721e-16
 0.00000e+00
 0.00000e+00
 1.69348e-15
 1.69348e-15
 1.69348e-15
 1.69348e-15
 0.00000e+00
 0.00000e+00
 3.04826e-15
 3.04826e-15
 3.04826e-15
 3.04826e-15
 0.00000e+00
 0.00000e+00
-4.06434e-15
-4.06434e-15
-4.06434e-15
-4.06434e-15
 0.00000e+00
 0.00000e+00
 3.72565e-15
 3.72565e-15
 3.72565e-15
 3.72565e-15
 0.00000e+00
 0.00000e+00
 1.35478e-15
 1.35478e-15
 1.35478e-15
 1.35478e-15
 0.00000e+00
 0.00000e+00
 5.75782e-15
 5.75782e-15
 5.75782e-15
 5.75782e-15
 0.00000e+00
 0.00000e+00
-3.76308e-15
-3.64588e-15
-3.82532e-15
-3.53198e-15
 0.00000e+00
 0.00000e+00
 5.26154e-15
 6.28977e-15
 5.19909e-15
 6.72228e-15
 0.00000e+00
 0.00000e+00
-4.33891e-15
-1.90666e-15
-4.96944e-15
-1.91661e-15
 0.00000e+00
 0.00000e+00
 8.31961e-16
 3.45953e-15
-7.16996e-16
 3.35086e-15
 0.00000e+00
 0.00000e+00
 3.15266e-16
 4.64519e-15
-1.72887e-15
 3.51706e-15
 0.00000e+00
 0.00000e+00
-2.54109e-15
 7.36064e-15
-5.62778e-15
 7.36963e-15
 0.00000e+00
 0.00000e+00
-1.96428e-15
 6.99902e-15
-2.49362e-15
 9.17428e-15
 0.00000e+00
 0.00000e+00
-1.01137e-15
 4.34544e-15
 2.60606e-15
 7.14110e-15
 0.00000e+00
 0.00000e+00
 3.81034e-15
 1.25395e-14
 6.00686e-15
 1.73051e-14
 0.00000e+00
 0.00000e+00
-1.14403e-14
-4.17333e-16
-1.26639e-14
 6.48184e-15
 0.00000e+00
 0.00000e+00
-2.12876e-15
 5.86642e-15
-6.49011e-15
 1.34183e-14
 0.00000e+00
 0.00000e+00
 6.74171e-15
 1.09827e-14
-2.26988e-15
 2.02613e-14
 0.00000e+00
 0.00000e+00
-4.26463e-15
-4.61422e-15
-1.14387e-14
 1.00077e-14
 0.00000e+00
 0.00000e+00
-6.16449e-16
 4.98768e-15
-2.35050e-15
 1.47225e-14
 0.00000e+00
 0.00000e+00
-2.46880e-15
 1.01287e-14
-6.84051e-16
 1.00898e-14
 0.00000e+00
 0.00000e+00
-5.41340e-15
 9.90092e-15
 1.89264e-15
 5.52758e-15
 0.00000e+00
 0.00000e+00
-7.11784e-15
 1.41362e-14
-3.69724e-15
 7.63548e-15
 0.00000e+00
 0.00000e+00
-1.98706e-15
 6.27978e-15
-7.48217e-15
 9.96175e-15
 0.00000e+00
 0.00000e+00
 1.24947e-15
 7.78798e-16
-3.73711e-15
 1.25609e-14
 0.00000e+00
 0.00000e+00
-3.47617e-15
 2.44013e-15
-3.56334e-15
 1.27349e-14
 0.00000e+00
 0.00000e+00
-1.21933e-14
 4.34528e-15
-2.62976e-15
 1.47053e-14
 0.00000e+00
 0.00000e+00
-9.78300e-15
 3.36035e-16
 2.01478e-15
 5.97472e-15
 0.00000e+00
 0.00000e+00
-1.38970e-15
-9.74653e-15
 1.30271e-14
 7.79431e-16
 0.00000e+00
 0.00000e+00
-5.32738e-15
-6.70380e-15
 1.49319e-14
 6.15726e-15
 0.00000e+00
 0.00000e+00
-5.26115e-15
-4.74484e-15
 1.38271e-14
 1.05454e-14
 0.00000e+00
 0.00000e+00
 1.31925e-15
-8.78813e-15
 1.86295e-14
 1.55841e-14
 0.00000e+00
 0.00000e+00
-2.65161e-15
-2.00007e-14
 9.56731e-15
 4.49424e-15
 0.00000e+00
 0.00000e+00
 4.32883e-15
-1.28751e-14
 2.07914e-14
-4.34524e-15
 0.00000e+00
 0.00000e+00
 1.05752e-15
-5.53313e-15
 1.44620e-14
-1.94758e-15
 0.00000e+00
 0.00000e+00
-1.13258e-15
-8.28365e-15
 2.00831e-14
-5.76698e-15
 0.00000e+00
 0.00000e+00
-6.72049e-15
-1.54744e-14
 2.77769e-14
-1.10158e-14
 0.00000e+00
 0.00000e+00
-3.49880e-16
-1.46405e-14
 1.77815e-14
 1.42727e-15
 0.00000e+00
 0.00000e+00
 4.70390e-16
-7.17853e-15
 1.40901e-14
-1.09786e-16
 0.00000e+00
 0.00000e+00
-1.27210e-14
 8.03834e-16
 1.97289e-14
-1.52799e-16
 0.00000e+00
 0.00000e+00
-1.19164e-14
-7.61207e-16
 2.06119e-14
 5.50559e-16
 0.00000e+00
 0.00000e+00
-2.10806e-15
-3.91140e-15
 1.90223e-14
 8.69672e-16
 0.00000e+00
 0.00000e+00
 4.38466e-15
-1.29090e-14
 2.51580e-14
-6.00309e-15
 0.00000e+00
 0.00000e+00
 1.70086e-15
-1.49321e-14
 3.43702e-14
-5.96692e-15
 0.00000e+00
 0.00000e+00
-3.02143e-15
-1.38012e-14
 3.25235e-14
-4.22955e-15
 0.00000e+00
 0.00000e+00
-8.25616e-15
-1.45063e-14
 2.92022e-14
-4.09592e-15
 0.00000e+00
 0.00000e+00
-7.99182e-15
-6.53712e-15
 1.68220e-14
 3.64717e-15
 0.00000e+00
 0.00000e+00
-1.09198e-14
-5.20286e-15
 1.27801e-14
 9.27483e-15
 0.00000e+00
 0.00000e+00
-1.02132e-14
-1.20665e-14
 1.63221e-14
 3.03042e-14
 0.00000e+00
 0.00000e+00
 5.50823e-15
-1.34440e-14
 2.43639e-14
 9.53113e-15
 0.00000e+00
 0.00000e+00
 4.91128e-15
-1.89676e-14
 2.51521e-14
 3.89106e-15
 0.00000e+00
 0.00000e+00
-3.40833e-16
-7.03987e-16
 1.73282e-14
 7.81232e-15
 0.00000e+00
 0.00000e+00
-8.03490e-15
-6.90841e-15
 1.49903e-14
 7.54453e-15
 0.00000e+00
 0.00000e+00
 4.69505e-15
 7.71613e-15
-6.41251e-15
 9.11358e-15
 0.00000e+00
 0.00000e+00
-6.23506e-15
 3.97797e-15
 4.11816e-15
 1.22066e-14
 0.00000e+00
 0.00000e+00
-3.61471e-15
 3.94066e-16
 7.35935e-15
 1.30827e-14
 0.00000e+00
 0.00000e+00
 9.10790e-16
-1.11300e-14
 7.03893e-15
 1.41414e-14
 0.00000e+00
 0.00000e+00
-2.44398e-16
 2.33186e-16
 1.54340e-14
 7.40768e-15
 0.00000e+00
 0.00000e+00
 7.95697e-15
-1.92975e-15
 1.74789e-15
 8.32214e-15
 0.00000e+00
 0.00000e+00
-7.04845e-15
 1.18018e-14
 7.69247e-15
 8.56078e-15
 0.00000e+00
 0.00000e+00
 1.11814e-14
-2.62547e-15
 9.31520e-15
 2.84908e-15
 0.00000e+00
 0.00000e+00
 3.53089e-15
-5.11627e-16
 1.25879e-14
 5.64859e-15
 0.00000e+00
 0.00000e+00
-8.47230e-15
 1.17870e-14
 7.32199e-15
 1.18114e-14
 0.00000e+00
 0.00000e+00
-3.38136e-16
 9.33327e-15
 2.19444e-15
 1.52052e-14
 0.00000e+00
 0.00000e+00
-5.66422e-15
 1.80993e-14
-1.92976e-15
 1.10025e-14
 0.00000e+00
 0.00000e+00
-7.96074e-15
 1.85266e-14
-2.02341e-15
 1.11309e-14
 0.00000e+00
 0.00000e+00
-9.97411e-15
 6.18272e-15
-7.74246e-15
 1.63282e-15
 0.00000e+00
 0.00000e+00
 4.55887e-15
 1.51556e-14
 3.97769e-15
 1.97467e-14
 0.00000e+00
 0.00000e+00
 3.55274e-15
 9.25869e-15
-6.52269e-15
 1.08917e-14
 0.00000e+00
 0.00000e+00
-5.46056e-15
-4.47944e-15
-8.43318e-15
-5.99958e-15
 0.00000e+00
 0.00000e+00
 3.18390e-15
 1.06093e-14
 1.80691e-15
-7.83006e-15
 0.00000e+00
 0.00000e+00
 8.15046e-15
 2.28100e-14
 1.55079e-14
 2.35657e-15
 0.00000e+00
 0.00000e+00
 3.24117e-15
 7.14144e-15
 1.56431e-15
 1.67547e-15
 0.00000e+00
 0.00000e+00
-1.58818e-14
 4.39169e-15
-2.49945e-14
-6.53224e-15
 0.00000e+00
 0.00000e+00
-9.37188e-15
 1.99153e-14
 3.48766e-15
-2.84705e-15
 0.00000e+00
 0.00000e+00
 2.56247e-15
 2.67665e-14
 2.39114e-14
 1.70813e-14
 0.00000e+00
 0.00000e+00
-5.57374e-15
 1.10951e-14
-5.26070e-16
 2.12612e-15
 0.00000e+00
 0.00000e+00
-1.23773e-14
-7.18273e-15
-1.53798e-14
-2.68252e-14
 0.00000e+00
 0.00000e+00
 1.17135e-14
 2.64172e-14
 1.65691e-15
 5.88551e-15
 0.00000e+00
 0.00000e+00
-7.64272e-15
 2.14425e-14
-5.81279e-15
-5.01980e-15
 0.00000e+00
 0.00000e+00
 4.28923e-15
 1.48339e-14
-4.50200e-15
-4.15311e-15
 0.00000e+00
 0.00000e+00
 1.12950e-14
-2.00161e-15
 9.95688e-17
-6.04231e-15
 0.00000e+00
 0.00000e+00
 8.18967e-15
-2.72424e-15
 1.70016e-15
 1.66547e-15
 0.00000e+00
 0.00000e+00
 5.13736e-15
 1.76533e-16
-6.44795e-15
 8.55604e-15
 0.00000e+00
 0.00000e+00
 2.76002e-15
 8.90453e-15
-8.12139e-15
 5.56629e-15
 0.00000e+00
 0.00000e+00
 7.69329e-15
 5.86967e-15
-1.29329e-14
 9.24876e-15
 0.00000e+00
 0.00000e+00
 7.32515e-15
 9.64687e-15
-1.23501e-14
 8.55815e-15
 0.00000e+00
 0.00000e+00
-3.54329e-15
 2.02791e-14
-1.26039e-14
 1.67914e-15
 0.00000e+00
 0.00000e+00
-1.42810e-14
 2.93514e-14
-1.05280e-14
-6.52521e-16
 0.00000e+00
 0.00000e+00
-1.18569e-14
 2.23937e-14
-9.20442e-15
-3.83275e-15
 0.00000e+00
 0.00000e+00
 1.43755e-14
 2.53027e-14
 2.19138e-14
 1.55480e-15
 0.00000e+00
 0.00000e+00
-3.88211e-14
-3.28066e-14
-3.28710e-14
-5.73090e-14
 0.00000e+00
 0.00000e+00
 3.33806e-14
 3.44446e-14
 3.47939e-14
 1.21855e-14
 0.00000e+00
 0.00000e+00
 7.35433e-16
 5.28970e-16
 3.36175e-15
-2.63201e-14
 0.00000e+00
 0.00000e+00
-4.05794e-14
-3.46998e-14
-3.43095e-14
-6.97288e-14
 0.00000e+00
 0.00000e+00
 2.88975e-15
-6.16373e-15
-3.81681e-17
-2.92608e-14
 0.00000e+00
 0.00000e+00
 4.11354e-14
 3.37371e-14
 3.56590e-14
 1.80437e-14
 0.00000e+00
 0.00000e+00
-4.80631e-14
-4.57760e-14
-5.57684e-14
-6.71161e-14
 0.00000e+00
 0.00000e+00
-2.03217e-15
-2.03217e-15
-2.03217e-15
-2.03217e-15
 0.00000e+00
 0.00000e+00
-1.69348e-15
-1.69348e-15
-1.69348e-15
-2.07312e-15
 0.00000e+00
 0.00000e+00
-3.04826e-15
-3.04826e-15
-3.04826e-15
-3.43840e-15
 0.00000e+00
 0.00000e+00
-1.35478e-15
-1.35478e-15
-1.35478e-15
-1.35478e-15
 0.00000e+00
 0.00000e+00
 0.00000e+00
 0.00000e+00
 0.00000e+00
 0.00000e+00
 0.00000e+00
 0.00000e+00
-7.45129e-15
-7.45129e-15
-7.45129e-15
-7.45129e-15
 0.00000e+00
 0.00000e+00
 0.00000e+00
 0.00000e+00
 0.00000e+00
 0.00000e+00
 0.00000e+00
 0.00000e+00
-2.37087e-15
-2.37087e-15
-2.37087e-15
-2.37087e-15
 0.00000e+00
 0.00000e+00
 2.37087e-15
 2.37087e-15
 2.37087e-15
 2.37087e-15
 0.00000e+00
 0.00000e+00
-7.78168e-15
-7.71510e-15
-7.85692e-15
-7.66338e-15
 0.00000e+00
 0.00000e+00
 2.06431e-15
 2.87106e-15
 1.77471e-15
 3.08427e-15
 0.00000e+00
 0.00000e+00
-7.95310e-15
-5.92307e-15
-8.18621e-15
-6.14620e-15
 0.00000e+00
 0.00000e+00
-3.35178e-15
-7.86563e-16
-3.52095e-15
-1.17239e-15
 0.00000e+00
 0.00000e+00
-2.80452e-15
-1.00627e-16
-4.45619e-15
-1.24321e-15
 0.00000e+00
 0.00000e+00
-4.03788e-15
 2.84185e-15
-8.27255e-15
 2.03252e-15
 0.00000e+00
 0.00000e+00
-3.41009e-15
 2.21777e-15
-5.18348e-15
 2.86186e-15
 0.00000e+00
 0.00000e+00
-1.44901e-15
-2.70000e-15
-5.85645e-16
 2.07133e-15
 0.00000e+00
 0.00000e+00
 3.12451e-15
 8.42578e-15
 1.00938e-16
 1.55431e-14
 0.00000e+00
 0.00000e+00
-1.00834e-14
-2.63915e-15
-1.92927e-14
 3.33671e-15
 0.00000e+00
 0.00000e+00
-1.00043e-15
 3.71744e-15
-1.20967e-14
 7.10079e-15
 0.00000e+00
 0.00000e+00
 5.94082e-15
 8.02896e-15
-5.72283e-15
 1.17070e-14
 0.00000e+00
 0.00000e+00
-4.85011e-15
-8.32713e-15
-1.49834e-14
-4.24405e-16
 0.00000e+00
 0.00000e+00
-1.75649e-15
 1.83964e-15
-5.76800e-15
 6.26164e-15
 0.00000e+00
 0.00000e+00
-6.76590e-15
 1.01340e-14
-8.50687e-15
 7.50123e-15
 0.00000e+00
 0.00000e+00
-8.98982e-15
 1.18649e-14
-1.54369e-14
 4.33898e-15
 0.00000e+00
 0.00000e+00
-8.80743e-15
 1.10214e-14
-1.54652e-14
 8.46187e-15
 0.00000e+00
 0.00000e+00
-6.36903e-15
 4.08947e-15
-6.66797e-15
 6.41250e-15
 0.00000e+00
 0.00000e+00
 5.41635e-16
-2.42595e-15
 8.23949e-16
 4.25728e-16
 0.00000e+00
 0.00000e+00
 5.61892e-16
-3.13571e-15
 1.96052e-15
-1.37372e-15
 0.00000e+00
 0.00000e+00
-1.07215e-14
 2.72031e-16
 4.53146e-16
-1.28519e-15
 0.00000e+00
 0.00000e+00
-1.16794e-14
-1.02508e-15
 4.01837e-15
-5.41056e-15
 0.00000e+00
 0.00000e+00
-1.01226e-14
-7.51810e-15
 1.10691e-14
-1.15485e-14
 0.00000e+00
 0.00000e+00
-1.26092e-14
-5.08503e-15
 1.16823e-14
-5.92177e-15
 0.00000e+00
 0.00000e+00
-7.75521e-15
-2.09882e-15
 1.27427e-14
-6.90937e-15
 0.00000e+00
 0.00000e+00
-5.80424e-15
-1.64829e-15
 2.11145e-14
-4.19810e-15
 0.00000e+00
 0.00000e+00
-1.13991e-14
-1.14316e-14
 1.18965e-14
-1.32081e-14
 0.00000e+00
 0.00000e+00
-2.41101e-15
-1.06928e-14
 1.57316e-14
-1.53609e-14
 0.00000e+00
 0.00000e+00
-7.39542e-15
 5.93365e-16
 3.61588e-15
-1.47282e-14
 0.00000e+00
 0.00000e+00
-1.01328e-14
-1.49884e-15
 1.48486e-14
-1.77278e-14
 0.00000e+00
 0.00000e+00
-1.33519e-14
-3.57815e-15
 1.63759e-14
-1.39226e-14
 0.00000e+00
 0.00000e+00
-9.52919e-15
 3.30462e-15
 4.66156e-15
-2.51573e-15
 0.00000e+00
 0.00000e+00
-9.84018e-15
 4.65731e-15
 1.50916e-14
-1.96558e-14
 0.00000e+00
 0.00000e+00
-1.57474e-14
 1.13585e-15
 2.88203e-14
-2.45885e-14
 0.00000e+00
 0.00000e+00
-1.23575e-14
-6.30993e-15
 2.74878e-14
-2.18346e-14
 0.00000e+00
 0.00000e+00
-9.41616e-15
-4.81662e-15
 2.98597e-14
-2.95848e-14
 0.00000e+00
 0.00000e+00
-7.65158e-15
-8.83046e-15
 3.35990e-14
-2.75302e-14
 0.00000e+00
 0.00000e+00
-7.42545e-15
-2.16659e-15
 2.51617e-14
-1.68271e-14
 0.00000e+00
 0.00000e+00
-1.57829e-14
 5.66397e-15
 1.27696e-14
-6.74543e-15
 0.00000e+00
 0.00000e+00
-1.56280e-14
 3.91825e-15
 8.98816e-15
-7.67000e-15
 0.00000e+00
 0.00000e+00
-8.84261e-15
 2.84846e-15
 9.73016e-15
-6.30592e-15
 0.00000e+00
 0.00000e+00
-1.20616e-14
-1.99884e-15
 1.11918e-14
-8.47785e-15
 0.00000e+00
 0.00000e+00
-1.14783e-14
-5.27309e-15
 1.26336e-14
 2.80930e-15
 0.00000e+00
 0.00000e+00
-1.37693e-15
-7.31342e-15
 1.39008e-14
-8.53809e-15
 0.00000e+00
 0.00000e+00
 2.08335e-15
-1.11478e-14
 1.62752e-14
-1.35902e-14
 0.00000e+00
 0.00000e+00
-1.47413e-15
-5.70867e-15
 1.91643e-14
-1.00627e-14
 0.00000e+00
 0.00000e+00
-9.71425e-15
-1.24720e-14
 1.68779e-14
-8.83606e-15
 0.00000e+00
 0.00000e+00
-1.50072e-15
 4.44867e-15
 4.44308e-15
-4.83755e-15
 0.00000e+00
 0.00000e+00
-1.77826e-15
-8.80751e-15
 1.61815e-14
-7.91428e-15
 0.00000e+00
 0.00000e+00
-9.14909e-15
 1.24237e-15
 1.59708e-15
-2.06048e-15
 0.00000e+00
 0.00000e+00
-7.50961e-15
-5.69953e-15
 3.12664e-15
-2.60300e-15
 0.00000e+00
 0.00000e+00
-3.62830e-15
-4.38520e-15
 1.13464e-14
-2.87754e-16
 0.00000e+00
 0.00000e+00
-6.69426e-15
-2.30662e-15
-1.65781e-15
 3.09875e-16
 0.00000e+00
 0.00000e+00
-1.31923e-14
 7.39033e-15
 5.42765e-15
-1.34978e-14
 0.00000e+00
 0.00000e+00
-4.22547e-17
-1.23964e-14
 1.05669e-14
-1.35943e-14
 0.00000e+00
 0.00000e+00
 2.26225e-15
-1.80645e-14
 2.67100e-14
-1.69554e-14
 0.00000e+00
 0.00000e+00
-1.35709e-14
 2.69821e-15
 8.86362e-15
-9.51381e-15
 0.00000e+00
 0.00000e+00
 1.13951e-15
-6.26211e-15
 6.71667e-15
-1.12243e-14
 0.00000e+00
 0.00000e+00
-9.44613e-15
 1.34210e-15
 7.74379e-15
-1.42712e-14
 0.00000e+00
 0.00000e+00
-7.35224e-15
 1.23077e-14
 2.51121e-15
-7.99746e-15
 0.00000e+00
 0.00000e+00
-1.72874e-14
-4.38187e-15
-7.21144e-15
-2.57774e-14
 0.00000e+00
 0.00000e+00
 5.79731e-15
 4.35990e-15
 9.89995e-15
-1.71510e-16
 0.00000e+00
 0.00000e+00
 1.81851e-16
-2.90771e-15
 6.79128e-15
-1.12371e-14
 0.00000e+00
 0.00000e+00
-9.44857e-15
-2.15406e-14
-1.47442e-15
-2.64297e-14
 0.00000e+00
 0.00000e+00
-5.68918e-16
-1.75311e-14
 1.51224e-14
-1.47736e-14
 0.00000e+00
 0.00000e+00
 7.06712e-15
-3.73482e-15
 2.10436e-14
 8.47916e-16
 0.00000e+00
 0.00000e+00
-1.40273e-16
-1.46308e-14
 1.15121e-14
-1.28012e-14
 0.00000e+00
 0.00000e+00
-2.21677e-14
-1.51227e-14
-1.39466e-14
-2.15600e-14
 0.00000e+00
 0.00000e+00
-1.23612e-14
-2.57329e-15
 1.28397e-14
-2.34598e-14
 0.00000e+00
 0.00000e+00
 1.92951e-15
 1.33470e-14
 3.27177e-14
-1.85213e-15
 0.00000e+00
 0.00000e+00
-3.45295e-15
-1.25336e-15
 7.36879e-15
-1.04008e-14
 0.00000e+00
 0.00000e+00
-1.37814e-14
-2.15082e-14
-4.86743e-15
-3.99353e-14
 0.00000e+00
 0.00000e+00
 1.43878e-14
 8.90873e-15
 1.92348e-14
-1.21884e-14
 0.00000e+00
 0.00000e+00
 2.71312e-15
-2.45429e-15
 1.05970e-14
-2.03862e-14
 0.00000e+00
 0.00000e+00
 3.44545e-15
-4.62988e-15
 2.25118e-14
-2.72843e-14
 0.00000e+00
 0.00000e+00
 4.40809e-15
-1.82592e-14
 2.89444e-14
-2.51201e-14
 0.00000e+00
 0.00000e+00
 4.30017e-15
-1.90017e-14
 2.91573e-14
-1.94616e-14
 0.00000e+00
 0.00000e+00
 9.72976e-16
-9.23954e-15
 2.33560e-14
-1.72829e-14
 0.00000e+00
 0.00000e+00
 1.95855e-15
-5.84150e-15
 2.32383e-14
-1.47629e-14
 0.00000e+00
 0.00000e+00
 8.33056e-15
-1.57571e-14
 1.80040e-14
-1.22282e-14
 0.00000e+00
 0.00000e+00
 8.87666e-15
-1.18505e-14
 1.62200e-14
-1.01062e-14
 0.00000e+00
 0.00000e+00
-1.73660e-15
-5.00233e-15
 1.57441e-14
-1.72686e-14
 0.00000e+00
 0.00000e+00
-8.40152e-15
 1.42769e-15
 1.20041e-14
-2.21756e-14
 0.00000e+00
 0.00000e+00
-1.03021e-14
 2.10967e-15
 5.98812e-15
-2.37849e-14
 0.00000e+00
 0.00000e+00
 9.60489e-15
 1.73871e-14
 2.49776e-14
-7.83379e-15
 0.00000e+00
 0.00000e+00
-4.35730e-14
-3.59309e-14
-3.33181e-14
-6.32360e-14
 0.00000e+00
 0.00000e+00
 2.93037e-14
 3.37343e-14
 3.36679e-14
 1.13835e-14
 0.00000e+00
 0.00000e+00
 1.85321e-15
-6.99153e-15
 2.94537e-15
-2.42857e-14
 0.00000e+00
 0.00000e+00
-3.91268e-14
-3.66191e-14
-3.72509e-14
-6.75126e-14
 0.00000e+00
 0.00000e+00
-9.85525e-15
 2.16659e-15
-8.08762e-15
-2.46855e-14
 0.00000e+00
 0.00000e+00
 3.13899e-14
 3.52541e-14
 3.30072e-14
 2.03485e-14
 0.00000e+00
 0.00000e+00
-4.78160e-14
-4.95850e-14
-5.23827e-14
-6.65346e-14
 0.00000e+00
 0.00000e+00
 4.06434e-15
 4.06434e-15
 4.06434e-15
 4.06434e-15
 0.00000e+00
 0.00000e+00
 5.41912e-15
 5.41912e-15
 5.41912e-15
 5.41912e-15
 0.00000e+00
 0.00000e+00
 4.74173e-15
 4.74173e-15
 4.74173e-15
 4.74173e-15
 0.00000e+00
 0.00000e+00
 3.38695e-15
 3.38695e-15
 3.38695e-15
 3.38695e-15
 0.00000e+00
 0.00000e+00
 6.09651e-15
 6.09651e-15
 6.09651e-15
 6.09651e-15
 0.00000e+00
 0.00000e+00
 0.00000e+00
 0.00000e+00
 0.00000e+00
 0.00000e+00
 0.00000e+00
 0.00000e+00
 7.45129e-15
 7.45129e-15
 7.45129e-15
 7.45129e-15
 0.00000e+00
 0.00000e+00
 5.41912e-15
 5.41912e-15
 5.41912e-15
 5.41912e-15
 0.00000e+00
 0.00000e+00
 1.01609e-14
 1.01609e-14
 1.01609e-14
 1.01609e-14
 0.00000e+00
 0.00000e+00
-1.35254e-18
 6.30344e-17
-4.34082e-17
 7.66818e-17
 0.00000e+00
 0.00000e+00
 9.85166e-15
 1.08136e-14
 9.35342e-15
 1.06779e-14
 0.00000e+00
 0.00000e+00
-2.21870e-16
 1.85140e-15
-4.61428e-16
 1.43154e-15
 0.00000e+00
 0.00000e+00
 4.60722e-15
 5.15589e-15
 5.14268e-15
 5.96548e-15
 0.00000e+00
 0.00000e+00
 6.36457e-15
 5.43654e-15
 5.58334e-15
 5.53324e-15
 0.00000e+00
 0.00000e+00
 5.28664e-15
 9.72297e-15
 9.53241e-17
 9.33455e-15
 0.00000e+00
 0.00000e+00
 4.62786e-15
 6.89384e-15
 1.06177e-15
 9.07479e-15
 0.00000e+00
 0.00000e+00
 9.09692e-15
 2.68199e-15
 8.82195e-15
 8.30121e-15
 0.00000e+00
 0.00000e+00
 1.21498e-14
 1.56051e-14
 7.90039e-15
 2.09211e-14
 0.00000e+00
 0.00000e+00
-9.87149e-16
 5.15629e-15
-1.15801e-14
 6.75590e-15
 0.00000e+00
 0.00000e+00
 9.41810e-15
 9.92239e-15
-1.67144e-15
 9.47207e-15
 0.00000e+00
 0.00000e+00
 1.41396e-14
 1.26410e-14
 2.17259e-15
 1.50480e-14
 0.00000e+00
 0.00000e+00
 1.67042e-15
-2.54195e-15
-9.64614e-15
 3.56224e-15
 0.00000e+00
 0.00000e+00
 3.61711e-15
 9.03753e-15
 7.65326e-16
 1.14174e-14
 0.00000e+00
 0.00000e+00
-4.06194e-15
 1.58305e-14
-1.60859e-15
 1.23607e-14
 0.00000e+00
 0.00000e+00
-7.42195e-16
 1.76987e-14
-9.95896e-15
 1.24521e-14
 0.00000e+00
 0.00000e+00
 1.04082e-15
 1.50371e-14
-7.01717e-15
 1.58890e-14
 0.00000e+00
 0.00000e+00
 2.43780e-15
 1.02277e-14
 6.80520e-15
 6.21572e-15
 0.00000e+00
 0.00000e+00
 8.69017e-15
 9.18128e-15
 1.06729e-14
-1.78600e-15
 0.00000e+00
 0.00000e+00
 7.62555e-15
 6.02269e-15
 1.03040e-14
-4.65199e-15
 0.00000e+00
 0.00000e+00
 2.57030e-15
 7.22745e-15
 1.16613e-14
-8.70640e-15
 0.00000e+00
 0.00000e+00
 5.59302e-15
 7.03327e-15
 1.60989e-14
-1.26226e-14
 0.00000e+00
 0.00000e+00
 5.06284e-15
 2.54899e-15
 1.96896e-14
-1.86369e-14
 0.00000e+00
 0.00000e+00
 1.00045e-14
-5.10097e-15
 2.73524e-14
-1.65618e-14
 0.00000e+00
 0.00000e+00
 1.30192e-14
-8.49833e-16
 2.80417e-14
-1.83403e-14
 0.00000e+00
 0.00000e+00
 2.93881e-15
 9.54772e-15
 2.75719e-14
-1.01523e-14
 0.00000e+00
 0.00000e+00
-7.14654e-15
 3.32761e-15
 2.17720e-14
-1.94075e-14
 0.00000e+00
 0.00000e+00
 1.07090e-14
-1.40160e-15
 2.20253e-14
-1.95378e-14
 0.00000e+00
 0.00000e+00
 1.32926e-14
 8.01305e-15
 1.17530e-14
-2.70212e-14
 0.00000e+00
 0.00000e+00
 2.69087e-15
 5.80741e-15
 2.83435e-14
-3.74669e-14
 0.00000e+00
 0.00000e+00
-1.11116e-15
 1.35038e-14
 9.96374e-15
-1.97237e-14
 0.00000e+00
 0.00000e+00
 1.05211e-15
 1.96519e-14
-3.36588e-15
-5.99899e-15
 0.00000e+00
 0.00000e+00
 5.25478e-15
 8.18706e-15
 2.51594e-14
-3.20927e-14
 0.00000e+00
 0.00000e+00
 1.25386e-14
 1.05812e-15
 3.43750e-14
-3.36845e-14
 0.00000e+00
 0.00000e+00
 1.61823e-14
-1.80686e-14
 3.20624e-14
-2.40558e-14
 0.00000e+00
 0.00000e+00
 7.23971e-15
-9.30751e-15
 2.99048e-14
-2.61319e-14
 0.00000e+00
 0.00000e+00
 5.52286e-15
 2.33185e-16
 2.23890e-14
-2.00673e-14
 0.00000e+00
 0.00000e+00
 1.28166e-14
 2.75536e-15
 1.98412e-14
-1.67261e-14
 0.00000e+00
 0.00000e+00
 5.25513e-15
-1.25167e-15
 2.13061e-14
-1.96832e-14
 0.00000e+00
 0.00000e+00
 1.03478e-14
 4.03554e-16
 1.35582e-14
-2.18874e-14
 0.00000e+00
 0.00000e+00
 8.14705e-15
 9.23932e-15
 5.13478e-15
-8.63853e-15
 0.00000e+00
 0.00000e+00
-4.64748e-15
 1.40327e-14
-2.84476e-15
-3.41057e-15
 0.00000e+00
 0.00000e+00
 7.28469e-15
 1.72074e-14
 3.44743e-15
-1.92294e-14
 0.00000e+00
 0.00000e+00
 2.13755e-15
 1.18640e-14
 1.28531e-14
-2.80813e-14
 0.00000e+00
 0.00000e+00
 1.34886e-14
 1.00838e-14
 1.95721e-14
-3.44584e-14
 0.00000e+00
 0.00000e+00
 1.41471e-15
 1.06623e-14
 1.34797e-14
-1.43052e-14
 0.00000e+00
 0.00000e+00
-7.63250e-15
 2.29667e-14
 2.09660e-15
-3.33202e-16
 0.00000e+00
 0.00000e+00
-3.13536e-15
 3.38103e-14
 3.74859e-15
-3.42807e-15
 0.00000e+00
 0.00000e+00
 1.32134e-14
 1.51545e-14
 8.53925e-15
-8.55865e-15
 0.00000e+00
 0.00000e+00
-1.87063e-14
 2.87244e-14
-7.29409e-15
-1.20691e-15
 0.00000e+00
 0.00000e+00
-1.27424e-14
 2.78218e-14
 2.22671e-15
-7.72879e-15
 0.00000e+00
 0.00000e+00
 2.26023e-15
 1.11978e-14
 7.57946e-15
 1.51441e-15
 0.00000e+00
 0.00000e+00
-6.97857e-15
 2.45946e-14
-1.41490e-15
-1.13573e-14
 0.00000e+00
 0.00000e+00
-7.27048e-15
 2.29826e-14
 1.44043e-14
-3.59080e-14
 0.00000e+00
 0.00000e+00
-5.41896e-15
 1.51953e-14
 1.42588e-14
-2.62784e-14
 0.00000e+00
 0.00000e+00
 4.09141e-15
 2.94454e-15
 2.04750e-14
-2.76032e-14
 0.00000e+00
 0.00000e+00
-3.42386e-15
 1.82986e-14
 4.40836e-15
-2.08393e-14
 0.00000e+00
 0.00000e+00
 1.22864e-14
 1.64267e-14
 3.95478e-15
-3.47832e-14
 0.00000e+00
 0.00000e+00
 3.90997e-15
 6.65846e-15
 7.15127e-15
-2.90660e-14
 0.00000e+00
 0.00000e+00
 1.17393e-14
 2.22527e-14
 1.28968e-15
-1.91010e-14
 0.00000e+00
 0.00000e+00
-2.93059e-15
 3.41490e-15
 2.66884e-15
-5.03475e-14
 0.00000e+00
 0.00000e+00
 1.75741e-14
 1.12742e-14
 2.28689e-14
-2.40389e-14
 0.00000e+00
 0.00000e+00
 1.37179e-14
-3.82853e-15
 1.79834e-14
-2.29696e-14
 0.00000e+00
 0.00000e+00
-2.60921e-15
-1.60498e-14
 1.18178e-14
-4.26469e-14
 0.00000e+00
 0.00000e+00
 2.74598e-15
-1.42512e-14
 2.95344e-14
-1.94138e-14
 0.00000e+00
 0.00000e+00
 8.63742e-15
 1.20116e-14
 2.33182e-14
-1.02314e-14
 0.00000e+00
 0.00000e+00
-4.03406e-15
 1.01908e-14
 1.75739e-14
-3.10989e-14
 0.00000e+00
 0.00000e+00
-1.78273e-14
-2.82470e-15
 1.74640e-15
-4.01307e-14
 0.00000e+00
 0.00000e+00
-7.77192e-15
 9.31735e-15
 2.23446e-14
-3.47319e-14
 0.00000e+00
 0.00000e+00
 9.68038e-15
 2.94727e-14
 3.83190e-14
-2.23319e-14
 0.00000e+00
 0.00000e+00
-1.92981e-16
 1.83431e-14
 1.87978e-14
-3.03287e-14
 0.00000e+00
 0.00000e+00
-6.63062e-15
-2.89309e-15
-8.13208e-16
-4.75966e-14
 0.00000e+00
 0.00000e+00
 1.64854e-14
 3.55788e-14
 2.78129e-14
-2.12122e-14
 0.00000e+00
 0.00000e+00
 1.05748e-16
 1.88856e-14
 2.76183e-14
-3.71972e-14
 0.00000e+00
 0.00000e+00
-6.32618e-15
 2.01318e-14
 3.07167e-14
-3.80380e-14
 0.00000e+00
 0.00000e+00
-1.40804e-14
 1.53806e-14
 2.66073e-14
-2.85638e-14
 0.00000e+00
 0.00000e+00
-6.56356e-15
 1.65650e-14
 2.18645e-14
-2.95528e-14
 0.00000e+00
 0.00000e+00
-6.26072e-15
 1.78457e-14
 2.73801e-14
-3.35432e-14
 0.00000e+00
 0.00000e+00
-5.09820e-15
 1.45389e-14
 3.03163e-14
-2.62033e-14
 0.00000e+00
 0.00000e+00
 5.89689e-16
 2.76409e-15
 2.43950e-14
-2.17877e-14
 0.00000e+00
 0.00000e+00
 2.44626e-15
 2.05871e-15
 2.42137e-14
-1.92960e-14
 0.00000e+00
 0.00000e+00
-1.80897e-15
-4.68388e-16
 2.35376e-14
-2.01146e-14
 0.00000e+00
 0.00000e+00
-6.94003e-15
 5.88302e-15
 1.72068e-14
-2.13073e-14
 0.00000e+00
 0.00000e+00
-1.58744e-14
 1.62107e-14
 3.23496e-15
-1.97719e-14
 0.00000e+00
 0.00000e+00
 4.16855e-15
 3.27338e-14
 2.11527e-14
-2.48633e-15
 0.00000e+00
 0.00000e+00
-4.03306e-14
-3.37318e-14
-2.52185e-14
-6.26175e-14
 0.00000e+00
 0.00000e+00
 2.97099e-14
 4.07657e-14
 3.56621e-14
 1.98917e-14
 0.00000e+00
 0.00000e+00
 5.75382e-16
 9.81088e-15
-1.75750e-15
-1.10539e-14
 0.00000e+00
 0.00000e+00
-2.75371e-14
-3.23043e-14
-3.18444e-14
-5.77280e-14
 0.00000e+00
 0.00000e+00
 6.64667e-16
 3.61587e-15
-3.64971e-15
-1.27543e-14
 0.00000e+00
 0.00000e+00
 3.69895e-14
 4.16490e-14
 3.56071e-14
 2.49500e-14
 0.00000e+00
 0.00000e+00
-4.44091e-14
-4.68861e-14
-4.02090e-14
-6.39744e-14
 0.00000e+00
 0.00000e+00
 0.00000e+00
 0.00000e+00
 0.00000e+00
 0.00000e+00
 0.00000e+00
 0.00000e+00
-2.70956e-15
-1.35478e-15
 1.35478e-15
-4.20350e-15
 7.85037e-15
 0.00000e+00
-2.70956e-15
-1.35478e-15
 1.35478e-15
-3.72688e-15
 8.80360e-15
 0.00000e+00
-2.70956e-15
-1.35478e-15
 1.35478e-15
-4.06434e-15
 8.12868e-15
 0.00000e+00
-2.70956e-15
-1.35478e-15
 1.35478e-15
-4.06434e-15
 8.12868e-15
 0.00000e+00
-2.70956e-15
-1.35478e-15
 1.35478e-15
-4.06434e-15
 8.12868e-15
 0.00000e+00
-2.70956e-15
-1.35478e-15
 1.35478e-15
-4.06434e-15
 8.12868e-15
 0.00000e+00
-2.70956e-15
-1.35478e-15
 1.35478e-15
-4.06434e-15
 8.12868e-15
 0.00000e+00
-2.70956e-15
-1.35478e-15
 1.35478e-15
-4.06434e-15
 8.12868e-15
 7.40297e-15
 4.57161e-15
 5.89280e-15
 8.66967e-15
 3.73352e-15
 1.64209e-14
 2.07764e-13
 2.04785e-13
 2.07353e-13
 2.11050e-13
 2.05759e-13
 2.18580e-13
 2.11239e-12
 2.11022e-12
 2.11205e-12
 2.11459e-12
 2.10959e-12
 2.12236e-12
 1.86840e-11
 1.86820e-11
 1.86827e-11
 1.86828e-11
 1.86788e-11
 1.86935e-11
 1.53090e-10
 1.53084e-10
 1.53085e-10
 1.53094e-10
 1.53086e-10
 1.53094e-10
 1.16996e-09
 1.16995e-09
 1.16996e-09
 1.16996e-09
 1.16995e-09
 1.16997e-09
 8.31166e-09
 8.31167e-09
 8.31167e-09
 8.31168e-09
 8.31168e-09
 8.31168e-09
 5.46882e-08
 5.46882e-08
 5.46882e-08
 5.46882e-08
 5.46882e-08
 5.46882e-08
 3.31838e-07
 3.31838e-07
 3.31838e-07
 3.31838e-07
 3.31838e-07
 3.31838e-07
 1.84767e-06
 1.84767e-06
 1.84767e-06
 1.84767e-06
 1.84767e-06
 1.84767e-06
 9.38565e-06
 9.38565e-06
 9.38565e-06
 9.38565e-06
 9.38565e-06
 9.38565e-06
 4.31956e-05
 4.31956e-05
 4.31956e-05
 4.31956e-05
 4.31956e-05
 4.31956e-05
 1.78622e-04
 1.78622e-04
 1.78622e-04
 1.78622e-04
 1.78622e-04
 1.78622e-04
 6.57041e-04
 6.57041e-04
 6.57041e-04
 6.57041e-04
 6.57041e-04
 6.57041e-04
 2.12494e-03
 2.12494e-03
 2.12494e-03
 2.12494e-03
 2.12494e-03
 2.12494e-03
 5.96887e-03
 5.96887e-03
 5.96887e-03
 5.96887e-03
 5.96887e-03
 5.96887e-03
 1.44217e-02
 1.44217e-02
 1.44217e-02
 1.44217e-02
 1.44217e-02
 1.44217e-02
 2.99015e-02
 2.99015e-02
 2.99015e-02
 2.99015e-02
 2.99015e-02
 2.99015e-02
 5.36908e-02
 5.36908e-02
 5.36908e-02
 5.36908e-02
 5.36908e-02
 5.36908e-02
 8.52175e-02
 8.52175e-02
 8.52175e-02
 8.52175e-02
 8.52175e-02
 8.52175e-02
 1.22760e-01
 1.22760e-01
 1.22760e-01
 1.22760e-01
 1.22760e-01
 1.22760e-01
 1.64653e-01
 1.64653e-01
 1.64653e-01
 1.64653e-01
 1.64653e-01
 1.64653e-01
 2.09864e-01
 2.09864e-01
 2.09864e-01
 2.09864e-01
 2.09864e-01
 2.09864e-01
 2.57929e-01
 2.57929e-01
 2.57929e-01
 2.57929e-01
 2.57929e-01
 2.57929e-01
 3.08723e-01
 3.08723e-01
 3.08723e-01
 3.08723e-01
 3.08723e-01
 3.08723e-01
 3.62296e-01
 3.62296e-01
 3.62296e-01
 3.62296e-01
 3.62296e-01
 3.62296e-01
 4.18797e-01
 4.18797e-01
 4.18797e-01
 4.18797e-01
 4.18797e-01
 4.18797e-01
 4.78435e-01
 4.78435e-01
 4.78435e-01
 4.78435e-01
 4.78435e-01
 4.78435e-01
 5.41455e-01
 5.41455e-01
 5.41455e-01
 5.41455e-01
 5.41455e-01
 5.41455e-01
 6.08109e-01
 6.08109e-01
 6.08109e-01
 6.08109e-01
 6.08109e-01
 6.08109e-01
 6.78566e-01
 6.78566e-01
 6.78566e-01
 6.78566e-01
 6.78566e-01
 6.78566e-01
 7.52705e-01
 7.52705e-01
 7.52705e-01
 7.52705e-01
 7.52705e-01
 7.52705e-01
 8.29467e-01
 8.29467e-01
 8.29467e-01
 8.29467e-01
 8.29467e-01
 8.29467e-01
 9.04769e-01
 9.04769e-01
 9.04769e-01
 9.04769e-01
 9.04769e-01
 9.04769e-01
 9.64392e-01
 9.64392e-01
 9.64392e-01
 9.64392e-01
 9.64392e-01
 9.64392e-01
 9.70891e-01
 9.70891e-01
 9.70891e-01
 9.70891e-01
 9.70891e-01
 9.70891e-01
 9.47464e-01
 9.47464e-01
 9.47464e-01
 9.47464e-01
 9.47464e-01
 9.47464e-01
 9.34127e-01
 9.34127e-01
 9.34127e-01
 9.34127e-01
 9.34127e-01
 9.34127e-01
 9.30061e-01
 9.30061e-01
 9.30061e-01
 9.30061e-01
 9.30061e-01
 9.30061e-01
 9.28646e-01
 9.28646e-01
 9.28646e-01
 9.28646e-01
 9.28646e-01
 9.28646e-01
 9.27804e-01
 9.27804e-01
 9.27804e-01
 9.27804e-01
 9.27804e-01
 9.27804e-01
 9.27348e-01
 9.27348e-01
 9.27348e-01
 9.27348e-01
 9.27348e-01
 9.27348e-01
 9.27279e-01
 9.27279e-01
 9.27279e-01
 9.27279e-01
 9.27279e-01
 9.27279e-01
 9.27216e-01
 9.27216e-01
 9.27216e-01
 9.27216e-01
 9.27216e-01
 9.27216e-01
 9.27156e-01
 9.27156e-01
 9.27156e-01
 9.27156e-01
 9.27156e-01
 9.27156e-01
 9.27098e-01
 9.27098e-01
 9.27098e-01
 9.27098e-01
 9.27098e-01
 9.27098e-01
 9.27041e-01
 9.27041e-01
 9.27041e-01
 9.27041e-01
 9.27041e-01
 9.27041e-01
 9.26983e-01
 9.26983e-01
 9.26983e-01
 9.26983e-01
 9.26983e-01
 9.26983e-01
 9.26922e-01
 9.26922e-01
 9.26922e-01
 9.26922e-01
 9.26922e-01
 9.26922e-01
 9.26857e-01
 9.26857e-01
 9.26857e-01
 9.26857e-01
 9.26857e-01
 9.26857e-01
 9.26789e-01
 9.26789e-01
 9.26789e-01
 9.26789e-01
 9.26789e-01
 9.26789e-01
 9.26716e-01
 9.26716e-01
 9.26716e-01
 9.26716e-01
 9.26716e-01
 9.26716e-01
 9.26640e-01
 9.26640e-01
 9.26640e-01
 9.26640e-01
 9.26640e-01
 9.26640e-01
 9.26562e-01
 9.26562e-01
 9.26562e-01
 9.26562e-01
 9.26562e-01
 9.26562e-01
 9.26484e-01
 9.26484e-01
 9.26484e-01
 9.26484e-01
 9.26484e-01
 9.26484e-01
 9.26406e-01
 9.26406e-01
 9.26406e-01
 9.26406e-01
 9.26406e-01
 9.26406e-01
 9.26330e-01
 9.26330e-01
 9.26330e-01
 9.26330e-01
 9.26330e-01
 9.26330e-01
 9.26258e-01
 9.26258e-01
 9.26258e-01
 9.26258e-01
 9.26258e-01
 9.26258e-01
 9.26188e-01
 9.26188e-01
 9.26188e-01
 9.26188e-01
 9.26188e-01
 9.26188e-01
 9.26118e-01
 9.26118e-01
 9.26118e-01
 9.26118e-01
 9.26118e-01
 9.26118e-01
 9.26042e-01
 9.26042e-01
 9.26042e-01
 9.26042e-01
 9.26042e-01
 9.26042e-01
 9.25951e-01
 9.25951e-01
 9.25951e-01
 9.25951e-01
 9.25951e-01
 9.25951e-01
 9.25829e-01
 9.25829e-01
 9.25829e-01
 9.25829e-01
 9.25829e-01
 9.25829e-01
 9.25652e-01
 9.25652e-01
 9.25652e-01
 9.25652e-01
 9.25652e-01
 9.25652e-01
 9.25377e-01
 9.25377e-01
 9.25377e-01
 9.25377e-01
 9.25377e-01
 9.25377e-01
 9.24934e-01
 9.24934e-01
 9.24934e-01
 9.24934e-01
 9.24934e-01
 9.24934e-01
 9.24193e-01
 9.24193e-01
 9.24193e-01
 9.24193e-01
 9.24193e-01
 9.24193e-01
 9.22907e-01
 9.22907e-01
 9.22907e-01
 9.22907e-01
 9.22907e-01
 9.22907e-01
 9.20605e-01
 9.20605e-01
 9.20605e-01
 9.20605e-01
 9.20605e-01
 9.20605e-01
 9.16392e-01
 9.16392e-01
 9.16392e-01
 9.16392e-01
 9.16392e-01
 9.16392e-01
 9.08631e-01
 9.08631e-01
 9.08631e-01
 9.08631e-01
 9.08631e-01
 9.08631e-01
 8.94519e-01
 8.94519e-01
 8.94519e-01
 8.94519e-01
 8.94519e-01
 8.94519e-01
 8.69736e-01
 8.69736e-01
 8.69736e-01
 8.69736e-01
 8.69736e-01
 8.69736e-01
 8.28516e-01
 8.28516e-01
 8.28516e-01
 8.28516e-01
 8.28516e-01
 8.28516e-01
 7.64461e-01
 7.64461e-01
 7.64461e-01
 7.64461e-01
 7.64461e-01
 7.64461e-01
 6.72255e-01
 6.72255e-01
 6.72255e-01
 6.72255e-01
 6.72255e-01
 6.72255e-01
 5.50604e-01
 5.50604e-01
 5.50604e-01
 5.50604e-01
 5.50604e-01
 5.50604e-01
 4.06613e-01
 4.06613e-01
 4.06613e-01
 4.06613e-01
 4.06613e-01
 4.06613e-01
 2.59564e-01
 2.59564e-01
 2.59564e-01
 2.59564e-01
 2.59564e-01
 2.59564e-01
 1.37295e-01
 1.37295e-01
 1.37295e-01
 1.37295e-01
 1.37295e-01
 1.37295e-01
 5.94464e-02
 5.94464e-02
 5.94464e-02
 5.94464e-02
 5.94464e-02
 5.94464e-02
 2.20259e-02
 2.20259e-02
 2.20259e-02
 2.20259e-02
 2.20259e-02
 2.20259e-02
 7.48744e-03
 7.48744e-03
 7.48744e-03
 7.48744e-03
 7.48744e-03
 7.48744e-03
 2.45014e-03
 2.45014e-03
 2.45014e-03
 2.45014e-03
 2.45014e-03
 2.45014e-03
 7.88250e-04
 7.88250e-04
 7.88250e-04
 7.88250e-04
 7.88250e-04
 7.88250e-04
 2.51083e-04
 2.51083e-04
 2.51083e-04
 2.51083e-04
 2.51083e-04
 2.51083e-04
 7.93185e-05
 7.93185e-05
 7.93185e-05
 7.93185e-05
 7.93185e-05
 7.93185e-05
 2.48463e-05
 2.48463e-05
 2.48463e-05
 2.48463e-05
 2.48463e-05
 2.48463e-05
 7.70824e-06
 7.70824e-06
 7.70824e-06
 7.70824e-06
 7.70824e-06
 7.70824e-06
 2.35225e-06
 2.35225e-06
 2.35225e-06
 2.35225e-06
 2.35225e-06
 2.35225e-06
 6.56745e-07
 6.56745e-07
 6.56745e-07
 6.56745e-07
 6.56745e-07
 6.56745e-07
 0.00000e+00
 0.00000e+00
 0.00000e+00
 0.00000e+00
 0.00000e+00
 0.00000e+00
 0.00000e+00
 0.00000e+00
 0.00000e+00
 0.00000e+00
 0.00000e+00
 0.00000e+00
 0.00000e+00
-2.03217e-15
-2.03217e-15
 2.70956e-15
-5.88477e-15
 8.37327e-15
 0.00000e+00
-2.03217e-15
-2.03217e-15
 2.70956e-15
-4.69745e-15
 1.08421e-14
 0.00000e+00
-2.03217e-15
-2.03217e-15
 2.70956e-15
-5.41912e-15
 9.48346e-15
 0.00000e+00
-2.03217e-15
-2.03217e-15
 2.70956e-15
-5.41912e-15
 9.48346e-15
 0.00000e+00
-2.03217e-15
-2.03217e-15
 2.70956e-15
-5.41912e-15
 9.48346e-15
 0.00000e+00
-2.03217e-15
-2.03217e-15
 2.70956e-15
-5.41912e-15
 9.48346e-15
 0.00000e+00
-2.03217e-15
-2.03217e-15
 2.70956e-15
-5.41912e-15
 9.48346e-15
 0.00000e+00
-2.03217e-15
-2.03217e-15
 2.70956e-15
-5.41912e-15
 9.48346e-15
 7.39442e-15
 5.21501e-15
 5.17891e-15
 9.99684e-15
 2.34176e-15
 1.77302e-14
 2.07717e-13
 2.05776e-13
 2.06652e-13
 2.11651e-13
 2.04322e-13
 2.20477e-13
 2.11336e-12
 2.11144e-12
 2.11199e-12
 2.11605e-12
 2.10737e-12
 2.12273e-12
 1.86824e-11
 1.86804e-11
 1.86803e-11
 1.86848e-11
 1.86776e-11
 1.86933e-11
 1.53092e-10
 1.53086e-10
 1.53085e-10
 1.53093e-10
 1.53084e-10
 1.53097e-10
 1.16996e-09
 1.16995e-09
 1.16996e-09
 1.16996e-09
 1.16995e-09
 1.16997e-09
 8.31166e-09
 8.31167e-09
 8.31167e-09
 8.31168e-09
 8.31168e-09
 8.31168e-09
 5.46882e-08
 5.46882e-08
 5.46882e-08
 5.46882e-08
 5.46882e-08
 5.46882e-08
 3.31838e-07
 3.31838e-07
 3.31838e-07
 3.31838e-07
 3.31838e-07
 3.31838e-07
 1.84767e-06
 1.84767e-06
 1.84767e-06
 1.84767e-06
 1.84767e-06
 1.84767e-06
 9.38565e-06
 9.38565e-06
 9.38565e-06
 9.38565e-06
 9.38565e-06
 9.38565e-06
 4.31956e-05
 4.31956e-05
 4.31956e-05
 4.31956e-05
 4.31956e-05
 4.31956e-05
 1.78622e-04
 1.78622e-04
 1.78622e-04
 1.78622e-04
 1.78622e-04
 1.78622e-04
 6.57041e-04
 6.57041e-04
 6.57041e-04
 6.57041e-04
 6.57041e-04
 6.57041e-04
 2.12494e-03
 2.12494e-03
 2.12494e-03
 2.12494e-03
 2.12494e-03
 2.12494e-03
 5.96887e-03
 5.96887e-03
 5.96887e-03
 5.96887e-03
 5.96887e-03
 5.96887e-03
 1.44217e-02
 1.44217e-02
 1.44217e-02
 1.44217e-02
 1.44217e-02
 1.44217e-02
 2.99015e-02
 2.99015e-02
 2.99015e-02
 2.99015e-02
 2.99015e-02
 2.99015e-02
 5.36908e-02
 5.36908e-02
 5.36908e-02
 5.36908e-02
 5.36908e-02
 5.36908e-02
 8.52175e-02
 8.52175e-02
 8.52175e-02
 8.52175e-02
 8.52175e-02
 8.52175e-02
 1.22760e-01
 1.22760e-01
 1.22760e-01
 1.22760e-01
 1.22760e-01
 1.22760e-01
 1.64653e-01
 1.64653e-01
 1.64653e-01
 1.64653e-01
 1.64653e-01
 1.64653e-01
 2.09864e-01
 2.09864e-01
 2.09864e-01
 2.09864e-01
 2.09864e-01
 2.09864e-01
 2.57929e-01
 2.57929e-01
 2.57929e-01
 2.57929e-01
 2.57929e-01
 2.57929e-01
 3.08723e-01
 3.08723e-01
 3.08723e-01
 3.08723e-01
 3.08723e-01
 3.08723e-01
 3.62296e-01
 3.62296e-01
 3.62296e-01
 3.62296e-01
 3.62296e-01
 3.62296e-01
 4.18797e-01
 4.18797e-01
 4.18797e-01
 4.18797e-01
 4.18797e-01
 4.18797e-01
 4.78435e-01
 4.78435e-01
 4.78435e-01
 4.78435e-01
 4.78435e-01
 4.78435e-01
 5.41455e-01
 5.41455e-01
 5.41455e-01
 5.41455e-01
 5.41455e-01
 5.41455e-01
 6.08109e-01
 6.08109e-01
 6.08109e-01
 6.08109e-01
 6.08109e-01
 6.08109e-01
 6.78566e-01
 6.78566e-01
 6.78566e-01
 6.78566e-01
 6.78566e-01
 6.78566e-01
 7.52705e-01
 7.52705e-01
 7.52705e-01
 7.52705e-01
 7.52705e-01
 7.52705e-01
 8.29467e-01
 8.29467e-01
 8.29467e-01
 8.29467e-01
 8.29467e-01
 8.29467e-01
 9.04769e-01
 9.04769e-01
 9.04769e-01
 9.04769e-01
 9.04769e-01
 9.04769e-01
 9.64392e-01
 9.64392e-01
 9.64392e-01
 9.64392e-01
 9.64392e-01
 9.64392e-01
 9.70891e-01
 9.70891e-01
 9.70891e-01
 9.70891e-01
 9.70891e-01
 9.70891e-01
 9.47464e-01
 9.47464e-01
 9.47464e-01
 9.47464e-01
 9.47464e-01
 9.47464e-01
 9.34127e-01
 9.34127e-01
 9.34127e-01
 9.34127e-01
 9.34127e-01
 9.34127e-01
 9.30061e-01
 9.30061e-01
 9.30061e-01
 9.30061e-01
 9.30061e-01
 9.30061e-01
 9.28646e-01
 9.28646e-01
 9.28646e-01
 9.28646e-01
 9.28646e-01
 9.28646e-01
 9.27804e-01
 9.27804e-01
 9.27804e-01
 9.27804e-01
 9.27804e-01
 9.27804e-01
 9.27348e-01
 9.27348e-01
 9.27348e-01
 9.27348e-01
 9.27348e-01
 9.27348e-01
 9.27279e-01
 9.27279e-01
 9.27279e-01
 9.27279e-01
 9.27279e-01
 9.27279e-01
 9.27216e-01
 9.27216e-01
 9.27216e-01
 9.27216e-01
 9.27216e-01
 9.27216e-01
 9.27156e-01
 9.27156e-01
 9.27156e-01
 9.27156e-01
 9.27156e-01
 9.27156e-01
 9.27098e-01
 9.27098e-01
 9.27098e-01
 9.27098e-01
 9.27098e-01
 9.27098e-01
 9.27041e-01
 9.27041e-01
 9.27041e-01
 9.27041e-01
 9.27041e-01
 9.27041e-01
 9.26983e-01
 9.26983e-01
 9.26983e-01
 9.26983e-01
 9.26983e-01
 9.26983e-01
 9.26922e-01
 9.26922e-01
 9.26922e-01
 9.26922e-01
 9.26922e-01
 9.26922e-01
 9.26857e-01
 9.26857e-01
 9.26857e-01
 9.26857e-01
 9.26857e-01
 9.26857e-01
 9.26789e-01
 9.26789e-01
 9.26789e-01
 9.26789e-01
 9.26789e-01
 9.26789e-01
 9.26716e-01
 9.26716e-01
 9.26716e-01
 9.26716e-01
 9.26716e-01
 9.26716e-01
 9.26640e-01
 9.26640e-01
 9.26640e-01
 9.26640e-01
 9.26640e-01
 9.26640e-01
 9.26562e-01
 9.26562e-01
 9.26562e-01
 9.26562e-01
 9.26562e-01
 9.26562e-01
 9.26484e-01
 9.26484e-01
 9.26484e-01
 9.26484e-01
 9.26484e-01
 9.26484e-01
 9.26406e-01
 9.26406e-01
 9.26406e-01
 9.26406e-01
 9.26406e-01
 9.26406e-01
 9.26330e-01
 9.26330e-01
 9.26330e-01
 9.26330e-01
 9.26330e-01
 9.26330e-01
 9.26258e-01
 9.26258e-01
 9.26258e-01
 9.26258e-01
 9.26258e-01
 9.26258e-01
 9.26188e-01
 9.26188e-01
 9.26188e-01
 9.26188e-01
 9.26188e-01
 9.26188e-01
 9.26118e-01
 9.26118e-01
 9.26118e-01
 9.26118e-01
 9.26118e-01
 9.26118e-01
 9.26042e-01
 9.26042e-01
 9.26042e-01
 9.26042e-01
 9.26042e-01
 9.26042e-01
 9.25951e-01
 9.25951e-01
 9.25951e-01
 9.25951e-01
 9.25951e-01
 9.25951e-01
 9.25829e-01
 9.25829e-01
 9.25829e-01
 9.25829e-01
 9.25829e-01
 9.25829e-01
 9.25652e-01
 9.25652e-01
 9.25652e-01
 9.25652e-01
 9.25652e-01
 9.25652e-01
 9.25377e-01
 9.25377e-01
 9.25377e-01
 9.25377e-01
 9.25377e-01
 9.25377e-01
 9.24934e-01
 9.24934e-01
 9.24934e-01
 9.24934e-01
 9.24934e-01
 9.24934e-01
 9.24193e-01
 9.24193e-01
 9.24193e-01
 9.24193e-01
 9.24193e-01
 9.24193e-01
 9.22907e-01
 9.22907e-01
 9.22907e-01
 9.22907e-01
 9.22907e-01
 9.22907e-01
 9.20605e-01
 9.20605e-01
 9.20605e-01
 9.20605e-01
 9.20605e-01
 9.20605e-01
 9.16392e-01
 9.16392e-01
 9.16392e-01
 9.16392e-01
 9.16392e-01
 9.16392e-01
 9.08631e-01
 9.08631e-01
 9.08631e-01
 9.08631e-01
 9.08631e-01
 9.08631e-01
 8.94519e-01
 8.94519e-01
 8.94519e-01
 8.94519e-01
 8.94519e-01
 8.94519e-01
 8.69736e-01
 8.69736e-01
 8.69736e-01
 8.69736e-01
 8.69736e-01
 8.69736e-01
 8.28516e-01
 8.28516e-01
 8.28516e-01
 8.28516e-01
 8.28516e-01
 8.28516e-01
 7.64461e-01
 7.64461e-01
 7.64461e-01
 7.64461e-01
 7.64461e-01
 7.64461e-01
 6.72255e-01
 6.72255e-01
 6.72255e-01
 6.72255e-01
 6.72255e-01
 6.72255e-01
 5.50604e-01
 5.50604e-01
 5.50604e-01
 5.50604e-01
 5.50604e-01
 5.50604e-01
 4.06613e-01
 4.06613e-01
 4.06613e-01
 4.06613e-01
 4.06613e-01
 4.06613e-01
 2.59564e-01
 2.59564e-01
 2.59564e-01
 2.59564e-01
 2.59564e-01
 2.59564e-01
 1.37295e-01
 1.37295e-01
 1.37295e-01
 1.37295e-01
 1.37295e-01
 1.37295e-01
 5.94464e-02
 5.94464e-02
 5.94464e-02
 5.94464e-02
 5.94464e-02
 5.94464e-02
 2.20259e-02
 2.20259e-02
 2.20259e-02
 2.20259e-02
 2.20259e-02
 2.20259e-02
 7.48744e-03
 7.48744e-03
 7.48744e-03
 7.48744e-03
 7.48744e-03
 7.48744e-03
 2.45014e-03
 2.45014e-03
 2.45014e-03
 2.45014e-03
 2.45014e-03
 2.45014e-03
 7.88250e-04
 7.88250e-04
 7.88250e-04
 7.88250e-04
 7.88250e-04
 7.88250e-04
 2.51083e-04
 2.51083e-04
 2.51083e-04
 2.51083e-04
 2.51083e-04
 2.51083e-04
 7.93185e-05
 7.93185e-05
 7.93185e-05
 7.93185e-05
 7.93185e-05
 7.93185e-05
 2.48463e-05
 2.48463e-05
 2.48463e-05
 2.48463e-05
 2.48463e-05
 2.48463e-05
 7.70824e-06
 7.70824e-06
 7.70824e-06
 7.70824e-06
 7.70824e-06
 7.70824e-06
 2.35225e-06
 2.35225e-06
 2.35225e-06
 2.35225e-06
 2.35225e-06
 2.35225e-06
 6.56745e-07
 6.56745e-07
 6.56745e-07
 6.56745e-07
 6.56745e-07
 6.56745e-07
 0.00000e+00
 0.00000e+00
 0.00000e+00
 0.00000e+00
 0.00000e+00
 0.00000e+00
 0.00000e+00
 0.00000e+00
 0.00000e+00
 0.00000e+00
 0.00000e+00
 0.00000e+00
 0.00000e+00
-1.35478e-15
-1.35478e-15
 1.35478e-15
-6.25388e-15
 7.72923e-15
 0.00000e+00
-1.35478e-15
-1.35478e-15
 1.35478e-15
-4.75166e-15
 1.09017e-14
 0.00000e+00
-1.35478e-15
-1.35478e-15
 1.35478e-15
-5.41912e-15
 9.48346e-15
 0.00000e+00
-1.35478e-15
-1.35478e-15
 1.35478e-15
-5.41912e-15
 9.48346e-15
 0.00000e+00
-1.35478e-15
-1.35478e-15
 1.35478e-15
-5.41912e-15
 9.48346e-15
 0.00000e+00
-1.35478e-15
-1.35478e-15
 1.35478e-15
-5.41912e-15
 9.48346e-15
 0.00000e+00
-1.35478e-15
-1.35478e-15
 1.35478e-15
-5.41912e-15
 9.48346e-15
 0.00000e+00
-1.35478e-15
-1.35478e-15
 1.35478e-15
-5.41912e-15
 9.48346e-15
 7.32830e-15
 5.81862e-15
 5.83960e-15
 8.62502e-15
 2.23403e-15
 1.76178e-14
 2.07715e-13
 2.06308e-13
 2.07086e-13
 2.09980e-13
 2.04263e-13
 2.20858e-13
 2.11399e-12
 2.11255e-12
 2.11338e-12
 2.11523e-12
 2.10722e-12
 2.12257e-12
 1.86827e-11
 1.86818e-11
 1.86812e-11
 1.86837e-11
 1.86772e-11
 1.86915e-11
 1.53093e-10
 1.53087e-10
 1.53087e-10
 1.53092e-10
 1.53084e-10
 1.53100e-10
 1.16996e-09
 1.16996e-09
 1.16996e-09
 1.16996e-09
 1.16995e-09
 1.16998e-09
 8.31166e-09
 8.31167e-09
 8.31167e-09
 8.31168e-09
 8.31168e-09
 8.31169e-09
 5.46882e-08
 5.46882e-08
 5.46882e-08
 5.46882e-08
 5.46882e-08
 5.46882e-08
 3.31838e-07
 3.31838e-07
 3.31838e-07
 3.31838e-07
 3.31838e-07
 3.31838e-07
 1.84767e-06
 1.84767e-06
 1.84767e-06
 1.84767e-06
 1.84767e-06
 1.84767e-06
 9.38565e-06
 9.38565e-06
 9.38565e-06
 9.38565e-06
 9.38565e-06
 9.38565e-06
 4.31956e-05
 4.31956e-05
 4.31956e-05
 4.31956e-05
 4.31956e-05
 4.31956e-05
 1.78622e-04
 1.78622e-04
 1.78622e-04
 1.78622e-04
 1.78622e-04
 1.78622e-04
 6.57041e-04
 6.57041e-04
 6.57041e-04
 6.57041e-04
 6.57041e-04
 6.57041e-04
 2.12494e-03
 2.12494e-03
 2.12494e-03
 2.12494e-03
 2.12494e-03
 2.12494e-03
 5.96887e-03
 5.96887e-03
 5.96887e-03
 5.96887e-03
 5.96887e-03
 5.96887e-03
 1.44217e-02
 1.44217e-02
 1.44217e-02
 1.44217e-02
 1.44217e-02
 1.44217e-02
 2.99015e-02
 2.99015e-02
 2.99015e-02
 2.99015e-02
 2.99015e-02
 2.99015e-02
 5.36908e-02
 5.36908e-02
 5.36908e-02
 5.36908e-02
 5.36908e-02
 5.36908e-02
 8.52175e-02
 8.52175e-02
 8.52175e-02
 8.52175e-02
 8.52175e-02
 8.52175e-02
 1.22760e-01
 1.22760e-01
 1.22760e-01
 1.22760e-01
 1.22760e-01
 1.22760e-01
 1.64653e-01
 1.64653e-01
 1.64653e-01
 1.64653e-01
 1.64653e-01
 1.64653e-01
 2.09864e-01
 2.09864e-01
 2.09864e-01
 2.09864e-01
 2.09864e-01
 2.09864e-01
 2.57929e-01
 2.57929e-01
 2.57929e-01
 2.57929e-01
 2.57929e-01
 2.57929e-01
 3.08723e-01
 3.08723e-01
 3.08723e-01
 3.08723e-01
 3.08723e-01
 3.08723e-01
 3.62296e-01
 3.62296e-01
 3.62296e-01
 3.62296e-01
 3.62296e-01
 3.62296e-01
 4.18797e-01
 4.18797e-01
 4.18797e-01
 4.18797e-01
 4.18797e-01
 4.18797e-01
 4.78435e-01
 4.78435e-01
 4.78435e-01
 4.78435e-01
 4.78435e-01
 4.78435e-01
 5.41455e-01
 5.41455e-01
 5.41455e-01
 5.41455e-01
 5.41455e-01
 5.41455e-01
 6.08109e-01
 6.08109e-01
 6.08109e-01
 6.08109e-01
 6.08109e-01
 6.08109e-01
 6.78566e-01
 6.78566e-01
 6.78566e-01
 6.78566e-01
 6.78566e-01
 6.78566e-01
 7.52705e-01
 7.52705e-01
 7.52705e-01
 7.52705e-01
 7.52705e-01
 7.52705e-01
 8.29467e-01
 8.29467e-01
 8.29467e-01
 8.29467e-01
 8.29467e-01
 8.29467e-01
 9.04769e-01
 9.04769e-01
 9.04769e-01
 9.04769e-01
 9.04769e-01
 9.04769e-01
 9.64392e-01
 9.64392e-01
 9.64392e-01
 9.64392e-01
 9.64392e-01
 9.64392e-01
 9.70891e-01
 9.70891e-01
 9.70891e-01
 9.70891e-01
 9.70891e-01
 9.70891e-01
 9.47464e-01
 9.47464e-01
 9.47464e-01
 9.47464e-01
 9.47464e-01
 9.47464e-01
 9.34127e-01
 9.34127e-01
 9.34127e-01
 9.34127e-01
 9.34127e-01
 9.34127e-01
 9.30061e-01
 9.30061e-01
 9.30061e-01
 9.30061e-01
 9.30061e-01
 9.30061e-01
 9.28646e-01
 9.28646e-01
 9.28646e-01
 9.28646e-01
 9.28646e-01
 9.28646e-01
 9.27804e-01
 9.27804e-01
 9.27804e-01
 9.27804e-01
 9.27804e-01
 9.27804e-01
 9.27348e-01
 9.27348e-01
 9.27348e-01
 9.27348e-01
 9.27348e-01
 9.27348e-01
 9.27279e-01
 9.27279e-01
 9.27279e-01
 9.27279e-01
 9.27279e-01
 9.27279e-01
 9.27216e-01
 9.27216e-01
 9.27216e-01
 9.27216e-01
 9.27216e-01
 9.27216e-01
 9.27156e-01
 9.27156e-01
 9.27156e-01
 9.27156e-01
 9.27156e-01
 9.27156e-01
 9.27098e-01
 9.27098e-01
 9.27098e-01
 9.27098e-01
 9.27098e-01
 9.27098e-01
 9.27041e-01
 9.27041e-01
 9.27041e-01
 9.27041e-01
 9.27041e-01
 9.27041e-01
 9.26983e-01
 9.26983e-01
 9.26983e-01
 9.26983e-01
 9.26983e-01
 9.26983e-01
 9.26922e-01
 9.26922e-01
 9.26922e-01
 9.26922e-01
 9.26922e-01
 9.26922e-01
 9.26857e-01
 9.26857e-01
 9.26857e-01
 9.26857e-01
 9.26857e-01
 9.26857e-01
 9.26789e-01
 9.26789e-01
 9.26789e-01
 9.26789e-01
 9.26789e-01
 9.26789e-01
 9.26716e-01
 9.26716e-01
 9.26716e-01
 9.26716e-01
 9.26716e-01
 9.26716e-01
 9.26640e-01
 9.26640e-01
 9.26640e-01
 9.26640e-01
 9.26640e-01
 9.26640e-01
 9.26562e-01
 9.26562e-01
 9.26562e-01
 9.26562e-01
 9.26562e-01
 9.26562e-01
 9.26484e-01
 9.26484e-01
 9.26484e-01
 9.26484e-01
 9.26484e-01
 9.26484e-01
 9.26406e-01
 9.26406e-01
 9.26406e-01
 9.26406e-01
 9.26406e-01
 9.26406e-01
 9.26330e-01
 9.26330e-01
 9.26330e-01
 9.26330e-01
 9.26330e-01
 9.26330e-01
 9.26258e-01
 9.26258e-01
 9.26258e-01
 9.26258e-01
 9.26258e-01
 9.26258e-01
 9.26188e-01
 9.26188e-01
 9.26188e-01
 9.26188e-01
 9.26188e-01
 9.26188e-01
 9.26118e-01
 9.26118e-01
 9.26118e-01
 9.26118e-01
 9.26118e-01
 9.26118e-01
 9.26042e-01
 9.26042e-01
 9.26042e-01
 9.26042e-01
 9.26042e-01
 9.26042e-01
 9.25951e-01
 9.25951e-01
 9.25951e-01
 9.25951e-01
 9.25951e-01
 9.25951e-01
 9.25829e-01
 9.25829e-01
 9.25829e-01
 9.25829e-01
 9.25829e-01
 9.25829e-01
 9.25652e-01
 9.25652e-01
 9.25652e-01
 9.25652e-01
 9.25652e-01
 9.25652e-01
 9.25377e-01
 9.25377e-01
 9.25377e-01
 9.25377e-01
 9.25377e-01
 9.25377e-01
 9.24934e-01
 9.24934e-01
 9.24934e-01
 9.24934e-01
 9.24934e-01
 9.24934e-01
 9.24193e-01
 9.24193e-01
 9.24193e-01
 9.24193e-01
 9.24193e-01
 9.24193e-01
 9.22907e-01
 9.22907e-01
 9.22907e-01
 9.22907e-01
 9.22907e-01
 9.22907e-01
 9.20605e-01
 9.20605e-01
 9.20605e-01
 9.20605e-01
 9.20605e-01
 9.20605e-01
 9.16392e-01
 9.16392e-01
 9.16392e-01
 9.16392e-01
 9.16392e-01
 9.16392e-01
 9.08631e-01
 9.08631e-01
 9.08631e-01
 9.08631e-01
 9.08631e-01
 9.08631e-01
 8.94519e-01
 8.94519e-01
 8.94519e-01
 8.94519e-01
 8.94519e-01
 8.94519e-01
 8.69736e-01
 8.69736e-01
 8.69736e-01
 8.69736e-01
 8.69736e-01
 8.69736e-01
 8.28516e-01
 8.28516e-01
 8.28516e-01
 8.28516e-01
 8.28516e-01
 8.28516e-01
 7.64461e-01
 7.64461e-01
 7.64461e-01
 7.64461e-01
 7.64461e-01
 7.64461e-01
 6.72255e-01
 6.72255e-01
 6.72255e-01
 6.72255e-01
 6.72255e-01
 6.72255e-01
 5.50604e-01
 5.50604e-01
 5.50604e-01
 5.50604e-01
 5.50604e-01
 5.50604e-01
 4.06613e-01
 4.06613e-01
 4.06613e-01
 4.06613e-01
 4.06613e-01
 4.06613e-01
 2.59564e-01
 2.59564e-01
 2.59564e-01
 2.59564e-01
 2.59564e-01
 2.59564e-01
 1.37295e-01
 1.37295e-01
 1.37295e-01
 1.37295e-01
 1.37295e-01
 1.37295e-01
 5.94464e-02
 5.94464e-02
 5.94464e-02
 5.94464e-02
 5.94464e-02
 5.94464e-02
 2.20259e-02
 2.20259e-02
 2.20259e-02
 2.20259e-02
 2.20259e-02
 2.20259e-02
 7.48744e-03
 7.48744e-03
 7.48744e-03
 7.48744e-03
 7.48744e-03
 7.48744e-03
 2.45014e-03
 2.45014e-03
 2.45014e-03
 2.45014e-03
 2.45014e-03
 2.45014e-03
 7.88250e-04
 7.88250e-04
 7.88250e-04
 7.88250e-04
 7.88250e-04
 7.88250e-04
 2.51083e-04
 2.51083e-04
 2.51083e-04
 2.51083e-04
 2.51083e-04
 2.51083e-04
 7.93185e-05
 7.93185e-05
 7.93185e-05
 7.93185e-05
 7.93185e-05
 7.93185e-05
 2.48463e-05
 2.48463e-05
 2.48463e-05
 2.48463e-05
 2.48463e-05
 2.48463e-05
 7.70824e-06
 7.70824e-06
 7.70824e-06
 7.70824e-06
 7.70824e-06
 7.70824e-06
 2.35225e-06
 2.35225e-06
 2.35225e-06
 2.35225e-06
 2.35225e-06
 2.35225e-06
 6.56745e-07
 6.56745e-07
 6.56745e-07
 6.56745e-07
 6.56745e-07
 6.56745e-07
 0.00000e+00
 0.00000e+00
 0.00000e+00
 0.00000e+00
 0.00000e+00
 0.00000e+00
 0.00000e+00
 0.00000e+00
 0.00000e+00
 0.00000e+00
 0.00000e+00
 0.00000e+00
 0.00000e+00
-1.35478e-15
-2.03217e-15
 2.03217e-15
-6.61553e-15
 8.44542e-15
 0.00000e+00
-1.35478e-15
-2.03217e-15
 2.03217e-15
-4.57548e-15
 1.27959e-14
 0.00000e+00
-1.35478e-15
-2.03217e-15
 2.03217e-15
-5.41912e-15
 1.08382e-14
 0.00000e+00
-1.35478e-15
-2.03217e-15
 2.03217e-15
-5.41912e-15
 1.08382e-14
 0.00000e+00
-1.35478e-15
-2.03217e-15
 2.03217e-15
-5.41912e-15
 1.08382e-14
 0.00000e+00
-1.35478e-15
-2.03217e-15
 2.03217e-15
-5.41912e-15
 1.08382e-14
 0.00000e+00
-1.35478e-15
-2.03217e-15
 2.03217e-15
-5.41912e-15
 1.08382e-14
 0.00000e+00
-1.35478e-15
-2.03217e-15
 2.03217e-15
-5.41912e-15
 1.08382e-14
 7.27595e-15
 5.88838e-15
 5.32951e-15
 9.38056e-15
 2.13445e-15
 1.87923e-14
 2.07955e-13
 2.06285e-13
 2.06409e-13
 2.11298e-13
 2.05007e-13
 2.22813e-13
 2.11396e-12
 2.11245e-12
 2.11260e-12
 2.11655e-12
 2.10788e-12
 2.12410e-12
 1.86844e-11
 1.86834e-11
 1.86823e-11
 1.86850e-11
 1.86771e-11
 1.86937e-11
 1.53089e-10
 1.53087e-10
 1.53088e-10
 1.53094e-10
 1.53085e-10
 1.53102e-10
 1.16996e-09
 1.16996e-09
 1.16996e-09
 1.16996e-09
 1.16995e-09
 1.16998e-09
 8.31167e-09
 8.31167e-09
 8.31167e-09
 8.31168e-09
 8.31167e-09
 8.31169e-09
 5.46882e-08
 5.46882e-08
 5.46882e-08
 5.46882e-08
 5.46882e-08
 5.46882e-08
 3.31838e-07
 3.31838e-07
 3.31838e-07
 3.31838e-07
 3.31838e-07
 3.31838e-07
 1.84767e-06
 1.84767e-06
 1.84767e-06
 1.84767e-06
 1.84767e-06
 1.84767e-06
 9.38565e-06
 9.38565e-06
 9.38565e-06
 9.38565e-06
 9.38565e-06
 9.38565e-06
 4.31956e-05
 4.31956e-05
 4.31956e-05
 4.31956e-05
 4.31956e-05
 4.31956e-05
 1.78622e-04
 1.78622e-04
 1.78622e-04
 1.78622e-04
 1.78622e-04
 1.78622e-04
 6.57041e-04
 6.57041e-04
 6.57041e-04
 6.57041e-04
 6.57041e-04
 6.57041e-04
 2.12494e-03
 2.12494e-03
 2.12494e-03
 2.12494e-03
 2.12494e-03
 2.12494e-03
 5.96887e-03
 5.96887e-03
 5.96887e-03
 5.96887e-03
 5.96887e-03
 5.96887e-03
 1.44217e-02
 1.44217e-02
 1.44217e-02
 1.44217e-02
 1.44217e-02
 1.44217e-02
 2.99015e-02
 2.99015e-02
 2.99015e-02
 2.99015e-02
 2.99015e-02
 2.99015e-02
 5.36908e-02
 5.36908e-02
 5.36908e-02
 5.36908e-02
 5.36908e-02
 5.36908e-02
 8.52175e-02
 8.52175e-02
 8.52175e-02
 8.52175e-02
 8.52175e-02
 8.52175e-02
 1.22760e-01
 1.22760e-01
 1.22760e-01
 1.22760e-01
 1.22760e-01
 1.22760e-01
 1.64653e-01
 1.64653e-01
 1.64653e-01
 1.64653e-01
 1.64653e-01
 1.64653e-01
 2.09864e-01
 2.09864e-01
 2.09864e-01
 2.09864e-01
 2.09864e-01
 2.09864e-01
 2.57929e-01
 2.57929e-01
 2.57929e-01
 2.57929e-01
 2.57929e-01
 2.57929e-01
 3.08723e-01
 3.08723e-01
 3.08723e-01
 3.08723e-01
 3.08723e-01
 3.08723e-01
 3.62296e-01
 3.62296e-01
 3.62296e-01
 3.62296e-01
 3.62296e-01
 3.62296e-01
 4.18797e-01
 4.18797e-01
 4.18797e-01
 4.18797e-01
 4.18797e-01
 4.18797e-01
 4.78435e-01
 4.78435e-01
 4.78435e-01
 4.78435e-01
 4.78435e-01
 4.78435e-01
 5.41455e-01
 5.41455e-01
 5.41455e-01
 5.41455e-01
 5.41455e-01
 5.41455e-01
 6.08109e-01
 6.08109e-01
 6.08109e-01
 6.08109e-01
 6.08109e-01
 6.08109e-01
 6.78566e-01
 6.78566e-01
 6.78566e-01
 6.78566e-01
 6.78566e-01
 6.78566e-01
 7.52705e-01
 7.52705e-01
 7.52705e-01
 7.52705e-01
 7.52705e-01
 7.52705e-01
 8.29467e-01
 8.29467e-01
 8.29467e-01
 8.29467e-01
 8.29467e-01
 8.29467e-01
 9.04769e-01
 9.04769e-01
 9.04769e-01
 9.04769e-01
 9.04769e-01
 9.04769e-01
 9.64392e-01
 9.64392e-01
 9.64392e-01
 9.64392e-01
 9.64392e-01
 9.64392e-01
 9.70891e-01
 9.70891e-01
 9.70891e-01
 9.70891e-01
 9.70891e-01
 9.70891e-01
 9.47464e-01
 9.47464e-01
 9.47464e-01
 9.47464e-01
 9.47464e-01
 9.47464e-01
 9.34127e-01
 9.34127e-01
 9.34127e-01
 9.34127e-01
 9.34127e-01
 9.34127e-01
 9.30061e-01
 9.30061e-01
 9.30061e-01
 9.30061e-01
 9.30061e-01
 9.30061e-01
 9.28646e-01
 9.28646e-01
 9.28646e-01
 9.28646e-01
 9.28646e-01
 9.28646e-01
 9.27804e-01
 9.27804e-01
 9.27804e-01
 9.27804e-01
 9.27804e-01
 9.27804e-01
 9.27348e-01
 9.27348e-01
 9.27348e-01
 9.27348e-01
 9.27348e-01
 9.27348e-01
 9.27279e-01
 9.27279e-01
 9.27279e-01
 9.27279e-01
 9.27279e-01
 9.27279e-01
 9.27216e-01
 9.27216e-01
 9.27216e-01
 9.27216e-01
 9.27216e-01
 9.27216e-01
 9.27156e-01
 9.27156e-01
 9.27156e-01
 9.27156e-01
 9.27156e-01
 9.27156e-01
 9.27098e-01
 9.27098e-01
 9.27098e-01
 9.27098e-01
 9.27098e-01
 9.27098e-01
 9.27041e-01
 9.27041e-01
 9.27041e-01
 9.27041e-01
 9.27041e-01
 9.27041e-01
 9.26983e-01
 9.26983e-01
 9.26983e-01
 9.26983e-01
 9.26983e-01
 9.26983e-01
 9.26922e-01
 9.26922e-01
 9.26922e-01
 9.26922e-01
 9.26922e-01
 9.26922e-01
 9.26857e-01
 9.26857e-01
 9.26857e-01
 9.26857e-01
 9.26857e-01
 9.26857e-01
 9.26789e-01
 9.26789e-01
 9.26789e-01
 9.26789e-01
 9.26789e-01
 9.26789e-01
 9.26716e-01
 9.26716e-01
 9.26716e-01
 9.26716e-01
 9.26716e-01
 9.26716e-01
 9.26640e-01
 9.26640e-01
 9.26640e-01
 9.26640e-01
 9.26640e-01
 9.26640e-01
 9.26562e-01
 9.26562e-01
 9.26562e-01
 9.26562e-01
 9.26562e-01
 9.26562e-01
 9.26484e-01
 9.26484e-01
 9.26484e-01
 9.26484e-01
 9.26484e-01
 9.26484e-01
 9.26406e-01
 9.26406e-01
 9.26406e-01
 9.26406e-01
 9.26406e-01
 9.26406e-01
 9.26330e-01
 9.26330e-01
 9.26330e-01
 9.26330e-01
 9.26330e-01
 9.26330e-01
 9.26258e-01
 9.26258e-01
 9.26258e-01
 9.26258e-01
 9.26258e-01
 9.26258e-01
 9.26188e-01
 9.26188e-01
 9.26188e-01
 9.26188e-01
 9.26188e-01
 9.26188e-01
 9.26118e-01
 9.26118e-01
 9.26118e-01
 9.26118e-01
 9.26118e-01
 9.26118e-01
 9.26042e-01
 9.26042e-01
 9.26042e-01
 9.26042e-01
 9.26042e-01
 9.26042e-01
 9.25951e-01
 9.25951e-01
 9.25951e-01
 9.25951e-01
 9.25951e-01
 9.25951e-01
 9.25829e-01
 9.25829e-01
 9.25829e-01
 9.25829e-01
 9.25829e-01
 9.25829e-01
 9.25652e-01
 9.25652e-01
 9.25652e-01
 9.25652e-01
 9.25652e-01
 9.25652e-01
 9.25377e-01
 9.25377e-01
 9.25377e-01
 9.25377e-01
 9.25377e-01
 9.25377e-01
 9.24934e-01
 9.24934e-01
 9.24934e-01
 9.24934e-01
 9.24934e-01
 9.24934e-01
 9.24193e-01
 9.24193e-01
 9.24193e-01
 9.24193e-01
 9.24193e-01
 9.24193e-01
 9.22907e-01
 9.22907e-01
 9.22907e-01
 9.22907e-01
 9.22907e-01
 9.22907e-01
 9.20605e-01
 9.20605e-01
 9.20605e-01
 9.20605e-01
 9.20605e-01
 9.20605e-01
 9.16392e-01
 9.16392e-01
 9.16392e-01
 9.16392e-01
 9.16392e-01
 9.16392e-01
 9.08631e-01
 9.08631e-01
 9.08631e-01
 9.08631e-01
 9.08631e-01
 9.08631e-01
 8.94519e-01
 8.94519e-01
 8.94519e-01
 8.94519e-01
 8.94519e-01
 8.94519e-01
 8.69736e-01
 8.69736e-01
 8.69736e-01
 8.69736e-01
 8.69736e-01
 8.69736e-01
 8.28516e-01
 8.28516e-01
 8.28516e-01
 8.28516e-01
 8.28516e-01
 8.28516e-01
 7.64461e-01
 7.64461e-01
 7.64461e-01
 7.64461e-01
 7.64461e-01
 7.64461e-01
 6.72255e-01
 6.72255e-01
 6.72255e-01
 6.72255e-01
 6.72255e-01
 6.72255e-01
 5.50604e-01
 5.50604e-01
 5.50604e-01
 5.50604e-01
 5.50604e-01
 5.50604e-01
 4.06613e-01
 4.06613e-01
 4.06613e-01
 4.06613e-01
 4.06613e-01
 4.06613e-01
 2.59564e-01
 2.59564e-01
 2.59564e-01
 2.59564e-01
 2.59564e-01
 2.59564e-01
 1.37295e-01
 1.37295e-01
 1.37295e-01
 1.37295e-01
 1.37295e-01
 1.37295e-01
 5.94464e-02
 5.94464e-02
 5.94464e-02
 5.94464e-02
 5.94464e-02
 5.94464e-02
 2.20259e-02
 2.20259e-02
 2.20259e-02
 2.20259e-02
 2.20259e-02
 2.20259e-02
 7.48744e-03
 7.48744e-03
 7.48744e-03
 7.48744e-03
 7.48744e-03
 7.48744e-03
 2.45014e-03
 2.45014e-03
 2.45014e-03
 2.45014e-03
 2.45014e-03
 2.45014e-03
 7.88250e-04
 7.88250e-04
 7.88250e-04
 7.88250e-04
 7.88250e-04
 7.88250e-04
 2.51083e-04
 2.51083e-04
 2.51083e-04
 2.51083e-04
 2.51083e-04
 2.51083e-04
 7.93185e-05
 7.93185e-05
 7.93185e-05
 7.93185e-05
 7.93185e-05
 7.93185e-05
 2.48463e-05
 2.48463e-05
 2.48463e-05
 2.48463e-05
 2.48463e-05
 2.48463e-05
 7.70824e-06
 7.70824e-06
 7.70824e-06
 7.70824e-06
 7.70824e-06
 7.70824e-06
 2.35225e-06
 2.35225e-06
 2.35225e-06
 2.35225e-06
 2.35225e-06
 2.35225e-06
 6.56745e-07
 6.56745e-07
 6.56745e-07
 6.56745e-07
 6.56745e-07
 6.56745e-07
 0.00000e+00
 0.00000e+00
 0.00000e+00
 0.00000e+00
 0.00000e+00
 0.00000e+00
 0.00000e+00
 0.00000e+00
 0.00000e+00
 0.00000e+00
 0.00000e+00
 0.00000e+00
 0.00000e+00
-1.35478e-15
-6.77390e-16
 2.03217e-15
-4.30242e-15
 6.56811e-15
 0.00000e+00
-1.35478e-15
-6.77390e-16
 2.03217e-15
-2.74185e-15
 9.68925e-15
 0.00000e+00
-1.35478e-15
-6.77390e-16
 2.03217e-15
-3.38695e-15
 8.12868e-15
 0.00000e+00
-1.35478e-15
-6.77390e-16
 2.03217e-15
-3.38695e-15
 8.12868e-15
 0.00000e+00
-1.35478e-15
-6.77390e-16
 2.03217e-15
-3.38695e-15
 8.12868e-15
 0.00000e+00
-1.35478e-15
-6.77390e-16
 2.03217e-15
-3.38695e-15
 8.12868e-15
 0.00000e+00
-1.35478e-15
-6.77390e-16
 2.03217e-15
-3.38695e-15
 8.12868e-15
 0.00000e+00
-1.35478e-15
-6.77390e-16
 2.03217e-15
-3.38695e-15
 8.12868e-15
 7.32972e-15
 5.98121e-15
 6.83750e-15
 9.55582e-15
 4.25814e-15
 1.60409e-14
 2.08200e-13
 2.06699e-13
 2.08476e-13
 2.11792e-13
 2.07240e-13
 2.20200e-13
 2.11512e-12
 2.11319e-12
 2.11385e-12
 2.11695e-12
 2.11095e-12
 2.12195e-12
 1.86836e-11
 1.86823e-11
 1.86832e-11
 1.86854e-11
 1.86803e-11
 1.86927e-11
 1.53087e-10
 1.53087e-10
 1.53090e-10
 1.53093e-10
 1.53086e-10
 1.53097e-10
 1.16996e-09
 1.16996e-09
 1.16996e-09
 1.16996e-09
 1.16995e-09
 1.16997e-09
 8.31166e-09
 8.31167e-09
 8.31167e-09
 8.31167e-09
 8.31167e-09
 8.31168e-09
 5.46882e-08
 5.46882e-08
 5.46882e-08
 5.46882e-08
 5.46882e-08
 5.46882e-08
 3.31838e-07
 3.31838e-07
 3.31838e-07
 3.31838e-07
 3.31838e-07
 3.31838e-07
 1.84767e-06
 1.84767e-06
 1.84767e-06
 1.84767e-06
 1.84767e-06
 1.84767e-06
 9.38565e-06
 9.38565e-06
 9.38565e-06
 9.38565e-06
 9.38565e-06
 9.38565e-06
 4.31956e-05
 4.31956e-05
 4.31956e-05
 4.31956e-05
 4.31956e-05
 4.31956e-05
 1.78622e-04
 1.78622e-04
 1.78622e-04
 1.78622e-04
 1.78622e-04
 1.78622e-04
 6.57041e-04
 6.57041e-04
 6.57041e-04
 6.57041e-04
 6.57041e-04
 6.57041e-04
 2.12494e-03
 2.12494e-03
 2.12494e-03
 2.12494e-03
 2.12494e-03
 2.12494e-03
 5.96887e-03
 5.96887e-03
 5.96887e-03
 5.96887e-03
 5.96887e-03
 5.96887e-03
 1.44217e-02
 1.44217e-02
 1.44217e-02
 1.44217e-02
 1.44217e-02
 1.44217e-02
 2.99015e-02
 2.99015e-02
 2.99015e-02
 2.99015e-02
 2.99015e-02
 2.99015e-02
 5.36908e-02
 5.36908e-02
 5.36908e-02
 5.36908e-02
 5.36908e-02
 5.36908e-02
 8.52175e-02
 8.52175e-02
 8.52175e-02
 8.52175e-02
 8.52175e-02
 8.52175e-02
 1.22760e-01
 1.22760e-01
 1.22760e-01
 1.22760e-01
 1.22760e-01
 1.22760e-01
 1.64653e-01
 1.64653e-01
 1.64653e-01
 1.64653e-01
 1.64653e-01
 1.64653e-01
 2.09864e-01
 2.09864e-01
 2.09864e-01
 2.09864e-01
 2.09864e-01
 2.09864e-01
 2.57929e-01
 2.57929e-01
 2.57929e-01
 2.57929e-01
 2.57929e-01
 2.57929e-01
 3.08723e-01
 3.08723e-01
 3.08723e-01
 3.08723e-01
 3.08723e-01
 3.08723e-01
 3.62296e-01
 3.62296e-01
 3.62296e-01
 3.62296e-01
 3.62296e-01
 3.62296e-01
 4.18797e-01
 4.18797e-01
 4.18797e-01
 4.18797e-01
 4.18797e-01
 4.18797e-01
 4.78435e-01
 4.78435e-01
 4.78435e-01
 4.78435e-01
 4.78435e-01
 4.78435e-01
 5.41455e-01
 5.41455e-01
 5.41455e-01
 5.41455e-01
 5.41455e-01
 5.41455e-01
 6.08109e-01
 6.08109e-01
 6.08109e-01
 6.08109e-01
 6.08109e-01
 6.08109e-01
 6.78566e-01
 6.78566e-01
 6.78566e-01
 6.78566e-01
 6.78566e-01
 6.78566e-01
 7.52705e-01
 7.52705e-01
 7.52705e-01
 7.52705e-01
 7.52705e-01
 7.52705e-01
 8.29467e-01
 8.29467e-01
 8.29467e-01
 8.29467e-01
 8.29467e-01
 8.29467e-01
 9.04769e-01
 9.04769e-01
 9.04769e-01
 9.04769e-01
 9.04769e-01
 9.04769e-01
 9.64392e-01
 9.64392e-01
 9.64392e-01
 9.64392e-01
 9.64392e-01
 9.64392e-01
 9.70891e-01
 9.70891e-01
 9.70891e-01
 9.70891e-01
 9.70891e-01
 9.70891e-01
 9.47464e-01
 9.47464e-01
 9.47464e-01
 9.47464e-01
 9.47464e-01
 9.47464e-01
 9.34127e-01
 9.34127e-01
 9.34127e-01
 9.34127e-01
 9.34127e-01
 9.34127e-01
 9.30061e-01
 9.30061e-01
 9.30061e-01
 9.30061e-01
 9.30061e-01
 9.30061e-01
 9.28646e-01
 9.28646e-01
 9.28646e-01
 9.28646e-01
 9.28646e-01
 9.28646e-01
 9.27804e-01
 9.27804e-01
 9.27804e-01
 9.27804e-01
 9.27804e-01
 9.27804e-01
 9.27348e-01
 9.27348e-01
 9.27348e-01
 9.27348e-01
 9.27348e-01
 9.27348e-01
 9.27279e-01
 9.27279e-01
 9.27279e-01
 9.27279e-01
 9.27279e-01
 9.27279e-01
 9.27216e-01
 9.27216e-01
 9.27216e-01
 9.27216e-01
 9.27216e-01
 9.27216e-01
 9.27156e-01
 9.27156e-01
 9.27156e-01
 9.27156e-01
 9.27156e-01
 9.27156e-01
 9.27098e-01
 9.27098e-01
 9.27098e-01
 9.27098e-01
 9.27098e-01
 9.27098e-01
 9.27041e-01
 9.27041e-01
 9.27041e-01
 9.27041e-01
 9.27041e-01
 9.27041e-01
 9.26983e-01
 9.26983e-01
 9.26983e-01
 9.26983e-01
 9.26983e-01
 9.26983e-01
 9.26922e-01
 9.26922e-01
 9.26922e-01
 9.26922e-01
 9.26922e-01
 9.26922e-01
 9.26857e-01
 9.26857e-01
 9.26857e-01
 9.26857e-01
 9.26857e-01
 9.26857e-01
 9.26789e-01
 9.26789e-01
 9.26789e-01
 9.26789e-01
 9.26789e-01
 9.26789e-01
 9.26716e-01
 9.26716e-01
 9.26716e-01
 9.26716e-01
 9.26716e-01
 9.26716e-01
 9.26640e-01
 9.26640e-01
 9.26640e-01
 9.26640e-01
 9.26640e-01
 9.26640e-01
 9.26562e-01
 9.26562e-01
 9.26562e-01
 9.26562e-01
 9.26562e-01
 9.26562e-01
 9.26484e-01
 9.26484e-01
 9.26484e-01
 9.26484e-01
 9.26484e-01
 9.26484e-01
 9.26406e-01
 9.26406e-01
 9.26406e-01
 9.26406e-01
 9.26406e-01
 9.26406e-01
 9.26330e-01
 9.26330e-01
 9.26330e-01
 9.26330e-01
 9.26330e-01
 9.26330e-01
 9.26258e-01
 9.26258e-01
 9.26258e-01
 9.26258e-01
 9.26258e-01
 9.26258e-01
 9.26188e-01
 9.26188e-01
 9.26188e-01
 9.26188e-01
 9.26188e-01
 9.26188e-01
 9.26118e-01
 9.26118e-01
 9.26118e-01
 9.26118e-01
 9.26118e-01
 9.26118e-01
 9.26042e-01
 9.26042e-01
 9.26042e-01
 9.26042e-01
 9.26042e-01
 9.26042e-01
 9.25951e-01
 9.25951e-01
 9.25951e-01
 9.25951e-01
 9.25951e-01
 9.25951e-01
 9.25829e-01
 9.25829e-01
 9.25829e-01
 9.25829e-01
 9.25829e-01
 9.25829e-01
 9.25652e-01
 9.25652e-01
 9.25652e-01
 9.25652e-01
 9.25652e-01
 9.25652e-01
 9.25377e-01
 9.25377e-01
 9.25377e-01
 9.25377e-01
 9.25377e-01
 9.25377e-01
 9.24934e-01
 9.24934e-01
 9.24934e-01
 9.24934e-01
 9.24934e-01
 9.24934e-01
 9.24193e-01
 9.24193e-01
 9.24193e-01
 9.24193e-01
 9.24193e-01
 9.24193e-01
 9.22907e-01
 9.22907e-01
 9.22907e-01
 9.22907e-01
 9.22907e-01
 9.22907e-01
 9.20605e-01
 9.20605e-01
 9.20605e-01
 9.20605e-01
 9.20605e-01
 9.20605e-01
 9.16392e-01
 9.16392e-01
 9.16392e-01
 9.16392e-01
 9.16392e-01
 9.16392e-01
 9.08631e-01
 9.08631e-01
 9.08631e-01
 9.08631e-01
 9.08631e-01
 9.08631e-01
 8.94519e-01
 8.94519e-01
 8.94519e-01
 8.94519e-01
 8.94519e-01
 8.94519e-01
 8.69736e-01
 8.69736e-01
 8.69736e-01
 8.69736e-01
 8.69736e-01
 8.69736e-01
 8.28516e-01
 8.28516e-01
 8.28516e-01
 8.28516e-01
 8.28516e-01
 8.28516e-01
 7.64461e-01
 7.64461e-01
 7.64461e-01
 7.64461e-01
 7.64461e-01
 7.64461e-01
 6.72255e-01
 6.72255e-01
 6.72255e-01
 6.72255e-01
 6.72255e-01
 6.72255e-01
 5.50604e-01
 5.50604e-01
 5.50604e-01
 5.50604e-01
 5.50604e-01
 5.50604e-01
 4.06613e-01
 4.06613e-01
 4.06613e-01
 4.06613e-01
 4.06613e-01
 4.06613e-01
 2.59564e-01
 2.59564e-01
 2.59564e-01
 2.59564e-01
 2.59564e-01
 2.59564e-01
 1.37295e-01
 1.37295e-01
 1.37295e-01
 1.37295e-01
 1.37295e-01
 1.37295e-01
 5.94464e-02
 5.94464e-02
 5.94464e-02
 5.94464e-02
 5.94464e-02
 5.94464e-02
 2.20259e-02
 2.20259e-02
 2.20259e-02
 2.20259e-02
 2.20259e-02
 2.20259e-02
 7.48744e-03
 7.48744e-03
 7.48744e-03
 7.48744e-03
 7.48744e-03
 7.48744e-03
 2.45014e-03
 2.45014e-03
 2.45014e-03
 2.45014e-03
 2.45014e-03
 2.45014e-03
 7.88250e-04
 7.88250e-04
 7.88250e-04
 7.88250e-04
 7.88250e-04
 7.88250e-04
 2.51083e-04
 2.51083e-04
 2.51083e-04
 2.51083e-04
 2.51083e-04
 2.51083e-04
 7.93185e-05
 7.93185e-05
 7.93185e-05
 7.93185e-05
 7.93185e-05
 7.93185e-05
 2.48463e-05
 2.48463e-05
 2.48463e-05
 2.48463e-05
 2.48463e-05
 2.48463e-05
 7.70824e-06
 7.70824e-06
 7.70824e-06
 7.70824e-06
 7.70824e-06
 7.70824e-06
 2.35225e-06
 2.35225e-06
 2.35225e-06
 2.35225e-06
 2.35225e-06
 2.35225e-06
 6.56745e-07
 6.56745e-07
 6.56745e-07
 6.56745e-07
 6.56745e-07
 6.56745e-07
 0.00000e+00
 0.00000e+00
 0.00000e+00
 0.00000e+00
 0.00000e+00
 0.00000e+00
 0.00000e+00
 0.00000e+00
 0.00000e+00
 0.00000e+00
 0.00000e+00
 0.00000e+00
 0.00000e+00
 0.00000e+00
-1.35478e-15
 2.70956e-15
-4.06434e-15
 5.41912e-15
 0.00000e+00
 0.00000e+00
-1.35478e-15
 2.70956e-15
-4.06434e-15
 5.41912e-15
 0.00000e+00
 0.00000e+00
-1.35478e-15
 2.70956e-15
-4.06434e-15
 5.41912e-15
 0.00000e+00
 0.00000e+00
-1.35478e-15
 2.70956e-15
-4.06434e-15
 5.41912e-15
 0.00000e+00
 0.00000e+00
-1.35478e-15
 2.70956e-15
-4.06434e-15
 5.41912e-15
 0.00000e+00
 0.00000e+00
-1.35478e-15
 2.70956e-15
-4.06434e-15
 5.41912e-15
 0.00000e+00
 0.00000e+00
-1.35478e-15
 2.70956e-15
-4.06434e-15
 5.41912e-15
 0.00000e+00
 0.00000e+00
-1.35478e-15
 2.70956e-15
-4.06434e-15
 5.41912e-15
 7.37632e-15
 7.36038e-15
 6.16013e-15
 1.03531e-14
 3.72858e-15
 1.34061e-14
 2.08241e-13
 2.08142e-13
 2.08268e-13
 2.12794e-13
 2.06129e-13
 2.16820e-13
 2.11596e-12
 2.11543e-12
 2.11321e-12
 2.11783e-12
 2.11145e-12
 2.12046e-12
 1.86831e-11
 1.86843e-11
 1.86821e-11
 1.86855e-11
 1.86806e-11
 1.86907e-11
 1.53086e-10
 1.53088e-10
 1.53090e-10
 1.53095e-10
 1.53084e-10
 1.53091e-10
 1.16996e-09
 1.16996e-09
 1.16996e-09
 1.16996e-09
 1.16995e-09
 1.16997e-09
 8.31166e-09
 8.31167e-09
 8.31166e-09
 8.31167e-09
 8.31167e-09
 8.31167e-09
 5.46882e-08
 5.46882e-08
 5.46882e-08
 5.46882e-08
 5.46882e-08
 5.46882e-08
 3.31838e-07
 3.31838e-07
 3.31838e-07
 3.31838e-07
 3.31838e-07
 3.31838e-07
 1.84767e-06
 1.84767e-06
 1.84767e-06
 1.84767e-06
 1.84767e-06
 1.84767e-06
 9.38565e-06
 9.38565e-06
 9.38565e-06
 9.38565e-06
 9.38565e-06
 9.38565e-06
 4.31956e-05
 4.31956e-05
 4.31956e-05
 4.31956e-05
 4.31956e-05
 4.31956e-05
 1.78622e-04
 1.78622e-04
 1.78622e-04
 1.78622e-04
 1.78622e-04
 1.78622e-04
 6.57041e-04
 6.57041e-04
 6.57041e-04
 6.57041e-04
 6.57041e-04
 6.57041e-04
 2.12494e-03
 2.12494e-03
 2.12494e-03
 2.12494e-03
 2.12494e-03
 2.12494e-03
 5.96887e-03
 5.96887e-03
 5.96887e-03
 5.96887e-03
 5.96887e-03
 5.96887e-03
 1.44217e-02
 1.44217e-02
 1.44217e-02
 1.44217e-02
 1.44217e-02
 1.44217e-02
 2.99015e-02
 2.99015e-02
 2.99015e-02
 2.99015e-02
 2.99015e-02
 2.99015e-02
 5.36908e-02
 5.36908e-02
 5.36908e-02
 5.36908e-02
 5.36908e-02
 5.36908e-02
 8.52175e-02
 8.52175e-02
 8.52175e-02
 8.52175e-02
 8.52175e-02
 8.52175e-02
 1.22760e-01
 1.22760e-01
 1.22760e-01
 1.22760e-01
 1.22760e-01
 1.22760e-01
 1.64653e-01
 1.64653e-01
 1.64653e-01
 1.64653e-01
 1.64653e-01
 1.64653e-01
 2.09864e-01
 2.09864e-01
 2.09864e-01
 2.09864e-01
 2.09864e-01
 2.09864e-01
 2.57929e-01
 2.57929e-01
 2.57929e-01
 2.57929e-01
 2.57929e-01
 2.57929e-01
 3.08723e-01
 3.08723e-01
 3.08723e-01
 3.08723e-01
 3.08723e-01
 3.08723e-01
 3.62296e-01
 3.62296e-01
 3.62296e-01
 3.62296e-01
 3.62296e-01
 3.62296e-01
 4.18797e-01
 4.18797e-01
 4.18797e-01
 4.18797e-01
 4.18797e-01
 4.18797e-01
 4.78435e-01
 4.78435e-01
 4.78435e-01
 4.78435e-01
 4.78435e-01
 4.78435e-01
 5.41455e-01
 5.41455e-01
 5.41455e-01
 5.41455e-01
 5.41455e-01
 5.41455e-01
 6.08109e-01
 6.08109e-01
 6.08109e-01
 6.08109e-01
 6.08109e-01
 6.08109e-01
 6.78566e-01
 6.78566e-01
 6.78566e-01
 6.78566e-01
 6.78566e-01
 6.78566e-01
 7.52705e-01
 7.52705e-01
 7.52705e-01
 7.52705e-01
 7.52705e-01
 7.52705e-01
 8.29467e-01
 8.29467e-01
 8.29467e-01
 8.29467e-01
 8.29467e-01
 8.29467e-01
 9.04769e-01
 9.04769e-01
 9.04769e-01
 9.04769e-01
 9.04769e-01
 9.04769e-01
 9.64392e-01
 9.64392e-01
 9.64392e-01
 9.64392e-01
 9.64392e-01
 9.64392e-01
 9.70891e-01
 9.70891e-01
 9.70891e-01
 9.70891e-01
 9.70891e-01
 9.70891e-01
 9.47464e-01
 9.47464e-01
 9.47464e-01
 9.47464e-01
 9.47464e-01
 9.47464e-01
 9.34127e-01
 9.34127e-01
 9.34127e-01
 9.34127e-01
 9.34127e-01
 9.34127e-01
 9.30061e-01
 9.30061e-01
 9.30061e-01
 9.30061e-01
 9.30061e-01
 9.30061e-01
 9.28646e-01
 9.28646e-01
 9.28646e-01
 9.28646e-01
 9.28646e-01
 9.28646e-01
 9.27804e-01
 9.27804e-01
 9.27804e-01
 9.27804e-01
 9.27804e-01
 9.27804e-01
 9.27348e-01
 9.27348e-01
 9.27348e-01
 9.27348e-01
 9.27348e-01
 9.27348e-01
 9.27279e-01
 9.27279e-01
 9.27279e-01
 9.27279e-01
 9.27279e-01
 9.27279e-01
 9.27216e-01
 9.27216e-01
 9.27216e-01
 9.27216e-01
 9.27216e-01
 9.27216e-01
 9.27156e-01
 9.27156e-01
 9.27156e-01
 9.27156e-01
 9.27156e-01
 9.27156e-01
 9.27098e-01
 9.27098e-01
 9.27098e-01
 9.27098e-01
 9.27098e-01
 9.27098e-01
 9.27041e-01
 9.27041e-01
 9.27041e-01
 9.27041e-01
 9.27041e-01
 9.27041e-01
 9.26983e-01
 9.26983e-01
 9.26983e-01
 9.26983e-01
 9.26983e-01
 9.26983e-01
 9.26922e-01
 9.26922e-01
 9.26922e-01
 9.26922e-01
 9.26922e-01
 9.26922e-01
 9.26857e-01
 9.26857e-01
 9.26857e-01
 9.26857e-01
 9.26857e-01
 9.26857e-01
 9.26789e-01
 9.26789e-01
 9.26789e-01
 9.26789e-01
 9.26789e-01
 9.26789e-01
 9.26716e-01
 9.26716e-01
 9.26716e-01
 9.26716e-01
 9.26716e-01
 9.26716e-01
 9.26640e-01
 9.26640e-01
 9.26640e-01
 9.26640e-01
 9.26640e-01
 9.26640e-01
 9.26562e-01
 9.26562e-01
 9.26562e-01
 9.26562e-01
 9.26562e-01
 9.26562e-01
 9.26484e-01
 9.26484e-01
 9.26484e-01
 9.26484e-01
 9.26484e-01
 9.26484e-01
 9.26406e-01
 9.26406e-01
 9.26406e-01
 9.26406e-01
 9.26406e-01
 9.26406e-01
 9.26330e-01
 9.26330e-01
 9.26330e-01
 9.26330e-01
 9.26330e-01
 9.26330e-01
 9.26258e-01
 9.26258e-01
 9.26258e-01
 9.26258e-01
 9.26258e-01
 9.26258e-01
 9.26188e-01
 9.26188e-01
 9.26188e-01
 9.26188e-01
 9.26188e-01
 9.26188e-01
 9.26118e-01
 9.26118e-01
 9.26118e-01
 9.26118e-01
 9.26118e-01
 9.26118e-01
 9.26042e-01
 9.26042e-01
 9.26042e-01
 9.26042e-01
 9.26042e-01
 9.26042e-01
 9.25951e-01
 9.25951e-01
 9.25951e-01
 9.25951e-01
 9.25951e-01
 9.25951e-01
 9.25829e-01
 9.25829e-01
 9.25829e-01
 9.25829e-01
 9.25829e-01
 9.25829e-01
 9.25652e-01
 9.25652e-01
 9.25652e-01
 9.25652e-01
 9.25652e-01
 9.25652e-01
 9.25377e-01
 9.25377e-01
 9.25377e-01
 9.25377e-01
 9.25377e-01
 9.25377e-01
 9.24934e-01
 9.24934e-01
 9.24934e-01
 9.24934e-01
 9.24934e-01
 9.24934e-01
 9.24193e-01
 9.24193e-01
 9.24193e-01
 9.24193e-01
 9.24193e-01
 9.24193e-01
 9.22907e-01
 9.22907e-01
 9.22907e-01
 9.22907e-01
 9.22907e-01
 9.22907e-01
 9.20605e-01
 9.20605e-01
 9.20605e-01
 9.20605e-01
 9.20605e-01
 9.20605e-01
 9.16392e-01
 9.16392e-01
 9.16392e-01
 9.16392e-01
 9.16392e-01
 9.16392e-01
 9.08631e-01
 9.08631e-01
 9.08631e-01
 9.08631e-01
 9.08631e-01
 9.08631e-01
 8.94519e-01
 8.94519e-01
 8.94519e-01
 8.94519e-01
 8.94519e-01
 8.94519e-01
 8.69736e-01
 8.69736e-01
 8.69736e-01
 8.69736e-01
 8.69736e-01
 8.69736e-01
 8.28516e-01
 8.28516e-01
 8.28516e-01
 8.28516e-01
 8.28516e-01
 8.28516e-01
 7.64461e-01
 7.64461e-01
 7.64461e-01
 7.64461e-01
 7.64461e-01
 7.64461e-01
 6.72255e-01
 6.72255e-01
 6.72255e-01
 6.72255e-01
 6.72255e-01
 6.72255e-01
 5.50604e-01
 5.50604e-01
 5.50604e-01
 5.50604e-01
 5.50604e-01
 5.50604e-01
 4.06613e-01
 4.06613e-01
 4.06613e-01
 4.06613e-01
 4.06613e-01
 4.06613e-01
 2.59564e-01
 2.59564e-01
 2.59564e-01
 2.59564e-01
 2.59564e-01
 2.59564e-01
 1.37295e-01
 1.37295e-01
 1.37295e-01
 1.37295e-01
 1.37295e-01
 1.37295e-01
 5.94464e-02
 5.94464e-02
 5.94464e-02
 5.94464e-02
 5.94464e-02
 5.94464e-02
 2.20259e-02
 2.20259e-02
 2.20259e-02
 2.20259e-02
 2.20259e-02
 2.20259e-02
 7.48744e-03
 7.48744e-03
 7.48744e-03
 7.48744e-03
 7.48744e-03
 7.48744e-03
 2.45014e-03
 2.45014e-03
 2.45014e-03
 2.45014e-03
 2.45014e-03
 2.45014e-03
 7.88250e-04
 7.88250e-04
 7.88250e-04
 7.88250e-04
 7.88250e-04
 7.88250e-04
 2.51083e-04
 2.51083e-04
 2.51083e-04
 2.51083e-04
 2.51083e-04
 2.51083e-04
 7.93185e-05
 7.93185e-05
 7.93185e-05
 7.93185e-05
 7.93185e-05
 7.93185e-05
 2.48463e-05
 2.48463e-05
 2.48463e-05
 2.48463e-05
 2.48463e-05
 2.48463e-05
 7.70824e-06
 7.70824e-06
 7.70824e-06
 7.70824e-06
 7.70824e-06
 7.70824e-06
 2.35225e-06
 2.35225e-06
 2.35225e-06
 2.35225e-06
 2.35225e-06
 2.35225e-06
 6.56745e-07
 6.56745e-07
 6.56745e-07
 6.56745e-07
 6.56745e-07
 6.56745e-07
 0.00000e+00
 0.00000e+00
 0.00000e+00
 0.00000e+00
 0.00000e+00
 0.00000e+00
 0.00000e+00
 0.00000e+00
 0.00000e+00
 0.00000e+00
 0.00000e+00
 0.00000e+00
 0.00000e+00
 0.00000e+00
 0.00000e+00
 0.00000e+00
 0.00000e+00
 0.00000e+00
 0.00000e+00
 0.00000e+00
 0.00000e+00
 0.00000e+00
 0.00000e+00
 0.00000e+00
 0.00000e+00
 0.00000e+00
 0.00000e+00
 0.00000e+00
 0.00000e+00
 0.00000e+00
 0.00000e+00
 0.00000e+00
 0.00000e+00
 0.00000e+00
 0.00000e+00
 0.00000e+00
 0.00000e+00
 0.00000e+00
 0.00000e+00
 0.00000e+00
 0.00000e+00
 0.00000e+00
 0.00000e+00
 0.00000e+00
 0.00000e+00
 0.00000e+00
 0.00000e+00
 0.00000e+00
 0.00000e+00
 0.00000e+00
 0.00000e+00
 0.00000e+00
 0.00000e+00
 0.00000e+00
 0.00000e+00
 0.00000e+00
 0.00000e+00
 0.00000e+00
 0.00000e+00
 0.00000e+00
 0.00000e+00
 0.00000e+00
 0.00000e+00
 0.00000e+00
 0.00000e+00
 0.00000e+00
 0.00000e+00
 0.00000e+00
 0.00000e+00
 0.00000e+00
 0.00000e+00
 0.00000e+00
 0.00000e+00
 0.00000e+00
 0.00000e+00
 0.00000e+00
 0.00000e+00
 0.00000e+00
 0.00000e+00
 0.00000e+00
 0.00000e+00
 0.00000e+00
 0.00000e+00
 0.00000e+00
 0.00000e+00
 0.00000e+00
 0.00000e+00
 0.00000e+00
 0.00000e+00
 0.00000e+00
 0.00000e+00
 0.00000e+00
 0.00000e+00
 0.00000e+00
 0.00000e+00
 0.00000e+00
 0.00000e+00
 0.00000e+00
 0.00000e+00
 0.00000e+00
 0.00000e+00
 0.00000e+00
 0.00000e+00
 0.00000e+00
 0.00000e+00
 0.00000e+00
 0.00000e+00
 0.00000e+00
 0.00000e+00
 0.00000e+00
 0.00000e+00
 0.00000e+00
 0.00000e+00
 0.00000e+00
 0.00000e+00
 0.00000e+00
 0.00000e+00
 0.00000e+00
 0.00000e+00
 0.00000e+00
 0.00000e+00
 0.00000e+00
 0.00000e+00
 0.00000e+00
 0.00000e+00
 0.00000e+00
 0.00000e+00
 0.00000e+00
 0.00000e+00
 0.00000e+00
 0.00000e+00
 0.00000e+00
 0.00000e+00
 0.00000e+00
 0.00000e+00
 0.00000e+00
 0.00000e+00
 0.00000e+00
 0.00000e+00
 0.00000e+00
 0.00000e+00
 0.00000e+00
 0.00000e+00
 0.00000e+00
 0.00000e+00
 0.00000e+00
 0.00000e+00
 0.00000e+00
 0.00000e+00
 0.00000e+00
 0.00000e+00
 0.00000e+00
 0.00000e+00
 0.00000e+00
 0.00000e+00
 0.00000e+00
 0.00000e+00
 0.00000e+00
 0.00000e+00
 0.00000e+00
 0.00000e+00
 0.00000e+00
 0.00000e+00
 0.00000e+00
 0.00000e+00
 0.00000e+00
 0.00000e+00
 0.00000e+00
 0.00000e+00
 0.00000e+00
 0.00000e+00
 0.00000e+00
 0.00000e+00
 0.00000e+00
 0.00000e+00
 0.00000e+00
 0.00000e+00
 0.00000e+00
 0.00000e+00
 0.00000e+00
 0.00000e+00
 0.00000e+00
 0.00000e+00
 0.00000e+00
 0.00000e+00
 0.00000e+00
 0.00000e+00
 0.00000e+00
 0.00000e+00
 0.00000e+00
 0.00000e+00
 0.00000e+00
 0.00000e+00
 0.00000e+00
 0.00000e+00
 0.00000e+00
 0.00000e+00
 0.00000e+00
 0.00000e+00
 0.00000e+00
 0.00000e+00
 0.00000e+00
 0.00000e+00
 0.00000e+00
 0.00000e+00
 0.00000e+00
 0.00000e+00
 0.00000e+00
 0.00000e+00
 0.00000e+00
 0.00000e+00
 0.00000e+00
 0.00000e+00
 0.00000e+00
 0.00000e+00
 0.00000e+00
 0.00000e+00
 0.00000e+00
 0.00000e+00
 0.00000e+00
 0.00000e+00
 0.00000e+00
 0.00000e+00
 0.00000e+00
 0.00000e+00
 0.00000e+00
 0.00000e+00
 0.00000e+00
 0.00000e+00
 0.00000e+00
 0.00000e+00
 0.00000e+00
 0.00000e+00
 0.00000e+00
 0.00000e+00
 0.00000e+00
 0.00000e+00
 0.00000e+00
 0.00000e+00
 0.00000e+00
 0.00000e+00
 0.00000e+00
 0.00000e+00
 0.00000e+00
 0.00000e+00
 0.00000e+00
 0.00000e+00
 0.00000e+00
 0.00000e+00
 0.00000e+00
 0.00000e+00
 0.00000e+00
 0.00000e+00
 0.00000e+00
 0.00000e+00
 0.00000e+00
 0.00000e+00
 0.00000e+00
 0.00000e+00
 0.00000e+00
 0.00000e+00
 0.00000e+00
 0.00000e+00
 0.00000e+00
 0.00000e+00
 0.00000e+00
 0.00000e+00
 0.00000e+00
 0.00000e+00
 0.00000e+00
 0.00000e+00
 0.00000e+00
 0.00000e+00
 0.00000e+00
 0.00000e+00
 0.00000e+00
 0.00000e+00
 0.00000e+00
 0.00000e+00
 0.00000e+00
 0.00000e+00
 0.00000e+00
 0.00000e+00
 0.00000e+00
 0.00000e+00
 0.00000e+00
 0.00000e+00
 0.00000e+00
 0.00000e+00
 0.00000e+00
 0.00000e+00
 0.00000e+00
 0.00000e+00
 0.00000e+00
 0.00000e+00
 0.00000e+00
 0.00000e+00
 0.00000e+00
 0.00000e+00
 0.00000e+00
 0.00000e+00
 0.00000e+00
 0.00000e+00
 0.00000e+00
 0.00000e+00
 0.00000e+00
 0.00000e+00
 0.00000e+00
 0.00000e+00
 0.00000e+00
 0.00000e+00
 0.00000e+00
 0.00000e+00
 0.00000e+00
 0.00000e+00
 0.00000e+00
 0.00000e+00
 0.00000e+00
 0.00000e+00
 0.00000e+00
 0.00000e+00
 0.00000e+00
 0.00000e+00
 0.00000e+00
 0.00000e+00
 0.00000e+00
 0.00000e+00
 0.00000e+00
 0.00000e+00
 0.00000e+00
 0.00000e+00
 0.00000e+00
 0.00000e+00
 0.00000e+00
 0.00000e+00
 0.00000e+00
 0.00000e+00
 0.00000e+00
 0.00000e+00
 0.00000e+00
 0.00000e+00
 0.00000e+00
 0.00000e+00
 0.00000e+00
 0.00000e+00
 0.00000e+00
 0.00000e+00
 0.00000e+00
 0.00000e+00
 0.00000e+00
 0.00000e+00
 0.00000e+00
 0.00000e+00
 0.00000e+00
 0.00000e+00
 0.00000e+00
 0.00000e+00
 0.00000e+00
 0.00000e+00
 0.00000e+00
 0.00000e+00
 0.00000e+00
 0.00000e+00
 0.00000e+00
 0.00000e+00
 0.00000e+00
 0.00000e+00
 0.00000e+00
 0.00000e+00
 0.00000e+00
 0.00000e+00
 0.00000e+00
 0.00000e+00
 0.00000e+00
 0.00000e+00
 0.00000e+00
 0.00000e+00
 0.00000e+00
 0.00000e+00
 0.00000e+00
 0.00000e+00
 0.00000e+00
 0.00000e+00
 0.00000e+00
 0.00000e+00
 0.00000e+00
 0.00000e+00
 0.00000e+00
 0.00000e+00
 0.00000e+00
 0.00000e+00
 0.00000e+00
 0.00000e+00
 0.00000e+00
 0.00000e+00
 0.00000e+00
 0.00000e+00
 0.00000e+00
 0.00000e+00
 0.00000e+00
 0.00000e+00
 0.00000e+00
 0.00000e+00
 0.00000e+00
 0.00000e+00
 0.00000e+00
 0.00000e+00
 0.00000e+00
 0.00000e+00
 0.00000e+00
 0.00000e+00
 0.00000e+00
 0.00000e+00
 0.00000e+00
 0.00000e+00
 0.00000e+00
 0.00000e+00
 0.00000e+00
 0.00000e+00
 0.00000e+00
 0.00000e+00
 0.00000e+00
 0.00000e+00
 0.00000e+00
 0.00000e+00
 0.00000e+00
 0.00000e+00
 0.00000e+00
 0.00000e+00
 0.00000e+00
 0.00000e+00
 0.00000e+00
 0.00000e+00
 0.00000e+00
 0.00000e+00
 0.00000e+00
 0.00000e+00
 0.00000e+00
 0.00000e+00
 0.00000e+00
 0.00000e+00
 0.00000e+00
 0.00000e+00
 0.00000e+00
 0.00000e+00
 0.00000e+00
 0.00000e+00
 0.00000e+00
 0.00000e+00
 0.00000e+00
 0.00000e+00
 0.00000e+00
 0.00000e+00
 0.00000e+00
 0.00000e+00
 0.00000e+00
 0.00000e+00
 0.00000e+00
 0.00000e+00
 0.00000e+00
 0.00000e+00
 0.00000e+00
 0.00000e+00
 0.00000e+00
 0.00000e+00
 0.00000e+00
 0.00000e+00
 0.00000e+00
 0.00000e+00
 0.00000e+00
 0.00000e+00
 0.00000e+00
 0.00000e+00
 0.00000e+00
 0.00000e+00
 0.00000e+00
 0.00000e+00
 0.00000e+00
 0.00000e+00
 0.00000e+00
 0.00000e+00
 0.00000e+00
 0.00000e+00
 0.00000e+00
 0.00000e+00
 0.00000e+00
 0.00000e+00
 0.00000e+00
 0.00000e+00
 0.00000e+00
 0.00000e+00
 0.00000e+00
 0.00000e+00
 0.00000e+00
 0.00000e+00
 0.00000e+00
 0.00000e+00
 0.00000e+00
 0.00000e+00
 0.00000e+00
 0.00000e+00
 0.00000e+00
 0.00000e+00
 0.00000e+00
 0.00000e+00
 0.00000e+00
 0.00000e+00
 0.00000e+00
 0.00000e+00
 0.00000e+00
 0.00000e+00
 0.00000e+00
 0.00000e+00
 0.00000e+00
 0.00000e+00
 0.00000e+00
 0.00000e+00
 0.00000e+00
 0.00000e+00
 0.00000e+00
 0.00000e+00
 0.00000e+00
 0.00000e+00
 0.00000e+00
 0.00000e+00
 0.00000e+00
 0.00000e+00
 0.00000e+00
 0.00000e+00
 0.00000e+00
 0.00000e+00
 0.00000e+00
 0.00000e+00
 0.00000e+00
 0.00000e+00
 0.00000e+00
 0.00000e+00
 0.00000e+00
 0.00000e+00
 0.00000e+00
 0.00000e+00
 0.00000e+00
 0.00000e+00
 0.00000e+00
 0.00000e+00
 0.00000e+00
 0.00000e+00
 0.00000e+00
 0.00000e+00
 0.00000e+00
 0.00000e+00
 0.00000e+00
 0.00000e+00
 0.00000e+00
 0.00000e+00
 0.00000e+00
 0.00000e+00
 0.00000e+00
 0.00000e+00
 0.00000e+00
 0.00000e+00
 0.00000e+00
 0.00000e+00
 0.00000e+00
 0.00000e+00
 0.00000e+00
 0.00000e+00
 0.00000e+00
 0.00000e+00
 0.00000e+00
 0.00000e+00
 0.00000e+00
 0.00000e+00
 0.00000e+00
 0.00000e+00
 0.00000e+00
 0.00000e+00
 0.00000e+00
 0.00000e+00
 0.00000e+00
 0.00000e+00
 0.00000e+00
 0.00000e+00
 0.00000e+00
 0.00000e+00
 0.00000e+00
 0.00000e+00
 0.00000e+00
 0.00000e+00
 0.00000e+00
 0.00000e+00
 0.00000e+00
 0.00000e+00
 0.00000e+00
 0.00000e+00
 0.00000e+00
 0.00000e+00
 0.00000e+00
 0.00000e+00
 0.00000e+00
 0.00000e+00
 0.00000e+00
 0.00000e+00
 0.00000e+00
 0.00000e+00
 0.00000e+00
 0.00000e+00
 0.00000e+00
 0.00000e+00
 0.00000e+00
 0.00000e+00
 0.00000e+00
 0.00000e+00
 6.77390e-16
-6.77390e-16
-1.35478e-15
 1.44047e-15
-3.94852e-15
-1.35478e-15
 6.77390e-16
-3.38695e-16
-6.77390e-16
 1.94673e-15
-5.65810e-15
 0.00000e+00
 1.35478e-15
 3.38695e-16
-3.38695e-16
 2.57166e-15
-4.35741e-15
 0.00000e+00
-6.77390e-16
 0.00000e+00
-1.35478e-15
 6.77390e-16
-3.38695e-15
-2.03217e-15
-1.35478e-15
-2.70956e-15
-3.38695e-15
 0.00000e+00
-6.77390e-15
 4.06434e-15
 4.74173e-15
 4.74173e-15
 4.40304e-15
 7.45129e-15
-6.77390e-16
-1.35478e-15
-1.35478e-15
-1.35478e-15
-2.70956e-15
 6.77390e-16
-6.77390e-15
 0.00000e+00
-6.77390e-16
 6.77390e-16
-6.77390e-16
 3.04826e-15
-4.06434e-15
-4.74173e-15
-2.70956e-15
-2.70956e-15
-6.09651e-15
-1.69348e-15
-1.01609e-14
 4.74655e-15
 5.42063e-15
 6.08505e-15
 5.39934e-15
 8.77305e-15
-6.94985e-16
-3.91022e-15
-3.04489e-15
-4.51384e-15
-6.23351e-15
-2.22005e-15
-9.03004e-15
 4.36321e-15
 5.15227e-15
 4.86015e-15
 3.41609e-15
 6.60223e-15
-1.43608e-15
 1.05794e-16
-1.74243e-16
 1.03905e-15
-5.52353e-16
 2.16449e-15
-6.54471e-15
 5.58647e-16
 2.60930e-16
-5.39138e-16
-2.29175e-15
 2.28904e-15
-6.18094e-15
 4.79475e-16
 1.32239e-15
-3.08477e-16
-2.49034e-15
 1.33695e-15
-4.89560e-15
-1.30318e-15
 5.71693e-16
 2.11181e-15
-1.90540e-15
 2.51716e-15
-4.56556e-15
 1.69128e-15
 3.59883e-15
 1.63919e-15
-2.20013e-15
 2.92269e-15
-6.03886e-15
-6.01721e-15
-2.76264e-15
-5.47127e-15
-8.30782e-15
-5.48142e-15
-1.20426e-14
 6.91566e-15
 9.53695e-15
 8.49745e-15
 4.94410e-15
 8.86912e-15
 3.57555e-15
-2.26175e-17
 2.31994e-15
 1.13437e-15
-1.78461e-15
 2.46407e-15
-7.55172e-15
-8.19953e-15
-4.08896e-15
-6.72122e-15
-8.78245e-15
-7.58131e-15
-1.77988e-14
 1.86184e-15
 7.48685e-15
 4.54155e-15
 1.13178e-15
 5.54477e-15
-4.59942e-15
-5.80496e-15
 4.30379e-15
 3.49798e-15
-3.03413e-15
 3.40343e-15
-7.81860e-15
-8.60317e-15
 5.11323e-15
 9.51951e-15
 2.00718e-15
 2.99232e-15
-5.57560e-15
-5.83463e-15
 5.37704e-15
 9.50696e-15
 5.22464e-15
 6.72959e-15
-3.68893e-15
 1.75849e-15
 9.95186e-15
 1.21933e-14
 5.46893e-15
 5.93228e-15
-5.66984e-15
-1.34512e-16
 9.12328e-15
 1.56808e-14
 2.70091e-15
 3.89793e-16
-4.91332e-15
 2.88663e-15
 4.75005e-15
 1.24580e-14
 2.32893e-15
-2.83887e-16
 7.30188e-16
 1.85284e-15
-1.58676e-15
 3.90277e-15
-1.72721e-15
-1.31515e-15
 3.53757e-15
-6.59538e-15
-3.35629e-15
 6.50872e-15
-4.69415e-15
-3.90495e-15
 3.29005e-15
-3.55578e-15
 3.97864e-15
 1.78352e-14
 1.89590e-15
-2.48587e-15
 3.88717e-15
-4.75898e-15
 4.90967e-16
 1.72780e-14
 2.74206e-15
-6.44260e-15
-2.09500e-15
 8.75055e-15
 5.80214e-15
 1.59750e-14
 2.41960e-15
-3.64745e-15
 3.97874e-15
 6.74254e-15
 1.13779e-14
 1.90700e-14
 5.66164e-15
 2.86378e-15
 1.97637e-15
-4.66191e-15
 4.82701e-15
 7.89933e-15
-5.34133e-15
-4.99857e-15
-8.71045e-15
 2.16855e-15
 7.68983e-15
 2.21216e-15
-1.10010e-14
 1.34289e-15
 6.11966e-15
-1.32868e-14
-1.23309e-14
-7.32040e-15
-1.08789e-14
 3.34080e-15
 9.48318e-15
-3.62046e-15
-6.93847e-15
 6.14389e-18
-2.80879e-15
 4.31940e-15
 1.03602e-14
 5.91865e-15
 5.36095e-15
 6.84127e-15
-9.09373e-15
-1.85112e-16
 1.36995e-14
 4.80186e-15
-2.58169e-15
-1.77796e-15
-1.58239e-14
-1.13617e-14
 2.23933e-15
 9.16820e-15
-5.81910e-15
-3.71132e-15
-1.22693e-14
-1.75178e-14
-8.76804e-15
 1.10694e-14
 4.13151e-15
 4.59343e-15
-3.56071e-15
-1.36257e-14
-1.82439e-14
-7.45908e-15
 8.08847e-16
-1.94975e-15
-1.17197e-14
-2.00197e-15
-4.51191e-15
-1.27959e-14
-6.06119e-15
-1.46038e-14
-1.80446e-14
 7.31838e-15
 1.14125e-14
 2.65321e-16
-3.97863e-15
-1.19353e-14
-1.72574e-14
-2.47680e-15
 6.37818e-16
 5.91486e-15
 6.58726e-15
 2.38830e-15
-1.13640e-14
-4.46005e-15
 3.52512e-15
 1.62517e-14
 8.82602e-15
 9.64725e-15
-4.10195e-15
-1.43823e-15
 1.56153e-14
 1.36339e-14
 5.42797e-15
 1.15038e-14
-4.56488e-15
-7.41165e-15
 8.34375e-15
 3.93356e-15
 2.13665e-15
 1.15410e-14
-6.85012e-15
-1.52171e-14
-4.91575e-15
-4.04646e-15
-3.71113e-15
 8.16405e-15
-3.48977e-15
-1.45186e-14
-1.08404e-14
-8.20069e-15
-7.40238e-15
 2.32979e-15
-4.47125e-15
-1.37473e-14
-1.52993e-14
-7.26236e-15
-1.12119e-14
-2.09307e-15
 1.35752e-15
 9.22849e-16
-7.21299e-15
 1.12761e-14
-4.53766e-16
 1.22041e-15
-2.40205e-15
-2.79382e-15
-1.84245e-15
 8.57047e-15
 2.57444e-15
 4.29130e-15
-1.01857e-14
-1.39946e-14
-7.42180e-15
 8.48599e-15
 9.69858e-15
 1.22596e-14
-3.89540e-15
-2.28953e-15
 2.20412e-15
 1.02536e-15
 4.06142e-15
 6.83925e-15
-3.08993e-15
-2.48366e-15
-7.43572e-15
-3.34126e-15
-1.09485e-15
-5.16704e-15
-6.71118e-15
 7.48518e-16
-8.12279e-15
-3.70569e-16
 6.85314e-15
 1.11486e-14
 8.91501e-17
-1.80400e-15
-1.60693e-14
 1.74339e-15
 7.74231e-15
 3.53429e-15
-1.42859e-15
 4.33214e-15
-1.05259e-14
 1.67846e-15
 7.93028e-15
 9.30934e-15
-3.87280e-15
-2.04937e-15
-2.95229e-15
-1.01493e-14
-4.89960e-15
-1.86423e-15
-1.25188e-14
-3.78986e-17
 7.16012e-15
-1.22368e-14
-2.35578e-15
-1.80614e-15
-8.20223e-16
 1.02159e-14
-1.39783e-15
-1.94590e-14
-3.30145e-15
 1.37660e-15
-2.20776e-15
 1.02315e-14
-2.21323e-15
-8.90453e-15
 3.81270e-15
 5.08950e-15
-8.92594e-15
 1.65371e-15
 4.28824e-16
-4.54764e-15
 4.22484e-15
 4.59624e-15
-5.28978e-15
-1.61916e-15
-8.64457e-15
 8.45376e-15
 5.36484e-15
-5.03634e-15
-4.95584e-15
 6.82602e-15
-5.49358e-15
-1.69619e-14
-5.60328e-15
-7.50115e-15
-9.77376e-15
 3.85338e-15
-3.27238e-16
-6.07937e-15
 8.14320e-16
-1.10195e-15
-6.65683e-15
 2.46434e-15
-3.79736e-15
-1.02851e-14
-3.32250e-15
-5.02810e-16
-7.50084e-15
-2.42838e-15
-3.21352e-15
 7.98313e-15
 1.27960e-14
 7.08315e-15
 6.00035e-15
 1.64956e-14
 9.47419e-15
-1.09366e-14
-6.12345e-15
-6.98849e-15
-1.03210e-14
-6.57657e-16
-6.58617e-15
 2.26950e-15
-6.88236e-16
-1.82529e-15
-4.25640e-15
 5.85866e-15
 5.37809e-15
 7.90163e-15
 9.03416e-15
 1.16382e-14
 1.50418e-14
 1.75677e-14
 8.24608e-15
 1.59742e-15
 4.85531e-15
 4.64171e-15
 4.90003e-16
 9.38398e-15
 3.76102e-15
-1.54773e-14
-1.07277e-14
-1.46164e-14
-1.95881e-14
-9.16655e-15
-8.14695e-15
-1.72419e-15
-2.19926e-15
-5.51197e-15
-9.56421e-15
 5.91114e-15
 6.21355e-15
 6.10321e-15
 1.36917e-14
 1.23843e-14
 9.83445e-15
 1.22836e-14
 7.25747e-15
-7.98485e-15
 3.34322e-16
-9.62728e-16
-1.08545e-15
 5.81446e-15
-3.90312e-15
-1.66338e-14
-1.63698e-14
-1.85396e-14
-1.84561e-14
-5.58091e-15
-1.12633e-14
-6.24084e-15
-5.87606e-15
-4.24826e-15
 1.49316e-15
 2.34434e-15
-2.73533e-15
 1.59897e-14
 1.29810e-14
 2.11982e-14
 2.53962e-14
 2.27677e-14
 2.11047e-14
-1.23788e-14
-1.07748e-14
-1.09762e-14
-1.12661e-14
-4.13773e-15
-1.05305e-14
 6.76759e-15
 9.11122e-15
-3.97198e-15
-1.18859e-14
 4.71419e-15
 3.23862e-15
 1.70878e-15
 1.36738e-14
 4.74597e-15
-6.99040e-15
 7.08799e-15
 1.25559e-15
 2.25277e-15
 9.82230e-15
-2.43201e-16
-4.98057e-15
 1.46231e-15
-6.73738e-15
-4.01095e-15
-1.69497e-15
-8.02724e-15
-3.08671e-15
 7.19691e-15
-3.21628e-15
-4.09202e-15
-3.79800e-15
-3.19153e-15
 6.35532e-15
 9.86971e-15
-6.05675e-16
-3.15537e-15
-4.20473e-15
-6.08656e-15
 1.97208e-15
 7.04139e-15
-6.85354e-15
-5.64261e-15
-8.10544e-15
-1.37879e-14
-4.44670e-15
 5.92721e-15
-4.33761e-15
-7.19586e-15
-7.95428e-15
-8.20161e-15
-2.48548e-15
 6.54419e-15
 2.62012e-15
-5.79015e-15
-2.60592e-15
-3.19130e-15
-5.80854e-16
 1.00530e-14
 5.81561e-15
 1.60775e-15
 9.21375e-15
 3.63490e-15
 3.09323e-15
 1.23354e-14
-1.35960e-16
-2.25085e-15
 8.67244e-15
 5.71614e-15
 9.04934e-15
 1.54713e-14
-3.90826e-15
-2.06756e-14
-1.86702e-14
-1.83626e-14
-1.65603e-14
-1.06931e-14
-1.75049e-14
 1.78458e-14
 2.27639e-14
 2.58468e-14
 2.34338e-14
 3.13061e-14
 3.09052e-14
-5.37177e-14
-5.16048e-14
-4.89570e-14
-4.90098e-14
-4.47110e-14
-4.87285e-14
-1.36309e-14
-1.56407e-14
-1.58858e-14
-1.57426e-14
-1.05039e-14
-1.27392e-14
 1.66075e-14
 2.13282e-14
 2.65554e-14
 2.75355e-14
 3.20661e-14
 2.36737e-14
-1.66918e-14
-1.62981e-14
-9.19431e-15
-4.36032e-15
-5.17969e-15
-1.47576e-14
-5.00512e-14
-5.16015e-14
-5.02694e-14
-5.02462e-14
-4.91923e-14
-5.49640e-14
 2.88050e-14
 3.59921e-14
 3.63558e-14
 3.18684e-14
 3.45365e-14
 2.64211e-14
 0.00000e+00
 6.77390e-16
-6.77390e-16
-1.35478e-15
 1.66400e-15
-3.44725e-15
-1.35478e-15
 6.77390e-16
-3.38695e-16
-6.77390e-16
 2.41523e-15
-4.65740e-15
 0.00000e+00
 1.35478e-15
 3.38695e-16
-3.38695e-16
 2.88269e-15
-3.67945e-15
 0.00000e+00
-6.77390e-16
 0.00000e+00
-1.35478e-15
 6.77390e-16
-3.38695e-15
-2.03217e-15
-1.35478e-15
-2.70956e-15
-3.38695e-15
 0.00000e+00
-6.77390e-15
 4.06434e-15
 4.74173e-15
 4.74173e-15
 4.40304e-15
 7.45129e-15
-6.77390e-16
-1.35478e-15
-1.35478e-15
-1.35478e-15
-2.70956e-15
 6.77390e-16
-6.77390e-15
 0.00000e+00
-6.77390e-16
 6.77390e-16
-6.77390e-16
 3.04826e-15
-4.06434e-15
-4.74173e-15
-2.70956e-15
-2.70956e-15
-6.09651e-15
-1.69348e-15
-1.01609e-14
 4.72061e-15
 5.41796e-15
 6.10330e-15
 5.39269e-15
 8.75951e-15
-7.08518e-16
-3.90959e-15
-3.43709e-15
-4.56935e-15
-5.66019e-15
-2.15931e-15
-9.41169e-15
 3.72312e-15
 4.01252e-15
 4.42878e-15
 4.75712e-15
 7.62866e-15
-1.24940e-15
 4.91655e-16
 9.27350e-16
 2.05013e-15
 3.52475e-16
 3.76207e-15
-4.95349e-15
 6.05809e-16
 2.63193e-15
 2.34188e-15
-2.32338e-17
 4.64150e-15
-5.09658e-15
 3.04010e-15
 3.80329e-15
 2.45623e-15
 1.54312e-16
 3.56947e-15
-2.64809e-15
 6.02141e-15
 2.95563e-15
 2.11805e-15
-8.33729e-16
 4.55648e-15
-1.81988e-16
 3.43415e-15
 5.92510e-17
-1.61602e-15
-3.31031e-16
 5.55805e-15
-2.22605e-15
-4.04551e-15
-5.38916e-15
-7.88314e-15
-4.84739e-15
-2.52968e-15
-1.06229e-14
 1.16780e-14
 9.90227e-15
 7.89778e-15
 9.02629e-15
 1.25661e-14
 5.45534e-15
 2.91462e-15
 1.50343e-15
 5.44812e-16
-5.79114e-16
 4.55799e-15
-2.44537e-15
-4.18013e-15
-3.99706e-15
-7.52305e-15
-1.16570e-14
-6.17344e-15
-7.09934e-15
 9.25753e-15
 5.85122e-15
 2.07073e-15
-1.83820e-15
 5.58078e-15
 6.85066e-15
 4.30250e-15
-3.43914e-15
-5.53262e-15
-4.79298e-15
 1.58614e-15
-4.41251e-16
 6.17382e-15
-8.48574e-16
-7.27189e-15
-3.77476e-15
 2.56054e-15
-1.81186e-15
 5.45961e-15
 9.69155e-16
-8.98871e-15
-3.05286e-15
 6.72217e-15
-3.97317e-15
-1.76222e-16
-7.84290e-15
-1.18050e-14
-1.60017e-15
 5.12752e-15
-7.75700e-15
 4.49756e-15
-2.49412e-15
-6.85409e-15
-4.79643e-16
 1.34130e-15
-1.32773e-14
 2.68051e-15
-1.71646e-15
-6.10565e-15
-1.09276e-15
 1.82580e-15
-1.32009e-14
 1.37878e-15
-1.98762e-15
-8.41879e-15
-6.09902e-15
-4.15195e-16
-1.06107e-14
 6.55113e-15
-1.52523e-15
-1.16094e-14
-9.90979e-15
-3.97101e-15
-1.28071e-14
 4.73978e-15
-5.11583e-15
-1.55073e-14
-5.27947e-15
 1.40091e-15
-1.58255e-14
-6.91466e-15
-8.40750e-15
-1.93318e-14
-1.26675e-14
 5.40869e-15
-7.42028e-15
-1.02372e-14
-5.28239e-15
-1.77606e-14
-1.38237e-14
 8.91487e-15
-2.23588e-15
-6.01908e-15
-6.76561e-15
-1.40153e-14
-1.17566e-14
 6.87276e-15
 1.40393e-15
 1.27180e-15
-5.09705e-15
-9.67228e-15
-1.17301e-14
-1.88090e-16
 1.07575e-15
 1.02621e-14
 6.99059e-15
 5.12547e-15
 6.53446e-15
 9.53451e-15
-8.29552e-16
 2.12908e-15
 7.93340e-15
 3.18316e-15
 3.09643e-15
 6.17835e-15
-1.31323e-14
-9.38830e-15
 8.69956e-15
 6.41075e-15
 4.21129e-16
 1.19677e-14
-6.04486e-15
-1.69609e-14
-3.95250e-15
-2.77077e-15
 3.18314e-15
 1.07145e-14
-1.39958e-14
-1.04592e-14
-1.01709e-15
-7.48989e-15
-2.99315e-15
 1.07780e-14
-9.89292e-15
-1.29639e-14
-1.68757e-15
-1.04807e-14
-1.62526e-14
 2.63164e-15
-6.70940e-15
-2.55620e-14
-7.09129e-15
-4.63005e-15
-1.13880e-14
 2.71582e-15
 1.21561e-15
-5.91367e-15
-2.43468e-15
 7.02786e-15
-4.44092e-15
-2.40139e-15
 1.77675e-16
 2.06345e-15
-2.15722e-15
-6.76772e-17
-2.19596e-15
-4.26728e-15
-3.48185e-15
-1.08579e-14
-9.31014e-15
-2.93121e-15
-5.76822e-15
 1.65050e-15
 8.18364e-15
-1.94175e-14
-1.17153e-14
-1.62041e-15
-9.77949e-15
-2.13365e-15
 2.14564e-15
-2.59498e-14
-1.39826e-14
-1.83851e-14
-1.70819e-14
-6.13678e-17
-8.18381e-15
-1.87993e-14
-6.14354e-15
-2.35464e-14
-1.57925e-14
 6.72486e-15
-1.82773e-14
-8.69393e-15
-3.08408e-15
-2.51122e-14
-1.38499e-14
 1.06244e-14
-1.34336e-14
-4.96786e-16
-1.91011e-16
-1.93029e-14
-1.54383e-14
 6.88066e-15
-2.33799e-15
 9.09122e-15
 2.32946e-15
-1.46282e-14
-1.68002e-14
 1.76566e-15
 4.33197e-15
 7.76344e-15
 1.28999e-14
-8.15665e-15
-2.50223e-14
-4.75951e-16
-3.25188e-15
-3.52323e-16
 4.27820e-15
-9.64977e-15
-4.82845e-15
 1.66103e-14
-9.04971e-16
-3.33099e-15
-1.32988e-15
-1.66315e-14
-6.99751e-15
 2.05548e-14
 4.50860e-15
-2.62461e-15
-1.97893e-15
-1.14134e-14
-7.07195e-15
 9.29069e-15
-1.45788e-15
 1.64020e-14
 5.14488e-15
-7.93621e-15
-7.49482e-15
 9.77762e-15
 1.35623e-14
 6.33327e-15
 3.61312e-15
 9.15249e-15
-5.63618e-15
 1.73675e-15
 1.56202e-14
 7.59062e-15
 1.00746e-18
 7.88695e-15
 9.24472e-16
 5.56860e-15
 1.71287e-14
 1.22869e-14
 3.55279e-15
 6.32362e-15
 1.04902e-15
 1.57718e-14
 3.06357e-14
 1.75819e-14
 1.20850e-14
-1.96337e-16
-8.01747e-15
 1.89178e-14
 2.57365e-14
 2.11424e-14
 1.16696e-14
 8.47189e-15
 1.23067e-14
 2.31390e-14
 1.76856e-14
 1.27104e-14
 9.95578e-15
 2.37806e-14
 1.48080e-14
 1.05188e-14
 1.73018e-14
 6.14957e-15
-4.65217e-15
 2.55331e-15
 8.16451e-15
 1.26710e-14
 1.32388e-14
-4.42791e-15
-1.24790e-14
 7.46088e-16
 1.18434e-14
 8.38310e-15
 2.89174e-15
 4.68835e-15
-4.95924e-15
 6.44919e-15
 1.03718e-14
 4.03905e-15
 7.68136e-15
-1.37145e-15
-4.40128e-15
 1.16710e-14
 7.82353e-15
 9.64049e-15
 2.39861e-14
-4.98540e-15
-1.05854e-14
 7.39030e-15
 7.16956e-16
-1.40298e-16
 2.63658e-14
-4.50825e-15
-5.65011e-15
 8.83862e-15
-7.11563e-16
-4.37031e-17
 1.71268e-14
-1.64658e-15
-5.78692e-16
 8.35280e-15
 1.75239e-15
 4.23396e-15
 1.60802e-14
 1.10784e-15
 1.98907e-15
 1.05168e-14
-3.05114e-15
 6.52741e-15
 2.76965e-14
-2.12885e-15
-3.41298e-15
-4.41840e-15
-1.32193e-14
-4.90393e-16
 1.74964e-14
-7.74470e-15
 1.76802e-15
 7.92145e-15
-1.49898e-14
 4.20872e-16
 1.61180e-14
 6.55275e-15
 8.63145e-15
 1.27720e-14
 2.73622e-15
 1.04267e-14
 2.27359e-14
-3.68828e-15
-3.85192e-15
 6.43235e-15
 2.07852e-15
 6.11522e-16
 7.92782e-15
-9.15683e-16
-1.27643e-14
-3.06873e-15
 3.55115e-15
 1.68994e-15
-1.17187e-15
 4.66266e-15
 1.63423e-15
 1.04028e-14
 9.28184e-15
-1.04298e-15
-3.21537e-15
 7.80123e-15
 6.00676e-15
 2.31384e-14
 1.96028e-14
 2.12140e-14
 2.27451e-14
-6.99061e-15
-1.37380e-14
 3.39592e-15
 4.81648e-15
 8.34666e-15
 1.43773e-14
-1.10338e-14
-1.98542e-14
-1.18261e-14
-1.20180e-14
-7.74665e-15
-2.20479e-15
 4.35634e-15
-2.05121e-15
 3.65408e-15
 7.18781e-16
 4.69307e-15
 1.38059e-14
 1.55332e-14
 1.94419e-14
 2.68453e-14
 2.25090e-14
 2.57951e-14
 3.22688e-14
-2.68815e-15
-1.10803e-14
 5.80737e-15
-9.22298e-16
-1.01808e-14
-2.21072e-15
-3.23343e-15
-1.76442e-14
 4.14669e-15
 1.12813e-14
-8.04172e-15
-8.10222e-15
 1.81252e-15
-1.63522e-14
 3.92253e-15
 7.25475e-15
-1.09416e-14
-7.37274e-15
 3.47354e-16
-1.03160e-14
 1.04119e-14
 7.49742e-15
-1.27211e-14
-6.03006e-15
 1.03974e-14
 3.60682e-15
 1.66262e-14
 1.98199e-15
-1.69027e-14
-9.71782e-15
 1.73344e-14
 1.57573e-14
 1.85148e-14
-7.24257e-16
-1.33650e-14
-1.35812e-14
 1.63752e-14
 1.48740e-14
 1.93734e-14
 1.76631e-15
-1.44460e-14
-1.30141e-14
 1.48556e-14
 1.53066e-14
 2.13342e-14
 1.84395e-15
-1.45896e-14
-1.63909e-14
 1.41748e-14
 1.55456e-14
 1.56998e-14
-4.03250e-15
-1.90424e-14
-2.44762e-14
 3.73399e-15
 1.01036e-15
 5.44337e-15
-9.98648e-15
-2.35544e-14
-2.34321e-14
-7.83183e-15
-2.02770e-14
-1.02958e-14
-1.36090e-14
-2.12184e-14
-1.24044e-14
-9.18372e-15
-2.60322e-14
-1.39333e-14
-1.63870e-14
-2.22666e-14
-4.88463e-15
-2.91922e-14
-3.25502e-14
-2.64266e-14
-2.78774e-14
-2.79732e-14
-2.55592e-14
 3.49985e-14
 3.48566e-14
 3.26358e-14
 3.28625e-14
 3.45941e-14
 2.36355e-14
-3.48278e-14
-3.44987e-14
-3.52674e-14
-3.66336e-14
-3.59665e-14
-4.61596e-14
-7.93862e-15
-8.80338e-15
 1.88816e-15
 4.69511e-15
-6.18998e-16
-6.33033e-15
 3.46685e-14
 3.35324e-14
 3.39949e-14
 3.43083e-14
 3.81435e-14
 3.32050e-14
-1.46341e-14
 1.41499e-15
 1.47971e-15
-9.60200e-15
-2.96861e-15
-8.51164e-15
-5.46515e-14
-4.50893e-14
-3.98267e-14
-4.57837e-14
-4.76680e-14
-5.44544e-14
 3.99916e-14
 3.83173e-14
 3.96151e-14
 4.02782e-14
 3.79097e-14
 3.21078e-14
 0.00000e+00
 6.77390e-16
-6.77390e-16
-1.35478e-15
 1.12574e-15
-4.79279e-15
-1.35478e-15
 6.77390e-16
-3.38695e-16
-6.77390e-16
 1.86917e-15
-6.07784e-15
 0.00000e+00
 1.35478e-15
 3.38695e-16
-3.38695e-16
 2.50627e-15
-4.62033e-15
 0.00000e+00
-6.77390e-16
 0.00000e+00
-1.35478e-15
 6.77390e-16
-3.38695e-15
-2.03217e-15
-1.35478e-15
-2.70956e-15
-3.38695e-15
 0.00000e+00
-6.77390e-15
 4.06434e-15
 4.74173e-15
 4.74173e-15
 4.40304e-15
 7.45129e-15
-6.77390e-16
-1.35478e-15
-1.35478e-15
-1.35478e-15
-2.70956e-15
 6.77390e-16
-6.77390e-15
 0.00000e+00
-6.77390e-16
 6.77390e-16
-6.77390e-16
 3.04826e-15
-4.06434e-15
-4.74173e-15
-2.70956e-15
-2.70956e-15
-6.09651e-15
-1.69348e-15
-1.01609e-14
 4.75542e-15
 5.48333e-15
 6.16729e-15
 5.43752e-15
 8.77612e-15
-7.26115e-16
-3.75893e-15
-2.87831e-15
-4.21435e-15
-5.63609e-15
-1.79688e-15
-8.98533e-15
 4.29560e-15
 5.03670e-15
 4.85535e-15
 4.64499e-15
 7.89225e-15
-1.11390e-15
 3.10045e-16
-3.50364e-16
 1.38192e-15
 1.06885e-15
 4.09859e-15
-4.73379e-15
-7.07455e-16
-2.37611e-16
 6.77993e-16
 2.09074e-16
 4.88306e-15
-3.88231e-15
-8.60904e-16
 4.65425e-16
 8.88236e-17
 1.27602e-17
 3.38319e-15
-4.72659e-15
-7.42742e-16
-2.31681e-16
 1.48428e-15
 2.78598e-16
 3.12384e-15
-6.82571e-15
 1.22054e-15
 2.49610e-15
 2.14769e-15
-5.49380e-16
 4.03240e-15
-4.32054e-15
-4.67584e-15
-1.64959e-15
-3.25028e-15
-7.88810e-15
-4.45286e-15
-6.96390e-15
 3.84366e-15
 7.75315e-15
 1.01785e-14
 5.58691e-15
 9.39998e-15
 7.19194e-15
-6.05161e-15
-2.93219e-15
 2.11861e-15
-8.14114e-16
 2.49588e-15
-3.14989e-15
-1.11230e-14
-7.89043e-15
-5.15515e-15
-3.97097e-15
-3.21462e-15
-1.07760e-14
 3.45241e-16
 4.93337e-15
 8.93304e-15
 1.02358e-14
 1.15810e-14
 1.54703e-15
-8.20366e-15
-2.42036e-15
 3.42946e-15
 4.52530e-15
 8.47219e-15
-1.92533e-15
-6.39102e-15
-1.77605e-15
 4.72925e-15
 3.05075e-15
 4.14633e-15
 9.05374e-16
 5.96688e-16
 1.65849e-15
 6.95186e-15
 1.64154e-15
-4.70639e-15
-1.06639e-14
 1.05916e-15
 2.54093e-16
 3.33395e-15
-2.29302e-15
-2.22635e-15
-5.58411e-15
-6.28185e-16
-1.92619e-15
-1.34107e-15
-1.99167e-15
 8.50520e-15
 8.66596e-15
-5.44540e-15
-1.70284e-15
-3.11520e-15
-2.21132e-15
 1.05600e-14
 4.10122e-15
-7.22951e-15
 1.12284e-16
 1.38691e-15
 1.80070e-15
 1.02791e-14
 2.38082e-15
 6.45765e-15
 4.66186e-15
 1.11956e-15
 1.00752e-15
 8.75530e-15
 4.30337e-15
 6.29864e-15
-2.37175e-16
-7.76404e-15
-6.64236e-15
 6.77693e-15
 6.13388e-15
 1.82782e-14
 7.61832e-15
-1.00865e-15
 2.01650e-15
 1.28150e-14
 1.09082e-14
 2.64366e-14
 9.01753e-15
 1.71394e-15
 3.38581e-15
 6.89811e-15
 7.71905e-15
 1.48889e-14
 1.42187e-15
-2.62623e-15
 9.18208e-16
 3.85567e-15
 1.11279e-15
 4.08995e-16
-3.71036e-15
-4.87211e-15
 3.87087e-15
 9.31785e-15
 3.18326e-16
 2.04220e-15
 3.34115e-16
 1.83191e-15
 5.91545e-15
 1.32894e-14
 7.54512e-15
 1.73934e-14
 8.43132e-15
 4.61894e-16
-1.17965e-15
 7.56005e-15
 8.42249e-15
 2.48173e-14
 8.18910e-15
 1.55776e-15
 2.64052e-15
 8.29687e-15
 1.39060e-14
 1.77528e-14
 5.61154e-15
 6.47663e-15
 8.20699e-15
 1.92240e-14
 2.83347e-14
 8.80784e-15
 4.10416e-15
 4.50876e-15
 1.29897e-14
 2.63988e-14
 2.88535e-14
 4.67296e-15
-1.05383e-15
 1.26154e-15
 1.70160e-14
 3.13056e-14
 3.26057e-14
 1.41036e-14
-9.52484e-16
 2.65679e-15
 2.23059e-14
 3.04302e-14
 3.01222e-14
 2.64577e-14
 2.31944e-15
-7.48065e-15
 1.86250e-14
 2.97244e-14
 1.72729e-14
 2.27877e-14
 2.09114e-15
-2.95971e-15
 2.35694e-14
 2.64878e-14
 8.54843e-15
 2.12548e-14
 7.53182e-15
-1.46448e-15
 2.68524e-14
 2.63060e-14
-4.80944e-16
 2.45388e-14
 8.11797e-15
-5.53421e-15
 2.23388e-14
 3.05298e-14
 2.53405e-15
 2.36067e-14
 7.78674e-15
 5.57110e-15
 2.47355e-14
 2.94765e-14
 2.19456e-14
 2.54645e-14
-3.86770e-16
 6.33482e-15
 1.79389e-14
 1.83511e-14
 3.23881e-14
 2.01501e-14
-3.15077e-15
 1.56678e-15
 1.45530e-14
 2.03138e-14
 3.42083e-14
 1.06784e-14
 6.28375e-16
 1.96864e-15
 1.73828e-14
 2.48700e-14
 1.97949e-14
 6.16265e-15
 5.15147e-15
 9.22335e-16
 1.72975e-14
 2.59520e-14
 5.33394e-15
-3.94716e-15
-5.94563e-15
-1.42775e-14
 7.55399e-16
 3.22057e-14
 2.63280e-14
-1.00954e-14
-9.78105e-15
-1.18118e-14
-1.04788e-14
 1.17421e-14
 1.63460e-14
-1.10595e-15
-3.13078e-15
-4.08018e-16
-1.40009e-15
 1.50679e-14
 2.16213e-14
-1.03316e-14
 3.85063e-15
 1.14674e-15
 1.02607e-15
 2.38655e-14
 1.81667e-14
 1.50215e-15
 1.13760e-14
-6.10567e-15
-1.82551e-15
 2.64305e-14
 1.00975e-14
-3.45172e-15
 2.65389e-15
-5.91921e-15
-2.59762e-15
 1.66009e-14
-1.85964e-15
 3.59312e-15
 1.11052e-14
-5.96799e-15
 6.85435e-16
 2.76929e-14
 1.49863e-14
 1.01652e-14
 1.89259e-14
 1.13174e-14
 6.86553e-15
 1.87334e-14
 5.39863e-15
-2.40840e-15
 8.50205e-15
 6.45058e-15
 4.20419e-15
 1.54445e-14
 8.19085e-15
-2.54621e-15
 7.27815e-15
-2.45677e-15
-1.19828e-14
 8.85408e-15
 2.11545e-15
 4.23335e-15
-1.30833e-16
-1.16990e-14
-2.37771e-14
-2.14627e-15
 4.08862e-15
 1.71167e-14
 1.15735e-14
-5.05362e-15
-1.39657e-14
 6.91820e-15
 1.24298e-14
 1.02608e-14
 1.90088e-14
-2.90555e-15
-2.17302e-14
 2.86568e-15
 7.88381e-15
 1.84750e-15
 1.22438e-14
-1.21009e-14
-1.55834e-14
 1.59941e-14
 1.12108e-14
 1.19390e-14
 8.04202e-15
-1.07695e-14
-6.98999e-15
 1.56117e-14
 8.36488e-15
 1.29071e-14
 1.33782e-14
-2.10602e-15
-5.88684e-15
 1.73986e-14
 8.89081e-15
 3.81623e-15
 9.94031e-16
-1.28833e-14
-5.55699e-15
 1.64202e-14
 4.36124e-15
-3.81047e-17
-5.29031e-15
-1.76228e-14
-1.95419e-14
 3.15874e-15
-2.18781e-15
 2.49786e-14
 1.33430e-14
 3.69475e-15
 2.81147e-15
 9.75777e-15
 3.35231e-15
-8.28346e-15
-2.84190e-15
-8.42004e-15
-1.60104e-14
-1.42060e-15
 3.00578e-15
 6.32153e-15
 4.01549e-15
-5.31653e-15
-4.76239e-15
 1.30297e-14
 1.05003e-14
 2.33640e-14
 2.68335e-14
 1.41899e-14
 1.71452e-15
 1.60023e-14
 1.62230e-14
 9.35492e-15
 1.18761e-14
-5.65545e-15
-1.47040e-14
 1.14822e-14
 1.55881e-14
-3.39865e-15
 2.93433e-15
-1.69087e-14
-3.82759e-14
-6.55989e-15
 9.79644e-16
 6.75918e-15
 1.80198e-14
-4.09757e-15
-2.54419e-14
 7.17751e-15
 1.72177e-14
 3.72188e-14
 3.44927e-14
 1.35494e-14
-7.11708e-15
 1.73649e-14
 2.43884e-14
 2.16949e-14
 2.46553e-14
 3.34419e-15
-1.62710e-14
 8.45626e-15
 9.40282e-15
 1.84035e-15
 5.61443e-15
-1.08961e-14
-2.42872e-14
-1.73914e-15
 3.74626e-15
 1.17760e-14
 1.74812e-14
 2.09046e-15
-7.85230e-15
 1.31420e-14
 1.73058e-14
 3.34306e-14
 3.53578e-14
 1.89557e-14
 5.30128e-15
 3.16833e-14
 3.32544e-14
 2.05122e-15
 1.40966e-14
-6.49403e-15
-2.29376e-14
 3.74590e-15
 5.10354e-15
 1.26722e-14
 2.68768e-14
 9.69303e-15
-1.18001e-14
 1.75198e-14
 2.52797e-14
-7.51758e-15
 1.08914e-14
-4.84423e-16
-7.44402e-15
 2.27412e-14
 2.00755e-14
-1.20717e-14
 9.63439e-15
-1.05417e-14
-1.57990e-14
 2.26942e-14
 1.30893e-14
-1.21111e-14
 5.61284e-15
-1.90144e-14
-1.66430e-14
 2.37288e-14
 1.16693e-14
-1.54532e-14
-3.92172e-15
-1.74473e-14
-1.18583e-14
 2.50650e-14
 1.84678e-14
-2.27205e-14
-4.82429e-15
-1.43907e-14
-1.03263e-14
 2.22022e-14
 1.50461e-14
-1.96236e-14
-1.73186e-15
-1.68426e-14
-1.90066e-14
 1.29455e-14
 3.73060e-15
-2.44836e-14
-7.51027e-15
-1.92647e-14
-1.88926e-14
 1.20723e-14
 5.30139e-15
-1.26634e-14
-1.54202e-15
-1.24470e-14
-5.46957e-15
 1.81338e-14
 4.51429e-15
-4.76114e-15
 8.46974e-15
-2.55088e-15
-6.13647e-17
 1.45764e-14
-5.71429e-15
-2.51753e-15
 1.41803e-14
 3.61139e-15
 2.12043e-15
 1.53196e-14
-4.90174e-15
-2.02149e-14
-1.16322e-14
-1.93372e-14
-2.04421e-14
-1.27472e-14
-2.53437e-14
 3.34087e-14
 3.19054e-14
 3.34888e-14
 3.50503e-14
 3.55103e-14
 3.12754e-14
-3.45896e-14
-3.55211e-14
-3.62136e-14
-3.61894e-14
-3.24798e-14
-3.96748e-14
-4.75842e-15
 4.39665e-15
-6.76458e-15
-1.46775e-14
-2.82187e-15
-1.30215e-14
 3.31670e-14
 3.40114e-14
 3.44983e-14
 3.42710e-14
 3.57836e-14
 2.62933e-14
 5.52412e-15
-7.16811e-15
-6.02642e-15
 4.41985e-15
 2.67774e-15
-4.37705e-15
-4.28050e-14
-4.90415e-14
-5.19670e-14
-4.77083e-14
-3.98174e-14
-4.30980e-14
 3.09674e-14
 3.48433e-14
 3.51653e-14
 3.49190e-14
 4.43519e-14
 4.12237e-14
 0.00000e+00
 6.77390e-16
-6.77390e-16
-1.35478e-15
 1.35478e-15
-4.06434e-15
-1.35478e-15
 6.77390e-16
-3.38695e-16
-6.77390e-16
 2.35472e-15
-4.63849e-15
 0.00000e+00
 1.35478e-15
 3.38695e-16
-3.38695e-16
 3.30181e-15
-3.14887e-15
 0.00000e+00
-6.77390e-16
 0.00000e+00
-1.35478e-15
 6.77390e-16
-3.38695e-15
-2.03217e-15
-1.35478e-15
-2.70956e-15
-3.38695e-15
 0.00000e+00
-6.77390e-15
 4.06434e-15
 4.74173e-15
 4.74173e-15
 4.40304e-15
 7.45129e-15
-6.77390e-16
-1.35478e-15
-1.35478e-15
-1.35478e-15
-2.70956e-15
 6.77390e-16
-6.77390e-15
 0.00000e+00
-6.77390e-16
 6.77390e-16
-6.77390e-16
 3.04826e-15
-4.06434e-15
-4.74173e-15
-2.70956e-15
-2.70956e-15
-6.09651e-15
-1.69348e-15
-1.01609e-14
 4.77384e-15
 5.42996e-15
 6.08398e-15
 5.44637e-15
 8.86610e-15
-6.17649e-16
-3.81814e-15
-3.14496e-15
-4.23730e-15
-5.56493e-15
-2.20346e-15
-9.48644e-15
 4.37845e-15
 5.12360e-15
 5.12482e-15
 4.60888e-15
 7.46961e-15
-1.45162e-15
 6.17556e-16
 1.24616e-15
 1.71500e-15
 1.01542e-16
 4.39642e-15
-4.44338e-15
-3.04050e-16
 1.92346e-15
 4.10544e-16
-1.29334e-15
 4.83494e-15
-5.48559e-15
 1.94690e-16
 2.09136e-15
 6.57198e-16
-1.21893e-15
 2.43563e-15
-5.23731e-15
-2.13792e-15
-2.20360e-16
 1.40564e-15
-2.49032e-15
 1.63973e-15
-5.94230e-15
-4.03513e-15
-8.13058e-16
-1.60709e-15
-4.11232e-15
 9.85446e-16
-9.45763e-15
-1.15988e-14
-8.08519e-15
-8.28536e-15
-8.75497e-15
-7.25904e-15
-1.51299e-14
 3.34208e-15
 6.60927e-15
 8.74753e-15
 8.72628e-15
 9.21748e-15
-7.16742e-16
-2.66375e-15
 5.95220e-16
 1.17389e-15
 8.96131e-16
 2.81068e-15
-1.13925e-14
-5.21300e-15
-2.52467e-15
-5.52466e-15
-8.14888e-15
-8.00949e-15
-1.78267e-14
 1.11582e-14
 1.16946e-14
 9.15186e-15
 4.52788e-15
 3.16016e-15
-6.39917e-15
 6.02658e-15
 4.15277e-15
 1.09388e-15
-1.69667e-15
-8.63944e-16
-1.18554e-14
 6.52157e-15
 4.14476e-15
-1.79675e-15
-4.05709e-15
-2.34293e-15
-9.81760e-15
 1.55885e-15
 3.49040e-15
 7.76615e-16
-3.83879e-15
-1.68882e-15
-8.73659e-15
-1.27154e-15
 2.40084e-15
 1.35996e-15
-3.28736e-15
 1.55257e-15
-7.10687e-15
-1.84071e-15
 1.11192e-16
 4.52704e-17
 3.00288e-15
 5.51676e-15
-9.90763e-15
-4.54278e-15
-4.29105e-15
-6.35387e-16
 4.63436e-15
 1.71391e-15
-1.58990e-14
-5.17739e-15
-4.02709e-15
-2.13291e-15
 1.12022e-15
-3.82782e-15
-2.08644e-14
-1.13018e-14
-2.94150e-15
 5.16220e-15
 7.77032e-15
-2.53225e-17
-2.14423e-14
-1.64840e-14
-5.45044e-15
 5.15279e-15
 9.66228e-15
 3.57270e-15
-1.90750e-14
-1.06985e-14
-2.79715e-15
 5.72344e-15
 7.73052e-15
-1.46756e-15
-2.29658e-14
-1.69538e-14
 2.94555e-16
 9.60810e-15
 9.51725e-15
 2.90072e-15
-2.24438e-14
-1.14342e-14
 2.31207e-15
 1.11922e-14
 1.20594e-14
 4.46797e-15
-1.98652e-14
-5.60797e-15
-3.72197e-15
 3.44804e-15
 7.99204e-15
-1.76915e-15
-1.97738e-14
 1.76220e-15
 2.59700e-16
 6.71284e-15
 1.48704e-14
 5.03510e-15
-1.69661e-14
-1.01043e-14
-1.84381e-15
 7.75355e-15
 8.04158e-15
-1.91151e-15
-2.22786e-14
-1.27190e-14
-3.02391e-16
 1.25233e-14
 1.19476e-14
-5.39877e-15
-2.93816e-14
-1.19099e-14
-6.69319e-15
 1.00655e-16
 3.29725e-15
-1.30880e-14
-4.18286e-14
-1.55818e-14
-1.23143e-14
 1.26551e-16
-4.10360e-15
-2.17388e-14
-3.73952e-14
-1.46119e-14
-9.37469e-15
-2.36842e-16
-5.67078e-15
-2.62411e-14
-4.02993e-14
-1.29558e-14
-5.13067e-15
 1.73846e-15
-8.13393e-16
-1.76492e-14
-4.13340e-14
-2.64663e-14
-2.15815e-15
 1.31532e-14
 1.22061e-15
-1.20205e-14
-3.33586e-14
-1.59565e-14
 1.24671e-14
 1.53842e-14
-6.24690e-15
-1.10833e-14
-2.91819e-14
-1.00743e-14
 1.99831e-15
 2.87616e-15
-1.16937e-14
-2.00908e-14
-3.02381e-14
-1.70749e-14
-9.21910e-15
 4.80954e-16
-1.08892e-14
-2.27155e-14
-2.57132e-14
-2.60461e-14
-1.24115e-14
-3.94448e-16
-1.41269e-14
-2.73191e-14
-3.80660e-14
-1.88574e-14
-2.21214e-15
 2.74147e-15
-6.70463e-15
-1.97290e-14
-4.42132e-14
-2.27891e-14
-2.56278e-15
 1.02487e-14
-1.30432e-15
-2.04989e-14
-4.50339e-14
-1.98772e-14
-7.72910e-15
 3.46059e-15
-7.34383e-15
-2.10139e-14
-3.38113e-14
-1.10959e-14
-7.70350e-15
 5.99646e-15
-4.85886e-15
-2.22150e-14
-2.85324e-14
 4.81785e-15
 7.86255e-15
 2.80052e-14
 2.31081e-14
-2.35443e-14
-6.30180e-14
 4.77930e-15
 4.33779e-15
 1.76839e-14
 1.69576e-14
-1.72425e-14
-5.18390e-14
-2.24001e-15
-2.25438e-15
 9.23313e-15
 1.35619e-14
-1.33437e-14
-4.78808e-14
 4.11849e-15
 2.19796e-15
 6.93173e-15
 1.32834e-16
-1.96707e-14
-4.52867e-14
 1.77255e-15
-1.16638e-14
 7.49224e-15
 9.74282e-15
-9.55941e-15
-1.93346e-14
-6.68310e-15
-1.07973e-14
 9.47336e-16
 7.74503e-15
-3.67633e-15
-1.87523e-14
-8.85294e-15
-8.89196e-15
 5.67617e-15
 5.60995e-15
-1.46497e-14
-2.93096e-14
-7.69705e-15
-1.93828e-14
-7.75884e-15
 1.63158e-16
-1.66218e-14
-2.86925e-14
 5.88583e-15
-5.46997e-15
-2.44196e-16
 6.23281e-15
-1.45612e-14
-3.18843e-14
-3.80530e-15
-9.37009e-15
 9.98260e-16
 4.21388e-15
-1.19269e-14
-2.60021e-14
 1.66705e-15
-1.09527e-14
 6.70085e-16
 1.50618e-14
-7.60336e-15
-3.30902e-14
-1.30970e-14
-9.45946e-15
 2.67859e-15
 1.27800e-14
-1.33394e-14
-4.94851e-14
 1.70685e-15
-7.56580e-15
-2.60337e-15
 1.02721e-14
-1.24177e-14
-4.34751e-14
 1.38577e-16
-6.51987e-15
 4.63813e-15
 4.21888e-15
-2.77417e-14
-5.30884e-14
-8.29951e-15
-6.42973e-15
 6.54121e-15
 7.13495e-15
-2.62146e-14
-5.11744e-14
-3.86642e-15
-8.56633e-16
 9.39138e-15
 6.50052e-15
-2.30620e-14
-5.74391e-14
 1.25195e-15
 6.28847e-15
 9.60529e-15
 1.28123e-15
-2.31641e-14
-4.96481e-14
-1.28776e-14
-3.24193e-15
 1.46346e-14
 8.59308e-15
-1.58878e-14
-3.99445e-14
 3.15865e-15
 1.33635e-14
 1.69036e-14
 1.60327e-14
-4.74622e-15
-3.92091e-14
-5.32093e-15
-3.58950e-15
-1.37797e-15
 3.10583e-15
-1.48802e-14
-5.12034e-14
 8.75113e-16
 1.81490e-15
 2.24425e-15
 7.78470e-15
-5.36110e-15
-3.56161e-14
 1.10236e-15
 8.74154e-16
 4.67946e-15
 5.03429e-15
-2.66299e-15
-2.87452e-14
 1.15819e-14
 5.53737e-15
-4.42424e-15
-4.65252e-15
-1.23588e-14
-3.62672e-14
-1.98291e-15
-9.25780e-15
-5.37461e-15
-2.57203e-15
-2.29338e-14
-4.16145e-14
 6.97340e-15
-5.06102e-15
 3.03409e-15
 1.33075e-14
-1.09531e-14
-4.37089e-14
 7.08930e-15
 7.00798e-15
 9.28399e-15
 2.33561e-14
 9.27102e-15
-2.31910e-14
-6.83107e-16
-4.29223e-15
-6.44845e-17
 8.82065e-15
-8.41298e-15
-3.69803e-14
-2.63602e-14
-2.97854e-14
-1.77516e-14
-1.01136e-14
-2.96509e-14
-5.85518e-14
-1.41278e-14
-1.48220e-14
-6.21603e-15
 9.62602e-15
-1.02480e-14
-3.87150e-14
 1.16576e-15
 1.92312e-15
 1.75294e-14
 2.70269e-14
 1.13134e-14
-1.34805e-14
-2.39816e-14
-2.78076e-14
-1.72018e-14
 5.39998e-15
-1.02717e-14
-3.27135e-14
-1.37625e-14
-1.90402e-14
-9.91844e-15
 1.13551e-14
-5.04603e-15
-3.22672e-14
 1.64986e-15
-1.50670e-14
-1.29658e-14
 4.79637e-15
-1.13572e-14
-3.50721e-14
 9.98170e-15
-1.58779e-14
-1.21504e-14
 7.00572e-15
-7.07370e-15
-2.30962e-14
 8.47726e-16
-1.37864e-14
-4.67234e-15
 1.02223e-14
-1.38753e-14
-3.30704e-14
-7.29816e-15
-1.98756e-14
-1.16763e-14
 5.49501e-15
-1.66832e-14
-4.31438e-14
-6.05574e-15
-2.00375e-14
-1.89295e-14
-4.26484e-15
-1.53507e-14
-3.76847e-14
-9.18056e-16
-1.47611e-14
-1.54688e-14
-1.71197e-15
-1.27770e-14
-3.20098e-14
-8.84740e-17
-1.15944e-14
-1.56259e-14
-6.67355e-15
-1.67605e-14
-3.66956e-14
-6.18021e-15
-1.08657e-14
-1.80176e-14
-1.77712e-14
-2.16566e-14
-3.68952e-14
-1.07907e-14
-1.49940e-14
-2.15252e-14
-2.45654e-14
-2.70333e-14
-3.75033e-14
-6.79661e-15
-1.72469e-14
-2.01876e-14
-2.15701e-14
-2.84093e-14
-3.51333e-14
-2.44156e-14
-3.52275e-14
-3.44538e-14
-3.30364e-14
-4.02764e-14
-4.50466e-14
 1.84765e-14
 1.66206e-14
 1.15803e-14
 1.12486e-14
 1.23896e-14
 3.38351e-15
-6.44755e-14
-6.64124e-14
-6.65643e-14
-6.76167e-14
-6.43535e-14
-6.60279e-14
-3.35458e-14
-3.88612e-14
-3.04776e-14
-2.71786e-14
-2.80773e-14
-2.58259e-14
 1.55909e-15
 6.03640e-15
 1.00816e-14
 9.09499e-15
 1.76593e-14
 1.82831e-14
-3.29230e-14
-2.78606e-14
-2.71362e-14
-3.33366e-14
-2.64164e-14
-2.26855e-14
-6.87966e-14
-6.91811e-14
-6.84696e-14
-6.92594e-14
-6.73252e-14
-7.06915e-14
 2.39708e-14
 2.08288e-14
 1.56756e-14
 1.84181e-14
 2.10305e-14
 1.02761e-14
 0.00000e+00
 0.00000e+00
 0.00000e+00
 0.00000e+00
 0.00000e+00
 0.00000e+00
 0.00000e+00
 0.00000e+00
 0.00000e+00
 0.00000e+00
 0.00000e+00
 0.00000e+00
 0.00000e+00
 0.00000e+00
 0.00000e+00
 0.00000e+00
 0.00000e+00
 0.00000e+00
 0.00000e+00
 0.00000e+00
 0.00000e+00
 0.00000e+00
 0.00000e+00
 0.00000e+00
 0.00000e+00
 0.00000e+00
 0.00000e+00
 0.00000e+00
 0.00000e+00
 0.00000e+00
 0.00000e+00
 0.00000e+00
 0.00000e+00
 0.00000e+00
 0.00000e+00
 0.00000e+00
 0.00000e+00
 0.00000e+00
 0.00000e+00
 0.00000e+00
 0.00000e+00
 0.00000e+00
 0.00000e+00
 0.00000e+00
 0.00000e+00
 0.00000e+00
 0.00000e+00
 0.00000e+00
 0.00000e+00
 0.00000e+00
 0.00000e+00
 0.00000e+00
 0.00000e+00
 0.00000e+00
 0.00000e+00
 0.00000e+00
 0.00000e+00
 0.00000e+00
 0.00000e+00
 0.00000e+00
 0.00000e+00
 0.00000e+00
 0.00000e+00
 0.00000e+00
 0.00000e+00
 0.00000e+00
 0.00000e+00
 0.00000e+00
 0.00000e+00
 0.00000e+00
 0.00000e+00
 0.00000e+00
 0.00000e+00
 0.00000e+00
 0.00000e+00
 0.00000e+00
 0.00000e+00
 0.00000e+00
 0.00000e+00
 0.00000e+00
 0.00000e+00
 0.00000e+00
 0.00000e+00
 0.00000e+00
 0.00000e+00
 0.00000e+00
 0.00000e+00
 0.00000e+00
 0.00000e+00
 0.00000e+00
 0.00000e+00
 0.00000e+00
 0.00000e+00
 0.00000e+00
 0.00000e+00
 0.00000e+00
 0.00000e+00
 0.00000e+00
 0.00000e+00
 0.00000e+00
 0.00000e+00
 0.00000e+00
 0.00000e+00
 0.00000e+00
 0.00000e+00
 0.00000e+00
 0.00000e+00
 0.00000e+00
 0.00000e+00
 0.00000e+00
 0.00000e+00
 0.00000e+00
 0.00000e+00
 0.00000e+00
 0.00000e+00
 0.00000e+00
 0.00000e+00
 0.00000e+00
 0.00000e+00
 0.00000e+00
 0.00000e+00
 0.00000e+00
 0.00000e+00
 0.00000e+00
 0.00000e+00
 0.00000e+00
 0.00000e+00
 0.00000e+00
 0.00000e+00
 0.00000e+00
 0.00000e+00
 0.00000e+00
 0.00000e+00
 0.00000e+00
 0.00000e+00
 0.00000e+00
 0.00000e+00
 0.00000e+00
 0.00000e+00
 0.00000e+00
 0.00000e+00
 0.00000e+00
 0.00000e+00
 0.00000e+00
 0.00000e+00
 0.00000e+00
 0.00000e+00
 0.00000e+00
 0.00000e+00
 0.00000e+00
 0.00000e+00
 0.00000e+00
 0.00000e+00
 0.00000e+00
 0.00000e+00
 0.00000e+00
 0.00000e+00
 0.00000e+00
 0.00000e+00
 0.00000e+00
 0.00000e+00
 0.00000e+00
 0.00000e+00
 0.00000e+00
 0.00000e+00
 0.00000e+00
 0.00000e+00
 0.00000e+00
 0.00000e+00
 0.00000e+00
 0.00000e+00
 0.00000e+00
 0.00000e+00
 0.00000e+00
 0.00000e+00
 0.00000e+00
 0.00000e+00
 0.00000e+00
 0.00000e+00
 0.00000e+00
 0.00000e+00
 0.00000e+00
 0.00000e+00
 0.00000e+00
 0.00000e+00
 0.00000e+00
 0.00000e+00
 0.00000e+00
 0.00000e+00
 0.00000e+00
 0.00000e+00
 0.00000e+00
 0.00000e+00
 0.00000e+00
 0.00000e+00
 0.00000e+00
 0.00000e+00
 0.00000e+00
 0.00000e+00
 0.00000e+00
 0.00000e+00
 0.00000e+00
 0.00000e+00
 0.00000e+00
 0.00000e+00
 0.00000e+00
 0.00000e+00
 0.00000e+00
 0.00000e+00
 0.00000e+00
 0.00000e+00
 0.00000e+00
 0.00000e+00
 0.00000e+00
 0.00000e+00
 0.00000e+00
 0.00000e+00
 0.00000e+00
 0.00000e+00
 0.00000e+00
 0.00000e+00
 0.00000e+00
 0.00000e+00
 0.00000e+00
 0.00000e+00
 0.00000e+00
 0.00000e+00
 0.00000e+00
 0.00000e+00
 0.00000e+00
 0.00000e+00
 0.00000e+00
 0.00000e+00
 0.00000e+00
 0.00000e+00
 0.00000e+00
 0.00000e+00
 0.00000e+00
 0.00000e+00
 0.00000e+00
 0.00000e+00
 0.00000e+00
 0.00000e+00
 0.00000e+00
 0.00000e+00
 0.00000e+00
 0.00000e+00
 0.00000e+00
 0.00000e+00
 0.00000e+00
 0.00000e+00
 0.00000e+00
 0.00000e+00
 0.00000e+00
 0.00000e+00
 0.00000e+00
 0.00000e+00
 0.00000e+00
 0.00000e+00
 0.00000e+00
 0.00000e+00
 0.00000e+00
 0.00000e+00
 0.00000e+00
 0.00000e+00
 0.00000e+00
 0.00000e+00
 0.00000e+00
 0.00000e+00
 0.00000e+00
 0.00000e+00
 0.00000e+00
 0.00000e+00
 0.00000e+00
 0.00000e+00
 0.00000e+00
 0.00000e+00
 0.00000e+00
 0.00000e+00
 0.00000e+00
 0.00000e+00
 0.00000e+00
 0.00000e+00
 0.00000e+00
 0.00000e+00
 0.00000e+00
 0.00000e+00
 0.00000e+00
 0.00000e+00
 0.00000e+00
 0.00000e+00
 0.00000e+00
 0.00000e+00
 0.00000e+00
 0.00000e+00
 0.00000e+00
 0.00000e+00
 0.00000e+00
 0.00000e+00
 0.00000e+00
 0.00000e+00
 0.00000e+00
 0.00000e+00
 0.00000e+00
 0.00000e+00
 0.00000e+00
 0.00000e+00
 0.00000e+00
 0.00000e+00
 0.00000e+00
 0.00000e+00
 0.00000e+00
 0.00000e+00
 0.00000e+00
 0.00000e+00
 0.00000e+00
 0.00000e+00
 0.00000e+00
 0.00000e+00
 0.00000e+00
 0.00000e+00
 0.00000e+00
 0.00000e+00
 0.00000e+00
 0.00000e+00
 0.00000e+00
 0.00000e+00
 0.00000e+00
 0.00000e+00
 0.00000e+00
 0.00000e+00
 0.00000e+00
 0.00000e+00
 0.00000e+00
 0.00000e+00
 0.00000e+00
 0.00000e+00
 0.00000e+00
 0.00000e+00
 0.00000e+00
 0.00000e+00
 0.00000e+00
 0.00000e+00
 0.00000e+00
 0.00000e+00
 0.00000e+00
 0.00000e+00
 0.00000e+00
 0.00000e+00
 0.00000e+00
 0.00000e+00
 0.00000e+00
 0.00000e+00
 0.00000e+00
 0.00000e+00
 0.00000e+00
 0.00000e+00
 0.00000e+00
 0.00000e+00
 0.00000e+00
 0.00000e+00
 0.00000e+00
 0.00000e+00
 0.00000e+00
 0.00000e+00
 0.00000e+00
 0.00000e+00
 0.00000e+00
 0.00000e+00
 0.00000e+00
 0.00000e+00
 0.00000e+00
 0.00000e+00
 0.00000e+00
 0.00000e+00
 0.00000e+00
 0.00000e+00
 0.00000e+00
 0.00000e+00
 0.00000e+00
 0.00000e+00
 0.00000e+00
 0.00000e+00
 0.00000e+00
 0.00000e+00
 0.00000e+00
 0.00000e+00
 0.00000e+00
 0.00000e+00
 0.00000e+00
 0.00000e+00
 0.00000e+00
 0.00000e+00
 0.00000e+00
 0.00000e+00
 0.00000e+00
 0.00000e+00
 0.00000e+00
 0.00000e+00
 0.00000e+00
 0.00000e+00
 0.00000e+00
 0.00000e+00
 0.00000e+00
 0.00000e+00
 0.00000e+00
 0.00000e+00
 0.00000e+00
 0.00000e+00
 0.00000e+00
 0.00000e+00
 0.00000e+00
 0.00000e+00
 0.00000e+00
 0.00000e+00
 0.00000e+00
 0.00000e+00
 0.00000e+00
 0.00000e+00
 0.00000e+00
 0.00000e+00
 0.00000e+00
 0.00000e+00
 0.00000e+00
 0.00000e+00
 0.00000e+00
 0.00000e+00
 0.00000e+00
 0.00000e+00
 0.00000e+00
 0.00000e+00
 0.00000e+00
 0.00000e+00
 0.00000e+00
 0.00000e+00
 0.00000e+00
 0.00000e+00
 0.00000e+00
 0.00000e+00
 0.00000e+00
 0.00000e+00
 0.00000e+00
 0.00000e+00
 0.00000e+00
 0.00000e+00
 0.00000e+00
 0.00000e+00
 0.00000e+00
 0.00000e+00
 0.00000e+00
 0.00000e+00
 0.00000e+00
 0.00000e+00
 0.00000e+00
 0.00000e+00
 0.00000e+00
 0.00000e+00
 0.00000e+00
 0.00000e+00
 0.00000e+00
 0.00000e+00
 0.00000e+00
 0.00000e+00
 0.00000e+00
 0.00000e+00
 0.00000e+00
 0.00000e+00
 0.00000e+00
 0.00000e+00
 0.00000e+00
 0.00000e+00
 0.00000e+00
 0.00000e+00
 0.00000e+00
 0.00000e+00
 0.00000e+00
 0.00000e+00
 0.00000e+00
 0.00000e+00
 0.00000e+00
 0.00000e+00
 0.00000e+00
 0.00000e+00
 0.00000e+00
 0.00000e+00
 0.00000e+00
 0.00000e+00
 0.00000e+00
 0.00000e+00
 0.00000e+00
 0.00000e+00
 0.00000e+00
 0.00000e+00
 0.00000e+00
 0.00000e+00
 0.00000e+00
 0.00000e+00
 0.00000e+00
 0.00000e+00
 0.00000e+00
 0.00000e+00
 0.00000e+00
 0.00000e+00
 0.00000e+00
 0.00000e+00
 0.00000e+00
 0.00000e+00
 0.00000e+00
 0.00000e+00
 0.00000e+00
 0.00000e+00
 0.00000e+00
 0.00000e+00
 0.00000e+00
 0.00000e+00
 0.00000e+00
 0.00000e+00
 0.00000e+00
 0.00000e+00
 0.00000e+00
 0.00000e+00
 0.00000e+00
 0.00000e+00
 0.00000e+00
 0.00000e+00
 0.00000e+00
 0.00000e+00
 0.00000e+00
 0.00000e+00
 0.00000e+00
 0.00000e+00
 0.00000e+00
 0.00000e+00
 0.00000e+00
 0.00000e+00
 0.00000e+00
 0.00000e+00
 0.00000e+00
 0.00000e+00
 0.00000e+00
 0.00000e+00
 0.00000e+00
 0.00000e+00
 0.00000e+00
 0.00000e+00
 0.00000e+00
 0.00000e+00
 0.00000e+00
 0.00000e+00
 0.00000e+00
 0.00000e+00
 0.00000e+00
 0.00000e+00
 0.00000e+00
 0.00000e+00
 0.00000e+00
 0.00000e+00
 0.00000e+00
 0.00000e+00
 0.00000e+00
 0.00000e+00
 0.00000e+00
 0.00000e+00
 0.00000e+00
 0.00000e+00
 0.00000e+00
 0.00000e+00
 0.00000e+00
 0.00000e+00
 0.00000e+00
 0.00000e+00
 0.00000e+00
 0.00000e+00
 0.00000e+00
 0.00000e+00
 0.00000e+00
 0.00000e+00
 0.00000e+00
 0.00000e+00
 0.00000e+00
 0.00000e+00
 0.00000e+00
 0.00000e+00
 0.00000e+00
 0.00000e+00
 0.00000e+00
 0.00000e+00
 0.00000e+00
 0.00000e+00
 0.00000e+00
 0.00000e+00
 0.00000e+00
 0.00000e+00
 0.00000e+00
 0.00000e+00
 0.00000e+00
 0.00000e+00
 0.00000e+00
 0.00000e+00
 0.00000e+00
 0.00000e+00
 0.00000e+00
 0.00000e+00
 0.00000e+00
 0.00000e+00
 0.00000e+00
