Velocity
part
         1
coordinates
 0.00000e+00
-2.04743e-02
-4.55778e-02
-5.46553e-02
-5.47848e-02
-3.93946e-02
-2.05975e-02
-4.75032e-03
 1.18197e-02
 3.04032e-02
 4.71771e-02
 6.08406e-02
 7.20853e-02
 8.17593e-02
 9.03451e-02
 9.81857e-02
 1.05528e-01
 1.12586e-01
 1.19506e-01
 1.26389e-01
 1.33295e-01
 1.40251e-01
 1.47305e-01
 1.54512e-01
 1.61918e-01
 1.69541e-01
 1.77361e-01
 1.85339e-01
 1.93462e-01
 2.01718e-01
 2.10089e-01
 2.18559e-01
 2.27125e-01
 2.35791e-01
 2.44555e-01
 2.53417e-01
 2.62388e-01
 2.71494e-01
 2.80794e-01
 2.90366e-01
 3.00288e-01
 3.10661e-01
 3.21568e-01
 3.33004e-01
 3.47442e-01
 3.71203e-01
 3.78500e-01
 3.66560e-01
 3.21262e-01
 2.17083e-01
 6.94251e-02
 3.24171e-03
 3.44185e-06
 3.65483e-10
 4.05092e-14
 5.22236e-18
-5.24104e-18
 2.18859e-16
 2.71781e-12
 1.59017e-08
 9.77530e-05
 0.00000e+00
 1.83852e-02
 1.38860e-02
 5.08569e-03
 4.80820e-03
 1.35190e-02
 2.57448e-02
 4.10060e-02
 5.44389e-02
 6.48527e-02
 7.47193e-02
 8.42730e-02
 9.29903e-02
 1.00698e-01
 1.07538e-01
 1.13734e-01
 1.19503e-01
 1.25040e-01
 1.30495e-01
 1.35940e-01
 1.41421e-01
 1.46984e-01
 1.52692e-01
 1.58626e-01
 1.64857e-01
 1.71433e-01
 1.78362e-01
 1.85616e-01
 1.93143e-01
 2.00896e-01
 2.08841e-01
 2.16959e-01
 2.25240e-01
 2.33681e-01
 2.42278e-01
 2.51021e-01
 2.59908e-01
 2.68959e-01
 2.78221e-01
 2.87765e-01
 2.97677e-01
 3.08061e-01
 3.18975e-01
 3.30400e-01
 3.44881e-01
 3.68658e-01
 3.75865e-01
 3.64029e-01
 3.18994e-01
 2.15198e-01
 6.82300e-02
 3.11194e-03
 3.19207e-06
 3.42437e-10
 3.83050e-14
 2.61215e-18
-2.63291e-18
 2.18410e-16
 2.71782e-12
 1.59017e-08
 9.77530e-05
 0.00000e+00
 2.97066e-02
 4.78015e-02
 5.45161e-02
 5.18234e-02
 4.94195e-02
 5.16458e-02
 5.69593e-02
 6.41495e-02
 7.19122e-02
 7.94784e-02
 8.67072e-02
 9.36144e-02
 1.00154e-01
 1.06427e-01
 1.12415e-01
 1.18156e-01
 1.23767e-01
 1.29333e-01
 1.34904e-01
 1.40540e-01
 1.46311e-01
 1.52295e-01
 1.58542e-01
 1.65080e-01
 1.71915e-01
 1.79026e-01
 1.86388e-01
 1.93987e-01
 2.01802e-01
 2.09800e-01
 2.17950e-01
 2.26239e-01
 2.34664e-01
 2.43225e-01
 2.51915e-01
 2.60739e-01
 2.69724e-01
 2.78927e-01
 2.88428e-01
 2.98327e-01
 3.08735e-01
 3.19702e-01
 3.31209e-01
 3.45976e-01
 3.69949e-01
 3.76596e-01
 3.64258e-01
 3.17872e-01
 2.11946e-01
 6.48016e-02
 2.74629e-03
 2.54194e-06
 2.81605e-10
 3.23849e-14
 2.61221e-18
-2.63066e-18
 2.19579e-16
 2.71781e-12
 1.59017e-08
 9.77530e-05
 0.00000e+00
 2.71982e-02
 4.29930e-02
 5.29199e-02
 5.60488e-02
 5.65276e-02
 5.68699e-02
 6.01858e-02
 6.62834e-02
 7.21869e-02
 7.90301e-02
 8.57161e-02
 9.23549e-02
 9.86930e-02
 1.04767e-01
 1.10713e-01
 1.16597e-01
 1.22457e-01
 1.28322e-01
 1.34208e-01
 1.40170e-01
 1.46267e-01
 1.52542e-01
 1.59056e-01
 1.65857e-01
 1.72930e-01
 1.80235e-01
 1.87750e-01
 1.95453e-01
 2.03319e-01
 2.11328e-01
 2.19462e-01
 2.27717e-01
 2.36096e-01
 2.44591e-01
 2.53203e-01
 2.61945e-01
 2.70852e-01
 2.79996e-01
 2.89469e-01
 2.99369e-01
 3.09802e-01
 3.20813e-01
 3.32387e-01
 3.47473e-01
 3.71333e-01
 3.76823e-01
 3.63412e-01
 3.14625e-01
 2.05546e-01
 5.90716e-02
 2.20873e-03
 1.73088e-06
 2.03146e-10
 2.44947e-14
 2.61192e-18
-2.62941e-18
 2.20795e-16
 2.71781e-12
 1.59017e-08
 9.77530e-05
 0.00000e+00
 1.49921e-02
 2.98448e-02
 4.34922e-02
 5.02935e-02
 5.51342e-02
 5.68031e-02
 5.98923e-02
 6.55471e-02
 7.12024e-02
 7.76712e-02
 8.41614e-02
 9.07144e-02
 9.71087e-02
 1.03340e-01
 1.09482e-01
 1.15575e-01
 1.21667e-01
 1.27779e-01
 1.33929e-01
 1.40161e-01
 1.46533e-01
 1.53107e-01
 1.59915e-01
 1.66964e-01
 1.74233e-01
 1.81688e-01
 1.89305e-01
 1.97061e-01
 2.04932e-01
 2.12900e-01
 2.20964e-01
 2.29133e-01
 2.37418e-01
 2.45818e-01
 2.54339e-01
 2.63001e-01
 2.71847e-01
 2.80952e-01
 2.90407e-01
 3.00304e-01
 3.10746e-01
 3.21763e-01
 3.33352e-01
 3.48864e-01
 3.72398e-01
 3.76331e-01
 3.61340e-01
 3.09174e-01
 1.95876e-01
 5.13050e-02
 1.59935e-03
 1.00485e-06
 1.28524e-10
 1.65959e-14
 2.61102e-18
-2.63094e-18
 2.19173e-16
 2.71781e-12
 1.59017e-08
 9.77530e-05
 0.00000e+00
 3.27382e-03
 1.37385e-02
 2.89019e-02
 3.98589e-02
 4.92429e-02
 5.35175e-02
 5.78061e-02
 6.32199e-02
 6.89229e-02
 7.53709e-02
 8.19067e-02
 8.87035e-02
 9.53966e-02
 1.01920e-01
 1.08336e-01
 1.14695e-01
 1.21042e-01
 1.27404e-01
 1.33806e-01
 1.40306e-01
 1.46967e-01
 1.53823e-01
 1.60886e-01
 1.68122e-01
 1.75482e-01
 1.82948e-01
 1.90519e-01
 1.98192e-01
 2.05961e-01
 2.13821e-01
 2.21783e-01
 2.29861e-01
 2.38062e-01
 2.46389e-01
 2.54852e-01
 2.63475e-01
 2.72308e-01
 2.81426e-01
 2.90917e-01
 3.00867e-01
 3.11372e-01
 3.22435e-01
 3.34087e-01
 3.50293e-01
 3.73192e-01
 3.75219e-01
 3.58043e-01
 3.01401e-01
 1.82821e-01
 4.20979e-02
 1.02747e-03
 4.98983e-07
 7.14202e-11
 1.00315e-14
 2.61070e-18
-2.62139e-18
 2.17669e-16
 2.71782e-12
 1.59017e-08
 9.77530e-05
 0.00000e+00
-4.14491e-04
 4.15261e-03
 1.53898e-02
 2.70160e-02
 3.85919e-02
 4.63575e-02
 5.29583e-02
 5.87548e-02
 6.52432e-02
 7.19860e-02
 7.89956e-02
 8.62051e-02
 9.33691e-02
 1.00330e-01
 1.07120e-01
 1.13809e-01
 1.20462e-01
 1.27113e-01
 1.33797e-01
 1.40561e-01
 1.47456e-01
 1.54498e-01
 1.61681e-01
 1.68966e-01
 1.76323e-01
 1.83757e-01
 1.91275e-01
 1.98876e-01
 2.06561e-01
 2.14336e-01
 2.22214e-01
 2.30215e-01
 2.38349e-01
 2.46626e-01
 2.55064e-01
 2.63693e-01
 2.72561e-01
 2.81737e-01
 2.91300e-01
 3.01330e-01
 3.11913e-01
 3.23018e-01
 3.34764e-01
 3.51976e-01
 3.73651e-01
 3.73582e-01
 3.53417e-01
 2.91031e-01
 1.66186e-01
 3.22761e-02
 5.75442e-04
 2.15059e-07
 3.50258e-11
 5.40114e-15
 2.60533e-18
-2.61398e-18
 2.17443e-16
 2.71782e-12
 1.59017e-08
 9.77530e-05
 0.00000e+00
-7.02660e-04
 2.83197e-03
 1.12463e-02
 1.99173e-02
 2.97026e-02
 3.79681e-02
 4.61108e-02
 5.28277e-02
 6.02056e-02
 6.76115e-02
 7.52882e-02
 8.31585e-02
 9.09919e-02
 9.85279e-02
 1.05794e-01
 1.12910e-01
 1.19933e-01
 1.26914e-01
 1.33894e-01
 1.40911e-01
 1.47985e-01
 1.55138e-01
 1.62379e-01
 1.69684e-01
 1.77032e-01
 1.84428e-01
 1.91883e-01
 1.99406e-01
 2.07009e-01
 2.14706e-01
 2.22519e-01
 2.30466e-01
 2.38560e-01
 2.46816e-01
 2.55255e-01
 2.63909e-01
 2.72826e-01
 2.82069e-01
 2.91707e-01
 3.01816e-01
 3.12472e-01
 3.23597e-01
 3.35501e-01
 3.54113e-01
 3.73679e-01
 3.71341e-01
 3.47258e-01
 2.77638e-01
 1.45820e-01
 2.28135e-02
 2.74789e-04
 8.25174e-08
 1.52905e-11
 2.59376e-15
 5.21498e-18
-5.23561e-18
 2.19689e-16
 2.71781e-12
 1.59017e-08
 9.77530e-05
 0.00000e+00
-7.51138e-04
 3.77739e-03
 1.11865e-02
 1.91075e-02
 2.78611e-02
 3.54606e-02
 4.31554e-02
 4.99754e-02
 5.73282e-02
 6.46852e-02
 7.23711e-02
 8.02901e-02
 8.84324e-02
 9.65300e-02
 1.04354e-01
 1.11957e-01
 1.19399e-01
 1.26751e-01
 1.34059e-01
 1.41320e-01
 1.48556e-01
 1.55797e-01
 1.63060e-01
 1.70348e-01
 1.77661e-01
 1.85008e-01
 1.92403e-01
 1.99862e-01
 2.07405e-01
 2.15051e-01
 2.22820e-01
 2.30728e-01
 2.38793e-01
 2.47037e-01
 2.55484e-01
 2.64172e-01
 2.73145e-01
 2.82458e-01
 2.92171e-01
 3.02353e-01
 3.13073e-01
 3.24205e-01
 3.36414e-01
 3.56754e-01
 3.73146e-01
 3.68297e-01
 3.39237e-01
 2.60678e-01
 1.22062e-01
 1.44845e-02
 1.08920e-04
 2.88131e-08
 5.98955e-12
 1.10329e-15
 2.61058e-18
-2.63288e-18
 2.18712e-16
 2.71781e-12
 1.59017e-08
 9.77530e-05
 0.00000e+00
 2.03529e-04
 5.10937e-03
 1.22981e-02
 1.97488e-02
 2.81017e-02
 3.54910e-02
 4.29164e-02
 4.96094e-02
 5.67222e-02
 6.38693e-02
 7.12983e-02
 7.89882e-02
 8.69852e-02
 9.51222e-02
 1.03196e-01
 1.11118e-01
 1.18882e-01
 1.26514e-01
 1.34055e-01
 1.41522e-01
 1.48904e-01
 1.56234e-01
 1.63547e-01
 1.70855e-01
 1.78168e-01
 1.85497e-01
 1.92863e-01
 2.00290e-01
 2.07801e-01
 2.15414e-01
 2.23151e-01
 2.31035e-01
 2.39086e-01
 2.47328e-01
 2.55791e-01
 2.64516e-01
 2.73546e-01
 2.82926e-01
 2.92707e-01
 3.02960e-01
 3.13738e-01
 3.24869e-01
 3.37644e-01
 3.59623e-01
 3.71967e-01
 3.64247e-01
 3.28806e-01
 2.39551e-01
 9.57803e-02
 8.03008e-03
 3.49595e-05
 9.11828e-09
 2.10363e-12
 4.18301e-16
-1.08095e-20
-1.08095e-20
 2.17139e-16
 2.71782e-12
 1.59017e-08
 9.77530e-05
 0.00000e+00
 1.74307e-03
 6.82622e-03
 1.39677e-02
 2.13574e-02
 2.91776e-02
 3.64489e-02
 4.35069e-02
 5.01084e-02
 5.69817e-02
 6.40111e-02
 7.12720e-02
 7.87955e-02
 8.66092e-02
 9.46343e-02
 1.02701e-01
 1.10697e-01
 1.18586e-01
 1.26363e-01
 1.34056e-01
 1.41659e-01
 1.49157e-01
 1.56569e-01
 1.63929e-01
 1.71269e-01
 1.78602e-01
 1.85942e-01
 1.93310e-01
 2.00729e-01
 2.08224e-01
 2.15819e-01
 2.23541e-01
 2.31415e-01
 2.39463e-01
 2.47711e-01
 2.56193e-01
 2.64954e-01
 2.74035e-01
 2.83474e-01
 2.93318e-01
 3.03644e-01
 3.14472e-01
 3.25615e-01
 3.39380e-01
 3.62399e-01
 3.70036e-01
 3.58827e-01
 3.15212e-01
 2.13668e-01
 6.88474e-02
 3.77083e-03
 8.94054e-06
 2.53497e-09
 6.53286e-13
 1.37700e-16
-2.23126e-20
 2.46667e-21
 2.17449e-16
 2.71784e-12
 1.59017e-08
 9.77530e-05
 0.00000e+00
 3.44533e-03
 8.98272e-03
 1.61190e-02
 2.35948e-02
 3.11332e-02
 3.82958e-02
 4.50809e-02
 5.14886e-02
 5.80842e-02
 6.48681e-02
 7.18761e-02
 7.91697e-02
 8.67965e-02
 9.46947e-02
 1.02703e-01
 1.10680e-01
 1.18586e-01
 1.26408e-01
 1.34163e-01
 1.41853e-01
 1.49442e-01
 1.56923e-01
 1.64327e-01
 1.71694e-01
 1.79048e-01
 1.86403e-01
 1.93778e-01
 2.01198e-01
 2.08689e-01
 2.16279e-01
 2.23999e-01
 2.31875e-01
 2.39928e-01
 2.48187e-01
 2.56688e-01
 2.65478e-01
 2.74602e-01
 2.84095e-01
 2.94002e-01
 3.04406e-01
 3.15272e-01
 3.26486e-01
 3.41888e-01
 3.64540e-01
 3.67311e-01
 3.51450e-01
 2.97527e-01
 1.82592e-01
 4.42004e-02
 1.45418e-03
 1.83481e-06
 6.00527e-10
 1.76052e-13
 4.06531e-17
-1.08535e-20
-1.31663e-20
 2.14421e-16
 2.71785e-12
 1.59017e-08
 9.77530e-05
 0.00000e+00
 4.88657e-03
 1.12618e-02
 1.86378e-02
 2.62296e-02
 3.37381e-02
 4.08960e-02
 4.75458e-02
 5.38152e-02
 6.01259e-02
 6.66295e-02
 7.33272e-02
 8.02945e-02
 8.76045e-02
 9.52490e-02
 1.03089e-01
 1.10981e-01
 1.18862e-01
 1.26690e-01
 1.34459e-01
 1.42175e-01
 1.49808e-01
 1.57334e-01
 1.64770e-01
 1.72158e-01
 1.79529e-01
 1.86897e-01
 1.94282e-01
 2.01707e-01
 2.09199e-01
 2.16791e-01
 2.24516e-01
 2.32400e-01
 2.40463e-01
 2.48736e-01
 2.57256e-01
 2.66073e-01
 2.75235e-01
 2.84779e-01
 2.94756e-01
 3.05247e-01
 3.16127e-01
 3.27582e-01
 3.45466e-01
 3.65322e-01
 3.63710e-01
 3.41283e-01
 2.74661e-01
 1.46215e-01
 2.47387e-02
 4.45701e-04
 3.21825e-07
 1.22025e-10
 4.10035e-14
 3.76661e-18
 2.61289e-18
-2.62428e-18
 2.17127e-16
 2.71784e-12
 1.59017e-08
 9.77530e-05
 0.00000e+00
 6.02676e-03
 1.31286e-02
 2.08376e-02
 2.86887e-02
 3.63983e-02
 4.37571e-02
 5.05898e-02
 5.68523e-02
 6.29230e-02
 6.91396e-02
 7.55329e-02
 8.21583e-02
 8.91142e-02
 9.64260e-02
 1.04005e-01
 1.11715e-01
 1.19480e-01
 1.27241e-01
 1.34966e-01
 1.42652e-01
 1.50280e-01
 1.57819e-01
 1.65271e-01
 1.72668e-01
 1.80046e-01
 1.87420e-01
 1.94811e-01
 2.02241e-01
 2.09739e-01
 2.17337e-01
 2.25071e-01
 2.32965e-01
 2.41041e-01
 2.49329e-01
 2.57871e-01
 2.66717e-01
 2.75920e-01
 2.85520e-01
 2.95581e-01
 3.06163e-01
 3.17031e-01
 3.29120e-01
 3.49994e-01
 3.64399e-01
 3.58561e-01
 3.27463e-01
 2.45450e-01
 1.06259e-01
 1.15086e-02
 1.04163e-04
 5.41297e-08
 2.25865e-11
 8.49115e-15
-5.21301e-18
 5.21337e-18
-5.23019e-18
 2.22622e-16
 2.71784e-12
 1.59017e-08
 9.77530e-05
 0.00000e+00
 6.85773e-03
 1.45599e-02
 2.25285e-02
 3.05529e-02
 3.83934e-02
 4.59516e-02
 5.30667e-02
 5.96465e-02
 6.58262e-02
 7.19557e-02
 7.81600e-02
 8.45193e-02
 9.11393e-02
 9.80943e-02
 1.05356e-01
 1.12817e-01
 1.20387e-01
 1.28007e-01
 1.35636e-01
 1.43256e-01
 1.50842e-01
 1.58363e-01
 1.65807e-01
 1.73196e-01
 1.80563e-01
 1.87931e-01
 1.95318e-01
 2.02750e-01
 2.10254e-01
 2.17867e-01
 2.25621e-01
 2.33537e-01
 2.41631e-01
 2.49940e-01
 2.58510e-01
 2.67396e-01
 2.76648e-01
 2.86317e-01
 2.96483e-01
 3.07145e-01
 3.18006e-01
 3.31485e-01
 3.54223e-01
 3.61897e-01
 3.51174e-01
 3.08654e-01
 2.08903e-01
 6.72506e-02
 4.21687e-03
 1.78374e-05
 8.95838e-09
 4.02563e-12
 1.62073e-15
-2.59569e-18
 2.59484e-18
-2.60410e-18
 2.20445e-16
 2.71783e-12
 1.59017e-08
 9.77530e-05
 0.00000e+00
 7.42607e-03
 1.55931e-02
 2.37969e-02
 3.19020e-02
 3.98308e-02
 4.74853e-02
 5.47622e-02
 6.15513e-02
 6.79358e-02
 7.41480e-02
 8.03706e-02
 8.66813e-02
 9.31687e-02
 9.99012e-02
 1.06903e-01
 1.14116e-01
 1.21468e-01
 1.28910e-01
 1.36399e-01
 1.43910e-01
 1.51420e-01
 1.58890e-01
 1.66305e-01
 1.73676e-01
 1.81027e-01
 1.88385e-01
 1.95769e-01
 2.03205e-01
 2.10721e-01
 2.18354e-01
 2.26135e-01
 2.34077e-01
 2.42202e-01
 2.50545e-01
 2.59159e-01
 2.68100e-01
 2.77420e-01
 2.87179e-01
 2.97473e-01
 3.08172e-01
 3.19166e-01
 3.35234e-01
 3.56827e-01
 3.57956e-01
 3.40442e-01
 2.83109e-01
 1.64649e-01
 3.55767e-02
 1.16796e-03
 2.24333e-06
 1.30455e-09
 6.62680e-13
 2.80746e-16
 8.02269e-21
-1.90693e-20
 9.83994e-21
 2.16673e-16
 2.71782e-12
 1.59017e-08
 9.77530e-05
 0.00000e+00
 7.78345e-03
 1.62596e-02
 2.46134e-02
 3.27746e-02
 4.07324e-02
 4.84391e-02
 5.57978e-02
 6.27514e-02
 6.93105e-02
 7.56552e-02
 8.19491e-02
 8.82747e-02
 9.47053e-02
 1.01327e-01
 1.08180e-01
 1.15236e-01
 1.22433e-01
 1.29730e-01
 1.37089e-01
 1.44488e-01
 1.51908e-01
 1.59328e-01
 1.66714e-01
 1.74068e-01
 1.81408e-01
 1.88761e-01
 1.96149e-01
 2.03596e-01
 2.11132e-01
 2.18795e-01
 2.26610e-01
 2.34588e-01
 2.42750e-01
 2.51141e-01
 2.59815e-01
 2.68830e-01
 2.78239e-01
 2.88123e-01
 2.98552e-01
 3.09226e-01
 3.20826e-01
 3.40707e-01
 3.56596e-01
 3.52315e-01
 3.24775e-01
 2.48988e-01
 1.14634e-01
 1.51427e-02
 2.34807e-04
 2.33362e-07
 1.56799e-10
 9.29973e-14
 4.21004e-17
 1.53608e-21
-2.14260e-20
 3.35304e-21
 2.14372e-16
 2.71783e-12
 1.59017e-08
 9.77530e-05
 0.00000e+00
 7.96693e-03
 1.65885e-02
 2.50261e-02
 3.32056e-02
 4.11683e-02
 4.88806e-02
 5.62895e-02
 6.33445e-02
 7.00560e-02
 7.65347e-02
 8.29362e-02
 8.93269e-02
 9.57672e-02
 1.02342e-01
 1.09107e-01
 1.16057e-01
 1.23148e-01
 1.30342e-01
 1.37609e-01
 1.44924e-01
 1.52274e-01
 1.59641e-01
 1.67007e-01
 1.74352e-01
 1.81691e-01
 1.89048e-01
 1.96449e-01
 2.03918e-01
 2.11487e-01
 2.19192e-01
 2.27050e-01
 2.35071e-01
 2.43283e-01
 2.51736e-01
 2.60489e-01
 2.69600e-01
 2.79124e-01
 2.89168e-01
 2.99705e-01
 3.10338e-01
 3.23624e-01
 3.46090e-01
 3.53796e-01
 3.43597e-01
 3.02364e-01
 2.04761e-01
 6.64820e-02
 4.78336e-03
 3.23355e-05
 2.48896e-08
 1.73063e-11
 1.12825e-14
 5.87481e-18
-2.60825e-18
-8.49667e-21
-1.08096e-20
 2.17562e-16
 2.71784e-12
 1.59017e-08
 9.77530e-05
 0.00000e+00
 8.02497e-03
 1.66835e-02
 2.51392e-02
 3.33194e-02
 4.12642e-02
 4.89631e-02
 5.63873e-02
 6.34851e-02
 7.02865e-02
 7.68940e-02
 8.33948e-02
 8.98687e-02
 9.63639e-02
 1.02948e-01
 1.09679e-01
 1.16572e-01
 1.23599e-01
 1.30728e-01
 1.37933e-01
 1.45192e-01
 1.52492e-01
 1.59824e-01
 1.67172e-01
 1.74520e-01
 1.81871e-01
 1.89246e-01
 1.96673e-01
 2.04176e-01
 2.11792e-01
 2.19552e-01
 2.27462e-01
 2.35536e-01
 2.43813e-01
 2.52347e-01
 2.61200e-01
 2.70428e-01
 2.80103e-01
 2.90335e-01
 3.00889e-01
 3.11735e-01
 3.28466e-01
 3.48800e-01
 3.48851e-01
 3.30126e-01
 2.70557e-01
 1.50347e-01
 3.04746e-02
 1.06668e-03
 2.97556e-06
 2.58099e-09
 1.93472e-12
 1.31162e-15
 5.24253e-18
-2.60428e-18
-2.61589e-18
-2.31991e-20
 2.20279e-16
 2.71782e-12
 1.59017e-08
 9.77530e-05
 0.00000e+00
 8.02623e-03
 1.66784e-02
 2.51175e-02
 3.32754e-02
 4.11847e-02
 4.88432e-02
 5.62436e-02
 6.33608e-02
 7.02217e-02
 7.68960e-02
 8.34697e-02
 9.00044e-02
 9.65599e-02
 1.03184e-01
 1.09922e-01
 1.16797e-01
 1.23796e-01
 1.30893e-01
 1.38066e-01
 1.45295e-01
 1.52571e-01
 1.59884e-01
 1.67225e-01
 1.74583e-01
 1.81958e-01
 1.89367e-01
 1.96833e-01
 2.04385e-01
 2.12064e-01
 2.19887e-01
 2.27858e-01
 2.35999e-01
 2.44357e-01
 2.52994e-01
 2.61972e-01
 2.71343e-01
 2.81214e-01
 2.91613e-01
 3.02077e-01
 3.14065e-01
 3.35207e-01
 3.47498e-01
 3.41225e-01
 3.09445e-01
 2.26739e-01
 9.17040e-02
 1.04198e-02
 1.60070e-04
 2.13495e-07
 2.16643e-10
 1.92911e-13
 1.38332e-16
 2.62198e-18
 1.61854e-20
-2.62629e-18
-5.52335e-21
 2.19226e-16
 2.71782e-12
 1.59017e-08
 9.77530e-05
 0.00000e+00
 7.99996e-03
 1.66053e-02
 2.49714e-02
 3.30501e-02
 4.08627e-02
 4.84188e-02
 5.57482e-02
 6.28779e-02
 6.98151e-02
 7.65989e-02
 8.32732e-02
 8.98890e-02
 9.65062e-02
 1.03173e-01
 1.09933e-01
 1.16813e-01
 1.23808e-01
 1.30898e-01
 1.38062e-01
 1.45285e-01
 1.52557e-01
 1.59870e-01
 1.67212e-01
 1.74579e-01
 1.81980e-01
 1.89429e-01
 1.96946e-01
 2.04566e-01
 2.12321e-01
 2.20214e-01
 2.28255e-01
 2.36478e-01
 2.44941e-01
 2.53709e-01
 2.62833e-01
 2.72383e-01
 2.82491e-01
 2.92936e-01
 3.03433e-01
 3.18519e-01
 3.40011e-01
 3.42927e-01
 3.28715e-01
 2.78547e-01
 1.69527e-01
 4.31493e-02
 2.43017e-03
 1.49496e-05
 1.63273e-08
 1.64301e-11
 1.59749e-14
 7.61361e-18
 1.53617e-21
 1.39256e-20
-2.14260e-20
 7.48294e-21
 2.19910e-16
 2.71783e-12
 1.59017e-08
 9.77530e-05
 0.00000e+00
 7.92659e-03
 1.64168e-02
 2.46434e-02
 3.25819e-02
 4.02366e-02
 4.76420e-02
 5.48792e-02
 6.19915e-02
 6.89865e-02
 7.58756e-02
 8.26782e-02
 8.94257e-02
 9.61584e-02
 1.02918e-01
 1.09742e-01
 1.16657e-01
 1.23666e-01
 1.30762e-01
 1.37930e-01
 1.45159e-01
 1.52442e-01
 1.59769e-01
 1.67131e-01
 1.74524e-01
 1.81960e-01
 1.89456e-01
 1.97039e-01
 2.04743e-01
 2.12578e-01
 2.20546e-01
 2.28672e-01
 2.37002e-01
 2.45599e-01
 2.54522e-01
 2.63814e-01
 2.73599e-01
 2.83919e-01
 2.94214e-01
 3.05679e-01
 3.25798e-01
 3.39842e-01
 3.35473e-01
 3.08260e-01
 2.33652e-01
 1.03864e-01
 1.48807e-02
 3.67216e-04
 8.88617e-07
 1.17662e-09
 1.30448e-12
 1.26940e-15
-2.39491e-21
 2.62203e-18
-2.60825e-18
 2.60138e-18
-2.62122e-18
 2.17910e-16
 2.71783e-12
 1.59017e-08
 9.77530e-05
 0.00000e+00
 7.79377e-03
 1.61007e-02
 2.41297e-02
 3.18771e-02
 3.93365e-02
 4.65856e-02
 5.37232e-02
 6.08025e-02
 6.78273e-02
 7.47929e-02
 8.17069e-02
 8.85836e-02
 9.54475e-02
 1.02326e-01
 1.09250e-01
 1.16238e-01
 1.23295e-01
 1.30424e-01
 1.37621e-01
 1.44879e-01
 1.52195e-01
 1.59560e-01
 1.66964e-01
 1.74410e-01
 1.81903e-01
 1.89468e-01
 1.97139e-01
 2.04932e-01
 2.12851e-01
 2.20909e-01
 2.29143e-01
 2.37609e-01
 2.46368e-01
 2.55459e-01
 2.64962e-01
 2.75029e-01
 2.85352e-01
 2.95638e-01
 3.10352e-01
 3.31597e-01
 3.35342e-01
 3.22632e-01
 2.76124e-01
 1.72370e-01
 4.76452e-02
 3.37925e-03
 3.30917e-05
 4.82099e-08
 6.73362e-11
 8.92273e-14
 9.05530e-17
 1.53591e-21
 2.61136e-18
-2.60526e-18
 2.61491e-18
-2.62062e-18
 2.13933e-16
 2.71783e-12
 1.59017e-08
 9.77530e-05
 0.00000e+00
 7.60263e-03
 1.56738e-02
 2.34608e-02
 3.09810e-02
 3.82461e-02
 4.53549e-02
 5.24056e-02
 5.94534e-02
 6.64969e-02
 7.35147e-02
 8.05100e-02
 8.74918e-02
 9.44726e-02
 1.01469e-01
 1.08503e-01
 1.15589e-01
 1.22729e-01
 1.29922e-01
 1.37171e-01
 1.44481e-01
 1.51851e-01
 1.59274e-01
 1.66745e-01
 1.74260e-01
 1.81835e-01
 1.89499e-01
 1.97269e-01
 2.05155e-01
 2.13169e-01
 2.21338e-01
 2.29709e-01
 2.38339e-01
 2.47273e-01
 2.56556e-01
 2.66339e-01
 2.76614e-01
 2.86691e-01
 2.98190e-01
 3.18327e-01
 3.31459e-01
 3.27175e-01
 3.00522e-01
 2.27407e-01
 1.00890e-01
 1.54342e-02
 4.73623e-04
 1.69694e-06
 2.82562e-09
 3.94764e-12
 5.25172e-15
-1.06105e-20
 2.21853e-20
-1.08534e-20
 3.79582e-22
-7.76607e-22
 1.39257e-20
 2.11122e-16
 2.71783e-12
 1.59017e-08
 9.77530e-05
 0.00000e+00
 7.36764e-03
 1.51635e-02
 2.26840e-02
 2.99635e-02
 3.70655e-02
 4.40923e-02
 5.11208e-02
 5.81707e-02
 6.52395e-02
 7.23010e-02
 7.93491e-02
 8.63943e-02
 9.34503e-02
 1.00534e-01
 1.07662e-01
 1.14842e-01
 1.22075e-01
 1.29355e-01
 1.36683e-01
 1.44065e-01
 1.51508e-01
 1.59008e-01
 1.66555e-01
 1.74153e-01
 1.81826e-01
 1.89585e-01
 1.97453e-01
 2.05440e-01
 2.13569e-01
 2.21875e-01
 2.30410e-01
 2.39222e-01
 2.48338e-01
 2.57872e-01
 2.67972e-01
 2.78089e-01
 2.88320e-01
 3.03917e-01
 3.23804e-01
 3.26189e-01
 3.12464e-01
 2.64264e-01
 1.59378e-01
 4.23681e-02
 3.13911e-03
 3.72881e-05
 7.04078e-08
 1.30432e-10
 2.22691e-13
 3.20316e-16
-1.09080e-20
-2.59836e-18
 2.61386e-18
-2.61553e-18
 2.60374e-18
-2.60019e-18
 2.16929e-16
 2.71785e-12
 1.59017e-08
 9.77530e-05
 0.00000e+00
 7.11646e-03
 1.46233e-02
 2.19063e-02
 2.90012e-02
 3.59922e-02
 4.29736e-02
 4.99828e-02
 5.70368e-02
 6.41314e-02
 7.12373e-02
 7.83426e-02
 8.54533e-02
 9.25793e-02
 9.97361e-02
 1.06939e-01
 1.14195e-01
 1.21505e-01
 1.28865e-01
 1.36272e-01
 1.43729e-01
 1.51243e-01
 1.58814e-01
 1.66439e-01
 1.74128e-01
 1.81886e-01
 1.89745e-01
 1.97719e-01
 2.05826e-01
 2.14093e-01
 2.22562e-01
 2.31280e-01
 2.40272e-01
 2.49609e-01
 2.59481e-01
 2.69635e-01
 2.79495e-01
 2.91849e-01
 3.12552e-01
 3.22254e-01
 3.16199e-01
 2.86098e-01
 2.07808e-01
 8.37729e-02
 1.19363e-02
 3.71433e-04
 1.54501e-06
 3.28912e-09
 5.84431e-12
 1.02119e-14
 7.29275e-18
-1.07715e-21
-5.21796e-18
 5.22143e-18
-5.22350e-18
 5.22136e-18
-5.22353e-18
 2.21781e-16
 2.71783e-12
 1.59017e-08
 9.77530e-05
 0.00000e+00
 6.90320e-03
 1.41529e-02
 2.12433e-02
 2.81844e-02
 3.50785e-02
 4.20131e-02
 4.90044e-02
 5.60620e-02
 6.31773e-02
 7.03204e-02
 7.74754e-02
 8.46453e-02
 9.18368e-02
 9.90625e-02
 1.06335e-01
 1.13660e-01
 1.21038e-01
 1.28468e-01
 1.35947e-01
 1.43477e-01
 1.51063e-01
 1.58710e-01
 1.66415e-01
 1.74179e-01
 1.82038e-01
 1.90010e-01
 1.98109e-01
 2.06355e-01
 2.14782e-01
 2.23432e-01
 2.32330e-01
 2.41519e-01
 2.51179e-01
 2.61286e-01
 2.71081e-01
 2.81774e-01
 2.99716e-01
 3.15615e-01
 3.15154e-01
 2.97284e-01
 2.41586e-01
 1.30570e-01
 3.00807e-02
 1.97309e-03
 2.25703e-05
 5.18713e-08
 1.21000e-10
 2.64801e-13
 4.77163e-16
 2.62888e-22
-2.45619e-23
-2.61059e-18
 2.61154e-18
-6.73006e-22
 6.22522e-22
-2.61421e-18
 2.21585e-16
 2.71783e-12
 1.59017e-08
 9.77530e-05
 0.00000e+00
 6.73634e-03
 1.37681e-02
 2.06938e-02
 2.75152e-02
 3.43374e-02
 4.12356e-02
 4.82143e-02
 5.52762e-02
 6.24055e-02
 6.95746e-02
 7.67692e-02
 8.39888e-02
 9.12372e-02
 9.85239e-02
 1.05859e-01
 1.13246e-01
 1.20686e-01
 1.28180e-01
 1.35727e-01
 1.43329e-01
 1.50988e-01
 1.58702e-01
 1.66475e-01
 1.74341e-01
 1.82320e-01
 1.90422e-01
 1.98661e-01
 2.07064e-01
 2.15668e-01
 2.24496e-01
 2.33576e-01
 2.43060e-01
 2.53051e-01
 2.62854e-01
 2.72812e-01
 2.87615e-01
 3.06967e-01
 3.11360e-01
 3.01332e-01
 2.62697e-01
 1.72465e-01
 5.69817e-02
 6.66104e-03
 1.75456e-04
 6.95706e-07
 1.94319e-09
 4.39017e-12
 9.63254e-15
 1.57486e-17
-1.31993e-20
 9.76296e-21
-7.91302e-21
 3.46786e-22
 2.61098e-18
-2.61063e-18
 3.46786e-22
 2.15903e-16
 2.71782e-12
 1.59017e-08
 9.77530e-05
 0.00000e+00
 6.61362e-03
 1.34746e-02
 2.02650e-02
 2.70041e-02
 3.37825e-02
 4.06606e-02
 4.76351e-02
 5.47007e-02
 6.18372e-02
 6.90230e-02
 7.62469e-02
 8.35058e-02
 9.08015e-02
 9.81400e-02
 1.05529e-01
 1.12971e-01
 1.20468e-01
 1.28022e-01
 1.35632e-01
 1.43294e-01
 1.51006e-01
 1.58789e-01
 1.66669e-01
 1.74662e-01
 1.82775e-01
 1.91018e-01
 1.99411e-01
 2.07985e-01
 2.16760e-01
 2.25759e-01
 2.35107e-01
 2.44957e-01
 2.54759e-01
 2.64406e-01
 2.77113e-01
 2.96831e-01
 3.05759e-01
 3.00794e-01
 2.74319e-01
 2.03998e-01
 8.89869e-02
 1.59795e-02
 7.98868e-04
 7.10907e-06
 2.01677e-08
 5.59211e-11
 1.56888e-13
 3.82583e-16
-2.60680e-18
-9.08057e-21
 9.96557e-22
 7.43887e-21
-6.10704e-21
 7.43904e-21
-8.20766e-22
-8.20766e-22
 2.13946e-16
 2.71783e-12
 1.59017e-08
 9.77530e-05
 0.00000e+00
 6.52960e-03
 1.32694e-02
 1.99646e-02
 2.66568e-02
 3.34199e-02
 4.02952e-02
 4.72727e-02
 5.43405e-02
 6.14800e-02
 6.86767e-02
 7.59210e-02
 8.32090e-02
 9.05418e-02
 9.79227e-02
 1.05356e-01
 1.12845e-01
 1.20390e-01
 1.27989e-01
 1.35640e-01
 1.43354e-01
 1.51150e-01
 1.59047e-01
 1.67057e-01
 1.75185e-01
 1.83437e-01
 1.91829e-01
 2.00384e-01
 2.09120e-01
 2.18057e-01
 2.27304e-01
 2.37018e-01
 2.46785e-01
 2.56283e-01
 2.67756e-01
 2.86353e-01
 2.98684e-01
 2.97497e-01
 2.79316e-01
 2.25026e-01
 1.20182e-01
 2.97008e-02
 2.46031e-03
 4.53468e-05
 1.62532e-07
 5.83595e-10
 1.72880e-12
 4.61816e-15
 1.41459e-17
-2.61457e-18
-2.62138e-18
 2.60964e-18
-2.59841e-18
 2.60922e-18
-2.60504e-18
-4.36689e-21
-2.36990e-22
 2.17913e-16
 2.71784e-12
 1.59017e-08
 9.77530e-05
 0.00000e+00
 6.48344e-03
 1.31470e-02
 1.97904e-02
 2.64692e-02
 3.32406e-02
 4.01247e-02
 4.71086e-02
 5.41784e-02
 6.13207e-02
 6.85252e-02
 7.57830e-02
 8.30905e-02
 9.04488e-02
 9.78589e-02
 1.05322e-01
 1.12840e-01
 1.20416e-01
 1.28059e-01
 1.35779e-01
 1.43589e-01
 1.51504e-01
 1.59531e-01
 1.67674e-01
 1.75936e-01
 1.84330e-01
 1.92873e-01
 2.01579e-01
 2.10468e-01
 2.19640e-01
 2.29240e-01
 2.38928e-01
 2.48333e-01
 2.59135e-01
 2.76345e-01
 2.90830e-01
 2.92392e-01
 2.79801e-01
 2.37491e-01
 1.46230e-01
 4.58353e-02
 5.64336e-03
 1.84578e-04
 1.09224e-06
 4.25388e-09
 1.37290e-11
 4.69203e-14
 1.40049e-16
 2.62919e-18
-1.76882e-20
-2.61059e-18
 2.62214e-18
-2.61059e-18
 2.61340e-18
-2.61008e-18
-4.95067e-21
-8.20766e-22
 2.17106e-16
 2.71781e-12
 1.59017e-08
 9.77530e-05
 0.00000e+00
 6.47075e-03
 1.30964e-02
 1.97266e-02
 2.64150e-02
 3.32024e-02
 4.00968e-02
 4.70870e-02
 5.41600e-02
 6.13057e-02
 6.85150e-02
 7.57798e-02
 8.30972e-02
 9.04706e-02
 9.79024e-02
 1.05396e-01
 1.12958e-01
 1.20598e-01
 1.28324e-01
 1.36146e-01
 1.44073e-01
 1.52113e-01
 1.60266e-01
 1.68536e-01
 1.76930e-01
 1.85461e-01
 1.94141e-01
 2.02992e-01
 2.12111e-01
 2.21615e-01
 2.31188e-01
 2.40516e-01
 2.50990e-01
 2.67116e-01
 2.82552e-01
 2.86113e-01
 2.77156e-01
 2.43466e-01
 1.65055e-01
 6.21206e-02
 1.02933e-02
 5.22577e-04
 5.45359e-06
 2.20032e-08
 8.89221e-11
 3.56907e-13
 1.16811e-15
 2.61848e-18
-2.60811e-18
-1.61728e-20
 1.27364e-20
 2.60839e-18
-2.60889e-18
 2.60839e-18
-2.60889e-18
 5.63306e-21
-7.91302e-21
 2.18758e-16
 2.71783e-12
 1.59017e-08
 9.77530e-05
 0.00000e+00
 6.47764e-03
 1.30961e-02
 1.97342e-02
 2.64409e-02
 3.32501e-02
 4.01637e-02
 4.71691e-02
 5.42534e-02
 6.14092e-02
 6.86291e-02
 7.59083e-02
 8.32469e-02
 9.06509e-02
 9.81254e-02
 1.05675e-01
 1.13309e-01
 1.21034e-01
 1.28858e-01
 1.36788e-01
 1.44830e-01
 1.52986e-01
 1.61255e-01
 1.69644e-01
 1.78161e-01
 1.86814e-01
 1.95634e-01
 2.04714e-01
 2.14131e-01
 2.23560e-01
 2.32819e-01
 2.43199e-01
 2.58710e-01
 2.74183e-01
 2.78980e-01
 2.72359e-01
 2.44571e-01
 1.76625e-01
 7.62059e-02
 1.57062e-02
 1.11610e-03
 1.91778e-05
 8.92017e-08
 4.51853e-10
 1.91922e-12
 7.37908e-15
 2.73340e-17
 6.03264e-21
-5.09568e-21
-2.60758e-18
 2.61335e-18
-4.56714e-21
-2.61921e-18
 5.22887e-18
-5.21788e-18
 2.61377e-18
-2.61890e-18
 2.19408e-16
 2.71783e-12
 1.59017e-08
 9.77530e-05
 0.00000e+00
 6.51160e-03
 1.31458e-02
 1.98209e-02
 2.65784e-02
 3.34399e-02
 4.03987e-02
 4.74397e-02
 5.45512e-02
 6.17292e-02
 6.89698e-02
 7.62728e-02
 8.36423e-02
 9.10867e-02
 9.86144e-02
 1.06231e-01
 1.13942e-01
 1.21755e-01
 1.29675e-01
 1.37706e-01
 1.45850e-01
 1.54109e-01
 1.62484e-01
 1.70980e-01
 1.79606e-01
 1.88402e-01
 1.97449e-01
 2.06770e-01
 2.16037e-01
 2.25246e-01
 2.35739e-01
 2.51062e-01
 2.65882e-01
 2.71211e-01
 2.65980e-01
 2.41962e-01
 1.81767e-01
 8.62715e-02
 2.08150e-02
 1.91180e-03
 4.87160e-05
 2.90928e-07
 1.69487e-09
 7.74496e-12
 3.69706e-14
 1.63984e-16
 2.62217e-18
-2.61059e-18
 5.22054e-18
-2.61179e-18
 3.12031e-21
-2.61421e-18
-9.08053e-21
 2.61685e-18
-2.61175e-18
 2.61496e-18
-2.61472e-18
 2.17737e-16
 2.71783e-12
 1.59017e-08
 9.77530e-05
 0.00000e+00
 6.58495e-03
 1.32772e-02
 2.00291e-02
 2.68723e-02
 3.38154e-02
 4.08435e-02
 4.79391e-02
 5.50927e-02
 6.23037e-02
 6.95731e-02
 7.69061e-02
 8.43114e-02
 9.17997e-02
 9.93815e-02
 1.07063e-01
 1.14848e-01
 1.22742e-01
 1.30747e-01
 1.38868e-01
 1.47103e-01
 1.55454e-01
 1.63922e-01
 1.72523e-01
 1.81299e-01
 1.90310e-01
 1.99502e-01
 2.08615e-01
 2.17825e-01
 2.28665e-01
 2.44053e-01
 2.57661e-01
 2.62925e-01
 2.58305e-01
 2.36374e-01
 1.81383e-01
 9.14086e-02
 2.45997e-02
 2.73065e-03
 9.35311e-05
 7.41403e-07
 4.70127e-09
 2.46353e-11
 1.41080e-13
 6.83470e-16
-2.61957e-18
 8.02277e-21
-2.36990e-22
 2.60646e-18
 1.48128e-21
-2.61355e-18
 3.89291e-21
-5.52327e-21
 2.60964e-18
-2.62247e-18
 1.21527e-20
-2.36990e-22
 2.15400e-16
 2.71784e-12
 1.59017e-08
 9.77530e-05
 0.00000e+00
 6.69793e-03
 1.34924e-02
 2.03583e-02
 2.73163e-02
 3.43646e-02
 4.14808e-02
 4.86454e-02
 5.58521e-02
 6.31035e-02
 7.04065e-02
 7.77727e-02
 8.52160e-02
 9.27491e-02
 1.00383e-01
 1.08126e-01
 1.15979e-01
 1.23947e-01
 1.32031e-01
 1.40231e-01
 1.48547e-01
 1.56985e-01
 1.65562e-01
 1.74318e-01
 1.83271e-01
 1.92296e-01
 2.01286e-01
 2.10627e-01
 2.22112e-01
 2.37470e-01
 2.49423e-01
 2.54118e-01
 2.49420e-01
 2.28177e-01
 1.76173e-01
 9.14330e-02
 2.63704e-02
 3.33418e-03
 1.41127e-04
 1.44498e-06
 9.91676e-09
 6.17027e-11
 4.02195e-13
 2.12086e-15
 6.97596e-18
-1.25820e-20
 9.14578e-21
-2.61017e-18
 2.60368e-18
-2.60416e-18
 2.60922e-18
-2.60966e-18
-4.36689e-21
 5.22370e-18
-5.24098e-18
 2.63442e-18
-2.61545e-18
 2.14785e-16
 2.71782e-12
 1.59017e-08
 9.77530e-05
 0.00000e+00
 6.84090e-03
 1.37724e-02
 2.07776e-02
 2.78713e-02
 3.50418e-02
 4.22591e-02
 4.95025e-02
 5.67691e-02
 6.40644e-02
 7.14019e-02
 7.88014e-02
 8.62832e-02
 9.38632e-02
 1.01551e-01
 1.09354e-01
 1.17275e-01
 1.25314e-01
 1.33472e-01
 1.41751e-01
 1.50159e-01
 1.58713e-01
 1.67434e-01
 1.76274e-01
 1.85137e-01
 1.94087e-01
 2.03818e-01
 2.16247e-01
 2.30954e-01
 2.41000e-01
 2.44677e-01
 2.39236e-01
 2.17436e-01
 1.66546e-01
 8.66133e-02
 2.58691e-02
 3.53273e-03
 1.71857e-04
 2.14761e-06
 1.62240e-08
 1.19679e-10
 8.66025e-13
 5.23993e-15
 3.83107e-17
 9.17919e-21
 5.21067e-18
-2.61102e-18
-2.61001e-18
 5.21956e-18
-2.60627e-18
-2.36990e-22
-2.61363e-18
-2.36990e-22
 5.21957e-18
-5.23041e-18
 2.61151e-18
-2.61645e-18
 2.15267e-16
 2.71782e-12
 1.59017e-08
 9.77530e-05
 0.00000e+00
 7.00273e-03
 1.40885e-02
 2.12444e-02
 2.84769e-02
 3.57637e-02
 4.30740e-02
 5.03924e-02
 5.77225e-02
 6.50736e-02
 7.24621e-02
 7.99093e-02
 8.74375e-02
 9.50670e-02
 1.02816e-01
 1.10686e-01
 1.18678e-01
 1.26795e-01
 1.35039e-01
 1.43419e-01
 1.51940e-01
 1.60576e-01
 1.69275e-01
 1.78043e-01
 1.87156e-01
 1.97681e-01
 2.11078e-01
 2.23958e-01
 2.32177e-01
 2.34382e-01
 2.27486e-01
 2.03964e-01
 1.52673e-01
 7.75546e-02
 2.32555e-02
 3.26641e-03
 1.71216e-04
 2.44546e-06
 2.07204e-08
 1.78108e-10
 1.43184e-12
 1.00257e-14
 7.49893e-17
 3.88849e-21
 9.17919e-21
 2.59241e-18
-2.60329e-18
-1.08095e-20
 2.62208e-18
 1.72027e-21
-4.00571e-23
-2.61379e-18
-1.08095e-20
 5.23004e-18
-5.21994e-18
 2.59725e-18
-2.60825e-18
 2.15264e-16
 2.71782e-12
 1.59017e-08
 9.77530e-05
 0.00000e+00
 7.16219e-03
 1.43953e-02
 2.16842e-02
 2.90222e-02
 3.63950e-02
 4.37764e-02
 5.11573e-02
 5.85477e-02
 6.59633e-02
 7.34250e-02
 8.09547e-02
 8.85718e-02
 9.62908e-02
 1.04120e-01
 1.12074e-01
 1.20156e-01
 1.28371e-01
 1.36710e-01
 1.45154e-01
 1.53680e-01
 1.62292e-01
 1.71137e-01
 1.80821e-01
 1.92531e-01
 2.05706e-01
 2.16107e-01
 2.22674e-01
 2.22916e-01
 2.13712e-01
 1.87345e-01
 1.34637e-01
 6.51988e-02
 1.90442e-02
 2.62698e-03
 1.39623e-04
 2.13849e-06
 2.06705e-08
 2.03038e-10
 1.83555e-12
 1.48726e-14
 1.11071e-16
-2.61440e-18
 3.30914e-21
 2.61623e-18
-2.61715e-18
-8.20766e-22
-9.08057e-21
 1.15689e-20
-1.13933e-20
 2.62400e-18
-2.61421e-18
-9.08053e-21
 2.62214e-18
 5.86214e-21
-1.65284e-20
-2.59820e-18
 2.17889e-16
 2.71783e-12
 1.59017e-08
 9.77530e-05
 0.00000e+00
 7.30602e-03
 1.46806e-02
 2.20788e-02
 2.95030e-02
 3.69465e-02
 4.43874e-02
 5.18260e-02
 5.92782e-02
 6.67662e-02
 7.43130e-02
 8.19387e-02
 8.96593e-02
 9.74869e-02
 1.05429e-01
 1.13486e-01
 1.21657e-01
 1.29930e-01
 1.38299e-01
 1.46771e-01
 1.55462e-01
 1.64788e-01
 1.75563e-01
 1.87939e-01
 1.99083e-01
 2.07391e-01
 2.11788e-01
 2.09757e-01
 1.97256e-01
 1.67032e-01
 1.12707e-01
 5.09136e-02
 1.40054e-02
 1.81474e-03
 9.20371e-05
 1.43215e-06
 1.61059e-08
 1.77295e-10
 1.83141e-12
 1.69531e-14
 1.50138e-16
 6.12124e-22
 2.61746e-18
-2.61791e-18
 2.61214e-18
-2.60764e-18
-3.78312e-21
 3.46786e-22
 3.46786e-22
-1.20429e-20
 1.27365e-20
-4.93949e-21
 4.47669e-21
-4.93949e-21
 2.62096e-18
-2.62766e-18
 2.16391e-21
 2.18178e-16
 2.71785e-12
 1.59017e-08
 9.77530e-05
 0.00000e+00
 7.44558e-03
 1.49469e-02
 2.24324e-02
 2.99270e-02
 3.74280e-02
 4.49217e-02
 5.24189e-02
 5.99426e-02
 6.75177e-02
 7.51648e-02
 8.28984e-02
 9.07283e-02
 9.86599e-02
 1.06694e-01
 1.14830e-01
 1.23066e-01
 1.31432e-01
 1.40051e-01
 1.49254e-01
 1.59608e-01
 1.71172e-01
 1.82053e-01
 1.90927e-01
 1.97454e-01
 1.99139e-01
 1.94040e-01
 1.77291e-01
 1.42461e-01
 8.78923e-02
 3.64424e-02
 9.02792e-03
 1.05232e-03
 4.77657e-05
 7.30835e-07
 9.80025e-09
 1.18537e-10
 1.42208e-12
 1.48019e-14
 1.55280e-16
-3.20554e-21
-2.60870e-18
 2.61744e-18
-2.62887e-18
 1.15689e-20
-8.20766e-22
 2.60906e-18
 6.48279e-21
-2.61562e-18
-1.13933e-20
 1.15689e-20
-4.95067e-21
 3.30914e-21
-1.02369e-20
 1.15689e-20
-8.20766e-22
-9.08053e-21
 2.14748e-16
 2.71783e-12
 1.59017e-08
 9.77530e-05
 0.00000e+00
 7.58372e-03
 1.51823e-02
 2.27420e-02
 3.02905e-02
 3.78394e-02
 4.53846e-02
 5.29475e-02
 6.05556e-02
 6.82294e-02
 7.59823e-02
 8.38232e-02
 9.17561e-02
 9.97876e-02
 1.07937e-01
 1.16262e-01
 1.24910e-01
 1.34155e-01
 1.44357e-01
 1.55172e-01
 1.65359e-01
 1.74152e-01
 1.81426e-01
 1.85207e-01
 1.83998e-01
 1.74750e-01
 1.52857e-01
 1.13461e-01
 6.23550e-02
 2.32657e-02
 4.92110e-03
 4.92990e-04
 1.87544e-05
 2.84861e-07
 4.62680e-09
 6.07696e-11
 8.56391e-13
 9.91845e-15
 1.38914e-16
-2.61956e-18
 1.36500e-22
-2.60845e-18
-2.36990e-22
-1.26266e-20
 2.62477e-18
-2.61346e-18
 2.60901e-18
 6.01643e-21
-2.62068e-18
-4.36685e-21
 1.21526e-20
-2.36990e-22
-1.08095e-20
 3.89287e-21
 3.89291e-21
-2.36990e-22
-2.36990e-22
 2.18530e-16
 2.71783e-12
 1.59017e-08
 9.77530e-05
 0.00000e+00
 7.69567e-03
 1.53827e-02
 2.30017e-02
 3.05891e-02
 3.81792e-02
 4.57804e-02
 5.34207e-02
 6.11252e-02
 6.89099e-02
 7.67885e-02
 8.47829e-02
 9.29393e-02
 1.01345e-01
 1.10145e-01
 1.19542e-01
 1.29509e-01
 1.39465e-01
 1.48820e-01
 1.57257e-01
 1.64633e-01
 1.69350e-01
 1.70144e-01
 1.65061e-01
 1.50788e-01
 1.23237e-01
 8.14707e-02
 3.91284e-02
 1.25645e-02
 2.16104e-03
 1.75201e-04
 5.31501e-06
 8.66964e-08
 1.66068e-09
 2.41094e-11
 3.95937e-13
 5.10854e-15
 4.87888e-17
 6.09585e-21
-2.62714e-18
 1.58008e-21
 1.21527e-20
-2.36990e-22
-1.08095e-20
 2.61771e-18
-1.15778e-21
-2.60759e-18
 2.61106e-18
-1.10774e-21
-2.61176e-18
 2.60964e-18
-2.61017e-18
-1.79129e-20
 2.62987e-18
-2.61379e-18
-2.36990e-22
-2.36990e-22
 2.16501e-16
 2.71784e-12
 1.59017e-08
 9.77530e-05
 0.00000e+00
 7.76684e-03
 1.55612e-02
 2.32288e-02
 3.08554e-02
 3.84990e-02
 4.61879e-02
 5.39659e-02
 6.18719e-02
 6.99463e-02
 7.82471e-02
 8.68596e-02
 9.58559e-02
 1.05115e-01
 1.14419e-01
 1.23490e-01
 1.32076e-01
 1.40179e-01
 1.47251e-01
 1.52151e-01
 1.53890e-01
 1.50983e-01
 1.41065e-01
 1.21089e-01
 8.89248e-02
 5.06794e-02
 2.09698e-02
 5.35186e-03
 7.16285e-04
 4.33660e-05
 1.05607e-06
 2.12723e-08
 4.40126e-10
 7.53513e-12
 1.38139e-13
 2.06070e-15
 2.80252e-17
 2.61979e-18
-2.61363e-18
 2.60011e-18
-2.62178e-18
 2.63813e-18
-2.61379e-18
-1.26266e-20
 2.62064e-18
 2.60652e-18
-5.21477e-18
 5.22238e-18
-2.61828e-18
-2.60333e-18
 2.60969e-18
-2.61001e-18
-4.36689e-21
 2.61744e-18
-2.61363e-18
 2.61335e-18
-2.61379e-18
 2.18558e-16
 2.71784e-12
 1.59017e-08
 9.77530e-05
 0.00000e+00
 7.85991e-03
 1.58016e-02
 2.35772e-02
 3.13524e-02
 3.92171e-02
 4.72361e-02
 5.54541e-02
 6.38674e-02
 7.24471e-02
 8.11359e-02
 8.98349e-02
 9.84306e-02
 1.06815e-01
 1.14985e-01
 1.22621e-01
 1.29059e-01
 1.33773e-01
 1.35702e-01
 1.33793e-01
 1.26280e-01
 1.10905e-01
 8.58823e-02
 5.41816e-02
 2.61623e-02
 8.69069e-03
 1.64565e-03
 1.61595e-04
 6.81274e-06
 1.55142e-07
 4.10242e-09
 8.57738e-11
 1.85957e-12
 3.59075e-14
 6.44245e-16
 7.16205e-18
-2.62021e-18
 2.62161e-18
-2.61379e-18
 2.60717e-18
-2.62748e-18
 2.63635e-18
-2.61363e-18
-1.08095e-20
 2.61771e-18
 2.60739e-18
-5.21477e-18
 2.60052e-18
-2.55273e-21
-2.59672e-18
-1.08095e-20
 1.21526e-20
-2.36990e-22
-2.36990e-22
-2.36990e-22
 2.61331e-18
-2.61363e-18
 2.19878e-16
 2.71784e-12
 1.59017e-08
 9.77530e-05
 0.00000e+00
 8.03658e-03
 1.60613e-02
 2.40000e-02
 3.20109e-02
 4.01375e-02
 4.83741e-02
 5.66746e-02
 6.49862e-02
 7.32627e-02
 8.14881e-02
 8.95214e-02
 9.71117e-02
 1.03968e-01
 1.09801e-01
 1.13941e-01
 1.15605e-01
 1.13977e-01
 1.07669e-01
 9.50360e-02
 7.49764e-02
 4.97268e-02
 2.63204e-02
 1.02203e-02
 2.43499e-03
 3.25861e-04
 2.12001e-05
 6.58789e-07
 1.91082e-08
 5.59480e-10
 1.31063e-11
 3.44410e-13
 7.13800e-15
 1.49762e-16
 2.60984e-18
-2.61601e-18
 1.15689e-20
 2.60927e-18
 4.16563e-22
-2.61479e-18
 2.59971e-18
-2.61128e-18
 1.15689e-20
-1.96531e-20
 2.09850e-20
 5.21731e-18
-5.21870e-18
-1.96530e-20
 2.63161e-18
-2.62010e-18
-8.20766e-22
 9.96361e-22
 1.15689e-20
-8.20766e-22
-8.20766e-22
-1.13933e-20
 1.15689e-20
 2.18661e-16
 2.71782e-12
 1.59017e-08
 9.77530e-05
 0.00000e+00
 8.00386e-03
 1.58628e-02
 2.37210e-02
 3.16910e-02
 3.97409e-02
 4.77929e-02
 5.57466e-02
 6.34877e-02
 7.08914e-02
 7.78202e-02
 8.39592e-02
 8.89545e-02
 9.23198e-02
 9.34431e-02
 9.16514e-02
 8.58308e-02
 7.49277e-02
 5.86437e-02
 3.94033e-02
 2.18114e-02
 9.13087e-03
 2.46517e-03
 3.96661e-04
 3.41181e-05
 1.44582e-06
 4.82249e-08
 1.83984e-09
 5.27718e-11
 1.64379e-12
 4.48504e-14
 1.13435e-15
 3.40905e-17
-2.59742e-18
 5.04929e-21
 2.59214e-18
-2.59216e-18
-4.36689e-21
 2.61369e-18
 2.86491e-21
-1.47987e-20
 1.23801e-21
-2.60207e-18
-1.26267e-20
 2.62890e-18
 2.60197e-18
-5.21880e-18
 2.59867e-18
-2.61034e-18
-2.36990e-22
 1.21526e-20
-1.26266e-20
 6.86636e-21
 3.89291e-21
-2.36990e-22
 2.60096e-18
-2.59678e-18
 2.23656e-16
 2.71783e-12
 1.59017e-08
 9.77530e-05
 0.00000e+00
 7.52179e-03
 1.46651e-02
 2.19855e-02
 2.94561e-02
 3.68795e-02
 4.40579e-02
 5.08111e-02
 5.69396e-02
 6.21979e-02
 6.62788e-02
 6.87769e-02
 6.92071e-02
 6.69944e-02
 6.13749e-02
 5.19833e-02
 3.95465e-02
 2.62423e-02
 1.46183e-02
 6.11718e-03
 1.70462e-03
 2.97765e-04
 2.95445e-05
 1.55902e-06
 6.41252e-08
 3.05941e-09
 1.12774e-10
 4.09577e-12
 1.48386e-13
 4.31001e-15
 1.37054e-16
 1.70428e-20
 2.61291e-18
-2.60956e-18
 3.30914e-21
 2.60465e-18
-2.61601e-18
 1.27251e-20
 2.61105e-18
 1.91267e-21
-1.69655e-20
 1.20927e-20
-2.61950e-18
 2.61220e-18
 2.26144e-21
 2.60608e-18
-5.21870e-18
 2.60053e-18
-2.62257e-18
 2.92448e-20
 2.60493e-18
-2.61007e-18
-4.95067e-21
-7.26325e-21
 1.15687e-20
 2.61340e-18
-2.61537e-18
 2.20977e-16
 2.71781e-12
 1.59017e-08
 9.77530e-05
 0.00000e+00
 6.22441e-03
 1.19175e-02
 1.79798e-02
 2.40832e-02
 2.98538e-02
 3.49998e-02
 3.92540e-02
 4.23279e-02
 4.38842e-02
 4.35634e-02
 4.10209e-02
 3.61028e-02
 2.92626e-02
 2.14170e-02
 1.37845e-02
 7.24324e-03
 2.80191e-03
 7.41720e-04
 1.28339e-04
 1.30949e-05
 7.94255e-07
 4.27782e-08
 2.57542e-09
 1.19315e-10
 5.33866e-12
 2.46584e-13
 8.96511e-15
 3.29802e-16
 1.08549e-17
 2.60836e-18
-2.59650e-18
-4.93949e-21
 9.76296e-21
-1.31993e-20
-8.09587e-22
-7.91280e-21
 2.62949e-18
 2.60776e-18
-5.22488e-18
 2.61323e-18
 9.71098e-22
-2.62417e-18
 2.62280e-18
-2.61594e-18
 2.61052e-18
-2.61018e-18
-1.20429e-20
 3.46701e-22
 1.68664e-20
 5.21296e-18
-2.60621e-18
-2.60721e-18
-1.61727e-20
 1.27363e-20
 3.46786e-22
-1.84856e-20
 2.26536e-16
 2.71782e-12
 1.59017e-08
 9.77530e-05
 0.00000e+00
 3.90939e-03
 7.45914e-03
 1.12507e-02
 1.47473e-02
 1.75715e-02
 1.94471e-02
 2.01713e-02
 1.96597e-02
 1.79536e-02
 1.52251e-02
 1.18492e-02
 8.20450e-03
 4.73712e-03
 2.13773e-03
 7.10700e-04
 1.67670e-04
 2.60517e-05
 2.54468e-06
 1.82163e-07
 1.40720e-08
 1.04771e-09
 5.98092e-11
 3.51993e-12
 2.03134e-13
 9.29193e-15
 4.35310e-16
 1.34262e-17
-2.61590e-18
-2.36990e-22
 2.60850e-18
-2.60864e-18
 9.19383e-22
 3.89291e-21
 2.60040e-18
-2.60439e-18
 2.60866e-18
 2.61643e-18
-2.61681e-18
-2.61363e-18
-6.67958e-21
 2.62377e-18
-2.61738e-18
 8.02282e-21
-9.65317e-21
-1.39336e-21
 3.89291e-21
-2.36990e-22
 2.61608e-18
-2.61589e-18
 2.59793e-18
 1.43926e-20
-2.60817e-18
-4.36689e-21
-2.36990e-22
-2.36990e-22
-8.49680e-21
 2.22733e-16
 2.71785e-12
 1.59017e-08
 9.77530e-05
 0.00000e+00
 1.31212e-03
 2.54663e-03
 3.68357e-03
 4.53210e-03
 4.96995e-03
 4.94059e-03
 4.43730e-03
 3.55101e-03
 2.46985e-03
 1.43940e-03
 6.76537e-04
 2.48493e-04
 6.82271e-05
 1.32195e-05
 1.78003e-06
 1.86415e-07
 2.00403e-08
 2.17068e-09
 1.85651e-10
 1.39563e-11
 1.13367e-12
 7.91996e-14
 4.58512e-15
 3.35134e-16
 7.68047e-18
-2.60779e-18
-2.36990e-22
-2.36990e-22
 2.60964e-18
-2.61017e-18
-2.36990e-22
 2.61279e-18
-2.61328e-18
 2.61396e-18
-8.71406e-23
 9.19383e-22
-6.81226e-22
-2.61363e-18
-2.36990e-22
-2.31991e-20
 2.63813e-18
-2.61379e-18
-2.36990e-22
 2.60825e-18
-2.61926e-18
 8.02282e-21
-2.36990e-22
 5.23242e-18
-5.23274e-18
-1.26266e-20
 1.21526e-20
-2.36990e-22
-2.36990e-22
-2.36990e-22
 2.61335e-18
-2.61379e-18
 2.17404e-16
 2.71783e-12
 1.59017e-08
 9.77530e-05
 0.00000e+00
 1.15733e-04
 2.11269e-04
 2.68126e-04
 2.74504e-04
 2.34664e-04
 1.68256e-04
 1.00470e-04
 4.86038e-05
 1.85203e-05
 5.44187e-06
 1.22614e-06
 2.23396e-07
 3.81071e-08
 6.59129e-09
 1.01668e-09
 1.25075e-10
 1.37340e-11
 1.57276e-12
 1.62728e-13
 1.35492e-14
 1.10196e-15
 7.81798e-17
 3.20015e-18
 2.60783e-18
-2.42106e-22
-2.61886e-18
 1.74389e-20
-1.49393e-20
 5.22821e-18
-5.21806e-18
 2.60781e-18
 2.61401e-18
-5.23310e-18
 2.62518e-18
 9.19383e-22
-8.71406e-23
 3.10221e-22
-2.62436e-18
 2.62489e-18
-2.62359e-18
 2.62570e-18
-4.00571e-23
-2.61379e-18
 2.60706e-18
-2.61266e-18
 3.89291e-21
-2.36990e-22
 2.60553e-18
-2.60402e-18
 2.60964e-18
-2.61017e-18
-2.36990e-22
-2.36990e-22
-2.36990e-22
 2.61331e-18
-2.61363e-18
 2.18017e-16
 2.71783e-12
 1.59017e-08
 9.77530e-05
 0.00000e+00
 2.19770e-07
 3.53499e-07
 3.64819e-07
 2.83576e-07
 1.74254e-07
 8.75184e-08
 3.74671e-08
 1.43335e-08
 4.98524e-09
 1.52703e-09
 3.91793e-10
 8.31384e-11
 1.55918e-11
 2.84936e-12
 4.94121e-13
 7.24978e-14
 8.78989e-15
 1.04515e-15
 1.24101e-16
 1.91247e-17
-1.27626e-21
-1.40454e-21
 2.61543e-18
-8.52612e-21
-4.23336e-23
-4.43490e-21
-2.59572e-18
 2.60304e-18
 3.86337e-21
-2.60928e-18
 2.60783e-18
-5.10116e-21
-2.61480e-18
 2.62106e-18
-2.61246e-18
 2.60448e-18
 2.63116e-18
-5.24025e-18
 2.61427e-18
 1.52796e-20
-2.61708e-18
 2.60806e-18
-2.60654e-18
 2.60452e-18
-2.60615e-18
-1.40454e-21
 2.61322e-18
-1.80990e-20
-2.60050e-18
 2.61487e-18
-2.07973e-21
-2.60928e-18
 2.61621e-18
-5.96264e-21
 2.38715e-21
-2.61483e-18
 2.18273e-16
 2.71784e-12
 1.59017e-08
 9.77530e-05
 0.00000e+00
 2.27808e-11
 3.73642e-11
 4.02353e-11
 3.35974e-11
 2.29244e-11
 1.31124e-11
 6.43773e-12
 2.78062e-12
 1.07289e-12
 3.65963e-13
 1.07568e-13
 2.65066e-14
 5.73417e-15
 1.08414e-15
 2.27470e-16
 2.11922e-17
 8.92967e-18
-1.37763e-21
-1.74915e-20
-2.59708e-18
-2.36990e-22
-1.08094e-20
 2.62602e-18
-7.51439e-21
 4.05831e-22
 2.28205e-21
-2.61191e-18
 2.61544e-18
-7.51439e-21
-2.60947e-18
 2.60781e-18
-6.37810e-21
-2.60260e-18
-2.36990e-22
-7.34038e-21
 2.60453e-18
 2.63130e-18
-5.22946e-18
-1.79129e-20
 2.62258e-18
-2.60730e-18
 2.60509e-18
 5.89082e-21
-9.53381e-21
-2.60993e-18
 3.89291e-21
 2.60262e-18
 3.43824e-21
-2.61440e-18
 2.61790e-18
-1.46374e-21
-2.60779e-18
 2.61626e-18
-5.54441e-21
 2.68016e-21
-2.60808e-18
 2.16598e-16
 2.71784e-12
 1.59017e-08
 9.77530e-05
 0.00000e+00
 2.15351e-15
 3.68327e-15
 4.06679e-15
 3.74635e-15
 2.80644e-15
 1.80169e-15
 9.87799e-16
 4.51556e-16
 2.12376e-16
 7.94130e-17
 3.33464e-17
 5.80261e-18
 4.56393e-18
-2.61507e-18
 2.61305e-18
-2.62346e-18
 2.63104e-18
-5.27746e-21
-5.62500e-21
 8.70946e-21
-2.61593e-18
-1.14590e-20
 1.33201e-20
 2.60777e-18
 1.75712e-21
-7.94003e-22
-2.61359e-18
-2.25811e-22
 2.61311e-18
 6.64369e-21
-1.75296e-20
 1.07799e-20
-2.60304e-18
-7.32924e-21
 5.06046e-21
 2.60449e-18
-5.95627e-21
 5.67916e-21
-2.61534e-18
-7.32920e-21
 2.74769e-21
 2.62394e-18
-9.47357e-22
-2.61976e-18
-3.19934e-21
 5.06046e-21
-1.14591e-20
 1.33203e-20
-9.64199e-21
 2.62023e-18
-2.61941e-18
 9.19033e-21
 9.30562e-22
 2.61250e-18
-2.62232e-18
 1.74501e-20
 2.10310e-16
 2.71781e-12
 1.59017e-08
 9.77530e-05
 0.00000e+00
-6.49044e-19
-1.95688e-18
-6.01427e-23
-2.92110e-23
 2.60795e-18
 1.09673e-21
-2.60701e-18
-2.36990e-22
 8.02282e-21
-8.49680e-21
-2.36990e-22
 2.60781e-18
-2.60187e-18
-8.49680e-21
 8.02282e-21
-8.49680e-21
-2.54957e-21
-6.67964e-21
 1.21525e-20
 2.61662e-18
-2.62223e-18
 2.73654e-21
 8.02282e-21
 5.04929e-21
-4.36689e-21
 2.60900e-18
-3.55738e-21
-2.61545e-18
 1.58022e-21
 5.23494e-18
-2.62607e-18
-2.60416e-18
 6.86644e-21
-2.36990e-22
-2.36990e-22
-2.36990e-22
-8.49675e-21
 2.61378e-18
 9.88040e-21
-2.61186e-18
-8.49675e-21
 8.02277e-21
-1.08095e-20
 2.62477e-18
-2.61175e-18
-2.36990e-22
-2.36990e-22
 2.61150e-18
-2.62134e-18
 8.02282e-21
-8.49675e-21
 8.02277e-21
-2.36990e-22
 2.61245e-18
-2.62101e-18
 2.73650e-21
 2.21748e-16
 2.71781e-12
 1.59017e-08
 9.77530e-05
 0.00000e+00
 1.04497e-20
-2.60928e-18
-1.40454e-21
-1.19770e-20
 2.61833e-18
-4.23336e-23
-2.61457e-18
 6.85526e-21
-1.40454e-21
-1.40454e-21
-1.40454e-21
 2.60783e-18
-2.60928e-18
-1.40454e-21
-1.40454e-21
-1.40454e-21
-1.49505e-20
 6.85522e-21
 1.09850e-20
-1.40454e-21
-1.08207e-20
 2.72536e-21
-7.84714e-21
 9.82875e-21
-2.56091e-21
 6.85526e-21
 2.60435e-18
-2.61118e-18
-1.08207e-20
 2.62726e-18
-7.22371e-21
-2.60102e-18
-5.53444e-21
 2.72536e-21
-1.40454e-21
-1.40454e-21
-1.40454e-21
-5.53444e-21
 5.22548e-18
-5.22163e-18
-1.40454e-21
-1.40454e-21
-2.02368e-20
 2.63536e-18
-2.61383e-18
-1.40454e-21
-1.40454e-21
 2.61144e-18
-2.61828e-18
 1.56899e-21
 6.85526e-21
 2.61257e-18
-2.61421e-18
-1.40454e-21
 2.61322e-18
-9.89980e-21
 2.25226e-16
 2.71782e-12
 1.59017e-08
 9.77530e-05
 0.00000e+00
 7.77823e-19
 3.50293e-18
-6.00485e-18
 8.17536e-18
-6.66506e-18
 6.63982e-18
-2.63354e-18
-1.62292e-18
-2.54328e-18
 2.46075e-18
 5.30554e-18
-2.69302e-18
-5.64605e-18
 1.95853e-18
-1.39305e-18
 8.16096e-18
-8.38785e-18
 1.87113e-18
-8.01805e-19
 4.39351e-18
-3.05488e-18
-2.23972e-18
 5.13651e-18
-5.27083e-20
-3.85347e-19
-2.57218e-18
 3.15645e-18
-2.96495e-18
-1.27156e-18
-5.30978e-18
 7.04150e-18
-4.10583e-19
-1.51148e-18
 3.63563e-18
-3.08133e-18
 1.54709e-18
-1.89925e-18
 1.89917e-18
 3.12012e-18
-6.00211e-18
 2.43683e-18
-1.64824e-18
 1.39801e-18
-3.47820e-18
 4.65368e-18
-2.29083e-18
 2.37872e-18
 7.79023e-19
-4.00842e-18
 6.48697e-18
-2.87235e-18
-6.15060e-19
-4.05083e-18
 4.33653e-18
 1.61996e-18
-6.94523e-18
 2.24538e-16
 2.71781e-12
 1.59017e-08
 9.77530e-05
 0.00000e+00
 1.56478e-18
 2.49340e-17
-1.31923e-17
-2.89637e-17
 4.87211e-18
-9.84636e-18
 4.62387e-17
-3.59247e-17
 8.86740e-18
-8.13201e-18
 2.12297e-17
-1.77519e-17
 6.34351e-18
-2.83267e-17
 2.66357e-17
 1.39314e-17
-1.33271e-17
 2.04810e-18
-1.37828e-17
 2.17823e-17
-2.46162e-17
-1.08420e-17
 3.26300e-17
-2.33787e-17
 1.94369e-17
 2.18425e-18
-2.49526e-17
 1.99742e-17
-1.03822e-17
-2.39613e-17
 4.50509e-17
-1.46458e-17
 9.72507e-19
-3.71171e-18
 3.52202e-18
-1.14367e-17
 1.20664e-17
 2.37003e-18
-2.80025e-17
 2.26823e-17
-6.47364e-18
 9.45854e-18
-1.55156e-17
 7.53607e-18
 8.16119e-18
-1.45433e-17
 2.73588e-17
-2.41847e-17
 2.22603e-18
 1.59803e-17
-1.31168e-17
 1.14654e-17
-1.13584e-17
 2.05004e-17
-2.45759e-17
 5.15700e-18
 2.30573e-16
 2.71758e-12
 1.59015e-08
 9.77530e-05
 0.00000e+00
 1.26794e-18
 6.17132e-17
-1.35334e-17
-4.13292e-17
 1.45239e-18
 4.49626e-19
 5.25994e-17
-7.56534e-17
 1.75786e-17
-1.54764e-17
 4.54743e-17
-1.69332e-18
-2.47113e-17
-1.91076e-17
 1.55111e-17
 3.13936e-17
-2.98740e-17
-1.37503e-17
 1.17682e-20
 2.85176e-17
-1.09248e-17
-2.60496e-17
 3.49747e-17
-3.24694e-17
 5.91591e-17
-2.00138e-18
-2.82042e-17
 1.66914e-17
-3.54166e-17
-2.70513e-17
 9.19619e-17
-5.35229e-17
 2.13428e-17
-7.38679e-18
-1.25921e-17
 8.35071e-19
 1.03958e-18
 1.67483e-17
-2.54912e-17
 2.47422e-17
-1.49394e-17
-1.06777e-18
-6.62738e-18
-3.97959e-18
 2.40861e-17
-1.49867e-17
 4.13020e-17
-4.88736e-17
-7.10865e-18
 4.95293e-17
-2.36130e-17
-1.61014e-18
-1.55401e-17
 5.95316e-18
 2.94219e-18
-2.83983e-18
 2.37016e-16
 2.52466e-12
 1.58960e-08
 9.77372e-05
 0.00000e+00
 9.39858e-19
 8.05665e-17
-1.26881e-17
-8.35647e-18
-2.01923e-17
 3.38742e-17
 7.46855e-18
-8.27158e-17
 1.23379e-17
-9.76476e-18
 5.91021e-17
 2.67333e-17
-7.33997e-17
 2.23579e-17
-2.50332e-17
 5.12491e-17
-4.98557e-17
-2.78680e-17
 2.59877e-17
 2.22600e-17
 2.12873e-17
-3.49089e-17
 1.49867e-17
-1.82979e-17
 7.86705e-17
-1.35296e-17
-1.76485e-19
-1.25091e-17
-5.25975e-17
-1.68134e-17
 1.07919e-16
-7.85894e-17
 3.77202e-17
-7.72221e-20
-3.83887e-17
 2.76405e-17
-2.58498e-17
 3.25578e-17
 6.04754e-18
-2.66738e-18
-1.20535e-17
-2.43470e-17
 2.05962e-17
-3.00098e-17
 4.11592e-17
-5.46456e-18
 3.26455e-17
-4.78160e-17
-2.66733e-17
 8.00694e-17
-2.67509e-17
-3.26066e-17
-1.12362e-17
-2.04192e-17
 5.30493e-17
-2.98756e-17
 2.45064e-16
 2.34188e-12
 1.58906e-08
 9.77215e-05
 0.00000e+00
 0.00000e+00
 0.00000e+00
 0.00000e+00
 0.00000e+00
 0.00000e+00
 0.00000e+00
 0.00000e+00
 0.00000e+00
 0.00000e+00
 0.00000e+00
 0.00000e+00
 0.00000e+00
 0.00000e+00
 0.00000e+00
 0.00000e+00
 0.00000e+00
 0.00000e+00
 0.00000e+00
 0.00000e+00
 0.00000e+00
 0.00000e+00
 0.00000e+00
 0.00000e+00
 0.00000e+00
 0.00000e+00
 0.00000e+00
 0.00000e+00
 0.00000e+00
 0.00000e+00
 0.00000e+00
 0.00000e+00
 0.00000e+00
 0.00000e+00
 0.00000e+00
 0.00000e+00
 0.00000e+00
 0.00000e+00
 0.00000e+00
 0.00000e+00
 0.00000e+00
 0.00000e+00
 0.00000e+00
 0.00000e+00
 0.00000e+00
 0.00000e+00
 0.00000e+00
 0.00000e+00
 0.00000e+00
 0.00000e+00
 0.00000e+00
 0.00000e+00
 0.00000e+00
 0.00000e+00
 0.00000e+00
 0.00000e+00
 0.00000e+00
 0.00000e+00
 0.00000e+00
 0.00000e+00
 0.00000e+00
-3.53024e-04
 2.92915e-02
 2.70185e-02
 2.04010e-02
 7.20596e-03
-1.53579e-03
-1.63910e-03
-9.17734e-04
-7.63006e-04
 7.23907e-05
 1.67422e-03
 3.47013e-03
 4.91721e-03
 6.05638e-03
 6.88206e-03
 7.45066e-03
 7.81006e-03
 7.99203e-03
 8.04717e-03
 8.04833e-03
 8.02211e-03
 7.94750e-03
 7.81249e-03
 7.61834e-03
 7.38016e-03
 7.12650e-03
 6.91126e-03
 6.74235e-03
 6.61763e-03
 6.53196e-03
 6.48462e-03
 6.47130e-03
 6.47783e-03
 6.51126e-03
 6.58422e-03
 6.69709e-03
 6.84025e-03
 7.00242e-03
 7.16214e-03
 7.30612e-03
 7.44571e-03
 7.58385e-03
 7.69584e-03
 7.76699e-03
 7.85991e-03
 8.03678e-03
 8.00453e-03
 7.52345e-03
 6.22744e-03
 3.91342e-03
 1.31461e-03
 1.16253e-04
 2.21974e-07
 2.30224e-11
 2.20424e-15
-2.60970e-18
-2.61132e-18
-4.50581e-19
 7.08556e-18
 2.14144e-17
 2.77542e-17
-1.39490e-02
 2.70798e-02
 4.45262e-02
 3.60898e-02
 2.05063e-02
 7.65871e-03
 2.49443e-03
 2.51487e-03
 3.83573e-03
 5.43899e-03
 7.19975e-03
 9.43076e-03
 1.16620e-02
 1.34208e-02
 1.47752e-02
 1.57522e-02
 1.63758e-02
 1.66779e-02
 1.67585e-02
 1.67475e-02
 1.66636e-02
 1.64605e-02
 1.61294e-02
 1.56904e-02
 1.51716e-02
 1.46280e-02
 1.41561e-02
 1.37701e-02
 1.34756e-02
 1.32696e-02
 1.31468e-02
 1.30960e-02
 1.30955e-02
 1.31448e-02
 1.32758e-02
 1.34910e-02
 1.37714e-02
 1.40880e-02
 1.43952e-02
 1.46807e-02
 1.49470e-02
 1.51825e-02
 1.53829e-02
 1.55614e-02
 1.58017e-02
 1.60620e-02
 1.58645e-02
 1.46689e-02
 1.19236e-02
 7.46657e-03
 2.55135e-03
 2.12240e-04
 3.57070e-07
 3.77592e-11
 3.71586e-15
 2.60982e-18
 2.60605e-18
 1.62223e-18
-1.12808e-17
-2.98680e-17
-3.39326e-17
-3.01792e-02
 1.30710e-02
 4.79076e-02
 4.55979e-02
 3.64359e-02
 2.34788e-02
 1.33296e-02
 1.08522e-02
 1.11918e-02
 1.25632e-02
 1.44457e-02
 1.67054e-02
 1.92526e-02
 2.13102e-02
 2.28957e-02
 2.40667e-02
 2.48070e-02
 2.51655e-02
 2.52521e-02
 2.52194e-02
 2.50508e-02
 2.46947e-02
 2.41572e-02
 2.34724e-02
 2.26865e-02
 2.19093e-02
 2.12449e-02
 2.06936e-02
 2.02639e-02
 1.99635e-02
 1.97894e-02
 1.97258e-02
 1.97334e-02
 1.98200e-02
 2.00280e-02
 2.03572e-02
 2.07769e-02
 2.12444e-02
 2.16845e-02
 2.20791e-02
 2.24328e-02
 2.27423e-02
 2.30019e-02
 2.32291e-02
 2.35773e-02
 2.40012e-02
 2.37238e-02
 2.19911e-02
 1.79888e-02
 1.12620e-02
 3.69058e-03
 2.69407e-04
 3.68524e-07
 4.06583e-11
 4.17430e-15
-2.60956e-18
-2.61132e-18
-4.05157e-19
 4.81633e-18
 1.15509e-17
 1.26588e-17
-3.71859e-02
 7.91887e-03
 5.06180e-02
 5.29399e-02
 4.70199e-02
 3.70830e-02
 2.53441e-02
 1.99026e-02
 1.94453e-02
 2.01349e-02
 2.18353e-02
 2.41811e-02
 2.69163e-02
 2.92654e-02
 3.10093e-02
 3.22535e-02
 3.30291e-02
 3.33927e-02
 3.34694e-02
 3.34014e-02
 3.31369e-02
 3.26304e-02
 3.18971e-02
 3.09841e-02
 2.99608e-02
 2.90015e-02
 2.81841e-02
 2.75139e-02
 2.70023e-02
 2.66554e-02
 2.64683e-02
 2.64144e-02
 2.64404e-02
 2.65780e-02
 2.68720e-02
 2.73163e-02
 2.78718e-02
 2.84779e-02
 2.90233e-02
 2.95040e-02
 2.99279e-02
 3.02912e-02
 3.05897e-02
 3.08560e-02
 3.13527e-02
 3.20127e-02
 3.16947e-02
 2.94636e-02
 2.40953e-02
 1.47625e-02
 4.54101e-03
 2.75870e-04
 2.86465e-07
 3.39465e-11
 3.72449e-15
 2.60992e-18
 2.60605e-18
-1.21995e-18
-2.05762e-18
-2.42640e-18
-3.17935e-18
-2.99753e-02
 1.12031e-02
 4.82120e-02
 5.40051e-02
 5.24231e-02
 4.70122e-02
 3.68276e-02
 2.93308e-02
 2.80840e-02
 2.84494e-02
 2.96934e-02
 3.17606e-02
 3.44540e-02
 3.70099e-02
 3.88806e-02
 4.02004e-02
 4.10094e-02
 4.13738e-02
 4.14327e-02
 4.13210e-02
 4.09503e-02
 4.02786e-02
 3.93473e-02
 3.82409e-02
 3.70590e-02
 3.59895e-02
 3.50758e-02
 3.43344e-02
 3.37797e-02
 3.34181e-02
 3.32397e-02
 3.32019e-02
 3.32498e-02
 3.34400e-02
 3.38160e-02
 3.43658e-02
 3.50437e-02
 3.57660e-02
 3.63971e-02
 3.69484e-02
 3.74296e-02
 3.78407e-02
 3.81803e-02
 3.85000e-02
 3.92175e-02
 4.01400e-02
 3.97458e-02
 3.68891e-02
 2.98691e-02
 1.75904e-02
 4.98007e-03
 2.35895e-04
 1.76011e-07
 2.31582e-11
 2.83993e-15
-2.60963e-18
-2.60075e-18
-2.58912e-19
 2.79522e-18
 2.15207e-17
 3.69066e-17
-1.60855e-02
 2.26642e-02
 5.04294e-02
 5.62948e-02
 5.64601e-02
 5.32223e-02
 4.62660e-02
 3.83617e-02
 3.60742e-02
 3.60667e-02
 3.70478e-02
 3.89404e-02
 4.15928e-02
 4.43601e-02
 4.64156e-02
 4.78426e-02
 4.87057e-02
 4.90837e-02
 4.91335e-02
 4.89780e-02
 4.84989e-02
 4.76744e-02
 4.65875e-02
 4.53426e-02
 4.40838e-02
 4.29673e-02
 4.20072e-02
 4.12300e-02
 4.06559e-02
 4.02921e-02
 4.01231e-02
 4.00958e-02
 4.01633e-02
 4.03992e-02
 4.08451e-02
 4.14833e-02
 4.22624e-02
 4.30773e-02
 4.37793e-02
 4.43900e-02
 4.49240e-02
 4.53866e-02
 4.57821e-02
 4.61893e-02
 4.72368e-02
 4.83774e-02
 4.77993e-02
 4.40698e-02
 3.50185e-02
 1.94693e-02
 4.95140e-03
 1.69191e-04
 8.83748e-08
 1.32420e-11
 1.79045e-15
 2.61806e-18
 2.60308e-18
 4.39770e-20
 3.60348e-18
-7.04317e-18
-2.11891e-17
-1.51400e-03
 3.77023e-02
 5.53341e-02
 5.93989e-02
 5.90623e-02
 5.70037e-02
 5.23724e-02
 4.61098e-02
 4.35372e-02
 4.34514e-02
 4.40805e-02
 4.57004e-02
 4.81774e-02
 5.11595e-02
 5.34979e-02
 5.50886e-02
 5.60465e-02
 5.64761e-02
 5.65376e-02
 5.63577e-02
 5.58114e-02
 5.48973e-02
 5.37137e-02
 5.23868e-02
 5.11093e-02
 4.99726e-02
 4.89946e-02
 4.82057e-02
 4.76284e-02
 4.72684e-02
 4.71062e-02
 4.70855e-02
 4.71685e-02
 4.74405e-02
 4.79413e-02
 4.86489e-02
 4.95069e-02
 5.03965e-02
 5.11608e-02
 5.18291e-02
 5.24217e-02
 5.29501e-02
 5.34230e-02
 5.39677e-02
 5.54552e-02
 5.66790e-02
 5.57547e-02
 5.08257e-02
 3.92763e-02
 2.01960e-02
 4.44801e-03
 1.01067e-04
 3.78122e-08
 6.49831e-12
 1.01693e-15
-8.05759e-21
-5.88439e-21
 2.18210e-18
-9.74911e-18
-2.46673e-17
-2.54646e-17
 1.49818e-02
 5.09249e-02
 6.24954e-02
 6.56411e-02
 6.51772e-02
 6.31484e-02
 5.90569e-02
 5.34430e-02
 5.06327e-02
 5.02314e-02
 5.06922e-02
 5.20595e-02
 5.43694e-02
 5.73636e-02
 6.00367e-02
 6.18447e-02
 6.29679e-02
 6.35027e-02
 6.36089e-02
 6.34520e-02
 6.29195e-02
 6.19917e-02
 6.07793e-02
 5.94273e-02
 5.81538e-02
 5.70222e-02
 5.60488e-02
 5.52653e-02
 5.46925e-02
 5.43351e-02
 5.41751e-02
 5.41576e-02
 5.42522e-02
 5.45518e-02
 5.50952e-02
 5.58562e-02
 5.67743e-02
 5.77273e-02
 5.85518e-02
 5.92819e-02
 5.99460e-02
 6.05587e-02
 6.11282e-02
 6.18742e-02
 6.38693e-02
 6.49919e-02
 6.34978e-02
 5.69572e-02
 4.23538e-02
 1.96854e-02
 3.56058e-03
 4.89172e-05
 1.44556e-08
 2.80547e-12
 4.73530e-16
-2.60975e-18
-2.61132e-18
-3.16868e-18
 9.28545e-18
 2.58492e-17
 2.67904e-17
 3.29105e-02
 6.19427e-02
 7.02130e-02
 7.16186e-02
 7.07470e-02
 6.86679e-02
 6.52652e-02
 6.05581e-02
 5.78014e-02
 5.72206e-02
 5.74845e-02
 5.85866e-02
 6.06110e-02
 6.33736e-02
 6.61804e-02
 6.81961e-02
 6.94967e-02
 7.01860e-02
 7.03822e-02
 7.02916e-02
 6.98419e-02
 6.89738e-02
 6.77932e-02
 6.64626e-02
 6.52162e-02
 6.41120e-02
 6.31607e-02
 6.23920e-02
 6.18268e-02
 6.14728e-02
 6.13159e-02
 6.13020e-02
 6.14071e-02
 6.17294e-02
 6.23063e-02
 6.31080e-02
 6.40701e-02
 6.50791e-02
 6.59679e-02
 6.67703e-02
 6.75216e-02
 6.82330e-02
 6.89134e-02
 6.99489e-02
 7.24500e-02
 7.32696e-02
 7.09035e-02
 6.22187e-02
 4.39139e-02
 1.79791e-02
 2.47745e-03
 1.86494e-05
 5.02529e-09
 1.08181e-12
 2.11458e-16
-1.08095e-20
-1.61069e-20
 1.59708e-18
-2.32932e-18
-8.54129e-18
-9.23180e-18
 4.86521e-02
 7.25942e-02
 7.78740e-02
 7.84552e-02
 7.73308e-02
 7.53118e-02
 7.22222e-02
 6.81053e-02
 6.51832e-02
 6.43441e-02
 6.44683e-02
 6.53094e-02
 6.70471e-02
 6.95199e-02
 7.22644e-02
 7.43743e-02
 7.58149e-02
 7.66442e-02
 7.69649e-02
 7.69477e-02
 7.66154e-02
 7.58569e-02
 7.47536e-02
 7.34746e-02
 7.22725e-02
 7.12137e-02
 7.03002e-02
 6.95580e-02
 6.90100e-02
 6.86674e-02
 6.85186e-02
 6.85096e-02
 6.86258e-02
 6.89695e-02
 6.95756e-02
 7.04111e-02
 7.14079e-02
 7.24681e-02
 7.34300e-02
 7.43174e-02
 7.51689e-02
 7.59863e-02
 7.67924e-02
 7.82497e-02
 8.11401e-02
 8.14960e-02
 7.78348e-02
 6.63030e-02
 4.35962e-02
 1.52484e-02
 1.44450e-03
 5.48246e-06
 1.53911e-09
 3.69102e-13
 6.91449e-17
-2.54968e-21
 4.12585e-22
-1.28913e-18
 1.71919e-17
 2.36279e-17
 1.02944e-17
 6.17137e-02
 8.26971e-02
 8.54127e-02
 8.50738e-02
 8.38545e-02
 8.18706e-02
 7.92193e-02
 7.57130e-02
 7.27870e-02
 7.16966e-02
 7.16607e-02
 7.22517e-02
 7.36775e-02
 7.58459e-02
 7.84161e-02
 8.05604e-02
 8.20817e-02
 8.30227e-02
 8.34485e-02
 8.35029e-02
 8.32824e-02
 8.26573e-02
 8.16666e-02
 8.04669e-02
 7.93174e-02
 7.83160e-02
 7.74525e-02
 7.67501e-02
 7.62317e-02
 7.59096e-02
 7.57745e-02
 7.57726e-02
 7.59039e-02
 7.62719e-02
 7.69085e-02
 7.77774e-02
 7.88074e-02
 7.99156e-02
 8.09599e-02
 8.19433e-02
 8.29027e-02
 8.38274e-02
 8.47868e-02
 8.68622e-02
 8.98409e-02
 8.95314e-02
 8.39768e-02
 6.88049e-02
 4.10566e-02
 1.18689e-02
 6.79263e-04
 1.23566e-06
 3.94920e-10
 1.08326e-13
 2.79050e-17
 8.02282e-21
 1.28022e-20
-1.73453e-18
-1.17439e-17
-1.86245e-17
-1.72320e-17
 7.25865e-02
 9.18668e-02
 9.26613e-02
 9.17458e-02
 9.04343e-02
 8.87030e-02
 8.64047e-02
 8.35224e-02
 8.06474e-02
 7.93257e-02
 7.91200e-02
 7.94812e-02
 8.05816e-02
 8.24090e-02
 8.47224e-02
 8.68314e-02
 8.83790e-02
 8.93923e-02
 8.99045e-02
 9.00227e-02
 8.98911e-02
 8.94042e-02
 8.85449e-02
 8.74484e-02
 8.63608e-02
 8.54247e-02
 8.46204e-02
 8.39677e-02
 8.34886e-02
 8.31957e-02
 8.30803e-02
 8.30886e-02
 8.32417e-02
 8.36411e-02
 8.43137e-02
 8.52207e-02
 8.62892e-02
 8.74439e-02
 8.85773e-02
 8.96641e-02
 9.07327e-02
 9.17604e-02
 9.29432e-02
 9.58587e-02
 9.84383e-02
 9.71240e-02
 8.89754e-02
 6.92388e-02
 3.61385e-02
 8.22039e-03
 2.49610e-04
 2.25082e-07
 8.37949e-11
 2.67968e-14
 8.98320e-18
 2.60964e-18
 2.61134e-18
 4.45085e-18
 5.37037e-18
 1.29804e-17
 2.41112e-17
 8.19906e-02
 9.99094e-02
 9.94915e-02
 9.82067e-02
 9.68818e-02
 9.54097e-02
 9.35436e-02
 9.12768e-02
 8.87305e-02
 8.72514e-02
 8.68637e-02
 8.70430e-02
 8.78303e-02
 8.93082e-02
 9.12931e-02
 9.32802e-02
 9.47811e-02
 9.58131e-02
 9.63862e-02
 9.65664e-02
 9.65021e-02
 9.61369e-02
 9.54116e-02
 9.44311e-02
 9.34152e-02
 9.25492e-02
 9.18103e-02
 9.12145e-02
 9.07828e-02
 9.05272e-02
 9.04372e-02
 9.04610e-02
 9.06451e-02
 9.10854e-02
 9.18022e-02
 9.27540e-02
 9.38694e-02
 9.50735e-02
 9.62966e-02
 9.74919e-02
 9.86645e-02
 9.97922e-02
 1.01349e-01
 1.05119e-01
 1.06824e-01
 1.03983e-01
 9.23441e-02
 6.70293e-02
 2.92951e-02
 4.74812e-03
 6.85740e-05
 3.83644e-08
 1.57062e-11
 5.73350e-15
 5.10190e-21
 8.39126e-21
-5.98168e-22
 1.05159e-18
 3.93368e-18
 8.23577e-18
 1.07073e-17
 9.03750e-02
 1.06991e-01
 1.05960e-01
 1.04412e-01
 1.03165e-01
 1.01926e-01
 1.00479e-01
 9.87567e-02
 9.67855e-02
 9.53339e-02
 9.48287e-02
 9.48815e-02
 9.54193e-02
 9.65697e-02
 9.82060e-02
 9.99801e-02
 1.01378e-01
 1.02371e-01
 1.02959e-01
 1.03183e-01
 1.03164e-01
 1.02896e-01
 1.02293e-01
 1.01430e-01
 1.00499e-01
 9.97053e-02
 9.90352e-02
 9.85004e-02
 9.81206e-02
 9.79073e-02
 9.78464e-02
 9.78923e-02
 9.81197e-02
 9.86133e-02
 9.93842e-02
 1.00388e-01
 1.01558e-01
 1.02822e-01
 1.04126e-01
 1.05434e-01
 1.06699e-01
 1.07942e-01
 1.10148e-01
 1.14425e-01
 1.14995e-01
 1.09819e-01
 9.34713e-02
 6.14130e-02
 2.14439e-02
 2.14369e-03
 1.32941e-05
 6.63203e-09
 2.86833e-12
 1.13168e-15
-2.62718e-18
-2.62858e-18
-2.61747e-18
-3.21188e-18
-1.78413e-17
-3.16166e-17
-3.39901e-17
 9.80971e-02
 1.13352e-01
 1.12098e-01
 1.10473e-01
 1.09358e-01
 1.08345e-01
 1.07242e-01
 1.05987e-01
 1.04575e-01
 1.03373e-01
 1.02851e-01
 1.02843e-01
 1.03213e-01
 1.04107e-01
 1.05434e-01
 1.06957e-01
 1.08214e-01
 1.09122e-01
 1.09681e-01
 1.09914e-01
 1.09920e-01
 1.09720e-01
 1.09219e-01
 1.08467e-01
 1.07628e-01
 1.06909e-01
 1.06308e-01
 1.05835e-01
 1.05509e-01
 1.05340e-01
 1.05309e-01
 1.05385e-01
 1.05670e-01
 1.06230e-01
 1.07066e-01
 1.08131e-01
 1.09361e-01
 1.10693e-01
 1.12080e-01
 1.13491e-01
 1.14836e-01
 1.16267e-01
 1.19545e-01
 1.23497e-01
 1.22633e-01
 1.13961e-01
 9.16826e-02
 5.20219e-02
 1.38041e-02
 7.13018e-04
 1.79074e-06
 1.02296e-09
 4.97294e-13
 2.03074e-16
 9.19019e-21
-2.54968e-21
-7.84714e-21
-5.73641e-19
 2.30537e-18
 1.93370e-17
 3.29426e-17
 1.05377e-01
 1.19247e-01
 1.17941e-01
 1.16454e-01
 1.15494e-01
 1.14702e-01
 1.13911e-01
 1.13070e-01
 1.12145e-01
 1.11263e-01
 1.10816e-01
 1.10787e-01
 1.11069e-01
 1.11785e-01
 1.12870e-01
 1.14153e-01
 1.15256e-01
 1.16063e-01
 1.16566e-01
 1.16784e-01
 1.16796e-01
 1.16634e-01
 1.16209e-01
 1.15556e-01
 1.14811e-01
 1.14167e-01
 1.13634e-01
 1.13223e-01
 1.12952e-01
 1.12829e-01
 1.12826e-01
 1.12948e-01
 1.13303e-01
 1.13941e-01
 1.14851e-01
 1.15984e-01
 1.17281e-01
 1.18685e-01
 1.20163e-01
 1.21663e-01
 1.23072e-01
 1.24915e-01
 1.29514e-01
 1.32085e-01
 1.29074e-01
 1.15629e-01
 8.58654e-02
 3.95810e-02
 7.25601e-03
 1.68297e-04
 1.87485e-07
 1.25844e-10
 7.28653e-14
 3.55973e-17
 9.30562e-22
-2.54957e-21
 4.12717e-22
-1.75169e-18
 6.95666e-18
-8.11634e-18
-3.36489e-17
 1.12404e-01
 1.24858e-01
 1.23621e-01
 1.22377e-01
 1.21625e-01
 1.21053e-01
 1.20548e-01
 1.20072e-01
 1.19551e-01
 1.19005e-01
 1.18681e-01
 1.18668e-01
 1.18926e-01
 1.19526e-01
 1.20421e-01
 1.21491e-01
 1.22444e-01
 1.23148e-01
 1.23589e-01
 1.23780e-01
 1.23789e-01
 1.23643e-01
 1.23269e-01
 1.22699e-01
 1.22046e-01
 1.21479e-01
 1.21014e-01
 1.20665e-01
 1.20450e-01
 1.20375e-01
 1.20402e-01
 1.20588e-01
 1.21028e-01
 1.21754e-01
 1.22744e-01
 1.23951e-01
 1.25320e-01
 1.26802e-01
 1.28378e-01
 1.29936e-01
 1.31438e-01
 1.34160e-01
 1.39472e-01
 1.40190e-01
 1.33790e-01
 1.14004e-01
 7.49648e-02
 2.62688e-02
 2.80801e-03
 2.61636e-05
 2.01404e-08
 1.38110e-11
 8.92720e-15
 5.84992e-18
 2.61070e-18
 8.02273e-21
 1.28021e-20
 4.94461e-18
 7.94101e-18
 2.05458e-17
 3.50964e-17
 1.19313e-01
 1.30367e-01
 1.29236e-01
 1.28283e-01
 1.27766e-01
 1.27426e-01
 1.27184e-01
 1.27031e-01
 1.26869e-01
 1.26611e-01
 1.26437e-01
 1.26468e-01
 1.26735e-01
 1.27272e-01
 1.28028e-01
 1.28924e-01
 1.29734e-01
 1.30338e-01
 1.30717e-01
 1.30877e-01
 1.30879e-01
 1.30740e-01
 1.30399e-01
 1.29896e-01
 1.29330e-01
 1.28842e-01
 1.28446e-01
 1.28160e-01
 1.28005e-01
 1.27974e-01
 1.28046e-01
 1.28315e-01
 1.28853e-01
 1.29673e-01
 1.30749e-01
 1.32035e-01
 1.33478e-01
 1.35046e-01
 1.36717e-01
 1.38306e-01
 1.40057e-01
 1.44361e-01
 1.48829e-01
 1.47264e-01
 1.35722e-01
 1.07700e-01
 5.86801e-02
 1.46358e-02
 7.43647e-04
 2.55661e-06
 2.18113e-09
 1.58059e-12
 1.05016e-15
 8.02005e-23
 2.61442e-18
 2.61647e-18
-3.71723e-21
-2.22806e-18
-1.87985e-17
-2.58307e-18
 2.79747e-17
 1.26199e-01
 1.35863e-01
 1.34856e-01
 1.34202e-01
 1.33940e-01
 1.33837e-01
 1.33854e-01
 1.33984e-01
 1.34152e-01
 1.34127e-01
 1.34111e-01
 1.34205e-01
 1.34490e-01
 1.34987e-01
 1.35648e-01
 1.36405e-01
 1.37090e-01
 1.37603e-01
 1.37921e-01
 1.38050e-01
 1.38044e-01
 1.37910e-01
 1.37598e-01
 1.37148e-01
 1.36661e-01
 1.36253e-01
 1.35928e-01
 1.35710e-01
 1.35617e-01
 1.35626e-01
 1.35767e-01
 1.36137e-01
 1.36783e-01
 1.37704e-01
 1.38869e-01
 1.40235e-01
 1.41756e-01
 1.43425e-01
 1.45161e-01
 1.46777e-01
 1.49261e-01
 1.55178e-01
 1.57267e-01
 1.52166e-01
 1.33816e-01
 9.50688e-02
 3.94323e-02
 6.12641e-03
 1.28727e-04
 1.82973e-07
 1.86549e-10
 1.63565e-13
 1.23129e-16
-2.62048e-18
-5.23883e-18
-2.62549e-18
-1.08205e-20
 1.18479e-18
 1.52351e-17
-1.12463e-18
-3.03573e-17
 1.33104e-01
 1.41385e-01
 1.40526e-01
 1.40181e-01
 1.40183e-01
 1.40338e-01
 1.40605e-01
 1.40976e-01
 1.41392e-01
 1.41578e-01
 1.41702e-01
 1.41884e-01
 1.42196e-01
 1.42666e-01
 1.43263e-01
 1.43911e-01
 1.44485e-01
 1.44917e-01
 1.45180e-01
 1.45280e-01
 1.45269e-01
 1.45141e-01
 1.44859e-01
 1.44461e-01
 1.44047e-01
 1.43712e-01
 1.43461e-01
 1.43315e-01
 1.43281e-01
 1.43342e-01
 1.43579e-01
 1.44066e-01
 1.44826e-01
 1.45849e-01
 1.47104e-01
 1.48551e-01
 1.50164e-01
 1.51947e-01
 1.53687e-01
 1.55469e-01
 1.59612e-01
 1.65366e-01
 1.64644e-01
 1.53906e-01
 1.26305e-01
 7.50102e-02
 2.18298e-02
 1.70778e-03
 1.31404e-05
 1.41258e-08
 1.40170e-11
 1.36324e-14
 7.60633e-18
 2.45422e-20
 9.19019e-21
-2.54977e-21
-7.84722e-21
-4.97503e-19
-1.25690e-18
-2.25835e-17
-4.36393e-17
 1.40069e-01
 1.46981e-01
 1.46320e-01
 1.46283e-01
 1.46554e-01
 1.46993e-01
 1.47488e-01
 1.48030e-01
 1.48610e-01
 1.48951e-01
 1.49194e-01
 1.49469e-01
 1.49826e-01
 1.50291e-01
 1.50845e-01
 1.51419e-01
 1.51903e-01
 1.52266e-01
 1.52481e-01
 1.52557e-01
 1.52543e-01
 1.52426e-01
 1.52178e-01
 1.51835e-01
 1.51493e-01
 1.51229e-01
 1.51050e-01
 1.50977e-01
 1.50995e-01
 1.51140e-01
 1.51496e-01
 1.52108e-01
 1.52983e-01
 1.54109e-01
 1.55455e-01
 1.56988e-01
 1.58718e-01
 1.60582e-01
 1.62298e-01
 1.64794e-01
 1.71177e-01
 1.74161e-01
 1.69363e-01
 1.51002e-01
 1.10934e-01
 4.97552e-02
 9.14095e-03
 2.98417e-04
 7.97123e-07
 1.05167e-09
 1.13808e-12
 1.08833e-15
 4.65752e-21
 2.59725e-18
 2.61070e-18
 2.61790e-18
 2.62257e-18
-1.51357e-18
-3.40665e-18
 1.34964e-17
 3.07787e-17
 1.47142e-01
 1.52713e-01
 1.52316e-01
 1.52557e-01
 1.53122e-01
 1.53842e-01
 1.54521e-01
 1.55168e-01
 1.55837e-01
 1.56274e-01
 1.56603e-01
 1.56950e-01
 1.57353e-01
 1.57831e-01
 1.58368e-01
 1.58890e-01
 1.59324e-01
 1.59634e-01
 1.59814e-01
 1.59873e-01
 1.59858e-01
 1.59756e-01
 1.59547e-01
 1.59262e-01
 1.58996e-01
 1.58803e-01
 1.58700e-01
 1.58693e-01
 1.58781e-01
 1.59041e-01
 1.59526e-01
 1.60263e-01
 1.61254e-01
 1.62485e-01
 1.63924e-01
 1.65566e-01
 1.67439e-01
 1.69281e-01
 1.71143e-01
 1.75567e-01
 1.82061e-01
 1.81436e-01
 1.70159e-01
 1.41088e-01
 8.59119e-02
 2.63372e-02
 2.46865e-03
 2.96214e-05
 4.29119e-08
 6.00256e-11
 7.95310e-14
 9.05257e-17
-5.53423e-21
-2.60809e-18
-2.62868e-18
-2.61388e-18
-2.60075e-18
-2.44315e-18
-9.41756e-18
 1.03744e-17
 3.46724e-17
 1.54374e-01
 1.58659e-01
 1.58564e-01
 1.59066e-01
 1.59922e-01
 1.60896e-01
 1.61696e-01
 1.62399e-01
 1.63088e-01
 1.63578e-01
 1.63959e-01
 1.64353e-01
 1.64791e-01
 1.65285e-01
 1.65815e-01
 1.66308e-01
 1.66713e-01
 1.67002e-01
 1.67165e-01
 1.67217e-01
 1.67204e-01
 1.67121e-01
 1.66955e-01
 1.66736e-01
 1.66546e-01
 1.66431e-01
 1.66408e-01
 1.66468e-01
 1.66664e-01
 1.67054e-01
 1.67672e-01
 1.68536e-01
 1.69646e-01
 1.70982e-01
 1.72527e-01
 1.74322e-01
 1.76280e-01
 1.78049e-01
 1.80826e-01
 1.87945e-01
 1.90934e-01
 1.85219e-01
 1.65077e-01
 1.21113e-01
 5.42058e-02
 1.02289e-02
 3.97315e-04
 1.56346e-06
 2.58294e-09
 3.53101e-12
 4.62570e-15
 1.63662e-20
 2.72532e-21
 8.02273e-21
 1.21637e-20
-6.67958e-21
-1.37942e-20
-3.45122e-19
 7.38639e-18
-1.84965e-17
-5.24563e-17
 1.61805e-01
 1.64891e-01
 1.65096e-01
 1.65860e-01
 1.66963e-01
 1.68126e-01
 1.68977e-01
 1.69698e-01
 1.70368e-01
 1.70881e-01
 1.71294e-01
 1.71717e-01
 1.72178e-01
 1.72683e-01
 1.73206e-01
 1.73681e-01
 1.74070e-01
 1.74351e-01
 1.74517e-01
 1.74578e-01
 1.74574e-01
 1.74518e-01
 1.74403e-01
 1.74253e-01
 1.74147e-01
 1.74122e-01
 1.74174e-01
 1.74337e-01
 1.74660e-01
 1.75185e-01
 1.75937e-01
 1.76932e-01
 1.78164e-01
 1.79611e-01
 1.81304e-01
 1.83277e-01
 1.85143e-01
 1.87162e-01
 1.92535e-01
 1.99091e-01
 1.97463e-01
 1.84010e-01
 1.50807e-01
 8.89489e-02
 2.61759e-02
 2.43758e-03
 3.41851e-05
 6.42825e-08
 1.19661e-10
 2.03806e-13
 3.10953e-16
 5.22587e-18
 2.62299e-18
 2.61150e-18
 2.62078e-18
 2.62616e-18
 2.62489e-18
 6.15306e-18
 2.08846e-17
 2.79176e-17
 2.63719e-17
 1.69455e-01
 1.71461e-01
 1.71926e-01
 1.72929e-01
 1.74226e-01
 1.75484e-01
 1.76331e-01
 1.77041e-01
 1.77676e-01
 1.78188e-01
 1.78624e-01
 1.79069e-01
 1.79548e-01
 1.80061e-01
 1.80574e-01
 1.81034e-01
 1.81412e-01
 1.81693e-01
 1.81870e-01
 1.81956e-01
 1.81977e-01
 1.81957e-01
 1.81899e-01
 1.81831e-01
 1.81822e-01
 1.81882e-01
 1.82035e-01
 1.82319e-01
 1.82776e-01
 1.83439e-01
 1.84333e-01
 1.85466e-01
 1.86820e-01
 1.88409e-01
 1.90317e-01
 1.92303e-01
 1.94093e-01
 1.97686e-01
 2.05712e-01
 2.07396e-01
 1.99149e-01
 1.74764e-01
 1.23257e-01
 5.06959e-02
 8.69645e-03
 3.26275e-04
 1.44888e-06
 3.06624e-09
 5.35182e-12
 9.30364e-15
 7.29029e-18
 2.18119e-21
 2.62572e-21
 9.10518e-23
-1.20590e-21
 3.83955e-21
 4.38371e-21
-1.29789e-18
-2.64851e-17
-3.42280e-17
-1.80826e-17
 1.77301e-01
 1.78383e-01
 1.79035e-01
 1.80233e-01
 1.81679e-01
 1.82948e-01
 1.83763e-01
 1.84435e-01
 1.85020e-01
 1.85515e-01
 1.85962e-01
 1.86423e-01
 1.86915e-01
 1.87435e-01
 1.87941e-01
 1.88392e-01
 1.88766e-01
 1.89052e-01
 1.89248e-01
 1.89368e-01
 1.89429e-01
 1.89455e-01
 1.89467e-01
 1.89497e-01
 1.89583e-01
 1.89743e-01
 1.90010e-01
 1.90423e-01
 1.91021e-01
 1.91833e-01
 1.92879e-01
 1.94147e-01
 1.95642e-01
 1.97458e-01
 1.99511e-01
 2.01294e-01
 2.03826e-01
 2.11083e-01
 2.16113e-01
 2.11796e-01
 1.94049e-01
 1.52870e-01
 8.14864e-02
 2.09782e-02
 1.64695e-03
 2.12318e-05
 4.83122e-08
 1.13018e-10
 2.47164e-13
 4.40459e-16
-5.21949e-18
-5.21978e-18
-2.60901e-18
-2.61165e-18
-1.05814e-21
-8.45540e-22
-2.61264e-18
 1.09914e-18
 1.83267e-17
 3.47727e-17
 3.50926e-17
 1.85303e-01
 1.85633e-01
 1.86397e-01
 1.87749e-01
 1.89297e-01
 1.90518e-01
 1.91279e-01
 1.91887e-01
 1.92413e-01
 1.92878e-01
 1.93328e-01
 1.93796e-01
 1.94298e-01
 1.94824e-01
 1.95327e-01
 1.95777e-01
 1.96155e-01
 1.96455e-01
 1.96678e-01
 1.96836e-01
 1.96948e-01
 1.97040e-01
 1.97139e-01
 1.97269e-01
 1.97453e-01
 1.97721e-01
 1.98112e-01
 1.98665e-01
 1.99416e-01
 2.00391e-01
 2.01586e-01
 2.03000e-01
 2.04723e-01
 2.06779e-01
 2.08624e-01
 2.10635e-01
 2.16251e-01
 2.23964e-01
 2.22680e-01
 2.09763e-01
 1.77301e-01
 1.13474e-01
 3.91384e-02
 5.35451e-03
 1.61749e-04
 6.59769e-07
 1.84289e-09
 4.10316e-12
 8.92190e-15
 1.57517e-17
-1.39336e-21
 9.19383e-22
 2.72536e-21
-2.36990e-22
-2.61186e-18
-2.61097e-18
-1.40454e-21
-6.78080e-18
-3.35210e-17
-2.42388e-17
 5.00242e-18
 1.93442e-01
 1.93158e-01
 1.93996e-01
 1.95453e-01
 1.97054e-01
 1.98190e-01
 1.98879e-01
 1.99409e-01
 1.99870e-01
 2.00303e-01
 2.00744e-01
 2.01213e-01
 2.01721e-01
 2.02253e-01
 2.02759e-01
 2.03213e-01
 2.03603e-01
 2.03925e-01
 2.04182e-01
 2.04390e-01
 2.04570e-01
 2.04746e-01
 2.04935e-01
 2.05157e-01
 2.05443e-01
 2.05831e-01
 2.06360e-01
 2.07071e-01
 2.07993e-01
 2.09129e-01
 2.10477e-01
 2.12120e-01
 2.14141e-01
 2.16047e-01
 2.17834e-01
 2.22119e-01
 2.30960e-01
 2.32183e-01
 2.22922e-01
 1.97264e-01
 1.42471e-01
 6.23655e-02
 1.25684e-02
 7.16714e-04
 6.81998e-06
 1.91320e-08
 5.28516e-11
 1.48656e-13
 3.64757e-16
 2.60874e-18
-2.36990e-22
-1.08094e-20
-1.37940e-20
-5.52327e-21
-3.19934e-21
-2.36990e-22
-1.40454e-21
 4.82289e-18
 3.23725e-17
 1.26121e-17
-2.98752e-17
 2.01708e-01
 2.00908e-01
 2.01809e-01
 2.03319e-01
 2.04926e-01
 2.05958e-01
 2.06562e-01
 2.07011e-01
 2.07411e-01
 2.07811e-01
 2.08236e-01
 2.08702e-01
 2.09212e-01
 2.09750e-01
 2.10264e-01
 2.10729e-01
 2.11140e-01
 2.11494e-01
 2.11800e-01
 2.12071e-01
 2.12327e-01
 2.12583e-01
 2.12855e-01
 2.13173e-01
 2.13574e-01
 2.14099e-01
 2.14790e-01
 2.15677e-01
 2.16770e-01
 2.18068e-01
 2.19651e-01
 2.21625e-01
 2.23570e-01
 2.25256e-01
 2.28673e-01
 2.37477e-01
 2.41005e-01
 2.34388e-01
 2.13716e-01
 1.67038e-01
 8.79002e-02
 2.32703e-02
 2.16195e-03
 4.33978e-05
 1.55292e-07
 5.60119e-10
 1.64594e-12
 4.35587e-15
 8.89865e-18
 2.61094e-18
 2.59896e-18
 2.60551e-18
 2.62489e-18
 2.62161e-18
 2.61961e-18
 8.02282e-21
-1.40454e-21
-8.55128e-19
-1.38170e-17
-5.17649e-18
 1.55708e-17
 2.10084e-01
 2.08852e-01
 2.09805e-01
 2.11327e-01
 2.12895e-01
 2.13817e-01
 2.14335e-01
 2.14708e-01
 2.15056e-01
 2.15422e-01
 2.15829e-01
 2.16290e-01
 2.16803e-01
 2.17347e-01
 2.17876e-01
 2.18362e-01
 2.18804e-01
 2.19200e-01
 2.19560e-01
 2.19895e-01
 2.20222e-01
 2.20554e-01
 2.20916e-01
 2.21345e-01
 2.21883e-01
 2.22571e-01
 2.23442e-01
 2.24507e-01
 2.25771e-01
 2.27317e-01
 2.29252e-01
 2.31199e-01
 2.32829e-01
 2.35748e-01
 2.44061e-01
 2.49429e-01
 2.44681e-01
 2.27490e-01
 1.87351e-01
 1.12713e-01
 3.64440e-02
 4.92217e-03
 1.75281e-04
 1.05691e-06
 4.10592e-09
 1.31191e-11
 4.49136e-14
 1.40067e-16
-2.59425e-18
-5.22857e-18
-2.61197e-18
-2.59752e-18
-2.60901e-18
-2.61353e-18
-2.61856e-18
-8.49680e-21
-1.40454e-21
 4.67795e-20
-1.29993e-17
-2.24401e-17
-1.87878e-17
 2.18558e-01
 2.16969e-01
 2.17954e-01
 2.19460e-01
 2.20958e-01
 2.21779e-01
 2.22213e-01
 2.22520e-01
 2.22824e-01
 2.23158e-01
 2.23550e-01
 2.24009e-01
 2.24526e-01
 2.25081e-01
 2.25630e-01
 2.26143e-01
 2.26619e-01
 2.27059e-01
 2.27471e-01
 2.27868e-01
 2.28265e-01
 2.28682e-01
 2.29153e-01
 2.29718e-01
 2.30420e-01
 2.31291e-01
 2.32342e-01
 2.33589e-01
 2.35122e-01
 2.37033e-01
 2.38942e-01
 2.40528e-01
 2.43209e-01
 2.51072e-01
 2.57667e-01
 2.54124e-01
 2.39238e-01
 2.03966e-01
 1.34639e-01
 5.09171e-02
 9.02929e-03
 4.93118e-04
 5.31749e-06
 2.12853e-08
 8.58434e-11
 3.44714e-13
 1.11868e-15
 2.61315e-18
 2.60393e-18
 3.89293e-21
 1.62825e-20
 2.60781e-18
 2.60647e-18
 2.60781e-18
 2.60881e-18
 5.04929e-21
 2.72536e-21
 1.60607e-18
 3.33609e-17
 2.00836e-17
-2.33429e-17
 2.27127e-01
 2.25249e-01
 2.26243e-01
 2.27717e-01
 2.29129e-01
 2.29858e-01
 2.30214e-01
 2.30468e-01
 2.30732e-01
 2.31041e-01
 2.31423e-01
 2.31884e-01
 2.32409e-01
 2.32974e-01
 2.33545e-01
 2.34086e-01
 2.34597e-01
 2.35081e-01
 2.35547e-01
 2.36011e-01
 2.36490e-01
 2.37014e-01
 2.37621e-01
 2.38351e-01
 2.39234e-01
 2.40284e-01
 2.41533e-01
 2.43075e-01
 2.44973e-01
 2.46801e-01
 2.48347e-01
 2.51002e-01
 2.58720e-01
 2.65891e-01
 2.62930e-01
 2.49422e-01
 2.17439e-01
 1.52674e-01
 6.52018e-02
 1.40061e-02
 1.05247e-03
 1.87612e-05
 8.67337e-08
 4.40348e-10
 1.86078e-12
 7.10053e-15
 2.73216e-17
 1.17609e-21
-5.59126e-21
 2.61229e-18
 2.61335e-18
 5.38484e-21
-2.61772e-18
-1.05160e-20
 6.90495e-22
 2.60138e-18
 2.60308e-18
-9.70865e-19
-2.60042e-17
-1.22369e-17
 2.56098e-17
 2.35795e-01
 2.33690e-01
 2.34669e-01
 2.36097e-01
 2.37415e-01
 2.38060e-01
 2.38348e-01
 2.38562e-01
 2.38797e-01
 2.39091e-01
 2.39470e-01
 2.39936e-01
 2.40472e-01
 2.41050e-01
 2.41640e-01
 2.42211e-01
 2.42760e-01
 2.43294e-01
 2.43825e-01
 2.44370e-01
 2.44955e-01
 2.45614e-01
 2.46382e-01
 2.47287e-01
 2.48352e-01
 2.49623e-01
 2.51194e-01
 2.53068e-01
 2.54775e-01
 2.56298e-01
 2.59148e-01
 2.67128e-01
 2.74192e-01
 2.71218e-01
 2.58308e-01
 2.28178e-01
 1.66546e-01
 7.75551e-02
 1.90446e-02
 1.81490e-03
 4.77719e-05
 2.84935e-07
 1.66139e-09
 7.53853e-12
 3.59456e-14
 1.63999e-16
-2.59732e-18
-2.60863e-18
 4.56329e-21
 2.61536e-18
-4.78907e-21
-2.61147e-18
 6.85526e-21
-2.60280e-18
-2.62042e-18
-2.61388e-18
-2.60508e-18
-6.98539e-19
 1.78555e-17
 1.79795e-17
-1.16558e-18
 2.44559e-01
 2.42287e-01
 2.43230e-01
 2.44593e-01
 2.45815e-01
 2.46387e-01
 2.46626e-01
 2.46817e-01
 2.47039e-01
 2.47332e-01
 2.47717e-01
 2.48194e-01
 2.48744e-01
 2.49338e-01
 2.49950e-01
 2.50556e-01
 2.51152e-01
 2.51749e-01
 2.52360e-01
 2.53009e-01
 2.53724e-01
 2.54537e-01
 2.55475e-01
 2.56571e-01
 2.57887e-01
 2.59497e-01
 2.61302e-01
 2.62871e-01
 2.64423e-01
 2.67772e-01
 2.76358e-01
 2.82564e-01
 2.78988e-01
 2.65984e-01
 2.36377e-01
 1.76173e-01
 8.66133e-02
 2.32560e-02
 2.62707e-03
 9.20418e-05
 7.30949e-07
 4.62752e-09
 2.41164e-11
 1.38260e-13
 6.74747e-16
 2.60226e-18
-8.49669e-21
 3.30916e-21
-2.61790e-18
-5.22688e-18
-2.61208e-18
-4.36689e-21
-6.69082e-21
 2.60964e-18
 2.60839e-18
-2.36947e-22
-1.40454e-21
-1.62554e-18
-1.03776e-17
 5.88117e-18
 2.92668e-17
 2.53421e-01
 2.51028e-01
 2.51920e-01
 2.53206e-01
 2.54338e-01
 2.54851e-01
 2.55064e-01
 2.55256e-01
 2.55487e-01
 2.55795e-01
 2.56199e-01
 2.56696e-01
 2.57265e-01
 2.57881e-01
 2.58522e-01
 2.59171e-01
 2.59828e-01
 2.60503e-01
 2.61215e-01
 2.61988e-01
 2.62849e-01
 2.63831e-01
 2.64979e-01
 2.66356e-01
 2.67988e-01
 2.69651e-01
 2.71097e-01
 2.72828e-01
 2.77130e-01
 2.86368e-01
 2.90843e-01
 2.86124e-01
 2.72366e-01
 2.41966e-01
 1.81384e-01
 9.14328e-02
 2.58688e-02
 3.26636e-03
 1.39628e-04
 1.43225e-06
 9.80098e-09
 6.07783e-11
 3.95967e-13
 2.05296e-15
 1.75848e-18
 1.76894e-20
 5.23415e-18
 2.61308e-18
 2.61665e-18
 2.61229e-18
 2.62161e-18
 2.62141e-18
 6.85526e-21
 8.39126e-21
 7.84942e-22
 2.60964e-18
 2.60308e-18
 9.96585e-19
-1.13356e-17
-2.57983e-17
-2.69160e-17
 2.62392e-01
 2.59915e-01
 2.60745e-01
 2.61948e-01
 2.63001e-01
 2.63476e-01
 2.63694e-01
 2.63911e-01
 2.64175e-01
 2.64521e-01
 2.64960e-01
 2.65486e-01
 2.66083e-01
 2.66729e-01
 2.67409e-01
 2.68113e-01
 2.68845e-01
 2.69615e-01
 2.70443e-01
 2.71359e-01
 2.72400e-01
 2.73617e-01
 2.75047e-01
 2.76631e-01
 2.78107e-01
 2.79512e-01
 2.81790e-01
 2.87633e-01
 2.96846e-01
 2.98696e-01
 2.92403e-01
 2.77164e-01
 2.44575e-01
 1.81766e-01
 9.14089e-02
 2.63704e-02
 3.53272e-03
 1.71212e-04
 2.13844e-06
 1.61068e-08
 1.18548e-10
 8.56442e-13
 5.16135e-15
 3.83108e-17
-3.21052e-21
-5.65555e-21
-2.61615e-18
-2.60863e-18
 3.68512e-21
 2.61921e-18
-1.40992e-22
-2.61147e-18
-1.40454e-21
 1.31455e-22
 1.13574e-20
-2.61206e-18
-2.62804e-18
-5.37487e-19
 1.29109e-17
 1.39275e-17
 9.66536e-19
 2.71500e-01
 2.68968e-01
 2.69731e-01
 2.70858e-01
 2.71849e-01
 2.72311e-01
 2.72564e-01
 2.72830e-01
 2.73150e-01
 2.73553e-01
 2.74043e-01
 2.74612e-01
 2.75246e-01
 2.75932e-01
 2.76663e-01
 2.77435e-01
 2.78255e-01
 2.79140e-01
 2.80120e-01
 2.81232e-01
 2.82509e-01
 2.83938e-01
 2.85371e-01
 2.86709e-01
 2.88339e-01
 2.91868e-01
 2.99736e-01
 3.06983e-01
 3.05774e-01
 2.97507e-01
 2.79810e-01
 2.43469e-01
 1.76626e-01
 8.62706e-02
 2.45994e-02
 3.33425e-03
 1.71861e-04
 2.44545e-06
 2.06697e-08
 1.77295e-10
 1.42216e-12
 9.96397e-15
 8.02084e-17
-4.35805e-21
-3.21052e-21
-2.61288e-18
-2.60890e-18
-7.26339e-21
-2.62417e-18
-5.22500e-18
 2.12014e-21
 2.61315e-18
-1.19770e-20
-1.22582e-20
-1.23659e-21
 2.61790e-18
 2.63315e-18
 5.46239e-19
-1.07084e-17
-1.04853e-17
 1.51385e-18
 2.80802e-01
 2.78231e-01
 2.78936e-01
 2.80003e-01
 2.80958e-01
 2.81432e-01
 2.81743e-01
 2.82075e-01
 2.82466e-01
 2.82935e-01
 2.83485e-01
 2.84107e-01
 2.84792e-01
 2.85534e-01
 2.86332e-01
 2.87195e-01
 2.88139e-01
 2.89186e-01
 2.90354e-01
 2.91632e-01
 2.92955e-01
 2.94233e-01
 2.95659e-01
 2.98211e-01
 3.03939e-01
 3.12572e-01
 3.15632e-01
 3.11376e-01
 3.00806e-01
 2.79323e-01
 2.37494e-01
 1.65054e-01
 7.62043e-02
 2.08147e-02
 2.73055e-03
 1.41122e-04
 2.14766e-06
 2.07212e-08
 2.03038e-10
 1.83132e-12
 1.47892e-14
 1.05851e-16
-2.60361e-18
 8.02282e-21
 2.60442e-18
 2.62133e-18
 8.02284e-21
 1.15690e-20
 8.60659e-21
-6.67962e-21
-2.62592e-18
-2.61147e-18
 6.85526e-21
-2.59752e-18
 5.44631e-21
-2.85107e-21
-2.62140e-18
 2.10302e-18
 2.56092e-17
 2.81871e-17
 9.36205e-18
 2.90375e-01
 2.87776e-01
 2.88438e-01
 2.89478e-01
 2.90415e-01
 2.90925e-01
 2.91309e-01
 2.91716e-01
 2.92181e-01
 2.92718e-01
 2.93331e-01
 2.94016e-01
 2.94770e-01
 2.95596e-01
 2.96500e-01
 2.97490e-01
 2.98570e-01
 2.99724e-01
 3.00908e-01
 3.02097e-01
 3.03454e-01
 3.05702e-01
 3.10377e-01
 3.18352e-01
 3.23825e-01
 3.22271e-01
 3.15167e-01
 3.01343e-01
 2.74325e-01
 2.25028e-01
 1.46226e-01
 6.21182e-02
 1.57055e-02
 1.91164e-03
 9.35265e-05
 1.44488e-06
 1.62232e-08
 1.78108e-10
 1.83566e-12
 1.69429e-14
 1.50150e-16
 4.13175e-21
 2.61688e-18
 2.61675e-18
-2.61284e-18
-2.61988e-18
-4.36687e-21
 3.30916e-21
 3.46786e-22
 1.21527e-20
 1.62826e-20
-5.52327e-21
-5.53444e-21
-5.52327e-21
-2.62063e-18
-2.60753e-18
 4.54249e-21
-1.83612e-18
-6.67458e-18
-5.16149e-18
-6.20764e-19
 3.00297e-01
 2.97688e-01
 2.98337e-01
 2.99379e-01
 3.00313e-01
 3.00877e-01
 3.01340e-01
 3.01827e-01
 3.02366e-01
 3.02973e-01
 3.03658e-01
 3.04421e-01
 3.05263e-01
 3.06180e-01
 3.07162e-01
 3.08191e-01
 3.09245e-01
 3.10359e-01
 3.11757e-01
 3.14089e-01
 3.18544e-01
 3.25826e-01
 3.31621e-01
 3.31479e-01
 3.26206e-01
 3.16211e-01
 2.97292e-01
 2.62698e-01
 2.03994e-01
 1.20176e-01
 4.58338e-02
 1.02919e-02
 1.11595e-03
 4.87097e-05
 7.41290e-07
 9.91603e-09
 1.19668e-10
 1.43171e-12
 1.48451e-14
 1.60495e-16
 5.21786e-18
 2.61211e-18
-2.61705e-18
-2.62569e-18
-1.26266e-20
 3.30916e-21
 2.61377e-18
 5.22909e-18
 2.61550e-18
-6.67956e-21
-1.26266e-20
 8.02282e-21
 6.85526e-21
 2.73654e-21
-3.19934e-21
-2.36990e-22
 6.85526e-21
-1.59280e-18
-2.40442e-17
-4.28522e-17
-4.08271e-17
 3.10671e-01
 3.08071e-01
 3.08746e-01
 3.09812e-01
 3.10756e-01
 3.11383e-01
 3.11926e-01
 3.12485e-01
 3.13087e-01
 3.13753e-01
 3.14488e-01
 3.15288e-01
 3.16144e-01
 3.17048e-01
 3.18025e-01
 3.19186e-01
 3.20848e-01
 3.23650e-01
 3.28495e-01
 3.35237e-01
 3.40035e-01
 3.39862e-01
 3.35357e-01
 3.27188e-01
 3.12473e-01
 2.86101e-01
 2.41582e-01
 1.72454e-01
 8.89741e-02
 2.96958e-02
 5.64218e-03
 5.22440e-04
 1.91709e-05
 2.90854e-07
 4.70054e-09
 6.16942e-11
 8.66154e-13
 1.00934e-14
 1.33681e-16
-2.60431e-18
-5.21924e-18
-2.60649e-18
-2.36990e-22
 8.02282e-21
 2.62890e-18
 2.61574e-18
-2.60991e-18
-5.22589e-18
-2.62225e-18
 8.02275e-21
 1.62825e-20
-2.36990e-22
-1.19770e-20
-4.36685e-21
 9.30562e-22
-2.36990e-22
-1.40454e-21
 5.39637e-18
 3.05974e-17
 8.60534e-17
 1.21706e-16
 3.21578e-01
 3.18985e-01
 3.19713e-01
 3.20824e-01
 3.21775e-01
 3.22447e-01
 3.23031e-01
 3.23611e-01
 3.24220e-01
 3.24885e-01
 3.25632e-01
 3.26503e-01
 3.27601e-01
 3.29142e-01
 3.31509e-01
 3.35263e-01
 3.40738e-01
 3.46118e-01
 3.48821e-01
 3.47515e-01
 3.42941e-01
 3.35485e-01
 3.22639e-01
 3.00523e-01
 2.64257e-01
 2.07793e-01
 1.30551e-01
 5.69696e-02
 1.59745e-02
 2.45930e-03
 1.84495e-04
 5.45106e-06
 8.91635e-08
 1.69415e-09
 2.46283e-11
 4.02022e-13
 5.13963e-15
 4.88113e-17
 7.43768e-22
-2.62802e-18
-1.96531e-20
-8.49677e-21
-2.36990e-22
-1.08095e-20
-2.63018e-18
-8.01339e-21
 2.61041e-18
 2.61460e-18
 5.23479e-18
 2.61990e-18
 2.60964e-18
 2.60953e-18
 1.56899e-21
 2.62161e-18
 2.61432e-18
-2.36990e-22
-1.40454e-21
-7.42730e-18
-2.01612e-17
-5.55827e-17
-8.56952e-17
 3.33016e-01
 3.30412e-01
 3.31221e-01
 3.32399e-01
 3.33366e-01
 3.34101e-01
 3.34779e-01
 3.35518e-01
 3.36433e-01
 3.37664e-01
 3.39403e-01
 3.41915e-01
 3.45496e-01
 3.50025e-01
 3.54250e-01
 3.56850e-01
 3.56613e-01
 3.53809e-01
 3.48862e-01
 3.41233e-01
 3.28718e-01
 3.08256e-01
 2.76110e-01
 2.27385e-01
 1.59349e-01
 8.37489e-02
 3.00690e-02
 6.65775e-03
 7.98384e-04
 4.53135e-05
 1.09138e-06
 2.19898e-08
 4.51626e-10
 7.74147e-12
 1.41005e-13
 2.10766e-15
 3.32293e-17
-2.63026e-18
-2.61224e-18
 2.62134e-18
 2.61814e-18
 2.61335e-18
 2.61315e-18
 8.02282e-21
 2.62890e-18
 2.61634e-18
 1.74147e-21
 1.42783e-23
-2.62719e-18
-2.62238e-18
-2.60975e-18
-2.60784e-18
 6.85526e-21
-2.60527e-18
-2.61462e-18
 2.61335e-18
 2.61199e-18
 9.48369e-18
 2.11171e-17
-1.08729e-18
-2.54423e-17
 3.47464e-01
 3.44903e-01
 3.45999e-01
 3.47497e-01
 3.48889e-01
 3.50319e-01
 3.52005e-01
 3.54144e-01
 3.56785e-01
 3.59653e-01
 3.62426e-01
 3.64563e-01
 3.65339e-01
 3.64412e-01
 3.61907e-01
 3.57964e-01
 3.52321e-01
 3.43599e-01
 3.30121e-01
 3.09432e-01
 2.78524e-01
 2.33618e-01
 1.72328e-01
 1.00852e-01
 4.23461e-02
 1.19284e-02
 1.97151e-03
 1.75287e-04
 7.10157e-06
 1.62376e-07
 4.25026e-09
 8.88505e-11
 1.91787e-12
 3.69056e-14
 6.58561e-16
 7.16221e-18
-2.58912e-18
 2.63400e-18
 2.61670e-18
-2.61806e-18
-2.61833e-18
-2.61353e-18
-2.61147e-18
-1.08095e-20
-2.63018e-18
-2.61760e-18
 1.74147e-21
-2.62185e-18
-3.25505e-21
 2.62138e-18
-1.08095e-20
-1.26266e-20
-1.40454e-21
-2.36990e-22
 9.30562e-22
-2.61353e-18
-2.61264e-18
-8.16443e-18
-2.15080e-17
 1.99683e-18
 3.06830e-17
 3.71231e-01
 3.68686e-01
 3.69976e-01
 3.71358e-01
 3.72421e-01
 3.73212e-01
 3.73667e-01
 3.73692e-01
 3.73155e-01
 3.71974e-01
 3.70041e-01
 3.67314e-01
 3.63712e-01
 3.58561e-01
 3.51169e-01
 3.40431e-01
 3.24757e-01
 3.02337e-01
 2.70519e-01
 2.26689e-01
 1.69469e-01
 1.03811e-01
 4.76132e-02
 1.54208e-02
 3.13568e-03
 3.70954e-04
 2.25366e-05
 6.94683e-07
 2.01428e-08
 5.82934e-10
 1.37156e-11
 3.56591e-13
 7.37453e-15
 1.49741e-16
-2.60791e-18
-2.62563e-18
-2.08865e-20
-2.61783e-18
 2.38629e-21
 2.62766e-18
 2.63275e-18
 2.61369e-18
-1.26266e-20
-2.54974e-21
 9.17910e-21
 1.19608e-20
 5.75674e-21
 9.96382e-22
-2.60897e-18
-2.61792e-18
-4.36681e-21
 5.71004e-21
-1.37942e-20
-2.36990e-22
 9.30562e-22
-1.08095e-20
-1.37943e-20
 6.94653e-18
 6.67580e-18
-9.10101e-18
-1.76603e-17
 3.78501e-01
 3.75866e-01
 3.76597e-01
 3.76822e-01
 3.76330e-01
 3.75217e-01
 3.73580e-01
 3.71337e-01
 3.68290e-01
 3.64238e-01
 3.58814e-01
 3.51432e-01
 3.41259e-01
 3.27432e-01
 3.08614e-01
 2.83058e-01
 2.48927e-01
 2.04689e-01
 1.50272e-01
 9.16394e-02
 4.31102e-02
 1.48631e-02
 3.37433e-03
 4.72823e-04
 3.72146e-05
 1.54178e-06
 5.17782e-08
 1.93999e-09
 5.58376e-11
 1.72667e-12
 4.69079e-14
 1.19731e-15
 3.40989e-17
 2.62035e-18
 9.17921e-21
 2.62105e-18
 2.63031e-18
 3.89291e-21
-2.61465e-18
-6.78762e-21
-1.46320e-20
-9.50012e-22
 2.62967e-18
 8.02282e-21
 2.62064e-18
 2.60434e-18
-2.32348e-21
 2.62286e-18
 2.60856e-18
 3.89289e-21
 1.62825e-20
 8.02282e-21
 9.82871e-21
-8.49680e-21
 9.30562e-22
 2.62161e-18
 2.63379e-18
-1.94144e-18
 9.52633e-18
 3.26049e-18
-1.64239e-17
 3.66538e-01
 3.64007e-01
 3.64235e-01
 3.63388e-01
 3.61313e-01
 3.58013e-01
 3.53384e-01
 3.47221e-01
 3.39196e-01
 3.28758e-01
 3.15156e-01
 2.97463e-01
 2.74587e-01
 2.45366e-01
 2.08810e-01
 1.64552e-01
 1.14542e-01
 6.64123e-02
 3.04350e-02
 1.04029e-02
 2.42546e-03
 3.66387e-04
 3.30050e-05
 1.69218e-06
 7.02370e-08
 3.28182e-09
 1.20742e-10
 4.38216e-12
 1.56572e-13
 4.56242e-15
 1.37057e-16
 5.85617e-21
-2.60466e-18
-2.60762e-18
-4.36687e-21
-2.61313e-18
-2.62563e-18
-7.34021e-21
 2.62344e-18
 7.66715e-21
 1.34170e-20
 1.09707e-20
-2.61675e-18
 2.60453e-18
-3.75649e-21
-2.60955e-18
 5.75674e-21
-2.62185e-18
-2.62268e-18
 9.17912e-21
 2.61377e-18
 2.60953e-18
 6.85526e-21
-2.54957e-21
-1.14589e-20
-2.61353e-18
-2.62224e-18
-7.52071e-19
-3.11559e-17
-4.77792e-17
-3.47244e-17
 3.21187e-01
 3.18920e-01
 3.17797e-01
 3.14547e-01
 3.09093e-01
 3.01316e-01
 2.90940e-01
 2.77541e-01
 2.60574e-01
 2.39440e-01
 2.13551e-01
 1.82470e-01
 1.46092e-01
 1.06147e-01
 6.71613e-02
 3.55197e-02
 1.51131e-02
 4.77216e-03
 1.06378e-03
 1.59574e-04
 1.48975e-05
 8.85463e-07
 4.80609e-08
 2.81741e-09
 1.30059e-10
 5.83008e-12
 2.64276e-13
 9.63006e-15
 3.56771e-16
 1.08750e-17
 2.62785e-18
 2.61577e-18
-1.39334e-21
 4.46553e-21
 2.73656e-21
-9.65317e-21
 3.89283e-21
 2.62064e-18
 2.60098e-18
-1.81750e-20
-2.62120e-18
 2.32925e-21
 2.61528e-18
-2.60371e-18
-2.60267e-18
-2.61128e-18
-2.60884e-18
 1.15689e-20
 2.51261e-20
 3.89293e-21
-5.99028e-21
 2.61178e-18
 2.61548e-18
 1.21526e-20
 9.19019e-21
-2.36990e-22
-3.71729e-21
 6.28225e-18
 5.12074e-17
 6.70394e-17
 4.42354e-17
 2.16935e-01
 2.15051e-01
 2.11798e-01
 2.05396e-01
 1.95725e-01
 1.82669e-01
 1.66033e-01
 1.45667e-01
 1.21915e-01
 9.56451e-02
 6.87331e-02
 4.41153e-02
 2.46838e-02
 1.14785e-02
 4.20408e-03
 1.16393e-03
 2.33894e-04
 3.21947e-05
 2.96177e-06
 2.12568e-07
 1.62652e-08
 1.17221e-09
 6.70970e-11
 3.93515e-12
 2.21919e-13
 1.01792e-14
 4.62147e-16
 8.19892e-18
-2.61447e-18
 3.89293e-21
-2.60803e-18
-2.60899e-18
 9.17921e-21
-8.20745e-22
 2.61279e-18
 2.62205e-18
 2.62105e-18
 2.60983e-18
-2.60897e-18
-2.60158e-18
-3.13346e-21
-2.62520e-18
-2.60662e-18
-2.36990e-22
-5.52327e-21
-6.10702e-21
-2.36969e-22
 3.30916e-21
 2.61666e-18
 2.62056e-18
-2.61858e-18
-5.23241e-18
-2.61513e-18
-2.36990e-22
 9.30562e-22
-2.36990e-22
 6.85526e-21
-1.00696e-17
-3.39725e-17
-1.12406e-17
 2.52980e-17
 6.92823e-02
 6.80889e-02
 6.46644e-02
 5.89419e-02
 5.11868e-02
 4.19950e-02
 3.21917e-02
 2.27489e-02
 1.44389e-02
 8.00183e-03
 3.75605e-03
 1.44788e-03
 4.43574e-04
 1.03614e-04
 1.77354e-05
 2.23001e-06
 2.32062e-07
 2.47668e-08
 2.56864e-09
 2.15616e-10
 1.63601e-11
 1.29939e-12
 8.88811e-14
 5.25913e-15
 3.45278e-16
 2.46870e-18
-2.60638e-18
 3.46786e-22
-8.20766e-22
 2.61377e-18
 2.61308e-18
 3.46786e-22
 2.60453e-18
 2.60379e-18
-2.60371e-18
-2.03300e-21
 9.04043e-22
-5.21878e-18
-2.61224e-18
 3.46786e-22
-3.13346e-21
 2.61335e-18
 2.61315e-18
-2.36990e-22
 2.62064e-18
 2.61871e-18
-2.36969e-22
 3.30916e-21
 1.03675e-22
 1.89664e-21
 8.02282e-21
 1.62825e-20
-1.40454e-21
-2.36990e-22
 9.30562e-22
 2.61335e-18
 2.61199e-18
 4.76272e-18
 1.04367e-17
-7.00701e-18
-2.53632e-17
 3.22531e-03
 3.09612e-03
 2.73210e-03
 2.19704e-03
 1.59060e-03
 1.02161e-03
 5.71993e-04
 2.73043e-04
 1.08182e-04
 3.47081e-05
 8.87317e-06
 1.82079e-06
 3.19483e-07
 5.37746e-08
 8.90336e-09
 1.29657e-09
 1.55859e-10
 1.72122e-11
 1.92502e-12
 1.91868e-13
 1.58777e-14
 1.26472e-15
 8.45784e-17
 3.19783e-18
 2.60607e-18
 5.21388e-18
 2.60061e-18
-6.75656e-21
-7.26325e-21
-1.42499e-20
-7.53097e-22
 2.60839e-18
 2.61299e-18
-4.79920e-21
 2.59214e-18
 9.04043e-22
-2.03300e-21
 5.22210e-18
 2.60613e-18
 2.60070e-18
 2.62045e-18
-2.60114e-18
 2.12014e-21
 2.61315e-18
-2.61779e-18
-2.61111e-18
 3.89293e-21
 3.30916e-21
-2.62678e-18
-2.62303e-18
 2.60964e-18
 2.60953e-18
-1.40454e-21
-2.36990e-22
 9.30562e-22
-2.61353e-18
-2.61264e-18
-4.14980e-18
-1.03351e-17
 4.56673e-18
 2.15063e-17
 3.40727e-06
 3.15998e-06
 2.51638e-06
 1.71351e-06
 9.94858e-07
 4.94132e-07
 2.13054e-07
 8.17935e-08
 2.85755e-08
 9.04592e-09
 2.51504e-09
 5.95816e-10
 1.21095e-10
 2.24269e-11
 3.99936e-12
 6.58503e-13
 9.23815e-14
 1.11540e-14
 1.33160e-15
 1.62329e-16
 1.91010e-17
-1.30809e-22
 1.53608e-21
 2.61837e-18
 1.02051e-20
-5.21238e-18
 1.46632e-20
 2.62091e-18
 2.62428e-18
 2.04056e-20
-2.60670e-18
-2.60806e-18
-5.23259e-18
-2.61637e-18
-2.59640e-18
-2.62563e-18
-2.63609e-18
-2.61929e-18
 1.18687e-20
-2.61114e-18
-3.31296e-21
 2.61992e-18
-2.61882e-18
-2.61560e-18
 2.61808e-18
 2.61324e-18
 3.89293e-21
 2.61794e-18
 5.22975e-18
 2.61455e-18
-2.61388e-18
 1.25497e-21
 2.60755e-18
 2.61738e-18
 5.23035e-18
 5.22726e-18
 2.61302e-18
 4.40402e-18
 1.91299e-17
 2.10549e-17
 1.26575e-17
 3.61739e-10
 3.38935e-10
 2.78741e-10
 2.01100e-10
 1.27251e-10
 7.07303e-11
 3.46992e-11
 1.51540e-11
 5.93840e-12
 2.08621e-12
 6.47935e-13
 1.74630e-13
 4.06338e-14
 8.41373e-15
 1.59933e-15
 2.87710e-16
 3.90271e-17
 8.91314e-18
 5.22678e-18
 5.22946e-18
 2.61767e-18
-2.36990e-22
-9.03630e-21
-2.62519e-18
-1.02108e-20
 5.21572e-18
-3.28517e-21
-2.61405e-18
-2.61707e-18
-6.19336e-21
 2.61118e-18
 2.60839e-18
 5.23414e-18
 2.62496e-18
 3.89293e-21
 1.33091e-20
 2.63757e-18
 2.61867e-18
-1.34124e-21
 3.32032e-21
-2.62351e-18
-2.62663e-18
 2.62161e-18
 5.23403e-18
-2.79987e-21
-2.61816e-18
-2.36969e-22
-2.62523e-18
-5.23404e-18
-2.60185e-18
 2.61790e-18
 7.08579e-22
-2.60824e-18
-2.61745e-18
-5.22951e-18
-5.22825e-18
-2.60837e-18
-6.06731e-18
-2.14728e-17
-2.07965e-17
-1.07913e-17
 4.00606e-14
 3.79058e-14
 3.20690e-14
 2.43202e-14
 1.65071e-14
 9.95429e-15
 5.34617e-15
 2.55668e-15
 1.11733e-15
 4.53407e-16
 1.61619e-16
 4.88493e-17
 9.69857e-18
-6.51574e-19
-2.60419e-18
-2.60272e-18
-2.59181e-18
-2.59999e-18
-5.22289e-18
-5.22081e-18
 7.17981e-21
 2.61695e-18
 9.79572e-21
 9.79572e-21
-2.60810e-18
-5.21525e-18
-5.82563e-22
 2.60223e-18
-1.02369e-20
-2.61225e-18
 6.88712e-21
-5.87598e-21
-5.23556e-18
-2.61109e-18
 8.02284e-21
-8.49680e-21
-2.61313e-18
-5.23348e-18
-1.47518e-20
 2.61767e-18
 1.56988e-20
 1.58016e-21
-2.62592e-18
-5.22588e-18
-2.60655e-18
 1.15690e-20
 3.89293e-21
 1.15690e-20
 8.60659e-21
-6.67962e-21
-2.62214e-18
-2.61841e-18
-1.37942e-20
-2.36990e-22
 2.61250e-18
 2.60170e-18
-1.37942e-20
-2.22642e-19
-2.45235e-17
-5.50233e-17
-6.14361e-17
 5.21864e-18
 5.86867e-18
 3.25664e-18
 1.28453e-21
 1.09945e-21
 2.60969e-18
 5.21689e-18
 2.60805e-18
 6.49547e-22
-8.49680e-21
-7.61026e-21
 1.53608e-21
 2.60692e-18
 2.59834e-18
-6.72372e-21
-8.49680e-21
-6.72372e-21
-1.90692e-20
-2.31989e-20
-1.26265e-20
-2.61573e-18
-2.62052e-18
-7.88009e-21
-2.59382e-21
 3.27621e-21
 3.89291e-21
-2.60803e-18
 9.15341e-21
 2.61242e-18
-1.08095e-20
-1.61418e-20
 2.61511e-18
 2.62055e-18
-1.02369e-20
-8.49677e-21
-2.36990e-22
-2.36990e-22
 8.02282e-21
-2.60292e-18
-2.30270e-21
 2.61219e-18
 1.21527e-20
 1.62825e-20
-1.08095e-20
 2.59999e-18
 2.61574e-18
 3.89293e-21
 3.30916e-21
 2.61209e-18
 2.62421e-18
 1.62826e-20
 8.02282e-21
 1.51150e-20
-2.36990e-22
-2.61166e-18
-2.60251e-18
 9.82871e-21
 1.16371e-17
 4.71548e-17
 1.05130e-16
 1.39241e-16
-5.23731e-18
-5.22474e-18
-2.60994e-18
-1.53555e-23
-1.03662e-20
-2.62030e-18
-5.21916e-18
-2.61397e-18
-3.48036e-21
-2.36990e-22
 6.49547e-22
 1.53608e-21
-2.60826e-18
-2.60490e-18
 1.53608e-21
-2.36990e-22
 1.53608e-21
 2.73646e-21
 2.04121e-20
 1.62824e-20
 1.53608e-21
 2.73654e-21
 5.66599e-21
-9.03641e-21
-1.55561e-20
-1.37831e-20
-8.20745e-22
-2.61512e-18
-2.60895e-18
 6.86646e-21
-2.60176e-18
-5.22164e-18
-2.61057e-18
 3.30916e-21
 3.89293e-21
-2.36990e-22
-2.36990e-22
-2.36990e-22
 3.30916e-21
 6.64883e-23
-2.62473e-21
 3.89293e-21
-2.36990e-22
-2.54968e-21
-2.61276e-18
-2.61126e-18
 3.89293e-21
 3.30916e-21
-2.61178e-18
-2.61543e-18
-9.65317e-21
-4.36689e-21
 2.61257e-18
 2.61227e-18
 9.30562e-22
 2.61439e-18
 5.23153e-18
-2.93814e-18
-2.17968e-17
-7.89267e-17
-1.25371e-16
 2.12114e-16
 2.12873e-16
 2.17132e-16
 2.14637e-16
 2.16829e-16
 2.18341e-16
 2.18297e-16
 2.22319e-16
 2.18057e-16
 2.13884e-16
 2.13804e-16
 2.21574e-16
 2.24187e-16
 2.15849e-16
 2.12167e-16
 2.12734e-16
 2.19505e-16
 2.19294e-16
 2.12777e-16
 2.13832e-16
 2.17429e-16
 2.18784e-16
 2.13481e-16
 2.16393e-16
 2.21488e-16
 2.21042e-16
 2.18065e-16
 2.18654e-16
 2.18845e-16
 2.14605e-16
 2.08024e-16
 2.09760e-16
 2.16388e-16
 2.14459e-16
 2.16586e-16
 2.17139e-16
 2.15607e-16
 2.15258e-16
 2.15263e-16
 2.15064e-16
 2.12185e-16
 2.13841e-16
 2.14629e-16
 2.14400e-16
 2.12329e-16
 2.13482e-16
 2.15847e-16
 2.15938e-16
 2.19095e-16
 2.15879e-16
 2.18367e-16
 2.21973e-16
 2.13244e-16
 2.08582e-16
 2.14096e-16
 2.14826e-16
 2.04281e-16
 2.04827e-16
 2.10722e-16
 2.26854e-16
 2.44729e-16
 2.71784e-12
 2.71784e-12
 2.71786e-12
 2.71788e-12
 2.71783e-12
 2.71781e-12
 2.71780e-12
 2.71783e-12
 2.71785e-12
 2.71783e-12
 2.71783e-12
 2.71783e-12
 2.71783e-12
 2.71783e-12
 2.71782e-12
 2.71781e-12
 2.71784e-12
 2.71784e-12
 2.71784e-12
 2.71783e-12
 2.71783e-12
 2.71783e-12
 2.71780e-12
 2.71782e-12
 2.71782e-12
 2.71781e-12
 2.71784e-12
 2.71782e-12
 2.71781e-12
 2.71783e-12
 2.71781e-12
 2.71783e-12
 2.71784e-12
 2.71783e-12
 2.71783e-12
 2.71782e-12
 2.71782e-12
 2.71782e-12
 2.71784e-12
 2.71780e-12
 2.71781e-12
 2.71782e-12
 2.71782e-12
 2.71782e-12
 2.71782e-12
 2.71783e-12
 2.71782e-12
 2.71783e-12
 2.71783e-12
 2.71781e-12
 2.71782e-12
 2.71782e-12
 2.71783e-12
 2.71784e-12
 2.71784e-12
 2.71783e-12
 2.71783e-12
 2.71785e-12
 2.71762e-12
 2.52469e-12
 2.34189e-12
 1.59017e-08
 1.59017e-08
 1.59017e-08
 1.59017e-08
 1.59017e-08
 1.59017e-08
 1.59017e-08
 1.59017e-08
 1.59017e-08
 1.59017e-08
 1.59017e-08
 1.59017e-08
 1.59017e-08
 1.59017e-08
 1.59017e-08
 1.59017e-08
 1.59017e-08
 1.59017e-08
 1.59017e-08
 1.59017e-08
 1.59017e-08
 1.59017e-08
 1.59017e-08
 1.59017e-08
 1.59017e-08
 1.59017e-08
 1.59017e-08
 1.59017e-08
 1.59017e-08
 1.59017e-08
 1.59017e-08
 1.59017e-08
 1.59017e-08
 1.59017e-08
 1.59017e-08
 1.59017e-08
 1.59017e-08
 1.59017e-08
 1.59017e-08
 1.59017e-08
 1.59017e-08
 1.59017e-08
 1.59017e-08
 1.59017e-08
 1.59017e-08
 1.59017e-08
 1.59017e-08
 1.59017e-08
 1.59017e-08
 1.59017e-08
 1.59017e-08
 1.59017e-08
 1.59017e-08
 1.59017e-08
 1.59017e-08
 1.59017e-08
 1.59017e-08
 1.59017e-08
 1.59015e-08
 1.58960e-08
 1.58906e-08
 9.77530e-05
 9.77530e-05
 9.77530e-05
 9.77530e-05
 9.77530e-05
 9.77530e-05
 9.77530e-05
 9.77530e-05
 9.77530e-05
 9.77530e-05
 9.77530e-05
 9.77530e-05
 9.77530e-05
 9.77530e-05
 9.77530e-05
 9.77530e-05
 9.77530e-05
 9.77530e-05
 9.77530e-05
 9.77530e-05
 9.77530e-05
 9.77530e-05
 9.77530e-05
 9.77530e-05
 9.77530e-05
 9.77530e-05
 9.77530e-05
 9.77530e-05
 9.77530e-05
 9.77530e-05
 9.77530e-05
 9.77530e-05
 9.77530e-05
 9.77530e-05
 9.77530e-05
 9.77530e-05
 9.77530e-05
 9.77530e-05
 9.77530e-05
 9.77530e-05
 9.77530e-05
 9.77530e-05
 9.77530e-05
 9.77530e-05
 9.77530e-05
 9.77530e-05
 9.77530e-05
 9.77530e-05
 9.77530e-05
 9.77530e-05
 9.77530e-05
 9.77530e-05
 9.77530e-05
 9.77530e-05
 9.77530e-05
 9.77530e-05
 9.77530e-05
 9.77530e-05
 9.77530e-05
 9.77372e-05
 9.77215e-05
 0.00000e+00
 0.00000e+00
 0.00000e+00
 0.00000e+00
 0.00000e+00
 0.00000e+00
 0.00000e+00
 0.00000e+00
 0.00000e+00
 0.00000e+00
 0.00000e+00
 0.00000e+00
 0.00000e+00
 0.00000e+00
 0.00000e+00
 0.00000e+00
 0.00000e+00
 0.00000e+00
 0.00000e+00
 0.00000e+00
 0.00000e+00
 0.00000e+00
 0.00000e+00
 0.00000e+00
 0.00000e+00
 0.00000e+00
 0.00000e+00
 0.00000e+00
 0.00000e+00
 0.00000e+00
 0.00000e+00
 0.00000e+00
 0.00000e+00
 0.00000e+00
 0.00000e+00
 0.00000e+00
 0.00000e+00
 0.00000e+00
 0.00000e+00
 0.00000e+00
 0.00000e+00
 0.00000e+00
 0.00000e+00
 0.00000e+00
 0.00000e+00
 0.00000e+00
 0.00000e+00
 0.00000e+00
 0.00000e+00
 0.00000e+00
 0.00000e+00
 0.00000e+00
 0.00000e+00
 0.00000e+00
 0.00000e+00
 0.00000e+00
 0.00000e+00
 0.00000e+00
 0.00000e+00
 0.00000e+00
 0.00000e+00
 0.00000e+00
 0.00000e+00
 0.00000e+00
 0.00000e+00
 0.00000e+00
 0.00000e+00
 0.00000e+00
 0.00000e+00
 0.00000e+00
 0.00000e+00
 0.00000e+00
 0.00000e+00
 0.00000e+00
 0.00000e+00
 0.00000e+00
 0.00000e+00
 0.00000e+00
 0.00000e+00
 0.00000e+00
 0.00000e+00
 0.00000e+00
 0.00000e+00
 0.00000e+00
 0.00000e+00
 0.00000e+00
 0.00000e+00
 0.00000e+00
 0.00000e+00
 0.00000e+00
 0.00000e+00
 0.00000e+00
 0.00000e+00
 0.00000e+00
 0.00000e+00
 0.00000e+00
 0.00000e+00
 0.00000e+00
 0.00000e+00
 0.00000e+00
 0.00000e+00
 0.00000e+00
 0.00000e+00
 0.00000e+00
 0.00000e+00
 0.00000e+00
 0.00000e+00
 0.00000e+00
 0.00000e+00
 0.00000e+00
 0.00000e+00
 0.00000e+00
 0.00000e+00
 0.00000e+00
 0.00000e+00
 0.00000e+00
 0.00000e+00
 0.00000e+00
 0.00000e+00
 0.00000e+00
 0.00000e+00
 0.00000e+00
 0.00000e+00
 0.00000e+00
 0.00000e+00
 0.00000e+00
 0.00000e+00
 0.00000e+00
 0.00000e+00
 0.00000e+00
 0.00000e+00
 0.00000e+00
 0.00000e+00
 0.00000e+00
 0.00000e+00
 0.00000e+00
 0.00000e+00
 0.00000e+00
 0.00000e+00
 0.00000e+00
 0.00000e+00
 0.00000e+00
 0.00000e+00
 0.00000e+00
 0.00000e+00
 0.00000e+00
 0.00000e+00
 0.00000e+00
 0.00000e+00
 0.00000e+00
 0.00000e+00
 0.00000e+00
 0.00000e+00
 0.00000e+00
 0.00000e+00
 0.00000e+00
 0.00000e+00
 0.00000e+00
 0.00000e+00
 0.00000e+00
 0.00000e+00
 0.00000e+00
 0.00000e+00
 0.00000e+00
 0.00000e+00
 0.00000e+00
 0.00000e+00
 0.00000e+00
 0.00000e+00
 0.00000e+00
 0.00000e+00
 0.00000e+00
 0.00000e+00
 0.00000e+00
 0.00000e+00
 0.00000e+00
 0.00000e+00
 0.00000e+00
 0.00000e+00
 0.00000e+00
 0.00000e+00
 0.00000e+00
 0.00000e+00
 0.00000e+00
 0.00000e+00
 0.00000e+00
 0.00000e+00
 0.00000e+00
 0.00000e+00
 0.00000e+00
 0.00000e+00
 0.00000e+00
 0.00000e+00
 0.00000e+00
 0.00000e+00
 0.00000e+00
 0.00000e+00
 0.00000e+00
 0.00000e+00
 0.00000e+00
 0.00000e+00
 0.00000e+00
 0.00000e+00
 0.00000e+00
 0.00000e+00
 0.00000e+00
 0.00000e+00
 0.00000e+00
 0.00000e+00
 0.00000e+00
 0.00000e+00
 0.00000e+00
 0.00000e+00
 0.00000e+00
 0.00000e+00
 0.00000e+00
 0.00000e+00
 0.00000e+00
 0.00000e+00
 0.00000e+00
 0.00000e+00
 0.00000e+00
 0.00000e+00
 0.00000e+00
 0.00000e+00
 0.00000e+00
 0.00000e+00
 0.00000e+00
 0.00000e+00
 0.00000e+00
 0.00000e+00
 0.00000e+00
 0.00000e+00
 0.00000e+00
 0.00000e+00
 0.00000e+00
 0.00000e+00
 0.00000e+00
 0.00000e+00
 0.00000e+00
 0.00000e+00
 0.00000e+00
 0.00000e+00
 0.00000e+00
 0.00000e+00
 0.00000e+00
 0.00000e+00
 0.00000e+00
 0.00000e+00
 0.00000e+00
 0.00000e+00
 0.00000e+00
 0.00000e+00
 0.00000e+00
 0.00000e+00
 0.00000e+00
 0.00000e+00
 0.00000e+00
 0.00000e+00
 0.00000e+00
 0.00000e+00
 0.00000e+00
 0.00000e+00
 0.00000e+00
 0.00000e+00
 0.00000e+00
 0.00000e+00
 0.00000e+00
 0.00000e+00
 0.00000e+00
 0.00000e+00
 0.00000e+00
 0.00000e+00
 0.00000e+00
 0.00000e+00
 0.00000e+00
 0.00000e+00
 0.00000e+00
 0.00000e+00
 0.00000e+00
 0.00000e+00
 0.00000e+00
 0.00000e+00
 0.00000e+00
 0.00000e+00
 0.00000e+00
 0.00000e+00
 0.00000e+00
 0.00000e+00
 0.00000e+00
 0.00000e+00
 0.00000e+00
 0.00000e+00
 0.00000e+00
 0.00000e+00
 0.00000e+00
 0.00000e+00
 0.00000e+00
 0.00000e+00
 0.00000e+00
 0.00000e+00
 0.00000e+00
 0.00000e+00
 0.00000e+00
 0.00000e+00
 0.00000e+00
 0.00000e+00
 0.00000e+00
 0.00000e+00
 0.00000e+00
 0.00000e+00
 0.00000e+00
 0.00000e+00
 0.00000e+00
 0.00000e+00
 0.00000e+00
 0.00000e+00
 0.00000e+00
 0.00000e+00
 0.00000e+00
 0.00000e+00
 0.00000e+00
 0.00000e+00
 0.00000e+00
 0.00000e+00
 0.00000e+00
 0.00000e+00
 0.00000e+00
 0.00000e+00
 0.00000e+00
 0.00000e+00
 0.00000e+00
 0.00000e+00
 0.00000e+00
 0.00000e+00
 0.00000e+00
 0.00000e+00
 0.00000e+00
 0.00000e+00
 0.00000e+00
 0.00000e+00
 0.00000e+00
 0.00000e+00
 0.00000e+00
 0.00000e+00
 0.00000e+00
 0.00000e+00
 0.00000e+00
 0.00000e+00
 0.00000e+00
 0.00000e+00
 0.00000e+00
 0.00000e+00
 0.00000e+00
 0.00000e+00
 0.00000e+00
 0.00000e+00
 0.00000e+00
 0.00000e+00
 0.00000e+00
 0.00000e+00
 0.00000e+00
 0.00000e+00
 0.00000e+00
 0.00000e+00
 0.00000e+00
 0.00000e+00
 0.00000e+00
 0.00000e+00
 0.00000e+00
 0.00000e+00
 0.00000e+00
 0.00000e+00
 0.00000e+00
 0.00000e+00
 0.00000e+00
 0.00000e+00
 0.00000e+00
 0.00000e+00
 0.00000e+00
 0.00000e+00
 0.00000e+00
 0.00000e+00
 0.00000e+00
 0.00000e+00
 0.00000e+00
 0.00000e+00
 0.00000e+00
 0.00000e+00
 0.00000e+00
 0.00000e+00
 0.00000e+00
 0.00000e+00
 0.00000e+00
 0.00000e+00
 0.00000e+00
 0.00000e+00
 0.00000e+00
 0.00000e+00
 0.00000e+00
 0.00000e+00
 0.00000e+00
 0.00000e+00
 0.00000e+00
 0.00000e+00
 0.00000e+00
 0.00000e+00
 0.00000e+00
 0.00000e+00
 0.00000e+00
 0.00000e+00
 0.00000e+00
 0.00000e+00
 0.00000e+00
 0.00000e+00
 0.00000e+00
 0.00000e+00
 0.00000e+00
 0.00000e+00
 0.00000e+00
 0.00000e+00
 0.00000e+00
 0.00000e+00
 0.00000e+00
 0.00000e+00
 0.00000e+00
 0.00000e+00
 0.00000e+00
 0.00000e+00
 0.00000e+00
 0.00000e+00
 0.00000e+00
 0.00000e+00
 0.00000e+00
 0.00000e+00
 0.00000e+00
 0.00000e+00
 0.00000e+00
 0.00000e+00
 0.00000e+00
 0.00000e+00
 0.00000e+00
 0.00000e+00
 0.00000e+00
 0.00000e+00
 0.00000e+00
 0.00000e+00
 0.00000e+00
 0.00000e+00
 0.00000e+00
 0.00000e+00
 0.00000e+00
 0.00000e+00
 0.00000e+00
 0.00000e+00
 0.00000e+00
 0.00000e+00
 0.00000e+00
 0.00000e+00
 0.00000e+00
 0.00000e+00
 0.00000e+00
 0.00000e+00
 0.00000e+00
 0.00000e+00
 0.00000e+00
 0.00000e+00
 0.00000e+00
 0.00000e+00
 0.00000e+00
 0.00000e+00
 0.00000e+00
 0.00000e+00
 0.00000e+00
 0.00000e+00
 0.00000e+00
 0.00000e+00
 0.00000e+00
 0.00000e+00
 0.00000e+00
 0.00000e+00
 0.00000e+00
 0.00000e+00
 0.00000e+00
 0.00000e+00
 0.00000e+00
 0.00000e+00
 0.00000e+00
 0.00000e+00
 0.00000e+00
 0.00000e+00
 0.00000e+00
 0.00000e+00
 0.00000e+00
 0.00000e+00
 0.00000e+00
 0.00000e+00
 0.00000e+00
 0.00000e+00
 0.00000e+00
 0.00000e+00
 0.00000e+00
 0.00000e+00
 0.00000e+00
 0.00000e+00
 0.00000e+00
 0.00000e+00
 0.00000e+00
 0.00000e+00
 0.00000e+00
 0.00000e+00
 0.00000e+00
 0.00000e+00
 0.00000e+00
 0.00000e+00
 0.00000e+00
 0.00000e+00
 0.00000e+00
 0.00000e+00
 0.00000e+00
 0.00000e+00
 0.00000e+00
 0.00000e+00
 0.00000e+00
 0.00000e+00
 0.00000e+00
 0.00000e+00
 0.00000e+00
 0.00000e+00
 0.00000e+00
 0.00000e+00
 0.00000e+00
 0.00000e+00
 0.00000e+00
 0.00000e+00
 0.00000e+00
 0.00000e+00
 0.00000e+00
 0.00000e+00
 0.00000e+00
 0.00000e+00
 0.00000e+00
 0.00000e+00
 0.00000e+00
 0.00000e+00
 0.00000e+00
 0.00000e+00
 0.00000e+00
 0.00000e+00
 0.00000e+00
 0.00000e+00
 0.00000e+00
 0.00000e+00
 0.00000e+00
 0.00000e+00
 0.00000e+00
 0.00000e+00
 0.00000e+00
 0.00000e+00
 0.00000e+00
 0.00000e+00
 0.00000e+00
 0.00000e+00
 0.00000e+00
 0.00000e+00
 0.00000e+00
 0.00000e+00
 0.00000e+00
 0.00000e+00
 0.00000e+00
 0.00000e+00
 0.00000e+00
 0.00000e+00
 0.00000e+00
 0.00000e+00
 0.00000e+00
 0.00000e+00
 0.00000e+00
 0.00000e+00
 0.00000e+00
 0.00000e+00
 0.00000e+00
 0.00000e+00
 0.00000e+00
 0.00000e+00
 0.00000e+00
 0.00000e+00
 0.00000e+00
 0.00000e+00
 0.00000e+00
 0.00000e+00
 0.00000e+00
 0.00000e+00
 0.00000e+00
 0.00000e+00
 0.00000e+00
 0.00000e+00
 0.00000e+00
 0.00000e+00
 0.00000e+00
 0.00000e+00
 0.00000e+00
 0.00000e+00
 0.00000e+00
 0.00000e+00
 0.00000e+00
 0.00000e+00
 0.00000e+00
 0.00000e+00
 0.00000e+00
 0.00000e+00
 0.00000e+00
 0.00000e+00
 0.00000e+00
 0.00000e+00
 0.00000e+00
 0.00000e+00
 0.00000e+00
 0.00000e+00
 0.00000e+00
 0.00000e+00
 0.00000e+00
 0.00000e+00
 0.00000e+00
 0.00000e+00
 0.00000e+00
 0.00000e+00
 0.00000e+00
 0.00000e+00
 0.00000e+00
 0.00000e+00
 0.00000e+00
 0.00000e+00
 0.00000e+00
 0.00000e+00
 0.00000e+00
 0.00000e+00
 0.00000e+00
 0.00000e+00
 0.00000e+00
 0.00000e+00
 0.00000e+00
 0.00000e+00
 0.00000e+00
 0.00000e+00
 0.00000e+00
 0.00000e+00
 0.00000e+00
 0.00000e+00
 0.00000e+00
 0.00000e+00
 0.00000e+00
 0.00000e+00
 0.00000e+00
 0.00000e+00
 0.00000e+00
 0.00000e+00
 0.00000e+00
 0.00000e+00
 0.00000e+00
 0.00000e+00
 0.00000e+00
 0.00000e+00
 0.00000e+00
 0.00000e+00
 0.00000e+00
 0.00000e+00
 0.00000e+00
 0.00000e+00
 0.00000e+00
 0.00000e+00
 0.00000e+00
 0.00000e+00
 0.00000e+00
 0.00000e+00
 0.00000e+00
 0.00000e+00
 0.00000e+00
 0.00000e+00
 0.00000e+00
 0.00000e+00
 0.00000e+00
 0.00000e+00
 0.00000e+00
 0.00000e+00
 0.00000e+00
 0.00000e+00
 0.00000e+00
 0.00000e+00
 0.00000e+00
 0.00000e+00
 0.00000e+00
 0.00000e+00
 0.00000e+00
 0.00000e+00
 0.00000e+00
 0.00000e+00
 0.00000e+00
 0.00000e+00
 0.00000e+00
 0.00000e+00
 0.00000e+00
 0.00000e+00
 0.00000e+00
 0.00000e+00
 0.00000e+00
 0.00000e+00
 0.00000e+00
 0.00000e+00
 0.00000e+00
 0.00000e+00
 0.00000e+00
 0.00000e+00
 0.00000e+00
 0.00000e+00
 0.00000e+00
 0.00000e+00
 0.00000e+00
 0.00000e+00
 0.00000e+00
 0.00000e+00
 0.00000e+00
 0.00000e+00
 0.00000e+00
 0.00000e+00
 0.00000e+00
 0.00000e+00
 0.00000e+00
 0.00000e+00
 0.00000e+00
 0.00000e+00
 0.00000e+00
 0.00000e+00
 0.00000e+00
 0.00000e+00
 0.00000e+00
 0.00000e+00
 0.00000e+00
 0.00000e+00
 0.00000e+00
 0.00000e+00
 0.00000e+00
 0.00000e+00
 0.00000e+00
 0.00000e+00
 0.00000e+00
 0.00000e+00
 0.00000e+00
 0.00000e+00
 0.00000e+00
 0.00000e+00
 0.00000e+00
 0.00000e+00
 0.00000e+00
 0.00000e+00
 0.00000e+00
 0.00000e+00
 0.00000e+00
 0.00000e+00
 0.00000e+00
 0.00000e+00
 0.00000e+00
 0.00000e+00
 0.00000e+00
 0.00000e+00
 0.00000e+00
 0.00000e+00
 0.00000e+00
 0.00000e+00
 0.00000e+00
 0.00000e+00
 0.00000e+00
 0.00000e+00
 0.00000e+00
 0.00000e+00
 0.00000e+00
 0.00000e+00
 0.00000e+00
 0.00000e+00
 0.00000e+00
 0.00000e+00
 0.00000e+00
 0.00000e+00
 0.00000e+00
 0.00000e+00
 0.00000e+00
 0.00000e+00
 0.00000e+00
 0.00000e+00
 0.00000e+00
 0.00000e+00
 0.00000e+00
 0.00000e+00
 0.00000e+00
 0.00000e+00
 0.00000e+00
 0.00000e+00
 0.00000e+00
 0.00000e+00
 0.00000e+00
 0.00000e+00
 0.00000e+00
 0.00000e+00
 0.00000e+00
 0.00000e+00
 0.00000e+00
 0.00000e+00
 0.00000e+00
 0.00000e+00
 0.00000e+00
 0.00000e+00
 0.00000e+00
 0.00000e+00
 0.00000e+00
 0.00000e+00
 0.00000e+00
 0.00000e+00
 0.00000e+00
 0.00000e+00
 0.00000e+00
 0.00000e+00
 0.00000e+00
 0.00000e+00
 0.00000e+00
 0.00000e+00
 0.00000e+00
 0.00000e+00
 0.00000e+00
 0.00000e+00
 0.00000e+00
 0.00000e+00
 0.00000e+00
 0.00000e+00
 0.00000e+00
 0.00000e+00
 0.00000e+00
 0.00000e+00
 0.00000e+00
 0.00000e+00
 0.00000e+00
 0.00000e+00
 0.00000e+00
 0.00000e+00
 0.00000e+00
 0.00000e+00
 0.00000e+00
 0.00000e+00
 0.00000e+00
 0.00000e+00
 0.00000e+00
 0.00000e+00
 0.00000e+00
 0.00000e+00
 0.00000e+00
 0.00000e+00
 0.00000e+00
 0.00000e+00
 0.00000e+00
 0.00000e+00
 0.00000e+00
 0.00000e+00
 0.00000e+00
 0.00000e+00
 0.00000e+00
 0.00000e+00
 0.00000e+00
 0.00000e+00
 0.00000e+00
 0.00000e+00
 0.00000e+00
 0.00000e+00
 0.00000e+00
 0.00000e+00
 0.00000e+00
 0.00000e+00
 0.00000e+00
 0.00000e+00
 0.00000e+00
 0.00000e+00
 0.00000e+00
 0.00000e+00
 0.00000e+00
 0.00000e+00
 0.00000e+00
 0.00000e+00
 0.00000e+00
 0.00000e+00
 0.00000e+00
 0.00000e+00
 0.00000e+00
 0.00000e+00
 0.00000e+00
 0.00000e+00
 0.00000e+00
 0.00000e+00
 0.00000e+00
 0.00000e+00
 0.00000e+00
 0.00000e+00
 0.00000e+00
 0.00000e+00
 0.00000e+00
 0.00000e+00
 0.00000e+00
 0.00000e+00
 0.00000e+00
 0.00000e+00
 0.00000e+00
 0.00000e+00
 0.00000e+00
 0.00000e+00
 0.00000e+00
 0.00000e+00
 0.00000e+00
 0.00000e+00
 0.00000e+00
 0.00000e+00
 0.00000e+00
 0.00000e+00
 0.00000e+00
 0.00000e+00
 0.00000e+00
 0.00000e+00
 0.00000e+00
 0.00000e+00
 0.00000e+00
 0.00000e+00
 0.00000e+00
 0.00000e+00
 0.00000e+00
 0.00000e+00
 0.00000e+00
 0.00000e+00
 0.00000e+00
 0.00000e+00
 0.00000e+00
 0.00000e+00
 0.00000e+00
 0.00000e+00
 0.00000e+00
 0.00000e+00
 0.00000e+00
 0.00000e+00
 0.00000e+00
 0.00000e+00
 0.00000e+00
 0.00000e+00
 0.00000e+00
 0.00000e+00
 0.00000e+00
 0.00000e+00
 0.00000e+00
 0.00000e+00
 0.00000e+00
 0.00000e+00
 0.00000e+00
 0.00000e+00
 0.00000e+00
 0.00000e+00
 0.00000e+00
 0.00000e+00
 0.00000e+00
 0.00000e+00
 0.00000e+00
 0.00000e+00
 0.00000e+00
 0.00000e+00
 0.00000e+00
 0.00000e+00
 0.00000e+00
 0.00000e+00
 0.00000e+00
 0.00000e+00
 0.00000e+00
 0.00000e+00
 0.00000e+00
 0.00000e+00
 0.00000e+00
 0.00000e+00
 0.00000e+00
 0.00000e+00
 0.00000e+00
 0.00000e+00
 0.00000e+00
 0.00000e+00
 0.00000e+00
 0.00000e+00
 0.00000e+00
 0.00000e+00
 0.00000e+00
 0.00000e+00
 0.00000e+00
 0.00000e+00
 0.00000e+00
 0.00000e+00
 0.00000e+00
 0.00000e+00
 0.00000e+00
 0.00000e+00
 0.00000e+00
 0.00000e+00
 0.00000e+00
 0.00000e+00
 0.00000e+00
 0.00000e+00
 0.00000e+00
 0.00000e+00
 0.00000e+00
 0.00000e+00
 0.00000e+00
 0.00000e+00
 0.00000e+00
 0.00000e+00
 0.00000e+00
 0.00000e+00
 0.00000e+00
 0.00000e+00
 0.00000e+00
 0.00000e+00
 0.00000e+00
 0.00000e+00
 0.00000e+00
 0.00000e+00
 0.00000e+00
 0.00000e+00
 0.00000e+00
 0.00000e+00
 0.00000e+00
 0.00000e+00
 0.00000e+00
 0.00000e+00
 0.00000e+00
 0.00000e+00
 0.00000e+00
 0.00000e+00
 0.00000e+00
 0.00000e+00
 0.00000e+00
 0.00000e+00
 0.00000e+00
 0.00000e+00
 0.00000e+00
 0.00000e+00
 0.00000e+00
 0.00000e+00
 0.00000e+00
 0.00000e+00
 0.00000e+00
 0.00000e+00
 0.00000e+00
 0.00000e+00
 0.00000e+00
 0.00000e+00
 0.00000e+00
 0.00000e+00
 0.00000e+00
 0.00000e+00
 0.00000e+00
 0.00000e+00
 0.00000e+00
 0.00000e+00
 0.00000e+00
 0.00000e+00
 0.00000e+00
 0.00000e+00
 0.00000e+00
 0.00000e+00
 0.00000e+00
 0.00000e+00
 0.00000e+00
 0.00000e+00
 0.00000e+00
 0.00000e+00
 0.00000e+00
 0.00000e+00
 0.00000e+00
 0.00000e+00
 0.00000e+00
 0.00000e+00
 0.00000e+00
 0.00000e+00
 0.00000e+00
 0.00000e+00
 0.00000e+00
 0.00000e+00
 0.00000e+00
 0.00000e+00
 0.00000e+00
 0.00000e+00
 0.00000e+00
 0.00000e+00
 0.00000e+00
 0.00000e+00
 0.00000e+00
 0.00000e+00
 0.00000e+00
 0.00000e+00
 0.00000e+00
 0.00000e+00
 0.00000e+00
 0.00000e+00
 0.00000e+00
 0.00000e+00
 0.00000e+00
 0.00000e+00
 0.00000e+00
 0.00000e+00
 0.00000e+00
 0.00000e+00
 0.00000e+00
 0.00000e+00
 0.00000e+00
 0.00000e+00
 0.00000e+00
 0.00000e+00
 0.00000e+00
 0.00000e+00
 0.00000e+00
 0.00000e+00
 0.00000e+00
 0.00000e+00
 0.00000e+00
 0.00000e+00
 0.00000e+00
 0.00000e+00
 0.00000e+00
 0.00000e+00
 0.00000e+00
 0.00000e+00
 0.00000e+00
 0.00000e+00
 0.00000e+00
 0.00000e+00
 0.00000e+00
 0.00000e+00
 0.00000e+00
 0.00000e+00
 0.00000e+00
 0.00000e+00
 0.00000e+00
 0.00000e+00
 0.00000e+00
 0.00000e+00
 0.00000e+00
 0.00000e+00
 0.00000e+00
 0.00000e+00
 0.00000e+00
 0.00000e+00
 0.00000e+00
 0.00000e+00
 0.00000e+00
 0.00000e+00
 0.00000e+00
 0.00000e+00
 0.00000e+00
 0.00000e+00
 0.00000e+00
 0.00000e+00
 0.00000e+00
 0.00000e+00
 0.00000e+00
 0.00000e+00
 0.00000e+00
 0.00000e+00
 0.00000e+00
 0.00000e+00
 0.00000e+00
 0.00000e+00
 0.00000e+00
 0.00000e+00
 0.00000e+00
 0.00000e+00
 0.00000e+00
 0.00000e+00
 0.00000e+00
 0.00000e+00
 0.00000e+00
 0.00000e+00
 0.00000e+00
 0.00000e+00
 0.00000e+00
 0.00000e+00
 0.00000e+00
 0.00000e+00
 0.00000e+00
 0.00000e+00
 0.00000e+00
 0.00000e+00
 0.00000e+00
 0.00000e+00
 0.00000e+00
 0.00000e+00
 0.00000e+00
 0.00000e+00
 0.00000e+00
 0.00000e+00
 0.00000e+00
 0.00000e+00
 0.00000e+00
 0.00000e+00
 0.00000e+00
 0.00000e+00
 0.00000e+00
 0.00000e+00
 0.00000e+00
 0.00000e+00
 0.00000e+00
 0.00000e+00
 0.00000e+00
 0.00000e+00
 0.00000e+00
 0.00000e+00
 0.00000e+00
 0.00000e+00
 0.00000e+00
 0.00000e+00
 0.00000e+00
 0.00000e+00
 0.00000e+00
 0.00000e+00
 0.00000e+00
 0.00000e+00
 0.00000e+00
 0.00000e+00
 0.00000e+00
 0.00000e+00
 0.00000e+00
 0.00000e+00
 0.00000e+00
 0.00000e+00
 0.00000e+00
 0.00000e+00
 0.00000e+00
 0.00000e+00
 0.00000e+00
 0.00000e+00
 0.00000e+00
 0.00000e+00
 0.00000e+00
 0.00000e+00
 0.00000e+00
 0.00000e+00
 0.00000e+00
 0.00000e+00
 0.00000e+00
 0.00000e+00
 0.00000e+00
 0.00000e+00
 0.00000e+00
 0.00000e+00
 0.00000e+00
 0.00000e+00
 0.00000e+00
 0.00000e+00
 0.00000e+00
 0.00000e+00
 0.00000e+00
 0.00000e+00
 0.00000e+00
 0.00000e+00
 0.00000e+00
 0.00000e+00
 0.00000e+00
 0.00000e+00
 0.00000e+00
 0.00000e+00
 0.00000e+00
 0.00000e+00
 0.00000e+00
 0.00000e+00
 0.00000e+00
 0.00000e+00
 0.00000e+00
 0.00000e+00
 0.00000e+00
 0.00000e+00
 0.00000e+00
 0.00000e+00
 0.00000e+00
 0.00000e+00
 0.00000e+00
 0.00000e+00
 0.00000e+00
 0.00000e+00
 0.00000e+00
 0.00000e+00
 0.00000e+00
 0.00000e+00
 0.00000e+00
 0.00000e+00
 0.00000e+00
 0.00000e+00
 0.00000e+00
 0.00000e+00
 0.00000e+00
 0.00000e+00
 0.00000e+00
 0.00000e+00
 0.00000e+00
 0.00000e+00
 0.00000e+00
 0.00000e+00
 0.00000e+00
 0.00000e+00
 0.00000e+00
 0.00000e+00
 0.00000e+00
 0.00000e+00
 0.00000e+00
 0.00000e+00
 0.00000e+00
 0.00000e+00
 0.00000e+00
 0.00000e+00
 0.00000e+00
 0.00000e+00
 0.00000e+00
 0.00000e+00
 0.00000e+00
 0.00000e+00
 0.00000e+00
 0.00000e+00
 0.00000e+00
 0.00000e+00
 0.00000e+00
 0.00000e+00
 0.00000e+00
 0.00000e+00
 0.00000e+00
 0.00000e+00
 0.00000e+00
 0.00000e+00
 0.00000e+00
 0.00000e+00
 0.00000e+00
 0.00000e+00
 0.00000e+00
 0.00000e+00
 0.00000e+00
 0.00000e+00
 0.00000e+00
 0.00000e+00
 0.00000e+00
 0.00000e+00
 0.00000e+00
 0.00000e+00
 0.00000e+00
 0.00000e+00
 0.00000e+00
 0.00000e+00
 0.00000e+00
 0.00000e+00
 0.00000e+00
 0.00000e+00
 0.00000e+00
 0.00000e+00
 0.00000e+00
 0.00000e+00
 0.00000e+00
 0.00000e+00
 0.00000e+00
 0.00000e+00
 0.00000e+00
 0.00000e+00
 0.00000e+00
 0.00000e+00
 0.00000e+00
 0.00000e+00
 0.00000e+00
 0.00000e+00
 0.00000e+00
 0.00000e+00
 0.00000e+00
 0.00000e+00
 0.00000e+00
 0.00000e+00
 0.00000e+00
 0.00000e+00
 0.00000e+00
 0.00000e+00
 0.00000e+00
 0.00000e+00
 0.00000e+00
 0.00000e+00
 0.00000e+00
 0.00000e+00
 0.00000e+00
 0.00000e+00
 0.00000e+00
 0.00000e+00
 0.00000e+00
 0.00000e+00
 0.00000e+00
 0.00000e+00
 0.00000e+00
 0.00000e+00
 0.00000e+00
 0.00000e+00
 0.00000e+00
 0.00000e+00
 0.00000e+00
 0.00000e+00
 0.00000e+00
 0.00000e+00
 0.00000e+00
 0.00000e+00
 0.00000e+00
 0.00000e+00
 0.00000e+00
 0.00000e+00
 0.00000e+00
 0.00000e+00
 0.00000e+00
 0.00000e+00
 0.00000e+00
 0.00000e+00
 0.00000e+00
 0.00000e+00
 0.00000e+00
 0.00000e+00
 0.00000e+00
 0.00000e+00
 0.00000e+00
 0.00000e+00
 0.00000e+00
 0.00000e+00
 0.00000e+00
 0.00000e+00
 0.00000e+00
 0.00000e+00
 0.00000e+00
 0.00000e+00
 0.00000e+00
 0.00000e+00
 0.00000e+00
 0.00000e+00
 0.00000e+00
 0.00000e+00
 0.00000e+00
 0.00000e+00
 0.00000e+00
 0.00000e+00
 0.00000e+00
 0.00000e+00
 0.00000e+00
 0.00000e+00
 0.00000e+00
 0.00000e+00
 0.00000e+00
 0.00000e+00
 0.00000e+00
 0.00000e+00
 0.00000e+00
 0.00000e+00
 0.00000e+00
 0.00000e+00
 0.00000e+00
 0.00000e+00
 0.00000e+00
 0.00000e+00
 0.00000e+00
 0.00000e+00
 0.00000e+00
 0.00000e+00
 0.00000e+00
 0.00000e+00
 0.00000e+00
 0.00000e+00
 0.00000e+00
 0.00000e+00
 0.00000e+00
 0.00000e+00
 0.00000e+00
 0.00000e+00
 0.00000e+00
 0.00000e+00
 0.00000e+00
 0.00000e+00
 0.00000e+00
 0.00000e+00
 0.00000e+00
 0.00000e+00
 0.00000e+00
 0.00000e+00
 0.00000e+00
 0.00000e+00
 0.00000e+00
 0.00000e+00
 0.00000e+00
 0.00000e+00
 0.00000e+00
 0.00000e+00
 0.00000e+00
 0.00000e+00
 0.00000e+00
 0.00000e+00
 0.00000e+00
 0.00000e+00
 0.00000e+00
 0.00000e+00
 0.00000e+00
 0.00000e+00
 0.00000e+00
 0.00000e+00
 0.00000e+00
 0.00000e+00
 0.00000e+00
 0.00000e+00
 0.00000e+00
 0.00000e+00
 0.00000e+00
 0.00000e+00
 0.00000e+00
 0.00000e+00
 0.00000e+00
 0.00000e+00
 0.00000e+00
 0.00000e+00
 0.00000e+00
 0.00000e+00
 0.00000e+00
 0.00000e+00
 0.00000e+00
 0.00000e+00
 0.00000e+00
 0.00000e+00
 0.00000e+00
 0.00000e+00
 0.00000e+00
 0.00000e+00
 0.00000e+00
 0.00000e+00
 0.00000e+00
 0.00000e+00
 0.00000e+00
 0.00000e+00
 0.00000e+00
 0.00000e+00
 0.00000e+00
 0.00000e+00
 0.00000e+00
 0.00000e+00
 0.00000e+00
 0.00000e+00
 0.00000e+00
 0.00000e+00
 0.00000e+00
 0.00000e+00
 0.00000e+00
 0.00000e+00
 0.00000e+00
 0.00000e+00
 0.00000e+00
 0.00000e+00
 0.00000e+00
 0.00000e+00
 0.00000e+00
 0.00000e+00
 0.00000e+00
 0.00000e+00
 0.00000e+00
 0.00000e+00
 0.00000e+00
 0.00000e+00
 0.00000e+00
 0.00000e+00
 0.00000e+00
 0.00000e+00
 0.00000e+00
 0.00000e+00
 0.00000e+00
 0.00000e+00
 0.00000e+00
 0.00000e+00
 0.00000e+00
 0.00000e+00
 0.00000e+00
 0.00000e+00
 0.00000e+00
 0.00000e+00
 0.00000e+00
 0.00000e+00
 0.00000e+00
 0.00000e+00
 0.00000e+00
 0.00000e+00
 0.00000e+00
 0.00000e+00
 0.00000e+00
 0.00000e+00
 0.00000e+00
 0.00000e+00
 0.00000e+00
 0.00000e+00
 0.00000e+00
 0.00000e+00
 0.00000e+00
 0.00000e+00
 0.00000e+00
 0.00000e+00
 0.00000e+00
 0.00000e+00
 0.00000e+00
 0.00000e+00
 0.00000e+00
 0.00000e+00
 0.00000e+00
 0.00000e+00
 0.00000e+00
 0.00000e+00
 0.00000e+00
 0.00000e+00
 0.00000e+00
 0.00000e+00
 0.00000e+00
 0.00000e+00
 0.00000e+00
 0.00000e+00
 0.00000e+00
 0.00000e+00
 0.00000e+00
 0.00000e+00
 0.00000e+00
 0.00000e+00
 0.00000e+00
 0.00000e+00
 0.00000e+00
 0.00000e+00
 0.00000e+00
 0.00000e+00
 0.00000e+00
 0.00000e+00
 0.00000e+00
 0.00000e+00
 0.00000e+00
 0.00000e+00
 0.00000e+00
 0.00000e+00
 0.00000e+00
 0.00000e+00
 0.00000e+00
 0.00000e+00
 0.00000e+00
 0.00000e+00
 0.00000e+00
 0.00000e+00
 0.00000e+00
 0.00000e+00
 0.00000e+00
 0.00000e+00
 0.00000e+00
 0.00000e+00
 0.00000e+00
 0.00000e+00
 0.00000e+00
 0.00000e+00
 0.00000e+00
 0.00000e+00
 0.00000e+00
 0.00000e+00
 0.00000e+00
 0.00000e+00
 0.00000e+00
 0.00000e+00
 0.00000e+00
 0.00000e+00
 0.00000e+00
 0.00000e+00
 0.00000e+00
 0.00000e+00
 0.00000e+00
 0.00000e+00
 0.00000e+00
 0.00000e+00
 0.00000e+00
 0.00000e+00
 0.00000e+00
 0.00000e+00
 0.00000e+00
 0.00000e+00
 0.00000e+00
 0.00000e+00
 0.00000e+00
 0.00000e+00
 0.00000e+00
 0.00000e+00
 0.00000e+00
 0.00000e+00
 0.00000e+00
 0.00000e+00
 0.00000e+00
 0.00000e+00
 0.00000e+00
 0.00000e+00
 0.00000e+00
 0.00000e+00
 0.00000e+00
 0.00000e+00
 0.00000e+00
 0.00000e+00
 0.00000e+00
 0.00000e+00
 0.00000e+00
 0.00000e+00
 0.00000e+00
 0.00000e+00
 0.00000e+00
 0.00000e+00
 0.00000e+00
 0.00000e+00
 0.00000e+00
 0.00000e+00
 0.00000e+00
 0.00000e+00
 0.00000e+00
 0.00000e+00
 0.00000e+00
 0.00000e+00
 0.00000e+00
 0.00000e+00
 0.00000e+00
 0.00000e+00
 0.00000e+00
 0.00000e+00
 0.00000e+00
 0.00000e+00
 0.00000e+00
 0.00000e+00
 0.00000e+00
 0.00000e+00
 0.00000e+00
 0.00000e+00
 0.00000e+00
 0.00000e+00
 0.00000e+00
 0.00000e+00
 0.00000e+00
 0.00000e+00
 0.00000e+00
 0.00000e+00
 0.00000e+00
 0.00000e+00
 0.00000e+00
 0.00000e+00
 0.00000e+00
 0.00000e+00
 0.00000e+00
 0.00000e+00
 0.00000e+00
 0.00000e+00
 0.00000e+00
 0.00000e+00
 0.00000e+00
 0.00000e+00
 0.00000e+00
 0.00000e+00
 0.00000e+00
 0.00000e+00
 0.00000e+00
 0.00000e+00
 0.00000e+00
 0.00000e+00
 0.00000e+00
 0.00000e+00
 0.00000e+00
 0.00000e+00
 0.00000e+00
 0.00000e+00
 0.00000e+00
 0.00000e+00
 0.00000e+00
 0.00000e+00
 0.00000e+00
 0.00000e+00
 0.00000e+00
 0.00000e+00
 0.00000e+00
 0.00000e+00
 0.00000e+00
 0.00000e+00
 0.00000e+00
 0.00000e+00
 0.00000e+00
 0.00000e+00
 0.00000e+00
 0.00000e+00
 0.00000e+00
 0.00000e+00
 0.00000e+00
 0.00000e+00
 0.00000e+00
 0.00000e+00
 0.00000e+00
 0.00000e+00
 0.00000e+00
 0.00000e+00
 0.00000e+00
 0.00000e+00
 0.00000e+00
 0.00000e+00
 0.00000e+00
 0.00000e+00
 0.00000e+00
 0.00000e+00
 0.00000e+00
 0.00000e+00
 0.00000e+00
 0.00000e+00
 0.00000e+00
 0.00000e+00
 0.00000e+00
 0.00000e+00
 0.00000e+00
 0.00000e+00
 0.00000e+00
 0.00000e+00
 0.00000e+00
 0.00000e+00
 0.00000e+00
 0.00000e+00
 0.00000e+00
 0.00000e+00
 0.00000e+00
 0.00000e+00
 0.00000e+00
 0.00000e+00
 0.00000e+00
 0.00000e+00
 0.00000e+00
 0.00000e+00
 0.00000e+00
 0.00000e+00
 0.00000e+00
 0.00000e+00
 0.00000e+00
 0.00000e+00
 0.00000e+00
 0.00000e+00
 0.00000e+00
 0.00000e+00
 0.00000e+00
 0.00000e+00
 0.00000e+00
 0.00000e+00
 0.00000e+00
 0.00000e+00
 0.00000e+00
 0.00000e+00
 0.00000e+00
 0.00000e+00
 0.00000e+00
 0.00000e+00
 0.00000e+00
 0.00000e+00
 0.00000e+00
 0.00000e+00
 0.00000e+00
 0.00000e+00
 0.00000e+00
 0.00000e+00
 0.00000e+00
 0.00000e+00
 0.00000e+00
 0.00000e+00
 0.00000e+00
 0.00000e+00
 0.00000e+00
 0.00000e+00
 0.00000e+00
 0.00000e+00
 0.00000e+00
 0.00000e+00
 0.00000e+00
 0.00000e+00
 0.00000e+00
 0.00000e+00
 0.00000e+00
 0.00000e+00
 0.00000e+00
 0.00000e+00
 0.00000e+00
 0.00000e+00
 0.00000e+00
 0.00000e+00
 0.00000e+00
 0.00000e+00
 0.00000e+00
 0.00000e+00
 0.00000e+00
 0.00000e+00
 0.00000e+00
 0.00000e+00
 0.00000e+00
 0.00000e+00
 0.00000e+00
 0.00000e+00
 0.00000e+00
 0.00000e+00
 0.00000e+00
 0.00000e+00
 0.00000e+00
 0.00000e+00
 0.00000e+00
 0.00000e+00
 0.00000e+00
 0.00000e+00
 0.00000e+00
 0.00000e+00
 0.00000e+00
 0.00000e+00
 0.00000e+00
 0.00000e+00
 0.00000e+00
 0.00000e+00
 0.00000e+00
 0.00000e+00
 0.00000e+00
 0.00000e+00
 0.00000e+00
 0.00000e+00
 0.00000e+00
 0.00000e+00
 0.00000e+00
 0.00000e+00
 0.00000e+00
 0.00000e+00
 0.00000e+00
 0.00000e+00
 0.00000e+00
 0.00000e+00
 0.00000e+00
 0.00000e+00
 0.00000e+00
 0.00000e+00
 0.00000e+00
 0.00000e+00
 0.00000e+00
 0.00000e+00
 0.00000e+00
 0.00000e+00
 0.00000e+00
 0.00000e+00
 0.00000e+00
 0.00000e+00
 0.00000e+00
 0.00000e+00
 0.00000e+00
 0.00000e+00
 0.00000e+00
 0.00000e+00
 0.00000e+00
 0.00000e+00
 0.00000e+00
 0.00000e+00
 0.00000e+00
 0.00000e+00
 0.00000e+00
 0.00000e+00
 0.00000e+00
 0.00000e+00
 0.00000e+00
 0.00000e+00
 0.00000e+00
 0.00000e+00
 0.00000e+00
 0.00000e+00
 0.00000e+00
 0.00000e+00
 0.00000e+00
 0.00000e+00
 0.00000e+00
 0.00000e+00
 0.00000e+00
 0.00000e+00
 0.00000e+00
 0.00000e+00
 0.00000e+00
 0.00000e+00
 0.00000e+00
 0.00000e+00
 0.00000e+00
 0.00000e+00
 0.00000e+00
 0.00000e+00
 0.00000e+00
 0.00000e+00
 0.00000e+00
 0.00000e+00
 0.00000e+00
 0.00000e+00
 0.00000e+00
 0.00000e+00
 0.00000e+00
 0.00000e+00
 0.00000e+00
 0.00000e+00
 0.00000e+00
 0.00000e+00
 0.00000e+00
 0.00000e+00
 0.00000e+00
 0.00000e+00
 0.00000e+00
 0.00000e+00
 0.00000e+00
 0.00000e+00
 0.00000e+00
 0.00000e+00
 0.00000e+00
 0.00000e+00
 0.00000e+00
 0.00000e+00
 0.00000e+00
 0.00000e+00
 0.00000e+00
 0.00000e+00
 0.00000e+00
 0.00000e+00
 0.00000e+00
 0.00000e+00
 0.00000e+00
 0.00000e+00
 0.00000e+00
 0.00000e+00
 0.00000e+00
 0.00000e+00
 0.00000e+00
 0.00000e+00
 0.00000e+00
 0.00000e+00
 0.00000e+00
 0.00000e+00
 0.00000e+00
 0.00000e+00
 0.00000e+00
 0.00000e+00
 0.00000e+00
 0.00000e+00
 0.00000e+00
 0.00000e+00
 0.00000e+00
 0.00000e+00
 0.00000e+00
 0.00000e+00
 0.00000e+00
 0.00000e+00
 0.00000e+00
 0.00000e+00
 0.00000e+00
 0.00000e+00
 0.00000e+00
 0.00000e+00
 0.00000e+00
 0.00000e+00
 0.00000e+00
 0.00000e+00
 0.00000e+00
 0.00000e+00
 0.00000e+00
 0.00000e+00
 0.00000e+00
 0.00000e+00
 0.00000e+00
 0.00000e+00
 0.00000e+00
 0.00000e+00
 0.00000e+00
 0.00000e+00
 0.00000e+00
 0.00000e+00
 0.00000e+00
 0.00000e+00
 0.00000e+00
 0.00000e+00
 0.00000e+00
 0.00000e+00
 0.00000e+00
 0.00000e+00
 0.00000e+00
 0.00000e+00
 0.00000e+00
 0.00000e+00
 0.00000e+00
 0.00000e+00
 0.00000e+00
 0.00000e+00
 0.00000e+00
 0.00000e+00
 0.00000e+00
 0.00000e+00
 0.00000e+00
 0.00000e+00
 0.00000e+00
 0.00000e+00
 0.00000e+00
 0.00000e+00
 0.00000e+00
 0.00000e+00
 0.00000e+00
 0.00000e+00
 0.00000e+00
 0.00000e+00
 0.00000e+00
 0.00000e+00
 0.00000e+00
 0.00000e+00
 0.00000e+00
 0.00000e+00
 0.00000e+00
 0.00000e+00
 0.00000e+00
 0.00000e+00
 0.00000e+00
 0.00000e+00
 0.00000e+00
 0.00000e+00
 0.00000e+00
 0.00000e+00
 0.00000e+00
 0.00000e+00
 0.00000e+00
 0.00000e+00
 0.00000e+00
 0.00000e+00
 0.00000e+00
 0.00000e+00
 0.00000e+00
 0.00000e+00
 0.00000e+00
 0.00000e+00
 0.00000e+00
 0.00000e+00
 0.00000e+00
 0.00000e+00
 0.00000e+00
 0.00000e+00
 0.00000e+00
 0.00000e+00
 0.00000e+00
 0.00000e+00
 0.00000e+00
 0.00000e+00
 0.00000e+00
 0.00000e+00
 0.00000e+00
 0.00000e+00
 0.00000e+00
 0.00000e+00
 0.00000e+00
 0.00000e+00
 0.00000e+00
 0.00000e+00
 0.00000e+00
 0.00000e+00
 0.00000e+00
 0.00000e+00
 0.00000e+00
 0.00000e+00
 0.00000e+00
 0.00000e+00
 0.00000e+00
 0.00000e+00
 0.00000e+00
 0.00000e+00
 0.00000e+00
 0.00000e+00
 0.00000e+00
 0.00000e+00
 0.00000e+00
 0.00000e+00
 0.00000e+00
 0.00000e+00
 0.00000e+00
 0.00000e+00
 0.00000e+00
 0.00000e+00
 0.00000e+00
 0.00000e+00
 0.00000e+00
 0.00000e+00
 0.00000e+00
 0.00000e+00
 0.00000e+00
 0.00000e+00
 0.00000e+00
 0.00000e+00
 0.00000e+00
 0.00000e+00
 0.00000e+00
 0.00000e+00
 0.00000e+00
 0.00000e+00
 0.00000e+00
 0.00000e+00
 0.00000e+00
 0.00000e+00
 0.00000e+00
 0.00000e+00
 0.00000e+00
 0.00000e+00
 0.00000e+00
 0.00000e+00
 0.00000e+00
 0.00000e+00
 0.00000e+00
 0.00000e+00
 0.00000e+00
 0.00000e+00
 0.00000e+00
 0.00000e+00
 0.00000e+00
 0.00000e+00
 0.00000e+00
 0.00000e+00
 0.00000e+00
 0.00000e+00
 0.00000e+00
 0.00000e+00
 0.00000e+00
 0.00000e+00
 0.00000e+00
 0.00000e+00
 0.00000e+00
 0.00000e+00
 0.00000e+00
 0.00000e+00
 0.00000e+00
 0.00000e+00
 0.00000e+00
 0.00000e+00
 0.00000e+00
 0.00000e+00
 0.00000e+00
 0.00000e+00
 0.00000e+00
 0.00000e+00
 0.00000e+00
 0.00000e+00
 0.00000e+00
 0.00000e+00
 0.00000e+00
 0.00000e+00
 0.00000e+00
 0.00000e+00
 0.00000e+00
 0.00000e+00
 0.00000e+00
 0.00000e+00
 0.00000e+00
 0.00000e+00
 0.00000e+00
 0.00000e+00
 0.00000e+00
 0.00000e+00
 0.00000e+00
 0.00000e+00
 0.00000e+00
 0.00000e+00
 0.00000e+00
 0.00000e+00
 0.00000e+00
 0.00000e+00
 0.00000e+00
 0.00000e+00
 0.00000e+00
 0.00000e+00
 0.00000e+00
 0.00000e+00
 0.00000e+00
 0.00000e+00
 0.00000e+00
 0.00000e+00
 0.00000e+00
 0.00000e+00
 0.00000e+00
 0.00000e+00
 0.00000e+00
 0.00000e+00
 0.00000e+00
 0.00000e+00
 0.00000e+00
 0.00000e+00
 0.00000e+00
 0.00000e+00
 0.00000e+00
 0.00000e+00
 0.00000e+00
 0.00000e+00
 0.00000e+00
 0.00000e+00
 0.00000e+00
 0.00000e+00
 0.00000e+00
 0.00000e+00
 0.00000e+00
 0.00000e+00
 0.00000e+00
 0.00000e+00
 0.00000e+00
 0.00000e+00
 0.00000e+00
 0.00000e+00
 0.00000e+00
 0.00000e+00
 0.00000e+00
 0.00000e+00
 0.00000e+00
 0.00000e+00
 0.00000e+00
 0.00000e+00
 0.00000e+00
 0.00000e+00
 0.00000e+00
 0.00000e+00
 0.00000e+00
 0.00000e+00
 0.00000e+00
 0.00000e+00
 0.00000e+00
 0.00000e+00
 0.00000e+00
 0.00000e+00
 0.00000e+00
 0.00000e+00
 0.00000e+00
 0.00000e+00
 0.00000e+00
 0.00000e+00
 0.00000e+00
 0.00000e+00
 0.00000e+00
 0.00000e+00
 0.00000e+00
 0.00000e+00
 0.00000e+00
 0.00000e+00
 0.00000e+00
 0.00000e+00
 0.00000e+00
 0.00000e+00
 0.00000e+00
 0.00000e+00
 0.00000e+00
 0.00000e+00
 0.00000e+00
 0.00000e+00
 0.00000e+00
 0.00000e+00
 0.00000e+00
 0.00000e+00
 0.00000e+00
 0.00000e+00
 0.00000e+00
 0.00000e+00
 0.00000e+00
 0.00000e+00
 0.00000e+00
 0.00000e+00
 0.00000e+00
 0.00000e+00
 0.00000e+00
 0.00000e+00
 0.00000e+00
 0.00000e+00
 0.00000e+00
 0.00000e+00
 0.00000e+00
 0.00000e+00
 0.00000e+00
 0.00000e+00
 0.00000e+00
 0.00000e+00
 0.00000e+00
 0.00000e+00
 0.00000e+00
 0.00000e+00
 0.00000e+00
 0.00000e+00
 0.00000e+00
 0.00000e+00
 0.00000e+00
 0.00000e+00
 0.00000e+00
 0.00000e+00
 0.00000e+00
 0.00000e+00
 0.00000e+00
 0.00000e+00
 0.00000e+00
 0.00000e+00
 0.00000e+00
 0.00000e+00
 0.00000e+00
 0.00000e+00
 0.00000e+00
 0.00000e+00
 0.00000e+00
 0.00000e+00
 0.00000e+00
 0.00000e+00
 0.00000e+00
 0.00000e+00
 0.00000e+00
 0.00000e+00
 0.00000e+00
 0.00000e+00
 0.00000e+00
 0.00000e+00
 0.00000e+00
 0.00000e+00
 0.00000e+00
 0.00000e+00
 0.00000e+00
 0.00000e+00
 0.00000e+00
 0.00000e+00
 0.00000e+00
 0.00000e+00
 0.00000e+00
 0.00000e+00
 0.00000e+00
 0.00000e+00
 0.00000e+00
 0.00000e+00
 0.00000e+00
 0.00000e+00
 0.00000e+00
 0.00000e+00
 0.00000e+00
 0.00000e+00
 0.00000e+00
 0.00000e+00
 0.00000e+00
 0.00000e+00
 0.00000e+00
 0.00000e+00
 0.00000e+00
 0.00000e+00
 0.00000e+00
 0.00000e+00
 0.00000e+00
 0.00000e+00
 0.00000e+00
 0.00000e+00
 0.00000e+00
 0.00000e+00
 0.00000e+00
 0.00000e+00
 0.00000e+00
 0.00000e+00
 0.00000e+00
 0.00000e+00
 0.00000e+00
 0.00000e+00
 0.00000e+00
 0.00000e+00
 0.00000e+00
 0.00000e+00
 0.00000e+00
 0.00000e+00
 0.00000e+00
 0.00000e+00
 0.00000e+00
 0.00000e+00
 0.00000e+00
 0.00000e+00
 0.00000e+00
 0.00000e+00
 0.00000e+00
 0.00000e+00
 0.00000e+00
 0.00000e+00
 0.00000e+00
 0.00000e+00
 0.00000e+00
 0.00000e+00
 0.00000e+00
 0.00000e+00
 0.00000e+00
 0.00000e+00
 0.00000e+00
 0.00000e+00
 0.00000e+00
 0.00000e+00
 0.00000e+00
 0.00000e+00
 0.00000e+00
 0.00000e+00
 0.00000e+00
 0.00000e+00
 0.00000e+00
 0.00000e+00
 0.00000e+00
 0.00000e+00
 0.00000e+00
 0.00000e+00
 0.00000e+00
 0.00000e+00
 0.00000e+00
 0.00000e+00
 0.00000e+00
 0.00000e+00
 0.00000e+00
 0.00000e+00
 0.00000e+00
 0.00000e+00
 0.00000e+00
 0.00000e+00
 0.00000e+00
 0.00000e+00
 0.00000e+00
 0.00000e+00
 0.00000e+00
 0.00000e+00
 0.00000e+00
 0.00000e+00
 0.00000e+00
 0.00000e+00
 0.00000e+00
 0.00000e+00
 0.00000e+00
 0.00000e+00
 0.00000e+00
 0.00000e+00
 0.00000e+00
 0.00000e+00
 0.00000e+00
 0.00000e+00
 0.00000e+00
 0.00000e+00
 0.00000e+00
 0.00000e+00
 0.00000e+00
 0.00000e+00
 0.00000e+00
 0.00000e+00
 0.00000e+00
 0.00000e+00
 0.00000e+00
 0.00000e+00
 0.00000e+00
 0.00000e+00
 0.00000e+00
 0.00000e+00
 0.00000e+00
 0.00000e+00
 0.00000e+00
 0.00000e+00
 0.00000e+00
 0.00000e+00
 0.00000e+00
 0.00000e+00
 0.00000e+00
 0.00000e+00
 0.00000e+00
 0.00000e+00
 0.00000e+00
 0.00000e+00
 0.00000e+00
 0.00000e+00
 0.00000e+00
 0.00000e+00
 0.00000e+00
 0.00000e+00
 0.00000e+00
 0.00000e+00
 0.00000e+00
 0.00000e+00
 0.00000e+00
 0.00000e+00
 0.00000e+00
 0.00000e+00
 0.00000e+00
 0.00000e+00
 0.00000e+00
 0.00000e+00
 0.00000e+00
 0.00000e+00
 0.00000e+00
 0.00000e+00
 0.00000e+00
 0.00000e+00
 0.00000e+00
 0.00000e+00
 0.00000e+00
 0.00000e+00
 0.00000e+00
 0.00000e+00
 0.00000e+00
 0.00000e+00
 0.00000e+00
 0.00000e+00
 0.00000e+00
 0.00000e+00
 0.00000e+00
 0.00000e+00
 0.00000e+00
 0.00000e+00
 0.00000e+00
 0.00000e+00
 0.00000e+00
 0.00000e+00
 0.00000e+00
 0.00000e+00
 0.00000e+00
 0.00000e+00
 0.00000e+00
 0.00000e+00
 0.00000e+00
 0.00000e+00
 0.00000e+00
 0.00000e+00
 0.00000e+00
 0.00000e+00
 0.00000e+00
 0.00000e+00
 0.00000e+00
 0.00000e+00
 0.00000e+00
 0.00000e+00
 0.00000e+00
 0.00000e+00
 0.00000e+00
 0.00000e+00
 0.00000e+00
 0.00000e+00
 0.00000e+00
 0.00000e+00
 0.00000e+00
 0.00000e+00
 0.00000e+00
 0.00000e+00
 0.00000e+00
 0.00000e+00
 0.00000e+00
 0.00000e+00
 0.00000e+00
 0.00000e+00
 0.00000e+00
 0.00000e+00
 0.00000e+00
 0.00000e+00
 0.00000e+00
 0.00000e+00
 0.00000e+00
 0.00000e+00
 0.00000e+00
 0.00000e+00
 0.00000e+00
 0.00000e+00
 0.00000e+00
 0.00000e+00
 0.00000e+00
 0.00000e+00
 0.00000e+00
 0.00000e+00
 0.00000e+00
 0.00000e+00
 0.00000e+00
 0.00000e+00
 0.00000e+00
 0.00000e+00
 0.00000e+00
 0.00000e+00
 0.00000e+00
 0.00000e+00
 0.00000e+00
 0.00000e+00
 0.00000e+00
 0.00000e+00
 0.00000e+00
 0.00000e+00
 0.00000e+00
 0.00000e+00
 0.00000e+00
 0.00000e+00
 0.00000e+00
 0.00000e+00
 0.00000e+00
 0.00000e+00
 0.00000e+00
 0.00000e+00
 0.00000e+00
 0.00000e+00
 0.00000e+00
 0.00000e+00
 0.00000e+00
 0.00000e+00
 0.00000e+00
 0.00000e+00
 0.00000e+00
 0.00000e+00
 0.00000e+00
 0.00000e+00
 0.00000e+00
 0.00000e+00
 0.00000e+00
 0.00000e+00
 0.00000e+00
 0.00000e+00
 0.00000e+00
 0.00000e+00
 0.00000e+00
 0.00000e+00
 0.00000e+00
 0.00000e+00
 0.00000e+00
 0.00000e+00
 0.00000e+00
 0.00000e+00
 0.00000e+00
 0.00000e+00
 0.00000e+00
 0.00000e+00
 0.00000e+00
 0.00000e+00
 0.00000e+00
 0.00000e+00
 0.00000e+00
 0.00000e+00
 0.00000e+00
 0.00000e+00
 0.00000e+00
 0.00000e+00
 0.00000e+00
 0.00000e+00
 0.00000e+00
 0.00000e+00
 0.00000e+00
 0.00000e+00
 0.00000e+00
 0.00000e+00
 0.00000e+00
 0.00000e+00
 0.00000e+00
 0.00000e+00
 0.00000e+00
 0.00000e+00
 0.00000e+00
 0.00000e+00
 0.00000e+00
 0.00000e+00
 0.00000e+00
 0.00000e+00
 0.00000e+00
 0.00000e+00
 0.00000e+00
 0.00000e+00
 0.00000e+00
 0.00000e+00
 0.00000e+00
 0.00000e+00
 0.00000e+00
 0.00000e+00
 0.00000e+00
 0.00000e+00
 0.00000e+00
 0.00000e+00
 0.00000e+00
 0.00000e+00
 0.00000e+00
 0.00000e+00
 0.00000e+00
 0.00000e+00
 0.00000e+00
 0.00000e+00
 0.00000e+00
 0.00000e+00
 0.00000e+00
 0.00000e+00
 0.00000e+00
 0.00000e+00
 0.00000e+00
 0.00000e+00
 0.00000e+00
 0.00000e+00
 0.00000e+00
 0.00000e+00
 0.00000e+00
 0.00000e+00
 0.00000e+00
 0.00000e+00
 0.00000e+00
 0.00000e+00
 0.00000e+00
 0.00000e+00
 0.00000e+00
 0.00000e+00
 0.00000e+00
 0.00000e+00
 0.00000e+00
 0.00000e+00
 0.00000e+00
 0.00000e+00
 0.00000e+00
 0.00000e+00
 0.00000e+00
 0.00000e+00
 0.00000e+00
 0.00000e+00
 0.00000e+00
 0.00000e+00
 0.00000e+00
 0.00000e+00
 0.00000e+00
 0.00000e+00
 0.00000e+00
 0.00000e+00
 0.00000e+00
 0.00000e+00
 0.00000e+00
 0.00000e+00
 0.00000e+00
 0.00000e+00
 0.00000e+00
 0.00000e+00
 0.00000e+00
 0.00000e+00
 0.00000e+00
 0.00000e+00
 0.00000e+00
 0.00000e+00
 0.00000e+00
 0.00000e+00
 0.00000e+00
 0.00000e+00
 0.00000e+00
 0.00000e+00
 0.00000e+00
 0.00000e+00
 0.00000e+00
 0.00000e+00
 0.00000e+00
 0.00000e+00
 0.00000e+00
 0.00000e+00
 0.00000e+00
 0.00000e+00
 0.00000e+00
 0.00000e+00
 0.00000e+00
 0.00000e+00
 0.00000e+00
 0.00000e+00
 0.00000e+00
 0.00000e+00
 0.00000e+00
 0.00000e+00
 0.00000e+00
 0.00000e+00
 0.00000e+00
 0.00000e+00
 0.00000e+00
 0.00000e+00
 0.00000e+00
 0.00000e+00
 0.00000e+00
 0.00000e+00
 0.00000e+00
 0.00000e+00
 0.00000e+00
 0.00000e+00
 0.00000e+00
 0.00000e+00
 0.00000e+00
 0.00000e+00
 0.00000e+00
 0.00000e+00
 0.00000e+00
 0.00000e+00
 0.00000e+00
 0.00000e+00
 0.00000e+00
 0.00000e+00
 0.00000e+00
 0.00000e+00
 0.00000e+00
 0.00000e+00
 0.00000e+00
 0.00000e+00
 0.00000e+00
 0.00000e+00
 0.00000e+00
 0.00000e+00
 0.00000e+00
 0.00000e+00
 0.00000e+00
 0.00000e+00
 0.00000e+00
 0.00000e+00
 0.00000e+00
 0.00000e+00
 0.00000e+00
 0.00000e+00
 0.00000e+00
 0.00000e+00
 0.00000e+00
 0.00000e+00
 0.00000e+00
 0.00000e+00
 0.00000e+00
 0.00000e+00
 0.00000e+00
 0.00000e+00
 0.00000e+00
 0.00000e+00
 0.00000e+00
 0.00000e+00
 0.00000e+00
 0.00000e+00
 0.00000e+00
 0.00000e+00
 0.00000e+00
 0.00000e+00
 0.00000e+00
 0.00000e+00
 0.00000e+00
 0.00000e+00
 0.00000e+00
 0.00000e+00
 0.00000e+00
 0.00000e+00
 0.00000e+00
 0.00000e+00
 0.00000e+00
 0.00000e+00
 0.00000e+00
 0.00000e+00
 0.00000e+00
 0.00000e+00
 0.00000e+00
 0.00000e+00
 0.00000e+00
 0.00000e+00
 0.00000e+00
 0.00000e+00
 0.00000e+00
 0.00000e+00
 0.00000e+00
 0.00000e+00
 0.00000e+00
 0.00000e+00
 0.00000e+00
 0.00000e+00
 0.00000e+00
 0.00000e+00
 0.00000e+00
 0.00000e+00
 0.00000e+00
 0.00000e+00
 0.00000e+00
 0.00000e+00
 0.00000e+00
 0.00000e+00
 0.00000e+00
 0.00000e+00
 0.00000e+00
 0.00000e+00
 0.00000e+00
 0.00000e+00
 0.00000e+00
 0.00000e+00
 0.00000e+00
 0.00000e+00
 0.00000e+00
 0.00000e+00
 0.00000e+00
 0.00000e+00
 0.00000e+00
 0.00000e+00
 0.00000e+00
 0.00000e+00
 0.00000e+00
 0.00000e+00
 0.00000e+00
 0.00000e+00
 0.00000e+00
 0.00000e+00
 0.00000e+00
 0.00000e+00
 0.00000e+00
 0.00000e+00
 0.00000e+00
 0.00000e+00
 0.00000e+00
 0.00000e+00
 0.00000e+00
 0.00000e+00
 0.00000e+00
 0.00000e+00
 0.00000e+00
 0.00000e+00
 0.00000e+00
 0.00000e+00
 0.00000e+00
 0.00000e+00
 0.00000e+00
 0.00000e+00
 0.00000e+00
 0.00000e+00
 0.00000e+00
 0.00000e+00
 0.00000e+00
 0.00000e+00
 0.00000e+00
 0.00000e+00
 0.00000e+00
 0.00000e+00
 0.00000e+00
 0.00000e+00
 0.00000e+00
 0.00000e+00
 0.00000e+00
 0.00000e+00
 0.00000e+00
 0.00000e+00
 0.00000e+00
 0.00000e+00
 0.00000e+00
 0.00000e+00
 0.00000e+00
 0.00000e+00
 0.00000e+00
 0.00000e+00
 0.00000e+00
 0.00000e+00
 0.00000e+00
 0.00000e+00
 0.00000e+00
 0.00000e+00
 0.00000e+00
 0.00000e+00
 0.00000e+00
 0.00000e+00
 0.00000e+00
 0.00000e+00
 0.00000e+00
 0.00000e+00
 0.00000e+00
 0.00000e+00
 0.00000e+00
 0.00000e+00
 0.00000e+00
 0.00000e+00
 0.00000e+00
 0.00000e+00
 0.00000e+00
 0.00000e+00
 0.00000e+00
 0.00000e+00
 0.00000e+00
 0.00000e+00
 0.00000e+00
 0.00000e+00
 0.00000e+00
 0.00000e+00
 0.00000e+00
 0.00000e+00
 0.00000e+00
 0.00000e+00
 0.00000e+00
 0.00000e+00
 0.00000e+00
 0.00000e+00
 0.00000e+00
 0.00000e+00
 0.00000e+00
 0.00000e+00
 0.00000e+00
 0.00000e+00
 0.00000e+00
 0.00000e+00
 0.00000e+00
 0.00000e+00
 0.00000e+00
 0.00000e+00
 0.00000e+00
 0.00000e+00
 0.00000e+00
 0.00000e+00
 0.00000e+00
 0.00000e+00
 0.00000e+00
 0.00000e+00
 0.00000e+00
 0.00000e+00
 0.00000e+00
 0.00000e+00
 0.00000e+00
 0.00000e+00
 0.00000e+00
 0.00000e+00
 0.00000e+00
 0.00000e+00
 0.00000e+00
 0.00000e+00
 0.00000e+00
 0.00000e+00
 0.00000e+00
 0.00000e+00
 0.00000e+00
 0.00000e+00
 0.00000e+00
 0.00000e+00
 0.00000e+00
 0.00000e+00
 0.00000e+00
 0.00000e+00
 0.00000e+00
 0.00000e+00
 0.00000e+00
 0.00000e+00
 0.00000e+00
 0.00000e+00
 0.00000e+00
 0.00000e+00
 0.00000e+00
 0.00000e+00
 0.00000e+00
 0.00000e+00
 0.00000e+00
 0.00000e+00
 0.00000e+00
 0.00000e+00
 0.00000e+00
 0.00000e+00
 0.00000e+00
 0.00000e+00
 0.00000e+00
 0.00000e+00
 0.00000e+00
 0.00000e+00
 0.00000e+00
 0.00000e+00
 0.00000e+00
 0.00000e+00
 0.00000e+00
 0.00000e+00
 0.00000e+00
 0.00000e+00
 0.00000e+00
 0.00000e+00
 0.00000e+00
 0.00000e+00
 0.00000e+00
 0.00000e+00
 0.00000e+00
 0.00000e+00
 0.00000e+00
 0.00000e+00
 0.00000e+00
 0.00000e+00
 0.00000e+00
 0.00000e+00
 0.00000e+00
 0.00000e+00
 0.00000e+00
 0.00000e+00
 0.00000e+00
 0.00000e+00
 0.00000e+00
 0.00000e+00
 0.00000e+00
 0.00000e+00
 0.00000e+00
 0.00000e+00
 0.00000e+00
 0.00000e+00
 0.00000e+00
 0.00000e+00
 0.00000e+00
 0.00000e+00
 0.00000e+00
 0.00000e+00
 0.00000e+00
 0.00000e+00
 0.00000e+00
 0.00000e+00
 0.00000e+00
 0.00000e+00
 0.00000e+00
 0.00000e+00
 0.00000e+00
 0.00000e+00
 0.00000e+00
 0.00000e+00
 0.00000e+00
 0.00000e+00
 0.00000e+00
 0.00000e+00
 0.00000e+00
 0.00000e+00
 0.00000e+00
 0.00000e+00
 0.00000e+00
 0.00000e+00
 0.00000e+00
 0.00000e+00
 0.00000e+00
 0.00000e+00
 0.00000e+00
 0.00000e+00
 0.00000e+00
 0.00000e+00
 0.00000e+00
 0.00000e+00
 0.00000e+00
 0.00000e+00
 0.00000e+00
 0.00000e+00
 0.00000e+00
 0.00000e+00
 0.00000e+00
 0.00000e+00
 0.00000e+00
 0.00000e+00
 0.00000e+00
 0.00000e+00
 0.00000e+00
 0.00000e+00
 0.00000e+00
 0.00000e+00
 0.00000e+00
 0.00000e+00
 0.00000e+00
 0.00000e+00
 0.00000e+00
 0.00000e+00
 0.00000e+00
 0.00000e+00
 0.00000e+00
 0.00000e+00
 0.00000e+00
 0.00000e+00
 0.00000e+00
 0.00000e+00
 0.00000e+00
 0.00000e+00
 0.00000e+00
 0.00000e+00
 0.00000e+00
 0.00000e+00
 0.00000e+00
 0.00000e+00
 0.00000e+00
 0.00000e+00
 0.00000e+00
 0.00000e+00
 0.00000e+00
 0.00000e+00
 0.00000e+00
 0.00000e+00
 0.00000e+00
 0.00000e+00
 0.00000e+00
 0.00000e+00
 0.00000e+00
 0.00000e+00
 0.00000e+00
 0.00000e+00
 0.00000e+00
 0.00000e+00
 0.00000e+00
 0.00000e+00
 0.00000e+00
 0.00000e+00
 0.00000e+00
 0.00000e+00
 0.00000e+00
 0.00000e+00
 0.00000e+00
 0.00000e+00
 0.00000e+00
 0.00000e+00
 0.00000e+00
 0.00000e+00
 0.00000e+00
 0.00000e+00
 0.00000e+00
 0.00000e+00
 0.00000e+00
 0.00000e+00
 0.00000e+00
 0.00000e+00
 0.00000e+00
 0.00000e+00
 0.00000e+00
 0.00000e+00
 0.00000e+00
 0.00000e+00
 0.00000e+00
 0.00000e+00
 0.00000e+00
 0.00000e+00
 0.00000e+00
 0.00000e+00
 0.00000e+00
 0.00000e+00
 0.00000e+00
 0.00000e+00
 0.00000e+00
 0.00000e+00
 0.00000e+00
 0.00000e+00
 0.00000e+00
 0.00000e+00
 0.00000e+00
 0.00000e+00
 0.00000e+00
 0.00000e+00
 0.00000e+00
 0.00000e+00
 0.00000e+00
 0.00000e+00
 0.00000e+00
 0.00000e+00
 0.00000e+00
 0.00000e+00
 0.00000e+00
 0.00000e+00
 0.00000e+00
 0.00000e+00
 0.00000e+00
 0.00000e+00
 0.00000e+00
 0.00000e+00
 0.00000e+00
 0.00000e+00
 0.00000e+00
 0.00000e+00
 0.00000e+00
 0.00000e+00
 0.00000e+00
 0.00000e+00
 0.00000e+00
 0.00000e+00
 0.00000e+00
 0.00000e+00
 0.00000e+00
 0.00000e+00
 0.00000e+00
 0.00000e+00
 0.00000e+00
 0.00000e+00
 0.00000e+00
 0.00000e+00
 0.00000e+00
 0.00000e+00
 0.00000e+00
 0.00000e+00
 0.00000e+00
 0.00000e+00
 0.00000e+00
 0.00000e+00
 0.00000e+00
 0.00000e+00
 0.00000e+00
 0.00000e+00
 0.00000e+00
 0.00000e+00
 0.00000e+00
 0.00000e+00
 0.00000e+00
 0.00000e+00
 0.00000e+00
 0.00000e+00
 0.00000e+00
 0.00000e+00
 0.00000e+00
 0.00000e+00
 0.00000e+00
 0.00000e+00
 0.00000e+00
 0.00000e+00
 0.00000e+00
 0.00000e+00
 0.00000e+00
 0.00000e+00
 0.00000e+00
 0.00000e+00
 0.00000e+00
 0.00000e+00
 0.00000e+00
 0.00000e+00
 0.00000e+00
 0.00000e+00
 0.00000e+00
 0.00000e+00
 0.00000e+00
 0.00000e+00
 0.00000e+00
 0.00000e+00
 0.00000e+00
 0.00000e+00
 0.00000e+00
 0.00000e+00
 0.00000e+00
 0.00000e+00
 0.00000e+00
 0.00000e+00
 0.00000e+00
 0.00000e+00
 0.00000e+00
 0.00000e+00
 0.00000e+00
 0.00000e+00
 0.00000e+00
 0.00000e+00
 0.00000e+00
 0.00000e+00
 0.00000e+00
 0.00000e+00
 0.00000e+00
 0.00000e+00
 0.00000e+00
 0.00000e+00
 0.00000e+00
 0.00000e+00
 0.00000e+00
 0.00000e+00
 0.00000e+00
 0.00000e+00
 0.00000e+00
 0.00000e+00
 0.00000e+00
 0.00000e+00
 0.00000e+00
 0.00000e+00
 0.00000e+00
 0.00000e+00
 0.00000e+00
 0.00000e+00
 0.00000e+00
 0.00000e+00
 0.00000e+00
 0.00000e+00
 0.00000e+00
 0.00000e+00
 0.00000e+00
 0.00000e+00
 0.00000e+00
 0.00000e+00
 0.00000e+00
 0.00000e+00
 0.00000e+00
 0.00000e+00
 0.00000e+00
 0.00000e+00
 0.00000e+00
 0.00000e+00
 0.00000e+00
 0.00000e+00
 0.00000e+00
 0.00000e+00
 0.00000e+00
 0.00000e+00
 0.00000e+00
 0.00000e+00
 0.00000e+00
 0.00000e+00
 0.00000e+00
 0.00000e+00
 0.00000e+00
 0.00000e+00
 0.00000e+00
 0.00000e+00
 0.00000e+00
 0.00000e+00
 0.00000e+00
 0.00000e+00
 0.00000e+00
 0.00000e+00
 0.00000e+00
 0.00000e+00
 0.00000e+00
 0.00000e+00
 0.00000e+00
 0.00000e+00
 0.00000e+00
 0.00000e+00
 0.00000e+00
 0.00000e+00
 0.00000e+00
 0.00000e+00
 0.00000e+00
 0.00000e+00
 0.00000e+00
 0.00000e+00
 0.00000e+00
 0.00000e+00
 0.00000e+00
 0.00000e+00
 0.00000e+00
 0.00000e+00
 0.00000e+00
 0.00000e+00
 0.00000e+00
 0.00000e+00
 0.00000e+00
 0.00000e+00
 0.00000e+00
 0.00000e+00
 0.00000e+00
 0.00000e+00
 0.00000e+00
 0.00000e+00
 0.00000e+00
 0.00000e+00
 0.00000e+00
 0.00000e+00
 0.00000e+00
 0.00000e+00
 0.00000e+00
 0.00000e+00
 0.00000e+00
 0.00000e+00
 0.00000e+00
 0.00000e+00
 0.00000e+00
 0.00000e+00
 0.00000e+00
 0.00000e+00
 0.00000e+00
 0.00000e+00
 0.00000e+00
 0.00000e+00
 0.00000e+00
 0.00000e+00
 0.00000e+00
 0.00000e+00
 0.00000e+00
 0.00000e+00
 0.00000e+00
 0.00000e+00
 0.00000e+00
 0.00000e+00
 0.00000e+00
 0.00000e+00
 0.00000e+00
 0.00000e+00
 0.00000e+00
 0.00000e+00
 0.00000e+00
 0.00000e+00
 0.00000e+00
 0.00000e+00
 0.00000e+00
 0.00000e+00
 0.00000e+00
 0.00000e+00
 0.00000e+00
 0.00000e+00
 0.00000e+00
 0.00000e+00
 0.00000e+00
 0.00000e+00
 0.00000e+00
 0.00000e+00
 0.00000e+00
 0.00000e+00
 0.00000e+00
 0.00000e+00
 0.00000e+00
 0.00000e+00
 0.00000e+00
 0.00000e+00
 0.00000e+00
 0.00000e+00
 0.00000e+00
 0.00000e+00
 0.00000e+00
 0.00000e+00
 0.00000e+00
 0.00000e+00
 0.00000e+00
 0.00000e+00
 0.00000e+00
 0.00000e+00
 0.00000e+00
 0.00000e+00
 0.00000e+00
 0.00000e+00
 0.00000e+00
 0.00000e+00
 0.00000e+00
 0.00000e+00
 0.00000e+00
 0.00000e+00
 0.00000e+00
 0.00000e+00
 0.00000e+00
 0.00000e+00
 0.00000e+00
 0.00000e+00
 0.00000e+00
 0.00000e+00
 0.00000e+00
 0.00000e+00
 0.00000e+00
 0.00000e+00
 0.00000e+00
 0.00000e+00
 0.00000e+00
 0.00000e+00
 0.00000e+00
 0.00000e+00
 0.00000e+00
 0.00000e+00
 0.00000e+00
 0.00000e+00
 0.00000e+00
 0.00000e+00
 0.00000e+00
 0.00000e+00
 0.00000e+00
 0.00000e+00
 0.00000e+00
 0.00000e+00
 0.00000e+00
 0.00000e+00
 0.00000e+00
 0.00000e+00
 0.00000e+00
 0.00000e+00
 0.00000e+00
 0.00000e+00
 0.00000e+00
 0.00000e+00
 0.00000e+00
 0.00000e+00
 0.00000e+00
 0.00000e+00
 0.00000e+00
 0.00000e+00
 0.00000e+00
 0.00000e+00
 0.00000e+00
 0.00000e+00
 0.00000e+00
 0.00000e+00
 0.00000e+00
 0.00000e+00
 0.00000e+00
 0.00000e+00
 0.00000e+00
 0.00000e+00
 0.00000e+00
 0.00000e+00
 0.00000e+00
 0.00000e+00
 0.00000e+00
 0.00000e+00
 0.00000e+00
 0.00000e+00
 0.00000e+00
 0.00000e+00
 0.00000e+00
 0.00000e+00
 0.00000e+00
 0.00000e+00
 0.00000e+00
 0.00000e+00
 0.00000e+00
 0.00000e+00
 0.00000e+00
 0.00000e+00
 0.00000e+00
 0.00000e+00
 0.00000e+00
 0.00000e+00
 0.00000e+00
 0.00000e+00
 0.00000e+00
 0.00000e+00
 0.00000e+00
 0.00000e+00
 0.00000e+00
 0.00000e+00
 0.00000e+00
 0.00000e+00
 0.00000e+00
 0.00000e+00
 0.00000e+00
 0.00000e+00
 0.00000e+00
 0.00000e+00
 0.00000e+00
 0.00000e+00
 0.00000e+00
 0.00000e+00
 0.00000e+00
 0.00000e+00
 0.00000e+00
 0.00000e+00
 0.00000e+00
 0.00000e+00
 0.00000e+00
 0.00000e+00
 0.00000e+00
 0.00000e+00
 0.00000e+00
 0.00000e+00
 0.00000e+00
 0.00000e+00
 0.00000e+00
 0.00000e+00
 0.00000e+00
 0.00000e+00
 0.00000e+00
 0.00000e+00
 0.00000e+00
 0.00000e+00
 0.00000e+00
 0.00000e+00
 0.00000e+00
 0.00000e+00
 0.00000e+00
 0.00000e+00
 0.00000e+00
 0.00000e+00
