Velocity
part
         1
coordinates
 0.00000e+00
-5.55635e-16
 1.09573e-15
 2.12096e-16
-3.17977e-15
-2.83023e-15
 6.79171e-16
-4.96857e-15
 4.73731e-15
-3.11185e-15
-2.57222e-15
-2.07119e-15
-1.78721e-15
 6.64406e-15
 7.49195e-13
 9.94616e-11
 1.20082e-08
 1.72314e-07
 1.08985e-06
 5.97518e-06
 2.95740e-05
 1.30908e-04
 5.12511e-04
 1.75303e-03
 5.16735e-03
 1.29642e-02
 2.75337e-02
 4.99080e-02
 0.00000e+00
 5.40253e-16
 7.66407e-16
 9.42755e-16
-1.15519e-15
-2.01803e-15
-6.92224e-16
-7.92006e-16
-3.43712e-15
 5.89466e-15
-8.69480e-15
 3.19095e-15
 7.93780e-16
 2.01130e-15
 7.56655e-13
 9.94633e-11
 1.20082e-08
 1.72314e-07
 1.08985e-06
 5.97518e-06
 2.95740e-05
 1.30908e-04
 5.12511e-04
 1.75303e-03
 5.16735e-03
 1.29642e-02
 2.75337e-02
 4.99080e-02
 0.00000e+00
-7.74303e-16
 9.47924e-16
-2.14336e-15
 1.42748e-15
-1.95361e-15
 1.83881e-15
-1.34999e-15
-2.05199e-15
-4.06412e-15
 1.42607e-15
-3.87448e-15
 3.03019e-15
-1.94186e-16
 7.61145e-13
 9.94662e-11
 1.20082e-08
 1.72314e-07
 1.08985e-06
 5.97518e-06
 2.95740e-05
 1.30908e-04
 5.12511e-04
 1.75303e-03
 5.16735e-03
 1.29642e-02
 2.75337e-02
 4.99080e-02
 0.00000e+00
-1.41175e-15
-1.48572e-15
-2.07765e-15
-1.85080e-15
-5.37858e-15
 1.88047e-16
-7.07165e-15
-9.54711e-16
-4.85000e-15
 3.21016e-15
-4.99108e-15
-4.72587e-16
 1.14630e-14
 7.54798e-13
 9.94595e-11
 1.20082e-08
 1.72314e-07
 1.08985e-06
 5.97518e-06
 2.95740e-05
 1.30908e-04
 5.12511e-04
 1.75303e-03
 5.16735e-03
 1.29642e-02
 2.75337e-02
 4.99080e-02
 0.00000e+00
 5.17935e-15
 3.75249e-15
 6.01883e-15
 1.74113e-15
 1.19719e-15
 4.60179e-15
 2.88231e-15
-4.92666e-17
 4.08216e-15
-2.91806e-15
 6.74646e-15
 1.00579e-14
 1.32368e-14
 7.60994e-13
 9.94659e-11
 1.20082e-08
 1.72314e-07
 1.08985e-06
 5.97518e-06
 2.95740e-05
 1.30908e-04
 5.12511e-04
 1.75303e-03
 5.16735e-03
 1.29642e-02
 2.75337e-02
 4.99080e-02
 0.00000e+00
-8.36618e-15
-9.68891e-15
-1.27731e-14
-1.32505e-14
-9.94282e-15
-9.19473e-15
-1.21997e-14
-7.43158e-15
-1.54859e-14
-1.09313e-14
-1.21572e-14
 2.91674e-15
-6.67994e-15
 7.43914e-13
 9.94619e-11
 1.20082e-08
 1.72314e-07
 1.08985e-06
 5.97518e-06
 2.95740e-05
 1.30908e-04
 5.12511e-04
 1.75303e-03
 5.16735e-03
 1.29642e-02
 2.75337e-02
 4.99080e-02
 0.00000e+00
-7.71764e-16
-1.51861e-15
-2.97636e-15
-1.07747e-15
-1.64557e-15
-1.97678e-15
-2.73047e-15
 6.64748e-16
 6.34396e-15
-4.08369e-15
 1.22623e-15
-3.78159e-15
 1.01745e-15
 7.55311e-13
 9.94577e-11
 1.20082e-08
 1.72314e-07
 1.08985e-06
 5.97518e-06
 2.95740e-05
 1.30908e-04
 5.12511e-04
 1.75303e-03
 5.16735e-03
 1.29642e-02
 2.75337e-02
 4.99080e-02
 0.00000e+00
-2.07828e-17
-1.46042e-15
-1.15762e-15
-1.71829e-15
-5.83905e-16
-1.87472e-15
-2.14996e-15
 1.55281e-15
-3.17752e-15
 9.57875e-16
 1.27961e-15
-3.13290e-15
 6.61838e-15
 7.47069e-13
 9.94708e-11
 1.20082e-08
 1.72314e-07
 1.08985e-06
 5.97518e-06
 2.95740e-05
 1.30908e-04
 5.12511e-04
 1.75303e-03
 5.16735e-03
 1.29642e-02
 2.75337e-02
 4.99080e-02
 0.00000e+00
-1.04275e-15
-3.72507e-16
 1.31331e-15
-1.74523e-15
 2.61663e-15
-1.25955e-15
-3.94249e-15
 1.87782e-15
-5.06891e-15
-2.04269e-15
 3.69567e-15
-3.65082e-15
 6.47646e-15
 7.54970e-13
 9.94658e-11
 1.20082e-08
 1.72314e-07
 1.08985e-06
 5.97518e-06
 2.95740e-05
 1.30908e-04
 5.12511e-04
 1.75303e-03
 5.16735e-03
 1.29642e-02
 2.75337e-02
 4.99080e-02
 0.00000e+00
-3.45062e-15
-3.85693e-15
-1.60148e-15
-1.19601e-15
-5.99254e-15
-1.82162e-15
-4.18723e-15
-3.84059e-15
 2.12191e-15
-4.29179e-15
 6.28263e-16
-2.63468e-15
 4.76209e-15
 7.59273e-13
 9.94550e-11
 1.20082e-08
 1.72314e-07
 1.08985e-06
 5.97518e-06
 2.95740e-05
 1.30908e-04
 5.12511e-04
 1.75303e-03
 5.16735e-03
 1.29642e-02
 2.75337e-02
 4.99080e-02
 0.00000e+00
 3.69958e-15
 4.04542e-15
 4.17349e-15
 4.81687e-15
 5.12245e-16
 4.37338e-15
 3.57914e-15
 4.27112e-16
 1.50819e-15
 4.46117e-15
 3.88918e-15
 5.20109e-15
 1.17747e-14
 7.63811e-13
 9.94661e-11
 1.20082e-08
 1.72314e-07
 1.08985e-06
 5.97518e-06
 2.95740e-05
 1.30908e-04
 5.12511e-04
 1.75303e-03
 5.16735e-03
 1.29642e-02
 2.75337e-02
 4.99080e-02
 0.00000e+00
-9.61293e-15
-8.70284e-15
-1.02552e-14
-1.14594e-14
-6.11113e-15
-1.24697e-14
-1.53169e-14
-1.03424e-14
-1.39172e-14
-1.20630e-14
-5.87943e-15
-1.16073e-14
-2.58412e-15
 7.56534e-13
 9.94483e-11
 1.20082e-08
 1.72314e-07
 1.08985e-06
 5.97518e-06
 2.95740e-05
 1.30908e-04
 5.12511e-04
 1.75303e-03
 5.16735e-03
 1.29642e-02
 2.75337e-02
 4.99080e-02
 0.00000e+00
-2.72779e-15
-2.31211e-16
-3.09218e-15
-2.26812e-15
-3.52883e-15
-2.90123e-15
-4.13666e-15
 1.04796e-15
-3.10538e-15
 3.66452e-15
-1.70063e-15
-5.04227e-16
-1.76602e-15
 7.53872e-13
 9.94666e-11
 1.20082e-08
 1.72314e-07
 1.08985e-06
 5.97518e-06
 2.95740e-05
 1.30908e-04
 5.12511e-04
 1.75303e-03
 5.16735e-03
 1.29642e-02
 2.75337e-02
 4.99080e-02
 0.00000e+00
-1.43804e-15
-1.00778e-15
-1.78064e-15
-5.15493e-15
-2.29956e-15
-5.43263e-15
 1.10129e-15
-3.52571e-15
-3.61014e-15
 1.26495e-15
-1.45580e-16
-6.96877e-16
 5.74723e-15
 7.50007e-13
 9.94636e-11
 1.20082e-08
 1.72314e-07
 1.08985e-06
 5.97518e-06
 2.95740e-05
 1.30908e-04
 5.12511e-04
 1.75303e-03
 5.16735e-03
 1.29642e-02
 2.75337e-02
 4.99080e-02
 0.00000e+00
-4.87546e-16
-9.37453e-16
 1.08677e-16
-2.51873e-15
-2.25424e-15
-2.06877e-15
 4.69163e-16
-1.83479e-15
-2.88200e-15
 1.13496e-16
-3.99947e-15
 4.67118e-15
 7.28988e-15
 7.48908e-13
 9.94663e-11
 1.20082e-08
 1.72314e-07
 1.08985e-06
 5.97518e-06
 2.95740e-05
 1.30908e-04
 5.12511e-04
 1.75303e-03
 5.16735e-03
 1.29642e-02
 2.75337e-02
 4.99080e-02
 0.00000e+00
-4.29893e-15
-6.08021e-15
-4.84077e-15
-2.69007e-15
-5.95071e-15
-6.18317e-15
-5.68183e-15
-1.33510e-15
-2.76630e-15
-3.47801e-15
-3.68215e-15
-2.45696e-17
 3.03546e-15
 7.51362e-13
 9.94639e-11
 1.20082e-08
 1.72314e-07
 1.08985e-06
 5.97518e-06
 2.95740e-05
 1.30908e-04
 5.12511e-04
 1.75303e-03
 5.16735e-03
 1.29642e-02
 2.75337e-02
 4.99080e-02
 0.00000e+00
 1.06710e-15
 3.06336e-15
 2.80863e-15
 2.07259e-15
 4.78896e-15
-1.90206e-15
 2.07132e-15
 1.35652e-15
 1.48259e-15
 7.55625e-16
 4.22423e-15
 5.51564e-16
 1.38008e-14
 7.63245e-13
 9.94648e-11
 1.20082e-08
 1.72314e-07
 1.08985e-06
 5.97518e-06
 2.95740e-05
 1.30908e-04
 5.12511e-04
 1.75303e-03
 5.16735e-03
 1.29642e-02
 2.75337e-02
 4.99080e-02
 0.00000e+00
-8.07189e-15
-1.17429e-14
-1.06256e-14
-1.07917e-14
-8.31687e-15
-1.62810e-14
-1.40037e-14
-1.20799e-14
-1.52728e-14
-1.17504e-14
-1.48521e-14
-1.14681e-14
-3.34550e-15
 7.54060e-13
 9.94497e-11
 1.20082e-08
 1.72314e-07
 1.08985e-06
 5.97518e-06
 2.95740e-05
 1.30908e-04
 5.12511e-04
 1.75303e-03
 5.16735e-03
 1.29642e-02
 2.75337e-02
 4.99080e-02
 0.00000e+00
-1.37356e-15
 8.29283e-16
-2.43665e-15
 1.55161e-15
-2.35844e-15
-2.10109e-15
-1.43641e-15
 3.17456e-15
-3.70421e-15
-1.71473e-15
 3.96697e-15
 2.98789e-15
-3.41921e-15
 7.58448e-13
 9.94701e-11
 1.20082e-08
 1.72314e-07
 1.08985e-06
 5.97518e-06
 2.95740e-05
 1.30908e-04
 5.12511e-04
 1.75303e-03
 5.16735e-03
 1.29642e-02
 2.75337e-02
 4.99080e-02
 0.00000e+00
 3.93748e-15
-5.97953e-16
 1.54979e-16
 2.00630e-15
-1.68969e-15
-2.11978e-15
 1.43438e-15
-3.05397e-15
 9.13048e-16
 1.09235e-15
 2.47194e-15
 4.19054e-15
-1.95817e-15
 7.60043e-13
 9.94623e-11
 1.20082e-08
 1.72314e-07
 1.08985e-06
 5.97518e-06
 2.95740e-05
 1.30908e-04
 5.12511e-04
 1.75303e-03
 5.16735e-03
 1.29642e-02
 2.75337e-02
 4.99080e-02
 0.00000e+00
 2.62296e-15
 1.17256e-15
 2.04824e-15
 2.23439e-15
-1.93399e-15
 1.16941e-15
 1.46912e-15
-3.67435e-15
 1.29425e-15
 3.42659e-15
 1.52528e-15
 1.59129e-15
 1.01836e-14
 7.48044e-13
 9.94658e-11
 1.20082e-08
 1.72314e-07
 1.08985e-06
 5.97518e-06
 2.95740e-05
 1.30908e-04
 5.12511e-04
 1.75303e-03
 5.16735e-03
 1.29642e-02
 2.75337e-02
 4.99080e-02
 0.00000e+00
-9.14566e-16
-1.30345e-15
-3.24247e-15
-2.15190e-15
-3.02733e-15
-1.52440e-15
-3.54771e-15
-2.96786e-15
-4.68014e-15
 6.13521e-16
-6.73558e-16
-3.39210e-15
 8.75008e-15
 7.48119e-13
 9.94670e-11
 1.20082e-08
 1.72314e-07
 1.08985e-06
 5.97518e-06
 2.95740e-05
 1.30908e-04
 5.12511e-04
 1.75303e-03
 5.16735e-03
 1.29642e-02
 2.75337e-02
 4.99080e-02
 0.00000e+00
 4.83118e-15
 4.88940e-15
 3.53928e-15
 5.95951e-15
 3.02477e-15
 4.94237e-15
 5.62557e-15
 4.30197e-15
 2.41731e-15
 3.14098e-15
 3.86722e-15
 4.16640e-15
 1.01129e-14
 7.62880e-13
 9.94692e-11
 1.20082e-08
 1.72314e-07
 1.08985e-06
 5.97518e-06
 2.95740e-05
 1.30908e-04
 5.12511e-04
 1.75303e-03
 5.16735e-03
 1.29642e-02
 2.75337e-02
 4.99080e-02
 0.00000e+00
-4.14269e-15
-7.09387e-15
-7.71109e-15
-5.94820e-15
-1.02235e-14
-7.08106e-15
-7.42961e-15
-1.01638e-14
-6.72279e-15
-1.11789e-14
-9.57614e-15
-1.08840e-14
-1.64350e-15
 7.48112e-13
 9.94631e-11
 1.20082e-08
 1.72314e-07
 1.08985e-06
 5.97518e-06
 2.95740e-05
 1.30908e-04
 5.12511e-04
 1.75303e-03
 5.16735e-03
 1.29642e-02
 2.75337e-02
 4.99080e-02
 0.00000e+00
-6.28101e-15
-7.35132e-15
-1.06990e-14
-8.85726e-15
-4.24826e-15
-1.05482e-14
-8.36509e-15
-5.37882e-15
 3.18443e-15
-1.42598e-14
-2.92560e-15
 1.49977e-15
-2.96504e-15
 7.51455e-13
 9.94658e-11
 1.20082e-08
 1.72314e-07
 1.08985e-06
 5.97518e-06
 2.95740e-05
 1.30908e-04
 5.12511e-04
 1.75303e-03
 5.16735e-03
 1.29642e-02
 2.75337e-02
 4.99080e-02
 0.00000e+00
-5.07686e-15
-7.87275e-15
-6.43377e-15
-7.91833e-15
-6.20116e-15
-4.44809e-15
-1.12028e-14
-3.77452e-15
-5.96732e-15
-3.53133e-15
-3.96400e-15
-6.13628e-16
-2.23832e-15
 7.50066e-13
 9.94670e-11
 1.20082e-08
 1.72314e-07
 1.08985e-06
 5.97518e-06
 2.95740e-05
 1.30908e-04
 5.12511e-04
 1.75303e-03
 5.16735e-03
 1.29642e-02
 2.75337e-02
 4.99080e-02
 0.00000e+00
-5.69742e-15
-6.07575e-15
-4.96583e-15
-8.48720e-15
-5.11633e-15
-4.99695e-15
-1.05328e-14
-4.53494e-15
-9.82470e-15
-3.88640e-15
 3.50873e-15
-9.49632e-15
 4.45302e-15
 7.46033e-13
 9.94612e-11
 1.20082e-08
 1.72314e-07
 1.08985e-06
 5.97518e-06
 2.95740e-05
 1.30908e-04
 5.12511e-04
 1.75303e-03
 5.16735e-03
 1.29642e-02
 2.75337e-02
 4.99080e-02
 0.00000e+00
-6.91095e-15
-7.19209e-15
-6.82481e-15
-9.60479e-15
-2.77887e-15
-9.29020e-15
-1.06668e-14
-8.34636e-15
-3.75306e-15
-1.05629e-14
-4.20836e-15
-8.79583e-15
-9.82843e-16
 7.49205e-13
 9.94568e-11
 1.20082e-08
 1.72314e-07
 1.08985e-06
 5.97518e-06
 2.95740e-05
 1.30908e-04
 5.12511e-04
 1.75303e-03
 5.16735e-03
 1.29642e-02
 2.75337e-02
 4.99080e-02
 0.00000e+00
-7.18066e-16
-1.52972e-16
-1.64254e-15
-2.27952e-15
-5.17620e-16
-5.61606e-16
-2.08839e-15
 2.40888e-15
-4.75301e-15
 4.74369e-16
-4.01753e-15
 2.71001e-15
 4.89617e-16
 7.57304e-13
 9.94645e-11
 1.20082e-08
 1.72314e-07
 1.08985e-06
 5.97518e-06
 2.95740e-05
 1.30908e-04
 5.12511e-04
 1.75303e-03
 5.16735e-03
 1.29642e-02
 2.75337e-02
 4.99080e-02
 0.00000e+00
-1.29399e-14
-1.41000e-14
-1.36571e-14
-1.73876e-14
-1.49016e-14
-1.10707e-14
-1.58211e-14
-1.24417e-14
-2.15149e-14
-1.28934e-14
-1.23362e-14
-1.94389e-14
-1.07769e-14
 7.43827e-13
 9.94513e-11
 1.20082e-08
 1.72314e-07
 1.08985e-06
 5.97518e-06
 2.95740e-05
 1.30908e-04
 5.12511e-04
 1.75303e-03
 5.16735e-03
 1.29642e-02
 2.75337e-02
 4.99080e-02
 0.00000e+00
 9.48831e-15
 7.18996e-15
 1.62930e-15
 2.06441e-15
 6.21382e-15
 4.70797e-15
 4.81999e-15
 1.13005e-14
 2.08082e-15
 1.12437e-14
 2.28247e-15
 1.95152e-14
 1.49824e-14
 7.61613e-13
 9.94756e-11
 1.20082e-08
 1.72314e-07
 1.08985e-06
 5.97518e-06
 2.95740e-05
 1.30908e-04
 5.12511e-04
 1.75303e-03
 5.16735e-03
 1.29642e-02
 2.75337e-02
 4.99080e-02
 0.00000e+00
 5.23166e-15
 8.34649e-15
 8.51569e-15
 2.44485e-15
 6.44515e-15
 9.91622e-15
 4.25217e-15
 8.64814e-15
 5.92970e-15
 4.08972e-15
 1.08528e-14
 1.27729e-14
 1.52175e-14
 7.66689e-13
 9.94667e-11
 1.20082e-08
 1.72314e-07
 1.08985e-06
 5.97518e-06
 2.95740e-05
 1.30908e-04
 5.12511e-04
 1.75303e-03
 5.16735e-03
 1.29642e-02
 2.75337e-02
 4.99080e-02
 0.00000e+00
 7.75144e-15
 1.14811e-14
 4.94191e-15
 6.76072e-15
 6.01735e-15
 9.69904e-15
 7.56777e-15
 6.97469e-15
 3.23732e-15
 9.65604e-15
 9.15823e-15
 1.47777e-14
 1.41467e-14
 7.65256e-13
 9.94740e-11
 1.20082e-08
 1.72314e-07
 1.08985e-06
 5.97518e-06
 2.95740e-05
 1.30908e-04
 5.12511e-04
 1.75303e-03
 5.16735e-03
 1.29642e-02
 2.75337e-02
 4.99080e-02
 0.00000e+00
 5.83432e-15
 5.79561e-15
 3.73940e-15
 5.78910e-15
 2.15235e-15
 6.24472e-15
 4.07168e-15
 5.49149e-15
 3.86702e-15
 4.66991e-15
 4.14401e-15
 1.20087e-14
 1.06160e-14
 7.63863e-13
 9.94707e-11
 1.20082e-08
 1.72314e-07
 1.08985e-06
 5.97518e-06
 2.95740e-05
 1.30908e-04
 5.12511e-04
 1.75303e-03
 5.16735e-03
 1.29642e-02
 2.75337e-02
 4.99080e-02
 0.00000e+00
 7.09607e-15
 1.19782e-14
 6.93585e-15
 8.62082e-15
 1.15032e-14
 8.41024e-15
 9.77792e-15
 9.98318e-15
 1.29009e-14
 4.08603e-15
 1.16128e-14
 1.14792e-14
 1.40154e-14
 7.69825e-13
 9.94699e-11
 1.20082e-08
 1.72314e-07
 1.08985e-06
 5.97518e-06
 2.95740e-05
 1.30908e-04
 5.12511e-04
 1.75303e-03
 5.16735e-03
 1.29642e-02
 2.75337e-02
 4.99080e-02
 0.00000e+00
-1.21345e-15
 6.03393e-16
-4.73550e-15
 3.66415e-15
-1.76191e-15
-2.70496e-15
 2.76798e-15
-3.96269e-15
-2.67658e-15
-8.50995e-16
-4.86913e-15
 3.11920e-15
 3.09298e-17
 7.57153e-13
 9.94693e-11
 1.20082e-08
 1.72314e-07
 1.08985e-06
 5.97518e-06
 2.95740e-05
 1.30908e-04
 5.12511e-04
 1.75303e-03
 5.16735e-03
 1.29642e-02
 2.75337e-02
 4.99080e-02
 0.00000e+00
 0.00000e+00
 0.00000e+00
 0.00000e+00
 0.00000e+00
 0.00000e+00
 0.00000e+00
 0.00000e+00
 0.00000e+00
 0.00000e+00
 0.00000e+00
 0.00000e+00
 0.00000e+00
 0.00000e+00
 0.00000e+00
 0.00000e+00
 0.00000e+00
 0.00000e+00
 0.00000e+00
 0.00000e+00
 0.00000e+00
 0.00000e+00
 0.00000e+00
 0.00000e+00
 0.00000e+00
 0.00000e+00
 0.00000e+00
 0.00000e+00
 1.22973e-15
 5.87462e-16
 1.06351e-15
-2.31626e-16
-2.73216e-15
 3.81370e-15
-1.69789e-15
 9.74347e-16
-6.67610e-15
 3.97913e-15
-1.80756e-15
 9.17687e-16
-9.87559e-16
-1.63132e-15
-1.66556e-15
 1.96186e-15
-1.55871e-15
-1.14704e-14
 1.75771e-15
-1.98656e-15
-3.53601e-15
-5.12900e-15
-1.37161e-15
-1.69936e-15
-6.04351e-15
-5.72887e-15
-9.44445e-16
-4.48451e-15
-2.35962e-16
-7.10926e-16
 8.79798e-16
 1.88496e-15
 5.53900e-16
 2.18185e-15
 1.59032e-15
 1.57226e-15
 1.60690e-15
 2.09619e-15
-1.03093e-15
 2.92658e-15
-2.69649e-15
 1.03484e-15
 2.16990e-15
 1.70671e-15
 6.41037e-15
-1.15529e-15
 1.52990e-14
 3.58352e-15
 3.69946e-15
 6.45527e-15
 3.87236e-15
-2.15155e-15
 1.50096e-15
 5.03281e-15
-6.66487e-15
-7.52638e-15
-5.89291e-16
-1.45168e-15
-2.21940e-15
-1.30779e-15
 3.66842e-17
 1.90503e-15
-4.10106e-15
-2.89479e-15
-8.86337e-15
 3.30520e-15
-1.75933e-15
-3.72255e-15
-3.87028e-17
 1.57361e-15
 5.56582e-15
 2.78199e-15
-1.08207e-14
-8.44602e-15
 2.69831e-16
-6.20313e-15
-4.74167e-15
-9.09177e-15
-1.00347e-14
 2.84304e-15
-3.13983e-15
-6.03923e-15
-1.03405e-15
-6.15649e-16
 3.49388e-15
 2.82029e-15
 3.72922e-15
 2.18346e-15
-2.20284e-15
 2.80535e-15
 2.49508e-15
 2.17818e-15
-1.79158e-15
 3.15245e-15
-1.44051e-15
 3.92597e-15
 3.95408e-16
 1.63938e-15
-3.33233e-15
-4.83360e-18
 9.40805e-15
-5.26127e-15
 1.13430e-14
 7.24255e-15
-2.19208e-15
 7.53496e-15
 8.30125e-15
 8.40824e-15
 6.64380e-15
 1.11399e-14
 7.52787e-15
 4.20183e-15
 0.00000e+00
 0.00000e+00
 0.00000e+00
 0.00000e+00
 0.00000e+00
 0.00000e+00
 0.00000e+00
 0.00000e+00
 0.00000e+00
 0.00000e+00
 0.00000e+00
 0.00000e+00
 0.00000e+00
 0.00000e+00
 0.00000e+00
 0.00000e+00
 0.00000e+00
 0.00000e+00
 0.00000e+00
 0.00000e+00
 0.00000e+00
 0.00000e+00
 0.00000e+00
 0.00000e+00
 0.00000e+00
 0.00000e+00
 0.00000e+00
 0.00000e+00
 0.00000e+00
 0.00000e+00
 0.00000e+00
 0.00000e+00
 0.00000e+00
 0.00000e+00
 0.00000e+00
 0.00000e+00
 0.00000e+00
 0.00000e+00
 0.00000e+00
 0.00000e+00
 0.00000e+00
 0.00000e+00
 0.00000e+00
 0.00000e+00
 0.00000e+00
 0.00000e+00
 0.00000e+00
 0.00000e+00
 0.00000e+00
 0.00000e+00
 0.00000e+00
 0.00000e+00
 0.00000e+00
 0.00000e+00
 0.00000e+00
 0.00000e+00
 4.08327e-16
-1.67443e-16
 1.00697e-15
 6.17175e-16
-9.95487e-16
 4.36686e-15
-1.52203e-16
 1.94675e-15
-1.47391e-15
 3.51635e-15
-3.83940e-15
 1.07349e-15
-2.86470e-15
 9.44655e-16
-3.55334e-16
 1.60507e-15
 5.15101e-15
-7.41960e-15
 6.94492e-15
 2.22437e-16
-4.41905e-15
-2.08541e-15
 2.96371e-15
 2.22702e-15
 6.15321e-16
 2.62324e-15
 4.65890e-16
-1.11080e-15
-1.61794e-15
-1.76438e-15
-1.94612e-15
-1.39697e-15
-2.16196e-15
 2.73233e-16
-1.53927e-15
-2.67976e-15
-7.76730e-15
 1.85597e-15
-1.89798e-15
-2.90952e-15
-1.84254e-15
-4.93789e-15
-3.14375e-16
-2.37601e-15
-6.44415e-15
-9.43849e-15
 3.18009e-15
-6.36051e-15
 3.46009e-16
-3.68715e-15
-9.70601e-15
-1.06344e-14
-1.04708e-14
-7.50064e-15
-7.43672e-15
-1.03480e-14
 2.46494e-15
 1.75240e-15
 1.62154e-15
 8.29629e-16
 2.99462e-16
 2.52472e-15
-2.77312e-15
 1.84652e-15
-9.47027e-16
 4.26654e-15
 1.71634e-15
 2.01804e-15
 5.65112e-16
 5.49054e-15
 4.16553e-15
 5.50128e-15
 1.97118e-15
-2.19760e-15
 1.26954e-14
 5.36364e-15
 8.47686e-16
 3.22529e-15
 5.75841e-15
 6.52839e-15
 5.96641e-15
 3.26077e-15
-3.82855e-16
 3.74022e-15
-1.99229e-15
-9.83219e-16
 1.01275e-15
 2.00667e-15
-8.90435e-16
 3.24876e-15
 3.41959e-15
-4.23981e-16
-5.54014e-15
 2.02542e-15
-4.21680e-15
 1.26257e-15
-2.70526e-15
-3.82761e-15
-1.31954e-15
 5.23960e-16
 1.01605e-15
-9.09651e-15
 2.12309e-15
-1.81699e-15
-3.97309e-15
-4.67292e-16
 6.58968e-16
 4.56246e-15
 2.33175e-15
 3.86344e-15
 5.19005e-15
 2.14430e-15
 0.00000e+00
 0.00000e+00
 0.00000e+00
 0.00000e+00
 0.00000e+00
 0.00000e+00
 0.00000e+00
 0.00000e+00
 0.00000e+00
 0.00000e+00
 0.00000e+00
 0.00000e+00
 0.00000e+00
 0.00000e+00
 0.00000e+00
 0.00000e+00
 0.00000e+00
 0.00000e+00
 0.00000e+00
 0.00000e+00
 0.00000e+00
 0.00000e+00
 0.00000e+00
 0.00000e+00
 0.00000e+00
 0.00000e+00
 0.00000e+00
 0.00000e+00
 0.00000e+00
 0.00000e+00
 0.00000e+00
 0.00000e+00
 0.00000e+00
 0.00000e+00
 0.00000e+00
 0.00000e+00
 0.00000e+00
 0.00000e+00
 0.00000e+00
 0.00000e+00
 0.00000e+00
 0.00000e+00
 0.00000e+00
 0.00000e+00
 0.00000e+00
 0.00000e+00
 0.00000e+00
 0.00000e+00
 0.00000e+00
 0.00000e+00
 0.00000e+00
 0.00000e+00
 0.00000e+00
 0.00000e+00
 0.00000e+00
 0.00000e+00
 5.46120e-16
 3.88774e-17
 1.61397e-15
 7.90937e-16
-1.13846e-15
 3.25245e-15
-1.05695e-15
 1.01797e-15
-3.12052e-15
 1.14605e-15
-3.04541e-15
-2.82091e-15
-3.97614e-15
-9.82122e-16
 7.83313e-16
-4.25311e-16
-4.20193e-15
-1.14011e-14
 3.47602e-15
-5.70932e-15
-5.48886e-15
-7.31123e-15
-6.46980e-15
-2.40799e-15
-2.91453e-15
-6.86515e-15
-3.70148e-15
 2.76991e-15
-2.00520e-15
-1.39760e-15
-1.73514e-15
-2.08496e-15
-1.37999e-15
 7.50620e-16
-2.03505e-15
-2.15653e-15
-6.44214e-15
 4.82089e-15
 1.06692e-15
-1.43150e-16
-1.30797e-16
-9.16900e-17
-2.40466e-15
-4.59871e-16
 2.09451e-15
-5.85572e-15
 1.10692e-14
-1.46843e-15
-2.04549e-15
-2.80938e-15
-3.52845e-15
-4.40591e-15
-3.93065e-15
-1.11792e-16
 2.33886e-16
-6.70446e-15
 3.42154e-15
 1.45292e-15
 1.90403e-15
 1.31620e-16
-2.94387e-15
 1.66773e-15
-8.00105e-16
-4.23624e-16
-3.25747e-15
 3.33104e-15
-2.02251e-15
 1.72032e-15
 2.99307e-16
-4.63462e-16
 3.15872e-15
 6.90292e-16
-4.98662e-16
-8.57391e-15
 8.65801e-15
 5.06690e-15
 7.30028e-15
 6.81878e-15
 3.42864e-15
 9.62402e-16
 4.51949e-15
 4.87208e-15
 7.98254e-16
 4.95475e-15
-4.61091e-15
-3.59514e-15
-2.19961e-15
 7.03890e-16
 2.72488e-15
 3.31745e-15
 3.61358e-15
 2.67580e-15
-2.80899e-15
 2.82180e-15
-1.50366e-15
 8.36039e-16
-2.57332e-15
-2.11388e-15
-9.39120e-18
 1.81159e-15
 4.48374e-15
-6.42806e-15
 5.64882e-15
-3.38127e-15
-1.16755e-15
-1.43457e-15
 2.84619e-15
 4.42567e-15
 6.18798e-16
-1.67155e-15
 1.43741e-15
-4.58147e-16
 0.00000e+00
 0.00000e+00
 0.00000e+00
 0.00000e+00
 0.00000e+00
 0.00000e+00
 0.00000e+00
 0.00000e+00
 0.00000e+00
 0.00000e+00
 0.00000e+00
 0.00000e+00
 0.00000e+00
 0.00000e+00
 0.00000e+00
 0.00000e+00
 0.00000e+00
 0.00000e+00
 0.00000e+00
 0.00000e+00
 0.00000e+00
 0.00000e+00
 0.00000e+00
 0.00000e+00
 0.00000e+00
 0.00000e+00
 0.00000e+00
 0.00000e+00
 0.00000e+00
 0.00000e+00
 0.00000e+00
 0.00000e+00
 0.00000e+00
 0.00000e+00
 0.00000e+00
 0.00000e+00
 0.00000e+00
 0.00000e+00
 0.00000e+00
 0.00000e+00
 0.00000e+00
 0.00000e+00
 0.00000e+00
 0.00000e+00
 0.00000e+00
 0.00000e+00
 0.00000e+00
 0.00000e+00
 0.00000e+00
 0.00000e+00
 0.00000e+00
 0.00000e+00
 0.00000e+00
 0.00000e+00
 0.00000e+00
 0.00000e+00
-9.31574e-16
 1.14090e-16
 8.46114e-16
-5.60643e-16
-2.18570e-15
 1.72757e-15
-1.62979e-15
 4.09338e-16
-6.27204e-15
-5.99756e-16
 5.63422e-17
-4.94615e-16
-1.75879e-15
-1.05609e-15
 2.87020e-16
 2.53269e-16
-8.46059e-15
-8.72536e-15
 8.75533e-15
-2.49670e-15
-3.91741e-15
-5.34796e-16
-3.18472e-15
-1.88382e-15
-5.38864e-15
-6.49685e-15
-3.07986e-15
 9.01106e-16
-2.64011e-16
-2.17012e-15
-1.99046e-15
 5.78917e-16
-4.59623e-16
 1.61257e-15
-1.20114e-15
 1.88202e-16
-1.76388e-15
 4.81740e-15
-7.79615e-16
 1.91239e-15
-8.86888e-16
 1.10615e-15
-7.77180e-16
-2.19273e-15
 3.94799e-15
-7.74449e-15
 1.12196e-14
 3.51108e-15
 4.01766e-15
-7.27395e-16
-1.72154e-16
 6.73241e-17
 4.63203e-15
 4.69365e-15
 1.84502e-15
 8.04384e-16
 9.35373e-17
 5.33532e-16
 1.58706e-15
-1.60291e-15
-3.23249e-15
 1.85182e-15
-1.64367e-15
-1.13717e-16
-2.74344e-15
 2.41785e-15
-2.06189e-15
-1.89209e-15
-1.30878e-15
-2.86524e-15
-5.62816e-18
 1.59465e-15
-5.33634e-16
-6.98262e-15
 6.60430e-15
-6.64132e-16
 2.37161e-15
 2.95196e-15
 8.08670e-16
-1.27779e-15
-3.42392e-15
-2.54058e-16
 1.78836e-15
 2.22029e-15
-3.87730e-15
-3.94688e-15
-3.92809e-15
-1.34297e-15
 4.93365e-16
-4.28416e-16
 3.13685e-16
 9.77411e-16
-4.32312e-15
 4.09529e-15
 2.54888e-16
 1.76247e-15
 6.88755e-16
-5.15761e-16
-1.19862e-15
-1.62691e-15
 5.83609e-15
-6.05433e-15
 1.21557e-14
 1.84488e-15
-1.02720e-15
 1.08865e-15
 1.14091e-15
 4.78859e-15
 5.07893e-15
 1.26589e-15
-1.57293e-15
-2.77599e-15
 0.00000e+00
 0.00000e+00
 0.00000e+00
 0.00000e+00
 0.00000e+00
 0.00000e+00
 0.00000e+00
 0.00000e+00
 0.00000e+00
 0.00000e+00
 0.00000e+00
 0.00000e+00
 0.00000e+00
 0.00000e+00
 0.00000e+00
 0.00000e+00
 0.00000e+00
 0.00000e+00
 0.00000e+00
 0.00000e+00
 0.00000e+00
 0.00000e+00
 0.00000e+00
 0.00000e+00
 0.00000e+00
 0.00000e+00
 0.00000e+00
 0.00000e+00
 0.00000e+00
 0.00000e+00
 0.00000e+00
 0.00000e+00
 0.00000e+00
 0.00000e+00
 0.00000e+00
 0.00000e+00
 0.00000e+00
 0.00000e+00
 0.00000e+00
 0.00000e+00
 0.00000e+00
 0.00000e+00
 0.00000e+00
 0.00000e+00
 0.00000e+00
 0.00000e+00
 0.00000e+00
 0.00000e+00
 0.00000e+00
 0.00000e+00
 0.00000e+00
 0.00000e+00
 0.00000e+00
 0.00000e+00
 0.00000e+00
 0.00000e+00
-1.08159e-15
-9.32532e-16
-7.46067e-16
 5.01798e-16
 8.32169e-17
 1.77809e-15
 9.18258e-16
 2.80467e-15
-1.91152e-15
 1.42523e-15
-2.56861e-15
 2.70732e-15
 9.27955e-16
-4.50670e-16
-1.71222e-15
-1.52923e-15
 4.60625e-16
-4.13224e-15
 1.01332e-14
 7.26124e-15
-7.71855e-16
 4.68197e-15
 6.21817e-15
 1.98825e-15
-8.00616e-16
 1.62985e-15
-1.14387e-15
-1.82887e-15
-1.95605e-15
-2.61411e-15
-1.58026e-15
-8.67182e-16
-1.95933e-15
 1.35522e-15
-1.94868e-15
-1.42696e-15
-3.95491e-15
 3.28605e-15
-2.25930e-15
-5.96275e-16
-6.43886e-16
-7.91215e-16
 1.44244e-15
-3.14653e-15
-5.55325e-15
-1.27440e-14
-1.19162e-16
-3.01388e-15
 7.09679e-15
-1.58925e-16
-3.26223e-15
-1.62751e-15
-1.95491e-15
-3.47990e-15
 3.89560e-15
 8.68216e-15
-9.37640e-16
-8.58555e-16
-8.49690e-16
-6.02962e-16
-1.70572e-15
 1.54715e-15
-7.10227e-16
 1.71406e-15
-1.46594e-15
 3.64651e-15
 2.60982e-15
-1.24407e-15
-1.97393e-15
-4.22178e-16
-1.83162e-15
 3.58138e-15
 3.92112e-15
 2.65714e-16
 1.13929e-14
 6.96387e-15
-3.50876e-15
 7.39067e-16
 4.32972e-15
 1.92171e-16
-1.68311e-15
-9.49753e-16
-4.35060e-15
-7.71349e-15
-3.97050e-15
-3.96225e-15
-3.81928e-15
-3.09054e-15
-3.86610e-15
-3.87615e-15
-4.04009e-15
-2.41233e-15
-3.48736e-15
 2.09222e-15
-4.27649e-15
 2.37490e-15
 3.39243e-16
-2.80934e-15
-1.82036e-15
-4.69708e-15
-2.09683e-15
-7.95728e-15
 1.02737e-15
-5.27805e-15
-5.55501e-15
-1.72825e-15
 6.11733e-16
 1.60713e-15
 4.28723e-15
 2.74014e-15
 3.25294e-15
 3.27952e-15
 0.00000e+00
 0.00000e+00
 0.00000e+00
 0.00000e+00
 0.00000e+00
 0.00000e+00
 0.00000e+00
 0.00000e+00
 0.00000e+00
 0.00000e+00
 0.00000e+00
 0.00000e+00
 0.00000e+00
 0.00000e+00
 0.00000e+00
 0.00000e+00
 0.00000e+00
 0.00000e+00
 0.00000e+00
 0.00000e+00
 0.00000e+00
 0.00000e+00
 0.00000e+00
 0.00000e+00
 0.00000e+00
 0.00000e+00
 0.00000e+00
 0.00000e+00
 0.00000e+00
 0.00000e+00
 0.00000e+00
 0.00000e+00
 0.00000e+00
 0.00000e+00
 0.00000e+00
 0.00000e+00
 0.00000e+00
 0.00000e+00
 0.00000e+00
 0.00000e+00
 0.00000e+00
 0.00000e+00
 0.00000e+00
 0.00000e+00
 0.00000e+00
 0.00000e+00
 0.00000e+00
 0.00000e+00
 0.00000e+00
 0.00000e+00
 0.00000e+00
 0.00000e+00
 0.00000e+00
 0.00000e+00
 0.00000e+00
 0.00000e+00
 4.73396e-16
-1.34663e-15
-1.94148e-15
 9.31261e-16
 1.69952e-15
 1.13700e-15
 1.86708e-15
 2.51799e-15
-3.08386e-15
 2.30038e-15
-6.55271e-15
-1.99565e-15
 7.64249e-17
-4.71773e-15
-2.23983e-15
-4.98542e-15
-2.53400e-15
-1.31652e-14
-5.54502e-15
 3.40458e-15
-1.59765e-15
-5.93234e-15
-1.49020e-15
-1.97193e-15
-1.79623e-15
-8.90125e-15
-7.63442e-15
-4.99265e-15
-3.61075e-15
-2.10111e-15
 7.95427e-16
-2.77627e-15
-1.02803e-15
 1.68918e-15
-1.84161e-15
 3.11529e-16
-6.98957e-16
 3.44629e-15
 2.55751e-15
 6.20783e-15
 1.80490e-15
 5.77806e-15
 1.69973e-15
 3.43246e-15
 5.40584e-15
-3.29640e-15
 1.19273e-14
 1.47959e-15
 6.33443e-15
 1.16583e-14
 8.67320e-15
 5.33309e-15
 2.10524e-15
 6.00938e-15
 1.47436e-14
 1.69635e-14
-4.03706e-16
-3.05181e-15
-4.13234e-15
-4.97294e-16
-3.99662e-15
-1.66797e-15
 1.51841e-16
-5.94246e-16
-6.75960e-15
 5.50861e-15
-3.27315e-16
-3.95630e-15
-3.09303e-15
-6.13901e-15
-1.29925e-15
-4.20242e-15
-7.92208e-15
-3.80394e-15
 3.34413e-15
 7.38693e-15
-1.11724e-15
-4.68660e-15
-5.96376e-15
-4.37508e-15
-2.36273e-15
-5.36992e-15
-1.16480e-14
-1.78260e-14
-5.24098e-15
-3.97302e-15
-2.59759e-15
-3.50402e-15
-2.46047e-15
-9.95356e-17
-4.24273e-15
-1.06561e-15
 7.98938e-16
 9.23413e-16
-4.19420e-15
 3.04633e-15
-1.27693e-15
-1.02975e-15
-3.88814e-15
-2.68781e-15
 9.03960e-17
-6.83979e-15
-3.61088e-15
-1.04218e-14
-7.25171e-15
-1.77823e-15
 9.17464e-15
 7.08505e-16
 1.89363e-15
 2.97301e-15
 7.25324e-15
 1.00141e-14
 0.00000e+00
 0.00000e+00
 0.00000e+00
 0.00000e+00
 0.00000e+00
 0.00000e+00
 0.00000e+00
 0.00000e+00
 0.00000e+00
 0.00000e+00
 0.00000e+00
 0.00000e+00
 0.00000e+00
 0.00000e+00
 0.00000e+00
 0.00000e+00
 0.00000e+00
 0.00000e+00
 0.00000e+00
 0.00000e+00
 0.00000e+00
 0.00000e+00
 0.00000e+00
 0.00000e+00
 0.00000e+00
 0.00000e+00
 0.00000e+00
 0.00000e+00
 0.00000e+00
 0.00000e+00
 0.00000e+00
 0.00000e+00
 0.00000e+00
 0.00000e+00
 0.00000e+00
 0.00000e+00
 0.00000e+00
 0.00000e+00
 0.00000e+00
 0.00000e+00
 0.00000e+00
 0.00000e+00
 0.00000e+00
 0.00000e+00
 0.00000e+00
 0.00000e+00
 0.00000e+00
 0.00000e+00
 0.00000e+00
 0.00000e+00
 0.00000e+00
 0.00000e+00
 0.00000e+00
 0.00000e+00
 0.00000e+00
 0.00000e+00
 0.00000e+00
 0.00000e+00
 0.00000e+00
 0.00000e+00
 0.00000e+00
 0.00000e+00
 0.00000e+00
 0.00000e+00
 0.00000e+00
 0.00000e+00
 0.00000e+00
 0.00000e+00
 0.00000e+00
 0.00000e+00
 0.00000e+00
 0.00000e+00
 0.00000e+00
 0.00000e+00
 0.00000e+00
 0.00000e+00
 0.00000e+00
 0.00000e+00
 0.00000e+00
 0.00000e+00
 0.00000e+00
 0.00000e+00
 0.00000e+00
 0.00000e+00
 0.00000e+00
 0.00000e+00
 0.00000e+00
 0.00000e+00
 0.00000e+00
 0.00000e+00
 0.00000e+00
 0.00000e+00
 0.00000e+00
 0.00000e+00
 0.00000e+00
 0.00000e+00
 0.00000e+00
 0.00000e+00
 0.00000e+00
 0.00000e+00
 0.00000e+00
 0.00000e+00
 0.00000e+00
 0.00000e+00
 0.00000e+00
 0.00000e+00
 0.00000e+00
 0.00000e+00
 0.00000e+00
 0.00000e+00
 0.00000e+00
 0.00000e+00
 0.00000e+00
 0.00000e+00
 0.00000e+00
 0.00000e+00
 0.00000e+00
 0.00000e+00
 0.00000e+00
 0.00000e+00
 0.00000e+00
 0.00000e+00
 0.00000e+00
 0.00000e+00
 0.00000e+00
 0.00000e+00
 0.00000e+00
 0.00000e+00
 0.00000e+00
 0.00000e+00
 0.00000e+00
 0.00000e+00
 0.00000e+00
 0.00000e+00
 0.00000e+00
 0.00000e+00
 0.00000e+00
 0.00000e+00
 0.00000e+00
 0.00000e+00
 0.00000e+00
 0.00000e+00
 0.00000e+00
 0.00000e+00
 0.00000e+00
 0.00000e+00
 0.00000e+00
 0.00000e+00
 0.00000e+00
 0.00000e+00
 0.00000e+00
 0.00000e+00
 0.00000e+00
 0.00000e+00
 0.00000e+00
 0.00000e+00
 0.00000e+00
 0.00000e+00
 0.00000e+00
 0.00000e+00
 0.00000e+00
 0.00000e+00
 0.00000e+00
 0.00000e+00
 0.00000e+00
 0.00000e+00
 0.00000e+00
 0.00000e+00
 0.00000e+00
 0.00000e+00
 0.00000e+00
 0.00000e+00
 0.00000e+00
 0.00000e+00
 0.00000e+00
 0.00000e+00
 0.00000e+00
 0.00000e+00
 0.00000e+00
 0.00000e+00
 0.00000e+00
 0.00000e+00
 0.00000e+00
 0.00000e+00
 0.00000e+00
 0.00000e+00
 0.00000e+00
 0.00000e+00
 0.00000e+00
 0.00000e+00
 0.00000e+00
 0.00000e+00
 0.00000e+00
 0.00000e+00
 0.00000e+00
 0.00000e+00
 1.46609e-15
 1.99561e-15
 2.71700e-17
-5.13489e-16
 8.78519e-16
-3.26165e-15
 4.04094e-16
-2.08075e-15
-3.12463e-16
-1.71526e-15
 7.60743e-15
-2.98142e-15
 4.19371e-15
-2.31986e-16
-1.66560e-15
 1.44327e-15
-1.76310e-15
 5.81619e-15
-7.96745e-15
 2.51961e-15
 5.86810e-15
-2.14924e-15
-4.16704e-15
 1.22564e-15
 4.02536e-15
-1.74923e-15
 4.99319e-16
-4.56152e-15
 1.16603e-16
 9.56130e-16
-6.28656e-16
-2.61375e-17
 2.90405e-15
-2.36282e-15
 2.09983e-15
-3.92659e-16
 4.67167e-15
-1.49782e-15
 4.89178e-15
-1.90665e-15
 1.44470e-15
 2.43739e-15
-4.19030e-16
-2.66087e-16
 5.43735e-15
 1.07860e-14
-2.86255e-15
 4.07211e-15
 6.01942e-15
-2.09913e-15
 2.37748e-15
 4.79548e-15
 9.58656e-15
 6.69321e-15
 1.63007e-15
-1.66050e-15
-1.21057e-15
-1.49488e-15
-2.75305e-15
-2.95464e-15
 7.09670e-16
-3.76502e-15
 6.47528e-16
-1.94873e-15
-7.10103e-17
-4.64137e-15
 8.01153e-16
-4.86888e-15
 1.26097e-15
-5.90703e-16
 4.16734e-16
-4.61573e-15
 5.27029e-16
 6.50735e-15
-9.07467e-15
-3.85607e-15
 3.76355e-15
-1.10354e-14
-3.58172e-15
 1.32278e-15
 2.25733e-15
 4.05638e-15
 2.81996e-15
-6.61783e-16
 1.39282e-15
 5.25136e-16
-2.87145e-16
-1.33827e-15
-4.63217e-17
-3.98774e-15
-7.79686e-16
-1.60548e-15
 2.32178e-15
-3.99805e-15
 2.87743e-15
-7.38250e-15
 2.82358e-15
-2.23985e-15
-4.06782e-15
-5.22599e-15
-9.70892e-16
 4.74323e-15
-1.01452e-14
-2.65551e-15
 5.69823e-15
-8.94636e-15
-1.90746e-15
-1.19049e-15
-2.86618e-15
 5.95400e-16
 2.28128e-15
 2.09694e-15
-3.73098e-15
-2.32205e-15
-2.74150e-15
-2.86591e-15
-1.93407e-15
-4.91634e-15
-1.08453e-15
-3.00157e-15
 1.68836e-15
-7.87248e-15
 2.25813e-15
-5.10129e-15
-2.25015e-15
-5.83650e-15
-5.88730e-15
-4.97044e-15
-1.45994e-16
 3.47129e-15
-5.93965e-15
-3.02438e-15
 6.10902e-15
-4.42743e-15
 2.13620e-15
-3.22733e-15
-1.52783e-15
 1.34926e-16
-1.41224e-15
 1.85236e-15
-6.51939e-16
 5.14985e-16
 2.23784e-15
 2.88275e-15
 5.71539e-15
 3.82341e-15
 7.05748e-15
 1.41614e-15
 1.87838e-15
-1.12447e-15
 6.26118e-15
 9.36462e-16
 1.43038e-15
-3.15917e-15
 4.44972e-15
 6.97007e-16
-3.72217e-15
 6.07998e-16
-4.56428e-15
-4.37366e-15
 1.08644e-14
-3.82601e-15
 3.27088e-15
-1.21026e-16
 5.16406e-16
-4.31667e-16
 4.11713e-15
 6.16846e-15
-5.60859e-16
-5.30460e-16
-1.52655e-15
 5.02611e-16
 1.65171e-15
-3.37664e-15
 2.88114e-15
 1.20404e-15
 9.95327e-15
-6.49136e-15
-1.50263e-15
-6.38256e-15
-4.47510e-15
-4.69538e-16
-1.95043e-15
 6.99698e-16
 7.06029e-15
 6.76706e-15
-9.05672e-15
 3.37314e-16
 3.87583e-15
-4.38956e-15
 9.23874e-15
 1.56753e-15
 7.06707e-16
 9.31835e-15
 1.50090e-15
-2.89186e-15
-6.62999e-16
-4.91756e-17
-1.13815e-15
-1.79708e-15
 2.48440e-16
-6.15850e-15
-1.24717e-15
-2.24144e-15
 1.84433e-15
-8.96861e-15
-3.86963e-16
-1.13450e-14
-3.98878e-15
-5.38901e-15
-1.99361e-15
-1.84481e-15
-8.38593e-15
-6.32292e-16
-1.90223e-14
-7.78324e-15
 2.51550e-15
-1.13397e-14
-4.88320e-15
-6.52290e-15
-9.43490e-15
-7.97543e-15
-4.58348e-15
-2.97345e-15
 1.91183e-15
 1.23950e-15
 1.94370e-15
-2.11710e-16
 6.23982e-16
-6.08198e-15
-1.92980e-15
 4.69281e-16
 3.65828e-15
-8.12266e-15
 5.82283e-15
-6.27958e-15
-2.28867e-15
 1.31956e-15
-3.07636e-15
 2.24697e-15
-2.61038e-15
 4.17177e-15
-8.27005e-15
 2.64065e-16
 2.24069e-15
-7.49279e-15
 5.96306e-16
-1.17340e-15
-1.45457e-15
-4.08909e-15
-8.05936e-16
 3.56987e-15
-1.30649e-15
 1.63410e-16
 1.73471e-15
 9.21551e-16
 2.39451e-15
-2.58662e-15
 2.28331e-15
-2.10476e-15
 5.97662e-15
-4.45228e-15
 4.09589e-15
-2.62576e-15
-1.88073e-15
 2.06652e-15
-2.25455e-15
 1.79246e-15
 2.23956e-15
 6.25124e-15
-1.52086e-15
 2.88844e-15
 2.70307e-15
-8.19856e-16
 2.23718e-15
 4.29628e-15
 7.32650e-15
 8.05186e-15
 7.58106e-15
 7.29128e-15
-2.71061e-15
-3.74956e-15
-4.66401e-15
-6.03003e-15
-1.96350e-15
-5.85412e-15
-1.48229e-15
-6.58570e-15
-1.93560e-15
-4.83713e-15
-7.53691e-16
-8.86323e-15
-3.65389e-15
-5.42365e-15
-2.92109e-15
-9.32426e-15
-5.92159e-15
 1.05117e-15
-9.16951e-15
-4.22248e-15
 4.18061e-15
-5.06910e-15
-8.22009e-15
-3.56536e-15
-3.23032e-15
-1.15430e-15
 1.64839e-15
 3.53625e-16
 4.75026e-15
 3.47462e-15
 2.10927e-15
-4.73713e-16
 4.72983e-15
 1.82100e-15
 4.13930e-15
 6.18192e-15
 8.12181e-15
 5.84984e-15
 1.12815e-14
 1.26988e-15
 5.49492e-15
 7.87246e-15
 4.95405e-15
-3.13102e-15
 9.58247e-15
 1.39252e-14
 1.02794e-14
 1.53965e-14
 1.53454e-14
 7.87437e-15
 1.04722e-14
 6.28140e-15
 6.64083e-15
 9.84620e-15
 8.20756e-15
 5.24137e-15
 2.47008e-15
 2.00924e-15
 1.41783e-15
-1.78642e-16
-4.76885e-17
-2.55326e-15
-4.85478e-16
-1.96402e-15
-2.63961e-15
-4.65334e-15
 2.13631e-15
-1.08421e-14
 9.53258e-16
-1.52557e-15
 2.82512e-15
-5.89716e-15
 1.45735e-16
-1.76005e-15
-1.40363e-14
-1.44259e-14
 4.09405e-15
-1.86658e-14
-1.31590e-14
-3.18847e-15
 1.29507e-15
-8.35974e-15
-3.24198e-16
 7.35360e-15
 6.97225e-16
 1.19346e-15
 5.01482e-16
-1.04070e-15
 1.78311e-15
-1.57828e-15
 1.77349e-15
 1.11092e-16
 1.91741e-15
-3.10549e-15
 4.64619e-15
-3.47526e-15
 2.05729e-15
 2.15044e-15
-1.69506e-15
-7.06991e-16
 1.02034e-14
 9.58377e-15
-9.05000e-16
-8.69133e-16
 5.27105e-15
-4.39908e-15
 4.48349e-15
 4.02560e-15
 8.25981e-15
 8.68749e-15
 7.43612e-15
 5.69554e-15
-8.85291e-19
-1.27925e-15
-1.50306e-15
-1.71652e-15
 6.22387e-16
-1.77879e-15
 3.74942e-15
-1.33104e-15
 9.30732e-16
-2.40054e-15
 2.23923e-15
-2.96830e-15
 1.85876e-15
-2.10136e-15
-2.67335e-15
-9.77055e-16
-1.17951e-15
 7.81520e-15
-9.06711e-15
 9.33091e-16
 1.22946e-14
 4.47167e-16
 5.88484e-15
 2.73496e-15
 4.19710e-15
 1.03142e-14
 7.75243e-15
 3.99954e-15
-4.16413e-16
-5.12495e-16
 6.52400e-17
 6.00620e-16
 1.44048e-15
-6.39407e-16
 1.81960e-15
 1.36565e-15
 4.73719e-15
-3.81125e-15
 1.71256e-15
-6.37444e-15
 2.26939e-15
-3.09375e-15
-2.63708e-15
 7.93222e-16
-6.49805e-15
 6.72980e-15
-1.61160e-14
-1.38877e-15
 1.02056e-14
-5.35276e-15
 3.60145e-15
 2.06921e-15
-2.18487e-15
-1.49641e-15
 2.18247e-15
 4.12913e-15
-4.14711e-15
-2.33071e-15
-1.92456e-15
-2.25104e-15
-2.34977e-15
-4.59012e-15
-4.98635e-15
-2.57233e-15
 3.10081e-15
-7.40881e-15
 1.05778e-15
-5.79639e-15
-6.30838e-16
-2.81879e-15
-6.98417e-15
 2.23194e-15
-2.89163e-15
 8.32057e-15
-1.01438e-14
-3.26635e-15
-1.31628e-15
-8.57307e-15
 4.44609e-15
 1.77847e-15
-6.48630e-16
-2.84892e-16
 3.09135e-16
 2.70951e-17
 8.07211e-16
 2.23975e-15
 3.90147e-15
 3.21828e-15
 1.11274e-15
-2.96599e-16
 2.60228e-16
-1.45072e-15
 2.19074e-15
 9.39395e-17
 4.89175e-15
 3.68014e-15
 5.83736e-15
 1.08454e-15
 9.16204e-16
 2.51684e-15
-7.39757e-15
 5.05239e-15
-9.29701e-15
-3.22012e-15
 5.05509e-15
-7.08609e-15
 1.19339e-15
 4.88611e-15
 1.01702e-14
 8.33803e-15
 6.68920e-15
 4.84162e-15
 2.27561e-15
 3.38010e-15
 2.45696e-15
 3.69553e-15
 4.83195e-16
-2.90977e-15
 2.37349e-15
 3.37453e-16
 3.79018e-15
-3.80391e-15
 7.89137e-16
 2.52663e-15
-1.76250e-15
 2.03835e-15
 1.19181e-16
 1.01557e-14
-1.24700e-15
 1.83100e-14
 3.57416e-16
 9.88788e-15
 9.50113e-15
 5.42479e-15
 9.28104e-15
 4.33697e-15
 4.46927e-15
 1.27067e-14
 5.40916e-15
 1.36215e-15
 4.04299e-15
 2.18063e-15
 1.03845e-15
 3.36496e-15
 8.40444e-16
-3.76095e-15
 1.06595e-15
-8.49570e-16
 2.91025e-15
-3.92905e-15
-1.72035e-15
-3.01244e-15
-2.31178e-15
-1.51837e-15
 8.24601e-16
 4.10455e-15
-4.26630e-15
 1.06463e-14
-1.07222e-14
 4.18508e-15
 9.62529e-15
-3.65123e-15
-4.24131e-16
 4.44926e-16
 2.85106e-15
 2.32053e-15
-4.00007e-16
-1.73045e-15
 2.85913e-15
 1.96484e-15
 2.73333e-15
 1.91276e-15
 6.20849e-16
-3.19025e-15
 1.06042e-15
 7.28161e-16
 4.65995e-15
-5.47158e-15
 6.23774e-16
-4.22500e-15
-1.10921e-15
 6.98293e-16
 2.42496e-15
 3.50519e-15
 5.12978e-15
 1.17921e-14
-8.04598e-15
 4.37622e-15
 9.21909e-15
-1.95896e-15
 1.95905e-15
 3.49338e-15
 5.01042e-15
 2.58026e-15
 3.83992e-15
 4.85363e-15
 3.34331e-15
 3.73148e-15
 3.03743e-15
 1.33215e-15
 2.17675e-15
-2.31921e-15
 2.74411e-15
-8.72111e-16
 5.35337e-15
-3.65035e-15
 2.88687e-15
 6.88452e-16
 2.20693e-15
 3.42671e-15
 2.06241e-15
 3.66033e-15
 4.71755e-15
 1.39386e-14
-1.58224e-15
 7.48313e-15
 1.17739e-14
 1.67112e-15
 5.94579e-15
 7.70200e-15
 7.95049e-15
 8.04994e-15
 5.32730e-15
 2.72456e-15
-1.19027e-15
-2.99287e-15
-3.81782e-15
-3.89106e-15
-2.90607e-15
-4.25445e-15
 4.40142e-16
-4.92069e-15
 2.86568e-16
-5.12320e-15
-2.30073e-15
-4.02914e-15
-3.20739e-15
-3.93532e-15
-1.40368e-15
-3.88756e-15
-7.67746e-15
 5.20949e-15
-1.03603e-14
 8.35965e-16
 1.07445e-14
-4.14747e-15
-1.11144e-15
-2.02086e-16
 1.32883e-15
 2.07665e-15
 2.44588e-16
-3.42647e-15
 4.83797e-15
 3.58185e-15
 3.58795e-15
 3.66277e-16
 2.36378e-15
 4.04883e-15
 5.04396e-15
 4.15243e-15
 9.54832e-15
 2.56760e-15
 4.52555e-15
 2.71948e-15
 2.73300e-15
 4.05188e-15
 3.79089e-15
 2.12743e-15
-1.41366e-16
 1.04225e-14
-2.35724e-15
 4.30703e-15
 1.39111e-14
 4.82592e-15
 1.31087e-14
 6.09534e-15
 5.80814e-15
 9.42728e-15
 1.26496e-14
 1.04924e-14
 0.00000e+00
 0.00000e+00
 0.00000e+00
 0.00000e+00
 0.00000e+00
 0.00000e+00
 0.00000e+00
 0.00000e+00
 0.00000e+00
 0.00000e+00
 0.00000e+00
 0.00000e+00
 0.00000e+00
 0.00000e+00
 0.00000e+00
 0.00000e+00
 0.00000e+00
 0.00000e+00
 0.00000e+00
 0.00000e+00
 0.00000e+00
 0.00000e+00
 0.00000e+00
 0.00000e+00
 0.00000e+00
 0.00000e+00
 0.00000e+00
 0.00000e+00
 0.00000e+00
 0.00000e+00
 0.00000e+00
 0.00000e+00
 0.00000e+00
 0.00000e+00
 0.00000e+00
 0.00000e+00
 0.00000e+00
 0.00000e+00
 0.00000e+00
 0.00000e+00
 0.00000e+00
 0.00000e+00
 0.00000e+00
 0.00000e+00
 0.00000e+00
 0.00000e+00
 0.00000e+00
 0.00000e+00
 0.00000e+00
 0.00000e+00
 0.00000e+00
 0.00000e+00
 0.00000e+00
 0.00000e+00
 0.00000e+00
 0.00000e+00
 0.00000e+00
 0.00000e+00
 0.00000e+00
 0.00000e+00
 0.00000e+00
 0.00000e+00
 0.00000e+00
 0.00000e+00
 0.00000e+00
 0.00000e+00
 0.00000e+00
 0.00000e+00
 0.00000e+00
 0.00000e+00
 0.00000e+00
 0.00000e+00
 0.00000e+00
 0.00000e+00
 0.00000e+00
 0.00000e+00
 0.00000e+00
 0.00000e+00
 0.00000e+00
 0.00000e+00
 0.00000e+00
 0.00000e+00
 0.00000e+00
 0.00000e+00
 0.00000e+00
 0.00000e+00
 0.00000e+00
 0.00000e+00
 0.00000e+00
 0.00000e+00
 0.00000e+00
 0.00000e+00
 0.00000e+00
 0.00000e+00
 0.00000e+00
 0.00000e+00
 0.00000e+00
 0.00000e+00
 0.00000e+00
 0.00000e+00
 0.00000e+00
 0.00000e+00
 0.00000e+00
 0.00000e+00
 0.00000e+00
 0.00000e+00
 0.00000e+00
 0.00000e+00
 0.00000e+00
 0.00000e+00
 0.00000e+00
 0.00000e+00
 0.00000e+00
 0.00000e+00
 0.00000e+00
 0.00000e+00
 0.00000e+00
 0.00000e+00
 0.00000e+00
 0.00000e+00
 0.00000e+00
 0.00000e+00
 0.00000e+00
 0.00000e+00
 0.00000e+00
 0.00000e+00
 0.00000e+00
 0.00000e+00
 0.00000e+00
 0.00000e+00
 0.00000e+00
 0.00000e+00
 0.00000e+00
 0.00000e+00
 0.00000e+00
 0.00000e+00
 0.00000e+00
 0.00000e+00
 0.00000e+00
 0.00000e+00
 0.00000e+00
 0.00000e+00
 0.00000e+00
 0.00000e+00
 0.00000e+00
 0.00000e+00
 0.00000e+00
 0.00000e+00
 0.00000e+00
 0.00000e+00
 0.00000e+00
 0.00000e+00
 0.00000e+00
 0.00000e+00
 0.00000e+00
 0.00000e+00
 0.00000e+00
 0.00000e+00
 0.00000e+00
 0.00000e+00
 0.00000e+00
 0.00000e+00
 0.00000e+00
 0.00000e+00
 0.00000e+00
 0.00000e+00
 0.00000e+00
 0.00000e+00
part
         2
coordinates
 1.75303e-03
 5.16735e-03
 1.29642e-02
 2.75337e-02
 4.99080e-02
 7.90388e-02
 1.12861e-01
 1.49598e-01
 1.88120e-01
 2.27800e-01
 2.68262e-01
 3.09297e-01
 3.50836e-01
 3.92904e-01
 4.35560e-01
 4.77461e-01
 5.17185e-01
 5.56821e-01
 5.95179e-01
 6.32769e-01
 6.70198e-01
 7.05650e-01
 7.40925e-01
 7.74985e-01
 8.07721e-01
 8.39246e-01
 8.66849e-01
 8.89886e-01
 9.08304e-01
 9.19850e-01
 1.75303e-03
 5.16735e-03
 1.29642e-02
 2.75337e-02
 4.99080e-02
 7.90388e-02
 1.12861e-01
 1.49598e-01
 1.88120e-01
 2.27800e-01
 2.68262e-01
 3.09297e-01
 3.50836e-01
 3.92904e-01
 4.35560e-01
 4.77461e-01
 5.17185e-01
 5.56821e-01
 5.95179e-01
 6.32769e-01
 6.70198e-01
 7.05650e-01
 7.40925e-01
 7.74985e-01
 8.07721e-01
 8.39246e-01
 8.66849e-01
 8.89886e-01
 9.08304e-01
 9.19850e-01
 1.75303e-03
 5.16735e-03
 1.29642e-02
 2.75337e-02
 4.99080e-02
 7.90388e-02
 1.12861e-01
 1.49598e-01
 1.88120e-01
 2.27800e-01
 2.68262e-01
 3.09297e-01
 3.50836e-01
 3.92904e-01
 4.35560e-01
 4.77461e-01
 5.17185e-01
 5.56821e-01
 5.95179e-01
 6.32769e-01
 6.70198e-01
 7.05650e-01
 7.40925e-01
 7.74985e-01
 8.07721e-01
 8.39246e-01
 8.66849e-01
 8.89886e-01
 9.08304e-01
 9.19850e-01
 1.75303e-03
 5.16735e-03
 1.29642e-02
 2.75337e-02
 4.99080e-02
 7.90388e-02
 1.12861e-01
 1.49598e-01
 1.88120e-01
 2.27800e-01
 2.68262e-01
 3.09297e-01
 3.50836e-01
 3.92904e-01
 4.35560e-01
 4.77461e-01
 5.17185e-01
 5.56821e-01
 5.95179e-01
 6.32769e-01
 6.70198e-01
 7.05650e-01
 7.40925e-01
 7.74985e-01
 8.07721e-01
 8.39246e-01
 8.66849e-01
 8.89886e-01
 9.08304e-01
 9.19850e-01
 1.75303e-03
 5.16735e-03
 1.29642e-02
 2.75337e-02
 4.99080e-02
 7.90388e-02
 1.12861e-01
 1.49598e-01
 1.88120e-01
 2.27800e-01
 2.68262e-01
 3.09297e-01
 3.50836e-01
 3.92904e-01
 4.35560e-01
 4.77461e-01
 5.17185e-01
 5.56821e-01
 5.95179e-01
 6.32769e-01
 6.70198e-01
 7.05650e-01
 7.40925e-01
 7.74985e-01
 8.07721e-01
 8.39246e-01
 8.66849e-01
 8.89886e-01
 9.08304e-01
 9.19850e-01
 1.75303e-03
 5.16735e-03
 1.29642e-02
 2.75337e-02
 4.99080e-02
 7.90388e-02
 1.12861e-01
 1.49598e-01
 1.88120e-01
 2.27800e-01
 2.68262e-01
 3.09297e-01
 3.50836e-01
 3.92904e-01
 4.35560e-01
 4.77461e-01
 5.17185e-01
 5.56821e-01
 5.95179e-01
 6.32769e-01
 6.70198e-01
 7.05650e-01
 7.40925e-01
 7.74985e-01
 8.07721e-01
 8.39246e-01
 8.66849e-01
 8.89886e-01
 9.08304e-01
 9.19850e-01
 1.75303e-03
 5.16735e-03
 1.29642e-02
 2.75337e-02
 4.99080e-02
 7.90388e-02
 1.12861e-01
 1.49598e-01
 1.88120e-01
 2.27800e-01
 2.68262e-01
 3.09297e-01
 3.50836e-01
 3.92904e-01
 4.35560e-01
 4.77461e-01
 5.17185e-01
 5.56821e-01
 5.95179e-01
 6.32769e-01
 6.70198e-01
 7.05650e-01
 7.40925e-01
 7.74985e-01
 8.07721e-01
 8.39246e-01
 8.66849e-01
 8.89886e-01
 9.08304e-01
 9.19850e-01
 1.75303e-03
 5.16735e-03
 1.29642e-02
 2.75337e-02
 4.99080e-02
 7.90388e-02
 1.12861e-01
 1.49598e-01
 1.88120e-01
 2.27800e-01
 2.68262e-01
 3.09297e-01
 3.50836e-01
 3.92904e-01
 4.35560e-01
 4.77461e-01
 5.17185e-01
 5.56821e-01
 5.95179e-01
 6.32769e-01
 6.70198e-01
 7.05650e-01
 7.40925e-01
 7.74985e-01
 8.07721e-01
 8.39246e-01
 8.66849e-01
 8.89886e-01
 9.08304e-01
 9.19850e-01
 1.75303e-03
 5.16735e-03
 1.29642e-02
 2.75337e-02
 4.99080e-02
 7.90388e-02
 1.12861e-01
 1.49598e-01
 1.88120e-01
 2.27800e-01
 2.68262e-01
 3.09297e-01
 3.50836e-01
 3.92904e-01
 4.35560e-01
 4.77461e-01
 5.17185e-01
 5.56821e-01
 5.95179e-01
 6.32769e-01
 6.70198e-01
 7.05650e-01
 7.40925e-01
 7.74985e-01
 8.07721e-01
 8.39246e-01
 8.66849e-01
 8.89886e-01
 9.08304e-01
 9.19850e-01
 1.75303e-03
 5.16735e-03
 1.29642e-02
 2.75337e-02
 4.99080e-02
 7.90388e-02
 1.12861e-01
 1.49598e-01
 1.88120e-01
 2.27800e-01
 2.68262e-01
 3.09297e-01
 3.50836e-01
 3.92904e-01
 4.35560e-01
 4.77461e-01
 5.17185e-01
 5.56821e-01
 5.95179e-01
 6.32769e-01
 6.70198e-01
 7.05650e-01
 7.40925e-01
 7.74985e-01
 8.07721e-01
 8.39246e-01
 8.66849e-01
 8.89886e-01
 9.08304e-01
 9.19850e-01
 1.75303e-03
 5.16735e-03
 1.29642e-02
 2.75337e-02
 4.99080e-02
 7.90388e-02
 1.12861e-01
 1.49598e-01
 1.88120e-01
 2.27800e-01
 2.68262e-01
 3.09297e-01
 3.50836e-01
 3.92904e-01
 4.35560e-01
 4.77461e-01
 5.17185e-01
 5.56821e-01
 5.95179e-01
 6.32769e-01
 6.70198e-01
 7.05650e-01
 7.40925e-01
 7.74985e-01
 8.07721e-01
 8.39246e-01
 8.66849e-01
 8.89886e-01
 9.08304e-01
 9.19850e-01
 1.75303e-03
 5.16735e-03
 1.29642e-02
 2.75337e-02
 4.99080e-02
 7.90388e-02
 1.12861e-01
 1.49598e-01
 1.88120e-01
 2.27800e-01
 2.68262e-01
 3.09297e-01
 3.50836e-01
 3.92904e-01
 4.35560e-01
 4.77461e-01
 5.17185e-01
 5.56821e-01
 5.95179e-01
 6.32769e-01
 6.70198e-01
 7.05650e-01
 7.40925e-01
 7.74985e-01
 8.07721e-01
 8.39246e-01
 8.66849e-01
 8.89886e-01
 9.08304e-01
 9.19850e-01
 1.75303e-03
 5.16735e-03
 1.29642e-02
 2.75337e-02
 4.99080e-02
 7.90388e-02
 1.12861e-01
 1.49598e-01
 1.88120e-01
 2.27800e-01
 2.68262e-01
 3.09297e-01
 3.50836e-01
 3.92904e-01
 4.35560e-01
 4.77461e-01
 5.17185e-01
 5.56821e-01
 5.95179e-01
 6.32769e-01
 6.70198e-01
 7.05650e-01
 7.40925e-01
 7.74985e-01
 8.07721e-01
 8.39246e-01
 8.66849e-01
 8.89886e-01
 9.08304e-01
 9.19850e-01
 1.75303e-03
 5.16735e-03
 1.29642e-02
 2.75337e-02
 4.99080e-02
 7.90388e-02
 1.12861e-01
 1.49598e-01
 1.88120e-01
 2.27800e-01
 2.68262e-01
 3.09297e-01
 3.50836e-01
 3.92904e-01
 4.35560e-01
 4.77461e-01
 5.17185e-01
 5.56821e-01
 5.95179e-01
 6.32769e-01
 6.70198e-01
 7.05650e-01
 7.40925e-01
 7.74985e-01
 8.07721e-01
 8.39246e-01
 8.66849e-01
 8.89886e-01
 9.08304e-01
 9.19850e-01
 1.75303e-03
 5.16735e-03
 1.29642e-02
 2.75337e-02
 4.99080e-02
 7.90388e-02
 1.12861e-01
 1.49598e-01
 1.88120e-01
 2.27800e-01
 2.68262e-01
 3.09297e-01
 3.50836e-01
 3.92904e-01
 4.35560e-01
 4.77461e-01
 5.17185e-01
 5.56821e-01
 5.95179e-01
 6.32769e-01
 6.70198e-01
 7.05650e-01
 7.40925e-01
 7.74985e-01
 8.07721e-01
 8.39246e-01
 8.66849e-01
 8.89886e-01
 9.08304e-01
 9.19850e-01
 1.75303e-03
 5.16735e-03
 1.29642e-02
 2.75337e-02
 4.99080e-02
 7.90388e-02
 1.12861e-01
 1.49598e-01
 1.88120e-01
 2.27800e-01
 2.68262e-01
 3.09297e-01
 3.50836e-01
 3.92904e-01
 4.35560e-01
 4.77461e-01
 5.17185e-01
 5.56821e-01
 5.95179e-01
 6.32769e-01
 6.70198e-01
 7.05650e-01
 7.40925e-01
 7.74985e-01
 8.07721e-01
 8.39246e-01
 8.66849e-01
 8.89886e-01
 9.08304e-01
 9.19850e-01
 1.75303e-03
 5.16735e-03
 1.29642e-02
 2.75337e-02
 4.99080e-02
 7.90388e-02
 1.12861e-01
 1.49598e-01
 1.88120e-01
 2.27800e-01
 2.68262e-01
 3.09297e-01
 3.50836e-01
 3.92904e-01
 4.35560e-01
 4.77461e-01
 5.17185e-01
 5.56821e-01
 5.95179e-01
 6.32769e-01
 6.70198e-01
 7.05650e-01
 7.40925e-01
 7.74985e-01
 8.07721e-01
 8.39246e-01
 8.66849e-01
 8.89886e-01
 9.08304e-01
 9.19850e-01
 1.75303e-03
 5.16735e-03
 1.29642e-02
 2.75337e-02
 4.99080e-02
 7.90388e-02
 1.12861e-01
 1.49598e-01
 1.88120e-01
 2.27800e-01
 2.68262e-01
 3.09297e-01
 3.50836e-01
 3.92904e-01
 4.35560e-01
 4.77461e-01
 5.17185e-01
 5.56821e-01
 5.95179e-01
 6.32769e-01
 6.70198e-01
 7.05650e-01
 7.40925e-01
 7.74985e-01
 8.07721e-01
 8.39246e-01
 8.66849e-01
 8.89886e-01
 9.08304e-01
 9.19850e-01
 1.75303e-03
 5.16735e-03
 1.29642e-02
 2.75337e-02
 4.99080e-02
 7.90388e-02
 1.12861e-01
 1.49598e-01
 1.88120e-01
 2.27800e-01
 2.68262e-01
 3.09297e-01
 3.50836e-01
 3.92904e-01
 4.35560e-01
 4.77461e-01
 5.17185e-01
 5.56821e-01
 5.95179e-01
 6.32769e-01
 6.70198e-01
 7.05650e-01
 7.40925e-01
 7.74985e-01
 8.07721e-01
 8.39246e-01
 8.66849e-01
 8.89886e-01
 9.08304e-01
 9.19850e-01
 1.75303e-03
 5.16735e-03
 1.29642e-02
 2.75337e-02
 4.99080e-02
 7.90388e-02
 1.12861e-01
 1.49598e-01
 1.88120e-01
 2.27800e-01
 2.68262e-01
 3.09297e-01
 3.50836e-01
 3.92904e-01
 4.35560e-01
 4.77461e-01
 5.17185e-01
 5.56821e-01
 5.95179e-01
 6.32769e-01
 6.70198e-01
 7.05650e-01
 7.40925e-01
 7.74985e-01
 8.07721e-01
 8.39246e-01
 8.66849e-01
 8.89886e-01
 9.08304e-01
 9.19850e-01
 1.75303e-03
 5.16735e-03
 1.29642e-02
 2.75337e-02
 4.99080e-02
 7.90388e-02
 1.12861e-01
 1.49598e-01
 1.88120e-01
 2.27800e-01
 2.68262e-01
 3.09297e-01
 3.50836e-01
 3.92904e-01
 4.35560e-01
 4.77461e-01
 5.17185e-01
 5.56821e-01
 5.95179e-01
 6.32769e-01
 6.70198e-01
 7.05650e-01
 7.40925e-01
 7.74985e-01
 8.07721e-01
 8.39246e-01
 8.66849e-01
 8.89886e-01
 9.08304e-01
 9.19850e-01
 1.75303e-03
 5.16735e-03
 1.29642e-02
 2.75337e-02
 4.99080e-02
 7.90388e-02
 1.12861e-01
 1.49598e-01
 1.88120e-01
 2.27800e-01
 2.68262e-01
 3.09297e-01
 3.50836e-01
 3.92904e-01
 4.35560e-01
 4.77461e-01
 5.17185e-01
 5.56821e-01
 5.95179e-01
 6.32769e-01
 6.70198e-01
 7.05650e-01
 7.40925e-01
 7.74985e-01
 8.07721e-01
 8.39246e-01
 8.66849e-01
 8.89886e-01
 9.08304e-01
 9.19850e-01
 1.75303e-03
 5.16735e-03
 1.29642e-02
 2.75337e-02
 4.99080e-02
 7.90388e-02
 1.12861e-01
 1.49598e-01
 1.88120e-01
 2.27800e-01
 2.68262e-01
 3.09297e-01
 3.50836e-01
 3.92904e-01
 4.35560e-01
 4.77461e-01
 5.17185e-01
 5.56821e-01
 5.95179e-01
 6.32769e-01
 6.70198e-01
 7.05650e-01
 7.40925e-01
 7.74985e-01
 8.07721e-01
 8.39246e-01
 8.66849e-01
 8.89886e-01
 9.08304e-01
 9.19850e-01
 1.75303e-03
 5.16735e-03
 1.29642e-02
 2.75337e-02
 4.99080e-02
 7.90388e-02
 1.12861e-01
 1.49598e-01
 1.88120e-01
 2.27800e-01
 2.68262e-01
 3.09297e-01
 3.50836e-01
 3.92904e-01
 4.35560e-01
 4.77461e-01
 5.17185e-01
 5.56821e-01
 5.95179e-01
 6.32769e-01
 6.70198e-01
 7.05650e-01
 7.40925e-01
 7.74985e-01
 8.07721e-01
 8.39246e-01
 8.66849e-01
 8.89886e-01
 9.08304e-01
 9.19850e-01
 1.75303e-03
 5.16735e-03
 1.29642e-02
 2.75337e-02
 4.99080e-02
 7.90388e-02
 1.12861e-01
 1.49598e-01
 1.88120e-01
 2.27800e-01
 2.68262e-01
 3.09297e-01
 3.50836e-01
 3.92904e-01
 4.35560e-01
 4.77461e-01
 5.17185e-01
 5.56821e-01
 5.95179e-01
 6.32769e-01
 6.70198e-01
 7.05650e-01
 7.40925e-01
 7.74985e-01
 8.07721e-01
 8.39246e-01
 8.66849e-01
 8.89886e-01
 9.08304e-01
 9.19850e-01
 1.75303e-03
 5.16735e-03
 1.29642e-02
 2.75337e-02
 4.99080e-02
 7.90388e-02
 1.12861e-01
 1.49598e-01
 1.88120e-01
 2.27800e-01
 2.68262e-01
 3.09297e-01
 3.50836e-01
 3.92904e-01
 4.35560e-01
 4.77461e-01
 5.17185e-01
 5.56821e-01
 5.95179e-01
 6.32769e-01
 6.70198e-01
 7.05650e-01
 7.40925e-01
 7.74985e-01
 8.07721e-01
 8.39246e-01
 8.66849e-01
 8.89886e-01
 9.08304e-01
 9.19850e-01
 1.75303e-03
 5.16735e-03
 1.29642e-02
 2.75337e-02
 4.99080e-02
 7.90388e-02
 1.12861e-01
 1.49598e-01
 1.88120e-01
 2.27800e-01
 2.68262e-01
 3.09297e-01
 3.50836e-01
 3.92904e-01
 4.35560e-01
 4.77461e-01
 5.17185e-01
 5.56821e-01
 5.95179e-01
 6.32769e-01
 6.70198e-01
 7.05650e-01
 7.40925e-01
 7.74985e-01
 8.07721e-01
 8.39246e-01
 8.66849e-01
 8.89886e-01
 9.08304e-01
 9.19850e-01
 1.75303e-03
 5.16735e-03
 1.29642e-02
 2.75337e-02
 4.99080e-02
 7.90388e-02
 1.12861e-01
 1.49598e-01
 1.88120e-01
 2.27800e-01
 2.68262e-01
 3.09297e-01
 3.50836e-01
 3.92904e-01
 4.35560e-01
 4.77461e-01
 5.17185e-01
 5.56821e-01
 5.95179e-01
 6.32769e-01
 6.70198e-01
 7.05650e-01
 7.40925e-01
 7.74985e-01
 8.07721e-01
 8.39246e-01
 8.66849e-01
 8.89886e-01
 9.08304e-01
 9.19850e-01
 1.75303e-03
 5.16735e-03
 1.29642e-02
 2.75337e-02
 4.99080e-02
 7.90388e-02
 1.12861e-01
 1.49598e-01
 1.88120e-01
 2.27800e-01
 2.68262e-01
 3.09297e-01
 3.50836e-01
 3.92904e-01
 4.35560e-01
 4.77461e-01
 5.17185e-01
 5.56821e-01
 5.95179e-01
 6.32769e-01
 6.70198e-01
 7.05650e-01
 7.40925e-01
 7.74985e-01
 8.07721e-01
 8.39246e-01
 8.66849e-01
 8.89886e-01
 9.08304e-01
 9.19850e-01
 1.75303e-03
 5.16735e-03
 1.29642e-02
 2.75337e-02
 4.99080e-02
 7.90388e-02
 1.12861e-01
 1.49598e-01
 1.88120e-01
 2.27800e-01
 2.68262e-01
 3.09297e-01
 3.50836e-01
 3.92904e-01
 4.35560e-01
 4.77461e-01
 5.17185e-01
 5.56821e-01
 5.95179e-01
 6.32769e-01
 6.70198e-01
 7.05650e-01
 7.40925e-01
 7.74985e-01
 8.07721e-01
 8.39246e-01
 8.66849e-01
 8.89886e-01
 9.08304e-01
 9.19850e-01
 1.75303e-03
 5.16735e-03
 1.29642e-02
 2.75337e-02
 4.99080e-02
 7.90388e-02
 1.12861e-01
 1.49598e-01
 1.88120e-01
 2.27800e-01
 2.68262e-01
 3.09297e-01
 3.50836e-01
 3.92904e-01
 4.35560e-01
 4.77461e-01
 5.17185e-01
 5.56821e-01
 5.95179e-01
 6.32769e-01
 6.70198e-01
 7.05650e-01
 7.40925e-01
 7.74985e-01
 8.07721e-01
 8.39246e-01
 8.66849e-01
 8.89886e-01
 9.08304e-01
 9.19850e-01
 1.75303e-03
 5.16735e-03
 1.29642e-02
 2.75337e-02
 4.99080e-02
 7.90388e-02
 1.12861e-01
 1.49598e-01
 1.88120e-01
 2.27800e-01
 2.68262e-01
 3.09297e-01
 3.50836e-01
 3.92904e-01
 4.35560e-01
 4.77461e-01
 5.17185e-01
 5.56821e-01
 5.95179e-01
 6.32769e-01
 6.70198e-01
 7.05650e-01
 7.40925e-01
 7.74985e-01
 8.07721e-01
 8.39246e-01
 8.66849e-01
 8.89886e-01
 9.08304e-01
 9.19850e-01
 1.75303e-03
 5.16735e-03
 1.29642e-02
 2.75337e-02
 4.99080e-02
 7.90388e-02
 1.12861e-01
 1.49598e-01
 1.88120e-01
 2.27800e-01
 2.68262e-01
 3.09297e-01
 3.50836e-01
 3.92904e-01
 4.35560e-01
 4.77461e-01
 5.17185e-01
 5.56821e-01
 5.95179e-01
 6.32769e-01
 6.70198e-01
 7.05650e-01
 7.40925e-01
 7.74985e-01
 8.07721e-01
 8.39246e-01
 8.66849e-01
 8.89886e-01
 9.08304e-01
 9.19850e-01
 1.75303e-03
 5.16735e-03
 1.29642e-02
 2.75337e-02
 4.99080e-02
 7.90388e-02
 1.12861e-01
 1.49598e-01
 1.88120e-01
 2.27800e-01
 2.68262e-01
 3.09297e-01
 3.50836e-01
 3.92904e-01
 4.35560e-01
 4.77461e-01
 5.17185e-01
 5.56821e-01
 5.95179e-01
 6.32769e-01
 6.70198e-01
 7.05650e-01
 7.40925e-01
 7.74985e-01
 8.07721e-01
 8.39246e-01
 8.66849e-01
 8.89886e-01
 9.08304e-01
 9.19850e-01
 1.75303e-03
 5.16735e-03
 1.29642e-02
 2.75337e-02
 4.99080e-02
 7.90388e-02
 1.12861e-01
 1.49598e-01
 1.88120e-01
 2.27800e-01
 2.68262e-01
 3.09297e-01
 3.50836e-01
 3.92904e-01
 4.35560e-01
 4.77461e-01
 5.17185e-01
 5.56821e-01
 5.95179e-01
 6.32769e-01
 6.70198e-01
 7.05650e-01
 7.40925e-01
 7.74985e-01
 8.07721e-01
 8.39246e-01
 8.66849e-01
 8.89886e-01
 9.08304e-01
 9.19850e-01
 1.75303e-03
 5.16735e-03
 1.29642e-02
 2.75337e-02
 4.99080e-02
 7.90388e-02
 1.12861e-01
 1.49598e-01
 1.88120e-01
 2.27800e-01
 2.68262e-01
 3.09297e-01
 3.50836e-01
 3.92904e-01
 4.35560e-01
 4.77461e-01
 5.17185e-01
 5.56821e-01
 5.95179e-01
 6.32769e-01
 6.70198e-01
 7.05650e-01
 7.40925e-01
 7.74985e-01
 8.07721e-01
 8.39246e-01
 8.66849e-01
 8.89886e-01
 9.08304e-01
 9.19850e-01
 0.00000e+00
 0.00000e+00
 0.00000e+00
 0.00000e+00
 0.00000e+00
 0.00000e+00
 0.00000e+00
 0.00000e+00
 0.00000e+00
 0.00000e+00
 0.00000e+00
 0.00000e+00
 0.00000e+00
 0.00000e+00
 0.00000e+00
 0.00000e+00
 0.00000e+00
 0.00000e+00
 0.00000e+00
 0.00000e+00
 0.00000e+00
 0.00000e+00
 0.00000e+00
 0.00000e+00
 0.00000e+00
 0.00000e+00
 0.00000e+00
 0.00000e+00
 0.00000e+00
 0.00000e+00
-1.69936e-15
-6.04351e-15
-5.72887e-15
-9.44445e-16
-4.48451e-15
-1.12396e-14
-1.22812e-14
-4.53865e-15
 2.44615e-15
-3.40349e-16
-1.15899e-15
-7.14957e-16
 3.21037e-15
 3.94009e-15
 1.28549e-15
 1.20574e-15
 4.29345e-15
 9.27958e-15
 1.28056e-14
 1.54640e-14
 1.41572e-14
 7.61754e-15
 2.84326e-15
 2.63539e-15
 9.73962e-16
-2.29819e-15
-1.18057e-15
 5.40814e-15
 1.54099e-14
 1.56267e-14
-2.15155e-15
 1.50096e-15
 5.03281e-15
-6.66487e-15
-7.52638e-15
-2.58138e-15
 2.98391e-15
-1.92629e-15
-4.71094e-15
 2.39665e-15
 9.81619e-15
 7.20598e-15
 7.46111e-15
 9.59542e-15
 1.16002e-14
 9.75707e-15
 4.29728e-15
 4.39338e-15
 7.93480e-15
 1.17464e-14
 1.87365e-14
 1.97141e-14
 1.48072e-14
 4.25082e-15
-6.04148e-16
 1.19366e-15
 4.69328e-15
 2.75463e-15
-2.85375e-15
-2.42632e-15
 2.84304e-15
-3.13983e-15
-6.03923e-15
-1.03405e-15
-6.15649e-16
-3.60947e-15
-9.08882e-15
-1.12555e-14
-2.65174e-15
-3.24355e-15
-5.12021e-15
-8.36303e-15
-5.95512e-15
-2.36114e-15
 2.39464e-16
 4.65534e-15
 6.88382e-15
 4.35471e-15
 1.90258e-16
-3.07877e-15
-3.70493e-15
 1.88277e-16
 1.13608e-14
 1.44504e-14
 1.30195e-14
 1.01705e-14
 5.92000e-15
 4.57696e-15
 5.32762e-15
 8.15219e-15
 8.40824e-15
 6.64380e-15
 1.11399e-14
 7.52787e-15
 4.20183e-15
 4.72684e-15
 7.23924e-15
 6.39415e-15
-8.41183e-16
-3.85588e-16
 9.01629e-17
-1.12806e-15
-3.35359e-15
-3.58881e-15
-3.26573e-16
-8.20367e-16
-4.47287e-15
-6.19326e-15
-4.42468e-15
-2.57968e-15
-1.74645e-15
-5.66024e-15
-1.50251e-14
-1.34863e-14
-4.64983e-15
-2.18212e-15
-3.35238e-15
-2.64339e-15
-2.60965e-15
-5.59356e-15
 0.00000e+00
 0.00000e+00
 0.00000e+00
 0.00000e+00
 0.00000e+00
 0.00000e+00
 0.00000e+00
 0.00000e+00
 0.00000e+00
 0.00000e+00
 0.00000e+00
 0.00000e+00
 0.00000e+00
 0.00000e+00
 0.00000e+00
 0.00000e+00
 0.00000e+00
 0.00000e+00
 0.00000e+00
 0.00000e+00
 0.00000e+00
 0.00000e+00
 0.00000e+00
 0.00000e+00
 0.00000e+00
 0.00000e+00
 0.00000e+00
 0.00000e+00
 0.00000e+00
 0.00000e+00
 0.00000e+00
 0.00000e+00
 0.00000e+00
 0.00000e+00
 0.00000e+00
 0.00000e+00
 0.00000e+00
 0.00000e+00
 0.00000e+00
 0.00000e+00
 0.00000e+00
 0.00000e+00
 0.00000e+00
 0.00000e+00
 0.00000e+00
 0.00000e+00
 0.00000e+00
 0.00000e+00
 0.00000e+00
 0.00000e+00
 0.00000e+00
 0.00000e+00
 0.00000e+00
 0.00000e+00
 0.00000e+00
 0.00000e+00
 0.00000e+00
 0.00000e+00
 0.00000e+00
 0.00000e+00
 2.22702e-15
 6.15321e-16
 2.62324e-15
 4.65890e-16
-1.11080e-15
-5.02839e-15
-5.51935e-15
 2.72358e-15
 3.37103e-15
 1.05340e-15
 6.08331e-15
 5.84627e-15
 5.68121e-15
 7.31184e-15
 1.01568e-14
 1.29752e-14
 1.30108e-14
 1.04377e-14
 6.73576e-15
 6.74026e-15
 8.11418e-15
 6.99576e-15
 6.76028e-15
 8.36434e-15
 1.14459e-14
 1.48847e-14
 1.61358e-14
 1.85271e-14
 1.89737e-14
 1.69263e-14
-1.06344e-14
-1.04708e-14
-7.50064e-15
-7.43672e-15
-1.03480e-14
-7.33976e-15
-7.86493e-15
-1.71818e-14
-1.50177e-14
-6.82962e-15
-7.82663e-15
-7.53828e-15
-2.55257e-15
 5.61128e-15
 5.88824e-15
 1.32980e-15
-6.10015e-15
-4.42408e-15
 2.69434e-15
 5.59356e-15
 8.15056e-15
 7.13568e-15
 1.42390e-15
-8.56375e-15
-1.78173e-14
-1.95658e-14
-1.81152e-14
-1.78166e-14
-1.78917e-14
-1.59333e-14
 6.52839e-15
 5.96641e-15
 3.26077e-15
-3.82855e-16
 3.74022e-15
 1.97023e-16
 8.22547e-16
 4.81991e-15
 4.71191e-15
-1.63247e-16
 2.75034e-15
 1.82342e-15
-4.84515e-18
-4.40346e-15
-3.42026e-15
 1.83537e-15
 7.16826e-15
 5.61952e-15
 2.47550e-15
 2.07953e-15
 1.23113e-15
 2.94491e-15
 9.44763e-15
 1.00434e-14
 8.86172e-15
 8.32840e-15
 6.85533e-15
 5.55634e-15
 4.24194e-15
 1.77924e-15
 4.56246e-15
 2.33175e-15
 3.86344e-15
 5.19005e-15
 2.14430e-15
 4.94058e-15
 1.44089e-15
-1.05878e-15
-1.35494e-16
 1.76856e-15
-2.28889e-15
-6.76651e-15
-4.73694e-15
 9.58218e-16
 1.75429e-15
-3.72938e-16
-4.58237e-15
-6.04098e-15
-4.16029e-15
-4.39945e-15
-4.93787e-15
-8.25023e-15
-9.79152e-15
-5.65262e-15
 3.89259e-15
 8.35147e-15
 1.00915e-14
 1.20172e-14
 1.34961e-14
 1.36849e-14
 0.00000e+00
 0.00000e+00
 0.00000e+00
 0.00000e+00
 0.00000e+00
 0.00000e+00
 0.00000e+00
 0.00000e+00
 0.00000e+00
 0.00000e+00
 0.00000e+00
 0.00000e+00
 0.00000e+00
 0.00000e+00
 0.00000e+00
 0.00000e+00
 0.00000e+00
 0.00000e+00
 0.00000e+00
 0.00000e+00
 0.00000e+00
 0.00000e+00
 0.00000e+00
 0.00000e+00
 0.00000e+00
 0.00000e+00
 0.00000e+00
 0.00000e+00
 0.00000e+00
 0.00000e+00
 0.00000e+00
 0.00000e+00
 0.00000e+00
 0.00000e+00
 0.00000e+00
 0.00000e+00
 0.00000e+00
 0.00000e+00
 0.00000e+00
 0.00000e+00
 0.00000e+00
 0.00000e+00
 0.00000e+00
 0.00000e+00
 0.00000e+00
 0.00000e+00
 0.00000e+00
 0.00000e+00
 0.00000e+00
 0.00000e+00
 0.00000e+00
 0.00000e+00
 0.00000e+00
 0.00000e+00
 0.00000e+00
 0.00000e+00
 0.00000e+00
 0.00000e+00
 0.00000e+00
 0.00000e+00
-2.40799e-15
-2.91453e-15
-6.86515e-15
-3.70148e-15
 2.76991e-15
 1.85363e-15
-9.82108e-16
-2.30235e-15
-2.43604e-15
 1.54798e-15
 7.76982e-15
 5.12873e-15
 5.67623e-15
 8.22105e-15
 1.32317e-14
 1.68324e-14
 1.35041e-14
 4.02612e-15
-5.35316e-15
-8.53068e-15
-7.94839e-15
-4.78182e-15
 5.07805e-16
 6.78519e-15
 1.11793e-14
 1.17759e-14
 9.81973e-15
 6.82211e-15
 3.39678e-15
-7.74641e-16
-4.40591e-15
-3.93065e-15
-1.11792e-16
 2.33886e-16
-6.70446e-15
-7.95930e-15
-8.18836e-15
-7.96455e-15
-6.95370e-15
-6.64103e-15
-6.96315e-15
-6.32004e-15
-2.74998e-15
 2.27805e-15
 1.76246e-15
-3.91974e-15
-4.15579e-15
 2.39610e-15
 8.41618e-15
 8.38334e-15
 8.28375e-15
 6.46915e-15
 3.38148e-15
 1.29223e-15
-2.20404e-15
-6.90459e-15
-7.49578e-15
-6.59232e-15
-3.37893e-15
 2.17130e-15
 9.62402e-16
 4.51949e-15
 4.87208e-15
 7.98254e-16
 4.95475e-15
 3.16964e-15
 1.46458e-15
-2.57907e-16
-1.89940e-15
-2.92148e-15
 6.27087e-16
 1.32188e-15
 1.08717e-15
-5.78962e-18
 9.12087e-16
 2.92054e-15
 2.11766e-15
-1.50471e-16
 8.32234e-17
-7.24236e-17
-1.03405e-15
-3.37637e-15
-7.96070e-15
-1.50304e-14
-1.90173e-14
-1.86848e-14
-1.72802e-14
-1.55811e-14
-1.60117e-14
-1.86792e-14
 4.42567e-15
 6.18798e-16
-1.67155e-15
 1.43741e-15
-4.58147e-16
 4.39913e-15
 5.68615e-15
 2.66989e-15
 6.28421e-15
 9.38361e-15
 6.01140e-15
 3.16419e-16
 9.17773e-16
 2.54987e-15
 2.03264e-15
 2.06184e-15
 1.08540e-15
-2.02126e-15
-1.04412e-17
 2.27841e-15
 4.64124e-15
 8.22139e-15
 1.39909e-14
 2.25008e-14
 3.08643e-14
 3.38579e-14
 3.55617e-14
 3.77257e-14
 3.94358e-14
 3.82001e-14
 0.00000e+00
 0.00000e+00
 0.00000e+00
 0.00000e+00
 0.00000e+00
 0.00000e+00
 0.00000e+00
 0.00000e+00
 0.00000e+00
 0.00000e+00
 0.00000e+00
 0.00000e+00
 0.00000e+00
 0.00000e+00
 0.00000e+00
 0.00000e+00
 0.00000e+00
 0.00000e+00
 0.00000e+00
 0.00000e+00
 0.00000e+00
 0.00000e+00
 0.00000e+00
 0.00000e+00
 0.00000e+00
 0.00000e+00
 0.00000e+00
 0.00000e+00
 0.00000e+00
 0.00000e+00
 0.00000e+00
 0.00000e+00
 0.00000e+00
 0.00000e+00
 0.00000e+00
 0.00000e+00
 0.00000e+00
 0.00000e+00
 0.00000e+00
 0.00000e+00
 0.00000e+00
 0.00000e+00
 0.00000e+00
 0.00000e+00
 0.00000e+00
 0.00000e+00
 0.00000e+00
 0.00000e+00
 0.00000e+00
 0.00000e+00
 0.00000e+00
 0.00000e+00
 0.00000e+00
 0.00000e+00
 0.00000e+00
 0.00000e+00
 0.00000e+00
 0.00000e+00
 0.00000e+00
 0.00000e+00
-1.88382e-15
-5.38864e-15
-6.49685e-15
-3.07986e-15
 9.01106e-16
 2.60671e-15
-1.64382e-15
-6.07794e-16
 7.05109e-16
-3.47528e-17
 1.01884e-15
 1.03598e-15
 2.98905e-15
 4.89534e-15
 4.55622e-15
 3.56928e-15
 1.35364e-15
-2.37816e-15
-5.09806e-15
-1.04333e-14
-1.51516e-14
-1.34991e-14
-7.99184e-15
-2.60128e-15
-3.15234e-15
-5.90855e-15
-1.03967e-14
-1.30217e-14
-1.49146e-14
-1.76659e-14
 6.73241e-17
 4.63203e-15
 4.69365e-15
 1.84502e-15
 8.04384e-16
-3.28584e-15
-5.08038e-16
-2.70389e-15
-3.17909e-15
 5.92859e-16
 3.13527e-15
 2.75024e-15
 3.07177e-15
 4.13548e-15
 5.13285e-15
 3.46720e-15
 1.47855e-15
 2.26905e-15
 6.26683e-15
 1.02686e-14
 1.11325e-14
 8.27190e-15
 2.34133e-15
 1.97808e-15
 4.84688e-15
 1.08402e-14
 1.13476e-14
 9.47906e-15
 8.95525e-15
 1.15241e-14
-1.27779e-15
-3.42392e-15
-2.54058e-16
 1.78836e-15
 2.22029e-15
 2.62094e-15
-3.20246e-15
-1.70371e-15
 1.49381e-15
 1.13064e-15
-9.42112e-16
-7.44905e-15
-8.11166e-15
-6.52981e-15
-3.54330e-15
-3.43833e-16
 2.86026e-15
 3.92356e-15
 3.21751e-15
 8.49020e-16
 1.13427e-15
 7.11269e-16
-1.82581e-15
-5.77902e-15
-1.13622e-14
-1.34384e-14
-1.28032e-14
-1.17812e-14
-1.27609e-14
-1.30667e-14
 4.78859e-15
 5.07893e-15
 1.26589e-15
-1.57293e-15
-2.77599e-15
-1.21696e-16
 7.63323e-15
 6.02874e-15
 5.04551e-15
 6.29055e-15
 8.55212e-15
 1.04833e-14
 1.05293e-14
 9.73137e-15
 8.17359e-15
 5.58524e-15
 5.61031e-16
-3.92678e-15
-1.57751e-15
 2.65158e-15
 7.22599e-15
 1.22093e-14
 1.85794e-14
 2.61281e-14
 2.87240e-14
 2.73533e-14
 2.70609e-14
 2.88066e-14
 3.19043e-14
 3.10599e-14
 0.00000e+00
 0.00000e+00
 0.00000e+00
 0.00000e+00
 0.00000e+00
 0.00000e+00
 0.00000e+00
 0.00000e+00
 0.00000e+00
 0.00000e+00
 0.00000e+00
 0.00000e+00
 0.00000e+00
 0.00000e+00
 0.00000e+00
 0.00000e+00
 0.00000e+00
 0.00000e+00
 0.00000e+00
 0.00000e+00
 0.00000e+00
 0.00000e+00
 0.00000e+00
 0.00000e+00
 0.00000e+00
 0.00000e+00
 0.00000e+00
 0.00000e+00
 0.00000e+00
 0.00000e+00
 0.00000e+00
 0.00000e+00
 0.00000e+00
 0.00000e+00
 0.00000e+00
 0.00000e+00
 0.00000e+00
 0.00000e+00
 0.00000e+00
 0.00000e+00
 0.00000e+00
 0.00000e+00
 0.00000e+00
 0.00000e+00
 0.00000e+00
 0.00000e+00
 0.00000e+00
 0.00000e+00
 0.00000e+00
 0.00000e+00
 0.00000e+00
 0.00000e+00
 0.00000e+00
 0.00000e+00
 0.00000e+00
 0.00000e+00
 0.00000e+00
 0.00000e+00
 0.00000e+00
 0.00000e+00
 1.98825e-15
-8.00616e-16
 1.62985e-15
-1.14387e-15
-1.82887e-15
 2.14562e-15
 2.49026e-15
 2.74924e-15
-3.04971e-16
-5.86599e-15
-5.39926e-15
-4.18391e-15
-1.33119e-15
-7.11622e-16
-1.93704e-16
-5.33085e-16
-1.88588e-15
-3.95392e-15
-6.55091e-15
-1.10739e-14
-1.27607e-14
-1.27954e-14
-1.17348e-14
-8.98378e-15
-6.66219e-15
-5.47055e-15
-5.22820e-15
-5.27164e-15
-5.13435e-15
-5.02965e-15
-1.62751e-15
-1.95491e-15
-3.47990e-15
 3.89560e-15
 8.68216e-15
 6.47531e-17
-2.96673e-15
-4.35451e-15
-3.53454e-15
 2.30785e-15
 4.38349e-15
 4.36403e-15
 4.40172e-15
 4.84545e-15
 6.02892e-15
 4.35412e-15
 4.12083e-16
-3.19841e-16
 4.79929e-15
 1.00537e-14
 1.01162e-14
 8.42013e-15
 3.30075e-15
-2.96456e-15
-2.43146e-15
 1.32468e-15
 3.44942e-15
 2.92391e-15
 2.20956e-16
 4.92494e-16
 1.92171e-16
-1.68311e-15
-9.49753e-16
-4.35060e-15
-7.71349e-15
-2.26555e-15
-4.58779e-16
 3.22769e-15
 7.83573e-15
 7.02273e-15
 1.97895e-15
-7.53432e-15
-1.19274e-14
-1.03107e-14
-5.72397e-15
 2.14076e-16
 3.70373e-15
 3.32755e-15
 9.62270e-16
 2.88671e-16
 4.28895e-15
 1.29963e-14
 1.73963e-14
 1.73761e-14
 1.51979e-14
 1.37017e-14
 1.32667e-14
 1.37917e-14
 1.40469e-14
 1.38308e-14
 1.60713e-15
 4.28723e-15
 2.74014e-15
 3.25294e-15
 3.27952e-15
 5.21340e-16
-5.06958e-16
-4.62010e-17
-3.43018e-15
-4.05135e-15
-1.66897e-17
 5.21289e-15
 1.01843e-14
 1.19144e-14
 9.56552e-15
 4.74082e-15
-2.03143e-15
-3.95519e-15
-2.59044e-15
-3.15538e-15
-5.71259e-15
-1.00259e-14
-8.85404e-15
-3.91330e-15
-1.02703e-15
-1.75642e-15
-1.17204e-15
-1.00538e-15
-2.77566e-15
-5.08164e-15
 0.00000e+00
 0.00000e+00
 0.00000e+00
 0.00000e+00
 0.00000e+00
 0.00000e+00
 0.00000e+00
 0.00000e+00
 0.00000e+00
 0.00000e+00
 0.00000e+00
 0.00000e+00
 0.00000e+00
 0.00000e+00
 0.00000e+00
 0.00000e+00
 0.00000e+00
 0.00000e+00
 0.00000e+00
 0.00000e+00
 0.00000e+00
 0.00000e+00
 0.00000e+00
 0.00000e+00
 0.00000e+00
 0.00000e+00
 0.00000e+00
 0.00000e+00
 0.00000e+00
 0.00000e+00
 0.00000e+00
 0.00000e+00
 0.00000e+00
 0.00000e+00
 0.00000e+00
 0.00000e+00
 0.00000e+00
 0.00000e+00
 0.00000e+00
 0.00000e+00
 0.00000e+00
 0.00000e+00
 0.00000e+00
 0.00000e+00
 0.00000e+00
 0.00000e+00
 0.00000e+00
 0.00000e+00
 0.00000e+00
 0.00000e+00
 0.00000e+00
 0.00000e+00
 0.00000e+00
 0.00000e+00
 0.00000e+00
 0.00000e+00
 0.00000e+00
 0.00000e+00
 0.00000e+00
 0.00000e+00
-1.97193e-15
-1.79623e-15
-8.90125e-15
-7.63442e-15
-4.99265e-15
-7.59238e-16
 4.85520e-15
-7.01856e-15
-1.11196e-14
-6.79413e-15
-8.10400e-15
-9.65565e-15
-5.52305e-15
-2.41688e-15
-2.27783e-15
 2.30548e-15
 1.70078e-15
-5.96929e-15
-1.29354e-14
-1.38135e-14
-1.31136e-14
-1.41814e-14
-1.43768e-14
-1.21715e-14
-7.63525e-15
-2.99590e-15
-2.54751e-15
-1.22607e-15
 1.88408e-15
 6.94397e-15
 5.33309e-15
 2.10524e-15
 6.00938e-15
 1.47436e-14
 1.69635e-14
 5.74011e-15
-1.00178e-15
 1.45270e-14
 1.14981e-14
 5.10454e-15
 1.10736e-14
 1.27956e-14
 9.08849e-15
 5.24362e-15
 3.16796e-15
 1.95008e-15
 4.20538e-15
 9.87270e-15
 1.70202e-14
 1.70396e-14
 1.62786e-14
 1.81260e-14
 1.91943e-14
 1.68907e-14
 1.12041e-14
 8.62406e-15
 1.03547e-14
 1.15427e-14
 1.05327e-14
 9.50790e-15
-4.37508e-15
-2.36273e-15
-5.36992e-15
-1.16480e-14
-1.78260e-14
-7.92215e-15
-2.67747e-15
-1.01465e-14
-4.22278e-15
 4.66991e-15
-2.19784e-15
-1.25382e-14
-9.85249e-15
-3.08919e-15
 5.88682e-15
 6.23080e-15
 1.57975e-16
-8.91535e-15
-1.00188e-14
-8.27931e-15
-1.98657e-17
 9.84968e-15
 1.22672e-14
 1.15159e-14
 1.03368e-14
 1.00337e-14
 1.00078e-14
 1.19590e-14
 1.63830e-14
 2.05689e-14
 7.08505e-16
 1.89363e-15
 2.97301e-15
 7.25324e-15
 1.00141e-14
 3.77268e-15
-9.30261e-16
 1.67895e-15
-4.34834e-15
-6.25363e-15
 3.31695e-16
 4.40071e-15
 5.16978e-15
 3.48212e-15
 1.92700e-15
 2.06196e-15
 2.13450e-15
 1.60954e-15
 1.67582e-15
-1.26834e-15
-9.18822e-15
-2.04658e-14
-2.05726e-14
-1.57011e-14
-1.11707e-14
-9.79793e-15
-8.55778e-15
-1.05029e-14
-1.77103e-14
-2.94173e-14
 0.00000e+00
 0.00000e+00
 0.00000e+00
 0.00000e+00
 0.00000e+00
 0.00000e+00
 0.00000e+00
 0.00000e+00
 0.00000e+00
 0.00000e+00
 0.00000e+00
 0.00000e+00
 0.00000e+00
 0.00000e+00
 0.00000e+00
 0.00000e+00
 0.00000e+00
 0.00000e+00
 0.00000e+00
 0.00000e+00
 0.00000e+00
 0.00000e+00
 0.00000e+00
 0.00000e+00
 0.00000e+00
 0.00000e+00
 0.00000e+00
 0.00000e+00
 0.00000e+00
 0.00000e+00
 0.00000e+00
 0.00000e+00
 0.00000e+00
 0.00000e+00
 0.00000e+00
 0.00000e+00
 0.00000e+00
 0.00000e+00
 0.00000e+00
 0.00000e+00
 0.00000e+00
 0.00000e+00
 0.00000e+00
 0.00000e+00
 0.00000e+00
 0.00000e+00
 0.00000e+00
 0.00000e+00
 0.00000e+00
 0.00000e+00
 0.00000e+00
 0.00000e+00
 0.00000e+00
 0.00000e+00
 0.00000e+00
 0.00000e+00
 0.00000e+00
 0.00000e+00
 0.00000e+00
 0.00000e+00
 0.00000e+00
 0.00000e+00
 0.00000e+00
 0.00000e+00
 0.00000e+00
 0.00000e+00
 0.00000e+00
 0.00000e+00
 0.00000e+00
 0.00000e+00
 0.00000e+00
 0.00000e+00
 0.00000e+00
 0.00000e+00
 0.00000e+00
 0.00000e+00
 0.00000e+00
 0.00000e+00
 0.00000e+00
 0.00000e+00
 0.00000e+00
 0.00000e+00
 0.00000e+00
 0.00000e+00
 0.00000e+00
 0.00000e+00
 0.00000e+00
 0.00000e+00
 0.00000e+00
 0.00000e+00
 0.00000e+00
 0.00000e+00
 0.00000e+00
 0.00000e+00
 0.00000e+00
 0.00000e+00
 0.00000e+00
 0.00000e+00
 0.00000e+00
 0.00000e+00
 0.00000e+00
 0.00000e+00
 0.00000e+00
 0.00000e+00
 0.00000e+00
 0.00000e+00
 0.00000e+00
 0.00000e+00
 0.00000e+00
 0.00000e+00
 0.00000e+00
 0.00000e+00
 0.00000e+00
 0.00000e+00
 0.00000e+00
 0.00000e+00
 0.00000e+00
 0.00000e+00
 0.00000e+00
 0.00000e+00
 0.00000e+00
 0.00000e+00
 0.00000e+00
 0.00000e+00
 0.00000e+00
 0.00000e+00
 0.00000e+00
 0.00000e+00
 0.00000e+00
 0.00000e+00
 0.00000e+00
 0.00000e+00
 0.00000e+00
 0.00000e+00
 0.00000e+00
 0.00000e+00
 0.00000e+00
 0.00000e+00
 0.00000e+00
 0.00000e+00
 0.00000e+00
 0.00000e+00
 0.00000e+00
 0.00000e+00
 0.00000e+00
 0.00000e+00
 0.00000e+00
 0.00000e+00
 0.00000e+00
 0.00000e+00
 0.00000e+00
 0.00000e+00
 0.00000e+00
 0.00000e+00
 0.00000e+00
 0.00000e+00
 0.00000e+00
 0.00000e+00
 0.00000e+00
 0.00000e+00
 0.00000e+00
 0.00000e+00
 0.00000e+00
 0.00000e+00
 0.00000e+00
 0.00000e+00
 0.00000e+00
 0.00000e+00
 0.00000e+00
 0.00000e+00
 0.00000e+00
 0.00000e+00
 0.00000e+00
 0.00000e+00
 0.00000e+00
 0.00000e+00
 0.00000e+00
 0.00000e+00
 0.00000e+00
 0.00000e+00
 0.00000e+00
 0.00000e+00
 0.00000e+00
 0.00000e+00
 0.00000e+00
 0.00000e+00
 0.00000e+00
 0.00000e+00
 0.00000e+00
 0.00000e+00
 0.00000e+00
 0.00000e+00
 0.00000e+00
 0.00000e+00
 0.00000e+00
 0.00000e+00
 0.00000e+00
 0.00000e+00
 0.00000e+00
 0.00000e+00
 0.00000e+00
 0.00000e+00
 0.00000e+00
 0.00000e+00
 0.00000e+00
 0.00000e+00
 0.00000e+00
 0.00000e+00
 0.00000e+00
 0.00000e+00
 1.22564e-15
 4.02536e-15
-1.74923e-15
 4.99319e-16
-4.56152e-15
-4.30186e-15
-1.78732e-15
 2.56484e-16
 7.18993e-15
 1.15603e-14
 1.02285e-14
 8.44992e-15
 5.32070e-15
 5.97223e-16
-6.13001e-15
-4.91137e-15
 4.29860e-15
 1.30823e-14
 1.52547e-14
 1.97420e-14
 1.96103e-14
 1.57662e-14
 1.37742e-14
 1.19390e-14
 7.40519e-15
-1.06913e-15
-2.06850e-15
 7.85699e-16
 8.02851e-15
 1.65454e-14
 4.79548e-15
 9.58656e-15
 6.69321e-15
 1.63007e-15
-1.66050e-15
 1.92304e-15
 5.24606e-15
 6.61979e-15
 7.96486e-15
 1.26310e-14
 1.72910e-14
 1.47463e-14
 6.63211e-15
 3.39928e-15
 4.04245e-15
 6.60618e-15
 1.29844e-14
 1.28738e-14
 9.68520e-15
 1.10053e-14
 1.36094e-14
 1.54071e-14
 1.75922e-14
 1.87027e-14
 1.79083e-14
 1.57439e-14
 1.40900e-14
 1.29190e-14
 1.31374e-14
 1.56123e-14
 1.32278e-15
 2.25733e-15
 4.05638e-15
 2.81996e-15
-6.61783e-16
 4.86089e-15
-2.70811e-17
-1.03078e-15
 8.94837e-17
 4.25304e-15
 7.39327e-15
 6.24827e-15
 1.12594e-15
 2.44662e-15
 7.32355e-15
 1.14005e-14
 1.02643e-14
 6.54061e-15
-1.03611e-15
-3.98150e-15
-2.25684e-15
 1.86028e-15
 7.10377e-15
 1.21023e-14
 1.23637e-14
 1.07570e-14
 7.13486e-15
 3.32633e-15
 1.25211e-15
 2.41920e-15
-1.19049e-15
-2.86618e-15
 5.95400e-16
 2.28128e-15
 2.09694e-15
 2.18649e-15
-3.86051e-16
-3.08264e-16
-1.94332e-15
-3.48286e-15
-1.75186e-15
 1.78888e-15
-8.59998e-16
-3.20235e-15
-1.71902e-15
-6.23184e-16
 4.48581e-17
-6.48756e-16
-4.48292e-15
-5.25314e-15
-5.94638e-15
-7.66788e-15
-7.76189e-15
-6.77445e-15
-7.19021e-15
-1.02760e-14
-1.46927e-14
-1.50725e-14
-1.47697e-14
-1.68098e-14
-3.22733e-15
-1.52783e-15
 1.34926e-16
-1.41224e-15
 1.85236e-15
 1.50780e-15
 4.38549e-15
 5.48504e-15
 2.35685e-15
 4.34384e-18
 1.01304e-15
 4.21550e-15
 2.21077e-15
-1.86619e-15
-5.01211e-15
-4.84451e-15
-2.22125e-15
-1.27596e-15
-2.98299e-15
-5.23518e-15
-7.49683e-15
-8.44917e-15
-7.37961e-15
-5.02469e-15
-4.02354e-15
-3.40967e-15
-2.38657e-15
-1.04335e-15
-1.93885e-15
-5.37054e-15
-1.21026e-16
 5.16406e-16
-4.31667e-16
 4.11713e-15
 6.16846e-15
 9.26462e-15
 5.86870e-15
 4.20218e-15
 7.66589e-15
 9.25979e-15
 2.84336e-15
 1.95389e-15
 5.09010e-15
 7.89587e-15
 4.90319e-15
 2.02672e-15
 4.58595e-15
 5.26173e-15
 4.01188e-15
-9.34838e-16
-5.53978e-15
-4.14490e-15
 2.28864e-15
 8.07547e-15
 8.76065e-15
 1.02535e-14
 1.49702e-14
 1.78835e-14
 1.67486e-14
 1.65267e-14
 1.56753e-15
 7.06707e-16
 9.31835e-15
 1.50090e-15
-2.89186e-15
-2.77188e-15
-4.25198e-15
 1.82294e-15
-1.31550e-15
-9.06535e-15
-1.20209e-14
-2.34728e-15
-2.24409e-15
-2.78064e-15
-1.67823e-16
-1.07012e-15
-6.26238e-15
-5.01238e-15
-2.26835e-15
 8.70027e-16
 5.76765e-15
 5.08512e-15
-3.40504e-15
-1.65305e-14
-1.29825e-14
 8.32433e-16
 1.39067e-14
 1.43095e-14
 7.10314e-15
 3.10495e-16
-6.52290e-15
-9.43490e-15
-7.97543e-15
-4.58348e-15
-2.97345e-15
-3.30568e-15
-5.73122e-15
-1.02516e-14
-8.26125e-15
-9.69923e-15
-1.68287e-14
-1.09662e-14
-3.60932e-15
-4.70779e-15
-6.81054e-15
-8.98038e-15
-1.37608e-14
-1.28422e-14
-8.55333e-15
-5.49290e-15
-5.06605e-15
-5.96252e-15
-1.28970e-14
-2.57341e-14
-2.48794e-14
-1.79450e-14
-9.93980e-15
-9.12076e-15
-1.29498e-14
-1.68472e-14
-1.17340e-15
-1.45457e-15
-4.08909e-15
-8.05936e-16
 3.56987e-15
 2.64718e-15
 1.37727e-15
 1.94161e-15
 3.22616e-15
 1.90692e-15
-3.73091e-15
-2.78543e-16
-5.40451e-16
-5.09435e-15
-1.40749e-14
-1.29839e-14
-8.89882e-15
-5.50275e-15
-1.97992e-15
-2.18919e-15
-4.71451e-15
-5.18554e-15
-7.13071e-15
-9.50866e-15
-7.49102e-15
-1.83118e-15
 6.35744e-16
 2.45408e-16
-2.02856e-15
-3.70195e-15
 4.29628e-15
 7.32650e-15
 8.05186e-15
 7.58106e-15
 7.29128e-15
 6.51070e-15
 1.04002e-15
 5.77867e-15
 7.48845e-15
 5.46793e-15
 3.74971e-15
 5.89546e-15
 4.85960e-15
 1.57302e-15
-5.52625e-15
-6.22530e-15
-3.46029e-15
 2.58434e-15
 3.29528e-15
 1.73239e-15
-1.68608e-15
-3.83589e-15
-6.73040e-15
-6.08304e-15
-1.69599e-15
 6.56072e-15
 1.03435e-14
 9.59659e-15
 9.87537e-15
 1.26121e-14
-3.56536e-15
-3.23032e-15
-1.15430e-15
 1.64839e-15
 3.53625e-16
 2.46224e-15
 4.87592e-16
-7.45458e-15
-4.11770e-15
 3.16287e-15
 2.72217e-15
 5.02141e-15
 3.65402e-15
 1.96085e-15
 2.27736e-17
-2.56725e-15
-4.52370e-15
-2.74967e-15
 1.91380e-16
 2.37382e-15
 2.90740e-15
 2.42144e-15
-1.90393e-15
-8.14970e-15
-7.71907e-15
-5.50780e-15
-3.66805e-15
-3.06797e-15
-1.17883e-15
 1.74531e-15
 6.28140e-15
 6.64083e-15
 9.84620e-15
 8.20756e-15
 5.24137e-15
 8.62658e-15
 1.73920e-14
 8.90736e-15
 9.47601e-15
 1.47984e-14
 2.02764e-14
 2.44184e-14
 1.76555e-14
 4.07399e-15
 2.34359e-15
 3.45519e-15
 3.97869e-15
 5.18849e-15
 8.08555e-15
 1.34456e-14
 2.02079e-14
 2.29490e-14
 2.08063e-14
 1.45460e-14
 1.23204e-14
 1.16793e-14
 9.74779e-15
 9.50959e-15
 1.08759e-14
 9.51104e-15
-3.18847e-15
 1.29507e-15
-8.35974e-15
-3.24198e-16
 7.35360e-15
 2.40911e-15
 3.00995e-15
-4.77810e-15
-4.69032e-15
 6.54343e-15
 1.68465e-14
 1.55670e-14
 1.48283e-14
 1.49716e-14
 1.36274e-14
 1.66030e-14
 2.41670e-14
 1.95451e-14
 8.70684e-15
 8.25672e-15
 7.42351e-15
 9.69387e-15
 2.02089e-14
 2.98419e-14
 2.45400e-14
 8.97166e-15
-3.23581e-15
-1.23454e-15
 8.17478e-15
 1.94624e-14
 4.02560e-15
 8.25981e-15
 8.68749e-15
 7.43612e-15
 5.69554e-15
 4.45300e-15
 2.91915e-15
 7.90250e-15
 4.93551e-15
 5.11176e-15
 1.40040e-14
 1.68711e-14
 1.45677e-14
 1.29958e-14
 1.12189e-14
 1.15566e-14
 1.89576e-14
 2.12643e-14
 1.61760e-14
 1.19800e-14
 1.06233e-14
 1.24322e-14
 2.16795e-14
 2.88239e-14
 2.33633e-14
 8.82827e-15
 2.22567e-16
 1.79736e-15
 1.09242e-14
 1.85274e-14
 2.73496e-15
 4.19710e-15
 1.03142e-14
 7.75243e-15
 3.99954e-15
 4.49153e-15
 2.74019e-15
 2.10902e-15
 1.44389e-16
-9.26714e-17
 4.43224e-15
 1.25209e-14
 1.15300e-14
 1.16622e-14
 1.22675e-14
 8.95248e-15
 7.69439e-15
 9.38988e-15
 8.54194e-15
 7.97794e-15
 5.99059e-15
 5.15547e-15
 5.39657e-15
 4.61074e-15
 1.75920e-16
-8.09103e-15
-1.10698e-14
-1.00019e-14
-5.16202e-15
-1.80248e-15
 2.06921e-15
-2.18487e-15
-1.49641e-15
 2.18247e-15
 4.12913e-15
 3.57161e-15
 6.73154e-15
 1.80273e-15
 3.81013e-15
 6.66421e-15
 6.41177e-15
 7.00456e-15
 3.50085e-15
 1.84480e-15
 3.64817e-15
 7.48401e-15
 8.01704e-15
 5.95245e-15
 4.14163e-15
 7.35404e-15
 8.34209e-15
 1.02872e-14
 1.20700e-14
 1.12477e-14
 9.57517e-15
 6.90232e-15
 2.57437e-15
 5.60480e-16
-6.39597e-16
-2.08525e-15
 1.77847e-15
-6.48630e-16
-2.84892e-16
 3.09135e-16
 2.70951e-17
 1.29954e-15
-4.82684e-16
 9.21237e-15
 9.75349e-15
 4.79174e-15
 3.69724e-15
 4.16257e-15
 6.45042e-16
-2.68950e-15
-3.11475e-15
-6.77141e-16
 5.75492e-15
 7.79317e-15
 4.16082e-15
 3.64681e-15
 4.54030e-15
 8.45666e-15
 1.71091e-14
 2.10041e-14
 1.92934e-14
 1.53260e-14
 1.01191e-14
 5.19017e-15
 3.87834e-15
 5.18720e-15
 4.88611e-15
 1.01702e-14
 8.33803e-15
 6.68920e-15
 4.84162e-15
 5.37099e-15
-3.22077e-15
 9.53434e-15
 9.52058e-15
 4.38784e-15
 9.44983e-16
 6.15888e-15
 9.99792e-15
 1.43999e-14
 1.20763e-14
 7.12270e-15
 6.87048e-15
 8.13589e-15
 5.45091e-15
 9.76386e-16
 5.62608e-16
 1.29760e-15
 5.03430e-15
 6.86813e-15
 3.79801e-15
-2.16251e-15
-6.97583e-15
-9.89290e-15
-9.20972e-15
-3.47140e-15
 4.33697e-15
 4.46927e-15
 1.27067e-14
 5.40916e-15
 1.36215e-15
 4.58215e-15
-8.78411e-16
 8.32415e-15
 9.56045e-15
-4.51072e-16
-3.69857e-15
 2.40029e-15
 2.24531e-15
-4.38636e-16
-3.27205e-15
-1.23424e-14
-1.45437e-14
-6.52790e-15
 5.62350e-15
 5.16048e-15
 1.42253e-15
-1.31921e-15
-6.74044e-15
-1.04305e-14
-7.45239e-15
-4.96713e-16
 2.95587e-16
-4.65000e-15
-1.47344e-14
-2.75993e-14
 4.44926e-16
 2.85106e-15
 2.32053e-15
-4.00007e-16
-1.73045e-15
 1.11198e-15
 3.36052e-16
-1.11130e-15
-4.26991e-16
-2.28081e-15
-7.62308e-15
-3.52556e-15
-7.33199e-16
-2.90840e-15
-5.71653e-15
-1.00564e-14
-1.26463e-14
-9.36438e-15
-1.61881e-15
 8.23983e-16
 3.30067e-16
-2.76988e-15
-1.19847e-14
-1.42952e-14
-9.45970e-15
 9.11102e-16
 2.80659e-15
-3.56909e-16
-8.75932e-15
-1.45431e-14
 3.49338e-15
 5.01042e-15
 2.58026e-15
 3.83992e-15
 4.85363e-15
 4.55548e-15
 3.64365e-15
 6.17514e-15
 4.79477e-15
 1.79946e-15
-3.58186e-15
-1.09391e-15
-9.92970e-16
-5.86563e-15
-1.09481e-14
-9.79327e-15
-4.69738e-15
-6.71763e-16
 2.71756e-15
 5.88283e-15
 6.37032e-15
 5.75942e-15
 1.45784e-15
 3.74006e-16
 2.82174e-15
 8.46574e-15
 1.20768e-14
 1.16487e-14
 8.74786e-15
 6.98337e-15
 7.70200e-15
 7.95049e-15
 8.04994e-15
 5.32730e-15
 2.72456e-15
 3.90799e-15
 3.41792e-15
 1.01664e-14
 9.29981e-15
 2.85691e-15
 4.54113e-16
 4.08976e-15
 4.46193e-15
 2.08377e-15
-2.51042e-15
-5.21036e-15
-4.54131e-15
-1.06468e-15
 2.78446e-15
 5.15774e-15
 7.90682e-15
 1.28934e-14
 1.44590e-14
 1.38078e-14
 1.22221e-14
 1.23489e-14
 1.50134e-14
 1.99957e-14
 2.21137e-14
 2.28260e-14
-2.02086e-16
 1.32883e-15
 2.07665e-15
 2.44588e-16
-3.42647e-15
-6.68179e-16
-1.38987e-15
-3.72716e-15
-4.50135e-15
-4.46250e-15
-6.08378e-15
-2.12909e-15
 2.45084e-16
-4.87010e-17
-6.84554e-16
-2.80319e-15
-7.54994e-15
-8.38762e-15
-5.87041e-15
-2.36154e-15
-2.20475e-15
-1.78157e-15
-2.80692e-15
-4.55913e-15
-3.94800e-15
-1.33569e-15
 4.22641e-15
 7.12968e-15
 6.31085e-15
 2.36696e-15
 6.09534e-15
 5.80814e-15
 9.42728e-15
 1.26496e-14
 1.04924e-14
 8.22913e-15
 2.33404e-15
 1.89455e-15
-3.98570e-16
-1.10466e-15
-2.18640e-15
-2.25913e-16
-2.53656e-16
-3.98548e-15
-3.55423e-15
-1.84695e-15
 7.60061e-17
 7.59845e-16
 3.80551e-15
 2.93272e-15
-2.01522e-15
-6.40116e-15
-1.14564e-14
-1.16718e-14
-9.65371e-15
-4.32041e-15
 1.03864e-15
 1.71388e-16
-4.92354e-15
-1.75373e-14
 0.00000e+00
 0.00000e+00
 0.00000e+00
 0.00000e+00
 0.00000e+00
 0.00000e+00
 0.00000e+00
 0.00000e+00
 0.00000e+00
 0.00000e+00
 0.00000e+00
 0.00000e+00
 0.00000e+00
 0.00000e+00
 0.00000e+00
 0.00000e+00
 0.00000e+00
 0.00000e+00
 0.00000e+00
 0.00000e+00
 0.00000e+00
 0.00000e+00
 0.00000e+00
 0.00000e+00
 0.00000e+00
 0.00000e+00
 0.00000e+00
 0.00000e+00
 0.00000e+00
 0.00000e+00
 0.00000e+00
 0.00000e+00
 0.00000e+00
 0.00000e+00
 0.00000e+00
 0.00000e+00
 0.00000e+00
 0.00000e+00
 0.00000e+00
 0.00000e+00
 0.00000e+00
 0.00000e+00
 0.00000e+00
 0.00000e+00
 0.00000e+00
 0.00000e+00
 0.00000e+00
 0.00000e+00
 0.00000e+00
 0.00000e+00
 0.00000e+00
 0.00000e+00
 0.00000e+00
 0.00000e+00
 0.00000e+00
 0.00000e+00
 0.00000e+00
 0.00000e+00
 0.00000e+00
 0.00000e+00
 0.00000e+00
 0.00000e+00
 0.00000e+00
 0.00000e+00
 0.00000e+00
 0.00000e+00
 0.00000e+00
 0.00000e+00
 0.00000e+00
 0.00000e+00
 0.00000e+00
 0.00000e+00
 0.00000e+00
 0.00000e+00
 0.00000e+00
 0.00000e+00
 0.00000e+00
 0.00000e+00
 0.00000e+00
 0.00000e+00
 0.00000e+00
 0.00000e+00
 0.00000e+00
 0.00000e+00
 0.00000e+00
 0.00000e+00
 0.00000e+00
 0.00000e+00
 0.00000e+00
 0.00000e+00
 0.00000e+00
 0.00000e+00
 0.00000e+00
 0.00000e+00
 0.00000e+00
 0.00000e+00
 0.00000e+00
 0.00000e+00
 0.00000e+00
 0.00000e+00
 0.00000e+00
 0.00000e+00
 0.00000e+00
 0.00000e+00
 0.00000e+00
 0.00000e+00
 0.00000e+00
 0.00000e+00
 0.00000e+00
 0.00000e+00
 0.00000e+00
 0.00000e+00
 0.00000e+00
 0.00000e+00
 0.00000e+00
 0.00000e+00
 0.00000e+00
 0.00000e+00
 0.00000e+00
 0.00000e+00
 0.00000e+00
 0.00000e+00
 0.00000e+00
 0.00000e+00
 0.00000e+00
 0.00000e+00
 0.00000e+00
 0.00000e+00
 0.00000e+00
 0.00000e+00
 0.00000e+00
 0.00000e+00
 0.00000e+00
 0.00000e+00
 0.00000e+00
 0.00000e+00
 0.00000e+00
 0.00000e+00
 0.00000e+00
 0.00000e+00
 0.00000e+00
 0.00000e+00
 0.00000e+00
 0.00000e+00
 0.00000e+00
 0.00000e+00
 0.00000e+00
 0.00000e+00
 0.00000e+00
 0.00000e+00
 0.00000e+00
 0.00000e+00
 0.00000e+00
 0.00000e+00
 0.00000e+00
 0.00000e+00
 0.00000e+00
 0.00000e+00
 0.00000e+00
 0.00000e+00
 0.00000e+00
 0.00000e+00
 0.00000e+00
 0.00000e+00
 0.00000e+00
 0.00000e+00
 0.00000e+00
 0.00000e+00
 0.00000e+00
 0.00000e+00
 0.00000e+00
 0.00000e+00
 0.00000e+00
 0.00000e+00
 0.00000e+00
 0.00000e+00
 0.00000e+00
 0.00000e+00
 0.00000e+00
 0.00000e+00
part
         3
coordinates
 8.39246e-01
 8.66849e-01
 8.89886e-01
 9.08304e-01
 9.19850e-01
 9.26056e-01
 9.29488e-01
 9.30236e-01
 9.30086e-01
 9.29633e-01
 9.28945e-01
 9.28219e-01
 9.27581e-01
 9.27325e-01
 9.27289e-01
 9.27363e-01
 9.27103e-01
 9.26101e-01
 9.23793e-01
 9.23972e-01
 9.28600e-01
 9.28418e-01
 9.27113e-01
 9.27002e-01
 9.27102e-01
 9.27343e-01
 9.27557e-01
 9.27838e-01
 9.27911e-01
 9.27585e-01
 8.39246e-01
 8.66849e-01
 8.89886e-01
 9.08304e-01
 9.19850e-01
 9.26056e-01
 9.29488e-01
 9.30236e-01
 9.30086e-01
 9.29633e-01
 9.28945e-01
 9.28219e-01
 9.27581e-01
 9.27325e-01
 9.27289e-01
 9.27363e-01
 9.27103e-01
 9.26101e-01
 9.23793e-01
 9.23972e-01
 9.28600e-01
 9.28418e-01
 9.27113e-01
 9.27002e-01
 9.27102e-01
 9.27343e-01
 9.27557e-01
 9.27838e-01
 9.27911e-01
 9.27585e-01
 8.39246e-01
 8.66849e-01
 8.89886e-01
 9.08304e-01
 9.19850e-01
 9.26056e-01
 9.29488e-01
 9.30236e-01
 9.30086e-01
 9.29633e-01
 9.28945e-01
 9.28219e-01
 9.27581e-01
 9.27325e-01
 9.27289e-01
 9.27363e-01
 9.27103e-01
 9.26101e-01
 9.23793e-01
 9.23972e-01
 9.28600e-01
 9.28418e-01
 9.27113e-01
 9.27002e-01
 9.27102e-01
 9.27343e-01
 9.27557e-01
 9.27838e-01
 9.27911e-01
 9.27585e-01
 8.39246e-01
 8.66849e-01
 8.89886e-01
 9.08304e-01
 9.19850e-01
 9.26056e-01
 9.29488e-01
 9.30236e-01
 9.30086e-01
 9.29633e-01
 9.28945e-01
 9.28219e-01
 9.27581e-01
 9.27325e-01
 9.27289e-01
 9.27363e-01
 9.27103e-01
 9.26101e-01
 9.23793e-01
 9.23972e-01
 9.28600e-01
 9.28418e-01
 9.27113e-01
 9.27002e-01
 9.27102e-01
 9.27343e-01
 9.27557e-01
 9.27838e-01
 9.27911e-01
 9.27585e-01
 8.39246e-01
 8.66849e-01
 8.89886e-01
 9.08304e-01
 9.19850e-01
 9.26056e-01
 9.29488e-01
 9.30236e-01
 9.30086e-01
 9.29633e-01
 9.28945e-01
 9.28219e-01
 9.27581e-01
 9.27325e-01
 9.27289e-01
 9.27363e-01
 9.27103e-01
 9.26101e-01
 9.23793e-01
 9.23972e-01
 9.28600e-01
 9.28418e-01
 9.27113e-01
 9.27002e-01
 9.27102e-01
 9.27343e-01
 9.27557e-01
 9.27838e-01
 9.27911e-01
 9.27585e-01
 8.39246e-01
 8.66849e-01
 8.89886e-01
 9.08304e-01
 9.19850e-01
 9.26056e-01
 9.29488e-01
 9.30236e-01
 9.30086e-01
 9.29633e-01
 9.28945e-01
 9.28219e-01
 9.27581e-01
 9.27325e-01
 9.27289e-01
 9.27363e-01
 9.27103e-01
 9.26101e-01
 9.23793e-01
 9.23972e-01
 9.28600e-01
 9.28418e-01
 9.27113e-01
 9.27002e-01
 9.27102e-01
 9.27343e-01
 9.27557e-01
 9.27838e-01
 9.27911e-01
 9.27585e-01
 8.39246e-01
 8.66849e-01
 8.89886e-01
 9.08304e-01
 9.19850e-01
 9.26056e-01
 9.29488e-01
 9.30236e-01
 9.30086e-01
 9.29633e-01
 9.28945e-01
 9.28219e-01
 9.27581e-01
 9.27325e-01
 9.27289e-01
 9.27363e-01
 9.27103e-01
 9.26101e-01
 9.23793e-01
 9.23972e-01
 9.28600e-01
 9.28418e-01
 9.27113e-01
 9.27002e-01
 9.27102e-01
 9.27343e-01
 9.27557e-01
 9.27838e-01
 9.27911e-01
 9.27585e-01
 8.39246e-01
 8.66849e-01
 8.89886e-01
 9.08304e-01
 9.19850e-01
 9.26056e-01
 9.29488e-01
 9.30236e-01
 9.30086e-01
 9.29633e-01
 9.28945e-01
 9.28219e-01
 9.27581e-01
 9.27325e-01
 9.27289e-01
 9.27363e-01
 9.27103e-01
 9.26101e-01
 9.23793e-01
 9.23972e-01
 9.28600e-01
 9.28418e-01
 9.27113e-01
 9.27002e-01
 9.27102e-01
 9.27343e-01
 9.27557e-01
 9.27838e-01
 9.27911e-01
 9.27585e-01
 8.39246e-01
 8.66849e-01
 8.89886e-01
 9.08304e-01
 9.19850e-01
 9.26056e-01
 9.29488e-01
 9.30236e-01
 9.30086e-01
 9.29633e-01
 9.28945e-01
 9.28219e-01
 9.27581e-01
 9.27325e-01
 9.27289e-01
 9.27363e-01
 9.27103e-01
 9.26101e-01
 9.23793e-01
 9.23972e-01
 9.28600e-01
 9.28418e-01
 9.27113e-01
 9.27002e-01
 9.27102e-01
 9.27343e-01
 9.27557e-01
 9.27838e-01
 9.27911e-01
 9.27585e-01
 8.39246e-01
 8.66849e-01
 8.89886e-01
 9.08304e-01
 9.19850e-01
 9.26056e-01
 9.29488e-01
 9.30236e-01
 9.30086e-01
 9.29633e-01
 9.28945e-01
 9.28219e-01
 9.27581e-01
 9.27325e-01
 9.27289e-01
 9.27363e-01
 9.27103e-01
 9.26101e-01
 9.23793e-01
 9.23972e-01
 9.28600e-01
 9.28418e-01
 9.27113e-01
 9.27002e-01
 9.27102e-01
 9.27343e-01
 9.27557e-01
 9.27838e-01
 9.27911e-01
 9.27585e-01
 8.39246e-01
 8.66849e-01
 8.89886e-01
 9.08304e-01
 9.19850e-01
 9.26056e-01
 9.29488e-01
 9.30236e-01
 9.30086e-01
 9.29633e-01
 9.28945e-01
 9.28219e-01
 9.27581e-01
 9.27325e-01
 9.27289e-01
 9.27363e-01
 9.27103e-01
 9.26101e-01
 9.23793e-01
 9.23972e-01
 9.28600e-01
 9.28418e-01
 9.27113e-01
 9.27002e-01
 9.27102e-01
 9.27343e-01
 9.27557e-01
 9.27838e-01
 9.27911e-01
 9.27585e-01
 8.39246e-01
 8.66849e-01
 8.89886e-01
 9.08304e-01
 9.19850e-01
 9.26056e-01
 9.29488e-01
 9.30236e-01
 9.30086e-01
 9.29633e-01
 9.28945e-01
 9.28219e-01
 9.27581e-01
 9.27325e-01
 9.27289e-01
 9.27363e-01
 9.27103e-01
 9.26101e-01
 9.23793e-01
 9.23972e-01
 9.28600e-01
 9.28418e-01
 9.27113e-01
 9.27002e-01
 9.27102e-01
 9.27343e-01
 9.27557e-01
 9.27838e-01
 9.27911e-01
 9.27585e-01
 8.39246e-01
 8.66849e-01
 8.89886e-01
 9.08304e-01
 9.19850e-01
 9.26056e-01
 9.29488e-01
 9.30236e-01
 9.30086e-01
 9.29633e-01
 9.28945e-01
 9.28219e-01
 9.27581e-01
 9.27325e-01
 9.27289e-01
 9.27363e-01
 9.27103e-01
 9.26101e-01
 9.23793e-01
 9.23972e-01
 9.28600e-01
 9.28418e-01
 9.27113e-01
 9.27002e-01
 9.27102e-01
 9.27343e-01
 9.27557e-01
 9.27838e-01
 9.27911e-01
 9.27585e-01
 8.39246e-01
 8.66849e-01
 8.89886e-01
 9.08304e-01
 9.19850e-01
 9.26056e-01
 9.29488e-01
 9.30236e-01
 9.30086e-01
 9.29633e-01
 9.28945e-01
 9.28219e-01
 9.27581e-01
 9.27325e-01
 9.27289e-01
 9.27363e-01
 9.27103e-01
 9.26101e-01
 9.23793e-01
 9.23972e-01
 9.28600e-01
 9.28418e-01
 9.27113e-01
 9.27002e-01
 9.27102e-01
 9.27343e-01
 9.27557e-01
 9.27838e-01
 9.27911e-01
 9.27585e-01
 8.39246e-01
 8.66849e-01
 8.89886e-01
 9.08304e-01
 9.19850e-01
 9.26056e-01
 9.29488e-01
 9.30236e-01
 9.30086e-01
 9.29633e-01
 9.28945e-01
 9.28219e-01
 9.27581e-01
 9.27325e-01
 9.27289e-01
 9.27363e-01
 9.27103e-01
 9.26101e-01
 9.23793e-01
 9.23972e-01
 9.28600e-01
 9.28418e-01
 9.27113e-01
 9.27002e-01
 9.27102e-01
 9.27343e-01
 9.27557e-01
 9.27838e-01
 9.27911e-01
 9.27585e-01
 8.39246e-01
 8.66849e-01
 8.89886e-01
 9.08304e-01
 9.19850e-01
 9.26056e-01
 9.29488e-01
 9.30236e-01
 9.30086e-01
 9.29633e-01
 9.28945e-01
 9.28219e-01
 9.27581e-01
 9.27325e-01
 9.27289e-01
 9.27363e-01
 9.27103e-01
 9.26101e-01
 9.23793e-01
 9.23972e-01
 9.28600e-01
 9.28418e-01
 9.27113e-01
 9.27002e-01
 9.27102e-01
 9.27343e-01
 9.27557e-01
 9.27838e-01
 9.27911e-01
 9.27585e-01
 8.39246e-01
 8.66849e-01
 8.89886e-01
 9.08304e-01
 9.19850e-01
 9.26056e-01
 9.29488e-01
 9.30236e-01
 9.30086e-01
 9.29633e-01
 9.28945e-01
 9.28219e-01
 9.27581e-01
 9.27325e-01
 9.27289e-01
 9.27363e-01
 9.27103e-01
 9.26101e-01
 9.23793e-01
 9.23972e-01
 9.28600e-01
 9.28418e-01
 9.27113e-01
 9.27002e-01
 9.27102e-01
 9.27343e-01
 9.27557e-01
 9.27838e-01
 9.27911e-01
 9.27585e-01
 8.39246e-01
 8.66849e-01
 8.89886e-01
 9.08304e-01
 9.19850e-01
 9.26056e-01
 9.29488e-01
 9.30236e-01
 9.30086e-01
 9.29633e-01
 9.28945e-01
 9.28219e-01
 9.27581e-01
 9.27325e-01
 9.27289e-01
 9.27363e-01
 9.27103e-01
 9.26101e-01
 9.23793e-01
 9.23972e-01
 9.28600e-01
 9.28418e-01
 9.27113e-01
 9.27002e-01
 9.27102e-01
 9.27343e-01
 9.27557e-01
 9.27838e-01
 9.27911e-01
 9.27585e-01
 8.39246e-01
 8.66849e-01
 8.89886e-01
 9.08304e-01
 9.19850e-01
 9.26056e-01
 9.29488e-01
 9.30236e-01
 9.30086e-01
 9.29633e-01
 9.28945e-01
 9.28219e-01
 9.27581e-01
 9.27325e-01
 9.27289e-01
 9.27363e-01
 9.27103e-01
 9.26101e-01
 9.23793e-01
 9.23972e-01
 9.28600e-01
 9.28418e-01
 9.27113e-01
 9.27002e-01
 9.27102e-01
 9.27343e-01
 9.27557e-01
 9.27838e-01
 9.27911e-01
 9.27585e-01
 8.39246e-01
 8.66849e-01
 8.89886e-01
 9.08304e-01
 9.19850e-01
 9.26056e-01
 9.29488e-01
 9.30236e-01
 9.30086e-01
 9.29633e-01
 9.28945e-01
 9.28219e-01
 9.27581e-01
 9.27325e-01
 9.27289e-01
 9.27363e-01
 9.27103e-01
 9.26101e-01
 9.23793e-01
 9.23972e-01
 9.28600e-01
 9.28418e-01
 9.27113e-01
 9.27002e-01
 9.27102e-01
 9.27343e-01
 9.27557e-01
 9.27838e-01
 9.27911e-01
 9.27585e-01
 8.39246e-01
 8.66849e-01
 8.89886e-01
 9.08304e-01
 9.19850e-01
 9.26056e-01
 9.29488e-01
 9.30236e-01
 9.30086e-01
 9.29633e-01
 9.28945e-01
 9.28219e-01
 9.27581e-01
 9.27325e-01
 9.27289e-01
 9.27363e-01
 9.27103e-01
 9.26101e-01
 9.23793e-01
 9.23972e-01
 9.28600e-01
 9.28418e-01
 9.27113e-01
 9.27002e-01
 9.27102e-01
 9.27343e-01
 9.27557e-01
 9.27838e-01
 9.27911e-01
 9.27585e-01
 8.39246e-01
 8.66849e-01
 8.89886e-01
 9.08304e-01
 9.19850e-01
 9.26056e-01
 9.29488e-01
 9.30236e-01
 9.30086e-01
 9.29633e-01
 9.28945e-01
 9.28219e-01
 9.27581e-01
 9.27325e-01
 9.27289e-01
 9.27363e-01
 9.27103e-01
 9.26101e-01
 9.23793e-01
 9.23972e-01
 9.28600e-01
 9.28418e-01
 9.27113e-01
 9.27002e-01
 9.27102e-01
 9.27343e-01
 9.27557e-01
 9.27838e-01
 9.27911e-01
 9.27585e-01
 8.39246e-01
 8.66849e-01
 8.89886e-01
 9.08304e-01
 9.19850e-01
 9.26056e-01
 9.29488e-01
 9.30236e-01
 9.30086e-01
 9.29633e-01
 9.28945e-01
 9.28219e-01
 9.27581e-01
 9.27325e-01
 9.27289e-01
 9.27363e-01
 9.27103e-01
 9.26101e-01
 9.23793e-01
 9.23972e-01
 9.28600e-01
 9.28418e-01
 9.27113e-01
 9.27002e-01
 9.27102e-01
 9.27343e-01
 9.27557e-01
 9.27838e-01
 9.27911e-01
 9.27585e-01
 8.39246e-01
 8.66849e-01
 8.89886e-01
 9.08304e-01
 9.19850e-01
 9.26056e-01
 9.29488e-01
 9.30236e-01
 9.30086e-01
 9.29633e-01
 9.28945e-01
 9.28219e-01
 9.27581e-01
 9.27325e-01
 9.27289e-01
 9.27363e-01
 9.27103e-01
 9.26101e-01
 9.23793e-01
 9.23972e-01
 9.28600e-01
 9.28418e-01
 9.27113e-01
 9.27002e-01
 9.27102e-01
 9.27343e-01
 9.27557e-01
 9.27838e-01
 9.27911e-01
 9.27585e-01
 8.39246e-01
 8.66849e-01
 8.89886e-01
 9.08304e-01
 9.19850e-01
 9.26056e-01
 9.29488e-01
 9.30236e-01
 9.30086e-01
 9.29633e-01
 9.28945e-01
 9.28219e-01
 9.27581e-01
 9.27325e-01
 9.27289e-01
 9.27363e-01
 9.27103e-01
 9.26101e-01
 9.23793e-01
 9.23972e-01
 9.28600e-01
 9.28418e-01
 9.27113e-01
 9.27002e-01
 9.27102e-01
 9.27343e-01
 9.27557e-01
 9.27838e-01
 9.27911e-01
 9.27585e-01
 8.39246e-01
 8.66849e-01
 8.89886e-01
 9.08304e-01
 9.19850e-01
 9.26056e-01
 9.29488e-01
 9.30236e-01
 9.30086e-01
 9.29633e-01
 9.28945e-01
 9.28219e-01
 9.27581e-01
 9.27325e-01
 9.27289e-01
 9.27363e-01
 9.27103e-01
 9.26101e-01
 9.23793e-01
 9.23972e-01
 9.28600e-01
 9.28418e-01
 9.27113e-01
 9.27002e-01
 9.27102e-01
 9.27343e-01
 9.27557e-01
 9.27838e-01
 9.27911e-01
 9.27585e-01
 8.39246e-01
 8.66849e-01
 8.89886e-01
 9.08304e-01
 9.19850e-01
 9.26056e-01
 9.29488e-01
 9.30236e-01
 9.30086e-01
 9.29633e-01
 9.28945e-01
 9.28219e-01
 9.27581e-01
 9.27325e-01
 9.27289e-01
 9.27363e-01
 9.27103e-01
 9.26101e-01
 9.23793e-01
 9.23972e-01
 9.28600e-01
 9.28418e-01
 9.27113e-01
 9.27002e-01
 9.27102e-01
 9.27343e-01
 9.27557e-01
 9.27838e-01
 9.27911e-01
 9.27585e-01
 8.39246e-01
 8.66849e-01
 8.89886e-01
 9.08304e-01
 9.19850e-01
 9.26056e-01
 9.29488e-01
 9.30236e-01
 9.30086e-01
 9.29633e-01
 9.28945e-01
 9.28219e-01
 9.27581e-01
 9.27325e-01
 9.27289e-01
 9.27363e-01
 9.27103e-01
 9.26101e-01
 9.23793e-01
 9.23972e-01
 9.28600e-01
 9.28418e-01
 9.27113e-01
 9.27002e-01
 9.27102e-01
 9.27343e-01
 9.27557e-01
 9.27838e-01
 9.27911e-01
 9.27585e-01
 8.39246e-01
 8.66849e-01
 8.89886e-01
 9.08304e-01
 9.19850e-01
 9.26056e-01
 9.29488e-01
 9.30236e-01
 9.30086e-01
 9.29633e-01
 9.28945e-01
 9.28219e-01
 9.27581e-01
 9.27325e-01
 9.27289e-01
 9.27363e-01
 9.27103e-01
 9.26101e-01
 9.23793e-01
 9.23972e-01
 9.28600e-01
 9.28418e-01
 9.27113e-01
 9.27002e-01
 9.27102e-01
 9.27343e-01
 9.27557e-01
 9.27838e-01
 9.27911e-01
 9.27585e-01
 8.39246e-01
 8.66849e-01
 8.89886e-01
 9.08304e-01
 9.19850e-01
 9.26056e-01
 9.29488e-01
 9.30236e-01
 9.30086e-01
 9.29633e-01
 9.28945e-01
 9.28219e-01
 9.27581e-01
 9.27325e-01
 9.27289e-01
 9.27363e-01
 9.27103e-01
 9.26101e-01
 9.23793e-01
 9.23972e-01
 9.28600e-01
 9.28418e-01
 9.27113e-01
 9.27002e-01
 9.27102e-01
 9.27343e-01
 9.27557e-01
 9.27838e-01
 9.27911e-01
 9.27585e-01
 8.39246e-01
 8.66849e-01
 8.89886e-01
 9.08304e-01
 9.19850e-01
 9.26056e-01
 9.29488e-01
 9.30236e-01
 9.30086e-01
 9.29633e-01
 9.28945e-01
 9.28219e-01
 9.27581e-01
 9.27325e-01
 9.27289e-01
 9.27363e-01
 9.27103e-01
 9.26101e-01
 9.23793e-01
 9.23972e-01
 9.28600e-01
 9.28418e-01
 9.27113e-01
 9.27002e-01
 9.27102e-01
 9.27343e-01
 9.27557e-01
 9.27838e-01
 9.27911e-01
 9.27585e-01
 8.39246e-01
 8.66849e-01
 8.89886e-01
 9.08304e-01
 9.19850e-01
 9.26056e-01
 9.29488e-01
 9.30236e-01
 9.30086e-01
 9.29633e-01
 9.28945e-01
 9.28219e-01
 9.27581e-01
 9.27325e-01
 9.27289e-01
 9.27363e-01
 9.27103e-01
 9.26101e-01
 9.23793e-01
 9.23972e-01
 9.28600e-01
 9.28418e-01
 9.27113e-01
 9.27002e-01
 9.27102e-01
 9.27343e-01
 9.27557e-01
 9.27838e-01
 9.27911e-01
 9.27585e-01
 8.39246e-01
 8.66849e-01
 8.89886e-01
 9.08304e-01
 9.19850e-01
 9.26056e-01
 9.29488e-01
 9.30236e-01
 9.30086e-01
 9.29633e-01
 9.28945e-01
 9.28219e-01
 9.27581e-01
 9.27325e-01
 9.27289e-01
 9.27363e-01
 9.27103e-01
 9.26101e-01
 9.23793e-01
 9.23972e-01
 9.28600e-01
 9.28418e-01
 9.27113e-01
 9.27002e-01
 9.27102e-01
 9.27343e-01
 9.27557e-01
 9.27838e-01
 9.27911e-01
 9.27585e-01
 8.39246e-01
 8.66849e-01
 8.89886e-01
 9.08304e-01
 9.19850e-01
 9.26056e-01
 9.29488e-01
 9.30236e-01
 9.30086e-01
 9.29633e-01
 9.28945e-01
 9.28219e-01
 9.27581e-01
 9.27325e-01
 9.27289e-01
 9.27363e-01
 9.27103e-01
 9.26101e-01
 9.23793e-01
 9.23972e-01
 9.28600e-01
 9.28418e-01
 9.27113e-01
 9.27002e-01
 9.27102e-01
 9.27343e-01
 9.27557e-01
 9.27838e-01
 9.27911e-01
 9.27585e-01
 8.39246e-01
 8.66849e-01
 8.89886e-01
 9.08304e-01
 9.19850e-01
 9.26056e-01
 9.29488e-01
 9.30236e-01
 9.30086e-01
 9.29633e-01
 9.28945e-01
 9.28219e-01
 9.27581e-01
 9.27325e-01
 9.27289e-01
 9.27363e-01
 9.27103e-01
 9.26101e-01
 9.23793e-01
 9.23972e-01
 9.28600e-01
 9.28418e-01
 9.27113e-01
 9.27002e-01
 9.27102e-01
 9.27343e-01
 9.27557e-01
 9.27838e-01
 9.27911e-01
 9.27585e-01
 8.39246e-01
 8.66849e-01
 8.89886e-01
 9.08304e-01
 9.19850e-01
 9.26056e-01
 9.29488e-01
 9.30236e-01
 9.30086e-01
 9.29633e-01
 9.28945e-01
 9.28219e-01
 9.27581e-01
 9.27325e-01
 9.27289e-01
 9.27363e-01
 9.27103e-01
 9.26101e-01
 9.23793e-01
 9.23972e-01
 9.28600e-01
 9.28418e-01
 9.27113e-01
 9.27002e-01
 9.27102e-01
 9.27343e-01
 9.27557e-01
 9.27838e-01
 9.27911e-01
 9.27585e-01
 0.00000e+00
 0.00000e+00
 0.00000e+00
 0.00000e+00
 0.00000e+00
 0.00000e+00
 0.00000e+00
 0.00000e+00
 0.00000e+00
 0.00000e+00
 0.00000e+00
 0.00000e+00
 0.00000e+00
 0.00000e+00
 0.00000e+00
 0.00000e+00
 0.00000e+00
 0.00000e+00
 0.00000e+00
 0.00000e+00
 0.00000e+00
 0.00000e+00
 0.00000e+00
 0.00000e+00
 0.00000e+00
 0.00000e+00
 0.00000e+00
 0.00000e+00
 0.00000e+00
 0.00000e+00
-2.29819e-15
-1.18057e-15
 5.40814e-15
 1.54099e-14
 1.56267e-14
 1.12323e-14
 3.51283e-15
 1.91180e-15
 1.50255e-15
 8.79433e-16
 1.67988e-15
 3.14921e-15
 5.23718e-15
 6.31674e-15
 4.71321e-15
 5.94205e-16
-4.78125e-15
-1.02326e-14
-1.74856e-14
-1.75124e-14
-1.44937e-14
-1.13958e-14
-7.75401e-15
-6.75838e-15
-8.85521e-15
-8.34448e-15
-8.08335e-15
-6.20165e-15
-5.32658e-15
-2.18707e-15
 1.19366e-15
 4.69328e-15
 2.75463e-15
-2.85375e-15
-2.42632e-15
 2.96463e-15
 6.70212e-15
 9.62654e-15
 1.43035e-14
 1.66438e-14
 1.62484e-14
 1.56822e-14
 1.58139e-14
 1.55396e-14
 1.42753e-14
 1.12195e-14
 6.26523e-15
 3.15704e-15
 4.71986e-15
 1.08039e-14
 2.02322e-14
 2.26669e-14
 2.15680e-14
 1.55978e-14
 1.47279e-14
 2.10869e-14
 3.20504e-14
 3.81066e-14
 3.12791e-14
 1.87552e-14
 1.01705e-14
 5.92000e-15
 4.57696e-15
 5.32762e-15
 8.15219e-15
 1.34477e-14
 2.01961e-14
 2.59432e-14
 2.64704e-14
 2.44591e-14
 2.11405e-14
 1.85193e-14
 1.30714e-14
 1.01789e-14
 1.28201e-14
 2.24632e-14
 4.06838e-14
 4.75534e-14
 4.07643e-14
 2.36925e-14
 1.29960e-15
-9.61936e-15
-9.83831e-15
-1.45249e-15
 7.52586e-17
-9.28723e-15
-3.17304e-14
-3.31558e-14
-2.53100e-14
-1.84325e-14
-2.18212e-15
-3.35238e-15
-2.64339e-15
-2.60965e-15
-5.59356e-15
-1.34316e-14
-2.33653e-14
-3.48854e-14
-4.27091e-14
-4.18564e-14
-3.58704e-14
-2.63840e-14
-1.32607e-14
-1.09671e-14
-1.59326e-14
-2.93348e-14
-5.09535e-14
-6.31647e-14
-5.83156e-14
-4.17353e-14
-1.95981e-14
 5.51642e-15
 1.14334e-14
 5.71034e-15
-2.76156e-16
 4.41497e-15
 1.53823e-14
 2.42916e-14
 2.24020e-14
 2.20383e-14
 0.00000e+00
 0.00000e+00
 0.00000e+00
 0.00000e+00
 0.00000e+00
 0.00000e+00
 0.00000e+00
 0.00000e+00
 0.00000e+00
 0.00000e+00
 0.00000e+00
 0.00000e+00
 0.00000e+00
 0.00000e+00
 0.00000e+00
 0.00000e+00
 0.00000e+00
 0.00000e+00
 0.00000e+00
 0.00000e+00
 0.00000e+00
 0.00000e+00
 0.00000e+00
 0.00000e+00
 0.00000e+00
 0.00000e+00
 0.00000e+00
 0.00000e+00
 0.00000e+00
 0.00000e+00
 0.00000e+00
 0.00000e+00
 0.00000e+00
 0.00000e+00
 0.00000e+00
 0.00000e+00
 0.00000e+00
 0.00000e+00
 0.00000e+00
 0.00000e+00
 0.00000e+00
 0.00000e+00
 0.00000e+00
 0.00000e+00
 0.00000e+00
 0.00000e+00
 0.00000e+00
 0.00000e+00
 0.00000e+00
 0.00000e+00
 0.00000e+00
 0.00000e+00
 0.00000e+00
 0.00000e+00
 0.00000e+00
 0.00000e+00
 0.00000e+00
 0.00000e+00
 0.00000e+00
 0.00000e+00
 1.48847e-14
 1.61358e-14
 1.85271e-14
 1.89737e-14
 1.69263e-14
 1.31386e-14
 7.25549e-15
 2.62999e-15
 3.03600e-15
 7.20118e-15
 1.45271e-14
 2.00643e-14
 2.31926e-14
 2.54321e-14
 2.45609e-14
 2.13071e-14
 1.85512e-14
 1.55495e-14
 9.67385e-15
 7.94035e-15
 8.62410e-15
 9.34035e-15
 1.15219e-14
 1.43076e-14
 1.29404e-14
 1.26636e-14
 1.22924e-14
 1.31959e-14
 1.07815e-14
 1.11542e-14
-1.95658e-14
-1.81152e-14
-1.78166e-14
-1.78917e-14
-1.59333e-14
-1.16864e-14
-6.48023e-15
-1.28043e-15
-9.87264e-16
-4.33714e-15
-1.15120e-14
-1.86114e-14
-2.38723e-14
-3.00747e-14
-3.26035e-14
-3.22146e-14
-3.05978e-14
-2.82036e-14
-2.40588e-14
-1.60674e-14
-1.30730e-14
-1.54241e-14
-2.21140e-14
-3.48947e-14
-3.64714e-14
-3.01429e-14
-2.12680e-14
-9.94643e-15
-1.10190e-14
-1.35987e-14
 8.32840e-15
 6.85533e-15
 5.55634e-15
 4.24194e-15
 1.77924e-15
 1.05706e-15
 2.16095e-15
 4.97965e-15
 8.91504e-15
 1.32927e-14
 1.93403e-14
 2.42596e-14
 2.46612e-14
 2.39068e-14
 2.12494e-14
 1.99065e-14
 2.04777e-14
 2.23685e-14
 2.03031e-14
 1.33549e-14
 1.35230e-14
 1.85657e-14
 2.60021e-14
 3.81217e-14
 4.02369e-14
 3.37058e-14
 1.68747e-14
 1.53560e-14
 1.81547e-14
 1.85425e-14
 8.35147e-15
 1.00915e-14
 1.20172e-14
 1.34961e-14
 1.36849e-14
 1.21793e-14
 8.11285e-15
 5.62017e-17
-9.54985e-15
-1.48950e-14
-1.78497e-14
-1.70714e-14
-1.48214e-14
-1.15798e-14
-7.48556e-15
-6.90072e-15
-7.78399e-15
-8.04746e-15
-6.25048e-15
-1.58057e-15
 1.34576e-16
-7.13975e-16
-1.97062e-15
-7.12773e-15
-1.44395e-14
-1.10828e-14
-2.40022e-15
 9.03655e-16
-2.57367e-15
-1.96913e-15
 0.00000e+00
 0.00000e+00
 0.00000e+00
 0.00000e+00
 0.00000e+00
 0.00000e+00
 0.00000e+00
 0.00000e+00
 0.00000e+00
 0.00000e+00
 0.00000e+00
 0.00000e+00
 0.00000e+00
 0.00000e+00
 0.00000e+00
 0.00000e+00
 0.00000e+00
 0.00000e+00
 0.00000e+00
 0.00000e+00
 0.00000e+00
 0.00000e+00
 0.00000e+00
 0.00000e+00
 0.00000e+00
 0.00000e+00
 0.00000e+00
 0.00000e+00
 0.00000e+00
 0.00000e+00
 0.00000e+00
 0.00000e+00
 0.00000e+00
 0.00000e+00
 0.00000e+00
 0.00000e+00
 0.00000e+00
 0.00000e+00
 0.00000e+00
 0.00000e+00
 0.00000e+00
 0.00000e+00
 0.00000e+00
 0.00000e+00
 0.00000e+00
 0.00000e+00
 0.00000e+00
 0.00000e+00
 0.00000e+00
 0.00000e+00
 0.00000e+00
 0.00000e+00
 0.00000e+00
 0.00000e+00
 0.00000e+00
 0.00000e+00
 0.00000e+00
 0.00000e+00
 0.00000e+00
 0.00000e+00
 1.17759e-14
 9.81973e-15
 6.82211e-15
 3.39678e-15
-7.74641e-16
-7.46493e-16
 4.09105e-16
 1.40993e-16
-6.91851e-16
-9.50291e-17
 9.71236e-16
 1.78560e-15
 3.26175e-15
 6.88714e-15
 1.25352e-14
 1.80016e-14
 1.82846e-14
 1.65118e-14
 1.31393e-14
 8.50638e-15
 2.34456e-15
-6.51065e-15
-1.23363e-14
-1.13655e-14
-8.61687e-15
-4.12128e-15
-5.63306e-15
-5.47630e-15
-5.62101e-15
-1.77296e-15
-6.90459e-15
-7.49578e-15
-6.59232e-15
-3.37893e-15
 2.17130e-15
 2.69024e-15
 1.15496e-15
 2.75666e-15
 4.71194e-15
 3.83820e-15
 1.34011e-15
-2.34509e-15
-7.67590e-15
-1.61688e-14
-2.76272e-14
-2.96357e-14
-2.80013e-14
-2.51254e-14
-2.22492e-14
-1.85832e-14
-1.35508e-14
-7.20257e-15
-1.70515e-16
-1.85330e-15
-8.09327e-15
-1.17663e-14
-1.06551e-14
 6.04193e-16
 3.72175e-15
 2.01352e-15
-1.86848e-14
-1.72802e-14
-1.55811e-14
-1.60117e-14
-1.86792e-14
-1.87513e-14
-1.66225e-14
-1.37921e-14
-1.06062e-14
-7.18771e-15
-7.06849e-15
-8.43370e-15
-1.05406e-14
-1.28780e-14
-1.67921e-14
-2.43202e-14
-3.17338e-14
-3.14129e-14
-2.79481e-14
-2.19667e-14
-1.12605e-14
 4.80587e-15
 7.96973e-15
 1.10303e-14
 1.77931e-14
 1.79996e-14
 1.17830e-14
 7.55899e-15
 3.35312e-15
 2.13499e-15
 3.38579e-14
 3.55617e-14
 3.77257e-14
 3.94358e-14
 3.82001e-14
 3.51190e-14
 3.02559e-14
 2.26420e-14
 1.58074e-14
 1.44508e-14
 1.56147e-14
 1.95863e-14
 2.58968e-14
 3.35443e-14
 4.12106e-14
 5.03561e-14
 5.72999e-14
 5.66885e-14
 5.10398e-14
 4.05527e-14
 2.61932e-14
 1.33910e-14
 1.31078e-14
 1.17795e-14
 6.24808e-15
 8.49338e-15
 1.28253e-14
 1.41909e-14
 1.10336e-14
 1.11464e-14
 0.00000e+00
 0.00000e+00
 0.00000e+00
 0.00000e+00
 0.00000e+00
 0.00000e+00
 0.00000e+00
 0.00000e+00
 0.00000e+00
 0.00000e+00
 0.00000e+00
 0.00000e+00
 0.00000e+00
 0.00000e+00
 0.00000e+00
 0.00000e+00
 0.00000e+00
 0.00000e+00
 0.00000e+00
 0.00000e+00
 0.00000e+00
 0.00000e+00
 0.00000e+00
 0.00000e+00
 0.00000e+00
 0.00000e+00
 0.00000e+00
 0.00000e+00
 0.00000e+00
 0.00000e+00
 0.00000e+00
 0.00000e+00
 0.00000e+00
 0.00000e+00
 0.00000e+00
 0.00000e+00
 0.00000e+00
 0.00000e+00
 0.00000e+00
 0.00000e+00
 0.00000e+00
 0.00000e+00
 0.00000e+00
 0.00000e+00
 0.00000e+00
 0.00000e+00
 0.00000e+00
 0.00000e+00
 0.00000e+00
 0.00000e+00
 0.00000e+00
 0.00000e+00
 0.00000e+00
 0.00000e+00
 0.00000e+00
 0.00000e+00
 0.00000e+00
 0.00000e+00
 0.00000e+00
 0.00000e+00
-5.90855e-15
-1.03967e-14
-1.30217e-14
-1.49146e-14
-1.76659e-14
-1.91473e-14
-1.82998e-14
-1.41758e-14
-9.00535e-15
-5.66737e-15
-5.57140e-15
-7.22725e-15
-1.12468e-14
-1.48047e-14
-1.62882e-14
-1.84338e-14
-2.28840e-14
-2.34111e-14
-1.91672e-14
-9.12894e-15
-6.91550e-15
-1.03194e-14
-1.57767e-14
-1.83070e-14
-1.77499e-14
-1.36481e-14
-1.43514e-14
-1.37081e-14
-1.15715e-14
-4.05282e-15
 1.08402e-14
 1.13476e-14
 9.47906e-15
 8.95525e-15
 1.15241e-14
 1.39830e-14
 1.20199e-14
 7.10955e-15
 4.21668e-15
 5.13138e-15
 7.51600e-15
 7.87861e-15
 8.12753e-15
 8.77713e-15
 9.62522e-15
 1.11078e-14
 1.14280e-14
 9.63578e-15
 3.66128e-15
-3.77084e-15
-3.36753e-15
 3.83785e-15
 2.06078e-14
 3.12204e-14
 3.06577e-14
 2.51584e-14
 1.96511e-14
 2.29516e-14
 1.95812e-14
 1.33188e-14
-1.34384e-14
-1.28032e-14
-1.17812e-14
-1.27609e-14
-1.30667e-14
-1.04104e-14
-2.98672e-15
 7.90459e-15
 1.72123e-14
 1.71464e-14
 1.22438e-14
 3.51975e-15
-6.46259e-15
-1.56066e-14
-2.41707e-14
-2.46864e-14
-2.12453e-14
-1.53568e-14
-9.90820e-15
-4.44616e-15
-2.87109e-15
-5.88375e-15
-1.75904e-14
-2.14666e-14
-1.59971e-14
-8.61309e-15
-1.09357e-14
-1.28852e-14
-1.48126e-14
-1.47828e-14
 2.73533e-14
 2.70609e-14
 2.88066e-14
 3.19043e-14
 3.10599e-14
 2.71747e-14
 1.96540e-14
 9.19203e-15
-4.18030e-15
-8.23899e-15
-5.62528e-15
 3.10327e-15
 1.71486e-14
 3.27144e-14
 4.29936e-14
 4.24826e-14
 3.66811e-14
 2.69983e-14
 1.52610e-14
 3.56075e-15
 2.01440e-15
 5.36781e-15
 1.57476e-14
 2.01243e-14
 1.47122e-14
 1.47420e-14
 1.78958e-14
 2.43054e-14
 2.42926e-14
 2.26245e-14
 0.00000e+00
 0.00000e+00
 0.00000e+00
 0.00000e+00
 0.00000e+00
 0.00000e+00
 0.00000e+00
 0.00000e+00
 0.00000e+00
 0.00000e+00
 0.00000e+00
 0.00000e+00
 0.00000e+00
 0.00000e+00
 0.00000e+00
 0.00000e+00
 0.00000e+00
 0.00000e+00
 0.00000e+00
 0.00000e+00
 0.00000e+00
 0.00000e+00
 0.00000e+00
 0.00000e+00
 0.00000e+00
 0.00000e+00
 0.00000e+00
 0.00000e+00
 0.00000e+00
 0.00000e+00
 0.00000e+00
 0.00000e+00
 0.00000e+00
 0.00000e+00
 0.00000e+00
 0.00000e+00
 0.00000e+00
 0.00000e+00
 0.00000e+00
 0.00000e+00
 0.00000e+00
 0.00000e+00
 0.00000e+00
 0.00000e+00
 0.00000e+00
 0.00000e+00
 0.00000e+00
 0.00000e+00
 0.00000e+00
 0.00000e+00
 0.00000e+00
 0.00000e+00
 0.00000e+00
 0.00000e+00
 0.00000e+00
 0.00000e+00
 0.00000e+00
 0.00000e+00
 0.00000e+00
 0.00000e+00
-5.47055e-15
-5.22820e-15
-5.27164e-15
-5.13435e-15
-5.02965e-15
-6.45953e-15
-1.03209e-14
-1.07679e-14
-9.06166e-15
-4.88308e-15
 1.32731e-15
 2.90686e-15
 1.89434e-15
 1.13806e-17
-2.63553e-15
-7.64192e-15
-9.51208e-15
-8.47242e-15
-5.10661e-15
-2.40301e-17
 7.11111e-15
 1.01453e-14
 1.32003e-14
 1.06221e-14
 4.85468e-15
 4.41246e-15
 4.72562e-15
 7.19406e-15
 5.83158e-15
 7.30187e-15
 1.32468e-15
 3.44942e-15
 2.92391e-15
 2.20956e-16
 4.92494e-16
 3.42525e-15
 7.58921e-15
 8.22136e-15
 8.36053e-15
 8.76224e-15
 8.36958e-15
 6.26070e-15
 2.85083e-15
 1.25921e-15
 1.04737e-15
 1.67002e-15
 3.53158e-15
 5.57260e-15
 6.07699e-15
 6.69805e-15
 6.00582e-15
 3.18642e-15
 3.00519e-15
 4.22383e-15
 6.98502e-15
 7.78449e-15
 2.95342e-15
-1.69698e-16
-2.82343e-15
-3.60776e-15
 1.37017e-14
 1.32667e-14
 1.37917e-14
 1.40469e-14
 1.38308e-14
 1.47174e-14
 1.74531e-14
 2.18253e-14
 2.79952e-14
 2.93581e-14
 2.83497e-14
 2.71281e-14
 2.66499e-14
 2.67618e-14
 2.68141e-14
 2.64578e-14
 2.44159e-14
 1.93757e-14
 1.15165e-14
 4.35873e-15
 4.19051e-15
 5.42120e-15
 4.65041e-15
 5.37375e-15
 8.16316e-15
 1.07947e-14
 1.03703e-14
 1.30207e-14
 1.25417e-14
 7.34514e-15
-1.75642e-15
-1.17204e-15
-1.00538e-15
-2.77566e-15
-5.08164e-15
-7.73854e-15
-1.17427e-14
-1.85370e-14
-2.76160e-14
-3.22736e-14
-3.23839e-14
-3.09436e-14
-2.88106e-14
-2.80634e-14
-2.79754e-14
-2.88565e-14
-2.83790e-14
-2.49586e-14
-1.82038e-14
-1.45720e-14
-1.41441e-14
-1.22679e-14
-5.47762e-15
-3.52084e-15
-6.32311e-15
-6.63002e-15
-5.68879e-15
-5.83097e-16
-2.16145e-15
-2.01714e-15
 0.00000e+00
 0.00000e+00
 0.00000e+00
 0.00000e+00
 0.00000e+00
 0.00000e+00
 0.00000e+00
 0.00000e+00
 0.00000e+00
 0.00000e+00
 0.00000e+00
 0.00000e+00
 0.00000e+00
 0.00000e+00
 0.00000e+00
 0.00000e+00
 0.00000e+00
 0.00000e+00
 0.00000e+00
 0.00000e+00
 0.00000e+00
 0.00000e+00
 0.00000e+00
 0.00000e+00
 0.00000e+00
 0.00000e+00
 0.00000e+00
 0.00000e+00
 0.00000e+00
 0.00000e+00
 0.00000e+00
 0.00000e+00
 0.00000e+00
 0.00000e+00
 0.00000e+00
 0.00000e+00
 0.00000e+00
 0.00000e+00
 0.00000e+00
 0.00000e+00
 0.00000e+00
 0.00000e+00
 0.00000e+00
 0.00000e+00
 0.00000e+00
 0.00000e+00
 0.00000e+00
 0.00000e+00
 0.00000e+00
 0.00000e+00
 0.00000e+00
 0.00000e+00
 0.00000e+00
 0.00000e+00
 0.00000e+00
 0.00000e+00
 0.00000e+00
 0.00000e+00
 0.00000e+00
 0.00000e+00
-2.99590e-15
-2.54751e-15
-1.22607e-15
 1.88408e-15
 6.94397e-15
 7.46487e-15
 5.14631e-15
 1.18952e-16
-5.80298e-15
-1.25946e-14
-1.33103e-14
-1.18280e-14
-7.53903e-15
 5.09482e-16
 9.83594e-15
 1.40034e-14
 1.85575e-14
 1.99205e-14
 1.60562e-14
 5.11668e-15
-6.93068e-16
-2.57938e-16
 3.31469e-15
 5.45579e-16
-5.96454e-15
-7.37357e-15
-7.05782e-15
-3.33634e-15
-6.35467e-15
-5.88861e-15
 8.62406e-15
 1.03547e-14
 1.15427e-14
 1.05327e-14
 9.50790e-15
 1.10496e-14
 1.48035e-14
 2.16845e-14
 3.30779e-14
 4.15773e-14
 4.39675e-14
 4.32209e-14
 3.78672e-14
 2.58472e-14
 8.93542e-15
-6.88510e-16
-1.44178e-15
 1.76486e-15
 1.18461e-14
 2.94225e-14
 3.80553e-14
 3.43101e-14
 2.65416e-14
 2.48753e-14
 2.50813e-14
 2.57942e-14
 1.90504e-14
 1.58148e-14
 1.75381e-14
 1.59529e-14
 1.00337e-14
 1.00078e-14
 1.19590e-14
 1.63830e-14
 2.05689e-14
 2.22075e-14
 2.08559e-14
 1.65714e-14
 9.66417e-15
 3.86962e-15
 3.00017e-15
 5.09350e-15
 1.08339e-14
 1.96324e-14
 3.21305e-14
 3.33607e-14
 2.59930e-14
 9.72300e-15
-1.37407e-14
-2.87184e-14
-2.78868e-14
-1.89132e-14
-4.79798e-15
 1.70740e-15
 2.06430e-15
 3.06373e-16
-1.21213e-15
 2.99360e-15
 1.25689e-15
-6.51849e-15
-9.79793e-15
-8.55778e-15
-1.05029e-14
-1.77103e-14
-2.94173e-14
-4.04237e-14
-4.17481e-14
-4.07774e-14
-3.75682e-14
-3.02960e-14
-2.47003e-14
-2.51845e-14
-3.00440e-14
-3.91711e-14
-5.29649e-14
-5.56738e-14
-4.92835e-14
-3.26787e-14
-7.61254e-15
 2.75006e-15
 7.35397e-16
-4.13473e-15
-4.90215e-15
-4.90238e-15
-3.46039e-15
-1.26129e-15
-1.84293e-15
-1.22578e-15
-4.29736e-15
-8.35364e-16
 0.00000e+00
 0.00000e+00
 0.00000e+00
 0.00000e+00
 0.00000e+00
 0.00000e+00
 0.00000e+00
 0.00000e+00
 0.00000e+00
 0.00000e+00
 0.00000e+00
 0.00000e+00
 0.00000e+00
 0.00000e+00
 0.00000e+00
 0.00000e+00
 0.00000e+00
 0.00000e+00
 0.00000e+00
 0.00000e+00
 0.00000e+00
 0.00000e+00
 0.00000e+00
 0.00000e+00
 0.00000e+00
 0.00000e+00
 0.00000e+00
 0.00000e+00
 0.00000e+00
 0.00000e+00
 0.00000e+00
 0.00000e+00
 0.00000e+00
 0.00000e+00
 0.00000e+00
 0.00000e+00
 0.00000e+00
 0.00000e+00
 0.00000e+00
 0.00000e+00
 0.00000e+00
 0.00000e+00
 0.00000e+00
 0.00000e+00
 0.00000e+00
 0.00000e+00
 0.00000e+00
 0.00000e+00
 0.00000e+00
 0.00000e+00
 0.00000e+00
 0.00000e+00
 0.00000e+00
 0.00000e+00
 0.00000e+00
 0.00000e+00
 0.00000e+00
 0.00000e+00
 0.00000e+00
 0.00000e+00
 0.00000e+00
 0.00000e+00
 0.00000e+00
 0.00000e+00
 0.00000e+00
 0.00000e+00
 0.00000e+00
 0.00000e+00
 0.00000e+00
 0.00000e+00
 0.00000e+00
 0.00000e+00
 0.00000e+00
 0.00000e+00
 0.00000e+00
 0.00000e+00
 0.00000e+00
 0.00000e+00
 0.00000e+00
 0.00000e+00
 0.00000e+00
 0.00000e+00
 0.00000e+00
 0.00000e+00
 0.00000e+00
 0.00000e+00
 0.00000e+00
 0.00000e+00
 0.00000e+00
 0.00000e+00
 0.00000e+00
 0.00000e+00
 0.00000e+00
 0.00000e+00
 0.00000e+00
 0.00000e+00
 0.00000e+00
 0.00000e+00
 0.00000e+00
 0.00000e+00
 0.00000e+00
 0.00000e+00
 0.00000e+00
 0.00000e+00
 0.00000e+00
 0.00000e+00
 0.00000e+00
 0.00000e+00
 0.00000e+00
 0.00000e+00
 0.00000e+00
 0.00000e+00
 0.00000e+00
 0.00000e+00
 0.00000e+00
 0.00000e+00
 0.00000e+00
 0.00000e+00
 0.00000e+00
 0.00000e+00
 0.00000e+00
 0.00000e+00
 0.00000e+00
 0.00000e+00
 0.00000e+00
 0.00000e+00
 0.00000e+00
 0.00000e+00
 0.00000e+00
 0.00000e+00
 0.00000e+00
 0.00000e+00
 0.00000e+00
 0.00000e+00
 0.00000e+00
 0.00000e+00
 0.00000e+00
 0.00000e+00
 0.00000e+00
 0.00000e+00
 0.00000e+00
 0.00000e+00
 0.00000e+00
 0.00000e+00
 0.00000e+00
 0.00000e+00
 0.00000e+00
 0.00000e+00
 0.00000e+00
 0.00000e+00
 0.00000e+00
 0.00000e+00
 0.00000e+00
 0.00000e+00
 0.00000e+00
 0.00000e+00
 0.00000e+00
 0.00000e+00
 0.00000e+00
 0.00000e+00
 0.00000e+00
 0.00000e+00
 0.00000e+00
 0.00000e+00
 0.00000e+00
 0.00000e+00
 0.00000e+00
 0.00000e+00
 0.00000e+00
 0.00000e+00
 0.00000e+00
 0.00000e+00
 0.00000e+00
 0.00000e+00
 0.00000e+00
 0.00000e+00
 0.00000e+00
 0.00000e+00
 0.00000e+00
 0.00000e+00
 0.00000e+00
 0.00000e+00
 0.00000e+00
 0.00000e+00
 0.00000e+00
 0.00000e+00
 0.00000e+00
 0.00000e+00
 0.00000e+00
 0.00000e+00
 0.00000e+00
 0.00000e+00
 0.00000e+00
 0.00000e+00
 0.00000e+00
 0.00000e+00
 0.00000e+00
 0.00000e+00
 0.00000e+00
 0.00000e+00
 0.00000e+00
 0.00000e+00
 0.00000e+00
 0.00000e+00
 0.00000e+00
 0.00000e+00
 0.00000e+00
 0.00000e+00
 0.00000e+00
 0.00000e+00
-1.06913e-15
-2.06850e-15
 7.85699e-16
 8.02851e-15
 1.65454e-14
 1.49508e-14
 9.61872e-15
 1.01951e-14
 1.15940e-14
 8.55814e-15
 3.31728e-15
 2.86375e-15
 4.02246e-15
 6.83882e-15
 6.60173e-15
 2.20731e-15
-9.11504e-15
-2.51161e-14
-3.67221e-14
-3.61806e-14
-2.76264e-14
-1.22336e-14
 1.30148e-15
 2.14588e-15
 1.00923e-15
-7.03361e-16
-1.87341e-15
-4.60845e-15
-5.77169e-15
-5.19227e-15
 1.57439e-14
 1.40900e-14
 1.29190e-14
 1.31374e-14
 1.56123e-14
 1.54187e-14
 1.23209e-14
 1.22386e-14
 1.42221e-14
 1.59131e-14
 1.68628e-14
 1.88522e-14
 2.22591e-14
 2.47347e-14
 2.60725e-14
 2.34172e-14
 1.48439e-14
 2.28445e-15
-9.83440e-15
-1.15722e-14
-5.55167e-15
 8.80003e-15
 1.97244e-14
 2.41483e-14
 2.33342e-14
 2.01943e-14
 1.90085e-14
 1.57137e-14
 1.12710e-14
 7.61493e-15
 1.07570e-14
 7.13486e-15
 3.32633e-15
 1.25211e-15
 2.41920e-15
 3.14929e-15
 2.77397e-15
 1.84700e-15
 1.81780e-15
 2.03845e-15
 1.66949e-15
 8.47318e-16
-2.62888e-16
-1.17953e-15
-8.23813e-16
 1.56423e-15
 1.06905e-15
-2.56101e-15
-9.51171e-15
-1.61422e-14
-1.50237e-14
-7.80669e-15
-6.24902e-15
-4.89236e-15
-6.02525e-15
-1.06327e-14
-1.23843e-14
-1.43838e-14
-1.28945e-14
-1.10902e-14
-1.02760e-14
-1.46927e-14
-1.50725e-14
-1.47697e-14
-1.68098e-14
-2.35313e-14
-2.76461e-14
-2.89083e-14
-2.91164e-14
-2.91259e-14
-2.90686e-14
-2.85883e-14
-2.85805e-14
-3.10583e-14
-3.71458e-14
-4.50151e-14
-5.37709e-14
-6.13085e-14
-5.98257e-14
-5.23086e-14
-3.93827e-14
-1.91672e-14
-1.42070e-14
-1.54376e-14
-1.76121e-14
-1.84609e-14
-1.69709e-14
-1.60697e-14
-1.09539e-14
-6.15766e-15
-3.40967e-15
-2.38657e-15
-1.04335e-15
-1.93885e-15
-5.37054e-15
-1.11646e-14
-1.59099e-14
-1.62421e-14
-1.50574e-14
-1.37822e-14
-1.45539e-14
-1.64340e-14
-1.76390e-14
-1.91017e-14
-2.20726e-14
-2.63603e-14
-3.21132e-14
-3.20549e-14
-2.84488e-14
-2.21305e-14
-1.22694e-14
 3.53397e-15
 9.85477e-15
 9.62045e-15
 7.73578e-15
 8.97099e-15
 1.25015e-14
 9.88711e-15
 5.98027e-15
 4.83674e-15
 1.02535e-14
 1.49702e-14
 1.78835e-14
 1.67486e-14
 1.65267e-14
 1.81600e-14
 1.91962e-14
 2.04344e-14
 1.98716e-14
 1.63382e-14
 7.89297e-15
-3.40322e-15
-1.54186e-14
-1.64742e-14
-1.22192e-14
-2.18841e-15
 1.18499e-14
 2.57013e-14
 2.59572e-14
 1.87564e-14
 8.57674e-15
 3.85725e-15
 4.42841e-16
-4.33641e-16
-2.11300e-15
-4.05970e-15
-4.17564e-15
-9.55536e-15
-1.52450e-14
-1.60102e-14
 8.32433e-16
 1.39067e-14
 1.43095e-14
 7.10314e-15
 3.10495e-16
 1.94213e-15
 2.60577e-15
-9.69891e-16
-1.64587e-15
 5.02126e-15
 1.85541e-14
 2.52388e-14
 2.64706e-14
 2.41472e-14
 2.00701e-14
 2.29601e-14
 3.35708e-14
 5.26819e-14
 5.92675e-14
 5.93559e-14
 5.42998e-14
 4.21113e-14
 2.83845e-14
 2.36237e-14
 1.91045e-14
 2.16915e-14
 3.32766e-14
 3.48489e-14
 3.39793e-14
 2.73149e-14
-1.79450e-14
-9.93980e-15
-9.12076e-15
-1.29498e-14
-1.68472e-14
-1.42046e-14
-7.32851e-15
-5.89348e-15
-7.47112e-15
-8.92865e-15
-9.22652e-15
-9.97576e-15
-1.07002e-14
-1.22221e-14
-1.08198e-14
-4.18226e-15
 7.37336e-15
 2.30536e-14
 3.59370e-14
 3.57772e-14
 2.69641e-14
 8.50382e-15
-1.51874e-14
-2.35362e-14
-2.37329e-14
-1.77958e-14
-4.27364e-15
-2.69317e-15
 3.28157e-16
 1.67668e-15
-1.83118e-15
 6.35744e-16
 2.45408e-16
-2.02856e-15
-3.70195e-15
-2.21314e-15
 2.19676e-15
 5.39480e-15
 5.37515e-15
 4.98145e-15
 5.54972e-15
 7.35372e-15
 9.01965e-15
 9.56694e-15
 1.13105e-14
 1.61630e-14
 2.26691e-14
 3.22165e-14
 4.01183e-14
 3.79616e-14
 2.94984e-14
 1.54345e-14
 1.00141e-14
 1.21343e-14
 1.35870e-14
 1.50787e-14
 1.89591e-14
 1.94309e-14
 2.40535e-14
 2.36526e-14
 6.56072e-15
 1.03435e-14
 9.59659e-15
 9.87537e-15
 1.26121e-14
 1.94233e-14
 2.35301e-14
 2.33760e-14
 2.26698e-14
 2.32611e-14
 2.36545e-14
 2.19604e-14
 1.76835e-14
 1.46534e-14
 1.62859e-14
 2.18445e-14
 2.96177e-14
 3.86684e-14
 4.09268e-14
 3.73473e-14
 2.70343e-14
 1.93126e-14
 2.14530e-14
 3.01776e-14
 3.09588e-14
 2.61862e-14
 2.55996e-14
 2.41802e-14
 2.38266e-14
 2.00332e-14
-5.50780e-15
-3.66805e-15
-3.06797e-15
-1.17883e-15
 1.74531e-15
 6.41703e-15
 1.23043e-14
 1.36732e-14
 1.35170e-14
 1.40070e-14
 1.39983e-14
 1.17112e-14
 8.81554e-15
 8.59405e-15
 1.04060e-14
 1.46608e-14
 2.00830e-14
 2.06106e-14
 1.79368e-14
 1.15530e-14
 1.36982e-15
-1.00748e-14
-9.20483e-15
-5.40745e-15
 2.75141e-16
 9.79756e-16
 2.92672e-15
 1.83345e-15
 3.73064e-15
 3.95919e-15
 1.16793e-14
 9.74779e-15
 9.50959e-15
 1.08759e-14
 9.51104e-15
 5.36780e-15
 4.06042e-15
 5.55389e-15
 9.55914e-15
 1.81142e-14
 2.99418e-14
 4.14930e-14
 5.45852e-14
 5.89975e-14
 5.72147e-14
 5.18802e-14
 4.42899e-14
 3.56601e-14
 2.38686e-14
 1.54716e-14
 1.10550e-14
 1.22331e-14
 1.95340e-14
 2.88634e-14
 3.87644e-14
 3.98776e-14
 4.17349e-14
 4.21450e-14
 4.67416e-14
 4.61491e-14
 8.97166e-15
-3.23581e-15
-1.23454e-15
 8.17478e-15
 1.94624e-14
 1.91388e-14
 1.55745e-14
 1.33251e-14
 8.85810e-15
-3.63432e-15
-1.96757e-14
-2.06199e-14
-1.82346e-14
-1.33273e-14
-5.97623e-15
-5.55134e-15
-9.74431e-15
-1.78464e-14
-2.21851e-14
-2.59557e-14
-2.69115e-14
-2.08021e-14
-1.72152e-14
-1.43255e-14
-1.07217e-14
-1.25133e-14
-1.34589e-14
-1.28169e-14
-5.87705e-15
 5.05597e-15
 8.82827e-15
 2.22567e-16
 1.79736e-15
 1.09242e-14
 1.85274e-14
 1.56711e-14
 7.42775e-15
 6.32977e-15
 6.53595e-15
 4.94904e-15
 3.29044e-15
 4.14484e-15
 4.20714e-15
 1.86244e-15
-4.26730e-15
-1.34257e-14
-2.48799e-14
-3.14816e-14
-2.95686e-14
-2.24906e-14
-9.30462e-15
 1.07741e-14
 2.33221e-14
 2.55945e-14
 2.32483e-14
 1.64504e-14
 1.60444e-14
 1.73052e-14
 2.42430e-14
 2.69959e-14
-8.09103e-15
-1.10698e-14
-1.00019e-14
-5.16202e-15
-1.80248e-15
-4.00973e-15
-1.12721e-14
-1.50550e-14
-1.49644e-14
-1.43484e-14
-1.28910e-14
-1.19188e-14
-1.27237e-14
-1.62428e-14
-2.21424e-14
-3.00067e-14
-4.07974e-14
-4.33942e-14
-3.95363e-14
-2.85143e-14
-1.15822e-14
 8.04783e-15
 1.63942e-14
 1.50887e-14
 1.33433e-14
 1.28071e-14
 1.36589e-14
 1.06008e-14
 1.11643e-14
 1.40012e-14
 6.90232e-15
 2.57437e-15
 5.60480e-16
-6.39597e-16
-2.08525e-15
-4.57056e-15
-7.48190e-15
-7.39499e-15
-5.67247e-15
-4.67313e-15
-3.97813e-15
-2.70954e-15
-6.39464e-16
 1.50672e-15
 3.85239e-15
 3.74831e-15
 2.34718e-15
 2.16241e-15
 2.73856e-15
 5.23818e-15
 8.79262e-15
 7.68388e-15
 2.89051e-15
-1.87384e-15
 1.54743e-15
 1.07654e-14
 1.39713e-14
 7.98924e-15
 7.92866e-15
 1.16418e-14
 1.53260e-14
 1.01191e-14
 5.19017e-15
 3.87834e-15
 5.18720e-15
 6.99274e-15
 7.03535e-15
 8.44587e-15
 8.42689e-15
 6.11810e-15
 1.67037e-15
-8.56661e-16
-8.45539e-16
-6.06422e-16
 2.72252e-16
 1.04366e-15
 1.26293e-15
 3.13372e-15
 7.21914e-15
 1.22710e-14
 1.73515e-14
 1.58190e-14
 1.03926e-14
 5.41879e-15
 6.77717e-15
 1.11528e-14
 1.93215e-14
 1.97480e-14
 2.13702e-14
 2.10360e-14
-2.16251e-15
-6.97583e-15
-9.89290e-15
-9.20972e-15
-3.47140e-15
 7.85816e-15
 8.99651e-15
 6.32325e-15
-1.66786e-15
-1.41652e-14
-2.88961e-14
-4.12586e-14
-4.63846e-14
-4.62313e-14
-4.21947e-14
-3.87093e-14
-3.88658e-14
-3.70229e-14
-3.12634e-14
-2.22595e-14
-1.02554e-14
-7.96822e-15
-9.77822e-15
-1.59490e-14
-1.71588e-14
-1.58898e-14
-9.75113e-15
-5.42049e-15
-3.27374e-15
-6.08011e-15
-4.96713e-16
 2.95587e-16
-4.65000e-15
-1.47344e-14
-2.75993e-14
-2.87566e-14
-2.51996e-14
-1.85387e-14
-1.36834e-14
-4.91824e-15
-6.08141e-16
-3.37303e-15
-9.11896e-15
-1.51764e-14
-1.75561e-14
-1.51946e-14
-1.12885e-14
-9.20599e-15
-6.78483e-15
-3.09474e-15
 1.43134e-15
 5.91007e-16
-3.12086e-15
-8.22938e-16
 2.19568e-15
 4.47451e-15
 7.27320e-15
 5.94727e-15
 6.26678e-15
 5.51821e-15
 9.11102e-16
 2.80659e-15
-3.56909e-16
-8.75932e-15
-1.45431e-14
-1.33897e-14
-9.05876e-15
-8.72629e-15
-1.14438e-14
-1.25511e-14
-1.44834e-14
-1.83608e-14
-1.79840e-14
-1.42490e-14
-6.67955e-15
 5.50350e-15
 1.66246e-14
 1.76978e-14
 1.30956e-14
 2.31259e-15
-5.46072e-15
-9.43801e-15
-1.29932e-14
-1.10570e-14
-7.97145e-15
-6.82835e-15
-3.79763e-15
-3.65415e-15
-5.10260e-15
-6.43261e-15
 8.46574e-15
 1.20768e-14
 1.16487e-14
 8.74786e-15
 6.98337e-15
 8.35158e-15
 1.41433e-14
 1.63149e-14
 1.48447e-14
 1.24770e-14
 8.39395e-15
 5.85574e-15
 7.29161e-15
 1.10435e-14
 1.68291e-14
 2.46302e-14
 3.50711e-14
 4.18437e-14
 3.93109e-14
 2.98036e-14
 2.00397e-14
 1.23015e-14
 2.06075e-15
 5.95459e-16
-6.49938e-16
-1.16168e-15
 7.46936e-16
 1.97618e-15
 2.93131e-15
 6.55165e-16
 1.23489e-14
 1.50134e-14
 1.99957e-14
 2.21137e-14
 2.28260e-14
 2.36412e-14
 2.52415e-14
 2.51107e-14
 2.22383e-14
 1.82614e-14
 1.83575e-14
 2.05571e-14
 2.49551e-14
 2.87124e-14
 3.27685e-14
 3.32395e-14
 3.06790e-14
 2.49791e-14
 2.02032e-14
 1.79342e-14
 1.88437e-14
 2.02766e-14
 1.83415e-14
 1.76459e-14
 1.30755e-14
 5.00803e-15
 4.56993e-15
 6.09232e-15
 1.14256e-14
 8.16944e-15
-1.33569e-15
 4.22641e-15
 7.12968e-15
 6.31085e-15
 2.36696e-15
-1.94900e-15
-2.97765e-15
-5.07620e-15
-7.01263e-15
-5.15952e-15
-8.30282e-16
 4.07838e-15
 7.87596e-15
 1.03929e-14
 1.30248e-14
 1.28451e-14
 1.04014e-14
 6.12682e-15
 3.36787e-15
 7.35450e-16
 1.03199e-15
 5.16230e-15
 8.20230e-15
 1.17837e-14
 9.37879e-15
 6.42680e-16
-3.39631e-15
-5.40138e-15
-4.28713e-15
-5.31074e-15
-4.32041e-15
 1.03864e-15
 1.71388e-16
-4.92354e-15
-1.75373e-14
-2.88194e-14
-2.83062e-14
-2.29270e-14
-1.45059e-14
-1.26494e-15
 1.29234e-14
 1.45666e-14
 1.06117e-14
 9.22663e-16
-1.22003e-14
-1.37281e-14
-9.86063e-15
 2.17345e-16
 1.61033e-14
 1.97100e-14
 1.81641e-14
 1.62046e-14
 1.07832e-14
 1.20915e-14
 1.35245e-14
 9.30301e-15
 4.05280e-15
-1.85134e-15
-1.80102e-15
 1.45755e-15
 0.00000e+00
 0.00000e+00
 0.00000e+00
 0.00000e+00
 0.00000e+00
 0.00000e+00
 0.00000e+00
 0.00000e+00
 0.00000e+00
 0.00000e+00
 0.00000e+00
 0.00000e+00
 0.00000e+00
 0.00000e+00
 0.00000e+00
 0.00000e+00
 0.00000e+00
 0.00000e+00
 0.00000e+00
 0.00000e+00
 0.00000e+00
 0.00000e+00
 0.00000e+00
 0.00000e+00
 0.00000e+00
 0.00000e+00
 0.00000e+00
 0.00000e+00
 0.00000e+00
 0.00000e+00
 0.00000e+00
 0.00000e+00
 0.00000e+00
 0.00000e+00
 0.00000e+00
 0.00000e+00
 0.00000e+00
 0.00000e+00
 0.00000e+00
 0.00000e+00
 0.00000e+00
 0.00000e+00
 0.00000e+00
 0.00000e+00
 0.00000e+00
 0.00000e+00
 0.00000e+00
 0.00000e+00
 0.00000e+00
 0.00000e+00
 0.00000e+00
 0.00000e+00
 0.00000e+00
 0.00000e+00
 0.00000e+00
 0.00000e+00
 0.00000e+00
 0.00000e+00
 0.00000e+00
 0.00000e+00
 0.00000e+00
 0.00000e+00
 0.00000e+00
 0.00000e+00
 0.00000e+00
 0.00000e+00
 0.00000e+00
 0.00000e+00
 0.00000e+00
 0.00000e+00
 0.00000e+00
 0.00000e+00
 0.00000e+00
 0.00000e+00
 0.00000e+00
 0.00000e+00
 0.00000e+00
 0.00000e+00
 0.00000e+00
 0.00000e+00
 0.00000e+00
 0.00000e+00
 0.00000e+00
 0.00000e+00
 0.00000e+00
 0.00000e+00
 0.00000e+00
 0.00000e+00
 0.00000e+00
 0.00000e+00
 0.00000e+00
 0.00000e+00
 0.00000e+00
 0.00000e+00
 0.00000e+00
 0.00000e+00
 0.00000e+00
 0.00000e+00
 0.00000e+00
 0.00000e+00
 0.00000e+00
 0.00000e+00
 0.00000e+00
 0.00000e+00
 0.00000e+00
 0.00000e+00
 0.00000e+00
 0.00000e+00
 0.00000e+00
 0.00000e+00
 0.00000e+00
 0.00000e+00
 0.00000e+00
 0.00000e+00
 0.00000e+00
 0.00000e+00
 0.00000e+00
 0.00000e+00
 0.00000e+00
 0.00000e+00
 0.00000e+00
 0.00000e+00
 0.00000e+00
 0.00000e+00
 0.00000e+00
 0.00000e+00
 0.00000e+00
 0.00000e+00
 0.00000e+00
 0.00000e+00
 0.00000e+00
 0.00000e+00
 0.00000e+00
 0.00000e+00
 0.00000e+00
 0.00000e+00
 0.00000e+00
 0.00000e+00
 0.00000e+00
 0.00000e+00
 0.00000e+00
 0.00000e+00
 0.00000e+00
 0.00000e+00
 0.00000e+00
 0.00000e+00
 0.00000e+00
 0.00000e+00
 0.00000e+00
 0.00000e+00
 0.00000e+00
 0.00000e+00
 0.00000e+00
 0.00000e+00
 0.00000e+00
 0.00000e+00
 0.00000e+00
 0.00000e+00
 0.00000e+00
 0.00000e+00
 0.00000e+00
 0.00000e+00
 0.00000e+00
 0.00000e+00
 0.00000e+00
 0.00000e+00
 0.00000e+00
 0.00000e+00
 0.00000e+00
 0.00000e+00
 0.00000e+00
 0.00000e+00
 0.00000e+00
 0.00000e+00
 0.00000e+00
 0.00000e+00
 0.00000e+00
 0.00000e+00
 0.00000e+00
 0.00000e+00
part
         4
coordinates
 9.27343e-01
 9.27557e-01
 9.27838e-01
 9.27911e-01
 9.27585e-01
 9.26214e-01
 9.23031e-01
 9.16276e-01
 9.02737e-01
 8.76147e-01
 8.31537e-01
 7.63927e-01
 6.52117e-01
 4.91860e-01
 3.12915e-01
 1.62028e-01
 6.49926e-02
 2.07691e-02
 5.82826e-03
 1.54799e-03
 4.00403e-04
 1.01582e-04
 2.52985e-05
 6.18069e-06
 1.48021e-06
 3.47158e-07
 7.74999e-08
 0.00000e+00
 9.27343e-01
 9.27557e-01
 9.27838e-01
 9.27911e-01
 9.27585e-01
 9.26214e-01
 9.23031e-01
 9.16276e-01
 9.02737e-01
 8.76147e-01
 8.31537e-01
 7.63927e-01
 6.52117e-01
 4.91860e-01
 3.12915e-01
 1.62028e-01
 6.49926e-02
 2.07691e-02
 5.82826e-03
 1.54799e-03
 4.00403e-04
 1.01582e-04
 2.52985e-05
 6.18069e-06
 1.48021e-06
 3.47158e-07
 7.74998e-08
 0.00000e+00
 9.27343e-01
 9.27557e-01
 9.27838e-01
 9.27911e-01
 9.27585e-01
 9.26214e-01
 9.23031e-01
 9.16276e-01
 9.02737e-01
 8.76147e-01
 8.31537e-01
 7.63927e-01
 6.52117e-01
 4.91860e-01
 3.12915e-01
 1.62028e-01
 6.49926e-02
 2.07691e-02
 5.82826e-03
 1.54799e-03
 4.00403e-04
 1.01582e-04
 2.52985e-05
 6.18069e-06
 1.48021e-06
 3.47158e-07
 7.74998e-08
 0.00000e+00
 9.27343e-01
 9.27557e-01
 9.27838e-01
 9.27911e-01
 9.27585e-01
 9.26214e-01
 9.23031e-01
 9.16276e-01
 9.02737e-01
 8.76147e-01
 8.31537e-01
 7.63927e-01
 6.52117e-01
 4.91860e-01
 3.12915e-01
 1.62028e-01
 6.49926e-02
 2.07691e-02
 5.82826e-03
 1.54799e-03
 4.00403e-04
 1.01582e-04
 2.52985e-05
 6.18069e-06
 1.48021e-06
 3.47158e-07
 7.74999e-08
 0.00000e+00
 9.27343e-01
 9.27557e-01
 9.27838e-01
 9.27911e-01
 9.27585e-01
 9.26214e-01
 9.23031e-01
 9.16276e-01
 9.02737e-01
 8.76147e-01
 8.31537e-01
 7.63927e-01
 6.52117e-01
 4.91860e-01
 3.12915e-01
 1.62028e-01
 6.49926e-02
 2.07691e-02
 5.82826e-03
 1.54799e-03
 4.00403e-04
 1.01582e-04
 2.52985e-05
 6.18069e-06
 1.48021e-06
 3.47158e-07
 7.74998e-08
 0.00000e+00
 9.27343e-01
 9.27557e-01
 9.27838e-01
 9.27911e-01
 9.27585e-01
 9.26214e-01
 9.23031e-01
 9.16276e-01
 9.02737e-01
 8.76147e-01
 8.31537e-01
 7.63927e-01
 6.52117e-01
 4.91860e-01
 3.12915e-01
 1.62028e-01
 6.49926e-02
 2.07691e-02
 5.82826e-03
 1.54799e-03
 4.00403e-04
 1.01582e-04
 2.52985e-05
 6.18069e-06
 1.48021e-06
 3.47158e-07
 7.74998e-08
 0.00000e+00
 9.27343e-01
 9.27557e-01
 9.27838e-01
 9.27911e-01
 9.27585e-01
 9.26214e-01
 9.23031e-01
 9.16276e-01
 9.02737e-01
 8.76147e-01
 8.31537e-01
 7.63927e-01
 6.52117e-01
 4.91860e-01
 3.12915e-01
 1.62028e-01
 6.49926e-02
 2.07691e-02
 5.82826e-03
 1.54799e-03
 4.00403e-04
 1.01582e-04
 2.52985e-05
 6.18069e-06
 1.48021e-06
 3.47158e-07
 7.74998e-08
 0.00000e+00
 9.27343e-01
 9.27557e-01
 9.27838e-01
 9.27911e-01
 9.27585e-01
 9.26214e-01
 9.23031e-01
 9.16276e-01
 9.02737e-01
 8.76147e-01
 8.31537e-01
 7.63927e-01
 6.52117e-01
 4.91860e-01
 3.12915e-01
 1.62028e-01
 6.49926e-02
 2.07691e-02
 5.82826e-03
 1.54799e-03
 4.00403e-04
 1.01582e-04
 2.52985e-05
 6.18069e-06
 1.48021e-06
 3.47158e-07
 7.74999e-08
 0.00000e+00
 9.27343e-01
 9.27557e-01
 9.27838e-01
 9.27911e-01
 9.27585e-01
 9.26214e-01
 9.23031e-01
 9.16276e-01
 9.02737e-01
 8.76147e-01
 8.31537e-01
 7.63927e-01
 6.52117e-01
 4.91860e-01
 3.12915e-01
 1.62028e-01
 6.49926e-02
 2.07691e-02
 5.82826e-03
 1.54799e-03
 4.00403e-04
 1.01582e-04
 2.52985e-05
 6.18069e-06
 1.48021e-06
 3.47158e-07
 7.74998e-08
 0.00000e+00
 9.27343e-01
 9.27557e-01
 9.27838e-01
 9.27911e-01
 9.27585e-01
 9.26214e-01
 9.23031e-01
 9.16276e-01
 9.02737e-01
 8.76147e-01
 8.31537e-01
 7.63927e-01
 6.52117e-01
 4.91860e-01
 3.12915e-01
 1.62028e-01
 6.49926e-02
 2.07691e-02
 5.82826e-03
 1.54799e-03
 4.00403e-04
 1.01582e-04
 2.52985e-05
 6.18069e-06
 1.48021e-06
 3.47158e-07
 7.74998e-08
 0.00000e+00
 9.27343e-01
 9.27557e-01
 9.27838e-01
 9.27911e-01
 9.27585e-01
 9.26214e-01
 9.23031e-01
 9.16276e-01
 9.02737e-01
 8.76147e-01
 8.31537e-01
 7.63927e-01
 6.52117e-01
 4.91860e-01
 3.12915e-01
 1.62028e-01
 6.49926e-02
 2.07691e-02
 5.82826e-03
 1.54799e-03
 4.00403e-04
 1.01582e-04
 2.52985e-05
 6.18069e-06
 1.48021e-06
 3.47158e-07
 7.74999e-08
 0.00000e+00
 9.27343e-01
 9.27557e-01
 9.27838e-01
 9.27911e-01
 9.27585e-01
 9.26214e-01
 9.23031e-01
 9.16276e-01
 9.02737e-01
 8.76147e-01
 8.31537e-01
 7.63927e-01
 6.52117e-01
 4.91860e-01
 3.12915e-01
 1.62028e-01
 6.49926e-02
 2.07691e-02
 5.82826e-03
 1.54799e-03
 4.00403e-04
 1.01582e-04
 2.52985e-05
 6.18069e-06
 1.48021e-06
 3.47158e-07
 7.74998e-08
 0.00000e+00
 9.27343e-01
 9.27557e-01
 9.27838e-01
 9.27911e-01
 9.27585e-01
 9.26214e-01
 9.23031e-01
 9.16276e-01
 9.02737e-01
 8.76147e-01
 8.31537e-01
 7.63927e-01
 6.52117e-01
 4.91860e-01
 3.12915e-01
 1.62028e-01
 6.49926e-02
 2.07691e-02
 5.82826e-03
 1.54799e-03
 4.00403e-04
 1.01582e-04
 2.52985e-05
 6.18069e-06
 1.48021e-06
 3.47158e-07
 7.74999e-08
 0.00000e+00
 9.27343e-01
 9.27557e-01
 9.27838e-01
 9.27911e-01
 9.27585e-01
 9.26214e-01
 9.23031e-01
 9.16276e-01
 9.02737e-01
 8.76147e-01
 8.31537e-01
 7.63927e-01
 6.52117e-01
 4.91860e-01
 3.12915e-01
 1.62028e-01
 6.49926e-02
 2.07691e-02
 5.82826e-03
 1.54799e-03
 4.00403e-04
 1.01582e-04
 2.52985e-05
 6.18069e-06
 1.48021e-06
 3.47158e-07
 7.74999e-08
 0.00000e+00
 9.27343e-01
 9.27557e-01
 9.27838e-01
 9.27911e-01
 9.27585e-01
 9.26214e-01
 9.23031e-01
 9.16276e-01
 9.02737e-01
 8.76147e-01
 8.31537e-01
 7.63927e-01
 6.52117e-01
 4.91860e-01
 3.12915e-01
 1.62028e-01
 6.49926e-02
 2.07691e-02
 5.82826e-03
 1.54799e-03
 4.00403e-04
 1.01582e-04
 2.52985e-05
 6.18069e-06
 1.48021e-06
 3.47158e-07
 7.74999e-08
 0.00000e+00
 9.27343e-01
 9.27557e-01
 9.27838e-01
 9.27911e-01
 9.27585e-01
 9.26214e-01
 9.23031e-01
 9.16276e-01
 9.02737e-01
 8.76147e-01
 8.31537e-01
 7.63927e-01
 6.52117e-01
 4.91860e-01
 3.12915e-01
 1.62028e-01
 6.49926e-02
 2.07691e-02
 5.82826e-03
 1.54799e-03
 4.00403e-04
 1.01582e-04
 2.52985e-05
 6.18069e-06
 1.48021e-06
 3.47158e-07
 7.74999e-08
 0.00000e+00
 9.27343e-01
 9.27557e-01
 9.27838e-01
 9.27911e-01
 9.27585e-01
 9.26214e-01
 9.23031e-01
 9.16276e-01
 9.02737e-01
 8.76147e-01
 8.31537e-01
 7.63927e-01
 6.52117e-01
 4.91860e-01
 3.12915e-01
 1.62028e-01
 6.49926e-02
 2.07691e-02
 5.82826e-03
 1.54799e-03
 4.00403e-04
 1.01582e-04
 2.52985e-05
 6.18069e-06
 1.48021e-06
 3.47158e-07
 7.74999e-08
 0.00000e+00
 9.27343e-01
 9.27557e-01
 9.27838e-01
 9.27911e-01
 9.27585e-01
 9.26214e-01
 9.23031e-01
 9.16276e-01
 9.02737e-01
 8.76147e-01
 8.31537e-01
 7.63927e-01
 6.52117e-01
 4.91860e-01
 3.12915e-01
 1.62028e-01
 6.49926e-02
 2.07691e-02
 5.82826e-03
 1.54799e-03
 4.00403e-04
 1.01582e-04
 2.52985e-05
 6.18069e-06
 1.48021e-06
 3.47158e-07
 7.74999e-08
 0.00000e+00
 9.27343e-01
 9.27557e-01
 9.27838e-01
 9.27911e-01
 9.27585e-01
 9.26214e-01
 9.23031e-01
 9.16276e-01
 9.02737e-01
 8.76147e-01
 8.31537e-01
 7.63927e-01
 6.52117e-01
 4.91860e-01
 3.12915e-01
 1.62028e-01
 6.49926e-02
 2.07691e-02
 5.82826e-03
 1.54799e-03
 4.00403e-04
 1.01582e-04
 2.52985e-05
 6.18069e-06
 1.48021e-06
 3.47158e-07
 7.74999e-08
 0.00000e+00
 9.27343e-01
 9.27557e-01
 9.27838e-01
 9.27911e-01
 9.27585e-01
 9.26214e-01
 9.23031e-01
 9.16276e-01
 9.02737e-01
 8.76147e-01
 8.31537e-01
 7.63927e-01
 6.52117e-01
 4.91860e-01
 3.12915e-01
 1.62028e-01
 6.49926e-02
 2.07691e-02
 5.82826e-03
 1.54799e-03
 4.00403e-04
 1.01582e-04
 2.52985e-05
 6.18069e-06
 1.48021e-06
 3.47158e-07
 7.74999e-08
 0.00000e+00
 9.27343e-01
 9.27557e-01
 9.27838e-01
 9.27911e-01
 9.27585e-01
 9.26214e-01
 9.23031e-01
 9.16276e-01
 9.02737e-01
 8.76147e-01
 8.31537e-01
 7.63927e-01
 6.52117e-01
 4.91860e-01
 3.12915e-01
 1.62028e-01
 6.49926e-02
 2.07691e-02
 5.82826e-03
 1.54799e-03
 4.00403e-04
 1.01582e-04
 2.52985e-05
 6.18069e-06
 1.48021e-06
 3.47158e-07
 7.74999e-08
 0.00000e+00
 9.27343e-01
 9.27557e-01
 9.27838e-01
 9.27911e-01
 9.27585e-01
 9.26214e-01
 9.23031e-01
 9.16276e-01
 9.02737e-01
 8.76147e-01
 8.31537e-01
 7.63927e-01
 6.52117e-01
 4.91860e-01
 3.12915e-01
 1.62028e-01
 6.49926e-02
 2.07691e-02
 5.82826e-03
 1.54799e-03
 4.00403e-04
 1.01582e-04
 2.52985e-05
 6.18069e-06
 1.48021e-06
 3.47158e-07
 7.74999e-08
 0.00000e+00
 9.27343e-01
 9.27557e-01
 9.27838e-01
 9.27911e-01
 9.27585e-01
 9.26214e-01
 9.23031e-01
 9.16276e-01
 9.02737e-01
 8.76147e-01
 8.31537e-01
 7.63927e-01
 6.52117e-01
 4.91860e-01
 3.12915e-01
 1.62028e-01
 6.49926e-02
 2.07691e-02
 5.82826e-03
 1.54799e-03
 4.00403e-04
 1.01582e-04
 2.52985e-05
 6.18069e-06
 1.48021e-06
 3.47158e-07
 7.74999e-08
 0.00000e+00
 9.27343e-01
 9.27557e-01
 9.27838e-01
 9.27911e-01
 9.27585e-01
 9.26214e-01
 9.23031e-01
 9.16276e-01
 9.02737e-01
 8.76147e-01
 8.31537e-01
 7.63927e-01
 6.52117e-01
 4.91860e-01
 3.12915e-01
 1.62028e-01
 6.49926e-02
 2.07691e-02
 5.82826e-03
 1.54799e-03
 4.00403e-04
 1.01582e-04
 2.52985e-05
 6.18069e-06
 1.48021e-06
 3.47158e-07
 7.74998e-08
 0.00000e+00
 9.27343e-01
 9.27557e-01
 9.27838e-01
 9.27911e-01
 9.27585e-01
 9.26214e-01
 9.23031e-01
 9.16276e-01
 9.02737e-01
 8.76147e-01
 8.31537e-01
 7.63927e-01
 6.52117e-01
 4.91860e-01
 3.12915e-01
 1.62028e-01
 6.49926e-02
 2.07691e-02
 5.82826e-03
 1.54799e-03
 4.00403e-04
 1.01582e-04
 2.52985e-05
 6.18069e-06
 1.48021e-06
 3.47158e-07
 7.74998e-08
 0.00000e+00
 9.27343e-01
 9.27557e-01
 9.27838e-01
 9.27911e-01
 9.27585e-01
 9.26214e-01
 9.23031e-01
 9.16276e-01
 9.02737e-01
 8.76147e-01
 8.31537e-01
 7.63927e-01
 6.52117e-01
 4.91860e-01
 3.12915e-01
 1.62028e-01
 6.49926e-02
 2.07691e-02
 5.82826e-03
 1.54799e-03
 4.00403e-04
 1.01582e-04
 2.52985e-05
 6.18069e-06
 1.48021e-06
 3.47158e-07
 7.74999e-08
 0.00000e+00
 9.27343e-01
 9.27557e-01
 9.27838e-01
 9.27911e-01
 9.27585e-01
 9.26214e-01
 9.23031e-01
 9.16276e-01
 9.02737e-01
 8.76147e-01
 8.31537e-01
 7.63927e-01
 6.52117e-01
 4.91860e-01
 3.12915e-01
 1.62028e-01
 6.49926e-02
 2.07691e-02
 5.82826e-03
 1.54799e-03
 4.00403e-04
 1.01582e-04
 2.52985e-05
 6.18069e-06
 1.48021e-06
 3.47158e-07
 7.74999e-08
 0.00000e+00
 9.27343e-01
 9.27557e-01
 9.27838e-01
 9.27911e-01
 9.27585e-01
 9.26214e-01
 9.23031e-01
 9.16276e-01
 9.02737e-01
 8.76147e-01
 8.31537e-01
 7.63927e-01
 6.52117e-01
 4.91860e-01
 3.12915e-01
 1.62028e-01
 6.49926e-02
 2.07691e-02
 5.82826e-03
 1.54799e-03
 4.00403e-04
 1.01582e-04
 2.52985e-05
 6.18069e-06
 1.48021e-06
 3.47158e-07
 7.74998e-08
 0.00000e+00
 9.27343e-01
 9.27557e-01
 9.27838e-01
 9.27911e-01
 9.27585e-01
 9.26214e-01
 9.23031e-01
 9.16276e-01
 9.02737e-01
 8.76147e-01
 8.31537e-01
 7.63927e-01
 6.52117e-01
 4.91860e-01
 3.12915e-01
 1.62028e-01
 6.49926e-02
 2.07691e-02
 5.82826e-03
 1.54799e-03
 4.00403e-04
 1.01582e-04
 2.52985e-05
 6.18069e-06
 1.48021e-06
 3.47158e-07
 7.74999e-08
 0.00000e+00
 9.27343e-01
 9.27557e-01
 9.27838e-01
 9.27911e-01
 9.27585e-01
 9.26214e-01
 9.23031e-01
 9.16276e-01
 9.02737e-01
 8.76147e-01
 8.31537e-01
 7.63927e-01
 6.52117e-01
 4.91860e-01
 3.12915e-01
 1.62028e-01
 6.49926e-02
 2.07691e-02
 5.82826e-03
 1.54799e-03
 4.00403e-04
 1.01582e-04
 2.52985e-05
 6.18069e-06
 1.48021e-06
 3.47158e-07
 7.74998e-08
 0.00000e+00
 9.27343e-01
 9.27557e-01
 9.27838e-01
 9.27911e-01
 9.27585e-01
 9.26214e-01
 9.23031e-01
 9.16276e-01
 9.02737e-01
 8.76147e-01
 8.31537e-01
 7.63927e-01
 6.52117e-01
 4.91860e-01
 3.12915e-01
 1.62028e-01
 6.49926e-02
 2.07691e-02
 5.82826e-03
 1.54799e-03
 4.00403e-04
 1.01582e-04
 2.52985e-05
 6.18069e-06
 1.48021e-06
 3.47158e-07
 7.74999e-08
 0.00000e+00
 9.27343e-01
 9.27557e-01
 9.27838e-01
 9.27911e-01
 9.27585e-01
 9.26214e-01
 9.23031e-01
 9.16276e-01
 9.02737e-01
 8.76147e-01
 8.31537e-01
 7.63927e-01
 6.52117e-01
 4.91860e-01
 3.12915e-01
 1.62028e-01
 6.49926e-02
 2.07691e-02
 5.82826e-03
 1.54799e-03
 4.00403e-04
 1.01582e-04
 2.52985e-05
 6.18069e-06
 1.48021e-06
 3.47158e-07
 7.74998e-08
 0.00000e+00
 9.27343e-01
 9.27557e-01
 9.27838e-01
 9.27911e-01
 9.27585e-01
 9.26214e-01
 9.23031e-01
 9.16276e-01
 9.02737e-01
 8.76147e-01
 8.31537e-01
 7.63927e-01
 6.52117e-01
 4.91860e-01
 3.12915e-01
 1.62028e-01
 6.49926e-02
 2.07691e-02
 5.82826e-03
 1.54799e-03
 4.00403e-04
 1.01582e-04
 2.52985e-05
 6.18069e-06
 1.48021e-06
 3.47158e-07
 7.74999e-08
 0.00000e+00
 9.27343e-01
 9.27557e-01
 9.27838e-01
 9.27911e-01
 9.27585e-01
 9.26214e-01
 9.23031e-01
 9.16276e-01
 9.02737e-01
 8.76147e-01
 8.31537e-01
 7.63927e-01
 6.52117e-01
 4.91860e-01
 3.12915e-01
 1.62028e-01
 6.49926e-02
 2.07691e-02
 5.82826e-03
 1.54799e-03
 4.00403e-04
 1.01582e-04
 2.52985e-05
 6.18069e-06
 1.48021e-06
 3.47158e-07
 7.74999e-08
 0.00000e+00
 9.27343e-01
 9.27557e-01
 9.27838e-01
 9.27911e-01
 9.27585e-01
 9.26214e-01
 9.23031e-01
 9.16276e-01
 9.02737e-01
 8.76147e-01
 8.31537e-01
 7.63927e-01
 6.52117e-01
 4.91860e-01
 3.12915e-01
 1.62028e-01
 6.49926e-02
 2.07691e-02
 5.82826e-03
 1.54799e-03
 4.00403e-04
 1.01582e-04
 2.52985e-05
 6.18069e-06
 1.48021e-06
 3.47158e-07
 7.74998e-08
 0.00000e+00
 9.27343e-01
 9.27557e-01
 9.27838e-01
 9.27911e-01
 9.27585e-01
 9.26214e-01
 9.23031e-01
 9.16276e-01
 9.02737e-01
 8.76147e-01
 8.31537e-01
 7.63927e-01
 6.52117e-01
 4.91860e-01
 3.12915e-01
 1.62028e-01
 6.49926e-02
 2.07691e-02
 5.82826e-03
 1.54799e-03
 4.00403e-04
 1.01582e-04
 2.52985e-05
 6.18069e-06
 1.48021e-06
 3.47158e-07
 7.74999e-08
 0.00000e+00
 0.00000e+00
 0.00000e+00
 0.00000e+00
 0.00000e+00
 0.00000e+00
 0.00000e+00
 0.00000e+00
 0.00000e+00
 0.00000e+00
 0.00000e+00
 0.00000e+00
 0.00000e+00
 0.00000e+00
 0.00000e+00
 0.00000e+00
 0.00000e+00
 0.00000e+00
 0.00000e+00
 0.00000e+00
 0.00000e+00
 0.00000e+00
 0.00000e+00
 0.00000e+00
 0.00000e+00
 0.00000e+00
 0.00000e+00
 0.00000e+00
 0.00000e+00
-8.34448e-15
-8.08335e-15
-6.20165e-15
-5.32658e-15
-2.18707e-15
 7.53295e-16
-1.76550e-15
-7.96814e-15
-8.13603e-15
-8.76126e-15
-7.50659e-15
-2.08859e-15
-6.71645e-15
-1.36625e-14
-9.47331e-15
-5.06757e-15
-9.30127e-17
-7.94857e-15
-1.70362e-14
-7.11725e-15
-1.68699e-14
-1.43331e-15
-4.17618e-14
-1.05873e-14
-2.79156e-15
 1.17677e-15
-4.50201e-14
 2.33410e-14
 2.10869e-14
 3.20504e-14
 3.81066e-14
 3.12791e-14
 1.87552e-14
 9.68495e-15
 1.18688e-14
 2.19420e-14
 2.23435e-14
 2.25317e-14
 2.62371e-14
 1.87464e-14
 2.08021e-14
 2.81063e-14
 2.91028e-14
 3.01345e-14
 2.28314e-14
 3.14713e-14
 3.86769e-14
 1.45973e-14
 2.09511e-14
 4.57531e-14
-1.10141e-14
 1.21998e-14
 4.91090e-14
-4.43285e-15
-6.14415e-15
 3.94779e-14
-9.28723e-15
-3.17304e-14
-3.31558e-14
-2.53100e-14
-1.84325e-14
-1.09352e-14
-1.50152e-15
-5.19279e-15
-4.62930e-15
-5.34732e-15
-1.34757e-14
-1.42360e-14
-1.68784e-14
-2.25437e-14
-2.59057e-14
-2.91944e-14
-2.71712e-14
-2.66302e-14
-2.53622e-14
-1.02657e-14
-1.16593e-14
-2.44629e-14
-6.12913e-14
-2.22958e-14
 1.87108e-14
-3.54581e-14
-6.56615e-14
 8.51643e-15
 4.41497e-15
 1.53823e-14
 2.42916e-14
 2.24020e-14
 2.20383e-14
 1.96635e-14
 1.43965e-14
 9.43002e-15
 4.75754e-15
 9.37513e-15
 1.41853e-14
 1.33472e-14
 2.56359e-14
 2.72800e-14
 2.55181e-14
 3.12080e-14
 2.82024e-14
 3.27565e-14
 1.99534e-14
 2.10324e-14
 1.09104e-14
 4.96997e-14
-1.59882e-15
 2.52433e-14
 4.69002e-14
 2.23535e-14
-3.37983e-14
 7.72849e-14
 0.00000e+00
 0.00000e+00
 0.00000e+00
 0.00000e+00
 0.00000e+00
 0.00000e+00
 0.00000e+00
 0.00000e+00
 0.00000e+00
 0.00000e+00
 0.00000e+00
 0.00000e+00
 0.00000e+00
 0.00000e+00
 0.00000e+00
 0.00000e+00
 0.00000e+00
 0.00000e+00
 0.00000e+00
 0.00000e+00
 0.00000e+00
 0.00000e+00
 0.00000e+00
 0.00000e+00
 0.00000e+00
 0.00000e+00
 0.00000e+00
 0.00000e+00
 0.00000e+00
 0.00000e+00
 0.00000e+00
 0.00000e+00
 0.00000e+00
 0.00000e+00
 0.00000e+00
 0.00000e+00
 0.00000e+00
 0.00000e+00
 0.00000e+00
 0.00000e+00
 0.00000e+00
 0.00000e+00
 0.00000e+00
 0.00000e+00
 0.00000e+00
 0.00000e+00
 0.00000e+00
 0.00000e+00
 0.00000e+00
 0.00000e+00
 0.00000e+00
 0.00000e+00
 0.00000e+00
 0.00000e+00
 0.00000e+00
 0.00000e+00
 1.26636e-14
 1.22924e-14
 1.31959e-14
 1.07815e-14
 1.11542e-14
 1.19738e-14
 8.91011e-15
 6.79327e-15
 1.09411e-14
 1.14685e-14
 1.04393e-14
 1.54399e-14
 1.63651e-14
 1.09011e-14
 1.54394e-14
 2.44895e-14
 1.29673e-14
 9.40992e-15
 1.95276e-14
 1.23272e-14
 1.47485e-14
 4.82680e-14
-2.35474e-14
 1.20991e-14
 2.59612e-14
 2.13410e-14
-3.56961e-14
 6.70430e-14
-3.01429e-14
-2.12680e-14
-9.94643e-15
-1.10190e-14
-1.35987e-14
-1.67161e-14
-1.54435e-14
-1.53565e-14
-1.96577e-14
-2.00067e-14
-1.86654e-14
-2.43231e-14
-2.35682e-14
-1.78741e-14
-1.74966e-14
-2.15833e-14
-1.44059e-14
-1.03748e-14
-2.62621e-14
-2.48268e-14
-3.30766e-14
-2.55807e-14
-5.29730e-14
-2.70745e-14
 6.65146e-15
-3.48475e-14
-4.73225e-14
-2.21114e-14
 3.37058e-14
 1.68747e-14
 1.53560e-14
 1.81547e-14
 1.85425e-14
 1.98912e-14
 2.68576e-14
 3.08670e-14
 2.95187e-14
 2.96959e-14
 3.80783e-14
 4.39429e-14
 3.93964e-14
 3.27972e-14
 3.43864e-14
 3.50115e-14
 2.69770e-14
 2.41767e-14
 4.09344e-14
 3.74476e-14
 3.60679e-14
 3.91696e-14
-8.66622e-15
 2.10423e-14
 6.10212e-14
 5.29758e-15
-2.64221e-14
 7.55917e-14
-1.10828e-14
-2.40022e-15
 9.03655e-16
-2.57367e-15
-1.96913e-15
-1.89967e-15
-3.94207e-15
-1.07920e-14
-1.28595e-14
-1.16716e-14
-1.85235e-14
-2.80041e-14
-1.60473e-14
-9.68180e-15
-2.00580e-14
-1.23975e-14
-1.18248e-14
-5.62052e-15
-2.04654e-14
-7.77171e-15
-9.33753e-15
 1.15076e-14
-3.94608e-14
-2.96122e-15
 2.75688e-14
-1.32107e-15
-5.65938e-14
 4.01623e-14
 0.00000e+00
 0.00000e+00
 0.00000e+00
 0.00000e+00
 0.00000e+00
 0.00000e+00
 0.00000e+00
 0.00000e+00
 0.00000e+00
 0.00000e+00
 0.00000e+00
 0.00000e+00
 0.00000e+00
 0.00000e+00
 0.00000e+00
 0.00000e+00
 0.00000e+00
 0.00000e+00
 0.00000e+00
 0.00000e+00
 0.00000e+00
 0.00000e+00
 0.00000e+00
 0.00000e+00
 0.00000e+00
 0.00000e+00
 0.00000e+00
 0.00000e+00
 0.00000e+00
 0.00000e+00
 0.00000e+00
 0.00000e+00
 0.00000e+00
 0.00000e+00
 0.00000e+00
 0.00000e+00
 0.00000e+00
 0.00000e+00
 0.00000e+00
 0.00000e+00
 0.00000e+00
 0.00000e+00
 0.00000e+00
 0.00000e+00
 0.00000e+00
 0.00000e+00
 0.00000e+00
 0.00000e+00
 0.00000e+00
 0.00000e+00
 0.00000e+00
 0.00000e+00
 0.00000e+00
 0.00000e+00
 0.00000e+00
 0.00000e+00
-4.12128e-15
-5.63306e-15
-5.47630e-15
-5.62101e-15
-1.77296e-15
-1.65024e-15
-7.10088e-15
-6.14687e-15
 2.13884e-16
 1.02011e-15
-9.24361e-16
-3.96653e-16
 1.67810e-15
-1.18829e-15
-1.52684e-16
-4.19797e-15
-7.78059e-15
-1.93995e-15
-5.60515e-15
 5.02390e-15
-3.64485e-15
 1.50178e-14
-3.87023e-14
 7.76013e-15
-3.71735e-15
 1.80535e-14
-4.69035e-14
 4.16464e-14
-1.17663e-14
-1.06551e-14
 6.04193e-16
 3.72175e-15
 2.01352e-15
-1.13676e-15
-1.77272e-15
-4.71786e-15
-8.44946e-15
-7.68107e-15
-4.84440e-15
-3.21533e-15
 1.61450e-15
 4.06156e-15
 2.80847e-15
 1.49225e-14
 1.35745e-14
 4.92906e-15
 3.74127e-15
-7.21201e-15
-4.52768e-15
 2.55555e-14
-3.71117e-14
-1.78537e-14
 3.54544e-14
-1.27509e-14
-5.00438e-14
 3.63941e-14
 1.79996e-14
 1.17830e-14
 7.55899e-15
 3.35312e-15
 2.13499e-15
 2.28395e-15
 7.01929e-15
 1.41557e-14
 1.04914e-14
 1.04446e-14
 1.66080e-14
 1.72820e-14
 1.58322e-14
 8.29715e-15
 1.06123e-14
 5.10061e-15
 3.75919e-15
 5.79311e-15
 7.85733e-15
 1.54278e-14
 6.99191e-15
 6.08762e-15
-1.66009e-14
 1.87556e-14
 4.17218e-14
 2.88463e-15
-3.99135e-14
 4.03043e-14
 8.49338e-15
 1.28253e-14
 1.41909e-14
 1.10336e-14
 1.11464e-14
 1.29277e-14
 1.29058e-14
 1.04596e-14
 1.13859e-14
 9.06548e-15
 6.54569e-15
 4.71470e-15
 6.29512e-15
 1.01758e-14
 4.95282e-15
 1.39249e-14
 1.39660e-14
 1.42580e-14
 1.03380e-14
 1.41655e-14
 1.37163e-14
 3.01799e-14
-1.48787e-14
-5.75878e-16
 4.54967e-14
 8.01294e-15
-3.38845e-14
 6.40977e-14
 0.00000e+00
 0.00000e+00
 0.00000e+00
 0.00000e+00
 0.00000e+00
 0.00000e+00
 0.00000e+00
 0.00000e+00
 0.00000e+00
 0.00000e+00
 0.00000e+00
 0.00000e+00
 0.00000e+00
 0.00000e+00
 0.00000e+00
 0.00000e+00
 0.00000e+00
 0.00000e+00
 0.00000e+00
 0.00000e+00
 0.00000e+00
 0.00000e+00
 0.00000e+00
 0.00000e+00
 0.00000e+00
 0.00000e+00
 0.00000e+00
 0.00000e+00
 0.00000e+00
 0.00000e+00
 0.00000e+00
 0.00000e+00
 0.00000e+00
 0.00000e+00
 0.00000e+00
 0.00000e+00
 0.00000e+00
 0.00000e+00
 0.00000e+00
 0.00000e+00
 0.00000e+00
 0.00000e+00
 0.00000e+00
 0.00000e+00
 0.00000e+00
 0.00000e+00
 0.00000e+00
 0.00000e+00
 0.00000e+00
 0.00000e+00
 0.00000e+00
 0.00000e+00
 0.00000e+00
 0.00000e+00
 0.00000e+00
 0.00000e+00
-1.36481e-14
-1.43514e-14
-1.37081e-14
-1.15715e-14
-4.05282e-15
-4.48730e-15
-9.17014e-15
-1.25318e-14
-1.17014e-14
-7.72314e-15
-1.01283e-14
-1.52538e-14
-8.33750e-15
-7.92851e-15
-1.63763e-14
-1.42475e-14
-3.75076e-16
 1.19899e-15
-1.00546e-14
-7.99395e-15
-1.65927e-14
 3.81978e-15
-4.91766e-14
-7.58611e-15
 4.84905e-15
 6.65477e-15
-5.05361e-14
 4.90613e-14
 2.51584e-14
 1.96511e-14
 2.29516e-14
 1.95812e-14
 1.33188e-14
 1.28122e-14
 1.35515e-14
 1.59504e-14
 1.81740e-14
 1.70302e-14
 2.08186e-14
 2.46538e-14
 2.16704e-14
 1.81068e-14
 2.57787e-14
 3.14979e-14
 1.39834e-14
 1.17676e-14
 2.53249e-14
 2.10647e-14
 1.53917e-14
 4.43576e-14
-9.63594e-15
 8.97858e-15
 4.34397e-14
 1.89538e-14
-3.31542e-14
 3.83801e-14
-8.61309e-15
-1.09357e-14
-1.28852e-14
-1.48126e-14
-1.47828e-14
-1.44705e-14
-1.32892e-14
-1.61302e-14
-2.35430e-14
-2.32574e-14
-2.44580e-14
-2.57370e-14
-1.42721e-14
-1.33533e-14
-2.08748e-14
-2.28839e-14
-1.55200e-14
-1.35116e-14
-2.08273e-14
-1.58078e-14
-6.45831e-15
-5.93064e-17
-3.27454e-14
-1.28381e-14
 2.15902e-14
-2.23705e-14
-7.27473e-14
 3.49580e-14
 1.47420e-14
 1.78958e-14
 2.43054e-14
 2.42926e-14
 2.26245e-14
 2.23704e-14
 2.66857e-14
 3.42974e-14
 3.77927e-14
 3.51038e-14
 3.97304e-14
 4.25645e-14
 3.35220e-14
 2.74054e-14
 2.97578e-14
 3.15193e-14
 3.32922e-14
 3.16446e-14
 3.15466e-14
 3.23719e-14
 1.66932e-14
 3.00365e-14
-5.21287e-16
 1.78497e-14
 6.36168e-14
 2.92144e-14
-5.25682e-15
 7.11988e-14
 0.00000e+00
 0.00000e+00
 0.00000e+00
 0.00000e+00
 0.00000e+00
 0.00000e+00
 0.00000e+00
 0.00000e+00
 0.00000e+00
 0.00000e+00
 0.00000e+00
 0.00000e+00
 0.00000e+00
 0.00000e+00
 0.00000e+00
 0.00000e+00
 0.00000e+00
 0.00000e+00
 0.00000e+00
 0.00000e+00
 0.00000e+00
 0.00000e+00
 0.00000e+00
 0.00000e+00
 0.00000e+00
 0.00000e+00
 0.00000e+00
 0.00000e+00
 0.00000e+00
 0.00000e+00
 0.00000e+00
 0.00000e+00
 0.00000e+00
 0.00000e+00
 0.00000e+00
 0.00000e+00
 0.00000e+00
 0.00000e+00
 0.00000e+00
 0.00000e+00
 0.00000e+00
 0.00000e+00
 0.00000e+00
 0.00000e+00
 0.00000e+00
 0.00000e+00
 0.00000e+00
 0.00000e+00
 0.00000e+00
 0.00000e+00
 0.00000e+00
 0.00000e+00
 0.00000e+00
 0.00000e+00
 0.00000e+00
 0.00000e+00
 4.41246e-15
 4.72562e-15
 7.19406e-15
 5.83158e-15
 7.30187e-15
 8.32977e-15
 6.66882e-15
 5.51599e-16
 5.73773e-16
 5.74639e-15
 3.43777e-15
-6.50423e-17
 6.06522e-15
 4.27160e-15
 1.68548e-15
 9.71052e-15
 1.11498e-14
 1.17478e-14
 1.34986e-14
 6.28181e-15
-1.56935e-15
 3.27681e-14
-3.65018e-14
 2.01581e-15
 3.00913e-14
 1.16307e-14
-3.68306e-14
 7.13057e-14
 7.78449e-15
 2.95342e-15
-1.69698e-16
-2.82343e-15
-3.60776e-15
-5.00162e-15
-4.45548e-15
-1.31620e-15
-2.78922e-15
-9.54449e-15
-1.02226e-14
-1.04475e-14
-9.51170e-15
-7.76654e-15
-8.19189e-15
-1.23505e-14
-1.54140e-14
-1.28963e-14
-1.43760e-14
-3.64582e-15
-1.33011e-14
-1.01276e-15
-3.42514e-14
-1.62208e-15
 9.41242e-15
 7.75974e-15
-4.57741e-14
 6.36456e-15
 1.07947e-14
 1.03703e-14
 1.30207e-14
 1.25417e-14
 7.34514e-15
 3.87463e-15
 4.58727e-15
 2.91943e-15
-1.41469e-15
 9.59493e-16
 1.24546e-14
 1.78351e-14
 2.16048e-14
 1.95632e-14
 2.05955e-14
 2.42549e-14
 1.83075e-14
 2.10417e-14
 2.45436e-14
 1.92469e-14
 2.38872e-14
 3.28426e-14
 3.12052e-15
 2.03260e-15
 5.09045e-14
-8.69371e-15
-4.50791e-14
 7.46620e-14
-6.63002e-15
-5.68879e-15
-5.83097e-16
-2.16145e-15
-2.01714e-15
 8.08426e-16
 6.23313e-15
 9.53861e-15
 1.25154e-14
 1.03040e-14
 3.59407e-15
-1.41779e-15
-4.01684e-15
-8.57141e-15
-1.42849e-14
-8.52604e-15
-2.47171e-15
-3.91416e-15
-3.39905e-15
 4.58965e-16
-2.22265e-15
 9.85310e-15
-2.91588e-14
 4.03892e-15
 4.25468e-14
 6.20693e-15
-3.18821e-14
 3.29386e-14
 0.00000e+00
 0.00000e+00
 0.00000e+00
 0.00000e+00
 0.00000e+00
 0.00000e+00
 0.00000e+00
 0.00000e+00
 0.00000e+00
 0.00000e+00
 0.00000e+00
 0.00000e+00
 0.00000e+00
 0.00000e+00
 0.00000e+00
 0.00000e+00
 0.00000e+00
 0.00000e+00
 0.00000e+00
 0.00000e+00
 0.00000e+00
 0.00000e+00
 0.00000e+00
 0.00000e+00
 0.00000e+00
 0.00000e+00
 0.00000e+00
 0.00000e+00
 0.00000e+00
 0.00000e+00
 0.00000e+00
 0.00000e+00
 0.00000e+00
 0.00000e+00
 0.00000e+00
 0.00000e+00
 0.00000e+00
 0.00000e+00
 0.00000e+00
 0.00000e+00
 0.00000e+00
 0.00000e+00
 0.00000e+00
 0.00000e+00
 0.00000e+00
 0.00000e+00
 0.00000e+00
 0.00000e+00
 0.00000e+00
 0.00000e+00
 0.00000e+00
 0.00000e+00
 0.00000e+00
 0.00000e+00
 0.00000e+00
 0.00000e+00
-7.37357e-15
-7.05782e-15
-3.33634e-15
-6.35467e-15
-5.88861e-15
-1.96279e-16
-2.13579e-15
-6.58073e-15
-4.38068e-15
-2.90974e-15
-3.90745e-15
-4.42412e-15
-7.10974e-15
-1.36796e-14
-6.21614e-15
-1.42102e-14
-1.96196e-14
-9.34114e-15
-1.88809e-14
 7.43386e-15
-2.29782e-14
-9.60897e-15
-4.60847e-14
 9.94531e-16
-1.07105e-14
 4.51095e-15
-4.05354e-14
 1.72307e-14
 2.57942e-14
 1.90504e-14
 1.58148e-14
 1.75381e-14
 1.59529e-14
 6.24871e-15
 4.95007e-15
 6.31678e-15
 3.38253e-15
-3.52940e-15
-8.06357e-15
-8.80890e-15
 7.66137e-15
 1.96746e-14
 2.84181e-16
 1.40489e-14
 1.94944e-14
 1.20735e-14
 1.89398e-14
 9.69954e-16
 2.14533e-14
 5.76147e-14
-2.81164e-14
 1.10914e-14
 4.09355e-14
 1.88596e-14
-3.68224e-14
 9.20820e-14
 3.06373e-16
-1.21213e-15
 2.99360e-15
 1.25689e-15
-6.51849e-15
-7.28214e-15
-4.88470e-15
-1.53852e-15
 8.11667e-17
 5.90473e-15
 1.96640e-14
 2.06869e-14
 7.61144e-15
-8.18634e-15
 8.11284e-15
 3.10474e-15
-7.12973e-15
 5.07484e-15
-5.36258e-16
 1.65149e-14
-8.95233e-15
-2.39084e-14
-4.96840e-15
 1.86192e-15
 3.77405e-14
-1.30958e-14
-3.76839e-14
 1.57793e-14
-1.26129e-15
-1.84293e-15
-1.22578e-15
-4.29736e-15
-8.35364e-16
 7.18810e-15
 7.54638e-15
 3.23297e-15
 2.16203e-15
-1.15057e-15
-9.58506e-15
-9.62934e-15
-4.92405e-15
-5.51990e-15
-1.13395e-14
 4.39403e-15
 8.33373e-15
 2.67498e-15
 1.19961e-14
-6.16546e-16
 1.85104e-14
 4.54424e-14
-9.70158e-15
 4.14268e-15
 4.21899e-14
-6.03579e-15
-4.20601e-14
 5.00711e-14
 0.00000e+00
 0.00000e+00
 0.00000e+00
 0.00000e+00
 0.00000e+00
 0.00000e+00
 0.00000e+00
 0.00000e+00
 0.00000e+00
 0.00000e+00
 0.00000e+00
 0.00000e+00
 0.00000e+00
 0.00000e+00
 0.00000e+00
 0.00000e+00
 0.00000e+00
 0.00000e+00
 0.00000e+00
 0.00000e+00
 0.00000e+00
 0.00000e+00
 0.00000e+00
 0.00000e+00
 0.00000e+00
 0.00000e+00
 0.00000e+00
 0.00000e+00
 0.00000e+00
 0.00000e+00
 0.00000e+00
 0.00000e+00
 0.00000e+00
 0.00000e+00
 0.00000e+00
 0.00000e+00
 0.00000e+00
 0.00000e+00
 0.00000e+00
 0.00000e+00
 0.00000e+00
 0.00000e+00
 0.00000e+00
 0.00000e+00
 0.00000e+00
 0.00000e+00
 0.00000e+00
 0.00000e+00
 0.00000e+00
 0.00000e+00
 0.00000e+00
 0.00000e+00
 0.00000e+00
 0.00000e+00
 0.00000e+00
 0.00000e+00
 0.00000e+00
 0.00000e+00
 0.00000e+00
 0.00000e+00
 0.00000e+00
 0.00000e+00
 0.00000e+00
 0.00000e+00
 0.00000e+00
 0.00000e+00
 0.00000e+00
 0.00000e+00
 0.00000e+00
 0.00000e+00
 0.00000e+00
 0.00000e+00
 0.00000e+00
 0.00000e+00
 0.00000e+00
 0.00000e+00
 0.00000e+00
 0.00000e+00
 0.00000e+00
 0.00000e+00
 0.00000e+00
 0.00000e+00
 0.00000e+00
 0.00000e+00
 0.00000e+00
 0.00000e+00
 0.00000e+00
 0.00000e+00
 0.00000e+00
 0.00000e+00
 0.00000e+00
 0.00000e+00
 0.00000e+00
 0.00000e+00
 0.00000e+00
 0.00000e+00
 0.00000e+00
 0.00000e+00
 0.00000e+00
 0.00000e+00
 0.00000e+00
 0.00000e+00
 0.00000e+00
 0.00000e+00
 0.00000e+00
 0.00000e+00
 0.00000e+00
 0.00000e+00
 0.00000e+00
 0.00000e+00
 0.00000e+00
 0.00000e+00
 0.00000e+00
 0.00000e+00
 0.00000e+00
 0.00000e+00
 0.00000e+00
 0.00000e+00
 0.00000e+00
 0.00000e+00
 0.00000e+00
 0.00000e+00
 0.00000e+00
 0.00000e+00
 0.00000e+00
 0.00000e+00
 0.00000e+00
 0.00000e+00
 0.00000e+00
 0.00000e+00
 0.00000e+00
 0.00000e+00
 0.00000e+00
 0.00000e+00
 0.00000e+00
 0.00000e+00
 0.00000e+00
 0.00000e+00
 0.00000e+00
 0.00000e+00
 0.00000e+00
 0.00000e+00
 0.00000e+00
 0.00000e+00
 0.00000e+00
 0.00000e+00
 0.00000e+00
 0.00000e+00
 0.00000e+00
 0.00000e+00
 0.00000e+00
 0.00000e+00
 0.00000e+00
 0.00000e+00
 0.00000e+00
 0.00000e+00
 0.00000e+00
 0.00000e+00
 0.00000e+00
 0.00000e+00
 0.00000e+00
 0.00000e+00
 0.00000e+00
 0.00000e+00
 0.00000e+00
 0.00000e+00
 0.00000e+00
 0.00000e+00
 0.00000e+00
 0.00000e+00
 0.00000e+00
 0.00000e+00
 0.00000e+00
 0.00000e+00
 0.00000e+00
 0.00000e+00
 0.00000e+00
 0.00000e+00
 0.00000e+00
 0.00000e+00
 0.00000e+00
 0.00000e+00
 0.00000e+00
 0.00000e+00
 0.00000e+00
 0.00000e+00
 0.00000e+00
 0.00000e+00
 0.00000e+00
 0.00000e+00
 0.00000e+00
 0.00000e+00
 0.00000e+00
 0.00000e+00
 0.00000e+00
 0.00000e+00
-7.03361e-16
-1.87341e-15
-4.60845e-15
-5.77169e-15
-5.19227e-15
-1.93982e-15
-1.78049e-15
-1.47869e-15
 6.06063e-16
-1.83195e-15
-1.02996e-14
-1.82083e-14
-2.84371e-14
-2.56109e-14
-2.79247e-14
-3.41542e-14
-1.74808e-14
-1.52662e-14
-2.57186e-14
-2.31225e-14
-6.55680e-15
-6.31162e-14
 3.22882e-14
-7.24243e-15
-5.91144e-14
-1.23741e-14
 4.59468e-14
-6.63969e-14
 2.01943e-14
 1.90085e-14
 1.57137e-14
 1.12710e-14
 7.61493e-15
 8.61273e-15
 9.61005e-15
 1.22187e-14
 1.94194e-14
 1.84394e-14
 8.31428e-15
-7.61741e-16
-4.72157e-15
-1.78422e-15
-3.79911e-15
-4.23401e-15
-3.15042e-15
 4.65563e-16
 1.04925e-14
-3.33923e-15
 2.59615e-14
-1.20855e-14
 4.79265e-14
 1.29357e-14
-2.57210e-14
 9.64091e-15
 4.87162e-14
-2.00545e-14
-1.06327e-14
-1.23843e-14
-1.43838e-14
-1.28945e-14
-1.10902e-14
-7.53100e-15
-6.64285e-15
-9.04205e-15
-5.13214e-15
-4.87786e-15
-2.06851e-14
-2.56175e-14
-2.39501e-14
-2.32038e-14
-2.56885e-14
-2.63425e-14
-2.61856e-14
-2.46766e-14
-1.77944e-14
-2.21374e-14
 5.52422e-15
-3.28008e-14
 1.98600e-14
 2.18668e-15
-4.26600e-14
-4.16347e-15
 1.69496e-14
-3.50066e-14
-1.84609e-14
-1.69709e-14
-1.60697e-14
-1.09539e-14
-6.15766e-15
-3.54587e-15
-4.90186e-15
-8.74325e-15
-1.26113e-14
-1.19294e-14
-1.43332e-14
-1.14787e-14
-1.16036e-14
-1.34070e-14
-1.06625e-14
-1.49437e-14
-9.12059e-15
-1.33725e-14
-1.67327e-14
-1.41254e-14
-1.97527e-15
-3.82357e-14
 3.19707e-14
 6.67787e-15
-5.01029e-14
 1.23682e-16
 3.22513e-14
-3.78108e-14
 8.97099e-15
 1.25015e-14
 9.88711e-15
 5.98027e-15
 4.83674e-15
 4.47606e-15
 3.09269e-15
 4.76553e-15
 2.90476e-15
-4.58161e-17
 1.42822e-15
 4.38494e-15
 4.01690e-15
 3.17547e-15
 2.65082e-15
 3.48966e-15
 6.85958e-15
-3.94024e-15
 7.08424e-15
 3.36631e-15
 2.57940e-14
-1.48710e-14
 4.25182e-14
 1.80345e-14
-2.60488e-14
 1.02490e-14
 6.05841e-14
-2.14833e-14
-4.05970e-15
-4.17564e-15
-9.55536e-15
-1.52450e-14
-1.60102e-14
-1.20078e-14
-1.15664e-14
-1.13866e-14
-1.22439e-14
-1.77957e-14
-2.80150e-14
-3.34168e-14
-3.33785e-14
-3.11736e-14
-3.93888e-14
-3.78712e-14
-2.75347e-14
-4.25495e-14
-3.10875e-14
-2.31442e-14
 1.44762e-14
-5.24375e-14
-2.16664e-16
 7.39079e-16
-3.67997e-14
-1.31861e-14
 4.36496e-14
-6.10712e-14
 2.16915e-14
 3.32766e-14
 3.48489e-14
 3.39793e-14
 2.73149e-14
 2.56691e-14
 2.76444e-14
 2.55880e-14
 2.14103e-14
 2.25745e-14
 2.85244e-14
 3.57159e-14
 3.62259e-14
 3.61334e-14
 4.63243e-14
 5.56981e-14
 2.97572e-14
 2.89962e-14
 5.71711e-14
 2.20199e-14
 4.74426e-14
 2.04258e-14
 6.65650e-14
 7.19454e-15
 3.16377e-14
 1.06400e-14
 6.73356e-14
 2.99598e-15
-1.77958e-14
-4.27364e-15
-2.69317e-15
 3.28157e-16
 1.67668e-15
 1.39947e-15
 1.12834e-15
-1.63464e-15
-8.09058e-15
-7.03743e-15
-1.09644e-15
 7.90970e-16
-1.72227e-15
 1.68157e-16
 5.30223e-15
-3.65829e-15
-3.28462e-15
-2.46892e-15
-4.22315e-15
-4.87644e-15
 1.33236e-15
-6.52403e-14
 2.71611e-14
-7.11166e-15
-2.44623e-14
-2.15722e-14
 4.64892e-14
-6.61994e-14
 1.50787e-14
 1.89591e-14
 1.94309e-14
 2.40535e-14
 2.36526e-14
 1.92485e-14
 1.63495e-14
 1.80087e-14
 1.64788e-14
 1.82136e-14
 2.92467e-14
 3.06770e-14
 2.93996e-14
 3.36436e-14
 3.13001e-14
 2.57419e-14
 2.78635e-14
 2.45551e-14
 2.99496e-14
 2.62394e-14
 4.08076e-14
-3.37238e-14
 5.02880e-14
 1.96093e-14
-1.41287e-14
 4.94299e-15
 7.07009e-14
-2.06222e-14
 2.61862e-14
 2.55996e-14
 2.41802e-14
 2.38266e-14
 2.00332e-14
 1.32230e-14
 9.62728e-15
 1.11272e-14
 1.66077e-14
 1.86822e-14
 1.51049e-14
 1.11388e-14
 1.83516e-14
 2.29617e-14
 1.30714e-14
 2.01080e-14
 1.44042e-14
 1.33437e-14
 2.50561e-14
 1.35731e-14
 4.94124e-14
-6.90391e-15
 4.56732e-14
 2.10653e-14
-1.19277e-14
 1.65460e-14
 6.56614e-14
-9.60649e-15
 9.79756e-16
 2.92672e-15
 1.83345e-15
 3.73064e-15
 3.95919e-15
 8.01835e-16
-3.31411e-15
-1.58495e-15
 4.16089e-15
 4.89691e-15
-2.11546e-16
-1.07039e-15
 2.21851e-16
-1.10607e-15
-3.14044e-15
-5.61482e-15
 1.38956e-15
 3.69125e-15
-3.52081e-15
-8.74923e-15
 1.44796e-14
-3.96860e-14
 2.34374e-14
 2.77365e-14
-3.89768e-14
 9.38367e-15
 5.09266e-14
-5.20537e-14
 3.98776e-14
 4.17349e-14
 4.21450e-14
 4.67416e-14
 4.61491e-14
 3.90437e-14
 3.63424e-14
 4.38514e-14
 5.06452e-14
 5.14106e-14
 6.22419e-14
 7.54745e-14
 6.46594e-14
 5.73533e-14
 7.06331e-14
 6.72124e-14
 6.71871e-14
 6.40580e-14
 7.11606e-14
 4.33421e-14
 5.93497e-14
 1.80904e-14
 7.04950e-14
 7.55055e-14
 7.21419e-16
 5.18295e-14
 8.87602e-14
 1.26920e-14
-1.25133e-14
-1.34589e-14
-1.28169e-14
-5.87705e-15
 5.05597e-15
 2.45403e-15
-6.45568e-15
-1.51498e-15
 8.82288e-15
 7.65861e-15
 7.28597e-15
 7.99722e-15
 4.45675e-16
 1.69669e-15
 6.09686e-15
-8.36214e-15
 4.76022e-15
-3.77349e-15
-2.19923e-14
 5.40665e-15
 1.65865e-14
-7.16573e-14
 3.48826e-14
-7.62146e-15
-5.32636e-14
-1.61286e-14
 5.23514e-14
-8.78277e-14
 1.64504e-14
 1.60444e-14
 1.73052e-14
 2.42430e-14
 2.69959e-14
 2.27772e-14
 1.68468e-14
 1.96042e-14
 2.64417e-14
 2.85316e-14
 2.64789e-14
 2.66890e-14
 2.86972e-14
 3.10796e-14
 3.12059e-14
 3.92732e-14
 4.23073e-14
 3.16678e-14
 3.18986e-14
 2.08424e-14
 4.73429e-14
 8.15251e-15
 5.20723e-14
 1.17001e-14
 3.03932e-15
 2.18158e-16
 6.67911e-14
-6.68592e-15
 1.28071e-14
 1.36589e-14
 1.06008e-14
 1.11643e-14
 1.40012e-14
 1.48566e-14
 1.44307e-14
 1.52717e-14
 1.62743e-14
 1.80738e-14
 1.32463e-14
 1.03920e-14
 8.29248e-15
 6.45887e-15
 1.19091e-14
 1.78304e-14
 1.57832e-14
 1.66712e-14
 1.27976e-14
 6.69159e-15
 1.55633e-14
-1.26282e-14
 3.50912e-14
 1.51570e-14
-8.24963e-15
-5.00976e-15
 5.69465e-14
-3.79962e-14
 1.07654e-14
 1.39713e-14
 7.98924e-15
 7.92866e-15
 1.16418e-14
 1.69414e-14
 1.57800e-14
 1.35004e-14
 9.03570e-15
 8.32996e-15
 1.08867e-14
 1.54018e-14
 8.73113e-15
 1.05345e-14
 2.25423e-14
 1.51007e-14
 9.60815e-15
 1.58210e-14
 1.35815e-14
 1.42473e-14
 1.98442e-14
-2.73841e-14
 4.36312e-14
 1.88033e-14
-4.01839e-14
-4.22459e-15
 5.52444e-14
-5.68098e-14
 1.11528e-14
 1.93215e-14
 1.97480e-14
 2.13702e-14
 2.10360e-14
 2.15632e-14
 2.12928e-14
 1.85021e-14
 1.26308e-14
 1.16082e-14
 1.46884e-14
 1.94219e-14
 2.19546e-14
 2.84470e-14
 2.91864e-14
 2.86192e-14
 1.89378e-14
 2.39855e-14
 3.26499e-14
 1.99087e-14
 4.61992e-14
-5.08681e-15
 4.32735e-14
 2.04893e-14
-2.71837e-14
 1.02412e-14
 5.15830e-14
-7.36217e-15
-1.58898e-14
-9.75113e-15
-5.42049e-15
-3.27374e-15
-6.08011e-15
-5.17230e-15
-1.04004e-15
 6.11038e-16
-1.33041e-15
-1.63013e-15
-7.24465e-15
-1.16557e-14
-1.00391e-14
-9.00680e-15
-1.45138e-14
-1.92582e-14
-2.59466e-14
-1.50786e-14
-1.72124e-14
-6.97585e-15
 8.69769e-15
-6.34597e-14
 3.68375e-15
 5.35605e-15
-4.44432e-14
 6.12202e-15
 2.81277e-14
-4.90012e-14
 4.47451e-15
 7.27320e-15
 5.94727e-15
 6.26678e-15
 5.51821e-15
 8.04163e-15
 1.48318e-14
 1.23686e-14
 6.29014e-15
 1.21552e-14
 1.20223e-14
 1.05522e-14
 1.64775e-14
 2.17737e-14
 1.49930e-14
 1.95647e-14
 2.10483e-14
 1.30660e-14
 2.89563e-14
 3.34159e-15
 2.07929e-14
 1.05330e-14
 5.99971e-14
 8.67896e-15
-9.83774e-15
 2.72986e-15
 4.00286e-14
-2.29988e-14
-6.82835e-15
-3.79763e-15
-3.65415e-15
-5.10260e-15
-6.43261e-15
-2.52565e-16
 6.11452e-15
 4.11244e-15
 9.20645e-16
 4.14078e-15
 6.16089e-15
 6.29432e-15
 3.04903e-15
 4.45670e-15
 6.56630e-15
-3.88339e-15
-1.03585e-14
-9.80809e-15
-2.06945e-16
 2.68173e-15
 6.68787e-15
-3.86998e-14
 4.81995e-14
 1.70174e-15
-4.33474e-14
-3.02366e-15
 3.42264e-14
-7.82993e-14
-1.16168e-15
 7.46936e-16
 1.97618e-15
 2.93131e-15
 6.55165e-16
 2.72340e-15
 6.18351e-15
 4.63026e-15
 2.01187e-15
 2.18230e-15
 1.65168e-15
 3.42486e-15
 7.35427e-15
 1.62550e-14
 8.65032e-15
-2.92238e-15
-3.80870e-15
-5.91428e-15
 2.50440e-15
 6.35028e-15
 2.93306e-14
-2.94534e-14
 3.75807e-14
 8.26318e-15
-4.49693e-14
 1.89698e-15
 3.98108e-14
-4.96702e-14
 5.00803e-15
 4.56993e-15
 6.09232e-15
 1.14256e-14
 8.16944e-15
 1.40956e-15
 3.85549e-15
 8.90659e-15
 1.04498e-14
 1.32721e-14
 1.03071e-14
 7.95513e-15
 1.09609e-14
 1.64087e-14
 6.50515e-15
 1.75336e-15
 1.10957e-14
 5.36389e-15
 8.56537e-15
 7.95093e-15
 2.98554e-14
-1.82824e-14
 2.17097e-14
 2.20377e-14
-2.24258e-14
 1.49825e-14
 5.24497e-14
-2.70625e-14
 6.42680e-16
-3.39631e-15
-5.40138e-15
-4.28713e-15
-5.31074e-15
-6.83502e-15
-6.70264e-15
-4.51895e-15
 2.08044e-16
 6.44823e-15
 3.74298e-15
 1.23110e-15
-5.80794e-15
-8.70443e-15
-4.28823e-15
-9.05511e-15
-4.17393e-15
-5.84280e-15
-2.42083e-15
 1.27303e-15
 1.50736e-14
-3.46057e-14
 2.79339e-14
 2.33714e-14
-3.49614e-14
 4.51958e-15
 4.03866e-14
-6.76584e-14
 9.30301e-15
 4.05280e-15
-1.85134e-15
-1.80102e-15
 1.45755e-15
 2.98206e-15
-1.38269e-15
-6.29350e-15
-4.85497e-15
-2.75444e-16
-4.65141e-15
-4.72458e-15
-3.30674e-15
-1.32207e-15
 1.77053e-15
 6.16013e-15
 9.21123e-15
 3.30577e-15
 1.71493e-14
 3.45742e-15
 4.38005e-14
-1.92531e-15
 5.27734e-14
 2.68596e-14
-3.77680e-14
-3.40321e-15
 3.15731e-14
-4.59008e-14
 0.00000e+00
 0.00000e+00
 0.00000e+00
 0.00000e+00
 0.00000e+00
 0.00000e+00
 0.00000e+00
 0.00000e+00
 0.00000e+00
 0.00000e+00
 0.00000e+00
 0.00000e+00
 0.00000e+00
 0.00000e+00
 0.00000e+00
 0.00000e+00
 0.00000e+00
 0.00000e+00
 0.00000e+00
 0.00000e+00
 0.00000e+00
 0.00000e+00
 0.00000e+00
 0.00000e+00
 0.00000e+00
 0.00000e+00
 0.00000e+00
 0.00000e+00
 0.00000e+00
 0.00000e+00
 0.00000e+00
 0.00000e+00
 0.00000e+00
 0.00000e+00
 0.00000e+00
 0.00000e+00
 0.00000e+00
 0.00000e+00
 0.00000e+00
 0.00000e+00
 0.00000e+00
 0.00000e+00
 0.00000e+00
 0.00000e+00
 0.00000e+00
 0.00000e+00
 0.00000e+00
 0.00000e+00
 0.00000e+00
 0.00000e+00
 0.00000e+00
 0.00000e+00
 0.00000e+00
 0.00000e+00
 0.00000e+00
 0.00000e+00
 0.00000e+00
 0.00000e+00
 0.00000e+00
 0.00000e+00
 0.00000e+00
 0.00000e+00
 0.00000e+00
 0.00000e+00
 0.00000e+00
 0.00000e+00
 0.00000e+00
 0.00000e+00
 0.00000e+00
 0.00000e+00
 0.00000e+00
 0.00000e+00
 0.00000e+00
 0.00000e+00
 0.00000e+00
 0.00000e+00
 0.00000e+00
 0.00000e+00
 0.00000e+00
 0.00000e+00
 0.00000e+00
 0.00000e+00
 0.00000e+00
 0.00000e+00
 0.00000e+00
 0.00000e+00
 0.00000e+00
 0.00000e+00
 0.00000e+00
 0.00000e+00
 0.00000e+00
 0.00000e+00
 0.00000e+00
 0.00000e+00
 0.00000e+00
 0.00000e+00
 0.00000e+00
 0.00000e+00
 0.00000e+00
 0.00000e+00
 0.00000e+00
 0.00000e+00
 0.00000e+00
 0.00000e+00
 0.00000e+00
 0.00000e+00
 0.00000e+00
 0.00000e+00
 0.00000e+00
 0.00000e+00
 0.00000e+00
 0.00000e+00
 0.00000e+00
 0.00000e+00
 0.00000e+00
 0.00000e+00
 0.00000e+00
 0.00000e+00
 0.00000e+00
 0.00000e+00
 0.00000e+00
 0.00000e+00
 0.00000e+00
 0.00000e+00
 0.00000e+00
 0.00000e+00
 0.00000e+00
 0.00000e+00
 0.00000e+00
 0.00000e+00
 0.00000e+00
 0.00000e+00
 0.00000e+00
 0.00000e+00
 0.00000e+00
 0.00000e+00
 0.00000e+00
 0.00000e+00
 0.00000e+00
 0.00000e+00
 0.00000e+00
 0.00000e+00
 0.00000e+00
 0.00000e+00
 0.00000e+00
 0.00000e+00
 0.00000e+00
 0.00000e+00
 0.00000e+00
 0.00000e+00
 0.00000e+00
 0.00000e+00
 0.00000e+00
 0.00000e+00
 0.00000e+00
 0.00000e+00
 0.00000e+00
 0.00000e+00
 0.00000e+00
 0.00000e+00
 0.00000e+00
 0.00000e+00
 0.00000e+00
 0.00000e+00
 0.00000e+00
 0.00000e+00
 0.00000e+00
 0.00000e+00
