Pressure
part
         1
hexa8
 1.00000e+00
 1.00000e+00
 1.00000e+00
 1.00000e+00
 1.00000e+00
 9.99998e-01
 9.99984e-01
 9.99844e-01
 9.98788e-01
 9.91516e-01
 9.52454e-01
 8.40132e-01
 6.31211e-01
 4.82776e-01
 3.86557e-01
 1.00000e+00
 1.00000e+00
 1.00000e+00
 1.00000e+00
 1.00000e+00
 9.99996e-01
 9.99971e-01
 9.99766e-01
 9.98205e-01
 9.88681e-01
 9.46542e-01
 8.14886e-01
 6.22033e-01
 4.59607e-01
 3.61993e-01
 1.00000e+00
 1.00000e+00
 1.00000e+00
 1.00000e+00
 9.99998e-01
 9.99991e-01
 9.99909e-01
 9.99521e-01
 9.96816e-01
 9.82780e-01
 9.22185e-01
 7.90006e-01
 5.99282e-01
 4.31899e-01
 3.34174e-01
 1.00000e+00
 1.00000e+00
 1.00000e+00
 9.99999e-01
 9.99994e-01
 9.99955e-01
 9.99812e-01
 9.98482e-01
 9.93839e-01
 9.68582e-01
 8.95673e-01
 7.22791e-01
 5.53475e-01
 4.25242e-01
 3.35955e-01
 1.00000e+00
 1.00000e+00
 9.99998e-01
 9.99994e-01
 9.99965e-01
 9.99866e-01
 9.99210e-01
 9.97045e-01
 9.83226e-01
 9.47412e-01
 8.31312e-01
 6.79220e-01
 5.06210e-01
 3.90337e-01
 3.07409e-01
 9.99998e-01
 9.99996e-01
 9.99991e-01
 9.99955e-01
 9.99866e-01
 9.99373e-01
 9.97747e-01
 9.90327e-01
 9.69558e-01
 8.94467e-01
 7.69325e-01
 5.82592e-01
 4.45489e-01
 3.58658e-01
 2.96716e-01
 9.99984e-01
 9.99971e-01
 9.99909e-01
 9.99812e-01
 9.99210e-01
 9.97747e-01
 9.92431e-01
 9.75596e-01
 9.27718e-01
 8.30519e-01
 6.81708e-01
 5.20089e-01
 4.11262e-01
 3.31079e-01
 2.76960e-01
 9.99844e-01
 9.99766e-01
 9.99521e-01
 9.98482e-01
 9.97045e-01
 9.90327e-01
 9.75596e-01
 9.41386e-01
 8.54225e-01
 7.26016e-01
 5.71388e-01
 4.60550e-01
 3.71751e-01
 3.04808e-01
 2.67014e-01
 9.98788e-01
 9.98205e-01
 9.96815e-01
 9.93839e-01
 9.83225e-01
 9.69557e-01
 9.27713e-01
 8.54223e-01
 7.51688e-01
 6.07402e-01
 4.65520e-01
 3.74371e-01
 3.07324e-01
 2.66073e-01
 2.53866e-01
 9.91516e-01
 9.88680e-01
 9.82779e-01
 9.68581e-01
 9.47412e-01
 8.94455e-01
 8.30516e-01
 7.25995e-01
 6.07421e-01
 4.65734e-01
 3.70843e-01
 3.07286e-01
 2.63788e-01
 2.48336e-01
 2.52358e-01
 9.52455e-01
 9.46544e-01
 9.22181e-01
 8.95676e-01
 8.31306e-01
 7.69338e-01
 6.81703e-01
 5.71426e-01
 4.65531e-01
 3.70837e-01
 2.95810e-01
 2.51202e-01
 2.31295e-01
 2.37375e-01
 2.46903e-01
 8.40134e-01
 8.14877e-01
 7.90017e-01
 7.22775e-01
 6.79281e-01
 5.82613e-01
 5.20196e-01
 4.60657e-01
 3.74304e-01
 3.07243e-01
 2.51126e-01
 2.21447e-01
 2.19787e-01
 2.33172e-01
 2.31826e-01
 6.31238e-01
 6.22091e-01
 5.99319e-01
 5.53568e-01
 5.06264e-01
 4.45601e-01
 4.11333e-01
 3.71886e-01
 3.07300e-01
 2.63725e-01
 2.31207e-01
 2.19771e-01
 2.25988e-01
 2.27706e-01
 2.05707e-01
 4.82836e-01
 4.59721e-01
 4.31980e-01
 4.25448e-01
 3.90362e-01
 3.58835e-01
 3.31101e-01
 3.04901e-01
 2.66134e-01
 2.48309e-01
 2.37341e-01
 2.33198e-01
 2.27729e-01
 2.06561e-01
 1.71069e-01
 3.86623e-01
 3.62081e-01
 3.34188e-01
 3.36005e-01
 3.07491e-01
 2.96941e-01
 2.76900e-01
 2.67084e-01
 2.53936e-01
 2.52375e-01
 2.46928e-01
 2.31873e-01
 2.05735e-01
 1.71079e-01
 1.38605e-01
 1.00000e+00
 1.00000e+00
 1.00000e+00
 1.00000e+00
 1.00000e+00
 9.99996e-01
 9.99971e-01
 9.99766e-01
 9.98205e-01
 9.88680e-01
 9.46544e-01
 8.14875e-01
 6.22059e-01
 4.59656e-01
 3.62022e-01
 1.00000e+00
 1.00000e+00
 1.00000e+00
 1.00000e+00
 9.99999e-01
 9.99992e-01
 9.99951e-01
 9.99659e-01
 9.97464e-01
 9.85918e-01
 9.37305e-01
 8.01906e-01
 6.06905e-01
 4.38626e-01
 3.43944e-01
 1.00000e+00
 1.00000e+00
 1.00000e+00
 9.99999e-01
 9.99997e-01
 9.99983e-01
 9.99874e-01
 9.99300e-01
 9.95895e-01
 9.78265e-01
 9.14925e-01
 7.66083e-01
 5.83260e-01
 4.34730e-01
 3.41013e-01
 1.00000e+00
 1.00000e+00
 9.99999e-01
 9.99998e-01
 9.99990e-01
 9.99935e-01
 9.99724e-01
 9.98128e-01
 9.92006e-01
 9.64794e-01
 8.81379e-01
 7.10786e-01
 5.43186e-01
 4.28046e-01
 3.38674e-01
 1.00000e+00
 9.99999e-01
 9.99997e-01
 9.99990e-01
 9.99948e-01
 9.99816e-01
 9.98937e-01
 9.96365e-01
 9.80469e-01
 9.39460e-01
 8.21610e-01
 6.56173e-01
 4.91344e-01
 3.86957e-01
 3.09142e-01
 9.99996e-01
 9.99992e-01
 9.99983e-01
 9.99935e-01
 9.99816e-01
 9.99133e-01
 9.97395e-01
 9.87821e-01
 9.65175e-01
 8.85596e-01
 7.48716e-01
 5.77940e-01
 4.44734e-01
 3.56138e-01
 2.94319e-01
 9.99971e-01
 9.99951e-01
 9.99874e-01
 9.99724e-01
 9.98937e-01
 9.97395e-01
 9.89772e-01
 9.72945e-01
 9.16781e-01
 8.18657e-01
 6.67182e-01
 4.99910e-01
 3.82478e-01
 3.09918e-01
 2.66856e-01
 9.99766e-01
 9.99659e-01
 9.99300e-01
 9.98128e-01
 9.96365e-01
 9.87821e-01
 9.72945e-01
 9.28591e-01
 8.50675e-01
 7.04751e-01
 5.52289e-01
 4.42825e-01
 3.52256e-01
 2.90831e-01
 2.60116e-01
 9.98205e-01
 9.97464e-01
 9.95895e-01
 9.92006e-01
 9.80468e-01
 9.65175e-01
 9.16777e-01
 8.50674e-01
 7.27479e-01
 5.84425e-01
 4.65416e-01
 3.76474e-01
 3.09663e-01
 2.67114e-01
 2.52383e-01
 9.88681e-01
 9.85918e-01
 9.78265e-01
 9.64794e-01
 9.39459e-01
 8.85587e-01
 8.18655e-01
 7.04744e-01
 5.84436e-01
 4.70638e-01
 3.89173e-01
 3.23418e-01
 2.77283e-01
 2.57398e-01
 2.55264e-01
 9.46542e-01
 9.37305e-01
 9.14921e-01
 8.81376e-01
 8.21606e-01
 7.48718e-01
 6.67191e-01
 5.52283e-01
 4.65428e-01
 3.89186e-01
 3.24330e-01
 2.77872e-01
 2.54883e-01
 2.53974e-01
 2.53339e-01
 8.14889e-01
 8.01909e-01
 7.66097e-01
 7.10787e-01
 6.56206e-01
 5.77988e-01
 4.99955e-01
 4.42937e-01
 3.76488e-01
 3.23484e-01
 2.77881e-01
 2.51878e-01
 2.48220e-01
 2.50848e-01
 2.37049e-01
 6.22065e-01
 6.06936e-01
 5.83299e-01
 5.43254e-01
 4.91382e-01
 4.44839e-01
 3.82466e-01
 3.52414e-01
 3.09721e-01
 2.77311e-01
 2.54866e-01
 2.48221e-01
 2.48640e-01
 2.37737e-01
 2.06792e-01
 4.59672e-01
 4.38700e-01
 4.34780e-01
 4.28203e-01
 3.86962e-01
 3.56191e-01
 3.09807e-01
 2.90812e-01
 2.67129e-01
 2.57398e-01
 2.53962e-01
 2.50862e-01
 2.37750e-01
 2.08703e-01
 1.69902e-01
 3.62056e-01
 3.44015e-01
 3.41007e-01
 3.38828e-01
 3.09280e-01
 2.94328e-01
 2.66703e-01
 2.60008e-01
 2.52344e-01
 2.55251e-01
 2.53333e-01
 2.37060e-01
 2.06806e-01
 1.69908e-01
 1.37177e-01
 1.00000e+00
 1.00000e+00
 1.00000e+00
 1.00000e+00
 9.99998e-01
 9.99991e-01
 9.99909e-01
 9.99521e-01
 9.96815e-01
 9.82779e-01
 9.22181e-01
 7.90013e-01
 5.99292e-01
 4.31924e-01
 3.34141e-01
 1.00000e+00
 1.00000e+00
 1.00000e+00
 9.99999e-01
 9.99997e-01
 9.99983e-01
 9.99874e-01
 9.99300e-01
 9.95895e-01
 9.78265e-01
 9.14921e-01
 7.66092e-01
 5.83264e-01
 4.34717e-01
 3.40961e-01
 1.00000e+00
 1.00000e+00
 1.00000e+00
 9.99998e-01
 9.99992e-01
 9.99961e-01
 9.99748e-01
 9.98701e-01
 9.93679e-01
 9.68517e-01
 8.94582e-01
 7.26728e-01
 5.71711e-01
 4.36609e-01
 3.37534e-01
 1.00000e+00
 9.99999e-01
 9.99998e-01
 9.99994e-01
 9.99975e-01
 9.99882e-01
 9.99454e-01
 9.97166e-01
 9.87638e-01
 9.53526e-01
 8.49052e-01
 6.83847e-01
 5.08744e-01
 3.99025e-01
 3.21072e-01
 9.99998e-01
 9.99997e-01
 9.99992e-01
 9.99975e-01
 9.99906e-01
 9.99656e-01
 9.98314e-01
 9.94148e-01
 9.74466e-01
 9.21116e-01
 7.98982e-01
 6.29963e-01
 4.67785e-01
 3.70188e-01
 3.01510e-01
 9.99991e-01
 9.99983e-01
 9.99961e-01
 9.99882e-01
 9.99656e-01
 9.98590e-01
 9.95980e-01
 9.82609e-01
 9.55599e-01
 8.62405e-01
 7.18716e-01
 5.44069e-01
 4.28239e-01
 3.44762e-01
 2.86450e-01
 9.99909e-01
 9.99874e-01
 9.99748e-01
 9.99454e-01
 9.98314e-01
 9.95980e-01
 9.85003e-01
 9.67492e-01
 8.93469e-01
 7.91299e-01
 6.33776e-01
 4.74654e-01
 3.70892e-01
 3.00759e-01
 2.59927e-01
 9.99521e-01
 9.99300e-01
 9.98701e-01
 9.97166e-01
 9.94148e-01
 9.82609e-01
 9.67492e-01
 9.03340e-01
 8.25760e-01
 6.77986e-01
 5.29727e-01
 4.14364e-01
 3.33614e-01
 2.78622e-01
 2.54838e-01
 9.96816e-01
 9.95895e-01
 9.93679e-01
 9.87638e-01
 9.74465e-01
 9.55599e-01
 8.93467e-01
 8.25760e-01
 6.97076e-01
 5.70608e-01
 4.48890e-01
 3.52439e-01
 2.90244e-01
 2.56078e-01
 2.50098e-01
 9.82780e-01
 9.78265e-01
 9.68517e-01
 9.53527e-01
 9.21114e-01
 8.62399e-01
 7.91297e-01
 6.77982e-01
 5.70624e-01
 4.59822e-01
 3.66998e-01
 2.99081e-01
 2.59874e-01
 2.46903e-01
 2.50213e-01
 9.22185e-01
 9.14925e-01
 8.94583e-01
 8.49045e-01
 7.98983e-01
 7.18710e-01
 6.33802e-01
 5.29754e-01
 4.48988e-01
 3.67020e-01
 3.01332e-01
 2.61790e-01
 2.46284e-01
 2.48482e-01
 2.48895e-01
 7.90011e-01
 7.66087e-01
 7.26736e-01
 6.83859e-01
 6.29975e-01
 5.44123e-01
 4.74700e-01
 4.14496e-01
 3.52478e-01
 2.99102e-01
 2.61775e-01
 2.45431e-01
 2.46116e-01
 2.49489e-01
 2.33987e-01
 5.99314e-01
 5.83296e-01
 5.71748e-01
 5.08789e-01
 4.67847e-01
 4.28325e-01
 3.70900e-01
 3.33701e-01
 2.90235e-01
 2.59848e-01
 2.46249e-01
 2.46100e-01
 2.48915e-01
 2.37403e-01
 2.03445e-01
 4.31965e-01
 4.34798e-01
 4.36665e-01
 3.99118e-01
 3.70189e-01
 3.44781e-01
 3.00753e-01
 2.78607e-01
 2.56038e-01
 2.46867e-01
 2.48446e-01
 2.49474e-01
 2.37402e-01
 2.06207e-01
 1.65496e-01
 3.34234e-01
 3.41069e-01
 3.37575e-01
 3.21245e-01
 3.01532e-01
 2.86333e-01
 2.59920e-01
 2.54794e-01
 2.50050e-01
 2.50190e-01
 2.48873e-01
 2.33981e-01
 2.03446e-01
 1.65499e-01
 1.33629e-01
 1.00000e+00
 1.00000e+00
 1.00000e+00
 9.99999e-01
 9.99994e-01
 9.99955e-01
 9.99812e-01
 9.98482e-01
 9.93839e-01
 9.68581e-01
 8.95676e-01
 7.22770e-01
 5.53520e-01
 4.25368e-01
 3.35941e-01
 1.00000e+00
 1.00000e+00
 9.99999e-01
 9.99998e-01
 9.99990e-01
 9.99935e-01
 9.99724e-01
 9.98128e-01
 9.92006e-01
 9.64794e-01
 8.81376e-01
 7.10778e-01
 5.43209e-01
 4.28136e-01
 3.38763e-01
 1.00000e+00
 9.99999e-01
 9.99998e-01
 9.99994e-01
 9.99975e-01
 9.99882e-01
 9.99454e-01
 9.97166e-01
 9.87638e-01
 9.53527e-01
 8.49044e-01
 6.83845e-01
 5.08748e-01
 3.99067e-01
 3.21164e-01
 9.99999e-01
 9.99998e-01
 9.99994e-01
 9.99981e-01
 9.99931e-01
 9.99715e-01
 9.98805e-01
 9.94622e-01
 9.78991e-01
 9.32530e-01
 8.09840e-01
 6.41353e-01
 4.73389e-01
 3.75082e-01
 3.06190e-01
 9.99994e-01
 9.99990e-01
 9.99975e-01
 9.99931e-01
 9.99767e-01
 9.99183e-01
 9.97027e-01
 9.89156e-01
 9.62653e-01
 8.88750e-01
 7.55634e-01
 5.76009e-01
 4.32459e-01
 3.47625e-01
 2.88248e-01
 9.99955e-01
 9.99935e-01
 9.99882e-01
 9.99715e-01
 9.99183e-01
 9.97566e-01
 9.92521e-01
 9.74047e-01
 9.32117e-01
 8.27087e-01
 6.79168e-01
 5.07713e-01
 4.04078e-01
 3.28566e-01
 2.76000e-01
 9.99812e-01
 9.99724e-01
 9.99454e-01
 9.98805e-01
 9.97027e-01
 9.92521e-01
 9.77160e-01
 9.48933e-01
 8.61122e-01
 7.52135e-01
 5.84412e-01
 4.45704e-01
 3.54184e-01
 2.88819e-01
 2.52581e-01
 9.98482e-01
 9.98128e-01
 9.97166e-01
 9.94622e-01
 9.89156e-01
 9.74047e-01
 9.48933e-01
 8.72964e-01
 7.96065e-01
 6.33166e-01
 4.88278e-01
 3.85585e-01
 3.13807e-01
 2.64911e-01
 2.48591e-01
 9.93839e-01
 9.92006e-01
 9.87638e-01
 9.78991e-01
 9.62653e-01
 9.32118e-01
 8.61121e-01
 7.96071e-01
 6.50585e-01
 5.21916e-01
 4.17539e-01
 3.34201e-01
 2.77062e-01
 2.48174e-01
 2.47841e-01
 9.68582e-01
 9.64794e-01
 9.53526e-01
 9.32530e-01
 8.88746e-01
 8.27084e-01
 7.52141e-01
 6.33189e-01
 5.21935e-01
 4.33196e-01
 3.49728e-01
 2.89041e-01
 2.55030e-01
 2.46879e-01
 2.50717e-01
 8.95674e-01
 8.81379e-01
 8.49052e-01
 8.09841e-01
 7.55643e-01
 6.79165e-01
 5.84448e-01
 4.88310e-01
 4.17621e-01
 3.49762e-01
 2.92752e-01
 2.60182e-01
 2.49577e-01
 2.52247e-01
 2.46952e-01
 7.22800e-01
 7.10797e-01
 6.83862e-01
 6.41373e-01
 5.76024e-01
 5.07779e-01
 4.45741e-01
 3.85667e-01
 3.34240e-01
 2.89066e-01
 2.60179e-01
 2.51136e-01
 2.53957e-01
 2.52686e-01
 2.29153e-01
 5.53519e-01
 5.43233e-01
 5.08789e-01
 4.73445e-01
 4.32478e-01
 4.04186e-01
 3.54218e-01
 3.13874e-01
 2.77066e-01
 2.55041e-01
 2.49574e-01
 2.53952e-01
 2.54565e-01
 2.35665e-01
 1.95829e-01
 4.25311e-01
 4.28107e-01
 3.99073e-01
 3.75144e-01
 3.47610e-01
 3.28643e-01
 2.88880e-01
 2.64978e-01
 2.48181e-01
 2.46885e-01
 2.52244e-01
 2.52681e-01
 2.35664e-01
 1.99508e-01
 1.58128e-01
 3.36017e-01
 3.38727e-01
 3.21140e-01
 3.06278e-01
 2.88204e-01
 2.75989e-01
 2.52669e-01
 2.48653e-01
 2.47851e-01
 2.50720e-01
 2.46956e-01
 2.29150e-01
 1.95833e-01
 1.58131e-01
 1.28635e-01
 1.00000e+00
 1.00000e+00
 9.99998e-01
 9.99994e-01
 9.99965e-01
 9.99866e-01
 9.99210e-01
 9.97045e-01
 9.83225e-01
 9.47412e-01
 8.31306e-01
 6.79265e-01
 5.06229e-01
 3.90328e-01
 3.07423e-01
 1.00000e+00
 9.99999e-01
 9.99997e-01
 9.99990e-01
 9.99948e-01
 9.99816e-01
 9.98937e-01
 9.96365e-01
 9.80468e-01
 9.39459e-01
 8.21606e-01
 6.56190e-01
 4.91344e-01
 3.86934e-01
 3.09229e-01
 9.99998e-01
 9.99997e-01
 9.99992e-01
 9.99975e-01
 9.99906e-01
 9.99656e-01
 9.98314e-01
 9.94148e-01
 9.74465e-01
 9.21114e-01
 7.98982e-01
 6.29955e-01
 4.67801e-01
 3.70147e-01
 3.01478e-01
 9.99994e-01
 9.99990e-01
 9.99975e-01
 9.99931e-01
 9.99767e-01
 9.99183e-01
 9.97027e-01
 9.89156e-01
 9.62653e-01
 8.88746e-01
 7.55639e-01
 5.76000e-01
 4.32439e-01
 3.47579e-01
 2.88179e-01
 9.99965e-01
 9.99948e-01
 9.99906e-01
 9.99767e-01
 9.99353e-01
 9.98021e-01
 9.93581e-01
 9.78863e-01
 9.37619e-01
 8.42478e-01
 6.98060e-01
 5.33091e-01
 4.10873e-01
 3.27753e-01
 2.70748e-01
 9.99866e-01
 9.99816e-01
 9.99656e-01
 9.99183e-01
 9.98021e-01
 9.94495e-01
 9.84182e-01
 9.58797e-01
 8.93695e-01
 7.79581e-01
 6.19149e-01
 4.71984e-01
 3.71292e-01
 3.02135e-01
 2.60541e-01
 9.99210e-01
 9.98937e-01
 9.98314e-01
 9.97027e-01
 9.93581e-01
 9.84182e-01
 9.65148e-01
 9.16091e-01
 8.19587e-01
 6.83414e-01
 5.29892e-01
 4.18193e-01
 3.29391e-01
 2.68920e-01
 2.43102e-01
 9.97045e-01
 9.96365e-01
 9.94148e-01
 9.89156e-01
 9.78863e-01
 9.58797e-01
 9.16092e-01
 8.32171e-01
 7.22278e-01
 5.73960e-01
 4.46107e-01
 3.56797e-01
 2.91423e-01
 2.50926e-01
 2.41540e-01
 9.83226e-01
 9.80469e-01
 9.74466e-01
 9.62653e-01
 9.37619e-01
 8.93697e-01
 8.19588e-01
 7.22284e-01
 5.87906e-01
 4.76494e-01
 3.87335e-01
 3.14486e-01
 2.64752e-01
 2.44495e-01
 2.46737e-01
 9.47412e-01
 9.39460e-01
 9.21117e-01
 8.88750e-01
 8.42478e-01
 7.79583e-01
 6.83427e-01
 5.73974e-01
 4.76508e-01
 4.03094e-01
 3.33938e-01
 2.78867e-01
 2.49637e-01
 2.46508e-01
 2.48009e-01
 8.31313e-01
 8.21611e-01
 7.98984e-01
 7.55638e-01
 6.98071e-01
 6.19157e-01
 5.29924e-01
 4.46131e-01
 3.87428e-01
 3.33986e-01
 2.86637e-01
 2.58974e-01
 2.52824e-01
 2.54217e-01
 2.40879e-01
 6.79235e-01
 6.56191e-01
 6.29986e-01
 5.76036e-01
 5.33131e-01
 4.72017e-01
 4.18225e-01
 3.56829e-01
 3.14559e-01
 2.78924e-01
 2.58998e-01
 2.57083e-01
 2.60193e-01
 2.50076e-01
 2.17811e-01
 5.06254e-01
 4.91391e-01
 4.67836e-01
 4.32506e-01
 4.10926e-01
 3.71376e-01
 3.29449e-01
 2.91474e-01
 2.64775e-01
 2.49655e-01
 2.52835e-01
 2.60192e-01
 2.53934e-01
 2.25803e-01
 1.83130e-01
 3.90390e-01
 3.87001e-01
 3.70243e-01
 3.47665e-01
 3.27794e-01
 3.02219e-01
 2.68976e-01
 2.50978e-01
 2.44502e-01
 2.46506e-01
 2.54208e-01
 2.50069e-01
 2.25801e-01
 1.86696e-01
 1.48034e-01
 3.07482e-01
 3.09191e-01
 3.01577e-01
 2.88301e-01
 2.70780e-01
 2.60612e-01
 2.43162e-01
 2.41574e-01
 2.46743e-01
 2.48007e-01
 2.40868e-01
 2.17810e-01
 1.83131e-01
 1.48036e-01
 1.22864e-01
 9.99998e-01
 9.99996e-01
 9.99991e-01
 9.99955e-01
 9.99866e-01
 9.99373e-01
 9.97747e-01
 9.90327e-01
 9.69557e-01
 8.94455e-01
 7.69336e-01
 5.82595e-01
 4.45555e-01
 3.58776e-01
 2.96882e-01
 9.99996e-01
 9.99992e-01
 9.99983e-01
 9.99935e-01
 9.99816e-01
 9.99133e-01
 9.97395e-01
 9.87821e-01
 9.65175e-01
 8.85587e-01
 7.48714e-01
 5.77960e-01
 4.44788e-01
 3.56137e-01
 2.94282e-01
 9.99991e-01
 9.99983e-01
 9.99961e-01
 9.99882e-01
 9.99656e-01
 9.98590e-01
 9.95980e-01
 9.82609e-01
 9.55599e-01
 8.62400e-01
 7.18703e-01
 5.44088e-01
 4.28282e-01
 3.44735e-01
 2.86313e-01
 9.99955e-01
 9.99935e-01
 9.99882e-01
 9.99715e-01
 9.99183e-01
 9.97566e-01
 9.92521e-01
 9.74047e-01
 9.32118e-01
 8.27085e-01
 6.79154e-01
 5.07730e-01
 4.04132e-01
 3.28590e-01
 2.75970e-01
 9.99866e-01
 9.99816e-01
 9.99656e-01
 9.99183e-01
 9.98021e-01
 9.94495e-01
 9.84182e-01
 9.58797e-01
 8.93697e-01
 7.79581e-01
 6.19142e-01
 4.71980e-01
 3.71330e-01
 3.02181e-01
 2.60572e-01
 9.99373e-01
 9.99133e-01
 9.98590e-01
 9.97566e-01
 9.94495e-01
 9.87172e-01
 9.68925e-01
 9.25947e-01
 8.31515e-01
 7.04220e-01
 5.48345e-01
 4.34731e-01
 3.41145e-01
 2.78153e-01
 2.49590e-01
 9.97747e-01
 9.97395e-01
 9.95980e-01
 9.92521e-01
 9.84182e-01
 9.68925e-01
 9.33207e-01
 8.58297e-01
 7.56493e-01
 6.10575e-01
 4.81279e-01
 3.87660e-01
 3.14009e-01
 2.65704e-01
 2.49037e-01
 9.90327e-01
 9.87821e-01
 9.82609e-01
 9.74047e-01
 9.58797e-01
 9.25947e-01
 8.58297e-01
 7.80428e-01
 6.44551e-01
 5.13372e-01
 4.06661e-01
 3.26578e-01
 2.73370e-01
 2.48937e-01
 2.48544e-01
 9.69558e-01
 9.65175e-01
 9.55599e-01
 9.32117e-01
 8.93695e-01
 8.31514e-01
 7.56496e-01
 6.44562e-01
 5.26018e-01
 4.21828e-01
 3.40380e-01
 2.81135e-01
 2.47969e-01
 2.43048e-01
 2.49287e-01
 8.94468e-01
 8.85596e-01
 8.62405e-01
 8.27088e-01
 7.79583e-01
 7.04227e-01
 6.10592e-01
 5.13394e-01
 4.21847e-01
 3.43193e-01
 2.84102e-01
 2.48403e-01
 2.37427e-01
 2.44898e-01
 2.44912e-01
 7.69329e-01
 7.48722e-01
 7.18725e-01
 6.79184e-01
 6.19167e-01
 5.48370e-01
 4.81319e-01
 4.06676e-01
 3.40397e-01
 2.84096e-01
 2.47189e-01
 2.34763e-01
 2.41025e-01
 2.46545e-01
 2.29146e-01
 5.82619e-01
 5.77971e-01
 5.44106e-01
 5.07765e-01
 4.72026e-01
 4.34776e-01
 3.87700e-01
 3.26575e-01
 2.81144e-01
 2.48401e-01
 2.34763e-01
 2.40134e-01
 2.48149e-01
 2.36889e-01
 2.01564e-01
 4.45541e-01
 4.44790e-01
 4.28285e-01
 4.04130e-01
 3.71333e-01
 3.41209e-01
 3.14054e-01
 2.73368e-01
 2.47954e-01
 2.37417e-01
 2.41022e-01
 2.48144e-01
 2.39809e-01
 2.08615e-01
 1.66896e-01
 3.58710e-01
 3.56200e-01
 3.44816e-01
 3.28615e-01
 3.02166e-01
 2.78199e-01
 2.65738e-01
 2.48934e-01
 2.43032e-01
 2.44891e-01
 2.46540e-01
 2.36881e-01
 2.08614e-01
 1.70217e-01
 1.36649e-01
 2.96764e-01
 2.94374e-01
 2.86489e-01
 2.76035e-01
 2.60540e-01
 2.49620e-01
 2.49055e-01
 2.48549e-01
 2.49285e-01
 2.44909e-01
 2.29146e-01
 2.01561e-01
 1.66897e-01
 1.36649e-01
 1.16728e-01
 9.99984e-01
 9.99971e-01
 9.99909e-01
 9.99812e-01
 9.99210e-01
 9.97747e-01
 9.92431e-01
 9.75596e-01
 9.27713e-01
 8.30517e-01
 6.81698e-01
 5.20164e-01
 4.11305e-01
 3.31088e-01
 2.76909e-01
 9.99971e-01
 9.99951e-01
 9.99874e-01
 9.99724e-01
 9.98937e-01
 9.97395e-01
 9.89772e-01
 9.72945e-01
 9.16777e-01
 8.18655e-01
 6.67184e-01
 4.99930e-01
 3.82442e-01
 3.09779e-01
 2.66674e-01
 9.99909e-01
 9.99874e-01
 9.99748e-01
 9.99454e-01
 9.98314e-01
 9.95980e-01
 9.85003e-01
 9.67492e-01
 8.93467e-01
 7.91295e-01
 6.33789e-01
 4.74669e-01
 3.70869e-01
 3.00713e-01
 2.59882e-01
 9.99812e-01
 9.99724e-01
 9.99454e-01
 9.98805e-01
 9.97027e-01
 9.92521e-01
 9.77160e-01
 9.48933e-01
 8.61121e-01
 7.52137e-01
 5.84428e-01
 4.45709e-01
 3.54187e-01
 2.88852e-01
 2.52648e-01
 9.99210e-01
 9.98937e-01
 9.98314e-01
 9.97027e-01
 9.93581e-01
 9.84182e-01
 9.65148e-01
 9.16092e-01
 8.19588e-01
 6.83419e-01
 5.29901e-01
 4.18189e-01
 3.29401e-01
 2.68943e-01
 2.43145e-01
 9.97747e-01
 9.97395e-01
 9.95980e-01
 9.92521e-01
 9.84182e-01
 9.68925e-01
 9.33207e-01
 8.58297e-01
 7.56494e-01
 6.10580e-01
 4.81289e-01
 3.87661e-01
 3.14007e-01
 2.65700e-01
 2.49040e-01
 9.92431e-01
 9.89772e-01
 9.85003e-01
 9.77160e-01
 9.65148e-01
 9.33207e-01
 8.78525e-01
 7.92408e-01
 6.65472e-01
 5.19185e-01
 4.18815e-01
 3.38826e-01
 2.84975e-01
 2.58386e-01
 2.54982e-01
 9.75596e-01
 9.72945e-01
 9.67491e-01
 9.48933e-01
 9.16091e-01
 8.58297e-01
 7.92409e-01
 6.83740e-01
 5.48786e-01
 4.37878e-01
 3.58145e-01
 2.97132e-01
 2.60304e-01
 2.51260e-01
 2.55856e-01
 9.27718e-01
 9.16781e-01
 8.93469e-01
 8.61123e-01
 8.19587e-01
 7.56496e-01
 6.65478e-01
 5.48787e-01
 4.51915e-01
 3.71265e-01
 3.04868e-01
 2.61783e-01
 2.45420e-01
 2.50309e-01
 2.52869e-01
 8.30520e-01
 8.18659e-01
 7.91301e-01
 7.52139e-01
 6.83421e-01
 6.10594e-01
 5.19200e-01
 4.37904e-01
 3.71293e-01
 3.08619e-01
 2.61171e-01
 2.39583e-01
 2.41421e-01
 2.49894e-01
 2.39617e-01
 6.81720e-01
 6.67194e-01
 6.33795e-01
 5.84436e-01
 5.29920e-01
 4.81315e-01
 4.18834e-01
 3.58157e-01
 3.04875e-01
 2.61166e-01
 2.37849e-01
 2.36937e-01
 2.46261e-01
 2.43792e-01
 2.15808e-01
 5.20129e-01
 4.99948e-01
 4.74700e-01
 4.45749e-01
 4.18237e-01
 3.87705e-01
 3.38863e-01
 2.97142e-01
 2.61759e-01
 2.39555e-01
 2.36927e-01
 2.45276e-01
 2.45789e-01
 2.23511e-01
 1.83251e-01
 4.11301e-01
 3.82528e-01
 3.70945e-01
 3.54230e-01
 3.29442e-01
 3.14060e-01
 2.85006e-01
 2.60305e-01
 2.45385e-01
 2.41394e-01
 2.46254e-01
 2.45788e-01
 2.26564e-01
 1.89791e-01
 1.50911e-01
 3.31099e-01
 3.09985e-01
 3.00818e-01
 2.88851e-01
 2.68954e-01
 2.65745e-01
 2.58407e-01
 2.51250e-01
 2.50292e-01
 2.49890e-01
 2.43794e-01
 2.23513e-01
 1.89791e-01
 1.53367e-01
 1.26146e-01
 2.76959e-01
 2.66920e-01
 2.59970e-01
 2.52612e-01
 2.43123e-01
 2.49068e-01
 2.54988e-01
 2.55856e-01
 2.52871e-01
 2.39625e-01
 2.15811e-01
 1.83258e-01
 1.50913e-01
 1.26147e-01
 1.11666e-01
 9.99844e-01
 9.99766e-01
 9.99521e-01
 9.98482e-01
 9.97045e-01
 9.90327e-01
 9.75596e-01
 9.41386e-01
 8.54224e-01
 7.25993e-01
 5.71408e-01
 4.60629e-01
 3.71839e-01
 3.04876e-01
 2.67074e-01
 9.99766e-01
 9.99659e-01
 9.99300e-01
 9.98128e-01
 9.96365e-01
 9.87821e-01
 9.72945e-01
 9.28591e-01
 8.50674e-01
 7.04742e-01
 5.52271e-01
 4.42897e-01
 3.52347e-01
 2.90768e-01
 2.59982e-01
 9.99521e-01
 9.99300e-01
 9.98701e-01
 9.97166e-01
 9.94148e-01
 9.82609e-01
 9.67491e-01
 9.03340e-01
 8.25760e-01
 6.77981e-01
 5.29738e-01
 4.14450e-01
 3.33661e-01
 2.78584e-01
 2.54782e-01
 9.98482e-01
 9.98128e-01
 9.97166e-01
 9.94622e-01
 9.89156e-01
 9.74047e-01
 9.48933e-01
 8.72964e-01
 7.96070e-01
 6.33182e-01
 4.88293e-01
 3.85630e-01
 3.13844e-01
 2.64961e-01
 2.48649e-01
 9.97045e-01
 9.96365e-01
 9.94148e-01
 9.89156e-01
 9.78863e-01
 9.58797e-01
 9.16091e-01
 8.32171e-01
 7.22282e-01
 5.73967e-01
 4.46112e-01
 3.56804e-01
 2.91442e-01
 2.50953e-01
 2.41571e-01
 9.90327e-01
 9.87821e-01
 9.82609e-01
 9.74047e-01
 9.58797e-01
 9.25947e-01
 8.58297e-01
 7.80428e-01
 6.44558e-01
 5.13384e-01
 4.06656e-01
 3.26556e-01
 2.73349e-01
 2.48922e-01
 2.48550e-01
 9.75596e-01
 9.72945e-01
 9.67492e-01
 9.48933e-01
 9.16092e-01
 8.58297e-01
 7.92409e-01
 6.83740e-01
 5.48784e-01
 4.37885e-01
 3.58139e-01
 2.97117e-01
 2.60288e-01
 2.51249e-01
 2.55859e-01
 9.41386e-01
 9.28591e-01
 9.03340e-01
 8.72964e-01
 8.32172e-01
 7.80430e-01
 6.83739e-01
 5.72953e-01
 4.73067e-01
 3.79499e-01
 3.11187e-01
 2.66515e-01
 2.48470e-01
 2.53183e-01
 2.56791e-01
 8.54226e-01
 8.50675e-01
 8.25761e-01
 7.96066e-01
 7.22280e-01
 6.44562e-01
 5.48793e-01
 4.73081e-01
 3.92597e-01
 3.22114e-01
 2.70608e-01
 2.44178e-01
 2.44171e-01
 2.54268e-01
 2.47024e-01
 7.26023e-01
 7.04759e-01
 6.77997e-01
 6.33179e-01
 5.73983e-01
 5.13390e-01
 4.37898e-01
 3.79532e-01
 3.22138e-01
 2.71444e-01
 2.41428e-01
 2.35945e-01
 2.46724e-01
 2.49666e-01
 2.26209e-01
 5.71414e-01
 5.52320e-01
 5.29756e-01
 4.88307e-01
 4.46151e-01
 4.06695e-01
 3.58174e-01
 3.11211e-01
 2.70621e-01
 2.41429e-01
 2.33781e-01
 2.42195e-01
 2.48477e-01
 2.33410e-01
 1.95878e-01
 4.60588e-01
 4.42873e-01
 4.14410e-01
 3.85628e-01
 3.56842e-01
 3.26612e-01
 2.97171e-01
 2.66533e-01
 2.44165e-01
 2.35933e-01
 2.42191e-01
 2.48272e-01
 2.37111e-01
 2.04579e-01
 1.63452e-01
 3.71799e-01
 3.52327e-01
 3.33660e-01
 3.13841e-01
 2.91462e-01
 2.73400e-01
 2.60331e-01
 2.48477e-01
 2.44151e-01
 2.46713e-01
 2.48475e-01
 2.37112e-01
 2.07529e-01
 1.68851e-01
 1.35776e-01
 3.04831e-01
 2.90902e-01
 2.78659e-01
 2.64924e-01
 2.50952e-01
 2.48956e-01
 2.51267e-01
 2.53179e-01
 2.54262e-01
 2.49669e-01
 2.33418e-01
 2.04583e-01
 1.68854e-01
 1.37892e-01
 1.17500e-01
 2.67018e-01
 2.60162e-01
 2.54856e-01
 2.48596e-01
 2.41546e-01
 2.48548e-01
 2.55853e-01
 2.56790e-01
 2.47030e-01
 2.26215e-01
 1.95886e-01
 1.63456e-01
 1.35779e-01
 1.17501e-01
 1.07503e-01
 9.98788e-01
 9.98205e-01
 9.96816e-01
 9.93839e-01
 9.83226e-01
 9.69558e-01
 9.27718e-01
 8.54224e-01
 7.51689e-01
 6.07415e-01
 4.65520e-01
 3.74309e-01
 3.07286e-01
 2.66104e-01
 2.53927e-01
 9.98205e-01
 9.97464e-01
 9.95895e-01
 9.92006e-01
 9.80469e-01
 9.65175e-01
 9.16781e-01
 8.50674e-01
 7.27478e-01
 5.84431e-01
 4.65411e-01
 3.76473e-01
 3.09690e-01
 2.67099e-01
 2.52336e-01
 9.96815e-01
 9.95895e-01
 9.93679e-01
 9.87638e-01
 9.74466e-01
 9.55599e-01
 8.93468e-01
 8.25760e-01
 6.97077e-01
 5.70619e-01
 4.48957e-01
 3.52456e-01
 2.90215e-01
 2.56023e-01
 2.50051e-01
 9.93839e-01
 9.92006e-01
 9.87638e-01
 9.78991e-01
 9.62653e-01
 9.32117e-01
 8.61122e-01
 7.96066e-01
 6.50585e-01
 5.21929e-01
 4.17590e-01
 3.34219e-01
 2.77053e-01
 2.48175e-01
 2.47852e-01
 9.83225e-01
 9.80468e-01
 9.74465e-01
 9.62653e-01
 9.37619e-01
 8.93695e-01
 8.19587e-01
 7.22279e-01
 5.87907e-01
 4.76503e-01
 3.87395e-01
 3.14529e-01
 2.64761e-01
 2.44497e-01
 2.46745e-01
 9.69557e-01
 9.65175e-01
 9.55599e-01
 9.32118e-01
 8.93696e-01
 8.31514e-01
 7.56496e-01
 6.44557e-01
 5.26018e-01
 4.21837e-01
 3.40385e-01
 2.81127e-01
 2.47947e-01
 2.43033e-01
 2.49287e-01
 9.27713e-01
 9.16777e-01
 8.93467e-01
 8.61121e-01
 8.19588e-01
 7.56497e-01
 6.65478e-01
 5.48788e-01
 4.51915e-01
 3.71276e-01
 3.04861e-01
 2.61752e-01
 2.45385e-01
 2.50296e-01
 2.52871e-01
 8.54224e-01
 8.50674e-01
 8.25762e-01
 7.96071e-01
 7.22284e-01
 6.44568e-01
 5.48792e-01
 4.73082e-01
 3.92598e-01
 3.22123e-01
 2.70606e-01
 2.44162e-01
 2.44155e-01
 2.54263e-01
 2.47025e-01
 7.51693e-01
 7.27483e-01
 6.97086e-01
 6.50591e-01
 5.87928e-01
 5.26025e-01
 4.51924e-01
 3.92614e-01
 3.30452e-01
 2.75312e-01
 2.43519e-01
 2.36214e-01
 2.46840e-01
 2.51758e-01
 2.30071e-01
 6.07420e-01
 5.84449e-01
 5.70625e-01
 5.21926e-01
 4.76528e-01
 4.21842e-01
 3.71296e-01
 3.22131e-01
 2.75320e-01
 2.41595e-01
 2.31747e-01
 2.39768e-01
 2.49131e-01
 2.38465e-01
 2.02861e-01
 4.65551e-01
 4.65468e-01
 4.48925e-01
 4.17575e-01
 3.87382e-01
 3.40397e-01
 3.04903e-01
 2.70626e-01
 2.43530e-01
 2.31748e-01
 2.37368e-01
 2.47139e-01
 2.41993e-01
 2.13501e-01
 1.72111e-01
 3.74401e-01
 3.76531e-01
 3.52476e-01
 3.34240e-01
 3.14528e-01
 2.81160e-01
 2.61808e-01
 2.44185e-01
 2.36214e-01
 2.39764e-01
 2.47137e-01
 2.43244e-01
 2.18782e-01
 1.80250e-01
 1.43680e-01
 3.07364e-01
 3.09721e-01
 2.90282e-01
 2.77086e-01
 2.64775e-01
 2.47987e-01
 2.45430e-01
 2.44169e-01
 2.46837e-01
 2.49130e-01
 2.41995e-01
 2.18785e-01
 1.83466e-01
 1.48256e-01
 1.23302e-01
 2.66104e-01
 2.67163e-01
 2.56102e-01
 2.48180e-01
 2.44503e-01
 2.43050e-01
 2.50305e-01
 2.54265e-01
 2.51760e-01
 2.38470e-01
 2.13507e-01
 1.80255e-01
 1.48257e-01
 1.24568e-01
 1.10877e-01
 2.53873e-01
 2.52398e-01
 2.50100e-01
 2.47840e-01
 2.46734e-01
 2.49283e-01
 2.52867e-01
 2.47028e-01
 2.30076e-01
 2.02868e-01
 1.72116e-01
 1.43684e-01
 1.23303e-01
 1.10877e-01
 1.04592e-01
 9.91516e-01
 9.88681e-01
 9.82780e-01
 9.68582e-01
 9.47412e-01
 8.94467e-01
 8.30518e-01
 7.26019e-01
 6.07409e-01
 4.65734e-01
 3.70831e-01
 3.07236e-01
 2.63724e-01
 2.48310e-01
 2.52378e-01
 9.88680e-01
 9.85918e-01
 9.78265e-01
 9.64794e-01
 9.39460e-01
 8.85596e-01
 8.18657e-01
 7.04753e-01
 5.84431e-01
 4.70640e-01
 3.89180e-01
 3.23463e-01
 2.77301e-01
 2.57393e-01
 2.55252e-01
 9.82779e-01
 9.78265e-01
 9.68517e-01
 9.53526e-01
 9.21117e-01
 8.62404e-01
 7.91300e-01
 6.77989e-01
 5.70614e-01
 4.59822e-01
 3.67012e-01
 2.99080e-01
 2.59832e-01
 2.46861e-01
 2.50193e-01
 9.68581e-01
 9.64794e-01
 9.53527e-01
 9.32530e-01
 8.88750e-01
 8.27086e-01
 7.52139e-01
 6.33173e-01
 5.21921e-01
 4.33196e-01
 3.49748e-01
 2.89050e-01
 2.55026e-01
 2.46882e-01
 2.50724e-01
 9.47412e-01
 9.39459e-01
 9.21114e-01
 8.88746e-01
 8.42478e-01
 7.79582e-01
 6.83421e-01
 5.73968e-01
 4.76503e-01
 4.03096e-01
 3.33974e-01
 2.78909e-01
 2.49648e-01
 2.46506e-01
 2.48008e-01
 8.94455e-01
 8.85587e-01
 8.62400e-01
 8.27085e-01
 7.79583e-01
 7.04227e-01
 6.10590e-01
 5.13384e-01
 4.21837e-01
 3.43192e-01
 2.84093e-01
 2.48392e-01
 2.37414e-01
 2.44893e-01
 2.44906e-01
 8.30518e-01
 8.18656e-01
 7.91298e-01
 7.52142e-01
 6.83427e-01
 6.10598e-01
 5.19201e-01
 4.37897e-01
 3.71283e-01
 3.08620e-01
 2.61160e-01
 2.39554e-01
 2.41396e-01
 2.49891e-01
 2.39619e-01
 7.26000e-01
 7.04749e-01
 6.77992e-01
 6.33196e-01
 5.73990e-01
 5.13400e-01
 4.37905e-01
 3.79533e-01
 3.22130e-01
 2.71445e-01
 2.41425e-01
 2.35933e-01
 2.46714e-01
 2.49666e-01
 2.26209e-01
 6.07433e-01
 5.84455e-01
 5.70635e-01
 5.21939e-01
 4.76534e-01
 4.21852e-01
 3.71308e-01
 3.22140e-01
 2.75321e-01
 2.41595e-01
 2.31746e-01
 2.39767e-01
 2.49130e-01
 2.38466e-01
 2.02862e-01
 4.65762e-01
 4.70686e-01
 4.59842e-01
 4.33214e-01
 4.03124e-01
 3.43197e-01
 3.08647e-01
 2.71453e-01
 2.41600e-01
 2.29481e-01
 2.35912e-01
 2.47102e-01
 2.43832e-01
 2.16655e-01
 1.75215e-01
 3.70876e-01
 3.89228e-01
 3.67027e-01
 3.49765e-01
 3.33978e-01
 2.84116e-01
 2.61192e-01
 2.41436e-01
 2.31750e-01
 2.35910e-01
 2.46239e-01
 2.46393e-01
 2.24674e-01
 1.86438e-01
 1.48161e-01
 3.07318e-01
 3.23468e-01
 2.99128e-01
 2.89076e-01
 2.78891e-01
 2.48425e-01
 2.39593e-01
 2.35946e-01
 2.39765e-01
 2.47098e-01
 2.46392e-01
 2.27693e-01
 1.93000e-01
 1.55512e-01
 1.27463e-01
 2.63811e-01
 2.77313e-01
 2.59913e-01
 2.55051e-01
 2.49644e-01
 2.37433e-01
 2.41420e-01
 2.46721e-01
 2.49130e-01
 2.43833e-01
 2.24678e-01
 1.93003e-01
 1.58012e-01
 1.30535e-01
 1.13813e-01
 2.48343e-01
 2.57411e-01
 2.46914e-01
 2.46882e-01
 2.46508e-01
 2.44892e-01
 2.49889e-01
 2.49667e-01
 2.38470e-01
 2.16660e-01
 1.86443e-01
 1.55514e-01
 1.30536e-01
 1.14809e-01
 1.06317e-01
 2.52354e-01
 2.55262e-01
 2.50208e-01
 2.50715e-01
 2.48009e-01
 2.44915e-01
 2.39623e-01
 2.26215e-01
 2.02867e-01
 1.75219e-01
 1.48164e-01
 1.27464e-01
 1.13813e-01
 1.06317e-01
 1.02537e-01
 9.52455e-01
 9.46542e-01
 9.22185e-01
 8.95673e-01
 8.31312e-01
 7.69327e-01
 6.81715e-01
 5.71408e-01
 4.65531e-01
 3.70848e-01
 2.95808e-01
 2.51131e-01
 2.31214e-01
 2.37347e-01
 2.46923e-01
 9.46544e-01
 9.37305e-01
 9.14925e-01
 8.81378e-01
 8.21609e-01
 7.48720e-01
 6.67189e-01
 5.52303e-01
 4.65438e-01
 3.89186e-01
 3.24333e-01
 2.77880e-01
 2.54869e-01
 2.53966e-01
 2.53333e-01
 9.22181e-01
 9.14921e-01
 8.94583e-01
 8.49052e-01
 7.98982e-01
 7.18723e-01
 6.33789e-01
 5.29744e-01
 4.48921e-01
 3.67006e-01
 3.01330e-01
 2.61769e-01
 2.46245e-01
 2.48449e-01
 2.48873e-01
 8.95676e-01
 8.81376e-01
 8.49045e-01
 8.09841e-01
 7.55637e-01
 6.79180e-01
 5.84432e-01
 4.88296e-01
 4.17570e-01
 3.49742e-01
 2.92752e-01
 2.60174e-01
 2.49568e-01
 2.52247e-01
 2.46956e-01
 8.31307e-01
 8.21607e-01
 7.98984e-01
 7.55643e-01
 6.98071e-01
 6.19165e-01
 5.29916e-01
 4.46129e-01
 3.87372e-01
 3.33957e-01
 2.86640e-01
 2.58993e-01
 2.52832e-01
 2.54211e-01
 2.40869e-01
 7.69340e-01
 7.48720e-01
 7.18712e-01
 6.79169e-01
 6.19159e-01
 5.48371e-01
 4.81311e-01
 4.06682e-01
 3.40391e-01
 2.84102e-01
 2.47188e-01
 2.34761e-01
 2.41023e-01
 2.46540e-01
 2.29141e-01
 6.81709e-01
 6.67197e-01
 6.33809e-01
 5.84454e-01
 5.29931e-01
 4.81325e-01
 4.18834e-01
 3.58163e-01
 3.04883e-01
 2.61177e-01
 2.37849e-01
 2.36928e-01
 2.46256e-01
 2.43792e-01
 2.15806e-01
 5.71436e-01
 5.52301e-01
 5.29765e-01
 4.88320e-01
 4.46153e-01
 4.06689e-01
 3.58168e-01
 3.11211e-01
 2.70624e-01
 2.41432e-01
 2.33781e-01
 2.42192e-01
 2.48475e-01
 2.33414e-01
 1.95882e-01
 4.65552e-01
 4.65462e-01
 4.48993e-01
 4.17627e-01
 3.87441e-01
 3.40403e-01
 3.04896e-01
 2.70624e-01
 2.43530e-01
 2.31748e-01
 2.37368e-01
 2.47138e-01
 2.41993e-01
 2.13503e-01
 1.72113e-01
 3.70864e-01
 3.89232e-01
 3.67041e-01
 3.49786e-01
 3.34012e-01
 2.84109e-01
 2.61181e-01
 2.41433e-01
 2.31750e-01
 2.35911e-01
 2.46239e-01
 2.46393e-01
 2.24675e-01
 1.86439e-01
 1.48162e-01
 2.95844e-01
 3.24372e-01
 3.01372e-01
 2.92783e-01
 2.86655e-01
 2.47208e-01
 2.37856e-01
 2.33782e-01
 2.37366e-01
 2.46236e-01
 2.48004e-01
 2.31014e-01
 1.96565e-01
 1.58166e-01
 1.29039e-01
 2.51226e-01
 2.77894e-01
 2.61838e-01
 2.60207e-01
 2.58979e-01
 2.34770e-01
 2.36937e-01
 2.42194e-01
 2.47136e-01
 2.46391e-01
 2.31015e-01
 2.00215e-01
 1.63815e-01
 1.34022e-01
 1.15570e-01
 2.31305e-01
 2.54889e-01
 2.46305e-01
 2.49587e-01
 2.52826e-01
 2.41019e-01
 2.46256e-01
 2.48476e-01
 2.41995e-01
 2.24678e-01
 1.96568e-01
 1.63817e-01
 1.36151e-01
 1.17714e-01
 1.07680e-01
 2.37370e-01
 2.53973e-01
 2.48477e-01
 2.52244e-01
 2.54216e-01
 2.46545e-01
 2.43793e-01
 2.33414e-01
 2.13505e-01
 1.86442e-01
 1.58168e-01
 1.34023e-01
 1.17714e-01
 1.08103e-01
 1.03349e-01
 2.46902e-01
 2.53339e-01
 2.48895e-01
 2.46955e-01
 2.40881e-01
 2.29155e-01
 2.15816e-01
 1.95885e-01
 1.72115e-01
 1.48163e-01
 1.29040e-01
 1.15571e-01
 1.07680e-01
 1.03350e-01
 1.01318e-01
 8.40135e-01
 8.14889e-01
 7.90010e-01
 7.22797e-01
 6.79237e-01
 5.82612e-01
 5.20124e-01
 4.60580e-01
 3.74365e-01
 3.07290e-01
 2.51192e-01
 2.21445e-01
 2.19772e-01
 2.33195e-01
 2.31862e-01
 8.14878e-01
 8.01909e-01
 7.66087e-01
 7.10795e-01
 6.56189e-01
 5.77968e-01
 4.99936e-01
 4.42866e-01
 3.76494e-01
 3.23444e-01
 2.77879e-01
 2.51880e-01
 2.48222e-01
 2.50862e-01
 2.37057e-01
 7.90018e-01
 7.66097e-01
 7.26736e-01
 6.83861e-01
 6.29983e-01
 5.44105e-01
 4.74686e-01
 4.14411e-01
 3.52460e-01
 2.99101e-01
 2.61796e-01
 2.45431e-01
 2.46100e-01
 2.49474e-01
 2.33977e-01
 7.22778e-01
 7.10789e-01
 6.83860e-01
 6.41373e-01
 5.76034e-01
 5.07763e-01
 4.45737e-01
 3.85623e-01
 3.34224e-01
 2.89057e-01
 2.60188e-01
 2.51136e-01
 2.53952e-01
 2.52683e-01
 2.29147e-01
 6.79281e-01
 6.56209e-01
 6.29979e-01
 5.76027e-01
 5.33132e-01
 4.72021e-01
 4.18229e-01
 3.56823e-01
 3.14519e-01
 2.78886e-01
 2.58981e-01
 2.57083e-01
 2.60194e-01
 2.50072e-01
 2.17809e-01
 5.82621e-01
 5.77992e-01
 5.44127e-01
 5.07784e-01
 4.72022e-01
 4.34777e-01
 3.87701e-01
 3.26597e-01
 2.81150e-01
 2.48411e-01
 2.34765e-01
 2.40134e-01
 2.48145e-01
 2.36881e-01
 2.01558e-01
 5.20204e-01
 4.99967e-01
 4.74714e-01
 4.45753e-01
 4.18233e-01
 3.87707e-01
 3.38864e-01
 2.97158e-01
 2.61790e-01
 2.39585e-01
 2.36937e-01
 2.45276e-01
 2.45788e-01
 2.23510e-01
 1.83254e-01
 4.60668e-01
 4.42947e-01
 4.14496e-01
 3.85673e-01
 3.56848e-01
 3.26590e-01
 2.97156e-01
 2.66533e-01
 2.44181e-01
 2.35944e-01
 2.42194e-01
 2.48272e-01
 2.37112e-01
 2.04581e-01
 1.63454e-01
 3.74337e-01
 3.76526e-01
 3.52493e-01
 3.34258e-01
 3.14571e-01
 2.81154e-01
 2.61778e-01
 2.44169e-01
 2.36215e-01
 2.39765e-01
 2.47137e-01
 2.43243e-01
 2.18784e-01
 1.80253e-01
 1.43682e-01
 3.07270e-01
 3.23512e-01
 2.99128e-01
 2.89085e-01
 2.78932e-01
 2.48415e-01
 2.39564e-01
 2.35934e-01
 2.39764e-01
 2.47097e-01
 2.46391e-01
 2.27693e-01
 1.93001e-01
 1.55512e-01
 1.27464e-01
 2.51157e-01
 2.77899e-01
 2.61817e-01
 2.60198e-01
 2.58997e-01
 2.34768e-01
 2.36928e-01
 2.42190e-01
 2.47135e-01
 2.46391e-01
 2.31014e-01
 2.00215e-01
 1.63816e-01
 1.34022e-01
 1.15570e-01
 2.21463e-01
 2.51883e-01
 2.45456e-01
 2.51145e-01
 2.57085e-01
 2.40126e-01
 2.45272e-01
 2.48272e-01
 2.43244e-01
 2.27695e-01
 2.00216e-01
 1.67117e-01
 1.38174e-01
 1.18875e-01
 1.08130e-01
 2.19787e-01
 2.48220e-01
 2.46113e-01
 2.53954e-01
 2.60194e-01
 2.48146e-01
 2.45788e-01
 2.37113e-01
 2.18786e-01
 1.93004e-01
 1.63818e-01
 1.38175e-01
 1.19936e-01
 1.09263e-01
 1.03831e-01
 2.33169e-01
 2.50847e-01
 2.49484e-01
 2.52685e-01
 2.50076e-01
 2.36895e-01
 2.23518e-01
 2.04584e-01
 1.80254e-01
 1.55514e-01
 1.34023e-01
 1.18875e-01
 1.09263e-01
 1.04156e-01
 1.01627e-01
 2.31833e-01
 2.37056e-01
 2.34000e-01
 2.29162e-01
 2.17816e-01
 2.01573e-01
 1.83259e-01
 1.63457e-01
 1.43682e-01
 1.27464e-01
 1.15570e-01
 1.08130e-01
 1.03832e-01
 1.01627e-01
 1.00615e-01
 6.31240e-01
 6.22067e-01
 5.99310e-01
 5.53524e-01
 5.06246e-01
 4.45537e-01
 4.11292e-01
 3.71800e-01
 3.07339e-01
 2.63786e-01
 2.31285e-01
 2.19784e-01
 2.25988e-01
 2.27725e-01
 2.05730e-01
 6.22091e-01
 6.06936e-01
 5.83295e-01
 5.43233e-01
 4.91383e-01
 4.44786e-01
 3.82501e-01
 3.52323e-01
 3.09697e-01
 2.77297e-01
 2.54882e-01
 2.48220e-01
 2.48641e-01
 2.37749e-01
 2.06803e-01
 5.99324e-01
 5.83301e-01
 5.71749e-01
 5.08787e-01
 4.67832e-01
 4.28283e-01
 3.70924e-01
 3.33655e-01
 2.90263e-01
 2.59890e-01
 2.46287e-01
 2.46113e-01
 2.48913e-01
 2.37400e-01
 2.03443e-01
 5.53566e-01
 5.43257e-01
 5.08793e-01
 4.73445e-01
 4.32499e-01
 4.04134e-01
 3.54217e-01
 3.13839e-01
 2.77075e-01
 2.55045e-01
 2.49584e-01
 2.53956e-01
 2.54565e-01
 2.35663e-01
 1.95830e-01
 5.06275e-01
 4.91393e-01
 4.67853e-01
 4.32485e-01
 4.10927e-01
 3.71338e-01
 3.29439e-01
 2.91454e-01
 2.64767e-01
 2.49644e-01
 2.52826e-01
 2.60192e-01
 2.53934e-01
 2.25801e-01
 1.83130e-01
 4.45605e-01
 4.44844e-01
 4.28330e-01
 4.04186e-01
 3.71372e-01
 3.41211e-01
 3.14057e-01
 2.73389e-01
 2.47976e-01
 2.37428e-01
 2.41023e-01
 2.48148e-01
 2.39810e-01
 2.08613e-01
 1.66895e-01
 4.11343e-01
 3.82489e-01
 3.70919e-01
 3.54231e-01
 3.29453e-01
 3.14059e-01
 2.85007e-01
 2.60321e-01
 2.45420e-01
 2.41417e-01
 2.46259e-01
 2.45788e-01
 2.26563e-01
 1.89790e-01
 1.50912e-01
 3.71891e-01
 3.52422e-01
 3.33708e-01
 3.13878e-01
 2.91482e-01
 2.73379e-01
 2.60316e-01
 2.48477e-01
 2.44168e-01
 2.46722e-01
 2.48477e-01
 2.37112e-01
 2.07529e-01
 1.68852e-01
 1.35778e-01
 3.07324e-01
 3.09746e-01
 2.90253e-01
 2.77076e-01
 2.64783e-01
 2.47966e-01
 2.45395e-01
 2.44153e-01
 2.46837e-01
 2.49130e-01
 2.41994e-01
 2.18783e-01
 1.83465e-01
 1.48256e-01
 1.23303e-01
 2.63750e-01
 2.77330e-01
 2.59872e-01
 2.55047e-01
 2.49654e-01
 2.37421e-01
 2.41395e-01
 2.46711e-01
 2.49129e-01
 2.43832e-01
 2.24676e-01
 1.93001e-01
 1.58012e-01
 1.30536e-01
 1.13813e-01
 2.31226e-01
 2.54874e-01
 2.46268e-01
 2.49578e-01
 2.52834e-01
 2.41018e-01
 2.46251e-01
 2.48475e-01
 2.41995e-01
 2.24678e-01
 1.96568e-01
 1.63816e-01
 1.36150e-01
 1.17714e-01
 1.07680e-01
 2.19774e-01
 2.48222e-01
 2.46098e-01
 2.53949e-01
 2.60194e-01
 2.48141e-01
 2.45787e-01
 2.37114e-01
 2.18787e-01
 1.93004e-01
 1.63817e-01
 1.38175e-01
 1.19936e-01
 1.09263e-01
 1.03832e-01
 2.25983e-01
 2.48638e-01
 2.48908e-01
 2.54563e-01
 2.53934e-01
 2.39815e-01
 2.26569e-01
 2.07533e-01
 1.83468e-01
 1.58014e-01
 1.36151e-01
 1.19936e-01
 1.09975e-01
 1.04442e-01
 1.01762e-01
 2.27707e-01
 2.37740e-01
 2.37411e-01
 2.35673e-01
 2.25808e-01
 2.08621e-01
 1.89797e-01
 1.68855e-01
 1.48258e-01
 1.30536e-01
 1.17715e-01
 1.09263e-01
 1.04442e-01
 1.01880e-01
 1.00716e-01
 2.05716e-01
 2.06802e-01
 2.03459e-01
 1.95841e-01
 1.83136e-01
 1.66901e-01
 1.50914e-01
 1.35779e-01
 1.23303e-01
 1.13813e-01
 1.07680e-01
 1.03831e-01
 1.01762e-01
 1.00716e-01
 1.00275e-01
 4.82838e-01
 4.59673e-01
 4.31956e-01
 4.25323e-01
 3.90371e-01
 3.58717e-01
 3.31094e-01
 3.04835e-01
 2.66102e-01
 2.48334e-01
 2.37368e-01
 2.33174e-01
 2.27709e-01
 2.06561e-01
 1.71077e-01
 4.59723e-01
 4.38699e-01
 4.34793e-01
 4.28115e-01
 3.86987e-01
 3.56193e-01
 3.09946e-01
 2.90876e-01
 2.67145e-01
 2.57403e-01
 2.53971e-01
 2.50850e-01
 2.37739e-01
 2.08702e-01
 1.69906e-01
 4.31988e-01
 4.34787e-01
 4.36668e-01
 3.99077e-01
 3.70231e-01
 3.44810e-01
 3.00802e-01
 2.78646e-01
 2.56091e-01
 2.46908e-01
 2.48477e-01
 2.49485e-01
 2.37403e-01
 2.06206e-01
 1.65498e-01
 4.25442e-01
 4.28200e-01
 3.99115e-01
 3.75144e-01
 3.47656e-01
 3.28620e-01
 2.88848e-01
 2.64929e-01
 2.48180e-01
 2.46884e-01
 2.52245e-01
 2.52684e-01
 2.35664e-01
 1.99507e-01
 1.58129e-01
 3.90378e-01
 3.86976e-01
 3.70200e-01
 3.47620e-01
 3.27794e-01
 3.02175e-01
 2.68951e-01
 2.50950e-01
 2.44500e-01
 2.46509e-01
 2.54214e-01
 2.50074e-01
 2.25803e-01
 1.86696e-01
 1.48035e-01
 3.58830e-01
 3.56202e-01
 3.44792e-01
 3.28643e-01
 3.02211e-01
 2.78199e-01
 2.65741e-01
 2.48949e-01
 2.43047e-01
 2.44896e-01
 2.46545e-01
 2.36890e-01
 2.08616e-01
 1.70217e-01
 1.36648e-01
 3.31109e-01
 3.09844e-01
 3.00768e-01
 2.88882e-01
 2.68977e-01
 2.65742e-01
 2.58408e-01
 2.51262e-01
 2.50305e-01
 2.49892e-01
 2.43793e-01
 2.23513e-01
 1.89791e-01
 1.53366e-01
 1.26147e-01
 3.04902e-01
 2.90840e-01
 2.78621e-01
 2.64974e-01
 2.50980e-01
 2.48942e-01
 2.51256e-01
 2.53179e-01
 2.54267e-01
 2.49668e-01
 2.33413e-01
 2.04581e-01
 1.68852e-01
 1.37892e-01
 1.17500e-01
 2.66136e-01
 2.67147e-01
 2.56048e-01
 2.48181e-01
 2.44504e-01
 2.43035e-01
 2.50292e-01
 2.54260e-01
 2.51759e-01
 2.38469e-01
 2.13504e-01
 1.80252e-01
 1.48256e-01
 1.24567e-01
 1.10877e-01
 2.48318e-01
 2.57406e-01
 2.46873e-01
 2.46885e-01
 2.46506e-01
 2.44888e-01
 2.49887e-01
 2.49667e-01
 2.38470e-01
 2.16660e-01
 1.86439e-01
 1.55512e-01
 1.30535e-01
 1.14809e-01
 1.06317e-01
 2.37343e-01
 2.53964e-01
 2.48444e-01
 2.52243e-01
 2.54209e-01
 2.46540e-01
 2.43793e-01
 2.33417e-01
 2.13507e-01
 1.86442e-01
 1.58167e-01
 1.34023e-01
 1.17714e-01
 1.08102e-01
 1.03350e-01
 2.33193e-01
 2.50861e-01
 2.49470e-01
 2.52680e-01
 2.50071e-01
 2.36887e-01
 2.23517e-01
 2.04585e-01
 1.80257e-01
 1.55514e-01
 1.34023e-01
 1.18874e-01
 1.09263e-01
 1.04156e-01
 1.01627e-01
 2.27727e-01
 2.37751e-01
 2.37410e-01
 2.35671e-01
 2.25805e-01
 2.08619e-01
 1.89796e-01
 1.68856e-01
 1.48258e-01
 1.30536e-01
 1.17714e-01
 1.09263e-01
 1.04442e-01
 1.01880e-01
 1.00716e-01
 2.06567e-01
 2.08710e-01
 2.06219e-01
 1.99520e-01
 1.86702e-01
 1.70221e-01
 1.53369e-01
 1.37893e-01
 1.24568e-01
 1.14809e-01
 1.08103e-01
 1.04156e-01
 1.01880e-01
 1.00782e-01
 1.00294e-01
 1.71076e-01
 1.69909e-01
 1.65504e-01
 1.58134e-01
 1.48037e-01
 1.36651e-01
 1.26147e-01
 1.17501e-01
 1.10877e-01
 1.06317e-01
 1.03349e-01
 1.01627e-01
 1.00716e-01
 1.00294e-01
 1.00110e-01
 3.86626e-01
 3.62054e-01
 3.34221e-01
 3.36017e-01
 3.07477e-01
 2.96776e-01
 2.76953e-01
 2.67024e-01
 2.53876e-01
 2.52355e-01
 2.46906e-01
 2.31836e-01
 2.05711e-01
 1.71071e-01
 1.38606e-01
 3.62084e-01
 3.44015e-01
 3.41060e-01
 3.38741e-01
 3.09196e-01
 2.94366e-01
 2.66887e-01
 2.60144e-01
 2.52390e-01
 2.55265e-01
 2.53340e-01
 2.37053e-01
 2.06795e-01
 1.69903e-01
 1.37177e-01
 3.34198e-01
 3.41017e-01
 3.37577e-01
 3.21154e-01
 3.01565e-01
 2.86471e-01
 2.59965e-01
 2.54850e-01
 2.50096e-01
 2.50209e-01
 2.48894e-01
 2.33990e-01
 2.03446e-01
 1.65496e-01
 1.33629e-01
 3.36009e-01
 3.38821e-01
 3.21234e-01
 3.06279e-01
 2.88289e-01
 2.76033e-01
 2.52618e-01
 2.48599e-01
 2.47841e-01
 2.50715e-01
 2.46952e-01
 2.29154e-01
 1.95830e-01
 1.58128e-01
 1.28635e-01
 3.07493e-01
 3.09275e-01
 3.01545e-01
 2.88217e-01
 2.70780e-01
 2.60544e-01
 2.43123e-01
 2.41547e-01
 2.46736e-01
 2.48009e-01
 2.40877e-01
 2.17812e-01
 1.83130e-01
 1.48034e-01
 1.22864e-01
 2.96931e-01
 2.94340e-01
 2.86354e-01
 2.75994e-01
 2.60608e-01
 2.49621e-01
 2.49066e-01
 2.48547e-01
 2.49286e-01
 2.44915e-01
 2.29149e-01
 2.01566e-01
 1.66897e-01
 1.36650e-01
 1.16728e-01
 2.76907e-01
 2.66738e-01
 2.59925e-01
 2.52661e-01
 2.43162e-01
 2.49058e-01
 2.54989e-01
 2.55853e-01
 2.52869e-01
 2.39622e-01
 2.15812e-01
 1.83253e-01
 1.50911e-01
 1.26146e-01
 1.11666e-01
 2.67079e-01
 2.60028e-01
 2.54800e-01
 2.48650e-01
 2.41575e-01
 2.48551e-01
 2.55855e-01
 2.56789e-01
 2.47028e-01
 2.26214e-01
 1.95882e-01
 1.63455e-01
 1.35777e-01
 1.17500e-01
 1.07503e-01
 2.53934e-01
 2.52352e-01
 2.50052e-01
 2.47851e-01
 2.46742e-01
 2.49283e-01
 2.52869e-01
 2.47028e-01
 2.30077e-01
 2.02866e-01
 1.72112e-01
 1.43680e-01
 1.23303e-01
 1.10877e-01
 1.04592e-01
 2.52374e-01
 2.55251e-01
 2.50188e-01
 2.50721e-01
 2.48008e-01
 2.44909e-01
 2.39624e-01
 2.26216e-01
 2.02869e-01
 1.75216e-01
 1.48166e-01
 1.27463e-01
 1.13813e-01
 1.06317e-01
 1.02537e-01
 2.46923e-01
 2.53333e-01
 2.48873e-01
 2.46957e-01
 2.40870e-01
 2.29150e-01
 2.15815e-01
 1.95888e-01
 1.72116e-01
 1.48167e-01
 1.29037e-01
 1.15569e-01
 1.07680e-01
 1.03349e-01
 1.01318e-01
 2.31871e-01
 2.37064e-01
 2.33989e-01
 2.29157e-01
 2.17814e-01
 2.01565e-01
 1.83261e-01
 1.63459e-01
 1.43683e-01
 1.27463e-01
 1.15569e-01
 1.08131e-01
 1.03831e-01
 1.01627e-01
 1.00615e-01
 2.05739e-01
 2.06813e-01
 2.03457e-01
 1.95843e-01
 1.83136e-01
 1.66900e-01
 1.50915e-01
 1.35780e-01
 1.23304e-01
 1.13813e-01
 1.07680e-01
 1.03831e-01
 1.01762e-01
 1.00716e-01
 1.00275e-01
 1.71084e-01
 1.69914e-01
 1.65506e-01
 1.58136e-01
 1.48038e-01
 1.36650e-01
 1.26148e-01
 1.17501e-01
 1.10877e-01
 1.06317e-01
 1.03349e-01
 1.01627e-01
 1.00716e-01
 1.00294e-01
 1.00110e-01
 1.38608e-01
 1.37179e-01
 1.33631e-01
 1.28637e-01
 1.22865e-01
 1.16729e-01
 1.11666e-01
 1.07503e-01
 1.04592e-01
 1.02537e-01
 1.01318e-01
 1.00615e-01
 1.00275e-01
 1.00110e-01
 1.00042e-01
 3.19844e-01
 2.94980e-01
 2.69697e-01
 2.75137e-01
 2.56948e-01
 2.62432e-01
 2.59116e-01
 2.58023e-01
 2.54278e-01
 2.49053e-01
 2.31585e-01
 2.01679e-01
 1.66959e-01
 1.36834e-01
 1.16980e-01
 2.95013e-01
 2.80404e-01
 2.77707e-01
 2.76760e-01
 2.62697e-01
 2.63757e-01
 2.52327e-01
 2.52643e-01
 2.51125e-01
 2.48056e-01
 2.31123e-01
 2.00548e-01
 1.65230e-01
 1.35395e-01
 1.16126e-01
 2.69645e-01
 2.77640e-01
 2.70117e-01
 2.72619e-01
 2.62617e-01
 2.60901e-01
 2.49050e-01
 2.52192e-01
 2.51672e-01
 2.43486e-01
 2.25308e-01
 1.94881e-01
 1.60343e-01
 1.31837e-01
 1.14262e-01
 2.74965e-01
 2.76796e-01
 2.72699e-01
 2.65703e-01
 2.58885e-01
 2.57605e-01
 2.47181e-01
 2.50732e-01
 2.48394e-01
 2.38146e-01
 2.16648e-01
 1.85879e-01
 1.52766e-01
 1.27068e-01
 1.11901e-01
 2.56965e-01
 2.62850e-01
 2.62617e-01
 2.58809e-01
 2.50370e-01
 2.50072e-01
 2.44349e-01
 2.45075e-01
 2.42827e-01
 2.28565e-01
 2.04489e-01
 1.73056e-01
 1.43241e-01
 1.21441e-01
 1.09283e-01
 2.62579e-01
 2.63755e-01
 2.60776e-01
 2.57579e-01
 2.50245e-01
 2.46995e-01
 2.49160e-01
 2.47763e-01
 2.37826e-01
 2.17881e-01
 1.89023e-01
 1.58515e-01
 1.32686e-01
 1.15745e-01
 1.06666e-01
 2.59052e-01
 2.52188e-01
 2.49010e-01
 2.47208e-01
 2.44440e-01
 2.49162e-01
 2.52542e-01
 2.45666e-01
 2.29274e-01
 2.02616e-01
 1.72236e-01
 1.43870e-01
 1.23325e-01
 1.10860e-01
 1.04520e-01
 2.58035e-01
 2.52531e-01
 2.52147e-01
 2.50766e-01
 2.45100e-01
 2.47771e-01
 2.45668e-01
 2.34099e-01
 2.11122e-01
 1.82540e-01
 1.53517e-01
 1.30711e-01
 1.15476e-01
 1.07050e-01
 1.02821e-01
 2.54328e-01
 2.51087e-01
 2.51644e-01
 2.48403e-01
 2.42822e-01
 2.37821e-01
 2.29272e-01
 2.11122e-01
 1.86404e-01
 1.59195e-01
 1.36180e-01
 1.19562e-01
 1.09594e-01
 1.04236e-01
 1.01662e-01
 2.49078e-01
 2.48030e-01
 2.43479e-01
 2.38151e-01
 2.28563e-01
 2.17873e-01
 2.02618e-01
 1.82541e-01
 1.59197e-01
 1.38239e-01
 1.21981e-01
 1.11592e-01
 1.05478e-01
 1.02373e-01
 1.00900e-01
 2.31595e-01
 2.31107e-01
 2.25296e-01
 2.16655e-01
 2.04486e-01
 1.89025e-01
 1.72240e-01
 1.53521e-01
 1.36182e-01
 1.21981e-01
 1.12313e-01
 1.06237e-01
 1.02910e-01
 1.01204e-01
 1.00457e-01
 2.01698e-01
 2.00550e-01
 1.94884e-01
 1.85887e-01
 1.73062e-01
 1.58516e-01
 1.43875e-01
 1.30713e-01
 1.19564e-01
 1.11592e-01
 1.06237e-01
 1.03109e-01
 1.01389e-01
 1.00571e-01
 1.00215e-01
 1.66978e-01
 1.65242e-01
 1.60347e-01
 1.52777e-01
 1.43240e-01
 1.32688e-01
 1.23326e-01
 1.15478e-01
 1.09594e-01
 1.05479e-01
 1.02910e-01
 1.01389e-01
 1.00616e-01
 1.00250e-01
 1.00094e-01
 1.36842e-01
 1.35400e-01
 1.31840e-01
 1.27072e-01
 1.21443e-01
 1.15746e-01
 1.10859e-01
 1.07050e-01
 1.04236e-01
 1.02373e-01
 1.01204e-01
 1.00571e-01
 1.00250e-01
 1.00103e-01
 1.00039e-01
 1.16982e-01
 1.16128e-01
 1.14263e-01
 1.11901e-01
 1.09284e-01
 1.06666e-01
 1.04520e-01
 1.02820e-01
 1.01662e-01
 1.00900e-01
 1.00457e-01
 1.00215e-01
 1.00094e-01
 1.00039e-01
 1.00015e-01
 2.81185e-01
 2.58543e-01
 2.37677e-01
 2.48287e-01
 2.39350e-01
 2.51042e-01
 2.55769e-01
 2.49349e-01
 2.37102e-01
 2.18128e-01
 1.89909e-01
 1.58308e-01
 1.32003e-01
 1.15103e-01
 1.06296e-01
 2.58549e-01
 2.46227e-01
 2.47554e-01
 2.51018e-01
 2.48473e-01
 2.56082e-01
 2.51176e-01
 2.45997e-01
 2.34735e-01
 2.15832e-01
 1.87170e-01
 1.56040e-01
 1.30483e-01
 1.14298e-01
 1.05914e-01
 2.37600e-01
 2.47481e-01
 2.41822e-01
 2.53753e-01
 2.50927e-01
 2.55395e-01
 2.49018e-01
 2.44446e-01
 2.32075e-01
 2.09439e-01
 1.80554e-01
 1.50663e-01
 1.27140e-01
 1.12593e-01
 1.05176e-01
 2.48081e-01
 2.51020e-01
 2.53799e-01
 2.50883e-01
 2.52355e-01
 2.54750e-01
 2.45489e-01
 2.39190e-01
 2.23362e-01
 1.99728e-01
 1.70848e-01
 1.43481e-01
 1.22755e-01
 1.10436e-01
 1.04218e-01
 2.39348e-01
 2.48597e-01
 2.50939e-01
 2.52293e-01
 2.50855e-01
 2.47785e-01
 2.39916e-01
 2.29270e-01
 2.12219e-01
 1.86769e-01
 1.59284e-01
 1.34911e-01
 1.17897e-01
 1.08082e-01
 1.03218e-01
 2.51119e-01
 2.56098e-01
 2.55309e-01
 2.54713e-01
 2.47892e-01
 2.41593e-01
 2.34559e-01
 2.21277e-01
 1.99219e-01
 1.72807e-01
 1.46553e-01
 1.26254e-01
 1.13004e-01
 1.05825e-01
 1.02271e-01
 2.55708e-01
 2.51089e-01
 2.49001e-01
 2.45497e-01
 2.39963e-01
 2.34549e-01
 2.25621e-01
 2.07459e-01
 1.83380e-01
 1.56936e-01
 1.34504e-01
 1.18485e-01
 1.08953e-01
 1.03907e-01
 1.01510e-01
 2.49329e-01
 2.45921e-01
 2.44413e-01
 2.39199e-01
 2.29277e-01
 2.21273e-01
 2.07457e-01
 1.87576e-01
 1.63414e-01
 1.41019e-01
 1.23486e-01
 1.12193e-01
 1.05744e-01
 1.02444e-01
 1.00926e-01
 2.37122e-01
 2.34699e-01
 2.32045e-01
 2.23361e-01
 2.12208e-01
 1.99212e-01
 1.83376e-01
 1.63413e-01
 1.43541e-01
 1.26545e-01
 1.14775e-01
 1.07431e-01
 1.03445e-01
 1.01423e-01
 1.00539e-01
 2.18140e-01
 2.15803e-01
 2.09431e-01
 1.99729e-01
 1.86766e-01
 1.72800e-01
 1.56937e-01
 1.41020e-01
 1.26546e-01
 1.15757e-01
 1.08491e-01
 1.04212e-01
 1.01889e-01
 1.00773e-01
 1.00288e-01
 1.89914e-01
 1.87157e-01
 1.80550e-01
 1.70857e-01
 1.59287e-01
 1.46553e-01
 1.34506e-01
 1.23487e-01
 1.14776e-01
 1.08491e-01
 1.04512e-01
 1.02167e-01
 1.00962e-01
 1.00388e-01
 1.00147e-01
 1.58317e-01
 1.56040e-01
 1.50664e-01
 1.43477e-01
 1.34910e-01
 1.26255e-01
 1.18487e-01
 1.12194e-01
 1.07432e-01
 1.04212e-01
 1.02167e-01
 1.01028e-01
 1.00447e-01
 1.00183e-01
 1.00069e-01
 1.31997e-01
 1.30487e-01
 1.27144e-01
 1.22754e-01
 1.17873e-01
 1.13001e-01
 1.08954e-01
 1.05744e-01
 1.03445e-01
 1.01889e-01
 1.00962e-01
 1.00447e-01
 1.00197e-01
 1.00080e-01
 1.00031e-01
 1.15106e-01
 1.14301e-01
 1.12593e-01
 1.10439e-01
 1.08078e-01
 1.05826e-01
 1.03907e-01
 1.02444e-01
 1.01423e-01
 1.00773e-01
 1.00388e-01
 1.00183e-01
 1.00080e-01
 1.00033e-01
 1.00013e-01
 1.06297e-01
 1.05914e-01
 1.05177e-01
 1.04218e-01
 1.03219e-01
 1.02271e-01
 1.01510e-01
 1.00926e-01
 1.00539e-01
 1.00288e-01
 1.00147e-01
 1.00069e-01
 1.00031e-01
 1.00013e-01
 1.00005e-01
 2.64544e-01
 2.48566e-01
 2.33505e-01
 2.41739e-01
 2.36418e-01
 2.40452e-01
 2.35247e-01
 2.17399e-01
 1.95064e-01
 1.69919e-01
 1.44903e-01
 1.24703e-01
 1.11873e-01
 1.05063e-01
 1.01957e-01
 2.48544e-01
 2.38740e-01
 2.41572e-01
 2.43436e-01
 2.42773e-01
 2.43130e-01
 2.31939e-01
 2.15120e-01
 1.92744e-01
 1.67370e-01
 1.42651e-01
 1.23323e-01
 1.11180e-01
 1.04755e-01
 1.01826e-01
 2.33435e-01
 2.41519e-01
 2.38189e-01
 2.46345e-01
 2.43051e-01
 2.40042e-01
 2.27473e-01
 2.10203e-01
 1.87456e-01
 1.61559e-01
 1.38083e-01
 1.20467e-01
 1.09754e-01
 1.04153e-01
 1.01598e-01
 2.41584e-01
 2.43426e-01
 2.46355e-01
 2.43196e-01
 2.41876e-01
 2.34932e-01
 2.18652e-01
 2.00655e-01
 1.77556e-01
 1.53320e-01
 1.32037e-01
 1.16953e-01
 1.08015e-01
 1.03395e-01
 1.01296e-01
 2.36417e-01
 2.42843e-01
 2.43064e-01
 2.41838e-01
 2.36013e-01
 2.23199e-01
 2.07424e-01
 1.87682e-01
 1.65634e-01
 1.43351e-01
 1.25346e-01
 1.13108e-01
 1.06151e-01
 1.02568e-01
 1.00976e-01
 2.40468e-01
 2.43141e-01
 2.39983e-01
 2.34892e-01
 2.23218e-01
 2.10115e-01
 1.93897e-01
 1.74326e-01
 1.52659e-01
 1.33337e-01
 1.18710e-01
 1.09509e-01
 1.04388e-01
 1.01815e-01
 1.00678e-01
 2.35183e-01
 2.31883e-01
 2.27452e-01
 2.18647e-01
 2.07428e-01
 1.93891e-01
 1.77884e-01
 1.58555e-01
 1.39663e-01
 1.23884e-01
 1.13048e-01
 1.06464e-01
 1.02924e-01
 1.01191e-01
 1.00440e-01
 2.17369e-01
 2.15070e-01
 2.10175e-01
 2.00652e-01
 1.87679e-01
 1.74321e-01
 1.58552e-01
 1.42169e-01
 1.27185e-01
 1.15877e-01
 1.08416e-01
 1.04116e-01
 1.01824e-01
 1.00733e-01
 1.00268e-01
 1.95070e-01
 1.92721e-01
 1.87438e-01
 1.77552e-01
 1.65627e-01
 1.52654e-01
 1.39661e-01
 1.27184e-01
 1.17001e-01
 1.09676e-01
 1.05062e-01
 1.02414e-01
 1.01049e-01
 1.00418e-01
 1.00154e-01
 1.69925e-01
 1.67354e-01
 1.61555e-01
 1.53322e-01
 1.43351e-01
 1.33336e-01
 1.23883e-01
 1.15877e-01
 1.09677e-01
 1.05440e-01
 1.02778e-01
 1.01307e-01
 1.00560e-01
 1.00226e-01
 1.00083e-01
 1.44907e-01
 1.42645e-01
 1.38081e-01
 1.32043e-01
 1.25342e-01
 1.18711e-01
 1.13049e-01
 1.08416e-01
 1.05062e-01
 1.02778e-01
 1.01402e-01
 1.00648e-01
 1.00279e-01
 1.00113e-01
 1.00043e-01
 1.24703e-01
 1.23322e-01
 1.20467e-01
 1.16956e-01
 1.13111e-01
 1.09511e-01
 1.06464e-01
 1.04117e-01
 1.02414e-01
 1.01307e-01
 1.00648e-01
 1.00301e-01
 1.00130e-01
 1.00054e-01
 1.00020e-01
 1.11877e-01
 1.11182e-01
 1.09753e-01
 1.08017e-01
 1.06146e-01
 1.04389e-01
 1.02924e-01
 1.01824e-01
 1.01049e-01
 1.00560e-01
 1.00279e-01
 1.00130e-01
 1.00057e-01
 1.00023e-01
 1.00009e-01
 1.05064e-01
 1.04755e-01
 1.04152e-01
 1.03396e-01
 1.02569e-01
 1.01816e-01
 1.01190e-01
 1.00733e-01
 1.00418e-01
 1.00226e-01
 1.00113e-01
 1.00054e-01
 1.00023e-01
 1.00010e-01
 1.00004e-01
 1.01957e-01
 1.01826e-01
 1.01599e-01
 1.01295e-01
 1.00977e-01
 1.00678e-01
 1.00440e-01
 1.00268e-01
 1.00154e-01
 1.00083e-01
 1.00043e-01
 1.00020e-01
 1.00009e-01
 1.00004e-01
 1.00001e-01
 2.46516e-01
 2.36849e-01
 2.24925e-01
 2.22201e-01
 2.13778e-01
 2.05806e-01
 1.90397e-01
 1.69084e-01
 1.47808e-01
 1.29720e-01
 1.16358e-01
 1.08095e-01
 1.03559e-01
 1.01434e-01
 1.00512e-01
 2.36838e-01
 2.29026e-01
 2.26516e-01
 2.20899e-01
 2.14636e-01
 2.04494e-01
 1.87094e-01
 1.66429e-01
 1.45614e-01
 1.28089e-01
 1.15345e-01
 1.07557e-01
 1.03331e-01
 1.01336e-01
 1.00476e-01
 2.24893e-01
 2.26488e-01
 2.21577e-01
 2.19636e-01
 2.11039e-01
 1.99087e-01
 1.81141e-01
 1.60989e-01
 1.41361e-01
 1.24925e-01
 1.13438e-01
 1.06548e-01
 1.02892e-01
 1.01161e-01
 1.00411e-01
 2.22121e-01
 2.20886e-01
 2.19634e-01
 2.13379e-01
 2.04954e-01
 1.90241e-01
 1.71523e-01
 1.52740e-01
 1.35006e-01
 1.20758e-01
 1.11047e-01
 1.05336e-01
 1.02344e-01
 1.00939e-01
 1.00329e-01
 2.13783e-01
 2.14657e-01
 2.11043e-01
 2.04936e-01
 1.93285e-01
 1.77040e-01
 1.59834e-01
 1.42652e-01
 1.27640e-01
 1.16034e-01
 1.08459e-01
 1.04055e-01
 1.01764e-01
 1.00701e-01
 1.00247e-01
 2.05807e-01
 2.04493e-01
 1.99056e-01
 1.90218e-01
 1.77035e-01
 1.62494e-01
 1.47118e-01
 1.32655e-01
 1.20445e-01
 1.11660e-01
 1.06050e-01
 1.02875e-01
 1.01233e-01
 1.00487e-01
 1.00174e-01
 1.90364e-01
 1.87068e-01
 1.81128e-01
 1.71518e-01
 1.59831e-01
 1.47117e-01
 1.34629e-01
 1.23207e-01
 1.14204e-01
 1.07917e-01
 1.04053e-01
 1.01895e-01
 1.00805e-01
 1.00317e-01
 1.00115e-01
 1.69069e-01
 1.66406e-01
 1.60974e-01
 1.52734e-01
 1.42648e-01
 1.32653e-01
 1.23206e-01
 1.15218e-01
 1.09132e-01
 1.05043e-01
 1.02532e-01
 1.01168e-01
 1.00490e-01
 1.00193e-01
 1.00071e-01
 1.47814e-01
 1.45607e-01
 1.41356e-01
 1.35004e-01
 1.27638e-01
 1.20443e-01
 1.14203e-01
 1.09132e-01
 1.05408e-01
 1.02939e-01
 1.01455e-01
 1.00661e-01
 1.00278e-01
 1.00111e-01
 1.00041e-01
 1.29724e-01
 1.28083e-01
 1.24925e-01
 1.20761e-01
 1.16029e-01
 1.11661e-01
 1.07917e-01
 1.05043e-01
 1.02939e-01
 1.01574e-01
 1.00770e-01
 1.00349e-01
 1.00149e-01
 1.00059e-01
 1.00022e-01
 1.16356e-01
 1.15343e-01
 1.13438e-01
 1.11044e-01
 1.08433e-01
 1.06047e-01
 1.04054e-01
 1.02532e-01
 1.01455e-01
 1.00770e-01
 1.00376e-01
 1.00172e-01
 1.00074e-01
 1.00030e-01
 1.00011e-01
 1.08066e-01
 1.07553e-01
 1.06549e-01
 1.05337e-01
 1.04051e-01
 1.02876e-01
 1.01896e-01
 1.01168e-01
 1.00661e-01
 1.00350e-01
 1.00172e-01
 1.00080e-01
 1.00035e-01
 1.00014e-01
 1.00005e-01
 1.03558e-01
 1.03333e-01
 1.02892e-01
 1.02344e-01
 1.01765e-01
 1.01234e-01
 1.00805e-01
 1.00490e-01
 1.00278e-01
 1.00149e-01
 1.00074e-01
 1.00035e-01
 1.00015e-01
 1.00006e-01
 1.00002e-01
 1.01435e-01
 1.01336e-01
 1.01162e-01
 1.00938e-01
 1.00701e-01
 1.00487e-01
 1.00317e-01
 1.00193e-01
 1.00111e-01
 1.00059e-01
 1.00030e-01
 1.00014e-01
 1.00006e-01
 1.00003e-01
 1.00001e-01
 1.00513e-01
 1.00476e-01
 1.00411e-01
 1.00330e-01
 1.00247e-01
 1.00174e-01
 1.00115e-01
 1.00071e-01
 1.00041e-01
 1.00022e-01
 1.00011e-01
 1.00005e-01
 1.00002e-01
 1.00001e-01
 1.00000e-01
 2.05084e-01
 1.98740e-01
 1.88811e-01
 1.79756e-01
 1.68737e-01
 1.56567e-01
 1.42476e-01
 1.28294e-01
 1.16915e-01
 1.09205e-01
 1.04635e-01
 1.02119e-01
 1.00888e-01
 1.00329e-01
 1.00119e-01
 1.98750e-01
 1.92952e-01
 1.86255e-01
 1.77154e-01
 1.66862e-01
 1.54303e-01
 1.40004e-01
 1.26477e-01
 1.15802e-01
 1.08595e-01
 1.04322e-01
 1.01974e-01
 1.00825e-01
 1.00306e-01
 1.00111e-01
 1.88812e-01
 1.86247e-01
 1.80000e-01
 1.72422e-01
 1.61820e-01
 1.49511e-01
 1.35736e-01
 1.23386e-01
 1.13883e-01
 1.07503e-01
 1.03762e-01
 1.01708e-01
 1.00713e-01
 1.00266e-01
 1.00096e-01
 1.79739e-01
 1.77146e-01
 1.72420e-01
 1.64588e-01
 1.54664e-01
 1.42392e-01
 1.29871e-01
 1.19279e-01
 1.11349e-01
 1.06115e-01
 1.03039e-01
 1.01375e-01
 1.00571e-01
 1.00214e-01
 1.00078e-01
 1.68747e-01
 1.66868e-01
 1.61820e-01
 1.54659e-01
 1.44707e-01
 1.33566e-01
 1.23145e-01
 1.14689e-01
 1.08588e-01
 1.04623e-01
 1.02285e-01
 1.01030e-01
 1.00424e-01
 1.00162e-01
 1.00059e-01
 1.56568e-01
 1.54301e-01
 1.49499e-01
 1.42383e-01
 1.33563e-01
 1.24615e-01
 1.16698e-01
 1.10478e-01
 1.06078e-01
 1.03261e-01
 1.01595e-01
 1.00715e-01
 1.00295e-01
 1.00114e-01
 1.00042e-01
 1.42464e-01
 1.39998e-01
 1.35735e-01
 1.29871e-01
 1.23144e-01
 1.16697e-01
 1.11219e-01
 1.06997e-01
 1.04054e-01
 1.02148e-01
 1.01040e-01
 1.00463e-01
 1.00192e-01
 1.00075e-01
 1.00028e-01
 1.28293e-01
 1.26473e-01
 1.23381e-01
 1.19277e-01
 1.14687e-01
 1.10478e-01
 1.06997e-01
 1.04345e-01
 1.02500e-01
 1.01314e-01
 1.00629e-01
 1.00280e-01
 1.00117e-01
 1.00046e-01
 1.00017e-01
 1.16916e-01
 1.15802e-01
 1.13882e-01
 1.11348e-01
 1.08587e-01
 1.06077e-01
 1.04054e-01
 1.02500e-01
 1.01414e-01
 1.00737e-01
 1.00353e-01
 1.00158e-01
 1.00067e-01
 1.00027e-01
 1.00010e-01
 1.09208e-01
 1.08594e-01
 1.07502e-01
 1.06116e-01
 1.04623e-01
 1.03263e-01
 1.02148e-01
 1.01314e-01
 1.00737e-01
 1.00384e-01
 1.00184e-01
 1.00084e-01
 1.00036e-01
 1.00014e-01
 1.00005e-01
 1.04638e-01
 1.04322e-01
 1.03761e-01
 1.03040e-01
 1.02281e-01
 1.01596e-01
 1.01040e-01
 1.00629e-01
 1.00353e-01
 1.00184e-01
 1.00091e-01
 1.00042e-01
 1.00018e-01
 1.00007e-01
 1.00003e-01
 1.02117e-01
 1.01975e-01
 1.01707e-01
 1.01376e-01
 1.01031e-01
 1.00717e-01
 1.00463e-01
 1.00280e-01
 1.00158e-01
 1.00084e-01
 1.00042e-01
 1.00019e-01
 1.00008e-01
 1.00003e-01
 1.00001e-01
 1.00891e-01
 1.00827e-01
 1.00713e-01
 1.00571e-01
 1.00424e-01
 1.00294e-01
 1.00192e-01
 1.00117e-01
 1.00067e-01
 1.00036e-01
 1.00018e-01
 1.00008e-01
 1.00004e-01
 1.00002e-01
 1.00001e-01
 1.00330e-01
 1.00306e-01
 1.00266e-01
 1.00214e-01
 1.00162e-01
 1.00114e-01
 1.00075e-01
 1.00046e-01
 1.00027e-01
 1.00014e-01
 1.00007e-01
 1.00003e-01
 1.00002e-01
 1.00001e-01
 1.00000e-01
 1.00119e-01
 1.00111e-01
 1.00097e-01
 1.00078e-01
 1.00059e-01
 1.00042e-01
 1.00028e-01
 1.00017e-01
 1.00010e-01
 1.00005e-01
 1.00003e-01
 1.00001e-01
 1.00001e-01
 1.00000e-01
 1.00000e-01
 1.52437e-01
 1.48655e-01
 1.42345e-01
 1.35228e-01
 1.27379e-01
 1.19903e-01
 1.13267e-01
 1.07993e-01
 1.04381e-01
 1.02233e-01
 1.01041e-01
 1.00457e-01
 1.00180e-01
 1.00069e-01
 1.00024e-01
 1.48664e-01
 1.45283e-01
 1.39899e-01
 1.33252e-01
 1.25854e-01
 1.18684e-01
 1.12270e-01
 1.07370e-01
 1.04058e-01
 1.02081e-01
 1.00970e-01
 1.00423e-01
 1.00168e-01
 1.00065e-01
 1.00022e-01
 1.42353e-01
 1.39900e-01
 1.35329e-01
 1.29379e-01
 1.22707e-01
 1.16348e-01
 1.10632e-01
 1.06363e-01
 1.03503e-01
 1.01794e-01
 1.00841e-01
 1.00365e-01
 1.00146e-01
 1.00056e-01
 1.00019e-01
 1.35229e-01
 1.33250e-01
 1.29378e-01
 1.24265e-01
 1.18737e-01
 1.13289e-01
 1.08554e-01
 1.05104e-01
 1.02818e-01
 1.01436e-01
 1.00673e-01
 1.00291e-01
 1.00118e-01
 1.00045e-01
 1.00016e-01
 1.27387e-01
 1.25859e-01
 1.22707e-01
 1.18735e-01
 1.14247e-01
 1.09911e-01
 1.06341e-01
 1.03778e-01
 1.02095e-01
 1.01065e-01
 1.00501e-01
 1.00217e-01
 1.00089e-01
 1.00034e-01
 1.00012e-01
 1.19903e-01
 1.18684e-01
 1.16345e-01
 1.13287e-01
 1.09910e-01
 1.06835e-01
 1.04390e-01
 1.02614e-01
 1.01444e-01
 1.00733e-01
 1.00346e-01
 1.00151e-01
 1.00062e-01
 1.00024e-01
 1.00009e-01
 1.13263e-01
 1.12269e-01
 1.10632e-01
 1.08554e-01
 1.06340e-01
 1.04390e-01
 1.02825e-01
 1.01685e-01
 1.00933e-01
 1.00472e-01
 1.00223e-01
 1.00098e-01
 1.00041e-01
 1.00016e-01
 1.00006e-01
 1.07991e-01
 1.07370e-01
 1.06361e-01
 1.05103e-01
 1.03778e-01
 1.02614e-01
 1.01685e-01
 1.01001e-01
 1.00553e-01
 1.00281e-01
 1.00134e-01
 1.00060e-01
 1.00025e-01
 1.00010e-01
 1.00004e-01
 1.04363e-01
 1.04055e-01
 1.03503e-01
 1.02818e-01
 1.02095e-01
 1.01444e-01
 1.00933e-01
 1.00553e-01
 1.00307e-01
 1.00157e-01
 1.00076e-01
 1.00034e-01
 1.00014e-01
 1.00006e-01
 1.00002e-01
 1.02232e-01
 1.02081e-01
 1.01794e-01
 1.01436e-01
 1.01065e-01
 1.00733e-01
 1.00472e-01
 1.00281e-01
 1.00157e-01
 1.00082e-01
 1.00040e-01
 1.00018e-01
 1.00008e-01
 1.00003e-01
 1.00001e-01
 1.01041e-01
 1.00970e-01
 1.00842e-01
 1.00673e-01
 1.00502e-01
 1.00346e-01
 1.00223e-01
 1.00134e-01
 1.00076e-01
 1.00040e-01
 1.00020e-01
 1.00009e-01
 1.00004e-01
 1.00002e-01
 1.00001e-01
 1.00458e-01
 1.00423e-01
 1.00365e-01
 1.00291e-01
 1.00217e-01
 1.00151e-01
 1.00098e-01
 1.00060e-01
 1.00034e-01
 1.00018e-01
 1.00009e-01
 1.00004e-01
 1.00002e-01
 1.00001e-01
 1.00000e-01
 1.00180e-01
 1.00167e-01
 1.00146e-01
 1.00118e-01
 1.00089e-01
 1.00062e-01
 1.00041e-01
 1.00025e-01
 1.00014e-01
 1.00008e-01
 1.00004e-01
 1.00002e-01
 1.00001e-01
 1.00000e-01
 1.00000e-01
 1.00070e-01
 1.00065e-01
 1.00056e-01
 1.00045e-01
 1.00034e-01
 1.00024e-01
 1.00016e-01
 1.00010e-01
 1.00006e-01
 1.00003e-01
 1.00002e-01
 1.00001e-01
 1.00000e-01
 1.00000e-01
 1.00000e-01
 1.00024e-01
 1.00022e-01
 1.00019e-01
 1.00016e-01
 1.00012e-01
 1.00009e-01
 1.00006e-01
 1.00004e-01
 1.00002e-01
 1.00001e-01
 1.00001e-01
 1.00000e-01
 1.00000e-01
 1.00000e-01
 1.00000e-01
 1.16038e-01
 1.14639e-01
 1.12287e-01
 1.09590e-01
 1.06875e-01
 1.04627e-01
 1.02896e-01
 1.01661e-01
 1.00876e-01
 1.00422e-01
 1.00193e-01
 1.00081e-01
 1.00034e-01
 1.00013e-01
 1.00005e-01
 1.14641e-01
 1.13398e-01
 1.11321e-01
 1.08860e-01
 1.06381e-01
 1.04287e-01
 1.02664e-01
 1.01531e-01
 1.00811e-01
 1.00393e-01
 1.00179e-01
 1.00076e-01
 1.00031e-01
 1.00012e-01
 1.00004e-01
 1.12289e-01
 1.11321e-01
 1.09608e-01
 1.07500e-01
 1.05422e-01
 1.03665e-01
 1.02289e-01
 1.01313e-01
 1.00694e-01
 1.00337e-01
 1.00153e-01
 1.00066e-01
 1.00027e-01
 1.00010e-01
 1.00004e-01
 1.09590e-01
 1.08860e-01
 1.07500e-01
 1.05878e-01
 1.04301e-01
 1.02907e-01
 1.01805e-01
 1.01035e-01
 1.00550e-01
 1.00268e-01
 1.00123e-01
 1.00054e-01
 1.00022e-01
 1.00008e-01
 1.00003e-01
 1.06877e-01
 1.06382e-01
 1.05422e-01
 1.04301e-01
 1.03153e-01
 1.02120e-01
 1.01316e-01
 1.00755e-01
 1.00402e-01
 1.00198e-01
 1.00092e-01
 1.00040e-01
 1.00017e-01
 1.00006e-01
 1.00002e-01
 1.04627e-01
 1.04287e-01
 1.03664e-01
 1.02906e-01
 1.02120e-01
 1.01426e-01
 1.00888e-01
 1.00510e-01
 1.00273e-01
 1.00136e-01
 1.00064e-01
 1.00028e-01
 1.00012e-01
 1.00005e-01
 1.00002e-01
 1.02895e-01
 1.02664e-01
 1.02289e-01
 1.01805e-01
 1.01316e-01
 1.00888e-01
 1.00554e-01
 1.00321e-01
 1.00173e-01
 1.00088e-01
 1.00042e-01
 1.00019e-01
 1.00008e-01
 1.00003e-01
 1.00001e-01
 1.01664e-01
 1.01533e-01
 1.01313e-01
 1.01035e-01
 1.00755e-01
 1.00510e-01
 1.00321e-01
 1.00187e-01
 1.00103e-01
 1.00053e-01
 1.00025e-01
 1.00011e-01
 1.00005e-01
 1.00002e-01
 1.00001e-01
 1.00875e-01
 1.00812e-01
 1.00694e-01
 1.00550e-01
 1.00402e-01
 1.00273e-01
 1.00173e-01
 1.00103e-01
 1.00057e-01
 1.00030e-01
 1.00014e-01
 1.00007e-01
 1.00003e-01
 1.00001e-01
 1.00000e-01
 1.00424e-01
 1.00394e-01
 1.00337e-01
 1.00268e-01
 1.00198e-01
 1.00136e-01
 1.00088e-01
 1.00053e-01
 1.00030e-01
 1.00016e-01
 1.00008e-01
 1.00004e-01
 1.00002e-01
 1.00001e-01
 1.00000e-01
 1.00193e-01
 1.00179e-01
 1.00153e-01
 1.00123e-01
 1.00092e-01
 1.00064e-01
 1.00042e-01
 1.00025e-01
 1.00014e-01
 1.00008e-01
 1.00004e-01
 1.00002e-01
 1.00001e-01
 1.00000e-01
 1.00000e-01
 1.00081e-01
 1.00076e-01
 1.00066e-01
 1.00054e-01
 1.00040e-01
 1.00028e-01
 1.00019e-01
 1.00012e-01
 1.00007e-01
 1.00004e-01
 1.00002e-01
 1.00001e-01
 1.00000e-01
 1.00000e-01
 1.00000e-01
 1.00034e-01
 1.00031e-01
 1.00027e-01
 1.00022e-01
 1.00017e-01
 1.00012e-01
 1.00008e-01
 1.00005e-01
 1.00003e-01
 1.00002e-01
 1.00001e-01
 1.00000e-01
 1.00000e-01
 1.00000e-01
 1.00000e-01
 1.00013e-01
 1.00012e-01
 1.00010e-01
 1.00008e-01
 1.00006e-01
 1.00005e-01
 1.00003e-01
 1.00002e-01
 1.00001e-01
 1.00001e-01
 1.00000e-01
 1.00000e-01
 1.00000e-01
 1.00000e-01
 1.00000e-01
 1.00005e-01
 1.00004e-01
 1.00004e-01
 1.00003e-01
 1.00002e-01
 1.00002e-01
 1.00001e-01
 1.00001e-01
 1.00000e-01
 1.00000e-01
 1.00000e-01
 1.00000e-01
 1.00000e-01
 1.00000e-01
 1.00000e-01
 1.02890e-01
 1.02625e-01
 1.02181e-01
 1.01670e-01
 1.01181e-01
 1.00778e-01
 1.00470e-01
 1.00265e-01
 1.00135e-01
 1.00067e-01
 1.00030e-01
 1.00013e-01
 1.00005e-01
 1.00002e-01
 1.00001e-01
 1.02625e-01
 1.02394e-01
 1.01997e-01
 1.01537e-01
 1.01093e-01
 1.00717e-01
 1.00432e-01
 1.00244e-01
 1.00125e-01
 1.00062e-01
 1.00028e-01
 1.00012e-01
 1.00005e-01
 1.00002e-01
 1.00001e-01
 1.02182e-01
 1.01998e-01
 1.01672e-01
 1.01291e-01
 1.00921e-01
 1.00608e-01
 1.00369e-01
 1.00208e-01
 1.00107e-01
 1.00054e-01
 1.00024e-01
 1.00011e-01
 1.00004e-01
 1.00002e-01
 1.00001e-01
 1.01669e-01
 1.01537e-01
 1.01291e-01
 1.01006e-01
 1.00722e-01
 1.00476e-01
 1.00289e-01
 1.00163e-01
 1.00086e-01
 1.00043e-01
 1.00020e-01
 1.00009e-01
 1.00004e-01
 1.00001e-01
 1.00001e-01
 1.01181e-01
 1.01093e-01
 1.00921e-01
 1.00722e-01
 1.00518e-01
 1.00342e-01
 1.00209e-01
 1.00119e-01
 1.00063e-01
 1.00032e-01
 1.00015e-01
 1.00007e-01
 1.00003e-01
 1.00001e-01
 1.00000e-01
 1.00778e-01
 1.00717e-01
 1.00608e-01
 1.00476e-01
 1.00342e-01
 1.00227e-01
 1.00140e-01
 1.00081e-01
 1.00044e-01
 1.00022e-01
 1.00011e-01
 1.00005e-01
 1.00002e-01
 1.00001e-01
 1.00000e-01
 1.00470e-01
 1.00432e-01
 1.00369e-01
 1.00289e-01
 1.00209e-01
 1.00140e-01
 1.00087e-01
 1.00051e-01
 1.00028e-01
 1.00014e-01
 1.00007e-01
 1.00003e-01
 1.00001e-01
 1.00001e-01
 1.00000e-01
 1.00265e-01
 1.00244e-01
 1.00208e-01
 1.00163e-01
 1.00119e-01
 1.00081e-01
 1.00051e-01
 1.00030e-01
 1.00017e-01
 1.00009e-01
 1.00004e-01
 1.00002e-01
 1.00001e-01
 1.00000e-01
 1.00000e-01
 1.00135e-01
 1.00125e-01
 1.00107e-01
 1.00086e-01
 1.00063e-01
 1.00044e-01
 1.00028e-01
 1.00017e-01
 1.00009e-01
 1.00005e-01
 1.00002e-01
 1.00001e-01
 1.00000e-01
 1.00000e-01
 1.00000e-01
 1.00067e-01
 1.00062e-01
 1.00054e-01
 1.00043e-01
 1.00032e-01
 1.00022e-01
 1.00014e-01
 1.00009e-01
 1.00005e-01
 1.00003e-01
 1.00001e-01
 1.00001e-01
 1.00000e-01
 1.00000e-01
 1.00000e-01
 1.00030e-01
 1.00028e-01
 1.00024e-01
 1.00020e-01
 1.00015e-01
 1.00011e-01
 1.00007e-01
 1.00004e-01
 1.00002e-01
 1.00001e-01
 1.00001e-01
 1.00000e-01
 1.00000e-01
 1.00000e-01
 1.00000e-01
 1.00013e-01
 1.00012e-01
 1.00011e-01
 1.00009e-01
 1.00007e-01
 1.00005e-01
 1.00003e-01
 1.00002e-01
 1.00001e-01
 1.00001e-01
 1.00000e-01
 1.00000e-01
 1.00000e-01
 1.00000e-01
 1.00000e-01
 1.00005e-01
 1.00005e-01
 1.00004e-01
 1.00004e-01
 1.00003e-01
 1.00002e-01
 1.00001e-01
 1.00001e-01
 1.00000e-01
 1.00000e-01
 1.00000e-01
 1.00000e-01
 1.00000e-01
 1.00000e-01
 1.00000e-01
 1.00002e-01
 1.00002e-01
 1.00002e-01
 1.00001e-01
 1.00001e-01
 1.00001e-01
 1.00001e-01
 1.00000e-01
 1.00000e-01
 1.00000e-01
 1.00000e-01
 1.00000e-01
 1.00000e-01
 1.00000e-01
 1.00000e-01
 1.00001e-01
 1.00001e-01
 1.00001e-01
 1.00001e-01
 1.00000e-01
 1.00000e-01
 1.00000e-01
 1.00000e-01
 1.00000e-01
 1.00000e-01
 1.00000e-01
 1.00000e-01
 1.00000e-01
 1.00000e-01
 1.00000e-01
 1.00357e-01
 1.00325e-01
 1.00271e-01
 1.00206e-01
 1.00147e-01
 1.00095e-01
 1.00059e-01
 1.00034e-01
 1.00018e-01
 1.00009e-01
 1.00004e-01
 1.00002e-01
 1.00001e-01
 1.00000e-01
 1.00000e-01
 1.00325e-01
 1.00298e-01
 1.00248e-01
 1.00190e-01
 1.00135e-01
 1.00088e-01
 1.00055e-01
 1.00031e-01
 1.00017e-01
 1.00008e-01
 1.00004e-01
 1.00002e-01
 1.00001e-01
 1.00000e-01
 1.00000e-01
 1.00271e-01
 1.00248e-01
 1.00206e-01
 1.00160e-01
 1.00114e-01
 1.00076e-01
 1.00047e-01
 1.00027e-01
 1.00015e-01
 1.00007e-01
 1.00004e-01
 1.00002e-01
 1.00001e-01
 1.00000e-01
 1.00000e-01
 1.00206e-01
 1.00190e-01
 1.00160e-01
 1.00125e-01
 1.00090e-01
 1.00060e-01
 1.00037e-01
 1.00022e-01
 1.00012e-01
 1.00006e-01
 1.00003e-01
 1.00001e-01
 1.00001e-01
 1.00000e-01
 1.00000e-01
 1.00147e-01
 1.00135e-01
 1.00114e-01
 1.00090e-01
 1.00065e-01
 1.00044e-01
 1.00027e-01
 1.00016e-01
 1.00009e-01
 1.00004e-01
 1.00002e-01
 1.00001e-01
 1.00000e-01
 1.00000e-01
 1.00000e-01
 1.00095e-01
 1.00088e-01
 1.00076e-01
 1.00060e-01
 1.00044e-01
 1.00030e-01
 1.00019e-01
 1.00011e-01
 1.00006e-01
 1.00003e-01
 1.00002e-01
 1.00001e-01
 1.00000e-01
 1.00000e-01
 1.00000e-01
 1.00059e-01
 1.00055e-01
 1.00047e-01
 1.00037e-01
 1.00027e-01
 1.00019e-01
 1.00012e-01
 1.00007e-01
 1.00004e-01
 1.00002e-01
 1.00001e-01
 1.00000e-01
 1.00000e-01
 1.00000e-01
 1.00000e-01
 1.00034e-01
 1.00031e-01
 1.00027e-01
 1.00022e-01
 1.00016e-01
 1.00011e-01
 1.00007e-01
 1.00004e-01
 1.00002e-01
 1.00001e-01
 1.00001e-01
 1.00000e-01
 1.00000e-01
 1.00000e-01
 1.00000e-01
 1.00018e-01
 1.00017e-01
 1.00015e-01
 1.00012e-01
 1.00009e-01
 1.00006e-01
 1.00004e-01
 1.00002e-01
 1.00001e-01
 1.00001e-01
 1.00000e-01
 1.00000e-01
 1.00000e-01
 1.00000e-01
 1.00000e-01
 1.00009e-01
 1.00008e-01
 1.00007e-01
 1.00006e-01
 1.00004e-01
 1.00003e-01
 1.00002e-01
 1.00001e-01
 1.00001e-01
 1.00000e-01
 1.00000e-01
 1.00000e-01
 1.00000e-01
 1.00000e-01
 1.00000e-01
 1.00004e-01
 1.00004e-01
 1.00004e-01
 1.00003e-01
 1.00002e-01
 1.00002e-01
 1.00001e-01
 1.00001e-01
 1.00000e-01
 1.00000e-01
 1.00000e-01
 1.00000e-01
 1.00000e-01
 1.00000e-01
 1.00000e-01
 1.00002e-01
 1.00002e-01
 1.00002e-01
 1.00001e-01
 1.00001e-01
 1.00001e-01
 1.00000e-01
 1.00000e-01
 1.00000e-01
 1.00000e-01
 1.00000e-01
 1.00000e-01
 1.00000e-01
 1.00000e-01
 1.00000e-01
 1.00001e-01
 1.00001e-01
 1.00001e-01
 1.00001e-01
 1.00000e-01
 1.00000e-01
 1.00000e-01
 1.00000e-01
 1.00000e-01
 1.00000e-01
 1.00000e-01
 1.00000e-01
 1.00000e-01
 1.00000e-01
 1.00000e-01
 1.00000e-01
 1.00000e-01
 1.00000e-01
 1.00000e-01
 1.00000e-01
 1.00000e-01
 1.00000e-01
 1.00000e-01
 1.00000e-01
 1.00000e-01
 1.00000e-01
 1.00000e-01
 1.00000e-01
 1.00000e-01
 1.00000e-01
 1.00000e-01
 1.00000e-01
 1.00000e-01
 1.00000e-01
 1.00000e-01
 1.00000e-01
 1.00000e-01
 1.00000e-01
 1.00000e-01
 1.00000e-01
 1.00000e-01
 1.00000e-01
 1.00000e-01
 1.00000e-01
 1.00000e-01
 1.00032e-01
 1.00030e-01
 1.00025e-01
 1.00020e-01
 1.00015e-01
 1.00010e-01
 1.00006e-01
 1.00004e-01
 1.00002e-01
 1.00001e-01
 1.00001e-01
 1.00000e-01
 1.00000e-01
 1.00000e-01
 1.00000e-01
 1.00030e-01
 1.00028e-01
 1.00024e-01
 1.00019e-01
 1.00014e-01
 1.00009e-01
 1.00006e-01
 1.00004e-01
 1.00002e-01
 1.00001e-01
 1.00000e-01
 1.00000e-01
 1.00000e-01
 1.00000e-01
 1.00000e-01
 1.00025e-01
 1.00024e-01
 1.00020e-01
 1.00016e-01
 1.00012e-01
 1.00008e-01
 1.00005e-01
 1.00003e-01
 1.00002e-01
 1.00001e-01
 1.00000e-01
 1.00000e-01
 1.00000e-01
 1.00000e-01
 1.00000e-01
 1.00020e-01
 1.00019e-01
 1.00016e-01
 1.00013e-01
 1.00009e-01
 1.00006e-01
 1.00004e-01
 1.00003e-01
 1.00001e-01
 1.00001e-01
 1.00000e-01
 1.00000e-01
 1.00000e-01
 1.00000e-01
 1.00000e-01
 1.00015e-01
 1.00014e-01
 1.00012e-01
 1.00009e-01
 1.00007e-01
 1.00005e-01
 1.00003e-01
 1.00002e-01
 1.00001e-01
 1.00001e-01
 1.00000e-01
 1.00000e-01
 1.00000e-01
 1.00000e-01
 1.00000e-01
 1.00010e-01
 1.00009e-01
 1.00008e-01
 1.00006e-01
 1.00005e-01
 1.00003e-01
 1.00002e-01
 1.00001e-01
 1.00001e-01
 1.00000e-01
 1.00000e-01
 1.00000e-01
 1.00000e-01
 1.00000e-01
 1.00000e-01
 1.00006e-01
 1.00006e-01
 1.00005e-01
 1.00004e-01
 1.00003e-01
 1.00002e-01
 1.00001e-01
 1.00001e-01
 1.00000e-01
 1.00000e-01
 1.00000e-01
 1.00000e-01
 1.00000e-01
 1.00000e-01
 1.00000e-01
 1.00004e-01
 1.00004e-01
 1.00003e-01
 1.00003e-01
 1.00002e-01
 1.00001e-01
 1.00001e-01
 1.00001e-01
 1.00000e-01
 1.00000e-01
 1.00000e-01
 1.00000e-01
 1.00000e-01
 1.00000e-01
 1.00000e-01
 1.00002e-01
 1.00002e-01
 1.00002e-01
 1.00001e-01
 1.00001e-01
 1.00001e-01
 1.00000e-01
 1.00000e-01
 1.00000e-01
 1.00000e-01
 1.00000e-01
 1.00000e-01
 1.00000e-01
 1.00000e-01
 1.00000e-01
 1.00001e-01
 1.00001e-01
 1.00001e-01
 1.00001e-01
 1.00001e-01
 1.00000e-01
 1.00000e-01
 1.00000e-01
 1.00000e-01
 1.00000e-01
 1.00000e-01
 1.00000e-01
 1.00000e-01
 1.00000e-01
 1.00000e-01
 1.00001e-01
 1.00000e-01
 1.00000e-01
 1.00000e-01
 1.00000e-01
 1.00000e-01
 1.00000e-01
 1.00000e-01
 1.00000e-01
 1.00000e-01
 1.00000e-01
 1.00000e-01
 1.00000e-01
 1.00000e-01
 1.00000e-01
 1.00000e-01
 1.00000e-01
 1.00000e-01
 1.00000e-01
 1.00000e-01
 1.00000e-01
 1.00000e-01
 1.00000e-01
 1.00000e-01
 1.00000e-01
 1.00000e-01
 1.00000e-01
 1.00000e-01
 1.00000e-01
 1.00000e-01
 1.00000e-01
 1.00000e-01
 1.00000e-01
 1.00000e-01
 1.00000e-01
 1.00000e-01
 1.00000e-01
 1.00000e-01
 1.00000e-01
 1.00000e-01
 1.00000e-01
 1.00000e-01
 1.00000e-01
 1.00000e-01
 1.00000e-01
 1.00000e-01
 1.00000e-01
 1.00000e-01
 1.00000e-01
 1.00000e-01
 1.00000e-01
 1.00000e-01
 1.00000e-01
 1.00000e-01
 1.00000e-01
 1.00000e-01
 1.00000e-01
 1.00000e-01
 1.00000e-01
 1.00000e-01
 1.00000e-01
 1.00000e-01
 1.00000e-01
 1.00000e-01
 1.00000e-01
 1.00000e-01
 1.00000e-01
 1.00000e-01
 1.00000e-01
 1.00000e-01
 1.00000e-01
 1.00000e-01
 1.00000e-01
 1.00000e-01
 1.00000e-01
 1.00003e-01
 1.00002e-01
 1.00002e-01
 1.00002e-01
 1.00001e-01
 1.00001e-01
 1.00001e-01
 1.00000e-01
 1.00000e-01
 1.00000e-01
 1.00000e-01
 1.00000e-01
 1.00000e-01
 1.00000e-01
 1.00000e-01
 1.00002e-01
 1.00002e-01
 1.00002e-01
 1.00002e-01
 1.00001e-01
 1.00001e-01
 1.00001e-01
 1.00000e-01
 1.00000e-01
 1.00000e-01
 1.00000e-01
 1.00000e-01
 1.00000e-01
 1.00000e-01
 1.00000e-01
 1.00002e-01
 1.00002e-01
 1.00002e-01
 1.00001e-01
 1.00001e-01
 1.00001e-01
 1.00000e-01
 1.00000e-01
 1.00000e-01
 1.00000e-01
 1.00000e-01
 1.00000e-01
 1.00000e-01
 1.00000e-01
 1.00000e-01
 1.00002e-01
 1.00002e-01
 1.00001e-01
 1.00001e-01
 1.00001e-01
 1.00001e-01
 1.00000e-01
 1.00000e-01
 1.00000e-01
 1.00000e-01
 1.00000e-01
 1.00000e-01
 1.00000e-01
 1.00000e-01
 1.00000e-01
 1.00001e-01
 1.00001e-01
 1.00001e-01
 1.00001e-01
 1.00001e-01
 1.00000e-01
 1.00000e-01
 1.00000e-01
 1.00000e-01
 1.00000e-01
 1.00000e-01
 1.00000e-01
 1.00000e-01
 1.00000e-01
 1.00000e-01
 1.00001e-01
 1.00001e-01
 1.00001e-01
 1.00001e-01
 1.00000e-01
 1.00000e-01
 1.00000e-01
 1.00000e-01
 1.00000e-01
 1.00000e-01
 1.00000e-01
 1.00000e-01
 1.00000e-01
 1.00000e-01
 1.00000e-01
 1.00001e-01
 1.00001e-01
 1.00000e-01
 1.00000e-01
 1.00000e-01
 1.00000e-01
 1.00000e-01
 1.00000e-01
 1.00000e-01
 1.00000e-01
 1.00000e-01
 1.00000e-01
 1.00000e-01
 1.00000e-01
 1.00000e-01
 1.00000e-01
 1.00000e-01
 1.00000e-01
 1.00000e-01
 1.00000e-01
 1.00000e-01
 1.00000e-01
 1.00000e-01
 1.00000e-01
 1.00000e-01
 1.00000e-01
 1.00000e-01
 1.00000e-01
 1.00000e-01
 1.00000e-01
 1.00000e-01
 1.00000e-01
 1.00000e-01
 1.00000e-01
 1.00000e-01
 1.00000e-01
 1.00000e-01
 1.00000e-01
 1.00000e-01
 1.00000e-01
 1.00000e-01
 1.00000e-01
 1.00000e-01
 1.00000e-01
 1.00000e-01
 1.00000e-01
 1.00000e-01
 1.00000e-01
 1.00000e-01
 1.00000e-01
 1.00000e-01
 1.00000e-01
 1.00000e-01
 1.00000e-01
 1.00000e-01
 1.00000e-01
 1.00000e-01
 1.00000e-01
 1.00000e-01
 1.00000e-01
 1.00000e-01
 1.00000e-01
 1.00000e-01
 1.00000e-01
 1.00000e-01
 1.00000e-01
 1.00000e-01
 1.00000e-01
 1.00000e-01
 1.00000e-01
 1.00000e-01
 1.00000e-01
 1.00000e-01
 1.00000e-01
 1.00000e-01
 1.00000e-01
 1.00000e-01
 1.00000e-01
 1.00000e-01
 1.00000e-01
 1.00000e-01
 1.00000e-01
 1.00000e-01
 1.00000e-01
 1.00000e-01
 1.00000e-01
 1.00000e-01
 1.00000e-01
 1.00000e-01
 1.00000e-01
 1.00000e-01
 1.00000e-01
 1.00000e-01
 1.00000e-01
 1.00000e-01
 1.00000e-01
 1.00000e-01
 1.00000e-01
 1.00000e-01
 1.00000e-01
 1.00000e-01
 1.00000e-01
 1.00000e-01
 1.00000e-01
 1.00000e-01
 1.00000e-01
 1.00000e-01
 1.00000e-01
 1.00000e-01
 1.00000e-01
 1.00000e-01
 1.00000e-01
 1.00000e-01
 1.00000e-01
 1.00000e-01
 1.00000e-01
 1.00000e-01
 1.00000e-01
 1.00000e-01
 1.00000e-01
 1.00000e-01
 1.00000e-01
 1.00000e-01
 1.00000e-01
 1.00000e-01
 1.00000e-01
 1.00000e-01
 1.00000e-01
 1.00000e-01
 1.00000e-01
 1.00000e-01
 1.00000e-01
 1.00000e-01
 1.00000e-01
 1.00000e-01
 1.00000e-01
 1.00000e-01
 1.00000e-01
 1.00000e-01
 1.00000e-01
 1.00000e-01
 1.00000e-01
 1.00000e-01
 1.00000e-01
 1.00000e-01
 1.00000e-01
 1.00000e-01
 1.00000e-01
 1.00000e-01
 1.00000e-01
 1.00000e-01
 1.00000e-01
 1.00000e-01
 1.00000e-01
 1.00000e-01
 1.00000e-01
 1.00000e-01
 1.00000e-01
 1.00000e-01
 1.00000e-01
 1.00000e-01
 1.00000e-01
 1.00000e-01
 1.00000e-01
 1.00000e-01
 1.00000e-01
 1.00000e-01
 1.00000e-01
 1.00000e-01
 1.00000e-01
 1.00000e-01
 1.00000e-01
 1.00000e-01
 1.00000e-01
 1.00000e-01
 1.00000e-01
 1.00000e-01
 1.00000e-01
 1.00000e-01
 1.00000e-01
 1.00000e-01
 1.00000e-01
 1.00000e-01
 1.00000e-01
 1.00000e-01
 1.00000e-01
 1.00000e-01
 1.00000e-01
 1.00000e-01
 1.00000e-01
 1.00000e-01
 1.00000e-01
 1.00000e-01
 1.00000e-01
 1.00000e-01
 1.00000e-01
 1.00000e-01
 1.00000e-01
 1.00000e-01
 1.00000e-01
 1.00000e-01
 1.00000e-01
 1.00000e-01
 1.00000e-01
 1.00000e-01
 1.00000e-01
 1.00000e-01
 1.00000e-01
 1.00000e-01
 1.00000e-01
 1.00000e-01
 1.00000e-01
 1.00000e-01
 1.00000e-01
 1.00000e-01
 1.00000e-01
 1.00000e-01
 1.00000e-01
 1.00000e-01
 1.00000e-01
 1.00000e-01
 1.00000e-01
 1.00000e-01
 1.00000e-01
 1.00000e-01
 1.00000e-01
 1.00000e-01
 1.00000e-01
 1.00000e-01
 1.00000e-01
 1.00000e-01
 1.00000e-01
 1.00000e-01
 1.00000e-01
 1.00000e-01
 1.00000e-01
 1.00000e-01
 1.00000e-01
 1.00000e-01
 1.00000e-01
 1.00000e-01
 1.00000e-01
 1.00000e-01
 1.00000e-01
 1.00000e-01
 1.00000e-01
 1.00000e-01
 1.00000e-01
 1.00000e-01
 1.00000e-01
 1.00000e-01
 1.00000e-01
 1.00000e-01
 1.00000e-01
 1.00000e-01
 1.00000e-01
 1.00000e-01
 1.00000e-01
 1.00000e-01
 1.00000e-01
 1.00000e-01
 1.00000e-01
 1.00000e-01
 1.00000e-01
 1.00000e-01
 1.00000e-01
 1.00000e-01
 1.00000e-01
 1.00000e-01
 1.00000e-01
 1.00000e-01
 1.00000e-01
 1.00000e-01
 1.00000e-01
 1.00000e-01
 1.00000e-01
 1.00000e-01
 1.00000e-01
 1.00000e-01
 1.00000e-01
 1.00000e-01
 1.00000e-01
 1.00000e-01
 1.00000e-01
 1.00000e-01
 1.00000e-01
 1.00000e-01
 1.00000e-01
 1.00000e-01
 1.00000e-01
 1.00000e-01
 1.00000e-01
 1.00000e-01
 1.00000e-01
 1.00000e-01
 1.00000e-01
 1.00000e-01
 1.00000e-01
 1.00000e-01
 1.00000e-01
 1.00000e-01
 1.00000e-01
 1.00000e-01
 1.00000e-01
 1.00000e-01
 1.00000e-01
 1.00000e-01
 1.00000e-01
 1.00000e-01
 1.00000e-01
 1.00000e-01
 1.00000e-01
 1.00000e-01
 1.00000e-01
 1.00000e-01
 1.00000e-01
 1.00000e-01
 1.00000e-01
 1.00000e-01
 1.00000e-01
 1.00000e-01
 1.00000e-01
 1.00000e-01
 1.00000e-01
 1.00000e-01
 1.00000e-01
 1.00000e-01
 1.00000e-01
 1.00000e-01
 1.00000e-01
 1.00000e-01
 1.00000e-01
 1.00000e-01
 1.00000e-01
 1.00000e-01
 1.00000e-01
 1.00000e-01
 1.00000e-01
 1.00000e-01
 1.00000e-01
 1.00000e-01
 1.00000e-01
 1.00000e-01
 1.00000e-01
 1.00000e-01
 1.00000e-01
 1.00000e-01
 1.00000e-01
 1.00000e-01
 1.00000e-01
 1.00000e-01
 1.00000e-01
 1.00000e-01
 1.00000e-01
 1.00000e-01
 1.00000e-01
 1.00000e-01
 1.00000e-01
 1.00000e-01
 1.00000e-01
 1.00000e-01
 1.00000e-01
 1.00000e-01
 1.00000e-01
 1.00000e-01
 1.00000e-01
 1.00000e-01
 1.00000e-01
 1.00000e-01
 1.00000e-01
 1.00000e-01
 1.00000e-01
 1.00000e-01
 1.00000e-01
 1.00000e-01
 1.00000e-01
 1.00000e-01
 1.00000e-01
 1.00000e-01
 1.00000e-01
 1.00000e-01
 1.00000e-01
 1.00000e-01
 1.00000e-01
 1.00000e-01
 1.00000e-01
 1.00000e-01
 1.00000e-01
 1.00000e-01
 1.00000e-01
 1.00000e-01
 1.00000e-01
 1.00000e-01
 1.00000e-01
 1.00000e-01
 1.00000e-01
 1.00000e-01
 1.00000e-01
 1.00000e-01
 1.00000e-01
 1.00000e-01
 1.00000e-01
 1.00000e-01
 1.00000e-01
 1.00000e-01
 1.00000e-01
 1.00000e-01
 1.00000e-01
 1.00000e-01
 1.00000e-01
 1.00000e-01
 1.00000e-01
 1.00000e-01
 1.00000e-01
 1.00000e-01
 1.00000e-01
 1.00000e-01
 1.00000e-01
 1.00000e-01
 1.00000e-01
 1.00000e-01
 1.00000e-01
 1.00000e-01
 1.00000e-01
 1.00000e-01
 1.00000e-01
 1.00000e-01
 1.00000e-01
 1.00000e-01
 1.00000e-01
 1.00000e-01
 1.00000e-01
 1.00000e-01
 1.00000e-01
 1.00000e-01
 1.00000e-01
 1.00000e-01
 1.00000e-01
 1.00000e-01
 1.00000e-01
 1.00000e-01
 1.00000e-01
 1.00000e-01
 1.00000e-01
 1.00000e-01
 1.00000e-01
 1.00000e-01
 1.00000e-01
 1.00000e-01
 1.00000e-01
 1.00000e-01
 1.00000e-01
 1.00000e-01
 1.00000e-01
 1.00000e-01
 1.00000e-01
 1.00000e-01
 1.00000e-01
 1.00000e-01
 1.00000e-01
 1.00000e-01
 1.00000e-01
 1.00000e-01
 1.00000e-01
 1.00000e-01
 1.00000e-01
 1.00000e-01
 1.00000e-01
 1.00000e-01
 1.00000e-01
 1.00000e-01
 1.00000e-01
 1.00000e-01
 1.00000e-01
 1.00000e-01
 1.00000e-01
 1.00000e-01
 1.00000e-01
 1.00000e-01
 1.00000e-01
 1.00000e-01
 1.00000e-01
 1.00000e-01
 1.00000e-01
 1.00000e-01
 1.00000e-01
 1.00000e-01
 1.00000e-01
 1.00000e-01
 1.00000e-01
 1.00000e-01
 1.00000e-01
 1.00000e-01
 1.00000e-01
 1.00000e-01
 1.00000e-01
 1.00000e-01
 1.00000e-01
 1.00000e-01
 1.00000e-01
 1.00000e-01
 1.00000e-01
 1.00000e-01
 1.00000e-01
 1.00000e-01
 1.00000e-01
 1.00000e-01
 1.00000e-01
 1.00000e-01
 1.00000e-01
 1.00000e-01
 1.00000e-01
 1.00000e-01
 1.00000e-01
 1.00000e-01
 1.00000e-01
 1.00000e-01
 1.00000e-01
 1.00000e-01
 1.00000e-01
 1.00000e-01
 1.00000e-01
 1.00000e-01
 1.00000e-01
 1.00000e-01
 1.00000e-01
 1.00000e-01
 1.00000e-01
 1.00000e-01
 1.00000e-01
 1.00000e-01
 1.00000e-01
 1.00000e-01
 1.00000e-01
 1.00000e-01
 1.00000e-01
 1.00000e-01
 1.00000e-01
 1.00000e-01
 1.00000e-01
 1.00000e-01
 1.00000e-01
 1.00000e-01
 1.00000e-01
 1.00000e-01
 1.00000e-01
 1.00000e-01
 1.00000e-01
 1.00000e-01
 1.00000e-01
 1.00000e-01
 1.00000e-01
 1.00000e-01
 1.00000e-01
 1.00000e-01
 1.00000e-01
 1.00000e-01
 1.00000e-01
 1.00000e-01
 1.00000e-01
 1.00000e-01
 1.00000e-01
 1.00000e-01
 1.00000e-01
 1.00000e-01
 1.00000e-01
 1.00000e-01
 1.00000e-01
 1.00000e-01
 1.00000e-01
 1.00000e-01
 1.00000e-01
 1.00000e-01
 1.00000e-01
 1.00000e-01
 1.00000e-01
 1.00000e-01
 1.00000e-01
 1.00000e-01
 1.00000e-01
 1.00000e-01
 1.00000e-01
 1.00000e-01
 1.00000e-01
 1.00000e-01
 1.00000e-01
 1.00000e-01
 1.00000e-01
 1.00000e-01
 1.00000e-01
 1.00000e-01
 1.00000e-01
 1.00000e-01
 1.00000e-01
 1.00000e-01
 1.00000e-01
 1.00000e-01
 1.00000e-01
 1.00000e-01
 1.00000e-01
 1.00000e-01
 1.00000e-01
 1.00000e-01
 1.00000e-01
 1.00000e-01
 1.00000e-01
 1.00000e-01
 1.00000e-01
 1.00000e-01
 1.00000e-01
 1.00000e-01
 1.00000e-01
 1.00000e-01
 1.00000e-01
 1.00000e-01
 1.00000e-01
 1.00000e-01
 1.00000e-01
 1.00000e-01
 1.00000e-01
 1.00000e-01
 1.00000e-01
 1.00000e-01
 1.00000e-01
 1.00000e-01
 1.00000e-01
 1.00000e-01
 1.00000e-01
 1.00000e-01
 1.00000e-01
 1.00000e-01
 1.00000e-01
 1.00000e-01
 1.00000e-01
 1.00000e-01
 1.00000e-01
 1.00000e-01
 1.00000e-01
 1.00000e-01
 1.00000e-01
 1.00000e-01
 1.00000e-01
 1.00000e-01
 1.00000e-01
 1.00000e-01
 1.00000e-01
 1.00000e-01
 1.00000e-01
 1.00000e-01
 1.00000e-01
 1.00000e-01
 1.00000e-01
 1.00000e-01
 1.00000e-01
 1.00000e-01
 1.00000e-01
 1.00000e-01
 1.00000e-01
 1.00000e-01
 1.00000e-01
 1.00000e-01
 1.00000e-01
 1.00000e-01
 1.00000e-01
 1.00000e-01
 1.00000e-01
 1.00000e-01
 1.00000e-01
 1.00000e-01
 1.00000e-01
 1.00000e-01
 1.00000e-01
 1.00000e-01
 1.00000e-01
 1.00000e-01
 1.00000e-01
 1.00000e-01
 1.00000e-01
 1.00000e-01
 1.00000e-01
 1.00000e-01
 1.00000e-01
 1.00000e-01
 1.00000e-01
 1.00000e-01
 1.00000e-01
 1.00000e-01
 1.00000e-01
 1.00000e-01
 1.00000e-01
 1.00000e-01
 1.00000e-01
 1.00000e-01
 1.00000e-01
 1.00000e-01
 1.00000e-01
 1.00000e-01
 1.00000e-01
 1.00000e-01
 1.00000e-01
 1.00000e-01
 1.00000e-01
 1.00000e-01
 1.00000e-01
 1.00000e-01
 1.00000e-01
 1.00000e-01
 1.00000e-01
 1.00000e-01
 1.00000e-01
 1.00000e-01
 1.00000e-01
 1.00000e-01
 1.00000e-01
 1.00000e-01
 1.00000e-01
 1.00000e-01
 1.00000e-01
 1.00000e-01
 1.00000e-01
 1.00000e-01
 1.00000e-01
 1.00000e-01
 1.00000e-01
 1.00000e-01
 1.00000e-01
 1.00000e-01
 1.00000e-01
 1.00000e-01
 1.00000e-01
 1.00000e-01
 1.00000e-01
 1.00000e-01
 1.00000e-01
 1.00000e-01
 1.00000e-01
 1.00000e-01
 1.00000e-01
 1.00000e-01
 1.00000e-01
 1.00000e-01
 1.00000e-01
 1.00000e-01
 1.00000e-01
 1.00000e-01
 1.00000e-01
 1.00000e-01
 1.00000e-01
 1.00000e-01
 1.00000e-01
 1.00000e-01
 1.00000e-01
 1.00000e-01
 1.00000e-01
 1.00000e-01
 1.00000e-01
 1.00000e-01
 1.00000e-01
 1.00000e-01
 1.00000e-01
 1.00000e-01
 1.00000e-01
 1.00000e-01
 1.00000e-01
 1.00000e-01
 1.00000e-01
 1.00000e-01
 1.00000e-01
 1.00000e-01
 1.00000e-01
 1.00000e-01
 1.00000e-01
 1.00000e-01
 1.00000e-01
 1.00000e-01
 1.00000e-01
 1.00000e-01
 1.00000e-01
 1.00000e-01
 1.00000e-01
 1.00000e-01
 1.00000e-01
 1.00000e-01
 1.00000e-01
 1.00000e-01
 1.00000e-01
 1.00000e-01
 1.00000e-01
 1.00000e-01
 1.00000e-01
 1.00000e-01
 1.00000e-01
 1.00000e-01
 1.00000e-01
 1.00000e-01
 1.00000e-01
 1.00000e-01
 1.00000e-01
 1.00000e-01
 1.00000e-01
 1.00000e-01
 1.00000e-01
 1.00000e-01
 1.00000e-01
 1.00000e-01
 1.00000e-01
 1.00000e-01
 1.00000e-01
 1.00000e-01
 1.00000e-01
 1.00000e-01
 1.00000e-01
 1.00000e-01
 1.00000e-01
 1.00000e-01
 1.00000e-01
 1.00000e-01
 1.00000e-01
 1.00000e-01
 1.00000e-01
 1.00000e-01
 1.00000e-01
 1.00000e-01
 1.00000e-01
 1.00000e-01
 1.00000e-01
 1.00000e-01
 1.00000e-01
 1.00000e-01
 1.00000e-01
 1.00000e-01
 1.00000e-01
 1.00000e-01
 1.00000e-01
 1.00000e-01
 1.00000e-01
 1.00000e-01
 1.00000e-01
 1.00000e-01
 1.00000e-01
 1.00000e-01
 1.00000e-01
 1.00000e-01
 1.00000e-01
 1.00000e-01
 1.00000e-01
 1.00000e-01
 1.00000e-01
 1.00000e-01
 1.00000e-01
 1.00000e-01
 1.00000e-01
 1.00000e-01
 1.00000e-01
 1.00000e-01
 1.00000e-01
 1.00000e-01
 1.00000e-01
 1.00000e-01
 1.00000e-01
 1.00000e-01
 1.00000e-01
 1.00000e-01
 1.00000e-01
 1.00000e-01
 1.00000e-01
 1.00000e-01
 1.00000e-01
 1.00000e-01
 1.00000e-01
 1.00000e-01
 1.00000e-01
 1.00000e-01
 1.00000e-01
 1.00000e-01
 1.00000e-01
 1.00000e-01
 1.00000e-01
 1.00000e-01
 1.00000e-01
 1.00000e-01
 1.00000e-01
 1.00000e-01
 1.00000e-01
 1.00000e-01
 1.00000e-01
 1.00000e-01
 1.00000e-01
 1.00000e-01
 1.00000e-01
 1.00000e-01
 1.00000e-01
 1.00000e-01
 1.00000e-01
 1.00000e-01
 1.00000e-01
 1.00000e-01
 1.00000e-01
 1.00000e-01
 1.00000e-01
 1.00000e-01
 1.00000e-01
 1.00000e-01
 1.00000e-01
 1.00000e-01
 1.00000e-01
 1.00000e-01
 1.00000e-01
 1.00000e-01
 1.00000e-01
 1.00000e-01
 1.00000e-01
 1.00000e-01
 1.00000e-01
 1.00000e-01
 1.00000e-01
 1.00000e-01
 1.00000e-01
 1.00000e-01
 1.00000e-01
 1.00000e-01
 1.00000e-01
 1.00000e-01
 1.00000e-01
 1.00000e-01
 1.00000e-01
 1.00000e-01
 1.00000e-01
 1.00000e-01
 1.00000e-01
 1.00000e-01
 1.00000e-01
 1.00000e-01
 1.00000e-01
 1.00000e-01
 1.00000e-01
 1.00000e-01
 1.00000e-01
 1.00000e-01
 1.00000e-01
 1.00000e-01
 1.00000e-01
 1.00000e-01
 1.00000e-01
 1.00000e-01
 1.00000e-01
 1.00000e-01
 1.00000e-01
 1.00000e-01
 1.00000e-01
 1.00000e-01
 1.00000e-01
 1.00000e-01
 1.00000e-01
 1.00000e-01
 1.00000e-01
 1.00000e-01
 1.00000e-01
 1.00000e-01
 1.00000e-01
 1.00000e-01
 1.00000e-01
 1.00000e-01
 1.00000e-01
 1.00000e-01
 1.00000e-01
 1.00000e-01
 1.00000e-01
 1.00000e-01
 1.00000e-01
 1.00000e-01
 1.00000e-01
 1.00000e-01
 1.00000e-01
 1.00000e-01
 1.00000e-01
 1.00000e-01
 1.00000e-01
 1.00000e-01
 1.00000e-01
 1.00000e-01
 1.00000e-01
 1.00000e-01
 1.00000e-01
 1.00000e-01
 1.00000e-01
 1.00000e-01
 1.00000e-01
 1.00000e-01
 1.00000e-01
 1.00000e-01
 1.00000e-01
 1.00000e-01
 1.00000e-01
 1.00000e-01
 1.00000e-01
 1.00000e-01
 1.00000e-01
 1.00000e-01
 1.00000e-01
 1.00000e-01
 1.00000e-01
 1.00000e-01
 1.00000e-01
 1.00000e-01
 1.00000e-01
 1.00000e-01
 1.00000e-01
 1.00000e-01
 1.00000e-01
 1.00000e-01
 1.00000e-01
 1.00000e-01
 1.00000e-01
 1.00000e-01
 1.00000e-01
 1.00000e-01
 1.00000e-01
 1.00000e-01
 1.00000e-01
 1.00000e-01
 1.00000e-01
 1.00000e-01
 1.00000e-01
 1.00000e-01
 1.00000e-01
 1.00000e-01
 1.00000e-01
 1.00000e-01
 1.00000e-01
 1.00000e-01
 1.00000e-01
 1.00000e-01
 1.00000e-01
 1.00000e-01
part
         2
hexa8
 3.19776e-01
 2.81140e-01
 2.64526e-01
 2.46498e-01
 2.05054e-01
 1.52423e-01
 1.16036e-01
 1.02890e-01
 1.00357e-01
 1.00032e-01
 1.00003e-01
 1.00000e-01
 1.00000e-01
 1.00000e-01
 1.00000e-01
 2.94917e-01
 2.58507e-01
 2.48557e-01
 2.36837e-01
 1.98718e-01
 1.48645e-01
 1.14638e-01
 1.02625e-01
 1.00325e-01
 1.00030e-01
 1.00002e-01
 1.00000e-01
 1.00000e-01
 1.00000e-01
 1.00000e-01
 2.69659e-01
 2.37659e-01
 2.33502e-01
 2.24916e-01
 1.88798e-01
 1.42339e-01
 1.12286e-01
 1.02181e-01
 1.00271e-01
 1.00025e-01
 1.00002e-01
 1.00000e-01
 1.00000e-01
 1.00000e-01
 1.00000e-01
 2.75114e-01
 2.48281e-01
 2.41739e-01
 2.22199e-01
 1.79749e-01
 1.35225e-01
 1.09589e-01
 1.01670e-01
 1.00206e-01
 1.00020e-01
 1.00002e-01
 1.00000e-01
 1.00000e-01
 1.00000e-01
 1.00000e-01
 2.56881e-01
 2.39330e-01
 2.36419e-01
 2.13764e-01
 1.68727e-01
 1.27376e-01
 1.06875e-01
 1.01181e-01
 1.00147e-01
 1.00015e-01
 1.00001e-01
 1.00000e-01
 1.00000e-01
 1.00000e-01
 1.00000e-01
 2.62389e-01
 2.51030e-01
 2.40450e-01
 2.05792e-01
 1.56558e-01
 1.19901e-01
 1.04627e-01
 1.00778e-01
 1.00095e-01
 1.00010e-01
 1.00001e-01
 1.00000e-01
 1.00000e-01
 1.00000e-01
 1.00000e-01
 2.59124e-01
 2.55770e-01
 2.35250e-01
 1.90392e-01
 1.42471e-01
 1.13266e-01
 1.02896e-01
 1.00470e-01
 1.00059e-01
 1.00006e-01
 1.00001e-01
 1.00000e-01
 1.00000e-01
 1.00000e-01
 1.00000e-01
 2.58021e-01
 2.49347e-01
 2.17395e-01
 1.69079e-01
 1.28294e-01
 1.07991e-01
 1.01664e-01
 1.00265e-01
 1.00034e-01
 1.00004e-01
 1.00000e-01
 1.00000e-01
 1.00000e-01
 1.00000e-01
 1.00000e-01
 2.54279e-01
 2.37093e-01
 1.95055e-01
 1.47805e-01
 1.16913e-01
 1.04362e-01
 1.00875e-01
 1.00135e-01
 1.00018e-01
 1.00002e-01
 1.00000e-01
 1.00000e-01
 1.00000e-01
 1.00000e-01
 1.00000e-01
 2.49052e-01
 2.18119e-01
 1.69911e-01
 1.29719e-01
 1.09207e-01
 1.02232e-01
 1.00424e-01
 1.00067e-01
 1.00009e-01
 1.00001e-01
 1.00000e-01
 1.00000e-01
 1.00000e-01
 1.00000e-01
 1.00000e-01
 2.31578e-01
 1.89904e-01
 1.44902e-01
 1.16356e-01
 1.04639e-01
 1.01041e-01
 1.00193e-01
 1.00030e-01
 1.00004e-01
 1.00001e-01
 1.00000e-01
 1.00000e-01
 1.00000e-01
 1.00000e-01
 1.00000e-01
 2.01672e-01
 1.58307e-01
 1.24700e-01
 1.08066e-01
 1.02118e-01
 1.00458e-01
 1.00081e-01
 1.00013e-01
 1.00002e-01
 1.00000e-01
 1.00000e-01
 1.00000e-01
 1.00000e-01
 1.00000e-01
 1.00000e-01
 1.66956e-01
 1.31989e-01
 1.11875e-01
 1.03558e-01
 1.00891e-01
 1.00180e-01
 1.00034e-01
 1.00005e-01
 1.00001e-01
 1.00000e-01
 1.00000e-01
 1.00000e-01
 1.00000e-01
 1.00000e-01
 1.00000e-01
 1.36833e-01
 1.15102e-01
 1.05064e-01
 1.01435e-01
 1.00330e-01
 1.00070e-01
 1.00013e-01
 1.00002e-01
 1.00000e-01
 1.00000e-01
 1.00000e-01
 1.00000e-01
 1.00000e-01
 1.00000e-01
 1.00000e-01
 1.16980e-01
 1.06297e-01
 1.01957e-01
 1.00513e-01
 1.00119e-01
 1.00024e-01
 1.00005e-01
 1.00001e-01
 1.00000e-01
 1.00000e-01
 1.00000e-01
 1.00000e-01
 1.00000e-01
 1.00000e-01
 1.00000e-01
 2.94950e-01
 2.58511e-01
 2.48534e-01
 2.36826e-01
 1.98726e-01
 1.48653e-01
 1.14640e-01
 1.02625e-01
 1.00325e-01
 1.00030e-01
 1.00002e-01
 1.00000e-01
 1.00000e-01
 1.00000e-01
 1.00000e-01
 2.80331e-01
 2.46185e-01
 2.38733e-01
 2.29015e-01
 1.92934e-01
 1.45276e-01
 1.13397e-01
 1.02394e-01
 1.00298e-01
 1.00028e-01
 1.00002e-01
 1.00000e-01
 1.00000e-01
 1.00000e-01
 1.00000e-01
 2.77683e-01
 2.47547e-01
 2.41571e-01
 2.26514e-01
 1.86247e-01
 1.39895e-01
 1.11320e-01
 1.01997e-01
 1.00248e-01
 1.00024e-01
 1.00002e-01
 1.00000e-01
 1.00000e-01
 1.00000e-01
 1.00000e-01
 2.76730e-01
 2.51012e-01
 2.43435e-01
 2.20892e-01
 1.77146e-01
 1.33249e-01
 1.08860e-01
 1.01537e-01
 1.00190e-01
 1.00019e-01
 1.00002e-01
 1.00000e-01
 1.00000e-01
 1.00000e-01
 1.00000e-01
 2.62648e-01
 2.48462e-01
 2.42772e-01
 2.14622e-01
 1.66853e-01
 1.25852e-01
 1.06380e-01
 1.01093e-01
 1.00135e-01
 1.00014e-01
 1.00001e-01
 1.00000e-01
 1.00000e-01
 1.00000e-01
 1.00000e-01
 2.63728e-01
 2.56077e-01
 2.43124e-01
 2.04477e-01
 1.54295e-01
 1.18683e-01
 1.04287e-01
 1.00717e-01
 1.00088e-01
 1.00009e-01
 1.00001e-01
 1.00000e-01
 1.00000e-01
 1.00000e-01
 1.00000e-01
 2.52323e-01
 2.51178e-01
 2.31928e-01
 1.87083e-01
 1.39999e-01
 1.12269e-01
 1.02664e-01
 1.00433e-01
 1.00055e-01
 1.00006e-01
 1.00001e-01
 1.00000e-01
 1.00000e-01
 1.00000e-01
 1.00000e-01
 2.52638e-01
 2.45995e-01
 2.15111e-01
 1.66423e-01
 1.26477e-01
 1.07371e-01
 1.01533e-01
 1.00244e-01
 1.00031e-01
 1.00004e-01
 1.00000e-01
 1.00000e-01
 1.00000e-01
 1.00000e-01
 1.00000e-01
 2.51127e-01
 2.34728e-01
 1.92735e-01
 1.45611e-01
 1.15803e-01
 1.04055e-01
 1.00812e-01
 1.00125e-01
 1.00017e-01
 1.00002e-01
 1.00000e-01
 1.00000e-01
 1.00000e-01
 1.00000e-01
 1.00000e-01
 2.48055e-01
 2.15827e-01
 1.67366e-01
 1.28087e-01
 1.08596e-01
 1.02082e-01
 1.00394e-01
 1.00062e-01
 1.00008e-01
 1.00001e-01
 1.00000e-01
 1.00000e-01
 1.00000e-01
 1.00000e-01
 1.00000e-01
 2.31121e-01
 1.87166e-01
 1.42649e-01
 1.15346e-01
 1.04324e-01
 1.00970e-01
 1.00179e-01
 1.00028e-01
 1.00004e-01
 1.00000e-01
 1.00000e-01
 1.00000e-01
 1.00000e-01
 1.00000e-01
 1.00000e-01
 2.00544e-01
 1.56040e-01
 1.23323e-01
 1.07555e-01
 1.01976e-01
 1.00423e-01
 1.00076e-01
 1.00012e-01
 1.00002e-01
 1.00000e-01
 1.00000e-01
 1.00000e-01
 1.00000e-01
 1.00000e-01
 1.00000e-01
 1.65228e-01
 1.30482e-01
 1.11182e-01
 1.03333e-01
 1.00827e-01
 1.00168e-01
 1.00031e-01
 1.00005e-01
 1.00001e-01
 1.00000e-01
 1.00000e-01
 1.00000e-01
 1.00000e-01
 1.00000e-01
 1.00000e-01
 1.35394e-01
 1.14298e-01
 1.04755e-01
 1.01336e-01
 1.00306e-01
 1.00065e-01
 1.00012e-01
 1.00002e-01
 1.00000e-01
 1.00000e-01
 1.00000e-01
 1.00000e-01
 1.00000e-01
 1.00000e-01
 1.00000e-01
 1.16126e-01
 1.05914e-01
 1.01826e-01
 1.00476e-01
 1.00111e-01
 1.00022e-01
 1.00004e-01
 1.00001e-01
 1.00000e-01
 1.00000e-01
 1.00000e-01
 1.00000e-01
 1.00000e-01
 1.00000e-01
 1.00000e-01
 2.69593e-01
 2.37572e-01
 2.33432e-01
 2.24884e-01
 1.88795e-01
 1.42346e-01
 1.12289e-01
 1.02182e-01
 1.00271e-01
 1.00025e-01
 1.00002e-01
 1.00000e-01
 1.00000e-01
 1.00000e-01
 1.00000e-01
 2.77605e-01
 2.47467e-01
 2.41517e-01
 2.26483e-01
 1.86236e-01
 1.39895e-01
 1.11321e-01
 1.01998e-01
 1.00248e-01
 1.00024e-01
 1.00002e-01
 1.00000e-01
 1.00000e-01
 1.00000e-01
 1.00000e-01
 2.70097e-01
 2.41816e-01
 2.38187e-01
 2.21571e-01
 1.79990e-01
 1.35325e-01
 1.09608e-01
 1.01672e-01
 1.00206e-01
 1.00020e-01
 1.00002e-01
 1.00000e-01
 1.00000e-01
 1.00000e-01
 1.00000e-01
 2.72554e-01
 2.53733e-01
 2.46341e-01
 2.19621e-01
 1.72411e-01
 1.29376e-01
 1.07499e-01
 1.01291e-01
 1.00160e-01
 1.00016e-01
 1.00001e-01
 1.00000e-01
 1.00000e-01
 1.00000e-01
 1.00000e-01
 2.62569e-01
 2.50918e-01
 2.43046e-01
 2.11020e-01
 1.61809e-01
 1.22705e-01
 1.05422e-01
 1.00921e-01
 1.00114e-01
 1.00012e-01
 1.00001e-01
 1.00000e-01
 1.00000e-01
 1.00000e-01
 1.00000e-01
 2.60892e-01
 2.55392e-01
 2.40036e-01
 1.99075e-01
 1.49505e-01
 1.16347e-01
 1.03665e-01
 1.00608e-01
 1.00076e-01
 1.00008e-01
 1.00001e-01
 1.00000e-01
 1.00000e-01
 1.00000e-01
 1.00000e-01
 2.49044e-01
 2.49018e-01
 2.27460e-01
 1.81131e-01
 1.35732e-01
 1.10632e-01
 1.02289e-01
 1.00370e-01
 1.00047e-01
 1.00005e-01
 1.00000e-01
 1.00000e-01
 1.00000e-01
 1.00000e-01
 1.00000e-01
 2.52189e-01
 2.44443e-01
 2.10192e-01
 1.60982e-01
 1.23384e-01
 1.06362e-01
 1.01313e-01
 1.00208e-01
 1.00027e-01
 1.00003e-01
 1.00000e-01
 1.00000e-01
 1.00000e-01
 1.00000e-01
 1.00000e-01
 2.51673e-01
 2.32070e-01
 1.87450e-01
 1.41358e-01
 1.13882e-01
 1.03503e-01
 1.00694e-01
 1.00107e-01
 1.00015e-01
 1.00002e-01
 1.00000e-01
 1.00000e-01
 1.00000e-01
 1.00000e-01
 1.00000e-01
 2.43482e-01
 2.09431e-01
 1.61554e-01
 1.24924e-01
 1.07503e-01
 1.01794e-01
 1.00337e-01
 1.00054e-01
 1.00007e-01
 1.00001e-01
 1.00000e-01
 1.00000e-01
 1.00000e-01
 1.00000e-01
 1.00000e-01
 2.25303e-01
 1.80550e-01
 1.38081e-01
 1.13437e-01
 1.03762e-01
 1.00842e-01
 1.00153e-01
 1.00024e-01
 1.00004e-01
 1.00000e-01
 1.00000e-01
 1.00000e-01
 1.00000e-01
 1.00000e-01
 1.00000e-01
 1.94877e-01
 1.50660e-01
 1.20466e-01
 1.06549e-01
 1.01708e-01
 1.00365e-01
 1.00066e-01
 1.00011e-01
 1.00002e-01
 1.00000e-01
 1.00000e-01
 1.00000e-01
 1.00000e-01
 1.00000e-01
 1.00000e-01
 1.60341e-01
 1.27141e-01
 1.09753e-01
 1.02892e-01
 1.00713e-01
 1.00146e-01
 1.00027e-01
 1.00004e-01
 1.00001e-01
 1.00000e-01
 1.00000e-01
 1.00000e-01
 1.00000e-01
 1.00000e-01
 1.00000e-01
 1.31836e-01
 1.12592e-01
 1.04152e-01
 1.01162e-01
 1.00266e-01
 1.00056e-01
 1.00010e-01
 1.00002e-01
 1.00000e-01
 1.00000e-01
 1.00000e-01
 1.00000e-01
 1.00000e-01
 1.00000e-01
 1.00000e-01
 1.14262e-01
 1.05176e-01
 1.01599e-01
 1.00411e-01
 1.00097e-01
 1.00019e-01
 1.00004e-01
 1.00001e-01
 1.00000e-01
 1.00000e-01
 1.00000e-01
 1.00000e-01
 1.00000e-01
 1.00000e-01
 1.00000e-01
 2.74922e-01
 2.48067e-01
 2.41582e-01
 2.22112e-01
 1.79727e-01
 1.35225e-01
 1.09590e-01
 1.01669e-01
 1.00206e-01
 1.00020e-01
 1.00002e-01
 1.00000e-01
 1.00000e-01
 1.00000e-01
 1.00000e-01
 2.76771e-01
 2.51014e-01
 2.43425e-01
 2.20877e-01
 1.77136e-01
 1.33247e-01
 1.08860e-01
 1.01537e-01
 1.00190e-01
 1.00019e-01
 1.00002e-01
 1.00000e-01
 1.00000e-01
 1.00000e-01
 1.00000e-01
 2.72643e-01
 2.53783e-01
 2.46352e-01
 2.19620e-01
 1.72409e-01
 1.29376e-01
 1.07500e-01
 1.01291e-01
 1.00160e-01
 1.00016e-01
 1.00001e-01
 1.00000e-01
 1.00000e-01
 1.00000e-01
 1.00000e-01
 2.65627e-01
 2.50860e-01
 2.43188e-01
 2.13354e-01
 1.64575e-01
 1.24262e-01
 1.05878e-01
 1.01006e-01
 1.00125e-01
 1.00013e-01
 1.00001e-01
 1.00000e-01
 1.00000e-01
 1.00000e-01
 1.00000e-01
 2.58852e-01
 2.52332e-01
 2.41863e-01
 2.04939e-01
 1.54656e-01
 1.18735e-01
 1.04301e-01
 1.00722e-01
 1.00090e-01
 1.00009e-01
 1.00001e-01
 1.00000e-01
 1.00000e-01
 1.00000e-01
 1.00000e-01
 2.57616e-01
 2.54747e-01
 2.34924e-01
 1.90232e-01
 1.42388e-01
 1.13288e-01
 1.02907e-01
 1.00476e-01
 1.00060e-01
 1.00006e-01
 1.00001e-01
 1.00000e-01
 1.00000e-01
 1.00000e-01
 1.00000e-01
 2.47164e-01
 2.45466e-01
 2.18634e-01
 1.71514e-01
 1.29868e-01
 1.08554e-01
 1.01805e-01
 1.00289e-01
 1.00037e-01
 1.00004e-01
 1.00000e-01
 1.00000e-01
 1.00000e-01
 1.00000e-01
 1.00000e-01
 2.50728e-01
 2.39182e-01
 2.00645e-01
 1.52735e-01
 1.19278e-01
 1.05104e-01
 1.01035e-01
 1.00163e-01
 1.00022e-01
 1.00003e-01
 1.00000e-01
 1.00000e-01
 1.00000e-01
 1.00000e-01
 1.00000e-01
 2.48392e-01
 2.23356e-01
 1.77550e-01
 1.35003e-01
 1.11348e-01
 1.02818e-01
 1.00550e-01
 1.00086e-01
 1.00012e-01
 1.00001e-01
 1.00000e-01
 1.00000e-01
 1.00000e-01
 1.00000e-01
 1.00000e-01
 2.38143e-01
 1.99724e-01
 1.53317e-01
 1.20757e-01
 1.06115e-01
 1.01436e-01
 1.00268e-01
 1.00043e-01
 1.00006e-01
 1.00001e-01
 1.00000e-01
 1.00000e-01
 1.00000e-01
 1.00000e-01
 1.00000e-01
 2.16642e-01
 1.70843e-01
 1.32035e-01
 1.11047e-01
 1.03039e-01
 1.00673e-01
 1.00123e-01
 1.00020e-01
 1.00003e-01
 1.00000e-01
 1.00000e-01
 1.00000e-01
 1.00000e-01
 1.00000e-01
 1.00000e-01
 1.85876e-01
 1.43469e-01
 1.16951e-01
 1.05336e-01
 1.01375e-01
 1.00291e-01
 1.00054e-01
 1.00009e-01
 1.00001e-01
 1.00000e-01
 1.00000e-01
 1.00000e-01
 1.00000e-01
 1.00000e-01
 1.00000e-01
 1.52766e-01
 1.22749e-01
 1.08017e-01
 1.02344e-01
 1.00571e-01
 1.00118e-01
 1.00022e-01
 1.00004e-01
 1.00001e-01
 1.00000e-01
 1.00000e-01
 1.00000e-01
 1.00000e-01
 1.00000e-01
 1.00000e-01
 1.27068e-01
 1.10438e-01
 1.03396e-01
 1.00939e-01
 1.00214e-01
 1.00045e-01
 1.00008e-01
 1.00001e-01
 1.00000e-01
 1.00000e-01
 1.00000e-01
 1.00000e-01
 1.00000e-01
 1.00000e-01
 1.00000e-01
 1.11900e-01
 1.04218e-01
 1.01296e-01
 1.00330e-01
 1.00078e-01
 1.00016e-01
 1.00003e-01
 1.00001e-01
 1.00000e-01
 1.00000e-01
 1.00000e-01
 1.00000e-01
 1.00000e-01
 1.00000e-01
 1.00000e-01
 2.56905e-01
 2.39330e-01
 2.36417e-01
 2.13769e-01
 1.68736e-01
 1.27384e-01
 1.06877e-01
 1.01181e-01
 1.00147e-01
 1.00015e-01
 1.00001e-01
 1.00000e-01
 1.00000e-01
 1.00000e-01
 1.00000e-01
 2.62818e-01
 2.48590e-01
 2.42843e-01
 2.14646e-01
 1.66858e-01
 1.25857e-01
 1.06382e-01
 1.01093e-01
 1.00135e-01
 1.00014e-01
 1.00001e-01
 1.00000e-01
 1.00000e-01
 1.00000e-01
 1.00000e-01
 2.62565e-01
 2.50928e-01
 2.43058e-01
 2.11024e-01
 1.61809e-01
 1.22705e-01
 1.05422e-01
 1.00921e-01
 1.00114e-01
 1.00012e-01
 1.00001e-01
 1.00000e-01
 1.00000e-01
 1.00000e-01
 1.00000e-01
 2.58784e-01
 2.52287e-01
 2.41830e-01
 2.04919e-01
 1.54650e-01
 1.18734e-01
 1.04301e-01
 1.00722e-01
 1.00090e-01
 1.00009e-01
 1.00001e-01
 1.00000e-01
 1.00000e-01
 1.00000e-01
 1.00000e-01
 2.50382e-01
 2.50852e-01
 2.36002e-01
 1.93273e-01
 1.44701e-01
 1.14246e-01
 1.03152e-01
 1.00518e-01
 1.00065e-01
 1.00007e-01
 1.00001e-01
 1.00000e-01
 1.00000e-01
 1.00000e-01
 1.00000e-01
 2.50216e-01
 2.47878e-01
 2.23212e-01
 1.77032e-01
 1.33563e-01
 1.09910e-01
 1.02120e-01
 1.00342e-01
 1.00044e-01
 1.00005e-01
 1.00000e-01
 1.00000e-01
 1.00000e-01
 1.00000e-01
 1.00000e-01
 2.44392e-01
 2.39928e-01
 2.07414e-01
 1.59828e-01
 1.23143e-01
 1.06340e-01
 1.01316e-01
 1.00209e-01
 1.00027e-01
 1.00003e-01
 1.00000e-01
 1.00000e-01
 1.00000e-01
 1.00000e-01
 1.00000e-01
 2.45079e-01
 2.29262e-01
 1.87670e-01
 1.42647e-01
 1.14688e-01
 1.03778e-01
 1.00755e-01
 1.00119e-01
 1.00016e-01
 1.00002e-01
 1.00000e-01
 1.00000e-01
 1.00000e-01
 1.00000e-01
 1.00000e-01
 2.42827e-01
 2.12216e-01
 1.65630e-01
 1.27638e-01
 1.08588e-01
 1.02095e-01
 1.00402e-01
 1.00063e-01
 1.00009e-01
 1.00001e-01
 1.00000e-01
 1.00000e-01
 1.00000e-01
 1.00000e-01
 1.00000e-01
 2.28562e-01
 1.86764e-01
 1.43349e-01
 1.16033e-01
 1.04622e-01
 1.01065e-01
 1.00198e-01
 1.00032e-01
 1.00004e-01
 1.00001e-01
 1.00000e-01
 1.00000e-01
 1.00000e-01
 1.00000e-01
 1.00000e-01
 2.04486e-01
 1.59283e-01
 1.25345e-01
 1.08459e-01
 1.02285e-01
 1.00501e-01
 1.00092e-01
 1.00015e-01
 1.00002e-01
 1.00000e-01
 1.00000e-01
 1.00000e-01
 1.00000e-01
 1.00000e-01
 1.00000e-01
 1.73054e-01
 1.34905e-01
 1.13109e-01
 1.04055e-01
 1.01030e-01
 1.00217e-01
 1.00040e-01
 1.00007e-01
 1.00001e-01
 1.00000e-01
 1.00000e-01
 1.00000e-01
 1.00000e-01
 1.00000e-01
 1.00000e-01
 1.43237e-01
 1.17871e-01
 1.06146e-01
 1.01765e-01
 1.00424e-01
 1.00089e-01
 1.00017e-01
 1.00003e-01
 1.00000e-01
 1.00000e-01
 1.00000e-01
 1.00000e-01
 1.00000e-01
 1.00000e-01
 1.00000e-01
 1.21441e-01
 1.08078e-01
 1.02569e-01
 1.00701e-01
 1.00162e-01
 1.00034e-01
 1.00006e-01
 1.00001e-01
 1.00000e-01
 1.00000e-01
 1.00000e-01
 1.00000e-01
 1.00000e-01
 1.00000e-01
 1.00000e-01
 1.09284e-01
 1.03219e-01
 1.00977e-01
 1.00247e-01
 1.00059e-01
 1.00012e-01
 1.00002e-01
 1.00000e-01
 1.00000e-01
 1.00000e-01
 1.00000e-01
 1.00000e-01
 1.00000e-01
 1.00000e-01
 1.00000e-01
 2.62546e-01
 2.51111e-01
 2.40464e-01
 2.05792e-01
 1.56559e-01
 1.19902e-01
 1.04627e-01
 1.00778e-01
 1.00095e-01
 1.00010e-01
 1.00001e-01
 1.00000e-01
 1.00000e-01
 1.00000e-01
 1.00000e-01
 2.63726e-01
 2.56095e-01
 2.43134e-01
 2.04475e-01
 1.54293e-01
 1.18683e-01
 1.04287e-01
 1.00717e-01
 1.00088e-01
 1.00009e-01
 1.00001e-01
 1.00000e-01
 1.00000e-01
 1.00000e-01
 1.00000e-01
 2.60759e-01
 2.55307e-01
 2.39974e-01
 1.99040e-01
 1.49492e-01
 1.16344e-01
 1.03664e-01
 1.00608e-01
 1.00076e-01
 1.00008e-01
 1.00001e-01
 1.00000e-01
 1.00000e-01
 1.00000e-01
 1.00000e-01
 2.57575e-01
 2.54712e-01
 2.34885e-01
 1.90206e-01
 1.42378e-01
 1.13286e-01
 1.02906e-01
 1.00476e-01
 1.00060e-01
 1.00006e-01
 1.00001e-01
 1.00000e-01
 1.00000e-01
 1.00000e-01
 1.00000e-01
 2.50228e-01
 2.47871e-01
 2.23200e-01
 1.77024e-01
 1.33559e-01
 1.09910e-01
 1.02120e-01
 1.00342e-01
 1.00044e-01
 1.00005e-01
 1.00000e-01
 1.00000e-01
 1.00000e-01
 1.00000e-01
 1.00000e-01
 2.47036e-01
 2.41605e-01
 2.10102e-01
 1.62486e-01
 1.24613e-01
 1.06835e-01
 1.01426e-01
 1.00227e-01
 1.00030e-01
 1.00003e-01
 1.00000e-01
 1.00000e-01
 1.00000e-01
 1.00000e-01
 1.00000e-01
 2.49161e-01
 2.34542e-01
 1.93879e-01
 1.47112e-01
 1.16696e-01
 1.04390e-01
 1.00888e-01
 1.00140e-01
 1.00019e-01
 1.00002e-01
 1.00000e-01
 1.00000e-01
 1.00000e-01
 1.00000e-01
 1.00000e-01
 2.47761e-01
 2.21266e-01
 1.74317e-01
 1.32652e-01
 1.10477e-01
 1.02614e-01
 1.00510e-01
 1.00081e-01
 1.00011e-01
 1.00001e-01
 1.00000e-01
 1.00000e-01
 1.00000e-01
 1.00000e-01
 1.00000e-01
 2.37822e-01
 1.99212e-01
 1.52654e-01
 1.20444e-01
 1.06078e-01
 1.01444e-01
 1.00273e-01
 1.00044e-01
 1.00006e-01
 1.00001e-01
 1.00000e-01
 1.00000e-01
 1.00000e-01
 1.00000e-01
 1.00000e-01
 2.17878e-01
 1.72804e-01
 1.33336e-01
 1.11660e-01
 1.03261e-01
 1.00733e-01
 1.00136e-01
 1.00022e-01
 1.00003e-01
 1.00000e-01
 1.00000e-01
 1.00000e-01
 1.00000e-01
 1.00000e-01
 1.00000e-01
 1.89019e-01
 1.46550e-01
 1.18709e-01
 1.06051e-01
 1.01595e-01
 1.00346e-01
 1.00064e-01
 1.00011e-01
 1.00002e-01
 1.00000e-01
 1.00000e-01
 1.00000e-01
 1.00000e-01
 1.00000e-01
 1.00000e-01
 1.58513e-01
 1.26255e-01
 1.09510e-01
 1.02875e-01
 1.00715e-01
 1.00151e-01
 1.00028e-01
 1.00005e-01
 1.00001e-01
 1.00000e-01
 1.00000e-01
 1.00000e-01
 1.00000e-01
 1.00000e-01
 1.00000e-01
 1.32685e-01
 1.13000e-01
 1.04390e-01
 1.01234e-01
 1.00295e-01
 1.00062e-01
 1.00012e-01
 1.00002e-01
 1.00000e-01
 1.00000e-01
 1.00000e-01
 1.00000e-01
 1.00000e-01
 1.00000e-01
 1.00000e-01
 1.15746e-01
 1.05827e-01
 1.01817e-01
 1.00487e-01
 1.00114e-01
 1.00024e-01
 1.00005e-01
 1.00001e-01
 1.00000e-01
 1.00000e-01
 1.00000e-01
 1.00000e-01
 1.00000e-01
 1.00000e-01
 1.00000e-01
 1.06666e-01
 1.02271e-01
 1.00678e-01
 1.00174e-01
 1.00042e-01
 1.00009e-01
 1.00002e-01
 1.00000e-01
 1.00000e-01
 1.00000e-01
 1.00000e-01
 1.00000e-01
 1.00000e-01
 1.00000e-01
 1.00000e-01
 2.59056e-01
 2.55708e-01
 2.35178e-01
 1.90353e-01
 1.42459e-01
 1.13263e-01
 1.02895e-01
 1.00470e-01
 1.00059e-01
 1.00006e-01
 1.00001e-01
 1.00000e-01
 1.00000e-01
 1.00000e-01
 1.00000e-01
 2.52170e-01
 2.51091e-01
 2.31867e-01
 1.87051e-01
 1.39992e-01
 1.12268e-01
 1.02664e-01
 1.00432e-01
 1.00055e-01
 1.00006e-01
 1.00001e-01
 1.00000e-01
 1.00000e-01
 1.00000e-01
 1.00000e-01
 2.49002e-01
 2.49001e-01
 2.27437e-01
 1.81114e-01
 1.35730e-01
 1.10632e-01
 1.02289e-01
 1.00369e-01
 1.00047e-01
 1.00005e-01
 1.00000e-01
 1.00000e-01
 1.00000e-01
 1.00000e-01
 1.00000e-01
 2.47206e-01
 2.45492e-01
 2.18635e-01
 1.71509e-01
 1.29868e-01
 1.08554e-01
 1.01805e-01
 1.00289e-01
 1.00037e-01
 1.00004e-01
 1.00000e-01
 1.00000e-01
 1.00000e-01
 1.00000e-01
 1.00000e-01
 2.44436e-01
 2.39954e-01
 2.07417e-01
 1.59825e-01
 1.23143e-01
 1.06340e-01
 1.01316e-01
 1.00209e-01
 1.00027e-01
 1.00003e-01
 1.00000e-01
 1.00000e-01
 1.00000e-01
 1.00000e-01
 1.00000e-01
 2.49170e-01
 2.34541e-01
 1.93876e-01
 1.47111e-01
 1.16696e-01
 1.04390e-01
 1.00888e-01
 1.00140e-01
 1.00019e-01
 1.00002e-01
 1.00000e-01
 1.00000e-01
 1.00000e-01
 1.00000e-01
 1.00000e-01
 2.52542e-01
 2.25609e-01
 1.77873e-01
 1.34625e-01
 1.11218e-01
 1.02825e-01
 1.00554e-01
 1.00087e-01
 1.00012e-01
 1.00001e-01
 1.00000e-01
 1.00000e-01
 1.00000e-01
 1.00000e-01
 1.00000e-01
 2.45660e-01
 2.07447e-01
 1.58546e-01
 1.23205e-01
 1.06997e-01
 1.01685e-01
 1.00321e-01
 1.00051e-01
 1.00007e-01
 1.00001e-01
 1.00000e-01
 1.00000e-01
 1.00000e-01
 1.00000e-01
 1.00000e-01
 2.29268e-01
 1.83374e-01
 1.39660e-01
 1.14203e-01
 1.04054e-01
 1.00933e-01
 1.00173e-01
 1.00028e-01
 1.00004e-01
 1.00000e-01
 1.00000e-01
 1.00000e-01
 1.00000e-01
 1.00000e-01
 1.00000e-01
 2.02611e-01
 1.56933e-01
 1.23882e-01
 1.07917e-01
 1.02148e-01
 1.00472e-01
 1.00088e-01
 1.00014e-01
 1.00002e-01
 1.00000e-01
 1.00000e-01
 1.00000e-01
 1.00000e-01
 1.00000e-01
 1.00000e-01
 1.72234e-01
 1.34503e-01
 1.13048e-01
 1.04053e-01
 1.01040e-01
 1.00223e-01
 1.00042e-01
 1.00007e-01
 1.00001e-01
 1.00000e-01
 1.00000e-01
 1.00000e-01
 1.00000e-01
 1.00000e-01
 1.00000e-01
 1.43868e-01
 1.18484e-01
 1.06464e-01
 1.01896e-01
 1.00463e-01
 1.00098e-01
 1.00019e-01
 1.00003e-01
 1.00000e-01
 1.00000e-01
 1.00000e-01
 1.00000e-01
 1.00000e-01
 1.00000e-01
 1.00000e-01
 1.23325e-01
 1.08954e-01
 1.02924e-01
 1.00805e-01
 1.00192e-01
 1.00041e-01
 1.00008e-01
 1.00001e-01
 1.00000e-01
 1.00000e-01
 1.00000e-01
 1.00000e-01
 1.00000e-01
 1.00000e-01
 1.00000e-01
 1.10859e-01
 1.03907e-01
 1.01191e-01
 1.00317e-01
 1.00075e-01
 1.00016e-01
 1.00003e-01
 1.00001e-01
 1.00000e-01
 1.00000e-01
 1.00000e-01
 1.00000e-01
 1.00000e-01
 1.00000e-01
 1.00000e-01
 1.04521e-01
 1.01510e-01
 1.00440e-01
 1.00115e-01
 1.00028e-01
 1.00006e-01
 1.00001e-01
 1.00000e-01
 1.00000e-01
 1.00000e-01
 1.00000e-01
 1.00000e-01
 1.00000e-01
 1.00000e-01
 1.00000e-01
 2.58035e-01
 2.49327e-01
 2.17361e-01
 1.69061e-01
 1.28291e-01
 1.07990e-01
 1.01664e-01
 1.00265e-01
 1.00034e-01
 1.00004e-01
 1.00000e-01
 1.00000e-01
 1.00000e-01
 1.00000e-01
 1.00000e-01
 2.52523e-01
 2.45914e-01
 2.15051e-01
 1.66395e-01
 1.26470e-01
 1.07370e-01
 1.01533e-01
 1.00244e-01
 1.00031e-01
 1.00004e-01
 1.00000e-01
 1.00000e-01
 1.00000e-01
 1.00000e-01
 1.00000e-01
 2.52147e-01
 2.44408e-01
 2.10158e-01
 1.60965e-01
 1.23379e-01
 1.06361e-01
 1.01313e-01
 1.00208e-01
 1.00027e-01
 1.00003e-01
 1.00000e-01
 1.00000e-01
 1.00000e-01
 1.00000e-01
 1.00000e-01
 2.50766e-01
 2.39195e-01
 2.00643e-01
 1.52729e-01
 1.19276e-01
 1.05103e-01
 1.01035e-01
 1.00163e-01
 1.00022e-01
 1.00003e-01
 1.00000e-01
 1.00000e-01
 1.00000e-01
 1.00000e-01
 1.00000e-01
 2.45100e-01
 2.29268e-01
 1.87670e-01
 1.42644e-01
 1.14687e-01
 1.03778e-01
 1.00755e-01
 1.00119e-01
 1.00016e-01
 1.00002e-01
 1.00000e-01
 1.00000e-01
 1.00000e-01
 1.00000e-01
 1.00000e-01
 2.47772e-01
 2.21262e-01
 1.74312e-01
 1.32650e-01
 1.10477e-01
 1.02614e-01
 1.00510e-01
 1.00081e-01
 1.00011e-01
 1.00001e-01
 1.00000e-01
 1.00000e-01
 1.00000e-01
 1.00000e-01
 1.00000e-01
 2.45664e-01
 2.07445e-01
 1.58544e-01
 1.23204e-01
 1.06997e-01
 1.01685e-01
 1.00321e-01
 1.00051e-01
 1.00007e-01
 1.00001e-01
 1.00000e-01
 1.00000e-01
 1.00000e-01
 1.00000e-01
 1.00000e-01
 2.34092e-01
 1.87567e-01
 1.42165e-01
 1.15217e-01
 1.04345e-01
 1.01001e-01
 1.00187e-01
 1.00030e-01
 1.00004e-01
 1.00001e-01
 1.00000e-01
 1.00000e-01
 1.00000e-01
 1.00000e-01
 1.00000e-01
 2.11115e-01
 1.63409e-01
 1.27183e-01
 1.09131e-01
 1.02500e-01
 1.00553e-01
 1.00103e-01
 1.00017e-01
 1.00002e-01
 1.00000e-01
 1.00000e-01
 1.00000e-01
 1.00000e-01
 1.00000e-01
 1.00000e-01
 1.82536e-01
 1.41017e-01
 1.15877e-01
 1.05043e-01
 1.01314e-01
 1.00281e-01
 1.00053e-01
 1.00009e-01
 1.00001e-01
 1.00000e-01
 1.00000e-01
 1.00000e-01
 1.00000e-01
 1.00000e-01
 1.00000e-01
 1.53517e-01
 1.23485e-01
 1.08416e-01
 1.02532e-01
 1.00629e-01
 1.00134e-01
 1.00025e-01
 1.00004e-01
 1.00001e-01
 1.00000e-01
 1.00000e-01
 1.00000e-01
 1.00000e-01
 1.00000e-01
 1.00000e-01
 1.30710e-01
 1.12192e-01
 1.04117e-01
 1.01168e-01
 1.00280e-01
 1.00060e-01
 1.00011e-01
 1.00002e-01
 1.00000e-01
 1.00000e-01
 1.00000e-01
 1.00000e-01
 1.00000e-01
 1.00000e-01
 1.00000e-01
 1.15477e-01
 1.05745e-01
 1.01824e-01
 1.00490e-01
 1.00117e-01
 1.00025e-01
 1.00005e-01
 1.00001e-01
 1.00000e-01
 1.00000e-01
 1.00000e-01
 1.00000e-01
 1.00000e-01
 1.00000e-01
 1.00000e-01
 1.07050e-01
 1.02444e-01
 1.00733e-01
 1.00193e-01
 1.00046e-01
 1.00010e-01
 1.00002e-01
 1.00000e-01
 1.00000e-01
 1.00000e-01
 1.00000e-01
 1.00000e-01
 1.00000e-01
 1.00000e-01
 1.00000e-01
 1.02821e-01
 1.00926e-01
 1.00268e-01
 1.00071e-01
 1.00017e-01
 1.00004e-01
 1.00001e-01
 1.00000e-01
 1.00000e-01
 1.00000e-01
 1.00000e-01
 1.00000e-01
 1.00000e-01
 1.00000e-01
 1.00000e-01
 2.54329e-01
 2.37114e-01
 1.95058e-01
 1.47808e-01
 1.16915e-01
 1.04363e-01
 1.00875e-01
 1.00135e-01
 1.00018e-01
 1.00002e-01
 1.00000e-01
 1.00000e-01
 1.00000e-01
 1.00000e-01
 1.00000e-01
 2.51088e-01
 2.34684e-01
 1.92704e-01
 1.45601e-01
 1.15801e-01
 1.04055e-01
 1.00812e-01
 1.00125e-01
 1.00017e-01
 1.00002e-01
 1.00000e-01
 1.00000e-01
 1.00000e-01
 1.00000e-01
 1.00000e-01
 2.51646e-01
 2.32034e-01
 1.87424e-01
 1.41351e-01
 1.13881e-01
 1.03502e-01
 1.00694e-01
 1.00107e-01
 1.00015e-01
 1.00002e-01
 1.00000e-01
 1.00000e-01
 1.00000e-01
 1.00000e-01
 1.00000e-01
 2.48401e-01
 2.23353e-01
 1.77543e-01
 1.35000e-01
 1.11347e-01
 1.02818e-01
 1.00550e-01
 1.00086e-01
 1.00012e-01
 1.00001e-01
 1.00000e-01
 1.00000e-01
 1.00000e-01
 1.00000e-01
 1.00000e-01
 2.42820e-01
 2.12202e-01
 1.65622e-01
 1.27636e-01
 1.08587e-01
 1.02095e-01
 1.00402e-01
 1.00063e-01
 1.00009e-01
 1.00001e-01
 1.00000e-01
 1.00000e-01
 1.00000e-01
 1.00000e-01
 1.00000e-01
 2.37814e-01
 1.99201e-01
 1.52648e-01
 1.20442e-01
 1.06077e-01
 1.01444e-01
 1.00273e-01
 1.00044e-01
 1.00006e-01
 1.00001e-01
 1.00000e-01
 1.00000e-01
 1.00000e-01
 1.00000e-01
 1.00000e-01
 2.29263e-01
 1.83367e-01
 1.39657e-01
 1.14203e-01
 1.04054e-01
 1.00933e-01
 1.00173e-01
 1.00028e-01
 1.00004e-01
 1.00000e-01
 1.00000e-01
 1.00000e-01
 1.00000e-01
 1.00000e-01
 1.00000e-01
 2.11114e-01
 1.63407e-01
 1.27182e-01
 1.09131e-01
 1.02500e-01
 1.00553e-01
 1.00103e-01
 1.00017e-01
 1.00002e-01
 1.00000e-01
 1.00000e-01
 1.00000e-01
 1.00000e-01
 1.00000e-01
 1.00000e-01
 1.86399e-01
 1.43537e-01
 1.17001e-01
 1.05408e-01
 1.01414e-01
 1.00307e-01
 1.00057e-01
 1.00009e-01
 1.00001e-01
 1.00000e-01
 1.00000e-01
 1.00000e-01
 1.00000e-01
 1.00000e-01
 1.00000e-01
 1.59196e-01
 1.26545e-01
 1.09676e-01
 1.02939e-01
 1.00737e-01
 1.00157e-01
 1.00030e-01
 1.00005e-01
 1.00001e-01
 1.00000e-01
 1.00000e-01
 1.00000e-01
 1.00000e-01
 1.00000e-01
 1.00000e-01
 1.36176e-01
 1.14776e-01
 1.05062e-01
 1.01455e-01
 1.00353e-01
 1.00076e-01
 1.00014e-01
 1.00002e-01
 1.00000e-01
 1.00000e-01
 1.00000e-01
 1.00000e-01
 1.00000e-01
 1.00000e-01
 1.00000e-01
 1.19564e-01
 1.07433e-01
 1.02414e-01
 1.00662e-01
 1.00158e-01
 1.00034e-01
 1.00007e-01
 1.00001e-01
 1.00000e-01
 1.00000e-01
 1.00000e-01
 1.00000e-01
 1.00000e-01
 1.00000e-01
 1.00000e-01
 1.09594e-01
 1.03445e-01
 1.01049e-01
 1.00278e-01
 1.00067e-01
 1.00014e-01
 1.00003e-01
 1.00000e-01
 1.00000e-01
 1.00000e-01
 1.00000e-01
 1.00000e-01
 1.00000e-01
 1.00000e-01
 1.00000e-01
 1.04237e-01
 1.01423e-01
 1.00418e-01
 1.00111e-01
 1.00027e-01
 1.00006e-01
 1.00001e-01
 1.00000e-01
 1.00000e-01
 1.00000e-01
 1.00000e-01
 1.00000e-01
 1.00000e-01
 1.00000e-01
 1.00000e-01
 1.01662e-01
 1.00539e-01
 1.00154e-01
 1.00041e-01
 1.00010e-01
 1.00002e-01
 1.00000e-01
 1.00000e-01
 1.00000e-01
 1.00000e-01
 1.00000e-01
 1.00000e-01
 1.00000e-01
 1.00000e-01
 1.00000e-01
 2.49076e-01
 2.18127e-01
 1.69914e-01
 1.29721e-01
 1.09207e-01
 1.02232e-01
 1.00424e-01
 1.00067e-01
 1.00009e-01
 1.00001e-01
 1.00000e-01
 1.00000e-01
 1.00000e-01
 1.00000e-01
 1.00000e-01
 2.48026e-01
 2.15788e-01
 1.67344e-01
 1.28081e-01
 1.08594e-01
 1.02081e-01
 1.00394e-01
 1.00062e-01
 1.00008e-01
 1.00001e-01
 1.00000e-01
 1.00000e-01
 1.00000e-01
 1.00000e-01
 1.00000e-01
 2.43472e-01
 2.09415e-01
 1.61546e-01
 1.24922e-01
 1.07502e-01
 1.01794e-01
 1.00337e-01
 1.00054e-01
 1.00007e-01
 1.00001e-01
 1.00000e-01
 1.00000e-01
 1.00000e-01
 1.00000e-01
 1.00000e-01
 2.38147e-01
 1.99721e-01
 1.53317e-01
 1.20760e-01
 1.06116e-01
 1.01436e-01
 1.00268e-01
 1.00043e-01
 1.00006e-01
 1.00001e-01
 1.00000e-01
 1.00000e-01
 1.00000e-01
 1.00000e-01
 1.00000e-01
 2.28557e-01
 1.86760e-01
 1.43348e-01
 1.16028e-01
 1.04623e-01
 1.01065e-01
 1.00198e-01
 1.00032e-01
 1.00004e-01
 1.00001e-01
 1.00000e-01
 1.00000e-01
 1.00000e-01
 1.00000e-01
 1.00000e-01
 2.17864e-01
 1.72793e-01
 1.33334e-01
 1.11660e-01
 1.03263e-01
 1.00733e-01
 1.00136e-01
 1.00022e-01
 1.00003e-01
 1.00000e-01
 1.00000e-01
 1.00000e-01
 1.00000e-01
 1.00000e-01
 1.00000e-01
 2.02609e-01
 1.56931e-01
 1.23881e-01
 1.07917e-01
 1.02148e-01
 1.00472e-01
 1.00088e-01
 1.00014e-01
 1.00002e-01
 1.00000e-01
 1.00000e-01
 1.00000e-01
 1.00000e-01
 1.00000e-01
 1.00000e-01
 1.82534e-01
 1.41016e-01
 1.15877e-01
 1.05043e-01
 1.01314e-01
 1.00281e-01
 1.00053e-01
 1.00009e-01
 1.00001e-01
 1.00000e-01
 1.00000e-01
 1.00000e-01
 1.00000e-01
 1.00000e-01
 1.00000e-01
 1.59197e-01
 1.26545e-01
 1.09676e-01
 1.02939e-01
 1.00737e-01
 1.00157e-01
 1.00030e-01
 1.00005e-01
 1.00001e-01
 1.00000e-01
 1.00000e-01
 1.00000e-01
 1.00000e-01
 1.00000e-01
 1.00000e-01
 1.38231e-01
 1.15760e-01
 1.05440e-01
 1.01574e-01
 1.00384e-01
 1.00082e-01
 1.00016e-01
 1.00003e-01
 1.00000e-01
 1.00000e-01
 1.00000e-01
 1.00000e-01
 1.00000e-01
 1.00000e-01
 1.00000e-01
 1.21944e-01
 1.08486e-01
 1.02779e-01
 1.00770e-01
 1.00184e-01
 1.00040e-01
 1.00008e-01
 1.00001e-01
 1.00000e-01
 1.00000e-01
 1.00000e-01
 1.00000e-01
 1.00000e-01
 1.00000e-01
 1.00000e-01
 1.11586e-01
 1.04213e-01
 1.01307e-01
 1.00350e-01
 1.00084e-01
 1.00018e-01
 1.00004e-01
 1.00001e-01
 1.00000e-01
 1.00000e-01
 1.00000e-01
 1.00000e-01
 1.00000e-01
 1.00000e-01
 1.00000e-01
 1.05480e-01
 1.01889e-01
 1.00561e-01
 1.00149e-01
 1.00036e-01
 1.00008e-01
 1.00002e-01
 1.00000e-01
 1.00000e-01
 1.00000e-01
 1.00000e-01
 1.00000e-01
 1.00000e-01
 1.00000e-01
 1.00000e-01
 1.02373e-01
 1.00773e-01
 1.00226e-01
 1.00059e-01
 1.00014e-01
 1.00003e-01
 1.00001e-01
 1.00000e-01
 1.00000e-01
 1.00000e-01
 1.00000e-01
 1.00000e-01
 1.00000e-01
 1.00000e-01
 1.00000e-01
 1.00900e-01
 1.00288e-01
 1.00083e-01
 1.00022e-01
 1.00005e-01
 1.00001e-01
 1.00000e-01
 1.00000e-01
 1.00000e-01
 1.00000e-01
 1.00000e-01
 1.00000e-01
 1.00000e-01
 1.00000e-01
 1.00000e-01
 2.31584e-01
 1.89901e-01
 1.44901e-01
 1.16355e-01
 1.04638e-01
 1.01041e-01
 1.00193e-01
 1.00030e-01
 1.00004e-01
 1.00001e-01
 1.00000e-01
 1.00000e-01
 1.00000e-01
 1.00000e-01
 1.00000e-01
 2.31095e-01
 1.87144e-01
 1.42640e-01
 1.15342e-01
 1.04322e-01
 1.00970e-01
 1.00179e-01
 1.00028e-01
 1.00004e-01
 1.00000e-01
 1.00000e-01
 1.00000e-01
 1.00000e-01
 1.00000e-01
 1.00000e-01
 2.25282e-01
 1.80538e-01
 1.38077e-01
 1.13437e-01
 1.03761e-01
 1.00842e-01
 1.00153e-01
 1.00024e-01
 1.00004e-01
 1.00000e-01
 1.00000e-01
 1.00000e-01
 1.00000e-01
 1.00000e-01
 1.00000e-01
 2.16645e-01
 1.70849e-01
 1.32040e-01
 1.11044e-01
 1.03040e-01
 1.00673e-01
 1.00123e-01
 1.00020e-01
 1.00003e-01
 1.00000e-01
 1.00000e-01
 1.00000e-01
 1.00000e-01
 1.00000e-01
 1.00000e-01
 2.04480e-01
 1.59283e-01
 1.25341e-01
 1.08433e-01
 1.02281e-01
 1.00502e-01
 1.00092e-01
 1.00015e-01
 1.00002e-01
 1.00000e-01
 1.00000e-01
 1.00000e-01
 1.00000e-01
 1.00000e-01
 1.00000e-01
 1.89017e-01
 1.46549e-01
 1.18710e-01
 1.06047e-01
 1.01596e-01
 1.00346e-01
 1.00064e-01
 1.00011e-01
 1.00002e-01
 1.00000e-01
 1.00000e-01
 1.00000e-01
 1.00000e-01
 1.00000e-01
 1.00000e-01
 1.72233e-01
 1.34504e-01
 1.13048e-01
 1.04054e-01
 1.01040e-01
 1.00223e-01
 1.00042e-01
 1.00007e-01
 1.00001e-01
 1.00000e-01
 1.00000e-01
 1.00000e-01
 1.00000e-01
 1.00000e-01
 1.00000e-01
 1.53519e-01
 1.23486e-01
 1.08417e-01
 1.02532e-01
 1.00629e-01
 1.00134e-01
 1.00025e-01
 1.00004e-01
 1.00001e-01
 1.00000e-01
 1.00000e-01
 1.00000e-01
 1.00000e-01
 1.00000e-01
 1.00000e-01
 1.36177e-01
 1.14776e-01
 1.05062e-01
 1.01455e-01
 1.00353e-01
 1.00076e-01
 1.00014e-01
 1.00002e-01
 1.00000e-01
 1.00000e-01
 1.00000e-01
 1.00000e-01
 1.00000e-01
 1.00000e-01
 1.00000e-01
 1.21945e-01
 1.08486e-01
 1.02779e-01
 1.00770e-01
 1.00184e-01
 1.00040e-01
 1.00008e-01
 1.00001e-01
 1.00000e-01
 1.00000e-01
 1.00000e-01
 1.00000e-01
 1.00000e-01
 1.00000e-01
 1.00000e-01
 1.12301e-01
 1.04516e-01
 1.01402e-01
 1.00377e-01
 1.00091e-01
 1.00020e-01
 1.00004e-01
 1.00001e-01
 1.00000e-01
 1.00000e-01
 1.00000e-01
 1.00000e-01
 1.00000e-01
 1.00000e-01
 1.00000e-01
 1.06241e-01
 1.02169e-01
 1.00648e-01
 1.00172e-01
 1.00042e-01
 1.00009e-01
 1.00002e-01
 1.00000e-01
 1.00000e-01
 1.00000e-01
 1.00000e-01
 1.00000e-01
 1.00000e-01
 1.00000e-01
 1.00000e-01
 1.02910e-01
 1.00961e-01
 1.00279e-01
 1.00074e-01
 1.00018e-01
 1.00004e-01
 1.00001e-01
 1.00000e-01
 1.00000e-01
 1.00000e-01
 1.00000e-01
 1.00000e-01
 1.00000e-01
 1.00000e-01
 1.00000e-01
 1.01204e-01
 1.00388e-01
 1.00113e-01
 1.00030e-01
 1.00007e-01
 1.00002e-01
 1.00000e-01
 1.00000e-01
 1.00000e-01
 1.00000e-01
 1.00000e-01
 1.00000e-01
 1.00000e-01
 1.00000e-01
 1.00000e-01
 1.00457e-01
 1.00147e-01
 1.00043e-01
 1.00011e-01
 1.00003e-01
 1.00001e-01
 1.00000e-01
 1.00000e-01
 1.00000e-01
 1.00000e-01
 1.00000e-01
 1.00000e-01
 1.00000e-01
 1.00000e-01
 1.00000e-01
 2.01686e-01
 1.58310e-01
 1.24701e-01
 1.08066e-01
 1.02117e-01
 1.00458e-01
 1.00081e-01
 1.00013e-01
 1.00002e-01
 1.00000e-01
 1.00000e-01
 1.00000e-01
 1.00000e-01
 1.00000e-01
 1.00000e-01
 2.00538e-01
 1.56034e-01
 1.23321e-01
 1.07553e-01
 1.01975e-01
 1.00423e-01
 1.00076e-01
 1.00012e-01
 1.00002e-01
 1.00000e-01
 1.00000e-01
 1.00000e-01
 1.00000e-01
 1.00000e-01
 1.00000e-01
 1.94869e-01
 1.50658e-01
 1.20466e-01
 1.06548e-01
 1.01707e-01
 1.00365e-01
 1.00066e-01
 1.00011e-01
 1.00002e-01
 1.00000e-01
 1.00000e-01
 1.00000e-01
 1.00000e-01
 1.00000e-01
 1.00000e-01
 1.85877e-01
 1.43472e-01
 1.16955e-01
 1.05337e-01
 1.01376e-01
 1.00291e-01
 1.00054e-01
 1.00009e-01
 1.00001e-01
 1.00000e-01
 1.00000e-01
 1.00000e-01
 1.00000e-01
 1.00000e-01
 1.00000e-01
 1.73056e-01
 1.34908e-01
 1.13111e-01
 1.04051e-01
 1.01031e-01
 1.00217e-01
 1.00040e-01
 1.00007e-01
 1.00001e-01
 1.00000e-01
 1.00000e-01
 1.00000e-01
 1.00000e-01
 1.00000e-01
 1.00000e-01
 1.58512e-01
 1.26254e-01
 1.09511e-01
 1.02876e-01
 1.00717e-01
 1.00151e-01
 1.00028e-01
 1.00005e-01
 1.00001e-01
 1.00000e-01
 1.00000e-01
 1.00000e-01
 1.00000e-01
 1.00000e-01
 1.00000e-01
 1.43872e-01
 1.18486e-01
 1.06464e-01
 1.01896e-01
 1.00463e-01
 1.00098e-01
 1.00019e-01
 1.00003e-01
 1.00000e-01
 1.00000e-01
 1.00000e-01
 1.00000e-01
 1.00000e-01
 1.00000e-01
 1.00000e-01
 1.30711e-01
 1.12193e-01
 1.04117e-01
 1.01168e-01
 1.00280e-01
 1.00060e-01
 1.00012e-01
 1.00002e-01
 1.00000e-01
 1.00000e-01
 1.00000e-01
 1.00000e-01
 1.00000e-01
 1.00000e-01
 1.00000e-01
 1.19565e-01
 1.07434e-01
 1.02414e-01
 1.00662e-01
 1.00158e-01
 1.00034e-01
 1.00007e-01
 1.00001e-01
 1.00000e-01
 1.00000e-01
 1.00000e-01
 1.00000e-01
 1.00000e-01
 1.00000e-01
 1.00000e-01
 1.11586e-01
 1.04213e-01
 1.01308e-01
 1.00350e-01
 1.00084e-01
 1.00018e-01
 1.00004e-01
 1.00001e-01
 1.00000e-01
 1.00000e-01
 1.00000e-01
 1.00000e-01
 1.00000e-01
 1.00000e-01
 1.00000e-01
 1.06241e-01
 1.02169e-01
 1.00648e-01
 1.00172e-01
 1.00042e-01
 1.00009e-01
 1.00002e-01
 1.00000e-01
 1.00000e-01
 1.00000e-01
 1.00000e-01
 1.00000e-01
 1.00000e-01
 1.00000e-01
 1.00000e-01
 1.03109e-01
 1.01027e-01
 1.00302e-01
 1.00080e-01
 1.00019e-01
 1.00004e-01
 1.00001e-01
 1.00000e-01
 1.00000e-01
 1.00000e-01
 1.00000e-01
 1.00000e-01
 1.00000e-01
 1.00000e-01
 1.00000e-01
 1.01390e-01
 1.00448e-01
 1.00131e-01
 1.00035e-01
 1.00008e-01
 1.00002e-01
 1.00000e-01
 1.00000e-01
 1.00000e-01
 1.00000e-01
 1.00000e-01
 1.00000e-01
 1.00000e-01
 1.00000e-01
 1.00000e-01
 1.00571e-01
 1.00183e-01
 1.00054e-01
 1.00014e-01
 1.00003e-01
 1.00001e-01
 1.00000e-01
 1.00000e-01
 1.00000e-01
 1.00000e-01
 1.00000e-01
 1.00000e-01
 1.00000e-01
 1.00000e-01
 1.00000e-01
 1.00215e-01
 1.00069e-01
 1.00020e-01
 1.00005e-01
 1.00001e-01
 1.00000e-01
 1.00000e-01
 1.00000e-01
 1.00000e-01
 1.00000e-01
 1.00000e-01
 1.00000e-01
 1.00000e-01
 1.00000e-01
 1.00000e-01
 1.66970e-01
 1.31996e-01
 1.11876e-01
 1.03558e-01
 1.00891e-01
 1.00180e-01
 1.00034e-01
 1.00005e-01
 1.00001e-01
 1.00000e-01
 1.00000e-01
 1.00000e-01
 1.00000e-01
 1.00000e-01
 1.00000e-01
 1.65235e-01
 1.30485e-01
 1.11182e-01
 1.03333e-01
 1.00827e-01
 1.00167e-01
 1.00031e-01
 1.00005e-01
 1.00001e-01
 1.00000e-01
 1.00000e-01
 1.00000e-01
 1.00000e-01
 1.00000e-01
 1.00000e-01
 1.60340e-01
 1.27142e-01
 1.09753e-01
 1.02892e-01
 1.00713e-01
 1.00146e-01
 1.00027e-01
 1.00004e-01
 1.00001e-01
 1.00000e-01
 1.00000e-01
 1.00000e-01
 1.00000e-01
 1.00000e-01
 1.00000e-01
 1.52771e-01
 1.22753e-01
 1.08017e-01
 1.02345e-01
 1.00571e-01
 1.00118e-01
 1.00022e-01
 1.00004e-01
 1.00001e-01
 1.00000e-01
 1.00000e-01
 1.00000e-01
 1.00000e-01
 1.00000e-01
 1.00000e-01
 1.43237e-01
 1.17872e-01
 1.06146e-01
 1.01765e-01
 1.00424e-01
 1.00089e-01
 1.00017e-01
 1.00003e-01
 1.00000e-01
 1.00000e-01
 1.00000e-01
 1.00000e-01
 1.00000e-01
 1.00000e-01
 1.00000e-01
 1.32686e-01
 1.13000e-01
 1.04389e-01
 1.01234e-01
 1.00294e-01
 1.00062e-01
 1.00012e-01
 1.00002e-01
 1.00000e-01
 1.00000e-01
 1.00000e-01
 1.00000e-01
 1.00000e-01
 1.00000e-01
 1.00000e-01
 1.23325e-01
 1.08954e-01
 1.02925e-01
 1.00805e-01
 1.00192e-01
 1.00041e-01
 1.00008e-01
 1.00001e-01
 1.00000e-01
 1.00000e-01
 1.00000e-01
 1.00000e-01
 1.00000e-01
 1.00000e-01
 1.00000e-01
 1.15477e-01
 1.05745e-01
 1.01824e-01
 1.00490e-01
 1.00117e-01
 1.00025e-01
 1.00005e-01
 1.00001e-01
 1.00000e-01
 1.00000e-01
 1.00000e-01
 1.00000e-01
 1.00000e-01
 1.00000e-01
 1.00000e-01
 1.09594e-01
 1.03445e-01
 1.01049e-01
 1.00278e-01
 1.00067e-01
 1.00014e-01
 1.00003e-01
 1.00000e-01
 1.00000e-01
 1.00000e-01
 1.00000e-01
 1.00000e-01
 1.00000e-01
 1.00000e-01
 1.00000e-01
 1.05481e-01
 1.01890e-01
 1.00561e-01
 1.00149e-01
 1.00036e-01
 1.00008e-01
 1.00002e-01
 1.00000e-01
 1.00000e-01
 1.00000e-01
 1.00000e-01
 1.00000e-01
 1.00000e-01
 1.00000e-01
 1.00000e-01
 1.02910e-01
 1.00961e-01
 1.00279e-01
 1.00074e-01
 1.00018e-01
 1.00004e-01
 1.00001e-01
 1.00000e-01
 1.00000e-01
 1.00000e-01
 1.00000e-01
 1.00000e-01
 1.00000e-01
 1.00000e-01
 1.00000e-01
 1.01390e-01
 1.00448e-01
 1.00131e-01
 1.00035e-01
 1.00008e-01
 1.00002e-01
 1.00000e-01
 1.00000e-01
 1.00000e-01
 1.00000e-01
 1.00000e-01
 1.00000e-01
 1.00000e-01
 1.00000e-01
 1.00000e-01
 1.00616e-01
 1.00197e-01
 1.00057e-01
 1.00015e-01
 1.00004e-01
 1.00001e-01
 1.00000e-01
 1.00000e-01
 1.00000e-01
 1.00000e-01
 1.00000e-01
 1.00000e-01
 1.00000e-01
 1.00000e-01
 1.00000e-01
 1.00250e-01
 1.00080e-01
 1.00024e-01
 1.00006e-01
 1.00002e-01
 1.00000e-01
 1.00000e-01
 1.00000e-01
 1.00000e-01
 1.00000e-01
 1.00000e-01
 1.00000e-01
 1.00000e-01
 1.00000e-01
 1.00000e-01
 1.00094e-01
 1.00031e-01
 1.00009e-01
 1.00002e-01
 1.00001e-01
 1.00000e-01
 1.00000e-01
 1.00000e-01
 1.00000e-01
 1.00000e-01
 1.00000e-01
 1.00000e-01
 1.00000e-01
 1.00000e-01
 1.00000e-01
 1.36843e-01
 1.15103e-01
 1.05068e-01
 1.01435e-01
 1.00330e-01
 1.00070e-01
 1.00013e-01
 1.00002e-01
 1.00000e-01
 1.00000e-01
 1.00000e-01
 1.00000e-01
 1.00000e-01
 1.00000e-01
 1.00000e-01
 1.35400e-01
 1.14302e-01
 1.04757e-01
 1.01336e-01
 1.00306e-01
 1.00065e-01
 1.00012e-01
 1.00002e-01
 1.00000e-01
 1.00000e-01
 1.00000e-01
 1.00000e-01
 1.00000e-01
 1.00000e-01
 1.00000e-01
 1.31837e-01
 1.12593e-01
 1.04152e-01
 1.01162e-01
 1.00266e-01
 1.00056e-01
 1.00010e-01
 1.00002e-01
 1.00000e-01
 1.00000e-01
 1.00000e-01
 1.00000e-01
 1.00000e-01
 1.00000e-01
 1.00000e-01
 1.27070e-01
 1.10439e-01
 1.03396e-01
 1.00938e-01
 1.00214e-01
 1.00045e-01
 1.00008e-01
 1.00001e-01
 1.00000e-01
 1.00000e-01
 1.00000e-01
 1.00000e-01
 1.00000e-01
 1.00000e-01
 1.00000e-01
 1.21442e-01
 1.08078e-01
 1.02569e-01
 1.00701e-01
 1.00162e-01
 1.00034e-01
 1.00006e-01
 1.00001e-01
 1.00000e-01
 1.00000e-01
 1.00000e-01
 1.00000e-01
 1.00000e-01
 1.00000e-01
 1.00000e-01
 1.15745e-01
 1.05826e-01
 1.01816e-01
 1.00487e-01
 1.00114e-01
 1.00024e-01
 1.00005e-01
 1.00001e-01
 1.00000e-01
 1.00000e-01
 1.00000e-01
 1.00000e-01
 1.00000e-01
 1.00000e-01
 1.00000e-01
 1.10859e-01
 1.03907e-01
 1.01191e-01
 1.00317e-01
 1.00075e-01
 1.00016e-01
 1.00003e-01
 1.00001e-01
 1.00000e-01
 1.00000e-01
 1.00000e-01
 1.00000e-01
 1.00000e-01
 1.00000e-01
 1.00000e-01
 1.07050e-01
 1.02444e-01
 1.00733e-01
 1.00193e-01
 1.00046e-01
 1.00010e-01
 1.00002e-01
 1.00000e-01
 1.00000e-01
 1.00000e-01
 1.00000e-01
 1.00000e-01
 1.00000e-01
 1.00000e-01
 1.00000e-01
 1.04237e-01
 1.01423e-01
 1.00418e-01
 1.00111e-01
 1.00027e-01
 1.00006e-01
 1.00001e-01
 1.00000e-01
 1.00000e-01
 1.00000e-01
 1.00000e-01
 1.00000e-01
 1.00000e-01
 1.00000e-01
 1.00000e-01
 1.02373e-01
 1.00773e-01
 1.00226e-01
 1.00059e-01
 1.00014e-01
 1.00003e-01
 1.00001e-01
 1.00000e-01
 1.00000e-01
 1.00000e-01
 1.00000e-01
 1.00000e-01
 1.00000e-01
 1.00000e-01
 1.00000e-01
 1.01204e-01
 1.00388e-01
 1.00113e-01
 1.00030e-01
 1.00007e-01
 1.00002e-01
 1.00000e-01
 1.00000e-01
 1.00000e-01
 1.00000e-01
 1.00000e-01
 1.00000e-01
 1.00000e-01
 1.00000e-01
 1.00000e-01
 1.00571e-01
 1.00183e-01
 1.00054e-01
 1.00014e-01
 1.00003e-01
 1.00001e-01
 1.00000e-01
 1.00000e-01
 1.00000e-01
 1.00000e-01
 1.00000e-01
 1.00000e-01
 1.00000e-01
 1.00000e-01
 1.00000e-01
 1.00250e-01
 1.00080e-01
 1.00024e-01
 1.00006e-01
 1.00002e-01
 1.00000e-01
 1.00000e-01
 1.00000e-01
 1.00000e-01
 1.00000e-01
 1.00000e-01
 1.00000e-01
 1.00000e-01
 1.00000e-01
 1.00000e-01
 1.00103e-01
 1.00033e-01
 1.00010e-01
 1.00003e-01
 1.00001e-01
 1.00000e-01
 1.00000e-01
 1.00000e-01
 1.00000e-01
 1.00000e-01
 1.00000e-01
 1.00000e-01
 1.00000e-01
 1.00000e-01
 1.00000e-01
 1.00039e-01
 1.00013e-01
 1.00004e-01
 1.00001e-01
 1.00000e-01
 1.00000e-01
 1.00000e-01
 1.00000e-01
 1.00000e-01
 1.00000e-01
 1.00000e-01
 1.00000e-01
 1.00000e-01
 1.00000e-01
 1.00000e-01
 1.16979e-01
 1.06270e-01
 1.01955e-01
 1.00513e-01
 1.00119e-01
 1.00024e-01
 1.00005e-01
 1.00001e-01
 1.00000e-01
 1.00000e-01
 1.00000e-01
 1.00000e-01
 1.00000e-01
 1.00000e-01
 1.00000e-01
 1.16129e-01
 1.05911e-01
 1.01828e-01
 1.00477e-01
 1.00111e-01
 1.00022e-01
 1.00004e-01
 1.00001e-01
 1.00000e-01
 1.00000e-01
 1.00000e-01
 1.00000e-01
 1.00000e-01
 1.00000e-01
 1.00000e-01
 1.14263e-01
 1.05177e-01
 1.01599e-01
 1.00411e-01
 1.00097e-01
 1.00019e-01
 1.00004e-01
 1.00001e-01
 1.00000e-01
 1.00000e-01
 1.00000e-01
 1.00000e-01
 1.00000e-01
 1.00000e-01
 1.00000e-01
 1.11901e-01
 1.04218e-01
 1.01295e-01
 1.00330e-01
 1.00078e-01
 1.00016e-01
 1.00003e-01
 1.00001e-01
 1.00000e-01
 1.00000e-01
 1.00000e-01
 1.00000e-01
 1.00000e-01
 1.00000e-01
 1.00000e-01
 1.09283e-01
 1.03219e-01
 1.00977e-01
 1.00247e-01
 1.00059e-01
 1.00012e-01
 1.00002e-01
 1.00000e-01
 1.00000e-01
 1.00000e-01
 1.00000e-01
 1.00000e-01
 1.00000e-01
 1.00000e-01
 1.00000e-01
 1.06666e-01
 1.02271e-01
 1.00678e-01
 1.00174e-01
 1.00042e-01
 1.00009e-01
 1.00002e-01
 1.00000e-01
 1.00000e-01
 1.00000e-01
 1.00000e-01
 1.00000e-01
 1.00000e-01
 1.00000e-01
 1.00000e-01
 1.04520e-01
 1.01510e-01
 1.00440e-01
 1.00115e-01
 1.00028e-01
 1.00006e-01
 1.00001e-01
 1.00000e-01
 1.00000e-01
 1.00000e-01
 1.00000e-01
 1.00000e-01
 1.00000e-01
 1.00000e-01
 1.00000e-01
 1.02820e-01
 1.00926e-01
 1.00268e-01
 1.00071e-01
 1.00017e-01
 1.00004e-01
 1.00001e-01
 1.00000e-01
 1.00000e-01
 1.00000e-01
 1.00000e-01
 1.00000e-01
 1.00000e-01
 1.00000e-01
 1.00000e-01
 1.01662e-01
 1.00539e-01
 1.00154e-01
 1.00041e-01
 1.00010e-01
 1.00002e-01
 1.00000e-01
 1.00000e-01
 1.00000e-01
 1.00000e-01
 1.00000e-01
 1.00000e-01
 1.00000e-01
 1.00000e-01
 1.00000e-01
 1.00900e-01
 1.00288e-01
 1.00083e-01
 1.00022e-01
 1.00005e-01
 1.00001e-01
 1.00000e-01
 1.00000e-01
 1.00000e-01
 1.00000e-01
 1.00000e-01
 1.00000e-01
 1.00000e-01
 1.00000e-01
 1.00000e-01
 1.00457e-01
 1.00147e-01
 1.00043e-01
 1.00011e-01
 1.00003e-01
 1.00001e-01
 1.00000e-01
 1.00000e-01
 1.00000e-01
 1.00000e-01
 1.00000e-01
 1.00000e-01
 1.00000e-01
 1.00000e-01
 1.00000e-01
 1.00215e-01
 1.00069e-01
 1.00020e-01
 1.00005e-01
 1.00001e-01
 1.00000e-01
 1.00000e-01
 1.00000e-01
 1.00000e-01
 1.00000e-01
 1.00000e-01
 1.00000e-01
 1.00000e-01
 1.00000e-01
 1.00000e-01
 1.00094e-01
 1.00031e-01
 1.00009e-01
 1.00002e-01
 1.00001e-01
 1.00000e-01
 1.00000e-01
 1.00000e-01
 1.00000e-01
 1.00000e-01
 1.00000e-01
 1.00000e-01
 1.00000e-01
 1.00000e-01
 1.00000e-01
 1.00039e-01
 1.00013e-01
 1.00004e-01
 1.00001e-01
 1.00000e-01
 1.00000e-01
 1.00000e-01
 1.00000e-01
 1.00000e-01
 1.00000e-01
 1.00000e-01
 1.00000e-01
 1.00000e-01
 1.00000e-01
 1.00000e-01
 1.00015e-01
 1.00005e-01
 1.00001e-01
 1.00000e-01
 1.00000e-01
 1.00000e-01
 1.00000e-01
 1.00000e-01
 1.00000e-01
 1.00000e-01
 1.00000e-01
 1.00000e-01
 1.00000e-01
 1.00000e-01
 1.00000e-01
 1.06751e-01
 1.02288e-01
 1.00682e-01
 1.00170e-01
 1.00039e-01
 1.00008e-01
 1.00001e-01
 1.00000e-01
 1.00000e-01
 1.00000e-01
 1.00000e-01
 1.00000e-01
 1.00000e-01
 1.00000e-01
 1.00000e-01
 1.06366e-01
 1.02149e-01
 1.00630e-01
 1.00159e-01
 1.00036e-01
 1.00008e-01
 1.00001e-01
 1.00000e-01
 1.00000e-01
 1.00000e-01
 1.00000e-01
 1.00000e-01
 1.00000e-01
 1.00000e-01
 1.00000e-01
 1.05538e-01
 1.01872e-01
 1.00540e-01
 1.00138e-01
 1.00031e-01
 1.00007e-01
 1.00001e-01
 1.00000e-01
 1.00000e-01
 1.00000e-01
 1.00000e-01
 1.00000e-01
 1.00000e-01
 1.00000e-01
 1.00000e-01
 1.04551e-01
 1.01523e-01
 1.00431e-01
 1.00113e-01
 1.00025e-01
 1.00006e-01
 1.00001e-01
 1.00000e-01
 1.00000e-01
 1.00000e-01
 1.00000e-01
 1.00000e-01
 1.00000e-01
 1.00000e-01
 1.00000e-01
 1.03465e-01
 1.01150e-01
 1.00321e-01
 1.00085e-01
 1.00019e-01
 1.00004e-01
 1.00001e-01
 1.00000e-01
 1.00000e-01
 1.00000e-01
 1.00000e-01
 1.00000e-01
 1.00000e-01
 1.00000e-01
 1.00000e-01
 1.02454e-01
 1.00799e-01
 1.00224e-01
 1.00060e-01
 1.00014e-01
 1.00003e-01
 1.00001e-01
 1.00000e-01
 1.00000e-01
 1.00000e-01
 1.00000e-01
 1.00000e-01
 1.00000e-01
 1.00000e-01
 1.00000e-01
 1.01624e-01
 1.00520e-01
 1.00147e-01
 1.00039e-01
 1.00009e-01
 1.00002e-01
 1.00000e-01
 1.00000e-01
 1.00000e-01
 1.00000e-01
 1.00000e-01
 1.00000e-01
 1.00000e-01
 1.00000e-01
 1.00000e-01
 1.01007e-01
 1.00316e-01
 1.00092e-01
 1.00024e-01
 1.00006e-01
 1.00001e-01
 1.00000e-01
 1.00000e-01
 1.00000e-01
 1.00000e-01
 1.00000e-01
 1.00000e-01
 1.00000e-01
 1.00000e-01
 1.00000e-01
 1.00579e-01
 1.00182e-01
 1.00053e-01
 1.00014e-01
 1.00003e-01
 1.00001e-01
 1.00000e-01
 1.00000e-01
 1.00000e-01
 1.00000e-01
 1.00000e-01
 1.00000e-01
 1.00000e-01
 1.00000e-01
 1.00000e-01
 1.00316e-01
 1.00099e-01
 1.00029e-01
 1.00008e-01
 1.00002e-01
 1.00000e-01
 1.00000e-01
 1.00000e-01
 1.00000e-01
 1.00000e-01
 1.00000e-01
 1.00000e-01
 1.00000e-01
 1.00000e-01
 1.00000e-01
 1.00158e-01
 1.00051e-01
 1.00015e-01
 1.00004e-01
 1.00001e-01
 1.00000e-01
 1.00000e-01
 1.00000e-01
 1.00000e-01
 1.00000e-01
 1.00000e-01
 1.00000e-01
 1.00000e-01
 1.00000e-01
 1.00000e-01
 1.00076e-01
 1.00024e-01
 1.00007e-01
 1.00002e-01
 1.00000e-01
 1.00000e-01
 1.00000e-01
 1.00000e-01
 1.00000e-01
 1.00000e-01
 1.00000e-01
 1.00000e-01
 1.00000e-01
 1.00000e-01
 1.00000e-01
 1.00033e-01
 1.00011e-01
 1.00003e-01
 1.00001e-01
 1.00000e-01
 1.00000e-01
 1.00000e-01
 1.00000e-01
 1.00000e-01
 1.00000e-01
 1.00000e-01
 1.00000e-01
 1.00000e-01
 1.00000e-01
 1.00000e-01
 1.00014e-01
 1.00004e-01
 1.00001e-01
 1.00000e-01
 1.00000e-01
 1.00000e-01
 1.00000e-01
 1.00000e-01
 1.00000e-01
 1.00000e-01
 1.00000e-01
 1.00000e-01
 1.00000e-01
 1.00000e-01
 1.00000e-01
 1.00005e-01
 1.00002e-01
 1.00001e-01
 1.00000e-01
 1.00000e-01
 1.00000e-01
 1.00000e-01
 1.00000e-01
 1.00000e-01
 1.00000e-01
 1.00000e-01
 1.00000e-01
 1.00000e-01
 1.00000e-01
 1.00000e-01
 1.02290e-01
 1.00750e-01
 1.00205e-01
 1.00054e-01
 1.00012e-01
 1.00003e-01
 1.00001e-01
 1.00000e-01
 1.00000e-01
 1.00000e-01
 1.00000e-01
 1.00000e-01
 1.00000e-01
 1.00000e-01
 1.00000e-01
 1.02147e-01
 1.00695e-01
 1.00191e-01
 1.00050e-01
 1.00011e-01
 1.00002e-01
 1.00000e-01
 1.00000e-01
 1.00000e-01
 1.00000e-01
 1.00000e-01
 1.00000e-01
 1.00000e-01
 1.00000e-01
 1.00000e-01
 1.01872e-01
 1.00595e-01
 1.00167e-01
 1.00043e-01
 1.00010e-01
 1.00002e-01
 1.00000e-01
 1.00000e-01
 1.00000e-01
 1.00000e-01
 1.00000e-01
 1.00000e-01
 1.00000e-01
 1.00000e-01
 1.00000e-01
 1.01522e-01
 1.00474e-01
 1.00135e-01
 1.00035e-01
 1.00008e-01
 1.00002e-01
 1.00000e-01
 1.00000e-01
 1.00000e-01
 1.00000e-01
 1.00000e-01
 1.00000e-01
 1.00000e-01
 1.00000e-01
 1.00000e-01
 1.01151e-01
 1.00351e-01
 1.00102e-01
 1.00026e-01
 1.00006e-01
 1.00001e-01
 1.00000e-01
 1.00000e-01
 1.00000e-01
 1.00000e-01
 1.00000e-01
 1.00000e-01
 1.00000e-01
 1.00000e-01
 1.00000e-01
 1.00799e-01
 1.00243e-01
 1.00072e-01
 1.00018e-01
 1.00005e-01
 1.00001e-01
 1.00000e-01
 1.00000e-01
 1.00000e-01
 1.00000e-01
 1.00000e-01
 1.00000e-01
 1.00000e-01
 1.00000e-01
 1.00000e-01
 1.00520e-01
 1.00160e-01
 1.00047e-01
 1.00012e-01
 1.00003e-01
 1.00001e-01
 1.00000e-01
 1.00000e-01
 1.00000e-01
 1.00000e-01
 1.00000e-01
 1.00000e-01
 1.00000e-01
 1.00000e-01
 1.00000e-01
 1.00316e-01
 1.00099e-01
 1.00029e-01
 1.00008e-01
 1.00002e-01
 1.00000e-01
 1.00000e-01
 1.00000e-01
 1.00000e-01
 1.00000e-01
 1.00000e-01
 1.00000e-01
 1.00000e-01
 1.00000e-01
 1.00000e-01
 1.00182e-01
 1.00058e-01
 1.00017e-01
 1.00005e-01
 1.00001e-01
 1.00000e-01
 1.00000e-01
 1.00000e-01
 1.00000e-01
 1.00000e-01
 1.00000e-01
 1.00000e-01
 1.00000e-01
 1.00000e-01
 1.00000e-01
 1.00099e-01
 1.00032e-01
 1.00009e-01
 1.00003e-01
 1.00001e-01
 1.00000e-01
 1.00000e-01
 1.00000e-01
 1.00000e-01
 1.00000e-01
 1.00000e-01
 1.00000e-01
 1.00000e-01
 1.00000e-01
 1.00000e-01
 1.00051e-01
 1.00016e-01
 1.00005e-01
 1.00001e-01
 1.00000e-01
 1.00000e-01
 1.00000e-01
 1.00000e-01
 1.00000e-01
 1.00000e-01
 1.00000e-01
 1.00000e-01
 1.00000e-01
 1.00000e-01
 1.00000e-01
 1.00024e-01
 1.00008e-01
 1.00002e-01
 1.00001e-01
 1.00000e-01
 1.00000e-01
 1.00000e-01
 1.00000e-01
 1.00000e-01
 1.00000e-01
 1.00000e-01
 1.00000e-01
 1.00000e-01
 1.00000e-01
 1.00000e-01
 1.00011e-01
 1.00004e-01
 1.00001e-01
 1.00000e-01
 1.00000e-01
 1.00000e-01
 1.00000e-01
 1.00000e-01
 1.00000e-01
 1.00000e-01
 1.00000e-01
 1.00000e-01
 1.00000e-01
 1.00000e-01
 1.00000e-01
 1.00004e-01
 1.00001e-01
 1.00000e-01
 1.00000e-01
 1.00000e-01
 1.00000e-01
 1.00000e-01
 1.00000e-01
 1.00000e-01
 1.00000e-01
 1.00000e-01
 1.00000e-01
 1.00000e-01
 1.00000e-01
 1.00000e-01
 1.00002e-01
 1.00001e-01
 1.00000e-01
 1.00000e-01
 1.00000e-01
 1.00000e-01
 1.00000e-01
 1.00000e-01
 1.00000e-01
 1.00000e-01
 1.00000e-01
 1.00000e-01
 1.00000e-01
 1.00000e-01
 1.00000e-01
 1.00678e-01
 1.00205e-01
 1.00061e-01
 1.00015e-01
 1.00004e-01
 1.00001e-01
 1.00000e-01
 1.00000e-01
 1.00000e-01
 1.00000e-01
 1.00000e-01
 1.00000e-01
 1.00000e-01
 1.00000e-01
 1.00000e-01
 1.00628e-01
 1.00191e-01
 1.00056e-01
 1.00014e-01
 1.00003e-01
 1.00001e-01
 1.00000e-01
 1.00000e-01
 1.00000e-01
 1.00000e-01
 1.00000e-01
 1.00000e-01
 1.00000e-01
 1.00000e-01
 1.00000e-01
 1.00540e-01
 1.00167e-01
 1.00048e-01
 1.00012e-01
 1.00003e-01
 1.00001e-01
 1.00000e-01
 1.00000e-01
 1.00000e-01
 1.00000e-01
 1.00000e-01
 1.00000e-01
 1.00000e-01
 1.00000e-01
 1.00000e-01
 1.00431e-01
 1.00135e-01
 1.00038e-01
 1.00010e-01
 1.00002e-01
 1.00001e-01
 1.00000e-01
 1.00000e-01
 1.00000e-01
 1.00000e-01
 1.00000e-01
 1.00000e-01
 1.00000e-01
 1.00000e-01
 1.00000e-01
 1.00321e-01
 1.00102e-01
 1.00028e-01
 1.00008e-01
 1.00002e-01
 1.00000e-01
 1.00000e-01
 1.00000e-01
 1.00000e-01
 1.00000e-01
 1.00000e-01
 1.00000e-01
 1.00000e-01
 1.00000e-01
 1.00000e-01
 1.00224e-01
 1.00072e-01
 1.00020e-01
 1.00005e-01
 1.00001e-01
 1.00000e-01
 1.00000e-01
 1.00000e-01
 1.00000e-01
 1.00000e-01
 1.00000e-01
 1.00000e-01
 1.00000e-01
 1.00000e-01
 1.00000e-01
 1.00147e-01
 1.00047e-01
 1.00013e-01
 1.00004e-01
 1.00001e-01
 1.00000e-01
 1.00000e-01
 1.00000e-01
 1.00000e-01
 1.00000e-01
 1.00000e-01
 1.00000e-01
 1.00000e-01
 1.00000e-01
 1.00000e-01
 1.00092e-01
 1.00029e-01
 1.00008e-01
 1.00002e-01
 1.00001e-01
 1.00000e-01
 1.00000e-01
 1.00000e-01
 1.00000e-01
 1.00000e-01
 1.00000e-01
 1.00000e-01
 1.00000e-01
 1.00000e-01
 1.00000e-01
 1.00053e-01
 1.00017e-01
 1.00005e-01
 1.00001e-01
 1.00000e-01
 1.00000e-01
 1.00000e-01
 1.00000e-01
 1.00000e-01
 1.00000e-01
 1.00000e-01
 1.00000e-01
 1.00000e-01
 1.00000e-01
 1.00000e-01
 1.00029e-01
 1.00009e-01
 1.00003e-01
 1.00001e-01
 1.00000e-01
 1.00000e-01
 1.00000e-01
 1.00000e-01
 1.00000e-01
 1.00000e-01
 1.00000e-01
 1.00000e-01
 1.00000e-01
 1.00000e-01
 1.00000e-01
 1.00015e-01
 1.00005e-01
 1.00001e-01
 1.00000e-01
 1.00000e-01
 1.00000e-01
 1.00000e-01
 1.00000e-01
 1.00000e-01
 1.00000e-01
 1.00000e-01
 1.00000e-01
 1.00000e-01
 1.00000e-01
 1.00000e-01
 1.00007e-01
 1.00002e-01
 1.00001e-01
 1.00000e-01
 1.00000e-01
 1.00000e-01
 1.00000e-01
 1.00000e-01
 1.00000e-01
 1.00000e-01
 1.00000e-01
 1.00000e-01
 1.00000e-01
 1.00000e-01
 1.00000e-01
 1.00003e-01
 1.00001e-01
 1.00000e-01
 1.00000e-01
 1.00000e-01
 1.00000e-01
 1.00000e-01
 1.00000e-01
 1.00000e-01
 1.00000e-01
 1.00000e-01
 1.00000e-01
 1.00000e-01
 1.00000e-01
 1.00000e-01
 1.00001e-01
 1.00000e-01
 1.00000e-01
 1.00000e-01
 1.00000e-01
 1.00000e-01
 1.00000e-01
 1.00000e-01
 1.00000e-01
 1.00000e-01
 1.00000e-01
 1.00000e-01
 1.00000e-01
 1.00000e-01
 1.00000e-01
 1.00001e-01
 1.00000e-01
 1.00000e-01
 1.00000e-01
 1.00000e-01
 1.00000e-01
 1.00000e-01
 1.00000e-01
 1.00000e-01
 1.00000e-01
 1.00000e-01
 1.00000e-01
 1.00000e-01
 1.00000e-01
 1.00000e-01
 1.00170e-01
 1.00054e-01
 1.00015e-01
 1.00004e-01
 1.00001e-01
 1.00000e-01
 1.00000e-01
 1.00000e-01
 1.00000e-01
 1.00000e-01
 1.00000e-01
 1.00000e-01
 1.00000e-01
 1.00000e-01
 1.00000e-01
 1.00159e-01
 1.00050e-01
 1.00014e-01
 1.00004e-01
 1.00001e-01
 1.00000e-01
 1.00000e-01
 1.00000e-01
 1.00000e-01
 1.00000e-01
 1.00000e-01
 1.00000e-01
 1.00000e-01
 1.00000e-01
 1.00000e-01
 1.00138e-01
 1.00043e-01
 1.00012e-01
 1.00003e-01
 1.00001e-01
 1.00000e-01
 1.00000e-01
 1.00000e-01
 1.00000e-01
 1.00000e-01
 1.00000e-01
 1.00000e-01
 1.00000e-01
 1.00000e-01
 1.00000e-01
 1.00113e-01
 1.00035e-01
 1.00010e-01
 1.00003e-01
 1.00001e-01
 1.00000e-01
 1.00000e-01
 1.00000e-01
 1.00000e-01
 1.00000e-01
 1.00000e-01
 1.00000e-01
 1.00000e-01
 1.00000e-01
 1.00000e-01
 1.00085e-01
 1.00026e-01
 1.00008e-01
 1.00002e-01
 1.00000e-01
 1.00000e-01
 1.00000e-01
 1.00000e-01
 1.00000e-01
 1.00000e-01
 1.00000e-01
 1.00000e-01
 1.00000e-01
 1.00000e-01
 1.00000e-01
 1.00060e-01
 1.00018e-01
 1.00005e-01
 1.00001e-01
 1.00000e-01
 1.00000e-01
 1.00000e-01
 1.00000e-01
 1.00000e-01
 1.00000e-01
 1.00000e-01
 1.00000e-01
 1.00000e-01
 1.00000e-01
 1.00000e-01
 1.00039e-01
 1.00012e-01
 1.00004e-01
 1.00001e-01
 1.00000e-01
 1.00000e-01
 1.00000e-01
 1.00000e-01
 1.00000e-01
 1.00000e-01
 1.00000e-01
 1.00000e-01
 1.00000e-01
 1.00000e-01
 1.00000e-01
 1.00024e-01
 1.00008e-01
 1.00002e-01
 1.00001e-01
 1.00000e-01
 1.00000e-01
 1.00000e-01
 1.00000e-01
 1.00000e-01
 1.00000e-01
 1.00000e-01
 1.00000e-01
 1.00000e-01
 1.00000e-01
 1.00000e-01
 1.00014e-01
 1.00005e-01
 1.00001e-01
 1.00000e-01
 1.00000e-01
 1.00000e-01
 1.00000e-01
 1.00000e-01
 1.00000e-01
 1.00000e-01
 1.00000e-01
 1.00000e-01
 1.00000e-01
 1.00000e-01
 1.00000e-01
 1.00008e-01
 1.00003e-01
 1.00001e-01
 1.00000e-01
 1.00000e-01
 1.00000e-01
 1.00000e-01
 1.00000e-01
 1.00000e-01
 1.00000e-01
 1.00000e-01
 1.00000e-01
 1.00000e-01
 1.00000e-01
 1.00000e-01
 1.00004e-01
 1.00001e-01
 1.00000e-01
 1.00000e-01
 1.00000e-01
 1.00000e-01
 1.00000e-01
 1.00000e-01
 1.00000e-01
 1.00000e-01
 1.00000e-01
 1.00000e-01
 1.00000e-01
 1.00000e-01
 1.00000e-01
 1.00002e-01
 1.00001e-01
 1.00000e-01
 1.00000e-01
 1.00000e-01
 1.00000e-01
 1.00000e-01
 1.00000e-01
 1.00000e-01
 1.00000e-01
 1.00000e-01
 1.00000e-01
 1.00000e-01
 1.00000e-01
 1.00000e-01
 1.00001e-01
 1.00000e-01
 1.00000e-01
 1.00000e-01
 1.00000e-01
 1.00000e-01
 1.00000e-01
 1.00000e-01
 1.00000e-01
 1.00000e-01
 1.00000e-01
 1.00000e-01
 1.00000e-01
 1.00000e-01
 1.00000e-01
 1.00000e-01
 1.00000e-01
 1.00000e-01
 1.00000e-01
 1.00000e-01
 1.00000e-01
 1.00000e-01
 1.00000e-01
 1.00000e-01
 1.00000e-01
 1.00000e-01
 1.00000e-01
 1.00000e-01
 1.00000e-01
 1.00000e-01
 1.00000e-01
 1.00000e-01
 1.00000e-01
 1.00000e-01
 1.00000e-01
 1.00000e-01
 1.00000e-01
 1.00000e-01
 1.00000e-01
 1.00000e-01
 1.00000e-01
 1.00000e-01
 1.00000e-01
 1.00000e-01
 1.00000e-01
 1.00039e-01
 1.00012e-01
 1.00004e-01
 1.00001e-01
 1.00000e-01
 1.00000e-01
 1.00000e-01
 1.00000e-01
 1.00000e-01
 1.00000e-01
 1.00000e-01
 1.00000e-01
 1.00000e-01
 1.00000e-01
 1.00000e-01
 1.00036e-01
 1.00011e-01
 1.00003e-01
 1.00001e-01
 1.00000e-01
 1.00000e-01
 1.00000e-01
 1.00000e-01
 1.00000e-01
 1.00000e-01
 1.00000e-01
 1.00000e-01
 1.00000e-01
 1.00000e-01
 1.00000e-01
 1.00031e-01
 1.00010e-01
 1.00003e-01
 1.00001e-01
 1.00000e-01
 1.00000e-01
 1.00000e-01
 1.00000e-01
 1.00000e-01
 1.00000e-01
 1.00000e-01
 1.00000e-01
 1.00000e-01
 1.00000e-01
 1.00000e-01
 1.00025e-01
 1.00008e-01
 1.00002e-01
 1.00001e-01
 1.00000e-01
 1.00000e-01
 1.00000e-01
 1.00000e-01
 1.00000e-01
 1.00000e-01
 1.00000e-01
 1.00000e-01
 1.00000e-01
 1.00000e-01
 1.00000e-01
 1.00019e-01
 1.00006e-01
 1.00002e-01
 1.00000e-01
 1.00000e-01
 1.00000e-01
 1.00000e-01
 1.00000e-01
 1.00000e-01
 1.00000e-01
 1.00000e-01
 1.00000e-01
 1.00000e-01
 1.00000e-01
 1.00000e-01
 1.00014e-01
 1.00005e-01
 1.00001e-01
 1.00000e-01
 1.00000e-01
 1.00000e-01
 1.00000e-01
 1.00000e-01
 1.00000e-01
 1.00000e-01
 1.00000e-01
 1.00000e-01
 1.00000e-01
 1.00000e-01
 1.00000e-01
 1.00009e-01
 1.00003e-01
 1.00001e-01
 1.00000e-01
 1.00000e-01
 1.00000e-01
 1.00000e-01
 1.00000e-01
 1.00000e-01
 1.00000e-01
 1.00000e-01
 1.00000e-01
 1.00000e-01
 1.00000e-01
 1.00000e-01
 1.00006e-01
 1.00002e-01
 1.00001e-01
 1.00000e-01
 1.00000e-01
 1.00000e-01
 1.00000e-01
 1.00000e-01
 1.00000e-01
 1.00000e-01
 1.00000e-01
 1.00000e-01
 1.00000e-01
 1.00000e-01
 1.00000e-01
 1.00003e-01
 1.00001e-01
 1.00000e-01
 1.00000e-01
 1.00000e-01
 1.00000e-01
 1.00000e-01
 1.00000e-01
 1.00000e-01
 1.00000e-01
 1.00000e-01
 1.00000e-01
 1.00000e-01
 1.00000e-01
 1.00000e-01
 1.00002e-01
 1.00001e-01
 1.00000e-01
 1.00000e-01
 1.00000e-01
 1.00000e-01
 1.00000e-01
 1.00000e-01
 1.00000e-01
 1.00000e-01
 1.00000e-01
 1.00000e-01
 1.00000e-01
 1.00000e-01
 1.00000e-01
 1.00001e-01
 1.00000e-01
 1.00000e-01
 1.00000e-01
 1.00000e-01
 1.00000e-01
 1.00000e-01
 1.00000e-01
 1.00000e-01
 1.00000e-01
 1.00000e-01
 1.00000e-01
 1.00000e-01
 1.00000e-01
 1.00000e-01
 1.00000e-01
 1.00000e-01
 1.00000e-01
 1.00000e-01
 1.00000e-01
 1.00000e-01
 1.00000e-01
 1.00000e-01
 1.00000e-01
 1.00000e-01
 1.00000e-01
 1.00000e-01
 1.00000e-01
 1.00000e-01
 1.00000e-01
 1.00000e-01
 1.00000e-01
 1.00000e-01
 1.00000e-01
 1.00000e-01
 1.00000e-01
 1.00000e-01
 1.00000e-01
 1.00000e-01
 1.00000e-01
 1.00000e-01
 1.00000e-01
 1.00000e-01
 1.00000e-01
 1.00000e-01
 1.00000e-01
 1.00000e-01
 1.00000e-01
 1.00000e-01
 1.00000e-01
 1.00000e-01
 1.00000e-01
 1.00000e-01
 1.00000e-01
 1.00000e-01
 1.00000e-01
 1.00000e-01
 1.00000e-01
 1.00000e-01
 1.00000e-01
 1.00000e-01
 1.00000e-01
 1.00000e-01
 1.00000e-01
 1.00000e-01
 1.00000e-01
 1.00000e-01
 1.00000e-01
 1.00000e-01
 1.00000e-01
 1.00000e-01
 1.00000e-01
 1.00000e-01
 1.00000e-01
 1.00000e-01
 1.00008e-01
 1.00003e-01
 1.00001e-01
 1.00000e-01
 1.00000e-01
 1.00000e-01
 1.00000e-01
 1.00000e-01
 1.00000e-01
 1.00000e-01
 1.00000e-01
 1.00000e-01
 1.00000e-01
 1.00000e-01
 1.00000e-01
 1.00008e-01
 1.00002e-01
 1.00001e-01
 1.00000e-01
 1.00000e-01
 1.00000e-01
 1.00000e-01
 1.00000e-01
 1.00000e-01
 1.00000e-01
 1.00000e-01
 1.00000e-01
 1.00000e-01
 1.00000e-01
 1.00000e-01
 1.00007e-01
 1.00002e-01
 1.00001e-01
 1.00000e-01
 1.00000e-01
 1.00000e-01
 1.00000e-01
 1.00000e-01
 1.00000e-01
 1.00000e-01
 1.00000e-01
 1.00000e-01
 1.00000e-01
 1.00000e-01
 1.00000e-01
 1.00006e-01
 1.00002e-01
 1.00001e-01
 1.00000e-01
 1.00000e-01
 1.00000e-01
 1.00000e-01
 1.00000e-01
 1.00000e-01
 1.00000e-01
 1.00000e-01
 1.00000e-01
 1.00000e-01
 1.00000e-01
 1.00000e-01
 1.00004e-01
 1.00001e-01
 1.00000e-01
 1.00000e-01
 1.00000e-01
 1.00000e-01
 1.00000e-01
 1.00000e-01
 1.00000e-01
 1.00000e-01
 1.00000e-01
 1.00000e-01
 1.00000e-01
 1.00000e-01
 1.00000e-01
 1.00003e-01
 1.00001e-01
 1.00000e-01
 1.00000e-01
 1.00000e-01
 1.00000e-01
 1.00000e-01
 1.00000e-01
 1.00000e-01
 1.00000e-01
 1.00000e-01
 1.00000e-01
 1.00000e-01
 1.00000e-01
 1.00000e-01
 1.00002e-01
 1.00001e-01
 1.00000e-01
 1.00000e-01
 1.00000e-01
 1.00000e-01
 1.00000e-01
 1.00000e-01
 1.00000e-01
 1.00000e-01
 1.00000e-01
 1.00000e-01
 1.00000e-01
 1.00000e-01
 1.00000e-01
 1.00001e-01
 1.00000e-01
 1.00000e-01
 1.00000e-01
 1.00000e-01
 1.00000e-01
 1.00000e-01
 1.00000e-01
 1.00000e-01
 1.00000e-01
 1.00000e-01
 1.00000e-01
 1.00000e-01
 1.00000e-01
 1.00000e-01
 1.00001e-01
 1.00000e-01
 1.00000e-01
 1.00000e-01
 1.00000e-01
 1.00000e-01
 1.00000e-01
 1.00000e-01
 1.00000e-01
 1.00000e-01
 1.00000e-01
 1.00000e-01
 1.00000e-01
 1.00000e-01
 1.00000e-01
 1.00000e-01
 1.00000e-01
 1.00000e-01
 1.00000e-01
 1.00000e-01
 1.00000e-01
 1.00000e-01
 1.00000e-01
 1.00000e-01
 1.00000e-01
 1.00000e-01
 1.00000e-01
 1.00000e-01
 1.00000e-01
 1.00000e-01
 1.00000e-01
 1.00000e-01
 1.00000e-01
 1.00000e-01
 1.00000e-01
 1.00000e-01
 1.00000e-01
 1.00000e-01
 1.00000e-01
 1.00000e-01
 1.00000e-01
 1.00000e-01
 1.00000e-01
 1.00000e-01
 1.00000e-01
 1.00000e-01
 1.00000e-01
 1.00000e-01
 1.00000e-01
 1.00000e-01
 1.00000e-01
 1.00000e-01
 1.00000e-01
 1.00000e-01
 1.00000e-01
 1.00000e-01
 1.00000e-01
 1.00000e-01
 1.00000e-01
 1.00000e-01
 1.00000e-01
 1.00000e-01
 1.00000e-01
 1.00000e-01
 1.00000e-01
 1.00000e-01
 1.00000e-01
 1.00000e-01
 1.00000e-01
 1.00000e-01
 1.00000e-01
 1.00000e-01
 1.00000e-01
 1.00000e-01
 1.00000e-01
 1.00000e-01
 1.00000e-01
 1.00000e-01
 1.00000e-01
 1.00000e-01
 1.00000e-01
 1.00000e-01
 1.00000e-01
 1.00000e-01
 1.00000e-01
 1.00000e-01
 1.00000e-01
 1.00000e-01
 1.00000e-01
 1.00000e-01
 1.00000e-01
 1.00000e-01
 1.00000e-01
 1.00000e-01
 1.00000e-01
 1.00000e-01
 1.00000e-01
 1.00000e-01
 1.00000e-01
 1.00000e-01
 1.00000e-01
 1.00000e-01
 1.00000e-01
 1.00000e-01
 1.00000e-01
 1.00001e-01
 1.00001e-01
 1.00000e-01
 1.00000e-01
 1.00000e-01
 1.00000e-01
 1.00000e-01
 1.00000e-01
 1.00000e-01
 1.00000e-01
 1.00000e-01
 1.00000e-01
 1.00000e-01
 1.00000e-01
 1.00000e-01
 1.00001e-01
 1.00000e-01
 1.00000e-01
 1.00000e-01
 1.00000e-01
 1.00000e-01
 1.00000e-01
 1.00000e-01
 1.00000e-01
 1.00000e-01
 1.00000e-01
 1.00000e-01
 1.00000e-01
 1.00000e-01
 1.00000e-01
 1.00001e-01
 1.00000e-01
 1.00000e-01
 1.00000e-01
 1.00000e-01
 1.00000e-01
 1.00000e-01
 1.00000e-01
 1.00000e-01
 1.00000e-01
 1.00000e-01
 1.00000e-01
 1.00000e-01
 1.00000e-01
 1.00000e-01
 1.00001e-01
 1.00000e-01
 1.00000e-01
 1.00000e-01
 1.00000e-01
 1.00000e-01
 1.00000e-01
 1.00000e-01
 1.00000e-01
 1.00000e-01
 1.00000e-01
 1.00000e-01
 1.00000e-01
 1.00000e-01
 1.00000e-01
 1.00001e-01
 1.00000e-01
 1.00000e-01
 1.00000e-01
 1.00000e-01
 1.00000e-01
 1.00000e-01
 1.00000e-01
 1.00000e-01
 1.00000e-01
 1.00000e-01
 1.00000e-01
 1.00000e-01
 1.00000e-01
 1.00000e-01
 1.00001e-01
 1.00000e-01
 1.00000e-01
 1.00000e-01
 1.00000e-01
 1.00000e-01
 1.00000e-01
 1.00000e-01
 1.00000e-01
 1.00000e-01
 1.00000e-01
 1.00000e-01
 1.00000e-01
 1.00000e-01
 1.00000e-01
 1.00000e-01
 1.00000e-01
 1.00000e-01
 1.00000e-01
 1.00000e-01
 1.00000e-01
 1.00000e-01
 1.00000e-01
 1.00000e-01
 1.00000e-01
 1.00000e-01
 1.00000e-01
 1.00000e-01
 1.00000e-01
 1.00000e-01
 1.00000e-01
 1.00000e-01
 1.00000e-01
 1.00000e-01
 1.00000e-01
 1.00000e-01
 1.00000e-01
 1.00000e-01
 1.00000e-01
 1.00000e-01
 1.00000e-01
 1.00000e-01
 1.00000e-01
 1.00000e-01
 1.00000e-01
 1.00000e-01
 1.00000e-01
 1.00000e-01
 1.00000e-01
 1.00000e-01
 1.00000e-01
 1.00000e-01
 1.00000e-01
 1.00000e-01
 1.00000e-01
 1.00000e-01
 1.00000e-01
 1.00000e-01
 1.00000e-01
 1.00000e-01
 1.00000e-01
 1.00000e-01
 1.00000e-01
 1.00000e-01
 1.00000e-01
 1.00000e-01
 1.00000e-01
 1.00000e-01
 1.00000e-01
 1.00000e-01
 1.00000e-01
 1.00000e-01
 1.00000e-01
 1.00000e-01
 1.00000e-01
 1.00000e-01
 1.00000e-01
 1.00000e-01
 1.00000e-01
 1.00000e-01
 1.00000e-01
 1.00000e-01
 1.00000e-01
 1.00000e-01
 1.00000e-01
 1.00000e-01
 1.00000e-01
 1.00000e-01
 1.00000e-01
 1.00000e-01
 1.00000e-01
 1.00000e-01
 1.00000e-01
 1.00000e-01
 1.00000e-01
 1.00000e-01
 1.00000e-01
 1.00000e-01
 1.00000e-01
 1.00000e-01
 1.00000e-01
 1.00000e-01
 1.00000e-01
 1.00000e-01
 1.00000e-01
 1.00000e-01
 1.00000e-01
 1.00000e-01
 1.00000e-01
 1.00000e-01
 1.00000e-01
 1.00000e-01
 1.00000e-01
 1.00000e-01
 1.00000e-01
 1.00000e-01
 1.00000e-01
 1.00000e-01
 1.00000e-01
 1.00000e-01
 1.00000e-01
 1.00000e-01
 1.00000e-01
 1.00000e-01
 1.00000e-01
 1.00000e-01
 1.00000e-01
 1.00000e-01
 1.00000e-01
 1.00000e-01
 1.00000e-01
 1.00000e-01
 1.00000e-01
 1.00000e-01
 1.00000e-01
 1.00000e-01
 1.00000e-01
 1.00000e-01
 1.00000e-01
 1.00000e-01
 1.00000e-01
 1.00000e-01
 1.00000e-01
 1.00000e-01
 1.00000e-01
 1.00000e-01
 1.00000e-01
 1.00000e-01
 1.00000e-01
 1.00000e-01
 1.00000e-01
 1.00000e-01
 1.00000e-01
 1.00000e-01
 1.00000e-01
 1.00000e-01
 1.00000e-01
 1.00000e-01
 1.00000e-01
 1.00000e-01
 1.00000e-01
 1.00000e-01
 1.00000e-01
 1.00000e-01
 1.00000e-01
 1.00000e-01
 1.00000e-01
 1.00000e-01
 1.00000e-01
 1.00000e-01
 1.00000e-01
 1.00000e-01
 1.00000e-01
 1.00000e-01
 1.00000e-01
 1.00000e-01
 1.00000e-01
 1.00000e-01
 1.00000e-01
 1.00000e-01
 1.00000e-01
 1.00000e-01
 1.00000e-01
 1.00000e-01
 1.00000e-01
 1.00000e-01
 1.00000e-01
 1.00000e-01
 1.00000e-01
 1.00000e-01
 1.00000e-01
 1.00000e-01
 1.00000e-01
 1.00000e-01
 1.00000e-01
 1.00000e-01
 1.00000e-01
 1.00000e-01
 1.00000e-01
 1.00000e-01
 1.00000e-01
 1.00000e-01
 1.00000e-01
 1.00000e-01
 1.00000e-01
 1.00000e-01
 1.00000e-01
 1.00000e-01
 1.00000e-01
 1.00000e-01
 1.00000e-01
 1.00000e-01
 1.00000e-01
 1.00000e-01
 1.00000e-01
 1.00000e-01
 1.00000e-01
 1.00000e-01
 1.00000e-01
 1.00000e-01
 1.00000e-01
 1.00000e-01
 1.00000e-01
 1.00000e-01
 1.00000e-01
 1.00000e-01
 1.00000e-01
 1.00000e-01
 1.00000e-01
 1.00000e-01
 1.00000e-01
 1.00000e-01
 1.00000e-01
 1.00000e-01
 1.00000e-01
 1.00000e-01
 1.00000e-01
 1.00000e-01
 1.00000e-01
 1.00000e-01
 1.00000e-01
 1.00000e-01
 1.00000e-01
 1.00000e-01
 1.00000e-01
 1.00000e-01
 1.00000e-01
 1.00000e-01
 1.00000e-01
 1.00000e-01
 1.00000e-01
 1.00000e-01
 1.00000e-01
 1.00000e-01
 1.00000e-01
 1.00000e-01
 1.00000e-01
 1.00000e-01
 1.00000e-01
 1.00000e-01
 1.00000e-01
 1.00000e-01
 1.00000e-01
 1.00000e-01
 1.00000e-01
 1.00000e-01
 1.00000e-01
 1.00000e-01
 1.00000e-01
 1.00000e-01
 1.00000e-01
 1.00000e-01
 1.00000e-01
 1.00000e-01
 1.00000e-01
 1.00000e-01
 1.00000e-01
 1.00000e-01
 1.00000e-01
 1.00000e-01
 1.00000e-01
 1.00000e-01
 1.00000e-01
 1.00000e-01
 1.00000e-01
 1.00000e-01
 1.00000e-01
 1.00000e-01
 1.00000e-01
 1.00000e-01
 1.00000e-01
 1.00000e-01
 1.00000e-01
 1.00000e-01
 1.00000e-01
 1.00000e-01
 1.00000e-01
 1.00000e-01
 1.00000e-01
 1.00000e-01
 1.00000e-01
 1.00000e-01
 1.00000e-01
 1.00000e-01
 1.00000e-01
 1.00000e-01
 1.00000e-01
 1.00000e-01
 1.00000e-01
 1.00000e-01
 1.00000e-01
 1.00000e-01
 1.00000e-01
 1.00000e-01
 1.00000e-01
 1.00000e-01
 1.00000e-01
 1.00000e-01
 1.00000e-01
 1.00000e-01
 1.00000e-01
 1.00000e-01
 1.00000e-01
 1.00000e-01
 1.00000e-01
 1.00000e-01
 1.00000e-01
 1.00000e-01
 1.00000e-01
 1.00000e-01
 1.00000e-01
 1.00000e-01
 1.00000e-01
 1.00000e-01
 1.00000e-01
 1.00000e-01
 1.00000e-01
 1.00000e-01
 1.00000e-01
 1.00000e-01
 1.00000e-01
 1.00000e-01
 1.00000e-01
 1.00000e-01
 1.00000e-01
 1.00000e-01
 1.00000e-01
 1.00000e-01
 1.00000e-01
 1.00000e-01
 1.00000e-01
 1.00000e-01
 1.00000e-01
 1.00000e-01
 1.00000e-01
 1.00000e-01
 1.00000e-01
 1.00000e-01
 1.00000e-01
 1.00000e-01
 1.00000e-01
 1.00000e-01
 1.00000e-01
 1.00000e-01
 1.00000e-01
 1.00000e-01
 1.00000e-01
 1.00000e-01
 1.00000e-01
 1.00000e-01
 1.00000e-01
 1.00000e-01
 1.00000e-01
 1.00000e-01
 1.00000e-01
 1.00000e-01
 1.00000e-01
 1.00000e-01
 1.00000e-01
 1.00000e-01
 1.00000e-01
 1.00000e-01
 1.00000e-01
 1.00000e-01
 1.00000e-01
 1.00000e-01
 1.00000e-01
 1.00000e-01
 1.00000e-01
 1.00000e-01
 1.00000e-01
 1.00000e-01
 1.00000e-01
 1.00000e-01
 1.00000e-01
 1.00000e-01
 1.00000e-01
 1.00000e-01
 1.00000e-01
 1.00000e-01
 1.00000e-01
 1.00000e-01
 1.00000e-01
 1.00000e-01
 1.00000e-01
 1.00000e-01
 1.00000e-01
 1.00000e-01
 1.00000e-01
 1.00000e-01
 1.00000e-01
 1.00000e-01
 1.00000e-01
 1.00000e-01
 1.00000e-01
 1.00000e-01
 1.00000e-01
 1.00000e-01
 1.00000e-01
 1.00000e-01
 1.00000e-01
 1.00000e-01
 1.00000e-01
 1.00000e-01
 1.00000e-01
 1.00000e-01
 1.00000e-01
 1.00000e-01
 1.00000e-01
 1.00000e-01
 1.00000e-01
 1.00000e-01
 1.00000e-01
 1.00000e-01
 1.00000e-01
 1.00000e-01
 1.00000e-01
 1.00000e-01
 1.00000e-01
 1.00000e-01
 1.00000e-01
 1.00000e-01
 1.00000e-01
 1.00000e-01
 1.00000e-01
 1.00000e-01
 1.00000e-01
 1.00000e-01
 1.00000e-01
 1.00000e-01
 1.00000e-01
 1.00000e-01
 1.00000e-01
 1.00000e-01
 1.00000e-01
 1.00000e-01
 1.00000e-01
 1.00000e-01
 1.00000e-01
 1.00000e-01
 1.00000e-01
 1.00000e-01
 1.00000e-01
 1.00000e-01
 1.00000e-01
 1.00000e-01
 1.00000e-01
 1.00000e-01
 1.00000e-01
 1.00000e-01
 1.00000e-01
 1.00000e-01
 1.00000e-01
 1.00000e-01
 1.00000e-01
 1.00000e-01
 1.00000e-01
 1.00000e-01
 1.00000e-01
 1.00000e-01
 1.00000e-01
 1.00000e-01
 1.00000e-01
 1.00000e-01
 1.00000e-01
 1.00000e-01
 1.00000e-01
 1.00000e-01
 1.00000e-01
 1.00000e-01
 1.00000e-01
 1.00000e-01
 1.00000e-01
 1.00000e-01
 1.00000e-01
 1.00000e-01
 1.00000e-01
 1.00000e-01
 1.00000e-01
 1.00000e-01
 1.00000e-01
 1.00000e-01
 1.00000e-01
 1.00000e-01
 1.00000e-01
 1.00000e-01
 1.00000e-01
 1.00000e-01
 1.00000e-01
 1.00000e-01
 1.00000e-01
 1.00000e-01
 1.00000e-01
 1.00000e-01
 1.00000e-01
 1.00000e-01
 1.00000e-01
 1.00000e-01
 1.00000e-01
 1.00000e-01
 1.00000e-01
 1.00000e-01
 1.00000e-01
 1.00000e-01
 1.00000e-01
 1.00000e-01
 1.00000e-01
 1.00000e-01
 1.00000e-01
 1.00000e-01
 1.00000e-01
 1.00000e-01
 1.00000e-01
 1.00000e-01
 1.00000e-01
 1.00000e-01
 1.00000e-01
 1.00000e-01
 1.00000e-01
 1.00000e-01
 1.00000e-01
 1.00000e-01
 1.00000e-01
 1.00000e-01
 1.00000e-01
 1.00000e-01
 1.00000e-01
 1.00000e-01
 1.00000e-01
 1.00000e-01
 1.00000e-01
 1.00000e-01
 1.00000e-01
 1.00000e-01
 1.00000e-01
 1.00000e-01
 1.00000e-01
 1.00000e-01
 1.00000e-01
 1.00000e-01
 1.00000e-01
 1.00000e-01
 1.00000e-01
 1.00000e-01
 1.00000e-01
 1.00000e-01
 1.00000e-01
 1.00000e-01
 1.00000e-01
 1.00000e-01
 1.00000e-01
 1.00000e-01
 1.00000e-01
 1.00000e-01
 1.00000e-01
 1.00000e-01
 1.00000e-01
 1.00000e-01
 1.00000e-01
 1.00000e-01
 1.00000e-01
 1.00000e-01
 1.00000e-01
 1.00000e-01
 1.00000e-01
 1.00000e-01
 1.00000e-01
 1.00000e-01
 1.00000e-01
 1.00000e-01
 1.00000e-01
 1.00000e-01
 1.00000e-01
 1.00000e-01
 1.00000e-01
 1.00000e-01
 1.00000e-01
 1.00000e-01
 1.00000e-01
 1.00000e-01
 1.00000e-01
 1.00000e-01
 1.00000e-01
 1.00000e-01
 1.00000e-01
 1.00000e-01
 1.00000e-01
 1.00000e-01
 1.00000e-01
 1.00000e-01
 1.00000e-01
 1.00000e-01
 1.00000e-01
 1.00000e-01
 1.00000e-01
 1.00000e-01
 1.00000e-01
 1.00000e-01
 1.00000e-01
 1.00000e-01
 1.00000e-01
 1.00000e-01
 1.00000e-01
 1.00000e-01
 1.00000e-01
 1.00000e-01
 1.00000e-01
 1.00000e-01
 1.00000e-01
 1.00000e-01
 1.00000e-01
 1.00000e-01
 1.00000e-01
 1.00000e-01
 1.00000e-01
 1.00000e-01
 1.00000e-01
 1.00000e-01
 1.00000e-01
 1.00000e-01
 1.00000e-01
 1.00000e-01
 1.00000e-01
 1.00000e-01
 1.00000e-01
 1.00000e-01
 1.00000e-01
 1.00000e-01
 1.00000e-01
 1.00000e-01
 1.00000e-01
 1.00000e-01
 1.00000e-01
 1.00000e-01
 1.00000e-01
 1.00000e-01
 1.00000e-01
 1.00000e-01
 1.00000e-01
 1.00000e-01
 1.00000e-01
 1.00000e-01
 1.00000e-01
 1.00000e-01
 1.00000e-01
 1.00000e-01
 1.00000e-01
 1.00000e-01
 1.00000e-01
 1.00000e-01
 1.00000e-01
 1.00000e-01
 1.00000e-01
 1.00000e-01
 1.00000e-01
 1.00000e-01
 1.00000e-01
 1.00000e-01
 1.00000e-01
 1.00000e-01
 1.00000e-01
 1.00000e-01
 1.00000e-01
 1.00000e-01
 1.00000e-01
 1.00000e-01
 1.00000e-01
 1.00000e-01
 1.00000e-01
 1.00000e-01
 1.00000e-01
 1.00000e-01
 1.00000e-01
 1.00000e-01
 1.00000e-01
 1.00000e-01
 1.00000e-01
 1.00000e-01
 1.00000e-01
 1.00000e-01
 1.00000e-01
 1.00000e-01
 1.00000e-01
 1.00000e-01
 1.00000e-01
 1.00000e-01
 1.00000e-01
 1.00000e-01
 1.00000e-01
 1.00000e-01
 1.00000e-01
 1.00000e-01
 1.00000e-01
 1.00000e-01
 1.00000e-01
 1.00000e-01
 1.00000e-01
 1.00000e-01
 1.00000e-01
 1.00000e-01
 1.00000e-01
 1.00000e-01
 1.00000e-01
 1.00000e-01
 1.00000e-01
 1.00000e-01
 1.00000e-01
 1.00000e-01
 1.00000e-01
 1.00000e-01
 1.00000e-01
 1.00000e-01
 1.00000e-01
 1.00000e-01
 1.00000e-01
 1.00000e-01
 1.00000e-01
 1.00000e-01
 1.00000e-01
 1.00000e-01
 1.00000e-01
 1.00000e-01
 1.00000e-01
 1.00000e-01
 1.00000e-01
 1.00000e-01
 1.00000e-01
 1.00000e-01
 1.00000e-01
 1.00000e-01
 1.00000e-01
 1.00000e-01
 1.00000e-01
 1.00000e-01
 1.00000e-01
 1.00000e-01
 1.00000e-01
 1.00000e-01
 1.00000e-01
 1.00000e-01
 1.00000e-01
 1.00000e-01
 1.00000e-01
 1.00000e-01
 1.00000e-01
 1.00000e-01
 1.00000e-01
 1.00000e-01
 1.00000e-01
 1.00000e-01
 1.00000e-01
 1.00000e-01
 1.00000e-01
 1.00000e-01
 1.00000e-01
 1.00000e-01
 1.00000e-01
 1.00000e-01
 1.00000e-01
 1.00000e-01
 1.00000e-01
 1.00000e-01
 1.00000e-01
 1.00000e-01
 1.00000e-01
 1.00000e-01
 1.00000e-01
 1.00000e-01
 1.00000e-01
 1.00000e-01
 1.00000e-01
 1.00000e-01
 1.00000e-01
 1.00000e-01
 1.00000e-01
 1.00000e-01
 1.00000e-01
 1.00000e-01
 1.00000e-01
 1.00000e-01
 1.00000e-01
 1.00000e-01
 1.00000e-01
 1.00000e-01
 1.00000e-01
 1.00000e-01
 1.00000e-01
 1.00000e-01
 1.00000e-01
 1.00000e-01
 1.00000e-01
 1.00000e-01
 1.00000e-01
 1.00000e-01
 1.00000e-01
 1.00000e-01
 1.00000e-01
 1.00000e-01
 1.00000e-01
 1.00000e-01
 1.00000e-01
 1.00000e-01
 1.00000e-01
 1.00000e-01
 1.00000e-01
 1.00000e-01
 1.00000e-01
 1.00000e-01
 1.00000e-01
 1.00000e-01
 1.00000e-01
 1.00000e-01
 1.00000e-01
 1.00000e-01
 1.00000e-01
 1.00000e-01
 1.00000e-01
 1.00000e-01
 1.00000e-01
 1.00000e-01
 1.00000e-01
 1.00000e-01
 1.00000e-01
 1.00000e-01
 1.00000e-01
 1.00000e-01
 1.00000e-01
 1.00000e-01
 1.00000e-01
 1.00000e-01
 1.00000e-01
 1.00000e-01
 1.00000e-01
 1.00000e-01
 1.00000e-01
 1.00000e-01
 1.00000e-01
 1.00000e-01
 1.00000e-01
 1.00000e-01
 1.00000e-01
 1.00000e-01
 1.00000e-01
 1.00000e-01
 1.00000e-01
 1.00000e-01
 1.00000e-01
 1.00000e-01
 1.00000e-01
 1.00000e-01
 1.00000e-01
 1.00000e-01
 1.00000e-01
 1.00000e-01
 1.00000e-01
 1.00000e-01
 1.00000e-01
 1.00000e-01
 1.00000e-01
 1.00000e-01
 1.00000e-01
 1.00000e-01
 1.00000e-01
 1.00000e-01
 1.00000e-01
 1.00000e-01
 1.00000e-01
 1.00000e-01
 1.00000e-01
 1.00000e-01
 1.00000e-01
 1.00000e-01
 1.00000e-01
 1.00000e-01
 1.00000e-01
 1.00000e-01
 1.00000e-01
 1.00000e-01
 1.00000e-01
 1.00000e-01
 1.00000e-01
 1.00000e-01
 1.00000e-01
 1.00000e-01
 1.00000e-01
 1.00000e-01
 1.00000e-01
 1.00000e-01
 1.00000e-01
 1.00000e-01
 1.00000e-01
 1.00000e-01
 1.00000e-01
 1.00000e-01
 1.00000e-01
 1.00000e-01
 1.00000e-01
 1.00000e-01
 1.00000e-01
 1.00000e-01
 1.00000e-01
 1.00000e-01
 1.00000e-01
 1.00000e-01
 1.00000e-01
 1.00000e-01
 1.00000e-01
 1.00000e-01
 1.00000e-01
 1.00000e-01
 1.00000e-01
 1.00000e-01
 1.00000e-01
 1.00000e-01
 1.00000e-01
 1.00000e-01
 1.00000e-01
 1.00000e-01
 1.00000e-01
 1.00000e-01
 1.00000e-01
 1.00000e-01
 1.00000e-01
 1.00000e-01
 1.00000e-01
 1.00000e-01
 1.00000e-01
 1.00000e-01
 1.00000e-01
 1.00000e-01
 1.00000e-01
 1.00000e-01
 1.00000e-01
 1.00000e-01
 1.00000e-01
 1.00000e-01
 1.00000e-01
 1.00000e-01
 1.00000e-01
 1.00000e-01
 1.00000e-01
 1.00000e-01
 1.00000e-01
 1.00000e-01
 1.00000e-01
 1.00000e-01
 1.00000e-01
 1.00000e-01
 1.00000e-01
 1.00000e-01
 1.00000e-01
 1.00000e-01
 1.00000e-01
 1.00000e-01
 1.00000e-01
 1.00000e-01
 1.00000e-01
 1.00000e-01
 1.00000e-01
 1.00000e-01
 1.00000e-01
 1.00000e-01
 1.00000e-01
 1.00000e-01
 1.00000e-01
 1.00000e-01
 1.00000e-01
 1.00000e-01
 1.00000e-01
 1.00000e-01
 1.00000e-01
 1.00000e-01
 1.00000e-01
 1.00000e-01
 1.00000e-01
 1.00000e-01
 1.00000e-01
 1.00000e-01
 1.00000e-01
 1.00000e-01
 1.00000e-01
 1.00000e-01
 1.00000e-01
 1.00000e-01
 1.00000e-01
 1.00000e-01
 1.00000e-01
 1.00000e-01
 1.00000e-01
 1.00000e-01
 1.00000e-01
 1.00000e-01
 1.00000e-01
 1.00000e-01
 1.00000e-01
 1.00000e-01
 1.00000e-01
 1.00000e-01
 1.00000e-01
 1.00000e-01
 1.00000e-01
 1.00000e-01
 1.00000e-01
 1.00000e-01
 1.00000e-01
 1.00000e-01
 1.00000e-01
 1.00000e-01
 1.00000e-01
 1.00000e-01
 1.00000e-01
 1.00000e-01
 1.00000e-01
 1.00000e-01
 1.00000e-01
 1.00000e-01
 1.00000e-01
 1.00000e-01
 1.00000e-01
 1.00000e-01
 1.00000e-01
 1.00000e-01
 1.00000e-01
 1.00000e-01
 1.00000e-01
 1.00000e-01
 1.00000e-01
 1.00000e-01
 1.00000e-01
 1.00000e-01
 1.00000e-01
 1.00000e-01
 1.00000e-01
 1.00000e-01
 1.00000e-01
 1.00000e-01
 1.00000e-01
 1.00000e-01
 1.00000e-01
 1.00000e-01
 1.00000e-01
 1.00000e-01
 1.00000e-01
 1.00000e-01
 1.00000e-01
 1.00000e-01
 1.00000e-01
 1.00000e-01
 1.00000e-01
 1.00000e-01
 1.00000e-01
 1.00000e-01
 1.00000e-01
 1.00000e-01
 1.00000e-01
 1.00000e-01
 1.00000e-01
 1.00000e-01
 1.00000e-01
 1.00000e-01
 1.00000e-01
 1.00000e-01
 1.00000e-01
 1.00000e-01
 1.00000e-01
 1.00000e-01
 1.00000e-01
 1.00000e-01
 1.00000e-01
 1.00000e-01
 1.00000e-01
 1.00000e-01
 1.00000e-01
 1.00000e-01
 1.00000e-01
 1.00000e-01
 1.00000e-01
 1.00000e-01
 1.00000e-01
 1.00000e-01
 1.00000e-01
 1.00000e-01
 1.00000e-01
 1.00000e-01
 1.00000e-01
 1.00000e-01
 1.00000e-01
 1.00000e-01
 1.00000e-01
 1.00000e-01
 1.00000e-01
 1.00000e-01
 1.00000e-01
 1.00000e-01
 1.00000e-01
 1.00000e-01
 1.00000e-01
 1.00000e-01
 1.00000e-01
 1.00000e-01
 1.00000e-01
 1.00000e-01
 1.00000e-01
 1.00000e-01
 1.00000e-01
 1.00000e-01
 1.00000e-01
 1.00000e-01
 1.00000e-01
 1.00000e-01
 1.00000e-01
 1.00000e-01
 1.00000e-01
 1.00000e-01
 1.00000e-01
 1.00000e-01
 1.00000e-01
 1.00000e-01
 1.00000e-01
 1.00000e-01
 1.00000e-01
 1.00000e-01
 1.00000e-01
 1.00000e-01
 1.00000e-01
 1.00000e-01
 1.00000e-01
 1.00000e-01
 1.00000e-01
 1.00000e-01
 1.00000e-01
 1.00000e-01
 1.00000e-01
 1.00000e-01
 1.00000e-01
 1.00000e-01
 1.00000e-01
 1.00000e-01
 1.00000e-01
 1.00000e-01
 1.00000e-01
 1.00000e-01
 1.00000e-01
 1.00000e-01
 1.00000e-01
 1.00000e-01
 1.00000e-01
 1.00000e-01
 1.00000e-01
 1.00000e-01
 1.00000e-01
 1.00000e-01
 1.00000e-01
 1.00000e-01
 1.00000e-01
 1.00000e-01
 1.00000e-01
 1.00000e-01
 1.00000e-01
 1.00000e-01
 1.00000e-01
 1.00000e-01
 1.00000e-01
 1.00000e-01
 1.00000e-01
 1.00000e-01
 1.00000e-01
 1.00000e-01
 1.00000e-01
 1.00000e-01
 1.00000e-01
 1.00000e-01
 1.00000e-01
 1.00000e-01
 1.00000e-01
 1.00000e-01
 1.00000e-01
 1.00000e-01
 1.00000e-01
 1.00000e-01
 1.00000e-01
 1.00000e-01
 1.00000e-01
 1.00000e-01
 1.00000e-01
 1.00000e-01
 1.00000e-01
 1.00000e-01
 1.00000e-01
 1.00000e-01
 1.00000e-01
 1.00000e-01
 1.00000e-01
 1.00000e-01
 1.00000e-01
 1.00000e-01
 1.00000e-01
 1.00000e-01
 1.00000e-01
 1.00000e-01
 1.00000e-01
 1.00000e-01
 1.00000e-01
 1.00000e-01
 1.00000e-01
 1.00000e-01
 1.00000e-01
 1.00000e-01
 1.00000e-01
 1.00000e-01
 1.00000e-01
 1.00000e-01
 1.00000e-01
 1.00000e-01
 1.00000e-01
 1.00000e-01
 1.00000e-01
 1.00000e-01
 1.00000e-01
 1.00000e-01
 1.00000e-01
 1.00000e-01
 1.00000e-01
 1.00000e-01
 1.00000e-01
 1.00000e-01
 1.00000e-01
 1.00000e-01
 1.00000e-01
 1.00000e-01
 1.00000e-01
 1.00000e-01
 1.00000e-01
 1.00000e-01
 1.00000e-01
 1.00000e-01
 1.00000e-01
 1.00000e-01
 1.00000e-01
 1.00000e-01
 1.00000e-01
 1.00000e-01
 1.00000e-01
 1.00000e-01
 1.00000e-01
 1.00000e-01
 1.00000e-01
 1.00000e-01
 1.00000e-01
 1.00000e-01
 1.00000e-01
 1.00000e-01
 1.00000e-01
 1.00000e-01
 1.00000e-01
 1.00000e-01
 1.00000e-01
 1.00000e-01
 1.00000e-01
 1.00000e-01
 1.00000e-01
 1.00000e-01
 1.00000e-01
 1.00000e-01
 1.00000e-01
 1.00000e-01
 1.00000e-01
 1.00000e-01
 1.00000e-01
 1.00000e-01
 1.00000e-01
 1.00000e-01
 1.00000e-01
 1.00000e-01
 1.00000e-01
 1.00000e-01
 1.00000e-01
 1.00000e-01
 1.00000e-01
 1.00000e-01
 1.00000e-01
 1.00000e-01
 1.00000e-01
 1.00000e-01
 1.00000e-01
 1.00000e-01
 1.00000e-01
 1.00000e-01
 1.00000e-01
 1.00000e-01
 1.00000e-01
 1.00000e-01
 1.00000e-01
 1.00000e-01
 1.00000e-01
 1.00000e-01
 1.00000e-01
 1.00000e-01
 1.00000e-01
 1.00000e-01
 1.00000e-01
 1.00000e-01
 1.00000e-01
 1.00000e-01
 1.00000e-01
 1.00000e-01
 1.00000e-01
 1.00000e-01
 1.00000e-01
 1.00000e-01
 1.00000e-01
 1.00000e-01
 1.00000e-01
 1.00000e-01
 1.00000e-01
 1.00000e-01
 1.00000e-01
 1.00000e-01
 1.00000e-01
 1.00000e-01
 1.00000e-01
 1.00000e-01
 1.00000e-01
 1.00000e-01
 1.00000e-01
 1.00000e-01
 1.00000e-01
 1.00000e-01
 1.00000e-01
 1.00000e-01
 1.00000e-01
 1.00000e-01
 1.00000e-01
 1.00000e-01
 1.00000e-01
 1.00000e-01
 1.00000e-01
 1.00000e-01
 1.00000e-01
 1.00000e-01
 1.00000e-01
 1.00000e-01
 1.00000e-01
 1.00000e-01
 1.00000e-01
 1.00000e-01
 1.00000e-01
 1.00000e-01
 1.00000e-01
 1.00000e-01
 1.00000e-01
 1.00000e-01
 1.00000e-01
 1.00000e-01
 1.00000e-01
 1.00000e-01
 1.00000e-01
 1.00000e-01
 1.00000e-01
 1.00000e-01
 1.00000e-01
 1.00000e-01
 1.00000e-01
 1.00000e-01
 1.00000e-01
 1.00000e-01
 1.00000e-01
 1.00000e-01
 1.00000e-01
 1.00000e-01
 1.00000e-01
 1.00000e-01
 1.00000e-01
 1.00000e-01
 1.00000e-01
 1.00000e-01
 1.00000e-01
 1.00000e-01
 1.00000e-01
 1.00000e-01
 1.00000e-01
 1.00000e-01
 1.00000e-01
 1.00000e-01
 1.00000e-01
 1.00000e-01
 1.00000e-01
 1.00000e-01
 1.00000e-01
 1.00000e-01
 1.00000e-01
 1.00000e-01
 1.00000e-01
 1.00000e-01
 1.00000e-01
 1.00000e-01
 1.00000e-01
 1.00000e-01
 1.00000e-01
 1.00000e-01
 1.00000e-01
 1.00000e-01
 1.00000e-01
 1.00000e-01
 1.00000e-01
 1.00000e-01
 1.00000e-01
 1.00000e-01
 1.00000e-01
 1.00000e-01
 1.00000e-01
 1.00000e-01
 1.00000e-01
 1.00000e-01
 1.00000e-01
 1.00000e-01
 1.00000e-01
 1.00000e-01
 1.00000e-01
 1.00000e-01
 1.00000e-01
 1.00000e-01
 1.00000e-01
 1.00000e-01
 1.00000e-01
 1.00000e-01
 1.00000e-01
 1.00000e-01
 1.00000e-01
 1.00000e-01
 1.00000e-01
 1.00000e-01
 1.00000e-01
 1.00000e-01
 1.00000e-01
 1.00000e-01
 1.00000e-01
 1.00000e-01
 1.00000e-01
 1.00000e-01
 1.00000e-01
 1.00000e-01
 1.00000e-01
 1.00000e-01
 1.00000e-01
 1.00000e-01
 1.00000e-01
 1.00000e-01
 1.00000e-01
 1.00000e-01
 1.00000e-01
 1.00000e-01
 1.00000e-01
 1.00000e-01
 1.00000e-01
 1.00000e-01
 1.00000e-01
 1.00000e-01
 1.00000e-01
 1.00000e-01
 1.00000e-01
 1.00000e-01
 1.00000e-01
 1.00000e-01
 1.00000e-01
 1.00000e-01
 1.00000e-01
 1.00000e-01
 1.00000e-01
 1.00000e-01
 1.00000e-01
 1.00000e-01
 1.00000e-01
 1.00000e-01
 1.00000e-01
 1.00000e-01
 1.00000e-01
 1.00000e-01
 1.00000e-01
 1.00000e-01
 1.00000e-01
 1.00000e-01
 1.00000e-01
 1.00000e-01
 1.00000e-01
 1.00000e-01
 1.00000e-01
 1.00000e-01
 1.00000e-01
 1.00000e-01
 1.00000e-01
 1.00000e-01
 1.00000e-01
 1.00000e-01
 1.00000e-01
 1.00000e-01
 1.00000e-01
 1.00000e-01
 1.00000e-01
 1.00000e-01
 1.00000e-01
 1.00000e-01
 1.00000e-01
 1.00000e-01
 1.00000e-01
 1.00000e-01
 1.00000e-01
 1.00000e-01
 1.00000e-01
 1.00000e-01
 1.00000e-01
 1.00000e-01
 1.00000e-01
 1.00000e-01
 1.00000e-01
 1.00000e-01
 1.00000e-01
 1.00000e-01
 1.00000e-01
 1.00000e-01
 1.00000e-01
 1.00000e-01
 1.00000e-01
 1.00000e-01
 1.00000e-01
 1.00000e-01
 1.00000e-01
 1.00000e-01
 1.00000e-01
 1.00000e-01
 1.00000e-01
 1.00000e-01
 1.00000e-01
 1.00000e-01
 1.00000e-01
 1.00000e-01
 1.00000e-01
 1.00000e-01
 1.00000e-01
 1.00000e-01
 1.00000e-01
 1.00000e-01
 1.00000e-01
 1.00000e-01
 1.00000e-01
 1.00000e-01
 1.00000e-01
 1.00000e-01
 1.00000e-01
 1.00000e-01
 1.00000e-01
 1.00000e-01
 1.00000e-01
 1.00000e-01
 1.00000e-01
 1.00000e-01
 1.00000e-01
 1.00000e-01
 1.00000e-01
 1.00000e-01
 1.00000e-01
 1.00000e-01
 1.00000e-01
 1.00000e-01
 1.00000e-01
 1.00000e-01
 1.00000e-01
 1.00000e-01
 1.00000e-01
 1.00000e-01
 1.00000e-01
 1.00000e-01
 1.00000e-01
 1.00000e-01
 1.00000e-01
 1.00000e-01
 1.00000e-01
 1.00000e-01
 1.00000e-01
 1.00000e-01
 1.00000e-01
 1.00000e-01
 1.00000e-01
 1.00000e-01
 1.00000e-01
 1.00000e-01
 1.00000e-01
 1.00000e-01
 1.00000e-01
 1.00000e-01
 1.00000e-01
 1.00000e-01
 1.00000e-01
 1.00000e-01
 1.00000e-01
 1.00000e-01
 1.00000e-01
 1.00000e-01
 1.00000e-01
 1.00000e-01
 1.00000e-01
 1.00000e-01
 1.00000e-01
 1.00000e-01
 1.00000e-01
 1.00000e-01
 1.00000e-01
 1.00000e-01
 1.00000e-01
 1.00000e-01
 1.00000e-01
 1.00000e-01
 1.00000e-01
 1.00000e-01
 1.00000e-01
 1.00000e-01
 1.00000e-01
 1.00000e-01
 1.00000e-01
 1.00000e-01
 1.00000e-01
 1.00000e-01
 1.00000e-01
 1.00000e-01
 1.00000e-01
 1.00000e-01
 1.00000e-01
 1.00000e-01
 1.00000e-01
 1.00000e-01
 1.00000e-01
 1.00000e-01
 1.00000e-01
 1.00000e-01
 1.00000e-01
 1.00000e-01
 1.00000e-01
 1.00000e-01
 1.00000e-01
 1.00000e-01
 1.00000e-01
 1.00000e-01
 1.00000e-01
 1.00000e-01
 1.00000e-01
 1.00000e-01
 1.00000e-01
 1.00000e-01
 1.00000e-01
 1.00000e-01
 1.00000e-01
 1.00000e-01
 1.00000e-01
 1.00000e-01
 1.00000e-01
 1.00000e-01
 1.00000e-01
 1.00000e-01
 1.00000e-01
 1.00000e-01
 1.00000e-01
 1.00000e-01
 1.00000e-01
 1.00000e-01
 1.00000e-01
 1.00000e-01
 1.00000e-01
 1.00000e-01
 1.00000e-01
 1.00000e-01
 1.00000e-01
 1.00000e-01
 1.00000e-01
 1.00000e-01
 1.00000e-01
 1.00000e-01
 1.00000e-01
 1.00000e-01
 1.00000e-01
 1.00000e-01
 1.00000e-01
 1.00000e-01
 1.00000e-01
 1.00000e-01
 1.00000e-01
 1.00000e-01
 1.00000e-01
 1.00000e-01
 1.00000e-01
 1.00000e-01
 1.00000e-01
 1.00000e-01
 1.00000e-01
 1.00000e-01
 1.00000e-01
 1.00000e-01
 1.00000e-01
 1.00000e-01
 1.00000e-01
 1.00000e-01
 1.00000e-01
 1.00000e-01
 1.00000e-01
 1.00000e-01
 1.00000e-01
 1.00000e-01
 1.00000e-01
 1.00000e-01
 1.00000e-01
 1.00000e-01
 1.00000e-01
 1.00000e-01
 1.00000e-01
 1.00000e-01
 1.00000e-01
 1.00000e-01
 1.00000e-01
 1.00000e-01
 1.00000e-01
 1.00000e-01
 1.00000e-01
 1.00000e-01
 1.00000e-01
 1.00000e-01
 1.00000e-01
 1.00000e-01
 1.00000e-01
 1.00000e-01
 1.00000e-01
 1.00000e-01
 1.00000e-01
 1.00000e-01
 1.00000e-01
 1.00000e-01
 1.00000e-01
 1.00000e-01
 1.00000e-01
 1.00000e-01
 1.00000e-01
 1.00000e-01
 1.00000e-01
 1.00000e-01
 1.00000e-01
 1.00000e-01
 1.00000e-01
 1.00000e-01
 1.00000e-01
 1.00000e-01
 1.00000e-01
 1.00000e-01
 1.00000e-01
 1.00000e-01
 1.00000e-01
 1.00000e-01
 1.00000e-01
 1.00000e-01
 1.00000e-01
 1.00000e-01
 1.00000e-01
 1.00000e-01
 1.00000e-01
 1.00000e-01
 1.00000e-01
 1.00000e-01
 1.00000e-01
 1.00000e-01
 1.00000e-01
 1.00000e-01
 1.00000e-01
 1.00000e-01
 1.00000e-01
 1.00000e-01
 1.00000e-01
 1.00000e-01
 1.00000e-01
 1.00000e-01
 1.00000e-01
 1.00000e-01
 1.00000e-01
 1.00000e-01
 1.00000e-01
 1.00000e-01
 1.00000e-01
 1.00000e-01
 1.00000e-01
 1.00000e-01
 1.00000e-01
 1.00000e-01
 1.00000e-01
 1.00000e-01
 1.00000e-01
 1.00000e-01
 1.00000e-01
 1.00000e-01
 1.00000e-01
 1.00000e-01
 1.00000e-01
 1.00000e-01
 1.00000e-01
 1.00000e-01
 1.00000e-01
 1.00000e-01
 1.00000e-01
 1.00000e-01
 1.00000e-01
 1.00000e-01
 1.00000e-01
 1.00000e-01
 1.00000e-01
 1.00000e-01
 1.00000e-01
 1.00000e-01
 1.00000e-01
 1.00000e-01
 1.00000e-01
 1.00000e-01
 1.00000e-01
 1.00000e-01
 1.00000e-01
 1.00000e-01
 1.00000e-01
 1.00000e-01
 1.00000e-01
 1.00000e-01
 1.00000e-01
 1.00000e-01
 1.00000e-01
 1.00000e-01
 1.00000e-01
 1.00000e-01
 1.00000e-01
 1.00000e-01
 1.00000e-01
 1.00000e-01
 1.00000e-01
 1.00000e-01
 1.00000e-01
 1.00000e-01
 1.00000e-01
 1.00000e-01
 1.00000e-01
 1.00000e-01
 1.00000e-01
 1.00000e-01
 1.00000e-01
 1.00000e-01
 1.00000e-01
 1.00000e-01
 1.00000e-01
 1.00000e-01
 1.00000e-01
 1.00000e-01
 1.00000e-01
 1.00000e-01
 1.00000e-01
 1.00000e-01
 1.00000e-01
 1.00000e-01
 1.00000e-01
 1.00000e-01
 1.00000e-01
 1.00000e-01
 1.00000e-01
 1.00000e-01
 1.00000e-01
 1.00000e-01
 1.00000e-01
 1.00000e-01
 1.00000e-01
 1.00000e-01
 1.00000e-01
 1.00000e-01
 1.00000e-01
 1.00000e-01
 1.00000e-01
 1.00000e-01
 1.00000e-01
 1.00000e-01
 1.00000e-01
 1.00000e-01
 1.00000e-01
 1.00000e-01
 1.00000e-01
 1.00000e-01
 1.00000e-01
 1.00000e-01
 1.00000e-01
 1.00000e-01
 1.00000e-01
 1.00000e-01
 1.00000e-01
 1.00000e-01
 1.00000e-01
 1.00000e-01
 1.00000e-01
 1.00000e-01
 1.00000e-01
 1.00000e-01
 1.00000e-01
 1.00000e-01
 1.00000e-01
 1.00000e-01
 1.00000e-01
 1.00000e-01
 1.00000e-01
 1.00000e-01
 1.00000e-01
 1.00000e-01
 1.00000e-01
 1.00000e-01
 1.00000e-01
 1.00000e-01
 1.00000e-01
 1.00000e-01
 1.00000e-01
 1.00000e-01
 1.00000e-01
 1.00000e-01
 1.00000e-01
 1.00000e-01
 1.00000e-01
 1.00000e-01
 1.00000e-01
 1.00000e-01
 1.00000e-01
 1.00000e-01
 1.00000e-01
 1.00000e-01
 1.00000e-01
 1.00000e-01
part
         3
hexa8
 3.19841e-01
 2.95012e-01
 2.69632e-01
 2.74947e-01
 2.56973e-01
 2.62589e-01
 2.59047e-01
 2.58035e-01
 2.54328e-01
 2.49078e-01
 2.31593e-01
 2.01693e-01
 1.66973e-01
 1.36840e-01
 1.16982e-01
 2.81183e-01
 2.58546e-01
 2.37591e-01
 2.48074e-01
 2.39351e-01
 2.51124e-01
 2.55707e-01
 2.49329e-01
 2.37123e-01
 2.18137e-01
 1.89908e-01
 1.58313e-01
 1.31995e-01
 1.15105e-01
 1.06297e-01
 2.64545e-01
 2.48543e-01
 2.33435e-01
 2.41583e-01
 2.36418e-01
 2.40468e-01
 2.35176e-01
 2.17365e-01
 1.95068e-01
 1.69922e-01
 1.44905e-01
 1.24702e-01
 1.11877e-01
 1.05064e-01
 1.01957e-01
 2.46518e-01
 2.36840e-01
 2.24895e-01
 2.22115e-01
 2.13784e-01
 2.05806e-01
 1.90359e-01
 1.69065e-01
 1.47812e-01
 1.29723e-01
 1.16356e-01
 1.08066e-01
 1.03558e-01
 1.01435e-01
 1.00513e-01
 2.05085e-01
 1.98750e-01
 1.88810e-01
 1.79735e-01
 1.68746e-01
 1.56568e-01
 1.42464e-01
 1.28293e-01
 1.16916e-01
 1.09208e-01
 1.04638e-01
 1.02117e-01
 1.00891e-01
 1.00330e-01
 1.00119e-01
 1.52437e-01
 1.48663e-01
 1.42352e-01
 1.35228e-01
 1.27387e-01
 1.19903e-01
 1.13263e-01
 1.07991e-01
 1.04363e-01
 1.02232e-01
 1.01041e-01
 1.00458e-01
 1.00180e-01
 1.00070e-01
 1.00024e-01
 1.16037e-01
 1.14641e-01
 1.12289e-01
 1.09590e-01
 1.06877e-01
 1.04627e-01
 1.02895e-01
 1.01664e-01
 1.00875e-01
 1.00424e-01
 1.00193e-01
 1.00081e-01
 1.00034e-01
 1.00013e-01
 1.00005e-01
 1.02890e-01
 1.02625e-01
 1.02182e-01
 1.01669e-01
 1.01181e-01
 1.00778e-01
 1.00470e-01
 1.00265e-01
 1.00135e-01
 1.00067e-01
 1.00030e-01
 1.00013e-01
 1.00005e-01
 1.00002e-01
 1.00001e-01
 1.00357e-01
 1.00325e-01
 1.00271e-01
 1.00206e-01
 1.00147e-01
 1.00095e-01
 1.00059e-01
 1.00034e-01
 1.00018e-01
 1.00009e-01
 1.00004e-01
 1.00002e-01
 1.00001e-01
 1.00000e-01
 1.00000e-01
 1.00032e-01
 1.00030e-01
 1.00025e-01
 1.00020e-01
 1.00015e-01
 1.00010e-01
 1.00006e-01
 1.00004e-01
 1.00002e-01
 1.00001e-01
 1.00001e-01
 1.00000e-01
 1.00000e-01
 1.00000e-01
 1.00000e-01
 1.00003e-01
 1.00002e-01
 1.00002e-01
 1.00002e-01
 1.00001e-01
 1.00001e-01
 1.00001e-01
 1.00000e-01
 1.00000e-01
 1.00000e-01
 1.00000e-01
 1.00000e-01
 1.00000e-01
 1.00000e-01
 1.00000e-01
 1.00000e-01
 1.00000e-01
 1.00000e-01
 1.00000e-01
 1.00000e-01
 1.00000e-01
 1.00000e-01
 1.00000e-01
 1.00000e-01
 1.00000e-01
 1.00000e-01
 1.00000e-01
 1.00000e-01
 1.00000e-01
 1.00000e-01
 1.00000e-01
 1.00000e-01
 1.00000e-01
 1.00000e-01
 1.00000e-01
 1.00000e-01
 1.00000e-01
 1.00000e-01
 1.00000e-01
 1.00000e-01
 1.00000e-01
 1.00000e-01
 1.00000e-01
 1.00000e-01
 1.00000e-01
 1.00000e-01
 1.00000e-01
 1.00000e-01
 1.00000e-01
 1.00000e-01
 1.00000e-01
 1.00000e-01
 1.00000e-01
 1.00000e-01
 1.00000e-01
 1.00000e-01
 1.00000e-01
 1.00000e-01
 1.00000e-01
 1.00000e-01
 1.00000e-01
 1.00000e-01
 1.00000e-01
 1.00000e-01
 1.00000e-01
 1.00000e-01
 1.00000e-01
 1.00000e-01
 1.00000e-01
 1.00000e-01
 1.00000e-01
 1.00000e-01
 1.00000e-01
 1.00000e-01
 1.00000e-01
 2.94980e-01
 2.80404e-01
 2.77629e-01
 2.76799e-01
 2.62867e-01
 2.63754e-01
 2.52176e-01
 2.52530e-01
 2.51090e-01
 2.48027e-01
 2.31098e-01
 2.00541e-01
 1.65237e-01
 1.35399e-01
 1.16127e-01
 2.58545e-01
 2.46226e-01
 2.47474e-01
 2.51020e-01
 2.48603e-01
 2.56100e-01
 2.51092e-01
 2.45919e-01
 2.34694e-01
 2.15794e-01
 1.87150e-01
 1.56037e-01
 1.30486e-01
 1.14301e-01
 1.05914e-01
 2.48566e-01
 2.38740e-01
 2.41517e-01
 2.43425e-01
 2.42845e-01
 2.43139e-01
 2.31880e-01
 2.15062e-01
 1.92714e-01
 1.67350e-01
 1.42643e-01
 1.23322e-01
 1.11182e-01
 1.04755e-01
 1.01826e-01
 2.36849e-01
 2.29027e-01
 2.26486e-01
 2.20884e-01
 2.14659e-01
 2.04492e-01
 1.87064e-01
 1.66402e-01
 1.45606e-01
 1.28083e-01
 1.15343e-01
 1.07553e-01
 1.03333e-01
 1.01336e-01
 1.00476e-01
 1.98743e-01
 1.92953e-01
 1.86245e-01
 1.77144e-01
 1.66868e-01
 1.54301e-01
 1.39997e-01
 1.26472e-01
 1.15802e-01
 1.08594e-01
 1.04322e-01
 1.01975e-01
 1.00827e-01
 1.00306e-01
 1.00111e-01
 1.48656e-01
 1.45283e-01
 1.39900e-01
 1.33250e-01
 1.25859e-01
 1.18684e-01
 1.12269e-01
 1.07370e-01
 1.04055e-01
 1.02081e-01
 1.00970e-01
 1.00423e-01
 1.00167e-01
 1.00065e-01
 1.00022e-01
 1.14639e-01
 1.13398e-01
 1.11321e-01
 1.08860e-01
 1.06382e-01
 1.04287e-01
 1.02664e-01
 1.01533e-01
 1.00812e-01
 1.00394e-01
 1.00179e-01
 1.00076e-01
 1.00031e-01
 1.00012e-01
 1.00004e-01
 1.02625e-01
 1.02394e-01
 1.01998e-01
 1.01537e-01
 1.01093e-01
 1.00717e-01
 1.00432e-01
 1.00244e-01
 1.00125e-01
 1.00062e-01
 1.00028e-01
 1.00012e-01
 1.00005e-01
 1.00002e-01
 1.00001e-01
 1.00325e-01
 1.00298e-01
 1.00248e-01
 1.00190e-01
 1.00135e-01
 1.00088e-01
 1.00055e-01
 1.00031e-01
 1.00017e-01
 1.00008e-01
 1.00004e-01
 1.00002e-01
 1.00001e-01
 1.00000e-01
 1.00000e-01
 1.00030e-01
 1.00028e-01
 1.00024e-01
 1.00019e-01
 1.00014e-01
 1.00009e-01
 1.00006e-01
 1.00004e-01
 1.00002e-01
 1.00001e-01
 1.00000e-01
 1.00000e-01
 1.00000e-01
 1.00000e-01
 1.00000e-01
 1.00002e-01
 1.00002e-01
 1.00002e-01
 1.00002e-01
 1.00001e-01
 1.00001e-01
 1.00001e-01
 1.00000e-01
 1.00000e-01
 1.00000e-01
 1.00000e-01
 1.00000e-01
 1.00000e-01
 1.00000e-01
 1.00000e-01
 1.00000e-01
 1.00000e-01
 1.00000e-01
 1.00000e-01
 1.00000e-01
 1.00000e-01
 1.00000e-01
 1.00000e-01
 1.00000e-01
 1.00000e-01
 1.00000e-01
 1.00000e-01
 1.00000e-01
 1.00000e-01
 1.00000e-01
 1.00000e-01
 1.00000e-01
 1.00000e-01
 1.00000e-01
 1.00000e-01
 1.00000e-01
 1.00000e-01
 1.00000e-01
 1.00000e-01
 1.00000e-01
 1.00000e-01
 1.00000e-01
 1.00000e-01
 1.00000e-01
 1.00000e-01
 1.00000e-01
 1.00000e-01
 1.00000e-01
 1.00000e-01
 1.00000e-01
 1.00000e-01
 1.00000e-01
 1.00000e-01
 1.00000e-01
 1.00000e-01
 1.00000e-01
 1.00000e-01
 1.00000e-01
 1.00000e-01
 1.00000e-01
 1.00000e-01
 1.00000e-01
 1.00000e-01
 1.00000e-01
 1.00000e-01
 1.00000e-01
 1.00000e-01
 1.00000e-01
 1.00000e-01
 1.00000e-01
 1.00000e-01
 1.00000e-01
 1.00000e-01
 1.00000e-01
 1.00000e-01
 2.69714e-01
 2.77718e-01
 2.70116e-01
 2.72706e-01
 2.62611e-01
 2.60766e-01
 2.49005e-01
 2.52147e-01
 2.51646e-01
 2.43477e-01
 2.25288e-01
 1.94875e-01
 1.60342e-01
 1.31838e-01
 1.14263e-01
 2.37688e-01
 2.47559e-01
 2.41821e-01
 2.53804e-01
 2.50941e-01
 2.55310e-01
 2.49000e-01
 2.44411e-01
 2.32041e-01
 2.09424e-01
 1.80543e-01
 1.50661e-01
 1.27142e-01
 1.12593e-01
 1.05177e-01
 2.33506e-01
 2.41571e-01
 2.38187e-01
 2.46357e-01
 2.43066e-01
 2.39979e-01
 2.27449e-01
 2.10169e-01
 1.87432e-01
 1.61552e-01
 1.38080e-01
 1.20467e-01
 1.09753e-01
 1.04152e-01
 1.01599e-01
 2.24925e-01
 2.26518e-01
 2.21577e-01
 2.19635e-01
 2.11044e-01
 1.99053e-01
 1.81125e-01
 1.60972e-01
 1.41355e-01
 1.24924e-01
 1.13437e-01
 1.06549e-01
 1.02892e-01
 1.01162e-01
 1.00411e-01
 1.88815e-01
 1.86258e-01
 1.80000e-01
 1.72420e-01
 1.61820e-01
 1.49498e-01
 1.35735e-01
 1.23381e-01
 1.13882e-01
 1.07503e-01
 1.03761e-01
 1.01708e-01
 1.00713e-01
 1.00266e-01
 1.00097e-01
 1.42346e-01
 1.39900e-01
 1.35329e-01
 1.29378e-01
 1.22707e-01
 1.16345e-01
 1.10633e-01
 1.06362e-01
 1.03502e-01
 1.01794e-01
 1.00841e-01
 1.00365e-01
 1.00146e-01
 1.00056e-01
 1.00019e-01
 1.12287e-01
 1.11321e-01
 1.09608e-01
 1.07500e-01
 1.05422e-01
 1.03664e-01
 1.02289e-01
 1.01313e-01
 1.00694e-01
 1.00337e-01
 1.00153e-01
 1.00066e-01
 1.00027e-01
 1.00010e-01
 1.00004e-01
 1.02181e-01
 1.01997e-01
 1.01672e-01
 1.01291e-01
 1.00921e-01
 1.00608e-01
 1.00369e-01
 1.00208e-01
 1.00107e-01
 1.00054e-01
 1.00024e-01
 1.00011e-01
 1.00004e-01
 1.00002e-01
 1.00001e-01
 1.00271e-01
 1.00248e-01
 1.00206e-01
 1.00160e-01
 1.00114e-01
 1.00076e-01
 1.00047e-01
 1.00027e-01
 1.00015e-01
 1.00007e-01
 1.00004e-01
 1.00002e-01
 1.00001e-01
 1.00000e-01
 1.00000e-01
 1.00025e-01
 1.00024e-01
 1.00020e-01
 1.00016e-01
 1.00012e-01
 1.00008e-01
 1.00005e-01
 1.00003e-01
 1.00002e-01
 1.00001e-01
 1.00000e-01
 1.00000e-01
 1.00000e-01
 1.00000e-01
 1.00000e-01
 1.00002e-01
 1.00002e-01
 1.00002e-01
 1.00001e-01
 1.00001e-01
 1.00001e-01
 1.00000e-01
 1.00000e-01
 1.00000e-01
 1.00000e-01
 1.00000e-01
 1.00000e-01
 1.00000e-01
 1.00000e-01
 1.00000e-01
 1.00000e-01
 1.00000e-01
 1.00000e-01
 1.00000e-01
 1.00000e-01
 1.00000e-01
 1.00000e-01
 1.00000e-01
 1.00000e-01
 1.00000e-01
 1.00000e-01
 1.00000e-01
 1.00000e-01
 1.00000e-01
 1.00000e-01
 1.00000e-01
 1.00000e-01
 1.00000e-01
 1.00000e-01
 1.00000e-01
 1.00000e-01
 1.00000e-01
 1.00000e-01
 1.00000e-01
 1.00000e-01
 1.00000e-01
 1.00000e-01
 1.00000e-01
 1.00000e-01
 1.00000e-01
 1.00000e-01
 1.00000e-01
 1.00000e-01
 1.00000e-01
 1.00000e-01
 1.00000e-01
 1.00000e-01
 1.00000e-01
 1.00000e-01
 1.00000e-01
 1.00000e-01
 1.00000e-01
 1.00000e-01
 1.00000e-01
 1.00000e-01
 1.00000e-01
 1.00000e-01
 1.00000e-01
 1.00000e-01
 1.00000e-01
 1.00000e-01
 1.00000e-01
 1.00000e-01
 1.00000e-01
 1.00000e-01
 1.00000e-01
 1.00000e-01
 1.00000e-01
 1.00000e-01
 1.00000e-01
 2.75151e-01
 2.76752e-01
 2.72609e-01
 2.65701e-01
 2.58801e-01
 2.57576e-01
 2.47208e-01
 2.50764e-01
 2.48403e-01
 2.38150e-01
 2.16651e-01
 1.85881e-01
 1.52773e-01
 1.27071e-01
 1.11901e-01
 2.48294e-01
 2.51017e-01
 2.53751e-01
 2.50883e-01
 2.52291e-01
 2.54712e-01
 2.45497e-01
 2.39198e-01
 2.23358e-01
 1.99726e-01
 1.70854e-01
 1.43475e-01
 1.22754e-01
 1.10439e-01
 1.04218e-01
 2.41739e-01
 2.43436e-01
 2.46346e-01
 2.43198e-01
 2.41836e-01
 2.34888e-01
 2.18647e-01
 2.00651e-01
 1.77551e-01
 1.53319e-01
 1.32041e-01
 1.16954e-01
 1.08017e-01
 1.03396e-01
 1.01295e-01
 2.22207e-01
 2.20900e-01
 2.19636e-01
 2.13380e-01
 2.04934e-01
 1.90215e-01
 1.71517e-01
 1.52734e-01
 1.35003e-01
 1.20759e-01
 1.11048e-01
 1.05336e-01
 1.02345e-01
 1.00938e-01
 1.00330e-01
 1.79761e-01
 1.77156e-01
 1.72423e-01
 1.64589e-01
 1.54659e-01
 1.42383e-01
 1.29871e-01
 1.19277e-01
 1.11348e-01
 1.06115e-01
 1.03039e-01
 1.01374e-01
 1.00571e-01
 1.00214e-01
 1.00078e-01
 1.35229e-01
 1.33252e-01
 1.29379e-01
 1.24265e-01
 1.18736e-01
 1.13287e-01
 1.08555e-01
 1.05103e-01
 1.02818e-01
 1.01436e-01
 1.00673e-01
 1.00291e-01
 1.00118e-01
 1.00045e-01
 1.00016e-01
 1.09590e-01
 1.08860e-01
 1.07500e-01
 1.05878e-01
 1.04301e-01
 1.02906e-01
 1.01805e-01
 1.01035e-01
 1.00550e-01
 1.00268e-01
 1.00123e-01
 1.00054e-01
 1.00022e-01
 1.00008e-01
 1.00003e-01
 1.01670e-01
 1.01537e-01
 1.01291e-01
 1.01006e-01
 1.00722e-01
 1.00476e-01
 1.00289e-01
 1.00163e-01
 1.00086e-01
 1.00043e-01
 1.00020e-01
 1.00009e-01
 1.00004e-01
 1.00001e-01
 1.00001e-01
 1.00206e-01
 1.00190e-01
 1.00160e-01
 1.00125e-01
 1.00090e-01
 1.00060e-01
 1.00037e-01
 1.00022e-01
 1.00012e-01
 1.00006e-01
 1.00003e-01
 1.00001e-01
 1.00001e-01
 1.00000e-01
 1.00000e-01
 1.00020e-01
 1.00019e-01
 1.00016e-01
 1.00013e-01
 1.00009e-01
 1.00006e-01
 1.00004e-01
 1.00003e-01
 1.00001e-01
 1.00001e-01
 1.00000e-01
 1.00000e-01
 1.00000e-01
 1.00000e-01
 1.00000e-01
 1.00002e-01
 1.00002e-01
 1.00001e-01
 1.00001e-01
 1.00001e-01
 1.00001e-01
 1.00000e-01
 1.00000e-01
 1.00000e-01
 1.00000e-01
 1.00000e-01
 1.00000e-01
 1.00000e-01
 1.00000e-01
 1.00000e-01
 1.00000e-01
 1.00000e-01
 1.00000e-01
 1.00000e-01
 1.00000e-01
 1.00000e-01
 1.00000e-01
 1.00000e-01
 1.00000e-01
 1.00000e-01
 1.00000e-01
 1.00000e-01
 1.00000e-01
 1.00000e-01
 1.00000e-01
 1.00000e-01
 1.00000e-01
 1.00000e-01
 1.00000e-01
 1.00000e-01
 1.00000e-01
 1.00000e-01
 1.00000e-01
 1.00000e-01
 1.00000e-01
 1.00000e-01
 1.00000e-01
 1.00000e-01
 1.00000e-01
 1.00000e-01
 1.00000e-01
 1.00000e-01
 1.00000e-01
 1.00000e-01
 1.00000e-01
 1.00000e-01
 1.00000e-01
 1.00000e-01
 1.00000e-01
 1.00000e-01
 1.00000e-01
 1.00000e-01
 1.00000e-01
 1.00000e-01
 1.00000e-01
 1.00000e-01
 1.00000e-01
 1.00000e-01
 1.00000e-01
 1.00000e-01
 1.00000e-01
 1.00000e-01
 1.00000e-01
 1.00000e-01
 1.00000e-01
 1.00000e-01
 1.00000e-01
 1.00000e-01
 1.00000e-01
 1.00000e-01
 2.56943e-01
 2.62682e-01
 2.62622e-01
 2.58892e-01
 2.50371e-01
 2.50245e-01
 2.44439e-01
 2.45099e-01
 2.42820e-01
 2.28560e-01
 2.04483e-01
 1.73060e-01
 1.43243e-01
 1.21445e-01
 1.09287e-01
 2.39350e-01
 2.48470e-01
 2.50930e-01
 2.52352e-01
 2.50854e-01
 2.47891e-01
 2.39963e-01
 2.29275e-01
 2.12205e-01
 1.86764e-01
 1.59284e-01
 1.34909e-01
 1.17875e-01
 1.08073e-01
 1.03221e-01
 2.36421e-01
 2.42774e-01
 2.43054e-01
 2.41877e-01
 2.36012e-01
 2.23217e-01
 2.07428e-01
 1.87679e-01
 1.65626e-01
 1.43349e-01
 1.25346e-01
 1.13110e-01
 1.06149e-01
 1.02571e-01
 1.00980e-01
 2.13779e-01
 2.14635e-01
 2.11042e-01
 2.04958e-01
 1.93286e-01
 1.77034e-01
 1.59831e-01
 1.42648e-01
 1.27637e-01
 1.16033e-01
 1.08458e-01
 1.04055e-01
 1.01765e-01
 1.00701e-01
 1.00247e-01
 1.68739e-01
 1.66863e-01
 1.61821e-01
 1.54665e-01
 1.44708e-01
 1.33563e-01
 1.23144e-01
 1.14687e-01
 1.08587e-01
 1.04622e-01
 1.02285e-01
 1.01029e-01
 1.00424e-01
 1.00162e-01
 1.00059e-01
 1.27379e-01
 1.25855e-01
 1.22707e-01
 1.18737e-01
 1.14247e-01
 1.09910e-01
 1.06341e-01
 1.03778e-01
 1.02095e-01
 1.01065e-01
 1.00501e-01
 1.00217e-01
 1.00089e-01
 1.00034e-01
 1.00012e-01
 1.06875e-01
 1.06381e-01
 1.05422e-01
 1.04301e-01
 1.03153e-01
 1.02120e-01
 1.01316e-01
 1.00755e-01
 1.00402e-01
 1.00198e-01
 1.00092e-01
 1.00040e-01
 1.00017e-01
 1.00006e-01
 1.00002e-01
 1.01181e-01
 1.01093e-01
 1.00921e-01
 1.00722e-01
 1.00518e-01
 1.00342e-01
 1.00209e-01
 1.00119e-01
 1.00063e-01
 1.00032e-01
 1.00015e-01
 1.00007e-01
 1.00003e-01
 1.00001e-01
 1.00000e-01
 1.00147e-01
 1.00135e-01
 1.00114e-01
 1.00090e-01
 1.00065e-01
 1.00044e-01
 1.00027e-01
 1.00016e-01
 1.00009e-01
 1.00004e-01
 1.00002e-01
 1.00001e-01
 1.00000e-01
 1.00000e-01
 1.00000e-01
 1.00015e-01
 1.00014e-01
 1.00012e-01
 1.00009e-01
 1.00007e-01
 1.00005e-01
 1.00003e-01
 1.00002e-01
 1.00001e-01
 1.00001e-01
 1.00000e-01
 1.00000e-01
 1.00000e-01
 1.00000e-01
 1.00000e-01
 1.00001e-01
 1.00001e-01
 1.00001e-01
 1.00001e-01
 1.00001e-01
 1.00000e-01
 1.00000e-01
 1.00000e-01
 1.00000e-01
 1.00000e-01
 1.00000e-01
 1.00000e-01
 1.00000e-01
 1.00000e-01
 1.00000e-01
 1.00000e-01
 1.00000e-01
 1.00000e-01
 1.00000e-01
 1.00000e-01
 1.00000e-01
 1.00000e-01
 1.00000e-01
 1.00000e-01
 1.00000e-01
 1.00000e-01
 1.00000e-01
 1.00000e-01
 1.00000e-01
 1.00000e-01
 1.00000e-01
 1.00000e-01
 1.00000e-01
 1.00000e-01
 1.00000e-01
 1.00000e-01
 1.00000e-01
 1.00000e-01
 1.00000e-01
 1.00000e-01
 1.00000e-01
 1.00000e-01
 1.00000e-01
 1.00000e-01
 1.00000e-01
 1.00000e-01
 1.00000e-01
 1.00000e-01
 1.00000e-01
 1.00000e-01
 1.00000e-01
 1.00000e-01
 1.00000e-01
 1.00000e-01
 1.00000e-01
 1.00000e-01
 1.00000e-01
 1.00000e-01
 1.00000e-01
 1.00000e-01
 1.00000e-01
 1.00000e-01
 1.00000e-01
 1.00000e-01
 1.00000e-01
 1.00000e-01
 1.00000e-01
 1.00000e-01
 1.00000e-01
 1.00000e-01
 1.00000e-01
 1.00000e-01
 1.00000e-01
 1.00000e-01
 1.00000e-01
 2.62421e-01
 2.63755e-01
 2.60911e-01
 2.57607e-01
 2.50072e-01
 2.46995e-01
 2.49163e-01
 2.47772e-01
 2.37819e-01
 2.17868e-01
 1.89021e-01
 1.58514e-01
 1.32689e-01
 1.15741e-01
 1.06668e-01
 2.51038e-01
 2.56080e-01
 2.55395e-01
 2.54749e-01
 2.47786e-01
 2.41593e-01
 2.34549e-01
 2.21271e-01
 1.99209e-01
 1.72797e-01
 1.46552e-01
 1.26256e-01
 1.12996e-01
 1.05799e-01
 1.02266e-01
 2.40455e-01
 2.43132e-01
 2.40047e-01
 2.34935e-01
 2.23201e-01
 2.10116e-01
 1.93891e-01
 1.74320e-01
 1.52654e-01
 1.33334e-01
 1.18709e-01
 1.09510e-01
 1.04391e-01
 1.01812e-01
 1.00680e-01
 2.05809e-01
 2.04495e-01
 1.99092e-01
 1.90245e-01
 1.77041e-01
 1.62494e-01
 1.47118e-01
 1.32653e-01
 1.20443e-01
 1.11659e-01
 1.06051e-01
 1.02875e-01
 1.01234e-01
 1.00487e-01
 1.00174e-01
 1.56569e-01
 1.54305e-01
 1.49513e-01
 1.42393e-01
 1.33567e-01
 1.24615e-01
 1.16697e-01
 1.10478e-01
 1.06077e-01
 1.03261e-01
 1.01594e-01
 1.00715e-01
 1.00295e-01
 1.00114e-01
 1.00042e-01
 1.19903e-01
 1.18684e-01
 1.16348e-01
 1.13289e-01
 1.09911e-01
 1.06835e-01
 1.04390e-01
 1.02614e-01
 1.01444e-01
 1.00733e-01
 1.00346e-01
 1.00151e-01
 1.00062e-01
 1.00024e-01
 1.00009e-01
 1.04627e-01
 1.04287e-01
 1.03665e-01
 1.02907e-01
 1.02120e-01
 1.01426e-01
 1.00888e-01
 1.00510e-01
 1.00273e-01
 1.00136e-01
 1.00064e-01
 1.00028e-01
 1.00012e-01
 1.00005e-01
 1.00002e-01
 1.00778e-01
 1.00717e-01
 1.00608e-01
 1.00476e-01
 1.00342e-01
 1.00227e-01
 1.00140e-01
 1.00081e-01
 1.00044e-01
 1.00022e-01
 1.00011e-01
 1.00005e-01
 1.00002e-01
 1.00001e-01
 1.00000e-01
 1.00095e-01
 1.00088e-01
 1.00076e-01
 1.00060e-01
 1.00044e-01
 1.00030e-01
 1.00019e-01
 1.00011e-01
 1.00006e-01
 1.00003e-01
 1.00002e-01
 1.00001e-01
 1.00000e-01
 1.00000e-01
 1.00000e-01
 1.00010e-01
 1.00009e-01
 1.00008e-01
 1.00006e-01
 1.00005e-01
 1.00003e-01
 1.00002e-01
 1.00001e-01
 1.00001e-01
 1.00000e-01
 1.00000e-01
 1.00000e-01
 1.00000e-01
 1.00000e-01
 1.00000e-01
 1.00001e-01
 1.00001e-01
 1.00001e-01
 1.00001e-01
 1.00000e-01
 1.00000e-01
 1.00000e-01
 1.00000e-01
 1.00000e-01
 1.00000e-01
 1.00000e-01
 1.00000e-01
 1.00000e-01
 1.00000e-01
 1.00000e-01
 1.00000e-01
 1.00000e-01
 1.00000e-01
 1.00000e-01
 1.00000e-01
 1.00000e-01
 1.00000e-01
 1.00000e-01
 1.00000e-01
 1.00000e-01
 1.00000e-01
 1.00000e-01
 1.00000e-01
 1.00000e-01
 1.00000e-01
 1.00000e-01
 1.00000e-01
 1.00000e-01
 1.00000e-01
 1.00000e-01
 1.00000e-01
 1.00000e-01
 1.00000e-01
 1.00000e-01
 1.00000e-01
 1.00000e-01
 1.00000e-01
 1.00000e-01
 1.00000e-01
 1.00000e-01
 1.00000e-01
 1.00000e-01
 1.00000e-01
 1.00000e-01
 1.00000e-01
 1.00000e-01
 1.00000e-01
 1.00000e-01
 1.00000e-01
 1.00000e-01
 1.00000e-01
 1.00000e-01
 1.00000e-01
 1.00000e-01
 1.00000e-01
 1.00000e-01
 1.00000e-01
 1.00000e-01
 1.00000e-01
 1.00000e-01
 1.00000e-01
 1.00000e-01
 1.00000e-01
 1.00000e-01
 1.00000e-01
 1.00000e-01
 1.00000e-01
 1.00000e-01
 1.00000e-01
 1.00000e-01
 2.59121e-01
 2.52341e-01
 2.49053e-01
 2.47180e-01
 2.44348e-01
 2.49160e-01
 2.52543e-01
 2.45669e-01
 2.29270e-01
 2.02615e-01
 1.72236e-01
 1.43874e-01
 1.23329e-01
 1.10862e-01
 1.04524e-01
 2.55769e-01
 2.51177e-01
 2.49019e-01
 2.45488e-01
 2.39915e-01
 2.34561e-01
 2.25621e-01
 2.07457e-01
 1.83374e-01
 1.56935e-01
 1.34506e-01
 1.18487e-01
 1.08956e-01
 1.03902e-01
 1.01512e-01
 2.35253e-01
 2.31944e-01
 2.27476e-01
 2.18652e-01
 2.07424e-01
 1.93898e-01
 1.77885e-01
 1.58552e-01
 1.39660e-01
 1.23884e-01
 1.13049e-01
 1.06464e-01
 1.02928e-01
 1.01193e-01
 1.00443e-01
 1.90403e-01
 1.87100e-01
 1.81145e-01
 1.71524e-01
 1.59835e-01
 1.47119e-01
 1.34629e-01
 1.23206e-01
 1.14203e-01
 1.07917e-01
 1.04054e-01
 1.01896e-01
 1.00805e-01
 1.00317e-01
 1.00115e-01
 1.42477e-01
 1.40005e-01
 1.35737e-01
 1.29871e-01
 1.23145e-01
 1.16698e-01
 1.11219e-01
 1.06997e-01
 1.04054e-01
 1.02148e-01
 1.01040e-01
 1.00463e-01
 1.00192e-01
 1.00075e-01
 1.00028e-01
 1.13267e-01
 1.12270e-01
 1.10632e-01
 1.08554e-01
 1.06341e-01
 1.04390e-01
 1.02825e-01
 1.01685e-01
 1.00933e-01
 1.00472e-01
 1.00223e-01
 1.00098e-01
 1.00041e-01
 1.00016e-01
 1.00006e-01
 1.02896e-01
 1.02664e-01
 1.02289e-01
 1.01805e-01
 1.01316e-01
 1.00888e-01
 1.00554e-01
 1.00321e-01
 1.00173e-01
 1.00088e-01
 1.00042e-01
 1.00019e-01
 1.00008e-01
 1.00003e-01
 1.00001e-01
 1.00470e-01
 1.00433e-01
 1.00369e-01
 1.00289e-01
 1.00209e-01
 1.00140e-01
 1.00087e-01
 1.00051e-01
 1.00028e-01
 1.00014e-01
 1.00007e-01
 1.00003e-01
 1.00001e-01
 1.00001e-01
 1.00000e-01
 1.00059e-01
 1.00055e-01
 1.00047e-01
 1.00037e-01
 1.00027e-01
 1.00019e-01
 1.00012e-01
 1.00007e-01
 1.00004e-01
 1.00002e-01
 1.00001e-01
 1.00000e-01
 1.00000e-01
 1.00000e-01
 1.00000e-01
 1.00006e-01
 1.00006e-01
 1.00005e-01
 1.00004e-01
 1.00003e-01
 1.00002e-01
 1.00001e-01
 1.00001e-01
 1.00000e-01
 1.00000e-01
 1.00000e-01
 1.00000e-01
 1.00000e-01
 1.00000e-01
 1.00000e-01
 1.00001e-01
 1.00001e-01
 1.00000e-01
 1.00000e-01
 1.00000e-01
 1.00000e-01
 1.00000e-01
 1.00000e-01
 1.00000e-01
 1.00000e-01
 1.00000e-01
 1.00000e-01
 1.00000e-01
 1.00000e-01
 1.00000e-01
 1.00000e-01
 1.00000e-01
 1.00000e-01
 1.00000e-01
 1.00000e-01
 1.00000e-01
 1.00000e-01
 1.00000e-01
 1.00000e-01
 1.00000e-01
 1.00000e-01
 1.00000e-01
 1.00000e-01
 1.00000e-01
 1.00000e-01
 1.00000e-01
 1.00000e-01
 1.00000e-01
 1.00000e-01
 1.00000e-01
 1.00000e-01
 1.00000e-01
 1.00000e-01
 1.00000e-01
 1.00000e-01
 1.00000e-01
 1.00000e-01
 1.00000e-01
 1.00000e-01
 1.00000e-01
 1.00000e-01
 1.00000e-01
 1.00000e-01
 1.00000e-01
 1.00000e-01
 1.00000e-01
 1.00000e-01
 1.00000e-01
 1.00000e-01
 1.00000e-01
 1.00000e-01
 1.00000e-01
 1.00000e-01
 1.00000e-01
 1.00000e-01
 1.00000e-01
 1.00000e-01
 1.00000e-01
 1.00000e-01
 1.00000e-01
 1.00000e-01
 1.00000e-01
 1.00000e-01
 1.00000e-01
 1.00000e-01
 1.00000e-01
 1.00000e-01
 1.00000e-01
 1.00000e-01
 1.00000e-01
 2.58022e-01
 2.52647e-01
 2.52190e-01
 2.50733e-01
 2.45074e-01
 2.47763e-01
 2.45666e-01
 2.34099e-01
 2.11122e-01
 1.82538e-01
 1.53522e-01
 1.30712e-01
 1.15478e-01
 1.07050e-01
 1.02820e-01
 2.49349e-01
 2.46002e-01
 2.44449e-01
 2.39190e-01
 2.29271e-01
 2.21279e-01
 2.07461e-01
 1.87576e-01
 1.63414e-01
 1.41018e-01
 1.23488e-01
 1.12193e-01
 1.05745e-01
 1.02444e-01
 1.00926e-01
 2.17402e-01
 2.15130e-01
 2.10210e-01
 2.00656e-01
 1.87683e-01
 1.74327e-01
 1.58556e-01
 1.42169e-01
 1.27185e-01
 1.15878e-01
 1.08417e-01
 1.04117e-01
 1.01824e-01
 1.00733e-01
 1.00268e-01
 1.69087e-01
 1.66435e-01
 1.60993e-01
 1.52741e-01
 1.42652e-01
 1.32655e-01
 1.23207e-01
 1.15218e-01
 1.09132e-01
 1.05043e-01
 1.02532e-01
 1.01168e-01
 1.00490e-01
 1.00193e-01
 1.00071e-01
 1.28298e-01
 1.26479e-01
 1.23386e-01
 1.19279e-01
 1.14689e-01
 1.10478e-01
 1.06997e-01
 1.04345e-01
 1.02500e-01
 1.01314e-01
 1.00629e-01
 1.00280e-01
 1.00117e-01
 1.00046e-01
 1.00017e-01
 1.07991e-01
 1.07371e-01
 1.06363e-01
 1.05104e-01
 1.03779e-01
 1.02614e-01
 1.01685e-01
 1.01001e-01
 1.00553e-01
 1.00281e-01
 1.00134e-01
 1.00060e-01
 1.00025e-01
 1.00010e-01
 1.00004e-01
 1.01664e-01
 1.01533e-01
 1.01313e-01
 1.01035e-01
 1.00755e-01
 1.00510e-01
 1.00321e-01
 1.00187e-01
 1.00103e-01
 1.00053e-01
 1.00025e-01
 1.00011e-01
 1.00005e-01
 1.00002e-01
 1.00001e-01
 1.00265e-01
 1.00244e-01
 1.00208e-01
 1.00163e-01
 1.00119e-01
 1.00081e-01
 1.00051e-01
 1.00030e-01
 1.00017e-01
 1.00009e-01
 1.00004e-01
 1.00002e-01
 1.00001e-01
 1.00000e-01
 1.00000e-01
 1.00034e-01
 1.00031e-01
 1.00027e-01
 1.00022e-01
 1.00016e-01
 1.00011e-01
 1.00007e-01
 1.00004e-01
 1.00002e-01
 1.00001e-01
 1.00001e-01
 1.00000e-01
 1.00000e-01
 1.00000e-01
 1.00000e-01
 1.00004e-01
 1.00004e-01
 1.00003e-01
 1.00003e-01
 1.00002e-01
 1.00001e-01
 1.00001e-01
 1.00001e-01
 1.00000e-01
 1.00000e-01
 1.00000e-01
 1.00000e-01
 1.00000e-01
 1.00000e-01
 1.00000e-01
 1.00000e-01
 1.00000e-01
 1.00000e-01
 1.00000e-01
 1.00000e-01
 1.00000e-01
 1.00000e-01
 1.00000e-01
 1.00000e-01
 1.00000e-01
 1.00000e-01
 1.00000e-01
 1.00000e-01
 1.00000e-01
 1.00000e-01
 1.00000e-01
 1.00000e-01
 1.00000e-01
 1.00000e-01
 1.00000e-01
 1.00000e-01
 1.00000e-01
 1.00000e-01
 1.00000e-01
 1.00000e-01
 1.00000e-01
 1.00000e-01
 1.00000e-01
 1.00000e-01
 1.00000e-01
 1.00000e-01
 1.00000e-01
 1.00000e-01
 1.00000e-01
 1.00000e-01
 1.00000e-01
 1.00000e-01
 1.00000e-01
 1.00000e-01
 1.00000e-01
 1.00000e-01
 1.00000e-01
 1.00000e-01
 1.00000e-01
 1.00000e-01
 1.00000e-01
 1.00000e-01
 1.00000e-01
 1.00000e-01
 1.00000e-01
 1.00000e-01
 1.00000e-01
 1.00000e-01
 1.00000e-01
 1.00000e-01
 1.00000e-01
 1.00000e-01
 1.00000e-01
 1.00000e-01
 1.00000e-01
 1.00000e-01
 1.00000e-01
 1.00000e-01
 1.00000e-01
 1.00000e-01
 1.00000e-01
 1.00000e-01
 1.00000e-01
 1.00000e-01
 1.00000e-01
 1.00000e-01
 1.00000e-01
 1.00000e-01
 1.00000e-01
 1.00000e-01
 2.54279e-01
 2.51125e-01
 2.51672e-01
 2.48394e-01
 2.42828e-01
 2.37828e-01
 2.29276e-01
 2.11124e-01
 1.86404e-01
 1.59200e-01
 1.36178e-01
 1.19566e-01
 1.09594e-01
 1.04237e-01
 1.01662e-01
 2.37102e-01
 2.34743e-01
 2.32081e-01
 2.23364e-01
 2.12222e-01
 1.99224e-01
 1.83384e-01
 1.63416e-01
 1.43540e-01
 1.26547e-01
 1.14777e-01
 1.07434e-01
 1.03445e-01
 1.01423e-01
 1.00539e-01
 1.95065e-01
 1.92752e-01
 1.87464e-01
 1.77557e-01
 1.65635e-01
 1.52660e-01
 1.39664e-01
 1.27186e-01
 1.17002e-01
 1.09677e-01
 1.05063e-01
 1.02414e-01
 1.01049e-01
 1.00418e-01
 1.00154e-01
 1.47811e-01
 1.45616e-01
 1.41363e-01
 1.35006e-01
 1.27640e-01
 1.20445e-01
 1.14204e-01
 1.09132e-01
 1.05408e-01
 1.02939e-01
 1.01455e-01
 1.00662e-01
 1.00278e-01
 1.00111e-01
 1.00041e-01
 1.16926e-01
 1.15802e-01
 1.13882e-01
 1.11349e-01
 1.08588e-01
 1.06078e-01
 1.04054e-01
 1.02500e-01
 1.01414e-01
 1.00737e-01
 1.00353e-01
 1.00158e-01
 1.00067e-01
 1.00027e-01
 1.00010e-01
 1.04365e-01
 1.04054e-01
 1.03503e-01
 1.02818e-01
 1.02095e-01
 1.01444e-01
 1.00933e-01
 1.00553e-01
 1.00307e-01
 1.00157e-01
 1.00076e-01
 1.00034e-01
 1.00014e-01
 1.00006e-01
 1.00002e-01
 1.00872e-01
 1.00811e-01
 1.00694e-01
 1.00550e-01
 1.00402e-01
 1.00273e-01
 1.00173e-01
 1.00103e-01
 1.00057e-01
 1.00030e-01
 1.00014e-01
 1.00007e-01
 1.00003e-01
 1.00001e-01
 1.00000e-01
 1.00135e-01
 1.00125e-01
 1.00107e-01
 1.00086e-01
 1.00063e-01
 1.00044e-01
 1.00028e-01
 1.00017e-01
 1.00009e-01
 1.00005e-01
 1.00002e-01
 1.00001e-01
 1.00000e-01
 1.00000e-01
 1.00000e-01
 1.00018e-01
 1.00017e-01
 1.00015e-01
 1.00012e-01
 1.00009e-01
 1.00006e-01
 1.00004e-01
 1.00002e-01
 1.00001e-01
 1.00001e-01
 1.00000e-01
 1.00000e-01
 1.00000e-01
 1.00000e-01
 1.00000e-01
 1.00002e-01
 1.00002e-01
 1.00002e-01
 1.00001e-01
 1.00001e-01
 1.00001e-01
 1.00000e-01
 1.00000e-01
 1.00000e-01
 1.00000e-01
 1.00000e-01
 1.00000e-01
 1.00000e-01
 1.00000e-01
 1.00000e-01
 1.00000e-01
 1.00000e-01
 1.00000e-01
 1.00000e-01
 1.00000e-01
 1.00000e-01
 1.00000e-01
 1.00000e-01
 1.00000e-01
 1.00000e-01
 1.00000e-01
 1.00000e-01
 1.00000e-01
 1.00000e-01
 1.00000e-01
 1.00000e-01
 1.00000e-01
 1.00000e-01
 1.00000e-01
 1.00000e-01
 1.00000e-01
 1.00000e-01
 1.00000e-01
 1.00000e-01
 1.00000e-01
 1.00000e-01
 1.00000e-01
 1.00000e-01
 1.00000e-01
 1.00000e-01
 1.00000e-01
 1.00000e-01
 1.00000e-01
 1.00000e-01
 1.00000e-01
 1.00000e-01
 1.00000e-01
 1.00000e-01
 1.00000e-01
 1.00000e-01
 1.00000e-01
 1.00000e-01
 1.00000e-01
 1.00000e-01
 1.00000e-01
 1.00000e-01
 1.00000e-01
 1.00000e-01
 1.00000e-01
 1.00000e-01
 1.00000e-01
 1.00000e-01
 1.00000e-01
 1.00000e-01
 1.00000e-01
 1.00000e-01
 1.00000e-01
 1.00000e-01
 1.00000e-01
 1.00000e-01
 1.00000e-01
 1.00000e-01
 1.00000e-01
 1.00000e-01
 1.00000e-01
 1.00000e-01
 1.00000e-01
 1.00000e-01
 1.00000e-01
 1.00000e-01
 1.00000e-01
 1.00000e-01
 1.00000e-01
 1.00000e-01
 1.00000e-01
 2.49054e-01
 2.48058e-01
 2.43489e-01
 2.38147e-01
 2.28568e-01
 2.17886e-01
 2.02621e-01
 1.82542e-01
 1.59200e-01
 1.38232e-01
 1.21946e-01
 1.11587e-01
 1.05481e-01
 1.02373e-01
 1.00900e-01
 2.18132e-01
 2.15842e-01
 2.09447e-01
 1.99731e-01
 1.86771e-01
 1.72810e-01
 1.56939e-01
 1.41020e-01
 1.26547e-01
 1.15760e-01
 1.08487e-01
 1.04214e-01
 1.01889e-01
 1.00773e-01
 1.00288e-01
 1.69922e-01
 1.67376e-01
 1.61563e-01
 1.53321e-01
 1.43352e-01
 1.33338e-01
 1.23884e-01
 1.15878e-01
 1.09676e-01
 1.05441e-01
 1.02779e-01
 1.01308e-01
 1.00561e-01
 1.00226e-01
 1.00083e-01
 1.29720e-01
 1.28090e-01
 1.24925e-01
 1.20758e-01
 1.16034e-01
 1.11660e-01
 1.07917e-01
 1.05042e-01
 1.02939e-01
 1.01574e-01
 1.00770e-01
 1.00350e-01
 1.00149e-01
 1.00059e-01
 1.00022e-01
 1.09210e-01
 1.08595e-01
 1.07503e-01
 1.06115e-01
 1.04622e-01
 1.03262e-01
 1.02148e-01
 1.01314e-01
 1.00737e-01
 1.00384e-01
 1.00184e-01
 1.00084e-01
 1.00036e-01
 1.00014e-01
 1.00005e-01
 1.02241e-01
 1.02083e-01
 1.01795e-01
 1.01436e-01
 1.01065e-01
 1.00733e-01
 1.00472e-01
 1.00281e-01
 1.00157e-01
 1.00082e-01
 1.00040e-01
 1.00018e-01
 1.00008e-01
 1.00003e-01
 1.00001e-01
 1.00425e-01
 1.00394e-01
 1.00337e-01
 1.00268e-01
 1.00198e-01
 1.00136e-01
 1.00088e-01
 1.00053e-01
 1.00030e-01
 1.00016e-01
 1.00008e-01
 1.00004e-01
 1.00002e-01
 1.00001e-01
 1.00000e-01
 1.00067e-01
 1.00062e-01
 1.00054e-01
 1.00043e-01
 1.00032e-01
 1.00022e-01
 1.00014e-01
 1.00009e-01
 1.00005e-01
 1.00003e-01
 1.00001e-01
 1.00001e-01
 1.00000e-01
 1.00000e-01
 1.00000e-01
 1.00009e-01
 1.00008e-01
 1.00007e-01
 1.00006e-01
 1.00004e-01
 1.00003e-01
 1.00002e-01
 1.00001e-01
 1.00001e-01
 1.00000e-01
 1.00000e-01
 1.00000e-01
 1.00000e-01
 1.00000e-01
 1.00000e-01
 1.00001e-01
 1.00001e-01
 1.00001e-01
 1.00001e-01
 1.00001e-01
 1.00000e-01
 1.00000e-01
 1.00000e-01
 1.00000e-01
 1.00000e-01
 1.00000e-01
 1.00000e-01
 1.00000e-01
 1.00000e-01
 1.00000e-01
 1.00000e-01
 1.00000e-01
 1.00000e-01
 1.00000e-01
 1.00000e-01
 1.00000e-01
 1.00000e-01
 1.00000e-01
 1.00000e-01
 1.00000e-01
 1.00000e-01
 1.00000e-01
 1.00000e-01
 1.00000e-01
 1.00000e-01
 1.00000e-01
 1.00000e-01
 1.00000e-01
 1.00000e-01
 1.00000e-01
 1.00000e-01
 1.00000e-01
 1.00000e-01
 1.00000e-01
 1.00000e-01
 1.00000e-01
 1.00000e-01
 1.00000e-01
 1.00000e-01
 1.00000e-01
 1.00000e-01
 1.00000e-01
 1.00000e-01
 1.00000e-01
 1.00000e-01
 1.00000e-01
 1.00000e-01
 1.00000e-01
 1.00000e-01
 1.00000e-01
 1.00000e-01
 1.00000e-01
 1.00000e-01
 1.00000e-01
 1.00000e-01
 1.00000e-01
 1.00000e-01
 1.00000e-01
 1.00000e-01
 1.00000e-01
 1.00000e-01
 1.00000e-01
 1.00000e-01
 1.00000e-01
 1.00000e-01
 1.00000e-01
 1.00000e-01
 1.00000e-01
 1.00000e-01
 1.00000e-01
 1.00000e-01
 1.00000e-01
 1.00000e-01
 1.00000e-01
 1.00000e-01
 1.00000e-01
 1.00000e-01
 1.00000e-01
 1.00000e-01
 1.00000e-01
 1.00000e-01
 1.00000e-01
 1.00000e-01
 1.00000e-01
 1.00000e-01
 2.31588e-01
 2.31132e-01
 2.25317e-01
 2.16653e-01
 2.04493e-01
 1.89027e-01
 1.72245e-01
 1.53522e-01
 1.36177e-01
 1.21945e-01
 1.12301e-01
 1.06241e-01
 1.02910e-01
 1.01204e-01
 1.00457e-01
 1.89916e-01
 1.87179e-01
 1.80561e-01
 1.70851e-01
 1.59287e-01
 1.46554e-01
 1.34507e-01
 1.23486e-01
 1.14777e-01
 1.08486e-01
 1.04517e-01
 1.02169e-01
 1.00961e-01
 1.00388e-01
 1.00147e-01
 1.44904e-01
 1.42653e-01
 1.38085e-01
 1.32037e-01
 1.25347e-01
 1.18710e-01
 1.13048e-01
 1.08417e-01
 1.05062e-01
 1.02779e-01
 1.01402e-01
 1.00648e-01
 1.00279e-01
 1.00113e-01
 1.00043e-01
 1.16359e-01
 1.15345e-01
 1.13437e-01
 1.11047e-01
 1.08459e-01
 1.06051e-01
 1.04054e-01
 1.02531e-01
 1.01455e-01
 1.00770e-01
 1.00377e-01
 1.00172e-01
 1.00074e-01
 1.00030e-01
 1.00011e-01
 1.04632e-01
 1.04321e-01
 1.03761e-01
 1.03039e-01
 1.02285e-01
 1.01594e-01
 1.01040e-01
 1.00629e-01
 1.00353e-01
 1.00184e-01
 1.00091e-01
 1.00042e-01
 1.00018e-01
 1.00007e-01
 1.00003e-01
 1.01042e-01
 1.00970e-01
 1.00841e-01
 1.00673e-01
 1.00501e-01
 1.00346e-01
 1.00223e-01
 1.00134e-01
 1.00076e-01
 1.00040e-01
 1.00020e-01
 1.00009e-01
 1.00004e-01
 1.00002e-01
 1.00001e-01
 1.00191e-01
 1.00177e-01
 1.00153e-01
 1.00123e-01
 1.00092e-01
 1.00064e-01
 1.00042e-01
 1.00025e-01
 1.00014e-01
 1.00008e-01
 1.00004e-01
 1.00002e-01
 1.00001e-01
 1.00000e-01
 1.00000e-01
 1.00030e-01
 1.00028e-01
 1.00024e-01
 1.00020e-01
 1.00015e-01
 1.00011e-01
 1.00007e-01
 1.00004e-01
 1.00002e-01
 1.00001e-01
 1.00001e-01
 1.00000e-01
 1.00000e-01
 1.00000e-01
 1.00000e-01
 1.00004e-01
 1.00004e-01
 1.00004e-01
 1.00003e-01
 1.00002e-01
 1.00002e-01
 1.00001e-01
 1.00001e-01
 1.00000e-01
 1.00000e-01
 1.00000e-01
 1.00000e-01
 1.00000e-01
 1.00000e-01
 1.00000e-01
 1.00001e-01
 1.00000e-01
 1.00000e-01
 1.00000e-01
 1.00000e-01
 1.00000e-01
 1.00000e-01
 1.00000e-01
 1.00000e-01
 1.00000e-01
 1.00000e-01
 1.00000e-01
 1.00000e-01
 1.00000e-01
 1.00000e-01
 1.00000e-01
 1.00000e-01
 1.00000e-01
 1.00000e-01
 1.00000e-01
 1.00000e-01
 1.00000e-01
 1.00000e-01
 1.00000e-01
 1.00000e-01
 1.00000e-01
 1.00000e-01
 1.00000e-01
 1.00000e-01
 1.00000e-01
 1.00000e-01
 1.00000e-01
 1.00000e-01
 1.00000e-01
 1.00000e-01
 1.00000e-01
 1.00000e-01
 1.00000e-01
 1.00000e-01
 1.00000e-01
 1.00000e-01
 1.00000e-01
 1.00000e-01
 1.00000e-01
 1.00000e-01
 1.00000e-01
 1.00000e-01
 1.00000e-01
 1.00000e-01
 1.00000e-01
 1.00000e-01
 1.00000e-01
 1.00000e-01
 1.00000e-01
 1.00000e-01
 1.00000e-01
 1.00000e-01
 1.00000e-01
 1.00000e-01
 1.00000e-01
 1.00000e-01
 1.00000e-01
 1.00000e-01
 1.00000e-01
 1.00000e-01
 1.00000e-01
 1.00000e-01
 1.00000e-01
 1.00000e-01
 1.00000e-01
 1.00000e-01
 1.00000e-01
 1.00000e-01
 1.00000e-01
 1.00000e-01
 1.00000e-01
 1.00000e-01
 1.00000e-01
 1.00000e-01
 1.00000e-01
 1.00000e-01
 1.00000e-01
 1.00000e-01
 1.00000e-01
 1.00000e-01
 1.00000e-01
 1.00000e-01
 1.00000e-01
 1.00000e-01
 1.00000e-01
 2.01684e-01
 2.00556e-01
 1.94891e-01
 1.85887e-01
 1.73060e-01
 1.58518e-01
 1.43872e-01
 1.30712e-01
 1.19565e-01
 1.11586e-01
 1.06241e-01
 1.03109e-01
 1.01390e-01
 1.00571e-01
 1.00215e-01
 1.58312e-01
 1.56045e-01
 1.50667e-01
 1.43485e-01
 1.34909e-01
 1.26256e-01
 1.18486e-01
 1.12193e-01
 1.07434e-01
 1.04213e-01
 1.02169e-01
 1.01027e-01
 1.00448e-01
 1.00183e-01
 1.00069e-01
 1.24704e-01
 1.23323e-01
 1.20467e-01
 1.16954e-01
 1.13109e-01
 1.09511e-01
 1.06464e-01
 1.04117e-01
 1.02413e-01
 1.01307e-01
 1.00648e-01
 1.00302e-01
 1.00131e-01
 1.00054e-01
 1.00020e-01
 1.08094e-01
 1.07557e-01
 1.06549e-01
 1.05335e-01
 1.04055e-01
 1.02875e-01
 1.01896e-01
 1.01168e-01
 1.00662e-01
 1.00350e-01
 1.00172e-01
 1.00080e-01
 1.00035e-01
 1.00014e-01
 1.00005e-01
 1.02120e-01
 1.01974e-01
 1.01708e-01
 1.01375e-01
 1.01030e-01
 1.00715e-01
 1.00463e-01
 1.00280e-01
 1.00158e-01
 1.00084e-01
 1.00042e-01
 1.00019e-01
 1.00008e-01
 1.00003e-01
 1.00001e-01
 1.00457e-01
 1.00423e-01
 1.00365e-01
 1.00291e-01
 1.00217e-01
 1.00151e-01
 1.00098e-01
 1.00060e-01
 1.00034e-01
 1.00018e-01
 1.00009e-01
 1.00004e-01
 1.00002e-01
 1.00001e-01
 1.00000e-01
 1.00081e-01
 1.00076e-01
 1.00066e-01
 1.00054e-01
 1.00040e-01
 1.00028e-01
 1.00019e-01
 1.00011e-01
 1.00007e-01
 1.00004e-01
 1.00002e-01
 1.00001e-01
 1.00000e-01
 1.00000e-01
 1.00000e-01
 1.00013e-01
 1.00012e-01
 1.00011e-01
 1.00009e-01
 1.00007e-01
 1.00005e-01
 1.00003e-01
 1.00002e-01
 1.00001e-01
 1.00001e-01
 1.00000e-01
 1.00000e-01
 1.00000e-01
 1.00000e-01
 1.00000e-01
 1.00002e-01
 1.00002e-01
 1.00002e-01
 1.00001e-01
 1.00001e-01
 1.00001e-01
 1.00000e-01
 1.00000e-01
 1.00000e-01
 1.00000e-01
 1.00000e-01
 1.00000e-01
 1.00000e-01
 1.00000e-01
 1.00000e-01
 1.00000e-01
 1.00000e-01
 1.00000e-01
 1.00000e-01
 1.00000e-01
 1.00000e-01
 1.00000e-01
 1.00000e-01
 1.00000e-01
 1.00000e-01
 1.00000e-01
 1.00000e-01
 1.00000e-01
 1.00000e-01
 1.00000e-01
 1.00000e-01
 1.00000e-01
 1.00000e-01
 1.00000e-01
 1.00000e-01
 1.00000e-01
 1.00000e-01
 1.00000e-01
 1.00000e-01
 1.00000e-01
 1.00000e-01
 1.00000e-01
 1.00000e-01
 1.00000e-01
 1.00000e-01
 1.00000e-01
 1.00000e-01
 1.00000e-01
 1.00000e-01
 1.00000e-01
 1.00000e-01
 1.00000e-01
 1.00000e-01
 1.00000e-01
 1.00000e-01
 1.00000e-01
 1.00000e-01
 1.00000e-01
 1.00000e-01
 1.00000e-01
 1.00000e-01
 1.00000e-01
 1.00000e-01
 1.00000e-01
 1.00000e-01
 1.00000e-01
 1.00000e-01
 1.00000e-01
 1.00000e-01
 1.00000e-01
 1.00000e-01
 1.00000e-01
 1.00000e-01
 1.00000e-01
 1.00000e-01
 1.00000e-01
 1.00000e-01
 1.00000e-01
 1.00000e-01
 1.00000e-01
 1.00000e-01
 1.00000e-01
 1.00000e-01
 1.00000e-01
 1.00000e-01
 1.00000e-01
 1.00000e-01
 1.00000e-01
 1.00000e-01
 1.00000e-01
 1.00000e-01
 1.00000e-01
 1.00000e-01
 1.00000e-01
 1.00000e-01
 1.00000e-01
 1.00000e-01
 1.00000e-01
 1.00000e-01
 1.00000e-01
 1.00000e-01
 1.00000e-01
 1.00000e-01
 1.00000e-01
 1.00000e-01
 1.66963e-01
 1.65235e-01
 1.60349e-01
 1.52772e-01
 1.43241e-01
 1.32688e-01
 1.23325e-01
 1.15477e-01
 1.09594e-01
 1.05481e-01
 1.02910e-01
 1.01389e-01
 1.00616e-01
 1.00250e-01
 1.00094e-01
 1.31991e-01
 1.30484e-01
 1.27143e-01
 1.22753e-01
 1.17871e-01
 1.13001e-01
 1.08954e-01
 1.05745e-01
 1.03444e-01
 1.01889e-01
 1.00961e-01
 1.00448e-01
 1.00197e-01
 1.00080e-01
 1.00031e-01
 1.11872e-01
 1.11181e-01
 1.09754e-01
 1.08017e-01
 1.06147e-01
 1.04390e-01
 1.02923e-01
 1.01824e-01
 1.01049e-01
 1.00561e-01
 1.00279e-01
 1.00131e-01
 1.00057e-01
 1.00024e-01
 1.00009e-01
 1.03560e-01
 1.03331e-01
 1.02892e-01
 1.02345e-01
 1.01766e-01
 1.01234e-01
 1.00805e-01
 1.00490e-01
 1.00278e-01
 1.00149e-01
 1.00074e-01
 1.00035e-01
 1.00015e-01
 1.00006e-01
 1.00002e-01
 1.00888e-01
 1.00825e-01
 1.00713e-01
 1.00571e-01
 1.00423e-01
 1.00295e-01
 1.00192e-01
 1.00117e-01
 1.00067e-01
 1.00036e-01
 1.00018e-01
 1.00008e-01
 1.00004e-01
 1.00002e-01
 1.00001e-01
 1.00180e-01
 1.00168e-01
 1.00146e-01
 1.00118e-01
 1.00089e-01
 1.00062e-01
 1.00041e-01
 1.00025e-01
 1.00014e-01
 1.00008e-01
 1.00004e-01
 1.00002e-01
 1.00001e-01
 1.00000e-01
 1.00000e-01
 1.00034e-01
 1.00031e-01
 1.00027e-01
 1.00022e-01
 1.00017e-01
 1.00012e-01
 1.00008e-01
 1.00005e-01
 1.00003e-01
 1.00002e-01
 1.00001e-01
 1.00000e-01
 1.00000e-01
 1.00000e-01
 1.00000e-01
 1.00005e-01
 1.00005e-01
 1.00004e-01
 1.00004e-01
 1.00003e-01
 1.00002e-01
 1.00001e-01
 1.00001e-01
 1.00000e-01
 1.00000e-01
 1.00000e-01
 1.00000e-01
 1.00000e-01
 1.00000e-01
 1.00000e-01
 1.00001e-01
 1.00001e-01
 1.00001e-01
 1.00001e-01
 1.00000e-01
 1.00000e-01
 1.00000e-01
 1.00000e-01
 1.00000e-01
 1.00000e-01
 1.00000e-01
 1.00000e-01
 1.00000e-01
 1.00000e-01
 1.00000e-01
 1.00000e-01
 1.00000e-01
 1.00000e-01
 1.00000e-01
 1.00000e-01
 1.00000e-01
 1.00000e-01
 1.00000e-01
 1.00000e-01
 1.00000e-01
 1.00000e-01
 1.00000e-01
 1.00000e-01
 1.00000e-01
 1.00000e-01
 1.00000e-01
 1.00000e-01
 1.00000e-01
 1.00000e-01
 1.00000e-01
 1.00000e-01
 1.00000e-01
 1.00000e-01
 1.00000e-01
 1.00000e-01
 1.00000e-01
 1.00000e-01
 1.00000e-01
 1.00000e-01
 1.00000e-01
 1.00000e-01
 1.00000e-01
 1.00000e-01
 1.00000e-01
 1.00000e-01
 1.00000e-01
 1.00000e-01
 1.00000e-01
 1.00000e-01
 1.00000e-01
 1.00000e-01
 1.00000e-01
 1.00000e-01
 1.00000e-01
 1.00000e-01
 1.00000e-01
 1.00000e-01
 1.00000e-01
 1.00000e-01
 1.00000e-01
 1.00000e-01
 1.00000e-01
 1.00000e-01
 1.00000e-01
 1.00000e-01
 1.00000e-01
 1.00000e-01
 1.00000e-01
 1.00000e-01
 1.00000e-01
 1.00000e-01
 1.00000e-01
 1.00000e-01
 1.00000e-01
 1.00000e-01
 1.00000e-01
 1.00000e-01
 1.00000e-01
 1.00000e-01
 1.00000e-01
 1.00000e-01
 1.00000e-01
 1.00000e-01
 1.00000e-01
 1.00000e-01
 1.00000e-01
 1.00000e-01
 1.00000e-01
 1.00000e-01
 1.00000e-01
 1.00000e-01
 1.00000e-01
 1.00000e-01
 1.00000e-01
 1.00000e-01
 1.00000e-01
 1.00000e-01
 1.00000e-01
 1.00000e-01
 1.00000e-01
 1.36835e-01
 1.35396e-01
 1.31839e-01
 1.27070e-01
 1.21442e-01
 1.15747e-01
 1.10860e-01
 1.07050e-01
 1.04237e-01
 1.02373e-01
 1.01204e-01
 1.00571e-01
 1.00250e-01
 1.00103e-01
 1.00039e-01
 1.15102e-01
 1.14298e-01
 1.12593e-01
 1.10437e-01
 1.08078e-01
 1.05826e-01
 1.03907e-01
 1.02444e-01
 1.01423e-01
 1.00773e-01
 1.00388e-01
 1.00183e-01
 1.00080e-01
 1.00033e-01
 1.00013e-01
 1.05064e-01
 1.04755e-01
 1.04152e-01
 1.03396e-01
 1.02569e-01
 1.01817e-01
 1.01191e-01
 1.00733e-01
 1.00418e-01
 1.00225e-01
 1.00113e-01
 1.00054e-01
 1.00024e-01
 1.00010e-01
 1.00004e-01
 1.01434e-01
 1.01336e-01
 1.01162e-01
 1.00938e-01
 1.00701e-01
 1.00487e-01
 1.00317e-01
 1.00192e-01
 1.00111e-01
 1.00059e-01
 1.00030e-01
 1.00014e-01
 1.00006e-01
 1.00003e-01
 1.00001e-01
 1.00330e-01
 1.00306e-01
 1.00266e-01
 1.00214e-01
 1.00162e-01
 1.00114e-01
 1.00075e-01
 1.00046e-01
 1.00027e-01
 1.00014e-01
 1.00007e-01
 1.00003e-01
 1.00002e-01
 1.00001e-01
 1.00000e-01
 1.00069e-01
 1.00065e-01
 1.00056e-01
 1.00045e-01
 1.00034e-01
 1.00024e-01
 1.00016e-01
 1.00010e-01
 1.00006e-01
 1.00003e-01
 1.00002e-01
 1.00001e-01
 1.00000e-01
 1.00000e-01
 1.00000e-01
 1.00013e-01
 1.00012e-01
 1.00010e-01
 1.00008e-01
 1.00006e-01
 1.00005e-01
 1.00003e-01
 1.00002e-01
 1.00001e-01
 1.00001e-01
 1.00000e-01
 1.00000e-01
 1.00000e-01
 1.00000e-01
 1.00000e-01
 1.00002e-01
 1.00002e-01
 1.00002e-01
 1.00001e-01
 1.00001e-01
 1.00001e-01
 1.00001e-01
 1.00000e-01
 1.00000e-01
 1.00000e-01
 1.00000e-01
 1.00000e-01
 1.00000e-01
 1.00000e-01
 1.00000e-01
 1.00000e-01
 1.00000e-01
 1.00000e-01
 1.00000e-01
 1.00000e-01
 1.00000e-01
 1.00000e-01
 1.00000e-01
 1.00000e-01
 1.00000e-01
 1.00000e-01
 1.00000e-01
 1.00000e-01
 1.00000e-01
 1.00000e-01
 1.00000e-01
 1.00000e-01
 1.00000e-01
 1.00000e-01
 1.00000e-01
 1.00000e-01
 1.00000e-01
 1.00000e-01
 1.00000e-01
 1.00000e-01
 1.00000e-01
 1.00000e-01
 1.00000e-01
 1.00000e-01
 1.00000e-01
 1.00000e-01
 1.00000e-01
 1.00000e-01
 1.00000e-01
 1.00000e-01
 1.00000e-01
 1.00000e-01
 1.00000e-01
 1.00000e-01
 1.00000e-01
 1.00000e-01
 1.00000e-01
 1.00000e-01
 1.00000e-01
 1.00000e-01
 1.00000e-01
 1.00000e-01
 1.00000e-01
 1.00000e-01
 1.00000e-01
 1.00000e-01
 1.00000e-01
 1.00000e-01
 1.00000e-01
 1.00000e-01
 1.00000e-01
 1.00000e-01
 1.00000e-01
 1.00000e-01
 1.00000e-01
 1.00000e-01
 1.00000e-01
 1.00000e-01
 1.00000e-01
 1.00000e-01
 1.00000e-01
 1.00000e-01
 1.00000e-01
 1.00000e-01
 1.00000e-01
 1.00000e-01
 1.00000e-01
 1.00000e-01
 1.00000e-01
 1.00000e-01
 1.00000e-01
 1.00000e-01
 1.00000e-01
 1.00000e-01
 1.00000e-01
 1.00000e-01
 1.00000e-01
 1.00000e-01
 1.00000e-01
 1.00000e-01
 1.00000e-01
 1.00000e-01
 1.00000e-01
 1.00000e-01
 1.00000e-01
 1.00000e-01
 1.00000e-01
 1.00000e-01
 1.00000e-01
 1.00000e-01
 1.00000e-01
 1.00000e-01
 1.00000e-01
 1.00000e-01
 1.00000e-01
 1.00000e-01
 1.00000e-01
 1.00000e-01
 1.00000e-01
 1.00000e-01
 1.16980e-01
 1.16126e-01
 1.14262e-01
 1.11900e-01
 1.09283e-01
 1.06666e-01
 1.04520e-01
 1.02821e-01
 1.01662e-01
 1.00900e-01
 1.00457e-01
 1.00215e-01
 1.00094e-01
 1.00039e-01
 1.00015e-01
 1.06297e-01
 1.05914e-01
 1.05176e-01
 1.04218e-01
 1.03219e-01
 1.02271e-01
 1.01510e-01
 1.00927e-01
 1.00539e-01
 1.00288e-01
 1.00147e-01
 1.00069e-01
 1.00031e-01
 1.00013e-01
 1.00005e-01
 1.01956e-01
 1.01826e-01
 1.01599e-01
 1.01295e-01
 1.00976e-01
 1.00678e-01
 1.00440e-01
 1.00268e-01
 1.00154e-01
 1.00083e-01
 1.00043e-01
 1.00020e-01
 1.00009e-01
 1.00004e-01
 1.00001e-01
 1.00513e-01
 1.00476e-01
 1.00411e-01
 1.00330e-01
 1.00247e-01
 1.00174e-01
 1.00115e-01
 1.00071e-01
 1.00041e-01
 1.00022e-01
 1.00011e-01
 1.00005e-01
 1.00002e-01
 1.00001e-01
 1.00000e-01
 1.00119e-01
 1.00111e-01
 1.00096e-01
 1.00078e-01
 1.00059e-01
 1.00042e-01
 1.00028e-01
 1.00017e-01
 1.00010e-01
 1.00005e-01
 1.00003e-01
 1.00001e-01
 1.00001e-01
 1.00000e-01
 1.00000e-01
 1.00024e-01
 1.00022e-01
 1.00019e-01
 1.00016e-01
 1.00012e-01
 1.00009e-01
 1.00006e-01
 1.00004e-01
 1.00002e-01
 1.00001e-01
 1.00001e-01
 1.00000e-01
 1.00000e-01
 1.00000e-01
 1.00000e-01
 1.00005e-01
 1.00004e-01
 1.00004e-01
 1.00003e-01
 1.00002e-01
 1.00002e-01
 1.00001e-01
 1.00001e-01
 1.00000e-01
 1.00000e-01
 1.00000e-01
 1.00000e-01
 1.00000e-01
 1.00000e-01
 1.00000e-01
 1.00001e-01
 1.00001e-01
 1.00001e-01
 1.00001e-01
 1.00000e-01
 1.00000e-01
 1.00000e-01
 1.00000e-01
 1.00000e-01
 1.00000e-01
 1.00000e-01
 1.00000e-01
 1.00000e-01
 1.00000e-01
 1.00000e-01
 1.00000e-01
 1.00000e-01
 1.00000e-01
 1.00000e-01
 1.00000e-01
 1.00000e-01
 1.00000e-01
 1.00000e-01
 1.00000e-01
 1.00000e-01
 1.00000e-01
 1.00000e-01
 1.00000e-01
 1.00000e-01
 1.00000e-01
 1.00000e-01
 1.00000e-01
 1.00000e-01
 1.00000e-01
 1.00000e-01
 1.00000e-01
 1.00000e-01
 1.00000e-01
 1.00000e-01
 1.00000e-01
 1.00000e-01
 1.00000e-01
 1.00000e-01
 1.00000e-01
 1.00000e-01
 1.00000e-01
 1.00000e-01
 1.00000e-01
 1.00000e-01
 1.00000e-01
 1.00000e-01
 1.00000e-01
 1.00000e-01
 1.00000e-01
 1.00000e-01
 1.00000e-01
 1.00000e-01
 1.00000e-01
 1.00000e-01
 1.00000e-01
 1.00000e-01
 1.00000e-01
 1.00000e-01
 1.00000e-01
 1.00000e-01
 1.00000e-01
 1.00000e-01
 1.00000e-01
 1.00000e-01
 1.00000e-01
 1.00000e-01
 1.00000e-01
 1.00000e-01
 1.00000e-01
 1.00000e-01
 1.00000e-01
 1.00000e-01
 1.00000e-01
 1.00000e-01
 1.00000e-01
 1.00000e-01
 1.00000e-01
 1.00000e-01
 1.00000e-01
 1.00000e-01
 1.00000e-01
 1.00000e-01
 1.00000e-01
 1.00000e-01
 1.00000e-01
 1.00000e-01
 1.00000e-01
 1.00000e-01
 1.00000e-01
 1.00000e-01
 1.00000e-01
 1.00000e-01
 1.00000e-01
 1.00000e-01
 1.00000e-01
 1.00000e-01
 1.00000e-01
 1.00000e-01
 1.00000e-01
 1.00000e-01
 1.00000e-01
 1.00000e-01
 1.00000e-01
 1.00000e-01
 1.00000e-01
 1.00000e-01
 1.00000e-01
 1.00000e-01
 1.00000e-01
 1.00000e-01
 1.00000e-01
 1.00000e-01
 1.00000e-01
 1.00000e-01
 1.00000e-01
 1.06747e-01
 1.06365e-01
 1.05538e-01
 1.04551e-01
 1.03465e-01
 1.02454e-01
 1.01624e-01
 1.01007e-01
 1.00579e-01
 1.00316e-01
 1.00158e-01
 1.00076e-01
 1.00033e-01
 1.00014e-01
 1.00005e-01
 1.02290e-01
 1.02147e-01
 1.01872e-01
 1.01522e-01
 1.01150e-01
 1.00799e-01
 1.00520e-01
 1.00316e-01
 1.00182e-01
 1.00099e-01
 1.00051e-01
 1.00024e-01
 1.00011e-01
 1.00004e-01
 1.00002e-01
 1.00678e-01
 1.00628e-01
 1.00540e-01
 1.00431e-01
 1.00321e-01
 1.00224e-01
 1.00147e-01
 1.00092e-01
 1.00053e-01
 1.00029e-01
 1.00015e-01
 1.00007e-01
 1.00003e-01
 1.00001e-01
 1.00001e-01
 1.00170e-01
 1.00159e-01
 1.00138e-01
 1.00113e-01
 1.00085e-01
 1.00060e-01
 1.00039e-01
 1.00024e-01
 1.00014e-01
 1.00008e-01
 1.00004e-01
 1.00002e-01
 1.00001e-01
 1.00000e-01
 1.00000e-01
 1.00039e-01
 1.00036e-01
 1.00031e-01
 1.00026e-01
 1.00019e-01
 1.00014e-01
 1.00009e-01
 1.00006e-01
 1.00003e-01
 1.00002e-01
 1.00001e-01
 1.00000e-01
 1.00000e-01
 1.00000e-01
 1.00000e-01
 1.00008e-01
 1.00008e-01
 1.00007e-01
 1.00006e-01
 1.00004e-01
 1.00003e-01
 1.00002e-01
 1.00001e-01
 1.00001e-01
 1.00000e-01
 1.00000e-01
 1.00000e-01
 1.00000e-01
 1.00000e-01
 1.00000e-01
 1.00001e-01
 1.00001e-01
 1.00001e-01
 1.00001e-01
 1.00001e-01
 1.00001e-01
 1.00000e-01
 1.00000e-01
 1.00000e-01
 1.00000e-01
 1.00000e-01
 1.00000e-01
 1.00000e-01
 1.00000e-01
 1.00000e-01
 1.00000e-01
 1.00000e-01
 1.00000e-01
 1.00000e-01
 1.00000e-01
 1.00000e-01
 1.00000e-01
 1.00000e-01
 1.00000e-01
 1.00000e-01
 1.00000e-01
 1.00000e-01
 1.00000e-01
 1.00000e-01
 1.00000e-01
 1.00000e-01
 1.00000e-01
 1.00000e-01
 1.00000e-01
 1.00000e-01
 1.00000e-01
 1.00000e-01
 1.00000e-01
 1.00000e-01
 1.00000e-01
 1.00000e-01
 1.00000e-01
 1.00000e-01
 1.00000e-01
 1.00000e-01
 1.00000e-01
 1.00000e-01
 1.00000e-01
 1.00000e-01
 1.00000e-01
 1.00000e-01
 1.00000e-01
 1.00000e-01
 1.00000e-01
 1.00000e-01
 1.00000e-01
 1.00000e-01
 1.00000e-01
 1.00000e-01
 1.00000e-01
 1.00000e-01
 1.00000e-01
 1.00000e-01
 1.00000e-01
 1.00000e-01
 1.00000e-01
 1.00000e-01
 1.00000e-01
 1.00000e-01
 1.00000e-01
 1.00000e-01
 1.00000e-01
 1.00000e-01
 1.00000e-01
 1.00000e-01
 1.00000e-01
 1.00000e-01
 1.00000e-01
 1.00000e-01
 1.00000e-01
 1.00000e-01
 1.00000e-01
 1.00000e-01
 1.00000e-01
 1.00000e-01
 1.00000e-01
 1.00000e-01
 1.00000e-01
 1.00000e-01
 1.00000e-01
 1.00000e-01
 1.00000e-01
 1.00000e-01
 1.00000e-01
 1.00000e-01
 1.00000e-01
 1.00000e-01
 1.00000e-01
 1.00000e-01
 1.00000e-01
 1.00000e-01
 1.00000e-01
 1.00000e-01
 1.00000e-01
 1.00000e-01
 1.00000e-01
 1.00000e-01
 1.00000e-01
 1.00000e-01
 1.00000e-01
 1.00000e-01
 1.00000e-01
 1.00000e-01
 1.00000e-01
 1.00000e-01
 1.00000e-01
 1.00000e-01
 1.00000e-01
 1.00000e-01
 1.00000e-01
 1.00000e-01
 1.00000e-01
 1.00000e-01
 1.00000e-01
 1.00000e-01
 1.00000e-01
 1.00000e-01
 1.00000e-01
 1.00000e-01
 1.00000e-01
 1.00000e-01
 1.00000e-01
 1.00000e-01
 1.00000e-01
 1.00000e-01
 1.02290e-01
 1.02148e-01
 1.01872e-01
 1.01523e-01
 1.01150e-01
 1.00799e-01
 1.00520e-01
 1.00316e-01
 1.00182e-01
 1.00099e-01
 1.00051e-01
 1.00024e-01
 1.00011e-01
 1.00004e-01
 1.00002e-01
 1.00750e-01
 1.00695e-01
 1.00595e-01
 1.00474e-01
 1.00351e-01
 1.00243e-01
 1.00160e-01
 1.00099e-01
 1.00058e-01
 1.00032e-01
 1.00016e-01
 1.00008e-01
 1.00004e-01
 1.00001e-01
 1.00001e-01
 1.00205e-01
 1.00191e-01
 1.00167e-01
 1.00135e-01
 1.00102e-01
 1.00072e-01
 1.00047e-01
 1.00029e-01
 1.00017e-01
 1.00009e-01
 1.00005e-01
 1.00002e-01
 1.00001e-01
 1.00000e-01
 1.00000e-01
 1.00054e-01
 1.00050e-01
 1.00043e-01
 1.00035e-01
 1.00026e-01
 1.00018e-01
 1.00012e-01
 1.00008e-01
 1.00005e-01
 1.00003e-01
 1.00001e-01
 1.00001e-01
 1.00000e-01
 1.00000e-01
 1.00000e-01
 1.00012e-01
 1.00011e-01
 1.00010e-01
 1.00008e-01
 1.00006e-01
 1.00005e-01
 1.00003e-01
 1.00002e-01
 1.00001e-01
 1.00001e-01
 1.00000e-01
 1.00000e-01
 1.00000e-01
 1.00000e-01
 1.00000e-01
 1.00003e-01
 1.00002e-01
 1.00002e-01
 1.00002e-01
 1.00001e-01
 1.00001e-01
 1.00001e-01
 1.00000e-01
 1.00000e-01
 1.00000e-01
 1.00000e-01
 1.00000e-01
 1.00000e-01
 1.00000e-01
 1.00000e-01
 1.00001e-01
 1.00000e-01
 1.00000e-01
 1.00000e-01
 1.00000e-01
 1.00000e-01
 1.00000e-01
 1.00000e-01
 1.00000e-01
 1.00000e-01
 1.00000e-01
 1.00000e-01
 1.00000e-01
 1.00000e-01
 1.00000e-01
 1.00000e-01
 1.00000e-01
 1.00000e-01
 1.00000e-01
 1.00000e-01
 1.00000e-01
 1.00000e-01
 1.00000e-01
 1.00000e-01
 1.00000e-01
 1.00000e-01
 1.00000e-01
 1.00000e-01
 1.00000e-01
 1.00000e-01
 1.00000e-01
 1.00000e-01
 1.00000e-01
 1.00000e-01
 1.00000e-01
 1.00000e-01
 1.00000e-01
 1.00000e-01
 1.00000e-01
 1.00000e-01
 1.00000e-01
 1.00000e-01
 1.00000e-01
 1.00000e-01
 1.00000e-01
 1.00000e-01
 1.00000e-01
 1.00000e-01
 1.00000e-01
 1.00000e-01
 1.00000e-01
 1.00000e-01
 1.00000e-01
 1.00000e-01
 1.00000e-01
 1.00000e-01
 1.00000e-01
 1.00000e-01
 1.00000e-01
 1.00000e-01
 1.00000e-01
 1.00000e-01
 1.00000e-01
 1.00000e-01
 1.00000e-01
 1.00000e-01
 1.00000e-01
 1.00000e-01
 1.00000e-01
 1.00000e-01
 1.00000e-01
 1.00000e-01
 1.00000e-01
 1.00000e-01
 1.00000e-01
 1.00000e-01
 1.00000e-01
 1.00000e-01
 1.00000e-01
 1.00000e-01
 1.00000e-01
 1.00000e-01
 1.00000e-01
 1.00000e-01
 1.00000e-01
 1.00000e-01
 1.00000e-01
 1.00000e-01
 1.00000e-01
 1.00000e-01
 1.00000e-01
 1.00000e-01
 1.00000e-01
 1.00000e-01
 1.00000e-01
 1.00000e-01
 1.00000e-01
 1.00000e-01
 1.00000e-01
 1.00000e-01
 1.00000e-01
 1.00000e-01
 1.00000e-01
 1.00000e-01
 1.00000e-01
 1.00000e-01
 1.00000e-01
 1.00000e-01
 1.00000e-01
 1.00000e-01
 1.00000e-01
 1.00000e-01
 1.00000e-01
 1.00000e-01
 1.00000e-01
 1.00000e-01
 1.00000e-01
 1.00000e-01
 1.00000e-01
 1.00000e-01
 1.00000e-01
 1.00000e-01
 1.00000e-01
 1.00000e-01
 1.00000e-01
 1.00000e-01
 1.00000e-01
 1.00000e-01
 1.00000e-01
 1.00000e-01
 1.00000e-01
 1.00000e-01
 1.00000e-01
 1.00000e-01
 1.00000e-01
 1.00678e-01
 1.00628e-01
 1.00540e-01
 1.00431e-01
 1.00321e-01
 1.00224e-01
 1.00147e-01
 1.00092e-01
 1.00053e-01
 1.00029e-01
 1.00015e-01
 1.00007e-01
 1.00003e-01
 1.00001e-01
 1.00001e-01
 1.00205e-01
 1.00191e-01
 1.00167e-01
 1.00135e-01
 1.00102e-01
 1.00072e-01
 1.00047e-01
 1.00029e-01
 1.00017e-01
 1.00009e-01
 1.00005e-01
 1.00002e-01
 1.00001e-01
 1.00000e-01
 1.00000e-01
 1.00061e-01
 1.00056e-01
 1.00048e-01
 1.00038e-01
 1.00028e-01
 1.00020e-01
 1.00013e-01
 1.00008e-01
 1.00005e-01
 1.00003e-01
 1.00001e-01
 1.00001e-01
 1.00000e-01
 1.00000e-01
 1.00000e-01
 1.00015e-01
 1.00014e-01
 1.00012e-01
 1.00010e-01
 1.00008e-01
 1.00005e-01
 1.00004e-01
 1.00002e-01
 1.00001e-01
 1.00001e-01
 1.00000e-01
 1.00000e-01
 1.00000e-01
 1.00000e-01
 1.00000e-01
 1.00004e-01
 1.00003e-01
 1.00003e-01
 1.00002e-01
 1.00002e-01
 1.00001e-01
 1.00001e-01
 1.00001e-01
 1.00000e-01
 1.00000e-01
 1.00000e-01
 1.00000e-01
 1.00000e-01
 1.00000e-01
 1.00000e-01
 1.00001e-01
 1.00001e-01
 1.00001e-01
 1.00001e-01
 1.00000e-01
 1.00000e-01
 1.00000e-01
 1.00000e-01
 1.00000e-01
 1.00000e-01
 1.00000e-01
 1.00000e-01
 1.00000e-01
 1.00000e-01
 1.00000e-01
 1.00000e-01
 1.00000e-01
 1.00000e-01
 1.00000e-01
 1.00000e-01
 1.00000e-01
 1.00000e-01
 1.00000e-01
 1.00000e-01
 1.00000e-01
 1.00000e-01
 1.00000e-01
 1.00000e-01
 1.00000e-01
 1.00000e-01
 1.00000e-01
 1.00000e-01
 1.00000e-01
 1.00000e-01
 1.00000e-01
 1.00000e-01
 1.00000e-01
 1.00000e-01
 1.00000e-01
 1.00000e-01
 1.00000e-01
 1.00000e-01
 1.00000e-01
 1.00000e-01
 1.00000e-01
 1.00000e-01
 1.00000e-01
 1.00000e-01
 1.00000e-01
 1.00000e-01
 1.00000e-01
 1.00000e-01
 1.00000e-01
 1.00000e-01
 1.00000e-01
 1.00000e-01
 1.00000e-01
 1.00000e-01
 1.00000e-01
 1.00000e-01
 1.00000e-01
 1.00000e-01
 1.00000e-01
 1.00000e-01
 1.00000e-01
 1.00000e-01
 1.00000e-01
 1.00000e-01
 1.00000e-01
 1.00000e-01
 1.00000e-01
 1.00000e-01
 1.00000e-01
 1.00000e-01
 1.00000e-01
 1.00000e-01
 1.00000e-01
 1.00000e-01
 1.00000e-01
 1.00000e-01
 1.00000e-01
 1.00000e-01
 1.00000e-01
 1.00000e-01
 1.00000e-01
 1.00000e-01
 1.00000e-01
 1.00000e-01
 1.00000e-01
 1.00000e-01
 1.00000e-01
 1.00000e-01
 1.00000e-01
 1.00000e-01
 1.00000e-01
 1.00000e-01
 1.00000e-01
 1.00000e-01
 1.00000e-01
 1.00000e-01
 1.00000e-01
 1.00000e-01
 1.00000e-01
 1.00000e-01
 1.00000e-01
 1.00000e-01
 1.00000e-01
 1.00000e-01
 1.00000e-01
 1.00000e-01
 1.00000e-01
 1.00000e-01
 1.00000e-01
 1.00000e-01
 1.00000e-01
 1.00000e-01
 1.00000e-01
 1.00000e-01
 1.00000e-01
 1.00000e-01
 1.00000e-01
 1.00000e-01
 1.00000e-01
 1.00000e-01
 1.00000e-01
 1.00000e-01
 1.00000e-01
 1.00000e-01
 1.00000e-01
 1.00000e-01
 1.00000e-01
 1.00000e-01
 1.00000e-01
 1.00000e-01
 1.00000e-01
 1.00000e-01
 1.00000e-01
 1.00000e-01
 1.00000e-01
 1.00000e-01
 1.00000e-01
 1.00000e-01
 1.00000e-01
 1.00000e-01
 1.00000e-01
 1.00000e-01
 1.00000e-01
 1.00000e-01
 1.00000e-01
 1.00000e-01
 1.00170e-01
 1.00159e-01
 1.00138e-01
 1.00113e-01
 1.00085e-01
 1.00060e-01
 1.00039e-01
 1.00024e-01
 1.00014e-01
 1.00008e-01
 1.00004e-01
 1.00002e-01
 1.00001e-01
 1.00000e-01
 1.00000e-01
 1.00054e-01
 1.00050e-01
 1.00043e-01
 1.00035e-01
 1.00026e-01
 1.00018e-01
 1.00012e-01
 1.00008e-01
 1.00005e-01
 1.00003e-01
 1.00001e-01
 1.00001e-01
 1.00000e-01
 1.00000e-01
 1.00000e-01
 1.00015e-01
 1.00014e-01
 1.00012e-01
 1.00010e-01
 1.00008e-01
 1.00005e-01
 1.00004e-01
 1.00002e-01
 1.00001e-01
 1.00001e-01
 1.00000e-01
 1.00000e-01
 1.00000e-01
 1.00000e-01
 1.00000e-01
 1.00004e-01
 1.00004e-01
 1.00003e-01
 1.00003e-01
 1.00002e-01
 1.00001e-01
 1.00001e-01
 1.00001e-01
 1.00000e-01
 1.00000e-01
 1.00000e-01
 1.00000e-01
 1.00000e-01
 1.00000e-01
 1.00000e-01
 1.00001e-01
 1.00001e-01
 1.00001e-01
 1.00001e-01
 1.00000e-01
 1.00000e-01
 1.00000e-01
 1.00000e-01
 1.00000e-01
 1.00000e-01
 1.00000e-01
 1.00000e-01
 1.00000e-01
 1.00000e-01
 1.00000e-01
 1.00000e-01
 1.00000e-01
 1.00000e-01
 1.00000e-01
 1.00000e-01
 1.00000e-01
 1.00000e-01
 1.00000e-01
 1.00000e-01
 1.00000e-01
 1.00000e-01
 1.00000e-01
 1.00000e-01
 1.00000e-01
 1.00000e-01
 1.00000e-01
 1.00000e-01
 1.00000e-01
 1.00000e-01
 1.00000e-01
 1.00000e-01
 1.00000e-01
 1.00000e-01
 1.00000e-01
 1.00000e-01
 1.00000e-01
 1.00000e-01
 1.00000e-01
 1.00000e-01
 1.00000e-01
 1.00000e-01
 1.00000e-01
 1.00000e-01
 1.00000e-01
 1.00000e-01
 1.00000e-01
 1.00000e-01
 1.00000e-01
 1.00000e-01
 1.00000e-01
 1.00000e-01
 1.00000e-01
 1.00000e-01
 1.00000e-01
 1.00000e-01
 1.00000e-01
 1.00000e-01
 1.00000e-01
 1.00000e-01
 1.00000e-01
 1.00000e-01
 1.00000e-01
 1.00000e-01
 1.00000e-01
 1.00000e-01
 1.00000e-01
 1.00000e-01
 1.00000e-01
 1.00000e-01
 1.00000e-01
 1.00000e-01
 1.00000e-01
 1.00000e-01
 1.00000e-01
 1.00000e-01
 1.00000e-01
 1.00000e-01
 1.00000e-01
 1.00000e-01
 1.00000e-01
 1.00000e-01
 1.00000e-01
 1.00000e-01
 1.00000e-01
 1.00000e-01
 1.00000e-01
 1.00000e-01
 1.00000e-01
 1.00000e-01
 1.00000e-01
 1.00000e-01
 1.00000e-01
 1.00000e-01
 1.00000e-01
 1.00000e-01
 1.00000e-01
 1.00000e-01
 1.00000e-01
 1.00000e-01
 1.00000e-01
 1.00000e-01
 1.00000e-01
 1.00000e-01
 1.00000e-01
 1.00000e-01
 1.00000e-01
 1.00000e-01
 1.00000e-01
 1.00000e-01
 1.00000e-01
 1.00000e-01
 1.00000e-01
 1.00000e-01
 1.00000e-01
 1.00000e-01
 1.00000e-01
 1.00000e-01
 1.00000e-01
 1.00000e-01
 1.00000e-01
 1.00000e-01
 1.00000e-01
 1.00000e-01
 1.00000e-01
 1.00000e-01
 1.00000e-01
 1.00000e-01
 1.00000e-01
 1.00000e-01
 1.00000e-01
 1.00000e-01
 1.00000e-01
 1.00000e-01
 1.00000e-01
 1.00000e-01
 1.00000e-01
 1.00000e-01
 1.00000e-01
 1.00000e-01
 1.00000e-01
 1.00000e-01
 1.00000e-01
 1.00000e-01
 1.00000e-01
 1.00000e-01
 1.00000e-01
 1.00000e-01
 1.00000e-01
 1.00000e-01
 1.00000e-01
 1.00000e-01
 1.00000e-01
 1.00000e-01
 1.00000e-01
 1.00000e-01
 1.00000e-01
 1.00000e-01
 1.00000e-01
 1.00000e-01
 1.00000e-01
 1.00039e-01
 1.00036e-01
 1.00031e-01
 1.00025e-01
 1.00019e-01
 1.00014e-01
 1.00009e-01
 1.00006e-01
 1.00003e-01
 1.00002e-01
 1.00001e-01
 1.00000e-01
 1.00000e-01
 1.00000e-01
 1.00000e-01
 1.00012e-01
 1.00011e-01
 1.00010e-01
 1.00008e-01
 1.00006e-01
 1.00005e-01
 1.00003e-01
 1.00002e-01
 1.00001e-01
 1.00001e-01
 1.00000e-01
 1.00000e-01
 1.00000e-01
 1.00000e-01
 1.00000e-01
 1.00004e-01
 1.00003e-01
 1.00003e-01
 1.00002e-01
 1.00002e-01
 1.00001e-01
 1.00001e-01
 1.00001e-01
 1.00000e-01
 1.00000e-01
 1.00000e-01
 1.00000e-01
 1.00000e-01
 1.00000e-01
 1.00000e-01
 1.00001e-01
 1.00001e-01
 1.00001e-01
 1.00001e-01
 1.00000e-01
 1.00000e-01
 1.00000e-01
 1.00000e-01
 1.00000e-01
 1.00000e-01
 1.00000e-01
 1.00000e-01
 1.00000e-01
 1.00000e-01
 1.00000e-01
 1.00000e-01
 1.00000e-01
 1.00000e-01
 1.00000e-01
 1.00000e-01
 1.00000e-01
 1.00000e-01
 1.00000e-01
 1.00000e-01
 1.00000e-01
 1.00000e-01
 1.00000e-01
 1.00000e-01
 1.00000e-01
 1.00000e-01
 1.00000e-01
 1.00000e-01
 1.00000e-01
 1.00000e-01
 1.00000e-01
 1.00000e-01
 1.00000e-01
 1.00000e-01
 1.00000e-01
 1.00000e-01
 1.00000e-01
 1.00000e-01
 1.00000e-01
 1.00000e-01
 1.00000e-01
 1.00000e-01
 1.00000e-01
 1.00000e-01
 1.00000e-01
 1.00000e-01
 1.00000e-01
 1.00000e-01
 1.00000e-01
 1.00000e-01
 1.00000e-01
 1.00000e-01
 1.00000e-01
 1.00000e-01
 1.00000e-01
 1.00000e-01
 1.00000e-01
 1.00000e-01
 1.00000e-01
 1.00000e-01
 1.00000e-01
 1.00000e-01
 1.00000e-01
 1.00000e-01
 1.00000e-01
 1.00000e-01
 1.00000e-01
 1.00000e-01
 1.00000e-01
 1.00000e-01
 1.00000e-01
 1.00000e-01
 1.00000e-01
 1.00000e-01
 1.00000e-01
 1.00000e-01
 1.00000e-01
 1.00000e-01
 1.00000e-01
 1.00000e-01
 1.00000e-01
 1.00000e-01
 1.00000e-01
 1.00000e-01
 1.00000e-01
 1.00000e-01
 1.00000e-01
 1.00000e-01
 1.00000e-01
 1.00000e-01
 1.00000e-01
 1.00000e-01
 1.00000e-01
 1.00000e-01
 1.00000e-01
 1.00000e-01
 1.00000e-01
 1.00000e-01
 1.00000e-01
 1.00000e-01
 1.00000e-01
 1.00000e-01
 1.00000e-01
 1.00000e-01
 1.00000e-01
 1.00000e-01
 1.00000e-01
 1.00000e-01
 1.00000e-01
 1.00000e-01
 1.00000e-01
 1.00000e-01
 1.00000e-01
 1.00000e-01
 1.00000e-01
 1.00000e-01
 1.00000e-01
 1.00000e-01
 1.00000e-01
 1.00000e-01
 1.00000e-01
 1.00000e-01
 1.00000e-01
 1.00000e-01
 1.00000e-01
 1.00000e-01
 1.00000e-01
 1.00000e-01
 1.00000e-01
 1.00000e-01
 1.00000e-01
 1.00000e-01
 1.00000e-01
 1.00000e-01
 1.00000e-01
 1.00000e-01
 1.00000e-01
 1.00000e-01
 1.00000e-01
 1.00000e-01
 1.00000e-01
 1.00000e-01
 1.00000e-01
 1.00000e-01
 1.00000e-01
 1.00000e-01
 1.00000e-01
 1.00000e-01
 1.00000e-01
 1.00000e-01
 1.00000e-01
 1.00000e-01
 1.00000e-01
 1.00000e-01
 1.00000e-01
 1.00000e-01
 1.00000e-01
 1.00000e-01
 1.00000e-01
 1.00000e-01
 1.00000e-01
 1.00000e-01
 1.00000e-01
 1.00000e-01
 1.00000e-01
 1.00000e-01
 1.00000e-01
 1.00000e-01
 1.00000e-01
 1.00000e-01
 1.00000e-01
 1.00000e-01
 1.00000e-01
 1.00000e-01
 1.00000e-01
 1.00000e-01
 1.00008e-01
 1.00008e-01
 1.00007e-01
 1.00006e-01
 1.00004e-01
 1.00003e-01
 1.00002e-01
 1.00001e-01
 1.00001e-01
 1.00000e-01
 1.00000e-01
 1.00000e-01
 1.00000e-01
 1.00000e-01
 1.00000e-01
 1.00003e-01
 1.00002e-01
 1.00002e-01
 1.00002e-01
 1.00001e-01
 1.00001e-01
 1.00001e-01
 1.00000e-01
 1.00000e-01
 1.00000e-01
 1.00000e-01
 1.00000e-01
 1.00000e-01
 1.00000e-01
 1.00000e-01
 1.00001e-01
 1.00001e-01
 1.00001e-01
 1.00001e-01
 1.00000e-01
 1.00000e-01
 1.00000e-01
 1.00000e-01
 1.00000e-01
 1.00000e-01
 1.00000e-01
 1.00000e-01
 1.00000e-01
 1.00000e-01
 1.00000e-01
 1.00000e-01
 1.00000e-01
 1.00000e-01
 1.00000e-01
 1.00000e-01
 1.00000e-01
 1.00000e-01
 1.00000e-01
 1.00000e-01
 1.00000e-01
 1.00000e-01
 1.00000e-01
 1.00000e-01
 1.00000e-01
 1.00000e-01
 1.00000e-01
 1.00000e-01
 1.00000e-01
 1.00000e-01
 1.00000e-01
 1.00000e-01
 1.00000e-01
 1.00000e-01
 1.00000e-01
 1.00000e-01
 1.00000e-01
 1.00000e-01
 1.00000e-01
 1.00000e-01
 1.00000e-01
 1.00000e-01
 1.00000e-01
 1.00000e-01
 1.00000e-01
 1.00000e-01
 1.00000e-01
 1.00000e-01
 1.00000e-01
 1.00000e-01
 1.00000e-01
 1.00000e-01
 1.00000e-01
 1.00000e-01
 1.00000e-01
 1.00000e-01
 1.00000e-01
 1.00000e-01
 1.00000e-01
 1.00000e-01
 1.00000e-01
 1.00000e-01
 1.00000e-01
 1.00000e-01
 1.00000e-01
 1.00000e-01
 1.00000e-01
 1.00000e-01
 1.00000e-01
 1.00000e-01
 1.00000e-01
 1.00000e-01
 1.00000e-01
 1.00000e-01
 1.00000e-01
 1.00000e-01
 1.00000e-01
 1.00000e-01
 1.00000e-01
 1.00000e-01
 1.00000e-01
 1.00000e-01
 1.00000e-01
 1.00000e-01
 1.00000e-01
 1.00000e-01
 1.00000e-01
 1.00000e-01
 1.00000e-01
 1.00000e-01
 1.00000e-01
 1.00000e-01
 1.00000e-01
 1.00000e-01
 1.00000e-01
 1.00000e-01
 1.00000e-01
 1.00000e-01
 1.00000e-01
 1.00000e-01
 1.00000e-01
 1.00000e-01
 1.00000e-01
 1.00000e-01
 1.00000e-01
 1.00000e-01
 1.00000e-01
 1.00000e-01
 1.00000e-01
 1.00000e-01
 1.00000e-01
 1.00000e-01
 1.00000e-01
 1.00000e-01
 1.00000e-01
 1.00000e-01
 1.00000e-01
 1.00000e-01
 1.00000e-01
 1.00000e-01
 1.00000e-01
 1.00000e-01
 1.00000e-01
 1.00000e-01
 1.00000e-01
 1.00000e-01
 1.00000e-01
 1.00000e-01
 1.00000e-01
 1.00000e-01
 1.00000e-01
 1.00000e-01
 1.00000e-01
 1.00000e-01
 1.00000e-01
 1.00000e-01
 1.00000e-01
 1.00000e-01
 1.00000e-01
 1.00000e-01
 1.00000e-01
 1.00000e-01
 1.00000e-01
 1.00000e-01
 1.00000e-01
 1.00000e-01
 1.00000e-01
 1.00000e-01
 1.00000e-01
 1.00000e-01
 1.00000e-01
 1.00000e-01
 1.00000e-01
 1.00000e-01
 1.00000e-01
 1.00000e-01
 1.00000e-01
 1.00000e-01
 1.00000e-01
 1.00000e-01
 1.00000e-01
 1.00000e-01
 1.00000e-01
 1.00000e-01
 1.00000e-01
 1.00000e-01
 1.00000e-01
 1.00000e-01
 1.00000e-01
 1.00000e-01
 1.00000e-01
 1.00000e-01
 1.00000e-01
 1.00000e-01
 1.00000e-01
 1.00000e-01
 1.00000e-01
 1.00000e-01
 1.00000e-01
 1.00000e-01
 1.00000e-01
 1.00000e-01
 1.00000e-01
 1.00000e-01
 1.00000e-01
 1.00000e-01
 1.00000e-01
 1.00000e-01
 1.00000e-01
 1.00000e-01
 1.00000e-01
 1.00001e-01
 1.00001e-01
 1.00001e-01
 1.00001e-01
 1.00001e-01
 1.00001e-01
 1.00000e-01
 1.00000e-01
 1.00000e-01
 1.00000e-01
 1.00000e-01
 1.00000e-01
 1.00000e-01
 1.00000e-01
 1.00000e-01
 1.00001e-01
 1.00000e-01
 1.00000e-01
 1.00000e-01
 1.00000e-01
 1.00000e-01
 1.00000e-01
 1.00000e-01
 1.00000e-01
 1.00000e-01
 1.00000e-01
 1.00000e-01
 1.00000e-01
 1.00000e-01
 1.00000e-01
 1.00000e-01
 1.00000e-01
 1.00000e-01
 1.00000e-01
 1.00000e-01
 1.00000e-01
 1.00000e-01
 1.00000e-01
 1.00000e-01
 1.00000e-01
 1.00000e-01
 1.00000e-01
 1.00000e-01
 1.00000e-01
 1.00000e-01
 1.00000e-01
 1.00000e-01
 1.00000e-01
 1.00000e-01
 1.00000e-01
 1.00000e-01
 1.00000e-01
 1.00000e-01
 1.00000e-01
 1.00000e-01
 1.00000e-01
 1.00000e-01
 1.00000e-01
 1.00000e-01
 1.00000e-01
 1.00000e-01
 1.00000e-01
 1.00000e-01
 1.00000e-01
 1.00000e-01
 1.00000e-01
 1.00000e-01
 1.00000e-01
 1.00000e-01
 1.00000e-01
 1.00000e-01
 1.00000e-01
 1.00000e-01
 1.00000e-01
 1.00000e-01
 1.00000e-01
 1.00000e-01
 1.00000e-01
 1.00000e-01
 1.00000e-01
 1.00000e-01
 1.00000e-01
 1.00000e-01
 1.00000e-01
 1.00000e-01
 1.00000e-01
 1.00000e-01
 1.00000e-01
 1.00000e-01
 1.00000e-01
 1.00000e-01
 1.00000e-01
 1.00000e-01
 1.00000e-01
 1.00000e-01
 1.00000e-01
 1.00000e-01
 1.00000e-01
 1.00000e-01
 1.00000e-01
 1.00000e-01
 1.00000e-01
 1.00000e-01
 1.00000e-01
 1.00000e-01
 1.00000e-01
 1.00000e-01
 1.00000e-01
 1.00000e-01
 1.00000e-01
 1.00000e-01
 1.00000e-01
 1.00000e-01
 1.00000e-01
 1.00000e-01
 1.00000e-01
 1.00000e-01
 1.00000e-01
 1.00000e-01
 1.00000e-01
 1.00000e-01
 1.00000e-01
 1.00000e-01
 1.00000e-01
 1.00000e-01
 1.00000e-01
 1.00000e-01
 1.00000e-01
 1.00000e-01
 1.00000e-01
 1.00000e-01
 1.00000e-01
 1.00000e-01
 1.00000e-01
 1.00000e-01
 1.00000e-01
 1.00000e-01
 1.00000e-01
 1.00000e-01
 1.00000e-01
 1.00000e-01
 1.00000e-01
 1.00000e-01
 1.00000e-01
 1.00000e-01
 1.00000e-01
 1.00000e-01
 1.00000e-01
 1.00000e-01
 1.00000e-01
 1.00000e-01
 1.00000e-01
 1.00000e-01
 1.00000e-01
 1.00000e-01
 1.00000e-01
 1.00000e-01
 1.00000e-01
 1.00000e-01
 1.00000e-01
 1.00000e-01
 1.00000e-01
 1.00000e-01
 1.00000e-01
 1.00000e-01
 1.00000e-01
 1.00000e-01
 1.00000e-01
 1.00000e-01
 1.00000e-01
 1.00000e-01
 1.00000e-01
 1.00000e-01
 1.00000e-01
 1.00000e-01
 1.00000e-01
 1.00000e-01
 1.00000e-01
 1.00000e-01
 1.00000e-01
 1.00000e-01
 1.00000e-01
 1.00000e-01
 1.00000e-01
 1.00000e-01
 1.00000e-01
 1.00000e-01
 1.00000e-01
 1.00000e-01
 1.00000e-01
 1.00000e-01
 1.00000e-01
 1.00000e-01
 1.00000e-01
 1.00000e-01
 1.00000e-01
 1.00000e-01
 1.00000e-01
 1.00000e-01
 1.00000e-01
 1.00000e-01
 1.00000e-01
 1.00000e-01
 1.00000e-01
 1.00000e-01
 1.00000e-01
 1.00000e-01
 1.00000e-01
 1.00000e-01
 1.00000e-01
 1.00000e-01
 1.00000e-01
 1.00000e-01
 1.00000e-01
 1.00000e-01
 1.00000e-01
 1.00000e-01
 1.00000e-01
 1.00000e-01
 1.00000e-01
 1.00000e-01
 1.00000e-01
 1.00000e-01
 1.00000e-01
 1.00000e-01
 1.00000e-01
 1.00000e-01
 1.00000e-01
 1.00000e-01
 1.00000e-01
 1.00000e-01
 1.00000e-01
 1.00000e-01
 1.00000e-01
 1.00000e-01
 1.00000e-01
 1.00000e-01
 1.00000e-01
 1.00000e-01
 1.00000e-01
 1.00000e-01
 1.00000e-01
 1.00000e-01
 1.00000e-01
 1.00000e-01
 1.00000e-01
 1.00000e-01
 1.00000e-01
 1.00000e-01
 1.00000e-01
 1.00000e-01
 1.00000e-01
 1.00000e-01
 1.00000e-01
 1.00000e-01
 1.00000e-01
 1.00000e-01
 1.00000e-01
 1.00000e-01
 1.00000e-01
 1.00000e-01
 1.00000e-01
 1.00000e-01
 1.00000e-01
 1.00000e-01
 1.00000e-01
 1.00000e-01
 1.00000e-01
 1.00000e-01
 1.00000e-01
 1.00000e-01
 1.00000e-01
 1.00000e-01
 1.00000e-01
 1.00000e-01
 1.00000e-01
 1.00000e-01
 1.00000e-01
 1.00000e-01
 1.00000e-01
 1.00000e-01
 1.00000e-01
 1.00000e-01
 1.00000e-01
 1.00000e-01
 1.00000e-01
 1.00000e-01
 1.00000e-01
 1.00000e-01
 1.00000e-01
 1.00000e-01
 1.00000e-01
 1.00000e-01
 1.00000e-01
 1.00000e-01
 1.00000e-01
 1.00000e-01
 1.00000e-01
 1.00000e-01
 1.00000e-01
 1.00000e-01
 1.00000e-01
 1.00000e-01
 1.00000e-01
 1.00000e-01
 1.00000e-01
 1.00000e-01
 1.00000e-01
 1.00000e-01
 1.00000e-01
 1.00000e-01
 1.00000e-01
 1.00000e-01
 1.00000e-01
 1.00000e-01
 1.00000e-01
 1.00000e-01
 1.00000e-01
 1.00000e-01
 1.00000e-01
 1.00000e-01
 1.00000e-01
 1.00000e-01
 1.00000e-01
 1.00000e-01
 1.00000e-01
 1.00000e-01
 1.00000e-01
 1.00000e-01
 1.00000e-01
 1.00000e-01
 1.00000e-01
 1.00000e-01
 1.00000e-01
 1.00000e-01
 1.00000e-01
 1.00000e-01
 1.00000e-01
 1.00000e-01
 1.00000e-01
 1.00000e-01
 1.00000e-01
 1.00000e-01
 1.00000e-01
 1.00000e-01
 1.00000e-01
 1.00000e-01
 1.00000e-01
 1.00000e-01
 1.00000e-01
 1.00000e-01
 1.00000e-01
 1.00000e-01
 1.00000e-01
 1.00000e-01
 1.00000e-01
 1.00000e-01
 1.00000e-01
 1.00000e-01
 1.00000e-01
 1.00000e-01
 1.00000e-01
 1.00000e-01
 1.00000e-01
 1.00000e-01
 1.00000e-01
 1.00000e-01
 1.00000e-01
 1.00000e-01
 1.00000e-01
 1.00000e-01
 1.00000e-01
 1.00000e-01
 1.00000e-01
 1.00000e-01
 1.00000e-01
 1.00000e-01
 1.00000e-01
 1.00000e-01
 1.00000e-01
 1.00000e-01
 1.00000e-01
 1.00000e-01
 1.00000e-01
 1.00000e-01
 1.00000e-01
 1.00000e-01
 1.00000e-01
 1.00000e-01
 1.00000e-01
 1.00000e-01
 1.00000e-01
 1.00000e-01
 1.00000e-01
 1.00000e-01
 1.00000e-01
 1.00000e-01
 1.00000e-01
 1.00000e-01
 1.00000e-01
 1.00000e-01
 1.00000e-01
 1.00000e-01
 1.00000e-01
 1.00000e-01
 1.00000e-01
 1.00000e-01
 1.00000e-01
 1.00000e-01
 1.00000e-01
 1.00000e-01
 1.00000e-01
 1.00000e-01
 1.00000e-01
 1.00000e-01
 1.00000e-01
 1.00000e-01
 1.00000e-01
 1.00000e-01
 1.00000e-01
 1.00000e-01
 1.00000e-01
 1.00000e-01
 1.00000e-01
 1.00000e-01
 1.00000e-01
 1.00000e-01
 1.00000e-01
 1.00000e-01
 1.00000e-01
 1.00000e-01
 1.00000e-01
 1.00000e-01
 1.00000e-01
 1.00000e-01
 1.00000e-01
 1.00000e-01
 1.00000e-01
 1.00000e-01
 1.00000e-01
 1.00000e-01
 1.00000e-01
 1.00000e-01
 1.00000e-01
 1.00000e-01
 1.00000e-01
 1.00000e-01
 1.00000e-01
 1.00000e-01
 1.00000e-01
 1.00000e-01
 1.00000e-01
 1.00000e-01
 1.00000e-01
 1.00000e-01
 1.00000e-01
 1.00000e-01
 1.00000e-01
 1.00000e-01
 1.00000e-01
 1.00000e-01
 1.00000e-01
 1.00000e-01
 1.00000e-01
 1.00000e-01
 1.00000e-01
 1.00000e-01
 1.00000e-01
 1.00000e-01
 1.00000e-01
 1.00000e-01
 1.00000e-01
 1.00000e-01
 1.00000e-01
 1.00000e-01
 1.00000e-01
 1.00000e-01
 1.00000e-01
 1.00000e-01
 1.00000e-01
 1.00000e-01
 1.00000e-01
 1.00000e-01
 1.00000e-01
 1.00000e-01
 1.00000e-01
 1.00000e-01
 1.00000e-01
 1.00000e-01
 1.00000e-01
 1.00000e-01
 1.00000e-01
 1.00000e-01
 1.00000e-01
 1.00000e-01
 1.00000e-01
 1.00000e-01
 1.00000e-01
 1.00000e-01
 1.00000e-01
 1.00000e-01
 1.00000e-01
 1.00000e-01
 1.00000e-01
 1.00000e-01
 1.00000e-01
 1.00000e-01
 1.00000e-01
 1.00000e-01
 1.00000e-01
 1.00000e-01
 1.00000e-01
 1.00000e-01
 1.00000e-01
 1.00000e-01
 1.00000e-01
 1.00000e-01
 1.00000e-01
 1.00000e-01
 1.00000e-01
 1.00000e-01
 1.00000e-01
 1.00000e-01
 1.00000e-01
 1.00000e-01
 1.00000e-01
 1.00000e-01
 1.00000e-01
 1.00000e-01
 1.00000e-01
 1.00000e-01
 1.00000e-01
 1.00000e-01
 1.00000e-01
 1.00000e-01
 1.00000e-01
 1.00000e-01
 1.00000e-01
 1.00000e-01
 1.00000e-01
 1.00000e-01
 1.00000e-01
 1.00000e-01
 1.00000e-01
 1.00000e-01
 1.00000e-01
 1.00000e-01
 1.00000e-01
 1.00000e-01
 1.00000e-01
 1.00000e-01
 1.00000e-01
 1.00000e-01
 1.00000e-01
 1.00000e-01
 1.00000e-01
 1.00000e-01
 1.00000e-01
 1.00000e-01
 1.00000e-01
 1.00000e-01
 1.00000e-01
 1.00000e-01
 1.00000e-01
 1.00000e-01
 1.00000e-01
 1.00000e-01
 1.00000e-01
 1.00000e-01
 1.00000e-01
 1.00000e-01
 1.00000e-01
 1.00000e-01
 1.00000e-01
 1.00000e-01
 1.00000e-01
 1.00000e-01
 1.00000e-01
 1.00000e-01
 1.00000e-01
 1.00000e-01
 1.00000e-01
 1.00000e-01
 1.00000e-01
 1.00000e-01
 1.00000e-01
 1.00000e-01
 1.00000e-01
 1.00000e-01
 1.00000e-01
 1.00000e-01
 1.00000e-01
 1.00000e-01
 1.00000e-01
 1.00000e-01
 1.00000e-01
 1.00000e-01
 1.00000e-01
 1.00000e-01
 1.00000e-01
 1.00000e-01
 1.00000e-01
 1.00000e-01
 1.00000e-01
 1.00000e-01
 1.00000e-01
 1.00000e-01
 1.00000e-01
 1.00000e-01
 1.00000e-01
 1.00000e-01
 1.00000e-01
 1.00000e-01
 1.00000e-01
 1.00000e-01
 1.00000e-01
 1.00000e-01
 1.00000e-01
 1.00000e-01
 1.00000e-01
 1.00000e-01
 1.00000e-01
 1.00000e-01
 1.00000e-01
 1.00000e-01
 1.00000e-01
 1.00000e-01
 1.00000e-01
 1.00000e-01
 1.00000e-01
 1.00000e-01
 1.00000e-01
 1.00000e-01
 1.00000e-01
 1.00000e-01
 1.00000e-01
 1.00000e-01
 1.00000e-01
 1.00000e-01
 1.00000e-01
 1.00000e-01
 1.00000e-01
 1.00000e-01
 1.00000e-01
 1.00000e-01
 1.00000e-01
 1.00000e-01
 1.00000e-01
 1.00000e-01
 1.00000e-01
 1.00000e-01
 1.00000e-01
 1.00000e-01
 1.00000e-01
 1.00000e-01
 1.00000e-01
 1.00000e-01
 1.00000e-01
 1.00000e-01
 1.00000e-01
 1.00000e-01
 1.00000e-01
 1.00000e-01
 1.00000e-01
 1.00000e-01
 1.00000e-01
 1.00000e-01
 1.00000e-01
 1.00000e-01
 1.00000e-01
 1.00000e-01
 1.00000e-01
 1.00000e-01
 1.00000e-01
 1.00000e-01
 1.00000e-01
 1.00000e-01
 1.00000e-01
 1.00000e-01
 1.00000e-01
 1.00000e-01
 1.00000e-01
 1.00000e-01
 1.00000e-01
 1.00000e-01
 1.00000e-01
 1.00000e-01
 1.00000e-01
 1.00000e-01
 1.00000e-01
 1.00000e-01
 1.00000e-01
 1.00000e-01
 1.00000e-01
 1.00000e-01
 1.00000e-01
 1.00000e-01
 1.00000e-01
 1.00000e-01
 1.00000e-01
 1.00000e-01
 1.00000e-01
 1.00000e-01
 1.00000e-01
 1.00000e-01
 1.00000e-01
 1.00000e-01
 1.00000e-01
 1.00000e-01
 1.00000e-01
 1.00000e-01
 1.00000e-01
 1.00000e-01
 1.00000e-01
 1.00000e-01
 1.00000e-01
 1.00000e-01
 1.00000e-01
 1.00000e-01
 1.00000e-01
 1.00000e-01
 1.00000e-01
 1.00000e-01
 1.00000e-01
 1.00000e-01
 1.00000e-01
 1.00000e-01
 1.00000e-01
 1.00000e-01
 1.00000e-01
 1.00000e-01
 1.00000e-01
 1.00000e-01
 1.00000e-01
 1.00000e-01
 1.00000e-01
 1.00000e-01
 1.00000e-01
 1.00000e-01
 1.00000e-01
 1.00000e-01
 1.00000e-01
 1.00000e-01
 1.00000e-01
 1.00000e-01
 1.00000e-01
 1.00000e-01
 1.00000e-01
 1.00000e-01
 1.00000e-01
 1.00000e-01
 1.00000e-01
 1.00000e-01
 1.00000e-01
 1.00000e-01
 1.00000e-01
 1.00000e-01
 1.00000e-01
 1.00000e-01
 1.00000e-01
 1.00000e-01
 1.00000e-01
 1.00000e-01
 1.00000e-01
 1.00000e-01
 1.00000e-01
 1.00000e-01
 1.00000e-01
 1.00000e-01
 1.00000e-01
 1.00000e-01
 1.00000e-01
 1.00000e-01
 1.00000e-01
 1.00000e-01
 1.00000e-01
 1.00000e-01
 1.00000e-01
 1.00000e-01
 1.00000e-01
 1.00000e-01
 1.00000e-01
 1.00000e-01
 1.00000e-01
 1.00000e-01
 1.00000e-01
 1.00000e-01
 1.00000e-01
 1.00000e-01
 1.00000e-01
 1.00000e-01
 1.00000e-01
 1.00000e-01
 1.00000e-01
 1.00000e-01
 1.00000e-01
 1.00000e-01
 1.00000e-01
 1.00000e-01
 1.00000e-01
 1.00000e-01
 1.00000e-01
 1.00000e-01
 1.00000e-01
 1.00000e-01
 1.00000e-01
 1.00000e-01
 1.00000e-01
 1.00000e-01
 1.00000e-01
 1.00000e-01
 1.00000e-01
 1.00000e-01
 1.00000e-01
 1.00000e-01
 1.00000e-01
 1.00000e-01
 1.00000e-01
 1.00000e-01
 1.00000e-01
 1.00000e-01
 1.00000e-01
 1.00000e-01
 1.00000e-01
 1.00000e-01
 1.00000e-01
 1.00000e-01
 1.00000e-01
 1.00000e-01
 1.00000e-01
 1.00000e-01
 1.00000e-01
 1.00000e-01
 1.00000e-01
 1.00000e-01
 1.00000e-01
 1.00000e-01
 1.00000e-01
 1.00000e-01
 1.00000e-01
 1.00000e-01
 1.00000e-01
 1.00000e-01
 1.00000e-01
 1.00000e-01
 1.00000e-01
 1.00000e-01
 1.00000e-01
 1.00000e-01
 1.00000e-01
 1.00000e-01
 1.00000e-01
 1.00000e-01
 1.00000e-01
 1.00000e-01
 1.00000e-01
 1.00000e-01
 1.00000e-01
 1.00000e-01
 1.00000e-01
 1.00000e-01
 1.00000e-01
 1.00000e-01
 1.00000e-01
 1.00000e-01
 1.00000e-01
 1.00000e-01
 1.00000e-01
 1.00000e-01
 1.00000e-01
 1.00000e-01
 1.00000e-01
 1.00000e-01
 1.00000e-01
 1.00000e-01
 1.00000e-01
 1.00000e-01
 1.00000e-01
 1.00000e-01
 1.00000e-01
 1.00000e-01
 1.00000e-01
 1.00000e-01
 1.00000e-01
 1.00000e-01
 1.00000e-01
 1.00000e-01
 1.00000e-01
 1.00000e-01
 1.00000e-01
 1.00000e-01
 1.00000e-01
 1.00000e-01
 1.00000e-01
 1.00000e-01
 1.00000e-01
 1.00000e-01
 1.00000e-01
 1.00000e-01
 1.00000e-01
 1.00000e-01
 1.00000e-01
 1.00000e-01
 1.00000e-01
 1.00000e-01
 1.00000e-01
 1.00000e-01
 1.00000e-01
 1.00000e-01
 1.00000e-01
 1.00000e-01
 1.00000e-01
 1.00000e-01
 1.00000e-01
 1.00000e-01
 1.00000e-01
 1.00000e-01
 1.00000e-01
 1.00000e-01
 1.00000e-01
 1.00000e-01
 1.00000e-01
 1.00000e-01
 1.00000e-01
 1.00000e-01
 1.00000e-01
 1.00000e-01
 1.00000e-01
 1.00000e-01
 1.00000e-01
 1.00000e-01
 1.00000e-01
 1.00000e-01
 1.00000e-01
 1.00000e-01
 1.00000e-01
 1.00000e-01
 1.00000e-01
 1.00000e-01
 1.00000e-01
 1.00000e-01
 1.00000e-01
 1.00000e-01
 1.00000e-01
 1.00000e-01
 1.00000e-01
 1.00000e-01
 1.00000e-01
 1.00000e-01
 1.00000e-01
 1.00000e-01
 1.00000e-01
 1.00000e-01
 1.00000e-01
 1.00000e-01
 1.00000e-01
 1.00000e-01
 1.00000e-01
 1.00000e-01
 1.00000e-01
 1.00000e-01
 1.00000e-01
 1.00000e-01
 1.00000e-01
 1.00000e-01
 1.00000e-01
 1.00000e-01
 1.00000e-01
 1.00000e-01
 1.00000e-01
 1.00000e-01
 1.00000e-01
 1.00000e-01
 1.00000e-01
 1.00000e-01
 1.00000e-01
 1.00000e-01
 1.00000e-01
 1.00000e-01
 1.00000e-01
 1.00000e-01
 1.00000e-01
 1.00000e-01
 1.00000e-01
 1.00000e-01
 1.00000e-01
 1.00000e-01
 1.00000e-01
 1.00000e-01
 1.00000e-01
 1.00000e-01
 1.00000e-01
 1.00000e-01
 1.00000e-01
 1.00000e-01
 1.00000e-01
 1.00000e-01
 1.00000e-01
 1.00000e-01
 1.00000e-01
 1.00000e-01
 1.00000e-01
 1.00000e-01
 1.00000e-01
 1.00000e-01
 1.00000e-01
 1.00000e-01
 1.00000e-01
 1.00000e-01
 1.00000e-01
 1.00000e-01
 1.00000e-01
 1.00000e-01
 1.00000e-01
 1.00000e-01
 1.00000e-01
 1.00000e-01
 1.00000e-01
 1.00000e-01
 1.00000e-01
 1.00000e-01
 1.00000e-01
 1.00000e-01
 1.00000e-01
 1.00000e-01
 1.00000e-01
 1.00000e-01
 1.00000e-01
 1.00000e-01
 1.00000e-01
 1.00000e-01
 1.00000e-01
 1.00000e-01
 1.00000e-01
 1.00000e-01
 1.00000e-01
 1.00000e-01
 1.00000e-01
 1.00000e-01
 1.00000e-01
 1.00000e-01
 1.00000e-01
 1.00000e-01
 1.00000e-01
 1.00000e-01
 1.00000e-01
 1.00000e-01
 1.00000e-01
 1.00000e-01
 1.00000e-01
 1.00000e-01
 1.00000e-01
 1.00000e-01
 1.00000e-01
 1.00000e-01
 1.00000e-01
 1.00000e-01
 1.00000e-01
 1.00000e-01
 1.00000e-01
 1.00000e-01
 1.00000e-01
 1.00000e-01
 1.00000e-01
 1.00000e-01
 1.00000e-01
 1.00000e-01
 1.00000e-01
 1.00000e-01
 1.00000e-01
 1.00000e-01
 1.00000e-01
 1.00000e-01
 1.00000e-01
 1.00000e-01
 1.00000e-01
 1.00000e-01
 1.00000e-01
 1.00000e-01
 1.00000e-01
 1.00000e-01
 1.00000e-01
 1.00000e-01
 1.00000e-01
 1.00000e-01
 1.00000e-01
 1.00000e-01
 1.00000e-01
 1.00000e-01
 1.00000e-01
 1.00000e-01
 1.00000e-01
 1.00000e-01
 1.00000e-01
 1.00000e-01
 1.00000e-01
 1.00000e-01
 1.00000e-01
 1.00000e-01
 1.00000e-01
 1.00000e-01
 1.00000e-01
 1.00000e-01
 1.00000e-01
 1.00000e-01
 1.00000e-01
 1.00000e-01
 1.00000e-01
 1.00000e-01
 1.00000e-01
 1.00000e-01
 1.00000e-01
 1.00000e-01
 1.00000e-01
 1.00000e-01
 1.00000e-01
 1.00000e-01
 1.00000e-01
 1.00000e-01
 1.00000e-01
 1.00000e-01
 1.00000e-01
 1.00000e-01
 1.00000e-01
 1.00000e-01
 1.00000e-01
 1.00000e-01
 1.00000e-01
 1.00000e-01
 1.00000e-01
 1.00000e-01
 1.00000e-01
 1.00000e-01
 1.00000e-01
 1.00000e-01
 1.00000e-01
 1.00000e-01
 1.00000e-01
 1.00000e-01
 1.00000e-01
 1.00000e-01
 1.00000e-01
 1.00000e-01
 1.00000e-01
 1.00000e-01
 1.00000e-01
 1.00000e-01
 1.00000e-01
 1.00000e-01
 1.00000e-01
 1.00000e-01
 1.00000e-01
 1.00000e-01
 1.00000e-01
 1.00000e-01
 1.00000e-01
 1.00000e-01
 1.00000e-01
 1.00000e-01
 1.00000e-01
 1.00000e-01
 1.00000e-01
 1.00000e-01
 1.00000e-01
 1.00000e-01
 1.00000e-01
 1.00000e-01
 1.00000e-01
 1.00000e-01
 1.00000e-01
 1.00000e-01
 1.00000e-01
 1.00000e-01
 1.00000e-01
 1.00000e-01
 1.00000e-01
 1.00000e-01
 1.00000e-01
 1.00000e-01
 1.00000e-01
 1.00000e-01
 1.00000e-01
 1.00000e-01
 1.00000e-01
 1.00000e-01
 1.00000e-01
 1.00000e-01
 1.00000e-01
 1.00000e-01
 1.00000e-01
 1.00000e-01
 1.00000e-01
 1.00000e-01
 1.00000e-01
 1.00000e-01
 1.00000e-01
 1.00000e-01
 1.00000e-01
 1.00000e-01
 1.00000e-01
 1.00000e-01
 1.00000e-01
 1.00000e-01
 1.00000e-01
 1.00000e-01
 1.00000e-01
 1.00000e-01
 1.00000e-01
 1.00000e-01
 1.00000e-01
 1.00000e-01
 1.00000e-01
 1.00000e-01
 1.00000e-01
 1.00000e-01
 1.00000e-01
 1.00000e-01
 1.00000e-01
 1.00000e-01
 1.00000e-01
 1.00000e-01
 1.00000e-01
 1.00000e-01
 1.00000e-01
 1.00000e-01
 1.00000e-01
 1.00000e-01
 1.00000e-01
 1.00000e-01
 1.00000e-01
 1.00000e-01
 1.00000e-01
 1.00000e-01
 1.00000e-01
 1.00000e-01
 1.00000e-01
 1.00000e-01
 1.00000e-01
 1.00000e-01
 1.00000e-01
 1.00000e-01
 1.00000e-01
 1.00000e-01
 1.00000e-01
 1.00000e-01
 1.00000e-01
 1.00000e-01
 1.00000e-01
 1.00000e-01
 1.00000e-01
 1.00000e-01
 1.00000e-01
 1.00000e-01
 1.00000e-01
 1.00000e-01
 1.00000e-01
 1.00000e-01
 1.00000e-01
 1.00000e-01
 1.00000e-01
 1.00000e-01
 1.00000e-01
 1.00000e-01
 1.00000e-01
 1.00000e-01
 1.00000e-01
 1.00000e-01
 1.00000e-01
 1.00000e-01
 1.00000e-01
 1.00000e-01
 1.00000e-01
 1.00000e-01
 1.00000e-01
 1.00000e-01
 1.00000e-01
 1.00000e-01
 1.00000e-01
 1.00000e-01
 1.00000e-01
 1.00000e-01
 1.00000e-01
 1.00000e-01
 1.00000e-01
 1.00000e-01
 1.00000e-01
 1.00000e-01
 1.00000e-01
 1.00000e-01
 1.00000e-01
 1.00000e-01
 1.00000e-01
 1.00000e-01
 1.00000e-01
 1.00000e-01
 1.00000e-01
 1.00000e-01
 1.00000e-01
 1.00000e-01
 1.00000e-01
 1.00000e-01
 1.00000e-01
 1.00000e-01
 1.00000e-01
 1.00000e-01
 1.00000e-01
 1.00000e-01
 1.00000e-01
 1.00000e-01
 1.00000e-01
 1.00000e-01
 1.00000e-01
 1.00000e-01
 1.00000e-01
 1.00000e-01
 1.00000e-01
 1.00000e-01
 1.00000e-01
 1.00000e-01
 1.00000e-01
 1.00000e-01
 1.00000e-01
 1.00000e-01
 1.00000e-01
 1.00000e-01
 1.00000e-01
 1.00000e-01
 1.00000e-01
 1.00000e-01
 1.00000e-01
 1.00000e-01
 1.00000e-01
 1.00000e-01
 1.00000e-01
 1.00000e-01
 1.00000e-01
 1.00000e-01
 1.00000e-01
 1.00000e-01
 1.00000e-01
 1.00000e-01
 1.00000e-01
 1.00000e-01
 1.00000e-01
 1.00000e-01
 1.00000e-01
 1.00000e-01
 1.00000e-01
 1.00000e-01
 1.00000e-01
 1.00000e-01
 1.00000e-01
 1.00000e-01
 1.00000e-01
 1.00000e-01
 1.00000e-01
 1.00000e-01
 1.00000e-01
 1.00000e-01
 1.00000e-01
 1.00000e-01
 1.00000e-01
 1.00000e-01
 1.00000e-01
 1.00000e-01
 1.00000e-01
 1.00000e-01
 1.00000e-01
 1.00000e-01
 1.00000e-01
 1.00000e-01
 1.00000e-01
 1.00000e-01
 1.00000e-01
 1.00000e-01
 1.00000e-01
 1.00000e-01
 1.00000e-01
 1.00000e-01
 1.00000e-01
 1.00000e-01
 1.00000e-01
 1.00000e-01
 1.00000e-01
 1.00000e-01
 1.00000e-01
 1.00000e-01
 1.00000e-01
 1.00000e-01
 1.00000e-01
 1.00000e-01
 1.00000e-01
 1.00000e-01
 1.00000e-01
 1.00000e-01
 1.00000e-01
 1.00000e-01
 1.00000e-01
 1.00000e-01
 1.00000e-01
 1.00000e-01
 1.00000e-01
 1.00000e-01
 1.00000e-01
 1.00000e-01
 1.00000e-01
 1.00000e-01
 1.00000e-01
 1.00000e-01
 1.00000e-01
 1.00000e-01
 1.00000e-01
 1.00000e-01
 1.00000e-01
 1.00000e-01
 1.00000e-01
 1.00000e-01
 1.00000e-01
 1.00000e-01
 1.00000e-01
 1.00000e-01
 1.00000e-01
 1.00000e-01
 1.00000e-01
 1.00000e-01
 1.00000e-01
 1.00000e-01
 1.00000e-01
 1.00000e-01
 1.00000e-01
 1.00000e-01
 1.00000e-01
 1.00000e-01
 1.00000e-01
 1.00000e-01
 1.00000e-01
 1.00000e-01
 1.00000e-01
 1.00000e-01
 1.00000e-01
 1.00000e-01
 1.00000e-01
 1.00000e-01
 1.00000e-01
 1.00000e-01
 1.00000e-01
 1.00000e-01
 1.00000e-01
 1.00000e-01
 1.00000e-01
 1.00000e-01
 1.00000e-01
 1.00000e-01
 1.00000e-01
 1.00000e-01
 1.00000e-01
 1.00000e-01
 1.00000e-01
 1.00000e-01
 1.00000e-01
 1.00000e-01
 1.00000e-01
 1.00000e-01
 1.00000e-01
 1.00000e-01
 1.00000e-01
 1.00000e-01
 1.00000e-01
 1.00000e-01
 1.00000e-01
 1.00000e-01
 1.00000e-01
 1.00000e-01
 1.00000e-01
 1.00000e-01
 1.00000e-01
 1.00000e-01
 1.00000e-01
 1.00000e-01
 1.00000e-01
 1.00000e-01
 1.00000e-01
 1.00000e-01
 1.00000e-01
 1.00000e-01
 1.00000e-01
 1.00000e-01
 1.00000e-01
 1.00000e-01
 1.00000e-01
 1.00000e-01
 1.00000e-01
 1.00000e-01
 1.00000e-01
 1.00000e-01
 1.00000e-01
 1.00000e-01
 1.00000e-01
 1.00000e-01
 1.00000e-01
 1.00000e-01
 1.00000e-01
 1.00000e-01
 1.00000e-01
 1.00000e-01
 1.00000e-01
 1.00000e-01
 1.00000e-01
 1.00000e-01
 1.00000e-01
 1.00000e-01
 1.00000e-01
 1.00000e-01
 1.00000e-01
 1.00000e-01
 1.00000e-01
 1.00000e-01
 1.00000e-01
 1.00000e-01
 1.00000e-01
 1.00000e-01
 1.00000e-01
 1.00000e-01
 1.00000e-01
 1.00000e-01
 1.00000e-01
 1.00000e-01
 1.00000e-01
 1.00000e-01
 1.00000e-01
 1.00000e-01
 1.00000e-01
 1.00000e-01
 1.00000e-01
 1.00000e-01
 1.00000e-01
 1.00000e-01
 1.00000e-01
 1.00000e-01
 1.00000e-01
 1.00000e-01
 1.00000e-01
 1.00000e-01
 1.00000e-01
 1.00000e-01
 1.00000e-01
 1.00000e-01
 1.00000e-01
 1.00000e-01
 1.00000e-01
 1.00000e-01
 1.00000e-01
 1.00000e-01
 1.00000e-01
 1.00000e-01
 1.00000e-01
 1.00000e-01
 1.00000e-01
 1.00000e-01
 1.00000e-01
 1.00000e-01
 1.00000e-01
 1.00000e-01
 1.00000e-01
 1.00000e-01
 1.00000e-01
 1.00000e-01
 1.00000e-01
 1.00000e-01
 1.00000e-01
 1.00000e-01
 1.00000e-01
 1.00000e-01
 1.00000e-01
 1.00000e-01
 1.00000e-01
 1.00000e-01
 1.00000e-01
 1.00000e-01
 1.00000e-01
 1.00000e-01
 1.00000e-01
 1.00000e-01
 1.00000e-01
 1.00000e-01
 1.00000e-01
 1.00000e-01
 1.00000e-01
 1.00000e-01
 1.00000e-01
 1.00000e-01
 1.00000e-01
 1.00000e-01
 1.00000e-01
 1.00000e-01
 1.00000e-01
 1.00000e-01
 1.00000e-01
 1.00000e-01
 1.00000e-01
 1.00000e-01
 1.00000e-01
 1.00000e-01
 1.00000e-01
 1.00000e-01
 1.00000e-01
 1.00000e-01
 1.00000e-01
 1.00000e-01
 1.00000e-01
 1.00000e-01
 1.00000e-01
 1.00000e-01
 1.00000e-01
 1.00000e-01
 1.00000e-01
 1.00000e-01
 1.00000e-01
 1.00000e-01
 1.00000e-01
 1.00000e-01
 1.00000e-01
 1.00000e-01
 1.00000e-01
 1.00000e-01
 1.00000e-01
 1.00000e-01
 1.00000e-01
 1.00000e-01
 1.00000e-01
 1.00000e-01
 1.00000e-01
 1.00000e-01
 1.00000e-01
 1.00000e-01
 1.00000e-01
 1.00000e-01
 1.00000e-01
 1.00000e-01
 1.00000e-01
 1.00000e-01
 1.00000e-01
 1.00000e-01
 1.00000e-01
 1.00000e-01
 1.00000e-01
 1.00000e-01
 1.00000e-01
 1.00000e-01
 1.00000e-01
 1.00000e-01
 1.00000e-01
 1.00000e-01
 1.00000e-01
 1.00000e-01
 1.00000e-01
 1.00000e-01
 1.00000e-01
 1.00000e-01
 1.00000e-01
 1.00000e-01
 1.00000e-01
 1.00000e-01
 1.00000e-01
 1.00000e-01
 1.00000e-01
 1.00000e-01
 1.00000e-01
 1.00000e-01
 1.00000e-01
 1.00000e-01
 1.00000e-01
 1.00000e-01
 1.00000e-01
 1.00000e-01
 1.00000e-01
 1.00000e-01
 1.00000e-01
 1.00000e-01
 1.00000e-01
 1.00000e-01
 1.00000e-01
 1.00000e-01
 1.00000e-01
 1.00000e-01
 1.00000e-01
 1.00000e-01
 1.00000e-01
 1.00000e-01
 1.00000e-01
 1.00000e-01
 1.00000e-01
 1.00000e-01
 1.00000e-01
 1.00000e-01
 1.00000e-01
 1.00000e-01
 1.00000e-01
 1.00000e-01
 1.00000e-01
 1.00000e-01
 1.00000e-01
 1.00000e-01
 1.00000e-01
 1.00000e-01
 1.00000e-01
 1.00000e-01
 1.00000e-01
 1.00000e-01
 1.00000e-01
 1.00000e-01
 1.00000e-01
 1.00000e-01
 1.00000e-01
 1.00000e-01
 1.00000e-01
 1.00000e-01
 1.00000e-01
 1.00000e-01
 1.00000e-01
 1.00000e-01
 1.00000e-01
 1.00000e-01
 1.00000e-01
 1.00000e-01
 1.00000e-01
 1.00000e-01
 1.00000e-01
 1.00000e-01
 1.00000e-01
 1.00000e-01
 1.00000e-01
 1.00000e-01
 1.00000e-01
 1.00000e-01
 1.00000e-01
 1.00000e-01
 1.00000e-01
 1.00000e-01
 1.00000e-01
 1.00000e-01
 1.00000e-01
 1.00000e-01
 1.00000e-01
 1.00000e-01
 1.00000e-01
 1.00000e-01
 1.00000e-01
 1.00000e-01
 1.00000e-01
 1.00000e-01
 1.00000e-01
 1.00000e-01
 1.00000e-01
 1.00000e-01
 1.00000e-01
 1.00000e-01
 1.00000e-01
 1.00000e-01
 1.00000e-01
 1.00000e-01
 1.00000e-01
 1.00000e-01
 1.00000e-01
 1.00000e-01
 1.00000e-01
 1.00000e-01
 1.00000e-01
 1.00000e-01
 1.00000e-01
 1.00000e-01
 1.00000e-01
 1.00000e-01
 1.00000e-01
 1.00000e-01
 1.00000e-01
 1.00000e-01
 1.00000e-01
 1.00000e-01
 1.00000e-01
 1.00000e-01
 1.00000e-01
 1.00000e-01
 1.00000e-01
 1.00000e-01
 1.00000e-01
 1.00000e-01
 1.00000e-01
 1.00000e-01
 1.00000e-01
 1.00000e-01
 1.00000e-01
 1.00000e-01
 1.00000e-01
 1.00000e-01
 1.00000e-01
 1.00000e-01
 1.00000e-01
 1.00000e-01
 1.00000e-01
 1.00000e-01
 1.00000e-01
 1.00000e-01
 1.00000e-01
 1.00000e-01
 1.00000e-01
 1.00000e-01
 1.00000e-01
 1.00000e-01
 1.00000e-01
 1.00000e-01
 1.00000e-01
 1.00000e-01
 1.00000e-01
 1.00000e-01
 1.00000e-01
 1.00000e-01
 1.00000e-01
 1.00000e-01
 1.00000e-01
 1.00000e-01
 1.00000e-01
 1.00000e-01
 1.00000e-01
 1.00000e-01
 1.00000e-01
 1.00000e-01
 1.00000e-01
 1.00000e-01
 1.00000e-01
 1.00000e-01
 1.00000e-01
 1.00000e-01
 1.00000e-01
 1.00000e-01
 1.00000e-01
 1.00000e-01
 1.00000e-01
 1.00000e-01
 1.00000e-01
 1.00000e-01
 1.00000e-01
 1.00000e-01
 1.00000e-01
 1.00000e-01
 1.00000e-01
 1.00000e-01
 1.00000e-01
 1.00000e-01
 1.00000e-01
 1.00000e-01
 1.00000e-01
 1.00000e-01
 1.00000e-01
 1.00000e-01
 1.00000e-01
 1.00000e-01
 1.00000e-01
 1.00000e-01
 1.00000e-01
 1.00000e-01
 1.00000e-01
 1.00000e-01
 1.00000e-01
 1.00000e-01
 1.00000e-01
 1.00000e-01
 1.00000e-01
 1.00000e-01
 1.00000e-01
 1.00000e-01
 1.00000e-01
 1.00000e-01
 1.00000e-01
 1.00000e-01
 1.00000e-01
 1.00000e-01
 1.00000e-01
 1.00000e-01
 1.00000e-01
 1.00000e-01
 1.00000e-01
 1.00000e-01
 1.00000e-01
 1.00000e-01
 1.00000e-01
 1.00000e-01
 1.00000e-01
 1.00000e-01
 1.00000e-01
 1.00000e-01
 1.00000e-01
 1.00000e-01
 1.00000e-01
 1.00000e-01
 1.00000e-01
 1.00000e-01
 1.00000e-01
 1.00000e-01
 1.00000e-01
 1.00000e-01
 1.00000e-01
 1.00000e-01
 1.00000e-01
 1.00000e-01
 1.00000e-01
 1.00000e-01
 1.00000e-01
 1.00000e-01
 1.00000e-01
 1.00000e-01
 1.00000e-01
 1.00000e-01
 1.00000e-01
 1.00000e-01
 1.00000e-01
 1.00000e-01
 1.00000e-01
 1.00000e-01
 1.00000e-01
 1.00000e-01
 1.00000e-01
 1.00000e-01
 1.00000e-01
 1.00000e-01
 1.00000e-01
 1.00000e-01
 1.00000e-01
 1.00000e-01
 1.00000e-01
 1.00000e-01
 1.00000e-01
 1.00000e-01
 1.00000e-01
 1.00000e-01
 1.00000e-01
 1.00000e-01
 1.00000e-01
 1.00000e-01
 1.00000e-01
 1.00000e-01
 1.00000e-01
 1.00000e-01
 1.00000e-01
 1.00000e-01
 1.00000e-01
 1.00000e-01
 1.00000e-01
 1.00000e-01
 1.00000e-01
 1.00000e-01
 1.00000e-01
 1.00000e-01
 1.00000e-01
 1.00000e-01
 1.00000e-01
 1.00000e-01
 1.00000e-01
 1.00000e-01
 1.00000e-01
 1.00000e-01
 1.00000e-01
 1.00000e-01
 1.00000e-01
 1.00000e-01
 1.00000e-01
 1.00000e-01
 1.00000e-01
 1.00000e-01
 1.00000e-01
 1.00000e-01
 1.00000e-01
 1.00000e-01
 1.00000e-01
 1.00000e-01
 1.00000e-01
 1.00000e-01
 1.00000e-01
 1.00000e-01
 1.00000e-01
 1.00000e-01
 1.00000e-01
 1.00000e-01
 1.00000e-01
 1.00000e-01
 1.00000e-01
 1.00000e-01
 1.00000e-01
 1.00000e-01
 1.00000e-01
 1.00000e-01
 1.00000e-01
 1.00000e-01
 1.00000e-01
 1.00000e-01
 1.00000e-01
 1.00000e-01
 1.00000e-01
 1.00000e-01
 1.00000e-01
 1.00000e-01
 1.00000e-01
 1.00000e-01
 1.00000e-01
 1.00000e-01
 1.00000e-01
 1.00000e-01
 1.00000e-01
 1.00000e-01
 1.00000e-01
 1.00000e-01
 1.00000e-01
 1.00000e-01
 1.00000e-01
 1.00000e-01
 1.00000e-01
 1.00000e-01
 1.00000e-01
 1.00000e-01
 1.00000e-01
 1.00000e-01
 1.00000e-01
 1.00000e-01
 1.00000e-01
 1.00000e-01
part
         4
hexa8
 1.06747e-01
 1.02290e-01
 1.00678e-01
 1.00170e-01
 1.00039e-01
 1.00008e-01
 1.00001e-01
 1.00000e-01
 1.00000e-01
 1.00000e-01
 1.00000e-01
 1.00000e-01
 1.00000e-01
 1.00000e-01
 1.00000e-01
 1.02290e-01
 1.00750e-01
 1.00205e-01
 1.00054e-01
 1.00012e-01
 1.00003e-01
 1.00001e-01
 1.00000e-01
 1.00000e-01
 1.00000e-01
 1.00000e-01
 1.00000e-01
 1.00000e-01
 1.00000e-01
 1.00000e-01
 1.00678e-01
 1.00205e-01
 1.00061e-01
 1.00015e-01
 1.00004e-01
 1.00001e-01
 1.00000e-01
 1.00000e-01
 1.00000e-01
 1.00000e-01
 1.00000e-01
 1.00000e-01
 1.00000e-01
 1.00000e-01
 1.00000e-01
 1.00170e-01
 1.00054e-01
 1.00015e-01
 1.00004e-01
 1.00001e-01
 1.00000e-01
 1.00000e-01
 1.00000e-01
 1.00000e-01
 1.00000e-01
 1.00000e-01
 1.00000e-01
 1.00000e-01
 1.00000e-01
 1.00000e-01
 1.00039e-01
 1.00012e-01
 1.00004e-01
 1.00001e-01
 1.00000e-01
 1.00000e-01
 1.00000e-01
 1.00000e-01
 1.00000e-01
 1.00000e-01
 1.00000e-01
 1.00000e-01
 1.00000e-01
 1.00000e-01
 1.00000e-01
 1.00008e-01
 1.00003e-01
 1.00001e-01
 1.00000e-01
 1.00000e-01
 1.00000e-01
 1.00000e-01
 1.00000e-01
 1.00000e-01
 1.00000e-01
 1.00000e-01
 1.00000e-01
 1.00000e-01
 1.00000e-01
 1.00000e-01
 1.00001e-01
 1.00001e-01
 1.00000e-01
 1.00000e-01
 1.00000e-01
 1.00000e-01
 1.00000e-01
 1.00000e-01
 1.00000e-01
 1.00000e-01
 1.00000e-01
 1.00000e-01
 1.00000e-01
 1.00000e-01
 1.00000e-01
 1.00000e-01
 1.00000e-01
 1.00000e-01
 1.00000e-01
 1.00000e-01
 1.00000e-01
 1.00000e-01
 1.00000e-01
 1.00000e-01
 1.00000e-01
 1.00000e-01
 1.00000e-01
 1.00000e-01
 1.00000e-01
 1.00000e-01
 1.00000e-01
 1.00000e-01
 1.00000e-01
 1.00000e-01
 1.00000e-01
 1.00000e-01
 1.00000e-01
 1.00000e-01
 1.00000e-01
 1.00000e-01
 1.00000e-01
 1.00000e-01
 1.00000e-01
 1.00000e-01
 1.00000e-01
 1.00000e-01
 1.00000e-01
 1.00000e-01
 1.00000e-01
 1.00000e-01
 1.00000e-01
 1.00000e-01
 1.00000e-01
 1.00000e-01
 1.00000e-01
 1.00000e-01
 1.00000e-01
 1.00000e-01
 1.00000e-01
 1.00000e-01
 1.00000e-01
 1.00000e-01
 1.00000e-01
 1.00000e-01
 1.00000e-01
 1.00000e-01
 1.00000e-01
 1.00000e-01
 1.00000e-01
 1.00000e-01
 1.00000e-01
 1.00000e-01
 1.00000e-01
 1.00000e-01
 1.00000e-01
 1.00000e-01
 1.00000e-01
 1.00000e-01
 1.00000e-01
 1.00000e-01
 1.00000e-01
 1.00000e-01
 1.00000e-01
 1.00000e-01
 1.00000e-01
 1.00000e-01
 1.00000e-01
 1.00000e-01
 1.00000e-01
 1.00000e-01
 1.00000e-01
 1.00000e-01
 1.00000e-01
 1.00000e-01
 1.00000e-01
 1.00000e-01
 1.00000e-01
 1.00000e-01
 1.00000e-01
 1.00000e-01
 1.00000e-01
 1.00000e-01
 1.00000e-01
 1.00000e-01
 1.00000e-01
 1.00000e-01
 1.00000e-01
 1.00000e-01
 1.00000e-01
 1.00000e-01
 1.00000e-01
 1.00000e-01
 1.00000e-01
 1.00000e-01
 1.00000e-01
 1.00000e-01
 1.00000e-01
 1.00000e-01
 1.00000e-01
 1.00000e-01
 1.00000e-01
 1.00000e-01
 1.00000e-01
 1.00000e-01
 1.00000e-01
 1.00000e-01
 1.00000e-01
 1.00000e-01
 1.00000e-01
 1.00000e-01
 1.00000e-01
 1.00000e-01
 1.00000e-01
 1.00000e-01
 1.00000e-01
 1.06365e-01
 1.02147e-01
 1.00628e-01
 1.00159e-01
 1.00036e-01
 1.00008e-01
 1.00001e-01
 1.00000e-01
 1.00000e-01
 1.00000e-01
 1.00000e-01
 1.00000e-01
 1.00000e-01
 1.00000e-01
 1.00000e-01
 1.02148e-01
 1.00695e-01
 1.00191e-01
 1.00050e-01
 1.00011e-01
 1.00002e-01
 1.00000e-01
 1.00000e-01
 1.00000e-01
 1.00000e-01
 1.00000e-01
 1.00000e-01
 1.00000e-01
 1.00000e-01
 1.00000e-01
 1.00628e-01
 1.00191e-01
 1.00056e-01
 1.00014e-01
 1.00003e-01
 1.00001e-01
 1.00000e-01
 1.00000e-01
 1.00000e-01
 1.00000e-01
 1.00000e-01
 1.00000e-01
 1.00000e-01
 1.00000e-01
 1.00000e-01
 1.00159e-01
 1.00050e-01
 1.00014e-01
 1.00004e-01
 1.00001e-01
 1.00000e-01
 1.00000e-01
 1.00000e-01
 1.00000e-01
 1.00000e-01
 1.00000e-01
 1.00000e-01
 1.00000e-01
 1.00000e-01
 1.00000e-01
 1.00036e-01
 1.00011e-01
 1.00003e-01
 1.00001e-01
 1.00000e-01
 1.00000e-01
 1.00000e-01
 1.00000e-01
 1.00000e-01
 1.00000e-01
 1.00000e-01
 1.00000e-01
 1.00000e-01
 1.00000e-01
 1.00000e-01
 1.00008e-01
 1.00002e-01
 1.00001e-01
 1.00000e-01
 1.00000e-01
 1.00000e-01
 1.00000e-01
 1.00000e-01
 1.00000e-01
 1.00000e-01
 1.00000e-01
 1.00000e-01
 1.00000e-01
 1.00000e-01
 1.00000e-01
 1.00001e-01
 1.00000e-01
 1.00000e-01
 1.00000e-01
 1.00000e-01
 1.00000e-01
 1.00000e-01
 1.00000e-01
 1.00000e-01
 1.00000e-01
 1.00000e-01
 1.00000e-01
 1.00000e-01
 1.00000e-01
 1.00000e-01
 1.00000e-01
 1.00000e-01
 1.00000e-01
 1.00000e-01
 1.00000e-01
 1.00000e-01
 1.00000e-01
 1.00000e-01
 1.00000e-01
 1.00000e-01
 1.00000e-01
 1.00000e-01
 1.00000e-01
 1.00000e-01
 1.00000e-01
 1.00000e-01
 1.00000e-01
 1.00000e-01
 1.00000e-01
 1.00000e-01
 1.00000e-01
 1.00000e-01
 1.00000e-01
 1.00000e-01
 1.00000e-01
 1.00000e-01
 1.00000e-01
 1.00000e-01
 1.00000e-01
 1.00000e-01
 1.00000e-01
 1.00000e-01
 1.00000e-01
 1.00000e-01
 1.00000e-01
 1.00000e-01
 1.00000e-01
 1.00000e-01
 1.00000e-01
 1.00000e-01
 1.00000e-01
 1.00000e-01
 1.00000e-01
 1.00000e-01
 1.00000e-01
 1.00000e-01
 1.00000e-01
 1.00000e-01
 1.00000e-01
 1.00000e-01
 1.00000e-01
 1.00000e-01
 1.00000e-01
 1.00000e-01
 1.00000e-01
 1.00000e-01
 1.00000e-01
 1.00000e-01
 1.00000e-01
 1.00000e-01
 1.00000e-01
 1.00000e-01
 1.00000e-01
 1.00000e-01
 1.00000e-01
 1.00000e-01
 1.00000e-01
 1.00000e-01
 1.00000e-01
 1.00000e-01
 1.00000e-01
 1.00000e-01
 1.00000e-01
 1.00000e-01
 1.00000e-01
 1.00000e-01
 1.00000e-01
 1.00000e-01
 1.00000e-01
 1.00000e-01
 1.00000e-01
 1.00000e-01
 1.00000e-01
 1.00000e-01
 1.00000e-01
 1.00000e-01
 1.00000e-01
 1.00000e-01
 1.00000e-01
 1.00000e-01
 1.00000e-01
 1.00000e-01
 1.00000e-01
 1.00000e-01
 1.00000e-01
 1.00000e-01
 1.00000e-01
 1.00000e-01
 1.00000e-01
 1.00000e-01
 1.00000e-01
 1.00000e-01
 1.00000e-01
 1.00000e-01
 1.00000e-01
 1.00000e-01
 1.00000e-01
 1.00000e-01
 1.00000e-01
 1.00000e-01
 1.00000e-01
 1.00000e-01
 1.00000e-01
 1.00000e-01
 1.00000e-01
 1.00000e-01
 1.00000e-01
 1.00000e-01
 1.00000e-01
 1.00000e-01
 1.05538e-01
 1.01872e-01
 1.00540e-01
 1.00138e-01
 1.00031e-01
 1.00007e-01
 1.00001e-01
 1.00000e-01
 1.00000e-01
 1.00000e-01
 1.00000e-01
 1.00000e-01
 1.00000e-01
 1.00000e-01
 1.00000e-01
 1.01872e-01
 1.00595e-01
 1.00167e-01
 1.00043e-01
 1.00010e-01
 1.00002e-01
 1.00000e-01
 1.00000e-01
 1.00000e-01
 1.00000e-01
 1.00000e-01
 1.00000e-01
 1.00000e-01
 1.00000e-01
 1.00000e-01
 1.00540e-01
 1.00167e-01
 1.00048e-01
 1.00012e-01
 1.00003e-01
 1.00001e-01
 1.00000e-01
 1.00000e-01
 1.00000e-01
 1.00000e-01
 1.00000e-01
 1.00000e-01
 1.00000e-01
 1.00000e-01
 1.00000e-01
 1.00138e-01
 1.00043e-01
 1.00012e-01
 1.00003e-01
 1.00001e-01
 1.00000e-01
 1.00000e-01
 1.00000e-01
 1.00000e-01
 1.00000e-01
 1.00000e-01
 1.00000e-01
 1.00000e-01
 1.00000e-01
 1.00000e-01
 1.00031e-01
 1.00010e-01
 1.00003e-01
 1.00001e-01
 1.00000e-01
 1.00000e-01
 1.00000e-01
 1.00000e-01
 1.00000e-01
 1.00000e-01
 1.00000e-01
 1.00000e-01
 1.00000e-01
 1.00000e-01
 1.00000e-01
 1.00007e-01
 1.00002e-01
 1.00001e-01
 1.00000e-01
 1.00000e-01
 1.00000e-01
 1.00000e-01
 1.00000e-01
 1.00000e-01
 1.00000e-01
 1.00000e-01
 1.00000e-01
 1.00000e-01
 1.00000e-01
 1.00000e-01
 1.00001e-01
 1.00000e-01
 1.00000e-01
 1.00000e-01
 1.00000e-01
 1.00000e-01
 1.00000e-01
 1.00000e-01
 1.00000e-01
 1.00000e-01
 1.00000e-01
 1.00000e-01
 1.00000e-01
 1.00000e-01
 1.00000e-01
 1.00000e-01
 1.00000e-01
 1.00000e-01
 1.00000e-01
 1.00000e-01
 1.00000e-01
 1.00000e-01
 1.00000e-01
 1.00000e-01
 1.00000e-01
 1.00000e-01
 1.00000e-01
 1.00000e-01
 1.00000e-01
 1.00000e-01
 1.00000e-01
 1.00000e-01
 1.00000e-01
 1.00000e-01
 1.00000e-01
 1.00000e-01
 1.00000e-01
 1.00000e-01
 1.00000e-01
 1.00000e-01
 1.00000e-01
 1.00000e-01
 1.00000e-01
 1.00000e-01
 1.00000e-01
 1.00000e-01
 1.00000e-01
 1.00000e-01
 1.00000e-01
 1.00000e-01
 1.00000e-01
 1.00000e-01
 1.00000e-01
 1.00000e-01
 1.00000e-01
 1.00000e-01
 1.00000e-01
 1.00000e-01
 1.00000e-01
 1.00000e-01
 1.00000e-01
 1.00000e-01
 1.00000e-01
 1.00000e-01
 1.00000e-01
 1.00000e-01
 1.00000e-01
 1.00000e-01
 1.00000e-01
 1.00000e-01
 1.00000e-01
 1.00000e-01
 1.00000e-01
 1.00000e-01
 1.00000e-01
 1.00000e-01
 1.00000e-01
 1.00000e-01
 1.00000e-01
 1.00000e-01
 1.00000e-01
 1.00000e-01
 1.00000e-01
 1.00000e-01
 1.00000e-01
 1.00000e-01
 1.00000e-01
 1.00000e-01
 1.00000e-01
 1.00000e-01
 1.00000e-01
 1.00000e-01
 1.00000e-01
 1.00000e-01
 1.00000e-01
 1.00000e-01
 1.00000e-01
 1.00000e-01
 1.00000e-01
 1.00000e-01
 1.00000e-01
 1.00000e-01
 1.00000e-01
 1.00000e-01
 1.00000e-01
 1.00000e-01
 1.00000e-01
 1.00000e-01
 1.00000e-01
 1.00000e-01
 1.00000e-01
 1.00000e-01
 1.00000e-01
 1.00000e-01
 1.00000e-01
 1.00000e-01
 1.00000e-01
 1.00000e-01
 1.00000e-01
 1.00000e-01
 1.00000e-01
 1.00000e-01
 1.00000e-01
 1.00000e-01
 1.00000e-01
 1.00000e-01
 1.00000e-01
 1.00000e-01
 1.00000e-01
 1.00000e-01
 1.00000e-01
 1.00000e-01
 1.00000e-01
 1.00000e-01
 1.00000e-01
 1.04552e-01
 1.01523e-01
 1.00431e-01
 1.00113e-01
 1.00025e-01
 1.00006e-01
 1.00001e-01
 1.00000e-01
 1.00000e-01
 1.00000e-01
 1.00000e-01
 1.00000e-01
 1.00000e-01
 1.00000e-01
 1.00000e-01
 1.01523e-01
 1.00474e-01
 1.00135e-01
 1.00035e-01
 1.00008e-01
 1.00002e-01
 1.00000e-01
 1.00000e-01
 1.00000e-01
 1.00000e-01
 1.00000e-01
 1.00000e-01
 1.00000e-01
 1.00000e-01
 1.00000e-01
 1.00431e-01
 1.00135e-01
 1.00038e-01
 1.00010e-01
 1.00002e-01
 1.00001e-01
 1.00000e-01
 1.00000e-01
 1.00000e-01
 1.00000e-01
 1.00000e-01
 1.00000e-01
 1.00000e-01
 1.00000e-01
 1.00000e-01
 1.00113e-01
 1.00035e-01
 1.00010e-01
 1.00003e-01
 1.00001e-01
 1.00000e-01
 1.00000e-01
 1.00000e-01
 1.00000e-01
 1.00000e-01
 1.00000e-01
 1.00000e-01
 1.00000e-01
 1.00000e-01
 1.00000e-01
 1.00026e-01
 1.00008e-01
 1.00002e-01
 1.00001e-01
 1.00000e-01
 1.00000e-01
 1.00000e-01
 1.00000e-01
 1.00000e-01
 1.00000e-01
 1.00000e-01
 1.00000e-01
 1.00000e-01
 1.00000e-01
 1.00000e-01
 1.00006e-01
 1.00002e-01
 1.00001e-01
 1.00000e-01
 1.00000e-01
 1.00000e-01
 1.00000e-01
 1.00000e-01
 1.00000e-01
 1.00000e-01
 1.00000e-01
 1.00000e-01
 1.00000e-01
 1.00000e-01
 1.00000e-01
 1.00001e-01
 1.00000e-01
 1.00000e-01
 1.00000e-01
 1.00000e-01
 1.00000e-01
 1.00000e-01
 1.00000e-01
 1.00000e-01
 1.00000e-01
 1.00000e-01
 1.00000e-01
 1.00000e-01
 1.00000e-01
 1.00000e-01
 1.00000e-01
 1.00000e-01
 1.00000e-01
 1.00000e-01
 1.00000e-01
 1.00000e-01
 1.00000e-01
 1.00000e-01
 1.00000e-01
 1.00000e-01
 1.00000e-01
 1.00000e-01
 1.00000e-01
 1.00000e-01
 1.00000e-01
 1.00000e-01
 1.00000e-01
 1.00000e-01
 1.00000e-01
 1.00000e-01
 1.00000e-01
 1.00000e-01
 1.00000e-01
 1.00000e-01
 1.00000e-01
 1.00000e-01
 1.00000e-01
 1.00000e-01
 1.00000e-01
 1.00000e-01
 1.00000e-01
 1.00000e-01
 1.00000e-01
 1.00000e-01
 1.00000e-01
 1.00000e-01
 1.00000e-01
 1.00000e-01
 1.00000e-01
 1.00000e-01
 1.00000e-01
 1.00000e-01
 1.00000e-01
 1.00000e-01
 1.00000e-01
 1.00000e-01
 1.00000e-01
 1.00000e-01
 1.00000e-01
 1.00000e-01
 1.00000e-01
 1.00000e-01
 1.00000e-01
 1.00000e-01
 1.00000e-01
 1.00000e-01
 1.00000e-01
 1.00000e-01
 1.00000e-01
 1.00000e-01
 1.00000e-01
 1.00000e-01
 1.00000e-01
 1.00000e-01
 1.00000e-01
 1.00000e-01
 1.00000e-01
 1.00000e-01
 1.00000e-01
 1.00000e-01
 1.00000e-01
 1.00000e-01
 1.00000e-01
 1.00000e-01
 1.00000e-01
 1.00000e-01
 1.00000e-01
 1.00000e-01
 1.00000e-01
 1.00000e-01
 1.00000e-01
 1.00000e-01
 1.00000e-01
 1.00000e-01
 1.00000e-01
 1.00000e-01
 1.00000e-01
 1.00000e-01
 1.00000e-01
 1.00000e-01
 1.00000e-01
 1.00000e-01
 1.00000e-01
 1.00000e-01
 1.00000e-01
 1.00000e-01
 1.00000e-01
 1.00000e-01
 1.00000e-01
 1.00000e-01
 1.00000e-01
 1.00000e-01
 1.00000e-01
 1.00000e-01
 1.00000e-01
 1.00000e-01
 1.00000e-01
 1.00000e-01
 1.00000e-01
 1.00000e-01
 1.00000e-01
 1.00000e-01
 1.00000e-01
 1.00000e-01
 1.00000e-01
 1.00000e-01
 1.00000e-01
 1.00000e-01
 1.00000e-01
 1.00000e-01
 1.03465e-01
 1.01151e-01
 1.00321e-01
 1.00085e-01
 1.00019e-01
 1.00004e-01
 1.00001e-01
 1.00000e-01
 1.00000e-01
 1.00000e-01
 1.00000e-01
 1.00000e-01
 1.00000e-01
 1.00000e-01
 1.00000e-01
 1.01151e-01
 1.00351e-01
 1.00102e-01
 1.00026e-01
 1.00006e-01
 1.00001e-01
 1.00000e-01
 1.00000e-01
 1.00000e-01
 1.00000e-01
 1.00000e-01
 1.00000e-01
 1.00000e-01
 1.00000e-01
 1.00000e-01
 1.00321e-01
 1.00102e-01
 1.00028e-01
 1.00008e-01
 1.00002e-01
 1.00000e-01
 1.00000e-01
 1.00000e-01
 1.00000e-01
 1.00000e-01
 1.00000e-01
 1.00000e-01
 1.00000e-01
 1.00000e-01
 1.00000e-01
 1.00085e-01
 1.00026e-01
 1.00008e-01
 1.00002e-01
 1.00000e-01
 1.00000e-01
 1.00000e-01
 1.00000e-01
 1.00000e-01
 1.00000e-01
 1.00000e-01
 1.00000e-01
 1.00000e-01
 1.00000e-01
 1.00000e-01
 1.00019e-01
 1.00006e-01
 1.00002e-01
 1.00000e-01
 1.00000e-01
 1.00000e-01
 1.00000e-01
 1.00000e-01
 1.00000e-01
 1.00000e-01
 1.00000e-01
 1.00000e-01
 1.00000e-01
 1.00000e-01
 1.00000e-01
 1.00004e-01
 1.00001e-01
 1.00000e-01
 1.00000e-01
 1.00000e-01
 1.00000e-01
 1.00000e-01
 1.00000e-01
 1.00000e-01
 1.00000e-01
 1.00000e-01
 1.00000e-01
 1.00000e-01
 1.00000e-01
 1.00000e-01
 1.00001e-01
 1.00000e-01
 1.00000e-01
 1.00000e-01
 1.00000e-01
 1.00000e-01
 1.00000e-01
 1.00000e-01
 1.00000e-01
 1.00000e-01
 1.00000e-01
 1.00000e-01
 1.00000e-01
 1.00000e-01
 1.00000e-01
 1.00000e-01
 1.00000e-01
 1.00000e-01
 1.00000e-01
 1.00000e-01
 1.00000e-01
 1.00000e-01
 1.00000e-01
 1.00000e-01
 1.00000e-01
 1.00000e-01
 1.00000e-01
 1.00000e-01
 1.00000e-01
 1.00000e-01
 1.00000e-01
 1.00000e-01
 1.00000e-01
 1.00000e-01
 1.00000e-01
 1.00000e-01
 1.00000e-01
 1.00000e-01
 1.00000e-01
 1.00000e-01
 1.00000e-01
 1.00000e-01
 1.00000e-01
 1.00000e-01
 1.00000e-01
 1.00000e-01
 1.00000e-01
 1.00000e-01
 1.00000e-01
 1.00000e-01
 1.00000e-01
 1.00000e-01
 1.00000e-01
 1.00000e-01
 1.00000e-01
 1.00000e-01
 1.00000e-01
 1.00000e-01
 1.00000e-01
 1.00000e-01
 1.00000e-01
 1.00000e-01
 1.00000e-01
 1.00000e-01
 1.00000e-01
 1.00000e-01
 1.00000e-01
 1.00000e-01
 1.00000e-01
 1.00000e-01
 1.00000e-01
 1.00000e-01
 1.00000e-01
 1.00000e-01
 1.00000e-01
 1.00000e-01
 1.00000e-01
 1.00000e-01
 1.00000e-01
 1.00000e-01
 1.00000e-01
 1.00000e-01
 1.00000e-01
 1.00000e-01
 1.00000e-01
 1.00000e-01
 1.00000e-01
 1.00000e-01
 1.00000e-01
 1.00000e-01
 1.00000e-01
 1.00000e-01
 1.00000e-01
 1.00000e-01
 1.00000e-01
 1.00000e-01
 1.00000e-01
 1.00000e-01
 1.00000e-01
 1.00000e-01
 1.00000e-01
 1.00000e-01
 1.00000e-01
 1.00000e-01
 1.00000e-01
 1.00000e-01
 1.00000e-01
 1.00000e-01
 1.00000e-01
 1.00000e-01
 1.00000e-01
 1.00000e-01
 1.00000e-01
 1.00000e-01
 1.00000e-01
 1.00000e-01
 1.00000e-01
 1.00000e-01
 1.00000e-01
 1.00000e-01
 1.00000e-01
 1.00000e-01
 1.00000e-01
 1.00000e-01
 1.00000e-01
 1.00000e-01
 1.00000e-01
 1.00000e-01
 1.00000e-01
 1.00000e-01
 1.00000e-01
 1.00000e-01
 1.00000e-01
 1.00000e-01
 1.00000e-01
 1.02454e-01
 1.00799e-01
 1.00224e-01
 1.00060e-01
 1.00014e-01
 1.00003e-01
 1.00001e-01
 1.00000e-01
 1.00000e-01
 1.00000e-01
 1.00000e-01
 1.00000e-01
 1.00000e-01
 1.00000e-01
 1.00000e-01
 1.00800e-01
 1.00243e-01
 1.00072e-01
 1.00018e-01
 1.00005e-01
 1.00001e-01
 1.00000e-01
 1.00000e-01
 1.00000e-01
 1.00000e-01
 1.00000e-01
 1.00000e-01
 1.00000e-01
 1.00000e-01
 1.00000e-01
 1.00224e-01
 1.00072e-01
 1.00020e-01
 1.00005e-01
 1.00001e-01
 1.00000e-01
 1.00000e-01
 1.00000e-01
 1.00000e-01
 1.00000e-01
 1.00000e-01
 1.00000e-01
 1.00000e-01
 1.00000e-01
 1.00000e-01
 1.00060e-01
 1.00018e-01
 1.00005e-01
 1.00001e-01
 1.00000e-01
 1.00000e-01
 1.00000e-01
 1.00000e-01
 1.00000e-01
 1.00000e-01
 1.00000e-01
 1.00000e-01
 1.00000e-01
 1.00000e-01
 1.00000e-01
 1.00014e-01
 1.00005e-01
 1.00001e-01
 1.00000e-01
 1.00000e-01
 1.00000e-01
 1.00000e-01
 1.00000e-01
 1.00000e-01
 1.00000e-01
 1.00000e-01
 1.00000e-01
 1.00000e-01
 1.00000e-01
 1.00000e-01
 1.00003e-01
 1.00001e-01
 1.00000e-01
 1.00000e-01
 1.00000e-01
 1.00000e-01
 1.00000e-01
 1.00000e-01
 1.00000e-01
 1.00000e-01
 1.00000e-01
 1.00000e-01
 1.00000e-01
 1.00000e-01
 1.00000e-01
 1.00001e-01
 1.00000e-01
 1.00000e-01
 1.00000e-01
 1.00000e-01
 1.00000e-01
 1.00000e-01
 1.00000e-01
 1.00000e-01
 1.00000e-01
 1.00000e-01
 1.00000e-01
 1.00000e-01
 1.00000e-01
 1.00000e-01
 1.00000e-01
 1.00000e-01
 1.00000e-01
 1.00000e-01
 1.00000e-01
 1.00000e-01
 1.00000e-01
 1.00000e-01
 1.00000e-01
 1.00000e-01
 1.00000e-01
 1.00000e-01
 1.00000e-01
 1.00000e-01
 1.00000e-01
 1.00000e-01
 1.00000e-01
 1.00000e-01
 1.00000e-01
 1.00000e-01
 1.00000e-01
 1.00000e-01
 1.00000e-01
 1.00000e-01
 1.00000e-01
 1.00000e-01
 1.00000e-01
 1.00000e-01
 1.00000e-01
 1.00000e-01
 1.00000e-01
 1.00000e-01
 1.00000e-01
 1.00000e-01
 1.00000e-01
 1.00000e-01
 1.00000e-01
 1.00000e-01
 1.00000e-01
 1.00000e-01
 1.00000e-01
 1.00000e-01
 1.00000e-01
 1.00000e-01
 1.00000e-01
 1.00000e-01
 1.00000e-01
 1.00000e-01
 1.00000e-01
 1.00000e-01
 1.00000e-01
 1.00000e-01
 1.00000e-01
 1.00000e-01
 1.00000e-01
 1.00000e-01
 1.00000e-01
 1.00000e-01
 1.00000e-01
 1.00000e-01
 1.00000e-01
 1.00000e-01
 1.00000e-01
 1.00000e-01
 1.00000e-01
 1.00000e-01
 1.00000e-01
 1.00000e-01
 1.00000e-01
 1.00000e-01
 1.00000e-01
 1.00000e-01
 1.00000e-01
 1.00000e-01
 1.00000e-01
 1.00000e-01
 1.00000e-01
 1.00000e-01
 1.00000e-01
 1.00000e-01
 1.00000e-01
 1.00000e-01
 1.00000e-01
 1.00000e-01
 1.00000e-01
 1.00000e-01
 1.00000e-01
 1.00000e-01
 1.00000e-01
 1.00000e-01
 1.00000e-01
 1.00000e-01
 1.00000e-01
 1.00000e-01
 1.00000e-01
 1.00000e-01
 1.00000e-01
 1.00000e-01
 1.00000e-01
 1.00000e-01
 1.00000e-01
 1.00000e-01
 1.00000e-01
 1.00000e-01
 1.00000e-01
 1.00000e-01
 1.00000e-01
 1.00000e-01
 1.00000e-01
 1.00000e-01
 1.00000e-01
 1.00000e-01
 1.00000e-01
 1.00000e-01
 1.00000e-01
 1.00000e-01
 1.00000e-01
 1.00000e-01
 1.00000e-01
 1.00000e-01
 1.01624e-01
 1.00520e-01
 1.00147e-01
 1.00039e-01
 1.00009e-01
 1.00002e-01
 1.00000e-01
 1.00000e-01
 1.00000e-01
 1.00000e-01
 1.00000e-01
 1.00000e-01
 1.00000e-01
 1.00000e-01
 1.00000e-01
 1.00520e-01
 1.00160e-01
 1.00047e-01
 1.00012e-01
 1.00003e-01
 1.00001e-01
 1.00000e-01
 1.00000e-01
 1.00000e-01
 1.00000e-01
 1.00000e-01
 1.00000e-01
 1.00000e-01
 1.00000e-01
 1.00000e-01
 1.00147e-01
 1.00047e-01
 1.00013e-01
 1.00004e-01
 1.00001e-01
 1.00000e-01
 1.00000e-01
 1.00000e-01
 1.00000e-01
 1.00000e-01
 1.00000e-01
 1.00000e-01
 1.00000e-01
 1.00000e-01
 1.00000e-01
 1.00040e-01
 1.00012e-01
 1.00004e-01
 1.00001e-01
 1.00000e-01
 1.00000e-01
 1.00000e-01
 1.00000e-01
 1.00000e-01
 1.00000e-01
 1.00000e-01
 1.00000e-01
 1.00000e-01
 1.00000e-01
 1.00000e-01
 1.00009e-01
 1.00003e-01
 1.00001e-01
 1.00000e-01
 1.00000e-01
 1.00000e-01
 1.00000e-01
 1.00000e-01
 1.00000e-01
 1.00000e-01
 1.00000e-01
 1.00000e-01
 1.00000e-01
 1.00000e-01
 1.00000e-01
 1.00002e-01
 1.00001e-01
 1.00000e-01
 1.00000e-01
 1.00000e-01
 1.00000e-01
 1.00000e-01
 1.00000e-01
 1.00000e-01
 1.00000e-01
 1.00000e-01
 1.00000e-01
 1.00000e-01
 1.00000e-01
 1.00000e-01
 1.00000e-01
 1.00000e-01
 1.00000e-01
 1.00000e-01
 1.00000e-01
 1.00000e-01
 1.00000e-01
 1.00000e-01
 1.00000e-01
 1.00000e-01
 1.00000e-01
 1.00000e-01
 1.00000e-01
 1.00000e-01
 1.00000e-01
 1.00000e-01
 1.00000e-01
 1.00000e-01
 1.00000e-01
 1.00000e-01
 1.00000e-01
 1.00000e-01
 1.00000e-01
 1.00000e-01
 1.00000e-01
 1.00000e-01
 1.00000e-01
 1.00000e-01
 1.00000e-01
 1.00000e-01
 1.00000e-01
 1.00000e-01
 1.00000e-01
 1.00000e-01
 1.00000e-01
 1.00000e-01
 1.00000e-01
 1.00000e-01
 1.00000e-01
 1.00000e-01
 1.00000e-01
 1.00000e-01
 1.00000e-01
 1.00000e-01
 1.00000e-01
 1.00000e-01
 1.00000e-01
 1.00000e-01
 1.00000e-01
 1.00000e-01
 1.00000e-01
 1.00000e-01
 1.00000e-01
 1.00000e-01
 1.00000e-01
 1.00000e-01
 1.00000e-01
 1.00000e-01
 1.00000e-01
 1.00000e-01
 1.00000e-01
 1.00000e-01
 1.00000e-01
 1.00000e-01
 1.00000e-01
 1.00000e-01
 1.00000e-01
 1.00000e-01
 1.00000e-01
 1.00000e-01
 1.00000e-01
 1.00000e-01
 1.00000e-01
 1.00000e-01
 1.00000e-01
 1.00000e-01
 1.00000e-01
 1.00000e-01
 1.00000e-01
 1.00000e-01
 1.00000e-01
 1.00000e-01
 1.00000e-01
 1.00000e-01
 1.00000e-01
 1.00000e-01
 1.00000e-01
 1.00000e-01
 1.00000e-01
 1.00000e-01
 1.00000e-01
 1.00000e-01
 1.00000e-01
 1.00000e-01
 1.00000e-01
 1.00000e-01
 1.00000e-01
 1.00000e-01
 1.00000e-01
 1.00000e-01
 1.00000e-01
 1.00000e-01
 1.00000e-01
 1.00000e-01
 1.00000e-01
 1.00000e-01
 1.00000e-01
 1.00000e-01
 1.00000e-01
 1.00000e-01
 1.00000e-01
 1.00000e-01
 1.00000e-01
 1.00000e-01
 1.00000e-01
 1.00000e-01
 1.00000e-01
 1.00000e-01
 1.00000e-01
 1.00000e-01
 1.00000e-01
 1.00000e-01
 1.00000e-01
 1.00000e-01
 1.00000e-01
 1.00000e-01
 1.00000e-01
 1.00000e-01
 1.00000e-01
 1.00000e-01
 1.00000e-01
 1.00000e-01
 1.00000e-01
 1.00000e-01
 1.00000e-01
 1.01007e-01
 1.00316e-01
 1.00092e-01
 1.00024e-01
 1.00006e-01
 1.00001e-01
 1.00000e-01
 1.00000e-01
 1.00000e-01
 1.00000e-01
 1.00000e-01
 1.00000e-01
 1.00000e-01
 1.00000e-01
 1.00000e-01
 1.00316e-01
 1.00099e-01
 1.00029e-01
 1.00008e-01
 1.00002e-01
 1.00000e-01
 1.00000e-01
 1.00000e-01
 1.00000e-01
 1.00000e-01
 1.00000e-01
 1.00000e-01
 1.00000e-01
 1.00000e-01
 1.00000e-01
 1.00092e-01
 1.00029e-01
 1.00008e-01
 1.00002e-01
 1.00001e-01
 1.00000e-01
 1.00000e-01
 1.00000e-01
 1.00000e-01
 1.00000e-01
 1.00000e-01
 1.00000e-01
 1.00000e-01
 1.00000e-01
 1.00000e-01
 1.00024e-01
 1.00008e-01
 1.00002e-01
 1.00001e-01
 1.00000e-01
 1.00000e-01
 1.00000e-01
 1.00000e-01
 1.00000e-01
 1.00000e-01
 1.00000e-01
 1.00000e-01
 1.00000e-01
 1.00000e-01
 1.00000e-01
 1.00006e-01
 1.00002e-01
 1.00001e-01
 1.00000e-01
 1.00000e-01
 1.00000e-01
 1.00000e-01
 1.00000e-01
 1.00000e-01
 1.00000e-01
 1.00000e-01
 1.00000e-01
 1.00000e-01
 1.00000e-01
 1.00000e-01
 1.00001e-01
 1.00000e-01
 1.00000e-01
 1.00000e-01
 1.00000e-01
 1.00000e-01
 1.00000e-01
 1.00000e-01
 1.00000e-01
 1.00000e-01
 1.00000e-01
 1.00000e-01
 1.00000e-01
 1.00000e-01
 1.00000e-01
 1.00000e-01
 1.00000e-01
 1.00000e-01
 1.00000e-01
 1.00000e-01
 1.00000e-01
 1.00000e-01
 1.00000e-01
 1.00000e-01
 1.00000e-01
 1.00000e-01
 1.00000e-01
 1.00000e-01
 1.00000e-01
 1.00000e-01
 1.00000e-01
 1.00000e-01
 1.00000e-01
 1.00000e-01
 1.00000e-01
 1.00000e-01
 1.00000e-01
 1.00000e-01
 1.00000e-01
 1.00000e-01
 1.00000e-01
 1.00000e-01
 1.00000e-01
 1.00000e-01
 1.00000e-01
 1.00000e-01
 1.00000e-01
 1.00000e-01
 1.00000e-01
 1.00000e-01
 1.00000e-01
 1.00000e-01
 1.00000e-01
 1.00000e-01
 1.00000e-01
 1.00000e-01
 1.00000e-01
 1.00000e-01
 1.00000e-01
 1.00000e-01
 1.00000e-01
 1.00000e-01
 1.00000e-01
 1.00000e-01
 1.00000e-01
 1.00000e-01
 1.00000e-01
 1.00000e-01
 1.00000e-01
 1.00000e-01
 1.00000e-01
 1.00000e-01
 1.00000e-01
 1.00000e-01
 1.00000e-01
 1.00000e-01
 1.00000e-01
 1.00000e-01
 1.00000e-01
 1.00000e-01
 1.00000e-01
 1.00000e-01
 1.00000e-01
 1.00000e-01
 1.00000e-01
 1.00000e-01
 1.00000e-01
 1.00000e-01
 1.00000e-01
 1.00000e-01
 1.00000e-01
 1.00000e-01
 1.00000e-01
 1.00000e-01
 1.00000e-01
 1.00000e-01
 1.00000e-01
 1.00000e-01
 1.00000e-01
 1.00000e-01
 1.00000e-01
 1.00000e-01
 1.00000e-01
 1.00000e-01
 1.00000e-01
 1.00000e-01
 1.00000e-01
 1.00000e-01
 1.00000e-01
 1.00000e-01
 1.00000e-01
 1.00000e-01
 1.00000e-01
 1.00000e-01
 1.00000e-01
 1.00000e-01
 1.00000e-01
 1.00000e-01
 1.00000e-01
 1.00000e-01
 1.00000e-01
 1.00000e-01
 1.00000e-01
 1.00000e-01
 1.00000e-01
 1.00000e-01
 1.00000e-01
 1.00000e-01
 1.00000e-01
 1.00000e-01
 1.00000e-01
 1.00000e-01
 1.00000e-01
 1.00000e-01
 1.00000e-01
 1.00000e-01
 1.00000e-01
 1.00000e-01
 1.00000e-01
 1.00000e-01
 1.00000e-01
 1.00000e-01
 1.00000e-01
 1.00000e-01
 1.00000e-01
 1.00000e-01
 1.00000e-01
 1.00000e-01
 1.00000e-01
 1.00000e-01
 1.00579e-01
 1.00182e-01
 1.00053e-01
 1.00014e-01
 1.00003e-01
 1.00001e-01
 1.00000e-01
 1.00000e-01
 1.00000e-01
 1.00000e-01
 1.00000e-01
 1.00000e-01
 1.00000e-01
 1.00000e-01
 1.00000e-01
 1.00182e-01
 1.00058e-01
 1.00017e-01
 1.00005e-01
 1.00001e-01
 1.00000e-01
 1.00000e-01
 1.00000e-01
 1.00000e-01
 1.00000e-01
 1.00000e-01
 1.00000e-01
 1.00000e-01
 1.00000e-01
 1.00000e-01
 1.00053e-01
 1.00017e-01
 1.00005e-01
 1.00001e-01
 1.00000e-01
 1.00000e-01
 1.00000e-01
 1.00000e-01
 1.00000e-01
 1.00000e-01
 1.00000e-01
 1.00000e-01
 1.00000e-01
 1.00000e-01
 1.00000e-01
 1.00014e-01
 1.00005e-01
 1.00001e-01
 1.00000e-01
 1.00000e-01
 1.00000e-01
 1.00000e-01
 1.00000e-01
 1.00000e-01
 1.00000e-01
 1.00000e-01
 1.00000e-01
 1.00000e-01
 1.00000e-01
 1.00000e-01
 1.00003e-01
 1.00001e-01
 1.00000e-01
 1.00000e-01
 1.00000e-01
 1.00000e-01
 1.00000e-01
 1.00000e-01
 1.00000e-01
 1.00000e-01
 1.00000e-01
 1.00000e-01
 1.00000e-01
 1.00000e-01
 1.00000e-01
 1.00001e-01
 1.00000e-01
 1.00000e-01
 1.00000e-01
 1.00000e-01
 1.00000e-01
 1.00000e-01
 1.00000e-01
 1.00000e-01
 1.00000e-01
 1.00000e-01
 1.00000e-01
 1.00000e-01
 1.00000e-01
 1.00000e-01
 1.00000e-01
 1.00000e-01
 1.00000e-01
 1.00000e-01
 1.00000e-01
 1.00000e-01
 1.00000e-01
 1.00000e-01
 1.00000e-01
 1.00000e-01
 1.00000e-01
 1.00000e-01
 1.00000e-01
 1.00000e-01
 1.00000e-01
 1.00000e-01
 1.00000e-01
 1.00000e-01
 1.00000e-01
 1.00000e-01
 1.00000e-01
 1.00000e-01
 1.00000e-01
 1.00000e-01
 1.00000e-01
 1.00000e-01
 1.00000e-01
 1.00000e-01
 1.00000e-01
 1.00000e-01
 1.00000e-01
 1.00000e-01
 1.00000e-01
 1.00000e-01
 1.00000e-01
 1.00000e-01
 1.00000e-01
 1.00000e-01
 1.00000e-01
 1.00000e-01
 1.00000e-01
 1.00000e-01
 1.00000e-01
 1.00000e-01
 1.00000e-01
 1.00000e-01
 1.00000e-01
 1.00000e-01
 1.00000e-01
 1.00000e-01
 1.00000e-01
 1.00000e-01
 1.00000e-01
 1.00000e-01
 1.00000e-01
 1.00000e-01
 1.00000e-01
 1.00000e-01
 1.00000e-01
 1.00000e-01
 1.00000e-01
 1.00000e-01
 1.00000e-01
 1.00000e-01
 1.00000e-01
 1.00000e-01
 1.00000e-01
 1.00000e-01
 1.00000e-01
 1.00000e-01
 1.00000e-01
 1.00000e-01
 1.00000e-01
 1.00000e-01
 1.00000e-01
 1.00000e-01
 1.00000e-01
 1.00000e-01
 1.00000e-01
 1.00000e-01
 1.00000e-01
 1.00000e-01
 1.00000e-01
 1.00000e-01
 1.00000e-01
 1.00000e-01
 1.00000e-01
 1.00000e-01
 1.00000e-01
 1.00000e-01
 1.00000e-01
 1.00000e-01
 1.00000e-01
 1.00000e-01
 1.00000e-01
 1.00000e-01
 1.00000e-01
 1.00000e-01
 1.00000e-01
 1.00000e-01
 1.00000e-01
 1.00000e-01
 1.00000e-01
 1.00000e-01
 1.00000e-01
 1.00000e-01
 1.00000e-01
 1.00000e-01
 1.00000e-01
 1.00000e-01
 1.00000e-01
 1.00000e-01
 1.00000e-01
 1.00000e-01
 1.00000e-01
 1.00000e-01
 1.00000e-01
 1.00000e-01
 1.00000e-01
 1.00000e-01
 1.00000e-01
 1.00000e-01
 1.00000e-01
 1.00000e-01
 1.00000e-01
 1.00000e-01
 1.00000e-01
 1.00000e-01
 1.00000e-01
 1.00000e-01
 1.00000e-01
 1.00000e-01
 1.00000e-01
 1.00000e-01
 1.00000e-01
 1.00316e-01
 1.00099e-01
 1.00029e-01
 1.00008e-01
 1.00002e-01
 1.00000e-01
 1.00000e-01
 1.00000e-01
 1.00000e-01
 1.00000e-01
 1.00000e-01
 1.00000e-01
 1.00000e-01
 1.00000e-01
 1.00000e-01
 1.00099e-01
 1.00032e-01
 1.00009e-01
 1.00003e-01
 1.00001e-01
 1.00000e-01
 1.00000e-01
 1.00000e-01
 1.00000e-01
 1.00000e-01
 1.00000e-01
 1.00000e-01
 1.00000e-01
 1.00000e-01
 1.00000e-01
 1.00029e-01
 1.00009e-01
 1.00003e-01
 1.00001e-01
 1.00000e-01
 1.00000e-01
 1.00000e-01
 1.00000e-01
 1.00000e-01
 1.00000e-01
 1.00000e-01
 1.00000e-01
 1.00000e-01
 1.00000e-01
 1.00000e-01
 1.00008e-01
 1.00003e-01
 1.00001e-01
 1.00000e-01
 1.00000e-01
 1.00000e-01
 1.00000e-01
 1.00000e-01
 1.00000e-01
 1.00000e-01
 1.00000e-01
 1.00000e-01
 1.00000e-01
 1.00000e-01
 1.00000e-01
 1.00002e-01
 1.00001e-01
 1.00000e-01
 1.00000e-01
 1.00000e-01
 1.00000e-01
 1.00000e-01
 1.00000e-01
 1.00000e-01
 1.00000e-01
 1.00000e-01
 1.00000e-01
 1.00000e-01
 1.00000e-01
 1.00000e-01
 1.00000e-01
 1.00000e-01
 1.00000e-01
 1.00000e-01
 1.00000e-01
 1.00000e-01
 1.00000e-01
 1.00000e-01
 1.00000e-01
 1.00000e-01
 1.00000e-01
 1.00000e-01
 1.00000e-01
 1.00000e-01
 1.00000e-01
 1.00000e-01
 1.00000e-01
 1.00000e-01
 1.00000e-01
 1.00000e-01
 1.00000e-01
 1.00000e-01
 1.00000e-01
 1.00000e-01
 1.00000e-01
 1.00000e-01
 1.00000e-01
 1.00000e-01
 1.00000e-01
 1.00000e-01
 1.00000e-01
 1.00000e-01
 1.00000e-01
 1.00000e-01
 1.00000e-01
 1.00000e-01
 1.00000e-01
 1.00000e-01
 1.00000e-01
 1.00000e-01
 1.00000e-01
 1.00000e-01
 1.00000e-01
 1.00000e-01
 1.00000e-01
 1.00000e-01
 1.00000e-01
 1.00000e-01
 1.00000e-01
 1.00000e-01
 1.00000e-01
 1.00000e-01
 1.00000e-01
 1.00000e-01
 1.00000e-01
 1.00000e-01
 1.00000e-01
 1.00000e-01
 1.00000e-01
 1.00000e-01
 1.00000e-01
 1.00000e-01
 1.00000e-01
 1.00000e-01
 1.00000e-01
 1.00000e-01
 1.00000e-01
 1.00000e-01
 1.00000e-01
 1.00000e-01
 1.00000e-01
 1.00000e-01
 1.00000e-01
 1.00000e-01
 1.00000e-01
 1.00000e-01
 1.00000e-01
 1.00000e-01
 1.00000e-01
 1.00000e-01
 1.00000e-01
 1.00000e-01
 1.00000e-01
 1.00000e-01
 1.00000e-01
 1.00000e-01
 1.00000e-01
 1.00000e-01
 1.00000e-01
 1.00000e-01
 1.00000e-01
 1.00000e-01
 1.00000e-01
 1.00000e-01
 1.00000e-01
 1.00000e-01
 1.00000e-01
 1.00000e-01
 1.00000e-01
 1.00000e-01
 1.00000e-01
 1.00000e-01
 1.00000e-01
 1.00000e-01
 1.00000e-01
 1.00000e-01
 1.00000e-01
 1.00000e-01
 1.00000e-01
 1.00000e-01
 1.00000e-01
 1.00000e-01
 1.00000e-01
 1.00000e-01
 1.00000e-01
 1.00000e-01
 1.00000e-01
 1.00000e-01
 1.00000e-01
 1.00000e-01
 1.00000e-01
 1.00000e-01
 1.00000e-01
 1.00000e-01
 1.00000e-01
 1.00000e-01
 1.00000e-01
 1.00000e-01
 1.00000e-01
 1.00000e-01
 1.00000e-01
 1.00000e-01
 1.00000e-01
 1.00000e-01
 1.00000e-01
 1.00000e-01
 1.00000e-01
 1.00000e-01
 1.00000e-01
 1.00000e-01
 1.00000e-01
 1.00000e-01
 1.00000e-01
 1.00000e-01
 1.00000e-01
 1.00000e-01
 1.00000e-01
 1.00000e-01
 1.00000e-01
 1.00000e-01
 1.00158e-01
 1.00051e-01
 1.00015e-01
 1.00004e-01
 1.00001e-01
 1.00000e-01
 1.00000e-01
 1.00000e-01
 1.00000e-01
 1.00000e-01
 1.00000e-01
 1.00000e-01
 1.00000e-01
 1.00000e-01
 1.00000e-01
 1.00051e-01
 1.00016e-01
 1.00005e-01
 1.00001e-01
 1.00000e-01
 1.00000e-01
 1.00000e-01
 1.00000e-01
 1.00000e-01
 1.00000e-01
 1.00000e-01
 1.00000e-01
 1.00000e-01
 1.00000e-01
 1.00000e-01
 1.00015e-01
 1.00005e-01
 1.00001e-01
 1.00000e-01
 1.00000e-01
 1.00000e-01
 1.00000e-01
 1.00000e-01
 1.00000e-01
 1.00000e-01
 1.00000e-01
 1.00000e-01
 1.00000e-01
 1.00000e-01
 1.00000e-01
 1.00004e-01
 1.00001e-01
 1.00000e-01
 1.00000e-01
 1.00000e-01
 1.00000e-01
 1.00000e-01
 1.00000e-01
 1.00000e-01
 1.00000e-01
 1.00000e-01
 1.00000e-01
 1.00000e-01
 1.00000e-01
 1.00000e-01
 1.00001e-01
 1.00000e-01
 1.00000e-01
 1.00000e-01
 1.00000e-01
 1.00000e-01
 1.00000e-01
 1.00000e-01
 1.00000e-01
 1.00000e-01
 1.00000e-01
 1.00000e-01
 1.00000e-01
 1.00000e-01
 1.00000e-01
 1.00000e-01
 1.00000e-01
 1.00000e-01
 1.00000e-01
 1.00000e-01
 1.00000e-01
 1.00000e-01
 1.00000e-01
 1.00000e-01
 1.00000e-01
 1.00000e-01
 1.00000e-01
 1.00000e-01
 1.00000e-01
 1.00000e-01
 1.00000e-01
 1.00000e-01
 1.00000e-01
 1.00000e-01
 1.00000e-01
 1.00000e-01
 1.00000e-01
 1.00000e-01
 1.00000e-01
 1.00000e-01
 1.00000e-01
 1.00000e-01
 1.00000e-01
 1.00000e-01
 1.00000e-01
 1.00000e-01
 1.00000e-01
 1.00000e-01
 1.00000e-01
 1.00000e-01
 1.00000e-01
 1.00000e-01
 1.00000e-01
 1.00000e-01
 1.00000e-01
 1.00000e-01
 1.00000e-01
 1.00000e-01
 1.00000e-01
 1.00000e-01
 1.00000e-01
 1.00000e-01
 1.00000e-01
 1.00000e-01
 1.00000e-01
 1.00000e-01
 1.00000e-01
 1.00000e-01
 1.00000e-01
 1.00000e-01
 1.00000e-01
 1.00000e-01
 1.00000e-01
 1.00000e-01
 1.00000e-01
 1.00000e-01
 1.00000e-01
 1.00000e-01
 1.00000e-01
 1.00000e-01
 1.00000e-01
 1.00000e-01
 1.00000e-01
 1.00000e-01
 1.00000e-01
 1.00000e-01
 1.00000e-01
 1.00000e-01
 1.00000e-01
 1.00000e-01
 1.00000e-01
 1.00000e-01
 1.00000e-01
 1.00000e-01
 1.00000e-01
 1.00000e-01
 1.00000e-01
 1.00000e-01
 1.00000e-01
 1.00000e-01
 1.00000e-01
 1.00000e-01
 1.00000e-01
 1.00000e-01
 1.00000e-01
 1.00000e-01
 1.00000e-01
 1.00000e-01
 1.00000e-01
 1.00000e-01
 1.00000e-01
 1.00000e-01
 1.00000e-01
 1.00000e-01
 1.00000e-01
 1.00000e-01
 1.00000e-01
 1.00000e-01
 1.00000e-01
 1.00000e-01
 1.00000e-01
 1.00000e-01
 1.00000e-01
 1.00000e-01
 1.00000e-01
 1.00000e-01
 1.00000e-01
 1.00000e-01
 1.00000e-01
 1.00000e-01
 1.00000e-01
 1.00000e-01
 1.00000e-01
 1.00000e-01
 1.00000e-01
 1.00000e-01
 1.00000e-01
 1.00000e-01
 1.00000e-01
 1.00000e-01
 1.00000e-01
 1.00000e-01
 1.00000e-01
 1.00000e-01
 1.00000e-01
 1.00000e-01
 1.00000e-01
 1.00000e-01
 1.00000e-01
 1.00000e-01
 1.00000e-01
 1.00000e-01
 1.00000e-01
 1.00000e-01
 1.00000e-01
 1.00000e-01
 1.00000e-01
 1.00000e-01
 1.00000e-01
 1.00000e-01
 1.00000e-01
 1.00000e-01
 1.00000e-01
 1.00000e-01
 1.00000e-01
 1.00076e-01
 1.00024e-01
 1.00007e-01
 1.00002e-01
 1.00000e-01
 1.00000e-01
 1.00000e-01
 1.00000e-01
 1.00000e-01
 1.00000e-01
 1.00000e-01
 1.00000e-01
 1.00000e-01
 1.00000e-01
 1.00000e-01
 1.00024e-01
 1.00008e-01
 1.00002e-01
 1.00001e-01
 1.00000e-01
 1.00000e-01
 1.00000e-01
 1.00000e-01
 1.00000e-01
 1.00000e-01
 1.00000e-01
 1.00000e-01
 1.00000e-01
 1.00000e-01
 1.00000e-01
 1.00007e-01
 1.00002e-01
 1.00001e-01
 1.00000e-01
 1.00000e-01
 1.00000e-01
 1.00000e-01
 1.00000e-01
 1.00000e-01
 1.00000e-01
 1.00000e-01
 1.00000e-01
 1.00000e-01
 1.00000e-01
 1.00000e-01
 1.00002e-01
 1.00001e-01
 1.00000e-01
 1.00000e-01
 1.00000e-01
 1.00000e-01
 1.00000e-01
 1.00000e-01
 1.00000e-01
 1.00000e-01
 1.00000e-01
 1.00000e-01
 1.00000e-01
 1.00000e-01
 1.00000e-01
 1.00000e-01
 1.00000e-01
 1.00000e-01
 1.00000e-01
 1.00000e-01
 1.00000e-01
 1.00000e-01
 1.00000e-01
 1.00000e-01
 1.00000e-01
 1.00000e-01
 1.00000e-01
 1.00000e-01
 1.00000e-01
 1.00000e-01
 1.00000e-01
 1.00000e-01
 1.00000e-01
 1.00000e-01
 1.00000e-01
 1.00000e-01
 1.00000e-01
 1.00000e-01
 1.00000e-01
 1.00000e-01
 1.00000e-01
 1.00000e-01
 1.00000e-01
 1.00000e-01
 1.00000e-01
 1.00000e-01
 1.00000e-01
 1.00000e-01
 1.00000e-01
 1.00000e-01
 1.00000e-01
 1.00000e-01
 1.00000e-01
 1.00000e-01
 1.00000e-01
 1.00000e-01
 1.00000e-01
 1.00000e-01
 1.00000e-01
 1.00000e-01
 1.00000e-01
 1.00000e-01
 1.00000e-01
 1.00000e-01
 1.00000e-01
 1.00000e-01
 1.00000e-01
 1.00000e-01
 1.00000e-01
 1.00000e-01
 1.00000e-01
 1.00000e-01
 1.00000e-01
 1.00000e-01
 1.00000e-01
 1.00000e-01
 1.00000e-01
 1.00000e-01
 1.00000e-01
 1.00000e-01
 1.00000e-01
 1.00000e-01
 1.00000e-01
 1.00000e-01
 1.00000e-01
 1.00000e-01
 1.00000e-01
 1.00000e-01
 1.00000e-01
 1.00000e-01
 1.00000e-01
 1.00000e-01
 1.00000e-01
 1.00000e-01
 1.00000e-01
 1.00000e-01
 1.00000e-01
 1.00000e-01
 1.00000e-01
 1.00000e-01
 1.00000e-01
 1.00000e-01
 1.00000e-01
 1.00000e-01
 1.00000e-01
 1.00000e-01
 1.00000e-01
 1.00000e-01
 1.00000e-01
 1.00000e-01
 1.00000e-01
 1.00000e-01
 1.00000e-01
 1.00000e-01
 1.00000e-01
 1.00000e-01
 1.00000e-01
 1.00000e-01
 1.00000e-01
 1.00000e-01
 1.00000e-01
 1.00000e-01
 1.00000e-01
 1.00000e-01
 1.00000e-01
 1.00000e-01
 1.00000e-01
 1.00000e-01
 1.00000e-01
 1.00000e-01
 1.00000e-01
 1.00000e-01
 1.00000e-01
 1.00000e-01
 1.00000e-01
 1.00000e-01
 1.00000e-01
 1.00000e-01
 1.00000e-01
 1.00000e-01
 1.00000e-01
 1.00000e-01
 1.00000e-01
 1.00000e-01
 1.00000e-01
 1.00000e-01
 1.00000e-01
 1.00000e-01
 1.00000e-01
 1.00000e-01
 1.00000e-01
 1.00000e-01
 1.00000e-01
 1.00000e-01
 1.00000e-01
 1.00000e-01
 1.00000e-01
 1.00000e-01
 1.00000e-01
 1.00000e-01
 1.00000e-01
 1.00000e-01
 1.00000e-01
 1.00000e-01
 1.00000e-01
 1.00000e-01
 1.00000e-01
 1.00000e-01
 1.00000e-01
 1.00000e-01
 1.00000e-01
 1.00000e-01
 1.00000e-01
 1.00000e-01
 1.00000e-01
 1.00000e-01
 1.00000e-01
 1.00000e-01
 1.00000e-01
 1.00000e-01
 1.00033e-01
 1.00011e-01
 1.00003e-01
 1.00001e-01
 1.00000e-01
 1.00000e-01
 1.00000e-01
 1.00000e-01
 1.00000e-01
 1.00000e-01
 1.00000e-01
 1.00000e-01
 1.00000e-01
 1.00000e-01
 1.00000e-01
 1.00011e-01
 1.00004e-01
 1.00001e-01
 1.00000e-01
 1.00000e-01
 1.00000e-01
 1.00000e-01
 1.00000e-01
 1.00000e-01
 1.00000e-01
 1.00000e-01
 1.00000e-01
 1.00000e-01
 1.00000e-01
 1.00000e-01
 1.00003e-01
 1.00001e-01
 1.00000e-01
 1.00000e-01
 1.00000e-01
 1.00000e-01
 1.00000e-01
 1.00000e-01
 1.00000e-01
 1.00000e-01
 1.00000e-01
 1.00000e-01
 1.00000e-01
 1.00000e-01
 1.00000e-01
 1.00001e-01
 1.00000e-01
 1.00000e-01
 1.00000e-01
 1.00000e-01
 1.00000e-01
 1.00000e-01
 1.00000e-01
 1.00000e-01
 1.00000e-01
 1.00000e-01
 1.00000e-01
 1.00000e-01
 1.00000e-01
 1.00000e-01
 1.00000e-01
 1.00000e-01
 1.00000e-01
 1.00000e-01
 1.00000e-01
 1.00000e-01
 1.00000e-01
 1.00000e-01
 1.00000e-01
 1.00000e-01
 1.00000e-01
 1.00000e-01
 1.00000e-01
 1.00000e-01
 1.00000e-01
 1.00000e-01
 1.00000e-01
 1.00000e-01
 1.00000e-01
 1.00000e-01
 1.00000e-01
 1.00000e-01
 1.00000e-01
 1.00000e-01
 1.00000e-01
 1.00000e-01
 1.00000e-01
 1.00000e-01
 1.00000e-01
 1.00000e-01
 1.00000e-01
 1.00000e-01
 1.00000e-01
 1.00000e-01
 1.00000e-01
 1.00000e-01
 1.00000e-01
 1.00000e-01
 1.00000e-01
 1.00000e-01
 1.00000e-01
 1.00000e-01
 1.00000e-01
 1.00000e-01
 1.00000e-01
 1.00000e-01
 1.00000e-01
 1.00000e-01
 1.00000e-01
 1.00000e-01
 1.00000e-01
 1.00000e-01
 1.00000e-01
 1.00000e-01
 1.00000e-01
 1.00000e-01
 1.00000e-01
 1.00000e-01
 1.00000e-01
 1.00000e-01
 1.00000e-01
 1.00000e-01
 1.00000e-01
 1.00000e-01
 1.00000e-01
 1.00000e-01
 1.00000e-01
 1.00000e-01
 1.00000e-01
 1.00000e-01
 1.00000e-01
 1.00000e-01
 1.00000e-01
 1.00000e-01
 1.00000e-01
 1.00000e-01
 1.00000e-01
 1.00000e-01
 1.00000e-01
 1.00000e-01
 1.00000e-01
 1.00000e-01
 1.00000e-01
 1.00000e-01
 1.00000e-01
 1.00000e-01
 1.00000e-01
 1.00000e-01
 1.00000e-01
 1.00000e-01
 1.00000e-01
 1.00000e-01
 1.00000e-01
 1.00000e-01
 1.00000e-01
 1.00000e-01
 1.00000e-01
 1.00000e-01
 1.00000e-01
 1.00000e-01
 1.00000e-01
 1.00000e-01
 1.00000e-01
 1.00000e-01
 1.00000e-01
 1.00000e-01
 1.00000e-01
 1.00000e-01
 1.00000e-01
 1.00000e-01
 1.00000e-01
 1.00000e-01
 1.00000e-01
 1.00000e-01
 1.00000e-01
 1.00000e-01
 1.00000e-01
 1.00000e-01
 1.00000e-01
 1.00000e-01
 1.00000e-01
 1.00000e-01
 1.00000e-01
 1.00000e-01
 1.00000e-01
 1.00000e-01
 1.00000e-01
 1.00000e-01
 1.00000e-01
 1.00000e-01
 1.00000e-01
 1.00000e-01
 1.00000e-01
 1.00000e-01
 1.00000e-01
 1.00000e-01
 1.00000e-01
 1.00000e-01
 1.00000e-01
 1.00000e-01
 1.00000e-01
 1.00000e-01
 1.00000e-01
 1.00000e-01
 1.00000e-01
 1.00000e-01
 1.00000e-01
 1.00000e-01
 1.00000e-01
 1.00000e-01
 1.00000e-01
 1.00000e-01
 1.00000e-01
 1.00000e-01
 1.00000e-01
 1.00000e-01
 1.00000e-01
 1.00000e-01
 1.00000e-01
 1.00000e-01
 1.00000e-01
 1.00000e-01
 1.00000e-01
 1.00000e-01
 1.00000e-01
 1.00014e-01
 1.00004e-01
 1.00001e-01
 1.00000e-01
 1.00000e-01
 1.00000e-01
 1.00000e-01
 1.00000e-01
 1.00000e-01
 1.00000e-01
 1.00000e-01
 1.00000e-01
 1.00000e-01
 1.00000e-01
 1.00000e-01
 1.00004e-01
 1.00001e-01
 1.00000e-01
 1.00000e-01
 1.00000e-01
 1.00000e-01
 1.00000e-01
 1.00000e-01
 1.00000e-01
 1.00000e-01
 1.00000e-01
 1.00000e-01
 1.00000e-01
 1.00000e-01
 1.00000e-01
 1.00001e-01
 1.00000e-01
 1.00000e-01
 1.00000e-01
 1.00000e-01
 1.00000e-01
 1.00000e-01
 1.00000e-01
 1.00000e-01
 1.00000e-01
 1.00000e-01
 1.00000e-01
 1.00000e-01
 1.00000e-01
 1.00000e-01
 1.00000e-01
 1.00000e-01
 1.00000e-01
 1.00000e-01
 1.00000e-01
 1.00000e-01
 1.00000e-01
 1.00000e-01
 1.00000e-01
 1.00000e-01
 1.00000e-01
 1.00000e-01
 1.00000e-01
 1.00000e-01
 1.00000e-01
 1.00000e-01
 1.00000e-01
 1.00000e-01
 1.00000e-01
 1.00000e-01
 1.00000e-01
 1.00000e-01
 1.00000e-01
 1.00000e-01
 1.00000e-01
 1.00000e-01
 1.00000e-01
 1.00000e-01
 1.00000e-01
 1.00000e-01
 1.00000e-01
 1.00000e-01
 1.00000e-01
 1.00000e-01
 1.00000e-01
 1.00000e-01
 1.00000e-01
 1.00000e-01
 1.00000e-01
 1.00000e-01
 1.00000e-01
 1.00000e-01
 1.00000e-01
 1.00000e-01
 1.00000e-01
 1.00000e-01
 1.00000e-01
 1.00000e-01
 1.00000e-01
 1.00000e-01
 1.00000e-01
 1.00000e-01
 1.00000e-01
 1.00000e-01
 1.00000e-01
 1.00000e-01
 1.00000e-01
 1.00000e-01
 1.00000e-01
 1.00000e-01
 1.00000e-01
 1.00000e-01
 1.00000e-01
 1.00000e-01
 1.00000e-01
 1.00000e-01
 1.00000e-01
 1.00000e-01
 1.00000e-01
 1.00000e-01
 1.00000e-01
 1.00000e-01
 1.00000e-01
 1.00000e-01
 1.00000e-01
 1.00000e-01
 1.00000e-01
 1.00000e-01
 1.00000e-01
 1.00000e-01
 1.00000e-01
 1.00000e-01
 1.00000e-01
 1.00000e-01
 1.00000e-01
 1.00000e-01
 1.00000e-01
 1.00000e-01
 1.00000e-01
 1.00000e-01
 1.00000e-01
 1.00000e-01
 1.00000e-01
 1.00000e-01
 1.00000e-01
 1.00000e-01
 1.00000e-01
 1.00000e-01
 1.00000e-01
 1.00000e-01
 1.00000e-01
 1.00000e-01
 1.00000e-01
 1.00000e-01
 1.00000e-01
 1.00000e-01
 1.00000e-01
 1.00000e-01
 1.00000e-01
 1.00000e-01
 1.00000e-01
 1.00000e-01
 1.00000e-01
 1.00000e-01
 1.00000e-01
 1.00000e-01
 1.00000e-01
 1.00000e-01
 1.00000e-01
 1.00000e-01
 1.00000e-01
 1.00000e-01
 1.00000e-01
 1.00000e-01
 1.00000e-01
 1.00000e-01
 1.00000e-01
 1.00000e-01
 1.00000e-01
 1.00000e-01
 1.00000e-01
 1.00000e-01
 1.00000e-01
 1.00000e-01
 1.00000e-01
 1.00000e-01
 1.00000e-01
 1.00000e-01
 1.00000e-01
 1.00000e-01
 1.00000e-01
 1.00000e-01
 1.00000e-01
 1.00000e-01
 1.00000e-01
 1.00000e-01
 1.00000e-01
 1.00000e-01
 1.00000e-01
 1.00000e-01
 1.00000e-01
 1.00000e-01
 1.00000e-01
 1.00000e-01
 1.00000e-01
 1.00000e-01
 1.00000e-01
 1.00000e-01
 1.00000e-01
 1.00000e-01
 1.00000e-01
 1.00000e-01
 1.00000e-01
 1.00000e-01
 1.00000e-01
 1.00000e-01
 1.00000e-01
 1.00000e-01
 1.00000e-01
 1.00000e-01
 1.00000e-01
 1.00000e-01
 1.00000e-01
 1.00000e-01
 1.00000e-01
 1.00000e-01
 1.00000e-01
 1.00000e-01
 1.00000e-01
 1.00000e-01
 1.00005e-01
 1.00002e-01
 1.00001e-01
 1.00000e-01
 1.00000e-01
 1.00000e-01
 1.00000e-01
 1.00000e-01
 1.00000e-01
 1.00000e-01
 1.00000e-01
 1.00000e-01
 1.00000e-01
 1.00000e-01
 1.00000e-01
 1.00002e-01
 1.00001e-01
 1.00000e-01
 1.00000e-01
 1.00000e-01
 1.00000e-01
 1.00000e-01
 1.00000e-01
 1.00000e-01
 1.00000e-01
 1.00000e-01
 1.00000e-01
 1.00000e-01
 1.00000e-01
 1.00000e-01
 1.00001e-01
 1.00000e-01
 1.00000e-01
 1.00000e-01
 1.00000e-01
 1.00000e-01
 1.00000e-01
 1.00000e-01
 1.00000e-01
 1.00000e-01
 1.00000e-01
 1.00000e-01
 1.00000e-01
 1.00000e-01
 1.00000e-01
 1.00000e-01
 1.00000e-01
 1.00000e-01
 1.00000e-01
 1.00000e-01
 1.00000e-01
 1.00000e-01
 1.00000e-01
 1.00000e-01
 1.00000e-01
 1.00000e-01
 1.00000e-01
 1.00000e-01
 1.00000e-01
 1.00000e-01
 1.00000e-01
 1.00000e-01
 1.00000e-01
 1.00000e-01
 1.00000e-01
 1.00000e-01
 1.00000e-01
 1.00000e-01
 1.00000e-01
 1.00000e-01
 1.00000e-01
 1.00000e-01
 1.00000e-01
 1.00000e-01
 1.00000e-01
 1.00000e-01
 1.00000e-01
 1.00000e-01
 1.00000e-01
 1.00000e-01
 1.00000e-01
 1.00000e-01
 1.00000e-01
 1.00000e-01
 1.00000e-01
 1.00000e-01
 1.00000e-01
 1.00000e-01
 1.00000e-01
 1.00000e-01
 1.00000e-01
 1.00000e-01
 1.00000e-01
 1.00000e-01
 1.00000e-01
 1.00000e-01
 1.00000e-01
 1.00000e-01
 1.00000e-01
 1.00000e-01
 1.00000e-01
 1.00000e-01
 1.00000e-01
 1.00000e-01
 1.00000e-01
 1.00000e-01
 1.00000e-01
 1.00000e-01
 1.00000e-01
 1.00000e-01
 1.00000e-01
 1.00000e-01
 1.00000e-01
 1.00000e-01
 1.00000e-01
 1.00000e-01
 1.00000e-01
 1.00000e-01
 1.00000e-01
 1.00000e-01
 1.00000e-01
 1.00000e-01
 1.00000e-01
 1.00000e-01
 1.00000e-01
 1.00000e-01
 1.00000e-01
 1.00000e-01
 1.00000e-01
 1.00000e-01
 1.00000e-01
 1.00000e-01
 1.00000e-01
 1.00000e-01
 1.00000e-01
 1.00000e-01
 1.00000e-01
 1.00000e-01
 1.00000e-01
 1.00000e-01
 1.00000e-01
 1.00000e-01
 1.00000e-01
 1.00000e-01
 1.00000e-01
 1.00000e-01
 1.00000e-01
 1.00000e-01
 1.00000e-01
 1.00000e-01
 1.00000e-01
 1.00000e-01
 1.00000e-01
 1.00000e-01
 1.00000e-01
 1.00000e-01
 1.00000e-01
 1.00000e-01
 1.00000e-01
 1.00000e-01
 1.00000e-01
 1.00000e-01
 1.00000e-01
 1.00000e-01
 1.00000e-01
 1.00000e-01
 1.00000e-01
 1.00000e-01
 1.00000e-01
 1.00000e-01
 1.00000e-01
 1.00000e-01
 1.00000e-01
 1.00000e-01
 1.00000e-01
 1.00000e-01
 1.00000e-01
 1.00000e-01
 1.00000e-01
 1.00000e-01
 1.00000e-01
 1.00000e-01
 1.00000e-01
 1.00000e-01
 1.00000e-01
 1.00000e-01
 1.00000e-01
 1.00000e-01
 1.00000e-01
 1.00000e-01
 1.00000e-01
 1.00000e-01
 1.00000e-01
 1.00000e-01
 1.00000e-01
 1.00000e-01
 1.00000e-01
 1.00000e-01
 1.00000e-01
 1.00000e-01
 1.00000e-01
 1.00000e-01
 1.00000e-01
 1.00000e-01
 1.00000e-01
 1.00000e-01
 1.00000e-01
 1.00000e-01
 1.00000e-01
 1.00000e-01
 1.00000e-01
 1.00000e-01
 1.00000e-01
 1.00000e-01
 1.00000e-01
 1.00000e-01
 1.00000e-01
 1.00000e-01
 1.00000e-01
 1.00000e-01
 1.00000e-01
 1.00000e-01
 1.00000e-01
 1.00000e-01
 1.00000e-01
 1.00002e-01
 1.00001e-01
 1.00000e-01
 1.00000e-01
 1.00000e-01
 1.00000e-01
 1.00000e-01
 1.00000e-01
 1.00000e-01
 1.00000e-01
 1.00000e-01
 1.00000e-01
 1.00000e-01
 1.00000e-01
 1.00000e-01
 1.00001e-01
 1.00000e-01
 1.00000e-01
 1.00000e-01
 1.00000e-01
 1.00000e-01
 1.00000e-01
 1.00000e-01
 1.00000e-01
 1.00000e-01
 1.00000e-01
 1.00000e-01
 1.00000e-01
 1.00000e-01
 1.00000e-01
 1.00000e-01
 1.00000e-01
 1.00000e-01
 1.00000e-01
 1.00000e-01
 1.00000e-01
 1.00000e-01
 1.00000e-01
 1.00000e-01
 1.00000e-01
 1.00000e-01
 1.00000e-01
 1.00000e-01
 1.00000e-01
 1.00000e-01
 1.00000e-01
 1.00000e-01
 1.00000e-01
 1.00000e-01
 1.00000e-01
 1.00000e-01
 1.00000e-01
 1.00000e-01
 1.00000e-01
 1.00000e-01
 1.00000e-01
 1.00000e-01
 1.00000e-01
 1.00000e-01
 1.00000e-01
 1.00000e-01
 1.00000e-01
 1.00000e-01
 1.00000e-01
 1.00000e-01
 1.00000e-01
 1.00000e-01
 1.00000e-01
 1.00000e-01
 1.00000e-01
 1.00000e-01
 1.00000e-01
 1.00000e-01
 1.00000e-01
 1.00000e-01
 1.00000e-01
 1.00000e-01
 1.00000e-01
 1.00000e-01
 1.00000e-01
 1.00000e-01
 1.00000e-01
 1.00000e-01
 1.00000e-01
 1.00000e-01
 1.00000e-01
 1.00000e-01
 1.00000e-01
 1.00000e-01
 1.00000e-01
 1.00000e-01
 1.00000e-01
 1.00000e-01
 1.00000e-01
 1.00000e-01
 1.00000e-01
 1.00000e-01
 1.00000e-01
 1.00000e-01
 1.00000e-01
 1.00000e-01
 1.00000e-01
 1.00000e-01
 1.00000e-01
 1.00000e-01
 1.00000e-01
 1.00000e-01
 1.00000e-01
 1.00000e-01
 1.00000e-01
 1.00000e-01
 1.00000e-01
 1.00000e-01
 1.00000e-01
 1.00000e-01
 1.00000e-01
 1.00000e-01
 1.00000e-01
 1.00000e-01
 1.00000e-01
 1.00000e-01
 1.00000e-01
 1.00000e-01
 1.00000e-01
 1.00000e-01
 1.00000e-01
 1.00000e-01
 1.00000e-01
 1.00000e-01
 1.00000e-01
 1.00000e-01
 1.00000e-01
 1.00000e-01
 1.00000e-01
 1.00000e-01
 1.00000e-01
 1.00000e-01
 1.00000e-01
 1.00000e-01
 1.00000e-01
 1.00000e-01
 1.00000e-01
 1.00000e-01
 1.00000e-01
 1.00000e-01
 1.00000e-01
 1.00000e-01
 1.00000e-01
 1.00000e-01
 1.00000e-01
 1.00000e-01
 1.00000e-01
 1.00000e-01
 1.00000e-01
 1.00000e-01
 1.00000e-01
 1.00000e-01
 1.00000e-01
 1.00000e-01
 1.00000e-01
 1.00000e-01
 1.00000e-01
 1.00000e-01
 1.00000e-01
 1.00000e-01
 1.00000e-01
 1.00000e-01
 1.00000e-01
 1.00000e-01
 1.00000e-01
 1.00000e-01
 1.00000e-01
 1.00000e-01
 1.00000e-01
 1.00000e-01
 1.00000e-01
 1.00000e-01
 1.00000e-01
 1.00000e-01
 1.00000e-01
 1.00000e-01
 1.00000e-01
 1.00000e-01
 1.00000e-01
 1.00000e-01
 1.00000e-01
 1.00000e-01
 1.00000e-01
 1.00000e-01
 1.00000e-01
 1.00000e-01
 1.00000e-01
 1.00000e-01
 1.00000e-01
 1.00000e-01
 1.00000e-01
 1.00000e-01
 1.00000e-01
 1.00000e-01
 1.00000e-01
 1.00000e-01
 1.00000e-01
 1.00000e-01
 1.00000e-01
 1.00000e-01
 1.00000e-01
 1.00000e-01
 1.00000e-01
 1.00000e-01
 1.00000e-01
 1.00000e-01
 1.00000e-01
 1.00000e-01
 1.00000e-01
 1.00000e-01
 1.00000e-01
 1.00000e-01
 1.00000e-01
 1.00000e-01
 1.00000e-01
 1.00000e-01
 1.00000e-01
 1.00000e-01
 1.00000e-01
 1.00000e-01
 1.00001e-01
 1.00000e-01
 1.00000e-01
 1.00000e-01
 1.00000e-01
 1.00000e-01
 1.00000e-01
 1.00000e-01
 1.00000e-01
 1.00000e-01
 1.00000e-01
 1.00000e-01
 1.00000e-01
 1.00000e-01
 1.00000e-01
 1.00000e-01
 1.00000e-01
 1.00000e-01
 1.00000e-01
 1.00000e-01
 1.00000e-01
 1.00000e-01
 1.00000e-01
 1.00000e-01
 1.00000e-01
 1.00000e-01
 1.00000e-01
 1.00000e-01
 1.00000e-01
 1.00000e-01
 1.00000e-01
 1.00000e-01
 1.00000e-01
 1.00000e-01
 1.00000e-01
 1.00000e-01
 1.00000e-01
 1.00000e-01
 1.00000e-01
 1.00000e-01
 1.00000e-01
 1.00000e-01
 1.00000e-01
 1.00000e-01
 1.00000e-01
 1.00000e-01
 1.00000e-01
 1.00000e-01
 1.00000e-01
 1.00000e-01
 1.00000e-01
 1.00000e-01
 1.00000e-01
 1.00000e-01
 1.00000e-01
 1.00000e-01
 1.00000e-01
 1.00000e-01
 1.00000e-01
 1.00000e-01
 1.00000e-01
 1.00000e-01
 1.00000e-01
 1.00000e-01
 1.00000e-01
 1.00000e-01
 1.00000e-01
 1.00000e-01
 1.00000e-01
 1.00000e-01
 1.00000e-01
 1.00000e-01
 1.00000e-01
 1.00000e-01
 1.00000e-01
 1.00000e-01
 1.00000e-01
 1.00000e-01
 1.00000e-01
 1.00000e-01
 1.00000e-01
 1.00000e-01
 1.00000e-01
 1.00000e-01
 1.00000e-01
 1.00000e-01
 1.00000e-01
 1.00000e-01
 1.00000e-01
 1.00000e-01
 1.00000e-01
 1.00000e-01
 1.00000e-01
 1.00000e-01
 1.00000e-01
 1.00000e-01
 1.00000e-01
 1.00000e-01
 1.00000e-01
 1.00000e-01
 1.00000e-01
 1.00000e-01
 1.00000e-01
 1.00000e-01
 1.00000e-01
 1.00000e-01
 1.00000e-01
 1.00000e-01
 1.00000e-01
 1.00000e-01
 1.00000e-01
 1.00000e-01
 1.00000e-01
 1.00000e-01
 1.00000e-01
 1.00000e-01
 1.00000e-01
 1.00000e-01
 1.00000e-01
 1.00000e-01
 1.00000e-01
 1.00000e-01
 1.00000e-01
 1.00000e-01
 1.00000e-01
 1.00000e-01
 1.00000e-01
 1.00000e-01
 1.00000e-01
 1.00000e-01
 1.00000e-01
 1.00000e-01
 1.00000e-01
 1.00000e-01
 1.00000e-01
 1.00000e-01
 1.00000e-01
 1.00000e-01
 1.00000e-01
 1.00000e-01
 1.00000e-01
 1.00000e-01
 1.00000e-01
 1.00000e-01
 1.00000e-01
 1.00000e-01
 1.00000e-01
 1.00000e-01
 1.00000e-01
 1.00000e-01
 1.00000e-01
 1.00000e-01
 1.00000e-01
 1.00000e-01
 1.00000e-01
 1.00000e-01
 1.00000e-01
 1.00000e-01
 1.00000e-01
 1.00000e-01
 1.00000e-01
 1.00000e-01
 1.00000e-01
 1.00000e-01
 1.00000e-01
 1.00000e-01
 1.00000e-01
 1.00000e-01
 1.00000e-01
 1.00000e-01
 1.00000e-01
 1.00000e-01
 1.00000e-01
 1.00000e-01
 1.00000e-01
 1.00000e-01
 1.00000e-01
 1.00000e-01
 1.00000e-01
 1.00000e-01
 1.00000e-01
 1.00000e-01
 1.00000e-01
 1.00000e-01
 1.00000e-01
 1.00000e-01
 1.00000e-01
 1.00000e-01
 1.00000e-01
 1.00000e-01
 1.00000e-01
 1.00000e-01
 1.00000e-01
 1.00000e-01
 1.00000e-01
 1.00000e-01
 1.00000e-01
 1.00000e-01
 1.00000e-01
 1.00000e-01
 1.00000e-01
 1.00000e-01
 1.00000e-01
 1.00000e-01
 1.00000e-01
 1.00000e-01
 1.00000e-01
 1.00000e-01
 1.00000e-01
 1.00000e-01
 1.00000e-01
 1.00000e-01
 1.00000e-01
 1.00000e-01
 1.00000e-01
 1.00000e-01
 1.00000e-01
 1.00000e-01
 1.00000e-01
 1.00000e-01
 1.00000e-01
 1.00000e-01
 1.00000e-01
 1.00000e-01
 1.00000e-01
 1.00000e-01
 1.00000e-01
 1.00000e-01
 1.00000e-01
 1.00000e-01
 1.00000e-01
 1.00000e-01
 1.00000e-01
 1.00000e-01
 1.00000e-01
 1.00000e-01
 1.00000e-01
 1.00000e-01
 1.00000e-01
 1.00000e-01
 1.00000e-01
 1.00000e-01
 1.00000e-01
 1.00000e-01
 1.00000e-01
 1.00000e-01
 1.00000e-01
 1.00000e-01
 1.00000e-01
 1.00000e-01
 1.00000e-01
 1.00000e-01
 1.00000e-01
 1.00000e-01
 1.00000e-01
 1.00000e-01
 1.00000e-01
 1.00000e-01
 1.00000e-01
 1.00000e-01
 1.00000e-01
 1.00000e-01
 1.00000e-01
 1.00000e-01
 1.00000e-01
 1.00000e-01
 1.00000e-01
 1.00000e-01
 1.00000e-01
 1.00000e-01
 1.00000e-01
 1.00000e-01
 1.00000e-01
 1.00000e-01
 1.00000e-01
 1.00000e-01
 1.00000e-01
 1.00000e-01
 1.00000e-01
 1.00000e-01
 1.00000e-01
 1.00000e-01
 1.00000e-01
 1.00000e-01
 1.00000e-01
 1.00000e-01
 1.00000e-01
 1.00000e-01
 1.00000e-01
 1.00000e-01
 1.00000e-01
 1.00000e-01
 1.00000e-01
 1.00000e-01
 1.00000e-01
 1.00000e-01
 1.00000e-01
 1.00000e-01
 1.00000e-01
 1.00000e-01
 1.00000e-01
 1.00000e-01
 1.00000e-01
 1.00000e-01
 1.00000e-01
 1.00000e-01
 1.00000e-01
 1.00000e-01
 1.00000e-01
 1.00000e-01
 1.00000e-01
 1.00000e-01
 1.00000e-01
 1.00000e-01
 1.00000e-01
 1.00000e-01
 1.00000e-01
 1.00000e-01
 1.00000e-01
 1.00000e-01
 1.00000e-01
 1.00000e-01
 1.00000e-01
 1.00000e-01
 1.00000e-01
 1.00000e-01
 1.00000e-01
 1.00000e-01
 1.00000e-01
 1.00000e-01
 1.00000e-01
 1.00000e-01
 1.00000e-01
 1.00000e-01
 1.00000e-01
 1.00000e-01
 1.00000e-01
 1.00000e-01
 1.00000e-01
 1.00000e-01
 1.00000e-01
 1.00000e-01
 1.00000e-01
 1.00000e-01
 1.00000e-01
 1.00000e-01
 1.00000e-01
 1.00000e-01
 1.00000e-01
 1.00000e-01
 1.00000e-01
 1.00000e-01
 1.00000e-01
 1.00000e-01
 1.00000e-01
 1.00000e-01
 1.00000e-01
 1.00000e-01
 1.00000e-01
 1.00000e-01
 1.00000e-01
 1.00000e-01
 1.00000e-01
 1.00000e-01
 1.00000e-01
 1.00000e-01
 1.00000e-01
 1.00000e-01
 1.00000e-01
 1.00000e-01
 1.00000e-01
 1.00000e-01
 1.00000e-01
 1.00000e-01
 1.00000e-01
 1.00000e-01
 1.00000e-01
 1.00000e-01
 1.00000e-01
 1.00000e-01
 1.00000e-01
 1.00000e-01
 1.00000e-01
 1.00000e-01
 1.00000e-01
 1.00000e-01
 1.00000e-01
 1.00000e-01
 1.00000e-01
 1.00000e-01
 1.00000e-01
 1.00000e-01
 1.00000e-01
 1.00000e-01
 1.00000e-01
 1.00000e-01
 1.00000e-01
 1.00000e-01
 1.00000e-01
 1.00000e-01
 1.00000e-01
 1.00000e-01
 1.00000e-01
 1.00000e-01
 1.00000e-01
 1.00000e-01
 1.00000e-01
 1.00000e-01
 1.00000e-01
 1.00000e-01
 1.00000e-01
 1.00000e-01
 1.00000e-01
 1.00000e-01
 1.00000e-01
 1.00000e-01
 1.00000e-01
 1.00000e-01
 1.00000e-01
 1.00000e-01
 1.00000e-01
 1.00000e-01
 1.00000e-01
 1.00000e-01
 1.00000e-01
 1.00000e-01
 1.00000e-01
 1.00000e-01
 1.00000e-01
 1.00000e-01
 1.00000e-01
 1.00000e-01
 1.00000e-01
 1.00000e-01
 1.00000e-01
 1.00000e-01
 1.00000e-01
 1.00000e-01
 1.00000e-01
 1.00000e-01
 1.00000e-01
 1.00000e-01
 1.00000e-01
 1.00000e-01
 1.00000e-01
 1.00000e-01
 1.00000e-01
 1.00000e-01
 1.00000e-01
 1.00000e-01
 1.00000e-01
 1.00000e-01
 1.00000e-01
 1.00000e-01
 1.00000e-01
 1.00000e-01
 1.00000e-01
 1.00000e-01
 1.00000e-01
 1.00000e-01
 1.00000e-01
 1.00000e-01
 1.00000e-01
 1.00000e-01
 1.00000e-01
 1.00000e-01
 1.00000e-01
 1.00000e-01
 1.00000e-01
 1.00000e-01
 1.00000e-01
 1.00000e-01
 1.00000e-01
 1.00000e-01
 1.00000e-01
 1.00000e-01
 1.00000e-01
 1.00000e-01
 1.00000e-01
 1.00000e-01
 1.00000e-01
 1.00000e-01
 1.00000e-01
 1.00000e-01
 1.00000e-01
 1.00000e-01
 1.00000e-01
 1.00000e-01
 1.00000e-01
 1.00000e-01
 1.00000e-01
 1.00000e-01
 1.00000e-01
 1.00000e-01
 1.00000e-01
 1.00000e-01
 1.00000e-01
 1.00000e-01
 1.00000e-01
 1.00000e-01
 1.00000e-01
 1.00000e-01
 1.00000e-01
 1.00000e-01
 1.00000e-01
 1.00000e-01
 1.00000e-01
 1.00000e-01
 1.00000e-01
 1.00000e-01
 1.00000e-01
 1.00000e-01
 1.00000e-01
 1.00000e-01
 1.00000e-01
 1.00000e-01
 1.00000e-01
 1.00000e-01
 1.00000e-01
 1.00000e-01
 1.00000e-01
 1.00000e-01
 1.00000e-01
 1.00000e-01
 1.00000e-01
 1.00000e-01
 1.00000e-01
 1.00000e-01
 1.00000e-01
 1.00000e-01
 1.00000e-01
 1.00000e-01
 1.00000e-01
 1.00000e-01
 1.00000e-01
 1.00000e-01
 1.00000e-01
 1.00000e-01
 1.00000e-01
 1.00000e-01
 1.00000e-01
 1.00000e-01
 1.00000e-01
 1.00000e-01
 1.00000e-01
 1.00000e-01
 1.00000e-01
 1.00000e-01
 1.00000e-01
 1.00000e-01
 1.00000e-01
 1.00000e-01
 1.00000e-01
 1.00000e-01
 1.00000e-01
 1.00000e-01
 1.00000e-01
 1.00000e-01
 1.00000e-01
 1.00000e-01
 1.00000e-01
 1.00000e-01
 1.00000e-01
 1.00000e-01
 1.00000e-01
 1.00000e-01
 1.00000e-01
 1.00000e-01
 1.00000e-01
 1.00000e-01
 1.00000e-01
 1.00000e-01
 1.00000e-01
 1.00000e-01
 1.00000e-01
 1.00000e-01
 1.00000e-01
 1.00000e-01
 1.00000e-01
 1.00000e-01
 1.00000e-01
 1.00000e-01
 1.00000e-01
 1.00000e-01
 1.00000e-01
 1.00000e-01
 1.00000e-01
 1.00000e-01
 1.00000e-01
 1.00000e-01
 1.00000e-01
 1.00000e-01
 1.00000e-01
 1.00000e-01
 1.00000e-01
 1.00000e-01
 1.00000e-01
 1.00000e-01
 1.00000e-01
 1.00000e-01
 1.00000e-01
 1.00000e-01
 1.00000e-01
 1.00000e-01
 1.00000e-01
 1.00000e-01
 1.00000e-01
 1.00000e-01
 1.00000e-01
 1.00000e-01
 1.00000e-01
 1.00000e-01
 1.00000e-01
 1.00000e-01
 1.00000e-01
 1.00000e-01
 1.00000e-01
 1.00000e-01
 1.00000e-01
 1.00000e-01
 1.00000e-01
 1.00000e-01
 1.00000e-01
 1.00000e-01
 1.00000e-01
 1.00000e-01
 1.00000e-01
 1.00000e-01
 1.00000e-01
 1.00000e-01
 1.00000e-01
 1.00000e-01
 1.00000e-01
 1.00000e-01
 1.00000e-01
 1.00000e-01
 1.00000e-01
 1.00000e-01
 1.00000e-01
 1.00000e-01
 1.00000e-01
 1.00000e-01
 1.00000e-01
 1.00000e-01
 1.00000e-01
 1.00000e-01
 1.00000e-01
 1.00000e-01
 1.00000e-01
 1.00000e-01
 1.00000e-01
 1.00000e-01
 1.00000e-01
 1.00000e-01
 1.00000e-01
 1.00000e-01
 1.00000e-01
 1.00000e-01
 1.00000e-01
 1.00000e-01
 1.00000e-01
 1.00000e-01
 1.00000e-01
 1.00000e-01
 1.00000e-01
 1.00000e-01
 1.00000e-01
 1.00000e-01
 1.00000e-01
 1.00000e-01
 1.00000e-01
 1.00000e-01
 1.00000e-01
 1.00000e-01
 1.00000e-01
 1.00000e-01
 1.00000e-01
 1.00000e-01
 1.00000e-01
 1.00000e-01
 1.00000e-01
 1.00000e-01
 1.00000e-01
 1.00000e-01
 1.00000e-01
 1.00000e-01
 1.00000e-01
 1.00000e-01
 1.00000e-01
 1.00000e-01
 1.00000e-01
 1.00000e-01
 1.00000e-01
 1.00000e-01
 1.00000e-01
 1.00000e-01
 1.00000e-01
 1.00000e-01
 1.00000e-01
 1.00000e-01
 1.00000e-01
 1.00000e-01
 1.00000e-01
 1.00000e-01
 1.00000e-01
 1.00000e-01
 1.00000e-01
 1.00000e-01
 1.00000e-01
 1.00000e-01
 1.00000e-01
 1.00000e-01
 1.00000e-01
 1.00000e-01
 1.00000e-01
 1.00000e-01
 1.00000e-01
 1.00000e-01
 1.00000e-01
 1.00000e-01
 1.00000e-01
 1.00000e-01
 1.00000e-01
 1.00000e-01
 1.00000e-01
 1.00000e-01
 1.00000e-01
 1.00000e-01
 1.00000e-01
 1.00000e-01
 1.00000e-01
 1.00000e-01
 1.00000e-01
 1.00000e-01
 1.00000e-01
 1.00000e-01
 1.00000e-01
 1.00000e-01
 1.00000e-01
 1.00000e-01
 1.00000e-01
 1.00000e-01
 1.00000e-01
 1.00000e-01
 1.00000e-01
 1.00000e-01
 1.00000e-01
 1.00000e-01
 1.00000e-01
 1.00000e-01
 1.00000e-01
 1.00000e-01
 1.00000e-01
 1.00000e-01
 1.00000e-01
 1.00000e-01
 1.00000e-01
 1.00000e-01
 1.00000e-01
 1.00000e-01
 1.00000e-01
 1.00000e-01
 1.00000e-01
 1.00000e-01
 1.00000e-01
 1.00000e-01
 1.00000e-01
 1.00000e-01
 1.00000e-01
 1.00000e-01
 1.00000e-01
 1.00000e-01
 1.00000e-01
 1.00000e-01
 1.00000e-01
 1.00000e-01
 1.00000e-01
 1.00000e-01
 1.00000e-01
 1.00000e-01
 1.00000e-01
 1.00000e-01
 1.00000e-01
 1.00000e-01
 1.00000e-01
 1.00000e-01
 1.00000e-01
 1.00000e-01
 1.00000e-01
 1.00000e-01
 1.00000e-01
 1.00000e-01
 1.00000e-01
 1.00000e-01
 1.00000e-01
 1.00000e-01
 1.00000e-01
 1.00000e-01
 1.00000e-01
 1.00000e-01
 1.00000e-01
 1.00000e-01
 1.00000e-01
 1.00000e-01
 1.00000e-01
 1.00000e-01
 1.00000e-01
 1.00000e-01
 1.00000e-01
 1.00000e-01
 1.00000e-01
 1.00000e-01
 1.00000e-01
 1.00000e-01
 1.00000e-01
 1.00000e-01
 1.00000e-01
 1.00000e-01
 1.00000e-01
 1.00000e-01
 1.00000e-01
 1.00000e-01
 1.00000e-01
 1.00000e-01
 1.00000e-01
 1.00000e-01
 1.00000e-01
 1.00000e-01
 1.00000e-01
 1.00000e-01
 1.00000e-01
 1.00000e-01
 1.00000e-01
 1.00000e-01
 1.00000e-01
 1.00000e-01
 1.00000e-01
 1.00000e-01
 1.00000e-01
 1.00000e-01
 1.00000e-01
 1.00000e-01
 1.00000e-01
 1.00000e-01
 1.00000e-01
 1.00000e-01
 1.00000e-01
 1.00000e-01
 1.00000e-01
 1.00000e-01
 1.00000e-01
 1.00000e-01
 1.00000e-01
 1.00000e-01
 1.00000e-01
 1.00000e-01
 1.00000e-01
 1.00000e-01
 1.00000e-01
 1.00000e-01
 1.00000e-01
 1.00000e-01
 1.00000e-01
 1.00000e-01
 1.00000e-01
 1.00000e-01
 1.00000e-01
 1.00000e-01
 1.00000e-01
 1.00000e-01
 1.00000e-01
 1.00000e-01
 1.00000e-01
 1.00000e-01
 1.00000e-01
 1.00000e-01
 1.00000e-01
 1.00000e-01
 1.00000e-01
 1.00000e-01
 1.00000e-01
 1.00000e-01
 1.00000e-01
 1.00000e-01
 1.00000e-01
 1.00000e-01
 1.00000e-01
 1.00000e-01
 1.00000e-01
 1.00000e-01
 1.00000e-01
 1.00000e-01
 1.00000e-01
 1.00000e-01
 1.00000e-01
 1.00000e-01
 1.00000e-01
 1.00000e-01
 1.00000e-01
 1.00000e-01
 1.00000e-01
 1.00000e-01
 1.00000e-01
 1.00000e-01
 1.00000e-01
 1.00000e-01
 1.00000e-01
 1.00000e-01
 1.00000e-01
 1.00000e-01
 1.00000e-01
 1.00000e-01
 1.00000e-01
 1.00000e-01
 1.00000e-01
 1.00000e-01
 1.00000e-01
 1.00000e-01
 1.00000e-01
 1.00000e-01
 1.00000e-01
 1.00000e-01
 1.00000e-01
 1.00000e-01
 1.00000e-01
 1.00000e-01
 1.00000e-01
 1.00000e-01
 1.00000e-01
 1.00000e-01
 1.00000e-01
 1.00000e-01
 1.00000e-01
 1.00000e-01
 1.00000e-01
 1.00000e-01
 1.00000e-01
 1.00000e-01
 1.00000e-01
 1.00000e-01
 1.00000e-01
 1.00000e-01
 1.00000e-01
 1.00000e-01
 1.00000e-01
 1.00000e-01
 1.00000e-01
 1.00000e-01
 1.00000e-01
 1.00000e-01
 1.00000e-01
 1.00000e-01
 1.00000e-01
 1.00000e-01
 1.00000e-01
 1.00000e-01
 1.00000e-01
 1.00000e-01
 1.00000e-01
 1.00000e-01
 1.00000e-01
 1.00000e-01
 1.00000e-01
 1.00000e-01
 1.00000e-01
 1.00000e-01
 1.00000e-01
 1.00000e-01
 1.00000e-01
 1.00000e-01
 1.00000e-01
 1.00000e-01
 1.00000e-01
 1.00000e-01
 1.00000e-01
 1.00000e-01
 1.00000e-01
 1.00000e-01
 1.00000e-01
 1.00000e-01
 1.00000e-01
 1.00000e-01
 1.00000e-01
 1.00000e-01
 1.00000e-01
 1.00000e-01
 1.00000e-01
 1.00000e-01
 1.00000e-01
 1.00000e-01
 1.00000e-01
 1.00000e-01
 1.00000e-01
 1.00000e-01
 1.00000e-01
 1.00000e-01
 1.00000e-01
 1.00000e-01
 1.00000e-01
 1.00000e-01
 1.00000e-01
 1.00000e-01
 1.00000e-01
 1.00000e-01
 1.00000e-01
 1.00000e-01
 1.00000e-01
 1.00000e-01
 1.00000e-01
 1.00000e-01
 1.00000e-01
 1.00000e-01
 1.00000e-01
 1.00000e-01
 1.00000e-01
 1.00000e-01
 1.00000e-01
 1.00000e-01
 1.00000e-01
 1.00000e-01
 1.00000e-01
 1.00000e-01
 1.00000e-01
 1.00000e-01
 1.00000e-01
 1.00000e-01
 1.00000e-01
 1.00000e-01
 1.00000e-01
 1.00000e-01
 1.00000e-01
 1.00000e-01
 1.00000e-01
 1.00000e-01
 1.00000e-01
 1.00000e-01
 1.00000e-01
 1.00000e-01
 1.00000e-01
 1.00000e-01
 1.00000e-01
 1.00000e-01
 1.00000e-01
 1.00000e-01
 1.00000e-01
 1.00000e-01
 1.00000e-01
 1.00000e-01
 1.00000e-01
 1.00000e-01
 1.00000e-01
 1.00000e-01
 1.00000e-01
 1.00000e-01
 1.00000e-01
 1.00000e-01
 1.00000e-01
 1.00000e-01
 1.00000e-01
 1.00000e-01
 1.00000e-01
 1.00000e-01
 1.00000e-01
 1.00000e-01
 1.00000e-01
 1.00000e-01
 1.00000e-01
 1.00000e-01
 1.00000e-01
 1.00000e-01
 1.00000e-01
 1.00000e-01
 1.00000e-01
 1.00000e-01
 1.00000e-01
 1.00000e-01
 1.00000e-01
 1.00000e-01
 1.00000e-01
 1.00000e-01
 1.00000e-01
 1.00000e-01
 1.00000e-01
 1.00000e-01
 1.00000e-01
 1.00000e-01
 1.00000e-01
 1.00000e-01
 1.00000e-01
 1.00000e-01
 1.00000e-01
 1.00000e-01
 1.00000e-01
 1.00000e-01
 1.00000e-01
 1.00000e-01
 1.00000e-01
 1.00000e-01
 1.00000e-01
 1.00000e-01
 1.00000e-01
 1.00000e-01
 1.00000e-01
 1.00000e-01
 1.00000e-01
 1.00000e-01
 1.00000e-01
 1.00000e-01
 1.00000e-01
 1.00000e-01
 1.00000e-01
 1.00000e-01
 1.00000e-01
 1.00000e-01
 1.00000e-01
 1.00000e-01
 1.00000e-01
 1.00000e-01
 1.00000e-01
 1.00000e-01
 1.00000e-01
 1.00000e-01
 1.00000e-01
 1.00000e-01
 1.00000e-01
 1.00000e-01
 1.00000e-01
 1.00000e-01
 1.00000e-01
 1.00000e-01
 1.00000e-01
 1.00000e-01
 1.00000e-01
 1.00000e-01
 1.00000e-01
 1.00000e-01
 1.00000e-01
 1.00000e-01
 1.00000e-01
 1.00000e-01
 1.00000e-01
 1.00000e-01
 1.00000e-01
 1.00000e-01
 1.00000e-01
 1.00000e-01
 1.00000e-01
 1.00000e-01
 1.00000e-01
 1.00000e-01
 1.00000e-01
 1.00000e-01
 1.00000e-01
 1.00000e-01
 1.00000e-01
 1.00000e-01
 1.00000e-01
 1.00000e-01
 1.00000e-01
 1.00000e-01
 1.00000e-01
 1.00000e-01
 1.00000e-01
 1.00000e-01
 1.00000e-01
 1.00000e-01
 1.00000e-01
 1.00000e-01
 1.00000e-01
 1.00000e-01
 1.00000e-01
 1.00000e-01
 1.00000e-01
 1.00000e-01
 1.00000e-01
 1.00000e-01
 1.00000e-01
 1.00000e-01
 1.00000e-01
 1.00000e-01
 1.00000e-01
 1.00000e-01
 1.00000e-01
 1.00000e-01
 1.00000e-01
 1.00000e-01
 1.00000e-01
 1.00000e-01
 1.00000e-01
 1.00000e-01
 1.00000e-01
 1.00000e-01
 1.00000e-01
 1.00000e-01
 1.00000e-01
 1.00000e-01
 1.00000e-01
 1.00000e-01
 1.00000e-01
 1.00000e-01
 1.00000e-01
 1.00000e-01
 1.00000e-01
 1.00000e-01
 1.00000e-01
 1.00000e-01
 1.00000e-01
 1.00000e-01
 1.00000e-01
 1.00000e-01
 1.00000e-01
 1.00000e-01
 1.00000e-01
 1.00000e-01
 1.00000e-01
 1.00000e-01
 1.00000e-01
 1.00000e-01
 1.00000e-01
 1.00000e-01
 1.00000e-01
 1.00000e-01
 1.00000e-01
 1.00000e-01
 1.00000e-01
 1.00000e-01
 1.00000e-01
 1.00000e-01
 1.00000e-01
 1.00000e-01
 1.00000e-01
 1.00000e-01
 1.00000e-01
 1.00000e-01
 1.00000e-01
 1.00000e-01
 1.00000e-01
 1.00000e-01
 1.00000e-01
 1.00000e-01
 1.00000e-01
 1.00000e-01
 1.00000e-01
 1.00000e-01
 1.00000e-01
 1.00000e-01
 1.00000e-01
 1.00000e-01
 1.00000e-01
 1.00000e-01
 1.00000e-01
 1.00000e-01
 1.00000e-01
 1.00000e-01
 1.00000e-01
 1.00000e-01
 1.00000e-01
 1.00000e-01
 1.00000e-01
 1.00000e-01
 1.00000e-01
 1.00000e-01
 1.00000e-01
 1.00000e-01
 1.00000e-01
 1.00000e-01
 1.00000e-01
 1.00000e-01
 1.00000e-01
 1.00000e-01
 1.00000e-01
 1.00000e-01
 1.00000e-01
 1.00000e-01
 1.00000e-01
 1.00000e-01
 1.00000e-01
 1.00000e-01
 1.00000e-01
 1.00000e-01
 1.00000e-01
 1.00000e-01
 1.00000e-01
 1.00000e-01
 1.00000e-01
 1.00000e-01
 1.00000e-01
 1.00000e-01
 1.00000e-01
 1.00000e-01
 1.00000e-01
 1.00000e-01
 1.00000e-01
 1.00000e-01
 1.00000e-01
 1.00000e-01
 1.00000e-01
 1.00000e-01
 1.00000e-01
 1.00000e-01
 1.00000e-01
 1.00000e-01
 1.00000e-01
 1.00000e-01
 1.00000e-01
 1.00000e-01
 1.00000e-01
 1.00000e-01
 1.00000e-01
 1.00000e-01
 1.00000e-01
 1.00000e-01
 1.00000e-01
 1.00000e-01
 1.00000e-01
 1.00000e-01
 1.00000e-01
 1.00000e-01
 1.00000e-01
 1.00000e-01
 1.00000e-01
 1.00000e-01
 1.00000e-01
 1.00000e-01
 1.00000e-01
 1.00000e-01
 1.00000e-01
 1.00000e-01
 1.00000e-01
 1.00000e-01
 1.00000e-01
 1.00000e-01
 1.00000e-01
 1.00000e-01
 1.00000e-01
 1.00000e-01
 1.00000e-01
 1.00000e-01
 1.00000e-01
 1.00000e-01
 1.00000e-01
 1.00000e-01
 1.00000e-01
 1.00000e-01
 1.00000e-01
 1.00000e-01
 1.00000e-01
 1.00000e-01
 1.00000e-01
 1.00000e-01
 1.00000e-01
 1.00000e-01
 1.00000e-01
 1.00000e-01
 1.00000e-01
 1.00000e-01
 1.00000e-01
 1.00000e-01
 1.00000e-01
 1.00000e-01
 1.00000e-01
 1.00000e-01
 1.00000e-01
 1.00000e-01
 1.00000e-01
 1.00000e-01
 1.00000e-01
 1.00000e-01
 1.00000e-01
 1.00000e-01
 1.00000e-01
 1.00000e-01
 1.00000e-01
 1.00000e-01
 1.00000e-01
 1.00000e-01
 1.00000e-01
 1.00000e-01
 1.00000e-01
 1.00000e-01
 1.00000e-01
 1.00000e-01
 1.00000e-01
 1.00000e-01
 1.00000e-01
 1.00000e-01
 1.00000e-01
 1.00000e-01
 1.00000e-01
 1.00000e-01
 1.00000e-01
 1.00000e-01
 1.00000e-01
 1.00000e-01
 1.00000e-01
 1.00000e-01
 1.00000e-01
 1.00000e-01
 1.00000e-01
 1.00000e-01
 1.00000e-01
 1.00000e-01
 1.00000e-01
 1.00000e-01
 1.00000e-01
 1.00000e-01
 1.00000e-01
 1.00000e-01
 1.00000e-01
 1.00000e-01
 1.00000e-01
 1.00000e-01
 1.00000e-01
 1.00000e-01
 1.00000e-01
 1.00000e-01
 1.00000e-01
 1.00000e-01
 1.00000e-01
 1.00000e-01
 1.00000e-01
 1.00000e-01
 1.00000e-01
 1.00000e-01
 1.00000e-01
 1.00000e-01
 1.00000e-01
 1.00000e-01
 1.00000e-01
 1.00000e-01
 1.00000e-01
 1.00000e-01
 1.00000e-01
 1.00000e-01
 1.00000e-01
 1.00000e-01
 1.00000e-01
 1.00000e-01
 1.00000e-01
 1.00000e-01
 1.00000e-01
 1.00000e-01
 1.00000e-01
 1.00000e-01
 1.00000e-01
 1.00000e-01
 1.00000e-01
 1.00000e-01
 1.00000e-01
 1.00000e-01
 1.00000e-01
 1.00000e-01
 1.00000e-01
 1.00000e-01
 1.00000e-01
 1.00000e-01
 1.00000e-01
 1.00000e-01
 1.00000e-01
 1.00000e-01
 1.00000e-01
 1.00000e-01
 1.00000e-01
 1.00000e-01
 1.00000e-01
 1.00000e-01
 1.00000e-01
 1.00000e-01
 1.00000e-01
 1.00000e-01
 1.00000e-01
 1.00000e-01
 1.00000e-01
 1.00000e-01
 1.00000e-01
 1.00000e-01
 1.00000e-01
 1.00000e-01
 1.00000e-01
 1.00000e-01
 1.00000e-01
 1.00000e-01
 1.00000e-01
 1.00000e-01
 1.00000e-01
 1.00000e-01
 1.00000e-01
 1.00000e-01
 1.00000e-01
 1.00000e-01
 1.00000e-01
 1.00000e-01
 1.00000e-01
 1.00000e-01
 1.00000e-01
 1.00000e-01
 1.00000e-01
 1.00000e-01
 1.00000e-01
 1.00000e-01
 1.00000e-01
 1.00000e-01
 1.00000e-01
 1.00000e-01
 1.00000e-01
 1.00000e-01
 1.00000e-01
 1.00000e-01
 1.00000e-01
 1.00000e-01
 1.00000e-01
 1.00000e-01
 1.00000e-01
 1.00000e-01
 1.00000e-01
 1.00000e-01
 1.00000e-01
 1.00000e-01
 1.00000e-01
 1.00000e-01
 1.00000e-01
 1.00000e-01
 1.00000e-01
 1.00000e-01
 1.00000e-01
 1.00000e-01
 1.00000e-01
 1.00000e-01
 1.00000e-01
 1.00000e-01
 1.00000e-01
 1.00000e-01
 1.00000e-01
 1.00000e-01
 1.00000e-01
 1.00000e-01
 1.00000e-01
 1.00000e-01
 1.00000e-01
 1.00000e-01
 1.00000e-01
 1.00000e-01
 1.00000e-01
 1.00000e-01
 1.00000e-01
 1.00000e-01
 1.00000e-01
 1.00000e-01
 1.00000e-01
 1.00000e-01
 1.00000e-01
 1.00000e-01
 1.00000e-01
 1.00000e-01
 1.00000e-01
 1.00000e-01
 1.00000e-01
 1.00000e-01
 1.00000e-01
 1.00000e-01
 1.00000e-01
 1.00000e-01
 1.00000e-01
 1.00000e-01
 1.00000e-01
 1.00000e-01
 1.00000e-01
 1.00000e-01
 1.00000e-01
 1.00000e-01
 1.00000e-01
 1.00000e-01
 1.00000e-01
 1.00000e-01
 1.00000e-01
 1.00000e-01
 1.00000e-01
 1.00000e-01
 1.00000e-01
 1.00000e-01
 1.00000e-01
 1.00000e-01
 1.00000e-01
 1.00000e-01
 1.00000e-01
 1.00000e-01
 1.00000e-01
 1.00000e-01
 1.00000e-01
 1.00000e-01
 1.00000e-01
 1.00000e-01
 1.00000e-01
 1.00000e-01
 1.00000e-01
 1.00000e-01
 1.00000e-01
 1.00000e-01
 1.00000e-01
 1.00000e-01
 1.00000e-01
 1.00000e-01
 1.00000e-01
 1.00000e-01
 1.00000e-01
 1.00000e-01
 1.00000e-01
 1.00000e-01
 1.00000e-01
 1.00000e-01
 1.00000e-01
 1.00000e-01
 1.00000e-01
 1.00000e-01
 1.00000e-01
 1.00000e-01
 1.00000e-01
 1.00000e-01
 1.00000e-01
 1.00000e-01
 1.00000e-01
 1.00000e-01
 1.00000e-01
 1.00000e-01
 1.00000e-01
 1.00000e-01
 1.00000e-01
 1.00000e-01
 1.00000e-01
 1.00000e-01
 1.00000e-01
 1.00000e-01
 1.00000e-01
 1.00000e-01
 1.00000e-01
 1.00000e-01
 1.00000e-01
 1.00000e-01
 1.00000e-01
 1.00000e-01
 1.00000e-01
 1.00000e-01
 1.00000e-01
 1.00000e-01
 1.00000e-01
 1.00000e-01
 1.00000e-01
 1.00000e-01
 1.00000e-01
 1.00000e-01
 1.00000e-01
 1.00000e-01
 1.00000e-01
 1.00000e-01
 1.00000e-01
 1.00000e-01
 1.00000e-01
 1.00000e-01
 1.00000e-01
 1.00000e-01
 1.00000e-01
 1.00000e-01
 1.00000e-01
 1.00000e-01
 1.00000e-01
 1.00000e-01
 1.00000e-01
 1.00000e-01
 1.00000e-01
 1.00000e-01
 1.00000e-01
 1.00000e-01
 1.00000e-01
 1.00000e-01
 1.00000e-01
 1.00000e-01
 1.00000e-01
 1.00000e-01
 1.00000e-01
 1.00000e-01
 1.00000e-01
 1.00000e-01
 1.00000e-01
 1.00000e-01
 1.00000e-01
 1.00000e-01
 1.00000e-01
 1.00000e-01
 1.00000e-01
 1.00000e-01
 1.00000e-01
 1.00000e-01
 1.00000e-01
 1.00000e-01
 1.00000e-01
 1.00000e-01
 1.00000e-01
 1.00000e-01
 1.00000e-01
 1.00000e-01
 1.00000e-01
 1.00000e-01
 1.00000e-01
 1.00000e-01
 1.00000e-01
 1.00000e-01
 1.00000e-01
 1.00000e-01
 1.00000e-01
 1.00000e-01
 1.00000e-01
 1.00000e-01
 1.00000e-01
 1.00000e-01
 1.00000e-01
 1.00000e-01
 1.00000e-01
 1.00000e-01
 1.00000e-01
 1.00000e-01
 1.00000e-01
 1.00000e-01
 1.00000e-01
 1.00000e-01
 1.00000e-01
 1.00000e-01
 1.00000e-01
 1.00000e-01
 1.00000e-01
 1.00000e-01
 1.00000e-01
 1.00000e-01
 1.00000e-01
 1.00000e-01
 1.00000e-01
 1.00000e-01
 1.00000e-01
 1.00000e-01
 1.00000e-01
 1.00000e-01
 1.00000e-01
 1.00000e-01
 1.00000e-01
 1.00000e-01
 1.00000e-01
 1.00000e-01
 1.00000e-01
 1.00000e-01
 1.00000e-01
 1.00000e-01
 1.00000e-01
 1.00000e-01
 1.00000e-01
 1.00000e-01
 1.00000e-01
 1.00000e-01
 1.00000e-01
 1.00000e-01
 1.00000e-01
 1.00000e-01
 1.00000e-01
 1.00000e-01
 1.00000e-01
 1.00000e-01
 1.00000e-01
 1.00000e-01
 1.00000e-01
 1.00000e-01
 1.00000e-01
 1.00000e-01
 1.00000e-01
 1.00000e-01
 1.00000e-01
 1.00000e-01
 1.00000e-01
 1.00000e-01
 1.00000e-01
 1.00000e-01
 1.00000e-01
 1.00000e-01
 1.00000e-01
 1.00000e-01
 1.00000e-01
 1.00000e-01
 1.00000e-01
 1.00000e-01
 1.00000e-01
 1.00000e-01
 1.00000e-01
 1.00000e-01
 1.00000e-01
 1.00000e-01
 1.00000e-01
 1.00000e-01
 1.00000e-01
 1.00000e-01
 1.00000e-01
 1.00000e-01
 1.00000e-01
 1.00000e-01
 1.00000e-01
 1.00000e-01
 1.00000e-01
 1.00000e-01
 1.00000e-01
 1.00000e-01
 1.00000e-01
 1.00000e-01
 1.00000e-01
 1.00000e-01
 1.00000e-01
 1.00000e-01
 1.00000e-01
 1.00000e-01
 1.00000e-01
 1.00000e-01
 1.00000e-01
 1.00000e-01
 1.00000e-01
 1.00000e-01
 1.00000e-01
 1.00000e-01
 1.00000e-01
 1.00000e-01
 1.00000e-01
 1.00000e-01
 1.00000e-01
 1.00000e-01
 1.00000e-01
 1.00000e-01
 1.00000e-01
 1.00000e-01
 1.00000e-01
 1.00000e-01
 1.00000e-01
 1.00000e-01
 1.00000e-01
 1.00000e-01
 1.00000e-01
 1.00000e-01
 1.00000e-01
 1.00000e-01
 1.00000e-01
 1.00000e-01
 1.00000e-01
 1.00000e-01
 1.00000e-01
 1.00000e-01
 1.00000e-01
 1.00000e-01
 1.00000e-01
 1.00000e-01
 1.00000e-01
 1.00000e-01
 1.00000e-01
 1.00000e-01
 1.00000e-01
 1.00000e-01
 1.00000e-01
 1.00000e-01
 1.00000e-01
 1.00000e-01
 1.00000e-01
 1.00000e-01
 1.00000e-01
 1.00000e-01
 1.00000e-01
 1.00000e-01
 1.00000e-01
 1.00000e-01
 1.00000e-01
 1.00000e-01
 1.00000e-01
 1.00000e-01
 1.00000e-01
 1.00000e-01
 1.00000e-01
 1.00000e-01
 1.00000e-01
 1.00000e-01
 1.00000e-01
 1.00000e-01
 1.00000e-01
 1.00000e-01
 1.00000e-01
 1.00000e-01
 1.00000e-01
 1.00000e-01
 1.00000e-01
 1.00000e-01
 1.00000e-01
 1.00000e-01
 1.00000e-01
 1.00000e-01
 1.00000e-01
 1.00000e-01
 1.00000e-01
 1.00000e-01
 1.00000e-01
 1.00000e-01
 1.00000e-01
 1.00000e-01
 1.00000e-01
 1.00000e-01
 1.00000e-01
 1.00000e-01
 1.00000e-01
 1.00000e-01
 1.00000e-01
 1.00000e-01
 1.00000e-01
 1.00000e-01
 1.00000e-01
 1.00000e-01
 1.00000e-01
 1.00000e-01
 1.00000e-01
 1.00000e-01
 1.00000e-01
 1.00000e-01
 1.00000e-01
 1.00000e-01
 1.00000e-01
 1.00000e-01
 1.00000e-01
 1.00000e-01
 1.00000e-01
 1.00000e-01
 1.00000e-01
 1.00000e-01
 1.00000e-01
 1.00000e-01
 1.00000e-01
 1.00000e-01
 1.00000e-01
 1.00000e-01
 1.00000e-01
 1.00000e-01
 1.00000e-01
 1.00000e-01
 1.00000e-01
 1.00000e-01
 1.00000e-01
 1.00000e-01
 1.00000e-01
 1.00000e-01
 1.00000e-01
 1.00000e-01
 1.00000e-01
 1.00000e-01
 1.00000e-01
 1.00000e-01
 1.00000e-01
 1.00000e-01
 1.00000e-01
 1.00000e-01
 1.00000e-01
 1.00000e-01
 1.00000e-01
 1.00000e-01
 1.00000e-01
 1.00000e-01
 1.00000e-01
 1.00000e-01
 1.00000e-01
 1.00000e-01
 1.00000e-01
 1.00000e-01
 1.00000e-01
 1.00000e-01
 1.00000e-01
 1.00000e-01
 1.00000e-01
 1.00000e-01
 1.00000e-01
 1.00000e-01
 1.00000e-01
 1.00000e-01
 1.00000e-01
 1.00000e-01
 1.00000e-01
 1.00000e-01
 1.00000e-01
 1.00000e-01
 1.00000e-01
 1.00000e-01
 1.00000e-01
 1.00000e-01
 1.00000e-01
 1.00000e-01
 1.00000e-01
 1.00000e-01
 1.00000e-01
 1.00000e-01
 1.00000e-01
 1.00000e-01
 1.00000e-01
 1.00000e-01
 1.00000e-01
 1.00000e-01
 1.00000e-01
 1.00000e-01
 1.00000e-01
 1.00000e-01
 1.00000e-01
 1.00000e-01
 1.00000e-01
 1.00000e-01
 1.00000e-01
 1.00000e-01
 1.00000e-01
 1.00000e-01
 1.00000e-01
 1.00000e-01
 1.00000e-01
 1.00000e-01
 1.00000e-01
 1.00000e-01
 1.00000e-01
 1.00000e-01
 1.00000e-01
 1.00000e-01
 1.00000e-01
 1.00000e-01
 1.00000e-01
 1.00000e-01
 1.00000e-01
 1.00000e-01
 1.00000e-01
 1.00000e-01
 1.00000e-01
 1.00000e-01
 1.00000e-01
 1.00000e-01
 1.00000e-01
 1.00000e-01
 1.00000e-01
 1.00000e-01
 1.00000e-01
 1.00000e-01
 1.00000e-01
 1.00000e-01
 1.00000e-01
 1.00000e-01
 1.00000e-01
 1.00000e-01
 1.00000e-01
 1.00000e-01
 1.00000e-01
 1.00000e-01
 1.00000e-01
 1.00000e-01
 1.00000e-01
 1.00000e-01
 1.00000e-01
 1.00000e-01
 1.00000e-01
 1.00000e-01
 1.00000e-01
 1.00000e-01
 1.00000e-01
 1.00000e-01
 1.00000e-01
 1.00000e-01
 1.00000e-01
 1.00000e-01
 1.00000e-01
 1.00000e-01
 1.00000e-01
 1.00000e-01
 1.00000e-01
 1.00000e-01
 1.00000e-01
 1.00000e-01
 1.00000e-01
 1.00000e-01
 1.00000e-01
 1.00000e-01
 1.00000e-01
 1.00000e-01
 1.00000e-01
 1.00000e-01
 1.00000e-01
 1.00000e-01
 1.00000e-01
 1.00000e-01
 1.00000e-01
 1.00000e-01
 1.00000e-01
 1.00000e-01
 1.00000e-01
 1.00000e-01
 1.00000e-01
 1.00000e-01
 1.00000e-01
 1.00000e-01
 1.00000e-01
 1.00000e-01
 1.00000e-01
 1.00000e-01
 1.00000e-01
 1.00000e-01
 1.00000e-01
 1.00000e-01
 1.00000e-01
 1.00000e-01
 1.00000e-01
 1.00000e-01
 1.00000e-01
 1.00000e-01
 1.00000e-01
 1.00000e-01
 1.00000e-01
 1.00000e-01
 1.00000e-01
 1.00000e-01
 1.00000e-01
 1.00000e-01
 1.00000e-01
 1.00000e-01
 1.00000e-01
 1.00000e-01
 1.00000e-01
 1.00000e-01
 1.00000e-01
 1.00000e-01
 1.00000e-01
 1.00000e-01
 1.00000e-01
 1.00000e-01
 1.00000e-01
 1.00000e-01
 1.00000e-01
 1.00000e-01
 1.00000e-01
 1.00000e-01
 1.00000e-01
 1.00000e-01
 1.00000e-01
 1.00000e-01
 1.00000e-01
 1.00000e-01
 1.00000e-01
 1.00000e-01
 1.00000e-01
 1.00000e-01
 1.00000e-01
 1.00000e-01
 1.00000e-01
 1.00000e-01
 1.00000e-01
 1.00000e-01
 1.00000e-01
 1.00000e-01
 1.00000e-01
 1.00000e-01
 1.00000e-01
 1.00000e-01
 1.00000e-01
 1.00000e-01
 1.00000e-01
 1.00000e-01
 1.00000e-01
 1.00000e-01
 1.00000e-01
 1.00000e-01
 1.00000e-01
 1.00000e-01
 1.00000e-01
 1.00000e-01
 1.00000e-01
 1.00000e-01
 1.00000e-01
 1.00000e-01
 1.00000e-01
 1.00000e-01
 1.00000e-01
 1.00000e-01
 1.00000e-01
 1.00000e-01
 1.00000e-01
 1.00000e-01
 1.00000e-01
 1.00000e-01
 1.00000e-01
 1.00000e-01
 1.00000e-01
 1.00000e-01
 1.00000e-01
 1.00000e-01
 1.00000e-01
 1.00000e-01
 1.00000e-01
 1.00000e-01
 1.00000e-01
 1.00000e-01
 1.00000e-01
 1.00000e-01
 1.00000e-01
 1.00000e-01
 1.00000e-01
 1.00000e-01
 1.00000e-01
 1.00000e-01
 1.00000e-01
 1.00000e-01
 1.00000e-01
 1.00000e-01
 1.00000e-01
 1.00000e-01
 1.00000e-01
 1.00000e-01
 1.00000e-01
 1.00000e-01
 1.00000e-01
 1.00000e-01
 1.00000e-01
 1.00000e-01
 1.00000e-01
 1.00000e-01
 1.00000e-01
 1.00000e-01
 1.00000e-01
 1.00000e-01
 1.00000e-01
 1.00000e-01
 1.00000e-01
 1.00000e-01
 1.00000e-01
 1.00000e-01
 1.00000e-01
 1.00000e-01
 1.00000e-01
 1.00000e-01
 1.00000e-01
 1.00000e-01
 1.00000e-01
 1.00000e-01
 1.00000e-01
 1.00000e-01
 1.00000e-01
 1.00000e-01
 1.00000e-01
 1.00000e-01
 1.00000e-01
 1.00000e-01
 1.00000e-01
 1.00000e-01
 1.00000e-01
 1.00000e-01
 1.00000e-01
 1.00000e-01
 1.00000e-01
 1.00000e-01
 1.00000e-01
 1.00000e-01
 1.00000e-01
 1.00000e-01
 1.00000e-01
 1.00000e-01
 1.00000e-01
 1.00000e-01
 1.00000e-01
 1.00000e-01
 1.00000e-01
 1.00000e-01
 1.00000e-01
 1.00000e-01
 1.00000e-01
 1.00000e-01
 1.00000e-01
 1.00000e-01
 1.00000e-01
 1.00000e-01
 1.00000e-01
 1.00000e-01
 1.00000e-01
 1.00000e-01
 1.00000e-01
 1.00000e-01
 1.00000e-01
 1.00000e-01
 1.00000e-01
 1.00000e-01
 1.00000e-01
 1.00000e-01
 1.00000e-01
 1.00000e-01
 1.00000e-01
 1.00000e-01
 1.00000e-01
 1.00000e-01
 1.00000e-01
 1.00000e-01
 1.00000e-01
 1.00000e-01
 1.00000e-01
 1.00000e-01
 1.00000e-01
 1.00000e-01
 1.00000e-01
 1.00000e-01
 1.00000e-01
 1.00000e-01
 1.00000e-01
 1.00000e-01
 1.00000e-01
 1.00000e-01
 1.00000e-01
 1.00000e-01
 1.00000e-01
 1.00000e-01
 1.00000e-01
 1.00000e-01
 1.00000e-01
 1.00000e-01
 1.00000e-01
 1.00000e-01
 1.00000e-01
 1.00000e-01
 1.00000e-01
 1.00000e-01
 1.00000e-01
 1.00000e-01
 1.00000e-01
 1.00000e-01
 1.00000e-01
 1.00000e-01
 1.00000e-01
 1.00000e-01
 1.00000e-01
 1.00000e-01
 1.00000e-01
 1.00000e-01
 1.00000e-01
 1.00000e-01
 1.00000e-01
 1.00000e-01
 1.00000e-01
 1.00000e-01
 1.00000e-01
 1.00000e-01
 1.00000e-01
 1.00000e-01
 1.00000e-01
 1.00000e-01
 1.00000e-01
 1.00000e-01
 1.00000e-01
 1.00000e-01
 1.00000e-01
 1.00000e-01
 1.00000e-01
 1.00000e-01
 1.00000e-01
 1.00000e-01
 1.00000e-01
 1.00000e-01
 1.00000e-01
 1.00000e-01
 1.00000e-01
 1.00000e-01
 1.00000e-01
 1.00000e-01
 1.00000e-01
 1.00000e-01
 1.00000e-01
 1.00000e-01
 1.00000e-01
 1.00000e-01
 1.00000e-01
 1.00000e-01
 1.00000e-01
 1.00000e-01
 1.00000e-01
 1.00000e-01
 1.00000e-01
 1.00000e-01
 1.00000e-01
 1.00000e-01
 1.00000e-01
 1.00000e-01
 1.00000e-01
 1.00000e-01
 1.00000e-01
 1.00000e-01
 1.00000e-01
 1.00000e-01
 1.00000e-01
 1.00000e-01
 1.00000e-01
 1.00000e-01
 1.00000e-01
 1.00000e-01
 1.00000e-01
 1.00000e-01
 1.00000e-01
 1.00000e-01
 1.00000e-01
 1.00000e-01
 1.00000e-01
 1.00000e-01
 1.00000e-01
 1.00000e-01
 1.00000e-01
 1.00000e-01
 1.00000e-01
 1.00000e-01
 1.00000e-01
 1.00000e-01
 1.00000e-01
 1.00000e-01
 1.00000e-01
 1.00000e-01
 1.00000e-01
 1.00000e-01
 1.00000e-01
 1.00000e-01
 1.00000e-01
 1.00000e-01
 1.00000e-01
 1.00000e-01
 1.00000e-01
 1.00000e-01
 1.00000e-01
 1.00000e-01
 1.00000e-01
 1.00000e-01
 1.00000e-01
 1.00000e-01
 1.00000e-01
 1.00000e-01
 1.00000e-01
 1.00000e-01
 1.00000e-01
 1.00000e-01
 1.00000e-01
 1.00000e-01
 1.00000e-01
 1.00000e-01
 1.00000e-01
 1.00000e-01
 1.00000e-01
 1.00000e-01
 1.00000e-01
 1.00000e-01
 1.00000e-01
 1.00000e-01
 1.00000e-01
 1.00000e-01
 1.00000e-01
 1.00000e-01
 1.00000e-01
 1.00000e-01
 1.00000e-01
 1.00000e-01
 1.00000e-01
 1.00000e-01
 1.00000e-01
 1.00000e-01
 1.00000e-01
 1.00000e-01
 1.00000e-01
 1.00000e-01
 1.00000e-01
 1.00000e-01
 1.00000e-01
 1.00000e-01
 1.00000e-01
 1.00000e-01
 1.00000e-01
 1.00000e-01
 1.00000e-01
 1.00000e-01
 1.00000e-01
 1.00000e-01
 1.00000e-01
 1.00000e-01
 1.00000e-01
 1.00000e-01
 1.00000e-01
 1.00000e-01
 1.00000e-01
 1.00000e-01
 1.00000e-01
 1.00000e-01
 1.00000e-01
 1.00000e-01
 1.00000e-01
 1.00000e-01
 1.00000e-01
 1.00000e-01
 1.00000e-01
 1.00000e-01
 1.00000e-01
 1.00000e-01
 1.00000e-01
 1.00000e-01
 1.00000e-01
 1.00000e-01
 1.00000e-01
 1.00000e-01
 1.00000e-01
 1.00000e-01
 1.00000e-01
 1.00000e-01
 1.00000e-01
 1.00000e-01
 1.00000e-01
 1.00000e-01
 1.00000e-01
 1.00000e-01
 1.00000e-01
 1.00000e-01
 1.00000e-01
 1.00000e-01
 1.00000e-01
 1.00000e-01
 1.00000e-01
 1.00000e-01
 1.00000e-01
 1.00000e-01
 1.00000e-01
 1.00000e-01
 1.00000e-01
 1.00000e-01
 1.00000e-01
 1.00000e-01
 1.00000e-01
 1.00000e-01
 1.00000e-01
 1.00000e-01
 1.00000e-01
 1.00000e-01
 1.00000e-01
 1.00000e-01
 1.00000e-01
 1.00000e-01
 1.00000e-01
 1.00000e-01
 1.00000e-01
 1.00000e-01
 1.00000e-01
 1.00000e-01
 1.00000e-01
 1.00000e-01
 1.00000e-01
 1.00000e-01
 1.00000e-01
 1.00000e-01
 1.00000e-01
 1.00000e-01
 1.00000e-01
 1.00000e-01
 1.00000e-01
 1.00000e-01
 1.00000e-01
 1.00000e-01
 1.00000e-01
 1.00000e-01
 1.00000e-01
 1.00000e-01
 1.00000e-01
 1.00000e-01
 1.00000e-01
 1.00000e-01
 1.00000e-01
 1.00000e-01
 1.00000e-01
 1.00000e-01
 1.00000e-01
 1.00000e-01
 1.00000e-01
 1.00000e-01
 1.00000e-01
 1.00000e-01
 1.00000e-01
 1.00000e-01
 1.00000e-01
 1.00000e-01
 1.00000e-01
 1.00000e-01
 1.00000e-01
 1.00000e-01
 1.00000e-01
 1.00000e-01
 1.00000e-01
 1.00000e-01
 1.00000e-01
 1.00000e-01
 1.00000e-01
 1.00000e-01
 1.00000e-01
 1.00000e-01
 1.00000e-01
 1.00000e-01
 1.00000e-01
 1.00000e-01
 1.00000e-01
 1.00000e-01
 1.00000e-01
 1.00000e-01
 1.00000e-01
 1.00000e-01
 1.00000e-01
 1.00000e-01
 1.00000e-01
 1.00000e-01
 1.00000e-01
 1.00000e-01
 1.00000e-01
 1.00000e-01
 1.00000e-01
 1.00000e-01
 1.00000e-01
 1.00000e-01
 1.00000e-01
 1.00000e-01
 1.00000e-01
 1.00000e-01
 1.00000e-01
 1.00000e-01
 1.00000e-01
 1.00000e-01
 1.00000e-01
 1.00000e-01
 1.00000e-01
 1.00000e-01
 1.00000e-01
 1.00000e-01
 1.00000e-01
 1.00000e-01
 1.00000e-01
 1.00000e-01
 1.00000e-01
 1.00000e-01
 1.00000e-01
 1.00000e-01
 1.00000e-01
 1.00000e-01
 1.00000e-01
 1.00000e-01
 1.00000e-01
 1.00000e-01
 1.00000e-01
 1.00000e-01
 1.00000e-01
 1.00000e-01
 1.00000e-01
 1.00000e-01
 1.00000e-01
 1.00000e-01
 1.00000e-01
 1.00000e-01
 1.00000e-01
 1.00000e-01
 1.00000e-01
 1.00000e-01
 1.00000e-01
 1.00000e-01
 1.00000e-01
 1.00000e-01
 1.00000e-01
 1.00000e-01
 1.00000e-01
 1.00000e-01
 1.00000e-01
 1.00000e-01
 1.00000e-01
 1.00000e-01
 1.00000e-01
 1.00000e-01
 1.00000e-01
 1.00000e-01
 1.00000e-01
 1.00000e-01
 1.00000e-01
 1.00000e-01
 1.00000e-01
 1.00000e-01
 1.00000e-01
 1.00000e-01
 1.00000e-01
 1.00000e-01
 1.00000e-01
 1.00000e-01
 1.00000e-01
 1.00000e-01
 1.00000e-01
 1.00000e-01
 1.00000e-01
 1.00000e-01
 1.00000e-01
 1.00000e-01
 1.00000e-01
 1.00000e-01
 1.00000e-01
 1.00000e-01
 1.00000e-01
 1.00000e-01
 1.00000e-01
 1.00000e-01
 1.00000e-01
 1.00000e-01
 1.00000e-01
 1.00000e-01
 1.00000e-01
 1.00000e-01
 1.00000e-01
 1.00000e-01
 1.00000e-01
 1.00000e-01
 1.00000e-01
 1.00000e-01
 1.00000e-01
 1.00000e-01
 1.00000e-01
 1.00000e-01
 1.00000e-01
 1.00000e-01
 1.00000e-01
 1.00000e-01
 1.00000e-01
 1.00000e-01
 1.00000e-01
 1.00000e-01
 1.00000e-01
 1.00000e-01
 1.00000e-01
 1.00000e-01
 1.00000e-01
 1.00000e-01
 1.00000e-01
 1.00000e-01
 1.00000e-01
 1.00000e-01
 1.00000e-01
 1.00000e-01
 1.00000e-01
 1.00000e-01
 1.00000e-01
 1.00000e-01
 1.00000e-01
 1.00000e-01
 1.00000e-01
 1.00000e-01
 1.00000e-01
 1.00000e-01
 1.00000e-01
 1.00000e-01
 1.00000e-01
 1.00000e-01
 1.00000e-01
 1.00000e-01
 1.00000e-01
 1.00000e-01
 1.00000e-01
 1.00000e-01
 1.00000e-01
 1.00000e-01
 1.00000e-01
 1.00000e-01
 1.00000e-01
 1.00000e-01
 1.00000e-01
 1.00000e-01
 1.00000e-01
 1.00000e-01
 1.00000e-01
 1.00000e-01
 1.00000e-01
 1.00000e-01
 1.00000e-01
 1.00000e-01
 1.00000e-01
 1.00000e-01
 1.00000e-01
 1.00000e-01
 1.00000e-01
 1.00000e-01
 1.00000e-01
 1.00000e-01
 1.00000e-01
 1.00000e-01
 1.00000e-01
 1.00000e-01
 1.00000e-01
 1.00000e-01
 1.00000e-01
 1.00000e-01
 1.00000e-01
 1.00000e-01
 1.00000e-01
 1.00000e-01
 1.00000e-01
 1.00000e-01
 1.00000e-01
 1.00000e-01
 1.00000e-01
 1.00000e-01
 1.00000e-01
 1.00000e-01
 1.00000e-01
 1.00000e-01
 1.00000e-01
 1.00000e-01
 1.00000e-01
 1.00000e-01
 1.00000e-01
 1.00000e-01
 1.00000e-01
 1.00000e-01
 1.00000e-01
 1.00000e-01
 1.00000e-01
 1.00000e-01
 1.00000e-01
 1.00000e-01
 1.00000e-01
 1.00000e-01
 1.00000e-01
 1.00000e-01
 1.00000e-01
 1.00000e-01
 1.00000e-01
 1.00000e-01
 1.00000e-01
 1.00000e-01
 1.00000e-01
 1.00000e-01
 1.00000e-01
 1.00000e-01
 1.00000e-01
 1.00000e-01
 1.00000e-01
 1.00000e-01
 1.00000e-01
 1.00000e-01
 1.00000e-01
 1.00000e-01
 1.00000e-01
 1.00000e-01
 1.00000e-01
 1.00000e-01
 1.00000e-01
 1.00000e-01
 1.00000e-01
 1.00000e-01
 1.00000e-01
 1.00000e-01
 1.00000e-01
 1.00000e-01
 1.00000e-01
 1.00000e-01
 1.00000e-01
 1.00000e-01
 1.00000e-01
 1.00000e-01
 1.00000e-01
 1.00000e-01
 1.00000e-01
 1.00000e-01
 1.00000e-01
 1.00000e-01
 1.00000e-01
 1.00000e-01
 1.00000e-01
 1.00000e-01
 1.00000e-01
 1.00000e-01
 1.00000e-01
 1.00000e-01
 1.00000e-01
 1.00000e-01
 1.00000e-01
 1.00000e-01
 1.00000e-01
 1.00000e-01
 1.00000e-01
 1.00000e-01
 1.00000e-01
 1.00000e-01
 1.00000e-01
 1.00000e-01
 1.00000e-01
 1.00000e-01
 1.00000e-01
 1.00000e-01
 1.00000e-01
 1.00000e-01
 1.00000e-01
 1.00000e-01
 1.00000e-01
 1.00000e-01
 1.00000e-01
 1.00000e-01
 1.00000e-01
 1.00000e-01
 1.00000e-01
 1.00000e-01
 1.00000e-01
 1.00000e-01
 1.00000e-01
 1.00000e-01
 1.00000e-01
 1.00000e-01
 1.00000e-01
 1.00000e-01
 1.00000e-01
 1.00000e-01
 1.00000e-01
 1.00000e-01
 1.00000e-01
 1.00000e-01
 1.00000e-01
 1.00000e-01
 1.00000e-01
 1.00000e-01
 1.00000e-01
 1.00000e-01
 1.00000e-01
 1.00000e-01
 1.00000e-01
 1.00000e-01
 1.00000e-01
 1.00000e-01
 1.00000e-01
 1.00000e-01
 1.00000e-01
 1.00000e-01
 1.00000e-01
 1.00000e-01
 1.00000e-01
 1.00000e-01
 1.00000e-01
 1.00000e-01
 1.00000e-01
 1.00000e-01
 1.00000e-01
 1.00000e-01
 1.00000e-01
 1.00000e-01
 1.00000e-01
 1.00000e-01
 1.00000e-01
 1.00000e-01
 1.00000e-01
 1.00000e-01
 1.00000e-01
 1.00000e-01
 1.00000e-01
 1.00000e-01
 1.00000e-01
 1.00000e-01
 1.00000e-01
 1.00000e-01
 1.00000e-01
 1.00000e-01
 1.00000e-01
 1.00000e-01
 1.00000e-01
 1.00000e-01
 1.00000e-01
 1.00000e-01
 1.00000e-01
 1.00000e-01
 1.00000e-01
 1.00000e-01
 1.00000e-01
 1.00000e-01
 1.00000e-01
 1.00000e-01
 1.00000e-01
 1.00000e-01
 1.00000e-01
 1.00000e-01
 1.00000e-01
 1.00000e-01
 1.00000e-01
 1.00000e-01
 1.00000e-01
 1.00000e-01
 1.00000e-01
 1.00000e-01
 1.00000e-01
 1.00000e-01
 1.00000e-01
 1.00000e-01
 1.00000e-01
 1.00000e-01
 1.00000e-01
 1.00000e-01
 1.00000e-01
 1.00000e-01
 1.00000e-01
 1.00000e-01
 1.00000e-01
 1.00000e-01
 1.00000e-01
 1.00000e-01
 1.00000e-01
 1.00000e-01
 1.00000e-01
 1.00000e-01
 1.00000e-01
 1.00000e-01
 1.00000e-01
 1.00000e-01
 1.00000e-01
 1.00000e-01
 1.00000e-01
 1.00000e-01
 1.00000e-01
 1.00000e-01
 1.00000e-01
 1.00000e-01
 1.00000e-01
 1.00000e-01
 1.00000e-01
 1.00000e-01
 1.00000e-01
 1.00000e-01
 1.00000e-01
 1.00000e-01
 1.00000e-01
 1.00000e-01
 1.00000e-01
 1.00000e-01
 1.00000e-01
 1.00000e-01
 1.00000e-01
 1.00000e-01
 1.00000e-01
 1.00000e-01
 1.00000e-01
 1.00000e-01
 1.00000e-01
 1.00000e-01
 1.00000e-01
 1.00000e-01
 1.00000e-01
 1.00000e-01
 1.00000e-01
 1.00000e-01
 1.00000e-01
 1.00000e-01
 1.00000e-01
 1.00000e-01
 1.00000e-01
 1.00000e-01
 1.00000e-01
 1.00000e-01
 1.00000e-01
 1.00000e-01
 1.00000e-01
 1.00000e-01
 1.00000e-01
 1.00000e-01
 1.00000e-01
 1.00000e-01
 1.00000e-01
 1.00000e-01
 1.00000e-01
 1.00000e-01
 1.00000e-01
 1.00000e-01
 1.00000e-01
 1.00000e-01
 1.00000e-01
 1.00000e-01
 1.00000e-01
 1.00000e-01
 1.00000e-01
 1.00000e-01
 1.00000e-01
 1.00000e-01
 1.00000e-01
 1.00000e-01
 1.00000e-01
 1.00000e-01
 1.00000e-01
 1.00000e-01
 1.00000e-01
 1.00000e-01
 1.00000e-01
 1.00000e-01
 1.00000e-01
 1.00000e-01
 1.00000e-01
 1.00000e-01
 1.00000e-01
 1.00000e-01
 1.00000e-01
 1.00000e-01
 1.00000e-01
 1.00000e-01
 1.00000e-01
 1.00000e-01
 1.00000e-01
 1.00000e-01
 1.00000e-01
 1.00000e-01
 1.00000e-01
 1.00000e-01
 1.00000e-01
 1.00000e-01
 1.00000e-01
 1.00000e-01
 1.00000e-01
 1.00000e-01
 1.00000e-01
 1.00000e-01
 1.00000e-01
 1.00000e-01
 1.00000e-01
 1.00000e-01
 1.00000e-01
 1.00000e-01
 1.00000e-01
 1.00000e-01
 1.00000e-01
 1.00000e-01
 1.00000e-01
 1.00000e-01
 1.00000e-01
 1.00000e-01
 1.00000e-01
 1.00000e-01
 1.00000e-01
 1.00000e-01
 1.00000e-01
 1.00000e-01
 1.00000e-01
 1.00000e-01
 1.00000e-01
 1.00000e-01
 1.00000e-01
 1.00000e-01
 1.00000e-01
 1.00000e-01
 1.00000e-01
 1.00000e-01
 1.00000e-01
 1.00000e-01
 1.00000e-01
 1.00000e-01
 1.00000e-01
 1.00000e-01
 1.00000e-01
 1.00000e-01
