Velocity
part
         1
coordinates
 0.00000e+00
-3.86418e-16
 2.29052e-15
-3.74873e-15
 3.70304e-15
 0.00000e+00
 0.00000e+00
 9.76994e-16
 3.83305e-16
-1.11580e-15
 1.64140e-15
 0.00000e+00
 0.00000e+00
-2.24558e-16
-1.87471e-15
 1.25937e-15
-1.42468e-15
 0.00000e+00
 0.00000e+00
-6.74324e-16
-7.82118e-16
-1.25375e-16
 1.04305e-16
 0.00000e+00
 0.00000e+00
 2.33023e-15
 8.57903e-16
 3.37951e-15
 5.72019e-17
 0.00000e+00
 0.00000e+00
-3.60962e-15
-5.31105e-15
-4.95756e-15
-3.50460e-15
 0.00000e+00
 0.00000e+00
 9.91918e-16
 2.08253e-15
 1.47011e-15
 1.14507e-15
 0.00000e+00
 0.00000e+00
-4.13205e-16
-1.95511e-15
 1.51670e-15
-1.89599e-15
 0.00000e+00
 0.00000e+00
 4.93093e-15
 4.00455e-15
 5.97331e-15
 2.83842e-15
 0.00000e+00
 0.00000e+00
-4.36542e-15
-6.08876e-15
-3.93251e-15
-5.38320e-15
 0.00000e+00
 0.00000e+00
 4.61578e-15
 5.28902e-15
 4.90555e-15
 1.62983e-15
 0.00000e+00
 0.00000e+00
-5.37943e-15
-1.88933e-15
-4.31646e-15
-1.20092e-15
 0.00000e+00
 0.00000e+00
 2.35715e-16
 2.53797e-16
 2.87596e-15
-1.20544e-15
 0.00000e+00
 0.00000e+00
 2.20207e-15
-1.34846e-15
 2.00689e-15
-1.58287e-15
 0.00000e+00
 0.00000e+00
 7.16368e-16
-5.34951e-16
-6.13085e-16
-1.90301e-16
 0.00000e+00
 0.00000e+00
-4.05097e-16
 1.95177e-15
-3.16216e-16
-1.32986e-16
 0.00000e+00
 0.00000e+00
-1.81713e-15
-9.88401e-16
-3.08261e-16
 1.68687e-15
 0.00000e+00
 0.00000e+00
 6.89448e-15
 2.56353e-15
 1.01912e-14
 7.68666e-15
 0.00000e+00
 0.00000e+00
-6.02917e-15
-8.56493e-15
-3.62524e-15
-5.90910e-15
 0.00000e+00
 0.00000e+00
-2.62767e-15
 6.00256e-16
-1.75441e-15
 3.17162e-15
 0.00000e+00
 0.00000e+00
 4.32616e-15
 6.46457e-15
 5.39128e-15
 4.13420e-15
 0.00000e+00
 0.00000e+00
-4.63676e-15
-5.13370e-15
-3.88081e-15
-4.76477e-15
 0.00000e+00
 0.00000e+00
-1.74331e-16
-2.66781e-16
-1.27070e-15
 3.24112e-15
 0.00000e+00
 0.00000e+00
 2.57861e-15
-2.25991e-15
 5.00550e-16
 1.62170e-15
 0.00000e+00
 0.00000e+00
 1.16481e-15
-9.35331e-16
 1.66702e-15
-1.30932e-15
 0.00000e+00
 0.00000e+00
-1.21672e-15
 3.75322e-15
-5.51623e-15
 2.59384e-15
 0.00000e+00
 0.00000e+00
 5.68096e-15
-2.28830e-15
-2.55161e-15
-1.77922e-15
 0.00000e+00
 0.00000e+00
 5.53461e-15
-3.72212e-15
 7.95015e-16
-4.39960e-17
 0.00000e+00
 0.00000e+00
 1.95202e-15
-6.00712e-15
-1.02746e-15
-4.50317e-16
 0.00000e+00
 0.00000e+00
 1.58404e-15
-2.68452e-15
-6.46486e-16
-3.80745e-15
 0.00000e+00
 0.00000e+00
-4.29322e-16
 2.49446e-15
 5.39202e-16
-7.14958e-15
 0.00000e+00
 0.00000e+00
-2.75766e-15
-1.68370e-15
 1.08930e-15
-5.76428e-15
 0.00000e+00
 0.00000e+00
-2.90146e-15
-5.04756e-15
 2.83142e-15
-5.47997e-15
 0.00000e+00
 0.00000e+00
-1.02327e-15
-4.82777e-15
 2.51136e-15
-4.71015e-15
 0.00000e+00
 0.00000e+00
-7.72484e-16
 1.60318e-15
-3.13186e-16
 1.44271e-15
 0.00000e+00
 0.00000e+00
 3.93936e-16
-1.98480e-16
 3.13979e-15
 1.90630e-15
 0.00000e+00
 0.00000e+00
-2.26553e-16
-9.72143e-15
 4.71989e-15
-1.38524e-15
 0.00000e+00
 0.00000e+00
-4.18938e-15
-8.99146e-15
 3.73199e-16
 1.08607e-15
 0.00000e+00
 0.00000e+00
-7.07296e-15
-8.15704e-15
 2.27200e-15
 6.47871e-16
 0.00000e+00
 0.00000e+00
-1.04927e-14
-9.24183e-15
 6.46667e-15
-1.36986e-15
 0.00000e+00
 0.00000e+00
-1.11421e-14
-5.72565e-15
 3.08357e-15
 3.20144e-15
 0.00000e+00
 0.00000e+00
-9.63088e-15
-1.67446e-15
 1.81628e-15
 6.16323e-15
 0.00000e+00
 0.00000e+00
-3.91531e-15
-7.02205e-16
 7.09699e-15
 6.33718e-16
 0.00000e+00
 0.00000e+00
 8.28571e-16
 1.47475e-15
 8.59462e-15
-7.84184e-15
 0.00000e+00
 0.00000e+00
 8.53903e-16
 2.53939e-15
 9.13549e-15
-7.74863e-15
 0.00000e+00
 0.00000e+00
 1.50572e-15
-1.57413e-15
 1.14408e-14
-7.35810e-15
 0.00000e+00
 0.00000e+00
-8.58023e-16
-1.34805e-15
 9.35740e-15
-5.26999e-15
 0.00000e+00
 0.00000e+00
-7.40039e-15
 2.29628e-15
 1.92227e-15
-1.63683e-15
 0.00000e+00
 0.00000e+00
-6.32614e-15
 1.57803e-15
 1.49801e-15
-1.51281e-15
 0.00000e+00
 0.00000e+00
-2.74085e-15
-8.01385e-16
 2.68729e-15
-2.82547e-15
 0.00000e+00
 0.00000e+00
-2.35063e-15
-5.96651e-15
 1.10090e-14
-8.60808e-15
 0.00000e+00
 0.00000e+00
-3.30332e-15
-7.13274e-15
 1.63651e-14
-1.20638e-14
 0.00000e+00
 0.00000e+00
-5.24994e-15
-2.11221e-15
 1.26527e-14
-1.03688e-14
 0.00000e+00
 0.00000e+00
-1.03392e-14
 6.91985e-15
 5.78550e-15
-1.04636e-14
 0.00000e+00
 0.00000e+00
-1.29822e-14
 1.01287e-14
 6.48931e-15
-1.40505e-14
 0.00000e+00
 0.00000e+00
-1.31207e-14
 8.49609e-15
 1.30552e-14
-1.91837e-14
 0.00000e+00
 0.00000e+00
-1.12094e-14
 3.36293e-15
 2.14767e-14
-2.54995e-14
 0.00000e+00
 0.00000e+00
-9.00643e-15
-4.58843e-15
 2.52222e-14
-2.75828e-14
 0.00000e+00
 0.00000e+00
-6.32001e-15
-9.17541e-15
 2.54270e-14
-2.69749e-14
 0.00000e+00
 0.00000e+00
-4.27367e-15
-1.12601e-14
 2.59670e-14
-2.39639e-14
 0.00000e+00
 0.00000e+00
-4.21327e-15
-1.13148e-14
 2.64986e-14
-2.04463e-14
 0.00000e+00
 0.00000e+00
-3.71643e-15
-1.04726e-14
 2.58049e-14
-1.83214e-14
 0.00000e+00
 0.00000e+00
-3.70803e-15
-6.00620e-15
 2.25860e-14
-1.73953e-14
 0.00000e+00
 0.00000e+00
-7.26949e-15
 2.88284e-15
 1.87900e-14
-1.83397e-14
 0.00000e+00
 0.00000e+00
-1.44851e-14
 1.66481e-14
 1.64269e-14
-2.43297e-14
 0.00000e+00
 0.00000e+00
-1.52988e-14
 2.70130e-14
 1.34333e-14
-3.12594e-14
 0.00000e+00
 0.00000e+00
-1.17622e-14
 2.67865e-14
 1.26229e-14
-3.00319e-14
 0.00000e+00
 0.00000e+00
-5.42680e-15
 2.39027e-14
 8.89909e-15
-2.23324e-14
 0.00000e+00
 0.00000e+00
 3.32023e-15
 1.96127e-14
 8.95624e-16
-8.49236e-15
 0.00000e+00
 0.00000e+00
 3.72758e-15
 1.60526e-14
-8.03281e-15
-2.56435e-16
 0.00000e+00
 0.00000e+00
-2.69024e-15
 1.57783e-14
-7.94670e-15
-2.17160e-15
 0.00000e+00
 0.00000e+00
-5.53050e-15
 5.42894e-15
 3.26367e-15
-1.55851e-14
 0.00000e+00
 0.00000e+00
-4.74295e-15
-4.55859e-15
 8.05766e-15
-1.47120e-14
 0.00000e+00
 0.00000e+00
-4.15759e-15
-7.73517e-16
-2.85632e-15
-4.90958e-15
 0.00000e+00
 0.00000e+00
 5.17485e-16
 8.13027e-15
-1.49546e-14
-6.81542e-16
 0.00000e+00
 0.00000e+00
 5.30652e-15
 6.73358e-15
-1.43246e-14
-3.19384e-15
 0.00000e+00
 0.00000e+00
 4.70594e-15
 5.74167e-15
-7.72006e-15
-6.13770e-15
 0.00000e+00
 0.00000e+00
 1.74965e-15
 7.88624e-15
-7.98538e-16
-6.97892e-15
 0.00000e+00
 0.00000e+00
-1.09795e-15
 6.87263e-15
-3.28360e-15
-3.13020e-15
 0.00000e+00
 0.00000e+00
-4.01209e-15
 4.19097e-15
-8.13913e-15
 5.28910e-15
 0.00000e+00
 0.00000e+00
-5.22847e-15
 4.71834e-15
-6.12468e-15
 7.15651e-15
 0.00000e+00
 0.00000e+00
-5.85608e-15
 7.77269e-15
-1.64725e-15
 2.00238e-15
 0.00000e+00
 0.00000e+00
-3.76803e-15
 9.93558e-15
 1.89614e-15
 1.11775e-15
 0.00000e+00
 0.00000e+00
-9.77718e-16
 4.60312e-15
 2.45948e-15
 4.61285e-15
 0.00000e+00
 0.00000e+00
-1.56206e-15
 6.37255e-15
 1.23949e-15
 1.10733e-14
 0.00000e+00
 0.00000e+00
-6.20452e-15
 1.62450e-14
 4.87264e-15
 1.26302e-14
 0.00000e+00
 0.00000e+00
-3.84267e-15
 1.55696e-14
 1.31296e-14
 9.51408e-15
 0.00000e+00
 0.00000e+00
-3.27583e-15
 7.25091e-15
 8.39653e-15
 4.48030e-16
 0.00000e+00
 0.00000e+00
 1.93996e-15
-3.12648e-15
 1.35126e-14
-3.06660e-15
 0.00000e+00
 0.00000e+00
-2.89740e-15
 4.26200e-15
 9.23733e-15
 5.24836e-15
 0.00000e+00
 0.00000e+00
-1.03989e-14
 1.06793e-14
-6.70876e-15
 5.02345e-15
 0.00000e+00
 0.00000e+00
 4.71632e-15
 4.65747e-15
 1.59254e-15
 1.33917e-15
 0.00000e+00
 0.00000e+00
-3.36494e-15
 2.12231e-15
 7.44878e-15
-1.48435e-15
 0.00000e+00
 0.00000e+00
 1.67621e-14
 2.41969e-14
 2.40437e-14
 1.36278e-14
 0.00000e+00
 0.00000e+00
-3.49315e-14
-3.27017e-14
-3.96988e-14
-3.41827e-14
 0.00000e+00
 0.00000e+00
 4.55099e-14
 3.57480e-14
 5.01043e-14
 3.48932e-14
 0.00000e+00
 0.00000e+00
 6.90808e-15
 8.57245e-15
-2.47169e-15
 1.17325e-14
 0.00000e+00
 0.00000e+00
-4.03443e-14
-2.93464e-14
-5.80482e-14
-2.18705e-14
 0.00000e+00
 0.00000e+00
-7.07569e-16
 1.32889e-15
-1.42850e-15
-2.22123e-15
 0.00000e+00
 0.00000e+00
 4.34810e-14
 5.21956e-14
 4.89081e-14
 4.14380e-14
 0.00000e+00
 0.00000e+00
-4.79595e-14
-4.04468e-14
-5.14799e-14
-4.69648e-14
 0.00000e+00
 0.00000e+00
 3.81510e-16
 4.41617e-16
-2.18043e-15
 3.12064e-15
 0.00000e+00
 0.00000e+00
 7.54257e-17
 7.79788e-17
-1.29913e-15
 1.80374e-15
 0.00000e+00
 0.00000e+00
-6.66672e-16
-1.39510e-15
 2.26784e-17
-8.18117e-17
 0.00000e+00
 0.00000e+00
-3.89860e-16
-1.44746e-15
-4.77779e-16
 5.99301e-16
 0.00000e+00
 0.00000e+00
 3.23644e-15
 1.81489e-15
 1.86724e-15
 1.72177e-15
 0.00000e+00
 0.00000e+00
-4.24901e-15
-4.27412e-15
-4.59436e-15
-3.37812e-15
 0.00000e+00
 0.00000e+00
 2.46880e-15
 1.71425e-15
 2.07762e-15
 1.30723e-16
 0.00000e+00
 0.00000e+00
-1.20558e-15
-3.04958e-16
-6.06776e-16
-6.27602e-17
 0.00000e+00
 0.00000e+00
 4.59991e-15
 4.38451e-15
 5.57838e-15
 2.84074e-15
 0.00000e+00
 0.00000e+00
-4.61942e-15
-5.51028e-15
-4.13102e-15
-3.92343e-15
 0.00000e+00
 0.00000e+00
 4.18281e-15
 5.25475e-15
 4.60319e-15
 1.66312e-15
 0.00000e+00
 0.00000e+00
-3.95154e-15
-3.59107e-15
-2.82986e-15
-2.55436e-15
 0.00000e+00
 0.00000e+00
-1.20822e-16
 1.12116e-15
 1.54143e-15
-6.91941e-16
 0.00000e+00
 0.00000e+00
-1.48425e-17
 4.36112e-16
 1.11008e-15
-1.81772e-15
 0.00000e+00
 0.00000e+00
-9.84342e-16
 6.52469e-16
 4.53883e-16
-2.38061e-15
 0.00000e+00
 0.00000e+00
-3.52217e-16
 1.22031e-15
 1.64762e-16
-1.27709e-16
 0.00000e+00
 0.00000e+00
-5.61541e-16
-1.92753e-15
 4.30242e-16
 1.25196e-15
 0.00000e+00
 0.00000e+00
 6.80027e-15
 3.77659e-15
 8.77653e-15
 7.71395e-15
 0.00000e+00
 0.00000e+00
-7.15745e-15
-7.19574e-15
-5.32204e-15
-6.40310e-15
 0.00000e+00
 0.00000e+00
-2.53315e-16
-2.51190e-15
 1.53224e-15
 1.86395e-15
 0.00000e+00
 0.00000e+00
 6.71922e-15
 4.51833e-15
 6.06972e-15
 4.59016e-15
 0.00000e+00
 0.00000e+00
-5.33920e-15
-4.79318e-15
-2.48553e-15
-6.11844e-15
 0.00000e+00
 0.00000e+00
-7.85049e-16
-3.34899e-17
-9.49602e-17
 1.24730e-16
 0.00000e+00
 0.00000e+00
 2.73971e-15
-1.53015e-15
-8.32235e-16
 4.23009e-16
 0.00000e+00
 0.00000e+00
 2.05643e-15
-2.65445e-15
 2.00266e-15
-6.93094e-16
 0.00000e+00
 0.00000e+00
 1.95940e-15
-1.20277e-15
-7.98449e-16
 1.55261e-15
 0.00000e+00
 0.00000e+00
 3.06562e-15
-2.19579e-15
-1.45997e-15
-5.59611e-16
 0.00000e+00
 0.00000e+00
 3.40568e-15
-2.82898e-15
 1.37963e-15
-1.61772e-15
 0.00000e+00
 0.00000e+00
 1.74078e-15
-3.28180e-15
-2.49515e-15
-6.73250e-16
 0.00000e+00
 0.00000e+00
 4.65865e-17
 1.00856e-16
-1.99452e-15
-1.98161e-15
 0.00000e+00
 0.00000e+00
-8.79957e-16
 1.61972e-15
-6.36973e-16
-3.63961e-15
 0.00000e+00
 0.00000e+00
-1.96604e-15
-1.06344e-15
-9.78294e-16
-4.21699e-15
 0.00000e+00
 0.00000e+00
-1.97878e-15
-2.15936e-15
-6.80361e-16
-4.98940e-15
 0.00000e+00
 0.00000e+00
-1.15177e-15
-3.19067e-15
 1.08381e-16
-4.72992e-15
 0.00000e+00
 0.00000e+00
-6.09457e-16
 2.38225e-15
-3.59292e-15
 2.99654e-15
 0.00000e+00
 0.00000e+00
 2.63288e-16
 1.44504e-15
-2.32195e-15
 5.49769e-15
 0.00000e+00
 0.00000e+00
-2.65307e-16
-5.24487e-15
-2.57065e-15
 1.68852e-15
 0.00000e+00
 0.00000e+00
-2.11222e-15
-3.23720e-15
-6.80630e-15
 1.63817e-15
 0.00000e+00
 0.00000e+00
-4.13169e-15
-1.46558e-15
-5.06521e-15
 9.73233e-16
 0.00000e+00
 0.00000e+00
-4.69562e-15
-3.41119e-15
-7.49564e-16
-6.70150e-16
 0.00000e+00
 0.00000e+00
-5.72891e-15
-5.99410e-16
-2.02500e-15
 2.57002e-15
 0.00000e+00
 0.00000e+00
-5.18374e-15
 4.06840e-15
-2.98171e-15
 4.11787e-15
 0.00000e+00
 0.00000e+00
-1.87827e-16
 2.43166e-15
 1.94815e-16
 6.87944e-16
 0.00000e+00
 0.00000e+00
 1.09977e-15
 4.06074e-15
-5.75712e-16
 1.11955e-16
 0.00000e+00
 0.00000e+00
-1.33997e-15
 7.62958e-15
-9.06959e-16
 5.26463e-16
 0.00000e+00
 0.00000e+00
-2.59538e-15
 4.88628e-15
 1.12358e-15
-3.59332e-16
 0.00000e+00
 0.00000e+00
-4.36413e-15
 4.64621e-15
 1.84794e-15
-4.73556e-16
 0.00000e+00
 0.00000e+00
-7.14400e-15
 6.44822e-15
-1.25785e-15
 7.38332e-16
 0.00000e+00
 0.00000e+00
-4.89226e-15
 5.04734e-15
-1.62098e-15
 2.67274e-15
 0.00000e+00
 0.00000e+00
-3.59905e-15
 4.30333e-15
-3.39344e-15
 2.55463e-15
 0.00000e+00
 0.00000e+00
-2.26663e-15
 2.85858e-15
-2.05783e-15
-1.24597e-15
 0.00000e+00
 0.00000e+00
-5.81596e-17
 2.62106e-16
 2.31592e-15
-4.02226e-15
 0.00000e+00
 0.00000e+00
-3.42473e-16
 1.65511e-15
 2.32447e-15
-2.39900e-15
 0.00000e+00
 0.00000e+00
-2.82729e-15
 3.60015e-15
 3.79144e-16
-1.17621e-15
 0.00000e+00
 0.00000e+00
-2.57263e-15
 3.65437e-15
 4.76212e-16
-9.73175e-16
 0.00000e+00
 0.00000e+00
 1.98230e-16
 2.92937e-15
 2.74434e-15
-1.14028e-15
 0.00000e+00
 0.00000e+00
 5.47540e-16
 2.58098e-15
 2.81821e-15
-3.68849e-15
 0.00000e+00
 0.00000e+00
-2.02022e-15
 4.08630e-15
 5.22940e-16
-4.36282e-15
 0.00000e+00
 0.00000e+00
-7.15464e-15
 8.37251e-15
-3.29753e-15
-3.08423e-15
 0.00000e+00
 0.00000e+00
-1.05705e-14
 1.15425e-14
-5.91732e-15
 8.05160e-16
 0.00000e+00
 0.00000e+00
-1.10994e-14
 1.34522e-14
-7.74356e-15
 6.15961e-15
 0.00000e+00
 0.00000e+00
-1.05478e-14
 1.43173e-14
-9.69637e-15
 9.16697e-15
 0.00000e+00
 0.00000e+00
-9.15643e-15
 1.58865e-14
-1.19014e-14
 9.32006e-15
 0.00000e+00
 0.00000e+00
-7.80542e-15
 1.80136e-14
-1.14743e-14
 6.82512e-15
 0.00000e+00
 0.00000e+00
-6.41274e-15
 2.08548e-14
-8.13259e-15
-1.64648e-16
 0.00000e+00
 0.00000e+00
-4.28197e-15
 2.10368e-14
-2.71462e-15
-8.94454e-15
 0.00000e+00
 0.00000e+00
 3.29859e-16
 1.76174e-14
 4.08319e-15
-1.29486e-14
 0.00000e+00
 0.00000e+00
 3.35741e-15
 1.17827e-14
 6.44559e-15
-1.23427e-14
 0.00000e+00
 0.00000e+00
 6.79949e-15
 5.44934e-15
 8.54329e-15
-9.74351e-15
 0.00000e+00
 0.00000e+00
 6.90635e-15
-1.37542e-15
 6.74605e-15
-4.89994e-15
 0.00000e+00
 0.00000e+00
 2.17443e-15
 5.28417e-15
 2.44003e-15
-4.51318e-15
 0.00000e+00
 0.00000e+00
-5.29656e-15
 8.80540e-15
 3.45945e-15
-1.18450e-14
 0.00000e+00
 0.00000e+00
-6.22827e-15
 5.52304e-15
 4.32327e-15
-1.08793e-14
 0.00000e+00
 0.00000e+00
-3.67749e-15
 5.68107e-15
-5.36225e-15
-3.54937e-15
 0.00000e+00
 0.00000e+00
 2.85556e-15
 8.22817e-15
-1.16169e-14
-1.49420e-15
 0.00000e+00
 0.00000e+00
 3.55320e-15
 5.12620e-15
-8.59490e-15
-6.06400e-15
 0.00000e+00
 0.00000e+00
 1.72890e-15
 2.92054e-15
-2.34401e-15
-1.01255e-14
 0.00000e+00
 0.00000e+00
-1.40425e-15
 4.94085e-15
 1.98404e-15
-1.10228e-14
 0.00000e+00
 0.00000e+00
-5.02895e-15
 4.38798e-15
 1.10708e-15
-8.65066e-15
 0.00000e+00
 0.00000e+00
-4.81179e-15
 1.86154e-15
-2.32965e-15
-7.05906e-16
 0.00000e+00
 0.00000e+00
-1.42613e-15
 4.34012e-16
-5.09152e-16
 3.59104e-15
 0.00000e+00
 0.00000e+00
 9.01520e-16
 1.44837e-15
 3.99700e-15
-2.42417e-15
 0.00000e+00
 0.00000e+00
 3.79805e-16
 5.61458e-15
 5.60649e-15
-5.68649e-15
 0.00000e+00
 0.00000e+00
-1.87535e-15
 7.42096e-15
 4.29223e-15
-4.31444e-15
 0.00000e+00
 0.00000e+00
-3.05084e-15
 9.44667e-15
 4.06369e-15
 1.10010e-16
 0.00000e+00
 0.00000e+00
-3.57778e-15
 1.07720e-14
 9.36169e-15
-2.46137e-16
 0.00000e+00
 0.00000e+00
-2.80735e-15
 1.01504e-14
 1.34898e-14
-1.52375e-15
 0.00000e+00
 0.00000e+00
-5.02049e-15
 6.14158e-15
 9.59301e-15
-4.21908e-15
 0.00000e+00
 0.00000e+00
-2.57603e-15
 5.90430e-15
 8.49763e-15
-4.95137e-15
 0.00000e+00
 0.00000e+00
 1.14803e-15
 4.07009e-15
 1.31744e-14
-2.33185e-15
 0.00000e+00
 0.00000e+00
-3.42887e-15
 3.39045e-15
-3.77466e-16
-6.34964e-16
 0.00000e+00
 0.00000e+00
-5.89176e-15
 1.51086e-14
-1.21726e-15
-2.17472e-15
 0.00000e+00
 0.00000e+00
-5.73222e-15
 2.99487e-15
 1.11297e-14
-6.77953e-15
 0.00000e+00
 0.00000e+00
 2.36509e-14
 1.98768e-14
 2.06656e-14
 1.90564e-14
 0.00000e+00
 0.00000e+00
-3.77603e-14
-3.70348e-14
-3.49803e-14
-3.93884e-14
 0.00000e+00
 0.00000e+00
 3.78136e-14
 4.35057e-14
 4.91797e-14
 3.29533e-14
 0.00000e+00
 0.00000e+00
 2.90471e-15
 6.23252e-15
 3.48584e-15
 1.83582e-15
 0.00000e+00
 0.00000e+00
-3.69757e-14
-3.98216e-14
-4.45838e-14
-3.49774e-14
 0.00000e+00
 0.00000e+00
-5.81493e-15
 9.08864e-16
 1.62469e-15
-1.97634e-15
 0.00000e+00
 0.00000e+00
 4.39535e-14
 4.64212e-14
 5.68684e-14
 3.73935e-14
 0.00000e+00
 0.00000e+00
-4.48002e-14
-4.53482e-14
-4.73331e-14
-5.23041e-14
 0.00000e+00
 0.00000e+00
-1.03425e-15
 8.25662e-16
-1.88892e-15
 2.11687e-15
 0.00000e+00
 0.00000e+00
-4.58921e-16
 1.00144e-15
-2.15207e-15
 1.92505e-15
 0.00000e+00
 0.00000e+00
-5.45913e-16
-1.09637e-15
-3.47050e-16
 2.74227e-16
 0.00000e+00
 0.00000e+00
-8.76271e-16
-1.81052e-15
-6.02825e-16
 2.65494e-16
 0.00000e+00
 0.00000e+00
 1.95434e-15
 2.13272e-15
 1.56040e-15
 2.15624e-15
 0.00000e+00
 0.00000e+00
-4.19580e-15
-4.96893e-15
-3.23997e-15
-3.30566e-15
 0.00000e+00
 0.00000e+00
 2.37645e-15
 1.76791e-15
 1.54728e-15
 9.45829e-16
 0.00000e+00
 0.00000e+00
-1.32793e-15
-3.82339e-17
-2.16839e-15
 1.41208e-15
 0.00000e+00
 0.00000e+00
 3.60331e-15
 3.47447e-15
 3.66608e-15
 3.17054e-15
 0.00000e+00
 0.00000e+00
-4.69510e-15
-5.70947e-15
-5.00381e-15
-3.30368e-15
 0.00000e+00
 0.00000e+00
 3.32133e-15
 4.98367e-15
 3.44557e-15
 2.92909e-15
 0.00000e+00
 0.00000e+00
-5.50388e-15
-3.30635e-15
-5.35798e-15
-2.04505e-15
 0.00000e+00
 0.00000e+00
 5.95043e-16
 9.48806e-16
 3.39410e-16
-2.25531e-16
 0.00000e+00
 0.00000e+00
 7.65696e-17
 7.52112e-16
 3.44741e-16
-1.20085e-15
 0.00000e+00
 0.00000e+00
-1.42714e-15
-6.33563e-18
 1.01464e-16
-1.56166e-15
 0.00000e+00
 0.00000e+00
-3.04219e-15
 4.61460e-16
-4.55502e-16
-1.68858e-15
 0.00000e+00
 0.00000e+00
-2.49100e-16
-1.22970e-15
 7.72930e-16
-5.63693e-16
 0.00000e+00
 0.00000e+00
 7.02280e-15
 3.80752e-15
 9.82007e-15
 4.37909e-15
 0.00000e+00
 0.00000e+00
-8.81352e-15
-4.99685e-15
-7.28520e-15
-8.00797e-15
 0.00000e+00
 0.00000e+00
 3.75090e-16
-7.78384e-16
 5.21068e-16
 1.78857e-15
 0.00000e+00
 0.00000e+00
 8.80555e-15
 1.96891e-15
 7.30353e-15
 4.11288e-15
 0.00000e+00
 0.00000e+00
-4.61657e-15
-4.65613e-15
-3.75292e-15
-5.74373e-15
 0.00000e+00
 0.00000e+00
-2.20101e-15
 1.32560e-15
-1.16626e-15
 1.61617e-16
 0.00000e+00
 0.00000e+00
 1.31530e-15
-1.47927e-15
-9.03638e-16
-4.21698e-16
 0.00000e+00
 0.00000e+00
 6.59575e-16
-2.94214e-15
 1.34447e-15
-2.63556e-16
 0.00000e+00
 0.00000e+00
-6.00610e-16
 1.04738e-16
 8.49874e-16
 5.06308e-16
 0.00000e+00
 0.00000e+00
-5.81136e-16
-1.32195e-15
-1.76764e-16
-5.28057e-16
 0.00000e+00
 0.00000e+00
-1.28491e-15
-1.13653e-15
-1.36598e-15
-5.24716e-16
 0.00000e+00
 0.00000e+00
-6.27179e-16
-2.64692e-15
-3.06116e-15
-5.96627e-16
 0.00000e+00
 0.00000e+00
 4.01170e-16
-3.11855e-15
 5.83481e-16
-1.41823e-15
 0.00000e+00
 0.00000e+00
-8.67229e-16
-9.87323e-16
-8.70542e-17
-9.60276e-16
 0.00000e+00
 0.00000e+00
-6.06772e-16
-1.53529e-15
-4.70529e-15
 3.18672e-16
 0.00000e+00
 0.00000e+00
 6.05638e-16
-3.15730e-15
-3.27621e-15
-1.42047e-15
 0.00000e+00
 0.00000e+00
 9.23793e-16
-5.54499e-15
-6.47273e-17
-3.76019e-15
 0.00000e+00
 0.00000e+00
 3.72955e-15
-3.86812e-15
 2.04431e-15
 1.25713e-16
 0.00000e+00
 0.00000e+00
 5.02819e-15
-2.34609e-15
 1.65006e-15
 2.15404e-15
 0.00000e+00
 0.00000e+00
 5.09600e-15
-4.50995e-15
-4.11852e-15
 1.17173e-15
 0.00000e+00
 0.00000e+00
 5.03993e-15
-4.60464e-15
-5.42087e-15
-2.74014e-16
 0.00000e+00
 0.00000e+00
 4.92679e-15
-2.91868e-15
-4.64057e-15
-1.04852e-15
 0.00000e+00
 0.00000e+00
 4.14193e-15
-6.09496e-16
-3.88032e-15
-1.67223e-15
 0.00000e+00
 0.00000e+00
 1.63059e-15
 1.57175e-15
-9.92124e-16
-1.99505e-15
 0.00000e+00
 0.00000e+00
 1.55813e-15
 4.14515e-15
-1.27780e-15
-5.92874e-16
 0.00000e+00
 0.00000e+00
 5.05940e-15
 2.84066e-15
-2.20553e-15
-3.59138e-16
 0.00000e+00
 0.00000e+00
 6.22265e-15
 2.51358e-15
-5.52263e-15
 2.54235e-15
 0.00000e+00
 0.00000e+00
 4.35855e-15
 2.41481e-15
-6.24936e-15
 6.56099e-15
 0.00000e+00
 0.00000e+00
 2.94260e-15
 1.19496e-16
-4.29199e-15
 6.34170e-15
 0.00000e+00
 0.00000e+00
 2.19480e-15
-9.11268e-17
-9.39328e-16
 5.10636e-15
 0.00000e+00
 0.00000e+00
 2.52657e-15
-1.31066e-15
 1.21180e-15
 3.20199e-15
 0.00000e+00
 0.00000e+00
 5.80978e-15
-5.02751e-15
 5.21505e-15
 3.92471e-15
 0.00000e+00
 0.00000e+00
 6.38555e-15
-8.73642e-15
 5.58596e-15
 3.43879e-15
 0.00000e+00
 0.00000e+00
 8.75567e-15
-1.00661e-14
 4.27847e-15
 2.09685e-15
 0.00000e+00
 0.00000e+00
 1.26393e-14
-9.07718e-15
 6.03425e-16
 4.00637e-15
 0.00000e+00
 0.00000e+00
 1.06169e-14
-3.30745e-15
-5.13003e-15
 9.38824e-15
 0.00000e+00
 0.00000e+00
 4.39386e-15
-2.78869e-16
-7.17797e-15
 1.10326e-14
 0.00000e+00
 0.00000e+00
 3.66904e-15
-8.56878e-16
-5.97438e-15
 1.09700e-14
 0.00000e+00
 0.00000e+00
 8.74998e-15
-3.71775e-15
-1.30238e-15
 1.03401e-14
 0.00000e+00
 0.00000e+00
 1.32576e-14
-1.15484e-14
 5.20910e-15
 6.10942e-15
 0.00000e+00
 0.00000e+00
 1.27083e-14
-1.51559e-14
 8.45820e-15
 3.53939e-15
 0.00000e+00
 0.00000e+00
 9.75491e-15
-1.48377e-14
 9.83560e-15
 4.25938e-15
 0.00000e+00
 0.00000e+00
 7.12705e-15
-1.37140e-14
 1.00155e-14
 6.67644e-15
 0.00000e+00
 0.00000e+00
 6.60643e-15
-1.23311e-14
 8.43763e-15
 1.00279e-14
 0.00000e+00
 0.00000e+00
 6.94168e-15
-1.07172e-14
 4.41672e-15
 1.40977e-14
 0.00000e+00
 0.00000e+00
 7.63500e-15
-1.01088e-14
-1.41460e-15
 1.59479e-14
 0.00000e+00
 0.00000e+00
 9.44281e-15
-1.03958e-14
-3.86661e-15
 1.62916e-14
 0.00000e+00
 0.00000e+00
 1.04260e-14
-1.09782e-14
-2.98659e-15
 1.52745e-14
 0.00000e+00
 0.00000e+00
 9.16356e-15
-1.00456e-14
-4.37726e-16
 1.28347e-14
 0.00000e+00
 0.00000e+00
 6.69081e-15
-8.22329e-15
 3.09107e-15
 9.44442e-15
 0.00000e+00
 0.00000e+00
 2.12076e-15
-6.32722e-15
 4.77426e-15
 5.14866e-15
 0.00000e+00
 0.00000e+00
 9.19456e-16
-4.20777e-15
 5.22341e-15
 5.68780e-15
 0.00000e+00
 0.00000e+00
 4.59300e-17
-3.37532e-15
 6.48769e-15
 3.85753e-15
 0.00000e+00
 0.00000e+00
-2.07689e-15
 2.38111e-15
 8.48914e-15
-3.51078e-15
 0.00000e+00
 0.00000e+00
-6.71901e-15
 9.63016e-15
 8.94623e-15
-8.05948e-15
 0.00000e+00
 0.00000e+00
-4.77448e-15
 8.76116e-15
 6.94874e-15
-6.30504e-15
 0.00000e+00
 0.00000e+00
 1.77605e-15
 6.43873e-15
-1.99776e-15
-4.79474e-15
 0.00000e+00
 0.00000e+00
 5.11537e-15
 5.83519e-15
-5.37610e-15
-4.69454e-15
 0.00000e+00
 0.00000e+00
 1.79146e-15
 2.89695e-15
-3.79463e-15
-5.92028e-15
 0.00000e+00
 0.00000e+00
-4.18642e-15
 4.28425e-16
-2.00845e-15
-3.05011e-15
 0.00000e+00
 0.00000e+00
-6.13765e-15
 3.18540e-15
-2.49961e-15
-2.92943e-15
 0.00000e+00
 0.00000e+00
-9.26322e-15
 5.95449e-15
-4.31177e-15
-5.48863e-15
 0.00000e+00
 0.00000e+00
-9.67206e-15
 5.08864e-15
-4.51150e-15
-4.47287e-15
 0.00000e+00
 0.00000e+00
-3.78939e-15
 2.11349e-15
-2.32592e-17
-7.57575e-16
 0.00000e+00
 0.00000e+00
 2.29905e-15
 3.17729e-16
 3.57863e-15
-4.54978e-15
 0.00000e+00
 0.00000e+00
 1.48696e-15
 4.03249e-15
 2.89633e-15
-8.34299e-15
 0.00000e+00
 0.00000e+00
-1.84108e-15
 1.22691e-14
-5.41589e-16
-1.18051e-14
 0.00000e+00
 0.00000e+00
-2.83856e-15
 1.43554e-14
-8.96897e-16
-9.56439e-15
 0.00000e+00
 0.00000e+00
-3.44948e-15
 8.60264e-15
 2.48424e-15
-7.22909e-15
 0.00000e+00
 0.00000e+00
-6.20521e-15
 6.44746e-15
 4.54564e-15
-4.22443e-15
 0.00000e+00
 0.00000e+00
-8.60731e-15
 9.22426e-15
 1.57042e-15
-2.63063e-15
 0.00000e+00
 0.00000e+00
-6.75421e-15
 1.14044e-14
 2.39304e-15
-5.84973e-15
 0.00000e+00
 0.00000e+00
-8.22424e-16
 1.21208e-14
 4.06008e-15
-3.88167e-15
 0.00000e+00
 0.00000e+00
-1.94888e-15
 2.01498e-15
 8.66646e-16
-4.82240e-15
 0.00000e+00
 0.00000e+00
-5.66528e-15
 6.28461e-15
 1.35337e-15
-3.67403e-15
 0.00000e+00
 0.00000e+00
-8.60837e-15
 9.34758e-15
-6.00431e-16
 1.36581e-15
 0.00000e+00
 0.00000e+00
 2.25095e-14
 1.73710e-14
 2.45824e-14
 1.64916e-14
 0.00000e+00
 0.00000e+00
-4.21777e-14
-3.55740e-14
-3.77624e-14
-4.29865e-14
 0.00000e+00
 0.00000e+00
 3.27860e-14
 5.34274e-14
 3.79718e-14
 3.75891e-14
 0.00000e+00
 0.00000e+00
-3.70459e-15
 8.67171e-15
 1.77818e-15
-1.23808e-15
 0.00000e+00
 0.00000e+00
-3.33160e-14
-4.90756e-14
-3.64130e-14
-4.03860e-14
 0.00000e+00
 0.00000e+00
-2.54708e-15
-5.97842e-15
 1.69875e-15
-1.03177e-15
 0.00000e+00
 0.00000e+00
 4.19366e-14
 4.93561e-14
 4.47189e-14
 4.68562e-14
 0.00000e+00
 0.00000e+00
-4.67302e-14
-4.62784e-14
-5.00590e-14
-4.54845e-14
 0.00000e+00
 0.00000e+00
 6.83692e-16
 2.36811e-15
 1.52748e-16
 3.69414e-15
 0.00000e+00
 0.00000e+00
 1.98758e-15
 1.59668e-15
 1.18894e-15
 2.32915e-15
 0.00000e+00
 0.00000e+00
 3.87912e-16
 1.49491e-15
 1.62385e-15
 8.26045e-16
 0.00000e+00
 0.00000e+00
 1.57381e-15
 1.30480e-15
 3.29790e-16
 2.46555e-15
 0.00000e+00
 0.00000e+00
 2.98808e-15
 2.45774e-15
 2.65435e-15
 3.09725e-15
 0.00000e+00
 0.00000e+00
-2.86131e-15
-4.19928e-15
-3.35981e-15
-3.00921e-15
 0.00000e+00
 0.00000e+00
 3.12788e-15
 3.20748e-15
 1.44283e-15
 2.10537e-15
 0.00000e+00
 0.00000e+00
 1.94557e-16
 1.28571e-15
 2.15987e-18
 1.85568e-15
 0.00000e+00
 0.00000e+00
 5.10757e-15
 5.01771e-15
 5.95795e-15
 3.23885e-15
 0.00000e+00
 0.00000e+00
-4.94484e-15
-3.06731e-15
-4.97699e-15
-2.61335e-15
 0.00000e+00
 0.00000e+00
 5.32032e-15
 5.21233e-15
 4.69953e-15
 2.50175e-15
 0.00000e+00
 0.00000e+00
-4.68354e-15
-2.37532e-15
-4.50198e-15
-9.39448e-16
 0.00000e+00
 0.00000e+00
-1.50592e-16
 3.03474e-15
 1.69926e-17
 2.34589e-15
 0.00000e+00
 0.00000e+00
 2.11627e-15
 1.33737e-15
 1.72167e-15
 1.71806e-15
 0.00000e+00
 0.00000e+00
 8.17462e-16
 8.80097e-16
 1.37561e-15
 3.16608e-16
 0.00000e+00
 0.00000e+00
 6.90366e-16
 3.05460e-15
 1.64586e-15
-7.21094e-16
 0.00000e+00
 0.00000e+00
-5.02674e-16
 1.39107e-15
-5.19314e-16
 4.53213e-16
 0.00000e+00
 0.00000e+00
 7.20133e-15
 5.67197e-15
 9.95491e-15
 4.30121e-15
 0.00000e+00
 0.00000e+00
-6.15570e-15
-5.49662e-15
-5.66327e-15
-8.79089e-15
 0.00000e+00
 0.00000e+00
 4.49925e-16
 1.39251e-15
-2.60541e-15
 2.39241e-15
 0.00000e+00
 0.00000e+00
 6.91436e-15
 3.78526e-15
 7.38376e-15
 5.29457e-15
 0.00000e+00
 0.00000e+00
-4.24625e-15
-4.22420e-15
-2.94972e-15
-4.75178e-15
 0.00000e+00
 0.00000e+00
 1.20027e-15
 3.33658e-16
 7.01926e-16
 1.11647e-15
 0.00000e+00
 0.00000e+00
 1.21704e-15
 2.79391e-15
-7.15428e-16
 1.35244e-15
 0.00000e+00
 0.00000e+00
 1.64151e-15
-1.83144e-16
 3.27142e-16
-4.30234e-16
 0.00000e+00
 0.00000e+00
 1.50913e-15
 5.21466e-16
 1.72469e-15
 1.14431e-15
 0.00000e+00
 0.00000e+00
-1.38229e-15
 4.92626e-16
-1.05545e-15
 2.93602e-15
 0.00000e+00
 0.00000e+00
-5.52501e-16
-1.22112e-15
-3.20553e-16
 3.29144e-15
 0.00000e+00
 0.00000e+00
-8.28161e-16
-3.80807e-15
-3.11364e-15
 2.31986e-15
 0.00000e+00
 0.00000e+00
 1.47618e-15
-3.21280e-15
-1.57592e-15
 1.95489e-15
 0.00000e+00
 0.00000e+00
 3.46955e-16
-2.57003e-15
 8.66123e-16
 1.11424e-15
 0.00000e+00
 0.00000e+00
 1.29546e-15
-4.12118e-15
-1.73233e-15
 2.93558e-16
 0.00000e+00
 0.00000e+00
 1.82737e-15
-3.29384e-15
-2.97990e-15
 2.16929e-16
 0.00000e+00
 0.00000e+00
 2.55022e-15
-4.71071e-15
-7.89612e-16
-1.84040e-15
 0.00000e+00
 0.00000e+00
 3.50400e-15
-1.71272e-15
 2.41859e-15
-1.53156e-16
 0.00000e+00
 0.00000e+00
 3.10932e-15
 1.83805e-15
 2.03279e-15
 1.31817e-15
 0.00000e+00
 0.00000e+00
 3.27945e-15
-2.09172e-15
-1.52455e-15
 7.89414e-16
 0.00000e+00
 0.00000e+00
 4.65187e-15
-3.60587e-15
-1.73918e-15
 1.29589e-15
 0.00000e+00
 0.00000e+00
 5.23347e-15
-2.12482e-15
-6.29300e-16
 1.02051e-15
 0.00000e+00
 0.00000e+00
 3.62778e-15
 1.07822e-15
-1.86364e-15
 3.89272e-16
 0.00000e+00
 0.00000e+00
 1.48869e-15
 6.03765e-15
-3.14167e-15
 1.16653e-15
 0.00000e+00
 0.00000e+00
 1.15310e-15
 7.06936e-15
-3.18797e-15
 6.03965e-15
 0.00000e+00
 0.00000e+00
 6.11040e-16
 6.15753e-15
-1.76538e-15
 8.72321e-15
 0.00000e+00
 0.00000e+00
 1.36113e-15
 3.03741e-15
-5.98086e-16
 8.82786e-15
 0.00000e+00
 0.00000e+00
 2.75847e-15
-7.72310e-16
 3.24271e-16
 8.63096e-15
 0.00000e+00
 0.00000e+00
 3.02527e-15
-3.26453e-15
 2.06708e-15
 7.57608e-15
 0.00000e+00
 0.00000e+00
 2.93463e-15
-2.01742e-15
 3.64559e-15
 5.23526e-15
 0.00000e+00
 0.00000e+00
 4.05945e-15
-2.55980e-15
 4.14774e-15
 3.51852e-15
 0.00000e+00
 0.00000e+00
 5.59990e-15
-3.95709e-15
 6.33632e-15
 3.96195e-15
 0.00000e+00
 0.00000e+00
 3.38998e-15
-5.23974e-15
 5.64433e-15
 6.10454e-15
 0.00000e+00
 0.00000e+00
 1.82222e-15
-9.14770e-15
 5.91952e-15
 9.82607e-15
 0.00000e+00
 0.00000e+00
 3.29112e-15
-1.07799e-14
 5.03880e-15
 1.33330e-14
 0.00000e+00
 0.00000e+00
 3.05657e-15
-6.70173e-15
-5.07307e-16
 1.29968e-14
 0.00000e+00
 0.00000e+00
-1.01358e-15
-3.41186e-16
-2.29808e-15
 1.02987e-14
 0.00000e+00
 0.00000e+00
-4.99663e-15
 2.12675e-15
-1.64221e-16
 5.72635e-15
 0.00000e+00
 0.00000e+00
-4.86002e-15
 1.54275e-15
 5.35706e-15
 3.48300e-15
 0.00000e+00
 0.00000e+00
-3.67639e-15
-3.93604e-15
 1.39074e-14
-5.77534e-16
 0.00000e+00
 0.00000e+00
-3.44687e-15
-1.03356e-14
 1.96733e-14
-2.06769e-15
 0.00000e+00
 0.00000e+00
-3.13647e-15
-1.37698e-14
 2.27823e-14
-1.49323e-15
 0.00000e+00
 0.00000e+00
-8.15489e-16
-1.61147e-14
 2.59161e-14
-2.27218e-15
 0.00000e+00
 0.00000e+00
 6.94379e-16
-1.80899e-14
 2.61002e-14
-2.28138e-15
 0.00000e+00
 0.00000e+00
 1.00368e-15
-1.87462e-14
 2.30516e-14
 1.25859e-16
 0.00000e+00
 0.00000e+00
-5.80460e-16
-1.71057e-14
 1.73092e-14
 4.73686e-15
 0.00000e+00
 0.00000e+00
-3.67307e-15
-1.56775e-14
 1.15446e-14
 9.96447e-15
 0.00000e+00
 0.00000e+00
-7.82065e-15
-1.59721e-14
 1.04767e-14
 1.45151e-14
 0.00000e+00
 0.00000e+00
-1.16407e-14
-1.66657e-14
 1.05928e-14
 1.53281e-14
 0.00000e+00
 0.00000e+00
-1.10211e-14
-1.52427e-14
 9.96440e-15
 1.43945e-14
 0.00000e+00
 0.00000e+00
-7.53974e-15
-1.33238e-14
 9.24864e-15
 1.07508e-14
 0.00000e+00
 0.00000e+00
-2.70404e-16
-1.13656e-14
 8.35734e-15
 1.11176e-14
 0.00000e+00
 0.00000e+00
 3.24522e-15
-6.24684e-15
 2.09767e-15
 1.11988e-14
 0.00000e+00
 0.00000e+00
 2.13213e-15
 4.12502e-15
 1.48351e-15
 7.91229e-15
 0.00000e+00
 0.00000e+00
-1.22955e-15
 3.88284e-15
 7.75006e-15
 4.05306e-15
 0.00000e+00
 0.00000e+00
 5.49638e-16
 4.01797e-15
 9.07743e-15
 3.07379e-15
 0.00000e+00
 0.00000e+00
 1.62439e-15
 6.75669e-15
 4.19077e-15
 7.25044e-18
 0.00000e+00
 0.00000e+00
 9.47416e-16
 1.15443e-14
-1.81770e-15
-1.87145e-15
 0.00000e+00
 0.00000e+00
-1.15303e-15
 8.64471e-15
-2.00815e-15
 8.23317e-16
 0.00000e+00
 0.00000e+00
-2.41751e-15
-1.02489e-15
-3.37251e-16
 1.00009e-14
 0.00000e+00
 0.00000e+00
-1.52608e-15
-3.19495e-15
-5.89215e-16
 8.98610e-15
 0.00000e+00
 0.00000e+00
-1.44382e-15
-1.93035e-15
-4.17457e-15
 2.97159e-15
 0.00000e+00
 0.00000e+00
-1.66604e-15
 2.11450e-15
-1.15942e-14
 2.74589e-15
 0.00000e+00
 0.00000e+00
-1.06652e-15
 2.71446e-15
-8.91497e-15
 3.93735e-15
 0.00000e+00
 0.00000e+00
-2.24325e-15
 4.04222e-16
-1.27435e-15
 6.88122e-17
 0.00000e+00
 0.00000e+00
-2.83053e-16
 2.31708e-15
 5.64886e-16
-3.69674e-15
 0.00000e+00
 0.00000e+00
 7.26533e-15
 3.03064e-15
-1.72598e-15
-6.38541e-15
 0.00000e+00
 0.00000e+00
 8.72570e-15
 1.20684e-15
-4.47931e-15
-8.23051e-16
 0.00000e+00
 0.00000e+00
 1.12081e-15
-3.02814e-15
-2.51301e-15
 2.68342e-15
 0.00000e+00
 0.00000e+00
-6.65206e-15
-7.42188e-16
-6.35207e-16
 1.86437e-15
 0.00000e+00
 0.00000e+00
-7.07853e-15
 2.32117e-15
-1.60145e-15
 1.90707e-15
 0.00000e+00
 0.00000e+00
-8.36568e-15
-8.55597e-16
 5.13128e-15
-2.75980e-15
 0.00000e+00
 0.00000e+00
 2.19329e-16
-2.31447e-15
 5.33186e-15
 2.69554e-15
 0.00000e+00
 0.00000e+00
-1.54092e-15
-2.30444e-15
 3.10367e-15
-1.66582e-15
 0.00000e+00
 0.00000e+00
 1.18185e-15
-6.31028e-15
 8.07709e-15
-2.51548e-15
 0.00000e+00
 0.00000e+00
 2.96910e-15
-9.74269e-15
 6.78121e-15
 4.53122e-16
 0.00000e+00
 0.00000e+00
 1.98742e-14
 1.69854e-14
 2.03495e-14
 2.19848e-14
 0.00000e+00
 0.00000e+00
-3.89980e-14
-3.67978e-14
-4.67196e-14
-3.50127e-14
 0.00000e+00
 0.00000e+00
 4.22041e-14
 4.31330e-14
 3.98660e-14
 3.99136e-14
 0.00000e+00
 0.00000e+00
 3.48209e-15
 1.37116e-15
 4.28792e-15
-1.64726e-15
 0.00000e+00
 0.00000e+00
-3.71134e-14
-4.26336e-14
-4.59447e-14
-3.47974e-14
 0.00000e+00
 0.00000e+00
 2.97685e-15
-6.85177e-15
-3.53647e-15
 3.28276e-15
 0.00000e+00
 0.00000e+00
 4.37625e-14
 4.74057e-14
 4.43492e-14
 4.63570e-14
 0.00000e+00
 0.00000e+00
-6.00726e-14
-2.92059e-14
-5.99083e-14
-3.88330e-14
 0.00000e+00
 0.00000e+00
-1.96879e-15
-2.72326e-15
-2.50224e-15
-8.90501e-17
 0.00000e+00
 0.00000e+00
-1.72793e-15
-2.78082e-15
-1.73579e-15
-1.35425e-15
 0.00000e+00
 0.00000e+00
-3.44053e-15
-1.95377e-15
-1.89777e-15
-2.13162e-15
 0.00000e+00
 0.00000e+00
-1.58944e-15
-2.07787e-15
-1.76475e-15
-9.80195e-16
 0.00000e+00
 0.00000e+00
-9.44269e-17
-3.79295e-16
-5.37073e-16
 5.56867e-16
 0.00000e+00
 0.00000e+00
-6.60358e-15
-5.41951e-15
-6.15926e-15
-3.66322e-15
 0.00000e+00
 0.00000e+00
-7.45944e-16
 2.13737e-16
-2.72202e-15
-1.96389e-17
 0.00000e+00
 0.00000e+00
-2.46812e-15
-3.09492e-15
-1.79815e-15
-1.45548e-15
 0.00000e+00
 0.00000e+00
 3.09660e-16
 7.87489e-16
 2.97942e-15
 9.27620e-16
 0.00000e+00
 0.00000e+00
-7.40035e-15
-5.55844e-15
-9.00545e-15
-4.15950e-15
 0.00000e+00
 0.00000e+00
 1.92791e-15
 1.52340e-15
 2.18968e-15
 8.20183e-16
 0.00000e+00
 0.00000e+00
-7.49006e-15
-7.60427e-15
-7.20237e-15
-3.14275e-15
 0.00000e+00
 0.00000e+00
-2.84540e-15
-1.05876e-15
-3.73845e-15
 4.94121e-16
 0.00000e+00
 0.00000e+00
-2.79268e-15
-9.39967e-16
-3.05835e-15
-5.43975e-16
 0.00000e+00
 0.00000e+00
-3.66562e-15
-1.41471e-15
-2.64414e-15
-1.70457e-15
 0.00000e+00
 0.00000e+00
-1.10243e-15
-1.18079e-15
-2.65451e-15
-1.12879e-15
 0.00000e+00
 0.00000e+00
-3.35426e-15
-2.00386e-15
-1.68773e-15
-8.65886e-16
 0.00000e+00
 0.00000e+00
 5.41605e-15
 4.74175e-15
 6.52657e-15
 6.77990e-15
 0.00000e+00
 0.00000e+00
-8.44575e-15
-8.63306e-15
-9.74958e-15
-8.86798e-15
 0.00000e+00
 0.00000e+00
-5.38117e-16
-2.40890e-15
-1.58056e-15
-1.30406e-15
 0.00000e+00
 0.00000e+00
 2.76342e-15
 4.72149e-15
 4.46793e-15
 4.66905e-15
 0.00000e+00
 0.00000e+00
-8.24165e-15
-5.29709e-15
-7.49758e-15
-5.86466e-15
 0.00000e+00
 0.00000e+00
-1.22704e-15
-2.91608e-15
-1.22513e-15
-2.18395e-15
 0.00000e+00
 0.00000e+00
-3.60778e-15
-5.23203e-16
-3.45276e-15
-1.07517e-15
 0.00000e+00
 0.00000e+00
-2.00510e-15
-4.44224e-15
-3.22472e-15
-1.12765e-15
 0.00000e+00
 0.00000e+00
-1.32246e-15
-4.79270e-15
-3.33718e-15
-1.82977e-15
 0.00000e+00
 0.00000e+00
-4.70210e-15
-5.69383e-15
-3.99271e-15
-2.02652e-15
 0.00000e+00
 0.00000e+00
-2.83842e-15
-6.55926e-15
-1.16043e-15
-2.57545e-15
 0.00000e+00
 0.00000e+00
-3.38124e-15
-3.88656e-15
-7.05116e-15
-1.17891e-15
 0.00000e+00
 0.00000e+00
-2.29807e-15
-1.81471e-15
-6.76046e-15
-1.51728e-15
 0.00000e+00
 0.00000e+00
-1.98440e-15
-4.13145e-15
-2.38022e-15
-2.58644e-15
 0.00000e+00
 0.00000e+00
-3.90890e-15
-5.80310e-15
-2.08500e-15
-6.39688e-15
 0.00000e+00
 0.00000e+00
-3.26938e-15
-4.95119e-15
-4.99108e-15
-3.90182e-15
 0.00000e+00
 0.00000e+00
-2.44636e-15
-6.16726e-15
-4.88048e-15
-3.77342e-15
 0.00000e+00
 0.00000e+00
-3.31358e-15
-5.79774e-16
-5.57099e-15
 1.54308e-15
 0.00000e+00
 0.00000e+00
-2.10506e-15
-3.44743e-16
-3.84364e-15
 2.70009e-15
 0.00000e+00
 0.00000e+00
-1.16270e-15
-4.71489e-15
-4.99781e-15
-1.56642e-15
 0.00000e+00
 0.00000e+00
 5.78639e-16
-3.09237e-15
-7.70906e-15
-1.78678e-15
 0.00000e+00
 0.00000e+00
 4.93851e-16
-2.94934e-15
-4.16931e-15
-3.94687e-15
 0.00000e+00
 0.00000e+00
-8.54092e-16
-2.79003e-15
-1.96926e-15
-5.59542e-15
 0.00000e+00
 0.00000e+00
-2.03781e-15
 2.86639e-15
-4.46774e-15
-3.47010e-15
 0.00000e+00
 0.00000e+00
-3.05877e-15
 7.43153e-15
-5.12644e-15
 1.60631e-15
 0.00000e+00
 0.00000e+00
-3.83640e-15
 6.41187e-15
-2.92439e-15
 5.26097e-15
 0.00000e+00
 0.00000e+00
-3.83078e-15
 1.41837e-15
 2.63707e-15
 5.11155e-15
 0.00000e+00
 0.00000e+00
-3.11438e-15
-9.80194e-17
 5.63977e-15
 2.55423e-15
 0.00000e+00
 0.00000e+00
-2.26750e-15
-2.34963e-16
 4.75715e-15
-1.28237e-15
 0.00000e+00
 0.00000e+00
-2.72523e-15
 3.81565e-16
 4.80281e-15
-2.88620e-15
 0.00000e+00
 0.00000e+00
-3.94717e-15
 1.22454e-15
 3.15309e-15
-1.15561e-15
 0.00000e+00
 0.00000e+00
-3.38855e-15
 2.43912e-15
 1.03400e-15
 2.81362e-15
 0.00000e+00
 0.00000e+00
-5.22855e-15
 4.55202e-15
-3.18654e-15
 7.57845e-15
 0.00000e+00
 0.00000e+00
-7.10922e-15
 3.39742e-15
-1.71304e-15
 5.75108e-15
 0.00000e+00
 0.00000e+00
-4.42846e-15
-2.24558e-15
 3.22139e-15
 1.79475e-15
 0.00000e+00
 0.00000e+00
 1.35690e-15
-3.88856e-15
 2.83041e-15
 1.59642e-15
 0.00000e+00
 0.00000e+00
 2.49865e-15
-2.86586e-15
 7.30432e-16
 4.45617e-17
 0.00000e+00
 0.00000e+00
 9.11703e-16
-2.09543e-16
 1.42302e-15
-2.50383e-15
 0.00000e+00
 0.00000e+00
-1.43224e-15
 3.15684e-15
 4.82613e-15
-2.98887e-15
 0.00000e+00
 0.00000e+00
-4.54572e-15
 6.16684e-15
 5.14210e-15
-4.70997e-15
 0.00000e+00
 0.00000e+00
-7.80795e-15
 9.18626e-15
 3.24639e-15
-3.82252e-15
 0.00000e+00
 0.00000e+00
-8.40603e-15
 1.10751e-14
 1.24096e-15
-3.47093e-15
 0.00000e+00
 0.00000e+00
-6.56671e-15
 1.10733e-14
 1.65789e-15
-4.87990e-15
 0.00000e+00
 0.00000e+00
-4.54905e-15
 9.45910e-15
 1.68847e-15
-5.40610e-15
 0.00000e+00
 0.00000e+00
-3.27746e-15
 6.00761e-15
 7.66841e-16
-3.64957e-15
 0.00000e+00
 0.00000e+00
-4.06016e-15
 4.57976e-15
-5.40062e-16
-1.98018e-15
 0.00000e+00
 0.00000e+00
-5.95726e-15
 3.45026e-15
 4.34318e-16
-1.50221e-15
 0.00000e+00
 0.00000e+00
-7.58718e-15
 1.33973e-15
 3.22322e-15
-2.40684e-15
 0.00000e+00
 0.00000e+00
-7.53443e-15
-1.97659e-15
 7.05745e-15
-4.85572e-15
 0.00000e+00
 0.00000e+00
-6.10330e-15
-4.55184e-15
 9.93496e-15
-5.14224e-15
 0.00000e+00
 0.00000e+00
-1.72544e-15
-7.89037e-15
 1.20153e-14
-4.94410e-15
 0.00000e+00
 0.00000e+00
 6.08390e-15
-1.17191e-14
 1.47758e-14
-3.16805e-15
 0.00000e+00
 0.00000e+00
 7.80954e-15
-1.07431e-14
 1.16733e-14
 2.39001e-15
 0.00000e+00
 0.00000e+00
 6.21657e-15
-1.79887e-15
 3.22518e-15
 3.55354e-15
 0.00000e+00
 0.00000e+00
 2.11068e-15
 3.95348e-15
 3.10017e-15
 2.69629e-15
 0.00000e+00
 0.00000e+00
 2.98329e-15
 4.56295e-15
 5.29370e-15
-3.29592e-16
 0.00000e+00
 0.00000e+00
 2.37071e-15
 7.31810e-15
 2.48869e-15
-1.07678e-15
 0.00000e+00
 0.00000e+00
 2.62976e-15
 1.11587e-14
-1.77807e-15
-1.05416e-15
 0.00000e+00
 0.00000e+00
 3.53738e-15
 7.21755e-15
-1.30176e-15
 4.71468e-16
 0.00000e+00
 0.00000e+00
 1.31382e-15
-8.41276e-16
 1.35227e-15
 2.98865e-15
 0.00000e+00
 0.00000e+00
-2.84711e-15
-3.09610e-15
 3.10792e-15
 1.60121e-15
 0.00000e+00
 0.00000e+00
-4.60255e-15
-5.57518e-15
 1.41810e-15
-2.53035e-15
 0.00000e+00
 0.00000e+00
-3.01541e-15
-6.34830e-15
-5.13517e-15
-6.74469e-16
 0.00000e+00
 0.00000e+00
-2.87425e-15
-5.92143e-15
-3.85325e-15
 2.04128e-15
 0.00000e+00
 0.00000e+00
-6.71740e-15
-4.00683e-15
 3.74266e-16
-1.65499e-15
 0.00000e+00
 0.00000e+00
-4.25796e-15
-8.49355e-16
-1.00336e-16
-8.82630e-15
 0.00000e+00
 0.00000e+00
 8.81065e-16
-2.16473e-15
-1.91909e-15
-1.22387e-14
 0.00000e+00
 0.00000e+00
-3.48200e-16
-6.16893e-15
-2.53531e-15
-4.28145e-15
 0.00000e+00
 0.00000e+00
-7.29568e-15
-1.16281e-14
-2.50857e-16
-6.32765e-16
 0.00000e+00
 0.00000e+00
-1.28045e-14
-8.93099e-15
 1.60921e-15
-2.23645e-15
 0.00000e+00
 0.00000e+00
-1.33984e-14
-4.25171e-15
-3.26102e-16
-4.47282e-16
 0.00000e+00
 0.00000e+00
-1.40390e-14
-4.17203e-15
 3.14248e-15
-2.31973e-15
 0.00000e+00
 0.00000e+00
-2.71457e-15
-1.12510e-14
 9.04316e-15
-9.34948e-16
 0.00000e+00
 0.00000e+00
-3.65918e-15
-5.11277e-15
 1.44539e-15
-4.69904e-15
 0.00000e+00
 0.00000e+00
-1.62292e-15
-2.36957e-15
 4.84675e-15
-4.08839e-15
 0.00000e+00
 0.00000e+00
-2.09085e-16
-1.15371e-14
 1.12010e-14
-7.94514e-15
 0.00000e+00
 0.00000e+00
 2.03728e-14
 1.64382e-14
 1.68924e-14
 2.30225e-14
 0.00000e+00
 0.00000e+00
-4.16548e-14
-4.06434e-14
-4.42217e-14
-3.59917e-14
 0.00000e+00
 0.00000e+00
 3.55202e-14
 3.93167e-14
 4.44767e-14
 3.87492e-14
 0.00000e+00
 0.00000e+00
 7.47047e-15
-2.63452e-15
 6.55714e-15
-3.67458e-15
 0.00000e+00
 0.00000e+00
-4.25411e-14
-4.14432e-14
-4.64660e-14
-3.96196e-14
 0.00000e+00
 0.00000e+00
-4.32520e-15
-4.40220e-15
 8.96250e-16
-7.69740e-15
 0.00000e+00
 0.00000e+00
 4.53329e-14
 4.19258e-14
 5.42306e-14
 3.58549e-14
 0.00000e+00
 0.00000e+00
-5.77850e-14
-3.55149e-14
-5.30031e-14
-4.60293e-14
 0.00000e+00
 0.00000e+00
 4.43316e-15
 3.96789e-15
 5.21125e-15
 5.92466e-15
 0.00000e+00
 0.00000e+00
 3.99345e-15
 5.96497e-15
 3.66532e-15
 6.40775e-15
 0.00000e+00
 0.00000e+00
 4.47266e-15
 5.16393e-15
 5.11839e-15
 4.57785e-15
 0.00000e+00
 0.00000e+00
 3.73090e-15
 4.38671e-15
 5.31615e-15
 4.34336e-15
 0.00000e+00
 0.00000e+00
 5.04530e-15
 7.26294e-15
 6.13776e-15
 5.67594e-15
 0.00000e+00
 0.00000e+00
 9.33152e-16
 1.11755e-15
 2.53027e-15
 3.35187e-15
 0.00000e+00
 0.00000e+00
 6.06011e-15
 7.27952e-15
 2.94016e-15
 6.20469e-15
 0.00000e+00
 0.00000e+00
 4.05286e-15
 3.81695e-15
 6.07537e-15
 5.07687e-15
 0.00000e+00
 0.00000e+00
 5.54187e-15
 6.89606e-15
 9.98941e-15
 8.87664e-15
 0.00000e+00
 0.00000e+00
-5.17128e-16
-7.79346e-16
-4.34897e-16
-1.01323e-16
 0.00000e+00
 0.00000e+00
 5.88695e-15
 8.42969e-15
 8.35205e-15
 7.08031e-15
 0.00000e+00
 0.00000e+00
-7.36444e-16
 1.40036e-15
-3.48032e-16
 3.00148e-15
 0.00000e+00
 0.00000e+00
 7.10688e-15
 3.59375e-15
 6.45193e-15
 4.31693e-15
 0.00000e+00
 0.00000e+00
 5.28283e-15
 6.85754e-15
 5.56502e-15
 5.17517e-15
 0.00000e+00
 0.00000e+00
 4.64096e-15
 6.13086e-15
 5.17585e-15
 5.94121e-15
 0.00000e+00
 0.00000e+00
 3.94990e-15
 5.46262e-15
 2.38507e-15
 6.10242e-15
 0.00000e+00
 0.00000e+00
 4.31799e-15
 1.73085e-15
 4.53827e-15
 5.00865e-15
 0.00000e+00
 0.00000e+00
 1.18369e-14
 9.27997e-15
 1.15152e-14
 1.36987e-14
 0.00000e+00
 0.00000e+00
-4.13103e-15
 9.25989e-16
-4.46437e-15
-3.04150e-16
 0.00000e+00
 0.00000e+00
 4.25673e-15
 2.55334e-15
 4.58710e-15
 5.03793e-15
 0.00000e+00
 0.00000e+00
 7.78185e-15
 9.24061e-15
 8.76869e-15
 9.22821e-15
 0.00000e+00
 0.00000e+00
-1.00622e-15
 2.12494e-15
-4.04788e-15
 4.29770e-15
 0.00000e+00
 0.00000e+00
 3.72751e-15
 5.68699e-15
 3.24828e-15
 8.38773e-15
 0.00000e+00
 0.00000e+00
 3.71517e-15
 1.78137e-15
 4.94160e-15
 4.58563e-15
 0.00000e+00
 0.00000e+00
 5.06401e-15
 1.66150e-15
 4.44271e-15
 7.76147e-15
 0.00000e+00
 0.00000e+00
 8.61068e-16
 7.72258e-15
-8.29757e-16
 5.73780e-15
 0.00000e+00
 0.00000e+00
 4.35586e-15
-1.27014e-15
 4.47171e-15
 1.17481e-15
 0.00000e+00
 0.00000e+00
 6.09950e-15
 5.62052e-16
 3.18962e-15
 3.31323e-15
 0.00000e+00
 0.00000e+00
 3.96053e-15
 5.06083e-15
-1.31808e-15
 2.87986e-15
 0.00000e+00
 0.00000e+00
 7.26673e-15
 3.21606e-15
 2.30790e-15
 2.04932e-15
 0.00000e+00
 0.00000e+00
 7.74019e-15
 2.89450e-15
 2.95559e-15
 2.80996e-15
 0.00000e+00
 0.00000e+00
 3.38256e-15
 3.51248e-15
 2.03194e-15
-9.75887e-16
 0.00000e+00
 0.00000e+00
 6.46680e-15
 7.42451e-16
 4.40884e-15
 7.54885e-16
 0.00000e+00
 0.00000e+00
 6.53869e-15
-2.71960e-15
 3.52527e-15
 1.46887e-15
 0.00000e+00
 0.00000e+00
 5.83997e-15
-3.68333e-16
 2.39294e-15
 7.19845e-15
 0.00000e+00
 0.00000e+00
 9.23337e-15
-2.90084e-15
 6.56814e-15
 5.21252e-15
 0.00000e+00
 0.00000e+00
 1.05346e-14
-2.69335e-15
 4.86842e-15
-7.76746e-17
 0.00000e+00
 0.00000e+00
 9.71103e-15
 1.16757e-15
 1.44869e-15
-2.05727e-15
 0.00000e+00
 0.00000e+00
 9.60722e-15
 1.18782e-16
 6.45009e-15
-6.21142e-15
 0.00000e+00
 0.00000e+00
 7.75419e-15
 9.03050e-17
 1.01800e-14
-8.24927e-15
 0.00000e+00
 0.00000e+00
 4.46354e-15
 3.48282e-15
 1.21105e-14
-7.22502e-15
 0.00000e+00
 0.00000e+00
 2.89423e-15
 1.00738e-14
 1.12844e-14
-3.49399e-15
 0.00000e+00
 0.00000e+00
 4.81844e-15
 1.00280e-14
 1.12798e-14
-1.30060e-15
 0.00000e+00
 0.00000e+00
 7.86598e-15
 4.18830e-15
 1.42782e-14
 1.38060e-15
 0.00000e+00
 0.00000e+00
 8.03739e-15
 3.51445e-15
 1.59286e-14
 1.10656e-15
 0.00000e+00
 0.00000e+00
 9.30374e-15
 5.24346e-15
 1.48370e-14
-1.19114e-15
 0.00000e+00
 0.00000e+00
 8.18608e-15
 6.35766e-15
 1.34565e-14
-1.34629e-16
 0.00000e+00
 0.00000e+00
 2.62547e-15
 6.33938e-15
 1.14018e-14
 4.03836e-15
 0.00000e+00
 0.00000e+00
 2.59449e-15
 5.13694e-15
 1.09429e-14
 6.78887e-15
 0.00000e+00
 0.00000e+00
 5.55002e-15
 2.56925e-15
 1.11120e-14
 5.61200e-15
 0.00000e+00
 0.00000e+00
 9.18056e-15
 1.37697e-15
 1.39108e-14
-3.20683e-15
 0.00000e+00
 0.00000e+00
 1.44300e-14
-1.09969e-15
 1.35105e-14
-7.87084e-15
 0.00000e+00
 0.00000e+00
 1.83083e-14
-2.85337e-15
 9.40600e-15
-4.70989e-15
 0.00000e+00
 0.00000e+00
 1.82170e-14
-1.80024e-15
 1.81160e-15
-1.29295e-15
 0.00000e+00
 0.00000e+00
 1.63693e-14
-1.65200e-17
 1.79063e-15
-1.36152e-15
 0.00000e+00
 0.00000e+00
 1.68333e-14
 8.98743e-16
 8.00383e-15
-2.69330e-15
 0.00000e+00
 0.00000e+00
 1.84366e-14
 3.51557e-17
 1.41988e-14
-7.41659e-15
 0.00000e+00
 0.00000e+00
 2.03937e-14
-1.78944e-15
 1.57598e-14
-9.66121e-15
 0.00000e+00
 0.00000e+00
 2.11699e-14
-1.63980e-15
 1.56990e-14
-1.10882e-14
 0.00000e+00
 0.00000e+00
 2.20820e-14
-1.26450e-15
 1.57966e-14
-1.29284e-14
 0.00000e+00
 0.00000e+00
 2.31291e-14
-3.14262e-15
 1.50668e-14
-1.45150e-14
 0.00000e+00
 0.00000e+00
 2.53123e-14
-7.98684e-15
 1.37753e-14
-1.47076e-14
 0.00000e+00
 0.00000e+00
 2.56376e-14
-1.08137e-14
 1.34992e-14
-1.55583e-14
 0.00000e+00
 0.00000e+00
 2.45761e-14
-1.08383e-14
 1.50706e-14
-1.86646e-14
 0.00000e+00
 0.00000e+00
 2.25706e-14
-9.19527e-15
 1.58728e-14
-2.33484e-14
 0.00000e+00
 0.00000e+00
 1.96137e-14
-5.92548e-15
 1.57805e-14
-2.48216e-14
 0.00000e+00
 0.00000e+00
 1.54672e-14
-2.49249e-15
 1.59997e-14
-2.32857e-14
 0.00000e+00
 0.00000e+00
 1.11101e-14
 1.20827e-15
 1.31260e-14
-1.65343e-14
 0.00000e+00
 0.00000e+00
 5.81762e-15
 5.84489e-15
 1.13024e-14
-1.55757e-15
 0.00000e+00
 0.00000e+00
 1.20091e-15
 6.35551e-15
 1.37112e-14
 2.43299e-15
 0.00000e+00
 0.00000e+00
 1.99101e-15
 8.83613e-15
 1.52765e-14
-7.86752e-16
 0.00000e+00
 0.00000e+00
 4.02184e-15
 1.32906e-14
 1.34778e-14
-1.64392e-15
 0.00000e+00
 0.00000e+00
 8.27036e-15
 1.37700e-14
 1.36229e-14
-2.78386e-15
 0.00000e+00
 0.00000e+00
 1.06503e-14
 1.64069e-14
 1.17313e-14
-1.00467e-15
 0.00000e+00
 0.00000e+00
 1.51232e-14
 1.59512e-14
 8.90486e-15
 2.67218e-15
 0.00000e+00
 0.00000e+00
 1.49068e-14
 1.06043e-14
 7.26994e-15
 3.61362e-15
 0.00000e+00
 0.00000e+00
 7.74993e-15
 9.75895e-15
 6.20950e-15
 3.85981e-15
 0.00000e+00
 0.00000e+00
-4.99597e-15
 1.14020e-14
 5.66146e-15
 4.06221e-15
 0.00000e+00
 0.00000e+00
-1.16627e-14
 8.55010e-15
 4.80451e-15
-7.80083e-16
 0.00000e+00
 0.00000e+00
-1.06478e-14
-4.14314e-16
 5.73436e-15
-1.71383e-15
 0.00000e+00
 0.00000e+00
-8.21903e-15
-4.09124e-15
 1.07447e-14
 1.01079e-15
 0.00000e+00
 0.00000e+00
-8.04485e-15
-2.75286e-16
 8.17500e-15
-8.56464e-16
 0.00000e+00
 0.00000e+00
-3.13149e-15
 6.47770e-15
 4.20317e-16
-7.27636e-15
 0.00000e+00
 0.00000e+00
-5.83661e-15
 9.85851e-15
 4.48162e-16
-1.61454e-14
 0.00000e+00
 0.00000e+00
-1.42257e-14
 9.02192e-15
 2.23180e-15
-1.14434e-14
 0.00000e+00
 0.00000e+00
-1.53675e-14
 7.90681e-16
 3.08290e-15
-3.65065e-15
 0.00000e+00
 0.00000e+00
-1.48207e-14
-1.32992e-15
 6.73784e-15
 5.63835e-16
 0.00000e+00
 0.00000e+00
-1.60374e-14
 7.09242e-15
 2.41037e-15
 4.92768e-15
 0.00000e+00
 0.00000e+00
-1.12109e-14
 8.84128e-15
 5.11629e-15
 2.88948e-15
 0.00000e+00
 0.00000e+00
-4.11147e-15
 1.02057e-14
 5.81427e-15
 1.49715e-15
 0.00000e+00
 0.00000e+00
-4.62767e-15
 8.05749e-15
-9.97480e-16
-2.61165e-15
 0.00000e+00
 0.00000e+00
 4.43346e-15
-4.08788e-16
 6.71398e-15
-6.39104e-16
 0.00000e+00
 0.00000e+00
-1.10198e-14
 1.49759e-14
-3.23596e-15
 2.16322e-15
 0.00000e+00
 0.00000e+00
 2.16546e-14
 2.02496e-14
 2.95087e-14
 1.73161e-14
 0.00000e+00
 0.00000e+00
-4.44562e-14
-3.42359e-14
-3.50432e-14
-3.89118e-14
 0.00000e+00
 0.00000e+00
 2.59933e-14
 5.00044e-14
 3.98168e-14
 4.49207e-14
 0.00000e+00
 0.00000e+00
 6.30798e-15
 1.07701e-14
 1.54047e-15
 6.33806e-15
 0.00000e+00
 0.00000e+00
-4.04756e-14
-3.86682e-14
-3.87776e-14
-3.75420e-14
 0.00000e+00
 0.00000e+00
-3.38707e-15
-1.67578e-15
 1.21564e-14
-1.65211e-14
 0.00000e+00
 0.00000e+00
 4.73254e-14
 5.19056e-14
 4.95113e-14
 4.40458e-14
 0.00000e+00
 0.00000e+00
-4.59582e-14
-5.16058e-14
-3.75071e-14
-4.65155e-14
 0.00000e+00
 0.00000e+00
 0.00000e+00
 0.00000e+00
 0.00000e+00
 0.00000e+00
 0.00000e+00
-8.22224e-16
-1.03787e-15
-1.04685e-15
 1.33579e-15
-3.72600e-15
 6.52531e-15
 2.32432e-15
-1.10027e-15
-7.73714e-16
 9.85901e-16
-4.93110e-15
 9.93432e-15
-8.45702e-16
-3.10758e-15
-1.54725e-15
 1.10535e-15
-5.87587e-15
 1.01315e-14
-5.49943e-16
 1.81778e-15
-1.00421e-15
 7.24527e-16
-2.57376e-15
 8.08192e-15
-1.22184e-15
-2.79767e-15
-1.07291e-15
-1.22606e-15
-4.58112e-15
 9.85521e-15
 3.32267e-16
-9.32413e-16
-4.56702e-15
 1.42139e-15
-3.80991e-15
 8.64873e-15
-2.09926e-15
-2.02065e-15
-2.57451e-15
 1.59871e-15
-6.44929e-15
 9.74854e-15
-1.19189e-15
-5.65799e-16
 1.28945e-16
 5.64244e-16
-1.51692e-15
 1.42825e-14
 4.87368e-15
 3.50142e-15
 5.19508e-15
 5.61847e-15
 4.92859e-15
 1.27927e-14
 4.98209e-14
 4.91105e-14
 4.98591e-14
 5.31941e-14
 4.65303e-14
 6.38928e-14
 5.47840e-13
 5.47261e-13
 5.47211e-13
 5.46073e-13
 5.40313e-13
 5.53465e-13
 5.49189e-12
 5.49393e-12
 5.49144e-12
 5.49855e-12
 5.49035e-12
 5.49992e-12
 5.13620e-11
 5.13613e-11
 5.13636e-11
 5.13619e-11
 5.13557e-11
 5.13767e-11
 4.44251e-10
 4.44246e-10
 4.44245e-10
 4.44251e-10
 4.44243e-10
 4.44254e-10
 3.54356e-09
 3.54356e-09
 3.54355e-09
 3.54356e-09
 3.54355e-09
 3.54357e-09
 2.59742e-08
 2.59742e-08
 2.59742e-08
 2.59742e-08
 2.59742e-08
 2.59742e-08
 1.74244e-07
 1.74244e-07
 1.74244e-07
 1.74244e-07
 1.74244e-07
 1.74244e-07
 1.06470e-06
 1.06470e-06
 1.06470e-06
 1.06470e-06
 1.06470e-06
 1.06470e-06
 5.89264e-06
 5.89264e-06
 5.89264e-06
 5.89264e-06
 5.89264e-06
 5.89264e-06
 2.93415e-05
 2.93415e-05
 2.93415e-05
 2.93415e-05
 2.93415e-05
 2.93415e-05
 1.30370e-04
 1.30370e-04
 1.30370e-04
 1.30370e-04
 1.30370e-04
 1.30370e-04
 5.11683e-04
 5.11683e-04
 5.11683e-04
 5.11683e-04
 5.11683e-04
 5.11683e-04
 1.75241e-03
 1.75241e-03
 1.75241e-03
 1.75241e-03
 1.75241e-03
 1.75241e-03
 5.16557e-03
 5.16557e-03
 5.16557e-03
 5.16557e-03
 5.16557e-03
 5.16557e-03
 1.29445e-02
 1.29445e-02
 1.29445e-02
 1.29445e-02
 1.29445e-02
 1.29445e-02
 2.74338e-02
 2.74338e-02
 2.74338e-02
 2.74338e-02
 2.74338e-02
 2.74338e-02
 4.96027e-02
 4.96027e-02
 4.96027e-02
 4.96027e-02
 4.96027e-02
 4.96027e-02
 7.83757e-02
 7.83757e-02
 7.83757e-02
 7.83757e-02
 7.83757e-02
 7.83757e-02
 1.11726e-01
 1.11726e-01
 1.11726e-01
 1.11726e-01
 1.11726e-01
 1.11726e-01
 1.47948e-01
 1.47948e-01
 1.47948e-01
 1.47948e-01
 1.47948e-01
 1.47948e-01
 1.86003e-01
 1.86003e-01
 1.86003e-01
 1.86003e-01
 1.86003e-01
 1.86003e-01
 2.25264e-01
 2.25264e-01
 2.25264e-01
 2.25264e-01
 2.25264e-01
 2.25264e-01
 2.65301e-01
 2.65301e-01
 2.65301e-01
 2.65301e-01
 2.65301e-01
 2.65301e-01
 3.05930e-01
 3.05930e-01
 3.05930e-01
 3.05930e-01
 3.05930e-01
 3.05930e-01
 3.47102e-01
 3.47102e-01
 3.47102e-01
 3.47102e-01
 3.47102e-01
 3.47102e-01
 3.88859e-01
 3.88859e-01
 3.88859e-01
 3.88859e-01
 3.88859e-01
 3.88859e-01
 4.31240e-01
 4.31240e-01
 4.31240e-01
 4.31240e-01
 4.31240e-01
 4.31240e-01
 4.73569e-01
 4.73569e-01
 4.73569e-01
 4.73569e-01
 4.73569e-01
 4.73569e-01
 5.14135e-01
 5.14135e-01
 5.14135e-01
 5.14135e-01
 5.14135e-01
 5.14135e-01
 5.54793e-01
 5.54793e-01
 5.54793e-01
 5.54793e-01
 5.54793e-01
 5.54793e-01
 5.94519e-01
 5.94519e-01
 5.94519e-01
 5.94519e-01
 5.94519e-01
 5.94519e-01
 6.33798e-01
 6.33798e-01
 6.33798e-01
 6.33798e-01
 6.33798e-01
 6.33798e-01
 6.72463e-01
 6.72463e-01
 6.72463e-01
 6.72463e-01
 6.72463e-01
 6.72463e-01
 7.10087e-01
 7.10087e-01
 7.10087e-01
 7.10087e-01
 7.10087e-01
 7.10087e-01
 7.48018e-01
 7.48018e-01
 7.48018e-01
 7.48018e-01
 7.48018e-01
 7.48018e-01
 7.85341e-01
 7.85341e-01
 7.85341e-01
 7.85341e-01
 7.85341e-01
 7.85341e-01
 8.21082e-01
 8.21082e-01
 8.21082e-01
 8.21082e-01
 8.21082e-01
 8.21082e-01
 8.55209e-01
 8.55209e-01
 8.55209e-01
 8.55209e-01
 8.55209e-01
 8.55209e-01
 8.82161e-01
 8.82161e-01
 8.82161e-01
 8.82161e-01
 8.82161e-01
 8.82161e-01
 9.04163e-01
 9.04163e-01
 9.04163e-01
 9.04163e-01
 9.04163e-01
 9.04163e-01
 9.19576e-01
 9.19576e-01
 9.19576e-01
 9.19576e-01
 9.19576e-01
 9.19576e-01
 9.25986e-01
 9.25986e-01
 9.25986e-01
 9.25986e-01
 9.25986e-01
 9.25986e-01
 9.30345e-01
 9.30345e-01
 9.30345e-01
 9.30345e-01
 9.30345e-01
 9.30345e-01
 9.32370e-01
 9.32370e-01
 9.32370e-01
 9.32370e-01
 9.32370e-01
 9.32370e-01
 9.32267e-01
 9.32267e-01
 9.32267e-01
 9.32267e-01
 9.32267e-01
 9.32267e-01
 9.31510e-01
 9.31510e-01
 9.31510e-01
 9.31510e-01
 9.31510e-01
 9.31510e-01
 9.30613e-01
 9.30613e-01
 9.30613e-01
 9.30613e-01
 9.30613e-01
 9.30613e-01
 9.30125e-01
 9.30125e-01
 9.30125e-01
 9.30125e-01
 9.30125e-01
 9.30125e-01
 9.29850e-01
 9.29850e-01
 9.29850e-01
 9.29850e-01
 9.29850e-01
 9.29850e-01
 9.29178e-01
 9.29178e-01
 9.29178e-01
 9.29178e-01
 9.29178e-01
 9.29178e-01
 9.28642e-01
 9.28642e-01
 9.28642e-01
 9.28642e-01
 9.28642e-01
 9.28642e-01
 9.28524e-01
 9.28524e-01
 9.28524e-01
 9.28524e-01
 9.28524e-01
 9.28524e-01
 9.28620e-01
 9.28620e-01
 9.28620e-01
 9.28620e-01
 9.28620e-01
 9.28620e-01
 9.28708e-01
 9.28708e-01
 9.28708e-01
 9.28708e-01
 9.28708e-01
 9.28708e-01
 9.28568e-01
 9.28568e-01
 9.28568e-01
 9.28568e-01
 9.28568e-01
 9.28568e-01
 9.28217e-01
 9.28217e-01
 9.28217e-01
 9.28217e-01
 9.28217e-01
 9.28217e-01
 9.28007e-01
 9.28007e-01
 9.28007e-01
 9.28007e-01
 9.28007e-01
 9.28007e-01
 9.28019e-01
 9.28019e-01
 9.28019e-01
 9.28019e-01
 9.28019e-01
 9.28019e-01
 9.28258e-01
 9.28258e-01
 9.28258e-01
 9.28258e-01
 9.28258e-01
 9.28258e-01
 9.28268e-01
 9.28268e-01
 9.28268e-01
 9.28268e-01
 9.28268e-01
 9.28268e-01
 9.28062e-01
 9.28062e-01
 9.28062e-01
 9.28062e-01
 9.28062e-01
 9.28062e-01
 9.27701e-01
 9.27701e-01
 9.27701e-01
 9.27701e-01
 9.27701e-01
 9.27701e-01
 9.27561e-01
 9.27561e-01
 9.27561e-01
 9.27561e-01
 9.27561e-01
 9.27561e-01
 9.27833e-01
 9.27833e-01
 9.27833e-01
 9.27833e-01
 9.27833e-01
 9.27833e-01
 9.28107e-01
 9.28107e-01
 9.28107e-01
 9.28107e-01
 9.28107e-01
 9.28107e-01
 9.28033e-01
 9.28033e-01
 9.28033e-01
 9.28033e-01
 9.28033e-01
 9.28033e-01
 9.27695e-01
 9.27695e-01
 9.27695e-01
 9.27695e-01
 9.27695e-01
 9.27695e-01
 9.26925e-01
 9.26925e-01
 9.26925e-01
 9.26925e-01
 9.26925e-01
 9.26925e-01
 9.25078e-01
 9.25078e-01
 9.25078e-01
 9.25078e-01
 9.25078e-01
 9.25078e-01
 9.20660e-01
 9.20660e-01
 9.20660e-01
 9.20660e-01
 9.20660e-01
 9.20660e-01
 9.10655e-01
 9.10655e-01
 9.10655e-01
 9.10655e-01
 9.10655e-01
 9.10655e-01
 8.89426e-01
 8.89426e-01
 8.89426e-01
 8.89426e-01
 8.89426e-01
 8.89426e-01
 8.46030e-01
 8.46030e-01
 8.46030e-01
 8.46030e-01
 8.46030e-01
 8.46030e-01
 7.65954e-01
 7.65954e-01
 7.65954e-01
 7.65954e-01
 7.65954e-01
 7.65954e-01
 6.38086e-01
 6.38086e-01
 6.38086e-01
 6.38086e-01
 6.38086e-01
 6.38086e-01
 4.66379e-01
 4.66379e-01
 4.66379e-01
 4.66379e-01
 4.66379e-01
 4.66379e-01
 2.85022e-01
 2.85022e-01
 2.85022e-01
 2.85022e-01
 2.85022e-01
 2.85022e-01
 1.39519e-01
 1.39519e-01
 1.39519e-01
 1.39519e-01
 1.39519e-01
 1.39519e-01
 5.19593e-02
 5.19593e-02
 5.19593e-02
 5.19593e-02
 5.19593e-02
 5.19593e-02
 1.54598e-02
 1.54598e-02
 1.54598e-02
 1.54598e-02
 1.54598e-02
 1.54598e-02
 4.10938e-03
 4.10938e-03
 4.10938e-03
 4.10938e-03
 4.10938e-03
 4.10938e-03
 1.04725e-03
 1.04725e-03
 1.04725e-03
 1.04725e-03
 1.04725e-03
 1.04725e-03
 2.61757e-04
 2.61757e-04
 2.61757e-04
 2.61757e-04
 2.61757e-04
 2.61757e-04
 6.44449e-05
 6.44449e-05
 6.44449e-05
 6.44449e-05
 6.44449e-05
 6.44449e-05
 1.56176e-05
 1.56176e-05
 1.56176e-05
 1.56176e-05
 1.56176e-05
 1.56176e-05
 3.71844e-06
 3.71844e-06
 3.71844e-06
 3.71844e-06
 3.71844e-06
 3.71844e-06
 8.68019e-07
 8.68019e-07
 8.68019e-07
 8.68019e-07
 8.68019e-07
 8.68019e-07
 1.97938e-07
 1.97938e-07
 1.97938e-07
 1.97938e-07
 1.97938e-07
 1.97938e-07
 4.22438e-08
 4.22438e-08
 4.22438e-08
 4.22438e-08
 4.22438e-08
 4.22438e-08
 0.00000e+00
 0.00000e+00
 0.00000e+00
 0.00000e+00
 0.00000e+00
 0.00000e+00
 0.00000e+00
 0.00000e+00
 0.00000e+00
 0.00000e+00
 0.00000e+00
 0.00000e+00
 1.62974e-15
-1.91630e-16
-1.33445e-15
 2.84072e-15
-5.43661e-15
 7.05569e-15
-2.54202e-17
-1.24279e-15
-2.14256e-15
 1.55992e-15
-6.60542e-15
 8.39321e-15
 1.67930e-15
-8.75386e-16
-1.88101e-15
 1.77288e-15
-6.11778e-15
 9.52214e-15
-1.44971e-15
-1.61721e-15
-7.22291e-16
 1.43651e-15
-5.99483e-15
 8.19791e-15
 6.69463e-17
-1.57186e-15
-1.54757e-15
 3.55929e-16
-1.95186e-15
 7.90705e-15
-1.78743e-15
-8.39365e-16
-3.60377e-15
 3.74640e-16
-6.99632e-15
 7.31434e-15
 3.21447e-15
-2.71797e-15
-2.45327e-15
 2.69918e-15
-6.11399e-15
 1.07418e-14
-2.71488e-15
 1.17872e-15
 7.35665e-17
-1.80227e-16
-2.88691e-15
 1.04706e-14
 6.15484e-15
 1.49779e-15
 3.46308e-15
 7.09529e-15
 3.61025e-15
 1.52484e-14
 4.70730e-14
 5.05566e-14
 5.00139e-14
 5.31629e-14
 4.63008e-14
 5.94458e-14
 5.47905e-13
 5.45797e-13
 5.47384e-13
 5.47937e-13
 5.40660e-13
 5.53177e-13
 5.49503e-12
 5.49345e-12
 5.49143e-12
 5.49654e-12
 5.48773e-12
 5.50216e-12
 5.13602e-11
 5.13596e-11
 5.13609e-11
 5.13634e-11
 5.13567e-11
 5.13714e-11
 4.44251e-10
 4.44246e-10
 4.44246e-10
 4.44250e-10
 4.44242e-10
 4.44256e-10
 3.54356e-09
 3.54356e-09
 3.54356e-09
 3.54356e-09
 3.54355e-09
 3.54357e-09
 2.59742e-08
 2.59742e-08
 2.59742e-08
 2.59742e-08
 2.59742e-08
 2.59742e-08
 1.74244e-07
 1.74244e-07
 1.74244e-07
 1.74244e-07
 1.74244e-07
 1.74244e-07
 1.06470e-06
 1.06470e-06
 1.06470e-06
 1.06470e-06
 1.06470e-06
 1.06470e-06
 5.89264e-06
 5.89264e-06
 5.89264e-06
 5.89264e-06
 5.89264e-06
 5.89264e-06
 2.93415e-05
 2.93415e-05
 2.93415e-05
 2.93415e-05
 2.93415e-05
 2.93415e-05
 1.30370e-04
 1.30370e-04
 1.30370e-04
 1.30370e-04
 1.30370e-04
 1.30370e-04
 5.11683e-04
 5.11683e-04
 5.11683e-04
 5.11683e-04
 5.11683e-04
 5.11683e-04
 1.75241e-03
 1.75241e-03
 1.75241e-03
 1.75241e-03
 1.75241e-03
 1.75241e-03
 5.16557e-03
 5.16557e-03
 5.16557e-03
 5.16557e-03
 5.16557e-03
 5.16557e-03
 1.29445e-02
 1.29445e-02
 1.29445e-02
 1.29445e-02
 1.29445e-02
 1.29445e-02
 2.74338e-02
 2.74338e-02
 2.74338e-02
 2.74338e-02
 2.74338e-02
 2.74338e-02
 4.96027e-02
 4.96027e-02
 4.96027e-02
 4.96027e-02
 4.96027e-02
 4.96027e-02
 7.83757e-02
 7.83757e-02
 7.83757e-02
 7.83757e-02
 7.83757e-02
 7.83757e-02
 1.11726e-01
 1.11726e-01
 1.11726e-01
 1.11726e-01
 1.11726e-01
 1.11726e-01
 1.47948e-01
 1.47948e-01
 1.47948e-01
 1.47948e-01
 1.47948e-01
 1.47948e-01
 1.86003e-01
 1.86003e-01
 1.86003e-01
 1.86003e-01
 1.86003e-01
 1.86003e-01
 2.25264e-01
 2.25264e-01
 2.25264e-01
 2.25264e-01
 2.25264e-01
 2.25264e-01
 2.65301e-01
 2.65301e-01
 2.65301e-01
 2.65301e-01
 2.65301e-01
 2.65301e-01
 3.05930e-01
 3.05930e-01
 3.05930e-01
 3.05930e-01
 3.05930e-01
 3.05930e-01
 3.47102e-01
 3.47102e-01
 3.47102e-01
 3.47102e-01
 3.47102e-01
 3.47102e-01
 3.88859e-01
 3.88859e-01
 3.88859e-01
 3.88859e-01
 3.88859e-01
 3.88859e-01
 4.31240e-01
 4.31240e-01
 4.31240e-01
 4.31240e-01
 4.31240e-01
 4.31240e-01
 4.73569e-01
 4.73569e-01
 4.73569e-01
 4.73569e-01
 4.73569e-01
 4.73569e-01
 5.14135e-01
 5.14135e-01
 5.14135e-01
 5.14135e-01
 5.14135e-01
 5.14135e-01
 5.54793e-01
 5.54793e-01
 5.54793e-01
 5.54793e-01
 5.54793e-01
 5.54793e-01
 5.94519e-01
 5.94519e-01
 5.94519e-01
 5.94519e-01
 5.94519e-01
 5.94519e-01
 6.33798e-01
 6.33798e-01
 6.33798e-01
 6.33798e-01
 6.33798e-01
 6.33798e-01
 6.72463e-01
 6.72463e-01
 6.72463e-01
 6.72463e-01
 6.72463e-01
 6.72463e-01
 7.10087e-01
 7.10087e-01
 7.10087e-01
 7.10087e-01
 7.10087e-01
 7.10087e-01
 7.48018e-01
 7.48018e-01
 7.48018e-01
 7.48018e-01
 7.48018e-01
 7.48018e-01
 7.85341e-01
 7.85341e-01
 7.85341e-01
 7.85341e-01
 7.85341e-01
 7.85341e-01
 8.21082e-01
 8.21082e-01
 8.21082e-01
 8.21082e-01
 8.21082e-01
 8.21082e-01
 8.55209e-01
 8.55209e-01
 8.55209e-01
 8.55209e-01
 8.55209e-01
 8.55209e-01
 8.82161e-01
 8.82161e-01
 8.82161e-01
 8.82161e-01
 8.82161e-01
 8.82161e-01
 9.04163e-01
 9.04163e-01
 9.04163e-01
 9.04163e-01
 9.04163e-01
 9.04163e-01
 9.19576e-01
 9.19576e-01
 9.19576e-01
 9.19576e-01
 9.19576e-01
 9.19576e-01
 9.25986e-01
 9.25986e-01
 9.25986e-01
 9.25986e-01
 9.25986e-01
 9.25986e-01
 9.30345e-01
 9.30345e-01
 9.30345e-01
 9.30345e-01
 9.30345e-01
 9.30345e-01
 9.32370e-01
 9.32370e-01
 9.32370e-01
 9.32370e-01
 9.32370e-01
 9.32370e-01
 9.32267e-01
 9.32267e-01
 9.32267e-01
 9.32267e-01
 9.32267e-01
 9.32267e-01
 9.31510e-01
 9.31510e-01
 9.31510e-01
 9.31510e-01
 9.31510e-01
 9.31510e-01
 9.30613e-01
 9.30613e-01
 9.30613e-01
 9.30613e-01
 9.30613e-01
 9.30613e-01
 9.30125e-01
 9.30125e-01
 9.30125e-01
 9.30125e-01
 9.30125e-01
 9.30125e-01
 9.29850e-01
 9.29850e-01
 9.29850e-01
 9.29850e-01
 9.29850e-01
 9.29850e-01
 9.29178e-01
 9.29178e-01
 9.29178e-01
 9.29178e-01
 9.29178e-01
 9.29178e-01
 9.28642e-01
 9.28642e-01
 9.28642e-01
 9.28642e-01
 9.28642e-01
 9.28642e-01
 9.28524e-01
 9.28524e-01
 9.28524e-01
 9.28524e-01
 9.28524e-01
 9.28524e-01
 9.28620e-01
 9.28620e-01
 9.28620e-01
 9.28620e-01
 9.28620e-01
 9.28620e-01
 9.28708e-01
 9.28708e-01
 9.28708e-01
 9.28708e-01
 9.28708e-01
 9.28708e-01
 9.28568e-01
 9.28568e-01
 9.28568e-01
 9.28568e-01
 9.28568e-01
 9.28568e-01
 9.28217e-01
 9.28217e-01
 9.28217e-01
 9.28217e-01
 9.28217e-01
 9.28217e-01
 9.28007e-01
 9.28007e-01
 9.28007e-01
 9.28007e-01
 9.28007e-01
 9.28007e-01
 9.28019e-01
 9.28019e-01
 9.28019e-01
 9.28019e-01
 9.28019e-01
 9.28019e-01
 9.28258e-01
 9.28258e-01
 9.28258e-01
 9.28258e-01
 9.28258e-01
 9.28258e-01
 9.28268e-01
 9.28268e-01
 9.28268e-01
 9.28268e-01
 9.28268e-01
 9.28268e-01
 9.28062e-01
 9.28062e-01
 9.28062e-01
 9.28062e-01
 9.28062e-01
 9.28062e-01
 9.27701e-01
 9.27701e-01
 9.27701e-01
 9.27701e-01
 9.27701e-01
 9.27701e-01
 9.27561e-01
 9.27561e-01
 9.27561e-01
 9.27561e-01
 9.27561e-01
 9.27561e-01
 9.27833e-01
 9.27833e-01
 9.27833e-01
 9.27833e-01
 9.27833e-01
 9.27833e-01
 9.28107e-01
 9.28107e-01
 9.28107e-01
 9.28107e-01
 9.28107e-01
 9.28107e-01
 9.28033e-01
 9.28033e-01
 9.28033e-01
 9.28033e-01
 9.28033e-01
 9.28033e-01
 9.27695e-01
 9.27695e-01
 9.27695e-01
 9.27695e-01
 9.27695e-01
 9.27695e-01
 9.26925e-01
 9.26925e-01
 9.26925e-01
 9.26925e-01
 9.26925e-01
 9.26925e-01
 9.25078e-01
 9.25078e-01
 9.25078e-01
 9.25078e-01
 9.25078e-01
 9.25078e-01
 9.20660e-01
 9.20660e-01
 9.20660e-01
 9.20660e-01
 9.20660e-01
 9.20660e-01
 9.10655e-01
 9.10655e-01
 9.10655e-01
 9.10655e-01
 9.10655e-01
 9.10655e-01
 8.89426e-01
 8.89426e-01
 8.89426e-01
 8.89426e-01
 8.89426e-01
 8.89426e-01
 8.46030e-01
 8.46030e-01
 8.46030e-01
 8.46030e-01
 8.46030e-01
 8.46030e-01
 7.65954e-01
 7.65954e-01
 7.65954e-01
 7.65954e-01
 7.65954e-01
 7.65954e-01
 6.38086e-01
 6.38086e-01
 6.38086e-01
 6.38086e-01
 6.38086e-01
 6.38086e-01
 4.66379e-01
 4.66379e-01
 4.66379e-01
 4.66379e-01
 4.66379e-01
 4.66379e-01
 2.85022e-01
 2.85022e-01
 2.85022e-01
 2.85022e-01
 2.85022e-01
 2.85022e-01
 1.39519e-01
 1.39519e-01
 1.39519e-01
 1.39519e-01
 1.39519e-01
 1.39519e-01
 5.19593e-02
 5.19593e-02
 5.19593e-02
 5.19593e-02
 5.19593e-02
 5.19593e-02
 1.54598e-02
 1.54598e-02
 1.54598e-02
 1.54598e-02
 1.54598e-02
 1.54598e-02
 4.10938e-03
 4.10938e-03
 4.10938e-03
 4.10938e-03
 4.10938e-03
 4.10938e-03
 1.04725e-03
 1.04725e-03
 1.04725e-03
 1.04725e-03
 1.04725e-03
 1.04725e-03
 2.61757e-04
 2.61757e-04
 2.61757e-04
 2.61757e-04
 2.61757e-04
 2.61757e-04
 6.44449e-05
 6.44449e-05
 6.44449e-05
 6.44449e-05
 6.44449e-05
 6.44449e-05
 1.56176e-05
 1.56176e-05
 1.56176e-05
 1.56176e-05
 1.56176e-05
 1.56176e-05
 3.71844e-06
 3.71844e-06
 3.71844e-06
 3.71844e-06
 3.71844e-06
 3.71844e-06
 8.68019e-07
 8.68019e-07
 8.68019e-07
 8.68019e-07
 8.68019e-07
 8.68019e-07
 1.97938e-07
 1.97938e-07
 1.97938e-07
 1.97938e-07
 1.97938e-07
 1.97938e-07
 4.22438e-08
 4.22438e-08
 4.22438e-08
 4.22438e-08
 4.22438e-08
 4.22438e-08
 0.00000e+00
 0.00000e+00
 0.00000e+00
 0.00000e+00
 0.00000e+00
 0.00000e+00
 0.00000e+00
 0.00000e+00
 0.00000e+00
 0.00000e+00
 0.00000e+00
 0.00000e+00
 2.85299e-16
-1.77549e-15
-1.06041e-15
 1.66324e-15
-6.50034e-15
 8.56125e-15
-3.12281e-16
-7.61942e-16
-1.57770e-15
 1.49967e-15
-4.87523e-15
 6.45287e-15
 1.19279e-15
-1.11617e-15
-4.23785e-16
 1.49608e-15
-6.21531e-15
 1.27843e-14
-7.60746e-16
-8.21916e-17
-8.53792e-16
 9.53440e-16
-4.57036e-15
 8.28960e-15
-1.47738e-15
-1.27813e-15
-1.69908e-15
-1.21111e-15
-4.73196e-15
 9.58565e-15
 1.91157e-15
-1.50909e-16
-1.77091e-15
 2.61511e-15
-5.21789e-15
 9.08767e-15
-5.52375e-16
-1.68205e-15
-1.54150e-15
 6.35226e-16
-6.30737e-15
 1.29843e-14
-1.17774e-15
-4.66043e-16
-2.50787e-15
-1.84170e-17
-2.40872e-15
 9.44719e-15
 2.85446e-15
 3.45423e-15
 4.63977e-15
 4.98351e-15
-2.09596e-17
 1.39832e-14
 4.97276e-14
 4.76988e-14
 4.85622e-14
 5.17499e-14
 4.65374e-14
 6.13091e-14
 5.41908e-13
 5.45096e-13
 5.46290e-13
 5.46752e-13
 5.40732e-13
 5.54021e-13
 5.49633e-12
 5.49378e-12
 5.49275e-12
 5.49760e-12
 5.48983e-12
 5.50483e-12
 5.13617e-11
 5.13611e-11
 5.13590e-11
 5.13604e-11
 5.13554e-11
 5.13694e-11
 4.44250e-10
 4.44247e-10
 4.44247e-10
 4.44251e-10
 4.44242e-10
 4.44255e-10
 3.54356e-09
 3.54356e-09
 3.54356e-09
 3.54356e-09
 3.54355e-09
 3.54357e-09
 2.59742e-08
 2.59742e-08
 2.59742e-08
 2.59742e-08
 2.59742e-08
 2.59742e-08
 1.74244e-07
 1.74244e-07
 1.74244e-07
 1.74244e-07
 1.74244e-07
 1.74244e-07
 1.06470e-06
 1.06470e-06
 1.06470e-06
 1.06470e-06
 1.06470e-06
 1.06470e-06
 5.89264e-06
 5.89264e-06
 5.89264e-06
 5.89264e-06
 5.89264e-06
 5.89264e-06
 2.93415e-05
 2.93415e-05
 2.93415e-05
 2.93415e-05
 2.93415e-05
 2.93415e-05
 1.30370e-04
 1.30370e-04
 1.30370e-04
 1.30370e-04
 1.30370e-04
 1.30370e-04
 5.11683e-04
 5.11683e-04
 5.11683e-04
 5.11683e-04
 5.11683e-04
 5.11683e-04
 1.75241e-03
 1.75241e-03
 1.75241e-03
 1.75241e-03
 1.75241e-03
 1.75241e-03
 5.16557e-03
 5.16557e-03
 5.16557e-03
 5.16557e-03
 5.16557e-03
 5.16557e-03
 1.29445e-02
 1.29445e-02
 1.29445e-02
 1.29445e-02
 1.29445e-02
 1.29445e-02
 2.74338e-02
 2.74338e-02
 2.74338e-02
 2.74338e-02
 2.74338e-02
 2.74338e-02
 4.96027e-02
 4.96027e-02
 4.96027e-02
 4.96027e-02
 4.96027e-02
 4.96027e-02
 7.83757e-02
 7.83757e-02
 7.83757e-02
 7.83757e-02
 7.83757e-02
 7.83757e-02
 1.11726e-01
 1.11726e-01
 1.11726e-01
 1.11726e-01
 1.11726e-01
 1.11726e-01
 1.47948e-01
 1.47948e-01
 1.47948e-01
 1.47948e-01
 1.47948e-01
 1.47948e-01
 1.86003e-01
 1.86003e-01
 1.86003e-01
 1.86003e-01
 1.86003e-01
 1.86003e-01
 2.25264e-01
 2.25264e-01
 2.25264e-01
 2.25264e-01
 2.25264e-01
 2.25264e-01
 2.65301e-01
 2.65301e-01
 2.65301e-01
 2.65301e-01
 2.65301e-01
 2.65301e-01
 3.05930e-01
 3.05930e-01
 3.05930e-01
 3.05930e-01
 3.05930e-01
 3.05930e-01
 3.47102e-01
 3.47102e-01
 3.47102e-01
 3.47102e-01
 3.47102e-01
 3.47102e-01
 3.88859e-01
 3.88859e-01
 3.88859e-01
 3.88859e-01
 3.88859e-01
 3.88859e-01
 4.31240e-01
 4.31240e-01
 4.31240e-01
 4.31240e-01
 4.31240e-01
 4.31240e-01
 4.73569e-01
 4.73569e-01
 4.73569e-01
 4.73569e-01
 4.73569e-01
 4.73569e-01
 5.14135e-01
 5.14135e-01
 5.14135e-01
 5.14135e-01
 5.14135e-01
 5.14135e-01
 5.54793e-01
 5.54793e-01
 5.54793e-01
 5.54793e-01
 5.54793e-01
 5.54793e-01
 5.94519e-01
 5.94519e-01
 5.94519e-01
 5.94519e-01
 5.94519e-01
 5.94519e-01
 6.33798e-01
 6.33798e-01
 6.33798e-01
 6.33798e-01
 6.33798e-01
 6.33798e-01
 6.72463e-01
 6.72463e-01
 6.72463e-01
 6.72463e-01
 6.72463e-01
 6.72463e-01
 7.10087e-01
 7.10087e-01
 7.10087e-01
 7.10087e-01
 7.10087e-01
 7.10087e-01
 7.48018e-01
 7.48018e-01
 7.48018e-01
 7.48018e-01
 7.48018e-01
 7.48018e-01
 7.85341e-01
 7.85341e-01
 7.85341e-01
 7.85341e-01
 7.85341e-01
 7.85341e-01
 8.21082e-01
 8.21082e-01
 8.21082e-01
 8.21082e-01
 8.21082e-01
 8.21082e-01
 8.55209e-01
 8.55209e-01
 8.55209e-01
 8.55209e-01
 8.55209e-01
 8.55209e-01
 8.82161e-01
 8.82161e-01
 8.82161e-01
 8.82161e-01
 8.82161e-01
 8.82161e-01
 9.04163e-01
 9.04163e-01
 9.04163e-01
 9.04163e-01
 9.04163e-01
 9.04163e-01
 9.19576e-01
 9.19576e-01
 9.19576e-01
 9.19576e-01
 9.19576e-01
 9.19576e-01
 9.25986e-01
 9.25986e-01
 9.25986e-01
 9.25986e-01
 9.25986e-01
 9.25986e-01
 9.30345e-01
 9.30345e-01
 9.30345e-01
 9.30345e-01
 9.30345e-01
 9.30345e-01
 9.32370e-01
 9.32370e-01
 9.32370e-01
 9.32370e-01
 9.32370e-01
 9.32370e-01
 9.32267e-01
 9.32267e-01
 9.32267e-01
 9.32267e-01
 9.32267e-01
 9.32267e-01
 9.31510e-01
 9.31510e-01
 9.31510e-01
 9.31510e-01
 9.31510e-01
 9.31510e-01
 9.30613e-01
 9.30613e-01
 9.30613e-01
 9.30613e-01
 9.30613e-01
 9.30613e-01
 9.30125e-01
 9.30125e-01
 9.30125e-01
 9.30125e-01
 9.30125e-01
 9.30125e-01
 9.29850e-01
 9.29850e-01
 9.29850e-01
 9.29850e-01
 9.29850e-01
 9.29850e-01
 9.29178e-01
 9.29178e-01
 9.29178e-01
 9.29178e-01
 9.29178e-01
 9.29178e-01
 9.28642e-01
 9.28642e-01
 9.28642e-01
 9.28642e-01
 9.28642e-01
 9.28642e-01
 9.28524e-01
 9.28524e-01
 9.28524e-01
 9.28524e-01
 9.28524e-01
 9.28524e-01
 9.28620e-01
 9.28620e-01
 9.28620e-01
 9.28620e-01
 9.28620e-01
 9.28620e-01
 9.28708e-01
 9.28708e-01
 9.28708e-01
 9.28708e-01
 9.28708e-01
 9.28708e-01
 9.28568e-01
 9.28568e-01
 9.28568e-01
 9.28568e-01
 9.28568e-01
 9.28568e-01
 9.28217e-01
 9.28217e-01
 9.28217e-01
 9.28217e-01
 9.28217e-01
 9.28217e-01
 9.28007e-01
 9.28007e-01
 9.28007e-01
 9.28007e-01
 9.28007e-01
 9.28007e-01
 9.28019e-01
 9.28019e-01
 9.28019e-01
 9.28019e-01
 9.28019e-01
 9.28019e-01
 9.28258e-01
 9.28258e-01
 9.28258e-01
 9.28258e-01
 9.28258e-01
 9.28258e-01
 9.28268e-01
 9.28268e-01
 9.28268e-01
 9.28268e-01
 9.28268e-01
 9.28268e-01
 9.28062e-01
 9.28062e-01
 9.28062e-01
 9.28062e-01
 9.28062e-01
 9.28062e-01
 9.27701e-01
 9.27701e-01
 9.27701e-01
 9.27701e-01
 9.27701e-01
 9.27701e-01
 9.27561e-01
 9.27561e-01
 9.27561e-01
 9.27561e-01
 9.27561e-01
 9.27561e-01
 9.27833e-01
 9.27833e-01
 9.27833e-01
 9.27833e-01
 9.27833e-01
 9.27833e-01
 9.28107e-01
 9.28107e-01
 9.28107e-01
 9.28107e-01
 9.28107e-01
 9.28107e-01
 9.28033e-01
 9.28033e-01
 9.28033e-01
 9.28033e-01
 9.28033e-01
 9.28033e-01
 9.27695e-01
 9.27695e-01
 9.27695e-01
 9.27695e-01
 9.27695e-01
 9.27695e-01
 9.26925e-01
 9.26925e-01
 9.26925e-01
 9.26925e-01
 9.26925e-01
 9.26925e-01
 9.25078e-01
 9.25078e-01
 9.25078e-01
 9.25078e-01
 9.25078e-01
 9.25078e-01
 9.20660e-01
 9.20660e-01
 9.20660e-01
 9.20660e-01
 9.20660e-01
 9.20660e-01
 9.10655e-01
 9.10655e-01
 9.10655e-01
 9.10655e-01
 9.10655e-01
 9.10655e-01
 8.89426e-01
 8.89426e-01
 8.89426e-01
 8.89426e-01
 8.89426e-01
 8.89426e-01
 8.46030e-01
 8.46030e-01
 8.46030e-01
 8.46030e-01
 8.46030e-01
 8.46030e-01
 7.65954e-01
 7.65954e-01
 7.65954e-01
 7.65954e-01
 7.65954e-01
 7.65954e-01
 6.38086e-01
 6.38086e-01
 6.38086e-01
 6.38086e-01
 6.38086e-01
 6.38086e-01
 4.66379e-01
 4.66379e-01
 4.66379e-01
 4.66379e-01
 4.66379e-01
 4.66379e-01
 2.85022e-01
 2.85022e-01
 2.85022e-01
 2.85022e-01
 2.85022e-01
 2.85022e-01
 1.39519e-01
 1.39519e-01
 1.39519e-01
 1.39519e-01
 1.39519e-01
 1.39519e-01
 5.19593e-02
 5.19593e-02
 5.19593e-02
 5.19593e-02
 5.19593e-02
 5.19593e-02
 1.54598e-02
 1.54598e-02
 1.54598e-02
 1.54598e-02
 1.54598e-02
 1.54598e-02
 4.10938e-03
 4.10938e-03
 4.10938e-03
 4.10938e-03
 4.10938e-03
 4.10938e-03
 1.04725e-03
 1.04725e-03
 1.04725e-03
 1.04725e-03
 1.04725e-03
 1.04725e-03
 2.61757e-04
 2.61757e-04
 2.61757e-04
 2.61757e-04
 2.61757e-04
 2.61757e-04
 6.44449e-05
 6.44449e-05
 6.44449e-05
 6.44449e-05
 6.44449e-05
 6.44449e-05
 1.56176e-05
 1.56176e-05
 1.56176e-05
 1.56176e-05
 1.56176e-05
 1.56176e-05
 3.71844e-06
 3.71844e-06
 3.71844e-06
 3.71844e-06
 3.71844e-06
 3.71844e-06
 8.68019e-07
 8.68019e-07
 8.68019e-07
 8.68019e-07
 8.68019e-07
 8.68019e-07
 1.97938e-07
 1.97938e-07
 1.97938e-07
 1.97938e-07
 1.97938e-07
 1.97938e-07
 4.22438e-08
 4.22438e-08
 4.22438e-08
 4.22438e-08
 4.22438e-08
 4.22438e-08
 0.00000e+00
 0.00000e+00
 0.00000e+00
 0.00000e+00
 0.00000e+00
 0.00000e+00
 0.00000e+00
 0.00000e+00
 0.00000e+00
 0.00000e+00
 0.00000e+00
 0.00000e+00
-7.67802e-16
 7.90299e-16
-2.58074e-15
 1.95865e-15
-5.58344e-15
 5.77585e-15
 8.03437e-16
-2.51875e-15
-1.45157e-15
 1.84814e-15
-5.54141e-15
 1.08232e-14
-1.06335e-15
 4.52413e-16
-6.28792e-16
 1.01704e-15
-6.04535e-15
 8.31642e-15
-1.34991e-15
-1.66327e-15
-1.27747e-15
 8.64607e-17
-5.09706e-15
 8.43619e-15
 8.62593e-16
 8.97589e-16
-1.23196e-15
 5.29751e-16
-2.62848e-15
 5.97782e-15
 1.44636e-15
-1.73485e-15
-2.27433e-15
 1.58475e-15
-7.34049e-15
 9.10159e-15
-2.69959e-16
-5.30153e-16
-2.28076e-15
 1.13874e-15
-5.98168e-15
 9.62695e-15
 8.73919e-16
-1.15914e-15
-2.06627e-15
 6.86002e-16
-3.39054e-15
 9.38293e-15
 2.56120e-15
 3.19484e-15
 4.50439e-15
 3.68468e-15
 1.77223e-15
 1.37196e-14
 5.00911e-14
 4.89464e-14
 4.78987e-14
 5.09699e-14
 4.51505e-14
 5.62132e-14
 5.47739e-13
 5.45502e-13
 5.46527e-13
 5.48356e-13
 5.42971e-13
 5.53659e-13
 5.49205e-12
 5.49271e-12
 5.49186e-12
 5.49434e-12
 5.48602e-12
 5.50278e-12
 5.13609e-11
 5.13614e-11
 5.13589e-11
 5.13612e-11
 5.13568e-11
 5.13687e-11
 4.44252e-10
 4.44249e-10
 4.44249e-10
 4.44253e-10
 4.44242e-10
 4.44256e-10
 3.54356e-09
 3.54356e-09
 3.54356e-09
 3.54356e-09
 3.54355e-09
 3.54357e-09
 2.59742e-08
 2.59742e-08
 2.59742e-08
 2.59742e-08
 2.59742e-08
 2.59742e-08
 1.74244e-07
 1.74244e-07
 1.74244e-07
 1.74244e-07
 1.74244e-07
 1.74244e-07
 1.06470e-06
 1.06470e-06
 1.06470e-06
 1.06470e-06
 1.06470e-06
 1.06470e-06
 5.89264e-06
 5.89264e-06
 5.89264e-06
 5.89264e-06
 5.89264e-06
 5.89264e-06
 2.93415e-05
 2.93415e-05
 2.93415e-05
 2.93415e-05
 2.93415e-05
 2.93415e-05
 1.30370e-04
 1.30370e-04
 1.30370e-04
 1.30370e-04
 1.30370e-04
 1.30370e-04
 5.11683e-04
 5.11683e-04
 5.11683e-04
 5.11683e-04
 5.11683e-04
 5.11683e-04
 1.75241e-03
 1.75241e-03
 1.75241e-03
 1.75241e-03
 1.75241e-03
 1.75241e-03
 5.16557e-03
 5.16557e-03
 5.16557e-03
 5.16557e-03
 5.16557e-03
 5.16557e-03
 1.29445e-02
 1.29445e-02
 1.29445e-02
 1.29445e-02
 1.29445e-02
 1.29445e-02
 2.74338e-02
 2.74338e-02
 2.74338e-02
 2.74338e-02
 2.74338e-02
 2.74338e-02
 4.96027e-02
 4.96027e-02
 4.96027e-02
 4.96027e-02
 4.96027e-02
 4.96027e-02
 7.83757e-02
 7.83757e-02
 7.83757e-02
 7.83757e-02
 7.83757e-02
 7.83757e-02
 1.11726e-01
 1.11726e-01
 1.11726e-01
 1.11726e-01
 1.11726e-01
 1.11726e-01
 1.47948e-01
 1.47948e-01
 1.47948e-01
 1.47948e-01
 1.47948e-01
 1.47948e-01
 1.86003e-01
 1.86003e-01
 1.86003e-01
 1.86003e-01
 1.86003e-01
 1.86003e-01
 2.25264e-01
 2.25264e-01
 2.25264e-01
 2.25264e-01
 2.25264e-01
 2.25264e-01
 2.65301e-01
 2.65301e-01
 2.65301e-01
 2.65301e-01
 2.65301e-01
 2.65301e-01
 3.05930e-01
 3.05930e-01
 3.05930e-01
 3.05930e-01
 3.05930e-01
 3.05930e-01
 3.47102e-01
 3.47102e-01
 3.47102e-01
 3.47102e-01
 3.47102e-01
 3.47102e-01
 3.88859e-01
 3.88859e-01
 3.88859e-01
 3.88859e-01
 3.88859e-01
 3.88859e-01
 4.31240e-01
 4.31240e-01
 4.31240e-01
 4.31240e-01
 4.31240e-01
 4.31240e-01
 4.73569e-01
 4.73569e-01
 4.73569e-01
 4.73569e-01
 4.73569e-01
 4.73569e-01
 5.14135e-01
 5.14135e-01
 5.14135e-01
 5.14135e-01
 5.14135e-01
 5.14135e-01
 5.54793e-01
 5.54793e-01
 5.54793e-01
 5.54793e-01
 5.54793e-01
 5.54793e-01
 5.94519e-01
 5.94519e-01
 5.94519e-01
 5.94519e-01
 5.94519e-01
 5.94519e-01
 6.33798e-01
 6.33798e-01
 6.33798e-01
 6.33798e-01
 6.33798e-01
 6.33798e-01
 6.72463e-01
 6.72463e-01
 6.72463e-01
 6.72463e-01
 6.72463e-01
 6.72463e-01
 7.10087e-01
 7.10087e-01
 7.10087e-01
 7.10087e-01
 7.10087e-01
 7.10087e-01
 7.48018e-01
 7.48018e-01
 7.48018e-01
 7.48018e-01
 7.48018e-01
 7.48018e-01
 7.85341e-01
 7.85341e-01
 7.85341e-01
 7.85341e-01
 7.85341e-01
 7.85341e-01
 8.21082e-01
 8.21082e-01
 8.21082e-01
 8.21082e-01
 8.21082e-01
 8.21082e-01
 8.55209e-01
 8.55209e-01
 8.55209e-01
 8.55209e-01
 8.55209e-01
 8.55209e-01
 8.82161e-01
 8.82161e-01
 8.82161e-01
 8.82161e-01
 8.82161e-01
 8.82161e-01
 9.04163e-01
 9.04163e-01
 9.04163e-01
 9.04163e-01
 9.04163e-01
 9.04163e-01
 9.19576e-01
 9.19576e-01
 9.19576e-01
 9.19576e-01
 9.19576e-01
 9.19576e-01
 9.25986e-01
 9.25986e-01
 9.25986e-01
 9.25986e-01
 9.25986e-01
 9.25986e-01
 9.30345e-01
 9.30345e-01
 9.30345e-01
 9.30345e-01
 9.30345e-01
 9.30345e-01
 9.32370e-01
 9.32370e-01
 9.32370e-01
 9.32370e-01
 9.32370e-01
 9.32370e-01
 9.32267e-01
 9.32267e-01
 9.32267e-01
 9.32267e-01
 9.32267e-01
 9.32267e-01
 9.31510e-01
 9.31510e-01
 9.31510e-01
 9.31510e-01
 9.31510e-01
 9.31510e-01
 9.30613e-01
 9.30613e-01
 9.30613e-01
 9.30613e-01
 9.30613e-01
 9.30613e-01
 9.30125e-01
 9.30125e-01
 9.30125e-01
 9.30125e-01
 9.30125e-01
 9.30125e-01
 9.29850e-01
 9.29850e-01
 9.29850e-01
 9.29850e-01
 9.29850e-01
 9.29850e-01
 9.29178e-01
 9.29178e-01
 9.29178e-01
 9.29178e-01
 9.29178e-01
 9.29178e-01
 9.28642e-01
 9.28642e-01
 9.28642e-01
 9.28642e-01
 9.28642e-01
 9.28642e-01
 9.28524e-01
 9.28524e-01
 9.28524e-01
 9.28524e-01
 9.28524e-01
 9.28524e-01
 9.28620e-01
 9.28620e-01
 9.28620e-01
 9.28620e-01
 9.28620e-01
 9.28620e-01
 9.28708e-01
 9.28708e-01
 9.28708e-01
 9.28708e-01
 9.28708e-01
 9.28708e-01
 9.28568e-01
 9.28568e-01
 9.28568e-01
 9.28568e-01
 9.28568e-01
 9.28568e-01
 9.28217e-01
 9.28217e-01
 9.28217e-01
 9.28217e-01
 9.28217e-01
 9.28217e-01
 9.28007e-01
 9.28007e-01
 9.28007e-01
 9.28007e-01
 9.28007e-01
 9.28007e-01
 9.28019e-01
 9.28019e-01
 9.28019e-01
 9.28019e-01
 9.28019e-01
 9.28019e-01
 9.28258e-01
 9.28258e-01
 9.28258e-01
 9.28258e-01
 9.28258e-01
 9.28258e-01
 9.28268e-01
 9.28268e-01
 9.28268e-01
 9.28268e-01
 9.28268e-01
 9.28268e-01
 9.28062e-01
 9.28062e-01
 9.28062e-01
 9.28062e-01
 9.28062e-01
 9.28062e-01
 9.27701e-01
 9.27701e-01
 9.27701e-01
 9.27701e-01
 9.27701e-01
 9.27701e-01
 9.27561e-01
 9.27561e-01
 9.27561e-01
 9.27561e-01
 9.27561e-01
 9.27561e-01
 9.27833e-01
 9.27833e-01
 9.27833e-01
 9.27833e-01
 9.27833e-01
 9.27833e-01
 9.28107e-01
 9.28107e-01
 9.28107e-01
 9.28107e-01
 9.28107e-01
 9.28107e-01
 9.28033e-01
 9.28033e-01
 9.28033e-01
 9.28033e-01
 9.28033e-01
 9.28033e-01
 9.27695e-01
 9.27695e-01
 9.27695e-01
 9.27695e-01
 9.27695e-01
 9.27695e-01
 9.26925e-01
 9.26925e-01
 9.26925e-01
 9.26925e-01
 9.26925e-01
 9.26925e-01
 9.25078e-01
 9.25078e-01
 9.25078e-01
 9.25078e-01
 9.25078e-01
 9.25078e-01
 9.20660e-01
 9.20660e-01
 9.20660e-01
 9.20660e-01
 9.20660e-01
 9.20660e-01
 9.10655e-01
 9.10655e-01
 9.10655e-01
 9.10655e-01
 9.10655e-01
 9.10655e-01
 8.89426e-01
 8.89426e-01
 8.89426e-01
 8.89426e-01
 8.89426e-01
 8.89426e-01
 8.46030e-01
 8.46030e-01
 8.46030e-01
 8.46030e-01
 8.46030e-01
 8.46030e-01
 7.65954e-01
 7.65954e-01
 7.65954e-01
 7.65954e-01
 7.65954e-01
 7.65954e-01
 6.38086e-01
 6.38086e-01
 6.38086e-01
 6.38086e-01
 6.38086e-01
 6.38086e-01
 4.66379e-01
 4.66379e-01
 4.66379e-01
 4.66379e-01
 4.66379e-01
 4.66379e-01
 2.85022e-01
 2.85022e-01
 2.85022e-01
 2.85022e-01
 2.85022e-01
 2.85022e-01
 1.39519e-01
 1.39519e-01
 1.39519e-01
 1.39519e-01
 1.39519e-01
 1.39519e-01
 5.19593e-02
 5.19593e-02
 5.19593e-02
 5.19593e-02
 5.19593e-02
 5.19593e-02
 1.54598e-02
 1.54598e-02
 1.54598e-02
 1.54598e-02
 1.54598e-02
 1.54598e-02
 4.10938e-03
 4.10938e-03
 4.10938e-03
 4.10938e-03
 4.10938e-03
 4.10938e-03
 1.04725e-03
 1.04725e-03
 1.04725e-03
 1.04725e-03
 1.04725e-03
 1.04725e-03
 2.61757e-04
 2.61757e-04
 2.61757e-04
 2.61757e-04
 2.61757e-04
 2.61757e-04
 6.44449e-05
 6.44449e-05
 6.44449e-05
 6.44449e-05
 6.44449e-05
 6.44449e-05
 1.56176e-05
 1.56176e-05
 1.56176e-05
 1.56176e-05
 1.56176e-05
 1.56176e-05
 3.71844e-06
 3.71844e-06
 3.71844e-06
 3.71844e-06
 3.71844e-06
 3.71844e-06
 8.68019e-07
 8.68019e-07
 8.68019e-07
 8.68019e-07
 8.68019e-07
 8.68019e-07
 1.97938e-07
 1.97938e-07
 1.97938e-07
 1.97938e-07
 1.97938e-07
 1.97938e-07
 4.22438e-08
 4.22438e-08
 4.22438e-08
 4.22438e-08
 4.22438e-08
 4.22438e-08
 0.00000e+00
 0.00000e+00
 0.00000e+00
 0.00000e+00
 0.00000e+00
 0.00000e+00
 0.00000e+00
 0.00000e+00
 0.00000e+00
 0.00000e+00
 0.00000e+00
 0.00000e+00
 1.08380e-15
 1.25661e-15
-1.03242e-15
 9.48852e-16
-4.11266e-15
 5.72677e-15
 4.52777e-16
-2.54702e-15
 2.35088e-16
 9.44431e-16
-5.20117e-15
 1.06415e-14
-9.11743e-16
 2.76934e-16
-8.30319e-16
 5.28695e-16
-4.43922e-15
 6.83200e-15
-2.19719e-16
-1.44630e-15
 6.93170e-16
-1.08608e-16
-4.97740e-15
 9.89975e-15
-1.68847e-15
-1.40376e-15
-4.18211e-15
 1.70908e-15
-4.69076e-15
 5.65494e-15
 1.45144e-15
 1.07185e-15
 3.50258e-17
 2.81063e-16
-5.56704e-15
 8.94767e-15
 1.71438e-15
 1.19022e-15
-1.44792e-15
 1.45209e-15
-4.94268e-15
 6.83180e-15
-5.17159e-16
-7.31285e-16
 1.41675e-15
-3.62862e-17
-3.12305e-15
 9.62604e-15
 1.58263e-15
 2.04868e-15
 2.08569e-15
 3.83433e-15
-1.54278e-15
 1.27997e-14
 4.75783e-14
 4.95840e-14
 4.96440e-14
 5.03182e-14
 4.97834e-14
 5.63349e-14
 5.46724e-13
 5.45012e-13
 5.46376e-13
 5.47357e-13
 5.39263e-13
 5.54384e-13
 5.49360e-12
 5.49299e-12
 5.49348e-12
 5.49477e-12
 5.48740e-12
 5.50196e-12
 5.13622e-11
 5.13602e-11
 5.13598e-11
 5.13628e-11
 5.13581e-11
 5.13694e-11
 4.44249e-10
 4.44249e-10
 4.44249e-10
 4.44250e-10
 4.44243e-10
 4.44256e-10
 3.54356e-09
 3.54356e-09
 3.54356e-09
 3.54356e-09
 3.54355e-09
 3.54357e-09
 2.59742e-08
 2.59742e-08
 2.59742e-08
 2.59742e-08
 2.59742e-08
 2.59742e-08
 1.74244e-07
 1.74244e-07
 1.74244e-07
 1.74244e-07
 1.74244e-07
 1.74244e-07
 1.06470e-06
 1.06470e-06
 1.06470e-06
 1.06470e-06
 1.06470e-06
 1.06470e-06
 5.89264e-06
 5.89264e-06
 5.89264e-06
 5.89264e-06
 5.89264e-06
 5.89264e-06
 2.93415e-05
 2.93415e-05
 2.93415e-05
 2.93415e-05
 2.93415e-05
 2.93415e-05
 1.30370e-04
 1.30370e-04
 1.30370e-04
 1.30370e-04
 1.30370e-04
 1.30370e-04
 5.11683e-04
 5.11683e-04
 5.11683e-04
 5.11683e-04
 5.11683e-04
 5.11683e-04
 1.75241e-03
 1.75241e-03
 1.75241e-03
 1.75241e-03
 1.75241e-03
 1.75241e-03
 5.16557e-03
 5.16557e-03
 5.16557e-03
 5.16557e-03
 5.16557e-03
 5.16557e-03
 1.29445e-02
 1.29445e-02
 1.29445e-02
 1.29445e-02
 1.29445e-02
 1.29445e-02
 2.74338e-02
 2.74338e-02
 2.74338e-02
 2.74338e-02
 2.74338e-02
 2.74338e-02
 4.96027e-02
 4.96027e-02
 4.96027e-02
 4.96027e-02
 4.96027e-02
 4.96027e-02
 7.83757e-02
 7.83757e-02
 7.83757e-02
 7.83757e-02
 7.83757e-02
 7.83757e-02
 1.11726e-01
 1.11726e-01
 1.11726e-01
 1.11726e-01
 1.11726e-01
 1.11726e-01
 1.47948e-01
 1.47948e-01
 1.47948e-01
 1.47948e-01
 1.47948e-01
 1.47948e-01
 1.86003e-01
 1.86003e-01
 1.86003e-01
 1.86003e-01
 1.86003e-01
 1.86003e-01
 2.25264e-01
 2.25264e-01
 2.25264e-01
 2.25264e-01
 2.25264e-01
 2.25264e-01
 2.65301e-01
 2.65301e-01
 2.65301e-01
 2.65301e-01
 2.65301e-01
 2.65301e-01
 3.05930e-01
 3.05930e-01
 3.05930e-01
 3.05930e-01
 3.05930e-01
 3.05930e-01
 3.47102e-01
 3.47102e-01
 3.47102e-01
 3.47102e-01
 3.47102e-01
 3.47102e-01
 3.88859e-01
 3.88859e-01
 3.88859e-01
 3.88859e-01
 3.88859e-01
 3.88859e-01
 4.31240e-01
 4.31240e-01
 4.31240e-01
 4.31240e-01
 4.31240e-01
 4.31240e-01
 4.73569e-01
 4.73569e-01
 4.73569e-01
 4.73569e-01
 4.73569e-01
 4.73569e-01
 5.14135e-01
 5.14135e-01
 5.14135e-01
 5.14135e-01
 5.14135e-01
 5.14135e-01
 5.54793e-01
 5.54793e-01
 5.54793e-01
 5.54793e-01
 5.54793e-01
 5.54793e-01
 5.94519e-01
 5.94519e-01
 5.94519e-01
 5.94519e-01
 5.94519e-01
 5.94519e-01
 6.33798e-01
 6.33798e-01
 6.33798e-01
 6.33798e-01
 6.33798e-01
 6.33798e-01
 6.72463e-01
 6.72463e-01
 6.72463e-01
 6.72463e-01
 6.72463e-01
 6.72463e-01
 7.10087e-01
 7.10087e-01
 7.10087e-01
 7.10087e-01
 7.10087e-01
 7.10087e-01
 7.48018e-01
 7.48018e-01
 7.48018e-01
 7.48018e-01
 7.48018e-01
 7.48018e-01
 7.85341e-01
 7.85341e-01
 7.85341e-01
 7.85341e-01
 7.85341e-01
 7.85341e-01
 8.21082e-01
 8.21082e-01
 8.21082e-01
 8.21082e-01
 8.21082e-01
 8.21082e-01
 8.55209e-01
 8.55209e-01
 8.55209e-01
 8.55209e-01
 8.55209e-01
 8.55209e-01
 8.82161e-01
 8.82161e-01
 8.82161e-01
 8.82161e-01
 8.82161e-01
 8.82161e-01
 9.04163e-01
 9.04163e-01
 9.04163e-01
 9.04163e-01
 9.04163e-01
 9.04163e-01
 9.19576e-01
 9.19576e-01
 9.19576e-01
 9.19576e-01
 9.19576e-01
 9.19576e-01
 9.25986e-01
 9.25986e-01
 9.25986e-01
 9.25986e-01
 9.25986e-01
 9.25986e-01
 9.30345e-01
 9.30345e-01
 9.30345e-01
 9.30345e-01
 9.30345e-01
 9.30345e-01
 9.32370e-01
 9.32370e-01
 9.32370e-01
 9.32370e-01
 9.32370e-01
 9.32370e-01
 9.32267e-01
 9.32267e-01
 9.32267e-01
 9.32267e-01
 9.32267e-01
 9.32267e-01
 9.31510e-01
 9.31510e-01
 9.31510e-01
 9.31510e-01
 9.31510e-01
 9.31510e-01
 9.30613e-01
 9.30613e-01
 9.30613e-01
 9.30613e-01
 9.30613e-01
 9.30613e-01
 9.30125e-01
 9.30125e-01
 9.30125e-01
 9.30125e-01
 9.30125e-01
 9.30125e-01
 9.29850e-01
 9.29850e-01
 9.29850e-01
 9.29850e-01
 9.29850e-01
 9.29850e-01
 9.29178e-01
 9.29178e-01
 9.29178e-01
 9.29178e-01
 9.29178e-01
 9.29178e-01
 9.28642e-01
 9.28642e-01
 9.28642e-01
 9.28642e-01
 9.28642e-01
 9.28642e-01
 9.28524e-01
 9.28524e-01
 9.28524e-01
 9.28524e-01
 9.28524e-01
 9.28524e-01
 9.28620e-01
 9.28620e-01
 9.28620e-01
 9.28620e-01
 9.28620e-01
 9.28620e-01
 9.28708e-01
 9.28708e-01
 9.28708e-01
 9.28708e-01
 9.28708e-01
 9.28708e-01
 9.28568e-01
 9.28568e-01
 9.28568e-01
 9.28568e-01
 9.28568e-01
 9.28568e-01
 9.28217e-01
 9.28217e-01
 9.28217e-01
 9.28217e-01
 9.28217e-01
 9.28217e-01
 9.28007e-01
 9.28007e-01
 9.28007e-01
 9.28007e-01
 9.28007e-01
 9.28007e-01
 9.28019e-01
 9.28019e-01
 9.28019e-01
 9.28019e-01
 9.28019e-01
 9.28019e-01
 9.28258e-01
 9.28258e-01
 9.28258e-01
 9.28258e-01
 9.28258e-01
 9.28258e-01
 9.28268e-01
 9.28268e-01
 9.28268e-01
 9.28268e-01
 9.28268e-01
 9.28268e-01
 9.28062e-01
 9.28062e-01
 9.28062e-01
 9.28062e-01
 9.28062e-01
 9.28062e-01
 9.27701e-01
 9.27701e-01
 9.27701e-01
 9.27701e-01
 9.27701e-01
 9.27701e-01
 9.27561e-01
 9.27561e-01
 9.27561e-01
 9.27561e-01
 9.27561e-01
 9.27561e-01
 9.27833e-01
 9.27833e-01
 9.27833e-01
 9.27833e-01
 9.27833e-01
 9.27833e-01
 9.28107e-01
 9.28107e-01
 9.28107e-01
 9.28107e-01
 9.28107e-01
 9.28107e-01
 9.28033e-01
 9.28033e-01
 9.28033e-01
 9.28033e-01
 9.28033e-01
 9.28033e-01
 9.27695e-01
 9.27695e-01
 9.27695e-01
 9.27695e-01
 9.27695e-01
 9.27695e-01
 9.26925e-01
 9.26925e-01
 9.26925e-01
 9.26925e-01
 9.26925e-01
 9.26925e-01
 9.25078e-01
 9.25078e-01
 9.25078e-01
 9.25078e-01
 9.25078e-01
 9.25078e-01
 9.20660e-01
 9.20660e-01
 9.20660e-01
 9.20660e-01
 9.20660e-01
 9.20660e-01
 9.10655e-01
 9.10655e-01
 9.10655e-01
 9.10655e-01
 9.10655e-01
 9.10655e-01
 8.89426e-01
 8.89426e-01
 8.89426e-01
 8.89426e-01
 8.89426e-01
 8.89426e-01
 8.46030e-01
 8.46030e-01
 8.46030e-01
 8.46030e-01
 8.46030e-01
 8.46030e-01
 7.65954e-01
 7.65954e-01
 7.65954e-01
 7.65954e-01
 7.65954e-01
 7.65954e-01
 6.38086e-01
 6.38086e-01
 6.38086e-01
 6.38086e-01
 6.38086e-01
 6.38086e-01
 4.66379e-01
 4.66379e-01
 4.66379e-01
 4.66379e-01
 4.66379e-01
 4.66379e-01
 2.85022e-01
 2.85022e-01
 2.85022e-01
 2.85022e-01
 2.85022e-01
 2.85022e-01
 1.39519e-01
 1.39519e-01
 1.39519e-01
 1.39519e-01
 1.39519e-01
 1.39519e-01
 5.19593e-02
 5.19593e-02
 5.19593e-02
 5.19593e-02
 5.19593e-02
 5.19593e-02
 1.54598e-02
 1.54598e-02
 1.54598e-02
 1.54598e-02
 1.54598e-02
 1.54598e-02
 4.10938e-03
 4.10938e-03
 4.10938e-03
 4.10938e-03
 4.10938e-03
 4.10938e-03
 1.04725e-03
 1.04725e-03
 1.04725e-03
 1.04725e-03
 1.04725e-03
 1.04725e-03
 2.61757e-04
 2.61757e-04
 2.61757e-04
 2.61757e-04
 2.61757e-04
 2.61757e-04
 6.44449e-05
 6.44449e-05
 6.44449e-05
 6.44449e-05
 6.44449e-05
 6.44449e-05
 1.56176e-05
 1.56176e-05
 1.56176e-05
 1.56176e-05
 1.56176e-05
 1.56176e-05
 3.71844e-06
 3.71844e-06
 3.71844e-06
 3.71844e-06
 3.71844e-06
 3.71844e-06
 8.68019e-07
 8.68019e-07
 8.68019e-07
 8.68019e-07
 8.68019e-07
 8.68019e-07
 1.97938e-07
 1.97938e-07
 1.97938e-07
 1.97938e-07
 1.97938e-07
 1.97938e-07
 4.22438e-08
 4.22438e-08
 4.22438e-08
 4.22438e-08
 4.22438e-08
 4.22438e-08
 0.00000e+00
 0.00000e+00
 0.00000e+00
 0.00000e+00
 0.00000e+00
 0.00000e+00
 0.00000e+00
 0.00000e+00
 0.00000e+00
 0.00000e+00
 0.00000e+00
 0.00000e+00
 1.92288e-16
-5.32791e-16
 2.59285e-16
 1.43617e-15
-4.15635e-15
 4.71581e-15
-7.85929e-16
 7.52914e-16
 1.85558e-16
 2.80845e-15
-3.83151e-15
 4.98109e-15
-1.84626e-15
-2.18738e-15
-8.22597e-16
 1.57672e-15
-4.28171e-15
 9.18121e-15
-2.55913e-15
-1.51702e-15
-9.31350e-16
-8.19695e-16
-4.57899e-15
 2.37716e-15
 2.56882e-16
 5.45109e-16
-1.15392e-15
 4.96550e-15
-7.49099e-15
 9.26117e-15
 5.23502e-15
 1.85356e-15
-6.43184e-16
 1.37325e-15
-3.44871e-15
 2.00676e-15
-1.50435e-15
 9.69372e-16
-1.44419e-17
 5.27584e-16
-5.76833e-15
 6.83586e-15
 5.57713e-16
-1.48822e-15
 5.69592e-16
-1.93575e-16
-3.04059e-15
 3.87253e-15
 2.41699e-15
 6.71771e-15
 2.30627e-15
 8.33035e-15
-2.60344e-15
 1.37210e-14
 5.08299e-14
 4.44604e-14
 4.99943e-14
 5.09624e-14
 4.66866e-14
 5.43272e-14
 5.41967e-13
 5.49386e-13
 5.46347e-13
 5.47959e-13
 5.40464e-13
 5.56120e-13
 5.49373e-12
 5.49141e-12
 5.49551e-12
 5.49686e-12
 5.48976e-12
 5.49757e-12
 5.13659e-11
 5.13610e-11
 5.13601e-11
 5.13622e-11
 5.13566e-11
 5.13714e-11
 4.44243e-10
 4.44248e-10
 4.44248e-10
 4.44248e-10
 4.44243e-10
 4.44252e-10
 3.54356e-09
 3.54356e-09
 3.54356e-09
 3.54356e-09
 3.54355e-09
 3.54357e-09
 2.59742e-08
 2.59742e-08
 2.59742e-08
 2.59742e-08
 2.59742e-08
 2.59742e-08
 1.74244e-07
 1.74244e-07
 1.74244e-07
 1.74244e-07
 1.74244e-07
 1.74244e-07
 1.06470e-06
 1.06470e-06
 1.06470e-06
 1.06470e-06
 1.06470e-06
 1.06470e-06
 5.89264e-06
 5.89264e-06
 5.89264e-06
 5.89264e-06
 5.89264e-06
 5.89264e-06
 2.93415e-05
 2.93415e-05
 2.93415e-05
 2.93415e-05
 2.93415e-05
 2.93415e-05
 1.30370e-04
 1.30370e-04
 1.30370e-04
 1.30370e-04
 1.30370e-04
 1.30370e-04
 5.11683e-04
 5.11683e-04
 5.11683e-04
 5.11683e-04
 5.11683e-04
 5.11683e-04
 1.75241e-03
 1.75241e-03
 1.75241e-03
 1.75241e-03
 1.75241e-03
 1.75241e-03
 5.16557e-03
 5.16557e-03
 5.16557e-03
 5.16557e-03
 5.16557e-03
 5.16557e-03
 1.29445e-02
 1.29445e-02
 1.29445e-02
 1.29445e-02
 1.29445e-02
 1.29445e-02
 2.74338e-02
 2.74338e-02
 2.74338e-02
 2.74338e-02
 2.74338e-02
 2.74338e-02
 4.96027e-02
 4.96027e-02
 4.96027e-02
 4.96027e-02
 4.96027e-02
 4.96027e-02
 7.83757e-02
 7.83757e-02
 7.83757e-02
 7.83757e-02
 7.83757e-02
 7.83757e-02
 1.11726e-01
 1.11726e-01
 1.11726e-01
 1.11726e-01
 1.11726e-01
 1.11726e-01
 1.47948e-01
 1.47948e-01
 1.47948e-01
 1.47948e-01
 1.47948e-01
 1.47948e-01
 1.86003e-01
 1.86003e-01
 1.86003e-01
 1.86003e-01
 1.86003e-01
 1.86003e-01
 2.25264e-01
 2.25264e-01
 2.25264e-01
 2.25264e-01
 2.25264e-01
 2.25264e-01
 2.65301e-01
 2.65301e-01
 2.65301e-01
 2.65301e-01
 2.65301e-01
 2.65301e-01
 3.05930e-01
 3.05930e-01
 3.05930e-01
 3.05930e-01
 3.05930e-01
 3.05930e-01
 3.47102e-01
 3.47102e-01
 3.47102e-01
 3.47102e-01
 3.47102e-01
 3.47102e-01
 3.88859e-01
 3.88859e-01
 3.88859e-01
 3.88859e-01
 3.88859e-01
 3.88859e-01
 4.31240e-01
 4.31240e-01
 4.31240e-01
 4.31240e-01
 4.31240e-01
 4.31240e-01
 4.73569e-01
 4.73569e-01
 4.73569e-01
 4.73569e-01
 4.73569e-01
 4.73569e-01
 5.14135e-01
 5.14135e-01
 5.14135e-01
 5.14135e-01
 5.14135e-01
 5.14135e-01
 5.54793e-01
 5.54793e-01
 5.54793e-01
 5.54793e-01
 5.54793e-01
 5.54793e-01
 5.94519e-01
 5.94519e-01
 5.94519e-01
 5.94519e-01
 5.94519e-01
 5.94519e-01
 6.33798e-01
 6.33798e-01
 6.33798e-01
 6.33798e-01
 6.33798e-01
 6.33798e-01
 6.72463e-01
 6.72463e-01
 6.72463e-01
 6.72463e-01
 6.72463e-01
 6.72463e-01
 7.10087e-01
 7.10087e-01
 7.10087e-01
 7.10087e-01
 7.10087e-01
 7.10087e-01
 7.48018e-01
 7.48018e-01
 7.48018e-01
 7.48018e-01
 7.48018e-01
 7.48018e-01
 7.85341e-01
 7.85341e-01
 7.85341e-01
 7.85341e-01
 7.85341e-01
 7.85341e-01
 8.21082e-01
 8.21082e-01
 8.21082e-01
 8.21082e-01
 8.21082e-01
 8.21082e-01
 8.55209e-01
 8.55209e-01
 8.55209e-01
 8.55209e-01
 8.55209e-01
 8.55209e-01
 8.82161e-01
 8.82161e-01
 8.82161e-01
 8.82161e-01
 8.82161e-01
 8.82161e-01
 9.04163e-01
 9.04163e-01
 9.04163e-01
 9.04163e-01
 9.04163e-01
 9.04163e-01
 9.19576e-01
 9.19576e-01
 9.19576e-01
 9.19576e-01
 9.19576e-01
 9.19576e-01
 9.25986e-01
 9.25986e-01
 9.25986e-01
 9.25986e-01
 9.25986e-01
 9.25986e-01
 9.30345e-01
 9.30345e-01
 9.30345e-01
 9.30345e-01
 9.30345e-01
 9.30345e-01
 9.32370e-01
 9.32370e-01
 9.32370e-01
 9.32370e-01
 9.32370e-01
 9.32370e-01
 9.32267e-01
 9.32267e-01
 9.32267e-01
 9.32267e-01
 9.32267e-01
 9.32267e-01
 9.31510e-01
 9.31510e-01
 9.31510e-01
 9.31510e-01
 9.31510e-01
 9.31510e-01
 9.30613e-01
 9.30613e-01
 9.30613e-01
 9.30613e-01
 9.30613e-01
 9.30613e-01
 9.30125e-01
 9.30125e-01
 9.30125e-01
 9.30125e-01
 9.30125e-01
 9.30125e-01
 9.29850e-01
 9.29850e-01
 9.29850e-01
 9.29850e-01
 9.29850e-01
 9.29850e-01
 9.29178e-01
 9.29178e-01
 9.29178e-01
 9.29178e-01
 9.29178e-01
 9.29178e-01
 9.28642e-01
 9.28642e-01
 9.28642e-01
 9.28642e-01
 9.28642e-01
 9.28642e-01
 9.28524e-01
 9.28524e-01
 9.28524e-01
 9.28524e-01
 9.28524e-01
 9.28524e-01
 9.28620e-01
 9.28620e-01
 9.28620e-01
 9.28620e-01
 9.28620e-01
 9.28620e-01
 9.28708e-01
 9.28708e-01
 9.28708e-01
 9.28708e-01
 9.28708e-01
 9.28708e-01
 9.28568e-01
 9.28568e-01
 9.28568e-01
 9.28568e-01
 9.28568e-01
 9.28568e-01
 9.28217e-01
 9.28217e-01
 9.28217e-01
 9.28217e-01
 9.28217e-01
 9.28217e-01
 9.28007e-01
 9.28007e-01
 9.28007e-01
 9.28007e-01
 9.28007e-01
 9.28007e-01
 9.28019e-01
 9.28019e-01
 9.28019e-01
 9.28019e-01
 9.28019e-01
 9.28019e-01
 9.28258e-01
 9.28258e-01
 9.28258e-01
 9.28258e-01
 9.28258e-01
 9.28258e-01
 9.28268e-01
 9.28268e-01
 9.28268e-01
 9.28268e-01
 9.28268e-01
 9.28268e-01
 9.28062e-01
 9.28062e-01
 9.28062e-01
 9.28062e-01
 9.28062e-01
 9.28062e-01
 9.27701e-01
 9.27701e-01
 9.27701e-01
 9.27701e-01
 9.27701e-01
 9.27701e-01
 9.27561e-01
 9.27561e-01
 9.27561e-01
 9.27561e-01
 9.27561e-01
 9.27561e-01
 9.27833e-01
 9.27833e-01
 9.27833e-01
 9.27833e-01
 9.27833e-01
 9.27833e-01
 9.28107e-01
 9.28107e-01
 9.28107e-01
 9.28107e-01
 9.28107e-01
 9.28107e-01
 9.28033e-01
 9.28033e-01
 9.28033e-01
 9.28033e-01
 9.28033e-01
 9.28033e-01
 9.27695e-01
 9.27695e-01
 9.27695e-01
 9.27695e-01
 9.27695e-01
 9.27695e-01
 9.26925e-01
 9.26925e-01
 9.26925e-01
 9.26925e-01
 9.26925e-01
 9.26925e-01
 9.25078e-01
 9.25078e-01
 9.25078e-01
 9.25078e-01
 9.25078e-01
 9.25078e-01
 9.20660e-01
 9.20660e-01
 9.20660e-01
 9.20660e-01
 9.20660e-01
 9.20660e-01
 9.10655e-01
 9.10655e-01
 9.10655e-01
 9.10655e-01
 9.10655e-01
 9.10655e-01
 8.89426e-01
 8.89426e-01
 8.89426e-01
 8.89426e-01
 8.89426e-01
 8.89426e-01
 8.46030e-01
 8.46030e-01
 8.46030e-01
 8.46030e-01
 8.46030e-01
 8.46030e-01
 7.65954e-01
 7.65954e-01
 7.65954e-01
 7.65954e-01
 7.65954e-01
 7.65954e-01
 6.38086e-01
 6.38086e-01
 6.38086e-01
 6.38086e-01
 6.38086e-01
 6.38086e-01
 4.66379e-01
 4.66379e-01
 4.66379e-01
 4.66379e-01
 4.66379e-01
 4.66379e-01
 2.85022e-01
 2.85022e-01
 2.85022e-01
 2.85022e-01
 2.85022e-01
 2.85022e-01
 1.39519e-01
 1.39519e-01
 1.39519e-01
 1.39519e-01
 1.39519e-01
 1.39519e-01
 5.19593e-02
 5.19593e-02
 5.19593e-02
 5.19593e-02
 5.19593e-02
 5.19593e-02
 1.54598e-02
 1.54598e-02
 1.54598e-02
 1.54598e-02
 1.54598e-02
 1.54598e-02
 4.10938e-03
 4.10938e-03
 4.10938e-03
 4.10938e-03
 4.10938e-03
 4.10938e-03
 1.04725e-03
 1.04725e-03
 1.04725e-03
 1.04725e-03
 1.04725e-03
 1.04725e-03
 2.61757e-04
 2.61757e-04
 2.61757e-04
 2.61757e-04
 2.61757e-04
 2.61757e-04
 6.44449e-05
 6.44449e-05
 6.44449e-05
 6.44449e-05
 6.44449e-05
 6.44449e-05
 1.56176e-05
 1.56176e-05
 1.56176e-05
 1.56176e-05
 1.56176e-05
 1.56176e-05
 3.71844e-06
 3.71844e-06
 3.71844e-06
 3.71844e-06
 3.71844e-06
 3.71844e-06
 8.68019e-07
 8.68019e-07
 8.68019e-07
 8.68019e-07
 8.68019e-07
 8.68019e-07
 1.97938e-07
 1.97938e-07
 1.97938e-07
 1.97938e-07
 1.97938e-07
 1.97938e-07
 4.22438e-08
 4.22438e-08
 4.22438e-08
 4.22438e-08
 4.22438e-08
 4.22438e-08
 0.00000e+00
 0.00000e+00
 0.00000e+00
 0.00000e+00
 0.00000e+00
 0.00000e+00
 0.00000e+00
 0.00000e+00
 0.00000e+00
 0.00000e+00
 0.00000e+00
 0.00000e+00
 0.00000e+00
 0.00000e+00
 0.00000e+00
 0.00000e+00
 0.00000e+00
 0.00000e+00
 0.00000e+00
 0.00000e+00
 0.00000e+00
 0.00000e+00
 0.00000e+00
 0.00000e+00
 0.00000e+00
 0.00000e+00
 0.00000e+00
 0.00000e+00
 0.00000e+00
 0.00000e+00
 0.00000e+00
 0.00000e+00
 0.00000e+00
 0.00000e+00
 0.00000e+00
 0.00000e+00
 0.00000e+00
 0.00000e+00
 0.00000e+00
 0.00000e+00
 0.00000e+00
 0.00000e+00
 0.00000e+00
 0.00000e+00
 0.00000e+00
 0.00000e+00
 0.00000e+00
 0.00000e+00
 0.00000e+00
 0.00000e+00
 0.00000e+00
 0.00000e+00
 0.00000e+00
 0.00000e+00
 0.00000e+00
 0.00000e+00
 0.00000e+00
 0.00000e+00
 0.00000e+00
 0.00000e+00
 0.00000e+00
 0.00000e+00
 0.00000e+00
 0.00000e+00
 0.00000e+00
 0.00000e+00
 0.00000e+00
 0.00000e+00
 0.00000e+00
 0.00000e+00
 0.00000e+00
 0.00000e+00
 0.00000e+00
 0.00000e+00
 0.00000e+00
 0.00000e+00
 0.00000e+00
 0.00000e+00
 0.00000e+00
 0.00000e+00
 0.00000e+00
 0.00000e+00
 0.00000e+00
 0.00000e+00
 0.00000e+00
 0.00000e+00
 0.00000e+00
 0.00000e+00
 0.00000e+00
 0.00000e+00
 0.00000e+00
 0.00000e+00
 0.00000e+00
 0.00000e+00
 0.00000e+00
 0.00000e+00
 0.00000e+00
 0.00000e+00
 0.00000e+00
 0.00000e+00
 0.00000e+00
 0.00000e+00
 0.00000e+00
 0.00000e+00
 0.00000e+00
 0.00000e+00
 0.00000e+00
 0.00000e+00
 0.00000e+00
 0.00000e+00
 0.00000e+00
 0.00000e+00
 0.00000e+00
 0.00000e+00
 0.00000e+00
 0.00000e+00
 0.00000e+00
 0.00000e+00
 0.00000e+00
 0.00000e+00
 0.00000e+00
 0.00000e+00
 0.00000e+00
 0.00000e+00
 0.00000e+00
 0.00000e+00
 0.00000e+00
 0.00000e+00
 0.00000e+00
 0.00000e+00
 0.00000e+00
 0.00000e+00
 0.00000e+00
 0.00000e+00
 0.00000e+00
 0.00000e+00
 0.00000e+00
 0.00000e+00
 0.00000e+00
 0.00000e+00
 0.00000e+00
 0.00000e+00
 0.00000e+00
 0.00000e+00
 0.00000e+00
 0.00000e+00
 0.00000e+00
 0.00000e+00
 0.00000e+00
 0.00000e+00
 0.00000e+00
 0.00000e+00
 0.00000e+00
 0.00000e+00
 0.00000e+00
 0.00000e+00
 0.00000e+00
 0.00000e+00
 0.00000e+00
 0.00000e+00
 0.00000e+00
 0.00000e+00
 0.00000e+00
 0.00000e+00
 0.00000e+00
 0.00000e+00
 0.00000e+00
 0.00000e+00
 0.00000e+00
 0.00000e+00
 0.00000e+00
 0.00000e+00
 0.00000e+00
 0.00000e+00
 0.00000e+00
 0.00000e+00
 0.00000e+00
 0.00000e+00
 0.00000e+00
 0.00000e+00
 0.00000e+00
 0.00000e+00
 0.00000e+00
 0.00000e+00
 0.00000e+00
 0.00000e+00
 0.00000e+00
 0.00000e+00
 0.00000e+00
 0.00000e+00
 0.00000e+00
 0.00000e+00
 0.00000e+00
 0.00000e+00
 0.00000e+00
 0.00000e+00
 0.00000e+00
 0.00000e+00
 0.00000e+00
 0.00000e+00
 0.00000e+00
 0.00000e+00
 0.00000e+00
 0.00000e+00
 0.00000e+00
 0.00000e+00
 0.00000e+00
 0.00000e+00
 0.00000e+00
 0.00000e+00
 0.00000e+00
 0.00000e+00
 0.00000e+00
 0.00000e+00
 0.00000e+00
 0.00000e+00
 0.00000e+00
 0.00000e+00
 0.00000e+00
 0.00000e+00
 0.00000e+00
 0.00000e+00
 0.00000e+00
 0.00000e+00
 0.00000e+00
 0.00000e+00
 0.00000e+00
 0.00000e+00
 0.00000e+00
 0.00000e+00
 0.00000e+00
 0.00000e+00
 0.00000e+00
 0.00000e+00
 0.00000e+00
 0.00000e+00
 0.00000e+00
 0.00000e+00
 0.00000e+00
 0.00000e+00
 0.00000e+00
 0.00000e+00
 0.00000e+00
 0.00000e+00
 0.00000e+00
 0.00000e+00
 0.00000e+00
 0.00000e+00
 0.00000e+00
 0.00000e+00
 0.00000e+00
 0.00000e+00
 0.00000e+00
 0.00000e+00
 0.00000e+00
 0.00000e+00
 0.00000e+00
 0.00000e+00
 0.00000e+00
 0.00000e+00
 0.00000e+00
 0.00000e+00
 0.00000e+00
 0.00000e+00
 0.00000e+00
 0.00000e+00
 0.00000e+00
 0.00000e+00
 0.00000e+00
 0.00000e+00
 0.00000e+00
 0.00000e+00
 0.00000e+00
 0.00000e+00
 0.00000e+00
 0.00000e+00
 0.00000e+00
 0.00000e+00
 0.00000e+00
 0.00000e+00
 0.00000e+00
 0.00000e+00
 0.00000e+00
 0.00000e+00
 0.00000e+00
 0.00000e+00
 0.00000e+00
 0.00000e+00
 0.00000e+00
 0.00000e+00
 0.00000e+00
 0.00000e+00
 0.00000e+00
 0.00000e+00
 0.00000e+00
 0.00000e+00
 0.00000e+00
 0.00000e+00
 0.00000e+00
 0.00000e+00
 0.00000e+00
 0.00000e+00
 0.00000e+00
 0.00000e+00
 0.00000e+00
 0.00000e+00
 0.00000e+00
 0.00000e+00
 0.00000e+00
 0.00000e+00
 0.00000e+00
 0.00000e+00
 0.00000e+00
 0.00000e+00
 0.00000e+00
 0.00000e+00
 0.00000e+00
 0.00000e+00
 0.00000e+00
 0.00000e+00
 0.00000e+00
 0.00000e+00
 0.00000e+00
 0.00000e+00
 0.00000e+00
 0.00000e+00
 0.00000e+00
 0.00000e+00
 0.00000e+00
 0.00000e+00
 0.00000e+00
 0.00000e+00
 0.00000e+00
 0.00000e+00
 0.00000e+00
 0.00000e+00
 0.00000e+00
 0.00000e+00
 0.00000e+00
 0.00000e+00
 0.00000e+00
 0.00000e+00
 0.00000e+00
 0.00000e+00
 0.00000e+00
 0.00000e+00
 0.00000e+00
 0.00000e+00
 0.00000e+00
 0.00000e+00
 0.00000e+00
 0.00000e+00
 0.00000e+00
 0.00000e+00
 0.00000e+00
 0.00000e+00
 0.00000e+00
 0.00000e+00
 0.00000e+00
 0.00000e+00
 0.00000e+00
 0.00000e+00
 0.00000e+00
 0.00000e+00
 0.00000e+00
 0.00000e+00
 0.00000e+00
 0.00000e+00
 0.00000e+00
 0.00000e+00
 0.00000e+00
 0.00000e+00
 0.00000e+00
 0.00000e+00
 0.00000e+00
 0.00000e+00
 0.00000e+00
 0.00000e+00
 0.00000e+00
 0.00000e+00
 0.00000e+00
 0.00000e+00
 0.00000e+00
 0.00000e+00
 0.00000e+00
 0.00000e+00
 0.00000e+00
 0.00000e+00
 0.00000e+00
 0.00000e+00
 0.00000e+00
 0.00000e+00
 0.00000e+00
 0.00000e+00
 0.00000e+00
 0.00000e+00
 0.00000e+00
 0.00000e+00
 0.00000e+00
 0.00000e+00
 0.00000e+00
 0.00000e+00
 0.00000e+00
 0.00000e+00
 0.00000e+00
 0.00000e+00
 0.00000e+00
 0.00000e+00
 0.00000e+00
 0.00000e+00
 0.00000e+00
 0.00000e+00
 0.00000e+00
 0.00000e+00
 0.00000e+00
 0.00000e+00
 0.00000e+00
 0.00000e+00
 0.00000e+00
 0.00000e+00
 0.00000e+00
 0.00000e+00
 0.00000e+00
 0.00000e+00
 0.00000e+00
 0.00000e+00
 0.00000e+00
 0.00000e+00
 0.00000e+00
 0.00000e+00
 0.00000e+00
 0.00000e+00
 0.00000e+00
 0.00000e+00
 0.00000e+00
 0.00000e+00
 0.00000e+00
 0.00000e+00
 0.00000e+00
 0.00000e+00
 0.00000e+00
 0.00000e+00
 0.00000e+00
 0.00000e+00
 0.00000e+00
 0.00000e+00
 0.00000e+00
 0.00000e+00
 0.00000e+00
 0.00000e+00
 0.00000e+00
 0.00000e+00
 0.00000e+00
 0.00000e+00
 0.00000e+00
 0.00000e+00
 0.00000e+00
 0.00000e+00
 0.00000e+00
 0.00000e+00
 0.00000e+00
 0.00000e+00
 0.00000e+00
 0.00000e+00
 0.00000e+00
 0.00000e+00
 0.00000e+00
 0.00000e+00
 0.00000e+00
 0.00000e+00
 0.00000e+00
 0.00000e+00
 0.00000e+00
 0.00000e+00
 0.00000e+00
 0.00000e+00
 0.00000e+00
 0.00000e+00
 0.00000e+00
 0.00000e+00
 0.00000e+00
 0.00000e+00
 0.00000e+00
 0.00000e+00
 0.00000e+00
 0.00000e+00
 0.00000e+00
 0.00000e+00
 0.00000e+00
 0.00000e+00
 0.00000e+00
 0.00000e+00
 0.00000e+00
 0.00000e+00
 0.00000e+00
 0.00000e+00
 0.00000e+00
 0.00000e+00
 0.00000e+00
 0.00000e+00
 0.00000e+00
 0.00000e+00
 0.00000e+00
 0.00000e+00
 0.00000e+00
 0.00000e+00
 0.00000e+00
 0.00000e+00
 0.00000e+00
 0.00000e+00
 0.00000e+00
 0.00000e+00
 0.00000e+00
 0.00000e+00
 0.00000e+00
 0.00000e+00
 0.00000e+00
 0.00000e+00
 0.00000e+00
 0.00000e+00
 0.00000e+00
 0.00000e+00
 0.00000e+00
 0.00000e+00
 0.00000e+00
 0.00000e+00
 0.00000e+00
 0.00000e+00
 0.00000e+00
 0.00000e+00
 0.00000e+00
 0.00000e+00
 0.00000e+00
 0.00000e+00
 0.00000e+00
 0.00000e+00
 0.00000e+00
 0.00000e+00
 0.00000e+00
 0.00000e+00
 0.00000e+00
 0.00000e+00
 0.00000e+00
 0.00000e+00
 0.00000e+00
 0.00000e+00
 0.00000e+00
 0.00000e+00
 0.00000e+00
 0.00000e+00
 0.00000e+00
 0.00000e+00
 0.00000e+00
 0.00000e+00
 0.00000e+00
 0.00000e+00
 0.00000e+00
 0.00000e+00
 0.00000e+00
 0.00000e+00
 0.00000e+00
 0.00000e+00
 0.00000e+00
 0.00000e+00
 0.00000e+00
 0.00000e+00
 0.00000e+00
 0.00000e+00
 0.00000e+00
 0.00000e+00
 0.00000e+00
 0.00000e+00
 0.00000e+00
 0.00000e+00
 0.00000e+00
 0.00000e+00
 0.00000e+00
 0.00000e+00
 0.00000e+00
 0.00000e+00
 0.00000e+00
 0.00000e+00
 0.00000e+00
 0.00000e+00
 0.00000e+00
 0.00000e+00
 0.00000e+00
 0.00000e+00
 0.00000e+00
 0.00000e+00
 0.00000e+00
 0.00000e+00
 0.00000e+00
 0.00000e+00
 0.00000e+00
 0.00000e+00
 0.00000e+00
 0.00000e+00
 0.00000e+00
 0.00000e+00
 0.00000e+00
 0.00000e+00
 0.00000e+00
 0.00000e+00
 0.00000e+00
 0.00000e+00
 0.00000e+00
 0.00000e+00
 0.00000e+00
 0.00000e+00
 0.00000e+00
 0.00000e+00
-1.31748e-15
 3.81933e-16
-6.88150e-16
-7.18234e-16
 2.90218e-15
-5.46166e-15
-7.73414e-16
 7.79741e-17
-1.48920e-16
-8.33037e-16
 3.22395e-15
-3.98362e-15
-1.12935e-15
-2.64082e-16
 5.36595e-16
-9.78523e-16
 2.51370e-15
-3.29411e-15
-8.20409e-16
-1.59653e-16
 9.82232e-16
-5.70147e-16
 3.09169e-15
-3.51562e-15
-2.52773e-15
-2.68164e-15
-2.24927e-15
-2.84029e-15
 8.78618e-16
-3.06524e-15
 3.45155e-15
 3.30970e-15
 4.43525e-15
 2.33725e-15
 5.26598e-15
-2.54521e-16
-3.05986e-15
-1.89685e-15
-1.04102e-15
-2.42394e-15
 2.42985e-15
-5.51871e-15
-9.34354e-17
 1.85808e-16
 2.02094e-15
 1.91175e-16
 3.65526e-15
-1.87974e-15
-4.25626e-15
-4.05288e-15
-3.62734e-15
-3.97704e-15
 1.70559e-16
-4.94648e-15
 4.62620e-15
 4.65009e-15
 5.64227e-15
 3.87642e-15
 4.26252e-15
-3.72204e-15
-4.22243e-15
-4.70984e-15
-4.13984e-15
-4.27360e-15
 1.28038e-15
-4.32531e-15
 3.14525e-15
 4.44791e-15
 5.06867e-15
 2.92865e-15
 6.76412e-15
-3.14681e-16
-8.69523e-16
-6.91336e-16
 1.52609e-15
-9.62451e-16
 6.34618e-16
-7.41694e-15
-7.48436e-16
-1.84199e-15
-8.84171e-16
-1.37832e-15
 1.74505e-15
-5.99775e-15
-7.79456e-16
-1.69876e-15
-1.52335e-15
-4.95029e-16
 2.82729e-15
-7.24636e-15
-1.52181e-15
-5.28127e-16
-5.66016e-16
-2.35411e-15
 2.08606e-15
-4.39287e-15
-8.43731e-16
 1.31922e-16
-8.14522e-16
-5.19669e-16
 3.81718e-15
-4.99631e-15
-6.40984e-15
-6.44802e-15
-5.97727e-15
-6.00203e-15
-5.90366e-15
-1.16227e-14
 6.98698e-15
 6.56957e-15
 6.37259e-15
 7.16782e-15
 7.30672e-15
 3.76997e-16
-2.17361e-15
 3.89874e-16
-2.79480e-16
-7.11091e-16
 4.86462e-15
-4.47736e-15
-7.68969e-15
-5.32127e-15
-6.00747e-15
-6.64815e-15
-3.08609e-15
-7.85406e-15
 4.62951e-15
 4.60021e-15
 4.30981e-15
 4.93258e-15
 7.56594e-15
 5.79154e-16
-1.01365e-15
-1.08462e-15
-3.13306e-16
-1.05317e-16
 2.73277e-15
-8.83490e-15
 4.39974e-17
 1.10903e-15
 3.17018e-15
-3.10049e-16
 2.69902e-15
-3.08745e-15
-6.52792e-16
 1.19664e-15
 1.57114e-15
-1.30773e-15
 3.84993e-15
-3.00941e-15
-2.77181e-15
-5.55554e-16
-2.66597e-15
-4.03800e-15
 4.40742e-15
-3.21451e-15
 1.47452e-15
 4.78430e-16
-9.46010e-16
-2.27998e-15
 4.40076e-15
-2.84276e-15
 3.88288e-15
 9.61820e-16
-2.00363e-19
 2.81376e-16
 4.18321e-15
-5.34792e-15
-3.04959e-17
-4.45025e-16
 1.95193e-15
 1.22771e-15
 3.30202e-15
-3.69200e-15
-2.03752e-15
-3.42984e-15
-1.16162e-15
-6.39971e-16
 3.10956e-15
-2.08085e-15
-1.29725e-15
-9.80008e-16
-5.19648e-16
-3.94736e-15
 2.91562e-15
 9.91103e-16
 1.15847e-15
 1.67098e-15
 2.71468e-15
-3.31534e-16
 3.63682e-15
-1.46053e-15
-4.14116e-16
 5.62098e-16
 4.20710e-15
 2.80897e-15
 4.14981e-15
-1.94257e-15
 1.29969e-15
 1.60791e-15
 4.05254e-15
 2.10861e-15
 3.03532e-15
-3.18557e-15
-1.93120e-15
-9.43993e-16
 1.09435e-15
-1.84398e-15
-1.16860e-15
-6.00644e-15
-2.45266e-15
-2.72812e-15
-7.78440e-16
-4.72417e-15
-3.70636e-15
-5.46508e-15
-7.07705e-16
-6.35046e-16
 3.88802e-15
 3.23251e-16
-2.31124e-15
-4.09576e-15
-3.53191e-15
-1.55254e-15
 6.13609e-15
 3.97179e-15
-8.20903e-16
-5.14745e-15
-7.31713e-15
-4.30695e-15
 6.05754e-15
 4.47630e-15
 2.53883e-16
-4.13817e-15
-1.02572e-14
-4.39166e-15
 7.77526e-15
 5.63745e-15
 2.23822e-15
-1.74389e-15
-1.14396e-14
-5.84715e-15
 5.97013e-15
 5.32684e-15
 2.61198e-15
-2.44655e-15
-9.74849e-15
-5.59017e-15
 3.57908e-15
 4.44491e-15
 5.96459e-16
-6.74792e-15
-5.58997e-15
-1.45412e-15
 5.25188e-15
 1.72522e-15
-4.34980e-16
-5.70374e-15
 8.55175e-16
 1.25332e-15
 5.11241e-15
-1.87392e-15
-2.12743e-16
-2.35249e-17
 1.93875e-15
-7.85700e-17
 2.86562e-15
-2.33303e-15
-6.15825e-16
 4.45169e-17
 4.25633e-15
 4.54746e-16
 3.18705e-15
-4.31208e-16
-4.16175e-16
-3.61662e-16
 2.72533e-15
-8.21051e-16
 1.51759e-15
 4.56185e-16
 1.46649e-15
-2.41203e-16
-3.85595e-15
-4.27025e-15
-4.05179e-16
 1.52046e-16
 2.80770e-15
 3.09876e-16
-5.15785e-15
-4.36016e-15
-1.28100e-16
-7.50255e-16
 2.65547e-15
 1.61905e-15
-2.97033e-15
-3.01633e-15
 1.61199e-15
-4.44845e-16
 1.59563e-15
 1.99126e-15
-2.42790e-15
-2.06284e-15
 6.02557e-15
 1.19618e-15
-1.51569e-15
 1.63247e-15
-3.88197e-15
-1.19971e-15
 9.83141e-15
 3.15559e-15
-1.51181e-15
 1.80424e-15
-6.77068e-15
-1.57076e-15
 7.40612e-15
 8.12778e-16
-4.50076e-16
 2.54216e-15
-1.15796e-14
-3.68416e-15
 1.16519e-15
-6.31701e-15
-2.51628e-16
 5.20612e-15
-1.78654e-14
-5.42444e-15
 3.56939e-16
-1.19137e-14
-1.55389e-15
 8.15583e-15
-1.75697e-14
-4.09584e-15
 2.94037e-15
-1.29411e-14
-4.40514e-15
 9.12743e-15
-1.34995e-14
-2.18271e-15
 8.88358e-15
-1.04458e-14
-5.47353e-15
 1.07887e-14
-9.33690e-15
-3.49483e-15
 9.93124e-15
-6.05469e-15
-7.03302e-15
 1.13114e-14
-6.59242e-15
-7.58011e-15
 8.64311e-15
-3.11209e-15
-7.28810e-15
 1.20011e-14
-3.99539e-15
-9.63552e-15
 8.05993e-15
-1.07687e-15
-6.84872e-15
 1.37729e-14
-3.38677e-15
-9.81946e-15
 8.64688e-15
-7.78082e-16
-6.94142e-15
 1.65150e-14
-3.03243e-15
-9.53409e-15
 8.72171e-15
-1.53467e-15
-7.93050e-15
 1.69431e-14
-3.59239e-15
-8.71831e-15
 8.77677e-15
-3.45222e-15
-9.89678e-15
 1.54638e-14
-6.61337e-15
-6.64652e-15
 9.52567e-15
-6.29073e-15
-1.17980e-14
 1.16323e-14
-1.09070e-14
-2.84675e-15
 9.73955e-15
-1.03964e-14
-1.13593e-14
 1.08983e-14
-1.09469e-14
 4.57933e-16
 7.81967e-15
-1.37938e-14
-8.79464e-15
 1.19149e-14
-7.91403e-15
 3.18696e-15
 4.23712e-15
-1.38744e-14
-5.35474e-15
 1.08222e-14
-1.97385e-15
 6.52901e-15
 2.89931e-15
-1.12466e-14
-1.24168e-15
 6.78339e-15
 7.34285e-15
 1.07725e-14
 4.45076e-16
-6.82212e-15
 5.29518e-15
 1.99949e-15
 1.12309e-14
 1.51828e-14
 6.31342e-17
-3.48020e-15
 8.81782e-15
 2.38734e-16
 3.65383e-15
 9.79418e-15
 1.62152e-15
 1.54381e-17
 8.95860e-15
 3.08356e-15
-3.88122e-15
-4.41246e-15
 1.11384e-15
 6.36587e-15
 9.98901e-15
 1.00980e-14
-5.10673e-15
-7.12769e-15
 8.82771e-16
 6.57254e-15
 7.79580e-15
 8.39272e-15
-4.51919e-15
-4.51508e-15
 5.87448e-16
 2.92712e-15
 2.83181e-15
 1.19195e-15
-4.19152e-15
-3.86004e-15
-3.11566e-15
-1.96993e-15
 1.29605e-15
-4.36421e-15
 2.80630e-15
 1.31796e-17
-3.91827e-15
-8.85367e-16
 2.49369e-15
-5.26469e-15
 4.71242e-15
 7.23338e-16
-5.14974e-15
-3.23626e-15
 7.32987e-17
-7.86004e-15
 1.73992e-15
-1.78229e-15
-7.76559e-15
-6.92690e-15
-5.33067e-15
-1.47074e-14
 4.92683e-16
-2.41991e-15
-7.36890e-15
-4.95228e-15
-3.60548e-15
-1.42892e-14
-5.27268e-16
-2.17316e-15
-5.40185e-15
-1.63754e-15
 6.85727e-16
-1.00016e-14
-5.79997e-15
-1.73654e-15
-1.87997e-15
-1.30648e-15
 1.82128e-15
-6.08395e-15
-5.41493e-15
 1.79111e-15
 2.58702e-15
 1.68766e-15
 5.40292e-15
-2.59827e-15
-1.35687e-15
 2.64592e-15
 3.47243e-15
 4.15587e-15
 3.91764e-15
-6.93630e-15
 1.08241e-16
-1.31230e-16
 1.84579e-15
 5.95413e-15
 5.76893e-16
-1.26824e-14
-2.03782e-15
-3.76870e-15
-1.24410e-15
 4.12581e-15
-4.25312e-15
-1.93787e-14
-4.05000e-15
-9.94789e-16
-4.73133e-15
-7.04644e-15
-1.24110e-14
-2.98583e-14
-4.13643e-15
-2.58898e-15
-6.32823e-15
-1.11141e-14
-1.83383e-14
-3.36071e-14
-1.70186e-15
-3.33725e-15
-5.62566e-15
-5.96173e-15
-7.98421e-15
-1.53273e-14
-1.96110e-15
-5.90200e-15
-1.20712e-15
 3.25712e-15
-1.25193e-15
-5.73584e-15
-1.09342e-14
-7.21046e-15
-4.20074e-15
-1.30655e-15
-3.71317e-15
-1.61950e-14
-8.33647e-15
-1.67550e-15
-7.36686e-16
-2.09790e-15
-8.72297e-16
-1.20270e-14
 3.04386e-15
-6.09913e-15
-4.69378e-15
 4.02636e-15
 1.38213e-15
-4.58396e-15
 2.28404e-15
 1.18345e-15
 1.72123e-16
 2.63042e-15
 4.35554e-15
-3.26454e-15
-1.96471e-14
-1.60671e-14
-1.24031e-14
-1.81628e-14
-1.84079e-14
-1.70504e-14
 4.61020e-14
 4.56607e-14
 3.73172e-14
 3.63104e-14
 3.72023e-14
 3.17021e-14
-3.05981e-14
-4.00861e-14
-4.23624e-14
-3.63810e-14
-3.68370e-14
-3.93193e-14
 4.71051e-15
 1.36363e-15
-3.80869e-15
 1.73114e-15
-1.56098e-17
-1.43753e-14
 3.29888e-14
 3.73803e-14
 3.25709e-14
 3.50205e-14
 3.58600e-14
 1.77534e-14
 8.27763e-15
 3.32798e-15
-1.75098e-15
 4.04720e-16
 5.54029e-15
 1.62118e-15
-4.25849e-14
-4.19638e-14
-4.76842e-14
-4.69894e-14
-4.07764e-14
-4.67402e-14
 4.60514e-14
 4.97023e-14
 4.80094e-14
 4.78157e-14
 4.79461e-14
 4.04583e-14
 8.73472e-16
 1.56529e-16
-3.19921e-16
-9.13481e-16
 1.95515e-15
-4.14549e-15
-1.58289e-15
-8.11699e-16
-3.77642e-16
-1.62314e-15
 1.63294e-15
-4.51558e-15
-1.61395e-15
-4.48904e-16
 2.53059e-16
-1.68801e-15
 2.05380e-15
-4.63004e-15
-2.39162e-16
-1.13193e-15
 5.31531e-16
-1.39904e-15
 1.93157e-15
-3.18235e-15
-1.42602e-15
-2.09310e-15
-3.37445e-15
-1.94131e-15
 1.88691e-15
-5.66553e-15
 3.95548e-15
 4.57455e-15
 4.94082e-15
 2.82985e-15
 5.49241e-15
-1.64563e-15
-1.53078e-15
-2.09466e-15
-1.21558e-15
-3.61765e-15
 4.93525e-16
-4.11895e-15
-9.94608e-16
-1.25848e-17
 5.22917e-16
-1.10310e-15
 4.04923e-15
-1.65336e-15
-5.54793e-15
-4.68124e-15
-4.82775e-15
-4.02921e-15
-3.05106e-16
-7.60852e-15
 4.51276e-15
 5.53640e-15
 4.88589e-15
 3.60153e-15
 4.10534e-15
-5.41243e-15
-4.61430e-15
-3.64243e-15
-3.26413e-15
-5.83590e-15
-5.74038e-16
-4.90486e-15
 4.70090e-15
 3.29426e-15
 3.89131e-15
 2.61381e-15
 4.49047e-15
 4.10334e-16
-2.12047e-15
-1.17573e-15
 3.05186e-17
-1.61351e-15
 1.31784e-15
-6.98374e-15
-1.02780e-15
 7.81966e-16
 2.95990e-16
-2.47335e-15
 3.20991e-15
-3.28238e-15
 3.38480e-16
 2.52182e-15
 1.50137e-15
-3.52869e-15
 1.93726e-15
-3.07528e-15
 2.57491e-15
 1.43890e-15
 1.84251e-15
-1.30217e-15
 1.28713e-15
-4.89984e-15
 3.10871e-16
-5.77855e-16
 1.45273e-15
 9.14812e-16
 2.94083e-15
-6.71878e-15
-8.40674e-15
-7.88348e-15
-8.00457e-15
-6.92604e-15
-4.94883e-15
-1.24932e-14
 5.73872e-15
 5.54383e-15
 6.08819e-15
 6.40310e-15
 7.76742e-15
-6.28014e-18
 1.22949e-15
-6.43414e-16
 1.26385e-15
 3.28694e-16
 2.62871e-15
-5.03921e-15
-2.10117e-15
-2.71600e-15
-4.16471e-15
-4.63463e-15
-2.86162e-15
-1.01799e-14
 4.14326e-15
 6.02110e-15
 6.74489e-15
 3.34389e-15
 6.48257e-15
 2.10519e-15
 1.71179e-15
 9.16741e-16
 1.01596e-15
-1.31579e-15
 3.87914e-15
-1.52981e-15
 1.69425e-15
 3.62723e-16
-1.37015e-15
-2.65534e-15
 2.00970e-15
-2.50440e-15
 1.34348e-15
 2.92337e-16
-1.86804e-16
-1.12707e-15
-1.10088e-15
-9.48753e-15
 5.27956e-15
-1.04931e-16
 8.70311e-16
 2.48090e-15
 2.94973e-15
-4.73463e-15
-3.66037e-16
-4.05993e-16
 2.43570e-16
-9.40284e-16
 1.92603e-15
-5.53238e-15
-7.11200e-16
-1.98895e-15
-7.17492e-16
-4.33332e-15
-1.04620e-15
-5.02747e-15
 1.86610e-15
 1.62637e-15
 7.12027e-16
-3.13255e-15
 1.09023e-15
-3.97505e-15
 7.38264e-16
 3.09228e-15
-6.65736e-16
-3.89817e-15
 2.62993e-15
-5.62989e-15
-5.07565e-17
-6.82533e-17
-2.17875e-15
-3.69607e-15
 4.21359e-16
-8.57534e-15
-2.29213e-15
-9.68382e-16
-5.88755e-16
-5.98446e-15
-2.75239e-15
-6.86844e-15
-2.20840e-15
 6.30852e-16
-4.52384e-16
-4.69047e-15
 2.56527e-16
-4.15560e-15
-3.13475e-15
-3.94942e-16
-4.51378e-16
-2.39387e-15
 3.11701e-15
-2.55474e-15
-4.49470e-15
-2.66178e-16
-2.44069e-15
-2.54410e-15
 4.17049e-15
-6.61763e-15
-8.27483e-15
-2.66580e-15
-2.67818e-15
-8.75138e-16
 3.99980e-15
-8.94968e-15
-8.58866e-15
-3.03268e-15
-1.68406e-15
-2.90399e-16
 4.86395e-15
-4.43388e-15
-5.32132e-15
-9.99133e-18
-2.01573e-15
-1.66602e-15
 6.60600e-15
-3.18071e-15
-6.41021e-15
-1.85531e-16
-1.38383e-15
-2.27327e-15
 5.42784e-15
-4.69231e-15
-4.66793e-15
-8.40770e-16
 3.10395e-17
 2.67595e-16
 5.41010e-15
-4.27387e-15
 4.49719e-16
 2.65612e-15
 1.69418e-15
 3.27360e-15
 7.32034e-15
-4.34113e-15
 1.59849e-15
 3.96212e-15
 1.24729e-15
 2.10792e-15
 8.08545e-15
-1.89220e-15
-9.93386e-16
-3.11222e-16
-1.97232e-15
 2.56925e-16
 6.15569e-15
-2.99947e-15
-4.22091e-15
-5.58611e-16
-1.97393e-15
-2.15637e-15
 1.72660e-15
-7.45772e-15
-5.61247e-15
 1.90812e-15
 2.79325e-17
-5.43091e-15
 6.76985e-16
-6.86598e-15
-9.60378e-15
 5.96357e-17
-1.44607e-15
-8.67335e-15
-1.95720e-16
-6.54237e-15
-1.09894e-14
-6.58863e-16
-7.13285e-16
-8.61447e-15
-1.51712e-15
-7.03607e-15
-7.23418e-15
 2.54854e-15
 5.43368e-16
-6.15616e-15
 1.07701e-15
-6.42820e-15
-8.18595e-15
 1.28901e-15
-2.35187e-15
-6.81377e-15
 2.11149e-15
-7.53239e-15
-9.70793e-15
 1.09516e-15
-5.99343e-15
-8.30033e-15
 3.97027e-15
-7.74085e-15
-1.01527e-14
 1.22624e-15
-7.86952e-15
-1.14033e-14
 3.90439e-15
-6.15119e-15
-9.51687e-15
-3.49530e-16
-7.80068e-15
-1.27231e-14
 1.68643e-15
-2.13753e-15
-4.96178e-15
 2.22136e-16
-3.66760e-15
-9.56690e-15
-7.83315e-16
-7.10291e-16
 4.71625e-15
 3.47987e-15
 2.48873e-15
-9.37665e-16
-7.99098e-16
-1.02005e-15
 8.23051e-15
 4.02252e-15
 2.18858e-15
 3.20528e-15
 1.23913e-15
-2.62746e-15
 7.91350e-15
 3.19505e-15
-3.07624e-15
 1.90885e-15
 3.81248e-15
-5.48690e-15
 3.00426e-15
 2.72670e-15
-1.03736e-14
-2.87422e-15
 6.96549e-15
-6.17066e-15
-6.71384e-15
 3.70527e-15
-1.42855e-14
-8.93615e-15
 1.09528e-14
-6.86862e-15
-1.38788e-14
 5.11105e-15
-1.72435e-14
-1.49435e-14
 1.14279e-14
-8.35564e-15
-1.67783e-14
 5.86509e-15
-1.89485e-14
-1.81475e-14
 1.06303e-14
-1.21302e-14
-1.69634e-14
 7.12507e-15
-1.87845e-14
-1.90344e-14
 9.26566e-15
-1.55543e-14
-1.50627e-14
 9.08512e-15
-1.69415e-14
-1.85777e-14
 7.96756e-15
-1.65268e-14
-1.04576e-14
 1.17712e-14
-1.33234e-14
-1.63895e-14
 8.18514e-15
-1.50564e-14
-2.60436e-15
 1.50253e-14
-1.07777e-14
-1.56729e-14
 8.51715e-15
-9.56346e-15
 8.20573e-15
 1.84367e-14
-8.76784e-15
-1.56981e-14
 7.53594e-15
-1.04334e-15
 1.85866e-14
 1.87620e-14
-5.90963e-15
-1.43733e-14
 5.13639e-15
 2.34768e-15
 2.05321e-14
 1.66888e-14
-4.20397e-15
-1.14447e-14
 2.35958e-15
 3.06440e-15
 1.96481e-14
 1.19860e-14
-2.77681e-15
-9.88459e-15
-2.49048e-15
 3.01950e-15
 1.26206e-14
 1.76989e-15
-2.06781e-15
-7.74870e-15
-3.83528e-15
 6.54816e-15
 8.34714e-15
-2.27908e-15
 3.65027e-17
 1.16372e-15
-1.38418e-16
 9.07852e-15
 1.29272e-14
 4.94913e-15
 2.39048e-15
 3.14086e-15
 6.06575e-15
 3.84928e-15
 1.31427e-14
 1.03189e-14
 2.49400e-15
 5.75451e-17
 1.03345e-14
 4.42068e-15
 4.47752e-15
 5.84190e-15
 9.89215e-16
-3.96104e-16
 1.13230e-14
 5.11737e-15
 1.99974e-15
 3.86753e-15
 1.73462e-15
 3.84993e-15
 1.29743e-14
 2.73940e-15
 1.46306e-15
 2.12957e-15
 1.93590e-15
 4.48271e-15
 1.12660e-14
 6.56619e-16
 8.79518e-16
 3.41652e-16
 7.49144e-16
 4.16764e-16
 6.30668e-15
 2.28125e-15
 1.69894e-15
 3.73963e-16
-4.11442e-16
-5.64367e-15
 5.01812e-15
 9.97988e-15
 4.21717e-15
 2.32031e-15
 1.31721e-15
-5.39573e-15
 3.06147e-15
 9.89512e-15
 6.37398e-15
 5.00763e-15
 7.33110e-15
-1.11805e-15
 1.18044e-16
 4.41019e-15
 6.67156e-15
 4.18341e-15
 7.30333e-15
 4.89030e-15
-8.20608e-16
-4.03925e-15
 4.98203e-15
-1.75792e-16
 6.20711e-16
 2.32717e-15
-2.62005e-15
-8.07930e-15
 6.75719e-15
 1.47299e-15
 3.98654e-16
-1.26723e-15
-3.37014e-15
-5.11186e-15
 9.53807e-15
 7.17196e-15
 6.45530e-15
 1.55748e-15
 1.71836e-16
 1.78686e-15
 7.31209e-15
 7.65587e-15
 1.01670e-14
 5.56192e-15
 1.91261e-15
 1.75189e-15
 1.11211e-15
 3.54828e-15
 8.96620e-15
 3.05068e-15
-2.94827e-15
-4.10545e-15
 8.30829e-15
 6.11597e-15
 5.65538e-15
-3.45671e-15
-8.30032e-15
-7.88872e-15
 1.42291e-14
 8.86088e-15
 5.08808e-15
-2.75053e-15
-3.21992e-15
-1.75915e-15
 8.76329e-15
 6.04142e-15
 5.47865e-15
-7.38867e-16
-2.76891e-15
-3.62953e-15
 3.46549e-15
 4.36745e-15
 1.85268e-15
-4.27553e-15
-2.91207e-15
-6.04442e-15
 8.92132e-15
 3.42392e-15
 5.61779e-15
 1.74582e-15
-2.34625e-15
-3.00760e-16
 1.27937e-14
 8.19561e-15
 6.87251e-15
 4.43328e-15
 2.83244e-15
 5.26145e-16
 4.88037e-15
 1.43941e-14
 4.53811e-15
-9.58941e-15
-1.83831e-16
-3.45731e-15
 6.68018e-15
 4.32546e-15
 5.86000e-15
-4.14631e-15
-4.65559e-15
 1.28160e-15
-1.13636e-14
-1.78539e-14
-2.29881e-14
-1.63273e-14
-1.58139e-14
-2.49094e-14
 4.43439e-14
 4.13319e-14
 4.56475e-14
 4.59116e-14
 3.92742e-14
 3.92345e-14
-4.41182e-14
-3.89881e-14
-3.38045e-14
-4.26585e-14
-4.55891e-14
-4.07890e-14
 5.56213e-16
-3.03978e-15
-1.09428e-15
-4.27434e-15
-4.90102e-15
-8.82513e-16
 4.57119e-14
 4.57281e-14
 4.68106e-14
 4.23089e-14
 4.53854e-14
 4.99981e-14
-9.05358e-17
 1.01586e-14
 1.34662e-14
 3.42137e-15
 1.55857e-15
-4.58425e-16
-3.81041e-14
-4.24655e-14
-3.84849e-14
-4.84600e-14
-5.25417e-14
-4.14141e-14
 4.78338e-14
 4.43532e-14
 4.56521e-14
 4.21191e-14
 4.69502e-14
 5.70784e-14
-1.48405e-15
-7.82389e-16
-2.82619e-16
-1.55773e-15
 1.56724e-15
-4.84820e-15
-5.56967e-16
 2.50532e-16
-5.46244e-17
-7.28650e-16
 2.80560e-15
-5.55937e-15
 7.40537e-16
 1.25191e-16
 8.93873e-16
-1.04858e-15
 2.21981e-15
-4.92997e-15
-1.22490e-16
-7.33152e-16
 1.25525e-15
-6.80796e-16
 1.46199e-15
-5.60013e-15
-3.01944e-15
-1.82748e-15
-2.08650e-15
-3.03285e-15
 1.11289e-15
-5.02088e-15
 3.44592e-15
 3.08342e-15
 4.65668e-15
 1.74172e-15
 5.11309e-15
-4.08999e-16
-2.29260e-15
-2.85564e-15
-1.36749e-15
-2.77127e-15
 1.64752e-15
-5.66801e-15
-5.34623e-16
-1.51217e-15
-5.87128e-16
 4.46346e-17
 2.82957e-15
-3.93966e-15
-4.40159e-15
-4.56279e-15
-4.75890e-15
-3.44129e-15
-1.70236e-15
-1.08131e-14
 4.89746e-15
 3.75187e-15
 5.26941e-15
 2.88717e-15
 4.82617e-15
-1.36127e-15
-4.74974e-15
-3.99477e-15
-5.47813e-15
-5.50333e-15
 1.57614e-15
-4.39080e-15
 4.25234e-15
 5.83962e-15
 3.61894e-15
 2.41154e-15
 8.47547e-15
 1.06487e-15
 1.80565e-15
 8.12536e-17
 2.62356e-16
-2.66176e-15
-1.11585e-16
-5.95912e-15
-9.60267e-17
-1.22283e-15
-1.28811e-15
-1.86703e-15
 6.90343e-16
-4.80768e-15
-4.38378e-16
-1.46718e-15
-7.90815e-17
 8.48487e-16
 2.96302e-15
-4.27496e-15
-4.39306e-15
-1.62990e-15
 6.64785e-16
-5.94945e-16
 3.40605e-15
-2.54184e-15
 1.44434e-16
-8.61922e-16
-1.17896e-15
-1.05415e-15
 2.74582e-15
-4.13265e-15
-5.95762e-15
-6.81029e-15
-7.75382e-15
-7.26174e-15
-5.67997e-15
-7.90442e-15
 4.15856e-15
 7.53196e-15
 7.03291e-15
 6.24416e-15
 9.37886e-15
 3.31295e-15
-1.30960e-15
 8.43543e-16
 1.54490e-15
-3.33690e-16
 5.19060e-15
-3.50246e-15
-4.51319e-15
-6.64024e-15
-6.92231e-15
-4.47908e-15
-2.27945e-15
-5.10652e-15
 6.74468e-15
 5.77859e-15
 3.18842e-15
 6.54480e-15
 1.07872e-14
 2.88908e-15
-3.14421e-15
 2.43334e-16
 1.96223e-15
 1.13229e-15
 5.73672e-15
-6.37046e-15
-2.67291e-16
-1.51139e-15
 1.83300e-15
-1.72997e-16
 2.00498e-15
-2.16466e-15
-7.77262e-17
 1.26577e-15
 2.60074e-15
 1.81847e-16
 1.55582e-15
-5.58173e-15
-6.46351e-15
-6.97237e-17
-1.29501e-15
-6.38750e-15
 1.13025e-16
-6.86100e-15
 7.01124e-16
-6.25498e-16
-1.45977e-15
-4.14757e-15
-8.74200e-16
-6.21826e-15
-7.58540e-16
-3.95674e-16
-2.20317e-15
-2.87615e-15
 2.99730e-15
-4.51758e-15
 8.12620e-16
-1.55234e-16
-6.76095e-16
-2.48830e-15
 3.58132e-16
-5.39746e-15
 2.25605e-16
-3.03586e-15
 1.32456e-16
-2.19007e-15
-4.94586e-15
-8.72004e-15
-1.03057e-15
-2.05111e-15
-1.96824e-15
-1.93177e-15
-4.14838e-18
-4.98228e-15
 1.83159e-16
-6.89422e-16
-2.71536e-15
 1.00604e-15
 5.73974e-15
-3.70225e-15
 2.56315e-15
 1.40021e-16
 2.63007e-16
 1.21306e-15
 2.49545e-15
-4.22666e-15
 7.02543e-15
 3.80799e-15
 4.22843e-15
 2.53013e-15
 2.38750e-15
-4.39394e-15
 3.61640e-15
-2.29423e-15
 9.33291e-16
 6.76646e-16
-1.50344e-15
-5.40914e-15
 3.20370e-15
-4.27324e-15
-2.97291e-15
-3.21302e-15
-2.73267e-15
-2.56383e-15
 6.97726e-15
-1.27579e-16
-2.06613e-15
-1.65208e-16
 1.84283e-15
-1.37067e-15
 3.24232e-15
-1.92914e-15
 4.77251e-16
 8.36686e-16
 2.41084e-15
 1.19377e-15
 5.05351e-15
-5.82748e-16
 8.34093e-16
 8.85754e-16
 3.59307e-15
 2.91952e-15
 5.36969e-15
 6.44007e-16
 1.66143e-16
-2.23118e-16
 3.46311e-15
 2.05489e-15
-1.11428e-15
-3.51938e-15
-7.51036e-16
-3.63421e-15
-1.15111e-15
 1.65091e-16
-3.76090e-15
-7.09831e-15
-2.38908e-15
-4.99391e-15
-1.91602e-15
 1.03583e-15
 1.91618e-15
-3.88882e-15
-4.26768e-15
-4.79849e-15
 2.62734e-15
 9.46471e-15
 8.12666e-15
-1.40574e-15
-5.42600e-15
-2.22061e-15
 9.30920e-15
 1.10685e-14
 7.56796e-15
-1.93225e-15
-5.16873e-15
 1.04263e-15
 8.69936e-15
 6.41550e-15
 1.12471e-14
 7.63809e-16
-2.30847e-15
 4.85748e-15
 7.25980e-15
 1.60309e-15
 9.64725e-15
 9.13363e-17
-2.45644e-15
 4.89579e-15
 6.08749e-15
-2.40241e-15
 3.12872e-15
-4.59101e-15
-2.63846e-15
 4.05205e-15
 3.59511e-15
-2.14907e-15
 3.21898e-15
-5.48117e-15
-5.86751e-16
 4.81903e-15
 1.87434e-15
-9.19125e-16
 8.41495e-15
-4.49211e-15
 2.05069e-15
 5.63350e-15
 1.28040e-15
 3.42074e-15
 1.96104e-14
-5.95701e-16
 1.86020e-15
 6.18498e-15
 3.68455e-15
 9.74905e-15
 2.24841e-14
 4.02908e-15
-4.15879e-16
 5.85405e-15
 7.00712e-15
 8.76040e-15
 1.60340e-14
 2.58302e-15
-4.17575e-15
 3.40524e-15
 7.29547e-15
 3.35547e-15
 5.25815e-15
 2.05188e-17
-4.73396e-15
 2.96297e-15
 8.33810e-15
 7.57394e-16
 4.57413e-15
 4.84763e-17
-3.64186e-15
 3.61405e-15
 8.31460e-15
 8.67445e-16
 8.45736e-15
 2.23771e-16
-1.33019e-15
 5.52876e-15
 6.68450e-15
 1.69168e-15
 1.75620e-14
 2.68053e-17
 2.76533e-15
 1.16655e-14
 6.07857e-15
 5.40685e-15
 2.63205e-14
-7.41824e-16
 6.11667e-15
 1.65213e-14
 4.31246e-15
 8.48518e-15
 2.88676e-14
-1.71840e-15
 8.11335e-15
 1.85325e-14
 2.04386e-15
 8.35100e-15
 2.76429e-14
-3.23494e-15
 9.80708e-15
 2.13503e-14
 1.31838e-15
 5.78133e-15
 2.57604e-14
-4.87150e-15
 9.46437e-15
 2.16082e-14
 5.80927e-16
 4.67583e-15
 2.56727e-14
-5.29497e-15
 6.38168e-15
 1.83107e-14
-1.35651e-15
 4.26443e-15
 2.42214e-14
-7.18362e-15
 2.00800e-15
 1.42345e-14
-1.52542e-15
 4.53350e-15
 2.21403e-14
-7.24740e-15
-1.69999e-16
 1.37629e-14
 1.86843e-16
 5.18186e-15
 2.15547e-14
-5.15792e-15
-1.19769e-15
 1.33109e-14
 3.91473e-15
 6.20007e-15
 2.02447e-14
-1.25114e-15
-1.44963e-15
 1.04008e-14
 5.56148e-15
 5.94649e-15
 1.61035e-14
 2.26262e-15
-6.45009e-16
 6.45863e-15
 5.68748e-15
 4.76206e-15
 5.85972e-15
 5.12476e-15
 2.26931e-15
 6.34647e-15
 9.26550e-15
 3.95851e-15
 7.54787e-16
 1.07979e-14
 6.71987e-15
 6.27621e-15
 1.14673e-14
-6.39391e-16
-2.03506e-15
 1.10887e-14
 8.05588e-15
 3.11363e-15
 1.05088e-14
 5.18968e-16
-7.34813e-15
 3.38636e-15
 6.54202e-15
-7.52731e-16
 8.46358e-15
 9.66571e-15
-5.61350e-15
 9.67483e-16
 7.42570e-15
 2.66570e-15
 9.87581e-15
 1.35003e-14
-1.60345e-15
-3.17347e-16
 5.46144e-15
 3.48128e-15
 8.77070e-15
 1.03033e-14
-1.42168e-15
-4.66311e-15
-3.32019e-15
-3.84849e-16
 5.06714e-15
 4.92743e-15
-7.54204e-16
-6.15258e-15
-6.63794e-15
-1.95523e-15
 4.98273e-15
 4.94681e-15
-1.61401e-15
-4.78440e-15
-4.03322e-15
 7.11335e-16
 8.93866e-15
 7.70889e-15
-5.22288e-15
-2.72585e-15
-1.53689e-15
 8.82575e-16
 9.88362e-15
 5.30197e-15
-6.39588e-15
-4.28695e-16
-2.00346e-15
-6.58553e-16
 8.83132e-15
 1.03784e-15
-8.16217e-15
 6.99687e-16
-1.75501e-15
-3.69477e-15
 7.09181e-15
 1.42114e-15
-9.85143e-15
 9.76045e-16
 2.57532e-15
-6.39363e-15
 1.60477e-15
 9.25244e-16
-6.86062e-15
 1.51655e-15
 2.95944e-15
-6.26396e-15
-2.31416e-15
-2.65669e-15
-1.40067e-16
 1.05128e-15
-1.89947e-15
-5.40865e-15
-1.78277e-15
-5.51789e-15
-2.43691e-15
-1.24209e-15
-5.08350e-15
-5.38422e-15
 3.76739e-16
-4.35999e-15
-2.54529e-15
 4.81773e-15
 2.38458e-15
-4.73618e-15
 3.90345e-15
 2.03429e-15
 1.35047e-15
 1.10904e-14
 3.79377e-15
-9.10607e-15
 4.12813e-15
 7.35863e-15
 2.35834e-15
 9.53727e-15
 1.30987e-15
-8.04131e-15
 5.91703e-15
 5.94088e-15
 4.90669e-15
 9.16974e-15
 4.06246e-15
-6.98908e-16
 3.62506e-15
-4.00101e-15
 7.96232e-15
 1.10281e-14
 3.39170e-15
-2.14580e-15
 4.52783e-15
-2.46496e-15
 1.32101e-14
 1.04383e-14
-1.08123e-15
-8.32336e-15
-9.13399e-16
-4.20273e-15
 5.15238e-15
 1.16676e-14
-3.13026e-15
-1.19987e-14
 3.07745e-15
-1.13548e-15
 3.44456e-15
 8.24298e-15
 4.63850e-15
 1.52072e-15
 1.05613e-14
 6.45217e-15
-1.13516e-15
-4.60134e-15
-1.16116e-15
 6.29407e-15
 9.11027e-15
 2.01864e-15
-1.53839e-15
 1.02962e-14
-6.15159e-16
-1.58296e-15
 6.64622e-15
-1.40117e-14
-1.94497e-14
-1.34408e-14
-1.07548e-14
-2.59810e-14
-2.33029e-14
-1.05317e-14
 3.92450e-14
 4.41836e-14
 4.22322e-14
 3.56531e-14
 4.10287e-14
 4.58362e-14
-4.14848e-14
-3.63509e-14
-4.25383e-14
-4.30475e-14
-3.50291e-14
-4.18696e-14
-4.73553e-15
 4.58917e-15
 1.63074e-15
-9.02118e-16
 4.03309e-15
-6.15044e-15
 3.64619e-14
 3.59764e-14
 4.04337e-14
 4.22779e-14
 3.65729e-14
 3.07719e-14
 2.03341e-15
-3.17585e-15
-3.07499e-15
-3.73436e-16
 1.14412e-15
 1.99022e-15
-4.99448e-14
-4.61591e-14
-5.28250e-14
-4.48170e-14
-3.85332e-14
-5.49536e-14
 5.23366e-14
 4.40464e-14
 4.79430e-14
 5.64759e-14
 4.84645e-14
 4.11907e-14
 1.65130e-15
 1.60520e-15
 7.66377e-16
-2.16312e-15
 1.56523e-15
-6.32307e-15
 1.07514e-15
 4.64459e-16
 1.18455e-15
-1.82419e-15
 1.24990e-15
-5.65075e-15
 9.09040e-16
 2.00011e-15
 2.24072e-15
-1.26651e-15
 1.94356e-15
-5.73600e-15
 8.52466e-16
 1.29606e-15
 1.78073e-15
-6.80143e-16
 3.23971e-15
-4.43955e-15
-1.21183e-15
-2.25371e-15
-2.71307e-15
-2.78731e-15
 5.49932e-16
-6.99555e-15
 3.54380e-15
 3.21484e-15
 3.36468e-15
 2.04987e-15
 4.10651e-15
-2.91208e-15
-1.27527e-15
-2.07921e-15
-2.04763e-15
-3.38568e-15
 1.40834e-15
-5.55179e-15
 1.34948e-15
 1.24497e-15
 1.08602e-15
-2.53063e-15
 3.30478e-15
-5.14510e-15
-3.94065e-15
-3.87800e-15
-3.39639e-15
-5.16799e-15
-5.53209e-17
-6.96160e-15
 4.97162e-15
 5.86416e-15
 4.68139e-15
 2.36338e-15
 3.99657e-15
-5.31383e-15
-2.60777e-15
-4.15358e-15
-4.18121e-15
-5.13026e-15
 3.84644e-16
-3.99220e-15
 5.25144e-15
 4.09471e-15
 4.30010e-15
 3.75810e-15
 4.96284e-15
-2.51029e-15
-1.40203e-15
 1.04501e-15
 1.04994e-15
-4.18135e-16
 2.36936e-15
-8.49133e-15
 2.80732e-16
 2.55078e-16
 1.54393e-15
 6.32723e-17
 3.65366e-15
-6.05006e-15
 3.88313e-16
 7.85507e-16
 9.06958e-16
-2.03169e-15
 2.45818e-15
-5.15402e-15
 9.75430e-16
 1.61354e-16
 1.04745e-15
-2.97311e-15
 1.53992e-15
-3.16127e-15
-4.21842e-16
 9.87586e-16
 9.18705e-16
-6.65321e-16
 4.82011e-15
-3.49311e-15
-8.76715e-15
-7.83253e-15
-7.53967e-15
-9.07587e-15
-4.10525e-15
-9.08152e-15
 9.13200e-15
 6.77671e-15
 6.00262e-15
 5.69504e-15
 8.03411e-15
 4.47291e-15
 9.89779e-16
-3.16325e-16
-1.25324e-15
-1.21394e-16
 4.26755e-15
-4.84291e-15
-4.91264e-15
-4.80629e-15
-5.07596e-15
-7.38208e-15
-4.20569e-15
-9.89492e-15
 4.13164e-15
 4.28826e-15
 4.71181e-15
 2.62102e-15
 4.86437e-15
 2.49950e-15
 2.07904e-15
-9.94526e-17
-2.19240e-15
-3.69090e-15
 1.02087e-16
-5.27549e-15
-1.68778e-15
-1.97796e-16
-2.55223e-15
-4.75107e-15
 1.84356e-15
-5.08835e-15
 7.36036e-16
-1.44072e-16
-2.83475e-15
-4.94780e-15
 1.11977e-15
-5.57076e-15
 4.81962e-15
 1.50976e-17
 1.06832e-15
-8.07018e-16
-3.99409e-16
-7.43144e-15
 1.48426e-15
 2.65227e-15
 1.82516e-15
-1.59374e-15
 3.20228e-16
-1.17876e-14
-1.83652e-15
-1.72886e-16
 1.17875e-15
-1.94048e-15
-2.87388e-16
-8.87601e-15
-8.32192e-16
 4.43721e-17
 3.67234e-15
 2.35167e-15
 3.52484e-15
-3.57919e-15
-2.15986e-15
 9.70299e-16
 3.08175e-15
 1.95444e-15
 5.23421e-15
-4.66454e-15
-2.09817e-15
 1.13684e-16
 3.15304e-15
 1.31085e-15
 4.31983e-15
-3.68364e-15
 1.30050e-15
 1.76943e-15
 4.63572e-15
 2.86166e-15
 4.22157e-15
-1.25897e-15
 3.38892e-16
 1.99402e-15
 1.85191e-15
 7.10336e-16
 4.08689e-15
-2.29841e-15
-2.73107e-15
-3.82526e-16
-1.05788e-15
-3.18801e-15
 1.82146e-15
-5.11576e-15
-2.88478e-15
-4.63932e-16
-4.40794e-15
-8.74662e-15
-2.21823e-15
-8.68753e-15
-4.07572e-15
 1.89246e-16
-3.90427e-15
-7.18326e-15
-2.07575e-15
-1.18092e-14
-4.55738e-15
 5.58150e-16
 4.70565e-16
-1.43099e-15
-8.17371e-16
-1.12666e-14
-1.67817e-15
 1.61816e-15
 7.38150e-16
 1.54209e-16
-1.00377e-15
-1.28138e-14
-2.52918e-15
 1.15950e-15
-1.58657e-16
-3.34484e-17
-8.77494e-16
-1.37684e-14
-1.74159e-15
 1.60225e-15
 3.33845e-16
 1.34287e-15
 1.15902e-15
-1.20185e-14
 2.85743e-15
 4.72187e-15
-1.90720e-16
 3.41730e-15
 6.73936e-15
-7.95527e-15
 2.95166e-15
 4.64497e-15
 9.48204e-17
 5.24573e-15
 6.65571e-15
-9.27740e-15
-2.86768e-15
 1.04779e-15
 9.19672e-16
 6.10911e-15
 5.05246e-15
-1.37035e-14
-8.48763e-15
-1.39446e-15
 8.83995e-16
 3.52971e-15
 2.08558e-15
-1.35183e-14
-9.69047e-15
-3.23067e-15
 3.10208e-16
 2.69587e-15
 3.06856e-15
-9.99137e-15
-1.20928e-14
-5.67271e-15
 2.55836e-16
 3.18235e-15
 3.70391e-15
-7.81375e-15
-1.04957e-14
-4.82248e-15
 1.87786e-17
 1.51083e-15
 3.76351e-15
-4.02532e-15
-2.30320e-15
-2.34877e-16
-1.18910e-16
 2.88616e-16
 4.30671e-15
-1.24839e-15
-1.42141e-15
 1.48632e-15
-5.45770e-16
-4.48815e-16
 5.19596e-15
-9.68092e-16
-4.25873e-15
 2.26995e-15
 1.02196e-15
 1.53349e-15
 7.93770e-15
-3.12523e-15
-1.33158e-14
-9.27635e-16
 3.29366e-15
 7.49458e-15
 7.56911e-15
-1.06634e-14
-1.89300e-14
-4.80071e-15
 4.74932e-15
 9.13575e-15
 4.40537e-15
-1.51753e-14
-1.66876e-14
-3.40221e-15
 6.85463e-15
 7.25475e-15
 1.32405e-15
-1.36855e-14
-9.72636e-15
 1.68788e-15
 1.09750e-14
 5.56805e-15
 1.07229e-16
-9.23862e-15
-8.43415e-15
 3.11176e-15
 1.18471e-14
 5.46210e-15
 9.08067e-16
-5.78282e-15
-1.33457e-14
 2.10873e-16
 9.03712e-15
 4.12048e-15
 9.89305e-16
-6.72984e-15
-2.31337e-14
-4.29958e-15
 4.76842e-15
 2.83527e-16
 1.16970e-16
-9.70674e-15
-2.97924e-14
-5.52183e-15
 4.37068e-15
-4.22797e-16
 3.97031e-16
-1.20884e-14
-3.13959e-14
-5.57298e-15
 4.97212e-15
 7.59798e-16
 1.65058e-15
-1.18856e-14
-2.90707e-14
-3.91539e-15
 6.50291e-15
 2.56859e-15
 2.05059e-15
-1.21496e-14
-2.42356e-14
 6.20276e-16
 9.38274e-15
 4.27097e-15
 3.59917e-15
-1.14538e-14
-2.39502e-14
 3.20137e-15
 1.32846e-14
 5.99312e-15
 4.36078e-15
-1.15011e-14
-2.48069e-14
 4.16340e-15
 1.50460e-14
 8.05064e-15
 4.76198e-15
-1.27649e-14
-2.63221e-14
 3.01877e-15
 1.44483e-14
 9.02237e-15
 3.88068e-15
-1.69716e-14
-3.03339e-14
-1.16896e-15
 1.36597e-14
 1.09212e-14
 1.73065e-15
-2.26716e-14
-3.10946e-14
-6.09732e-15
 1.30471e-14
 1.40889e-14
-8.46825e-16
-2.47505e-14
-2.90218e-14
-9.70006e-15
 1.05120e-14
 1.39014e-14
-1.16313e-15
-2.36007e-14
-2.21018e-14
-1.23555e-14
 5.20080e-15
 1.09118e-14
-1.78160e-15
-1.81500e-14
-1.23061e-14
-1.38504e-14
-1.68233e-15
 4.72702e-15
-1.18008e-15
-5.91499e-15
-6.82158e-16
-1.17402e-14
-7.43116e-15
 4.75607e-15
 2.06817e-15
-5.39899e-15
-6.83386e-16
-8.78729e-15
-9.93403e-15
 2.94724e-15
 3.00091e-16
-1.40788e-14
-5.94739e-15
-9.08198e-15
-8.28837e-15
-8.25143e-16
-5.31445e-15
-2.07722e-14
-1.23622e-14
-9.25553e-15
-4.96276e-15
-5.59115e-16
-5.29149e-15
-2.02338e-14
-1.19032e-14
-6.03086e-15
 2.31123e-15
 4.39397e-15
 2.79438e-15
-8.70283e-15
-1.12966e-14
-2.37747e-15
 3.55254e-15
 5.11871e-15
 9.56121e-15
 4.89062e-16
-1.05368e-14
-1.63306e-15
 5.07583e-15
 5.82982e-15
 7.60307e-15
-2.26065e-15
-5.93855e-15
-2.28169e-15
 5.23086e-15
 8.39558e-15
 5.42168e-15
-5.00046e-15
 1.97840e-15
-1.96823e-15
 3.17458e-15
 8.27640e-15
 3.36357e-15
-5.85588e-15
 1.20772e-14
 5.39024e-16
-1.94076e-16
 6.91297e-15
 3.24631e-15
-5.93806e-15
 1.65875e-14
 4.19463e-15
-5.12848e-15
 3.05664e-15
 4.12717e-15
-7.46189e-15
 1.16319e-14
 2.16633e-15
-8.76125e-15
-2.06902e-15
 4.73699e-15
-5.21688e-15
 3.10012e-15
-8.98524e-16
-4.14909e-15
 9.86222e-16
 3.88371e-15
-3.32229e-15
 1.38800e-15
-1.37249e-15
-1.31283e-15
-1.56361e-15
-6.63337e-15
-1.21569e-14
 7.26681e-15
-3.24631e-15
-7.15123e-15
-3.00853e-15
-1.05163e-14
-2.16458e-14
 1.68137e-14
-1.64467e-15
-8.65873e-15
 2.09274e-15
-5.53586e-15
-2.02008e-14
 1.49246e-14
 2.15380e-15
-3.58357e-15
 2.15861e-15
-4.25668e-15
-1.54520e-14
 5.40416e-15
-1.42282e-15
-6.01435e-15
-3.73391e-15
-3.70020e-15
-9.76581e-15
 3.12393e-15
-3.77937e-15
-3.19642e-15
 1.23072e-15
 9.20053e-16
-8.08277e-16
-1.89550e-16
-2.76987e-15
 1.61697e-15
 6.86911e-15
 7.42447e-15
 4.34171e-15
-2.87321e-15
-9.22879e-15
 4.33247e-16
 6.24973e-15
-4.14958e-15
-1.09712e-14
 5.17861e-15
-8.15570e-16
 2.19158e-15
 3.84910e-15
-2.31441e-15
-6.38210e-15
-6.56371e-17
 1.46360e-15
 4.27176e-16
-2.53332e-15
-2.80662e-15
-4.89296e-15
 1.11891e-15
-9.75074e-15
 3.09572e-16
 2.87946e-15
-3.41357e-15
 1.41225e-15
-1.92804e-14
-2.44862e-14
-2.70437e-14
-1.40621e-14
-1.50727e-14
-3.15444e-14
 4.37484e-14
 3.72760e-14
 3.44111e-14
 4.24597e-14
 4.11090e-14
 3.42712e-14
-3.39008e-14
-4.34573e-14
-4.35587e-14
-4.13200e-14
-3.98336e-14
-3.53740e-14
 2.08985e-15
-7.24858e-15
-8.04376e-15
-5.64529e-15
-6.88061e-15
-6.74853e-15
 3.00244e-14
 3.35234e-14
 3.45284e-14
 3.50065e-14
 3.80241e-14
 3.22295e-14
 4.29641e-15
 1.03449e-15
-3.33739e-15
 3.37187e-15
 2.96289e-15
-1.11537e-14
-4.88471e-14
-5.00852e-14
-4.37936e-14
-4.46932e-14
-4.69401e-14
-4.67404e-14
 4.07919e-14
 5.21454e-14
 4.49893e-14
 3.85697e-14
 4.96544e-14
 4.62496e-14
 0.00000e+00
 0.00000e+00
 0.00000e+00
 0.00000e+00
 0.00000e+00
 0.00000e+00
 0.00000e+00
 0.00000e+00
 0.00000e+00
 0.00000e+00
 0.00000e+00
 0.00000e+00
 0.00000e+00
 0.00000e+00
 0.00000e+00
 0.00000e+00
 0.00000e+00
 0.00000e+00
 0.00000e+00
 0.00000e+00
 0.00000e+00
 0.00000e+00
 0.00000e+00
 0.00000e+00
 0.00000e+00
 0.00000e+00
 0.00000e+00
 0.00000e+00
 0.00000e+00
 0.00000e+00
 0.00000e+00
 0.00000e+00
 0.00000e+00
 0.00000e+00
 0.00000e+00
 0.00000e+00
 0.00000e+00
 0.00000e+00
 0.00000e+00
 0.00000e+00
 0.00000e+00
 0.00000e+00
 0.00000e+00
 0.00000e+00
 0.00000e+00
 0.00000e+00
 0.00000e+00
 0.00000e+00
 0.00000e+00
 0.00000e+00
 0.00000e+00
 0.00000e+00
 0.00000e+00
 0.00000e+00
 0.00000e+00
 0.00000e+00
 0.00000e+00
 0.00000e+00
 0.00000e+00
 0.00000e+00
 0.00000e+00
 0.00000e+00
 0.00000e+00
 0.00000e+00
 0.00000e+00
 0.00000e+00
 0.00000e+00
 0.00000e+00
 0.00000e+00
 0.00000e+00
 0.00000e+00
 0.00000e+00
 0.00000e+00
 0.00000e+00
 0.00000e+00
 0.00000e+00
 0.00000e+00
 0.00000e+00
 0.00000e+00
 0.00000e+00
 0.00000e+00
 0.00000e+00
 0.00000e+00
 0.00000e+00
 0.00000e+00
 0.00000e+00
 0.00000e+00
 0.00000e+00
 0.00000e+00
 0.00000e+00
 0.00000e+00
 0.00000e+00
 0.00000e+00
 0.00000e+00
 0.00000e+00
 0.00000e+00
 0.00000e+00
 0.00000e+00
 0.00000e+00
 0.00000e+00
 0.00000e+00
 0.00000e+00
 0.00000e+00
 0.00000e+00
 0.00000e+00
 0.00000e+00
 0.00000e+00
 0.00000e+00
 0.00000e+00
 0.00000e+00
 0.00000e+00
 0.00000e+00
 0.00000e+00
 0.00000e+00
 0.00000e+00
 0.00000e+00
 0.00000e+00
 0.00000e+00
 0.00000e+00
 0.00000e+00
 0.00000e+00
 0.00000e+00
 0.00000e+00
 0.00000e+00
 0.00000e+00
 0.00000e+00
 0.00000e+00
 0.00000e+00
 0.00000e+00
 0.00000e+00
 0.00000e+00
 0.00000e+00
 0.00000e+00
 0.00000e+00
 0.00000e+00
 0.00000e+00
 0.00000e+00
 0.00000e+00
 0.00000e+00
 0.00000e+00
 0.00000e+00
 0.00000e+00
 0.00000e+00
 0.00000e+00
 0.00000e+00
 0.00000e+00
 0.00000e+00
 0.00000e+00
 0.00000e+00
 0.00000e+00
 0.00000e+00
 0.00000e+00
 0.00000e+00
 0.00000e+00
 0.00000e+00
 0.00000e+00
 0.00000e+00
 0.00000e+00
 0.00000e+00
 0.00000e+00
 0.00000e+00
 0.00000e+00
 0.00000e+00
 0.00000e+00
 0.00000e+00
 0.00000e+00
 0.00000e+00
 0.00000e+00
 0.00000e+00
 0.00000e+00
 0.00000e+00
 0.00000e+00
 0.00000e+00
 0.00000e+00
 0.00000e+00
 0.00000e+00
 0.00000e+00
 0.00000e+00
 0.00000e+00
 0.00000e+00
 0.00000e+00
 0.00000e+00
 0.00000e+00
 0.00000e+00
 0.00000e+00
 0.00000e+00
 0.00000e+00
 0.00000e+00
 0.00000e+00
 0.00000e+00
 0.00000e+00
 0.00000e+00
 0.00000e+00
 0.00000e+00
 0.00000e+00
 0.00000e+00
 0.00000e+00
 0.00000e+00
 0.00000e+00
 0.00000e+00
 0.00000e+00
 0.00000e+00
 0.00000e+00
 0.00000e+00
 0.00000e+00
 0.00000e+00
 0.00000e+00
 0.00000e+00
 0.00000e+00
 0.00000e+00
 0.00000e+00
 0.00000e+00
 0.00000e+00
 0.00000e+00
 0.00000e+00
 0.00000e+00
 0.00000e+00
 0.00000e+00
 0.00000e+00
 0.00000e+00
 0.00000e+00
 0.00000e+00
 0.00000e+00
 0.00000e+00
 0.00000e+00
 0.00000e+00
 0.00000e+00
 0.00000e+00
 0.00000e+00
 0.00000e+00
 0.00000e+00
 0.00000e+00
 0.00000e+00
 0.00000e+00
 0.00000e+00
 0.00000e+00
 0.00000e+00
 0.00000e+00
 0.00000e+00
 0.00000e+00
 0.00000e+00
 0.00000e+00
 0.00000e+00
 0.00000e+00
 0.00000e+00
 0.00000e+00
 0.00000e+00
 0.00000e+00
 0.00000e+00
 0.00000e+00
 0.00000e+00
 0.00000e+00
 0.00000e+00
 0.00000e+00
 0.00000e+00
 0.00000e+00
 0.00000e+00
 0.00000e+00
 0.00000e+00
 0.00000e+00
 0.00000e+00
 0.00000e+00
 0.00000e+00
 0.00000e+00
 0.00000e+00
 0.00000e+00
 0.00000e+00
 0.00000e+00
 0.00000e+00
 0.00000e+00
 0.00000e+00
 0.00000e+00
 0.00000e+00
 0.00000e+00
 0.00000e+00
 0.00000e+00
 0.00000e+00
 0.00000e+00
 0.00000e+00
 0.00000e+00
 0.00000e+00
 0.00000e+00
 0.00000e+00
 0.00000e+00
 0.00000e+00
 0.00000e+00
 0.00000e+00
 0.00000e+00
 0.00000e+00
 0.00000e+00
 0.00000e+00
 0.00000e+00
 0.00000e+00
 0.00000e+00
 0.00000e+00
 0.00000e+00
 0.00000e+00
 0.00000e+00
 0.00000e+00
 0.00000e+00
 0.00000e+00
 0.00000e+00
 0.00000e+00
 0.00000e+00
 0.00000e+00
 0.00000e+00
 0.00000e+00
 0.00000e+00
 0.00000e+00
 0.00000e+00
 0.00000e+00
 0.00000e+00
 0.00000e+00
 0.00000e+00
 0.00000e+00
 0.00000e+00
 0.00000e+00
 0.00000e+00
 0.00000e+00
 0.00000e+00
 0.00000e+00
 0.00000e+00
 0.00000e+00
 0.00000e+00
 0.00000e+00
 0.00000e+00
 0.00000e+00
 0.00000e+00
 0.00000e+00
 0.00000e+00
 0.00000e+00
 0.00000e+00
 0.00000e+00
 0.00000e+00
 0.00000e+00
 0.00000e+00
 0.00000e+00
 0.00000e+00
 0.00000e+00
 0.00000e+00
 0.00000e+00
 0.00000e+00
 0.00000e+00
 0.00000e+00
 0.00000e+00
 0.00000e+00
 0.00000e+00
 0.00000e+00
 0.00000e+00
 0.00000e+00
 0.00000e+00
 0.00000e+00
 0.00000e+00
 0.00000e+00
 0.00000e+00
 0.00000e+00
 0.00000e+00
 0.00000e+00
 0.00000e+00
 0.00000e+00
 0.00000e+00
 0.00000e+00
 0.00000e+00
 0.00000e+00
 0.00000e+00
 0.00000e+00
 0.00000e+00
 0.00000e+00
 0.00000e+00
 0.00000e+00
 0.00000e+00
 0.00000e+00
 0.00000e+00
 0.00000e+00
 0.00000e+00
 0.00000e+00
 0.00000e+00
 0.00000e+00
 0.00000e+00
 0.00000e+00
 0.00000e+00
 0.00000e+00
 0.00000e+00
 0.00000e+00
 0.00000e+00
 0.00000e+00
 0.00000e+00
 0.00000e+00
 0.00000e+00
 0.00000e+00
 0.00000e+00
 0.00000e+00
 0.00000e+00
 0.00000e+00
 0.00000e+00
 0.00000e+00
 0.00000e+00
 0.00000e+00
 0.00000e+00
 0.00000e+00
 0.00000e+00
 0.00000e+00
 0.00000e+00
 0.00000e+00
 0.00000e+00
 0.00000e+00
 0.00000e+00
 0.00000e+00
 0.00000e+00
 0.00000e+00
 0.00000e+00
 0.00000e+00
 0.00000e+00
 0.00000e+00
 0.00000e+00
 0.00000e+00
 0.00000e+00
 0.00000e+00
 0.00000e+00
 0.00000e+00
 0.00000e+00
 0.00000e+00
 0.00000e+00
 0.00000e+00
 0.00000e+00
 0.00000e+00
 0.00000e+00
 0.00000e+00
 0.00000e+00
 0.00000e+00
 0.00000e+00
 0.00000e+00
 0.00000e+00
 0.00000e+00
 0.00000e+00
 0.00000e+00
 0.00000e+00
 0.00000e+00
 0.00000e+00
 0.00000e+00
 0.00000e+00
 0.00000e+00
 0.00000e+00
 0.00000e+00
 0.00000e+00
 0.00000e+00
 0.00000e+00
 0.00000e+00
 0.00000e+00
 0.00000e+00
 0.00000e+00
 0.00000e+00
 0.00000e+00
 0.00000e+00
 0.00000e+00
 0.00000e+00
 0.00000e+00
 0.00000e+00
 0.00000e+00
 0.00000e+00
 0.00000e+00
 0.00000e+00
 0.00000e+00
 0.00000e+00
 0.00000e+00
 0.00000e+00
 0.00000e+00
 0.00000e+00
 0.00000e+00
 0.00000e+00
 0.00000e+00
 0.00000e+00
 0.00000e+00
 0.00000e+00
 0.00000e+00
 0.00000e+00
 0.00000e+00
 0.00000e+00
 0.00000e+00
 0.00000e+00
 0.00000e+00
 0.00000e+00
 0.00000e+00
 0.00000e+00
 0.00000e+00
 0.00000e+00
 0.00000e+00
 0.00000e+00
 0.00000e+00
 0.00000e+00
 0.00000e+00
 0.00000e+00
 0.00000e+00
 0.00000e+00
 0.00000e+00
 0.00000e+00
 0.00000e+00
 0.00000e+00
 0.00000e+00
 0.00000e+00
 0.00000e+00
 0.00000e+00
 0.00000e+00
 0.00000e+00
 0.00000e+00
 0.00000e+00
 0.00000e+00
 0.00000e+00
 0.00000e+00
 0.00000e+00
 0.00000e+00
 0.00000e+00
 0.00000e+00
 0.00000e+00
 0.00000e+00
 0.00000e+00
 0.00000e+00
 0.00000e+00
 0.00000e+00
 0.00000e+00
 0.00000e+00
 0.00000e+00
 0.00000e+00
 0.00000e+00
 0.00000e+00
 0.00000e+00
 0.00000e+00
 0.00000e+00
 0.00000e+00
 0.00000e+00
 0.00000e+00
 0.00000e+00
 0.00000e+00
 0.00000e+00
 0.00000e+00
 0.00000e+00
 0.00000e+00
 0.00000e+00
 0.00000e+00
 0.00000e+00
 0.00000e+00
 0.00000e+00
 0.00000e+00
 0.00000e+00
 0.00000e+00
 0.00000e+00
 0.00000e+00
 0.00000e+00
 0.00000e+00
 0.00000e+00
 0.00000e+00
 0.00000e+00
 0.00000e+00
 0.00000e+00
 0.00000e+00
 0.00000e+00
 0.00000e+00
 0.00000e+00
 0.00000e+00
 0.00000e+00
 0.00000e+00
 0.00000e+00
 0.00000e+00
 0.00000e+00
 0.00000e+00
 0.00000e+00
 0.00000e+00
 0.00000e+00
 0.00000e+00
 0.00000e+00
 0.00000e+00
 0.00000e+00
 0.00000e+00
 0.00000e+00
 0.00000e+00
 0.00000e+00
 0.00000e+00
 0.00000e+00
 0.00000e+00
 0.00000e+00
 0.00000e+00
 0.00000e+00
 0.00000e+00
 0.00000e+00
 0.00000e+00
 0.00000e+00
 0.00000e+00
 0.00000e+00
 0.00000e+00
 0.00000e+00
 0.00000e+00
 0.00000e+00
 0.00000e+00
 0.00000e+00
 0.00000e+00
 0.00000e+00
 0.00000e+00
 0.00000e+00
 0.00000e+00
 0.00000e+00
 0.00000e+00
 0.00000e+00
 0.00000e+00
 0.00000e+00
 0.00000e+00
 0.00000e+00
