Velocity
part
         1
coordinates
 0.00000e+00
 0.00000e+00
 0.00000e+00
 0.00000e+00
 0.00000e+00
 0.00000e+00
 0.00000e+00
 0.00000e+00
 0.00000e+00
 7.67164e-15
 2.10836e-13
 2.11404e-12
 1.86820e-11
 1.53090e-10
 1.16996e-09
 8.31166e-09
 5.46882e-08
 3.31838e-07
 1.84767e-06
 9.38565e-06
 4.31956e-05
 1.78622e-04
 6.57041e-04
 2.12494e-03
 5.96887e-03
 1.44217e-02
 2.99015e-02
 5.36908e-02
 8.52175e-02
 1.22760e-01
 1.64653e-01
 2.09864e-01
 2.57929e-01
 3.08723e-01
 3.62296e-01
 4.18797e-01
 4.78435e-01
 5.41455e-01
 6.08109e-01
 6.78566e-01
 7.52705e-01
 8.29467e-01
 9.04769e-01
 9.64392e-01
 9.70891e-01
 9.47464e-01
 9.34127e-01
 9.30061e-01
 9.28646e-01
 9.27804e-01
 9.27348e-01
 9.27279e-01
 9.27216e-01
 9.27156e-01
 9.27098e-01
 9.27041e-01
 9.26983e-01
 9.26922e-01
 9.26857e-01
 9.26789e-01
 9.26716e-01
 9.26640e-01
 9.26562e-01
 9.26484e-01
 9.26406e-01
 9.26330e-01
 9.26258e-01
 9.26188e-01
 9.26118e-01
 9.26042e-01
 9.25951e-01
 9.25829e-01
 9.25652e-01
 9.25377e-01
 9.24934e-01
 9.24193e-01
 9.22907e-01
 9.20605e-01
 9.16392e-01
 9.08631e-01
 8.94519e-01
 8.69736e-01
 8.28516e-01
 7.64461e-01
 6.72255e-01
 5.50604e-01
 4.06613e-01
 2.59564e-01
 1.37295e-01
 5.94464e-02
 2.20259e-02
 7.48744e-03
 2.45014e-03
 7.88250e-04
 2.51083e-04
 7.93185e-05
 2.48463e-05
 7.70824e-06
 2.35225e-06
 6.56745e-07
 0.00000e+00
 0.00000e+00
 1.35478e-15
 1.35478e-15
 1.35478e-15
 1.35478e-15
 1.35478e-15
 1.35478e-15
 1.35478e-15
 1.35478e-15
 8.97125e-15
 2.11773e-13
 2.11662e-12
 1.86827e-11
 1.53093e-10
 1.16997e-09
 8.31166e-09
 5.46882e-08
 3.31838e-07
 1.84767e-06
 9.38565e-06
 4.31956e-05
 1.78622e-04
 6.57041e-04
 2.12494e-03
 5.96887e-03
 1.44217e-02
 2.99015e-02
 5.36908e-02
 8.52175e-02
 1.22760e-01
 1.64653e-01
 2.09864e-01
 2.57929e-01
 3.08723e-01
 3.62296e-01
 4.18797e-01
 4.78435e-01
 5.41455e-01
 6.08109e-01
 6.78566e-01
 7.52705e-01
 8.29467e-01
 9.04769e-01
 9.64392e-01
 9.70891e-01
 9.47464e-01
 9.34127e-01
 9.30061e-01
 9.28646e-01
 9.27804e-01
 9.27348e-01
 9.27279e-01
 9.27216e-01
 9.27156e-01
 9.27098e-01
 9.27041e-01
 9.26983e-01
 9.26922e-01
 9.26857e-01
 9.26789e-01
 9.26716e-01
 9.26640e-01
 9.26562e-01
 9.26484e-01
 9.26406e-01
 9.26330e-01
 9.26258e-01
 9.26188e-01
 9.26118e-01
 9.26042e-01
 9.25951e-01
 9.25829e-01
 9.25652e-01
 9.25377e-01
 9.24934e-01
 9.24193e-01
 9.22907e-01
 9.20605e-01
 9.16392e-01
 9.08631e-01
 8.94519e-01
 8.69736e-01
 8.28516e-01
 7.64461e-01
 6.72255e-01
 5.50604e-01
 4.06613e-01
 2.59564e-01
 1.37295e-01
 5.94464e-02
 2.20259e-02
 7.48744e-03
 2.45014e-03
 7.88250e-04
 2.51083e-04
 7.93185e-05
 2.48463e-05
 7.70824e-06
 2.35225e-06
 6.56745e-07
 0.00000e+00
 0.00000e+00
 0.00000e+00
 0.00000e+00
 0.00000e+00
 0.00000e+00
 0.00000e+00
 0.00000e+00
 0.00000e+00
 0.00000e+00
 7.52458e-15
 2.09987e-13
 2.11447e-12
 1.86835e-11
 1.53092e-10
 1.16996e-09
 8.31166e-09
 5.46882e-08
 3.31838e-07
 1.84767e-06
 9.38565e-06
 4.31956e-05
 1.78622e-04
 6.57041e-04
 2.12494e-03
 5.96887e-03
 1.44217e-02
 2.99015e-02
 5.36908e-02
 8.52175e-02
 1.22760e-01
 1.64653e-01
 2.09864e-01
 2.57929e-01
 3.08723e-01
 3.62296e-01
 4.18797e-01
 4.78435e-01
 5.41455e-01
 6.08109e-01
 6.78566e-01
 7.52705e-01
 8.29467e-01
 9.04769e-01
 9.64392e-01
 9.70891e-01
 9.47464e-01
 9.34127e-01
 9.30061e-01
 9.28646e-01
 9.27804e-01
 9.27348e-01
 9.27279e-01
 9.27216e-01
 9.27156e-01
 9.27098e-01
 9.27041e-01
 9.26983e-01
 9.26922e-01
 9.26857e-01
 9.26789e-01
 9.26716e-01
 9.26640e-01
 9.26562e-01
 9.26484e-01
 9.26406e-01
 9.26330e-01
 9.26258e-01
 9.26188e-01
 9.26118e-01
 9.26042e-01
 9.25951e-01
 9.25829e-01
 9.25652e-01
 9.25377e-01
 9.24934e-01
 9.24193e-01
 9.22907e-01
 9.20605e-01
 9.16392e-01
 9.08631e-01
 8.94519e-01
 8.69736e-01
 8.28516e-01
 7.64461e-01
 6.72255e-01
 5.50604e-01
 4.06613e-01
 2.59564e-01
 1.37295e-01
 5.94464e-02
 2.20259e-02
 7.48744e-03
 2.45014e-03
 7.88250e-04
 2.51083e-04
 7.93185e-05
 2.48463e-05
 7.70824e-06
 2.35225e-06
 6.56745e-07
 0.00000e+00
 0.00000e+00
-1.35478e-15
-1.35478e-15
-1.35478e-15
-1.35478e-15
-1.35478e-15
-1.35478e-15
-1.35478e-15
-1.35478e-15
 6.34674e-15
 2.08603e-13
 2.11268e-12
 1.86827e-11
 1.53091e-10
 1.16996e-09
 8.31167e-09
 5.46882e-08
 3.31838e-07
 1.84767e-06
 9.38565e-06
 4.31956e-05
 1.78622e-04
 6.57041e-04
 2.12494e-03
 5.96887e-03
 1.44217e-02
 2.99015e-02
 5.36908e-02
 8.52175e-02
 1.22760e-01
 1.64653e-01
 2.09864e-01
 2.57929e-01
 3.08723e-01
 3.62296e-01
 4.18797e-01
 4.78435e-01
 5.41455e-01
 6.08109e-01
 6.78566e-01
 7.52705e-01
 8.29467e-01
 9.04769e-01
 9.64392e-01
 9.70891e-01
 9.47464e-01
 9.34127e-01
 9.30061e-01
 9.28646e-01
 9.27804e-01
 9.27348e-01
 9.27279e-01
 9.27216e-01
 9.27156e-01
 9.27098e-01
 9.27041e-01
 9.26983e-01
 9.26922e-01
 9.26857e-01
 9.26789e-01
 9.26716e-01
 9.26640e-01
 9.26562e-01
 9.26484e-01
 9.26406e-01
 9.26330e-01
 9.26258e-01
 9.26188e-01
 9.26118e-01
 9.26042e-01
 9.25951e-01
 9.25829e-01
 9.25652e-01
 9.25377e-01
 9.24934e-01
 9.24193e-01
 9.22907e-01
 9.20605e-01
 9.16392e-01
 9.08631e-01
 8.94519e-01
 8.69736e-01
 8.28516e-01
 7.64461e-01
 6.72255e-01
 5.50604e-01
 4.06613e-01
 2.59564e-01
 1.37295e-01
 5.94464e-02
 2.20259e-02
 7.48744e-03
 2.45014e-03
 7.88250e-04
 2.51083e-04
 7.93185e-05
 2.48463e-05
 7.70824e-06
 2.35225e-06
 6.56745e-07
 0.00000e+00
 0.00000e+00
 4.06434e-15
 4.06434e-15
 4.06434e-15
 4.06434e-15
 4.06434e-15
 4.06434e-15
 4.06434e-15
 4.06434e-15
 1.15639e-14
 2.13136e-13
 2.11822e-12
 1.86847e-11
 1.53097e-10
 1.16996e-09
 8.31167e-09
 5.46882e-08
 3.31838e-07
 1.84767e-06
 9.38565e-06
 4.31956e-05
 1.78622e-04
 6.57041e-04
 2.12494e-03
 5.96887e-03
 1.44217e-02
 2.99015e-02
 5.36908e-02
 8.52175e-02
 1.22760e-01
 1.64653e-01
 2.09864e-01
 2.57929e-01
 3.08723e-01
 3.62296e-01
 4.18797e-01
 4.78435e-01
 5.41455e-01
 6.08109e-01
 6.78566e-01
 7.52705e-01
 8.29467e-01
 9.04769e-01
 9.64392e-01
 9.70891e-01
 9.47464e-01
 9.34127e-01
 9.30061e-01
 9.28646e-01
 9.27804e-01
 9.27348e-01
 9.27279e-01
 9.27216e-01
 9.27156e-01
 9.27098e-01
 9.27041e-01
 9.26983e-01
 9.26922e-01
 9.26857e-01
 9.26789e-01
 9.26716e-01
 9.26640e-01
 9.26562e-01
 9.26484e-01
 9.26406e-01
 9.26330e-01
 9.26258e-01
 9.26188e-01
 9.26118e-01
 9.26042e-01
 9.25951e-01
 9.25829e-01
 9.25652e-01
 9.25377e-01
 9.24934e-01
 9.24193e-01
 9.22907e-01
 9.20605e-01
 9.16392e-01
 9.08631e-01
 8.94519e-01
 8.69736e-01
 8.28516e-01
 7.64461e-01
 6.72255e-01
 5.50604e-01
 4.06613e-01
 2.59564e-01
 1.37295e-01
 5.94464e-02
 2.20259e-02
 7.48744e-03
 2.45014e-03
 7.88250e-04
 2.51083e-04
 7.93185e-05
 2.48463e-05
 7.70824e-06
 2.35225e-06
 6.56745e-07
 0.00000e+00
 0.00000e+00
-8.12868e-15
-8.12868e-15
-8.12868e-15
-8.12868e-15
-8.12868e-15
-8.12868e-15
-8.12868e-15
-8.12868e-15
-1.03880e-15
 2.00072e-13
 2.10455e-12
 1.86714e-11
 1.53083e-10
 1.16995e-09
 8.31166e-09
 5.46882e-08
 3.31838e-07
 1.84767e-06
 9.38565e-06
 4.31956e-05
 1.78622e-04
 6.57041e-04
 2.12494e-03
 5.96887e-03
 1.44217e-02
 2.99015e-02
 5.36908e-02
 8.52175e-02
 1.22760e-01
 1.64653e-01
 2.09864e-01
 2.57929e-01
 3.08723e-01
 3.62296e-01
 4.18797e-01
 4.78435e-01
 5.41455e-01
 6.08109e-01
 6.78566e-01
 7.52705e-01
 8.29467e-01
 9.04769e-01
 9.64392e-01
 9.70891e-01
 9.47464e-01
 9.34127e-01
 9.30061e-01
 9.28646e-01
 9.27804e-01
 9.27348e-01
 9.27279e-01
 9.27216e-01
 9.27156e-01
 9.27098e-01
 9.27041e-01
 9.26983e-01
 9.26922e-01
 9.26857e-01
 9.26789e-01
 9.26716e-01
 9.26640e-01
 9.26562e-01
 9.26484e-01
 9.26406e-01
 9.26330e-01
 9.26258e-01
 9.26188e-01
 9.26118e-01
 9.26042e-01
 9.25951e-01
 9.25829e-01
 9.25652e-01
 9.25377e-01
 9.24934e-01
 9.24193e-01
 9.22907e-01
 9.20605e-01
 9.16392e-01
 9.08631e-01
 8.94519e-01
 8.69736e-01
 8.28516e-01
 7.64461e-01
 6.72255e-01
 5.50604e-01
 4.06613e-01
 2.59564e-01
 1.37295e-01
 5.94464e-02
 2.20259e-02
 7.48744e-03
 2.45014e-03
 7.88250e-04
 2.51083e-04
 7.93185e-05
 2.48463e-05
 7.70824e-06
 2.35225e-06
 6.56745e-07
 0.00000e+00
 0.00000e+00
-1.35478e-15
-1.35478e-15
-1.35478e-15
-1.35478e-15
-1.35478e-15
-1.35478e-15
-1.35478e-15
-1.35478e-15
 6.29722e-15
 2.09493e-13
 2.11403e-12
 1.86805e-11
 1.53087e-10
 1.16996e-09
 8.31167e-09
 5.46882e-08
 3.31838e-07
 1.84767e-06
 9.38565e-06
 4.31956e-05
 1.78622e-04
 6.57041e-04
 2.12494e-03
 5.96887e-03
 1.44217e-02
 2.99015e-02
 5.36908e-02
 8.52175e-02
 1.22760e-01
 1.64653e-01
 2.09864e-01
 2.57929e-01
 3.08723e-01
 3.62296e-01
 4.18797e-01
 4.78435e-01
 5.41455e-01
 6.08109e-01
 6.78566e-01
 7.52705e-01
 8.29467e-01
 9.04769e-01
 9.64392e-01
 9.70891e-01
 9.47464e-01
 9.34127e-01
 9.30061e-01
 9.28646e-01
 9.27804e-01
 9.27348e-01
 9.27279e-01
 9.27216e-01
 9.27156e-01
 9.27098e-01
 9.27041e-01
 9.26983e-01
 9.26922e-01
 9.26857e-01
 9.26789e-01
 9.26716e-01
 9.26640e-01
 9.26562e-01
 9.26484e-01
 9.26406e-01
 9.26330e-01
 9.26258e-01
 9.26188e-01
 9.26118e-01
 9.26042e-01
 9.25951e-01
 9.25829e-01
 9.25652e-01
 9.25377e-01
 9.24934e-01
 9.24193e-01
 9.22907e-01
 9.20605e-01
 9.16392e-01
 9.08631e-01
 8.94519e-01
 8.69736e-01
 8.28516e-01
 7.64461e-01
 6.72255e-01
 5.50604e-01
 4.06613e-01
 2.59564e-01
 1.37295e-01
 5.94464e-02
 2.20259e-02
 7.48744e-03
 2.45014e-03
 7.88250e-04
 2.51083e-04
 7.93185e-05
 2.48463e-05
 7.70824e-06
 2.35225e-06
 6.56745e-07
 0.00000e+00
 0.00000e+00
-6.77390e-16
-6.77390e-16
-6.77390e-16
-6.77390e-16
-6.77390e-16
-6.77390e-16
-6.77390e-16
-6.77390e-16
 6.96447e-15
 2.10209e-13
 2.11495e-12
 1.86808e-11
 1.53090e-10
 1.16996e-09
 8.31166e-09
 5.46882e-08
 3.31838e-07
 1.84767e-06
 9.38565e-06
 4.31956e-05
 1.78622e-04
 6.57041e-04
 2.12494e-03
 5.96887e-03
 1.44217e-02
 2.99015e-02
 5.36908e-02
 8.52175e-02
 1.22760e-01
 1.64653e-01
 2.09864e-01
 2.57929e-01
 3.08723e-01
 3.62296e-01
 4.18797e-01
 4.78435e-01
 5.41455e-01
 6.08109e-01
 6.78566e-01
 7.52705e-01
 8.29467e-01
 9.04769e-01
 9.64392e-01
 9.70891e-01
 9.47464e-01
 9.34127e-01
 9.30061e-01
 9.28646e-01
 9.27804e-01
 9.27348e-01
 9.27279e-01
 9.27216e-01
 9.27156e-01
 9.27098e-01
 9.27041e-01
 9.26983e-01
 9.26922e-01
 9.26857e-01
 9.26789e-01
 9.26716e-01
 9.26640e-01
 9.26562e-01
 9.26484e-01
 9.26406e-01
 9.26330e-01
 9.26258e-01
 9.26188e-01
 9.26118e-01
 9.26042e-01
 9.25951e-01
 9.25829e-01
 9.25652e-01
 9.25377e-01
 9.24934e-01
 9.24193e-01
 9.22907e-01
 9.20605e-01
 9.16392e-01
 9.08631e-01
 8.94519e-01
 8.69736e-01
 8.28516e-01
 7.64461e-01
 6.72255e-01
 5.50604e-01
 4.06613e-01
 2.59564e-01
 1.37295e-01
 5.94464e-02
 2.20259e-02
 7.48744e-03
 2.45014e-03
 7.88250e-04
 2.51083e-04
 7.93185e-05
 2.48463e-05
 7.70824e-06
 2.35225e-06
 6.56745e-07
 0.00000e+00
 0.00000e+00
 0.00000e+00
 0.00000e+00
 0.00000e+00
 0.00000e+00
 0.00000e+00
 0.00000e+00
 0.00000e+00
 0.00000e+00
 7.54740e-15
 2.10261e-13
 2.11473e-12
 1.86827e-11
 1.53091e-10
 1.16996e-09
 8.31167e-09
 5.46882e-08
 3.31838e-07
 1.84767e-06
 9.38565e-06
 4.31956e-05
 1.78622e-04
 6.57041e-04
 2.12494e-03
 5.96887e-03
 1.44217e-02
 2.99015e-02
 5.36908e-02
 8.52175e-02
 1.22760e-01
 1.64653e-01
 2.09864e-01
 2.57929e-01
 3.08723e-01
 3.62296e-01
 4.18797e-01
 4.78435e-01
 5.41455e-01
 6.08109e-01
 6.78566e-01
 7.52705e-01
 8.29467e-01
 9.04769e-01
 9.64392e-01
 9.70891e-01
 9.47464e-01
 9.34127e-01
 9.30061e-01
 9.28646e-01
 9.27804e-01
 9.27348e-01
 9.27279e-01
 9.27216e-01
 9.27156e-01
 9.27098e-01
 9.27041e-01
 9.26983e-01
 9.26922e-01
 9.26857e-01
 9.26789e-01
 9.26716e-01
 9.26640e-01
 9.26562e-01
 9.26484e-01
 9.26406e-01
 9.26330e-01
 9.26258e-01
 9.26188e-01
 9.26118e-01
 9.26042e-01
 9.25951e-01
 9.25829e-01
 9.25652e-01
 9.25377e-01
 9.24934e-01
 9.24193e-01
 9.22907e-01
 9.20605e-01
 9.16392e-01
 9.08631e-01
 8.94519e-01
 8.69736e-01
 8.28516e-01
 7.64461e-01
 6.72255e-01
 5.50604e-01
 4.06613e-01
 2.59564e-01
 1.37295e-01
 5.94464e-02
 2.20259e-02
 7.48744e-03
 2.45014e-03
 7.88250e-04
 2.51083e-04
 7.93185e-05
 2.48463e-05
 7.70824e-06
 2.35225e-06
 6.56745e-07
 0.00000e+00
 0.00000e+00
-2.03217e-15
-2.03217e-15
-2.03217e-15
-2.03217e-15
-2.03217e-15
-2.03217e-15
-2.03217e-15
-2.03217e-15
 5.56175e-15
 2.08086e-13
 2.11234e-12
 1.86818e-11
 1.53087e-10
 1.16996e-09
 8.31167e-09
 5.46882e-08
 3.31838e-07
 1.84767e-06
 9.38565e-06
 4.31956e-05
 1.78622e-04
 6.57041e-04
 2.12494e-03
 5.96887e-03
 1.44217e-02
 2.99015e-02
 5.36908e-02
 8.52175e-02
 1.22760e-01
 1.64653e-01
 2.09864e-01
 2.57929e-01
 3.08723e-01
 3.62296e-01
 4.18797e-01
 4.78435e-01
 5.41455e-01
 6.08109e-01
 6.78566e-01
 7.52705e-01
 8.29467e-01
 9.04769e-01
 9.64392e-01
 9.70891e-01
 9.47464e-01
 9.34127e-01
 9.30061e-01
 9.28646e-01
 9.27804e-01
 9.27348e-01
 9.27279e-01
 9.27216e-01
 9.27156e-01
 9.27098e-01
 9.27041e-01
 9.26983e-01
 9.26922e-01
 9.26857e-01
 9.26789e-01
 9.26716e-01
 9.26640e-01
 9.26562e-01
 9.26484e-01
 9.26406e-01
 9.26330e-01
 9.26258e-01
 9.26188e-01
 9.26118e-01
 9.26042e-01
 9.25951e-01
 9.25829e-01
 9.25652e-01
 9.25377e-01
 9.24934e-01
 9.24193e-01
 9.22907e-01
 9.20605e-01
 9.16392e-01
 9.08631e-01
 8.94519e-01
 8.69736e-01
 8.28516e-01
 7.64461e-01
 6.72255e-01
 5.50604e-01
 4.06613e-01
 2.59564e-01
 1.37295e-01
 5.94464e-02
 2.20259e-02
 7.48744e-03
 2.45014e-03
 7.88250e-04
 2.51083e-04
 7.93185e-05
 2.48463e-05
 7.70824e-06
 2.35225e-06
 6.56745e-07
 0.00000e+00
 0.00000e+00
 4.16089e-15
 3.08676e-15
 3.38695e-15
 3.38695e-15
 3.38695e-15
 3.38695e-15
 3.38695e-15
 3.38695e-15
 1.07666e-14
 2.12669e-13
 2.11749e-12
 1.86839e-11
 1.53093e-10
 1.16996e-09
 8.31167e-09
 5.46882e-08
 3.31838e-07
 1.84767e-06
 9.38565e-06
 4.31956e-05
 1.78622e-04
 6.57041e-04
 2.12494e-03
 5.96887e-03
 1.44217e-02
 2.99015e-02
 5.36908e-02
 8.52175e-02
 1.22760e-01
 1.64653e-01
 2.09864e-01
 2.57929e-01
 3.08723e-01
 3.62296e-01
 4.18797e-01
 4.78435e-01
 5.41455e-01
 6.08109e-01
 6.78566e-01
 7.52705e-01
 8.29467e-01
 9.04769e-01
 9.64392e-01
 9.70891e-01
 9.47464e-01
 9.34127e-01
 9.30061e-01
 9.28646e-01
 9.27804e-01
 9.27348e-01
 9.27279e-01
 9.27216e-01
 9.27156e-01
 9.27098e-01
 9.27041e-01
 9.26983e-01
 9.26922e-01
 9.26857e-01
 9.26789e-01
 9.26716e-01
 9.26640e-01
 9.26562e-01
 9.26484e-01
 9.26406e-01
 9.26330e-01
 9.26258e-01
 9.26188e-01
 9.26118e-01
 9.26042e-01
 9.25951e-01
 9.25829e-01
 9.25652e-01
 9.25377e-01
 9.24934e-01
 9.24193e-01
 9.22907e-01
 9.20605e-01
 9.16392e-01
 9.08631e-01
 8.94519e-01
 8.69736e-01
 8.28516e-01
 7.64461e-01
 6.72255e-01
 5.50604e-01
 4.06613e-01
 2.59564e-01
 1.37295e-01
 5.94464e-02
 2.20259e-02
 7.48744e-03
 2.45014e-03
 7.88250e-04
 2.51083e-04
 7.93185e-05
 2.48463e-05
 7.70824e-06
 2.35225e-06
 6.56745e-07
 0.00000e+00
 0.00000e+00
-7.93559e-15
-1.00838e-14
-9.48346e-15
-9.48346e-15
-9.48346e-15
-9.48346e-15
-9.48346e-15
-9.48346e-15
-2.45257e-15
 1.98438e-13
 2.10355e-12
 1.86685e-11
 1.53080e-10
 1.16995e-09
 8.31166e-09
 5.46882e-08
 3.31838e-07
 1.84767e-06
 9.38565e-06
 4.31956e-05
 1.78622e-04
 6.57041e-04
 2.12494e-03
 5.96887e-03
 1.44217e-02
 2.99015e-02
 5.36908e-02
 8.52175e-02
 1.22760e-01
 1.64653e-01
 2.09864e-01
 2.57929e-01
 3.08723e-01
 3.62296e-01
 4.18797e-01
 4.78435e-01
 5.41455e-01
 6.08109e-01
 6.78566e-01
 7.52705e-01
 8.29467e-01
 9.04769e-01
 9.64392e-01
 9.70891e-01
 9.47464e-01
 9.34127e-01
 9.30061e-01
 9.28646e-01
 9.27804e-01
 9.27348e-01
 9.27279e-01
 9.27216e-01
 9.27156e-01
 9.27098e-01
 9.27041e-01
 9.26983e-01
 9.26922e-01
 9.26857e-01
 9.26789e-01
 9.26716e-01
 9.26640e-01
 9.26562e-01
 9.26484e-01
 9.26406e-01
 9.26330e-01
 9.26258e-01
 9.26188e-01
 9.26118e-01
 9.26042e-01
 9.25951e-01
 9.25829e-01
 9.25652e-01
 9.25377e-01
 9.24934e-01
 9.24193e-01
 9.22907e-01
 9.20605e-01
 9.16392e-01
 9.08631e-01
 8.94519e-01
 8.69736e-01
 8.28516e-01
 7.64461e-01
 6.72255e-01
 5.50604e-01
 4.06613e-01
 2.59564e-01
 1.37295e-01
 5.94464e-02
 2.20259e-02
 7.48744e-03
 2.45014e-03
 7.88250e-04
 2.51083e-04
 7.93185e-05
 2.48463e-05
 7.70824e-06
 2.35225e-06
 6.56745e-07
 0.00000e+00
 0.00000e+00
 0.00000e+00
 0.00000e+00
 0.00000e+00
 0.00000e+00
 0.00000e+00
 0.00000e+00
 0.00000e+00
 0.00000e+00
 7.64500e-15
 2.11686e-13
 2.11614e-12
 1.86842e-11
 1.53087e-10
 1.16996e-09
 8.31167e-09
 5.46882e-08
 3.31838e-07
 1.84767e-06
 9.38565e-06
 4.31956e-05
 1.78622e-04
 6.57041e-04
 2.12494e-03
 5.96887e-03
 1.44217e-02
 2.99015e-02
 5.36908e-02
 8.52175e-02
 1.22760e-01
 1.64653e-01
 2.09864e-01
 2.57929e-01
 3.08723e-01
 3.62296e-01
 4.18797e-01
 4.78435e-01
 5.41455e-01
 6.08109e-01
 6.78566e-01
 7.52705e-01
 8.29467e-01
 9.04769e-01
 9.64392e-01
 9.70891e-01
 9.47464e-01
 9.34127e-01
 9.30061e-01
 9.28646e-01
 9.27804e-01
 9.27348e-01
 9.27279e-01
 9.27216e-01
 9.27156e-01
 9.27098e-01
 9.27041e-01
 9.26983e-01
 9.26922e-01
 9.26857e-01
 9.26789e-01
 9.26716e-01
 9.26640e-01
 9.26562e-01
 9.26484e-01
 9.26406e-01
 9.26330e-01
 9.26258e-01
 9.26188e-01
 9.26118e-01
 9.26042e-01
 9.25951e-01
 9.25829e-01
 9.25652e-01
 9.25377e-01
 9.24934e-01
 9.24193e-01
 9.22907e-01
 9.20605e-01
 9.16392e-01
 9.08631e-01
 8.94519e-01
 8.69736e-01
 8.28516e-01
 7.64461e-01
 6.72255e-01
 5.50604e-01
 4.06613e-01
 2.59564e-01
 1.37295e-01
 5.94464e-02
 2.20259e-02
 7.48744e-03
 2.45014e-03
 7.88250e-04
 2.51083e-04
 7.93185e-05
 2.48463e-05
 7.70824e-06
 2.35225e-06
 6.56745e-07
 0.00000e+00
 0.00000e+00
 0.00000e+00
 0.00000e+00
 0.00000e+00
 0.00000e+00
 0.00000e+00
 0.00000e+00
 0.00000e+00
 0.00000e+00
 7.77977e-15
 2.11862e-13
 2.11562e-12
 1.86830e-11
 1.53090e-10
 1.16996e-09
 8.31166e-09
 5.46882e-08
 3.31838e-07
 1.84767e-06
 9.38565e-06
 4.31956e-05
 1.78622e-04
 6.57041e-04
 2.12494e-03
 5.96887e-03
 1.44217e-02
 2.99015e-02
 5.36908e-02
 8.52175e-02
 1.22760e-01
 1.64653e-01
 2.09864e-01
 2.57929e-01
 3.08723e-01
 3.62296e-01
 4.18797e-01
 4.78435e-01
 5.41455e-01
 6.08109e-01
 6.78566e-01
 7.52705e-01
 8.29467e-01
 9.04769e-01
 9.64392e-01
 9.70891e-01
 9.47464e-01
 9.34127e-01
 9.30061e-01
 9.28646e-01
 9.27804e-01
 9.27348e-01
 9.27279e-01
 9.27216e-01
 9.27156e-01
 9.27098e-01
 9.27041e-01
 9.26983e-01
 9.26922e-01
 9.26857e-01
 9.26789e-01
 9.26716e-01
 9.26640e-01
 9.26562e-01
 9.26484e-01
 9.26406e-01
 9.26330e-01
 9.26258e-01
 9.26188e-01
 9.26118e-01
 9.26042e-01
 9.25951e-01
 9.25829e-01
 9.25652e-01
 9.25377e-01
 9.24934e-01
 9.24193e-01
 9.22907e-01
 9.20605e-01
 9.16392e-01
 9.08631e-01
 8.94519e-01
 8.69736e-01
 8.28516e-01
 7.64461e-01
 6.72255e-01
 5.50604e-01
 4.06613e-01
 2.59564e-01
 1.37295e-01
 5.94464e-02
 2.20259e-02
 7.48744e-03
 2.45014e-03
 7.88250e-04
 2.51083e-04
 7.93185e-05
 2.48463e-05
 7.70824e-06
 2.35225e-06
 6.56745e-07
 0.00000e+00
 0.00000e+00
 1.35478e-15
 1.35478e-15
 1.35478e-15
 1.35478e-15
 1.35478e-15
 1.35478e-15
 1.35478e-15
 1.35478e-15
 9.08361e-15
 2.12356e-13
 2.11676e-12
 1.86835e-11
 1.53090e-10
 1.16996e-09
 8.31167e-09
 5.46882e-08
 3.31838e-07
 1.84767e-06
 9.38565e-06
 4.31956e-05
 1.78622e-04
 6.57041e-04
 2.12494e-03
 5.96887e-03
 1.44217e-02
 2.99015e-02
 5.36908e-02
 8.52175e-02
 1.22760e-01
 1.64653e-01
 2.09864e-01
 2.57929e-01
 3.08723e-01
 3.62296e-01
 4.18797e-01
 4.78435e-01
 5.41455e-01
 6.08109e-01
 6.78566e-01
 7.52705e-01
 8.29467e-01
 9.04769e-01
 9.64392e-01
 9.70891e-01
 9.47464e-01
 9.34127e-01
 9.30061e-01
 9.28646e-01
 9.27804e-01
 9.27348e-01
 9.27279e-01
 9.27216e-01
 9.27156e-01
 9.27098e-01
 9.27041e-01
 9.26983e-01
 9.26922e-01
 9.26857e-01
 9.26789e-01
 9.26716e-01
 9.26640e-01
 9.26562e-01
 9.26484e-01
 9.26406e-01
 9.26330e-01
 9.26258e-01
 9.26188e-01
 9.26118e-01
 9.26042e-01
 9.25951e-01
 9.25829e-01
 9.25652e-01
 9.25377e-01
 9.24934e-01
 9.24193e-01
 9.22907e-01
 9.20605e-01
 9.16392e-01
 9.08631e-01
 8.94519e-01
 8.69736e-01
 8.28516e-01
 7.64461e-01
 6.72255e-01
 5.50604e-01
 4.06613e-01
 2.59564e-01
 1.37295e-01
 5.94464e-02
 2.20259e-02
 7.48744e-03
 2.45014e-03
 7.88250e-04
 2.51083e-04
 7.93185e-05
 2.48463e-05
 7.70824e-06
 2.35225e-06
 6.56745e-07
 0.00000e+00
 0.00000e+00
-3.47436e-15
-3.38695e-15
-3.38695e-15
-3.38695e-15
-3.38695e-15
-3.38695e-15
-3.38695e-15
-3.38695e-15
 4.20447e-15
 2.07055e-13
 2.11212e-12
 1.86792e-11
 1.53084e-10
 1.16996e-09
 8.31167e-09
 5.46882e-08
 3.31838e-07
 1.84767e-06
 9.38565e-06
 4.31956e-05
 1.78622e-04
 6.57041e-04
 2.12494e-03
 5.96887e-03
 1.44217e-02
 2.99015e-02
 5.36908e-02
 8.52175e-02
 1.22760e-01
 1.64653e-01
 2.09864e-01
 2.57929e-01
 3.08723e-01
 3.62296e-01
 4.18797e-01
 4.78435e-01
 5.41455e-01
 6.08109e-01
 6.78566e-01
 7.52705e-01
 8.29467e-01
 9.04769e-01
 9.64392e-01
 9.70891e-01
 9.47464e-01
 9.34127e-01
 9.30061e-01
 9.28646e-01
 9.27804e-01
 9.27348e-01
 9.27279e-01
 9.27216e-01
 9.27156e-01
 9.27098e-01
 9.27041e-01
 9.26983e-01
 9.26922e-01
 9.26857e-01
 9.26789e-01
 9.26716e-01
 9.26640e-01
 9.26562e-01
 9.26484e-01
 9.26406e-01
 9.26330e-01
 9.26258e-01
 9.26188e-01
 9.26118e-01
 9.26042e-01
 9.25951e-01
 9.25829e-01
 9.25652e-01
 9.25377e-01
 9.24934e-01
 9.24193e-01
 9.22907e-01
 9.20605e-01
 9.16392e-01
 9.08631e-01
 8.94519e-01
 8.69736e-01
 8.28516e-01
 7.64461e-01
 6.72255e-01
 5.50604e-01
 4.06613e-01
 2.59564e-01
 1.37295e-01
 5.94464e-02
 2.20259e-02
 7.48744e-03
 2.45014e-03
 7.88250e-04
 2.51083e-04
 7.93185e-05
 2.48463e-05
 7.70824e-06
 2.35225e-06
 6.56745e-07
 0.00000e+00
 0.00000e+00
 5.04798e-15
 3.76754e-15
 4.06434e-15
 4.06434e-15
 4.06434e-15
 4.06434e-15
 4.06434e-15
 4.06434e-15
 1.14244e-14
 2.13547e-13
 2.11826e-12
 1.86839e-11
 1.53094e-10
 1.16997e-09
 8.31167e-09
 5.46882e-08
 3.31838e-07
 1.84767e-06
 9.38565e-06
 4.31956e-05
 1.78622e-04
 6.57041e-04
 2.12494e-03
 5.96887e-03
 1.44217e-02
 2.99015e-02
 5.36908e-02
 8.52175e-02
 1.22760e-01
 1.64653e-01
 2.09864e-01
 2.57929e-01
 3.08723e-01
 3.62296e-01
 4.18797e-01
 4.78435e-01
 5.41455e-01
 6.08109e-01
 6.78566e-01
 7.52705e-01
 8.29467e-01
 9.04769e-01
 9.64392e-01
 9.70891e-01
 9.47464e-01
 9.34127e-01
 9.30061e-01
 9.28646e-01
 9.27804e-01
 9.27348e-01
 9.27279e-01
 9.27216e-01
 9.27156e-01
 9.27098e-01
 9.27041e-01
 9.26983e-01
 9.26922e-01
 9.26857e-01
 9.26789e-01
 9.26716e-01
 9.26640e-01
 9.26562e-01
 9.26484e-01
 9.26406e-01
 9.26330e-01
 9.26258e-01
 9.26188e-01
 9.26118e-01
 9.26042e-01
 9.25951e-01
 9.25829e-01
 9.25652e-01
 9.25377e-01
 9.24934e-01
 9.24193e-01
 9.22907e-01
 9.20605e-01
 9.16392e-01
 9.08631e-01
 8.94519e-01
 8.69736e-01
 8.28516e-01
 7.64461e-01
 6.72255e-01
 5.50604e-01
 4.06613e-01
 2.59564e-01
 1.37295e-01
 5.94464e-02
 2.20259e-02
 7.48744e-03
 2.45014e-03
 7.88250e-04
 2.51083e-04
 7.93185e-05
 2.48463e-05
 7.70824e-06
 2.35225e-06
 6.56745e-07
 0.00000e+00
 0.00000e+00
-8.60534e-15
-1.14318e-14
-1.08382e-14
-1.08382e-14
-1.08382e-14
-1.08382e-14
-1.08382e-14
-1.08382e-14
-3.76318e-15
 1.97217e-13
 2.10225e-12
 1.86663e-11
 1.53078e-10
 1.16995e-09
 8.31166e-09
 5.46882e-08
 3.31838e-07
 1.84767e-06
 9.38565e-06
 4.31956e-05
 1.78622e-04
 6.57041e-04
 2.12494e-03
 5.96887e-03
 1.44217e-02
 2.99015e-02
 5.36908e-02
 8.52175e-02
 1.22760e-01
 1.64653e-01
 2.09864e-01
 2.57929e-01
 3.08723e-01
 3.62296e-01
 4.18797e-01
 4.78435e-01
 5.41455e-01
 6.08109e-01
 6.78566e-01
 7.52705e-01
 8.29467e-01
 9.04769e-01
 9.64392e-01
 9.70891e-01
 9.47464e-01
 9.34127e-01
 9.30061e-01
 9.28646e-01
 9.27804e-01
 9.27348e-01
 9.27279e-01
 9.27216e-01
 9.27156e-01
 9.27098e-01
 9.27041e-01
 9.26983e-01
 9.26922e-01
 9.26857e-01
 9.26789e-01
 9.26716e-01
 9.26640e-01
 9.26562e-01
 9.26484e-01
 9.26406e-01
 9.26330e-01
 9.26258e-01
 9.26188e-01
 9.26118e-01
 9.26042e-01
 9.25951e-01
 9.25829e-01
 9.25652e-01
 9.25377e-01
 9.24934e-01
 9.24193e-01
 9.22907e-01
 9.20605e-01
 9.16392e-01
 9.08631e-01
 8.94519e-01
 8.69736e-01
 8.28516e-01
 7.64461e-01
 6.72255e-01
 5.50604e-01
 4.06613e-01
 2.59564e-01
 1.37295e-01
 5.94464e-02
 2.20259e-02
 7.48744e-03
 2.45014e-03
 7.88250e-04
 2.51083e-04
 7.93185e-05
 2.48463e-05
 7.70824e-06
 2.35225e-06
 6.56745e-07
 0.00000e+00
 0.00000e+00
 1.35478e-15
 1.35478e-15
 1.35478e-15
 1.35478e-15
 1.35478e-15
 1.35478e-15
 1.35478e-15
 1.35478e-15
 9.10086e-15
 2.12410e-13
 2.11613e-12
 1.86873e-11
 1.53090e-10
 1.16996e-09
 8.31167e-09
 5.46882e-08
 3.31838e-07
 1.84767e-06
 9.38565e-06
 4.31956e-05
 1.78622e-04
 6.57041e-04
 2.12494e-03
 5.96887e-03
 1.44217e-02
 2.99015e-02
 5.36908e-02
 8.52175e-02
 1.22760e-01
 1.64653e-01
 2.09864e-01
 2.57929e-01
 3.08723e-01
 3.62296e-01
 4.18797e-01
 4.78435e-01
 5.41455e-01
 6.08109e-01
 6.78566e-01
 7.52705e-01
 8.29467e-01
 9.04769e-01
 9.64392e-01
 9.70891e-01
 9.47464e-01
 9.34127e-01
 9.30061e-01
 9.28646e-01
 9.27804e-01
 9.27348e-01
 9.27279e-01
 9.27216e-01
 9.27156e-01
 9.27098e-01
 9.27041e-01
 9.26983e-01
 9.26922e-01
 9.26857e-01
 9.26789e-01
 9.26716e-01
 9.26640e-01
 9.26562e-01
 9.26484e-01
 9.26406e-01
 9.26330e-01
 9.26258e-01
 9.26188e-01
 9.26118e-01
 9.26042e-01
 9.25951e-01
 9.25829e-01
 9.25652e-01
 9.25377e-01
 9.24934e-01
 9.24193e-01
 9.22907e-01
 9.20605e-01
 9.16392e-01
 9.08631e-01
 8.94519e-01
 8.69736e-01
 8.28516e-01
 7.64461e-01
 6.72255e-01
 5.50604e-01
 4.06613e-01
 2.59564e-01
 1.37295e-01
 5.94464e-02
 2.20259e-02
 7.48744e-03
 2.45014e-03
 7.88250e-04
 2.51083e-04
 7.93185e-05
 2.48463e-05
 7.70824e-06
 2.35225e-06
 6.56745e-07
 0.00000e+00
 0.00000e+00
 4.06434e-15
 4.06434e-15
 4.06434e-15
 4.06434e-15
 4.06434e-15
 4.06434e-15
 4.06434e-15
 4.06434e-15
 1.18886e-14
 2.15261e-13
 2.11844e-12
 1.86882e-11
 1.53096e-10
 1.16996e-09
 8.31167e-09
 5.46882e-08
 3.31838e-07
 1.84767e-06
 9.38565e-06
 4.31956e-05
 1.78622e-04
 6.57041e-04
 2.12494e-03
 5.96887e-03
 1.44217e-02
 2.99015e-02
 5.36908e-02
 8.52175e-02
 1.22760e-01
 1.64653e-01
 2.09864e-01
 2.57929e-01
 3.08723e-01
 3.62296e-01
 4.18797e-01
 4.78435e-01
 5.41455e-01
 6.08109e-01
 6.78566e-01
 7.52705e-01
 8.29467e-01
 9.04769e-01
 9.64392e-01
 9.70891e-01
 9.47464e-01
 9.34127e-01
 9.30061e-01
 9.28646e-01
 9.27804e-01
 9.27348e-01
 9.27279e-01
 9.27216e-01
 9.27156e-01
 9.27098e-01
 9.27041e-01
 9.26983e-01
 9.26922e-01
 9.26857e-01
 9.26789e-01
 9.26716e-01
 9.26640e-01
 9.26562e-01
 9.26484e-01
 9.26406e-01
 9.26330e-01
 9.26258e-01
 9.26188e-01
 9.26118e-01
 9.26042e-01
 9.25951e-01
 9.25829e-01
 9.25652e-01
 9.25377e-01
 9.24934e-01
 9.24193e-01
 9.22907e-01
 9.20605e-01
 9.16392e-01
 9.08631e-01
 8.94519e-01
 8.69736e-01
 8.28516e-01
 7.64461e-01
 6.72255e-01
 5.50604e-01
 4.06613e-01
 2.59564e-01
 1.37295e-01
 5.94464e-02
 2.20259e-02
 7.48744e-03
 2.45014e-03
 7.88250e-04
 2.51083e-04
 7.93185e-05
 2.48463e-05
 7.70824e-06
 2.35225e-06
 6.56745e-07
 0.00000e+00
 0.00000e+00
 3.38695e-15
 3.38695e-15
 3.38695e-15
 3.38695e-15
 3.38695e-15
 3.38695e-15
 3.38695e-15
 3.38695e-15
 1.10972e-14
 2.14104e-13
 2.11820e-12
 1.86850e-11
 1.53093e-10
 1.16996e-09
 8.31167e-09
 5.46882e-08
 3.31838e-07
 1.84767e-06
 9.38565e-06
 4.31956e-05
 1.78622e-04
 6.57041e-04
 2.12494e-03
 5.96887e-03
 1.44217e-02
 2.99015e-02
 5.36908e-02
 8.52175e-02
 1.22760e-01
 1.64653e-01
 2.09864e-01
 2.57929e-01
 3.08723e-01
 3.62296e-01
 4.18797e-01
 4.78435e-01
 5.41455e-01
 6.08109e-01
 6.78566e-01
 7.52705e-01
 8.29467e-01
 9.04769e-01
 9.64392e-01
 9.70891e-01
 9.47464e-01
 9.34127e-01
 9.30061e-01
 9.28646e-01
 9.27804e-01
 9.27348e-01
 9.27279e-01
 9.27216e-01
 9.27156e-01
 9.27098e-01
 9.27041e-01
 9.26983e-01
 9.26922e-01
 9.26857e-01
 9.26789e-01
 9.26716e-01
 9.26640e-01
 9.26562e-01
 9.26484e-01
 9.26406e-01
 9.26330e-01
 9.26258e-01
 9.26188e-01
 9.26118e-01
 9.26042e-01
 9.25951e-01
 9.25829e-01
 9.25652e-01
 9.25377e-01
 9.24934e-01
 9.24193e-01
 9.22907e-01
 9.20605e-01
 9.16392e-01
 9.08631e-01
 8.94519e-01
 8.69736e-01
 8.28516e-01
 7.64461e-01
 6.72255e-01
 5.50604e-01
 4.06613e-01
 2.59564e-01
 1.37295e-01
 5.94464e-02
 2.20259e-02
 7.48744e-03
 2.45014e-03
 7.88250e-04
 2.51083e-04
 7.93185e-05
 2.48463e-05
 7.70824e-06
 2.35225e-06
 6.56745e-07
 0.00000e+00
 0.00000e+00
-4.42801e-16
 2.59870e-16
 0.00000e+00
 0.00000e+00
 0.00000e+00
 0.00000e+00
 0.00000e+00
 0.00000e+00
 7.46231e-15
 2.10439e-13
 2.11444e-12
 1.86819e-11
 1.53088e-10
 1.16996e-09
 8.31168e-09
 5.46882e-08
 3.31838e-07
 1.84767e-06
 9.38565e-06
 4.31956e-05
 1.78622e-04
 6.57041e-04
 2.12494e-03
 5.96887e-03
 1.44217e-02
 2.99015e-02
 5.36908e-02
 8.52175e-02
 1.22760e-01
 1.64653e-01
 2.09864e-01
 2.57929e-01
 3.08723e-01
 3.62296e-01
 4.18797e-01
 4.78435e-01
 5.41455e-01
 6.08109e-01
 6.78566e-01
 7.52705e-01
 8.29467e-01
 9.04769e-01
 9.64392e-01
 9.70891e-01
 9.47464e-01
 9.34127e-01
 9.30061e-01
 9.28646e-01
 9.27804e-01
 9.27348e-01
 9.27279e-01
 9.27216e-01
 9.27156e-01
 9.27098e-01
 9.27041e-01
 9.26983e-01
 9.26922e-01
 9.26857e-01
 9.26789e-01
 9.26716e-01
 9.26640e-01
 9.26562e-01
 9.26484e-01
 9.26406e-01
 9.26330e-01
 9.26258e-01
 9.26188e-01
 9.26118e-01
 9.26042e-01
 9.25951e-01
 9.25829e-01
 9.25652e-01
 9.25377e-01
 9.24934e-01
 9.24193e-01
 9.22907e-01
 9.20605e-01
 9.16392e-01
 9.08631e-01
 8.94519e-01
 8.69736e-01
 8.28516e-01
 7.64461e-01
 6.72255e-01
 5.50604e-01
 4.06613e-01
 2.59564e-01
 1.37295e-01
 5.94464e-02
 2.20259e-02
 7.48744e-03
 2.45014e-03
 7.88250e-04
 2.51083e-04
 7.93185e-05
 2.48463e-05
 7.70824e-06
 2.35225e-06
 6.56745e-07
 0.00000e+00
 0.00000e+00
 8.66673e-15
 6.52579e-15
 6.09651e-15
 6.09651e-15
 6.09651e-15
 6.09651e-15
 6.09651e-15
 6.09651e-15
 1.33221e-14
 2.15249e-13
 2.11913e-12
 1.86866e-11
 1.53097e-10
 1.16997e-09
 8.31168e-09
 5.46882e-08
 3.31838e-07
 1.84767e-06
 9.38565e-06
 4.31956e-05
 1.78622e-04
 6.57041e-04
 2.12494e-03
 5.96887e-03
 1.44217e-02
 2.99015e-02
 5.36908e-02
 8.52175e-02
 1.22760e-01
 1.64653e-01
 2.09864e-01
 2.57929e-01
 3.08723e-01
 3.62296e-01
 4.18797e-01
 4.78435e-01
 5.41455e-01
 6.08109e-01
 6.78566e-01
 7.52705e-01
 8.29467e-01
 9.04769e-01
 9.64392e-01
 9.70891e-01
 9.47464e-01
 9.34127e-01
 9.30061e-01
 9.28646e-01
 9.27804e-01
 9.27348e-01
 9.27279e-01
 9.27216e-01
 9.27156e-01
 9.27098e-01
 9.27041e-01
 9.26983e-01
 9.26922e-01
 9.26857e-01
 9.26789e-01
 9.26716e-01
 9.26640e-01
 9.26562e-01
 9.26484e-01
 9.26406e-01
 9.26330e-01
 9.26258e-01
 9.26188e-01
 9.26118e-01
 9.26042e-01
 9.25951e-01
 9.25829e-01
 9.25652e-01
 9.25377e-01
 9.24934e-01
 9.24193e-01
 9.22907e-01
 9.20605e-01
 9.16392e-01
 9.08631e-01
 8.94519e-01
 8.69736e-01
 8.28516e-01
 7.64461e-01
 6.72255e-01
 5.50604e-01
 4.06613e-01
 2.59564e-01
 1.37295e-01
 5.94464e-02
 2.20259e-02
 7.48744e-03
 2.45014e-03
 7.88250e-04
 2.51083e-04
 7.93185e-05
 2.48463e-05
 7.70824e-06
 2.35225e-06
 6.56745e-07
 0.00000e+00
 0.00000e+00
-2.08362e-15
-7.78987e-15
-8.12868e-15
-8.12868e-15
-8.12868e-15
-8.12868e-15
-8.12868e-15
-8.12868e-15
-1.08872e-15
 1.99392e-13
 2.10472e-12
 1.86700e-11
 1.53081e-10
 1.16995e-09
 8.31166e-09
 5.46882e-08
 3.31838e-07
 1.84767e-06
 9.38565e-06
 4.31956e-05
 1.78622e-04
 6.57041e-04
 2.12494e-03
 5.96887e-03
 1.44217e-02
 2.99015e-02
 5.36908e-02
 8.52175e-02
 1.22760e-01
 1.64653e-01
 2.09864e-01
 2.57929e-01
 3.08723e-01
 3.62296e-01
 4.18797e-01
 4.78435e-01
 5.41455e-01
 6.08109e-01
 6.78566e-01
 7.52705e-01
 8.29467e-01
 9.04769e-01
 9.64392e-01
 9.70891e-01
 9.47464e-01
 9.34127e-01
 9.30061e-01
 9.28646e-01
 9.27804e-01
 9.27348e-01
 9.27279e-01
 9.27216e-01
 9.27156e-01
 9.27098e-01
 9.27041e-01
 9.26983e-01
 9.26922e-01
 9.26857e-01
 9.26789e-01
 9.26716e-01
 9.26640e-01
 9.26562e-01
 9.26484e-01
 9.26406e-01
 9.26330e-01
 9.26258e-01
 9.26188e-01
 9.26118e-01
 9.26042e-01
 9.25951e-01
 9.25829e-01
 9.25652e-01
 9.25377e-01
 9.24934e-01
 9.24193e-01
 9.22907e-01
 9.20605e-01
 9.16392e-01
 9.08631e-01
 8.94519e-01
 8.69736e-01
 8.28516e-01
 7.64461e-01
 6.72255e-01
 5.50604e-01
 4.06613e-01
 2.59564e-01
 1.37295e-01
 5.94464e-02
 2.20259e-02
 7.48744e-03
 2.45014e-03
 7.88250e-04
 2.51083e-04
 7.93185e-05
 2.48463e-05
 7.70824e-06
 2.35225e-06
 6.56745e-07
 0.00000e+00
 0.00000e+00
-5.40475e-15
-3.96270e-15
-4.06434e-15
-4.06434e-15
-4.06434e-15
-4.06434e-15
-4.06434e-15
-4.06434e-15
 4.17370e-15
 2.06588e-13
 2.11118e-12
 1.86823e-11
 1.53086e-10
 1.16995e-09
 8.31167e-09
 5.46882e-08
 3.31838e-07
 1.84767e-06
 9.38565e-06
 4.31956e-05
 1.78622e-04
 6.57041e-04
 2.12494e-03
 5.96887e-03
 1.44217e-02
 2.99015e-02
 5.36908e-02
 8.52175e-02
 1.22760e-01
 1.64653e-01
 2.09864e-01
 2.57929e-01
 3.08723e-01
 3.62296e-01
 4.18797e-01
 4.78435e-01
 5.41455e-01
 6.08109e-01
 6.78566e-01
 7.52705e-01
 8.29467e-01
 9.04769e-01
 9.64392e-01
 9.70891e-01
 9.47464e-01
 9.34127e-01
 9.30061e-01
 9.28646e-01
 9.27804e-01
 9.27348e-01
 9.27279e-01
 9.27216e-01
 9.27156e-01
 9.27098e-01
 9.27041e-01
 9.26983e-01
 9.26922e-01
 9.26857e-01
 9.26789e-01
 9.26716e-01
 9.26640e-01
 9.26562e-01
 9.26484e-01
 9.26406e-01
 9.26330e-01
 9.26258e-01
 9.26188e-01
 9.26118e-01
 9.26042e-01
 9.25951e-01
 9.25829e-01
 9.25652e-01
 9.25377e-01
 9.24934e-01
 9.24193e-01
 9.22907e-01
 9.20605e-01
 9.16392e-01
 9.08631e-01
 8.94519e-01
 8.69736e-01
 8.28516e-01
 7.64461e-01
 6.72255e-01
 5.50604e-01
 4.06613e-01
 2.59564e-01
 1.37295e-01
 5.94464e-02
 2.20259e-02
 7.48744e-03
 2.45014e-03
 7.88250e-04
 2.51083e-04
 7.93185e-05
 2.48463e-05
 7.70824e-06
 2.35225e-06
 6.56745e-07
 0.00000e+00
 0.00000e+00
-5.22374e-15
-2.86010e-15
-3.38695e-15
-3.38695e-15
-3.38695e-15
-3.38695e-15
-3.38695e-15
-3.38695e-15
 4.87392e-15
 2.07583e-13
 2.11192e-12
 1.86806e-11
 1.53088e-10
 1.16996e-09
 8.31167e-09
 5.46882e-08
 3.31838e-07
 1.84767e-06
 9.38565e-06
 4.31956e-05
 1.78622e-04
 6.57041e-04
 2.12494e-03
 5.96887e-03
 1.44217e-02
 2.99015e-02
 5.36908e-02
 8.52175e-02
 1.22760e-01
 1.64653e-01
 2.09864e-01
 2.57929e-01
 3.08723e-01
 3.62296e-01
 4.18797e-01
 4.78435e-01
 5.41455e-01
 6.08109e-01
 6.78566e-01
 7.52705e-01
 8.29467e-01
 9.04769e-01
 9.64392e-01
 9.70891e-01
 9.47464e-01
 9.34127e-01
 9.30061e-01
 9.28646e-01
 9.27804e-01
 9.27348e-01
 9.27279e-01
 9.27216e-01
 9.27156e-01
 9.27098e-01
 9.27041e-01
 9.26983e-01
 9.26922e-01
 9.26857e-01
 9.26789e-01
 9.26716e-01
 9.26640e-01
 9.26562e-01
 9.26484e-01
 9.26406e-01
 9.26330e-01
 9.26258e-01
 9.26188e-01
 9.26118e-01
 9.26042e-01
 9.25951e-01
 9.25829e-01
 9.25652e-01
 9.25377e-01
 9.24934e-01
 9.24193e-01
 9.22907e-01
 9.20605e-01
 9.16392e-01
 9.08631e-01
 8.94519e-01
 8.69736e-01
 8.28516e-01
 7.64461e-01
 6.72255e-01
 5.50604e-01
 4.06613e-01
 2.59564e-01
 1.37295e-01
 5.94464e-02
 2.20259e-02
 7.48744e-03
 2.45014e-03
 7.88250e-04
 2.51083e-04
 7.93185e-05
 2.48463e-05
 7.70824e-06
 2.35225e-06
 6.56745e-07
 0.00000e+00
 0.00000e+00
-5.87613e-15
-4.27993e-15
-4.74173e-15
-4.74173e-15
-4.74173e-15
-4.74173e-15
-4.74173e-15
-4.74173e-15
 3.31622e-15
 2.06276e-13
 2.10976e-12
 1.86763e-11
 1.53087e-10
 1.16995e-09
 8.31167e-09
 5.46882e-08
 3.31838e-07
 1.84767e-06
 9.38565e-06
 4.31956e-05
 1.78622e-04
 6.57041e-04
 2.12494e-03
 5.96887e-03
 1.44217e-02
 2.99015e-02
 5.36908e-02
 8.52175e-02
 1.22760e-01
 1.64653e-01
 2.09864e-01
 2.57929e-01
 3.08723e-01
 3.62296e-01
 4.18797e-01
 4.78435e-01
 5.41455e-01
 6.08109e-01
 6.78566e-01
 7.52705e-01
 8.29467e-01
 9.04769e-01
 9.64392e-01
 9.70891e-01
 9.47464e-01
 9.34127e-01
 9.30061e-01
 9.28646e-01
 9.27804e-01
 9.27348e-01
 9.27279e-01
 9.27216e-01
 9.27156e-01
 9.27098e-01
 9.27041e-01
 9.26983e-01
 9.26922e-01
 9.26857e-01
 9.26789e-01
 9.26716e-01
 9.26640e-01
 9.26562e-01
 9.26484e-01
 9.26406e-01
 9.26330e-01
 9.26258e-01
 9.26188e-01
 9.26118e-01
 9.26042e-01
 9.25951e-01
 9.25829e-01
 9.25652e-01
 9.25377e-01
 9.24934e-01
 9.24193e-01
 9.22907e-01
 9.20605e-01
 9.16392e-01
 9.08631e-01
 8.94519e-01
 8.69736e-01
 8.28516e-01
 7.64461e-01
 6.72255e-01
 5.50604e-01
 4.06613e-01
 2.59564e-01
 1.37295e-01
 5.94464e-02
 2.20259e-02
 7.48744e-03
 2.45014e-03
 7.88250e-04
 2.51083e-04
 7.93185e-05
 2.48463e-05
 7.70824e-06
 2.35225e-06
 6.56745e-07
 0.00000e+00
 0.00000e+00
-8.54986e-15
-5.47862e-15
-6.77390e-15
-6.77390e-15
-6.77390e-15
-6.77390e-15
-6.77390e-15
-6.77390e-15
 8.74381e-16
 2.04550e-13
 2.10623e-12
 1.86761e-11
 1.53082e-10
 1.16995e-09
 8.31167e-09
 5.46882e-08
 3.31838e-07
 1.84767e-06
 9.38565e-06
 4.31956e-05
 1.78622e-04
 6.57041e-04
 2.12494e-03
 5.96887e-03
 1.44217e-02
 2.99015e-02
 5.36908e-02
 8.52175e-02
 1.22760e-01
 1.64653e-01
 2.09864e-01
 2.57929e-01
 3.08723e-01
 3.62296e-01
 4.18797e-01
 4.78435e-01
 5.41455e-01
 6.08109e-01
 6.78566e-01
 7.52705e-01
 8.29467e-01
 9.04769e-01
 9.64392e-01
 9.70891e-01
 9.47464e-01
 9.34127e-01
 9.30061e-01
 9.28646e-01
 9.27804e-01
 9.27348e-01
 9.27279e-01
 9.27216e-01
 9.27156e-01
 9.27098e-01
 9.27041e-01
 9.26983e-01
 9.26922e-01
 9.26857e-01
 9.26789e-01
 9.26716e-01
 9.26640e-01
 9.26562e-01
 9.26484e-01
 9.26406e-01
 9.26330e-01
 9.26258e-01
 9.26188e-01
 9.26118e-01
 9.26042e-01
 9.25951e-01
 9.25829e-01
 9.25652e-01
 9.25377e-01
 9.24934e-01
 9.24193e-01
 9.22907e-01
 9.20605e-01
 9.16392e-01
 9.08631e-01
 8.94519e-01
 8.69736e-01
 8.28516e-01
 7.64461e-01
 6.72255e-01
 5.50604e-01
 4.06613e-01
 2.59564e-01
 1.37295e-01
 5.94464e-02
 2.20259e-02
 7.48744e-03
 2.45014e-03
 7.88250e-04
 2.51083e-04
 7.93185e-05
 2.48463e-05
 7.70824e-06
 2.35225e-06
 6.56745e-07
 0.00000e+00
 0.00000e+00
 1.74181e-15
 2.52562e-15
 6.77390e-16
 6.77390e-16
 6.77390e-16
 6.77390e-16
 6.77390e-16
 6.77390e-16
 8.05802e-15
 2.10544e-13
 2.11384e-12
 1.86835e-11
 1.53089e-10
 1.16996e-09
 8.31168e-09
 5.46882e-08
 3.31838e-07
 1.84767e-06
 9.38565e-06
 4.31956e-05
 1.78622e-04
 6.57041e-04
 2.12494e-03
 5.96887e-03
 1.44217e-02
 2.99015e-02
 5.36908e-02
 8.52175e-02
 1.22760e-01
 1.64653e-01
 2.09864e-01
 2.57929e-01
 3.08723e-01
 3.62296e-01
 4.18797e-01
 4.78435e-01
 5.41455e-01
 6.08109e-01
 6.78566e-01
 7.52705e-01
 8.29467e-01
 9.04769e-01
 9.64392e-01
 9.70891e-01
 9.47464e-01
 9.34127e-01
 9.30061e-01
 9.28646e-01
 9.27804e-01
 9.27348e-01
 9.27279e-01
 9.27216e-01
 9.27156e-01
 9.27098e-01
 9.27041e-01
 9.26983e-01
 9.26922e-01
 9.26857e-01
 9.26789e-01
 9.26716e-01
 9.26640e-01
 9.26562e-01
 9.26484e-01
 9.26406e-01
 9.26330e-01
 9.26258e-01
 9.26188e-01
 9.26118e-01
 9.26042e-01
 9.25951e-01
 9.25829e-01
 9.25652e-01
 9.25377e-01
 9.24934e-01
 9.24193e-01
 9.22907e-01
 9.20605e-01
 9.16392e-01
 9.08631e-01
 8.94519e-01
 8.69736e-01
 8.28516e-01
 7.64461e-01
 6.72255e-01
 5.50604e-01
 4.06613e-01
 2.59564e-01
 1.37295e-01
 5.94464e-02
 2.20259e-02
 7.48744e-03
 2.45014e-03
 7.88250e-04
 2.51083e-04
 7.93185e-05
 2.48463e-05
 7.70824e-06
 2.35225e-06
 6.56745e-07
 0.00000e+00
 0.00000e+00
-7.86482e-15
-1.24704e-14
-1.35478e-14
-1.35478e-14
-1.35478e-14
-1.35478e-14
-1.35478e-14
-1.35478e-14
-6.25263e-15
 1.94281e-13
 2.10042e-12
 1.86667e-11
 1.53075e-10
 1.16995e-09
 8.31166e-09
 5.46882e-08
 3.31838e-07
 1.84767e-06
 9.38565e-06
 4.31956e-05
 1.78622e-04
 6.57041e-04
 2.12494e-03
 5.96887e-03
 1.44217e-02
 2.99015e-02
 5.36908e-02
 8.52175e-02
 1.22760e-01
 1.64653e-01
 2.09864e-01
 2.57929e-01
 3.08723e-01
 3.62296e-01
 4.18797e-01
 4.78435e-01
 5.41455e-01
 6.08109e-01
 6.78566e-01
 7.52705e-01
 8.29467e-01
 9.04769e-01
 9.64392e-01
 9.70891e-01
 9.47464e-01
 9.34127e-01
 9.30061e-01
 9.28646e-01
 9.27804e-01
 9.27348e-01
 9.27279e-01
 9.27216e-01
 9.27156e-01
 9.27098e-01
 9.27041e-01
 9.26983e-01
 9.26922e-01
 9.26857e-01
 9.26789e-01
 9.26716e-01
 9.26640e-01
 9.26562e-01
 9.26484e-01
 9.26406e-01
 9.26330e-01
 9.26258e-01
 9.26188e-01
 9.26118e-01
 9.26042e-01
 9.25951e-01
 9.25829e-01
 9.25652e-01
 9.25377e-01
 9.24934e-01
 9.24193e-01
 9.22907e-01
 9.20605e-01
 9.16392e-01
 9.08631e-01
 8.94519e-01
 8.69736e-01
 8.28516e-01
 7.64461e-01
 6.72255e-01
 5.50604e-01
 4.06613e-01
 2.59564e-01
 1.37295e-01
 5.94464e-02
 2.20259e-02
 7.48744e-03
 2.45014e-03
 7.88250e-04
 2.51083e-04
 7.93185e-05
 2.48463e-05
 7.70824e-06
 2.35225e-06
 6.56745e-07
 0.00000e+00
 0.00000e+00
 5.44786e-15
 8.33197e-15
 8.12868e-15
 8.12868e-15
 8.12868e-15
 8.12868e-15
 8.12868e-15
 8.12868e-15
 1.67673e-14
 2.19848e-13
 2.12463e-12
 1.86955e-11
 1.53097e-10
 1.16997e-09
 8.31168e-09
 5.46882e-08
 3.31838e-07
 1.84767e-06
 9.38565e-06
 4.31956e-05
 1.78622e-04
 6.57041e-04
 2.12494e-03
 5.96887e-03
 1.44217e-02
 2.99015e-02
 5.36908e-02
 8.52175e-02
 1.22760e-01
 1.64653e-01
 2.09864e-01
 2.57929e-01
 3.08723e-01
 3.62296e-01
 4.18797e-01
 4.78435e-01
 5.41455e-01
 6.08109e-01
 6.78566e-01
 7.52705e-01
 8.29467e-01
 9.04769e-01
 9.64392e-01
 9.70891e-01
 9.47464e-01
 9.34127e-01
 9.30061e-01
 9.28646e-01
 9.27804e-01
 9.27348e-01
 9.27279e-01
 9.27216e-01
 9.27156e-01
 9.27098e-01
 9.27041e-01
 9.26983e-01
 9.26922e-01
 9.26857e-01
 9.26789e-01
 9.26716e-01
 9.26640e-01
 9.26562e-01
 9.26484e-01
 9.26406e-01
 9.26330e-01
 9.26258e-01
 9.26188e-01
 9.26118e-01
 9.26042e-01
 9.25951e-01
 9.25829e-01
 9.25652e-01
 9.25377e-01
 9.24934e-01
 9.24193e-01
 9.22907e-01
 9.20605e-01
 9.16392e-01
 9.08631e-01
 8.94519e-01
 8.69736e-01
 8.28516e-01
 7.64461e-01
 6.72255e-01
 5.50604e-01
 4.06613e-01
 2.59564e-01
 1.37295e-01
 5.94464e-02
 2.20259e-02
 7.48744e-03
 2.45014e-03
 7.88250e-04
 2.51083e-04
 7.93185e-05
 2.48463e-05
 7.70824e-06
 2.35225e-06
 6.56745e-07
 0.00000e+00
 0.00000e+00
 7.16465e-15
 1.18919e-14
 1.08382e-14
 1.08382e-14
 1.08382e-14
 1.08382e-14
 1.08382e-14
 1.08382e-14
 1.96039e-14
 2.22759e-13
 2.12795e-12
 1.86948e-11
 1.53099e-10
 1.16998e-09
 8.31168e-09
 5.46882e-08
 3.31838e-07
 1.84767e-06
 9.38565e-06
 4.31956e-05
 1.78622e-04
 6.57041e-04
 2.12494e-03
 5.96887e-03
 1.44217e-02
 2.99015e-02
 5.36908e-02
 8.52175e-02
 1.22760e-01
 1.64653e-01
 2.09864e-01
 2.57929e-01
 3.08723e-01
 3.62296e-01
 4.18797e-01
 4.78435e-01
 5.41455e-01
 6.08109e-01
 6.78566e-01
 7.52705e-01
 8.29467e-01
 9.04769e-01
 9.64392e-01
 9.70891e-01
 9.47464e-01
 9.34127e-01
 9.30061e-01
 9.28646e-01
 9.27804e-01
 9.27348e-01
 9.27279e-01
 9.27216e-01
 9.27156e-01
 9.27098e-01
 9.27041e-01
 9.26983e-01
 9.26922e-01
 9.26857e-01
 9.26789e-01
 9.26716e-01
 9.26640e-01
 9.26562e-01
 9.26484e-01
 9.26406e-01
 9.26330e-01
 9.26258e-01
 9.26188e-01
 9.26118e-01
 9.26042e-01
 9.25951e-01
 9.25829e-01
 9.25652e-01
 9.25377e-01
 9.24934e-01
 9.24193e-01
 9.22907e-01
 9.20605e-01
 9.16392e-01
 9.08631e-01
 8.94519e-01
 8.69736e-01
 8.28516e-01
 7.64461e-01
 6.72255e-01
 5.50604e-01
 4.06613e-01
 2.59564e-01
 1.37295e-01
 5.94464e-02
 2.20259e-02
 7.48744e-03
 2.45014e-03
 7.88250e-04
 2.51083e-04
 7.93185e-05
 2.48463e-05
 7.70824e-06
 2.35225e-06
 6.56745e-07
 0.00000e+00
 0.00000e+00
 8.56944e-15
 1.17618e-14
 1.08382e-14
 1.08382e-14
 1.08382e-14
 1.08382e-14
 1.08382e-14
 1.08382e-14
 1.94257e-14
 2.22913e-13
 2.12604e-12
 1.86922e-11
 1.53102e-10
 1.16997e-09
 8.31168e-09
 5.46882e-08
 3.31838e-07
 1.84767e-06
 9.38565e-06
 4.31956e-05
 1.78622e-04
 6.57041e-04
 2.12494e-03
 5.96887e-03
 1.44217e-02
 2.99015e-02
 5.36908e-02
 8.52175e-02
 1.22760e-01
 1.64653e-01
 2.09864e-01
 2.57929e-01
 3.08723e-01
 3.62296e-01
 4.18797e-01
 4.78435e-01
 5.41455e-01
 6.08109e-01
 6.78566e-01
 7.52705e-01
 8.29467e-01
 9.04769e-01
 9.64392e-01
 9.70891e-01
 9.47464e-01
 9.34127e-01
 9.30061e-01
 9.28646e-01
 9.27804e-01
 9.27348e-01
 9.27279e-01
 9.27216e-01
 9.27156e-01
 9.27098e-01
 9.27041e-01
 9.26983e-01
 9.26922e-01
 9.26857e-01
 9.26789e-01
 9.26716e-01
 9.26640e-01
 9.26562e-01
 9.26484e-01
 9.26406e-01
 9.26330e-01
 9.26258e-01
 9.26188e-01
 9.26118e-01
 9.26042e-01
 9.25951e-01
 9.25829e-01
 9.25652e-01
 9.25377e-01
 9.24934e-01
 9.24193e-01
 9.22907e-01
 9.20605e-01
 9.16392e-01
 9.08631e-01
 8.94519e-01
 8.69736e-01
 8.28516e-01
 7.64461e-01
 6.72255e-01
 5.50604e-01
 4.06613e-01
 2.59564e-01
 1.37295e-01
 5.94464e-02
 2.20259e-02
 7.48744e-03
 2.45014e-03
 7.88250e-04
 2.51083e-04
 7.93185e-05
 2.48463e-05
 7.70824e-06
 2.35225e-06
 6.56745e-07
 0.00000e+00
 0.00000e+00
 3.95179e-15
 8.84473e-15
 6.77390e-15
 6.77390e-15
 6.77390e-15
 6.77390e-15
 6.77390e-15
 6.77390e-15
 1.48395e-14
 2.19144e-13
 2.12020e-12
 1.86905e-11
 1.53097e-10
 1.16997e-09
 8.31168e-09
 5.46882e-08
 3.31838e-07
 1.84767e-06
 9.38565e-06
 4.31956e-05
 1.78622e-04
 6.57041e-04
 2.12494e-03
 5.96887e-03
 1.44217e-02
 2.99015e-02
 5.36908e-02
 8.52175e-02
 1.22760e-01
 1.64653e-01
 2.09864e-01
 2.57929e-01
 3.08723e-01
 3.62296e-01
 4.18797e-01
 4.78435e-01
 5.41455e-01
 6.08109e-01
 6.78566e-01
 7.52705e-01
 8.29467e-01
 9.04769e-01
 9.64392e-01
 9.70891e-01
 9.47464e-01
 9.34127e-01
 9.30061e-01
 9.28646e-01
 9.27804e-01
 9.27348e-01
 9.27279e-01
 9.27216e-01
 9.27156e-01
 9.27098e-01
 9.27041e-01
 9.26983e-01
 9.26922e-01
 9.26857e-01
 9.26789e-01
 9.26716e-01
 9.26640e-01
 9.26562e-01
 9.26484e-01
 9.26406e-01
 9.26330e-01
 9.26258e-01
 9.26188e-01
 9.26118e-01
 9.26042e-01
 9.25951e-01
 9.25829e-01
 9.25652e-01
 9.25377e-01
 9.24934e-01
 9.24193e-01
 9.22907e-01
 9.20605e-01
 9.16392e-01
 9.08631e-01
 8.94519e-01
 8.69736e-01
 8.28516e-01
 7.64461e-01
 6.72255e-01
 5.50604e-01
 4.06613e-01
 2.59564e-01
 1.37295e-01
 5.94464e-02
 2.20259e-02
 7.48744e-03
 2.45014e-03
 7.88250e-04
 2.51083e-04
 7.93185e-05
 2.48463e-05
 7.70824e-06
 2.35225e-06
 6.56745e-07
 0.00000e+00
 0.00000e+00
 8.32330e-15
 1.36829e-14
 1.08382e-14
 1.08382e-14
 1.08382e-14
 1.08382e-14
 1.08382e-14
 1.08382e-14
 1.86091e-14
 2.21734e-13
 2.12543e-12
 1.86946e-11
 1.53099e-10
 1.16997e-09
 8.31169e-09
 5.46882e-08
 3.31838e-07
 1.84767e-06
 9.38565e-06
 4.31956e-05
 1.78622e-04
 6.57041e-04
 2.12494e-03
 5.96887e-03
 1.44217e-02
 2.99015e-02
 5.36908e-02
 8.52175e-02
 1.22760e-01
 1.64653e-01
 2.09864e-01
 2.57929e-01
 3.08723e-01
 3.62296e-01
 4.18797e-01
 4.78435e-01
 5.41455e-01
 6.08109e-01
 6.78566e-01
 7.52705e-01
 8.29467e-01
 9.04769e-01
 9.64392e-01
 9.70891e-01
 9.47464e-01
 9.34127e-01
 9.30061e-01
 9.28646e-01
 9.27804e-01
 9.27348e-01
 9.27279e-01
 9.27216e-01
 9.27156e-01
 9.27098e-01
 9.27041e-01
 9.26983e-01
 9.26922e-01
 9.26857e-01
 9.26789e-01
 9.26716e-01
 9.26640e-01
 9.26562e-01
 9.26484e-01
 9.26406e-01
 9.26330e-01
 9.26258e-01
 9.26188e-01
 9.26118e-01
 9.26042e-01
 9.25951e-01
 9.25829e-01
 9.25652e-01
 9.25377e-01
 9.24934e-01
 9.24193e-01
 9.22907e-01
 9.20605e-01
 9.16392e-01
 9.08631e-01
 8.94519e-01
 8.69736e-01
 8.28516e-01
 7.64461e-01
 6.72255e-01
 5.50604e-01
 4.06613e-01
 2.59564e-01
 1.37295e-01
 5.94464e-02
 2.20259e-02
 7.48744e-03
 2.45014e-03
 7.88250e-04
 2.51083e-04
 7.93185e-05
 2.48463e-05
 7.70824e-06
 2.35225e-06
 6.56745e-07
 0.00000e+00
 0.00000e+00
 6.81154e-16
 1.49078e-15
 0.00000e+00
 0.00000e+00
 0.00000e+00
 0.00000e+00
 0.00000e+00
 0.00000e+00
 7.68940e-15
 2.09078e-13
 2.11503e-12
 1.86822e-11
 1.53090e-10
 1.16996e-09
 8.31168e-09
 5.46882e-08
 3.31838e-07
 1.84767e-06
 9.38565e-06
 4.31956e-05
 1.78622e-04
 6.57041e-04
 2.12494e-03
 5.96887e-03
 1.44217e-02
 2.99015e-02
 5.36908e-02
 8.52175e-02
 1.22760e-01
 1.64653e-01
 2.09864e-01
 2.57929e-01
 3.08723e-01
 3.62296e-01
 4.18797e-01
 4.78435e-01
 5.41455e-01
 6.08109e-01
 6.78566e-01
 7.52705e-01
 8.29467e-01
 9.04769e-01
 9.64392e-01
 9.70891e-01
 9.47464e-01
 9.34127e-01
 9.30061e-01
 9.28646e-01
 9.27804e-01
 9.27348e-01
 9.27279e-01
 9.27216e-01
 9.27156e-01
 9.27098e-01
 9.27041e-01
 9.26983e-01
 9.26922e-01
 9.26857e-01
 9.26789e-01
 9.26716e-01
 9.26640e-01
 9.26562e-01
 9.26484e-01
 9.26406e-01
 9.26330e-01
 9.26258e-01
 9.26188e-01
 9.26118e-01
 9.26042e-01
 9.25951e-01
 9.25829e-01
 9.25652e-01
 9.25377e-01
 9.24934e-01
 9.24193e-01
 9.22907e-01
 9.20605e-01
 9.16392e-01
 9.08631e-01
 8.94519e-01
 8.69736e-01
 8.28516e-01
 7.64461e-01
 6.72255e-01
 5.50604e-01
 4.06613e-01
 2.59564e-01
 1.37295e-01
 5.94464e-02
 2.20259e-02
 7.48744e-03
 2.45014e-03
 7.88250e-04
 2.51083e-04
 7.93185e-05
 2.48463e-05
 7.70824e-06
 2.35225e-06
 6.56745e-07
 0.00000e+00
 0.00000e+00
 0.00000e+00
 0.00000e+00
 0.00000e+00
 0.00000e+00
 0.00000e+00
 0.00000e+00
 0.00000e+00
 0.00000e+00
 0.00000e+00
 0.00000e+00
 0.00000e+00
 0.00000e+00
 0.00000e+00
 0.00000e+00
 0.00000e+00
 0.00000e+00
 0.00000e+00
 0.00000e+00
 0.00000e+00
 0.00000e+00
 0.00000e+00
 0.00000e+00
 0.00000e+00
 0.00000e+00
 0.00000e+00
 0.00000e+00
 0.00000e+00
 0.00000e+00
 0.00000e+00
 0.00000e+00
 0.00000e+00
 0.00000e+00
 0.00000e+00
 0.00000e+00
 0.00000e+00
 0.00000e+00
 0.00000e+00
 0.00000e+00
 0.00000e+00
 0.00000e+00
 0.00000e+00
 0.00000e+00
 0.00000e+00
 0.00000e+00
 0.00000e+00
 0.00000e+00
 0.00000e+00
 0.00000e+00
 0.00000e+00
 0.00000e+00
 0.00000e+00
 0.00000e+00
 0.00000e+00
 0.00000e+00
 0.00000e+00
 0.00000e+00
 0.00000e+00
 0.00000e+00
 0.00000e+00
 0.00000e+00
 0.00000e+00
 0.00000e+00
 0.00000e+00
 0.00000e+00
 0.00000e+00
 0.00000e+00
 0.00000e+00
 0.00000e+00
 0.00000e+00
 0.00000e+00
 0.00000e+00
 0.00000e+00
 0.00000e+00
 0.00000e+00
 0.00000e+00
 0.00000e+00
 0.00000e+00
 0.00000e+00
 0.00000e+00
 0.00000e+00
 0.00000e+00
 0.00000e+00
 0.00000e+00
 0.00000e+00
 0.00000e+00
 0.00000e+00
 0.00000e+00
 0.00000e+00
 0.00000e+00
 0.00000e+00
 0.00000e+00
 0.00000e+00
 0.00000e+00
 0.00000e+00
 0.00000e+00
 0.00000e+00
 0.00000e+00
 0.00000e+00
 0.00000e+00
 0.00000e+00
 0.00000e+00
-1.35478e-15
 0.00000e+00
 0.00000e+00
-2.03217e-15
 4.06434e-15
-1.35478e-15
 0.00000e+00
-4.74173e-15
 4.71325e-15
-2.88894e-16
 8.81858e-17
 4.14138e-16
 1.19774e-15
 3.72673e-15
 2.40935e-15
 3.67634e-15
 1.63248e-15
 1.05523e-14
 6.05350e-15
 1.18716e-14
 5.02220e-15
-2.17486e-16
 2.19916e-15
 5.84771e-15
 1.94335e-15
-1.06813e-15
-1.77649e-15
-8.85367e-15
-1.21092e-14
-9.62929e-15
-2.86571e-15
-1.38071e-14
-1.73636e-14
-5.18016e-15
 3.21705e-15
 2.48451e-15
 1.06935e-14
 5.03665e-15
 6.50375e-15
 8.24221e-15
 1.54650e-15
-1.30025e-15
-3.65720e-15
-1.36491e-14
-1.76469e-14
-1.43976e-14
-1.33366e-14
-1.31157e-14
-8.78085e-15
-6.50133e-15
-1.37487e-15
 1.49436e-14
 9.15159e-15
 6.34885e-15
 4.35126e-15
 8.03179e-15
 1.71619e-15
-5.15224e-15
-2.43104e-15
-1.49676e-14
-1.66439e-14
 2.65175e-15
 2.08986e-15
-1.15068e-14
-1.61104e-15
 6.84655e-15
 2.71478e-16
 1.20233e-14
 1.80535e-14
-1.91481e-15
 2.04694e-15
 1.50298e-14
 1.13803e-14
 4.33578e-15
 2.39143e-15
 1.27354e-14
-4.42929e-15
-9.97659e-15
 1.07247e-14
 1.53868e-14
-1.84138e-14
-9.80949e-15
-1.48435e-14
-1.20483e-14
-5.27802e-15
 1.05426e-16
-3.22730e-15
-1.39826e-15
 2.79574e-16
 4.68068e-15
 8.59782e-15
 5.07307e-15
-3.92325e-15
 1.31885e-14
-4.14723e-14
-1.57520e-14
 2.46577e-14
-7.26411e-15
-5.10605e-14
 2.88160e-14
 0.00000e+00
-1.35478e-15
 0.00000e+00
 0.00000e+00
-2.03217e-15
 4.06434e-15
-1.35478e-15
 0.00000e+00
-4.74173e-15
 4.74184e-15
-4.32808e-17
-1.08457e-15
-7.30618e-16
-8.83269e-17
-1.79287e-15
 3.83067e-16
 1.49154e-15
-9.80594e-15
 1.24037e-15
-9.52733e-15
-1.22969e-14
-7.44369e-15
-2.62671e-15
-2.25994e-16
 8.30874e-15
 6.42217e-15
 8.20535e-15
 1.01096e-14
 2.49580e-15
-3.44803e-15
 6.34602e-15
 1.08106e-14
 1.55336e-14
 9.19144e-15
-3.12098e-15
 8.54910e-16
-4.54953e-15
-1.14761e-14
-1.18669e-14
-9.93382e-15
-7.90197e-15
-1.96017e-15
-7.18800e-15
 9.39396e-15
 2.59557e-14
 2.05095e-14
 1.27274e-14
 7.29892e-15
-2.92382e-15
-7.17257e-15
-4.96342e-15
-8.66783e-15
-2.17996e-14
-7.86756e-15
-3.49012e-15
-1.13561e-14
-1.38828e-14
-1.86628e-14
-9.05429e-15
-5.49984e-15
 4.88229e-15
-5.48272e-15
-1.37410e-14
-1.15682e-14
-2.11895e-15
-2.19724e-15
-6.64369e-15
-7.48083e-15
-2.17266e-14
-1.33809e-14
-1.36699e-14
-7.76851e-15
 7.99863e-15
-1.24212e-14
-2.66914e-14
-5.16096e-15
 5.28995e-15
-3.19634e-15
-1.87223e-14
-4.85428e-15
 2.43757e-14
 1.65332e-15
 5.91782e-16
 1.43494e-14
 1.52574e-14
 3.35324e-15
-1.02829e-14
-7.17734e-15
-2.99885e-15
-8.72461e-15
-9.48952e-15
-1.04791e-15
 1.95807e-15
 1.20333e-14
 2.41271e-14
-3.34783e-14
 2.81026e-15
 3.31107e-14
-1.43987e-14
-4.76411e-14
 4.93002e-14
 0.00000e+00
-1.35478e-15
 0.00000e+00
 0.00000e+00
-2.03217e-15
 4.06434e-15
-1.35478e-15
 0.00000e+00
-4.74173e-15
 4.84623e-15
 2.22405e-16
 1.04586e-15
 6.19282e-16
 1.02385e-16
 2.53528e-15
 1.82282e-16
-1.94071e-15
-4.69731e-15
 9.70279e-15
 3.27445e-15
 5.63517e-15
 1.61624e-15
 4.45325e-15
 3.25579e-15
-4.32003e-16
 2.20626e-15
-5.12863e-15
-4.80454e-15
-5.25120e-15
-6.73382e-15
-1.38607e-14
-1.11325e-14
-6.41270e-15
-3.08116e-15
-1.43696e-15
 3.88641e-15
-3.20206e-15
 1.54683e-16
 1.12761e-16
-1.20463e-15
-6.74333e-15
-9.41418e-15
-6.09436e-15
-1.48863e-14
-9.07910e-15
-9.54641e-17
 2.47642e-15
 1.55838e-14
 3.12112e-14
 3.19609e-14
 2.54052e-14
 3.04007e-14
 2.33090e-14
 1.39275e-14
 1.07734e-14
 1.97067e-14
 2.04589e-14
 1.45434e-14
 7.83403e-15
 1.41472e-14
 2.20426e-15
 1.26190e-15
 1.80975e-15
 3.74307e-15
-1.04635e-15
 3.21374e-15
-2.84782e-15
 9.17215e-15
 1.01697e-14
 1.58465e-14
-8.35013e-17
-2.15908e-15
 8.52323e-15
 8.54817e-15
-6.67809e-15
 8.47387e-15
 2.71343e-14
 1.17972e-14
 2.95246e-15
 1.37622e-14
 2.62092e-14
 1.33957e-15
 8.16189e-15
-3.36628e-15
-6.11928e-15
-3.25302e-15
 1.37989e-15
 1.14332e-16
-2.38451e-15
-8.18677e-15
-1.14146e-14
-1.48819e-14
-1.13137e-14
-1.38302e-14
 1.73357e-14
-3.45902e-14
-5.98510e-15
 3.57240e-14
 9.95282e-15
-3.28733e-14
 3.22307e-14
 0.00000e+00
-1.35478e-15
 0.00000e+00
 0.00000e+00
-2.03217e-15
 4.06434e-15
-1.35478e-15
 0.00000e+00
-4.74173e-15
 4.55349e-15
-8.34562e-16
-2.13465e-15
-3.22493e-15
-4.35781e-15
-5.97242e-15
-6.15485e-15
-4.74791e-15
-1.46245e-14
 2.64983e-16
-6.58788e-15
-5.22022e-15
-3.50983e-15
-7.96370e-15
-5.60601e-15
-3.49030e-15
-8.43416e-15
-3.06777e-16
 5.87853e-15
 7.90305e-16
 1.88715e-15
-5.31881e-15
-1.20333e-14
-1.73472e-16
 6.56748e-15
-5.86220e-15
 1.44385e-14
 1.65676e-14
 1.20140e-14
 1.84904e-14
 1.54187e-14
 1.18056e-14
 2.39848e-14
 1.65296e-14
-1.73317e-15
-4.07368e-15
-2.26914e-16
 6.79603e-16
-1.07556e-14
-2.36896e-14
-3.06482e-14
-2.95023e-14
-3.71464e-14
-1.98688e-14
-1.56855e-14
-1.42909e-14
-1.44996e-14
-4.31729e-15
 6.21194e-15
 4.73348e-15
-2.87532e-15
 7.81909e-15
 1.57642e-14
 2.07903e-14
 1.52161e-14
 2.99902e-14
 1.91448e-14
 1.78142e-14
 2.37341e-14
 1.82614e-14
 1.85908e-14
 7.40934e-16
 1.55782e-14
 1.41979e-14
 1.07631e-14
-5.83787e-15
 6.98631e-15
 2.47337e-14
 6.55961e-15
-2.18251e-14
-1.84356e-15
 1.67097e-14
-9.22572e-15
-3.62506e-15
 8.29258e-15
 1.87873e-14
 1.06781e-14
 1.00798e-14
 8.49987e-15
 3.32729e-15
 8.62250e-15
 5.60608e-15
-1.87129e-15
-6.06546e-15
-8.66958e-15
-1.12329e-14
-7.01107e-14
-2.28447e-14
 2.19081e-14
-2.54835e-14
-6.41736e-14
 3.42332e-14
 0.00000e+00
 0.00000e+00
 0.00000e+00
 0.00000e+00
 0.00000e+00
 0.00000e+00
 0.00000e+00
 0.00000e+00
 0.00000e+00
 0.00000e+00
 0.00000e+00
 0.00000e+00
 0.00000e+00
 0.00000e+00
 0.00000e+00
 0.00000e+00
 0.00000e+00
 0.00000e+00
 0.00000e+00
 0.00000e+00
 0.00000e+00
 0.00000e+00
 0.00000e+00
 0.00000e+00
 0.00000e+00
 0.00000e+00
 0.00000e+00
 0.00000e+00
 0.00000e+00
 0.00000e+00
 0.00000e+00
 0.00000e+00
 0.00000e+00
 0.00000e+00
 0.00000e+00
 0.00000e+00
 0.00000e+00
 0.00000e+00
 0.00000e+00
 0.00000e+00
 0.00000e+00
 0.00000e+00
 0.00000e+00
 0.00000e+00
 0.00000e+00
 0.00000e+00
 0.00000e+00
 0.00000e+00
 0.00000e+00
 0.00000e+00
 0.00000e+00
 0.00000e+00
 0.00000e+00
 0.00000e+00
 0.00000e+00
 0.00000e+00
 0.00000e+00
 0.00000e+00
 0.00000e+00
 0.00000e+00
 0.00000e+00
 0.00000e+00
 0.00000e+00
 0.00000e+00
 0.00000e+00
 0.00000e+00
 0.00000e+00
 0.00000e+00
 0.00000e+00
 0.00000e+00
 0.00000e+00
 0.00000e+00
 0.00000e+00
 0.00000e+00
 0.00000e+00
 0.00000e+00
 0.00000e+00
 0.00000e+00
 0.00000e+00
 0.00000e+00
 0.00000e+00
 0.00000e+00
 0.00000e+00
 0.00000e+00
 0.00000e+00
 0.00000e+00
 0.00000e+00
 0.00000e+00
 0.00000e+00
 0.00000e+00
 0.00000e+00
 0.00000e+00
 0.00000e+00
 0.00000e+00
 0.00000e+00
 0.00000e+00
 0.00000e+00
 0.00000e+00
 0.00000e+00
 0.00000e+00
 0.00000e+00
 0.00000e+00
 0.00000e+00
 0.00000e+00
 0.00000e+00
 0.00000e+00
 0.00000e+00
 0.00000e+00
 0.00000e+00
 0.00000e+00
 0.00000e+00
 0.00000e+00
 0.00000e+00
 0.00000e+00
 0.00000e+00
 0.00000e+00
 0.00000e+00
 0.00000e+00
 0.00000e+00
 0.00000e+00
 0.00000e+00
 0.00000e+00
 0.00000e+00
 0.00000e+00
 0.00000e+00
 0.00000e+00
 0.00000e+00
 0.00000e+00
 0.00000e+00
 0.00000e+00
 0.00000e+00
 0.00000e+00
 0.00000e+00
 0.00000e+00
 0.00000e+00
 0.00000e+00
 0.00000e+00
 0.00000e+00
 0.00000e+00
 0.00000e+00
 0.00000e+00
 0.00000e+00
 0.00000e+00
 0.00000e+00
 0.00000e+00
 0.00000e+00
 0.00000e+00
 0.00000e+00
 0.00000e+00
 0.00000e+00
 0.00000e+00
 0.00000e+00
 0.00000e+00
 0.00000e+00
 0.00000e+00
 0.00000e+00
 0.00000e+00
 0.00000e+00
 0.00000e+00
 0.00000e+00
 0.00000e+00
 0.00000e+00
 0.00000e+00
 0.00000e+00
 0.00000e+00
 0.00000e+00
 0.00000e+00
 0.00000e+00
 0.00000e+00
 0.00000e+00
 0.00000e+00
 0.00000e+00
 0.00000e+00
 0.00000e+00
 0.00000e+00
 0.00000e+00
 0.00000e+00
 0.00000e+00
 0.00000e+00
 0.00000e+00
 0.00000e+00
 0.00000e+00
 0.00000e+00
 0.00000e+00
 0.00000e+00
 0.00000e+00
 0.00000e+00
 0.00000e+00
 0.00000e+00
 0.00000e+00
 0.00000e+00
 0.00000e+00
 0.00000e+00
 0.00000e+00
 0.00000e+00
 0.00000e+00
 0.00000e+00
 0.00000e+00
 0.00000e+00
 0.00000e+00
 0.00000e+00
 0.00000e+00
 0.00000e+00
-1.01609e-15
 0.00000e+00
 0.00000e+00
-2.70956e-15
 4.40304e-15
-2.03217e-15
 0.00000e+00
-4.40304e-15
 4.41147e-15
 1.61519e-18
 1.28667e-16
-7.93278e-18
 1.43378e-15
 3.57302e-15
 1.01368e-15
-1.73584e-17
-1.98642e-15
 9.60126e-15
 2.61555e-15
 5.54858e-15
 3.19920e-15
 2.29249e-15
 3.64572e-15
 7.57301e-15
 1.08425e-14
 9.79825e-15
 3.55470e-15
 6.33014e-16
-1.33567e-15
-2.64120e-15
 5.95498e-16
-2.41572e-15
-5.87264e-15
-5.25299e-15
-6.04191e-16
-7.64045e-15
-1.15129e-15
-3.51142e-16
-5.46154e-15
-5.73427e-15
-6.99512e-15
-8.18108e-15
-3.40407e-15
-7.76501e-15
-9.48973e-15
-6.76558e-15
-9.12583e-15
-8.37800e-15
-2.14169e-16
 4.49625e-15
 1.51097e-14
 1.63043e-14
 9.69649e-15
 1.02999e-14
 9.33781e-15
 7.32239e-15
 7.25508e-15
-2.91534e-16
 3.84502e-15
-9.29868e-15
-1.16611e-14
 1.80508e-15
 1.42918e-15
-1.08601e-14
-2.99630e-15
-4.20743e-15
-1.03363e-14
-4.21125e-17
 8.49099e-15
-9.82085e-15
-1.08704e-15
 1.43197e-14
 9.50955e-15
-3.59266e-15
 1.66340e-15
 1.48398e-14
-7.88748e-15
-1.18143e-14
 1.19155e-14
 1.75057e-14
-1.82912e-14
-9.52060e-15
-1.12914e-14
-1.24566e-14
-9.49709e-15
-3.24593e-15
-6.00634e-16
 3.67664e-15
 4.28944e-15
 6.35343e-15
 1.04795e-14
 9.44873e-15
 7.90398e-16
 1.40713e-14
-4.31084e-14
-7.19594e-15
 2.46766e-14
-1.52513e-14
-5.07423e-14
 3.29085e-14
 0.00000e+00
-1.01609e-15
 0.00000e+00
 0.00000e+00
-2.70956e-15
 4.40304e-15
-2.03217e-15
 0.00000e+00
-4.40304e-15
 4.37508e-15
-4.24831e-16
-1.32664e-15
-1.12790e-15
-1.75133e-15
-3.73009e-15
-3.60956e-18
 6.47692e-16
-1.12410e-14
 1.05434e-15
-5.74037e-15
-6.92649e-15
-6.19094e-15
-2.47508e-15
-1.80255e-15
-5.62815e-16
-8.99070e-15
-4.30426e-15
-3.54038e-15
-1.17502e-14
-1.26404e-14
 1.68831e-15
 9.60149e-15
 8.74735e-15
 4.26151e-15
-3.22319e-15
 1.03305e-14
 6.97022e-15
 9.88252e-15
 9.37107e-15
 5.17400e-15
 3.79432e-15
 1.30895e-14
 4.26484e-15
 9.13955e-15
 2.13755e-14
 1.43339e-14
 6.28537e-15
 6.15696e-15
-1.49006e-15
-1.00550e-14
-1.31771e-14
-1.55193e-14
-2.86257e-14
-1.46689e-14
-1.75746e-14
-2.26875e-14
-2.25542e-14
-1.71032e-14
-1.67965e-14
-1.72276e-14
-3.08591e-15
-1.28430e-14
-1.28323e-14
-1.09726e-14
 1.27118e-15
 3.20723e-16
 9.45697e-16
 2.66668e-15
-9.98241e-15
-3.41884e-15
-7.86791e-15
-7.92553e-15
 4.68879e-15
-1.13941e-14
-3.03558e-14
-8.75760e-15
 9.11382e-15
-6.36303e-15
-2.10278e-14
-8.50023e-15
 1.90089e-14
-2.01599e-15
 5.42837e-15
 1.42428e-14
 1.45958e-14
 1.90706e-15
-9.11123e-15
-1.15902e-14
-1.20177e-14
-1.31695e-14
-1.33535e-14
-5.25707e-15
 2.28341e-17
 7.74865e-15
 2.33486e-14
-3.37921e-14
-5.33236e-15
 3.45632e-14
-7.80505e-15
-4.76911e-14
 4.59971e-14
 0.00000e+00
-1.01609e-15
 0.00000e+00
 0.00000e+00
-2.70956e-15
 4.40304e-15
-2.03217e-15
 0.00000e+00
-4.40304e-15
 4.48135e-15
 3.96845e-16
 1.09398e-15
 1.15336e-15
 1.30690e-15
 3.29568e-15
 1.65206e-15
 1.84066e-15
-8.09291e-16
 1.24846e-14
 5.55149e-15
 6.22971e-15
 3.36081e-15
 1.28177e-15
-4.02471e-16
 1.54982e-15
 8.33310e-15
 3.52818e-17
 1.56902e-15
 4.27049e-15
-3.20902e-15
-1.27765e-14
-1.18516e-14
-7.64070e-15
-4.90143e-15
-3.98108e-15
-2.93143e-15
-1.48599e-14
-1.92842e-14
-1.85307e-14
-6.27507e-15
-1.24605e-14
-1.69712e-14
-1.33231e-14
-2.69666e-14
-2.76360e-14
-1.22149e-14
-8.16321e-15
-6.37934e-15
 8.03932e-15
 1.54249e-14
 1.59382e-14
 2.52159e-14
 2.25789e-14
 1.10741e-14
 1.44079e-14
 2.43887e-14
 2.89117e-14
 2.25582e-14
 1.54943e-14
 1.72974e-14
 8.22098e-15
 1.09195e-14
 5.42035e-15
 7.85454e-15
 1.44339e-15
 5.37180e-16
 8.75599e-16
 1.99439e-15
 8.83408e-15
 1.20388e-14
 3.02561e-15
 1.03484e-15
 6.14407e-15
 1.04359e-15
-1.70695e-15
 6.64076e-15
 2.21149e-14
 1.67110e-14
-2.51676e-16
 1.25031e-14
 3.30733e-14
 5.10617e-15
 8.76988e-15
 1.33827e-15
-1.59402e-15
 4.41673e-15
 6.10326e-15
 8.76962e-15
 1.10271e-14
 5.19220e-15
 1.46871e-15
-2.15463e-15
-7.22211e-15
-1.12834e-14
 1.63991e-14
-3.53572e-14
-1.97388e-15
 3.55665e-14
 8.45719e-15
-3.30261e-14
 3.60708e-14
-3.86358e-16
-1.01604e-15
 1.50094e-16
 0.00000e+00
-2.70956e-15
 4.40304e-15
-2.03217e-15
 0.00000e+00
-4.40304e-15
 4.25036e-15
-1.02217e-15
-2.34591e-15
-4.05221e-15
-5.43290e-15
-6.34431e-15
-6.66697e-15
-7.19920e-15
-1.68155e-14
-2.76167e-15
-8.95971e-15
-7.04768e-15
-4.85206e-15
-4.15042e-15
 1.30545e-15
 9.46084e-16
-7.73209e-15
-2.08716e-15
 1.81017e-15
-4.76427e-15
-1.56511e-15
-5.98758e-15
-1.16477e-14
 2.63485e-15
 1.04013e-14
-5.37526e-15
 1.18646e-14
 2.22912e-14
 1.92881e-14
 2.18596e-14
 1.81639e-14
 1.94261e-14
 2.81410e-14
 1.95350e-14
 1.53503e-14
 1.83502e-14
 1.63211e-14
 1.30946e-14
 1.17373e-14
-9.72165e-16
-1.35028e-14
-1.76806e-14
-3.59237e-14
-1.80112e-14
-9.87845e-15
-5.53255e-15
-1.34651e-14
-1.25810e-14
-7.09032e-15
-6.31203e-16
-1.60510e-15
 1.71552e-16
 1.26486e-14
 1.27225e-14
 5.41302e-15
 1.55128e-14
 1.74686e-14
 1.54357e-14
 2.20937e-14
 1.64485e-14
 2.26276e-14
 7.64111e-16
 1.92972e-14
 1.99555e-14
 1.30739e-14
-8.57683e-15
 7.16443e-15
 2.29083e-14
 1.21044e-15
-1.45657e-14
 2.46055e-15
 1.51044e-14
-1.38268e-14
-9.65915e-15
-2.19594e-15
 4.61841e-15
 5.00625e-16
 4.88849e-15
 1.71574e-15
-4.42335e-15
-1.70286e-15
-6.84357e-15
-1.29345e-14
-1.26581e-14
-1.51631e-14
-1.12489e-14
-6.79236e-14
-2.64143e-14
 2.01799e-14
-2.52333e-14
-6.67995e-14
 3.02740e-14
 0.00000e+00
 0.00000e+00
 0.00000e+00
 0.00000e+00
 0.00000e+00
 0.00000e+00
 0.00000e+00
 0.00000e+00
 0.00000e+00
 0.00000e+00
 0.00000e+00
 0.00000e+00
 0.00000e+00
 0.00000e+00
 0.00000e+00
 0.00000e+00
 0.00000e+00
 0.00000e+00
 0.00000e+00
 0.00000e+00
 0.00000e+00
 0.00000e+00
 0.00000e+00
 0.00000e+00
 0.00000e+00
 0.00000e+00
 0.00000e+00
 0.00000e+00
 0.00000e+00
 0.00000e+00
 0.00000e+00
 0.00000e+00
 0.00000e+00
 0.00000e+00
 0.00000e+00
 0.00000e+00
 0.00000e+00
 0.00000e+00
 0.00000e+00
 0.00000e+00
 0.00000e+00
 0.00000e+00
 0.00000e+00
 0.00000e+00
 0.00000e+00
 0.00000e+00
 0.00000e+00
 0.00000e+00
 0.00000e+00
 0.00000e+00
 0.00000e+00
 0.00000e+00
 0.00000e+00
 0.00000e+00
 0.00000e+00
 0.00000e+00
 0.00000e+00
 0.00000e+00
 0.00000e+00
 0.00000e+00
 0.00000e+00
 0.00000e+00
 0.00000e+00
 0.00000e+00
 0.00000e+00
 0.00000e+00
 0.00000e+00
 0.00000e+00
 0.00000e+00
 0.00000e+00
 0.00000e+00
 0.00000e+00
 0.00000e+00
 0.00000e+00
 0.00000e+00
 0.00000e+00
 0.00000e+00
 0.00000e+00
 0.00000e+00
 0.00000e+00
 0.00000e+00
 0.00000e+00
 0.00000e+00
 0.00000e+00
 0.00000e+00
 0.00000e+00
 0.00000e+00
 0.00000e+00
 0.00000e+00
 0.00000e+00
 0.00000e+00
 0.00000e+00
 0.00000e+00
 0.00000e+00
 0.00000e+00
 0.00000e+00
 0.00000e+00
 0.00000e+00
 0.00000e+00
 0.00000e+00
 0.00000e+00
 0.00000e+00
 0.00000e+00
 0.00000e+00
 0.00000e+00
 0.00000e+00
 0.00000e+00
 0.00000e+00
 0.00000e+00
 0.00000e+00
 0.00000e+00
 0.00000e+00
 0.00000e+00
 0.00000e+00
 0.00000e+00
 0.00000e+00
 0.00000e+00
 0.00000e+00
 0.00000e+00
 0.00000e+00
 0.00000e+00
 0.00000e+00
 0.00000e+00
 0.00000e+00
 0.00000e+00
 0.00000e+00
 0.00000e+00
 0.00000e+00
 0.00000e+00
 0.00000e+00
 0.00000e+00
 0.00000e+00
 0.00000e+00
 0.00000e+00
 0.00000e+00
 0.00000e+00
 0.00000e+00
 0.00000e+00
 0.00000e+00
 0.00000e+00
 0.00000e+00
 0.00000e+00
 0.00000e+00
 0.00000e+00
 0.00000e+00
 0.00000e+00
 0.00000e+00
 0.00000e+00
 0.00000e+00
 0.00000e+00
 0.00000e+00
 0.00000e+00
 0.00000e+00
 0.00000e+00
 0.00000e+00
 0.00000e+00
 0.00000e+00
 0.00000e+00
 0.00000e+00
 0.00000e+00
 0.00000e+00
 0.00000e+00
 0.00000e+00
 0.00000e+00
 0.00000e+00
 0.00000e+00
 0.00000e+00
 0.00000e+00
 0.00000e+00
 0.00000e+00
 0.00000e+00
 0.00000e+00
 0.00000e+00
 0.00000e+00
 0.00000e+00
 0.00000e+00
 0.00000e+00
 0.00000e+00
 0.00000e+00
 0.00000e+00
 0.00000e+00
 0.00000e+00
 0.00000e+00
 0.00000e+00
 0.00000e+00
 0.00000e+00
 0.00000e+00
 0.00000e+00
 0.00000e+00
 0.00000e+00
 0.00000e+00
 0.00000e+00
 0.00000e+00
 0.00000e+00
 0.00000e+00
 0.00000e+00
 0.00000e+00
 0.00000e+00
 0.00000e+00
 0.00000e+00
 0.00000e+00
 0.00000e+00
 0.00000e+00
-6.77390e-16
 6.77390e-16
-3.38695e-16
-2.70956e-15
 4.06434e-15
-2.70956e-15
-6.77390e-16
-4.40304e-15
 4.49923e-15
-4.09851e-16
 3.49761e-16
-8.27446e-16
 3.12952e-16
 3.72611e-15
 1.13490e-15
-1.59828e-15
-5.29017e-15
 8.50909e-15
 1.87379e-16
 8.90137e-16
-1.65440e-15
 1.19866e-15
 3.31983e-15
 2.00032e-15
 6.72300e-15
 1.05889e-14
 1.88510e-15
-1.72643e-15
 1.46897e-15
 1.88919e-15
-3.76709e-15
-4.51884e-15
-4.93322e-15
-8.28847e-15
-5.78739e-15
-1.59413e-14
-9.45895e-15
-2.71139e-15
-1.17106e-14
-1.79401e-14
-9.86558e-15
-1.45768e-14
-1.55582e-14
-8.43200e-15
-1.96027e-15
-7.54238e-15
-6.48728e-15
 1.19364e-15
 4.82673e-15
 7.90274e-15
 1.38274e-14
 5.32575e-15
 9.75415e-15
 1.36445e-14
 1.82452e-14
 4.51933e-15
 4.74723e-15
-2.06136e-15
 1.58540e-15
-8.87390e-16
 4.17885e-15
 9.29807e-15
 6.22067e-15
-4.92656e-15
 2.46739e-15
-8.73353e-15
-8.41983e-15
-3.78387e-15
 2.03405e-15
-1.55753e-14
-7.81725e-15
 8.49616e-15
-4.99870e-15
-1.53956e-14
-7.67621e-15
 1.08416e-14
-5.09613e-15
-1.59678e-14
 3.05580e-15
 1.48051e-14
-1.44371e-14
-4.64171e-15
-2.34239e-15
-4.46357e-15
-6.17833e-15
-2.02239e-15
-1.40503e-15
 5.68998e-15
 6.67121e-15
 1.30104e-15
-4.31824e-15
-9.94009e-15
-1.15543e-14
 1.19768e-14
-4.59499e-14
-1.33322e-14
 2.86255e-14
-6.22495e-15
-5.14589e-14
 2.48946e-14
 0.00000e+00
-6.77390e-16
 6.77390e-16
-3.38695e-16
-2.70956e-15
 4.06434e-15
-2.70956e-15
-6.77390e-16
-4.40304e-15
 4.32383e-15
-1.35904e-15
-7.46921e-16
-7.70542e-16
-2.88899e-15
-6.77196e-15
-1.37358e-15
 1.51539e-15
-1.03062e-14
 3.89702e-15
-3.58828e-15
-3.30735e-15
-1.10884e-15
 1.65036e-15
-1.70434e-15
-2.72789e-15
-1.10453e-14
-1.32331e-14
-1.36528e-14
-1.48205e-14
-1.65648e-14
-7.72274e-15
 4.58014e-15
 6.14599e-15
-5.37264e-16
-5.87954e-15
 1.01375e-14
 1.09066e-14
 1.96850e-14
 2.00853e-14
 1.13974e-14
 1.45194e-14
 2.06553e-14
 1.32541e-14
 1.10507e-14
 1.53318e-14
 7.74554e-15
 8.36669e-15
 1.21189e-14
 8.69726e-16
-4.84810e-15
-9.40003e-15
-1.03378e-14
-1.72676e-14
-1.37892e-14
-1.97485e-14
-2.06762e-14
-5.07854e-15
-1.74032e-15
-7.38300e-15
-6.50859e-15
-4.23882e-15
-1.28527e-14
-1.03624e-14
-6.11803e-16
 5.79359e-16
-3.51877e-15
 3.84277e-15
 3.00779e-15
-1.89552e-15
 3.60924e-15
 3.14217e-15
 3.87168e-15
 5.40692e-15
-3.94512e-16
-1.44449e-14
 6.79734e-15
 2.06774e-14
-2.47212e-15
-1.87864e-14
-3.00759e-15
 1.81167e-14
-6.12786e-16
 1.04692e-14
 6.41794e-15
 1.05896e-14
 3.82551e-15
-1.43714e-15
-4.30836e-15
-1.42958e-14
-1.50907e-14
-6.81209e-15
 9.43257e-15
 1.99395e-14
 1.77015e-14
 2.47983e-14
-3.28308e-14
 1.08342e-15
 3.52876e-14
-9.41831e-15
-4.61874e-14
 5.01164e-14
 1.07414e-16
-6.00310e-16
 6.77390e-16
-3.38695e-16
-2.70956e-15
 4.06434e-15
-2.70956e-15
-6.77390e-16
-4.40304e-15
 4.44283e-15
-3.31454e-16
 7.80211e-16
 3.19131e-16
 2.25381e-15
 4.92452e-15
 1.34651e-15
 2.26947e-15
-1.75386e-15
 1.13509e-14
 5.82035e-15
 5.71172e-15
 6.24236e-16
-4.24026e-15
-1.46481e-15
 4.26469e-15
 1.16366e-14
 8.95749e-15
 1.18649e-14
 1.12458e-14
 4.69878e-15
-5.04366e-15
-1.05160e-14
-1.04122e-14
-1.20985e-14
-5.12704e-15
 4.72273e-15
-1.51518e-14
-2.59255e-14
-1.79976e-14
-1.40641e-15
-4.64405e-15
-7.40478e-15
-1.00779e-14
-1.65952e-14
-2.15939e-14
-1.84073e-14
-1.46620e-14
-1.76892e-14
-7.77342e-15
-1.73369e-16
 6.45403e-15
 1.10085e-14
 1.52120e-14
 3.45273e-15
 6.25949e-15
 9.84425e-15
 4.68093e-15
-7.84678e-16
 3.70960e-15
 7.21593e-15
 2.69639e-15
 9.72777e-15
-5.98997e-16
-5.01868e-15
-2.73805e-16
 1.91783e-16
-7.41953e-15
-1.05681e-14
-8.76633e-15
-5.83905e-15
-1.57223e-14
-1.84388e-14
-2.52912e-15
-1.55959e-14
-2.26825e-14
-1.37057e-14
 9.60389e-15
 3.06045e-15
-1.74221e-14
-1.93066e-15
 1.75095e-14
-1.17754e-14
-7.63046e-15
-8.86930e-15
-1.58908e-14
-2.02074e-14
-1.94242e-14
-1.22860e-14
-3.21314e-15
-5.70496e-15
-9.67529e-15
-1.19772e-14
-1.61810e-14
-1.20007e-14
 1.38901e-14
-3.44790e-14
-2.13747e-15
 3.26384e-14
 7.76146e-15
-3.51571e-14
 3.63223e-14
-8.21961e-16
-9.87035e-16
 7.95975e-16
-3.38695e-16
-2.70956e-15
 4.06434e-15
-2.70956e-15
-6.77390e-16
-4.40304e-15
 4.27580e-15
-1.63824e-15
-2.01905e-15
-4.20612e-15
-6.11482e-15
-6.74854e-15
-6.69531e-15
-8.20584e-15
-1.58129e-14
-1.56537e-15
-9.52815e-15
-7.80363e-15
-5.23881e-15
-3.10602e-15
 7.04660e-17
-7.26079e-16
-8.74145e-15
-7.26470e-15
-7.19339e-15
-1.00497e-14
-8.65774e-15
-1.20271e-14
-1.26084e-14
 2.24021e-15
 1.42761e-14
-8.57062e-15
 1.14861e-15
 1.54409e-14
 1.10582e-14
 7.20235e-15
 4.85348e-15
 7.72548e-15
 1.73483e-14
 1.88323e-14
 1.48400e-14
 1.81414e-14
 1.76715e-14
 1.69535e-14
 2.09911e-14
 1.40237e-14
-7.71037e-16
-1.09663e-14
-2.50369e-14
-9.20930e-15
-3.67516e-15
 6.19370e-15
-4.98009e-15
-8.71827e-15
-2.41429e-15
-2.41613e-15
-5.14289e-15
-2.51199e-15
 3.01576e-15
 6.65843e-15
 7.88711e-15
 3.50151e-15
 7.82209e-15
 1.41707e-14
 1.79581e-14
 1.72971e-14
 2.76384e-14
 9.13359e-15
 1.91639e-14
 2.83174e-14
 2.59996e-14
 7.09150e-15
 1.99403e-14
 2.70772e-14
 6.66435e-15
-2.29071e-15
 1.36681e-14
 2.30778e-14
-2.76300e-15
 9.00166e-15
 9.29875e-15
 1.58494e-14
 1.95568e-14
 2.67420e-14
 2.29988e-14
 1.20638e-14
 1.16136e-14
 2.74049e-15
-1.14281e-14
-1.46808e-14
-2.28560e-14
-1.00459e-14
-6.57127e-14
-2.97154e-14
 1.99162e-14
-2.57330e-14
-6.86292e-14
 2.71665e-14
 0.00000e+00
 0.00000e+00
 0.00000e+00
 0.00000e+00
 0.00000e+00
 0.00000e+00
 0.00000e+00
 0.00000e+00
 0.00000e+00
 0.00000e+00
 0.00000e+00
 0.00000e+00
 0.00000e+00
 0.00000e+00
 0.00000e+00
 0.00000e+00
 0.00000e+00
 0.00000e+00
 0.00000e+00
 0.00000e+00
 0.00000e+00
 0.00000e+00
 0.00000e+00
 0.00000e+00
 0.00000e+00
 0.00000e+00
 0.00000e+00
 0.00000e+00
 0.00000e+00
 0.00000e+00
 0.00000e+00
 0.00000e+00
 0.00000e+00
 0.00000e+00
 0.00000e+00
 0.00000e+00
 0.00000e+00
 0.00000e+00
 0.00000e+00
 0.00000e+00
 0.00000e+00
 0.00000e+00
 0.00000e+00
 0.00000e+00
 0.00000e+00
 0.00000e+00
 0.00000e+00
 0.00000e+00
 0.00000e+00
 0.00000e+00
 0.00000e+00
 0.00000e+00
 0.00000e+00
 0.00000e+00
 0.00000e+00
 0.00000e+00
 0.00000e+00
 0.00000e+00
 0.00000e+00
 0.00000e+00
 0.00000e+00
 0.00000e+00
 0.00000e+00
 0.00000e+00
 0.00000e+00
 0.00000e+00
 0.00000e+00
 0.00000e+00
 0.00000e+00
 0.00000e+00
 0.00000e+00
 0.00000e+00
 0.00000e+00
 0.00000e+00
 0.00000e+00
 0.00000e+00
 0.00000e+00
 0.00000e+00
 0.00000e+00
 0.00000e+00
 0.00000e+00
 0.00000e+00
 0.00000e+00
 0.00000e+00
 0.00000e+00
 0.00000e+00
 0.00000e+00
 0.00000e+00
 0.00000e+00
 0.00000e+00
 0.00000e+00
 0.00000e+00
 0.00000e+00
 0.00000e+00
 0.00000e+00
 0.00000e+00
 0.00000e+00
 0.00000e+00
 0.00000e+00
 0.00000e+00
 0.00000e+00
 0.00000e+00
 0.00000e+00
 0.00000e+00
 0.00000e+00
 0.00000e+00
 0.00000e+00
 0.00000e+00
 0.00000e+00
 0.00000e+00
 0.00000e+00
 0.00000e+00
 0.00000e+00
 0.00000e+00
 0.00000e+00
 0.00000e+00
 0.00000e+00
 0.00000e+00
 0.00000e+00
 0.00000e+00
 0.00000e+00
 0.00000e+00
 0.00000e+00
 0.00000e+00
 0.00000e+00
 0.00000e+00
 0.00000e+00
 0.00000e+00
 0.00000e+00
 0.00000e+00
 0.00000e+00
 0.00000e+00
 0.00000e+00
 0.00000e+00
 0.00000e+00
 0.00000e+00
 0.00000e+00
 0.00000e+00
 0.00000e+00
 0.00000e+00
 0.00000e+00
 0.00000e+00
 0.00000e+00
 0.00000e+00
 0.00000e+00
 0.00000e+00
 0.00000e+00
 0.00000e+00
 0.00000e+00
 0.00000e+00
 0.00000e+00
 0.00000e+00
 0.00000e+00
 0.00000e+00
 0.00000e+00
 0.00000e+00
 0.00000e+00
 0.00000e+00
 0.00000e+00
 0.00000e+00
 0.00000e+00
 0.00000e+00
 0.00000e+00
 0.00000e+00
 0.00000e+00
 0.00000e+00
 0.00000e+00
 0.00000e+00
 0.00000e+00
 0.00000e+00
 0.00000e+00
 0.00000e+00
 0.00000e+00
 0.00000e+00
 0.00000e+00
 0.00000e+00
 0.00000e+00
 0.00000e+00
 0.00000e+00
 0.00000e+00
 0.00000e+00
 0.00000e+00
 0.00000e+00
 0.00000e+00
 0.00000e+00
 0.00000e+00
 0.00000e+00
 0.00000e+00
 0.00000e+00
 0.00000e+00
 0.00000e+00
 0.00000e+00
 0.00000e+00
 0.00000e+00
 0.00000e+00
 0.00000e+00
 0.00000e+00
 0.00000e+00
 0.00000e+00
 0.00000e+00
 0.00000e+00
 0.00000e+00
 0.00000e+00
-6.77390e-16
 0.00000e+00
-1.01609e-15
-2.70956e-15
 4.74173e-15
-2.70956e-15
-3.38695e-16
-4.74173e-15
 5.12991e-15
-1.70667e-16
 4.37782e-17
-1.06665e-15
-6.30634e-16
 3.03166e-15
 8.34261e-16
-2.02041e-15
-8.35588e-15
 4.94542e-15
 1.24686e-15
 1.17796e-15
-2.13212e-15
 1.59888e-15
 3.22466e-15
-1.88328e-15
-3.83620e-15
-2.23802e-15
-2.03354e-15
-4.94149e-15
-1.57033e-16
-1.40893e-15
-6.26749e-15
-6.10547e-15
-5.81699e-15
-7.39499e-15
 6.97103e-16
-7.34509e-15
-1.08093e-15
 3.46221e-15
-3.55437e-15
-1.23996e-14
-2.76076e-15
-4.43115e-15
-1.65053e-14
-9.65572e-15
-5.66596e-15
-9.89527e-15
-6.25501e-15
-3.13495e-15
-4.03238e-15
 2.06971e-15
 8.69786e-15
-1.40842e-15
 6.24877e-15
-1.78837e-15
 1.18075e-14
-7.43429e-15
-5.41105e-15
 3.17056e-16
-4.81658e-15
-4.79719e-15
 1.33301e-15
-5.81774e-15
-9.78742e-15
-8.00265e-15
 3.62281e-16
-8.86983e-15
-4.53017e-15
-8.01656e-15
 4.09739e-15
-9.27101e-15
-7.72539e-15
 1.04861e-14
-2.33934e-15
-1.77688e-14
-6.86613e-15
 1.12562e-14
-2.16398e-15
-1.45705e-14
-1.53197e-15
 1.45192e-14
-1.34616e-14
-6.05773e-15
-4.52857e-15
-1.61098e-15
-1.02619e-14
-5.14373e-15
-4.62610e-15
 2.31014e-15
 2.74616e-15
-9.75571e-16
-5.26574e-15
-1.43082e-14
-1.49773e-14
 1.02789e-14
-4.29974e-14
-1.47961e-14
 2.80999e-14
-2.05475e-15
-5.21695e-14
 2.16236e-14
 0.00000e+00
-6.77390e-16
 0.00000e+00
-1.01609e-15
-2.70956e-15
 4.74173e-15
-2.70956e-15
-3.38695e-16
-4.74173e-15
 4.98007e-15
-8.07601e-16
-3.96008e-16
-3.78837e-16
-3.09738e-15
-7.81501e-15
-2.16502e-15
 7.27433e-16
-1.02786e-14
 4.81239e-15
-4.93708e-15
-5.72413e-15
-1.80141e-15
-2.73357e-16
-3.46982e-15
-1.87215e-15
-6.19561e-15
-8.64744e-15
-7.38800e-15
-1.80633e-15
-4.86367e-15
-4.06770e-15
 3.65282e-16
-1.52637e-15
-1.52023e-15
-5.60354e-15
 1.89914e-15
 2.47841e-15
 6.12801e-15
 1.12653e-15
-3.90732e-15
 6.42694e-15
 1.13418e-14
-6.66852e-17
-2.54705e-15
 5.98833e-15
 6.59693e-15
 4.64447e-15
-5.83209e-16
-8.06545e-15
-7.74005e-15
-1.25686e-14
-2.78201e-14
-1.50659e-14
-2.06056e-14
-2.25986e-14
-2.45423e-14
 9.26774e-15
 1.37225e-14
 9.78208e-15
 1.06896e-14
 7.48344e-15
 1.30770e-14
 1.36063e-15
 1.40872e-14
 7.92366e-15
-5.40013e-15
 1.12004e-15
 1.15402e-15
 7.65381e-15
 7.27222e-15
 2.60757e-15
 6.56517e-15
 1.21245e-14
 3.52105e-15
-9.05059e-15
 6.35649e-15
 2.04235e-14
-3.33167e-15
-2.29337e-14
-4.31072e-15
 1.78404e-14
-9.01160e-16
 1.60103e-14
 2.22588e-15
 2.69063e-15
 5.67468e-15
 2.97515e-15
 7.83824e-16
-7.63177e-15
-7.77683e-15
 1.28304e-15
 1.27551e-14
 2.03007e-14
 1.71451e-14
 2.35779e-14
-3.54506e-14
 3.79224e-15
 3.60813e-14
-9.99489e-15
-4.53675e-14
 5.20383e-14
 1.90665e-16
-7.02448e-16
-1.29935e-16
-1.01609e-15
-2.70956e-15
 4.74173e-15
-2.70956e-15
-3.38695e-16
-4.74173e-15
 5.04195e-15
-1.75435e-16
-2.69493e-16
-4.38713e-16
 1.96544e-15
 4.20649e-15
 4.68275e-16
 1.46113e-15
-1.64493e-15
 9.99048e-15
 3.72045e-15
 4.47487e-15
 1.07144e-15
-1.18780e-15
 2.75197e-15
 3.82130e-15
 1.30279e-14
 1.08246e-14
 2.59484e-15
-1.97932e-15
-1.65634e-15
-5.55332e-15
-5.63161e-15
-2.29201e-15
-7.11623e-15
-3.29789e-15
 1.50493e-14
-3.53971e-15
-1.34906e-14
-6.18192e-15
 6.88688e-15
 9.10439e-15
 3.75100e-15
 2.61218e-15
 1.64738e-15
-4.42495e-15
-5.19080e-15
-4.44905e-15
-3.31616e-15
 6.54960e-15
 8.35164e-15
 1.06868e-14
 1.36789e-14
 1.15860e-14
 1.10685e-14
 1.36925e-14
 8.74757e-15
-1.21627e-14
-2.06149e-14
-2.25150e-14
-1.54762e-14
-1.66294e-14
-1.13096e-14
-3.93823e-15
-1.12244e-14
-1.74094e-15
 2.70134e-15
-1.41877e-14
-1.86142e-14
-2.35509e-14
-1.83480e-14
-3.16620e-14
-2.76528e-14
-1.17447e-14
-1.90756e-14
-3.19593e-14
-2.24399e-14
 1.91339e-15
-7.52737e-15
-1.98548e-14
-9.42551e-15
-3.77204e-15
-2.85063e-14
-2.07788e-14
-1.78252e-14
-2.29767e-14
-3.03656e-14
-2.84778e-14
-2.57936e-14
-1.88707e-14
-2.26103e-14
-2.80721e-14
-3.08446e-14
-2.76974e-14
-1.43036e-14
 1.64010e-14
-3.09512e-14
-8.95488e-15
 3.00764e-14
 7.14353e-15
-3.84583e-14
 3.62325e-14
-3.32973e-15
-2.39383e-15
 9.89334e-17
-1.01609e-15
-2.70956e-15
 4.74173e-15
-2.70956e-15
-3.38695e-16
-4.74173e-15
 4.97491e-15
-1.31471e-15
-1.90064e-15
-3.22238e-15
-5.21910e-15
-5.62860e-15
-4.25560e-15
-5.95428e-15
-1.37138e-14
 8.29188e-16
-8.23504e-15
-7.95702e-15
-6.19908e-15
-6.43875e-15
-5.60065e-15
-7.64924e-15
-1.44517e-14
-1.06630e-14
-3.02732e-15
-3.44482e-15
-5.83142e-15
-8.65347e-15
-1.01270e-14
-1.47566e-15
 4.97673e-15
-6.79880e-15
 3.18341e-15
 6.22181e-15
 1.48420e-15
-2.39853e-15
-3.13268e-15
-1.43636e-15
 9.29179e-15
 7.36862e-15
 1.18622e-14
 1.06580e-14
 3.54450e-15
 4.98714e-15
 8.70484e-15
-2.00230e-16
-1.23360e-14
-1.83061e-14
-2.41393e-14
-8.79577e-15
-7.76809e-15
-5.86334e-15
-6.71733e-15
-4.82283e-15
 3.22979e-15
 3.28644e-15
 1.90514e-15
 7.47170e-15
-6.64160e-15
-2.22657e-15
 9.97228e-15
 1.25394e-15
 5.43192e-15
 1.64425e-14
 1.90755e-14
 1.56711e-14
 2.46201e-14
 7.79376e-15
 1.57111e-14
 3.22227e-14
 2.88181e-14
 1.91525e-14
 2.96170e-14
 3.12896e-14
 1.65339e-14
 3.36996e-15
 1.69710e-14
 3.46516e-14
 7.46276e-15
 2.11247e-14
 2.13869e-14
 2.80930e-14
 3.45829e-14
 3.83697e-14
 3.29890e-14
 1.90320e-14
 1.70768e-14
 1.44833e-14
 4.42618e-15
-4.30195e-15
-1.91695e-14
-9.95249e-15
-6.84489e-14
-2.35181e-14
 1.88980e-14
-3.05451e-14
-6.85986e-14
 2.54143e-14
 0.00000e+00
 0.00000e+00
 0.00000e+00
 0.00000e+00
 0.00000e+00
 0.00000e+00
 0.00000e+00
 0.00000e+00
 0.00000e+00
 0.00000e+00
 0.00000e+00
 0.00000e+00
 0.00000e+00
 0.00000e+00
 0.00000e+00
 0.00000e+00
 0.00000e+00
 0.00000e+00
 0.00000e+00
 0.00000e+00
 0.00000e+00
 0.00000e+00
 0.00000e+00
 0.00000e+00
 0.00000e+00
 0.00000e+00
 0.00000e+00
 0.00000e+00
 0.00000e+00
 0.00000e+00
 0.00000e+00
 0.00000e+00
 0.00000e+00
 0.00000e+00
 0.00000e+00
 0.00000e+00
 0.00000e+00
 0.00000e+00
 0.00000e+00
 0.00000e+00
 0.00000e+00
 0.00000e+00
 0.00000e+00
 0.00000e+00
 0.00000e+00
 0.00000e+00
 0.00000e+00
 0.00000e+00
 0.00000e+00
 0.00000e+00
 0.00000e+00
 0.00000e+00
 0.00000e+00
 0.00000e+00
 0.00000e+00
 0.00000e+00
 0.00000e+00
 0.00000e+00
 0.00000e+00
 0.00000e+00
 0.00000e+00
 0.00000e+00
 0.00000e+00
 0.00000e+00
 0.00000e+00
 0.00000e+00
 0.00000e+00
 0.00000e+00
 0.00000e+00
 0.00000e+00
 0.00000e+00
 0.00000e+00
 0.00000e+00
 0.00000e+00
 0.00000e+00
 0.00000e+00
 0.00000e+00
 0.00000e+00
 0.00000e+00
 0.00000e+00
 0.00000e+00
 0.00000e+00
 0.00000e+00
 0.00000e+00
 0.00000e+00
 0.00000e+00
 0.00000e+00
 0.00000e+00
 0.00000e+00
 0.00000e+00
 0.00000e+00
 0.00000e+00
 0.00000e+00
 0.00000e+00
 0.00000e+00
 0.00000e+00
 0.00000e+00
 0.00000e+00
 0.00000e+00
 0.00000e+00
 0.00000e+00
 0.00000e+00
 0.00000e+00
 0.00000e+00
 0.00000e+00
 0.00000e+00
 0.00000e+00
 0.00000e+00
 0.00000e+00
 0.00000e+00
 0.00000e+00
 0.00000e+00
 0.00000e+00
 0.00000e+00
 0.00000e+00
 0.00000e+00
 0.00000e+00
 0.00000e+00
 0.00000e+00
 0.00000e+00
 0.00000e+00
 0.00000e+00
 0.00000e+00
 0.00000e+00
 0.00000e+00
 0.00000e+00
 0.00000e+00
 0.00000e+00
 0.00000e+00
 0.00000e+00
 0.00000e+00
 0.00000e+00
 0.00000e+00
 0.00000e+00
 0.00000e+00
 0.00000e+00
 0.00000e+00
 0.00000e+00
 0.00000e+00
 0.00000e+00
 0.00000e+00
 0.00000e+00
 0.00000e+00
 0.00000e+00
 0.00000e+00
 0.00000e+00
 0.00000e+00
 0.00000e+00
 0.00000e+00
 0.00000e+00
 0.00000e+00
 0.00000e+00
 0.00000e+00
 0.00000e+00
 0.00000e+00
 0.00000e+00
 0.00000e+00
 0.00000e+00
 0.00000e+00
 0.00000e+00
 0.00000e+00
 0.00000e+00
 0.00000e+00
 0.00000e+00
 0.00000e+00
 0.00000e+00
 0.00000e+00
 0.00000e+00
 0.00000e+00
 0.00000e+00
 0.00000e+00
 0.00000e+00
 0.00000e+00
 0.00000e+00
 0.00000e+00
 0.00000e+00
 0.00000e+00
 0.00000e+00
 0.00000e+00
 0.00000e+00
 0.00000e+00
 0.00000e+00
 0.00000e+00
 0.00000e+00
 0.00000e+00
 0.00000e+00
 0.00000e+00
 0.00000e+00
 0.00000e+00
 0.00000e+00
 0.00000e+00
 0.00000e+00
 0.00000e+00
 0.00000e+00
 0.00000e+00
 0.00000e+00
 0.00000e+00
 0.00000e+00
 0.00000e+00
 0.00000e+00
 0.00000e+00
 0.00000e+00
 4.31138e-17
-7.37065e-16
-2.12605e-16
 6.77390e-16
-2.37087e-15
 4.74173e-15
-2.70956e-15
-3.38695e-16
-4.74173e-15
 5.08700e-15
-1.34134e-16
 3.95648e-16
-8.24141e-16
-1.27009e-15
 9.63452e-16
-5.58932e-16
-1.65879e-15
-8.30486e-15
 3.75388e-15
-1.25499e-15
-2.30451e-15
-2.28834e-15
 4.36568e-15
 5.77123e-15
 9.25626e-16
 5.47664e-16
 5.48028e-16
 1.40312e-15
 2.67018e-15
 3.24874e-15
-6.04278e-15
-4.11974e-15
-1.95516e-15
 8.15792e-16
-3.45678e-16
 5.70884e-15
-4.89618e-15
-3.01823e-15
 2.77416e-15
-5.48737e-15
-1.13363e-14
 2.77220e-15
 3.47263e-15
-3.73947e-15
-6.07645e-15
-7.26659e-15
-2.02804e-15
-3.25628e-15
-5.38032e-15
-3.55580e-15
 1.50597e-15
 1.22554e-14
 2.71543e-15
-6.36621e-15
-8.88776e-15
 8.26964e-15
-2.28881e-15
-3.15878e-15
 1.28916e-15
-2.50888e-15
 1.34262e-15
-5.11523e-16
-6.30460e-15
-1.00468e-14
-6.38984e-15
-1.21673e-15
-5.44931e-15
-4.88589e-15
-7.71346e-15
 3.24400e-15
-7.09620e-15
-2.53749e-15
 6.73158e-15
 1.01061e-15
-1.02265e-14
-2.74100e-15
 2.08236e-14
 3.60667e-15
-1.50986e-14
-1.31880e-15
 1.68134e-14
-8.01112e-15
-3.80454e-15
-2.87030e-15
-5.98068e-15
-1.03356e-14
-5.82097e-15
-1.49285e-15
 7.25651e-15
 7.13895e-15
 6.55769e-15
 1.33664e-15
-2.67423e-16
 1.21410e-15
 1.17296e-14
-4.48894e-14
-9.74427e-15
 2.36378e-14
-1.50710e-14
-5.11683e-14
 3.60518e-14
-6.45650e-16
-7.71777e-16
 1.94479e-16
 6.77390e-16
-2.37087e-15
 4.74173e-15
-2.70956e-15
-3.38695e-16
-4.74173e-15
 4.95064e-15
-6.22767e-16
-9.20828e-16
-1.64460e-15
-2.35509e-15
-3.78926e-15
-1.74665e-15
-3.21460e-15
-1.28039e-14
 3.44732e-15
-3.19487e-15
-4.20711e-15
-4.80506e-15
-7.96297e-15
-8.58290e-15
-2.27507e-15
-6.94578e-15
-7.33696e-15
-2.86820e-15
 1.40290e-15
 2.43970e-15
 1.02811e-14
 6.31022e-15
-3.11179e-16
-1.47144e-15
-5.17431e-15
 1.25500e-14
 9.14107e-15
 9.56693e-15
 1.26925e-14
 7.33916e-15
 1.34463e-14
 1.34443e-14
 4.37303e-16
-5.92657e-15
 3.17114e-15
 7.16749e-15
-2.44544e-15
-4.61336e-15
-6.40768e-15
-1.13617e-14
-1.67261e-14
-3.56311e-14
-2.26535e-14
-8.86945e-15
-1.63626e-14
-2.95059e-14
-1.15551e-14
-5.00152e-15
 1.72789e-15
-1.70148e-15
-1.44008e-15
 9.59509e-15
-7.84822e-15
-1.93857e-15
-2.84958e-15
-6.55812e-15
-1.25483e-15
-1.18755e-15
 3.24660e-15
 1.79081e-15
-9.24407e-15
-3.47692e-15
 1.61230e-15
-9.97011e-15
-2.63272e-14
-1.30405e-14
 1.77466e-15
-1.39539e-14
-3.09402e-14
-1.08407e-14
 9.80671e-15
-1.03761e-14
-1.06385e-15
-1.39143e-14
-1.11055e-14
-1.36248e-14
-1.38399e-14
-1.61970e-14
-1.87813e-14
-1.38419e-14
-9.54264e-15
 1.04630e-15
 4.99947e-15
 1.85705e-15
 2.05349e-14
-3.67577e-14
-7.25490e-15
 3.64726e-14
-1.41035e-15
-4.47746e-14
 4.25328e-14
 5.56108e-16
-1.07951e-15
-5.95972e-16
 6.77390e-16
-2.37087e-15
 4.74173e-15
-2.70956e-15
-3.38695e-16
-4.74173e-15
 4.98162e-15
-2.27439e-16
 1.32246e-16
 9.49833e-16
 1.31910e-15
 2.13371e-15
 1.48110e-15
 3.59433e-15
 4.48224e-16
 1.22773e-14
 4.78476e-15
 6.58427e-15
 7.05635e-15
 7.65822e-15
 6.52366e-15
 3.65791e-15
 1.07121e-14
 9.26780e-15
 3.81224e-16
-1.95515e-15
 6.45795e-18
 9.35223e-16
 1.70073e-15
 1.81471e-15
-1.00283e-15
-3.46745e-15
 9.44888e-15
-2.77321e-15
-1.05859e-14
-5.59522e-15
 2.46756e-15
 9.18765e-15
 5.07093e-15
 2.06226e-15
 6.18394e-15
 2.66771e-15
 4.77382e-15
 7.11620e-15
 3.54345e-15
 7.62113e-15
 1.59182e-14
 1.89890e-14
 2.14021e-14
 1.69395e-14
 1.36451e-14
 1.95877e-14
 2.40914e-14
 7.49124e-15
-2.06911e-15
-9.43256e-15
-3.88858e-15
-6.88861e-15
-2.18953e-15
 1.30248e-14
 5.95596e-15
 2.11988e-15
 6.39206e-15
 7.42969e-16
 3.53787e-15
 2.37458e-15
 3.30868e-15
-1.51686e-14
-5.10993e-15
 9.10341e-15
 4.43634e-16
-1.08936e-14
-4.12725e-15
 7.97010e-15
 1.66767e-15
-1.66302e-14
 1.05305e-15
 9.08971e-15
-1.44788e-14
 7.96515e-16
 1.08759e-15
 2.84094e-15
 2.18712e-15
 3.46440e-15
 5.77956e-15
 1.16262e-14
 8.45397e-15
 1.70965e-15
-5.19096e-15
-4.17685e-15
 2.41332e-15
 2.13238e-14
-3.23297e-14
-1.86124e-15
 3.35127e-14
 1.22867e-15
-4.20056e-14
 3.97436e-14
-3.88824e-15
-2.46419e-15
 3.53721e-16
 6.77390e-16
-2.37087e-15
 4.74173e-15
-2.70956e-15
-3.38695e-16
-4.74173e-15
 5.03787e-15
-1.43330e-15
-1.76286e-15
-2.62338e-15
-3.54937e-15
-3.70230e-15
-3.81942e-15
-5.30048e-15
-1.47834e-14
-2.27992e-15
-9.41184e-15
-9.49998e-15
-1.10939e-14
-1.00147e-14
-6.53193e-15
-9.70083e-15
-1.47939e-14
-1.05821e-14
-4.69212e-15
-7.72085e-15
-8.98938e-15
-1.20579e-14
-9.98237e-15
-3.93836e-15
-7.54220e-15
-1.24073e-14
-1.94739e-15
 5.06734e-15
 9.68267e-16
-3.05737e-15
-2.89573e-15
-8.94275e-15
-5.06972e-16
 6.88806e-16
 1.37183e-15
 1.45775e-15
-6.77939e-15
-1.52228e-14
-7.96292e-15
-9.50839e-15
-2.12771e-14
-2.55464e-14
-3.30316e-14
-2.26467e-14
-2.17386e-14
-2.14596e-14
-2.36000e-14
-1.17204e-14
-5.25800e-15
-5.19561e-15
-1.03149e-15
 2.89565e-15
-1.16690e-14
-7.19517e-15
-4.07625e-16
 3.20476e-15
 2.24178e-15
 3.92210e-15
 5.75913e-15
 1.24437e-15
 1.45630e-14
 5.89302e-15
 7.89233e-15
 2.49196e-14
 1.99700e-14
 1.29001e-14
 2.28641e-14
 2.66776e-14
 1.24069e-14
 3.02538e-15
 1.03806e-14
 2.97890e-14
-8.62149e-17
 5.18387e-15
 1.11718e-14
 1.01900e-14
 1.08222e-14
 1.10530e-14
 4.49262e-15
-7.47494e-15
-1.24070e-14
-9.65338e-15
-1.15331e-14
-1.97809e-14
-2.91365e-14
-1.35771e-14
-6.90580e-14
-2.52220e-14
 1.54786e-14
-2.63496e-14
-6.71919e-14
 2.19666e-14
 0.00000e+00
 0.00000e+00
 0.00000e+00
 0.00000e+00
 0.00000e+00
 0.00000e+00
 0.00000e+00
 0.00000e+00
 0.00000e+00
 0.00000e+00
 0.00000e+00
 0.00000e+00
 0.00000e+00
 0.00000e+00
 0.00000e+00
 0.00000e+00
 0.00000e+00
 0.00000e+00
 0.00000e+00
 0.00000e+00
 0.00000e+00
 0.00000e+00
 0.00000e+00
 0.00000e+00
 0.00000e+00
 0.00000e+00
 0.00000e+00
 0.00000e+00
 0.00000e+00
 0.00000e+00
 0.00000e+00
 0.00000e+00
 0.00000e+00
 0.00000e+00
 0.00000e+00
 0.00000e+00
 0.00000e+00
 0.00000e+00
 0.00000e+00
 0.00000e+00
 0.00000e+00
 0.00000e+00
 0.00000e+00
 0.00000e+00
 0.00000e+00
 0.00000e+00
 0.00000e+00
 0.00000e+00
 0.00000e+00
 0.00000e+00
 0.00000e+00
 0.00000e+00
 0.00000e+00
 0.00000e+00
 0.00000e+00
 0.00000e+00
 0.00000e+00
 0.00000e+00
 0.00000e+00
 0.00000e+00
 0.00000e+00
 0.00000e+00
 0.00000e+00
 0.00000e+00
 0.00000e+00
 0.00000e+00
 0.00000e+00
 0.00000e+00
 0.00000e+00
 0.00000e+00
 0.00000e+00
 0.00000e+00
 0.00000e+00
 0.00000e+00
 0.00000e+00
 0.00000e+00
 0.00000e+00
 0.00000e+00
 0.00000e+00
 0.00000e+00
 0.00000e+00
 0.00000e+00
 0.00000e+00
 0.00000e+00
 0.00000e+00
 0.00000e+00
 0.00000e+00
 0.00000e+00
 0.00000e+00
 0.00000e+00
 0.00000e+00
 0.00000e+00
 0.00000e+00
 0.00000e+00
 0.00000e+00
 0.00000e+00
 0.00000e+00
 0.00000e+00
 0.00000e+00
 0.00000e+00
 0.00000e+00
 0.00000e+00
 0.00000e+00
 0.00000e+00
 0.00000e+00
 0.00000e+00
 0.00000e+00
 0.00000e+00
 0.00000e+00
 0.00000e+00
 0.00000e+00
 0.00000e+00
 0.00000e+00
 0.00000e+00
 0.00000e+00
 0.00000e+00
 0.00000e+00
 0.00000e+00
 0.00000e+00
 0.00000e+00
 0.00000e+00
 0.00000e+00
 0.00000e+00
 0.00000e+00
 0.00000e+00
 0.00000e+00
 0.00000e+00
 0.00000e+00
 0.00000e+00
 0.00000e+00
 0.00000e+00
 0.00000e+00
 0.00000e+00
 0.00000e+00
 0.00000e+00
 0.00000e+00
 0.00000e+00
 0.00000e+00
 0.00000e+00
 0.00000e+00
 0.00000e+00
 0.00000e+00
 0.00000e+00
 0.00000e+00
 0.00000e+00
 0.00000e+00
 0.00000e+00
 0.00000e+00
 0.00000e+00
 0.00000e+00
 0.00000e+00
 0.00000e+00
 0.00000e+00
 0.00000e+00
 0.00000e+00
 0.00000e+00
 0.00000e+00
 0.00000e+00
 0.00000e+00
 0.00000e+00
 0.00000e+00
 0.00000e+00
 0.00000e+00
 0.00000e+00
 0.00000e+00
 0.00000e+00
 0.00000e+00
 0.00000e+00
 0.00000e+00
 0.00000e+00
 0.00000e+00
 0.00000e+00
 0.00000e+00
 0.00000e+00
 0.00000e+00
 0.00000e+00
 0.00000e+00
 0.00000e+00
 0.00000e+00
 0.00000e+00
 0.00000e+00
 0.00000e+00
 0.00000e+00
 0.00000e+00
 0.00000e+00
 0.00000e+00
 0.00000e+00
 0.00000e+00
 0.00000e+00
 0.00000e+00
 0.00000e+00
 0.00000e+00
 0.00000e+00
 0.00000e+00
 0.00000e+00
 0.00000e+00
 0.00000e+00
 0.00000e+00
 0.00000e+00
 0.00000e+00
 0.00000e+00
 0.00000e+00
 8.62277e-17
-2.19978e-16
 7.95061e-16
 6.77390e-16
-1.35478e-15
 4.74173e-15
-2.70956e-15
 0.00000e+00
-4.74173e-15
 4.79723e-15
 2.50558e-16
 6.13758e-16
-7.84986e-16
-2.35247e-15
-6.54853e-16
-7.16088e-17
 1.16764e-15
-5.35583e-15
 6.98294e-15
-3.77986e-15
-4.91254e-15
-4.95497e-15
 3.16455e-15
 6.70639e-15
-3.96658e-17
 2.39715e-15
 6.13073e-15
 1.29479e-15
 1.91663e-15
 5.58677e-16
-1.10482e-14
-7.78589e-15
-1.14860e-14
-3.22877e-15
 2.49654e-15
 2.03282e-15
-1.23213e-14
-1.08274e-14
 1.77100e-15
-9.07725e-15
-1.61094e-14
 5.10544e-16
-1.37543e-15
-5.33113e-15
-7.87113e-15
-4.36774e-15
 1.10121e-15
-3.10836e-15
-8.12327e-16
 1.90590e-15
-1.74984e-15
 1.95063e-15
 1.17420e-15
-1.14705e-14
-4.44107e-15
 1.33629e-14
 1.12218e-14
 4.49487e-15
-4.28463e-15
-2.08396e-15
 9.15475e-15
 9.76125e-15
 1.72262e-14
 8.76882e-15
 7.33190e-15
 6.25822e-15
-4.31133e-16
 6.15183e-17
 2.95063e-16
 9.24214e-15
-9.60272e-15
-1.97083e-15
 2.36722e-15
-4.48390e-15
-1.19261e-14
-8.34212e-15
 2.18227e-14
 6.79395e-15
-1.43378e-14
-5.84423e-15
 1.55050e-14
-5.93766e-15
-5.79026e-16
-1.58311e-16
-5.80242e-15
-3.19807e-15
-4.66911e-15
 6.23438e-16
 1.04483e-14
 1.21280e-14
 8.26026e-15
-8.83383e-15
-6.15305e-15
 4.71315e-15
 1.33813e-14
-5.06885e-14
-1.83685e-14
 2.19978e-14
-1.75788e-14
-5.25062e-14
 3.98764e-14
-1.29130e-15
-2.91435e-16
 1.84437e-15
 6.77390e-16
-1.35478e-15
 4.74173e-15
-2.70956e-15
 0.00000e+00
-4.74173e-15
 4.58414e-15
-2.64568e-16
-1.60618e-15
-2.58177e-15
-8.68032e-16
-3.48247e-16
-1.47906e-15
-4.61722e-15
-1.34523e-14
 5.12875e-15
-1.71751e-15
-2.48489e-15
-3.25855e-15
-9.63530e-15
-1.01849e-14
 3.03819e-15
 9.84592e-16
-6.93102e-15
-9.22553e-16
 3.79383e-15
 3.59840e-15
 1.49277e-14
 1.29605e-14
 1.13025e-14
-1.00667e-15
-8.03625e-15
 2.12220e-14
 1.75844e-14
 1.55717e-14
 2.77353e-14
 2.61681e-14
 2.96683e-14
 1.88915e-14
 1.89752e-14
 3.39121e-15
 6.07770e-15
 1.01522e-14
 4.90362e-15
 9.89753e-15
 7.50778e-15
-3.97762e-15
-6.06504e-15
-1.37995e-14
-1.37429e-14
 1.57156e-14
 4.79077e-15
-1.94497e-14
-2.05076e-14
-2.10662e-14
-8.59307e-15
-1.04208e-14
-1.76361e-14
-1.36266e-14
-2.60073e-14
-2.47650e-14
-2.31436e-14
-9.06594e-15
-1.13199e-14
-1.52060e-14
-1.55226e-14
-1.20404e-14
-1.67309e-14
-9.55036e-15
-1.41246e-14
-1.83237e-14
-2.61598e-14
-1.05483e-14
-6.46652e-15
-1.43754e-14
-3.18384e-14
-1.53833e-14
 5.47985e-15
-2.65188e-14
-2.11639e-14
-2.30577e-14
-1.93182e-14
-2.72889e-14
-2.62483e-14
-2.91741e-14
-3.24426e-14
-2.69289e-14
-1.93662e-14
 3.66543e-15
 9.29604e-15
-3.29738e-16
 2.02613e-14
-3.41624e-14
-5.62576e-15
 3.67958e-14
 1.16215e-15
-4.31666e-14
 3.78878e-14
 9.02152e-16
-3.62090e-16
 2.90907e-16
 6.77390e-16
-1.35478e-15
 4.74173e-15
-2.70956e-15
 0.00000e+00
-4.74173e-15
 4.65050e-15
-5.56532e-17
 6.08725e-16
 1.70078e-15
 6.92403e-16
 1.08597e-15
 1.67200e-15
 3.27774e-15
-2.98648e-15
 1.29347e-14
 5.97440e-15
 8.46430e-15
 8.19963e-15
 1.11388e-14
 8.83918e-15
 4.28953e-15
 4.48698e-15
 9.46745e-15
 1.17430e-14
 1.01358e-14
 1.36117e-14
 1.49809e-14
 7.06137e-15
-2.91043e-15
-2.65410e-15
-2.07101e-15
 6.45518e-15
-1.58662e-15
-5.66138e-15
-5.05139e-16
 4.52441e-16
 1.32120e-14
 1.44661e-14
 2.13817e-15
 1.95462e-14
 1.89631e-14
 7.36177e-15
 1.43397e-14
 7.38127e-15
 5.91798e-15
 1.61285e-14
 2.40800e-14
 2.08943e-14
 1.88265e-14
 2.70953e-15
 5.80545e-15
 2.12465e-14
 1.77936e-14
 1.27891e-14
 8.40922e-15
 1.50655e-14
 1.06995e-14
 1.85810e-14
 2.33501e-14
 1.71344e-14
 1.58458e-15
 1.02472e-14
 1.53557e-14
 2.99016e-14
 2.35128e-14
 1.93314e-14
-3.32998e-15
 9.03878e-15
 2.84216e-14
 8.62195e-15
-5.16494e-15
 4.96038e-15
 1.75798e-14
 9.45060e-15
-1.16066e-14
 9.69366e-15
 2.04783e-14
 4.47872e-15
 3.09651e-14
 1.63709e-14
 1.49814e-14
 1.59261e-14
 1.74643e-14
 2.11538e-14
 2.95637e-14
 3.12793e-14
 2.50010e-14
 1.54855e-14
 1.62686e-14
 1.87639e-14
 2.41230e-14
-3.59460e-14
 7.09940e-15
 3.51339e-14
-4.36217e-15
-4.47923e-14
 3.97150e-14
-1.68327e-15
-9.56798e-17
 2.21062e-15
 6.77390e-16
-1.35478e-15
 4.74173e-15
-2.70956e-15
 0.00000e+00
-4.74173e-15
 4.72776e-15
-1.01488e-15
-1.82013e-15
-2.31197e-15
-2.43566e-15
-3.49876e-15
-5.34439e-15
-5.44016e-15
-1.53506e-14
-2.52257e-15
-1.01210e-14
-1.02312e-14
-1.40631e-14
-1.30763e-14
-9.92921e-15
-1.12154e-14
-1.11103e-14
-1.05041e-14
-1.52050e-14
-1.75525e-14
-1.80381e-14
-2.21580e-14
-1.23000e-14
-4.07466e-15
-1.09896e-14
-2.08022e-14
-1.50501e-14
-2.38600e-15
-2.26323e-15
-1.24601e-14
-1.02195e-14
-2.62732e-14
-1.83097e-14
-6.54444e-15
-1.90225e-14
-2.01989e-14
-1.92911e-14
-3.14507e-14
-2.51861e-14
-1.51078e-14
-2.32986e-14
-3.05079e-14
-3.41298e-14
-3.03828e-14
-2.82430e-14
-1.83359e-14
-3.14959e-14
-1.03660e-14
-7.36215e-15
-1.26127e-14
-1.21722e-14
-3.35386e-15
-1.15355e-14
-3.07907e-15
-2.72870e-16
 9.33888e-15
-1.96298e-15
-8.89122e-15
-1.21696e-14
-6.59133e-15
 6.16745e-15
 8.65328e-15
 8.48717e-15
 1.70286e-14
 1.91497e-14
 4.71688e-15
 1.56887e-14
 2.43901e-14
 1.10594e-14
 1.71252e-15
 1.04951e-14
 2.92653e-14
-2.48827e-15
-2.87788e-15
 5.96465e-15
 2.81223e-15
-3.35310e-16
-1.26596e-15
-6.90873e-15
-1.79970e-14
-2.38506e-14
-2.47002e-14
-3.20922e-14
-4.39098e-14
-4.55024e-14
-1.55089e-14
-6.70138e-14
-3.30566e-14
 1.46683e-14
-1.93788e-14
-6.70497e-14
 2.03358e-14
 0.00000e+00
 0.00000e+00
 0.00000e+00
 0.00000e+00
 0.00000e+00
 0.00000e+00
 0.00000e+00
 0.00000e+00
 0.00000e+00
 0.00000e+00
 0.00000e+00
 0.00000e+00
 0.00000e+00
 0.00000e+00
 0.00000e+00
 0.00000e+00
 0.00000e+00
 0.00000e+00
 0.00000e+00
 0.00000e+00
 0.00000e+00
 0.00000e+00
 0.00000e+00
 0.00000e+00
 0.00000e+00
 0.00000e+00
 0.00000e+00
 0.00000e+00
 0.00000e+00
 0.00000e+00
 0.00000e+00
 0.00000e+00
 0.00000e+00
 0.00000e+00
 0.00000e+00
 0.00000e+00
 0.00000e+00
 0.00000e+00
 0.00000e+00
 0.00000e+00
 0.00000e+00
 0.00000e+00
 0.00000e+00
 0.00000e+00
 0.00000e+00
 0.00000e+00
 0.00000e+00
 0.00000e+00
 0.00000e+00
 0.00000e+00
 0.00000e+00
 0.00000e+00
 0.00000e+00
 0.00000e+00
 0.00000e+00
 0.00000e+00
 0.00000e+00
 0.00000e+00
 0.00000e+00
 0.00000e+00
 0.00000e+00
 0.00000e+00
 0.00000e+00
 0.00000e+00
 0.00000e+00
 0.00000e+00
 0.00000e+00
 0.00000e+00
 0.00000e+00
 0.00000e+00
 0.00000e+00
 0.00000e+00
 0.00000e+00
 0.00000e+00
 0.00000e+00
 0.00000e+00
 0.00000e+00
 0.00000e+00
 0.00000e+00
 0.00000e+00
 0.00000e+00
 0.00000e+00
 0.00000e+00
 0.00000e+00
 0.00000e+00
 0.00000e+00
 0.00000e+00
 0.00000e+00
 0.00000e+00
 0.00000e+00
 0.00000e+00
 0.00000e+00
 0.00000e+00
 0.00000e+00
 0.00000e+00
 0.00000e+00
 0.00000e+00
 0.00000e+00
 0.00000e+00
 0.00000e+00
 0.00000e+00
 0.00000e+00
 0.00000e+00
 0.00000e+00
 0.00000e+00
 0.00000e+00
 0.00000e+00
 0.00000e+00
 0.00000e+00
 0.00000e+00
 0.00000e+00
 0.00000e+00
 0.00000e+00
 0.00000e+00
 0.00000e+00
 0.00000e+00
 0.00000e+00
 0.00000e+00
 0.00000e+00
 0.00000e+00
 0.00000e+00
 0.00000e+00
 0.00000e+00
 0.00000e+00
 0.00000e+00
 0.00000e+00
 0.00000e+00
 0.00000e+00
 0.00000e+00
 0.00000e+00
 0.00000e+00
 0.00000e+00
 0.00000e+00
 0.00000e+00
 0.00000e+00
 0.00000e+00
 0.00000e+00
 0.00000e+00
 0.00000e+00
 0.00000e+00
 0.00000e+00
 0.00000e+00
 0.00000e+00
 0.00000e+00
 0.00000e+00
 0.00000e+00
 0.00000e+00
 0.00000e+00
 0.00000e+00
 0.00000e+00
 0.00000e+00
 0.00000e+00
 0.00000e+00
 0.00000e+00
 0.00000e+00
 0.00000e+00
 0.00000e+00
 0.00000e+00
 0.00000e+00
 0.00000e+00
 0.00000e+00
 0.00000e+00
 0.00000e+00
 0.00000e+00
 0.00000e+00
 0.00000e+00
 0.00000e+00
 0.00000e+00
 0.00000e+00
 0.00000e+00
 0.00000e+00
 0.00000e+00
 0.00000e+00
 0.00000e+00
 0.00000e+00
 0.00000e+00
 0.00000e+00
 0.00000e+00
 0.00000e+00
 0.00000e+00
 0.00000e+00
 0.00000e+00
 0.00000e+00
 0.00000e+00
 0.00000e+00
 0.00000e+00
 0.00000e+00
 0.00000e+00
 0.00000e+00
 0.00000e+00
 0.00000e+00
 0.00000e+00
 0.00000e+00
 0.00000e+00
 0.00000e+00
 0.00000e+00
 0.00000e+00
 0.00000e+00
 0.00000e+00
 0.00000e+00
 0.00000e+00
 0.00000e+00
 0.00000e+00
 0.00000e+00
 0.00000e+00
 0.00000e+00
 0.00000e+00
 0.00000e+00
 0.00000e+00
 0.00000e+00
 0.00000e+00
 0.00000e+00
 0.00000e+00
 0.00000e+00
 0.00000e+00
 0.00000e+00
 0.00000e+00
 0.00000e+00
 0.00000e+00
 0.00000e+00
 0.00000e+00
 0.00000e+00
 0.00000e+00
 0.00000e+00
 0.00000e+00
 0.00000e+00
 0.00000e+00
 0.00000e+00
 0.00000e+00
 0.00000e+00
 0.00000e+00
 0.00000e+00
 0.00000e+00
 0.00000e+00
 0.00000e+00
 0.00000e+00
 0.00000e+00
 0.00000e+00
 0.00000e+00
 0.00000e+00
 0.00000e+00
 0.00000e+00
 0.00000e+00
 0.00000e+00
 0.00000e+00
 0.00000e+00
 0.00000e+00
 0.00000e+00
 0.00000e+00
 0.00000e+00
 0.00000e+00
 0.00000e+00
 0.00000e+00
 0.00000e+00
 0.00000e+00
 0.00000e+00
 0.00000e+00
 0.00000e+00
 0.00000e+00
 0.00000e+00
 0.00000e+00
 0.00000e+00
 0.00000e+00
 0.00000e+00
 0.00000e+00
 0.00000e+00
 0.00000e+00
 0.00000e+00
 0.00000e+00
 0.00000e+00
 0.00000e+00
 0.00000e+00
 0.00000e+00
 0.00000e+00
 0.00000e+00
 0.00000e+00
 0.00000e+00
 0.00000e+00
 0.00000e+00
 0.00000e+00
 0.00000e+00
 0.00000e+00
 0.00000e+00
 0.00000e+00
 0.00000e+00
 0.00000e+00
 0.00000e+00
 0.00000e+00
 0.00000e+00
 0.00000e+00
 0.00000e+00
 0.00000e+00
 0.00000e+00
 0.00000e+00
 0.00000e+00
 0.00000e+00
 0.00000e+00
 0.00000e+00
 0.00000e+00
 0.00000e+00
 0.00000e+00
 0.00000e+00
 0.00000e+00
 0.00000e+00
 0.00000e+00
 0.00000e+00
 0.00000e+00
 0.00000e+00
 0.00000e+00
 0.00000e+00
 0.00000e+00
 0.00000e+00
 0.00000e+00
 0.00000e+00
 0.00000e+00
 0.00000e+00
 0.00000e+00
 0.00000e+00
 0.00000e+00
 0.00000e+00
 0.00000e+00
 0.00000e+00
 0.00000e+00
 0.00000e+00
 0.00000e+00
 0.00000e+00
 0.00000e+00
 0.00000e+00
 0.00000e+00
 0.00000e+00
 0.00000e+00
 0.00000e+00
 0.00000e+00
 0.00000e+00
 0.00000e+00
 0.00000e+00
 0.00000e+00
 0.00000e+00
 0.00000e+00
 0.00000e+00
 0.00000e+00
 0.00000e+00
 0.00000e+00
 0.00000e+00
 0.00000e+00
 0.00000e+00
 0.00000e+00
 0.00000e+00
 0.00000e+00
 0.00000e+00
 0.00000e+00
 0.00000e+00
 0.00000e+00
 0.00000e+00
 0.00000e+00
 0.00000e+00
 0.00000e+00
 0.00000e+00
 0.00000e+00
 0.00000e+00
 0.00000e+00
 0.00000e+00
 0.00000e+00
 0.00000e+00
 0.00000e+00
 0.00000e+00
 0.00000e+00
 0.00000e+00
 0.00000e+00
 0.00000e+00
 0.00000e+00
 0.00000e+00
 0.00000e+00
 0.00000e+00
 0.00000e+00
 0.00000e+00
 0.00000e+00
 0.00000e+00
 0.00000e+00
 0.00000e+00
 0.00000e+00
 0.00000e+00
 0.00000e+00
 0.00000e+00
 0.00000e+00
 0.00000e+00
 0.00000e+00
 0.00000e+00
 0.00000e+00
 0.00000e+00
 0.00000e+00
 0.00000e+00
 0.00000e+00
 0.00000e+00
 0.00000e+00
 0.00000e+00
 0.00000e+00
 0.00000e+00
 0.00000e+00
 0.00000e+00
 0.00000e+00
 0.00000e+00
 0.00000e+00
 0.00000e+00
 0.00000e+00
 0.00000e+00
 0.00000e+00
 0.00000e+00
 0.00000e+00
 0.00000e+00
 0.00000e+00
 0.00000e+00
 0.00000e+00
 0.00000e+00
 0.00000e+00
 0.00000e+00
 0.00000e+00
 0.00000e+00
 0.00000e+00
 0.00000e+00
 0.00000e+00
 0.00000e+00
 0.00000e+00
 0.00000e+00
 0.00000e+00
 0.00000e+00
 0.00000e+00
 0.00000e+00
 0.00000e+00
 0.00000e+00
 0.00000e+00
 0.00000e+00
 0.00000e+00
 0.00000e+00
 0.00000e+00
 0.00000e+00
 0.00000e+00
 0.00000e+00
 0.00000e+00
 0.00000e+00
 0.00000e+00
 0.00000e+00
 0.00000e+00
 0.00000e+00
 0.00000e+00
 0.00000e+00
 0.00000e+00
 0.00000e+00
 0.00000e+00
 0.00000e+00
 0.00000e+00
 0.00000e+00
 0.00000e+00
 0.00000e+00
 0.00000e+00
 0.00000e+00
 0.00000e+00
 0.00000e+00
 0.00000e+00
 0.00000e+00
 0.00000e+00
 0.00000e+00
 0.00000e+00
 0.00000e+00
 0.00000e+00
 0.00000e+00
 0.00000e+00
 0.00000e+00
 0.00000e+00
 0.00000e+00
 0.00000e+00
 0.00000e+00
 0.00000e+00
 0.00000e+00
 0.00000e+00
 0.00000e+00
 0.00000e+00
 0.00000e+00
 0.00000e+00
 0.00000e+00
 0.00000e+00
 0.00000e+00
 0.00000e+00
 0.00000e+00
 0.00000e+00
 0.00000e+00
 0.00000e+00
 0.00000e+00
 0.00000e+00
 0.00000e+00
 0.00000e+00
 0.00000e+00
 0.00000e+00
 0.00000e+00
 0.00000e+00
 0.00000e+00
 0.00000e+00
 0.00000e+00
 0.00000e+00
 0.00000e+00
 0.00000e+00
 0.00000e+00
 0.00000e+00
 0.00000e+00
 0.00000e+00
 0.00000e+00
 0.00000e+00
 0.00000e+00
 0.00000e+00
 0.00000e+00
 0.00000e+00
 0.00000e+00
 0.00000e+00
 0.00000e+00
 0.00000e+00
 0.00000e+00
 0.00000e+00
 0.00000e+00
 0.00000e+00
 0.00000e+00
 0.00000e+00
 0.00000e+00
 0.00000e+00
 0.00000e+00
 0.00000e+00
 0.00000e+00
 0.00000e+00
 0.00000e+00
 0.00000e+00
 0.00000e+00
 0.00000e+00
 0.00000e+00
 0.00000e+00
 0.00000e+00
 0.00000e+00
 0.00000e+00
 0.00000e+00
 0.00000e+00
 0.00000e+00
 0.00000e+00
 0.00000e+00
 0.00000e+00
 0.00000e+00
 0.00000e+00
 0.00000e+00
 0.00000e+00
 0.00000e+00
 0.00000e+00
 0.00000e+00
 0.00000e+00
 0.00000e+00
 0.00000e+00
 0.00000e+00
 0.00000e+00
 0.00000e+00
 0.00000e+00
 0.00000e+00
 0.00000e+00
 0.00000e+00
 0.00000e+00
 0.00000e+00
 0.00000e+00
 0.00000e+00
 0.00000e+00
 0.00000e+00
 0.00000e+00
 0.00000e+00
 0.00000e+00
 0.00000e+00
 0.00000e+00
 0.00000e+00
 0.00000e+00
 0.00000e+00
 0.00000e+00
 0.00000e+00
 0.00000e+00
 0.00000e+00
 0.00000e+00
 0.00000e+00
 0.00000e+00
 0.00000e+00
 0.00000e+00
 0.00000e+00
 0.00000e+00
 0.00000e+00
 0.00000e+00
 0.00000e+00
 0.00000e+00
 0.00000e+00
 0.00000e+00
 0.00000e+00
 0.00000e+00
 0.00000e+00
 0.00000e+00
 0.00000e+00
 0.00000e+00
 0.00000e+00
 0.00000e+00
 0.00000e+00
 0.00000e+00
 0.00000e+00
 0.00000e+00
 0.00000e+00
 0.00000e+00
 0.00000e+00
 0.00000e+00
 0.00000e+00
 0.00000e+00
 0.00000e+00
 0.00000e+00
 0.00000e+00
 0.00000e+00
 0.00000e+00
 0.00000e+00
 0.00000e+00
 0.00000e+00
 0.00000e+00
 0.00000e+00
 0.00000e+00
 0.00000e+00
 0.00000e+00
 0.00000e+00
 0.00000e+00
 0.00000e+00
 0.00000e+00
 0.00000e+00
 0.00000e+00
 0.00000e+00
 0.00000e+00
 0.00000e+00
 0.00000e+00
 0.00000e+00
 0.00000e+00
 0.00000e+00
 0.00000e+00
 0.00000e+00
 0.00000e+00
 0.00000e+00
 0.00000e+00
 0.00000e+00
 0.00000e+00
 0.00000e+00
 0.00000e+00
 0.00000e+00
 0.00000e+00
 0.00000e+00
 0.00000e+00
 0.00000e+00
 0.00000e+00
 0.00000e+00
 0.00000e+00
 0.00000e+00
 0.00000e+00
 0.00000e+00
 0.00000e+00
 0.00000e+00
 0.00000e+00
 0.00000e+00
 0.00000e+00
 0.00000e+00
 0.00000e+00
 0.00000e+00
 0.00000e+00
 0.00000e+00
 0.00000e+00
 0.00000e+00
 0.00000e+00
 0.00000e+00
 0.00000e+00
 0.00000e+00
 0.00000e+00
 0.00000e+00
 0.00000e+00
 0.00000e+00
 0.00000e+00
 0.00000e+00
 0.00000e+00
 0.00000e+00
 0.00000e+00
 0.00000e+00
 0.00000e+00
 0.00000e+00
 0.00000e+00
 0.00000e+00
 0.00000e+00
 0.00000e+00
 0.00000e+00
 0.00000e+00
 0.00000e+00
 0.00000e+00
 0.00000e+00
 0.00000e+00
 0.00000e+00
 0.00000e+00
 0.00000e+00
 0.00000e+00
 0.00000e+00
 0.00000e+00
 0.00000e+00
 0.00000e+00
 0.00000e+00
 0.00000e+00
 0.00000e+00
 0.00000e+00
 0.00000e+00
 0.00000e+00
 0.00000e+00
 0.00000e+00
 6.77390e-16
-6.77390e-16
 0.00000e+00
 1.35478e-15
-4.74173e-15
 2.03217e-15
 0.00000e+00
 4.06434e-15
-4.09945e-15
 4.48987e-15
-3.94035e-15
 1.16870e-15
 4.77504e-16
-8.43998e-16
 1.15160e-15
 5.26196e-15
 9.74174e-15
-9.69302e-15
-2.86286e-15
 8.59599e-15
-4.18465e-15
-5.43272e-15
-4.74999e-15
 1.12828e-15
-7.62157e-16
-5.14129e-15
 8.42458e-15
-6.60406e-16
-6.17721e-15
-8.22039e-15
-4.11569e-15
-5.85108e-15
-8.72093e-15
 5.55137e-15
-1.73296e-15
 6.52486e-15
 4.54412e-15
-9.99281e-15
-3.53277e-15
 7.31262e-15
-5.35832e-15
-1.28454e-15
-1.15289e-15
-4.45431e-15
-1.01407e-14
-5.15218e-15
 1.47862e-15
 5.34402e-16
-2.10231e-15
-1.78661e-15
-1.09134e-14
-3.96968e-16
 1.85773e-14
 1.29139e-15
 2.00900e-16
 1.13153e-14
-3.87025e-15
-5.31961e-15
 1.21691e-14
 6.25648e-15
-1.14885e-14
 7.28998e-16
-2.52454e-15
 8.95715e-15
 4.15424e-15
 8.57652e-15
 9.23545e-15
 1.38591e-14
 5.46839e-15
 1.75136e-14
-2.91573e-15
-6.87880e-15
 1.68806e-15
 2.10065e-14
 3.90367e-15
-1.65004e-14
-4.32286e-16
 1.79546e-14
 2.72095e-15
-1.12210e-14
 1.12178e-14
-7.89208e-15
-8.22706e-15
-2.19320e-15
 3.67106e-15
-9.66854e-16
-1.05092e-14
-1.24268e-14
-1.51788e-14
-1.24840e-14
-1.37396e-14
-1.64050e-14
 3.97338e-15
-4.91595e-14
 2.18810e-14
-1.59317e-14
-5.14809e-14
-5.71448e-15
 2.36129e-14
-6.60334e-14
-1.35478e-15
 6.77390e-16
-6.77390e-16
-1.01609e-15
 2.03217e-15
-4.40304e-15
 3.38695e-16
-1.69348e-15
 4.40304e-15
-4.74871e-15
 3.75945e-15
-3.65637e-15
-8.87969e-16
-9.52145e-17
-3.09061e-15
-2.10168e-15
 1.05607e-15
 3.91315e-15
-1.17891e-14
-6.90199e-15
 3.31996e-16
-7.56865e-15
-3.66970e-15
-4.31181e-15
 2.09852e-15
 7.42790e-15
 5.43083e-15
 1.37207e-14
 8.24070e-15
 4.34525e-15
-1.22560e-15
-1.89678e-15
 5.95768e-15
 1.98784e-15
 5.78251e-15
-5.56300e-15
-1.81791e-15
-8.54310e-15
-1.66951e-14
-1.36751e-14
-6.71453e-15
-1.54315e-14
-1.23246e-14
-1.61747e-15
 1.17584e-15
-4.99827e-16
 9.21374e-16
 4.93523e-15
 5.27586e-15
 6.33135e-15
 6.28413e-15
 5.93075e-15
 7.87511e-15
 1.77040e-14
-1.57530e-16
 6.38178e-15
 9.75316e-15
-8.64436e-16
 2.34098e-15
 1.72713e-14
 1.19848e-14
-3.94896e-15
 1.14736e-15
-2.92710e-15
 4.91320e-15
 2.59105e-15
 7.24017e-16
-2.72439e-15
 3.48390e-15
-6.01445e-15
 6.88877e-15
-7.37631e-15
-7.71879e-15
-1.41921e-15
 1.39910e-14
 3.85167e-15
-1.66301e-14
-3.43452e-15
 1.61428e-14
 1.38551e-15
-1.18467e-14
 1.25922e-14
-7.24731e-15
-5.70081e-15
-3.04019e-15
-5.09726e-16
-6.00960e-15
-8.95374e-15
-8.73086e-15
-1.17005e-14
-1.11230e-14
-1.32365e-14
-1.33668e-14
 8.40595e-15
-4.93687e-14
 2.09751e-14
-7.79194e-15
-5.10651e-14
-1.50268e-14
 2.52474e-14
-6.35672e-14
-6.77390e-16
-6.77390e-16
-6.77390e-16
-1.69348e-15
 2.03217e-15
-6.09651e-15
 3.04826e-15
 1.01609e-15
 4.06434e-15
-5.08669e-15
 5.94205e-15
-4.48481e-15
 5.33695e-16
 8.50553e-16
-2.36513e-15
-2.14164e-15
-1.35252e-15
 1.35407e-15
-1.03161e-14
-4.55593e-15
 1.49880e-15
-6.38485e-15
 1.22221e-16
-4.28831e-15
-4.88837e-15
 2.15974e-15
 5.73118e-15
 6.55645e-15
 3.47167e-15
 6.07706e-15
 1.83305e-15
 2.12411e-16
 1.21958e-14
 9.85118e-15
 7.79990e-15
 6.56269e-16
-7.19322e-16
-2.13154e-15
-4.97327e-16
-8.08455e-15
-7.64542e-15
-1.36280e-14
-1.22068e-14
-3.95585e-15
 2.10085e-15
 1.88938e-15
 3.77441e-16
 7.33761e-15
 1.16085e-14
 1.20175e-14
 9.57750e-15
 9.85527e-15
 5.21880e-15
 1.21378e-14
-9.77982e-15
 2.86001e-15
-8.00634e-16
 2.76014e-15
 4.15325e-15
 7.76565e-15
 8.51561e-15
-2.29863e-15
-1.03963e-15
-2.70614e-15
 3.76081e-15
 6.22775e-15
-8.73102e-16
-3.36992e-15
 2.50226e-15
-8.57455e-15
 1.74570e-15
-9.98303e-15
-1.36439e-14
-3.49888e-15
 5.92439e-15
-1.50223e-15
-1.29452e-14
-9.56159e-15
 1.29516e-14
-7.40185e-15
-1.87254e-14
 9.61485e-15
-3.01763e-15
-2.28042e-15
-3.05125e-15
-4.61126e-15
-6.14210e-15
-1.01650e-14
-1.23894e-14
-1.09932e-14
-1.23701e-14
-1.37860e-14
-1.07706e-14
 9.84196e-15
-4.83644e-14
 1.94171e-14
-7.02917e-15
-5.01720e-14
-1.83493e-14
 2.61451e-14
-6.28476e-14
 6.77390e-16
 1.69348e-15
-3.38695e-16
 1.01609e-15
 3.38695e-15
-4.40304e-15
 3.04826e-15
 3.38695e-16
 6.09651e-15
-3.45348e-15
 4.87249e-15
-3.90300e-15
 1.04792e-15
-5.00901e-16
-3.75230e-15
 6.91153e-16
 1.04099e-15
 4.47891e-15
-6.33598e-15
 1.53450e-15
 8.23099e-15
-2.72159e-15
-3.20699e-15
-7.48354e-15
-9.70616e-15
-7.48724e-15
-3.72578e-16
-5.43401e-16
 3.29124e-17
 1.87030e-15
-1.07066e-15
-4.06120e-16
 6.54584e-15
 3.93453e-15
 8.94603e-15
 5.39292e-15
-4.15077e-16
-1.94488e-16
 5.27454e-15
 2.76748e-15
 1.57238e-15
-7.01005e-15
-6.96714e-15
-1.22951e-14
-1.72072e-14
-1.79262e-14
-1.45416e-14
-1.43145e-14
-1.10948e-14
-6.65037e-15
-5.02765e-15
-2.41617e-15
-3.82169e-15
 3.60426e-15
-1.22065e-14
-4.71917e-15
-3.35354e-15
 1.03638e-14
 8.03527e-15
 3.47030e-15
 1.09575e-14
 1.35838e-15
 3.59800e-15
 7.06065e-16
 1.12421e-14
 1.08455e-14
 9.82074e-15
 4.15598e-15
 1.23154e-14
 1.34621e-15
 1.20834e-14
-2.66110e-15
-1.45310e-14
-1.76649e-15
 8.02183e-15
-5.28698e-15
-9.61208e-15
-1.32344e-15
 1.14040e-14
-7.64752e-15
-1.87882e-14
 1.58506e-14
 8.53623e-15
 7.06422e-15
 7.49537e-15
 2.82639e-15
-1.53606e-17
-3.10793e-15
-6.99731e-15
-1.55814e-15
-9.44715e-16
-4.09272e-15
-7.12613e-15
 8.07297e-15
-4.79499e-14
 1.97508e-14
-1.07740e-14
-4.82194e-14
-1.29984e-14
 2.63302e-14
-5.98664e-14
-2.41853e-15
-1.26444e-15
-2.55947e-15
-1.01609e-15
 0.00000e+00
-6.43521e-15
 6.77390e-16
-3.38695e-15
 3.38695e-15
-7.52723e-15
 1.47057e-15
-6.83169e-15
-2.02980e-15
-5.12553e-15
-5.27146e-15
-1.87009e-15
-1.91315e-15
 4.12960e-15
-8.41940e-15
-2.70677e-15
 4.72324e-15
-5.34068e-15
-6.70122e-15
-6.87454e-15
-6.49734e-15
-4.74243e-15
-1.25396e-15
-1.36671e-15
 7.27933e-16
-6.76865e-17
-5.95274e-15
-4.07654e-15
 2.94617e-15
 1.60278e-15
 8.95321e-16
-7.89591e-15
-9.13223e-15
-1.58457e-14
-1.30055e-14
-3.14329e-15
-2.96648e-15
-1.29218e-14
-9.51288e-15
-1.05704e-14
-1.66406e-14
-1.67388e-14
-1.51423e-14
-1.69142e-14
-1.33720e-14
-8.56137e-15
-6.23874e-15
-9.75816e-15
-5.61455e-15
-2.96133e-15
-2.41149e-15
-9.01932e-15
-7.32426e-15
 1.06866e-15
 5.13922e-15
 6.06069e-15
 5.10666e-15
 3.13593e-15
 1.60160e-16
-8.90935e-15
-8.04737e-16
 4.72097e-15
 3.17337e-15
-4.90334e-15
 1.90333e-16
-4.71804e-15
 1.04072e-14
-1.54019e-16
-1.30060e-14
-6.60313e-15
 8.88966e-15
-1.02120e-14
-2.02762e-14
-7.50893e-15
 8.65002e-15
-9.95548e-15
-1.80015e-14
 9.28570e-15
-2.90831e-15
-9.18678e-16
-3.41138e-15
-4.58005e-15
-5.16046e-15
-4.40071e-15
-4.79756e-15
-2.46905e-15
-1.88164e-15
-6.77427e-15
-1.26342e-14
 1.94523e-15
-5.09742e-14
 1.87836e-14
-1.42513e-14
-5.22129e-14
-1.74540e-14
 2.36051e-14
-6.30573e-14
 3.29163e-15
 4.74588e-15
 5.04192e-15
 4.06434e-15
 6.09651e-15
-6.77390e-16
 7.45129e-15
 5.41912e-15
 9.48346e-15
 6.08867e-16
 9.67980e-15
 7.01994e-17
 3.95975e-15
 2.91658e-15
 3.45325e-15
 3.21194e-15
 4.52886e-15
 9.96296e-15
-4.97449e-15
 3.60636e-15
 1.07922e-14
-4.76505e-16
 5.42379e-15
 6.30952e-15
 5.82411e-15
 4.69110e-15
 4.32564e-15
 3.38645e-15
 1.52446e-15
 3.71501e-15
 3.41215e-16
 3.22259e-15
 1.47458e-14
 1.52403e-14
 6.85314e-15
-5.16688e-15
 3.79812e-15
-4.23609e-15
-3.03858e-15
 7.12512e-15
 1.05840e-14
-2.97372e-15
 2.98794e-15
 1.07433e-14
 1.28165e-14
 5.70953e-15
 3.48902e-15
 1.01858e-14
 1.67001e-14
 1.37867e-14
 1.06770e-14
-1.03655e-15
 6.57301e-15
 8.52866e-15
 1.50968e-14
-1.37516e-15
-6.32391e-15
-1.49119e-15
 4.76840e-15
 1.31847e-14
 3.22878e-15
 1.01718e-14
-7.51281e-16
-1.09233e-14
-4.57652e-15
 8.93887e-15
 8.04255e-15
 1.08101e-15
 6.26564e-15
 5.27506e-15
 2.00297e-14
 9.72542e-15
-2.16588e-15
 1.77299e-15
 1.12975e-14
-2.46214e-15
-1.58592e-14
-6.80963e-15
 2.14554e-14
 7.92656e-15
-1.53106e-14
 1.42269e-14
 1.49515e-15
-2.78895e-15
-1.09194e-14
-7.43920e-15
-4.56978e-15
-4.66579e-15
-7.26227e-15
-7.23572e-15
-8.59965e-15
-1.25312e-14
-1.38250e-14
 1.53953e-15
-4.53162e-14
 2.80539e-14
-1.31545e-14
-4.98237e-14
-1.25152e-14
 2.70033e-14
-6.62158e-14
 0.00000e+00
 6.77390e-16
-6.77390e-16
 0.00000e+00
 1.35478e-15
-4.74173e-15
 2.03217e-15
 0.00000e+00
 4.06434e-15
-4.08263e-15
 4.92937e-15
-4.00832e-15
 1.42062e-15
 2.77594e-15
 5.04946e-15
 1.62701e-15
-3.14127e-15
 7.56759e-15
-2.10022e-15
 2.94885e-15
 7.70016e-15
-2.36640e-15
 7.60133e-15
 6.86485e-15
 7.59430e-15
 9.15714e-15
 1.19701e-14
 1.03069e-14
 1.18798e-14
 8.71142e-15
 1.63666e-15
 4.67898e-15
 1.05349e-14
 1.69932e-14
 1.24698e-14
-4.17934e-15
-6.94763e-15
-1.45938e-14
-1.40350e-14
-3.04357e-15
-8.25383e-15
-2.22091e-14
-1.61084e-14
-3.40194e-15
-4.00049e-15
 3.53006e-15
-8.24867e-15
-2.33996e-14
-2.11841e-14
-3.17188e-15
 2.31939e-15
 2.16605e-14
-5.05970e-15
-1.84047e-14
-6.56141e-16
-5.33851e-15
-1.17320e-14
 8.04413e-15
 9.36371e-15
-3.77925e-15
-8.30863e-15
-7.78054e-15
-3.44358e-16
-9.31265e-15
-9.55800e-15
-8.45047e-15
 7.81629e-15
-4.95233e-15
 3.69752e-15
-1.31937e-14
 4.82557e-15
 2.40172e-14
 4.04721e-15
 9.07444e-15
 1.88194e-14
 1.26592e-14
-7.25973e-15
 3.79803e-15
 2.87543e-14
 1.94612e-14
-6.80262e-15
 1.62230e-14
 4.88664e-15
 1.16495e-14
 1.01892e-15
 5.38953e-15
 8.15149e-16
 1.53192e-14
 2.47279e-14
 2.41123e-14
 2.06674e-14
 2.53685e-14
 2.63877e-14
 3.45663e-14
-3.43807e-14
 3.34248e-14
 6.28660e-15
-4.85135e-14
-2.87602e-14
 3.53301e-14
-3.18585e-14
-1.35478e-15
 6.77390e-16
-6.77390e-16
-1.01609e-15
 2.03217e-15
-4.40304e-15
 3.38695e-16
-1.69348e-15
 4.40304e-15
-4.69365e-15
 3.88053e-15
-3.88900e-15
-8.76035e-16
 8.59356e-16
 2.68949e-15
 1.42800e-15
-1.74052e-15
 5.90109e-15
-4.86898e-15
 3.39260e-15
 6.92679e-15
-6.83630e-15
 3.37411e-15
 3.97513e-15
-3.45577e-16
-4.57474e-15
 1.33011e-15
 1.50680e-15
-8.98691e-16
 8.48309e-17
-1.62765e-15
-3.68367e-15
-4.52815e-15
 4.51876e-15
 6.91557e-15
-7.47555e-15
-7.28747e-15
-9.01639e-15
-9.95453e-15
-5.62435e-16
-9.05969e-15
-1.60138e-14
-1.35982e-14
-1.38318e-14
-1.07204e-14
-1.89130e-16
-1.31187e-14
-2.57496e-14
-1.75528e-14
-7.36430e-15
-7.20430e-15
-1.92506e-15
-1.64229e-14
-1.61587e-14
-4.05336e-15
-3.63982e-15
-1.49979e-14
-1.22001e-15
 4.23743e-15
-1.38286e-14
-7.03877e-15
-8.87978e-16
 9.26127e-15
-5.98151e-15
-3.67026e-15
-2.49399e-15
 1.02381e-14
 7.63954e-15
 7.25107e-15
-5.83851e-15
 9.85916e-15
 1.85376e-14
-1.29379e-15
-2.31915e-15
 1.19179e-14
 1.27686e-15
-1.10916e-14
 8.90351e-15
 2.80882e-14
 1.36081e-14
-7.89442e-15
 2.20173e-14
 9.19957e-15
 1.29116e-14
 5.57041e-15
 7.73717e-15
 3.01872e-15
 1.04302e-14
 1.91501e-14
 2.13265e-14
 1.19198e-14
 7.72161e-15
 1.22270e-15
 1.56918e-14
-3.70479e-14
 3.18665e-14
-9.22072e-15
-4.47659e-14
-1.18493e-14
 3.34704e-14
-4.43585e-14
-6.77390e-16
-6.77390e-16
-6.77390e-16
-1.69348e-15
 2.03217e-15
-6.09651e-15
 3.04826e-15
 1.01609e-15
 4.06434e-15
-5.00259e-15
 6.17990e-15
-4.13333e-15
 1.54581e-15
 2.55740e-15
 3.43501e-15
 3.79540e-15
 3.96007e-15
 1.11440e-14
-1.99727e-15
 4.43931e-15
 8.08040e-15
-4.54939e-15
 5.35710e-15
 3.96203e-15
-1.00227e-15
-2.91162e-15
-4.10013e-15
-2.64258e-15
-9.43645e-16
-2.39517e-15
-8.41959e-15
-1.49218e-14
-1.47831e-14
-6.26678e-15
-6.55695e-16
-1.89738e-14
-1.28555e-14
-1.25069e-14
-1.79659e-14
-6.52141e-15
-1.09534e-14
-1.13278e-14
-8.39497e-15
-2.39422e-14
-2.07274e-14
-2.22882e-15
-9.26181e-15
-1.98068e-14
-1.04020e-14
-3.93857e-15
-3.11923e-15
-7.62527e-15
-9.75287e-15
-6.18313e-15
 3.08369e-15
 1.26970e-14
 7.40135e-15
 9.05334e-15
 1.48050e-14
-5.09567e-16
 3.07179e-15
 1.21047e-14
 2.19899e-14
 8.78074e-15
 3.65758e-15
-4.67185e-16
 5.78181e-15
 9.17340e-15
 1.24480e-14
-2.98647e-15
 2.04967e-14
 2.09326e-14
-1.59366e-15
-6.29750e-16
 2.36110e-14
 8.96980e-15
-8.76411e-15
 1.41285e-14
 2.80604e-14
 1.13514e-14
-3.58425e-15
 2.36733e-14
 9.67493e-15
 1.31917e-14
 1.13784e-14
 1.63504e-14
 1.51807e-14
 1.74797e-14
 2.30840e-14
 2.18467e-14
 1.62081e-14
 1.01367e-14
-2.47844e-16
 1.25504e-14
-3.70588e-14
 3.21895e-14
-1.00083e-14
-4.05736e-14
-4.15970e-15
 3.39457e-14
-5.02187e-14
 7.84804e-16
 1.75887e-15
-3.38695e-16
 1.01609e-15
 3.38695e-15
-4.40304e-15
 3.04826e-15
 3.38695e-16
 6.09651e-15
-3.34360e-15
 5.06265e-15
-3.51191e-15
 1.36244e-15
 1.91680e-15
 1.73292e-15
 2.81811e-15
 1.82962e-15
 9.09590e-15
-4.20585e-15
 3.84062e-16
 5.33981e-15
-4.54287e-15
 7.06840e-15
 1.02199e-14
 7.54516e-15
 7.85688e-15
 3.93182e-15
 4.63911e-15
 1.00882e-14
 8.81985e-15
-6.49632e-15
-1.68127e-14
-1.20872e-14
-9.63330e-15
-2.62074e-15
-1.37745e-14
-5.54765e-15
-8.81793e-15
-1.15367e-14
-1.33382e-15
 4.84926e-15
 2.37750e-15
 3.79638e-15
 6.10251e-16
 1.37320e-15
 7.75881e-15
 3.76509e-15
 8.44152e-17
 1.69724e-15
 5.74552e-15
 1.10528e-14
 2.80792e-15
 3.44337e-15
-3.05162e-15
 5.24620e-15
 8.64807e-15
 4.78932e-15
-1.66769e-17
 9.14405e-15
 1.04880e-14
-1.03767e-15
 1.01424e-14
 7.84396e-15
 7.99053e-15
-4.84801e-16
-2.53305e-15
-8.58758e-15
-6.37734e-15
 6.31220e-16
-2.00671e-14
 4.95638e-15
 9.93825e-15
-6.25279e-15
-1.55507e-15
 1.72471e-14
 1.20161e-14
-7.51195e-15
 1.14482e-15
 2.15438e-14
 6.69605e-15
-1.56067e-14
 6.87394e-15
-7.93378e-15
-1.01006e-14
-1.48842e-14
-1.02426e-14
-5.65028e-15
-8.50751e-16
 3.88710e-15
 8.37329e-16
 3.51686e-15
 6.78660e-15
 9.47296e-15
 2.38710e-14
-3.56998e-14
 3.55607e-14
 5.02704e-16
-4.22380e-14
-9.72352e-15
 3.43295e-14
-4.72255e-14
-1.98982e-15
-1.62258e-15
-2.73412e-15
-1.01609e-15
 0.00000e+00
-6.43521e-15
 6.77390e-16
-3.38695e-15
 3.38695e-15
-7.41843e-15
 1.59202e-15
-6.70783e-15
-2.15423e-15
-2.54315e-15
-5.37248e-16
-1.79628e-15
-4.31908e-15
 5.08324e-15
-8.37806e-15
-3.89916e-15
 2.18277e-15
-1.07907e-14
-2.20452e-15
 2.10594e-15
-1.89738e-15
-7.80109e-16
 7.89799e-16
-4.80623e-17
 5.51937e-15
 6.37820e-15
-8.49230e-15
-1.95317e-14
-2.10337e-14
-2.09874e-14
-5.34024e-15
-1.02221e-14
-1.31595e-14
-1.29513e-14
-1.44172e-14
-1.09064e-14
-1.23873e-15
-4.65608e-16
-3.38786e-15
 3.06122e-15
 3.12326e-16
-3.34574e-15
-4.15612e-15
-4.02127e-15
-2.74856e-15
 3.66878e-16
 3.87869e-15
-1.99735e-15
-3.12172e-15
-1.04777e-14
-2.54832e-15
-1.65181e-15
-1.81661e-14
-1.52570e-14
-1.00616e-14
-9.17772e-15
-9.20747e-15
-9.92455e-15
-5.81558e-15
-4.23107e-15
-1.09401e-14
-7.69210e-15
-2.20324e-14
-1.62555e-14
-1.67297e-14
-3.44559e-14
-1.46938e-14
-1.45986e-14
-1.73100e-14
-1.07818e-14
 3.12977e-15
-1.39077e-15
-1.14799e-14
-6.64989e-15
 1.27058e-14
-4.08253e-15
-2.92048e-14
 1.12756e-16
-4.33913e-15
-7.89518e-15
-1.78626e-14
-1.75987e-14
-1.10928e-14
-5.55329e-15
-2.80135e-15
-1.88155e-15
-3.42227e-15
-6.10235e-15
-2.76905e-15
 1.64365e-14
-3.78978e-14
 3.32586e-14
-3.92433e-15
-4.42762e-14
-1.21648e-14
 2.92257e-14
-5.18834e-14
 4.60847e-15
 4.63405e-15
 4.69430e-15
 4.06434e-15
 6.09651e-15
-6.77390e-16
 7.45129e-15
 5.41912e-15
 9.48346e-15
 6.77372e-16
 1.02171e-14
 6.40800e-16
 5.32702e-15
 6.94022e-15
 7.95570e-15
 4.33263e-15
 5.89932e-15
 1.62657e-14
 1.21022e-15
 6.55990e-15
 1.05403e-14
-3.60970e-15
 3.27210e-15
 1.60762e-16
-3.33002e-16
 5.56354e-15
 5.34807e-15
 3.25518e-15
 1.19617e-14
 9.29697e-15
-5.10548e-15
-1.18113e-14
-1.61154e-14
-1.43214e-14
 5.08717e-16
-8.74126e-15
-1.94510e-14
-2.05908e-14
-2.63282e-14
-2.01333e-14
-1.07314e-14
-9.49884e-15
-5.74878e-15
-6.23331e-15
-1.70583e-14
-1.31347e-14
-6.30197e-15
-1.26217e-14
-6.47572e-15
 1.11902e-15
 4.40159e-15
 1.54688e-14
 1.05242e-14
 1.05395e-15
 9.78984e-15
 1.76825e-14
 1.87817e-15
 1.04124e-14
 1.47911e-15
-4.85501e-15
 4.35359e-15
-8.30834e-15
 1.99453e-15
 1.12703e-14
-4.43085e-15
-8.26177e-15
-1.28592e-14
-1.02790e-14
-6.07318e-15
-2.25146e-14
 1.64013e-16
-9.56835e-15
-6.81744e-15
 5.22650e-15
 2.63538e-14
 1.78896e-14
 5.28395e-15
 1.37783e-14
 2.58004e-14
 6.19196e-15
-1.27206e-14
 2.15595e-14
 2.46697e-14
 1.69156e-14
 1.25299e-14
 1.95478e-14
 2.19894e-14
 2.79585e-14
 2.64392e-14
 2.75438e-14
 2.31113e-14
 1.21178e-14
 6.95803e-15
 1.99057e-14
-3.20125e-14
 3.90897e-14
 8.04349e-16
-4.05656e-14
-1.01196e-14
 3.54115e-14
-4.55542e-14
 0.00000e+00
 6.77390e-16
-6.77390e-16
 0.00000e+00
 1.35478e-15
-4.74173e-15
 2.03217e-15
 0.00000e+00
 4.06434e-15
-4.02328e-15
 3.87198e-15
-6.19994e-15
-2.43522e-15
-1.79319e-15
-3.60122e-15
-1.26270e-15
 4.16543e-15
 1.05295e-14
-9.97861e-15
-6.18805e-15
 1.03748e-15
-1.39691e-14
-9.62671e-15
-4.64714e-15
 8.52482e-16
-2.62718e-15
 3.88055e-17
-2.71860e-15
-8.57036e-15
-5.90810e-15
-6.70932e-15
-6.23417e-15
-1.06588e-15
-1.54676e-14
-6.44343e-15
-1.75848e-15
 3.03566e-15
 1.12669e-14
 2.87094e-14
 1.94001e-14
 1.46338e-14
 2.17654e-14
 1.91085e-14
 1.97780e-14
 1.60035e-14
 4.24664e-15
 1.85755e-14
 3.26817e-14
 3.23995e-14
 2.00034e-14
 7.63837e-15
-6.88282e-15
 4.86975e-15
 2.19988e-14
 2.67027e-14
 2.36448e-14
 2.30549e-14
 6.82512e-15
-1.35439e-14
 5.33252e-15
 1.08700e-14
 1.49261e-14
 2.84868e-14
 3.25923e-14
 1.67459e-14
 1.91073e-14
 1.00881e-14
 2.69148e-14
 2.60342e-14
 1.53271e-14
 2.47922e-14
 3.02256e-15
-1.31472e-14
-3.11728e-15
 1.39535e-14
 8.92769e-15
-1.11037e-15
 1.69702e-14
 2.40815e-14
 8.57933e-15
-3.99328e-15
 1.91785e-14
 1.38285e-14
 2.25710e-14
 2.11110e-14
 1.43635e-14
 5.44149e-15
 2.49489e-15
-1.34669e-14
-1.00831e-14
-1.16207e-14
-1.39694e-14
-9.48934e-15
 9.99665e-15
-3.56460e-14
 3.12892e-14
-1.05402e-14
-3.59827e-14
 1.16997e-14
 3.45179e-14
-6.69785e-14
-1.35478e-15
 6.77390e-16
-6.77390e-16
-1.01609e-15
 2.03217e-15
-4.40304e-15
 3.38695e-16
-1.69348e-15
 4.40304e-15
-4.78372e-15
 2.83861e-15
-5.83868e-15
-4.03259e-15
-2.01801e-15
-6.36818e-15
-4.81677e-15
 1.08844e-15
 4.28782e-15
-1.39839e-14
-6.91419e-15
-1.88441e-15
-1.28241e-14
-6.42578e-15
-3.99994e-15
 3.80791e-15
-4.33025e-16
-3.56680e-15
 1.45310e-16
 1.03745e-16
-7.90955e-16
-7.44759e-15
-1.35549e-15
 1.03308e-14
-5.09964e-15
-2.24475e-15
 3.75038e-15
 9.82793e-15
 1.21906e-14
 2.80965e-14
 2.46084e-14
 2.03364e-14
 2.01162e-14
 2.55013e-14
 2.82589e-14
 2.16022e-14
 3.61082e-15
 2.09918e-14
 3.41441e-14
 2.40180e-14
 1.38779e-14
 9.19068e-15
 6.34413e-15
 1.26004e-14
 1.49943e-14
 1.64412e-14
 9.72732e-15
 1.45995e-14
-1.50179e-17
-5.65384e-15
 7.38531e-15
 6.47010e-15
 1.22380e-15
 3.64249e-15
 1.01082e-14
 5.07474e-15
 7.02102e-15
 8.29389e-15
 1.60443e-14
 1.48871e-14
 1.00877e-14
 2.65050e-14
 7.59591e-15
-1.17860e-14
 5.79883e-15
 1.90485e-14
 1.95874e-14
 5.51764e-15
 1.66406e-14
 2.39221e-14
 1.21685e-14
-7.25546e-16
 1.84732e-14
 8.78052e-15
 1.40130e-14
 1.21441e-14
 4.86741e-15
-6.65409e-16
 1.06921e-15
-1.29572e-14
-1.30799e-14
-7.84206e-15
 9.22907e-16
 9.62316e-15
 2.34676e-14
-3.46378e-14
 3.52701e-14
 3.86068e-15
-4.06391e-14
-1.00809e-16
 3.47064e-14
-5.84490e-14
-6.77390e-16
-6.77390e-16
-6.77390e-16
-1.69348e-15
 2.03217e-15
-6.09651e-15
 3.04826e-15
 1.01609e-15
 4.06434e-15
-5.18739e-15
 5.21747e-15
-6.25181e-15
-1.99933e-15
 3.03472e-17
-3.95040e-15
-4.63357e-15
-1.73780e-15
-3.43135e-16
-1.55970e-14
-4.96554e-15
-1.05578e-15
-1.35131e-14
-6.92542e-15
-5.60500e-15
 1.73669e-15
-5.13622e-15
-3.80221e-15
 7.82133e-15
 1.08190e-14
 1.14746e-14
 1.61117e-15
 4.40743e-15
 1.34975e-14
 5.84549e-15
 8.17677e-15
 1.45297e-14
 1.64026e-14
 1.36314e-14
 2.38758e-14
 2.16663e-14
 2.01021e-14
 1.56326e-14
 1.67863e-14
 2.40617e-14
 2.09184e-14
 1.69631e-15
 1.12755e-14
 1.67483e-14
 4.70347e-15
-2.26259e-15
-3.94973e-15
-8.97963e-15
 3.74700e-15
-5.45179e-15
-1.09389e-14
-1.76771e-14
-4.38179e-15
-6.55870e-15
 2.66627e-15
 7.96161e-15
 1.18588e-14
 9.78482e-15
-1.03286e-14
-4.18303e-15
 1.58107e-15
 1.80732e-15
 1.28053e-14
 1.91353e-14
 1.83158e-14
 1.34310e-14
 2.39141e-14
 5.94864e-15
-4.87819e-15
 1.04983e-14
 1.00612e-14
 1.03619e-14
 4.54715e-15
 1.12670e-14
 1.95649e-14
 6.77047e-15
-8.13901e-15
 2.13107e-14
 1.23144e-14
 8.81978e-15
 7.89658e-15
-4.39071e-15
-7.77651e-15
-2.71685e-15
-1.01802e-14
-8.12751e-15
-3.50240e-15
 3.16906e-15
 9.19950e-15
 2.43451e-14
-3.68379e-14
 3.51899e-14
 6.15941e-15
-4.42640e-14
-5.38362e-15
 3.49434e-14
-5.50788e-14
 6.54263e-16
 1.55220e-15
-4.00359e-16
 1.01609e-15
 3.38695e-15
-4.40304e-15
 3.04826e-15
 3.38695e-16
 6.09651e-15
-3.51776e-15
 4.58893e-15
-5.44909e-15
-1.21568e-15
-1.71549e-15
-5.08845e-15
-1.86957e-15
-2.37058e-15
 1.59995e-15
-1.24804e-14
-5.25910e-15
-2.71815e-16
-1.29149e-14
-7.42117e-15
-5.38306e-15
-3.26939e-15
-9.86089e-15
-3.77419e-15
-1.62425e-15
 9.67552e-16
 8.67339e-15
 3.94559e-15
 7.95314e-15
 1.33076e-14
 1.50569e-14
 1.39724e-14
 1.45134e-14
 1.43755e-14
 1.00714e-14
 1.45570e-14
 1.14537e-14
 1.19035e-14
 6.68761e-15
 7.65447e-15
 7.78268e-15
 1.01903e-14
 6.40454e-15
 6.46763e-15
 1.15585e-15
-2.61960e-16
-4.01914e-15
-1.37610e-14
-2.81847e-14
-8.85859e-15
-2.78470e-15
-3.37109e-15
-1.13387e-14
-2.43728e-15
 1.67725e-15
-9.09380e-16
-4.97162e-15
 9.68439e-15
 2.23079e-14
 1.04386e-14
 1.12003e-14
 1.37615e-14
 9.90557e-15
 2.02964e-14
 2.74281e-14
 3.16423e-14
 2.48514e-14
 2.72955e-14
 1.09257e-14
 3.95194e-15
 1.67587e-14
 1.59947e-14
 3.49142e-15
-1.10928e-15
 1.27094e-14
 2.04487e-14
 8.12486e-15
-1.03935e-14
 2.40330e-14
 2.37542e-14
 1.70827e-14
 2.03988e-14
 1.49100e-14
 1.07830e-14
 1.10160e-14
 3.17655e-15
 6.36318e-15
 3.02495e-15
-6.59857e-15
-7.51742e-15
 1.19009e-14
-3.54256e-14
 3.51859e-14
-7.88401e-15
-4.25441e-14
 1.51298e-15
 3.46826e-14
-5.71000e-14
-4.58060e-15
-2.79051e-15
-3.01246e-15
-1.01609e-15
 0.00000e+00
-6.43521e-15
 6.77390e-16
-3.38695e-15
 3.38695e-15
-7.59103e-15
 1.09964e-15
-8.13012e-15
-3.15984e-15
-5.83280e-15
-6.81118e-15
-2.62120e-15
-3.56779e-15
 2.27348e-15
-1.25427e-14
-1.01470e-14
-3.27655e-15
-1.29629e-14
-6.90885e-15
-3.88331e-15
-8.06655e-15
-1.36043e-14
-9.69916e-15
-9.59129e-15
-7.30158e-15
 5.45790e-16
 1.23635e-15
 1.01355e-14
 1.86254e-14
 1.36769e-14
 1.29251e-14
 1.69590e-14
 1.69277e-14
 9.93442e-15
 1.25525e-14
 1.19145e-14
 1.48565e-14
 6.31437e-15
 7.99621e-15
 1.04634e-14
 1.37333e-14
 1.08684e-14
 7.39132e-15
 3.37380e-15
-1.74766e-15
-6.71423e-15
-1.53139e-14
-3.07194e-14
-1.83068e-14
 1.88952e-15
-7.45280e-15
-1.14711e-14
-5.82887e-16
-7.26907e-15
-9.83856e-15
-5.79888e-15
-1.89203e-15
 5.66658e-15
 5.80634e-15
 6.24038e-15
 1.10983e-14
 7.44465e-15
 2.00500e-14
 2.34392e-14
 2.71671e-14
 1.93815e-14
 2.30773e-14
 1.29894e-14
 4.23264e-15
 2.03069e-14
 2.70572e-14
 1.24228e-14
-7.00515e-15
 1.20105e-14
 2.35358e-14
 1.11836e-14
-1.18856e-14
 1.72909e-14
 1.17073e-14
 1.44235e-14
 2.24169e-14
 1.92404e-14
 1.14647e-14
 7.50822e-15
-4.45823e-15
-6.86545e-15
-3.21810e-15
-1.39052e-15
-4.34872e-16
 1.72987e-14
-3.57771e-14
 3.27107e-14
-8.26734e-15
-4.70293e-14
-6.80254e-15
 3.08638e-14
-5.91606e-14
-1.15178e-15
 1.97903e-15
 4.62687e-15
 4.06434e-15
 6.09651e-15
-6.77390e-16
 7.45129e-15
 5.41912e-15
 9.48346e-15
 5.57161e-16
 9.33130e-15
-8.60376e-16
 3.86537e-15
 3.89306e-15
 3.71045e-15
 4.91997e-15
 6.13202e-15
 8.67493e-15
-7.38579e-15
-1.88113e-15
 3.62676e-15
-8.61495e-15
 6.58843e-16
 5.00731e-15
-6.87034e-16
-9.22643e-15
-1.40198e-15
 7.00104e-15
 5.13782e-15
 1.35668e-14
 1.74983e-14
 2.12598e-14
 2.50889e-14
 1.33526e-14
 2.18147e-14
 3.15566e-14
 3.20509e-14
 2.18046e-14
 2.73499e-14
 2.73422e-14
 2.73537e-14
 2.44192e-14
 1.85040e-14
 2.83583e-14
 3.43199e-14
 1.80432e-14
 8.59268e-15
 9.49894e-15
 7.82712e-16
-8.89677e-15
-1.24475e-14
-3.04868e-14
-1.44079e-14
 3.41516e-15
-1.82591e-14
-1.61803e-14
 2.89273e-15
-1.11020e-14
-4.12798e-15
 1.47148e-14
 7.60343e-15
 7.52633e-15
 7.45624e-15
 8.12136e-15
 1.55378e-14
 1.65210e-14
 2.62554e-14
 3.15438e-14
 2.93149e-14
 2.01735e-14
 2.21014e-14
 1.54122e-14
 1.47134e-14
 2.17281e-14
 3.41832e-14
 1.92570e-14
-4.49475e-15
 1.23218e-14
 2.83467e-14
 1.12351e-14
-6.76681e-15
 1.63497e-14
 5.38951e-15
 1.00490e-14
 1.61189e-14
 1.09925e-14
 4.04778e-16
-5.07658e-15
-1.48554e-14
-1.96225e-14
-7.99439e-15
 8.55192e-15
 1.21322e-14
 2.91449e-14
-3.36007e-14
 3.69826e-14
 3.77509e-15
-4.30506e-14
-6.60965e-15
 3.72409e-14
-5.51975e-14
 1.21680e-15
 1.38175e-15
-7.28212e-16
 0.00000e+00
 1.35478e-15
-4.74173e-15
 2.03217e-15
 0.00000e+00
 4.06434e-15
-3.89216e-15
 5.48666e-15
-2.44478e-15
 3.21418e-15
 2.99022e-15
 6.10033e-15
 6.11427e-15
 4.26437e-15
 1.22418e-14
 2.15711e-15
 1.14010e-14
 1.80541e-14
 7.44905e-15
 1.26325e-14
 7.37029e-15
 7.06784e-15
 6.90019e-15
 2.94486e-15
-1.35830e-16
 6.42849e-16
 4.13807e-15
-1.43036e-15
-7.31848e-15
-1.61371e-15
 5.42177e-15
 2.26957e-15
-9.39795e-15
-1.10067e-15
-6.01517e-15
-2.99761e-14
-2.12620e-14
-1.76130e-14
-1.88469e-14
-1.70606e-14
-2.43815e-14
-1.28601e-14
-5.58435e-15
-1.66692e-14
-1.63566e-14
-1.28031e-14
-7.37463e-15
 3.06755e-15
 1.94454e-14
 6.34089e-15
-7.58353e-16
-8.12021e-15
-6.43352e-15
-1.19500e-14
 1.62193e-15
 1.93444e-14
-2.39067e-15
-1.32430e-14
-1.73816e-14
-3.29992e-14
-3.25839e-14
-1.94854e-14
-1.98167e-14
-2.94833e-14
-4.33343e-14
-3.46466e-14
-4.23664e-14
-2.47932e-14
-2.76328e-14
-2.09541e-14
-1.33252e-14
-1.25638e-14
-1.36971e-14
-3.83279e-14
-3.05489e-14
-5.42494e-15
-1.99935e-14
-4.24035e-14
-1.64029e-14
-1.69488e-14
-2.33228e-14
-1.74953e-14
-1.63413e-14
-1.00320e-14
-1.02148e-14
-1.57935e-14
-2.04800e-14
-3.21756e-14
-3.35653e-14
-4.42258e-14
-3.04488e-14
-6.95452e-14
 1.40941e-14
-2.17046e-14
-6.73253e-14
-3.39763e-14
 1.28911e-14
-6.68540e-14
-7.22876e-17
 9.85835e-16
-9.41834e-16
-1.01609e-15
 2.03217e-15
-4.40304e-15
 3.38695e-16
-1.69348e-15
 4.40304e-15
-4.51205e-15
 4.49484e-15
-1.88421e-15
 1.39681e-15
 1.27616e-15
 1.97902e-15
 4.68593e-15
 6.40503e-15
 1.36311e-14
 2.25079e-15
 8.08586e-15
 1.31020e-14
 3.59755e-15
 1.08033e-14
 7.16239e-15
 4.98725e-15
 8.66201e-15
 8.37522e-15
-1.91600e-15
-1.05630e-15
 5.23893e-16
-6.53405e-15
-1.01210e-14
-1.14508e-14
 2.44863e-16
 5.26941e-15
-1.23543e-14
-6.87649e-15
-1.45035e-14
-3.22191e-14
-2.72119e-14
-2.11529e-14
-1.62667e-14
-2.13630e-14
-2.36801e-14
-1.66812e-14
-5.20957e-15
-1.34662e-14
-1.50679e-14
-9.48422e-15
-1.44780e-15
-1.72791e-16
 4.39933e-15
 6.83971e-15
-7.91965e-15
-1.92228e-15
 8.60214e-16
 4.46032e-16
 7.90557e-15
 1.19645e-14
-4.94008e-15
-5.62317e-15
-9.33620e-15
-1.05808e-14
-9.94946e-15
-6.96259e-15
-1.51988e-14
-2.56481e-14
-3.61524e-14
-2.70351e-14
-3.83294e-14
-2.48863e-14
-2.71554e-14
-2.27216e-14
-1.97031e-14
-8.84615e-15
-2.11329e-14
-3.20881e-14
-2.79855e-14
-7.05270e-15
-2.35939e-14
-4.19101e-14
-1.31678e-14
-1.69800e-14
-1.95979e-14
-1.71899e-14
-9.55115e-15
-7.85825e-15
-8.74203e-15
-1.25444e-14
-1.70753e-14
-3.08517e-14
-4.42388e-14
-5.20318e-14
-2.80610e-14
-6.93539e-14
 8.06394e-15
-3.07596e-14
-6.88849e-14
-3.57834e-14
 1.29733e-14
-6.43173e-14
 2.54364e-17
-6.09825e-16
-9.92147e-16
-1.69348e-15
 2.03217e-15
-6.09651e-15
 3.04826e-15
 1.01609e-15
 4.06434e-15
-4.83379e-15
 6.81736e-15
-2.97328e-15
 2.72343e-15
 4.01711e-15
 5.52121e-15
 7.17113e-15
 9.69585e-15
 1.94562e-14
 5.93450e-15
 8.68951e-15
 1.34613e-14
 4.48678e-15
 9.44912e-15
 6.56338e-15
 8.75889e-15
 2.06351e-14
 1.50198e-14
 5.26160e-16
 2.15206e-16
-1.12374e-15
-5.34597e-15
-5.77318e-15
-7.69974e-15
-2.67186e-15
 2.99572e-15
-6.94453e-15
-4.12241e-15
-1.26388e-14
-1.56153e-14
-1.34451e-14
-1.18041e-14
-7.82756e-15
-3.40964e-15
-1.33396e-14
-1.51990e-14
-3.03209e-15
-2.81932e-15
 3.12688e-16
 8.74789e-15
 1.12101e-14
 8.00568e-15
 1.31026e-14
 1.10907e-14
 1.03683e-14
 2.27800e-14
 1.29512e-14
 5.24639e-15
 4.82573e-16
-4.26151e-15
-1.61462e-14
-1.67665e-14
-2.00691e-14
-1.01904e-14
-9.77136e-15
-1.13775e-14
-1.32501e-14
-3.04851e-14
-4.38071e-14
-3.87338e-14
-4.53094e-14
-3.61363e-14
-3.35759e-14
-4.00849e-14
-3.63083e-14
-1.21706e-14
-2.67884e-14
-4.06681e-14
-2.90286e-14
-1.15184e-14
-2.88333e-14
-4.65322e-14
-2.03413e-14
-3.21930e-14
-2.60712e-14
-2.64517e-14
-1.70304e-14
-1.63594e-14
-1.74748e-14
-1.96948e-14
-2.38786e-14
-3.68264e-14
-5.00981e-14
-5.21265e-14
-2.65033e-14
-6.91485e-14
 4.47434e-15
-3.79876e-14
-6.99102e-14
-3.56260e-14
 1.43436e-14
-6.52765e-14
 1.07155e-15
 1.59612e-15
-6.38545e-16
 1.01609e-15
 3.38695e-15
-4.40304e-15
 3.04826e-15
 3.38695e-16
 6.09651e-15
-3.19590e-15
 5.80358e-15
-2.45221e-15
 3.04516e-15
 3.94924e-15
 6.42242e-15
 9.48977e-15
 7.44437e-15
 1.69743e-14
 5.88607e-15
 1.10346e-14
 1.70941e-14
 8.03445e-15
 1.09807e-14
 9.23939e-15
 1.60360e-14
 2.25869e-14
 1.54842e-14
 1.43972e-14
 1.55015e-14
 1.44597e-14
 1.34601e-14
 5.37050e-15
-1.91762e-16
-2.84567e-15
 2.45737e-16
 3.88241e-16
 6.77847e-15
-1.12643e-15
 7.36358e-15
 5.98783e-15
 6.20352e-15
 8.34144e-15
 1.14465e-14
 8.88730e-15
 5.00694e-15
 4.34040e-15
 9.73055e-15
 2.03662e-14
 2.14884e-14
 1.91795e-14
 2.67603e-14
 3.67300e-14
 2.02073e-14
 3.43032e-14
 3.14944e-14
 2.30020e-14
 6.22939e-15
-1.45483e-15
 5.46664e-15
-2.72218e-15
-1.31147e-14
-1.82228e-14
-1.44495e-14
-1.93568e-14
-2.79296e-14
-1.29396e-14
-2.46463e-14
-2.84226e-14
-2.87860e-14
-4.38597e-14
-2.90526e-14
-2.54801e-14
-3.36128e-14
-3.50800e-14
-9.83980e-15
-1.91090e-14
-4.17640e-14
-2.57603e-14
-1.27265e-14
-2.36421e-14
-3.77060e-14
-1.66918e-14
-2.97861e-14
-2.24170e-14
-2.45517e-14
-1.89558e-14
-1.45265e-14
-1.36431e-14
-1.18278e-14
-1.15533e-14
-2.15918e-14
-2.41143e-14
-2.42782e-14
-1.18227e-14
-6.59882e-14
 4.05365e-15
-2.64780e-14
-6.73182e-14
-3.74226e-14
 1.43460e-14
-6.82165e-14
 6.03775e-16
-6.59264e-16
-3.14121e-15
-1.01609e-15
 0.00000e+00
-6.43521e-15
 6.77390e-16
-3.38695e-15
 3.38695e-15
-7.27243e-15
 2.38747e-15
-4.77954e-15
 1.25419e-15
-8.20615e-18
 2.34941e-15
 4.66595e-15
 2.60070e-15
 1.19788e-14
 6.80554e-16
 7.39266e-15
 1.51253e-14
 3.37071e-15
 6.89831e-15
 5.43951e-15
 1.13373e-14
 1.58840e-14
 1.18179e-14
 1.11248e-14
 1.46000e-14
 1.58395e-14
 1.28037e-14
 4.10775e-15
-9.35544e-15
-1.29341e-14
-1.04430e-14
-1.66001e-14
-3.36239e-15
-5.36010e-15
 3.10688e-16
-4.17028e-15
-8.19469e-15
-6.08044e-15
-3.57637e-15
-3.67806e-15
-5.43110e-15
-6.00550e-15
-3.91030e-15
 3.80696e-15
 1.00726e-14
 1.47686e-14
 2.48802e-14
 3.06832e-14
 1.04814e-14
 1.56649e-14
 1.17510e-14
 9.31260e-15
 1.42418e-14
 7.96334e-15
 1.25219e-14
 3.19242e-15
-4.73554e-15
-4.64485e-15
-4.88455e-15
-1.64916e-14
-2.62840e-14
-2.01643e-14
-2.34581e-14
-2.38023e-14
-1.81433e-14
-3.67898e-14
-1.77849e-14
-1.47484e-14
-2.88835e-14
-3.07665e-14
-1.55268e-14
-1.90949e-14
-3.68341e-14
-2.45060e-14
-1.30714e-14
-2.25976e-14
-2.99876e-14
-6.50367e-15
-1.34996e-14
-1.68015e-14
-2.07554e-14
-1.77461e-14
-1.60615e-14
-1.23209e-14
-6.40215e-15
-3.02000e-15
-1.51558e-14
-2.48782e-14
-3.05276e-14
-1.51182e-14
-6.71918e-14
-5.67311e-16
-2.87704e-14
-6.78317e-14
-3.68846e-14
 9.34705e-15
-6.99103e-14
 8.58610e-15
 7.11193e-15
 4.64890e-15
 4.06434e-15
 6.09651e-15
-6.77390e-16
 7.45129e-15
 5.41912e-15
 9.48346e-15
 8.35202e-16
 1.09376e-14
 2.27748e-15
 8.37390e-15
 1.03509e-14
 1.09941e-14
 8.81251e-15
 1.11876e-14
 2.00896e-14
 5.22502e-15
 1.54538e-14
 2.16844e-14
 6.66793e-15
 1.22315e-14
 8.21704e-15
 1.73829e-14
 2.79037e-14
 1.96515e-14
 8.52710e-15
 1.06237e-14
 1.35428e-14
 9.02181e-15
 9.12360e-15
-2.63491e-15
-1.11250e-14
-1.23843e-14
-2.54765e-14
-4.92643e-15
-1.71838e-15
-7.69965e-16
-6.25274e-15
-2.00710e-14
-1.73806e-14
-4.21442e-15
-1.84793e-14
-2.13124e-14
-1.48621e-14
-1.46294e-14
-8.90524e-15
 1.00123e-14
 1.77533e-14
 2.47131e-14
 3.71865e-14
 1.29469e-14
 1.80789e-14
 2.24426e-14
 6.42512e-15
 2.69105e-14
 1.57366e-14
 1.32442e-14
-8.43250e-16
-6.02838e-15
 2.10444e-15
 8.02685e-15
-1.04177e-14
-1.04648e-14
-2.19897e-14
-2.97054e-14
-3.36685e-14
-2.10244e-14
-3.70128e-14
-8.88191e-15
-8.34920e-15
-3.20241e-14
-2.69003e-14
-1.67719e-14
-2.18803e-14
-3.30625e-14
-1.93770e-14
-6.96145e-15
-1.98560e-14
-2.83649e-14
-4.06079e-15
-1.41673e-14
-1.31938e-14
-2.33395e-14
-2.43055e-14
-2.26926e-14
-1.81398e-14
-1.15572e-14
-9.48736e-15
-2.36249e-14
-3.91932e-14
-4.89461e-14
-2.82585e-14
-6.74039e-14
 5.76070e-15
-3.11185e-14
-6.25043e-14
-2.30992e-14
 1.48669e-14
-6.46128e-14
 0.00000e+00
 0.00000e+00
 0.00000e+00
 0.00000e+00
 0.00000e+00
 0.00000e+00
 0.00000e+00
 0.00000e+00
 0.00000e+00
 0.00000e+00
 0.00000e+00
 0.00000e+00
 0.00000e+00
 0.00000e+00
 0.00000e+00
 0.00000e+00
 0.00000e+00
 0.00000e+00
 0.00000e+00
 0.00000e+00
 0.00000e+00
 0.00000e+00
 0.00000e+00
 0.00000e+00
 0.00000e+00
 0.00000e+00
 0.00000e+00
 0.00000e+00
 0.00000e+00
 0.00000e+00
 0.00000e+00
 0.00000e+00
 0.00000e+00
 0.00000e+00
 0.00000e+00
 0.00000e+00
 0.00000e+00
 0.00000e+00
 0.00000e+00
 0.00000e+00
 0.00000e+00
 0.00000e+00
 0.00000e+00
 0.00000e+00
 0.00000e+00
 0.00000e+00
 0.00000e+00
 0.00000e+00
 0.00000e+00
 0.00000e+00
 0.00000e+00
 0.00000e+00
 0.00000e+00
 0.00000e+00
 0.00000e+00
 0.00000e+00
 0.00000e+00
 0.00000e+00
 0.00000e+00
 0.00000e+00
 0.00000e+00
 0.00000e+00
 0.00000e+00
 0.00000e+00
 0.00000e+00
 0.00000e+00
 0.00000e+00
 0.00000e+00
 0.00000e+00
 0.00000e+00
 0.00000e+00
 0.00000e+00
 0.00000e+00
 0.00000e+00
 0.00000e+00
 0.00000e+00
 0.00000e+00
 0.00000e+00
 0.00000e+00
 0.00000e+00
 0.00000e+00
 0.00000e+00
 0.00000e+00
 0.00000e+00
 0.00000e+00
 0.00000e+00
 0.00000e+00
 0.00000e+00
 0.00000e+00
 0.00000e+00
 0.00000e+00
 0.00000e+00
 0.00000e+00
 0.00000e+00
 0.00000e+00
 0.00000e+00
 0.00000e+00
 0.00000e+00
 0.00000e+00
 0.00000e+00
 0.00000e+00
 0.00000e+00
 0.00000e+00
 0.00000e+00
 0.00000e+00
 0.00000e+00
 0.00000e+00
 0.00000e+00
 0.00000e+00
 0.00000e+00
 0.00000e+00
 0.00000e+00
 0.00000e+00
 0.00000e+00
 0.00000e+00
 0.00000e+00
 0.00000e+00
 0.00000e+00
 0.00000e+00
 0.00000e+00
 0.00000e+00
 0.00000e+00
 0.00000e+00
 0.00000e+00
 0.00000e+00
 0.00000e+00
 0.00000e+00
 0.00000e+00
 0.00000e+00
 0.00000e+00
 0.00000e+00
 0.00000e+00
 0.00000e+00
 0.00000e+00
 0.00000e+00
 0.00000e+00
 0.00000e+00
 0.00000e+00
 0.00000e+00
 0.00000e+00
 0.00000e+00
 0.00000e+00
 0.00000e+00
 0.00000e+00
 0.00000e+00
 0.00000e+00
 0.00000e+00
 0.00000e+00
 0.00000e+00
 0.00000e+00
 0.00000e+00
 0.00000e+00
 0.00000e+00
 0.00000e+00
 0.00000e+00
 0.00000e+00
 0.00000e+00
 0.00000e+00
 0.00000e+00
 0.00000e+00
 0.00000e+00
 0.00000e+00
 0.00000e+00
 0.00000e+00
 0.00000e+00
 0.00000e+00
 0.00000e+00
 0.00000e+00
 0.00000e+00
 0.00000e+00
 0.00000e+00
 0.00000e+00
 0.00000e+00
 0.00000e+00
 0.00000e+00
 0.00000e+00
 0.00000e+00
 0.00000e+00
 0.00000e+00
 0.00000e+00
 0.00000e+00
 0.00000e+00
 0.00000e+00
 0.00000e+00
 0.00000e+00
 0.00000e+00
 0.00000e+00
 0.00000e+00
 0.00000e+00
 0.00000e+00
 0.00000e+00
 0.00000e+00
 0.00000e+00
 0.00000e+00
 0.00000e+00
 0.00000e+00
 0.00000e+00
 0.00000e+00
 0.00000e+00
 0.00000e+00
 0.00000e+00
 0.00000e+00
 0.00000e+00
 0.00000e+00
 0.00000e+00
 0.00000e+00
 0.00000e+00
 0.00000e+00
 0.00000e+00
 0.00000e+00
 0.00000e+00
 0.00000e+00
 0.00000e+00
 0.00000e+00
 0.00000e+00
 0.00000e+00
 0.00000e+00
 0.00000e+00
 0.00000e+00
 0.00000e+00
 0.00000e+00
 0.00000e+00
 0.00000e+00
 0.00000e+00
 0.00000e+00
 0.00000e+00
 0.00000e+00
 0.00000e+00
 0.00000e+00
 0.00000e+00
 0.00000e+00
 0.00000e+00
 0.00000e+00
 0.00000e+00
 0.00000e+00
 0.00000e+00
 0.00000e+00
 0.00000e+00
 0.00000e+00
 0.00000e+00
 0.00000e+00
 0.00000e+00
 0.00000e+00
 0.00000e+00
 0.00000e+00
 0.00000e+00
 0.00000e+00
 0.00000e+00
 0.00000e+00
 0.00000e+00
 0.00000e+00
 0.00000e+00
 0.00000e+00
 0.00000e+00
 0.00000e+00
 0.00000e+00
 0.00000e+00
 0.00000e+00
 0.00000e+00
 0.00000e+00
 0.00000e+00
 0.00000e+00
 0.00000e+00
 0.00000e+00
 0.00000e+00
 0.00000e+00
 0.00000e+00
 0.00000e+00
 0.00000e+00
 0.00000e+00
 0.00000e+00
 0.00000e+00
 0.00000e+00
 0.00000e+00
 0.00000e+00
 0.00000e+00
 0.00000e+00
 0.00000e+00
 0.00000e+00
 0.00000e+00
 0.00000e+00
 0.00000e+00
 0.00000e+00
 0.00000e+00
 0.00000e+00
 0.00000e+00
 0.00000e+00
 0.00000e+00
 0.00000e+00
 0.00000e+00
 0.00000e+00
 0.00000e+00
 0.00000e+00
 0.00000e+00
 0.00000e+00
 0.00000e+00
 0.00000e+00
 0.00000e+00
 0.00000e+00
 0.00000e+00
 0.00000e+00
 0.00000e+00
 0.00000e+00
 0.00000e+00
 0.00000e+00
 0.00000e+00
 0.00000e+00
 0.00000e+00
 0.00000e+00
 0.00000e+00
 0.00000e+00
 0.00000e+00
 0.00000e+00
 0.00000e+00
 0.00000e+00
 0.00000e+00
 0.00000e+00
 0.00000e+00
 0.00000e+00
 0.00000e+00
 0.00000e+00
 0.00000e+00
 0.00000e+00
 0.00000e+00
 0.00000e+00
 0.00000e+00
 0.00000e+00
 0.00000e+00
 0.00000e+00
 0.00000e+00
 0.00000e+00
 0.00000e+00
 0.00000e+00
 0.00000e+00
 0.00000e+00
 0.00000e+00
 0.00000e+00
 0.00000e+00
 0.00000e+00
 0.00000e+00
 0.00000e+00
 0.00000e+00
 0.00000e+00
 0.00000e+00
 0.00000e+00
 0.00000e+00
 0.00000e+00
 0.00000e+00
 0.00000e+00
 0.00000e+00
 0.00000e+00
 0.00000e+00
 0.00000e+00
 0.00000e+00
 0.00000e+00
 0.00000e+00
 0.00000e+00
 0.00000e+00
 0.00000e+00
 0.00000e+00
 0.00000e+00
 0.00000e+00
 0.00000e+00
 0.00000e+00
 0.00000e+00
 0.00000e+00
 0.00000e+00
 0.00000e+00
 0.00000e+00
 0.00000e+00
 0.00000e+00
 0.00000e+00
 0.00000e+00
 0.00000e+00
 0.00000e+00
 0.00000e+00
 0.00000e+00
 0.00000e+00
 0.00000e+00
 0.00000e+00
 0.00000e+00
 0.00000e+00
 0.00000e+00
 0.00000e+00
 0.00000e+00
 0.00000e+00
 0.00000e+00
 0.00000e+00
 0.00000e+00
 0.00000e+00
 0.00000e+00
 0.00000e+00
 0.00000e+00
 0.00000e+00
 0.00000e+00
 0.00000e+00
 0.00000e+00
 0.00000e+00
 0.00000e+00
 0.00000e+00
 0.00000e+00
 0.00000e+00
 0.00000e+00
 0.00000e+00
 0.00000e+00
 0.00000e+00
 0.00000e+00
 0.00000e+00
 0.00000e+00
 0.00000e+00
 0.00000e+00
 0.00000e+00
 0.00000e+00
 0.00000e+00
 0.00000e+00
 0.00000e+00
 0.00000e+00
 0.00000e+00
 0.00000e+00
 0.00000e+00
 0.00000e+00
 0.00000e+00
 0.00000e+00
 0.00000e+00
 0.00000e+00
 0.00000e+00
 0.00000e+00
 0.00000e+00
 0.00000e+00
 0.00000e+00
 0.00000e+00
 0.00000e+00
 0.00000e+00
 0.00000e+00
 0.00000e+00
 0.00000e+00
 0.00000e+00
 0.00000e+00
 0.00000e+00
 0.00000e+00
 0.00000e+00
 0.00000e+00
 0.00000e+00
 0.00000e+00
 0.00000e+00
 0.00000e+00
 0.00000e+00
 0.00000e+00
 0.00000e+00
 0.00000e+00
 0.00000e+00
 0.00000e+00
 0.00000e+00
 0.00000e+00
 0.00000e+00
 0.00000e+00
 0.00000e+00
 0.00000e+00
 0.00000e+00
 0.00000e+00
 0.00000e+00
 0.00000e+00
 0.00000e+00
 0.00000e+00
 0.00000e+00
 0.00000e+00
 0.00000e+00
 0.00000e+00
 0.00000e+00
 0.00000e+00
 0.00000e+00
 0.00000e+00
 0.00000e+00
 0.00000e+00
 0.00000e+00
 0.00000e+00
 0.00000e+00
 0.00000e+00
 0.00000e+00
 0.00000e+00
 0.00000e+00
 0.00000e+00
 0.00000e+00
 0.00000e+00
 0.00000e+00
 0.00000e+00
 0.00000e+00
 0.00000e+00
 0.00000e+00
 0.00000e+00
 0.00000e+00
 0.00000e+00
 0.00000e+00
 0.00000e+00
 0.00000e+00
 0.00000e+00
 0.00000e+00
 0.00000e+00
 0.00000e+00
 0.00000e+00
 0.00000e+00
 0.00000e+00
 0.00000e+00
 0.00000e+00
 0.00000e+00
 0.00000e+00
 0.00000e+00
 0.00000e+00
 0.00000e+00
 0.00000e+00
 0.00000e+00
 0.00000e+00
 0.00000e+00
 0.00000e+00
 0.00000e+00
 0.00000e+00
 0.00000e+00
 0.00000e+00
 0.00000e+00
 0.00000e+00
 0.00000e+00
 0.00000e+00
 0.00000e+00
 0.00000e+00
 0.00000e+00
 0.00000e+00
 0.00000e+00
 0.00000e+00
 0.00000e+00
 0.00000e+00
 0.00000e+00
 0.00000e+00
 0.00000e+00
 0.00000e+00
 0.00000e+00
 0.00000e+00
 0.00000e+00
 0.00000e+00
 0.00000e+00
 0.00000e+00
 0.00000e+00
 0.00000e+00
 0.00000e+00
 0.00000e+00
 0.00000e+00
 0.00000e+00
 0.00000e+00
 0.00000e+00
 0.00000e+00
 0.00000e+00
 0.00000e+00
 0.00000e+00
 0.00000e+00
 0.00000e+00
 0.00000e+00
 0.00000e+00
 0.00000e+00
 0.00000e+00
 0.00000e+00
 0.00000e+00
 0.00000e+00
 0.00000e+00
 0.00000e+00
 0.00000e+00
 0.00000e+00
 0.00000e+00
 0.00000e+00
 0.00000e+00
 0.00000e+00
 0.00000e+00
 0.00000e+00
 0.00000e+00
 0.00000e+00
 0.00000e+00
 0.00000e+00
 0.00000e+00
 0.00000e+00
 0.00000e+00
 0.00000e+00
 0.00000e+00
 0.00000e+00
 0.00000e+00
 0.00000e+00
 0.00000e+00
 0.00000e+00
 0.00000e+00
 0.00000e+00
 0.00000e+00
 0.00000e+00
 0.00000e+00
 0.00000e+00
 0.00000e+00
 0.00000e+00
 0.00000e+00
 0.00000e+00
 0.00000e+00
 0.00000e+00
 0.00000e+00
 0.00000e+00
 0.00000e+00
 0.00000e+00
 0.00000e+00
 0.00000e+00
 0.00000e+00
 0.00000e+00
 0.00000e+00
