Density
part
         1
hexa8
 1.00000e+00
 1.00000e+00
 1.00000e+00
 1.00000e+00
 1.00000e+00
 9.99999e-01
 9.99989e-01
 9.99889e-01
 9.99134e-01
 9.93934e-01
 9.65789e-01
 8.82861e-01
 7.18870e-01
 5.91476e-01
 5.02364e-01
 1.00000e+00
 1.00000e+00
 1.00000e+00
 1.00000e+00
 1.00000e+00
 9.99997e-01
 9.99979e-01
 9.99833e-01
 9.98718e-01
 9.91902e-01
 9.61507e-01
 8.63679e-01
 7.11263e-01
 5.70191e-01
 4.78466e-01
 1.00000e+00
 1.00000e+00
 1.00000e+00
 1.00000e+00
 9.99999e-01
 9.99993e-01
 9.99935e-01
 9.99658e-01
 9.97725e-01
 9.87669e-01
 9.43723e-01
 8.44820e-01
 6.91821e-01
 5.44513e-01
 4.50917e-01
 1.00000e+00
 1.00000e+00
 1.00000e+00
 9.99999e-01
 9.99996e-01
 9.99968e-01
 9.99866e-01
 9.98916e-01
 9.95596e-01
 9.77448e-01
 9.24230e-01
 7.92263e-01
 6.53466e-01
 5.38882e-01
 4.51679e-01
 1.00000e+00
 1.00000e+00
 9.99999e-01
 9.99996e-01
 9.99975e-01
 9.99904e-01
 9.99436e-01
 9.97889e-01
 9.87986e-01
 9.62122e-01
 8.76061e-01
 7.57799e-01
 6.11623e-01
 5.06089e-01
 4.16472e-01
 9.99999e-01
 9.99997e-01
 9.99993e-01
 9.99968e-01
 9.99904e-01
 9.99552e-01
 9.98391e-01
 9.93081e-01
 9.78152e-01
 9.23248e-01
 8.28714e-01
 6.77578e-01
 5.57960e-01
 4.75467e-01
 4.02189e-01
 9.99989e-01
 9.99979e-01
 9.99935e-01
 9.99866e-01
 9.99436e-01
 9.98391e-01
 9.94588e-01
 9.82498e-01
 9.47740e-01
 8.75496e-01
 7.59142e-01
 6.24538e-01
 5.25625e-01
 4.46727e-01
 3.81137e-01
 9.99889e-01
 9.99833e-01
 9.99658e-01
 9.98916e-01
 9.97889e-01
 9.93081e-01
 9.82498e-01
 9.57725e-01
 8.93228e-01
 7.94707e-01
 6.68458e-01
 5.71484e-01
 4.87616e-01
 4.15948e-01
 3.60391e-01
 9.99134e-01
 9.98718e-01
 9.97725e-01
 9.95596e-01
 9.87985e-01
 9.78151e-01
 9.47736e-01
 8.93226e-01
 8.14972e-01
 6.98264e-01
 5.75501e-01
 4.90899e-01
 4.18247e-01
 3.61301e-01
 3.23230e-01
 9.93934e-01
 9.91902e-01
 9.87668e-01
 9.77447e-01
 9.62122e-01
 9.23239e-01
 8.75494e-01
 7.94690e-01
 6.98279e-01
 5.75858e-01
 4.87679e-01
 4.24425e-01
 3.69865e-01
 3.31014e-01
 3.01307e-01
 9.65789e-01
 9.61508e-01
 9.43720e-01
 9.24232e-01
 8.76056e-01
 8.28724e-01
 7.59137e-01
 6.68491e-01
 5.75507e-01
 4.87676e-01
 4.12695e-01
 3.62518e-01
 3.26176e-01
 3.02351e-01
 2.75398e-01
 8.82862e-01
 8.63673e-01
 8.44827e-01
 7.92250e-01
 7.57846e-01
 6.77592e-01
 6.24628e-01
 5.71577e-01
 4.90837e-01
 4.24385e-01
 3.62444e-01
 3.19404e-01
 2.93800e-01
 2.73506e-01
 2.43317e-01
 7.18892e-01
 7.11309e-01
 6.91849e-01
 6.53543e-01
 6.11667e-01
 5.58063e-01
 5.25688e-01
 4.87741e-01
 4.18212e-01
 3.69818e-01
 3.26096e-01
 2.93786e-01
 2.70576e-01
 2.44154e-01
 2.10499e-01
 5.91527e-01
 5.70293e-01
 5.44581e-01
 5.39069e-01
 5.06116e-01
 4.75648e-01
 4.46753e-01
 4.16038e-01
 3.61361e-01
 3.30982e-01
 3.02272e-01
 2.73495e-01
 2.44166e-01
 2.11967e-01
 1.80319e-01
 5.02426e-01
 4.78549e-01
 4.50930e-01
 4.51719e-01
 4.16547e-01
 4.02409e-01
 3.81090e-01
 3.60466e-01
 3.23356e-01
 3.01318e-01
 2.75342e-01
 2.43309e-01
 2.10515e-01
 1.80327e-01
 1.55809e-01
 1.00000e+00
 1.00000e+00
 1.00000e+00
 1.00000e+00
 1.00000e+00
 9.99997e-01
 9.99979e-01
 9.99833e-01
 9.98718e-01
 9.91902e-01
 9.61508e-01
 8.63671e-01
 7.11284e-01
 5.70237e-01
 4.78493e-01
 1.00000e+00
 1.00000e+00
 1.00000e+00
 1.00000e+00
 9.99999e-01
 9.99994e-01
 9.99965e-01
 9.99757e-01
 9.98189e-01
 9.89921e-01
 9.54789e-01
 8.53817e-01
 6.98413e-01
 5.50933e-01
 4.61162e-01
 1.00000e+00
 1.00000e+00
 1.00000e+00
 1.00000e+00
 9.99998e-01
 9.99988e-01
 9.99910e-01
 9.99500e-01
 9.97067e-01
 9.84423e-01
 9.38408e-01
 8.26293e-01
 6.78448e-01
 5.47605e-01
 4.56889e-01
 1.00000e+00
 1.00000e+00
 1.00000e+00
 9.99998e-01
 9.99993e-01
 9.99954e-01
 9.99803e-01
 9.98663e-01
 9.94284e-01
 9.74714e-01
 9.13621e-01
 7.82813e-01
 6.44794e-01
 5.41480e-01
 4.54201e-01
 1.00000e+00
 9.99999e-01
 9.99998e-01
 9.99993e-01
 9.99963e-01
 9.99868e-01
 9.99241e-01
 9.97403e-01
 9.86005e-01
 9.56332e-01
 8.68743e-01
 7.38905e-01
 5.98814e-01
 5.02690e-01
 4.18393e-01
 9.99997e-01
 9.99994e-01
 9.99988e-01
 9.99954e-01
 9.99868e-01
 9.99381e-01
 9.98139e-01
 9.91284e-01
 9.74987e-01
 9.16671e-01
 8.12617e-01
 6.74099e-01
 5.56979e-01
 4.73029e-01
 4.00686e-01
 9.99979e-01
 9.99965e-01
 9.99910e-01
 9.99803e-01
 9.99241e-01
 9.98139e-01
 9.92682e-01
 9.80589e-01
 9.39712e-01
 8.66485e-01
 7.47537e-01
 6.06108e-01
 4.98661e-01
 4.21173e-01
 3.60397e-01
 9.99833e-01
 9.99757e-01
 9.99500e-01
 9.98663e-01
 9.97403e-01
 9.91284e-01
 9.80589e-01
 9.48372e-01
 8.90613e-01
 7.77630e-01
 6.52186e-01
 5.55436e-01
 4.69258e-01
 3.97580e-01
 3.42426e-01
 9.98718e-01
 9.98189e-01
 9.97067e-01
 9.94284e-01
 9.86004e-01
 9.74987e-01
 9.39709e-01
 8.90612e-01
 7.95724e-01
 6.79131e-01
 5.76150e-01
 4.93108e-01
 4.21162e-01
 3.60717e-01
 3.16908e-01
 9.91902e-01
 9.89921e-01
 9.84423e-01
 9.74714e-01
 9.56331e-01
 9.16664e-01
 8.66484e-01
 7.77624e-01
 6.79140e-01
 5.81196e-01
 5.05481e-01
 4.40460e-01
 3.83627e-01
 3.38627e-01
 3.01189e-01
 9.61507e-01
 9.54789e-01
 9.38405e-01
 9.13618e-01
 8.68740e-01
 8.12618e-01
 7.47544e-01
 6.52180e-01
 5.76157e-01
 5.05496e-01
 4.41473e-01
 3.90232e-01
 3.50029e-01
 3.16389e-01
 2.78682e-01
 8.63682e-01
 8.53819e-01
 8.26303e-01
 7.82813e-01
 7.38931e-01
 6.74139e-01
 6.06142e-01
 5.55539e-01
 4.93123e-01
 4.40527e-01
 3.90246e-01
 3.50796e-01
 3.19991e-01
 2.86451e-01
 2.45630e-01
 7.11288e-01
 6.98438e-01
 6.78479e-01
 6.44851e-01
 5.98844e-01
 5.57071e-01
 4.98646e-01
 4.69407e-01
 4.21210e-01
 3.83674e-01
 3.50025e-01
 3.19993e-01
 2.87989e-01
 2.49946e-01
 2.10357e-01
 5.70248e-01
 5.50997e-01
 5.47646e-01
 5.41622e-01
 5.02698e-01
 4.73073e-01
 4.21060e-01
 3.97587e-01
 3.60752e-01
 3.38630e-01
 3.16332e-01
 2.86426e-01
 2.49948e-01
 2.12450e-01
 1.79195e-01
 4.78524e-01
 4.61230e-01
 4.56881e-01
 4.54347e-01
 4.18518e-01
 4.00711e-01
 3.60264e-01
 3.42355e-01
 3.16907e-01
 3.01146e-01
 2.78587e-01
 2.45594e-01
 2.10362e-01
 1.79200e-01
 1.54706e-01
 1.00000e+00
 1.00000e+00
 1.00000e+00
 1.00000e+00
 9.99999e-01
 9.99993e-01
 9.99935e-01
 9.99658e-01
 9.97725e-01
 9.87668e-01
 9.43720e-01
 8.44825e-01
 6.91828e-01
 5.44532e-01
 4.50884e-01
 1.00000e+00
 1.00000e+00
 1.00000e+00
 1.00000e+00
 9.99998e-01
 9.99988e-01
 9.99910e-01
 9.99500e-01
 9.97067e-01
 9.84423e-01
 9.38405e-01
 8.26300e-01
 6.78451e-01
 5.47591e-01
 4.56836e-01
 1.00000e+00
 1.00000e+00
 1.00000e+00
 9.99999e-01
 9.99994e-01
 9.99972e-01
 9.99820e-01
 9.99072e-01
 9.95481e-01
 9.77399e-01
 9.23412e-01
 7.95539e-01
 6.69172e-01
 5.48833e-01
 4.53072e-01
 1.00000e+00
 1.00000e+00
 9.99999e-01
 9.99996e-01
 9.99982e-01
 9.99916e-01
 9.99610e-01
 9.97975e-01
 9.91154e-01
 9.66558e-01
 8.89417e-01
 7.61457e-01
 6.14030e-01
 5.14539e-01
 4.31457e-01
 9.99999e-01
 9.99998e-01
 9.99994e-01
 9.99982e-01
 9.99933e-01
 9.99755e-01
 9.98796e-01
 9.95817e-01
 9.81685e-01
 9.42911e-01
 8.51553e-01
 7.17320e-01
 5.77810e-01
 4.87191e-01
 4.07287e-01
 9.99993e-01
 9.99988e-01
 9.99972e-01
 9.99916e-01
 9.99755e-01
 9.98993e-01
 9.97127e-01
 9.87542e-01
 9.68058e-01
 8.99376e-01
 7.88961e-01
 6.45166e-01
 5.41827e-01
 4.60971e-01
 3.90716e-01
 9.99935e-01
 9.99910e-01
 9.99820e-01
 9.99610e-01
 9.98796e-01
 9.97127e-01
 9.89262e-01
 9.76658e-01
 9.22487e-01
 8.45588e-01
 7.20213e-01
 5.83888e-01
 4.87880e-01
 4.11142e-01
 3.51069e-01
 9.99658e-01
 9.99500e-01
 9.99072e-01
 9.97975e-01
 9.95817e-01
 9.87542e-01
 9.76658e-01
 9.29783e-01
 8.71830e-01
 7.56147e-01
 6.32723e-01
 5.28996e-01
 4.50553e-01
 3.84715e-01
 3.36119e-01
 9.97725e-01
 9.97067e-01
 9.95481e-01
 9.91153e-01
 9.81684e-01
 9.68058e-01
 9.22486e-01
 8.71830e-01
 7.71445e-01
 6.67962e-01
 5.60273e-01
 4.69478e-01
 4.01967e-01
 3.49928e-01
 3.13583e-01
 9.87669e-01
 9.84423e-01
 9.77399e-01
 9.66558e-01
 9.42909e-01
 8.99371e-01
 8.45587e-01
 7.56144e-01
 6.67975e-01
 5.70295e-01
 4.83631e-01
 4.12686e-01
 3.59521e-01
 3.21385e-01
 2.90717e-01
 9.43723e-01
 9.38408e-01
 9.23412e-01
 8.89411e-01
 8.51554e-01
 7.88955e-01
 7.20234e-01
 6.32745e-01
 5.60361e-01
 4.83653e-01
 4.14998e-01
 3.63362e-01
 3.26063e-01
 2.97333e-01
 2.65952e-01
 8.44823e-01
 8.26296e-01
 7.95545e-01
 7.61466e-01
 7.17327e-01
 6.45210e-01
 5.83922e-01
 5.29117e-01
 4.69511e-01
 4.12705e-01
 3.63349e-01
 3.26659e-01
 2.99274e-01
 2.71522e-01
 2.36363e-01
 6.91847e-01
 6.78477e-01
 6.69202e-01
 6.14066e-01
 5.77864e-01
 5.41903e-01
 4.87885e-01
 4.50633e-01
 4.01955e-01
 3.59500e-01
 3.26033e-01
 2.99259e-01
 2.72961e-01
 2.40896e-01
 2.04788e-01
 5.44571e-01
 5.47666e-01
 5.48883e-01
 5.14627e-01
 4.87198e-01
 4.60986e-01
 4.11133e-01
 3.84719e-01
 3.49920e-01
 3.21373e-01
 2.97302e-01
 2.71507e-01
 2.40897e-01
 2.07068e-01
 1.75247e-01
 4.50975e-01
 4.56944e-01
 4.53111e-01
 4.31632e-01
 4.07329e-01
 3.90625e-01
 3.51103e-01
 3.36104e-01
 3.13580e-01
 2.90725e-01
 2.65940e-01
 2.36363e-01
 2.04794e-01
 1.75251e-01
 1.51947e-01
 1.00000e+00
 1.00000e+00
 1.00000e+00
 9.99999e-01
 9.99996e-01
 9.99968e-01
 9.99866e-01
 9.98916e-01
 9.95596e-01
 9.77447e-01
 9.24232e-01
 7.92246e-01
 6.53504e-01
 5.38997e-01
 4.51656e-01
 1.00000e+00
 1.00000e+00
 1.00000e+00
 9.99998e-01
 9.99993e-01
 9.99954e-01
 9.99803e-01
 9.98663e-01
 9.94284e-01
 9.74714e-01
 9.13619e-01
 7.82806e-01
 6.44814e-01
 5.41562e-01
 4.54283e-01
 1.00000e+00
 1.00000e+00
 9.99999e-01
 9.99996e-01
 9.99982e-01
 9.99916e-01
 9.99610e-01
 9.97975e-01
 9.91153e-01
 9.66558e-01
 8.89411e-01
 7.61456e-01
 6.14033e-01
 5.14580e-01
 4.31546e-01
 9.99999e-01
 9.99998e-01
 9.99996e-01
 9.99986e-01
 9.99951e-01
 9.99796e-01
 9.99147e-01
 9.96156e-01
 9.84942e-01
 9.51274e-01
 8.59746e-01
 7.26880e-01
 5.82852e-01
 4.92315e-01
 4.12024e-01
 9.99996e-01
 9.99993e-01
 9.99982e-01
 9.99951e-01
 9.99834e-01
 9.99416e-01
 9.97876e-01
 9.92241e-01
 9.73158e-01
 9.19024e-01
 8.18034e-01
 6.71948e-01
 5.45675e-01
 4.64133e-01
 3.92049e-01
 9.99968e-01
 9.99954e-01
 9.99916e-01
 9.99796e-01
 9.99416e-01
 9.98261e-01
 9.94652e-01
 9.81381e-01
 9.50956e-01
 8.72795e-01
 7.57284e-01
 6.13676e-01
 5.19672e-01
 4.45103e-01
 3.80442e-01
 9.99866e-01
 9.99803e-01
 9.99610e-01
 9.99147e-01
 9.97876e-01
 9.94652e-01
 9.83623e-01
 9.63210e-01
 8.98374e-01
 8.15295e-01
 6.78983e-01
 5.57964e-01
 4.70962e-01
 3.99193e-01
 3.44607e-01
 9.98916e-01
 9.98663e-01
 9.97975e-01
 9.96156e-01
 9.92242e-01
 9.81381e-01
 9.63210e-01
 9.07228e-01
 8.49299e-01
 7.19305e-01
 5.96327e-01
 5.01911e-01
 4.30679e-01
 3.71335e-01
 3.30093e-01
 9.95596e-01
 9.94284e-01
 9.91154e-01
 9.84942e-01
 9.73158e-01
 9.50957e-01
 8.98373e-01
 8.49304e-01
 7.33488e-01
 6.25931e-01
 5.31965e-01
 4.51464e-01
 3.88972e-01
 3.43133e-01
 3.10890e-01
 9.77448e-01
 9.74714e-01
 9.66558e-01
 9.51273e-01
 9.19021e-01
 8.72793e-01
 8.15300e-01
 7.19323e-01
 6.25947e-01
 5.46382e-01
 4.66977e-01
 4.01770e-01
 3.53096e-01
 3.18762e-01
 2.87176e-01
 9.24230e-01
 9.13621e-01
 8.89417e-01
 8.59747e-01
 8.18041e-01
 7.57281e-01
 6.79013e-01
 5.96354e-01
 5.32039e-01
 4.67008e-01
 4.05720e-01
 3.59049e-01
 3.24580e-01
 2.94980e-01
 2.59661e-01
 7.92270e-01
 7.82821e-01
 7.61469e-01
 7.26896e-01
 6.71958e-01
 6.13733e-01
 5.57992e-01
 5.01988e-01
 4.51501e-01
 4.01797e-01
 3.59053e-01
 3.26787e-01
 2.99260e-01
 2.67813e-01
 2.29377e-01
 6.53502e-01
 6.44832e-01
 6.14067e-01
 5.82901e-01
 5.45689e-01
 5.19771e-01
 4.70993e-01
 4.30748e-01
 3.88980e-01
 3.53124e-01
 3.24608e-01
 2.99281e-01
 2.70588e-01
 2.35322e-01
 1.98018e-01
 5.38944e-01
 5.41536e-01
 5.14583e-01
 4.92373e-01
 4.64119e-01
 4.45177e-01
 3.99249e-01
 3.71416e-01
 3.43157e-01
 3.18818e-01
 2.95041e-01
 2.67856e-01
 2.35339e-01
 2.00710e-01
 1.69736e-01
 4.51741e-01
 4.54254e-01
 4.31529e-01
 4.12128e-01
 3.92021e-01
 3.80446e-01
 3.44713e-01
 3.30167e-01
 3.10911e-01
 2.87244e-01
 2.59733e-01
 2.29420e-01
 1.98037e-01
 1.69740e-01
 1.48173e-01
 1.00000e+00
 1.00000e+00
 9.99999e-01
 9.99996e-01
 9.99975e-01
 9.99904e-01
 9.99436e-01
 9.97889e-01
 9.87985e-01
 9.62122e-01
 8.76056e-01
 7.57834e-01
 6.11638e-01
 5.06085e-01
 4.16475e-01
 1.00000e+00
 9.99999e-01
 9.99998e-01
 9.99993e-01
 9.99963e-01
 9.99868e-01
 9.99241e-01
 9.97403e-01
 9.86004e-01
 9.56331e-01
 8.68740e-01
 7.38919e-01
 5.98812e-01
 5.02672e-01
 4.18462e-01
 9.99999e-01
 9.99998e-01
 9.99994e-01
 9.99982e-01
 9.99933e-01
 9.99755e-01
 9.98796e-01
 9.95817e-01
 9.81684e-01
 9.42909e-01
 8.51553e-01
 7.17312e-01
 5.77824e-01
 4.87158e-01
 4.07264e-01
 9.99996e-01
 9.99993e-01
 9.99982e-01
 9.99951e-01
 9.99834e-01
 9.99416e-01
 9.97876e-01
 9.92242e-01
 9.73158e-01
 9.19021e-01
 8.18038e-01
 6.71939e-01
 5.45654e-01
 4.64089e-01
 3.91987e-01
 9.99975e-01
 9.99963e-01
 9.99933e-01
 9.99834e-01
 9.99538e-01
 9.98587e-01
 9.95411e-01
 9.84849e-01
 9.54969e-01
 8.84438e-01
 7.72526e-01
 6.35741e-01
 5.25623e-01
 4.44322e-01
 3.75216e-01
 9.99904e-01
 9.99868e-01
 9.99755e-01
 9.99416e-01
 9.98587e-01
 9.96065e-01
 9.88672e-01
 9.70365e-01
 9.22676e-01
 8.36477e-01
 7.08085e-01
 5.81667e-01
 4.87539e-01
 4.14400e-01
 3.56728e-01
 9.99436e-01
 9.99241e-01
 9.98796e-01
 9.97876e-01
 9.95411e-01
 9.88672e-01
 9.74960e-01
 9.39194e-01
 8.67046e-01
 7.60605e-01
 6.32747e-01
 5.32561e-01
 4.46540e-01
 3.76596e-01
 3.28395e-01
 9.97889e-01
 9.97403e-01
 9.95817e-01
 9.92241e-01
 9.84849e-01
 9.70365e-01
 9.39195e-01
 8.76570e-01
 7.91640e-01
 6.70064e-01
 5.58520e-01
 4.74099e-01
 4.04925e-01
 3.49446e-01
 3.12009e-01
 9.87986e-01
 9.86005e-01
 9.81685e-01
 9.73158e-01
 9.54969e-01
 9.22677e-01
 8.67047e-01
 7.91644e-01
 6.81842e-01
 5.86305e-01
 5.03653e-01
 4.31533e-01
 3.72955e-01
 3.30564e-01
 2.97760e-01
 9.62122e-01
 9.56332e-01
 9.42911e-01
 9.19024e-01
 8.84438e-01
 8.36478e-01
 7.60615e-01
 6.70075e-01
 5.86317e-01
 5.18604e-01
 4.51137e-01
 3.91206e-01
 3.45531e-01
 3.11749e-01
 2.76380e-01
 8.76062e-01
 8.68744e-01
 8.51555e-01
 8.18037e-01
 7.72534e-01
 7.08090e-01
 6.32774e-01
 5.58539e-01
 5.03741e-01
 4.51184e-01
 3.99277e-01
 3.57524e-01
 3.24379e-01
 2.90178e-01
 2.49225e-01
 7.57811e-01
 7.38919e-01
 7.17338e-01
 6.71969e-01
 6.35774e-01
 5.81695e-01
 5.32590e-01
 4.74132e-01
 4.31606e-01
 3.91264e-01
 3.57556e-01
 3.29971e-01
 2.99107e-01
 2.60226e-01
 2.18364e-01
 6.11660e-01
 5.98855e-01
 5.77854e-01
 5.45717e-01
 5.25672e-01
 4.87619e-01
 4.46598e-01
 4.04981e-01
 3.72994e-01
 3.45569e-01
 3.24421e-01
 2.99132e-01
 2.64481e-01
 2.25090e-01
 1.88318e-01
 5.06138e-01
 5.02732e-01
 4.87241e-01
 4.64173e-01
 4.44362e-01
 4.14484e-01
 3.76659e-01
 3.49498e-01
 3.30576e-01
 3.11765e-01
 2.90216e-01
 2.60261e-01
 2.25105e-01
 1.90889e-01
 1.62463e-01
 4.16552e-01
 4.18446e-01
 4.07368e-01
 3.92097e-01
 3.75243e-01
 3.56781e-01
 3.28467e-01
 3.12025e-01
 2.97735e-01
 2.76380e-01
 2.49257e-01
 2.18395e-01
 1.88331e-01
 1.62466e-01
 1.43788e-01
 9.99999e-01
 9.99997e-01
 9.99993e-01
 9.99968e-01
 9.99904e-01
 9.99552e-01
 9.98391e-01
 9.93081e-01
 9.78151e-01
 9.23239e-01
 8.28723e-01
 6.77578e-01
 5.58022e-01
 4.75591e-01
 4.02336e-01
 9.99997e-01
 9.99994e-01
 9.99988e-01
 9.99954e-01
 9.99868e-01
 9.99381e-01
 9.98139e-01
 9.91284e-01
 9.74987e-01
 9.16664e-01
 8.12615e-01
 6.74117e-01
 5.57025e-01
 4.73022e-01
 4.00655e-01
 9.99993e-01
 9.99988e-01
 9.99972e-01
 9.99916e-01
 9.99755e-01
 9.98993e-01
 9.97127e-01
 9.87542e-01
 9.68058e-01
 8.99372e-01
 7.88950e-01
 6.45182e-01
 5.41864e-01
 4.60941e-01
 3.90598e-01
 9.99968e-01
 9.99954e-01
 9.99916e-01
 9.99796e-01
 9.99416e-01
 9.98261e-01
 9.94652e-01
 9.81381e-01
 9.50957e-01
 8.72793e-01
 7.57272e-01
 6.13692e-01
 5.19720e-01
 4.45124e-01
 3.80418e-01
 9.99904e-01
 9.99868e-01
 9.99755e-01
 9.99416e-01
 9.98587e-01
 9.96065e-01
 9.88672e-01
 9.70365e-01
 9.22677e-01
 8.36477e-01
 7.08078e-01
 5.81664e-01
 4.87576e-01
 4.14443e-01
 3.56748e-01
 9.99552e-01
 9.99381e-01
 9.98993e-01
 9.98261e-01
 9.96065e-01
 9.90818e-01
 9.77686e-01
 9.46429e-01
 8.76100e-01
 7.77267e-01
 6.48686e-01
 5.48007e-01
 4.58398e-01
 3.86392e-01
 3.35633e-01
 9.98391e-01
 9.98139e-01
 9.97127e-01
 9.94652e-01
 9.88672e-01
 9.77686e-01
 9.51737e-01
 8.96247e-01
 8.18556e-01
 7.00975e-01
 5.90256e-01
 5.03592e-01
 4.27488e-01
 3.64387e-01
 3.20395e-01
 9.93081e-01
 9.91284e-01
 9.87542e-01
 9.81381e-01
 9.70365e-01
 9.46429e-01
 8.96247e-01
 8.37141e-01
 7.28892e-01
 6.18324e-01
 5.21515e-01
 4.43953e-01
 3.82166e-01
 3.36404e-01
 3.02944e-01
 9.78152e-01
 9.74987e-01
 9.68058e-01
 9.50956e-01
 9.22676e-01
 8.76099e-01
 8.18558e-01
 7.28900e-01
 6.29225e-01
 5.35717e-01
 4.57837e-01
 3.95258e-01
 3.47963e-01
 3.15423e-01
 2.84770e-01
 9.23248e-01
 9.16671e-01
 8.99376e-01
 8.72796e-01
 8.36478e-01
 7.77271e-01
 7.00989e-01
 6.18342e-01
 5.35734e-01
 4.60568e-01
 3.98124e-01
 3.51849e-01
 3.19555e-01
 2.93766e-01
 2.60478e-01
 8.28717e-01
 8.12621e-01
 7.88968e-01
 7.57296e-01
 7.08098e-01
 6.48707e-01
 5.90290e-01
 5.21528e-01
 4.57855e-01
 3.98117e-01
 3.50589e-01
 3.19495e-01
 2.96769e-01
 2.69169e-01
 2.32056e-01
 6.77600e-01
 6.74125e-01
 6.45196e-01
 6.13719e-01
 5.81703e-01
 5.48048e-01
 5.03629e-01
 4.43952e-01
 3.95268e-01
 3.51850e-01
 3.19505e-01
 2.97746e-01
 2.73929e-01
 2.40614e-01
 2.03291e-01
 5.58006e-01
 5.57028e-01
 5.41869e-01
 5.19720e-01
 4.87577e-01
 4.58461e-01
 4.27533e-01
 3.82180e-01
 3.47957e-01
 3.19553e-01
 2.96787e-01
 2.73942e-01
 2.43781e-01
 2.08817e-01
 1.76166e-01
 4.75518e-01
 4.73088e-01
 4.61023e-01
 4.45153e-01
 4.14431e-01
 3.86447e-01
 3.64428e-01
 3.36421e-01
 3.15397e-01
 2.93750e-01
 2.69181e-01
 2.40630e-01
 2.08824e-01
 1.78501e-01
 1.54147e-01
 4.02248e-01
 4.00753e-01
 3.90764e-01
 3.80473e-01
 3.56755e-01
 3.35678e-01
 3.20421e-01
 3.02948e-01
 2.84729e-01
 2.60452e-01
 2.32065e-01
 2.03303e-01
 1.76172e-01
 1.54147e-01
 1.38998e-01
 9.99989e-01
 9.99979e-01
 9.99935e-01
 9.99866e-01
 9.99436e-01
 9.98391e-01
 9.94588e-01
 9.82498e-01
 9.47736e-01
 8.75495e-01
 7.59133e-01
 6.24601e-01
 5.25662e-01
 4.46741e-01
 3.81098e-01
 9.99979e-01
 9.99965e-01
 9.99910e-01
 9.99803e-01
 9.99241e-01
 9.98139e-01
 9.92682e-01
 9.80589e-01
 9.39709e-01
 8.66484e-01
 7.47538e-01
 6.06122e-01
 4.98625e-01
 4.21030e-01
 3.60221e-01
 9.99935e-01
 9.99910e-01
 9.99820e-01
 9.99610e-01
 9.98796e-01
 9.97127e-01
 9.89262e-01
 9.76658e-01
 9.22486e-01
 8.45586e-01
 7.20224e-01
 5.83896e-01
 4.87857e-01
 4.11087e-01
 3.51046e-01
 9.99866e-01
 9.99803e-01
 9.99610e-01
 9.99147e-01
 9.97876e-01
 9.94652e-01
 9.83623e-01
 9.63210e-01
 8.98374e-01
 8.15297e-01
 6.78997e-01
 5.57965e-01
 4.70964e-01
 3.99217e-01
 3.44680e-01
 9.99436e-01
 9.99241e-01
 9.98796e-01
 9.97876e-01
 9.95411e-01
 9.88672e-01
 9.74960e-01
 9.39195e-01
 8.67047e-01
 7.60609e-01
 6.32755e-01
 5.32557e-01
 4.46551e-01
 3.76619e-01
 3.28436e-01
 9.98391e-01
 9.98139e-01
 9.97127e-01
 9.94652e-01
 9.88672e-01
 9.77686e-01
 9.51737e-01
 8.96247e-01
 8.18556e-01
 7.00979e-01
 5.90265e-01
 5.03592e-01
 4.27485e-01
 3.64380e-01
 3.20386e-01
 9.94588e-01
 9.92682e-01
 9.89262e-01
 9.83623e-01
 9.74960e-01
 9.51737e-01
 9.11387e-01
 8.46270e-01
 7.46059e-01
 6.23104e-01
 5.33160e-01
 4.56417e-01
 3.94017e-01
 3.45764e-01
 3.09330e-01
 9.82498e-01
 9.80589e-01
 9.76658e-01
 9.63210e-01
 9.39194e-01
 8.96247e-01
 8.46271e-01
 7.60734e-01
 6.48452e-01
 5.51101e-01
 4.75659e-01
 4.11641e-01
 3.60437e-01
 3.24199e-01
 2.92477e-01
 9.47740e-01
 9.39712e-01
 9.22487e-01
 8.98375e-01
 8.67047e-01
 8.18558e-01
 7.46063e-01
 6.48453e-01
 5.64124e-01
 4.88260e-01
 4.22293e-01
 3.71175e-01
 3.33934e-01
 3.05192e-01
 2.71742e-01
 8.75497e-01
 8.66486e-01
 8.45590e-01
 8.15298e-01
 7.60611e-01
 7.00990e-01
 6.23116e-01
 5.51124e-01
 4.88288e-01
 4.26061e-01
 3.73538e-01
 3.36935e-01
 3.10381e-01
 2.82298e-01
 2.45068e-01
 7.59151e-01
 7.47547e-01
 7.20228e-01
 6.79002e-01
 6.32770e-01
 5.90286e-01
 5.33178e-01
 4.75672e-01
 4.22299e-01
 3.73532e-01
 3.37151e-01
 3.12053e-01
 2.87450e-01
 2.54773e-01
 2.16353e-01
 6.24572e-01
 6.06139e-01
 5.83927e-01
 5.58003e-01
 5.32601e-01
 5.03633e-01
 4.56453e-01
 4.11654e-01
 3.71163e-01
 3.36916e-01
 3.12053e-01
 2.89273e-01
 2.59926e-01
 2.24026e-01
 1.88520e-01
 5.25661e-01
 4.98707e-01
 4.87930e-01
 4.71006e-01
 4.46590e-01
 4.27540e-01
 3.94056e-01
 3.60452e-01
 3.33914e-01
 3.10361e-01
 2.87457e-01
 2.59935e-01
 2.26978e-01
 1.93386e-01
 1.64588e-01
 4.46747e-01
 4.21245e-01
 4.11207e-01
 3.99230e-01
 3.76637e-01
 3.64440e-01
 3.45804e-01
 3.24207e-01
 3.05168e-01
 2.82281e-01
 2.54782e-01
 2.24038e-01
 1.93391e-01
 1.66339e-01
 1.46313e-01
 3.81137e-01
 3.60489e-01
 3.51136e-01
 3.44632e-01
 3.28425e-01
 3.20435e-01
 3.09363e-01
 2.92484e-01
 2.71718e-01
 2.45054e-01
 2.16359e-01
 1.88531e-01
 1.64591e-01
 1.46313e-01
 1.34937e-01
 9.99889e-01
 9.99833e-01
 9.99658e-01
 9.98916e-01
 9.97889e-01
 9.93081e-01
 9.82498e-01
 9.57725e-01
 8.93227e-01
 7.94688e-01
 6.68477e-01
 5.71552e-01
 4.87696e-01
 4.16011e-01
 3.60452e-01
 9.99833e-01
 9.99757e-01
 9.99500e-01
 9.98663e-01
 9.97403e-01
 9.91284e-01
 9.80589e-01
 9.48372e-01
 8.90612e-01
 7.77623e-01
 6.52170e-01
 5.55503e-01
 4.69343e-01
 3.97534e-01
 3.42307e-01
 9.99658e-01
 9.99500e-01
 9.99072e-01
 9.97975e-01
 9.95817e-01
 9.87542e-01
 9.76658e-01
 9.29783e-01
 8.71830e-01
 7.56143e-01
 6.32732e-01
 5.29075e-01
 4.50594e-01
 3.84688e-01
 3.36076e-01
 9.98916e-01
 9.98663e-01
 9.97975e-01
 9.96156e-01
 9.92241e-01
 9.81381e-01
 9.63210e-01
 9.07228e-01
 8.49303e-01
 7.19318e-01
 5.96339e-01
 5.01954e-01
 4.30717e-01
 3.71392e-01
 3.30152e-01
 9.97889e-01
 9.97403e-01
 9.95817e-01
 9.92242e-01
 9.84849e-01
 9.70365e-01
 9.39194e-01
 8.76570e-01
 7.91643e-01
 6.70070e-01
 5.58522e-01
 4.74108e-01
 4.04947e-01
 3.49464e-01
 3.12003e-01
 9.93081e-01
 9.91284e-01
 9.87542e-01
 9.81381e-01
 9.70365e-01
 9.46429e-01
 8.96246e-01
 8.37141e-01
 7.28897e-01
 6.18333e-01
 5.21510e-01
 4.43934e-01
 3.82155e-01
 3.36393e-01
 3.02925e-01
 9.82498e-01
 9.80589e-01
 9.76658e-01
 9.63210e-01
 9.39195e-01
 8.96247e-01
 8.46271e-01
 7.60734e-01
 6.48451e-01
 5.51107e-01
 4.75654e-01
 4.11627e-01
 3.60426e-01
 3.24187e-01
 2.92464e-01
 9.57725e-01
 9.48372e-01
 9.29783e-01
 9.07229e-01
 8.76570e-01
 8.37143e-01
 7.60732e-01
 6.69307e-01
 5.82990e-01
 4.95993e-01
 4.28757e-01
 3.75901e-01
 3.37112e-01
 3.08508e-01
 2.75815e-01
 8.93228e-01
 8.90613e-01
 8.71831e-01
 8.49300e-01
 7.91641e-01
 7.28900e-01
 6.48458e-01
 5.83003e-01
 5.08577e-01
 4.39702e-01
 3.85087e-01
 3.45310e-01
 3.17666e-01
 2.90138e-01
 2.53032e-01
 7.94712e-01
 7.77636e-01
 7.56156e-01
 7.19315e-01
 6.70083e-01
 6.18338e-01
 5.51118e-01
 4.96024e-01
 4.39726e-01
 3.85941e-01
 3.46835e-01
 3.20206e-01
 2.96739e-01
 2.65144e-01
 2.25955e-01
 6.68480e-01
 6.52211e-01
 6.32747e-01
 5.96351e-01
 5.58557e-01
 5.21545e-01
 4.75687e-01
 4.28780e-01
 3.85101e-01
 3.46838e-01
 3.20875e-01
 2.99298e-01
 2.71537e-01
 2.35584e-01
 1.98320e-01
 5.71518e-01
 5.55479e-01
 5.29037e-01
 5.01951e-01
 4.74142e-01
 4.43987e-01
 4.11682e-01
 3.75923e-01
 3.45305e-01
 3.20200e-01
 2.99299e-01
 2.73831e-01
 2.40855e-01
 2.05466e-01
 1.73669e-01
 4.87661e-01
 4.69327e-01
 4.50598e-01
 4.30714e-01
 4.04967e-01
 3.82202e-01
 3.60476e-01
 3.37131e-01
 3.17650e-01
 2.96727e-01
 2.71541e-01
 2.40861e-01
 2.07955e-01
 1.77558e-01
 1.53537e-01
 4.15973e-01
 3.97664e-01
 3.84761e-01
 3.71353e-01
 3.49482e-01
 3.36440e-01
 3.24228e-01
 3.08523e-01
 2.90124e-01
 2.65135e-01
 2.35592e-01
 2.05474e-01
 1.77562e-01
 1.55092e-01
 1.39626e-01
 3.60397e-01
 3.42513e-01
 3.36160e-01
 3.30101e-01
 3.12032e-01
 3.02973e-01
 2.92503e-01
 2.75833e-01
 2.53026e-01
 2.25952e-01
 1.98327e-01
 1.73674e-01
 1.53539e-01
 1.39626e-01
 1.31491e-01
 9.99134e-01
 9.98718e-01
 9.97725e-01
 9.95596e-01
 9.87986e-01
 9.78152e-01
 9.47740e-01
 8.93227e-01
 8.14972e-01
 6.98274e-01
 5.75498e-01
 4.90841e-01
 4.18195e-01
 3.61321e-01
 3.23323e-01
 9.98718e-01
 9.98189e-01
 9.97067e-01
 9.94284e-01
 9.86005e-01
 9.74987e-01
 9.39712e-01
 8.90613e-01
 7.95723e-01
 6.79136e-01
 5.76143e-01
 4.93109e-01
 4.21177e-01
 3.60709e-01
 3.16874e-01
 9.97725e-01
 9.97067e-01
 9.95481e-01
 9.91154e-01
 9.81685e-01
 9.68058e-01
 9.22487e-01
 8.71830e-01
 7.71446e-01
 6.67971e-01
 5.60334e-01
 4.69492e-01
 4.01933e-01
 3.49896e-01
 3.13567e-01
 9.95596e-01
 9.94284e-01
 9.91153e-01
 9.84942e-01
 9.73158e-01
 9.50956e-01
 8.98374e-01
 8.49300e-01
 7.33489e-01
 6.25943e-01
 5.32012e-01
 4.51480e-01
 3.88966e-01
 3.43147e-01
 3.10906e-01
 9.87985e-01
 9.86004e-01
 9.81684e-01
 9.73158e-01
 9.54969e-01
 9.22676e-01
 8.67046e-01
 7.91640e-01
 6.81843e-01
 5.86313e-01
 5.03710e-01
 4.31576e-01
 3.72976e-01
 3.30564e-01
 2.97726e-01
 9.78151e-01
 9.74987e-01
 9.68058e-01
 9.50957e-01
 9.22677e-01
 8.76099e-01
 8.18557e-01
 7.28896e-01
 6.29225e-01
 5.35725e-01
 4.57842e-01
 3.95250e-01
 3.47944e-01
 3.15388e-01
 2.84718e-01
 9.47736e-01
 9.39709e-01
 9.22486e-01
 8.98374e-01
 8.67047e-01
 8.18559e-01
 7.46064e-01
 6.48454e-01
 5.64124e-01
 4.88271e-01
 4.22286e-01
 3.71152e-01
 3.33905e-01
 3.05160e-01
 2.71707e-01
 8.93227e-01
 8.90613e-01
 8.71831e-01
 8.49303e-01
 7.91645e-01
 7.28905e-01
 6.48458e-01
 5.83004e-01
 5.08578e-01
 4.39711e-01
 3.85084e-01
 3.45297e-01
 3.17647e-01
 2.90118e-01
 2.53017e-01
 8.14976e-01
 7.95727e-01
 7.71453e-01
 7.33493e-01
 6.81860e-01
 6.29231e-01
 5.64132e-01
 5.08592e-01
 4.48046e-01
 3.90048e-01
 3.49747e-01
 3.22274e-01
 2.99225e-01
 2.68569e-01
 2.29448e-01
 6.98278e-01
 6.79151e-01
 6.67976e-01
 6.25939e-01
 5.86334e-01
 5.35729e-01
 4.88291e-01
 4.39718e-01
 3.90057e-01
 3.48062e-01
 3.22167e-01
 3.02090e-01
 2.76581e-01
 2.41682e-01
 2.03783e-01
 5.75528e-01
 5.76195e-01
 5.60304e-01
 5.31998e-01
 5.03696e-01
 4.57853e-01
 4.22328e-01
 3.85106e-01
 3.49760e-01
 3.22172e-01
 3.02655e-01
 2.80191e-01
 2.48930e-01
 2.13216e-01
 1.79911e-01
 4.90928e-01
 4.93161e-01
 4.69512e-01
 4.51501e-01
 4.31576e-01
 3.95285e-01
 3.71207e-01
 3.45324e-01
 3.22282e-01
 3.02094e-01
 2.80195e-01
 2.51541e-01
 2.18200e-01
 1.85923e-01
 1.59319e-01
 4.18292e-01
 4.21226e-01
 4.02009e-01
 3.88999e-01
 3.72983e-01
 3.47990e-01
 3.33960e-01
 3.17675e-01
 2.99230e-01
 2.76583e-01
 2.48937e-01
 2.18205e-01
 1.88276e-01
 1.62630e-01
 1.44154e-01
 3.61345e-01
 3.60789e-01
 3.49969e-01
 3.43146e-01
 3.30583e-01
 3.15444e-01
 3.05212e-01
 2.90149e-01
 2.68576e-01
 2.41685e-01
 2.13223e-01
 1.85928e-01
 1.62631e-01
 1.45124e-01
 1.34295e-01
 3.23256e-01
 3.16967e-01
 3.13611e-01
 3.10895e-01
 2.97774e-01
 2.84791e-01
 2.71763e-01
 2.53046e-01
 2.29457e-01
 2.03788e-01
 1.79915e-01
 1.59322e-01
 1.44155e-01
 1.34295e-01
 1.29020e-01
 9.93934e-01
 9.91902e-01
 9.87669e-01
 9.77448e-01
 9.62122e-01
 9.23248e-01
 8.75496e-01
 7.94709e-01
 6.98269e-01
 5.75858e-01
 4.87669e-01
 4.24377e-01
 3.69809e-01
 3.30971e-01
 3.01302e-01
 9.91902e-01
 9.89921e-01
 9.84423e-01
 9.74714e-01
 9.56332e-01
 9.16671e-01
 8.66485e-01
 7.77631e-01
 6.79136e-01
 5.81199e-01
 5.05490e-01
 4.40506e-01
 3.83658e-01
 3.38613e-01
 3.01129e-01
 9.87668e-01
 9.84423e-01
 9.77399e-01
 9.66558e-01
 9.42911e-01
 8.99375e-01
 8.45589e-01
 7.56149e-01
 6.67967e-01
 5.70295e-01
 4.83644e-01
 4.12682e-01
 3.59477e-01
 3.21352e-01
 2.90709e-01
 9.77447e-01
 9.74714e-01
 9.66558e-01
 9.51273e-01
 9.19024e-01
 8.72794e-01
 8.15298e-01
 7.19310e-01
 6.25935e-01
 5.46382e-01
 4.66995e-01
 4.01780e-01
 3.53104e-01
 3.18801e-01
 2.87230e-01
 9.62122e-01
 9.56331e-01
 9.42909e-01
 9.19021e-01
 8.84438e-01
 8.36477e-01
 7.60611e-01
 6.70070e-01
 5.86313e-01
 5.18606e-01
 4.51172e-01
 3.91248e-01
 3.45558e-01
 3.11758e-01
 2.76373e-01
 9.23239e-01
 9.16664e-01
 8.99372e-01
 8.72794e-01
 8.36478e-01
 7.77272e-01
 7.00987e-01
 6.18333e-01
 5.35725e-01
 4.60567e-01
 3.98113e-01
 3.51839e-01
 3.19544e-01
 2.93743e-01
 2.60444e-01
 8.75495e-01
 8.66485e-01
 8.45588e-01
 8.15300e-01
 7.60615e-01
 7.00994e-01
 6.23116e-01
 5.51118e-01
 4.88279e-01
 4.26062e-01
 3.73526e-01
 3.36911e-01
 3.10357e-01
 2.82275e-01
 2.45047e-01
 7.94693e-01
 7.77629e-01
 7.56151e-01
 7.19329e-01
 6.70088e-01
 6.18347e-01
 5.51124e-01
 4.96025e-01
 4.39718e-01
 3.85941e-01
 3.46832e-01
 3.20196e-01
 2.96725e-01
 2.65131e-01
 2.25947e-01
 6.98289e-01
 6.79156e-01
 6.67985e-01
 6.25950e-01
 5.86339e-01
 5.35738e-01
 4.88302e-01
 4.39727e-01
 3.90057e-01
 3.48062e-01
 3.22167e-01
 3.02088e-01
 2.76577e-01
 2.41679e-01
 2.03782e-01
 5.75882e-01
 5.81238e-01
 5.70313e-01
 5.46399e-01
 5.18633e-01
 4.60571e-01
 4.26089e-01
 3.85950e-01
 3.48068e-01
 3.20911e-01
 3.03063e-01
 2.82161e-01
 2.51737e-01
 2.15963e-01
 1.82135e-01
 4.87710e-01
 5.05533e-01
 4.83657e-01
 4.67012e-01
 4.51176e-01
 3.98139e-01
 3.73562e-01
 3.46846e-01
 3.22176e-01
 3.03067e-01
 2.83889e-01
 2.57076e-01
 2.23738e-01
 1.90491e-01
 1.62548e-01
 4.24458e-01
 4.40510e-01
 4.12736e-01
 4.01809e-01
 3.91232e-01
 3.51878e-01
 3.36954e-01
 3.20213e-01
 3.02098e-01
 2.82169e-01
 2.57081e-01
 2.26636e-01
 1.95372e-01
 1.67826e-01
 1.47326e-01
 3.69898e-01
 3.83665e-01
 3.59576e-01
 3.53127e-01
 3.45543e-01
 3.19578e-01
 3.10397e-01
 2.96746e-01
 2.76589e-01
 2.51747e-01
 2.23746e-01
 1.95375e-01
 1.69602e-01
 1.49635e-01
 1.36686e-01
 3.31039e-01
 3.38660e-01
 3.21424e-01
 3.18780e-01
 3.11758e-01
 2.93782e-01
 2.82315e-01
 2.65154e-01
 2.41691e-01
 2.15971e-01
 1.90497e-01
 1.67828e-01
 1.49636e-01
 1.37490e-01
 1.30492e-01
 3.01328e-01
 3.01220e-01
 2.90745e-01
 2.87190e-01
 2.76391e-01
 2.60497e-01
 2.45086e-01
 2.25967e-01
 2.03790e-01
 1.82139e-01
 1.62551e-01
 1.47327e-01
 1.36686e-01
 1.30492e-01
 1.27239e-01
 9.65789e-01
 9.61507e-01
 9.43723e-01
 9.24230e-01
 8.76061e-01
 8.28716e-01
 7.59147e-01
 6.68474e-01
 5.75510e-01
 4.87684e-01
 4.12692e-01
 3.62448e-01
 3.26099e-01
 3.02279e-01
 2.75340e-01
 9.61508e-01
 9.54789e-01
 9.38408e-01
 9.13621e-01
 8.68743e-01
 8.12620e-01
 7.47543e-01
 6.52197e-01
 5.76168e-01
 5.05494e-01
 4.41477e-01
 3.90245e-01
 3.50027e-01
 3.16336e-01
 2.78589e-01
 9.43720e-01
 9.38405e-01
 9.23412e-01
 8.89417e-01
 8.51553e-01
 7.88966e-01
 7.20223e-01
 6.32737e-01
 5.60301e-01
 4.83638e-01
 4.14997e-01
 3.63340e-01
 3.26021e-01
 2.97291e-01
 2.65927e-01
 9.24232e-01
 9.13619e-01
 8.89411e-01
 8.59747e-01
 8.18036e-01
 7.57293e-01
 6.78999e-01
 5.96342e-01
 5.31993e-01
 4.66989e-01
 4.05721e-01
 3.59045e-01
 3.24593e-01
 2.95024e-01
 2.59715e-01
 8.76057e-01
 8.68741e-01
 8.51555e-01
 8.18041e-01
 7.72534e-01
 7.08097e-01
 6.32766e-01
 5.58538e-01
 5.03687e-01
 4.51155e-01
 3.99280e-01
 3.57550e-01
 3.24412e-01
 2.90208e-01
 2.49248e-01
 8.28725e-01
 8.12619e-01
 7.88957e-01
 7.57284e-01
 7.08092e-01
 6.48708e-01
 5.90283e-01
 5.21534e-01
 4.57848e-01
 3.98123e-01
 3.50587e-01
 3.19499e-01
 2.96779e-01
 2.69172e-01
 2.32056e-01
 7.59142e-01
 7.47548e-01
 7.20240e-01
 6.79018e-01
 6.32779e-01
 5.90296e-01
 5.33177e-01
 4.75677e-01
 4.22308e-01
 3.73544e-01
 3.37151e-01
 3.12050e-01
 2.87452e-01
 2.54775e-01
 2.16352e-01
 6.68499e-01
 6.52194e-01
 6.32755e-01
 5.96362e-01
 5.58558e-01
 5.21540e-01
 4.75683e-01
 4.28781e-01
 3.85104e-01
 3.46841e-01
 3.20874e-01
 2.99296e-01
 2.71537e-01
 2.35587e-01
 1.98322e-01
 5.75526e-01
 5.76187e-01
 5.60365e-01
 5.32045e-01
 5.03753e-01
 4.57859e-01
 4.22321e-01
 3.85104e-01
 3.49761e-01
 3.22172e-01
 3.02655e-01
 2.80191e-01
 2.48931e-01
 2.13218e-01
 1.79912e-01
 4.87700e-01
 5.05539e-01
 4.83671e-01
 4.67031e-01
 4.51209e-01
 3.98130e-01
 3.73550e-01
 3.46843e-01
 3.22176e-01
 3.03067e-01
 2.83888e-01
 2.57076e-01
 2.23739e-01
 1.90492e-01
 1.62549e-01
 4.12729e-01
 4.41516e-01
 4.15040e-01
 4.05755e-01
 3.99297e-01
 3.50613e-01
 3.37164e-01
 3.20879e-01
 3.02661e-01
 2.83893e-01
 2.59987e-01
 2.29770e-01
 1.98008e-01
 1.69705e-01
 1.48514e-01
 3.62546e-01
 3.90256e-01
 3.63424e-01
 3.59085e-01
 3.57532e-01
 3.19516e-01
 3.12065e-01
 2.99302e-01
 2.80199e-01
 2.57085e-01
 2.29775e-01
 2.00716e-01
 1.73682e-01
 1.52222e-01
 1.38097e-01
 3.26197e-01
 3.50041e-01
 3.26117e-01
 3.24611e-01
 3.24384e-01
 2.96784e-01
 2.87462e-01
 2.71544e-01
 2.48939e-01
 2.23747e-01
 1.98013e-01
 1.73684e-01
 1.53788e-01
 1.39803e-01
 1.31643e-01
 3.02361e-01
 3.16400e-01
 2.97367e-01
 2.95005e-01
 2.90184e-01
 2.69186e-01
 2.54789e-01
 2.35594e-01
 2.13223e-01
 1.90497e-01
 1.69707e-01
 1.52223e-01
 1.39803e-01
 1.31996e-01
 1.27948e-01
 2.75412e-01
 2.78698e-01
 2.65980e-01
 2.59683e-01
 2.49235e-01
 2.32072e-01
 2.16365e-01
 1.98328e-01
 1.79915e-01
 1.62550e-01
 1.48515e-01
 1.38098e-01
 1.31643e-01
 1.27948e-01
 1.26169e-01
 8.82862e-01
 8.63681e-01
 8.44823e-01
 7.92267e-01
 7.57812e-01
 6.77593e-01
 6.24567e-01
 5.71511e-01
 4.90895e-01
 4.24430e-01
 3.62509e-01
 3.19402e-01
 2.93785e-01
 2.73494e-01
 2.43305e-01
 8.63673e-01
 8.53819e-01
 8.26296e-01
 7.82819e-01
 7.38918e-01
 6.74122e-01
 6.06128e-01
 5.55473e-01
 4.93128e-01
 4.40486e-01
 3.90240e-01
 3.50799e-01
 3.19995e-01
 2.86430e-01
 2.45594e-01
 8.44828e-01
 8.26303e-01
 7.95545e-01
 7.61468e-01
 7.17336e-01
 6.45195e-01
 5.83915e-01
 5.29038e-01
 4.69497e-01
 4.12707e-01
 3.63369e-01
 3.26659e-01
 2.99255e-01
 2.71500e-01
 2.36353e-01
 7.92252e-01
 7.82814e-01
 7.61467e-01
 7.26896e-01
 6.71967e-01
 6.13718e-01
 5.57992e-01
 5.01946e-01
 4.51486e-01
 4.01788e-01
 3.59057e-01
 3.26788e-01
 2.99274e-01
 2.67844e-01
 2.29407e-01
 7.57847e-01
 7.38933e-01
 7.17330e-01
 6.71961e-01
 6.35775e-01
 5.81699e-01
 5.32594e-01
 4.74124e-01
 4.31566e-01
 3.91225e-01
 3.57532e-01
 3.29972e-01
 2.99129e-01
 2.60254e-01
 2.18387e-01
 6.77599e-01
 6.74143e-01
 6.45214e-01
 6.13737e-01
 5.81699e-01
 5.48049e-01
 5.03629e-01
 4.43973e-01
 3.95274e-01
 3.51858e-01
 3.19499e-01
 2.97744e-01
 2.73936e-01
 2.40622e-01
 2.03297e-01
 6.24635e-01
 6.06153e-01
 5.83935e-01
 5.58003e-01
 5.32597e-01
 5.03635e-01
 4.56454e-01
 4.11669e-01
 3.71187e-01
 3.36940e-01
 3.12056e-01
 2.89273e-01
 2.59931e-01
 2.24032e-01
 1.88527e-01
 5.71586e-01
 5.55547e-01
 5.29117e-01
 5.01993e-01
 4.74150e-01
 4.43967e-01
 4.11669e-01
 3.75924e-01
 3.45319e-01
 3.20209e-01
 2.99300e-01
 2.73831e-01
 2.40858e-01
 2.05471e-01
 1.73672e-01
 4.90867e-01
 4.93159e-01
 4.69526e-01
 4.51518e-01
 4.31618e-01
 3.95279e-01
 3.71184e-01
 3.45310e-01
 3.22282e-01
 3.02096e-01
 2.80195e-01
 2.51541e-01
 2.18202e-01
 1.85925e-01
 1.59321e-01
 4.24411e-01
 4.40555e-01
 4.12732e-01
 4.01819e-01
 3.91273e-01
 3.51869e-01
 3.36930e-01
 3.20203e-01
 3.02097e-01
 2.82169e-01
 2.57081e-01
 2.26635e-01
 1.95373e-01
 1.67827e-01
 1.47326e-01
 3.62478e-01
 3.90266e-01
 3.63403e-01
 3.59081e-01
 3.57556e-01
 3.19522e-01
 3.12061e-01
 2.99301e-01
 2.80199e-01
 2.57085e-01
 2.29775e-01
 2.00716e-01
 1.73682e-01
 1.52222e-01
 1.38097e-01
 3.19429e-01
 3.50802e-01
 3.26715e-01
 3.26816e-01
 3.29972e-01
 2.97754e-01
 2.89282e-01
 2.73834e-01
 2.51548e-01
 2.26642e-01
 2.00719e-01
 1.75979e-01
 1.55259e-01
 1.40717e-01
 1.32019e-01
 2.93815e-01
 3.19994e-01
 2.99313e-01
 2.99286e-01
 2.99110e-01
 2.73941e-01
 2.59938e-01
 2.40861e-01
 2.18207e-01
 1.95377e-01
 1.73684e-01
 1.55259e-01
 1.41541e-01
 1.32964e-01
 1.28366e-01
 2.73517e-01
 2.86459e-01
 2.71552e-01
 2.67838e-01
 2.60233e-01
 2.40627e-01
 2.24038e-01
 2.05473e-01
 1.85927e-01
 1.67828e-01
 1.52223e-01
 1.40717e-01
 1.32964e-01
 1.28646e-01
 1.26442e-01
 2.43330e-01
 2.45645e-01
 2.36389e-01
 2.29398e-01
 2.18374e-01
 2.03302e-01
 1.88528e-01
 1.73674e-01
 1.59321e-01
 1.47327e-01
 1.38097e-01
 1.32019e-01
 1.28366e-01
 1.26442e-01
 1.25547e-01
 7.18893e-01
 7.11290e-01
 6.91844e-01
 6.53507e-01
 6.11653e-01
 5.58002e-01
 5.25653e-01
 4.87662e-01
 4.18265e-01
 3.69872e-01
 3.26169e-01
 2.93797e-01
 2.70575e-01
 2.44163e-01
 2.10512e-01
 7.11309e-01
 6.98438e-01
 6.78476e-01
 6.44832e-01
 5.98847e-01
 5.57025e-01
 4.98682e-01
 4.69323e-01
 4.21199e-01
 3.83648e-01
 3.50032e-01
 3.19993e-01
 2.87991e-01
 2.49947e-01
 2.10360e-01
 6.91853e-01
 6.78480e-01
 6.69203e-01
 6.14065e-01
 5.77851e-01
 5.41867e-01
 4.87910e-01
 4.50593e-01
 4.01989e-01
 3.59544e-01
 3.26074e-01
 2.99275e-01
 2.72960e-01
 2.40893e-01
 2.04789e-01
 6.53541e-01
 6.44853e-01
 6.14070e-01
 5.82901e-01
 5.45710e-01
 5.19723e-01
 4.70993e-01
 4.30712e-01
 3.88987e-01
 3.53116e-01
 3.24595e-01
 2.99267e-01
 2.70588e-01
 2.35333e-01
 1.98031e-01
 6.11676e-01
 5.98853e-01
 5.77869e-01
 5.45696e-01
 5.25673e-01
 4.87582e-01
 4.46587e-01
 4.04959e-01
 3.72974e-01
 3.45543e-01
 3.24388e-01
 2.99113e-01
 2.64482e-01
 2.25101e-01
 1.88326e-01
 5.58066e-01
 5.57075e-01
 5.41908e-01
 5.19770e-01
 4.87615e-01
 4.58462e-01
 4.27538e-01
 3.82191e-01
 3.47976e-01
 3.19563e-01
 2.96776e-01
 2.73933e-01
 2.43781e-01
 2.08821e-01
 1.76169e-01
 5.25698e-01
 4.98668e-01
 4.87904e-01
 4.71006e-01
 4.46602e-01
 4.27539e-01
 3.94057e-01
 3.60464e-01
 3.33943e-01
 3.10384e-01
 2.87454e-01
 2.59929e-01
 2.26977e-01
 1.93389e-01
 1.64589e-01
 4.87746e-01
 4.69415e-01
 4.50640e-01
 4.30752e-01
 4.04989e-01
 3.82190e-01
 3.60465e-01
 3.37131e-01
 3.17670e-01
 2.96741e-01
 2.71541e-01
 2.40858e-01
 2.07955e-01
 1.77560e-01
 1.53538e-01
 4.18238e-01
 4.21239e-01
 4.01975e-01
 3.88993e-01
 3.73003e-01
 3.47971e-01
 3.33930e-01
 3.17656e-01
 2.99230e-01
 2.76587e-01
 2.48936e-01
 2.18202e-01
 1.88276e-01
 1.62630e-01
 1.44154e-01
 3.69845e-01
 3.83695e-01
 3.59532e-01
 3.53136e-01
 3.45569e-01
 3.19567e-01
 3.10372e-01
 2.96732e-01
 2.76585e-01
 2.51747e-01
 2.23745e-01
 1.95374e-01
 1.69602e-01
 1.49635e-01
 1.36686e-01
 3.26123e-01
 3.50036e-01
 3.26075e-01
 3.24625e-01
 3.24417e-01
 2.96795e-01
 2.87464e-01
 2.71544e-01
 2.48940e-01
 2.23748e-01
 1.98013e-01
 1.73683e-01
 1.53788e-01
 1.39803e-01
 1.31643e-01
 2.93803e-01
 3.19997e-01
 2.99295e-01
 2.99300e-01
 2.99131e-01
 2.73949e-01
 2.59943e-01
 2.40864e-01
 2.18209e-01
 1.95378e-01
 1.73684e-01
 1.55259e-01
 1.41541e-01
 1.32963e-01
 1.28366e-01
 2.70586e-01
 2.87995e-01
 2.72989e-01
 2.70610e-01
 2.64484e-01
 2.43791e-01
 2.26987e-01
 2.07960e-01
 1.88279e-01
 1.69604e-01
 1.53788e-01
 1.41541e-01
 1.33553e-01
 1.28893e-01
 1.26561e-01
 2.44166e-01
 2.49959e-01
 2.40920e-01
 2.35342e-01
 2.25098e-01
 2.08824e-01
 1.93393e-01
 1.77562e-01
 1.62632e-01
 1.49636e-01
 1.39803e-01
 1.32964e-01
 1.28893e-01
 1.26664e-01
 1.25637e-01
 2.10510e-01
 2.10370e-01
 2.04804e-01
 1.98032e-01
 1.88325e-01
 1.76171e-01
 1.64590e-01
 1.53539e-01
 1.44155e-01
 1.36686e-01
 1.31643e-01
 1.28366e-01
 1.26561e-01
 1.25637e-01
 1.25245e-01
 5.91529e-01
 5.70249e-01
 5.44563e-01
 5.38955e-01
 5.06121e-01
 4.75525e-01
 4.46741e-01
 4.15977e-01
 3.61342e-01
 3.31024e-01
 3.02342e-01
 2.73504e-01
 2.44156e-01
 2.11966e-01
 1.80326e-01
 5.70294e-01
 5.50997e-01
 5.47661e-01
 5.41543e-01
 5.02718e-01
 4.73081e-01
 4.21202e-01
 3.97634e-01
 3.60761e-01
 3.38645e-01
 3.16388e-01
 2.86450e-01
 2.49948e-01
 2.12450e-01
 1.79198e-01
 5.44588e-01
 5.47653e-01
 5.48886e-01
 5.14587e-01
 4.87230e-01
 4.61017e-01
 4.11188e-01
 3.84746e-01
 3.49952e-01
 3.21405e-01
 2.97341e-01
 2.71526e-01
 2.40898e-01
 2.07068e-01
 1.75249e-01
 5.39063e-01
 5.41620e-01
 5.14624e-01
 4.92373e-01
 4.64164e-01
 4.45157e-01
 3.99226e-01
 3.71360e-01
 3.43144e-01
 3.18779e-01
 2.94997e-01
 2.67824e-01
 2.35325e-01
 2.00709e-01
 1.69739e-01
 5.06131e-01
 5.02711e-01
 4.87208e-01
 4.64128e-01
 4.44363e-01
 4.14441e-01
 3.76634e-01
 3.49480e-01
 3.30576e-01
 3.11757e-01
 2.90188e-01
 2.60234e-01
 2.25094e-01
 1.90889e-01
 1.62465e-01
 4.75643e-01
 4.73084e-01
 4.60996e-01
 4.45177e-01
 4.14475e-01
 3.86447e-01
 3.64436e-01
 3.36432e-01
 3.15432e-01
 2.93771e-01
 2.69178e-01
 2.40621e-01
 2.08820e-01
 1.78500e-01
 1.54147e-01
 4.46761e-01
 4.21100e-01
 4.11150e-01
 3.99252e-01
 3.76660e-01
 3.64433e-01
 3.45805e-01
 3.24219e-01
 3.05200e-01
 2.82303e-01
 2.54780e-01
 2.24030e-01
 1.93388e-01
 1.66339e-01
 1.46313e-01
 4.16039e-01
 3.97620e-01
 3.84736e-01
 3.71411e-01
 3.49501e-01
 3.36429e-01
 3.24217e-01
 3.08523e-01
 2.90144e-01
 2.65148e-01
 2.35589e-01
 2.05470e-01
 1.77559e-01
 1.55092e-01
 1.39626e-01
 3.61365e-01
 3.60779e-01
 3.49937e-01
 3.43159e-01
 3.30582e-01
 3.15409e-01
 3.05179e-01
 2.90129e-01
 2.68575e-01
 2.41688e-01
 2.13220e-01
 1.85925e-01
 1.62630e-01
 1.45124e-01
 1.34295e-01
 3.30997e-01
 3.38646e-01
 3.21392e-01
 3.18820e-01
 3.11766e-01
 2.93760e-01
 2.82292e-01
 2.65141e-01
 2.41687e-01
 2.15971e-01
 1.90494e-01
 1.67827e-01
 1.49635e-01
 1.37490e-01
 1.30492e-01
 3.02290e-01
 3.16345e-01
 2.97326e-01
 2.95049e-01
 2.90213e-01
 2.69189e-01
 2.54790e-01
 2.35595e-01
 2.13225e-01
 1.90497e-01
 1.69707e-01
 1.52222e-01
 1.39803e-01
 1.31996e-01
 1.27948e-01
 2.73506e-01
 2.86436e-01
 2.71531e-01
 2.67869e-01
 2.60260e-01
 2.40636e-01
 2.24045e-01
 2.05477e-01
 1.85930e-01
 1.67829e-01
 1.52223e-01
 1.40717e-01
 1.32963e-01
 1.28646e-01
 1.26442e-01
 2.44175e-01
 2.49959e-01
 2.40918e-01
 2.35355e-01
 2.25109e-01
 2.08829e-01
 1.93395e-01
 1.77564e-01
 1.62632e-01
 1.49636e-01
 1.39803e-01
 1.32963e-01
 1.28893e-01
 1.26664e-01
 1.25637e-01
 2.11975e-01
 2.12461e-01
 2.07083e-01
 2.00722e-01
 1.90894e-01
 1.78504e-01
 1.66341e-01
 1.55093e-01
 1.45125e-01
 1.37490e-01
 1.31996e-01
 1.28646e-01
 1.26664e-01
 1.25695e-01
 1.25262e-01
 1.80325e-01
 1.79200e-01
 1.75254e-01
 1.69741e-01
 1.62466e-01
 1.54148e-01
 1.46313e-01
 1.39626e-01
 1.34295e-01
 1.30492e-01
 1.27948e-01
 1.26442e-01
 1.25637e-01
 1.25262e-01
 1.25098e-01
 5.02429e-01
 4.78523e-01
 4.50962e-01
 4.51741e-01
 4.16544e-01
 4.02262e-01
 3.81131e-01
 3.60406e-01
 3.23263e-01
 3.01322e-01
 2.75399e-01
 2.43319e-01
 2.10502e-01
 1.80320e-01
 1.55809e-01
 4.78551e-01
 4.61230e-01
 4.56935e-01
 4.54268e-01
 4.18451e-01
 4.00744e-01
 3.60441e-01
 3.42475e-01
 3.16939e-01
 3.01206e-01
 2.78681e-01
 2.45630e-01
 2.10359e-01
 1.79195e-01
 1.54706e-01
 4.50939e-01
 4.56891e-01
 4.53113e-01
 4.31544e-01
 4.07354e-01
 3.90743e-01
 3.51126e-01
 3.36147e-01
 3.13595e-01
 2.90732e-01
 2.65963e-01
 2.36370e-01
 2.04791e-01
 1.75248e-01
 1.51947e-01
 4.51722e-01
 4.54340e-01
 4.31620e-01
 4.12130e-01
 3.92083e-01
 3.80471e-01
 3.44640e-01
 3.30108e-01
 3.10896e-01
 2.87191e-01
 2.59679e-01
 2.29389e-01
 1.98023e-01
 1.69737e-01
 1.48172e-01
 4.16550e-01
 4.18513e-01
 4.07344e-01
 3.92035e-01
 3.75243e-01
 3.56761e-01
 3.28425e-01
 3.12030e-01
 2.97768e-01
 2.76388e-01
 2.49235e-01
 2.18373e-01
 1.88321e-01
 1.62464e-01
 1.43788e-01
 4.02397e-01
 4.00725e-01
 3.90649e-01
 3.80452e-01
 3.56777e-01
 3.35678e-01
 3.20430e-01
 3.02966e-01
 2.84781e-01
 2.60485e-01
 2.32064e-01
 2.03297e-01
 1.76169e-01
 1.54148e-01
 1.38998e-01
 3.81097e-01
 3.60312e-01
 3.51112e-01
 3.44703e-01
 3.28466e-01
 3.20426e-01
 3.09363e-01
 2.92497e-01
 2.71753e-01
 2.45074e-01
 2.16358e-01
 1.88524e-01
 1.64589e-01
 1.46313e-01
 1.34936e-01
 3.60460e-01
 3.42395e-01
 3.36118e-01
 3.30160e-01
 3.12025e-01
 3.02954e-01
 2.92490e-01
 2.75833e-01
 2.53040e-01
 2.25961e-01
 1.98324e-01
 1.73672e-01
 1.53538e-01
 1.39626e-01
 1.31491e-01
 3.23350e-01
 3.16933e-01
 3.13594e-01
 3.10911e-01
 2.97741e-01
 2.84739e-01
 2.71728e-01
 2.53030e-01
 2.29457e-01
 2.03788e-01
 1.79913e-01
 1.59319e-01
 1.44155e-01
 1.34295e-01
 1.29020e-01
 3.01323e-01
 3.01160e-01
 2.90738e-01
 2.87243e-01
 2.76383e-01
 2.60463e-01
 2.45064e-01
 2.25958e-01
 2.03790e-01
 1.82137e-01
 1.62552e-01
 1.47326e-01
 1.36686e-01
 1.30492e-01
 1.27239e-01
 2.75355e-01
 2.78606e-01
 2.65956e-01
 2.59737e-01
 2.49256e-01
 2.32072e-01
 2.16366e-01
 1.98330e-01
 1.79916e-01
 1.62553e-01
 1.48512e-01
 1.38096e-01
 1.31643e-01
 1.27948e-01
 1.26169e-01
 2.43319e-01
 2.45609e-01
 2.36380e-01
 2.29429e-01
 2.18396e-01
 2.03306e-01
 1.88535e-01
 1.73676e-01
 1.59322e-01
 1.47326e-01
 1.38096e-01
 1.32019e-01
 1.28365e-01
 1.26442e-01
 1.25547e-01
 2.10522e-01
 2.10372e-01
 2.04806e-01
 1.98046e-01
 1.88333e-01
 1.76174e-01
 1.64592e-01
 1.53540e-01
 1.44155e-01
 1.36686e-01
 1.31643e-01
 1.28365e-01
 1.26561e-01
 1.25636e-01
 1.25245e-01
 1.80331e-01
 1.79204e-01
 1.75256e-01
 1.69744e-01
 1.62468e-01
 1.54148e-01
 1.46314e-01
 1.39626e-01
 1.34295e-01
 1.30492e-01
 1.27948e-01
 1.26442e-01
 1.25636e-01
 1.25262e-01
 1.25098e-01
 1.55811e-01
 1.54707e-01
 1.51949e-01
 1.48174e-01
 1.43788e-01
 1.38999e-01
 1.34936e-01
 1.31491e-01
 1.29020e-01
 1.27239e-01
 1.26169e-01
 1.25547e-01
 1.25245e-01
 1.25098e-01
 1.25038e-01
 4.24228e-01
 4.00067e-01
 3.74817e-01
 3.79842e-01
 3.46290e-01
 3.42708e-01
 3.35172e-01
 3.18279e-01
 2.89475e-01
 2.65173e-01
 2.36552e-01
 2.05405e-01
 1.77008e-01
 1.54465e-01
 1.39228e-01
 4.00110e-01
 3.85976e-01
 3.82153e-01
 3.81663e-01
 3.52717e-01
 3.45042e-01
 3.17264e-01
 3.01443e-01
 2.81282e-01
 2.61759e-01
 2.34890e-01
 2.03962e-01
 1.75576e-01
 1.53361e-01
 1.38545e-01
 3.74780e-01
 3.82098e-01
 3.75181e-01
 3.64953e-01
 3.43587e-01
 3.37958e-01
 3.10241e-01
 2.98659e-01
 2.79305e-01
 2.54249e-01
 2.26664e-01
 1.97909e-01
 1.71517e-01
 1.50607e-01
 1.37036e-01
 3.79669e-01
 3.81700e-01
 3.65020e-01
 3.46851e-01
 3.35983e-01
 3.33610e-01
 3.07866e-01
 2.95105e-01
 2.73989e-01
 2.46802e-01
 2.18185e-01
 1.90671e-01
 1.65935e-01
 1.46993e-01
 1.35122e-01
 3.46328e-01
 3.52855e-01
 3.43605e-01
 3.35929e-01
 3.27310e-01
 3.16133e-01
 2.95328e-01
 2.78950e-01
 2.59585e-01
 2.33971e-01
 2.07008e-01
 1.81044e-01
 1.59028e-01
 1.42692e-01
 1.32974e-01
 3.42798e-01
 3.45048e-01
 3.37847e-01
 3.33561e-01
 3.16122e-01
 2.99297e-01
 2.84958e-01
 2.67330e-01
 2.45332e-01
 2.19655e-01
 1.93492e-01
 1.70195e-01
 1.51235e-01
 1.38220e-01
 1.30783e-01
 3.35064e-01
 3.17148e-01
 3.10261e-01
 3.07935e-01
 2.95367e-01
 2.84951e-01
 2.72060e-01
 2.53012e-01
 2.29979e-01
 2.04374e-01
 1.80281e-01
 1.59503e-01
 1.44163e-01
 1.34276e-01
 1.28957e-01
 3.18285e-01
 3.01360e-01
 2.98632e-01
 2.95135e-01
 2.78928e-01
 2.67310e-01
 2.53002e-01
 2.33959e-01
 2.10999e-01
 1.87774e-01
 1.66476e-01
 1.49769e-01
 1.38018e-01
 1.31110e-01
 1.27487e-01
 2.89578e-01
 2.81264e-01
 2.79304e-01
 2.73994e-01
 2.59546e-01
 2.45295e-01
 2.29963e-01
 2.10996e-01
 1.90550e-01
 1.70510e-01
 1.53813e-01
 1.41246e-01
 1.33236e-01
 1.28714e-01
 1.26472e-01
 2.65201e-01
 2.61709e-01
 2.54261e-01
 2.46843e-01
 2.33968e-01
 2.19641e-01
 2.04372e-01
 1.87774e-01
 1.70511e-01
 1.55315e-01
 1.43122e-01
 1.34881e-01
 1.29778e-01
 1.27097e-01
 1.25800e-01
 2.36534e-01
 2.34840e-01
 2.26669e-01
 2.18226e-01
 2.07022e-01
 1.93497e-01
 1.80285e-01
 1.66479e-01
 1.53814e-01
 1.43122e-01
 1.35468e-01
 1.30424e-01
 1.27565e-01
 1.26069e-01
 1.25407e-01
 2.05410e-01
 2.03954e-01
 1.97918e-01
 1.90693e-01
 1.81057e-01
 1.70198e-01
 1.59507e-01
 1.49771e-01
 1.41247e-01
 1.34881e-01
 1.30424e-01
 1.27739e-01
 1.26232e-01
 1.25508e-01
 1.25192e-01
 1.77022e-01
 1.75585e-01
 1.71522e-01
 1.65946e-01
 1.59029e-01
 1.51237e-01
 1.44164e-01
 1.38019e-01
 1.33236e-01
 1.29778e-01
 1.27565e-01
 1.26232e-01
 1.25548e-01
 1.25222e-01
 1.25084e-01
 1.54472e-01
 1.53365e-01
 1.50609e-01
 1.46997e-01
 1.42694e-01
 1.38221e-01
 1.34276e-01
 1.31110e-01
 1.28714e-01
 1.27097e-01
 1.26069e-01
 1.25508e-01
 1.25222e-01
 1.25092e-01
 1.25034e-01
 1.39229e-01
 1.38546e-01
 1.37037e-01
 1.35122e-01
 1.32974e-01
 1.30783e-01
 1.28957e-01
 1.27487e-01
 1.26472e-01
 1.25800e-01
 1.25407e-01
 1.25192e-01
 1.25084e-01
 1.25034e-01
 1.25013e-01
 3.58613e-01
 3.37828e-01
 3.17871e-01
 3.26971e-01
 3.00004e-01
 2.98134e-01
 2.93263e-01
 2.72783e-01
 2.45904e-01
 2.20701e-01
 1.94759e-01
 1.70328e-01
 1.50789e-01
 1.37722e-01
 1.30473e-01
 3.37857e-01
 3.26320e-01
 3.26293e-01
 3.29462e-01
 3.08335e-01
 3.02429e-01
 2.81448e-01
 2.62509e-01
 2.40738e-01
 2.17750e-01
 1.92434e-01
 1.68614e-01
 1.49635e-01
 1.37074e-01
 1.30148e-01
 3.17822e-01
 3.26243e-01
 3.21554e-01
 3.16695e-01
 2.99315e-01
 2.96207e-01
 2.75432e-01
 2.58810e-01
 2.36876e-01
 2.11631e-01
 1.86873e-01
 1.64494e-01
 1.47061e-01
 1.35686e-01
 1.29518e-01
 3.26762e-01
 3.29462e-01
 3.16727e-01
 3.00453e-01
 2.94979e-01
 2.92238e-01
 2.70203e-01
 2.51884e-01
 2.28378e-01
 2.03382e-01
 1.79601e-01
 1.59238e-01
 1.43706e-01
 1.33923e-01
 1.28695e-01
 3.00078e-01
 3.08483e-01
 2.99351e-01
 2.94928e-01
 2.90076e-01
 2.76760e-01
 2.57116e-01
 2.37223e-01
 2.15636e-01
 1.92417e-01
 1.70980e-01
 1.52928e-01
 1.39930e-01
 1.31973e-01
 1.27831e-01
 2.98162e-01
 3.02465e-01
 2.96107e-01
 2.92165e-01
 2.76732e-01
 2.59952e-01
 2.43171e-01
 2.24091e-01
 2.02511e-01
 1.81032e-01
 1.61531e-01
 1.46404e-01
 1.36022e-01
 1.30072e-01
 1.27007e-01
 2.93099e-01
 2.81378e-01
 2.75461e-01
 2.70248e-01
 2.57133e-01
 2.43163e-01
 2.27759e-01
 2.08902e-01
 1.88790e-01
 1.69058e-01
 1.52600e-01
 1.40397e-01
 1.32701e-01
 1.28429e-01
 1.26338e-01
 2.72741e-01
 2.62455e-01
 2.58793e-01
 2.51901e-01
 2.37213e-01
 2.24078e-01
 2.08897e-01
 1.91778e-01
 1.73651e-01
 1.57361e-01
 1.44275e-01
 1.35366e-01
 1.30004e-01
 1.27158e-01
 1.25823e-01
 2.45969e-01
 2.40722e-01
 2.36869e-01
 2.28384e-01
 2.15620e-01
 2.02497e-01
 1.88784e-01
 1.73650e-01
 1.59170e-01
 1.46593e-01
 1.37447e-01
 1.31429e-01
 1.28031e-01
 1.26262e-01
 1.25479e-01
 2.20732e-01
 2.17726e-01
 2.11641e-01
 2.03403e-01
 1.92419e-01
 1.81027e-01
 1.69059e-01
 1.57361e-01
 1.46594e-01
 1.38229e-01
 1.32316e-01
 1.28692e-01
 1.26672e-01
 1.25687e-01
 1.25257e-01
 1.94764e-01
 1.92420e-01
 1.86879e-01
 1.79619e-01
 1.70987e-01
 1.61532e-01
 1.52602e-01
 1.44276e-01
 1.37448e-01
 1.32316e-01
 1.28950e-01
 1.26916e-01
 1.25855e-01
 1.25345e-01
 1.25131e-01
 1.70335e-01
 1.68614e-01
 1.64496e-01
 1.59236e-01
 1.52928e-01
 1.46406e-01
 1.40399e-01
 1.35366e-01
 1.31430e-01
 1.28692e-01
 1.26916e-01
 1.25913e-01
 1.25398e-01
 1.25163e-01
 1.25061e-01
 1.50783e-01
 1.49638e-01
 1.47064e-01
 1.43705e-01
 1.39910e-01
 1.36019e-01
 1.32702e-01
 1.30004e-01
 1.28031e-01
 1.26672e-01
 1.25855e-01
 1.25398e-01
 1.25176e-01
 1.25071e-01
 1.25027e-01
 1.37724e-01
 1.37076e-01
 1.35687e-01
 1.33925e-01
 1.31970e-01
 1.30072e-01
 1.28428e-01
 1.27158e-01
 1.26262e-01
 1.25687e-01
 1.25345e-01
 1.25163e-01
 1.25071e-01
 1.25029e-01
 1.25011e-01
 1.30474e-01
 1.30149e-01
 1.29518e-01
 1.28695e-01
 1.27832e-01
 1.27007e-01
 1.26339e-01
 1.25823e-01
 1.25479e-01
 1.25257e-01
 1.25131e-01
 1.25061e-01
 1.25027e-01
 1.25011e-01
 1.25004e-01
 3.07805e-01
 2.94175e-01
 2.80306e-01
 2.84106e-01
 2.64331e-01
 2.56732e-01
 2.44729e-01
 2.22887e-01
 2.00100e-01
 1.79219e-01
 1.60379e-01
 1.45212e-01
 1.35099e-01
 1.29421e-01
 1.26732e-01
 2.94180e-01
 2.85447e-01
 2.85306e-01
 2.84650e-01
 2.68663e-01
 2.58066e-01
 2.38482e-01
 2.18307e-01
 1.97374e-01
 1.77127e-01
 1.58699e-01
 1.44152e-01
 1.34535e-01
 1.29157e-01
 1.26617e-01
 2.80263e-01
 2.85270e-01
 2.81640e-01
 2.75023e-01
 2.60268e-01
 2.51449e-01
 2.32589e-01
 2.13575e-01
 1.93031e-01
 1.72744e-01
 1.55276e-01
 1.41929e-01
 1.33358e-01
 1.28639e-01
 1.26416e-01
 2.83948e-01
 2.84625e-01
 2.75030e-01
 2.61689e-01
 2.54506e-01
 2.44387e-01
 2.24290e-01
 2.05387e-01
 1.85429e-01
 1.66672e-01
 1.50785e-01
 1.39176e-01
 1.31915e-01
 1.27985e-01
 1.26150e-01
 2.64413e-01
 2.68772e-01
 2.60299e-01
 2.54467e-01
 2.46106e-01
 2.29971e-01
 2.12092e-01
 1.93823e-01
 1.75984e-01
 1.59264e-01
 1.45719e-01
 1.36104e-01
 1.30347e-01
 1.27267e-01
 1.25867e-01
 2.56732e-01
 2.58103e-01
 2.51382e-01
 2.44327e-01
 2.29951e-01
 2.14720e-01
 1.98884e-01
 1.82522e-01
 1.66119e-01
 1.51758e-01
 1.40569e-01
 1.33160e-01
 1.28842e-01
 1.26607e-01
 1.25603e-01
 2.44604e-01
 2.38449e-01
 2.32597e-01
 2.24304e-01
 2.12095e-01
 1.98881e-01
 1.85139e-01
 1.70372e-01
 1.56419e-01
 1.44577e-01
 1.36055e-01
 1.30612e-01
 1.27577e-01
 1.26057e-01
 1.25392e-01
 2.22852e-01
 2.18279e-01
 2.13566e-01
 2.05395e-01
 1.93822e-01
 1.82518e-01
 1.70370e-01
 1.58230e-01
 1.47077e-01
 1.38318e-01
 1.32250e-01
 1.28609e-01
 1.26615e-01
 1.25652e-01
 1.25239e-01
 2.00128e-01
 1.97368e-01
 1.93028e-01
 1.85432e-01
 1.75980e-01
 1.66115e-01
 1.56416e-01
 1.47076e-01
 1.39205e-01
 1.33295e-01
 1.29419e-01
 1.27132e-01
 1.25931e-01
 1.25372e-01
 1.25138e-01
 1.79233e-01
 1.77119e-01
 1.72747e-01
 1.66679e-01
 1.59265e-01
 1.51757e-01
 1.44576e-01
 1.38317e-01
 1.33295e-01
 1.29742e-01
 1.27449e-01
 1.26159e-01
 1.25499e-01
 1.25201e-01
 1.25074e-01
 1.60383e-01
 1.58694e-01
 1.55276e-01
 1.50791e-01
 1.45716e-01
 1.40569e-01
 1.36056e-01
 1.32250e-01
 1.29419e-01
 1.27449e-01
 1.26243e-01
 1.25577e-01
 1.25249e-01
 1.25101e-01
 1.25038e-01
 1.45212e-01
 1.44151e-01
 1.41928e-01
 1.39178e-01
 1.36107e-01
 1.33162e-01
 1.30612e-01
 1.28609e-01
 1.27132e-01
 1.26159e-01
 1.25577e-01
 1.25268e-01
 1.25116e-01
 1.25048e-01
 1.25018e-01
 1.35102e-01
 1.34536e-01
 1.33357e-01
 1.31916e-01
 1.30343e-01
 1.28843e-01
 1.27577e-01
 1.26615e-01
 1.25931e-01
 1.25499e-01
 1.25249e-01
 1.25116e-01
 1.25051e-01
 1.25021e-01
 1.25008e-01
 1.29421e-01
 1.29157e-01
 1.28638e-01
 1.27986e-01
 1.27267e-01
 1.26608e-01
 1.26057e-01
 1.25652e-01
 1.25372e-01
 1.25201e-01
 1.25101e-01
 1.25048e-01
 1.25021e-01
 1.25009e-01
 1.25003e-01
 1.26732e-01
 1.26617e-01
 1.26417e-01
 1.26149e-01
 1.25868e-01
 1.25603e-01
 1.25392e-01
 1.25239e-01
 1.25138e-01
 1.25074e-01
 1.25038e-01
 1.25018e-01
 1.25008e-01
 1.25003e-01
 1.25001e-01
 2.60197e-01
 2.52538e-01
 2.41990e-01
 2.36667e-01
 2.22219e-01
 2.11077e-01
 1.96700e-01
 1.79141e-01
 1.62707e-01
 1.49054e-01
 1.38696e-01
 1.31978e-01
 1.28126e-01
 1.26271e-01
 1.25456e-01
 2.52544e-01
 2.46068e-01
 2.41515e-01
 2.34727e-01
 2.22132e-01
 2.09662e-01
 1.93294e-01
 1.76669e-01
 1.60961e-01
 1.47797e-01
 1.37889e-01
 1.31529e-01
 1.27929e-01
 1.26185e-01
 1.25424e-01
 2.41971e-01
 2.41494e-01
 2.36313e-01
 2.27770e-01
 2.15676e-01
 2.04111e-01
 1.88334e-01
 1.72578e-01
 1.57799e-01
 1.45379e-01
 1.36357e-01
 1.30679e-01
 1.27547e-01
 1.26031e-01
 1.25366e-01
 2.36595e-01
 2.34703e-01
 2.27773e-01
 2.18053e-01
 2.09068e-01
 1.96533e-01
 1.81007e-01
 1.66444e-01
 1.53076e-01
 1.42168e-01
 1.34421e-01
 1.29651e-01
 1.27071e-01
 1.25834e-01
 1.25293e-01
 2.22269e-01
 2.22180e-01
 2.15690e-01
 2.09051e-01
 1.99039e-01
 1.85482e-01
 1.71837e-01
 1.58830e-01
 1.47480e-01
 1.38448e-01
 1.32284e-01
 1.28555e-01
 1.26562e-01
 1.25623e-01
 1.25220e-01
 2.11082e-01
 2.09679e-01
 2.04084e-01
 1.96508e-01
 1.85475e-01
 1.73858e-01
 1.62158e-01
 1.51271e-01
 1.41922e-01
 1.34922e-01
 1.30260e-01
 1.27533e-01
 1.26095e-01
 1.25434e-01
 1.25155e-01
 1.96658e-01
 1.93284e-01
 1.88335e-01
 1.81011e-01
 1.71837e-01
 1.62157e-01
 1.52744e-01
 1.44054e-01
 1.36977e-01
 1.31831e-01
 1.28553e-01
 1.26677e-01
 1.25715e-01
 1.25283e-01
 1.25102e-01
 1.79130e-01
 1.76657e-01
 1.72572e-01
 1.66444e-01
 1.58828e-01
 1.51269e-01
 1.44053e-01
 1.37786e-01
 1.32841e-01
 1.29402e-01
 1.27234e-01
 1.26037e-01
 1.25436e-01
 1.25172e-01
 1.25063e-01
 1.62715e-01
 1.60958e-01
 1.57797e-01
 1.53075e-01
 1.47478e-01
 1.41920e-01
 1.36977e-01
 1.32840e-01
 1.29712e-01
 1.27588e-01
 1.26290e-01
 1.25588e-01
 1.25248e-01
 1.25099e-01
 1.25037e-01
 1.49057e-01
 1.47793e-01
 1.45379e-01
 1.42170e-01
 1.38444e-01
 1.34923e-01
 1.31831e-01
 1.29402e-01
 1.27588e-01
 1.26395e-01
 1.25685e-01
 1.25311e-01
 1.25133e-01
 1.25053e-01
 1.25020e-01
 1.38694e-01
 1.37887e-01
 1.36357e-01
 1.34418e-01
 1.32263e-01
 1.30257e-01
 1.28554e-01
 1.27235e-01
 1.26290e-01
 1.25685e-01
 1.25335e-01
 1.25153e-01
 1.25066e-01
 1.25027e-01
 1.25010e-01
 1.31954e-01
 1.31526e-01
 1.30679e-01
 1.29653e-01
 1.28551e-01
 1.27534e-01
 1.26678e-01
 1.26037e-01
 1.25588e-01
 1.25311e-01
 1.25153e-01
 1.25071e-01
 1.25031e-01
 1.25013e-01
 1.25005e-01
 1.28125e-01
 1.27930e-01
 1.27548e-01
 1.27071e-01
 1.26563e-01
 1.26095e-01
 1.25716e-01
 1.25436e-01
 1.25248e-01
 1.25133e-01
 1.25066e-01
 1.25031e-01
 1.25014e-01
 1.25006e-01
 1.25002e-01
 1.26272e-01
 1.26185e-01
 1.26031e-01
 1.25834e-01
 1.25624e-01
 1.25433e-01
 1.25283e-01
 1.25172e-01
 1.25099e-01
 1.25053e-01
 1.25027e-01
 1.25013e-01
 1.25006e-01
 1.25002e-01
 1.25001e-01
 1.25456e-01
 1.25424e-01
 1.25366e-01
 1.25294e-01
 1.25220e-01
 1.25155e-01
 1.25102e-01
 1.25063e-01
 1.25037e-01
 1.25020e-01
 1.25010e-01
 1.25005e-01
 1.25002e-01
 1.25001e-01
 1.25000e-01
 2.10199e-01
 2.05473e-01
 1.97571e-01
 1.89713e-01
 1.79535e-01
 1.69591e-01
 1.58808e-01
 1.48004e-01
 1.39139e-01
 1.32896e-01
 1.29051e-01
 1.26873e-01
 1.25789e-01
 1.25294e-01
 1.25106e-01
 2.05485e-01
 2.01014e-01
 1.95068e-01
 1.87453e-01
 1.77971e-01
 1.67849e-01
 1.56853e-01
 1.46571e-01
 1.38245e-01
 1.32389e-01
 1.28782e-01
 1.26745e-01
 1.25733e-01
 1.25273e-01
 1.25099e-01
 1.97573e-01
 1.95062e-01
 1.89883e-01
 1.82458e-01
 1.73534e-01
 1.64106e-01
 1.53624e-01
 1.44197e-01
 1.36711e-01
 1.31478e-01
 1.28300e-01
 1.26512e-01
 1.25634e-01
 1.25237e-01
 1.25086e-01
 1.89700e-01
 1.87443e-01
 1.82459e-01
 1.75654e-01
 1.67960e-01
 1.58733e-01
 1.49206e-01
 1.41008e-01
 1.34662e-01
 1.30311e-01
 1.27674e-01
 1.26219e-01
 1.25508e-01
 1.25191e-01
 1.25070e-01
 1.79556e-01
 1.77984e-01
 1.73536e-01
 1.67956e-01
 1.60472e-01
 1.52023e-01
 1.44025e-01
 1.37365e-01
 1.32387e-01
 1.29041e-01
 1.27018e-01
 1.25914e-01
 1.25377e-01
 1.25144e-01
 1.25053e-01
 1.69593e-01
 1.67851e-01
 1.64096e-01
 1.58726e-01
 1.52021e-01
 1.45160e-01
 1.38966e-01
 1.33947e-01
 1.30280e-01
 1.27868e-01
 1.26413e-01
 1.25636e-01
 1.25263e-01
 1.25101e-01
 1.25037e-01
 1.58797e-01
 1.56849e-01
 1.53625e-01
 1.49207e-01
 1.44024e-01
 1.38966e-01
 1.34553e-01
 1.31055e-01
 1.28552e-01
 1.26898e-01
 1.25924e-01
 1.25412e-01
 1.25171e-01
 1.25066e-01
 1.25025e-01
 1.48003e-01
 1.46567e-01
 1.44194e-01
 1.41007e-01
 1.37364e-01
 1.33947e-01
 1.31055e-01
 1.28802e-01
 1.27206e-01
 1.26165e-01
 1.25559e-01
 1.25249e-01
 1.25105e-01
 1.25041e-01
 1.25015e-01
 1.39139e-01
 1.38244e-01
 1.36710e-01
 1.34661e-01
 1.32386e-01
 1.30279e-01
 1.28552e-01
 1.27206e-01
 1.26253e-01
 1.25655e-01
 1.25314e-01
 1.25141e-01
 1.25060e-01
 1.25024e-01
 1.25009e-01
 1.32898e-01
 1.32388e-01
 1.31478e-01
 1.30313e-01
 1.29041e-01
 1.27869e-01
 1.26898e-01
 1.26165e-01
 1.25655e-01
 1.25342e-01
 1.25164e-01
 1.25075e-01
 1.25032e-01
 1.25013e-01
 1.25005e-01
 1.29053e-01
 1.28782e-01
 1.28299e-01
 1.27675e-01
 1.27014e-01
 1.26414e-01
 1.25924e-01
 1.25560e-01
 1.25314e-01
 1.25164e-01
 1.25081e-01
 1.25037e-01
 1.25016e-01
 1.25006e-01
 1.25002e-01
 1.26871e-01
 1.26747e-01
 1.26512e-01
 1.26220e-01
 1.25916e-01
 1.25637e-01
 1.25412e-01
 1.25249e-01
 1.25141e-01
 1.25075e-01
 1.25037e-01
 1.25017e-01
 1.25007e-01
 1.25003e-01
 1.25001e-01
 1.25792e-01
 1.25735e-01
 1.25634e-01
 1.25508e-01
 1.25377e-01
 1.25262e-01
 1.25171e-01
 1.25105e-01
 1.25060e-01
 1.25032e-01
 1.25016e-01
 1.25007e-01
 1.25003e-01
 1.25001e-01
 1.25001e-01
 1.25294e-01
 1.25273e-01
 1.25237e-01
 1.25191e-01
 1.25144e-01
 1.25101e-01
 1.25067e-01
 1.25041e-01
 1.25024e-01
 1.25013e-01
 1.25006e-01
 1.25003e-01
 1.25001e-01
 1.25001e-01
 1.25000e-01
 1.25106e-01
 1.25099e-01
 1.25086e-01
 1.25070e-01
 1.25053e-01
 1.25037e-01
 1.25025e-01
 1.25015e-01
 1.25009e-01
 1.25005e-01
 1.25002e-01
 1.25001e-01
 1.25001e-01
 1.25000e-01
 1.25000e-01
 1.66506e-01
 1.63731e-01
 1.58989e-01
 1.53525e-01
 1.47357e-01
 1.41498e-01
 1.36212e-01
 1.31886e-01
 1.28831e-01
 1.26972e-01
 1.25924e-01
 1.25407e-01
 1.25160e-01
 1.25062e-01
 1.25021e-01
 1.63738e-01
 1.61213e-01
 1.57093e-01
 1.51992e-01
 1.46172e-01
 1.40537e-01
 1.35397e-01
 1.31362e-01
 1.28553e-01
 1.26839e-01
 1.25862e-01
 1.25377e-01
 1.25149e-01
 1.25058e-01
 1.25020e-01
 1.58994e-01
 1.57094e-01
 1.53593e-01
 1.48898e-01
 1.43682e-01
 1.38681e-01
 1.34063e-01
 1.30516e-01
 1.28074e-01
 1.26588e-01
 1.25748e-01
 1.25325e-01
 1.25130e-01
 1.25050e-01
 1.25017e-01
 1.53526e-01
 1.51990e-01
 1.48898e-01
 1.44889e-01
 1.40568e-01
 1.36230e-01
 1.32352e-01
 1.29449e-01
 1.27482e-01
 1.26273e-01
 1.25598e-01
 1.25259e-01
 1.25105e-01
 1.25040e-01
 1.25014e-01
 1.47365e-01
 1.46176e-01
 1.43683e-01
 1.40567e-01
 1.37000e-01
 1.33474e-01
 1.30498e-01
 1.28313e-01
 1.26851e-01
 1.25945e-01
 1.25446e-01
 1.25194e-01
 1.25079e-01
 1.25030e-01
 1.25011e-01
 1.41498e-01
 1.40537e-01
 1.38677e-01
 1.36228e-01
 1.33473e-01
 1.30915e-01
 1.28839e-01
 1.27304e-01
 1.26280e-01
 1.25652e-01
 1.25308e-01
 1.25134e-01
 1.25056e-01
 1.25022e-01
 1.25008e-01
 1.36209e-01
 1.35397e-01
 1.34063e-01
 1.32352e-01
 1.30498e-01
 1.28839e-01
 1.27487e-01
 1.26492e-01
 1.25829e-01
 1.25420e-01
 1.25199e-01
 1.25088e-01
 1.25036e-01
 1.25014e-01
 1.25005e-01
 1.31883e-01
 1.31361e-01
 1.30514e-01
 1.29449e-01
 1.28313e-01
 1.27304e-01
 1.26492e-01
 1.25889e-01
 1.25492e-01
 1.25250e-01
 1.25120e-01
 1.25053e-01
 1.25022e-01
 1.25009e-01
 1.25003e-01
 1.28815e-01
 1.28550e-01
 1.28074e-01
 1.27481e-01
 1.26851e-01
 1.26280e-01
 1.25829e-01
 1.25492e-01
 1.25273e-01
 1.25140e-01
 1.25067e-01
 1.25030e-01
 1.25013e-01
 1.25005e-01
 1.25002e-01
 1.26970e-01
 1.26839e-01
 1.26587e-01
 1.26273e-01
 1.25945e-01
 1.25652e-01
 1.25420e-01
 1.25250e-01
 1.25140e-01
 1.25073e-01
 1.25036e-01
 1.25016e-01
 1.25007e-01
 1.25003e-01
 1.25001e-01
 1.25924e-01
 1.25862e-01
 1.25748e-01
 1.25598e-01
 1.25447e-01
 1.25308e-01
 1.25199e-01
 1.25120e-01
 1.25067e-01
 1.25036e-01
 1.25018e-01
 1.25008e-01
 1.25004e-01
 1.25001e-01
 1.25001e-01
 1.25407e-01
 1.25377e-01
 1.25325e-01
 1.25259e-01
 1.25194e-01
 1.25134e-01
 1.25088e-01
 1.25053e-01
 1.25030e-01
 1.25016e-01
 1.25008e-01
 1.25004e-01
 1.25002e-01
 1.25001e-01
 1.25000e-01
 1.25160e-01
 1.25149e-01
 1.25130e-01
 1.25105e-01
 1.25079e-01
 1.25056e-01
 1.25037e-01
 1.25022e-01
 1.25013e-01
 1.25007e-01
 1.25004e-01
 1.25002e-01
 1.25001e-01
 1.25000e-01
 1.25000e-01
 1.25062e-01
 1.25058e-01
 1.25050e-01
 1.25040e-01
 1.25031e-01
 1.25022e-01
 1.25014e-01
 1.25009e-01
 1.25005e-01
 1.25003e-01
 1.25001e-01
 1.25001e-01
 1.25000e-01
 1.25000e-01
 1.25000e-01
 1.25021e-01
 1.25020e-01
 1.25017e-01
 1.25014e-01
 1.25011e-01
 1.25008e-01
 1.25005e-01
 1.25003e-01
 1.25002e-01
 1.25001e-01
 1.25001e-01
 1.25000e-01
 1.25000e-01
 1.25000e-01
 1.25000e-01
 1.38409e-01
 1.37300e-01
 1.35410e-01
 1.33206e-01
 1.30943e-01
 1.29038e-01
 1.27548e-01
 1.26470e-01
 1.25778e-01
 1.25375e-01
 1.25172e-01
 1.25072e-01
 1.25030e-01
 1.25011e-01
 1.25004e-01
 1.37301e-01
 1.36305e-01
 1.34624e-01
 1.32603e-01
 1.30527e-01
 1.28747e-01
 1.27346e-01
 1.26356e-01
 1.25721e-01
 1.25350e-01
 1.25159e-01
 1.25068e-01
 1.25028e-01
 1.25010e-01
 1.25004e-01
 1.35412e-01
 1.34625e-01
 1.33221e-01
 1.31466e-01
 1.29714e-01
 1.28213e-01
 1.27019e-01
 1.26164e-01
 1.25617e-01
 1.25301e-01
 1.25137e-01
 1.25059e-01
 1.25024e-01
 1.25009e-01
 1.25003e-01
 1.33207e-01
 1.32603e-01
 1.31466e-01
 1.30100e-01
 1.28759e-01
 1.27557e-01
 1.26597e-01
 1.25919e-01
 1.25490e-01
 1.25239e-01
 1.25110e-01
 1.25048e-01
 1.25020e-01
 1.25008e-01
 1.25003e-01
 1.30944e-01
 1.30528e-01
 1.29714e-01
 1.28759e-01
 1.27770e-01
 1.26872e-01
 1.26167e-01
 1.25671e-01
 1.25358e-01
 1.25176e-01
 1.25082e-01
 1.25036e-01
 1.25015e-01
 1.25006e-01
 1.25002e-01
 1.29038e-01
 1.28747e-01
 1.28212e-01
 1.27557e-01
 1.26872e-01
 1.26263e-01
 1.25789e-01
 1.25454e-01
 1.25243e-01
 1.25121e-01
 1.25057e-01
 1.25025e-01
 1.25011e-01
 1.25004e-01
 1.25002e-01
 1.27547e-01
 1.27346e-01
 1.27019e-01
 1.26597e-01
 1.26167e-01
 1.25789e-01
 1.25493e-01
 1.25285e-01
 1.25154e-01
 1.25078e-01
 1.25037e-01
 1.25017e-01
 1.25007e-01
 1.25003e-01
 1.25001e-01
 1.26472e-01
 1.26357e-01
 1.26164e-01
 1.25919e-01
 1.25671e-01
 1.25454e-01
 1.25285e-01
 1.25167e-01
 1.25091e-01
 1.25047e-01
 1.25023e-01
 1.25010e-01
 1.25004e-01
 1.25002e-01
 1.25001e-01
 1.25777e-01
 1.25722e-01
 1.25617e-01
 1.25489e-01
 1.25358e-01
 1.25243e-01
 1.25154e-01
 1.25091e-01
 1.25051e-01
 1.25027e-01
 1.25013e-01
 1.25006e-01
 1.25003e-01
 1.25001e-01
 1.25000e-01
 1.25377e-01
 1.25351e-01
 1.25300e-01
 1.25239e-01
 1.25176e-01
 1.25121e-01
 1.25078e-01
 1.25047e-01
 1.25027e-01
 1.25014e-01
 1.25007e-01
 1.25003e-01
 1.25001e-01
 1.25001e-01
 1.25000e-01
 1.25172e-01
 1.25159e-01
 1.25137e-01
 1.25110e-01
 1.25082e-01
 1.25057e-01
 1.25037e-01
 1.25023e-01
 1.25013e-01
 1.25007e-01
 1.25003e-01
 1.25002e-01
 1.25001e-01
 1.25000e-01
 1.25000e-01
 1.25072e-01
 1.25068e-01
 1.25059e-01
 1.25048e-01
 1.25036e-01
 1.25025e-01
 1.25017e-01
 1.25010e-01
 1.25006e-01
 1.25003e-01
 1.25002e-01
 1.25001e-01
 1.25000e-01
 1.25000e-01
 1.25000e-01
 1.25030e-01
 1.25028e-01
 1.25024e-01
 1.25020e-01
 1.25015e-01
 1.25011e-01
 1.25007e-01
 1.25004e-01
 1.25003e-01
 1.25001e-01
 1.25001e-01
 1.25000e-01
 1.25000e-01
 1.25000e-01
 1.25000e-01
 1.25011e-01
 1.25010e-01
 1.25009e-01
 1.25008e-01
 1.25006e-01
 1.25004e-01
 1.25003e-01
 1.25002e-01
 1.25001e-01
 1.25001e-01
 1.25000e-01
 1.25000e-01
 1.25000e-01
 1.25000e-01
 1.25000e-01
 1.25004e-01
 1.25004e-01
 1.25003e-01
 1.25003e-01
 1.25002e-01
 1.25002e-01
 1.25001e-01
 1.25001e-01
 1.25000e-01
 1.25000e-01
 1.25000e-01
 1.25000e-01
 1.25000e-01
 1.25000e-01
 1.25000e-01
 1.27539e-01
 1.27310e-01
 1.26924e-01
 1.26477e-01
 1.26047e-01
 1.25691e-01
 1.25418e-01
 1.25236e-01
 1.25120e-01
 1.25060e-01
 1.25027e-01
 1.25012e-01
 1.25005e-01
 1.25002e-01
 1.25001e-01
 1.27310e-01
 1.27109e-01
 1.26764e-01
 1.26361e-01
 1.25969e-01
 1.25638e-01
 1.25385e-01
 1.25218e-01
 1.25111e-01
 1.25055e-01
 1.25025e-01
 1.25011e-01
 1.25004e-01
 1.25002e-01
 1.25001e-01
 1.26924e-01
 1.26764e-01
 1.26479e-01
 1.26144e-01
 1.25818e-01
 1.25541e-01
 1.25329e-01
 1.25186e-01
 1.25096e-01
 1.25048e-01
 1.25022e-01
 1.25010e-01
 1.25004e-01
 1.25002e-01
 1.25001e-01
 1.26477e-01
 1.26361e-01
 1.26144e-01
 1.25892e-01
 1.25642e-01
 1.25424e-01
 1.25257e-01
 1.25145e-01
 1.25076e-01
 1.25038e-01
 1.25018e-01
 1.25008e-01
 1.25003e-01
 1.25001e-01
 1.25000e-01
 1.26047e-01
 1.25969e-01
 1.25818e-01
 1.25642e-01
 1.25461e-01
 1.25305e-01
 1.25186e-01
 1.25106e-01
 1.25057e-01
 1.25028e-01
 1.25013e-01
 1.25006e-01
 1.25002e-01
 1.25001e-01
 1.25000e-01
 1.25691e-01
 1.25637e-01
 1.25541e-01
 1.25424e-01
 1.25305e-01
 1.25203e-01
 1.25125e-01
 1.25072e-01
 1.25039e-01
 1.25020e-01
 1.25009e-01
 1.25004e-01
 1.25002e-01
 1.25001e-01
 1.25000e-01
 1.25418e-01
 1.25385e-01
 1.25329e-01
 1.25257e-01
 1.25186e-01
 1.25125e-01
 1.25078e-01
 1.25046e-01
 1.25025e-01
 1.25013e-01
 1.25006e-01
 1.25003e-01
 1.25001e-01
 1.25000e-01
 1.25000e-01
 1.25236e-01
 1.25218e-01
 1.25186e-01
 1.25145e-01
 1.25106e-01
 1.25072e-01
 1.25046e-01
 1.25027e-01
 1.25015e-01
 1.25008e-01
 1.25004e-01
 1.25002e-01
 1.25001e-01
 1.25000e-01
 1.25000e-01
 1.25120e-01
 1.25111e-01
 1.25096e-01
 1.25076e-01
 1.25057e-01
 1.25039e-01
 1.25025e-01
 1.25015e-01
 1.25008e-01
 1.25004e-01
 1.25002e-01
 1.25001e-01
 1.25000e-01
 1.25000e-01
 1.25000e-01
 1.25060e-01
 1.25055e-01
 1.25048e-01
 1.25038e-01
 1.25028e-01
 1.25020e-01
 1.25013e-01
 1.25008e-01
 1.25004e-01
 1.25002e-01
 1.25001e-01
 1.25001e-01
 1.25000e-01
 1.25000e-01
 1.25000e-01
 1.25027e-01
 1.25025e-01
 1.25022e-01
 1.25018e-01
 1.25013e-01
 1.25009e-01
 1.25006e-01
 1.25004e-01
 1.25002e-01
 1.25001e-01
 1.25001e-01
 1.25000e-01
 1.25000e-01
 1.25000e-01
 1.25000e-01
 1.25012e-01
 1.25011e-01
 1.25010e-01
 1.25008e-01
 1.25006e-01
 1.25004e-01
 1.25003e-01
 1.25002e-01
 1.25001e-01
 1.25001e-01
 1.25000e-01
 1.25000e-01
 1.25000e-01
 1.25000e-01
 1.25000e-01
 1.25005e-01
 1.25004e-01
 1.25004e-01
 1.25003e-01
 1.25002e-01
 1.25002e-01
 1.25001e-01
 1.25001e-01
 1.25000e-01
 1.25000e-01
 1.25000e-01
 1.25000e-01
 1.25000e-01
 1.25000e-01
 1.25000e-01
 1.25002e-01
 1.25002e-01
 1.25002e-01
 1.25001e-01
 1.25001e-01
 1.25001e-01
 1.25000e-01
 1.25000e-01
 1.25000e-01
 1.25000e-01
 1.25000e-01
 1.25000e-01
 1.25000e-01
 1.25000e-01
 1.25000e-01
 1.25001e-01
 1.25001e-01
 1.25001e-01
 1.25000e-01
 1.25000e-01
 1.25000e-01
 1.25000e-01
 1.25000e-01
 1.25000e-01
 1.25000e-01
 1.25000e-01
 1.25000e-01
 1.25000e-01
 1.25000e-01
 1.25000e-01
 1.25318e-01
 1.25289e-01
 1.25242e-01
 1.25184e-01
 1.25131e-01
 1.25085e-01
 1.25053e-01
 1.25030e-01
 1.25016e-01
 1.25008e-01
 1.25004e-01
 1.25002e-01
 1.25001e-01
 1.25000e-01
 1.25000e-01
 1.25289e-01
 1.25265e-01
 1.25221e-01
 1.25170e-01
 1.25120e-01
 1.25079e-01
 1.25049e-01
 1.25028e-01
 1.25015e-01
 1.25008e-01
 1.25004e-01
 1.25002e-01
 1.25001e-01
 1.25000e-01
 1.25000e-01
 1.25242e-01
 1.25221e-01
 1.25184e-01
 1.25143e-01
 1.25102e-01
 1.25067e-01
 1.25042e-01
 1.25024e-01
 1.25013e-01
 1.25007e-01
 1.25003e-01
 1.25001e-01
 1.25001e-01
 1.25000e-01
 1.25000e-01
 1.25184e-01
 1.25170e-01
 1.25143e-01
 1.25111e-01
 1.25080e-01
 1.25053e-01
 1.25033e-01
 1.25019e-01
 1.25010e-01
 1.25005e-01
 1.25003e-01
 1.25001e-01
 1.25000e-01
 1.25000e-01
 1.25000e-01
 1.25131e-01
 1.25120e-01
 1.25102e-01
 1.25080e-01
 1.25058e-01
 1.25039e-01
 1.25025e-01
 1.25014e-01
 1.25008e-01
 1.25004e-01
 1.25002e-01
 1.25001e-01
 1.25000e-01
 1.25000e-01
 1.25000e-01
 1.25085e-01
 1.25079e-01
 1.25067e-01
 1.25053e-01
 1.25039e-01
 1.25026e-01
 1.25017e-01
 1.25010e-01
 1.25005e-01
 1.25003e-01
 1.25001e-01
 1.25001e-01
 1.25000e-01
 1.25000e-01
 1.25000e-01
 1.25053e-01
 1.25049e-01
 1.25042e-01
 1.25033e-01
 1.25025e-01
 1.25017e-01
 1.25011e-01
 1.25006e-01
 1.25004e-01
 1.25002e-01
 1.25001e-01
 1.25000e-01
 1.25000e-01
 1.25000e-01
 1.25000e-01
 1.25030e-01
 1.25028e-01
 1.25024e-01
 1.25019e-01
 1.25014e-01
 1.25010e-01
 1.25006e-01
 1.25004e-01
 1.25002e-01
 1.25001e-01
 1.25001e-01
 1.25000e-01
 1.25000e-01
 1.25000e-01
 1.25000e-01
 1.25016e-01
 1.25015e-01
 1.25013e-01
 1.25010e-01
 1.25008e-01
 1.25005e-01
 1.25004e-01
 1.25002e-01
 1.25001e-01
 1.25001e-01
 1.25000e-01
 1.25000e-01
 1.25000e-01
 1.25000e-01
 1.25000e-01
 1.25008e-01
 1.25008e-01
 1.25007e-01
 1.25005e-01
 1.25004e-01
 1.25003e-01
 1.25002e-01
 1.25001e-01
 1.25001e-01
 1.25000e-01
 1.25000e-01
 1.25000e-01
 1.25000e-01
 1.25000e-01
 1.25000e-01
 1.25004e-01
 1.25004e-01
 1.25003e-01
 1.25003e-01
 1.25002e-01
 1.25001e-01
 1.25001e-01
 1.25001e-01
 1.25000e-01
 1.25000e-01
 1.25000e-01
 1.25000e-01
 1.25000e-01
 1.25000e-01
 1.25000e-01
 1.25002e-01
 1.25002e-01
 1.25001e-01
 1.25001e-01
 1.25001e-01
 1.25001e-01
 1.25000e-01
 1.25000e-01
 1.25000e-01
 1.25000e-01
 1.25000e-01
 1.25000e-01
 1.25000e-01
 1.25000e-01
 1.25000e-01
 1.25001e-01
 1.25001e-01
 1.25001e-01
 1.25000e-01
 1.25000e-01
 1.25000e-01
 1.25000e-01
 1.25000e-01
 1.25000e-01
 1.25000e-01
 1.25000e-01
 1.25000e-01
 1.25000e-01
 1.25000e-01
 1.25000e-01
 1.25000e-01
 1.25000e-01
 1.25000e-01
 1.25000e-01
 1.25000e-01
 1.25000e-01
 1.25000e-01
 1.25000e-01
 1.25000e-01
 1.25000e-01
 1.25000e-01
 1.25000e-01
 1.25000e-01
 1.25000e-01
 1.25000e-01
 1.25000e-01
 1.25000e-01
 1.25000e-01
 1.25000e-01
 1.25000e-01
 1.25000e-01
 1.25000e-01
 1.25000e-01
 1.25000e-01
 1.25000e-01
 1.25000e-01
 1.25000e-01
 1.25000e-01
 1.25000e-01
 1.25000e-01
 1.25029e-01
 1.25027e-01
 1.25023e-01
 1.25018e-01
 1.25013e-01
 1.25009e-01
 1.25006e-01
 1.25003e-01
 1.25002e-01
 1.25001e-01
 1.25000e-01
 1.25000e-01
 1.25000e-01
 1.25000e-01
 1.25000e-01
 1.25027e-01
 1.25025e-01
 1.25021e-01
 1.25017e-01
 1.25012e-01
 1.25008e-01
 1.25005e-01
 1.25003e-01
 1.25002e-01
 1.25001e-01
 1.25000e-01
 1.25000e-01
 1.25000e-01
 1.25000e-01
 1.25000e-01
 1.25023e-01
 1.25021e-01
 1.25018e-01
 1.25014e-01
 1.25010e-01
 1.25007e-01
 1.25005e-01
 1.25003e-01
 1.25002e-01
 1.25001e-01
 1.25000e-01
 1.25000e-01
 1.25000e-01
 1.25000e-01
 1.25000e-01
 1.25018e-01
 1.25017e-01
 1.25014e-01
 1.25011e-01
 1.25008e-01
 1.25006e-01
 1.25004e-01
 1.25002e-01
 1.25001e-01
 1.25001e-01
 1.25000e-01
 1.25000e-01
 1.25000e-01
 1.25000e-01
 1.25000e-01
 1.25013e-01
 1.25012e-01
 1.25010e-01
 1.25008e-01
 1.25006e-01
 1.25004e-01
 1.25003e-01
 1.25002e-01
 1.25001e-01
 1.25000e-01
 1.25000e-01
 1.25000e-01
 1.25000e-01
 1.25000e-01
 1.25000e-01
 1.25009e-01
 1.25008e-01
 1.25007e-01
 1.25006e-01
 1.25004e-01
 1.25003e-01
 1.25002e-01
 1.25001e-01
 1.25001e-01
 1.25000e-01
 1.25000e-01
 1.25000e-01
 1.25000e-01
 1.25000e-01
 1.25000e-01
 1.25006e-01
 1.25005e-01
 1.25005e-01
 1.25004e-01
 1.25003e-01
 1.25002e-01
 1.25001e-01
 1.25001e-01
 1.25000e-01
 1.25000e-01
 1.25000e-01
 1.25000e-01
 1.25000e-01
 1.25000e-01
 1.25000e-01
 1.25003e-01
 1.25003e-01
 1.25003e-01
 1.25002e-01
 1.25002e-01
 1.25001e-01
 1.25001e-01
 1.25000e-01
 1.25000e-01
 1.25000e-01
 1.25000e-01
 1.25000e-01
 1.25000e-01
 1.25000e-01
 1.25000e-01
 1.25002e-01
 1.25002e-01
 1.25002e-01
 1.25001e-01
 1.25001e-01
 1.25001e-01
 1.25000e-01
 1.25000e-01
 1.25000e-01
 1.25000e-01
 1.25000e-01
 1.25000e-01
 1.25000e-01
 1.25000e-01
 1.25000e-01
 1.25001e-01
 1.25001e-01
 1.25001e-01
 1.25001e-01
 1.25000e-01
 1.25000e-01
 1.25000e-01
 1.25000e-01
 1.25000e-01
 1.25000e-01
 1.25000e-01
 1.25000e-01
 1.25000e-01
 1.25000e-01
 1.25000e-01
 1.25000e-01
 1.25000e-01
 1.25000e-01
 1.25000e-01
 1.25000e-01
 1.25000e-01
 1.25000e-01
 1.25000e-01
 1.25000e-01
 1.25000e-01
 1.25000e-01
 1.25000e-01
 1.25000e-01
 1.25000e-01
 1.25000e-01
 1.25000e-01
 1.25000e-01
 1.25000e-01
 1.25000e-01
 1.25000e-01
 1.25000e-01
 1.25000e-01
 1.25000e-01
 1.25000e-01
 1.25000e-01
 1.25000e-01
 1.25000e-01
 1.25000e-01
 1.25000e-01
 1.25000e-01
 1.25000e-01
 1.25000e-01
 1.25000e-01
 1.25000e-01
 1.25000e-01
 1.25000e-01
 1.25000e-01
 1.25000e-01
 1.25000e-01
 1.25000e-01
 1.25000e-01
 1.25000e-01
 1.25000e-01
 1.25000e-01
 1.25000e-01
 1.25000e-01
 1.25000e-01
 1.25000e-01
 1.25000e-01
 1.25000e-01
 1.25000e-01
 1.25000e-01
 1.25000e-01
 1.25000e-01
 1.25000e-01
 1.25000e-01
 1.25000e-01
 1.25000e-01
 1.25000e-01
 1.25000e-01
 1.25000e-01
 1.25000e-01
 1.25000e-01
 1.25000e-01
 1.25000e-01
 1.25000e-01
 1.25000e-01
 1.25000e-01
 1.25000e-01
 1.25000e-01
 1.25000e-01
 1.25000e-01
 1.25000e-01
 1.25000e-01
 1.25000e-01
 1.25002e-01
 1.25002e-01
 1.25002e-01
 1.25002e-01
 1.25001e-01
 1.25001e-01
 1.25001e-01
 1.25000e-01
 1.25000e-01
 1.25000e-01
 1.25000e-01
 1.25000e-01
 1.25000e-01
 1.25000e-01
 1.25000e-01
 1.25002e-01
 1.25002e-01
 1.25002e-01
 1.25001e-01
 1.25001e-01
 1.25001e-01
 1.25001e-01
 1.25000e-01
 1.25000e-01
 1.25000e-01
 1.25000e-01
 1.25000e-01
 1.25000e-01
 1.25000e-01
 1.25000e-01
 1.25002e-01
 1.25002e-01
 1.25002e-01
 1.25001e-01
 1.25001e-01
 1.25001e-01
 1.25000e-01
 1.25000e-01
 1.25000e-01
 1.25000e-01
 1.25000e-01
 1.25000e-01
 1.25000e-01
 1.25000e-01
 1.25000e-01
 1.25002e-01
 1.25001e-01
 1.25001e-01
 1.25001e-01
 1.25001e-01
 1.25001e-01
 1.25000e-01
 1.25000e-01
 1.25000e-01
 1.25000e-01
 1.25000e-01
 1.25000e-01
 1.25000e-01
 1.25000e-01
 1.25000e-01
 1.25001e-01
 1.25001e-01
 1.25001e-01
 1.25001e-01
 1.25001e-01
 1.25000e-01
 1.25000e-01
 1.25000e-01
 1.25000e-01
 1.25000e-01
 1.25000e-01
 1.25000e-01
 1.25000e-01
 1.25000e-01
 1.25000e-01
 1.25001e-01
 1.25001e-01
 1.25001e-01
 1.25001e-01
 1.25000e-01
 1.25000e-01
 1.25000e-01
 1.25000e-01
 1.25000e-01
 1.25000e-01
 1.25000e-01
 1.25000e-01
 1.25000e-01
 1.25000e-01
 1.25000e-01
 1.25001e-01
 1.25001e-01
 1.25000e-01
 1.25000e-01
 1.25000e-01
 1.25000e-01
 1.25000e-01
 1.25000e-01
 1.25000e-01
 1.25000e-01
 1.25000e-01
 1.25000e-01
 1.25000e-01
 1.25000e-01
 1.25000e-01
 1.25000e-01
 1.25000e-01
 1.25000e-01
 1.25000e-01
 1.25000e-01
 1.25000e-01
 1.25000e-01
 1.25000e-01
 1.25000e-01
 1.25000e-01
 1.25000e-01
 1.25000e-01
 1.25000e-01
 1.25000e-01
 1.25000e-01
 1.25000e-01
 1.25000e-01
 1.25000e-01
 1.25000e-01
 1.25000e-01
 1.25000e-01
 1.25000e-01
 1.25000e-01
 1.25000e-01
 1.25000e-01
 1.25000e-01
 1.25000e-01
 1.25000e-01
 1.25000e-01
 1.25000e-01
 1.25000e-01
 1.25000e-01
 1.25000e-01
 1.25000e-01
 1.25000e-01
 1.25000e-01
 1.25000e-01
 1.25000e-01
 1.25000e-01
 1.25000e-01
 1.25000e-01
 1.25000e-01
 1.25000e-01
 1.25000e-01
 1.25000e-01
 1.25000e-01
 1.25000e-01
 1.25000e-01
 1.25000e-01
 1.25000e-01
 1.25000e-01
 1.25000e-01
 1.25000e-01
 1.25000e-01
 1.25000e-01
 1.25000e-01
 1.25000e-01
 1.25000e-01
 1.25000e-01
 1.25000e-01
 1.25000e-01
 1.25000e-01
 1.25000e-01
 1.25000e-01
 1.25000e-01
 1.25000e-01
 1.25000e-01
 1.25000e-01
 1.25000e-01
 1.25000e-01
 1.25000e-01
 1.25000e-01
 1.25000e-01
 1.25000e-01
 1.25000e-01
 1.25000e-01
 1.25000e-01
 1.25000e-01
 1.25000e-01
 1.25000e-01
 1.25000e-01
 1.25000e-01
 1.25000e-01
 1.25000e-01
 1.25000e-01
 1.25000e-01
 1.25000e-01
 1.25000e-01
 1.25000e-01
 1.25000e-01
 1.25000e-01
 1.25000e-01
 1.25000e-01
 1.25000e-01
 1.25000e-01
 1.25000e-01
 1.25000e-01
 1.25000e-01
 1.25000e-01
 1.25000e-01
 1.25000e-01
 1.25000e-01
 1.25000e-01
 1.25000e-01
 1.25000e-01
 1.25000e-01
 1.25000e-01
 1.25000e-01
 1.25000e-01
 1.25000e-01
 1.25000e-01
 1.25000e-01
 1.25000e-01
 1.25000e-01
 1.25000e-01
 1.25000e-01
 1.25000e-01
 1.25000e-01
 1.25000e-01
 1.25000e-01
 1.25000e-01
 1.25000e-01
 1.25000e-01
 1.25000e-01
 1.25000e-01
 1.25000e-01
 1.25000e-01
 1.25000e-01
 1.25000e-01
 1.25000e-01
 1.25000e-01
 1.25000e-01
 1.25000e-01
 1.25000e-01
 1.25000e-01
 1.25000e-01
 1.25000e-01
 1.25000e-01
 1.25000e-01
 1.25000e-01
 1.25000e-01
 1.25000e-01
 1.25000e-01
 1.25000e-01
 1.25000e-01
 1.25000e-01
 1.25000e-01
 1.25000e-01
 1.25000e-01
 1.25000e-01
 1.25000e-01
 1.25000e-01
 1.25000e-01
 1.25000e-01
 1.25000e-01
 1.25000e-01
 1.25000e-01
 1.25000e-01
 1.25000e-01
 1.25000e-01
 1.25000e-01
 1.25000e-01
 1.25000e-01
 1.25000e-01
 1.25000e-01
 1.25000e-01
 1.25000e-01
 1.25000e-01
 1.25000e-01
 1.25000e-01
 1.25000e-01
 1.25000e-01
 1.25000e-01
 1.25000e-01
 1.25000e-01
 1.25000e-01
 1.25000e-01
 1.25000e-01
 1.25000e-01
 1.25000e-01
 1.25000e-01
 1.25000e-01
 1.25000e-01
 1.25000e-01
 1.25000e-01
 1.25000e-01
 1.25000e-01
 1.25000e-01
 1.25000e-01
 1.25000e-01
 1.25000e-01
 1.25000e-01
 1.25000e-01
 1.25000e-01
 1.25000e-01
 1.25000e-01
 1.25000e-01
 1.25000e-01
 1.25000e-01
 1.25000e-01
 1.25000e-01
 1.25000e-01
 1.25000e-01
 1.25000e-01
 1.25000e-01
 1.25000e-01
 1.25000e-01
 1.25000e-01
 1.25000e-01
 1.25000e-01
 1.25000e-01
 1.25000e-01
 1.25000e-01
 1.25000e-01
 1.25000e-01
 1.25000e-01
 1.25000e-01
 1.25000e-01
 1.25000e-01
 1.25000e-01
 1.25000e-01
 1.25000e-01
 1.25000e-01
 1.25000e-01
 1.25000e-01
 1.25000e-01
 1.25000e-01
 1.25000e-01
 1.25000e-01
 1.25000e-01
 1.25000e-01
 1.25000e-01
 1.25000e-01
 1.25000e-01
 1.25000e-01
 1.25000e-01
 1.25000e-01
 1.25000e-01
 1.25000e-01
 1.25000e-01
 1.25000e-01
 1.25000e-01
 1.25000e-01
 1.25000e-01
 1.25000e-01
 1.25000e-01
 1.25000e-01
 1.25000e-01
 1.25000e-01
 1.25000e-01
 1.25000e-01
 1.25000e-01
 1.25000e-01
 1.25000e-01
 1.25000e-01
 1.25000e-01
 1.25000e-01
 1.25000e-01
 1.25000e-01
 1.25000e-01
 1.25000e-01
 1.25000e-01
 1.25000e-01
 1.25000e-01
 1.25000e-01
 1.25000e-01
 1.25000e-01
 1.25000e-01
 1.25000e-01
 1.25000e-01
 1.25000e-01
 1.25000e-01
 1.25000e-01
 1.25000e-01
 1.25000e-01
 1.25000e-01
 1.25000e-01
 1.25000e-01
 1.25000e-01
 1.25000e-01
 1.25000e-01
 1.25000e-01
 1.25000e-01
 1.25000e-01
 1.25000e-01
 1.25000e-01
 1.25000e-01
 1.25000e-01
 1.25000e-01
 1.25000e-01
 1.25000e-01
 1.25000e-01
 1.25000e-01
 1.25000e-01
 1.25000e-01
 1.25000e-01
 1.25000e-01
 1.25000e-01
 1.25000e-01
 1.25000e-01
 1.25000e-01
 1.25000e-01
 1.25000e-01
 1.25000e-01
 1.25000e-01
 1.25000e-01
 1.25000e-01
 1.25000e-01
 1.25000e-01
 1.25000e-01
 1.25000e-01
 1.25000e-01
 1.25000e-01
 1.25000e-01
 1.25000e-01
 1.25000e-01
 1.25000e-01
 1.25000e-01
 1.25000e-01
 1.25000e-01
 1.25000e-01
 1.25000e-01
 1.25000e-01
 1.25000e-01
 1.25000e-01
 1.25000e-01
 1.25000e-01
 1.25000e-01
 1.25000e-01
 1.25000e-01
 1.25000e-01
 1.25000e-01
 1.25000e-01
 1.25000e-01
 1.25000e-01
 1.25000e-01
 1.25000e-01
 1.25000e-01
 1.25000e-01
 1.25000e-01
 1.25000e-01
 1.25000e-01
 1.25000e-01
 1.25000e-01
 1.25000e-01
 1.25000e-01
 1.25000e-01
 1.25000e-01
 1.25000e-01
 1.25000e-01
 1.25000e-01
 1.25000e-01
 1.25000e-01
 1.25000e-01
 1.25000e-01
 1.25000e-01
 1.25000e-01
 1.25000e-01
 1.25000e-01
 1.25000e-01
 1.25000e-01
 1.25000e-01
 1.25000e-01
 1.25000e-01
 1.25000e-01
 1.25000e-01
 1.25000e-01
 1.25000e-01
 1.25000e-01
 1.25000e-01
 1.25000e-01
 1.25000e-01
 1.25000e-01
 1.25000e-01
 1.25000e-01
 1.25000e-01
 1.25000e-01
 1.25000e-01
 1.25000e-01
 1.25000e-01
 1.25000e-01
 1.25000e-01
 1.25000e-01
 1.25000e-01
 1.25000e-01
 1.25000e-01
 1.25000e-01
 1.25000e-01
 1.25000e-01
 1.25000e-01
 1.25000e-01
 1.25000e-01
 1.25000e-01
 1.25000e-01
 1.25000e-01
 1.25000e-01
 1.25000e-01
 1.25000e-01
 1.25000e-01
 1.25000e-01
 1.25000e-01
 1.25000e-01
 1.25000e-01
 1.25000e-01
 1.25000e-01
 1.25000e-01
 1.25000e-01
 1.25000e-01
 1.25000e-01
 1.25000e-01
 1.25000e-01
 1.25000e-01
 1.25000e-01
 1.25000e-01
 1.25000e-01
 1.25000e-01
 1.25000e-01
 1.25000e-01
 1.25000e-01
 1.25000e-01
 1.25000e-01
 1.25000e-01
 1.25000e-01
 1.25000e-01
 1.25000e-01
 1.25000e-01
 1.25000e-01
 1.25000e-01
 1.25000e-01
 1.25000e-01
 1.25000e-01
 1.25000e-01
 1.25000e-01
 1.25000e-01
 1.25000e-01
 1.25000e-01
 1.25000e-01
 1.25000e-01
 1.25000e-01
 1.25000e-01
 1.25000e-01
 1.25000e-01
 1.25000e-01
 1.25000e-01
 1.25000e-01
 1.25000e-01
 1.25000e-01
 1.25000e-01
 1.25000e-01
 1.25000e-01
 1.25000e-01
 1.25000e-01
 1.25000e-01
 1.25000e-01
 1.25000e-01
 1.25000e-01
 1.25000e-01
 1.25000e-01
 1.25000e-01
 1.25000e-01
 1.25000e-01
 1.25000e-01
 1.25000e-01
 1.25000e-01
 1.25000e-01
 1.25000e-01
 1.25000e-01
 1.25000e-01
 1.25000e-01
 1.25000e-01
 1.25000e-01
 1.25000e-01
 1.25000e-01
 1.25000e-01
 1.25000e-01
 1.25000e-01
 1.25000e-01
 1.25000e-01
 1.25000e-01
 1.25000e-01
 1.25000e-01
 1.25000e-01
 1.25000e-01
 1.25000e-01
 1.25000e-01
 1.25000e-01
 1.25000e-01
 1.25000e-01
 1.25000e-01
 1.25000e-01
 1.25000e-01
 1.25000e-01
 1.25000e-01
 1.25000e-01
 1.25000e-01
 1.25000e-01
 1.25000e-01
 1.25000e-01
 1.25000e-01
 1.25000e-01
 1.25000e-01
 1.25000e-01
 1.25000e-01
 1.25000e-01
 1.25000e-01
 1.25000e-01
 1.25000e-01
 1.25000e-01
 1.25000e-01
 1.25000e-01
 1.25000e-01
 1.25000e-01
 1.25000e-01
 1.25000e-01
 1.25000e-01
 1.25000e-01
 1.25000e-01
 1.25000e-01
 1.25000e-01
 1.25000e-01
 1.25000e-01
 1.25000e-01
 1.25000e-01
 1.25000e-01
 1.25000e-01
 1.25000e-01
 1.25000e-01
 1.25000e-01
 1.25000e-01
 1.25000e-01
 1.25000e-01
 1.25000e-01
 1.25000e-01
 1.25000e-01
 1.25000e-01
 1.25000e-01
 1.25000e-01
 1.25000e-01
 1.25000e-01
 1.25000e-01
 1.25000e-01
 1.25000e-01
 1.25000e-01
 1.25000e-01
 1.25000e-01
 1.25000e-01
 1.25000e-01
 1.25000e-01
 1.25000e-01
 1.25000e-01
 1.25000e-01
 1.25000e-01
 1.25000e-01
 1.25000e-01
 1.25000e-01
 1.25000e-01
 1.25000e-01
 1.25000e-01
 1.25000e-01
 1.25000e-01
 1.25000e-01
 1.25000e-01
 1.25000e-01
 1.25000e-01
 1.25000e-01
 1.25000e-01
 1.25000e-01
 1.25000e-01
 1.25000e-01
 1.25000e-01
 1.25000e-01
 1.25000e-01
 1.25000e-01
 1.25000e-01
 1.25000e-01
 1.25000e-01
 1.25000e-01
 1.25000e-01
 1.25000e-01
 1.25000e-01
 1.25000e-01
 1.25000e-01
 1.25000e-01
 1.25000e-01
 1.25000e-01
 1.25000e-01
 1.25000e-01
 1.25000e-01
 1.25000e-01
 1.25000e-01
 1.25000e-01
 1.25000e-01
 1.25000e-01
 1.25000e-01
 1.25000e-01
 1.25000e-01
 1.25000e-01
 1.25000e-01
 1.25000e-01
 1.25000e-01
 1.25000e-01
 1.25000e-01
 1.25000e-01
 1.25000e-01
 1.25000e-01
 1.25000e-01
 1.25000e-01
 1.25000e-01
 1.25000e-01
 1.25000e-01
 1.25000e-01
 1.25000e-01
 1.25000e-01
 1.25000e-01
 1.25000e-01
 1.25000e-01
 1.25000e-01
 1.25000e-01
 1.25000e-01
 1.25000e-01
 1.25000e-01
 1.25000e-01
 1.25000e-01
 1.25000e-01
 1.25000e-01
 1.25000e-01
 1.25000e-01
 1.25000e-01
 1.25000e-01
 1.25000e-01
 1.25000e-01
 1.25000e-01
 1.25000e-01
 1.25000e-01
 1.25000e-01
 1.25000e-01
 1.25000e-01
 1.25000e-01
 1.25000e-01
 1.25000e-01
 1.25000e-01
 1.25000e-01
 1.25000e-01
 1.25000e-01
 1.25000e-01
 1.25000e-01
 1.25000e-01
 1.25000e-01
 1.25000e-01
 1.25000e-01
 1.25000e-01
 1.25000e-01
 1.25000e-01
 1.25000e-01
 1.25000e-01
 1.25000e-01
 1.25000e-01
 1.25000e-01
 1.25000e-01
 1.25000e-01
 1.25000e-01
 1.25000e-01
 1.25000e-01
 1.25000e-01
 1.25000e-01
 1.25000e-01
 1.25000e-01
 1.25000e-01
 1.25000e-01
 1.25000e-01
 1.25000e-01
 1.25000e-01
 1.25000e-01
 1.25000e-01
 1.25000e-01
 1.25000e-01
 1.25000e-01
 1.25000e-01
 1.25000e-01
 1.25000e-01
 1.25000e-01
 1.25000e-01
 1.25000e-01
 1.25000e-01
 1.25000e-01
 1.25000e-01
 1.25000e-01
 1.25000e-01
 1.25000e-01
 1.25000e-01
 1.25000e-01
 1.25000e-01
 1.25000e-01
 1.25000e-01
 1.25000e-01
 1.25000e-01
 1.25000e-01
 1.25000e-01
 1.25000e-01
 1.25000e-01
 1.25000e-01
 1.25000e-01
 1.25000e-01
 1.25000e-01
 1.25000e-01
 1.25000e-01
 1.25000e-01
 1.25000e-01
 1.25000e-01
 1.25000e-01
 1.25000e-01
 1.25000e-01
 1.25000e-01
 1.25000e-01
 1.25000e-01
 1.25000e-01
 1.25000e-01
 1.25000e-01
 1.25000e-01
 1.25000e-01
 1.25000e-01
 1.25000e-01
 1.25000e-01
 1.25000e-01
 1.25000e-01
 1.25000e-01
 1.25000e-01
 1.25000e-01
 1.25000e-01
 1.25000e-01
 1.25000e-01
 1.25000e-01
 1.25000e-01
 1.25000e-01
 1.25000e-01
 1.25000e-01
 1.25000e-01
 1.25000e-01
 1.25000e-01
 1.25000e-01
 1.25000e-01
 1.25000e-01
 1.25000e-01
 1.25000e-01
 1.25000e-01
 1.25000e-01
 1.25000e-01
 1.25000e-01
 1.25000e-01
 1.25000e-01
 1.25000e-01
 1.25000e-01
 1.25000e-01
 1.25000e-01
 1.25000e-01
 1.25000e-01
 1.25000e-01
 1.25000e-01
 1.25000e-01
 1.25000e-01
 1.25000e-01
 1.25000e-01
 1.25000e-01
 1.25000e-01
 1.25000e-01
 1.25000e-01
 1.25000e-01
 1.25000e-01
 1.25000e-01
 1.25000e-01
 1.25000e-01
 1.25000e-01
 1.25000e-01
 1.25000e-01
 1.25000e-01
 1.25000e-01
 1.25000e-01
 1.25000e-01
 1.25000e-01
 1.25000e-01
 1.25000e-01
 1.25000e-01
 1.25000e-01
 1.25000e-01
 1.25000e-01
 1.25000e-01
 1.25000e-01
 1.25000e-01
 1.25000e-01
 1.25000e-01
 1.25000e-01
 1.25000e-01
 1.25000e-01
 1.25000e-01
 1.25000e-01
 1.25000e-01
 1.25000e-01
 1.25000e-01
 1.25000e-01
 1.25000e-01
 1.25000e-01
 1.25000e-01
 1.25000e-01
 1.25000e-01
 1.25000e-01
 1.25000e-01
 1.25000e-01
 1.25000e-01
 1.25000e-01
 1.25000e-01
 1.25000e-01
 1.25000e-01
 1.25000e-01
 1.25000e-01
 1.25000e-01
 1.25000e-01
 1.25000e-01
 1.25000e-01
 1.25000e-01
 1.25000e-01
 1.25000e-01
 1.25000e-01
 1.25000e-01
 1.25000e-01
 1.25000e-01
 1.25000e-01
 1.25000e-01
 1.25000e-01
 1.25000e-01
 1.25000e-01
 1.25000e-01
 1.25000e-01
 1.25000e-01
 1.25000e-01
 1.25000e-01
 1.25000e-01
 1.25000e-01
 1.25000e-01
 1.25000e-01
 1.25000e-01
 1.25000e-01
 1.25000e-01
 1.25000e-01
 1.25000e-01
 1.25000e-01
 1.25000e-01
 1.25000e-01
 1.25000e-01
 1.25000e-01
 1.25000e-01
 1.25000e-01
 1.25000e-01
 1.25000e-01
 1.25000e-01
 1.25000e-01
 1.25000e-01
 1.25000e-01
 1.25000e-01
 1.25000e-01
 1.25000e-01
 1.25000e-01
 1.25000e-01
 1.25000e-01
 1.25000e-01
 1.25000e-01
 1.25000e-01
 1.25000e-01
 1.25000e-01
 1.25000e-01
 1.25000e-01
 1.25000e-01
 1.25000e-01
 1.25000e-01
 1.25000e-01
 1.25000e-01
 1.25000e-01
 1.25000e-01
 1.25000e-01
 1.25000e-01
 1.25000e-01
 1.25000e-01
 1.25000e-01
 1.25000e-01
 1.25000e-01
 1.25000e-01
 1.25000e-01
 1.25000e-01
 1.25000e-01
 1.25000e-01
 1.25000e-01
 1.25000e-01
 1.25000e-01
 1.25000e-01
 1.25000e-01
 1.25000e-01
 1.25000e-01
 1.25000e-01
 1.25000e-01
 1.25000e-01
 1.25000e-01
 1.25000e-01
 1.25000e-01
 1.25000e-01
 1.25000e-01
 1.25000e-01
 1.25000e-01
 1.25000e-01
 1.25000e-01
 1.25000e-01
 1.25000e-01
 1.25000e-01
 1.25000e-01
 1.25000e-01
 1.25000e-01
 1.25000e-01
 1.25000e-01
 1.25000e-01
 1.25000e-01
 1.25000e-01
 1.25000e-01
 1.25000e-01
 1.25000e-01
 1.25000e-01
 1.25000e-01
 1.25000e-01
 1.25000e-01
 1.25000e-01
 1.25000e-01
 1.25000e-01
 1.25000e-01
 1.25000e-01
 1.25000e-01
 1.25000e-01
 1.25000e-01
 1.25000e-01
 1.25000e-01
 1.25000e-01
 1.25000e-01
 1.25000e-01
 1.25000e-01
 1.25000e-01
 1.25000e-01
 1.25000e-01
 1.25000e-01
 1.25000e-01
 1.25000e-01
 1.25000e-01
 1.25000e-01
 1.25000e-01
 1.25000e-01
 1.25000e-01
 1.25000e-01
 1.25000e-01
 1.25000e-01
 1.25000e-01
 1.25000e-01
 1.25000e-01
 1.25000e-01
 1.25000e-01
 1.25000e-01
 1.25000e-01
 1.25000e-01
 1.25000e-01
 1.25000e-01
 1.25000e-01
 1.25000e-01
 1.25000e-01
 1.25000e-01
 1.25000e-01
 1.25000e-01
 1.25000e-01
 1.25000e-01
 1.25000e-01
 1.25000e-01
 1.25000e-01
 1.25000e-01
 1.25000e-01
 1.25000e-01
 1.25000e-01
 1.25000e-01
 1.25000e-01
 1.25000e-01
 1.25000e-01
 1.25000e-01
 1.25000e-01
 1.25000e-01
 1.25000e-01
 1.25000e-01
 1.25000e-01
 1.25000e-01
 1.25000e-01
 1.25000e-01
 1.25000e-01
 1.25000e-01
 1.25000e-01
 1.25000e-01
 1.25000e-01
 1.25000e-01
 1.25000e-01
 1.25000e-01
 1.25000e-01
 1.25000e-01
 1.25000e-01
 1.25000e-01
 1.25000e-01
 1.25000e-01
 1.25000e-01
 1.25000e-01
 1.25000e-01
 1.25000e-01
 1.25000e-01
 1.25000e-01
 1.25000e-01
 1.25000e-01
 1.25000e-01
 1.25000e-01
 1.25000e-01
 1.25000e-01
 1.25000e-01
 1.25000e-01
part
         2
hexa8
 4.24147e-01
 3.58530e-01
 3.07739e-01
 2.60143e-01
 2.10164e-01
 1.66494e-01
 1.38408e-01
 1.27539e-01
 1.25318e-01
 1.25029e-01
 1.25002e-01
 1.25000e-01
 1.25000e-01
 1.25000e-01
 1.25000e-01
 3.99990e-01
 3.37757e-01
 2.94126e-01
 2.52498e-01
 2.05448e-01
 1.63723e-01
 1.37299e-01
 1.27310e-01
 1.25289e-01
 1.25027e-01
 1.25002e-01
 1.25000e-01
 1.25000e-01
 1.25000e-01
 1.25000e-01
 3.74769e-01
 3.17831e-01
 2.80282e-01
 2.41969e-01
 1.97557e-01
 1.58984e-01
 1.35409e-01
 1.26924e-01
 1.25242e-01
 1.25023e-01
 1.25002e-01
 1.25000e-01
 1.25000e-01
 1.25000e-01
 1.25000e-01
 3.79815e-01
 3.26962e-01
 2.84100e-01
 2.36657e-01
 1.89704e-01
 1.53522e-01
 1.33206e-01
 1.26477e-01
 1.25184e-01
 1.25018e-01
 1.25002e-01
 1.25000e-01
 1.25000e-01
 1.25000e-01
 1.25000e-01
 3.46197e-01
 2.99942e-01
 2.64295e-01
 2.22193e-01
 1.79524e-01
 1.47355e-01
 1.30942e-01
 1.26047e-01
 1.25131e-01
 1.25013e-01
 1.25001e-01
 1.25000e-01
 1.25000e-01
 1.25000e-01
 1.25000e-01
 3.42634e-01
 2.98080e-01
 2.56695e-01
 2.11054e-01
 1.69582e-01
 1.41496e-01
 1.29038e-01
 1.25691e-01
 1.25085e-01
 1.25009e-01
 1.25001e-01
 1.25000e-01
 1.25000e-01
 1.25000e-01
 1.25000e-01
 3.35185e-01
 2.93271e-01
 2.44729e-01
 1.96692e-01
 1.58803e-01
 1.36212e-01
 1.27548e-01
 1.25418e-01
 1.25053e-01
 1.25006e-01
 1.25001e-01
 1.25000e-01
 1.25000e-01
 1.25000e-01
 1.25000e-01
 3.18272e-01
 2.72777e-01
 2.22882e-01
 1.79136e-01
 1.48004e-01
 1.31884e-01
 1.26473e-01
 1.25236e-01
 1.25030e-01
 1.25003e-01
 1.25000e-01
 1.25000e-01
 1.25000e-01
 1.25000e-01
 1.25000e-01
 2.89445e-01
 2.45877e-01
 2.00087e-01
 1.62703e-01
 1.39137e-01
 1.28815e-01
 1.25777e-01
 1.25120e-01
 1.25016e-01
 1.25002e-01
 1.25000e-01
 1.25000e-01
 1.25000e-01
 1.25000e-01
 1.25000e-01
 2.65151e-01
 2.20682e-01
 1.79209e-01
 1.49052e-01
 1.32898e-01
 1.26971e-01
 1.25378e-01
 1.25060e-01
 1.25008e-01
 1.25001e-01
 1.25000e-01
 1.25000e-01
 1.25000e-01
 1.25000e-01
 1.25000e-01
 2.36546e-01
 1.94752e-01
 1.60377e-01
 1.38694e-01
 1.29054e-01
 1.25925e-01
 1.25172e-01
 1.25027e-01
 1.25004e-01
 1.25000e-01
 1.25000e-01
 1.25000e-01
 1.25000e-01
 1.25000e-01
 1.25000e-01
 2.05402e-01
 1.70326e-01
 1.45209e-01
 1.31954e-01
 1.26871e-01
 1.25407e-01
 1.25072e-01
 1.25012e-01
 1.25002e-01
 1.25000e-01
 1.25000e-01
 1.25000e-01
 1.25000e-01
 1.25000e-01
 1.25000e-01
 1.77006e-01
 1.50777e-01
 1.35101e-01
 1.28125e-01
 1.25792e-01
 1.25160e-01
 1.25030e-01
 1.25005e-01
 1.25001e-01
 1.25000e-01
 1.25000e-01
 1.25000e-01
 1.25000e-01
 1.25000e-01
 1.25000e-01
 1.54465e-01
 1.37721e-01
 1.29421e-01
 1.26272e-01
 1.25294e-01
 1.25062e-01
 1.25011e-01
 1.25002e-01
 1.25000e-01
 1.25000e-01
 1.25000e-01
 1.25000e-01
 1.25000e-01
 1.25000e-01
 1.25000e-01
 1.39228e-01
 1.30474e-01
 1.26731e-01
 1.25456e-01
 1.25106e-01
 1.25021e-01
 1.25004e-01
 1.25001e-01
 1.25000e-01
 1.25000e-01
 1.25000e-01
 1.25000e-01
 1.25000e-01
 1.25000e-01
 1.25000e-01
 4.00033e-01
 3.37786e-01
 2.94131e-01
 2.52503e-01
 2.05458e-01
 1.63729e-01
 1.37300e-01
 1.27310e-01
 1.25289e-01
 1.25027e-01
 1.25002e-01
 1.25000e-01
 1.25000e-01
 1.25000e-01
 1.25000e-01
 3.85887e-01
 3.26240e-01
 2.85398e-01
 2.46033e-01
 2.00994e-01
 1.61207e-01
 1.36305e-01
 1.27109e-01
 1.25265e-01
 1.25025e-01
 1.25002e-01
 1.25000e-01
 1.25000e-01
 1.25000e-01
 1.25000e-01
 3.82125e-01
 3.26278e-01
 2.85296e-01
 2.41503e-01
 1.95057e-01
 1.57090e-01
 1.34624e-01
 1.26764e-01
 1.25221e-01
 1.25021e-01
 1.25002e-01
 1.25000e-01
 1.25000e-01
 1.25000e-01
 1.25000e-01
 3.81626e-01
 3.29446e-01
 2.84635e-01
 2.34712e-01
 1.87444e-01
 1.51990e-01
 1.32603e-01
 1.26361e-01
 1.25170e-01
 1.25017e-01
 1.25001e-01
 1.25000e-01
 1.25000e-01
 1.25000e-01
 1.25000e-01
 3.52647e-01
 3.08287e-01
 2.68626e-01
 2.22105e-01
 1.77961e-01
 1.46170e-01
 1.30527e-01
 1.25969e-01
 1.25120e-01
 1.25012e-01
 1.25001e-01
 1.25000e-01
 1.25000e-01
 1.25000e-01
 1.25000e-01
 3.44988e-01
 3.02385e-01
 2.58028e-01
 2.09637e-01
 1.67841e-01
 1.40536e-01
 1.28747e-01
 1.25638e-01
 1.25079e-01
 1.25008e-01
 1.25001e-01
 1.25000e-01
 1.25000e-01
 1.25000e-01
 1.25000e-01
 3.17237e-01
 2.81425e-01
 2.38458e-01
 1.93280e-01
 1.56848e-01
 1.35397e-01
 1.27346e-01
 1.25385e-01
 1.25049e-01
 1.25005e-01
 1.25001e-01
 1.25000e-01
 1.25000e-01
 1.25000e-01
 1.25000e-01
 3.01411e-01
 2.62488e-01
 2.18293e-01
 1.76663e-01
 1.46570e-01
 1.31363e-01
 1.26357e-01
 1.25218e-01
 1.25028e-01
 1.25003e-01
 1.25000e-01
 1.25000e-01
 1.25000e-01
 1.25000e-01
 1.25000e-01
 2.81258e-01
 2.40719e-01
 1.97363e-01
 1.60957e-01
 1.38245e-01
 1.28551e-01
 1.25722e-01
 1.25111e-01
 1.25015e-01
 1.25002e-01
 1.25000e-01
 1.25000e-01
 1.25000e-01
 1.25000e-01
 1.25000e-01
 2.61745e-01
 2.17740e-01
 1.77121e-01
 1.47795e-01
 1.32389e-01
 1.26840e-01
 1.25351e-01
 1.25055e-01
 1.25008e-01
 1.25001e-01
 1.25000e-01
 1.25000e-01
 1.25000e-01
 1.25000e-01
 1.25000e-01
 2.34888e-01
 1.92428e-01
 1.58697e-01
 1.37890e-01
 1.28784e-01
 1.25862e-01
 1.25159e-01
 1.25025e-01
 1.25004e-01
 1.25000e-01
 1.25000e-01
 1.25000e-01
 1.25000e-01
 1.25000e-01
 1.25000e-01
 2.03960e-01
 1.68613e-01
 1.44152e-01
 1.31527e-01
 1.26747e-01
 1.25377e-01
 1.25068e-01
 1.25011e-01
 1.25002e-01
 1.25000e-01
 1.25000e-01
 1.25000e-01
 1.25000e-01
 1.25000e-01
 1.25000e-01
 1.75574e-01
 1.49634e-01
 1.34536e-01
 1.27930e-01
 1.25735e-01
 1.25149e-01
 1.25028e-01
 1.25004e-01
 1.25001e-01
 1.25000e-01
 1.25000e-01
 1.25000e-01
 1.25000e-01
 1.25000e-01
 1.25000e-01
 1.53360e-01
 1.37074e-01
 1.29157e-01
 1.26185e-01
 1.25273e-01
 1.25058e-01
 1.25010e-01
 1.25002e-01
 1.25000e-01
 1.25000e-01
 1.25000e-01
 1.25000e-01
 1.25000e-01
 1.25000e-01
 1.25000e-01
 1.38545e-01
 1.30148e-01
 1.26617e-01
 1.25424e-01
 1.25099e-01
 1.25020e-01
 1.25004e-01
 1.25001e-01
 1.25000e-01
 1.25000e-01
 1.25000e-01
 1.25000e-01
 1.25000e-01
 1.25000e-01
 1.25000e-01
 3.74716e-01
 3.17769e-01
 2.80231e-01
 2.41944e-01
 1.97555e-01
 1.58989e-01
 1.35411e-01
 1.26924e-01
 1.25242e-01
 1.25023e-01
 1.25002e-01
 1.25000e-01
 1.25000e-01
 1.25000e-01
 1.25000e-01
 3.82057e-01
 3.26216e-01
 2.85252e-01
 2.41476e-01
 1.95049e-01
 1.57090e-01
 1.34625e-01
 1.26764e-01
 1.25221e-01
 1.25021e-01
 1.25002e-01
 1.25000e-01
 1.25000e-01
 1.25000e-01
 1.25000e-01
 3.75157e-01
 3.21540e-01
 2.81628e-01
 2.36298e-01
 1.89873e-01
 1.53591e-01
 1.33221e-01
 1.26479e-01
 1.25184e-01
 1.25018e-01
 1.25002e-01
 1.25000e-01
 1.25000e-01
 1.25000e-01
 1.25000e-01
 3.64865e-01
 3.16637e-01
 2.74981e-01
 2.27741e-01
 1.82447e-01
 1.48896e-01
 1.31465e-01
 1.26144e-01
 1.25143e-01
 1.25014e-01
 1.25001e-01
 1.25000e-01
 1.25000e-01
 1.25000e-01
 1.25000e-01
 3.43507e-01
 2.99257e-01
 2.60224e-01
 2.15646e-01
 1.73523e-01
 1.43681e-01
 1.29714e-01
 1.25818e-01
 1.25102e-01
 1.25010e-01
 1.25001e-01
 1.25000e-01
 1.25000e-01
 1.25000e-01
 1.25000e-01
 3.37940e-01
 2.96189e-01
 2.51431e-01
 2.04096e-01
 1.64100e-01
 1.38680e-01
 1.28213e-01
 1.25541e-01
 1.25067e-01
 1.25007e-01
 1.25001e-01
 1.25000e-01
 1.25000e-01
 1.25000e-01
 1.25000e-01
 3.10207e-01
 2.75407e-01
 2.32568e-01
 1.88323e-01
 1.53621e-01
 1.34062e-01
 1.27019e-01
 1.25329e-01
 1.25042e-01
 1.25005e-01
 1.25000e-01
 1.25000e-01
 1.25000e-01
 1.25000e-01
 1.25000e-01
 2.98634e-01
 2.58789e-01
 2.13560e-01
 1.72572e-01
 1.44196e-01
 1.30515e-01
 1.26164e-01
 1.25186e-01
 1.25024e-01
 1.25003e-01
 1.25000e-01
 1.25000e-01
 1.25000e-01
 1.25000e-01
 1.25000e-01
 2.79291e-01
 2.36863e-01
 1.93021e-01
 1.57795e-01
 1.36710e-01
 1.28075e-01
 1.25618e-01
 1.25096e-01
 1.25013e-01
 1.25002e-01
 1.25000e-01
 1.25000e-01
 1.25000e-01
 1.25000e-01
 1.25000e-01
 2.54232e-01
 2.11619e-01
 1.72738e-01
 1.45378e-01
 1.31478e-01
 1.26588e-01
 1.25300e-01
 1.25048e-01
 1.25007e-01
 1.25001e-01
 1.25000e-01
 1.25000e-01
 1.25000e-01
 1.25000e-01
 1.25000e-01
 2.26653e-01
 1.86866e-01
 1.55273e-01
 1.36357e-01
 1.28300e-01
 1.25748e-01
 1.25137e-01
 1.25022e-01
 1.25003e-01
 1.25000e-01
 1.25000e-01
 1.25000e-01
 1.25000e-01
 1.25000e-01
 1.25000e-01
 1.97903e-01
 1.64490e-01
 1.41928e-01
 1.30680e-01
 1.26513e-01
 1.25325e-01
 1.25059e-01
 1.25010e-01
 1.25001e-01
 1.25000e-01
 1.25000e-01
 1.25000e-01
 1.25000e-01
 1.25000e-01
 1.25000e-01
 1.71514e-01
 1.47062e-01
 1.33357e-01
 1.27548e-01
 1.25634e-01
 1.25130e-01
 1.25024e-01
 1.25004e-01
 1.25001e-01
 1.25000e-01
 1.25000e-01
 1.25000e-01
 1.25000e-01
 1.25000e-01
 1.25000e-01
 1.50606e-01
 1.35686e-01
 1.28638e-01
 1.26032e-01
 1.25237e-01
 1.25050e-01
 1.25009e-01
 1.25002e-01
 1.25000e-01
 1.25000e-01
 1.25000e-01
 1.25000e-01
 1.25000e-01
 1.25000e-01
 1.25000e-01
 1.37037e-01
 1.29518e-01
 1.26417e-01
 1.25366e-01
 1.25086e-01
 1.25017e-01
 1.25003e-01
 1.25001e-01
 1.25000e-01
 1.25000e-01
 1.25000e-01
 1.25000e-01
 1.25000e-01
 1.25000e-01
 1.25000e-01
 3.79618e-01
 3.26731e-01
 2.83925e-01
 2.36573e-01
 1.89688e-01
 1.53523e-01
 1.33207e-01
 1.26477e-01
 1.25184e-01
 1.25018e-01
 1.25002e-01
 1.25000e-01
 1.25000e-01
 1.25000e-01
 1.25000e-01
 3.81670e-01
 3.29447e-01
 2.84609e-01
 2.34685e-01
 1.87432e-01
 1.51988e-01
 1.32603e-01
 1.26361e-01
 1.25170e-01
 1.25017e-01
 1.25001e-01
 1.25000e-01
 1.25000e-01
 1.25000e-01
 1.25000e-01
 3.64943e-01
 3.16675e-01
 2.74992e-01
 2.27744e-01
 1.82447e-01
 1.48896e-01
 1.31466e-01
 1.26144e-01
 1.25143e-01
 1.25014e-01
 1.25001e-01
 1.25000e-01
 1.25000e-01
 1.25000e-01
 1.25000e-01
 3.46727e-01
 3.00363e-01
 2.61629e-01
 2.18016e-01
 1.75642e-01
 1.44887e-01
 1.30100e-01
 1.25892e-01
 1.25111e-01
 1.25011e-01
 1.25001e-01
 1.25000e-01
 1.25000e-01
 1.25000e-01
 1.25000e-01
 3.35949e-01
 2.94950e-01
 2.54482e-01
 2.09050e-01
 1.67953e-01
 1.40567e-01
 1.28759e-01
 1.25642e-01
 1.25080e-01
 1.25008e-01
 1.25001e-01
 1.25000e-01
 1.25000e-01
 1.25000e-01
 1.25000e-01
 3.33602e-01
 2.92233e-01
 2.44382e-01
 1.96525e-01
 1.58730e-01
 1.36230e-01
 1.27557e-01
 1.25424e-01
 1.25053e-01
 1.25006e-01
 1.25001e-01
 1.25000e-01
 1.25000e-01
 1.25000e-01
 1.25000e-01
 3.07846e-01
 2.70185e-01
 2.24277e-01
 1.81000e-01
 1.49204e-01
 1.32351e-01
 1.26597e-01
 1.25257e-01
 1.25033e-01
 1.25004e-01
 1.25000e-01
 1.25000e-01
 1.25000e-01
 1.25000e-01
 1.25000e-01
 2.95091e-01
 2.51869e-01
 2.05376e-01
 1.66440e-01
 1.41008e-01
 1.29449e-01
 1.25919e-01
 1.25145e-01
 1.25019e-01
 1.25002e-01
 1.25000e-01
 1.25000e-01
 1.25000e-01
 1.25000e-01
 1.25000e-01
 2.73980e-01
 2.28368e-01
 1.85421e-01
 1.53073e-01
 1.34662e-01
 1.27482e-01
 1.25490e-01
 1.25076e-01
 1.25010e-01
 1.25001e-01
 1.25000e-01
 1.25000e-01
 1.25000e-01
 1.25000e-01
 1.25000e-01
 2.46788e-01
 2.03374e-01
 1.66669e-01
 1.42167e-01
 1.30311e-01
 1.26273e-01
 1.25239e-01
 1.25038e-01
 1.25005e-01
 1.25001e-01
 1.25000e-01
 1.25000e-01
 1.25000e-01
 1.25000e-01
 1.25000e-01
 2.18171e-01
 1.79594e-01
 1.50783e-01
 1.34420e-01
 1.27674e-01
 1.25598e-01
 1.25110e-01
 1.25018e-01
 1.25003e-01
 1.25000e-01
 1.25000e-01
 1.25000e-01
 1.25000e-01
 1.25000e-01
 1.25000e-01
 1.90664e-01
 1.59226e-01
 1.39174e-01
 1.29652e-01
 1.26219e-01
 1.25259e-01
 1.25048e-01
 1.25008e-01
 1.25001e-01
 1.25000e-01
 1.25000e-01
 1.25000e-01
 1.25000e-01
 1.25000e-01
 1.25000e-01
 1.65933e-01
 1.43701e-01
 1.31916e-01
 1.27071e-01
 1.25508e-01
 1.25105e-01
 1.25020e-01
 1.25003e-01
 1.25000e-01
 1.25000e-01
 1.25000e-01
 1.25000e-01
 1.25000e-01
 1.25000e-01
 1.25000e-01
 1.46994e-01
 1.33925e-01
 1.27986e-01
 1.25834e-01
 1.25191e-01
 1.25040e-01
 1.25008e-01
 1.25001e-01
 1.25000e-01
 1.25000e-01
 1.25000e-01
 1.25000e-01
 1.25000e-01
 1.25000e-01
 1.25000e-01
 1.35122e-01
 1.28695e-01
 1.26149e-01
 1.25294e-01
 1.25070e-01
 1.25014e-01
 1.25003e-01
 1.25000e-01
 1.25000e-01
 1.25000e-01
 1.25000e-01
 1.25000e-01
 1.25000e-01
 1.25000e-01
 1.25000e-01
 3.46243e-01
 3.00022e-01
 2.64379e-01
 2.22244e-01
 1.79545e-01
 1.47362e-01
 1.30944e-01
 1.26047e-01
 1.25131e-01
 1.25013e-01
 1.25001e-01
 1.25000e-01
 1.25000e-01
 1.25000e-01
 1.25000e-01
 3.52808e-01
 3.08453e-01
 2.68747e-01
 2.22158e-01
 1.77974e-01
 1.46175e-01
 1.30528e-01
 1.25969e-01
 1.25120e-01
 1.25012e-01
 1.25001e-01
 1.25000e-01
 1.25000e-01
 1.25000e-01
 1.25000e-01
 3.43517e-01
 2.99289e-01
 2.60254e-01
 2.15660e-01
 1.73526e-01
 1.43681e-01
 1.29714e-01
 1.25818e-01
 1.25102e-01
 1.25010e-01
 1.25001e-01
 1.25000e-01
 1.25000e-01
 1.25000e-01
 1.25000e-01
 3.35883e-01
 2.94890e-01
 2.54435e-01
 2.09030e-01
 1.67948e-01
 1.40566e-01
 1.28759e-01
 1.25642e-01
 1.25080e-01
 1.25008e-01
 1.25001e-01
 1.25000e-01
 1.25000e-01
 1.25000e-01
 1.25000e-01
 3.27300e-01
 2.90069e-01
 2.46097e-01
 1.99028e-01
 1.60468e-01
 1.37000e-01
 1.27770e-01
 1.25461e-01
 1.25058e-01
 1.25006e-01
 1.25001e-01
 1.25000e-01
 1.25000e-01
 1.25000e-01
 1.25000e-01
 3.16116e-01
 2.76746e-01
 2.29958e-01
 1.85473e-01
 1.52021e-01
 1.33474e-01
 1.26872e-01
 1.25305e-01
 1.25039e-01
 1.25004e-01
 1.25000e-01
 1.25000e-01
 1.25000e-01
 1.25000e-01
 1.25000e-01
 2.95307e-01
 2.57096e-01
 2.12078e-01
 1.71832e-01
 1.44024e-01
 1.30498e-01
 1.26167e-01
 1.25186e-01
 1.25025e-01
 1.25003e-01
 1.25000e-01
 1.25000e-01
 1.25000e-01
 1.25000e-01
 1.25000e-01
 2.78932e-01
 2.37206e-01
 1.93812e-01
 1.58827e-01
 1.37365e-01
 1.28313e-01
 1.25671e-01
 1.25106e-01
 1.25014e-01
 1.25002e-01
 1.25000e-01
 1.25000e-01
 1.25000e-01
 1.25000e-01
 1.25000e-01
 2.59576e-01
 2.15627e-01
 1.75979e-01
 1.47478e-01
 1.32387e-01
 1.26851e-01
 1.25358e-01
 1.25057e-01
 1.25008e-01
 1.25001e-01
 1.25000e-01
 1.25000e-01
 1.25000e-01
 1.25000e-01
 1.25000e-01
 2.33964e-01
 1.92411e-01
 1.59261e-01
 1.38447e-01
 1.29041e-01
 1.25945e-01
 1.25176e-01
 1.25028e-01
 1.25004e-01
 1.25000e-01
 1.25000e-01
 1.25000e-01
 1.25000e-01
 1.25000e-01
 1.25000e-01
 2.07000e-01
 1.70978e-01
 1.45718e-01
 1.32284e-01
 1.27018e-01
 1.25446e-01
 1.25082e-01
 1.25013e-01
 1.25002e-01
 1.25000e-01
 1.25000e-01
 1.25000e-01
 1.25000e-01
 1.25000e-01
 1.25000e-01
 1.81039e-01
 1.52923e-01
 1.36105e-01
 1.28555e-01
 1.25914e-01
 1.25194e-01
 1.25036e-01
 1.25006e-01
 1.25001e-01
 1.25000e-01
 1.25000e-01
 1.25000e-01
 1.25000e-01
 1.25000e-01
 1.25000e-01
 1.59024e-01
 1.39908e-01
 1.30343e-01
 1.26563e-01
 1.25377e-01
 1.25079e-01
 1.25015e-01
 1.25002e-01
 1.25000e-01
 1.25000e-01
 1.25000e-01
 1.25000e-01
 1.25000e-01
 1.25000e-01
 1.25000e-01
 1.42692e-01
 1.31970e-01
 1.27268e-01
 1.25624e-01
 1.25144e-01
 1.25031e-01
 1.25006e-01
 1.25001e-01
 1.25000e-01
 1.25000e-01
 1.25000e-01
 1.25000e-01
 1.25000e-01
 1.25000e-01
 1.25000e-01
 1.32974e-01
 1.27833e-01
 1.25868e-01
 1.25220e-01
 1.25053e-01
 1.25011e-01
 1.25002e-01
 1.25000e-01
 1.25000e-01
 1.25000e-01
 1.25000e-01
 1.25000e-01
 1.25000e-01
 1.25000e-01
 1.25000e-01
 3.42738e-01
 2.98117e-01
 2.56698e-01
 2.11059e-01
 1.69585e-01
 1.41496e-01
 1.29038e-01
 1.25691e-01
 1.25085e-01
 1.25009e-01
 1.25001e-01
 1.25000e-01
 1.25000e-01
 1.25000e-01
 1.25000e-01
 3.44990e-01
 3.02423e-01
 2.58067e-01
 2.09655e-01
 1.67844e-01
 1.40536e-01
 1.28747e-01
 1.25637e-01
 1.25079e-01
 1.25008e-01
 1.25001e-01
 1.25000e-01
 1.25000e-01
 1.25000e-01
 1.25000e-01
 3.37808e-01
 2.96075e-01
 2.51353e-01
 2.04065e-01
 1.64090e-01
 1.38677e-01
 1.28212e-01
 1.25541e-01
 1.25067e-01
 1.25007e-01
 1.25001e-01
 1.25000e-01
 1.25000e-01
 1.25000e-01
 1.25000e-01
 3.33546e-01
 2.92152e-01
 2.44312e-01
 1.96496e-01
 1.58721e-01
 1.36227e-01
 1.27557e-01
 1.25424e-01
 1.25053e-01
 1.25006e-01
 1.25001e-01
 1.25000e-01
 1.25000e-01
 1.25000e-01
 1.25000e-01
 3.16105e-01
 2.76716e-01
 2.29937e-01
 1.85465e-01
 1.52018e-01
 1.33473e-01
 1.26872e-01
 1.25305e-01
 1.25039e-01
 1.25004e-01
 1.25000e-01
 1.25000e-01
 1.25000e-01
 1.25000e-01
 1.25000e-01
 2.99265e-01
 2.59924e-01
 2.14702e-01
 1.73851e-01
 1.45159e-01
 1.30915e-01
 1.26263e-01
 1.25203e-01
 1.25026e-01
 1.25003e-01
 1.25000e-01
 1.25000e-01
 1.25000e-01
 1.25000e-01
 1.25000e-01
 2.84930e-01
 2.43146e-01
 1.98869e-01
 1.62153e-01
 1.38966e-01
 1.28839e-01
 1.25789e-01
 1.25125e-01
 1.25017e-01
 1.25002e-01
 1.25000e-01
 1.25000e-01
 1.25000e-01
 1.25000e-01
 1.25000e-01
 2.67308e-01
 2.24073e-01
 1.82513e-01
 1.51268e-01
 1.33947e-01
 1.27304e-01
 1.25454e-01
 1.25072e-01
 1.25010e-01
 1.25001e-01
 1.25000e-01
 1.25000e-01
 1.25000e-01
 1.25000e-01
 1.25000e-01
 2.45319e-01
 2.02500e-01
 1.66114e-01
 1.41920e-01
 1.30280e-01
 1.26280e-01
 1.25243e-01
 1.25039e-01
 1.25005e-01
 1.25001e-01
 1.25000e-01
 1.25000e-01
 1.25000e-01
 1.25000e-01
 1.25000e-01
 2.19648e-01
 1.81028e-01
 1.51757e-01
 1.34922e-01
 1.27868e-01
 1.25652e-01
 1.25121e-01
 1.25020e-01
 1.25003e-01
 1.25000e-01
 1.25000e-01
 1.25000e-01
 1.25000e-01
 1.25000e-01
 1.25000e-01
 1.93486e-01
 1.61528e-01
 1.40568e-01
 1.30260e-01
 1.26413e-01
 1.25308e-01
 1.25057e-01
 1.25009e-01
 1.25001e-01
 1.25000e-01
 1.25000e-01
 1.25000e-01
 1.25000e-01
 1.25000e-01
 1.25000e-01
 1.70192e-01
 1.46405e-01
 1.33161e-01
 1.27533e-01
 1.25636e-01
 1.25134e-01
 1.25025e-01
 1.25004e-01
 1.25001e-01
 1.25000e-01
 1.25000e-01
 1.25000e-01
 1.25000e-01
 1.25000e-01
 1.25000e-01
 1.51235e-01
 1.36019e-01
 1.28843e-01
 1.26095e-01
 1.25263e-01
 1.25056e-01
 1.25011e-01
 1.25002e-01
 1.25000e-01
 1.25000e-01
 1.25000e-01
 1.25000e-01
 1.25000e-01
 1.25000e-01
 1.25000e-01
 1.38221e-01
 1.30073e-01
 1.26608e-01
 1.25433e-01
 1.25101e-01
 1.25022e-01
 1.25004e-01
 1.25001e-01
 1.25000e-01
 1.25000e-01
 1.25000e-01
 1.25000e-01
 1.25000e-01
 1.25000e-01
 1.25000e-01
 1.30783e-01
 1.27007e-01
 1.25603e-01
 1.25155e-01
 1.25037e-01
 1.25008e-01
 1.25002e-01
 1.25000e-01
 1.25000e-01
 1.25000e-01
 1.25000e-01
 1.25000e-01
 1.25000e-01
 1.25000e-01
 1.25000e-01
 3.35068e-01
 2.93095e-01
 2.44591e-01
 1.96646e-01
 1.58792e-01
 1.36208e-01
 1.27547e-01
 1.25418e-01
 1.25053e-01
 1.25006e-01
 1.25001e-01
 1.25000e-01
 1.25000e-01
 1.25000e-01
 1.25000e-01
 3.17086e-01
 2.81337e-01
 2.38414e-01
 1.93265e-01
 1.56844e-01
 1.35396e-01
 1.27346e-01
 1.25385e-01
 1.25049e-01
 1.25005e-01
 1.25001e-01
 1.25000e-01
 1.25000e-01
 1.25000e-01
 1.25000e-01
 3.10218e-01
 2.75430e-01
 2.32570e-01
 1.88321e-01
 1.53621e-01
 1.34062e-01
 1.27019e-01
 1.25329e-01
 1.25042e-01
 1.25005e-01
 1.25000e-01
 1.25000e-01
 1.25000e-01
 1.25000e-01
 1.25000e-01
 3.07922e-01
 2.70235e-01
 2.24291e-01
 1.81002e-01
 1.49205e-01
 1.32352e-01
 1.26597e-01
 1.25257e-01
 1.25033e-01
 1.25004e-01
 1.25000e-01
 1.25000e-01
 1.25000e-01
 1.25000e-01
 1.25000e-01
 2.95346e-01
 2.57113e-01
 2.12082e-01
 1.71831e-01
 1.44023e-01
 1.30498e-01
 1.26167e-01
 1.25186e-01
 1.25025e-01
 1.25003e-01
 1.25000e-01
 1.25000e-01
 1.25000e-01
 1.25000e-01
 1.25000e-01
 2.84920e-01
 2.43135e-01
 1.98866e-01
 1.62152e-01
 1.38965e-01
 1.28839e-01
 1.25789e-01
 1.25125e-01
 1.25017e-01
 1.25002e-01
 1.25000e-01
 1.25000e-01
 1.25000e-01
 1.25000e-01
 1.25000e-01
 2.72030e-01
 2.27735e-01
 1.85127e-01
 1.52741e-01
 1.34553e-01
 1.27487e-01
 1.25493e-01
 1.25078e-01
 1.25011e-01
 1.25001e-01
 1.25000e-01
 1.25000e-01
 1.25000e-01
 1.25000e-01
 1.25000e-01
 2.52990e-01
 2.08886e-01
 1.70365e-01
 1.44053e-01
 1.31055e-01
 1.26492e-01
 1.25285e-01
 1.25046e-01
 1.25006e-01
 1.25001e-01
 1.25000e-01
 1.25000e-01
 1.25000e-01
 1.25000e-01
 1.25000e-01
 2.29968e-01
 1.88782e-01
 1.56416e-01
 1.36977e-01
 1.28552e-01
 1.25829e-01
 1.25154e-01
 1.25025e-01
 1.25004e-01
 1.25000e-01
 1.25000e-01
 1.25000e-01
 1.25000e-01
 1.25000e-01
 1.25000e-01
 2.04368e-01
 1.69055e-01
 1.44575e-01
 1.31831e-01
 1.26898e-01
 1.25420e-01
 1.25078e-01
 1.25013e-01
 1.25002e-01
 1.25000e-01
 1.25000e-01
 1.25000e-01
 1.25000e-01
 1.25000e-01
 1.25000e-01
 1.80277e-01
 1.52600e-01
 1.36055e-01
 1.28553e-01
 1.25924e-01
 1.25199e-01
 1.25037e-01
 1.25006e-01
 1.25001e-01
 1.25000e-01
 1.25000e-01
 1.25000e-01
 1.25000e-01
 1.25000e-01
 1.25000e-01
 1.59501e-01
 1.40397e-01
 1.30612e-01
 1.26678e-01
 1.25412e-01
 1.25088e-01
 1.25017e-01
 1.25003e-01
 1.25000e-01
 1.25000e-01
 1.25000e-01
 1.25000e-01
 1.25000e-01
 1.25000e-01
 1.25000e-01
 1.44163e-01
 1.32702e-01
 1.27577e-01
 1.25716e-01
 1.25171e-01
 1.25036e-01
 1.25007e-01
 1.25001e-01
 1.25000e-01
 1.25000e-01
 1.25000e-01
 1.25000e-01
 1.25000e-01
 1.25000e-01
 1.25000e-01
 1.34276e-01
 1.28429e-01
 1.26057e-01
 1.25283e-01
 1.25067e-01
 1.25014e-01
 1.25003e-01
 1.25000e-01
 1.25000e-01
 1.25000e-01
 1.25000e-01
 1.25000e-01
 1.25000e-01
 1.25000e-01
 1.25000e-01
 1.28957e-01
 1.26339e-01
 1.25392e-01
 1.25102e-01
 1.25025e-01
 1.25005e-01
 1.25001e-01
 1.25000e-01
 1.25000e-01
 1.25000e-01
 1.25000e-01
 1.25000e-01
 1.25000e-01
 1.25000e-01
 1.25000e-01
 3.18282e-01
 2.72734e-01
 2.22841e-01
 1.79123e-01
 1.48001e-01
 1.31883e-01
 1.26472e-01
 1.25236e-01
 1.25030e-01
 1.25003e-01
 1.25000e-01
 1.25000e-01
 1.25000e-01
 1.25000e-01
 1.25000e-01
 3.01297e-01
 2.62413e-01
 2.18253e-01
 1.76647e-01
 1.46565e-01
 1.31361e-01
 1.26357e-01
 1.25218e-01
 1.25028e-01
 1.25003e-01
 1.25000e-01
 1.25000e-01
 1.25000e-01
 1.25000e-01
 1.25000e-01
 2.98597e-01
 2.58761e-01
 2.13543e-01
 1.72563e-01
 1.44192e-01
 1.30514e-01
 1.26164e-01
 1.25186e-01
 1.25024e-01
 1.25003e-01
 1.25000e-01
 1.25000e-01
 1.25000e-01
 1.25000e-01
 1.25000e-01
 2.95127e-01
 2.51890e-01
 2.05385e-01
 1.66439e-01
 1.41006e-01
 1.29449e-01
 1.25919e-01
 1.25145e-01
 1.25019e-01
 1.25002e-01
 1.25000e-01
 1.25000e-01
 1.25000e-01
 1.25000e-01
 1.25000e-01
 2.78909e-01
 2.37195e-01
 1.93811e-01
 1.58825e-01
 1.37363e-01
 1.28312e-01
 1.25671e-01
 1.25106e-01
 1.25014e-01
 1.25002e-01
 1.25000e-01
 1.25000e-01
 1.25000e-01
 1.25000e-01
 1.25000e-01
 2.67282e-01
 2.24056e-01
 1.82508e-01
 1.51267e-01
 1.33946e-01
 1.27304e-01
 1.25454e-01
 1.25072e-01
 1.25010e-01
 1.25001e-01
 1.25000e-01
 1.25000e-01
 1.25000e-01
 1.25000e-01
 1.25000e-01
 2.52976e-01
 2.08878e-01
 1.70362e-01
 1.44052e-01
 1.31055e-01
 1.26492e-01
 1.25285e-01
 1.25046e-01
 1.25006e-01
 1.25001e-01
 1.25000e-01
 1.25000e-01
 1.25000e-01
 1.25000e-01
 1.25000e-01
 2.33941e-01
 1.91767e-01
 1.58226e-01
 1.37786e-01
 1.28802e-01
 1.25889e-01
 1.25167e-01
 1.25027e-01
 1.25004e-01
 1.25000e-01
 1.25000e-01
 1.25000e-01
 1.25000e-01
 1.25000e-01
 1.25000e-01
 2.10991e-01
 1.73645e-01
 1.47075e-01
 1.32840e-01
 1.27206e-01
 1.25492e-01
 1.25091e-01
 1.25015e-01
 1.25002e-01
 1.25000e-01
 1.25000e-01
 1.25000e-01
 1.25000e-01
 1.25000e-01
 1.25000e-01
 1.87770e-01
 1.57359e-01
 1.38317e-01
 1.29402e-01
 1.26165e-01
 1.25250e-01
 1.25047e-01
 1.25008e-01
 1.25001e-01
 1.25000e-01
 1.25000e-01
 1.25000e-01
 1.25000e-01
 1.25000e-01
 1.25000e-01
 1.66475e-01
 1.44274e-01
 1.32250e-01
 1.27234e-01
 1.25559e-01
 1.25120e-01
 1.25023e-01
 1.25004e-01
 1.25001e-01
 1.25000e-01
 1.25000e-01
 1.25000e-01
 1.25000e-01
 1.25000e-01
 1.25000e-01
 1.49769e-01
 1.35365e-01
 1.28609e-01
 1.26037e-01
 1.25249e-01
 1.25053e-01
 1.25010e-01
 1.25002e-01
 1.25000e-01
 1.25000e-01
 1.25000e-01
 1.25000e-01
 1.25000e-01
 1.25000e-01
 1.25000e-01
 1.38018e-01
 1.30004e-01
 1.26615e-01
 1.25436e-01
 1.25105e-01
 1.25022e-01
 1.25004e-01
 1.25001e-01
 1.25000e-01
 1.25000e-01
 1.25000e-01
 1.25000e-01
 1.25000e-01
 1.25000e-01
 1.25000e-01
 1.31110e-01
 1.27158e-01
 1.25652e-01
 1.25172e-01
 1.25041e-01
 1.25009e-01
 1.25002e-01
 1.25000e-01
 1.25000e-01
 1.25000e-01
 1.25000e-01
 1.25000e-01
 1.25000e-01
 1.25000e-01
 1.25000e-01
 1.27487e-01
 1.25823e-01
 1.25239e-01
 1.25063e-01
 1.25015e-01
 1.25003e-01
 1.25001e-01
 1.25000e-01
 1.25000e-01
 1.25000e-01
 1.25000e-01
 1.25000e-01
 1.25000e-01
 1.25000e-01
 1.25000e-01
 2.89557e-01
 2.45947e-01
 2.00114e-01
 1.62711e-01
 1.39139e-01
 1.28815e-01
 1.25777e-01
 1.25120e-01
 1.25016e-01
 1.25002e-01
 1.25000e-01
 1.25000e-01
 1.25000e-01
 1.25000e-01
 1.25000e-01
 2.81219e-01
 2.40687e-01
 1.97350e-01
 1.60953e-01
 1.38243e-01
 1.28550e-01
 1.25722e-01
 1.25111e-01
 1.25015e-01
 1.25002e-01
 1.25000e-01
 1.25000e-01
 1.25000e-01
 1.25000e-01
 1.25000e-01
 2.79279e-01
 2.36844e-01
 1.93013e-01
 1.57793e-01
 1.36709e-01
 1.28074e-01
 1.25617e-01
 1.25096e-01
 1.25013e-01
 1.25002e-01
 1.25000e-01
 1.25000e-01
 1.25000e-01
 1.25000e-01
 1.25000e-01
 2.73987e-01
 2.28373e-01
 1.85423e-01
 1.53072e-01
 1.34661e-01
 1.27481e-01
 1.25489e-01
 1.25076e-01
 1.25010e-01
 1.25001e-01
 1.25000e-01
 1.25000e-01
 1.25000e-01
 1.25000e-01
 1.25000e-01
 2.59531e-01
 2.15609e-01
 1.75974e-01
 1.47476e-01
 1.32386e-01
 1.26851e-01
 1.25358e-01
 1.25057e-01
 1.25008e-01
 1.25001e-01
 1.25000e-01
 1.25000e-01
 1.25000e-01
 1.25000e-01
 1.25000e-01
 2.45272e-01
 2.02482e-01
 1.66109e-01
 1.41919e-01
 1.30279e-01
 1.26280e-01
 1.25243e-01
 1.25039e-01
 1.25005e-01
 1.25001e-01
 1.25000e-01
 1.25000e-01
 1.25000e-01
 1.25000e-01
 1.25000e-01
 2.29943e-01
 1.88773e-01
 1.56413e-01
 1.36976e-01
 1.28552e-01
 1.25829e-01
 1.25154e-01
 1.25025e-01
 1.25004e-01
 1.25000e-01
 1.25000e-01
 1.25000e-01
 1.25000e-01
 1.25000e-01
 1.25000e-01
 2.10983e-01
 1.73643e-01
 1.47074e-01
 1.32840e-01
 1.27206e-01
 1.25492e-01
 1.25091e-01
 1.25015e-01
 1.25002e-01
 1.25000e-01
 1.25000e-01
 1.25000e-01
 1.25000e-01
 1.25000e-01
 1.25000e-01
 1.90544e-01
 1.59167e-01
 1.39205e-01
 1.29712e-01
 1.26253e-01
 1.25273e-01
 1.25051e-01
 1.25008e-01
 1.25001e-01
 1.25000e-01
 1.25000e-01
 1.25000e-01
 1.25000e-01
 1.25000e-01
 1.25000e-01
 1.70509e-01
 1.46593e-01
 1.33295e-01
 1.27588e-01
 1.25655e-01
 1.25140e-01
 1.25027e-01
 1.25004e-01
 1.25001e-01
 1.25000e-01
 1.25000e-01
 1.25000e-01
 1.25000e-01
 1.25000e-01
 1.25000e-01
 1.53809e-01
 1.37448e-01
 1.29420e-01
 1.26290e-01
 1.25314e-01
 1.25067e-01
 1.25013e-01
 1.25002e-01
 1.25000e-01
 1.25000e-01
 1.25000e-01
 1.25000e-01
 1.25000e-01
 1.25000e-01
 1.25000e-01
 1.41247e-01
 1.31431e-01
 1.27132e-01
 1.25589e-01
 1.25141e-01
 1.25030e-01
 1.25006e-01
 1.25001e-01
 1.25000e-01
 1.25000e-01
 1.25000e-01
 1.25000e-01
 1.25000e-01
 1.25000e-01
 1.25000e-01
 1.33236e-01
 1.28030e-01
 1.25932e-01
 1.25248e-01
 1.25060e-01
 1.25013e-01
 1.25003e-01
 1.25000e-01
 1.25000e-01
 1.25000e-01
 1.25000e-01
 1.25000e-01
 1.25000e-01
 1.25000e-01
 1.25000e-01
 1.28714e-01
 1.26262e-01
 1.25372e-01
 1.25099e-01
 1.25024e-01
 1.25005e-01
 1.25001e-01
 1.25000e-01
 1.25000e-01
 1.25000e-01
 1.25000e-01
 1.25000e-01
 1.25000e-01
 1.25000e-01
 1.25000e-01
 1.26472e-01
 1.25479e-01
 1.25138e-01
 1.25037e-01
 1.25009e-01
 1.25002e-01
 1.25000e-01
 1.25000e-01
 1.25000e-01
 1.25000e-01
 1.25000e-01
 1.25000e-01
 1.25000e-01
 1.25000e-01
 1.25000e-01
 2.65176e-01
 2.20710e-01
 1.79223e-01
 1.49055e-01
 1.32898e-01
 1.26970e-01
 1.25377e-01
 1.25060e-01
 1.25008e-01
 1.25001e-01
 1.25000e-01
 1.25000e-01
 1.25000e-01
 1.25000e-01
 1.25000e-01
 2.61678e-01
 2.17704e-01
 1.77109e-01
 1.47790e-01
 1.32388e-01
 1.26839e-01
 1.25351e-01
 1.25055e-01
 1.25008e-01
 1.25001e-01
 1.25000e-01
 1.25000e-01
 1.25000e-01
 1.25000e-01
 1.25000e-01
 2.54233e-01
 2.11620e-01
 1.72739e-01
 1.45377e-01
 1.31477e-01
 1.26587e-01
 1.25300e-01
 1.25048e-01
 1.25007e-01
 1.25001e-01
 1.25000e-01
 1.25000e-01
 1.25000e-01
 1.25000e-01
 1.25000e-01
 2.46830e-01
 2.03392e-01
 1.66674e-01
 1.42169e-01
 1.30313e-01
 1.26273e-01
 1.25239e-01
 1.25038e-01
 1.25005e-01
 1.25001e-01
 1.25000e-01
 1.25000e-01
 1.25000e-01
 1.25000e-01
 1.25000e-01
 2.33957e-01
 1.92411e-01
 1.59262e-01
 1.38443e-01
 1.29041e-01
 1.25945e-01
 1.25176e-01
 1.25028e-01
 1.25004e-01
 1.25000e-01
 1.25000e-01
 1.25000e-01
 1.25000e-01
 1.25000e-01
 1.25000e-01
 2.19626e-01
 1.81020e-01
 1.51755e-01
 1.34922e-01
 1.27869e-01
 1.25652e-01
 1.25121e-01
 1.25020e-01
 1.25003e-01
 1.25000e-01
 1.25000e-01
 1.25000e-01
 1.25000e-01
 1.25000e-01
 1.25000e-01
 2.04359e-01
 1.69053e-01
 1.44575e-01
 1.31831e-01
 1.26898e-01
 1.25420e-01
 1.25078e-01
 1.25013e-01
 1.25002e-01
 1.25000e-01
 1.25000e-01
 1.25000e-01
 1.25000e-01
 1.25000e-01
 1.25000e-01
 1.87766e-01
 1.57358e-01
 1.38317e-01
 1.29402e-01
 1.26165e-01
 1.25250e-01
 1.25047e-01
 1.25008e-01
 1.25001e-01
 1.25000e-01
 1.25000e-01
 1.25000e-01
 1.25000e-01
 1.25000e-01
 1.25000e-01
 1.70509e-01
 1.46593e-01
 1.33295e-01
 1.27588e-01
 1.25655e-01
 1.25140e-01
 1.25027e-01
 1.25004e-01
 1.25001e-01
 1.25000e-01
 1.25000e-01
 1.25000e-01
 1.25000e-01
 1.25000e-01
 1.25000e-01
 1.55308e-01
 1.38232e-01
 1.29742e-01
 1.26395e-01
 1.25342e-01
 1.25073e-01
 1.25014e-01
 1.25002e-01
 1.25000e-01
 1.25000e-01
 1.25000e-01
 1.25000e-01
 1.25000e-01
 1.25000e-01
 1.25000e-01
 1.43092e-01
 1.32312e-01
 1.27451e-01
 1.25685e-01
 1.25164e-01
 1.25036e-01
 1.25007e-01
 1.25001e-01
 1.25000e-01
 1.25000e-01
 1.25000e-01
 1.25000e-01
 1.25000e-01
 1.25000e-01
 1.25000e-01
 1.34876e-01
 1.28693e-01
 1.26160e-01
 1.25311e-01
 1.25075e-01
 1.25016e-01
 1.25003e-01
 1.25001e-01
 1.25000e-01
 1.25000e-01
 1.25000e-01
 1.25000e-01
 1.25000e-01
 1.25000e-01
 1.25000e-01
 1.29780e-01
 1.26672e-01
 1.25499e-01
 1.25133e-01
 1.25032e-01
 1.25007e-01
 1.25001e-01
 1.25000e-01
 1.25000e-01
 1.25000e-01
 1.25000e-01
 1.25000e-01
 1.25000e-01
 1.25000e-01
 1.25000e-01
 1.27097e-01
 1.25687e-01
 1.25201e-01
 1.25053e-01
 1.25013e-01
 1.25003e-01
 1.25001e-01
 1.25000e-01
 1.25000e-01
 1.25000e-01
 1.25000e-01
 1.25000e-01
 1.25000e-01
 1.25000e-01
 1.25000e-01
 1.25800e-01
 1.25257e-01
 1.25074e-01
 1.25020e-01
 1.25005e-01
 1.25001e-01
 1.25000e-01
 1.25000e-01
 1.25000e-01
 1.25000e-01
 1.25000e-01
 1.25000e-01
 1.25000e-01
 1.25000e-01
 1.25000e-01
 2.36516e-01
 1.94751e-01
 1.60378e-01
 1.38693e-01
 1.29053e-01
 1.25924e-01
 1.25172e-01
 1.25027e-01
 1.25004e-01
 1.25000e-01
 1.25000e-01
 1.25000e-01
 1.25000e-01
 1.25000e-01
 1.25000e-01
 2.34820e-01
 1.92407e-01
 1.58690e-01
 1.37886e-01
 1.28782e-01
 1.25862e-01
 1.25159e-01
 1.25025e-01
 1.25004e-01
 1.25000e-01
 1.25000e-01
 1.25000e-01
 1.25000e-01
 1.25000e-01
 1.25000e-01
 2.26645e-01
 1.86866e-01
 1.55272e-01
 1.36357e-01
 1.28299e-01
 1.25748e-01
 1.25137e-01
 1.25022e-01
 1.25003e-01
 1.25000e-01
 1.25000e-01
 1.25000e-01
 1.25000e-01
 1.25000e-01
 1.25000e-01
 2.18209e-01
 1.79611e-01
 1.50789e-01
 1.34418e-01
 1.27675e-01
 1.25598e-01
 1.25110e-01
 1.25018e-01
 1.25003e-01
 1.25000e-01
 1.25000e-01
 1.25000e-01
 1.25000e-01
 1.25000e-01
 1.25000e-01
 2.07014e-01
 1.70983e-01
 1.45715e-01
 1.32263e-01
 1.27014e-01
 1.25447e-01
 1.25082e-01
 1.25013e-01
 1.25002e-01
 1.25000e-01
 1.25000e-01
 1.25000e-01
 1.25000e-01
 1.25000e-01
 1.25000e-01
 1.93488e-01
 1.61529e-01
 1.40568e-01
 1.30257e-01
 1.26414e-01
 1.25308e-01
 1.25057e-01
 1.25009e-01
 1.25001e-01
 1.25000e-01
 1.25000e-01
 1.25000e-01
 1.25000e-01
 1.25000e-01
 1.25000e-01
 1.80278e-01
 1.52600e-01
 1.36055e-01
 1.28554e-01
 1.25924e-01
 1.25199e-01
 1.25037e-01
 1.25006e-01
 1.25001e-01
 1.25000e-01
 1.25000e-01
 1.25000e-01
 1.25000e-01
 1.25000e-01
 1.25000e-01
 1.66477e-01
 1.44275e-01
 1.32251e-01
 1.27235e-01
 1.25560e-01
 1.25120e-01
 1.25023e-01
 1.25004e-01
 1.25001e-01
 1.25000e-01
 1.25000e-01
 1.25000e-01
 1.25000e-01
 1.25000e-01
 1.25000e-01
 1.53810e-01
 1.37449e-01
 1.29420e-01
 1.26290e-01
 1.25314e-01
 1.25068e-01
 1.25013e-01
 1.25002e-01
 1.25000e-01
 1.25000e-01
 1.25000e-01
 1.25000e-01
 1.25000e-01
 1.25000e-01
 1.25000e-01
 1.43092e-01
 1.32312e-01
 1.27451e-01
 1.25685e-01
 1.25164e-01
 1.25036e-01
 1.25007e-01
 1.25001e-01
 1.25000e-01
 1.25000e-01
 1.25000e-01
 1.25000e-01
 1.25000e-01
 1.25000e-01
 1.25000e-01
 1.35458e-01
 1.28954e-01
 1.26244e-01
 1.25335e-01
 1.25081e-01
 1.25018e-01
 1.25003e-01
 1.25001e-01
 1.25000e-01
 1.25000e-01
 1.25000e-01
 1.25000e-01
 1.25000e-01
 1.25000e-01
 1.25000e-01
 1.30427e-01
 1.26917e-01
 1.25577e-01
 1.25153e-01
 1.25037e-01
 1.25008e-01
 1.25002e-01
 1.25000e-01
 1.25000e-01
 1.25000e-01
 1.25000e-01
 1.25000e-01
 1.25000e-01
 1.25000e-01
 1.25000e-01
 1.27565e-01
 1.25854e-01
 1.25249e-01
 1.25066e-01
 1.25016e-01
 1.25004e-01
 1.25001e-01
 1.25000e-01
 1.25000e-01
 1.25000e-01
 1.25000e-01
 1.25000e-01
 1.25000e-01
 1.25000e-01
 1.25000e-01
 1.26069e-01
 1.25346e-01
 1.25101e-01
 1.25027e-01
 1.25006e-01
 1.25001e-01
 1.25000e-01
 1.25000e-01
 1.25000e-01
 1.25000e-01
 1.25000e-01
 1.25000e-01
 1.25000e-01
 1.25000e-01
 1.25000e-01
 1.25407e-01
 1.25131e-01
 1.25038e-01
 1.25010e-01
 1.25002e-01
 1.25001e-01
 1.25000e-01
 1.25000e-01
 1.25000e-01
 1.25000e-01
 1.25000e-01
 1.25000e-01
 1.25000e-01
 1.25000e-01
 1.25000e-01
 2.05399e-01
 1.70329e-01
 1.45210e-01
 1.31954e-01
 1.26871e-01
 1.25407e-01
 1.25072e-01
 1.25012e-01
 1.25002e-01
 1.25000e-01
 1.25000e-01
 1.25000e-01
 1.25000e-01
 1.25000e-01
 1.25000e-01
 2.03942e-01
 1.68608e-01
 1.44150e-01
 1.31525e-01
 1.26747e-01
 1.25377e-01
 1.25068e-01
 1.25011e-01
 1.25002e-01
 1.25000e-01
 1.25000e-01
 1.25000e-01
 1.25000e-01
 1.25000e-01
 1.25000e-01
 1.97903e-01
 1.64491e-01
 1.41927e-01
 1.30679e-01
 1.26512e-01
 1.25325e-01
 1.25059e-01
 1.25010e-01
 1.25001e-01
 1.25000e-01
 1.25000e-01
 1.25000e-01
 1.25000e-01
 1.25000e-01
 1.25000e-01
 1.90681e-01
 1.59232e-01
 1.39177e-01
 1.29653e-01
 1.26220e-01
 1.25259e-01
 1.25048e-01
 1.25008e-01
 1.25001e-01
 1.25000e-01
 1.25000e-01
 1.25000e-01
 1.25000e-01
 1.25000e-01
 1.25000e-01
 1.81051e-01
 1.52926e-01
 1.36107e-01
 1.28551e-01
 1.25916e-01
 1.25194e-01
 1.25036e-01
 1.25006e-01
 1.25001e-01
 1.25000e-01
 1.25000e-01
 1.25000e-01
 1.25000e-01
 1.25000e-01
 1.25000e-01
 1.70194e-01
 1.46405e-01
 1.33162e-01
 1.27534e-01
 1.25637e-01
 1.25134e-01
 1.25025e-01
 1.25004e-01
 1.25001e-01
 1.25000e-01
 1.25000e-01
 1.25000e-01
 1.25000e-01
 1.25000e-01
 1.25000e-01
 1.59505e-01
 1.40398e-01
 1.30612e-01
 1.26678e-01
 1.25412e-01
 1.25088e-01
 1.25017e-01
 1.25003e-01
 1.25000e-01
 1.25000e-01
 1.25000e-01
 1.25000e-01
 1.25000e-01
 1.25000e-01
 1.25000e-01
 1.49770e-01
 1.35366e-01
 1.28610e-01
 1.26037e-01
 1.25249e-01
 1.25053e-01
 1.25010e-01
 1.25002e-01
 1.25000e-01
 1.25000e-01
 1.25000e-01
 1.25000e-01
 1.25000e-01
 1.25000e-01
 1.25000e-01
 1.41248e-01
 1.31432e-01
 1.27132e-01
 1.25589e-01
 1.25141e-01
 1.25030e-01
 1.25006e-01
 1.25001e-01
 1.25000e-01
 1.25000e-01
 1.25000e-01
 1.25000e-01
 1.25000e-01
 1.25000e-01
 1.25000e-01
 1.34876e-01
 1.28693e-01
 1.26160e-01
 1.25311e-01
 1.25075e-01
 1.25016e-01
 1.25003e-01
 1.25001e-01
 1.25000e-01
 1.25000e-01
 1.25000e-01
 1.25000e-01
 1.25000e-01
 1.25000e-01
 1.25000e-01
 1.30427e-01
 1.26917e-01
 1.25577e-01
 1.25153e-01
 1.25037e-01
 1.25008e-01
 1.25002e-01
 1.25000e-01
 1.25000e-01
 1.25000e-01
 1.25000e-01
 1.25000e-01
 1.25000e-01
 1.25000e-01
 1.25000e-01
 1.27739e-01
 1.25912e-01
 1.25269e-01
 1.25071e-01
 1.25017e-01
 1.25004e-01
 1.25001e-01
 1.25000e-01
 1.25000e-01
 1.25000e-01
 1.25000e-01
 1.25000e-01
 1.25000e-01
 1.25000e-01
 1.25000e-01
 1.26232e-01
 1.25399e-01
 1.25117e-01
 1.25031e-01
 1.25007e-01
 1.25002e-01
 1.25000e-01
 1.25000e-01
 1.25000e-01
 1.25000e-01
 1.25000e-01
 1.25000e-01
 1.25000e-01
 1.25000e-01
 1.25000e-01
 1.25508e-01
 1.25163e-01
 1.25048e-01
 1.25013e-01
 1.25003e-01
 1.25001e-01
 1.25000e-01
 1.25000e-01
 1.25000e-01
 1.25000e-01
 1.25000e-01
 1.25000e-01
 1.25000e-01
 1.25000e-01
 1.25000e-01
 1.25192e-01
 1.25061e-01
 1.25018e-01
 1.25005e-01
 1.25001e-01
 1.25000e-01
 1.25000e-01
 1.25000e-01
 1.25000e-01
 1.25000e-01
 1.25000e-01
 1.25000e-01
 1.25000e-01
 1.25000e-01
 1.25000e-01
 1.77016e-01
 1.50782e-01
 1.35102e-01
 1.28125e-01
 1.25792e-01
 1.25160e-01
 1.25030e-01
 1.25005e-01
 1.25001e-01
 1.25000e-01
 1.25000e-01
 1.25000e-01
 1.25000e-01
 1.25000e-01
 1.25000e-01
 1.75578e-01
 1.49636e-01
 1.34536e-01
 1.27930e-01
 1.25735e-01
 1.25149e-01
 1.25028e-01
 1.25004e-01
 1.25001e-01
 1.25000e-01
 1.25000e-01
 1.25000e-01
 1.25000e-01
 1.25000e-01
 1.25000e-01
 1.71515e-01
 1.47062e-01
 1.33357e-01
 1.27548e-01
 1.25634e-01
 1.25130e-01
 1.25024e-01
 1.25004e-01
 1.25001e-01
 1.25000e-01
 1.25000e-01
 1.25000e-01
 1.25000e-01
 1.25000e-01
 1.25000e-01
 1.65941e-01
 1.43704e-01
 1.31916e-01
 1.27071e-01
 1.25508e-01
 1.25105e-01
 1.25020e-01
 1.25003e-01
 1.25000e-01
 1.25000e-01
 1.25000e-01
 1.25000e-01
 1.25000e-01
 1.25000e-01
 1.25000e-01
 1.59026e-01
 1.39909e-01
 1.30343e-01
 1.26563e-01
 1.25377e-01
 1.25079e-01
 1.25015e-01
 1.25002e-01
 1.25000e-01
 1.25000e-01
 1.25000e-01
 1.25000e-01
 1.25000e-01
 1.25000e-01
 1.25000e-01
 1.51236e-01
 1.36019e-01
 1.28843e-01
 1.26095e-01
 1.25262e-01
 1.25056e-01
 1.25011e-01
 1.25002e-01
 1.25000e-01
 1.25000e-01
 1.25000e-01
 1.25000e-01
 1.25000e-01
 1.25000e-01
 1.25000e-01
 1.44163e-01
 1.32702e-01
 1.27577e-01
 1.25716e-01
 1.25171e-01
 1.25037e-01
 1.25007e-01
 1.25001e-01
 1.25000e-01
 1.25000e-01
 1.25000e-01
 1.25000e-01
 1.25000e-01
 1.25000e-01
 1.25000e-01
 1.38019e-01
 1.30004e-01
 1.26615e-01
 1.25436e-01
 1.25105e-01
 1.25022e-01
 1.25004e-01
 1.25001e-01
 1.25000e-01
 1.25000e-01
 1.25000e-01
 1.25000e-01
 1.25000e-01
 1.25000e-01
 1.25000e-01
 1.33236e-01
 1.28030e-01
 1.25932e-01
 1.25248e-01
 1.25060e-01
 1.25013e-01
 1.25003e-01
 1.25000e-01
 1.25000e-01
 1.25000e-01
 1.25000e-01
 1.25000e-01
 1.25000e-01
 1.25000e-01
 1.25000e-01
 1.29780e-01
 1.26672e-01
 1.25499e-01
 1.25133e-01
 1.25032e-01
 1.25007e-01
 1.25001e-01
 1.25000e-01
 1.25000e-01
 1.25000e-01
 1.25000e-01
 1.25000e-01
 1.25000e-01
 1.25000e-01
 1.25000e-01
 1.27565e-01
 1.25854e-01
 1.25249e-01
 1.25066e-01
 1.25016e-01
 1.25004e-01
 1.25001e-01
 1.25000e-01
 1.25000e-01
 1.25000e-01
 1.25000e-01
 1.25000e-01
 1.25000e-01
 1.25000e-01
 1.25000e-01
 1.26232e-01
 1.25399e-01
 1.25117e-01
 1.25031e-01
 1.25007e-01
 1.25002e-01
 1.25000e-01
 1.25000e-01
 1.25000e-01
 1.25000e-01
 1.25000e-01
 1.25000e-01
 1.25000e-01
 1.25000e-01
 1.25000e-01
 1.25548e-01
 1.25176e-01
 1.25051e-01
 1.25014e-01
 1.25003e-01
 1.25001e-01
 1.25000e-01
 1.25000e-01
 1.25000e-01
 1.25000e-01
 1.25000e-01
 1.25000e-01
 1.25000e-01
 1.25000e-01
 1.25000e-01
 1.25222e-01
 1.25071e-01
 1.25021e-01
 1.25006e-01
 1.25001e-01
 1.25000e-01
 1.25000e-01
 1.25000e-01
 1.25000e-01
 1.25000e-01
 1.25000e-01
 1.25000e-01
 1.25000e-01
 1.25000e-01
 1.25000e-01
 1.25084e-01
 1.25027e-01
 1.25008e-01
 1.25002e-01
 1.25001e-01
 1.25000e-01
 1.25000e-01
 1.25000e-01
 1.25000e-01
 1.25000e-01
 1.25000e-01
 1.25000e-01
 1.25000e-01
 1.25000e-01
 1.25000e-01
 1.54473e-01
 1.37721e-01
 1.29425e-01
 1.26272e-01
 1.25294e-01
 1.25062e-01
 1.25011e-01
 1.25002e-01
 1.25000e-01
 1.25000e-01
 1.25000e-01
 1.25000e-01
 1.25000e-01
 1.25000e-01
 1.25000e-01
 1.53365e-01
 1.37077e-01
 1.29159e-01
 1.26185e-01
 1.25273e-01
 1.25058e-01
 1.25010e-01
 1.25002e-01
 1.25000e-01
 1.25000e-01
 1.25000e-01
 1.25000e-01
 1.25000e-01
 1.25000e-01
 1.25000e-01
 1.50607e-01
 1.35687e-01
 1.28638e-01
 1.26032e-01
 1.25237e-01
 1.25050e-01
 1.25009e-01
 1.25002e-01
 1.25000e-01
 1.25000e-01
 1.25000e-01
 1.25000e-01
 1.25000e-01
 1.25000e-01
 1.25000e-01
 1.46995e-01
 1.33925e-01
 1.27986e-01
 1.25834e-01
 1.25191e-01
 1.25040e-01
 1.25008e-01
 1.25001e-01
 1.25000e-01
 1.25000e-01
 1.25000e-01
 1.25000e-01
 1.25000e-01
 1.25000e-01
 1.25000e-01
 1.42693e-01
 1.31970e-01
 1.27267e-01
 1.25624e-01
 1.25144e-01
 1.25031e-01
 1.25006e-01
 1.25001e-01
 1.25000e-01
 1.25000e-01
 1.25000e-01
 1.25000e-01
 1.25000e-01
 1.25000e-01
 1.25000e-01
 1.38221e-01
 1.30072e-01
 1.26608e-01
 1.25433e-01
 1.25101e-01
 1.25022e-01
 1.25004e-01
 1.25001e-01
 1.25000e-01
 1.25000e-01
 1.25000e-01
 1.25000e-01
 1.25000e-01
 1.25000e-01
 1.25000e-01
 1.34276e-01
 1.28428e-01
 1.26057e-01
 1.25283e-01
 1.25067e-01
 1.25014e-01
 1.25003e-01
 1.25000e-01
 1.25000e-01
 1.25000e-01
 1.25000e-01
 1.25000e-01
 1.25000e-01
 1.25000e-01
 1.25000e-01
 1.31110e-01
 1.27158e-01
 1.25652e-01
 1.25172e-01
 1.25041e-01
 1.25009e-01
 1.25002e-01
 1.25000e-01
 1.25000e-01
 1.25000e-01
 1.25000e-01
 1.25000e-01
 1.25000e-01
 1.25000e-01
 1.25000e-01
 1.28714e-01
 1.26262e-01
 1.25372e-01
 1.25099e-01
 1.25024e-01
 1.25005e-01
 1.25001e-01
 1.25000e-01
 1.25000e-01
 1.25000e-01
 1.25000e-01
 1.25000e-01
 1.25000e-01
 1.25000e-01
 1.25000e-01
 1.27097e-01
 1.25687e-01
 1.25201e-01
 1.25053e-01
 1.25013e-01
 1.25003e-01
 1.25001e-01
 1.25000e-01
 1.25000e-01
 1.25000e-01
 1.25000e-01
 1.25000e-01
 1.25000e-01
 1.25000e-01
 1.25000e-01
 1.26069e-01
 1.25346e-01
 1.25101e-01
 1.25027e-01
 1.25006e-01
 1.25001e-01
 1.25000e-01
 1.25000e-01
 1.25000e-01
 1.25000e-01
 1.25000e-01
 1.25000e-01
 1.25000e-01
 1.25000e-01
 1.25000e-01
 1.25508e-01
 1.25163e-01
 1.25048e-01
 1.25013e-01
 1.25003e-01
 1.25001e-01
 1.25000e-01
 1.25000e-01
 1.25000e-01
 1.25000e-01
 1.25000e-01
 1.25000e-01
 1.25000e-01
 1.25000e-01
 1.25000e-01
 1.25222e-01
 1.25071e-01
 1.25021e-01
 1.25006e-01
 1.25001e-01
 1.25000e-01
 1.25000e-01
 1.25000e-01
 1.25000e-01
 1.25000e-01
 1.25000e-01
 1.25000e-01
 1.25000e-01
 1.25000e-01
 1.25000e-01
 1.25092e-01
 1.25029e-01
 1.25009e-01
 1.25002e-01
 1.25001e-01
 1.25000e-01
 1.25000e-01
 1.25000e-01
 1.25000e-01
 1.25000e-01
 1.25000e-01
 1.25000e-01
 1.25000e-01
 1.25000e-01
 1.25000e-01
 1.25034e-01
 1.25011e-01
 1.25003e-01
 1.25001e-01
 1.25000e-01
 1.25000e-01
 1.25000e-01
 1.25000e-01
 1.25000e-01
 1.25000e-01
 1.25000e-01
 1.25000e-01
 1.25000e-01
 1.25000e-01
 1.25000e-01
 1.39227e-01
 1.30450e-01
 1.26730e-01
 1.25457e-01
 1.25106e-01
 1.25021e-01
 1.25004e-01
 1.25001e-01
 1.25000e-01
 1.25000e-01
 1.25000e-01
 1.25000e-01
 1.25000e-01
 1.25000e-01
 1.25000e-01
 1.38547e-01
 1.30146e-01
 1.26618e-01
 1.25424e-01
 1.25099e-01
 1.25020e-01
 1.25004e-01
 1.25001e-01
 1.25000e-01
 1.25000e-01
 1.25000e-01
 1.25000e-01
 1.25000e-01
 1.25000e-01
 1.25000e-01
 1.37037e-01
 1.29519e-01
 1.26417e-01
 1.25366e-01
 1.25086e-01
 1.25017e-01
 1.25003e-01
 1.25001e-01
 1.25000e-01
 1.25000e-01
 1.25000e-01
 1.25000e-01
 1.25000e-01
 1.25000e-01
 1.25000e-01
 1.35122e-01
 1.28695e-01
 1.26149e-01
 1.25294e-01
 1.25070e-01
 1.25014e-01
 1.25003e-01
 1.25000e-01
 1.25000e-01
 1.25000e-01
 1.25000e-01
 1.25000e-01
 1.25000e-01
 1.25000e-01
 1.25000e-01
 1.32974e-01
 1.27832e-01
 1.25868e-01
 1.25220e-01
 1.25053e-01
 1.25011e-01
 1.25002e-01
 1.25000e-01
 1.25000e-01
 1.25000e-01
 1.25000e-01
 1.25000e-01
 1.25000e-01
 1.25000e-01
 1.25000e-01
 1.30783e-01
 1.27007e-01
 1.25603e-01
 1.25155e-01
 1.25037e-01
 1.25008e-01
 1.25002e-01
 1.25000e-01
 1.25000e-01
 1.25000e-01
 1.25000e-01
 1.25000e-01
 1.25000e-01
 1.25000e-01
 1.25000e-01
 1.28957e-01
 1.26339e-01
 1.25392e-01
 1.25102e-01
 1.25025e-01
 1.25005e-01
 1.25001e-01
 1.25000e-01
 1.25000e-01
 1.25000e-01
 1.25000e-01
 1.25000e-01
 1.25000e-01
 1.25000e-01
 1.25000e-01
 1.27487e-01
 1.25823e-01
 1.25239e-01
 1.25063e-01
 1.25015e-01
 1.25003e-01
 1.25001e-01
 1.25000e-01
 1.25000e-01
 1.25000e-01
 1.25000e-01
 1.25000e-01
 1.25000e-01
 1.25000e-01
 1.25000e-01
 1.26472e-01
 1.25479e-01
 1.25138e-01
 1.25037e-01
 1.25009e-01
 1.25002e-01
 1.25000e-01
 1.25000e-01
 1.25000e-01
 1.25000e-01
 1.25000e-01
 1.25000e-01
 1.25000e-01
 1.25000e-01
 1.25000e-01
 1.25800e-01
 1.25257e-01
 1.25074e-01
 1.25020e-01
 1.25005e-01
 1.25001e-01
 1.25000e-01
 1.25000e-01
 1.25000e-01
 1.25000e-01
 1.25000e-01
 1.25000e-01
 1.25000e-01
 1.25000e-01
 1.25000e-01
 1.25407e-01
 1.25131e-01
 1.25038e-01
 1.25010e-01
 1.25002e-01
 1.25001e-01
 1.25000e-01
 1.25000e-01
 1.25000e-01
 1.25000e-01
 1.25000e-01
 1.25000e-01
 1.25000e-01
 1.25000e-01
 1.25000e-01
 1.25192e-01
 1.25061e-01
 1.25018e-01
 1.25005e-01
 1.25001e-01
 1.25000e-01
 1.25000e-01
 1.25000e-01
 1.25000e-01
 1.25000e-01
 1.25000e-01
 1.25000e-01
 1.25000e-01
 1.25000e-01
 1.25000e-01
 1.25084e-01
 1.25027e-01
 1.25008e-01
 1.25002e-01
 1.25001e-01
 1.25000e-01
 1.25000e-01
 1.25000e-01
 1.25000e-01
 1.25000e-01
 1.25000e-01
 1.25000e-01
 1.25000e-01
 1.25000e-01
 1.25000e-01
 1.25034e-01
 1.25011e-01
 1.25003e-01
 1.25001e-01
 1.25000e-01
 1.25000e-01
 1.25000e-01
 1.25000e-01
 1.25000e-01
 1.25000e-01
 1.25000e-01
 1.25000e-01
 1.25000e-01
 1.25000e-01
 1.25000e-01
 1.25013e-01
 1.25004e-01
 1.25001e-01
 1.25000e-01
 1.25000e-01
 1.25000e-01
 1.25000e-01
 1.25000e-01
 1.25000e-01
 1.25000e-01
 1.25000e-01
 1.25000e-01
 1.25000e-01
 1.25000e-01
 1.25000e-01
 1.30859e-01
 1.27022e-01
 1.25607e-01
 1.25152e-01
 1.25035e-01
 1.25007e-01
 1.25001e-01
 1.25000e-01
 1.25000e-01
 1.25000e-01
 1.25000e-01
 1.25000e-01
 1.25000e-01
 1.25000e-01
 1.25000e-01
 1.30534e-01
 1.26901e-01
 1.25561e-01
 1.25142e-01
 1.25032e-01
 1.25007e-01
 1.25001e-01
 1.25000e-01
 1.25000e-01
 1.25000e-01
 1.25000e-01
 1.25000e-01
 1.25000e-01
 1.25000e-01
 1.25000e-01
 1.29827e-01
 1.26657e-01
 1.25481e-01
 1.25123e-01
 1.25028e-01
 1.25006e-01
 1.25001e-01
 1.25000e-01
 1.25000e-01
 1.25000e-01
 1.25000e-01
 1.25000e-01
 1.25000e-01
 1.25000e-01
 1.25000e-01
 1.28982e-01
 1.26350e-01
 1.25384e-01
 1.25100e-01
 1.25023e-01
 1.25005e-01
 1.25001e-01
 1.25000e-01
 1.25000e-01
 1.25000e-01
 1.25000e-01
 1.25000e-01
 1.25000e-01
 1.25000e-01
 1.25000e-01
 1.28046e-01
 1.26021e-01
 1.25286e-01
 1.25076e-01
 1.25017e-01
 1.25004e-01
 1.25001e-01
 1.25000e-01
 1.25000e-01
 1.25000e-01
 1.25000e-01
 1.25000e-01
 1.25000e-01
 1.25000e-01
 1.25000e-01
 1.27167e-01
 1.25711e-01
 1.25200e-01
 1.25054e-01
 1.25012e-01
 1.25003e-01
 1.25001e-01
 1.25000e-01
 1.25000e-01
 1.25000e-01
 1.25000e-01
 1.25000e-01
 1.25000e-01
 1.25000e-01
 1.25000e-01
 1.26439e-01
 1.25463e-01
 1.25131e-01
 1.25035e-01
 1.25008e-01
 1.25002e-01
 1.25000e-01
 1.25000e-01
 1.25000e-01
 1.25000e-01
 1.25000e-01
 1.25000e-01
 1.25000e-01
 1.25000e-01
 1.25000e-01
 1.25895e-01
 1.25281e-01
 1.25082e-01
 1.25022e-01
 1.25005e-01
 1.25001e-01
 1.25000e-01
 1.25000e-01
 1.25000e-01
 1.25000e-01
 1.25000e-01
 1.25000e-01
 1.25000e-01
 1.25000e-01
 1.25000e-01
 1.25515e-01
 1.25162e-01
 1.25048e-01
 1.25013e-01
 1.25003e-01
 1.25001e-01
 1.25000e-01
 1.25000e-01
 1.25000e-01
 1.25000e-01
 1.25000e-01
 1.25000e-01
 1.25000e-01
 1.25000e-01
 1.25000e-01
 1.25281e-01
 1.25088e-01
 1.25026e-01
 1.25007e-01
 1.25002e-01
 1.25000e-01
 1.25000e-01
 1.25000e-01
 1.25000e-01
 1.25000e-01
 1.25000e-01
 1.25000e-01
 1.25000e-01
 1.25000e-01
 1.25000e-01
 1.25141e-01
 1.25045e-01
 1.25013e-01
 1.25004e-01
 1.25001e-01
 1.25000e-01
 1.25000e-01
 1.25000e-01
 1.25000e-01
 1.25000e-01
 1.25000e-01
 1.25000e-01
 1.25000e-01
 1.25000e-01
 1.25000e-01
 1.25067e-01
 1.25022e-01
 1.25006e-01
 1.25002e-01
 1.25000e-01
 1.25000e-01
 1.25000e-01
 1.25000e-01
 1.25000e-01
 1.25000e-01
 1.25000e-01
 1.25000e-01
 1.25000e-01
 1.25000e-01
 1.25000e-01
 1.25029e-01
 1.25010e-01
 1.25003e-01
 1.25001e-01
 1.25000e-01
 1.25000e-01
 1.25000e-01
 1.25000e-01
 1.25000e-01
 1.25000e-01
 1.25000e-01
 1.25000e-01
 1.25000e-01
 1.25000e-01
 1.25000e-01
 1.25012e-01
 1.25004e-01
 1.25001e-01
 1.25000e-01
 1.25000e-01
 1.25000e-01
 1.25000e-01
 1.25000e-01
 1.25000e-01
 1.25000e-01
 1.25000e-01
 1.25000e-01
 1.25000e-01
 1.25000e-01
 1.25000e-01
 1.25005e-01
 1.25002e-01
 1.25000e-01
 1.25000e-01
 1.25000e-01
 1.25000e-01
 1.25000e-01
 1.25000e-01
 1.25000e-01
 1.25000e-01
 1.25000e-01
 1.25000e-01
 1.25000e-01
 1.25000e-01
 1.25000e-01
 1.27024e-01
 1.25667e-01
 1.25183e-01
 1.25049e-01
 1.25011e-01
 1.25002e-01
 1.25000e-01
 1.25000e-01
 1.25000e-01
 1.25000e-01
 1.25000e-01
 1.25000e-01
 1.25000e-01
 1.25000e-01
 1.25000e-01
 1.26899e-01
 1.25618e-01
 1.25171e-01
 1.25045e-01
 1.25010e-01
 1.25002e-01
 1.25000e-01
 1.25000e-01
 1.25000e-01
 1.25000e-01
 1.25000e-01
 1.25000e-01
 1.25000e-01
 1.25000e-01
 1.25000e-01
 1.26657e-01
 1.25530e-01
 1.25149e-01
 1.25039e-01
 1.25009e-01
 1.25002e-01
 1.25000e-01
 1.25000e-01
 1.25000e-01
 1.25000e-01
 1.25000e-01
 1.25000e-01
 1.25000e-01
 1.25000e-01
 1.25000e-01
 1.26350e-01
 1.25422e-01
 1.25120e-01
 1.25031e-01
 1.25007e-01
 1.25002e-01
 1.25000e-01
 1.25000e-01
 1.25000e-01
 1.25000e-01
 1.25000e-01
 1.25000e-01
 1.25000e-01
 1.25000e-01
 1.25000e-01
 1.26021e-01
 1.25313e-01
 1.25091e-01
 1.25023e-01
 1.25006e-01
 1.25001e-01
 1.25000e-01
 1.25000e-01
 1.25000e-01
 1.25000e-01
 1.25000e-01
 1.25000e-01
 1.25000e-01
 1.25000e-01
 1.25000e-01
 1.25711e-01
 1.25217e-01
 1.25064e-01
 1.25016e-01
 1.25004e-01
 1.25001e-01
 1.25000e-01
 1.25000e-01
 1.25000e-01
 1.25000e-01
 1.25000e-01
 1.25000e-01
 1.25000e-01
 1.25000e-01
 1.25000e-01
 1.25463e-01
 1.25143e-01
 1.25042e-01
 1.25011e-01
 1.25003e-01
 1.25001e-01
 1.25000e-01
 1.25000e-01
 1.25000e-01
 1.25000e-01
 1.25000e-01
 1.25000e-01
 1.25000e-01
 1.25000e-01
 1.25000e-01
 1.25281e-01
 1.25088e-01
 1.25026e-01
 1.25007e-01
 1.25002e-01
 1.25000e-01
 1.25000e-01
 1.25000e-01
 1.25000e-01
 1.25000e-01
 1.25000e-01
 1.25000e-01
 1.25000e-01
 1.25000e-01
 1.25000e-01
 1.25162e-01
 1.25052e-01
 1.25015e-01
 1.25004e-01
 1.25001e-01
 1.25000e-01
 1.25000e-01
 1.25000e-01
 1.25000e-01
 1.25000e-01
 1.25000e-01
 1.25000e-01
 1.25000e-01
 1.25000e-01
 1.25000e-01
 1.25088e-01
 1.25028e-01
 1.25008e-01
 1.25002e-01
 1.25001e-01
 1.25000e-01
 1.25000e-01
 1.25000e-01
 1.25000e-01
 1.25000e-01
 1.25000e-01
 1.25000e-01
 1.25000e-01
 1.25000e-01
 1.25000e-01
 1.25045e-01
 1.25015e-01
 1.25004e-01
 1.25001e-01
 1.25000e-01
 1.25000e-01
 1.25000e-01
 1.25000e-01
 1.25000e-01
 1.25000e-01
 1.25000e-01
 1.25000e-01
 1.25000e-01
 1.25000e-01
 1.25000e-01
 1.25022e-01
 1.25007e-01
 1.25002e-01
 1.25001e-01
 1.25000e-01
 1.25000e-01
 1.25000e-01
 1.25000e-01
 1.25000e-01
 1.25000e-01
 1.25000e-01
 1.25000e-01
 1.25000e-01
 1.25000e-01
 1.25000e-01
 1.25010e-01
 1.25003e-01
 1.25001e-01
 1.25000e-01
 1.25000e-01
 1.25000e-01
 1.25000e-01
 1.25000e-01
 1.25000e-01
 1.25000e-01
 1.25000e-01
 1.25000e-01
 1.25000e-01
 1.25000e-01
 1.25000e-01
 1.25004e-01
 1.25001e-01
 1.25000e-01
 1.25000e-01
 1.25000e-01
 1.25000e-01
 1.25000e-01
 1.25000e-01
 1.25000e-01
 1.25000e-01
 1.25000e-01
 1.25000e-01
 1.25000e-01
 1.25000e-01
 1.25000e-01
 1.25002e-01
 1.25001e-01
 1.25000e-01
 1.25000e-01
 1.25000e-01
 1.25000e-01
 1.25000e-01
 1.25000e-01
 1.25000e-01
 1.25000e-01
 1.25000e-01
 1.25000e-01
 1.25000e-01
 1.25000e-01
 1.25000e-01
 1.25603e-01
 1.25183e-01
 1.25054e-01
 1.25013e-01
 1.25003e-01
 1.25001e-01
 1.25000e-01
 1.25000e-01
 1.25000e-01
 1.25000e-01
 1.25000e-01
 1.25000e-01
 1.25000e-01
 1.25000e-01
 1.25000e-01
 1.25558e-01
 1.25171e-01
 1.25050e-01
 1.25012e-01
 1.25003e-01
 1.25001e-01
 1.25000e-01
 1.25000e-01
 1.25000e-01
 1.25000e-01
 1.25000e-01
 1.25000e-01
 1.25000e-01
 1.25000e-01
 1.25000e-01
 1.25481e-01
 1.25149e-01
 1.25043e-01
 1.25011e-01
 1.25003e-01
 1.25001e-01
 1.25000e-01
 1.25000e-01
 1.25000e-01
 1.25000e-01
 1.25000e-01
 1.25000e-01
 1.25000e-01
 1.25000e-01
 1.25000e-01
 1.25384e-01
 1.25120e-01
 1.25034e-01
 1.25009e-01
 1.25002e-01
 1.25000e-01
 1.25000e-01
 1.25000e-01
 1.25000e-01
 1.25000e-01
 1.25000e-01
 1.25000e-01
 1.25000e-01
 1.25000e-01
 1.25000e-01
 1.25286e-01
 1.25091e-01
 1.25025e-01
 1.25007e-01
 1.25002e-01
 1.25000e-01
 1.25000e-01
 1.25000e-01
 1.25000e-01
 1.25000e-01
 1.25000e-01
 1.25000e-01
 1.25000e-01
 1.25000e-01
 1.25000e-01
 1.25200e-01
 1.25064e-01
 1.25018e-01
 1.25005e-01
 1.25001e-01
 1.25000e-01
 1.25000e-01
 1.25000e-01
 1.25000e-01
 1.25000e-01
 1.25000e-01
 1.25000e-01
 1.25000e-01
 1.25000e-01
 1.25000e-01
 1.25131e-01
 1.25042e-01
 1.25012e-01
 1.25003e-01
 1.25001e-01
 1.25000e-01
 1.25000e-01
 1.25000e-01
 1.25000e-01
 1.25000e-01
 1.25000e-01
 1.25000e-01
 1.25000e-01
 1.25000e-01
 1.25000e-01
 1.25082e-01
 1.25026e-01
 1.25007e-01
 1.25002e-01
 1.25000e-01
 1.25000e-01
 1.25000e-01
 1.25000e-01
 1.25000e-01
 1.25000e-01
 1.25000e-01
 1.25000e-01
 1.25000e-01
 1.25000e-01
 1.25000e-01
 1.25048e-01
 1.25015e-01
 1.25004e-01
 1.25001e-01
 1.25000e-01
 1.25000e-01
 1.25000e-01
 1.25000e-01
 1.25000e-01
 1.25000e-01
 1.25000e-01
 1.25000e-01
 1.25000e-01
 1.25000e-01
 1.25000e-01
 1.25026e-01
 1.25008e-01
 1.25002e-01
 1.25001e-01
 1.25000e-01
 1.25000e-01
 1.25000e-01
 1.25000e-01
 1.25000e-01
 1.25000e-01
 1.25000e-01
 1.25000e-01
 1.25000e-01
 1.25000e-01
 1.25000e-01
 1.25013e-01
 1.25004e-01
 1.25001e-01
 1.25000e-01
 1.25000e-01
 1.25000e-01
 1.25000e-01
 1.25000e-01
 1.25000e-01
 1.25000e-01
 1.25000e-01
 1.25000e-01
 1.25000e-01
 1.25000e-01
 1.25000e-01
 1.25006e-01
 1.25002e-01
 1.25001e-01
 1.25000e-01
 1.25000e-01
 1.25000e-01
 1.25000e-01
 1.25000e-01
 1.25000e-01
 1.25000e-01
 1.25000e-01
 1.25000e-01
 1.25000e-01
 1.25000e-01
 1.25000e-01
 1.25003e-01
 1.25001e-01
 1.25000e-01
 1.25000e-01
 1.25000e-01
 1.25000e-01
 1.25000e-01
 1.25000e-01
 1.25000e-01
 1.25000e-01
 1.25000e-01
 1.25000e-01
 1.25000e-01
 1.25000e-01
 1.25000e-01
 1.25001e-01
 1.25000e-01
 1.25000e-01
 1.25000e-01
 1.25000e-01
 1.25000e-01
 1.25000e-01
 1.25000e-01
 1.25000e-01
 1.25000e-01
 1.25000e-01
 1.25000e-01
 1.25000e-01
 1.25000e-01
 1.25000e-01
 1.25000e-01
 1.25000e-01
 1.25000e-01
 1.25000e-01
 1.25000e-01
 1.25000e-01
 1.25000e-01
 1.25000e-01
 1.25000e-01
 1.25000e-01
 1.25000e-01
 1.25000e-01
 1.25000e-01
 1.25000e-01
 1.25000e-01
 1.25152e-01
 1.25048e-01
 1.25013e-01
 1.25004e-01
 1.25001e-01
 1.25000e-01
 1.25000e-01
 1.25000e-01
 1.25000e-01
 1.25000e-01
 1.25000e-01
 1.25000e-01
 1.25000e-01
 1.25000e-01
 1.25000e-01
 1.25142e-01
 1.25045e-01
 1.25012e-01
 1.25004e-01
 1.25001e-01
 1.25000e-01
 1.25000e-01
 1.25000e-01
 1.25000e-01
 1.25000e-01
 1.25000e-01
 1.25000e-01
 1.25000e-01
 1.25000e-01
 1.25000e-01
 1.25123e-01
 1.25039e-01
 1.25011e-01
 1.25003e-01
 1.25001e-01
 1.25000e-01
 1.25000e-01
 1.25000e-01
 1.25000e-01
 1.25000e-01
 1.25000e-01
 1.25000e-01
 1.25000e-01
 1.25000e-01
 1.25000e-01
 1.25100e-01
 1.25031e-01
 1.25009e-01
 1.25002e-01
 1.25001e-01
 1.25000e-01
 1.25000e-01
 1.25000e-01
 1.25000e-01
 1.25000e-01
 1.25000e-01
 1.25000e-01
 1.25000e-01
 1.25000e-01
 1.25000e-01
 1.25076e-01
 1.25023e-01
 1.25007e-01
 1.25002e-01
 1.25000e-01
 1.25000e-01
 1.25000e-01
 1.25000e-01
 1.25000e-01
 1.25000e-01
 1.25000e-01
 1.25000e-01
 1.25000e-01
 1.25000e-01
 1.25000e-01
 1.25054e-01
 1.25016e-01
 1.25005e-01
 1.25001e-01
 1.25000e-01
 1.25000e-01
 1.25000e-01
 1.25000e-01
 1.25000e-01
 1.25000e-01
 1.25000e-01
 1.25000e-01
 1.25000e-01
 1.25000e-01
 1.25000e-01
 1.25035e-01
 1.25011e-01
 1.25003e-01
 1.25001e-01
 1.25000e-01
 1.25000e-01
 1.25000e-01
 1.25000e-01
 1.25000e-01
 1.25000e-01
 1.25000e-01
 1.25000e-01
 1.25000e-01
 1.25000e-01
 1.25000e-01
 1.25022e-01
 1.25007e-01
 1.25002e-01
 1.25001e-01
 1.25000e-01
 1.25000e-01
 1.25000e-01
 1.25000e-01
 1.25000e-01
 1.25000e-01
 1.25000e-01
 1.25000e-01
 1.25000e-01
 1.25000e-01
 1.25000e-01
 1.25013e-01
 1.25004e-01
 1.25001e-01
 1.25000e-01
 1.25000e-01
 1.25000e-01
 1.25000e-01
 1.25000e-01
 1.25000e-01
 1.25000e-01
 1.25000e-01
 1.25000e-01
 1.25000e-01
 1.25000e-01
 1.25000e-01
 1.25007e-01
 1.25002e-01
 1.25001e-01
 1.25000e-01
 1.25000e-01
 1.25000e-01
 1.25000e-01
 1.25000e-01
 1.25000e-01
 1.25000e-01
 1.25000e-01
 1.25000e-01
 1.25000e-01
 1.25000e-01
 1.25000e-01
 1.25004e-01
 1.25001e-01
 1.25000e-01
 1.25000e-01
 1.25000e-01
 1.25000e-01
 1.25000e-01
 1.25000e-01
 1.25000e-01
 1.25000e-01
 1.25000e-01
 1.25000e-01
 1.25000e-01
 1.25000e-01
 1.25000e-01
 1.25002e-01
 1.25001e-01
 1.25000e-01
 1.25000e-01
 1.25000e-01
 1.25000e-01
 1.25000e-01
 1.25000e-01
 1.25000e-01
 1.25000e-01
 1.25000e-01
 1.25000e-01
 1.25000e-01
 1.25000e-01
 1.25000e-01
 1.25001e-01
 1.25000e-01
 1.25000e-01
 1.25000e-01
 1.25000e-01
 1.25000e-01
 1.25000e-01
 1.25000e-01
 1.25000e-01
 1.25000e-01
 1.25000e-01
 1.25000e-01
 1.25000e-01
 1.25000e-01
 1.25000e-01
 1.25000e-01
 1.25000e-01
 1.25000e-01
 1.25000e-01
 1.25000e-01
 1.25000e-01
 1.25000e-01
 1.25000e-01
 1.25000e-01
 1.25000e-01
 1.25000e-01
 1.25000e-01
 1.25000e-01
 1.25000e-01
 1.25000e-01
 1.25000e-01
 1.25000e-01
 1.25000e-01
 1.25000e-01
 1.25000e-01
 1.25000e-01
 1.25000e-01
 1.25000e-01
 1.25000e-01
 1.25000e-01
 1.25000e-01
 1.25000e-01
 1.25000e-01
 1.25000e-01
 1.25000e-01
 1.25035e-01
 1.25011e-01
 1.25003e-01
 1.25001e-01
 1.25000e-01
 1.25000e-01
 1.25000e-01
 1.25000e-01
 1.25000e-01
 1.25000e-01
 1.25000e-01
 1.25000e-01
 1.25000e-01
 1.25000e-01
 1.25000e-01
 1.25032e-01
 1.25010e-01
 1.25003e-01
 1.25001e-01
 1.25000e-01
 1.25000e-01
 1.25000e-01
 1.25000e-01
 1.25000e-01
 1.25000e-01
 1.25000e-01
 1.25000e-01
 1.25000e-01
 1.25000e-01
 1.25000e-01
 1.25028e-01
 1.25009e-01
 1.25003e-01
 1.25001e-01
 1.25000e-01
 1.25000e-01
 1.25000e-01
 1.25000e-01
 1.25000e-01
 1.25000e-01
 1.25000e-01
 1.25000e-01
 1.25000e-01
 1.25000e-01
 1.25000e-01
 1.25023e-01
 1.25007e-01
 1.25002e-01
 1.25001e-01
 1.25000e-01
 1.25000e-01
 1.25000e-01
 1.25000e-01
 1.25000e-01
 1.25000e-01
 1.25000e-01
 1.25000e-01
 1.25000e-01
 1.25000e-01
 1.25000e-01
 1.25017e-01
 1.25006e-01
 1.25002e-01
 1.25000e-01
 1.25000e-01
 1.25000e-01
 1.25000e-01
 1.25000e-01
 1.25000e-01
 1.25000e-01
 1.25000e-01
 1.25000e-01
 1.25000e-01
 1.25000e-01
 1.25000e-01
 1.25012e-01
 1.25004e-01
 1.25001e-01
 1.25000e-01
 1.25000e-01
 1.25000e-01
 1.25000e-01
 1.25000e-01
 1.25000e-01
 1.25000e-01
 1.25000e-01
 1.25000e-01
 1.25000e-01
 1.25000e-01
 1.25000e-01
 1.25008e-01
 1.25003e-01
 1.25001e-01
 1.25000e-01
 1.25000e-01
 1.25000e-01
 1.25000e-01
 1.25000e-01
 1.25000e-01
 1.25000e-01
 1.25000e-01
 1.25000e-01
 1.25000e-01
 1.25000e-01
 1.25000e-01
 1.25005e-01
 1.25002e-01
 1.25000e-01
 1.25000e-01
 1.25000e-01
 1.25000e-01
 1.25000e-01
 1.25000e-01
 1.25000e-01
 1.25000e-01
 1.25000e-01
 1.25000e-01
 1.25000e-01
 1.25000e-01
 1.25000e-01
 1.25003e-01
 1.25001e-01
 1.25000e-01
 1.25000e-01
 1.25000e-01
 1.25000e-01
 1.25000e-01
 1.25000e-01
 1.25000e-01
 1.25000e-01
 1.25000e-01
 1.25000e-01
 1.25000e-01
 1.25000e-01
 1.25000e-01
 1.25002e-01
 1.25001e-01
 1.25000e-01
 1.25000e-01
 1.25000e-01
 1.25000e-01
 1.25000e-01
 1.25000e-01
 1.25000e-01
 1.25000e-01
 1.25000e-01
 1.25000e-01
 1.25000e-01
 1.25000e-01
 1.25000e-01
 1.25001e-01
 1.25000e-01
 1.25000e-01
 1.25000e-01
 1.25000e-01
 1.25000e-01
 1.25000e-01
 1.25000e-01
 1.25000e-01
 1.25000e-01
 1.25000e-01
 1.25000e-01
 1.25000e-01
 1.25000e-01
 1.25000e-01
 1.25000e-01
 1.25000e-01
 1.25000e-01
 1.25000e-01
 1.25000e-01
 1.25000e-01
 1.25000e-01
 1.25000e-01
 1.25000e-01
 1.25000e-01
 1.25000e-01
 1.25000e-01
 1.25000e-01
 1.25000e-01
 1.25000e-01
 1.25000e-01
 1.25000e-01
 1.25000e-01
 1.25000e-01
 1.25000e-01
 1.25000e-01
 1.25000e-01
 1.25000e-01
 1.25000e-01
 1.25000e-01
 1.25000e-01
 1.25000e-01
 1.25000e-01
 1.25000e-01
 1.25000e-01
 1.25000e-01
 1.25000e-01
 1.25000e-01
 1.25000e-01
 1.25000e-01
 1.25000e-01
 1.25000e-01
 1.25000e-01
 1.25000e-01
 1.25000e-01
 1.25000e-01
 1.25000e-01
 1.25000e-01
 1.25000e-01
 1.25000e-01
 1.25000e-01
 1.25000e-01
 1.25000e-01
 1.25000e-01
 1.25000e-01
 1.25000e-01
 1.25000e-01
 1.25000e-01
 1.25000e-01
 1.25000e-01
 1.25000e-01
 1.25000e-01
 1.25000e-01
 1.25000e-01
 1.25000e-01
 1.25007e-01
 1.25002e-01
 1.25001e-01
 1.25000e-01
 1.25000e-01
 1.25000e-01
 1.25000e-01
 1.25000e-01
 1.25000e-01
 1.25000e-01
 1.25000e-01
 1.25000e-01
 1.25000e-01
 1.25000e-01
 1.25000e-01
 1.25007e-01
 1.25002e-01
 1.25001e-01
 1.25000e-01
 1.25000e-01
 1.25000e-01
 1.25000e-01
 1.25000e-01
 1.25000e-01
 1.25000e-01
 1.25000e-01
 1.25000e-01
 1.25000e-01
 1.25000e-01
 1.25000e-01
 1.25006e-01
 1.25002e-01
 1.25001e-01
 1.25000e-01
 1.25000e-01
 1.25000e-01
 1.25000e-01
 1.25000e-01
 1.25000e-01
 1.25000e-01
 1.25000e-01
 1.25000e-01
 1.25000e-01
 1.25000e-01
 1.25000e-01
 1.25005e-01
 1.25002e-01
 1.25000e-01
 1.25000e-01
 1.25000e-01
 1.25000e-01
 1.25000e-01
 1.25000e-01
 1.25000e-01
 1.25000e-01
 1.25000e-01
 1.25000e-01
 1.25000e-01
 1.25000e-01
 1.25000e-01
 1.25004e-01
 1.25001e-01
 1.25000e-01
 1.25000e-01
 1.25000e-01
 1.25000e-01
 1.25000e-01
 1.25000e-01
 1.25000e-01
 1.25000e-01
 1.25000e-01
 1.25000e-01
 1.25000e-01
 1.25000e-01
 1.25000e-01
 1.25003e-01
 1.25001e-01
 1.25000e-01
 1.25000e-01
 1.25000e-01
 1.25000e-01
 1.25000e-01
 1.25000e-01
 1.25000e-01
 1.25000e-01
 1.25000e-01
 1.25000e-01
 1.25000e-01
 1.25000e-01
 1.25000e-01
 1.25002e-01
 1.25001e-01
 1.25000e-01
 1.25000e-01
 1.25000e-01
 1.25000e-01
 1.25000e-01
 1.25000e-01
 1.25000e-01
 1.25000e-01
 1.25000e-01
 1.25000e-01
 1.25000e-01
 1.25000e-01
 1.25000e-01
 1.25001e-01
 1.25000e-01
 1.25000e-01
 1.25000e-01
 1.25000e-01
 1.25000e-01
 1.25000e-01
 1.25000e-01
 1.25000e-01
 1.25000e-01
 1.25000e-01
 1.25000e-01
 1.25000e-01
 1.25000e-01
 1.25000e-01
 1.25001e-01
 1.25000e-01
 1.25000e-01
 1.25000e-01
 1.25000e-01
 1.25000e-01
 1.25000e-01
 1.25000e-01
 1.25000e-01
 1.25000e-01
 1.25000e-01
 1.25000e-01
 1.25000e-01
 1.25000e-01
 1.25000e-01
 1.25000e-01
 1.25000e-01
 1.25000e-01
 1.25000e-01
 1.25000e-01
 1.25000e-01
 1.25000e-01
 1.25000e-01
 1.25000e-01
 1.25000e-01
 1.25000e-01
 1.25000e-01
 1.25000e-01
 1.25000e-01
 1.25000e-01
 1.25000e-01
 1.25000e-01
 1.25000e-01
 1.25000e-01
 1.25000e-01
 1.25000e-01
 1.25000e-01
 1.25000e-01
 1.25000e-01
 1.25000e-01
 1.25000e-01
 1.25000e-01
 1.25000e-01
 1.25000e-01
 1.25000e-01
 1.25000e-01
 1.25000e-01
 1.25000e-01
 1.25000e-01
 1.25000e-01
 1.25000e-01
 1.25000e-01
 1.25000e-01
 1.25000e-01
 1.25000e-01
 1.25000e-01
 1.25000e-01
 1.25000e-01
 1.25000e-01
 1.25000e-01
 1.25000e-01
 1.25000e-01
 1.25000e-01
 1.25000e-01
 1.25000e-01
 1.25000e-01
 1.25000e-01
 1.25000e-01
 1.25000e-01
 1.25000e-01
 1.25000e-01
 1.25000e-01
 1.25000e-01
 1.25000e-01
 1.25000e-01
 1.25000e-01
 1.25000e-01
 1.25000e-01
 1.25000e-01
 1.25000e-01
 1.25000e-01
 1.25000e-01
 1.25000e-01
 1.25000e-01
 1.25000e-01
 1.25000e-01
 1.25000e-01
 1.25000e-01
 1.25000e-01
 1.25000e-01
 1.25000e-01
 1.25000e-01
 1.25000e-01
 1.25000e-01
 1.25000e-01
 1.25000e-01
 1.25000e-01
 1.25000e-01
 1.25000e-01
 1.25000e-01
 1.25000e-01
 1.25000e-01
 1.25000e-01
 1.25000e-01
 1.25000e-01
 1.25001e-01
 1.25000e-01
 1.25000e-01
 1.25000e-01
 1.25000e-01
 1.25000e-01
 1.25000e-01
 1.25000e-01
 1.25000e-01
 1.25000e-01
 1.25000e-01
 1.25000e-01
 1.25000e-01
 1.25000e-01
 1.25000e-01
 1.25001e-01
 1.25000e-01
 1.25000e-01
 1.25000e-01
 1.25000e-01
 1.25000e-01
 1.25000e-01
 1.25000e-01
 1.25000e-01
 1.25000e-01
 1.25000e-01
 1.25000e-01
 1.25000e-01
 1.25000e-01
 1.25000e-01
 1.25001e-01
 1.25000e-01
 1.25000e-01
 1.25000e-01
 1.25000e-01
 1.25000e-01
 1.25000e-01
 1.25000e-01
 1.25000e-01
 1.25000e-01
 1.25000e-01
 1.25000e-01
 1.25000e-01
 1.25000e-01
 1.25000e-01
 1.25001e-01
 1.25000e-01
 1.25000e-01
 1.25000e-01
 1.25000e-01
 1.25000e-01
 1.25000e-01
 1.25000e-01
 1.25000e-01
 1.25000e-01
 1.25000e-01
 1.25000e-01
 1.25000e-01
 1.25000e-01
 1.25000e-01
 1.25001e-01
 1.25000e-01
 1.25000e-01
 1.25000e-01
 1.25000e-01
 1.25000e-01
 1.25000e-01
 1.25000e-01
 1.25000e-01
 1.25000e-01
 1.25000e-01
 1.25000e-01
 1.25000e-01
 1.25000e-01
 1.25000e-01
 1.25001e-01
 1.25000e-01
 1.25000e-01
 1.25000e-01
 1.25000e-01
 1.25000e-01
 1.25000e-01
 1.25000e-01
 1.25000e-01
 1.25000e-01
 1.25000e-01
 1.25000e-01
 1.25000e-01
 1.25000e-01
 1.25000e-01
 1.25000e-01
 1.25000e-01
 1.25000e-01
 1.25000e-01
 1.25000e-01
 1.25000e-01
 1.25000e-01
 1.25000e-01
 1.25000e-01
 1.25000e-01
 1.25000e-01
 1.25000e-01
 1.25000e-01
 1.25000e-01
 1.25000e-01
 1.25000e-01
 1.25000e-01
 1.25000e-01
 1.25000e-01
 1.25000e-01
 1.25000e-01
 1.25000e-01
 1.25000e-01
 1.25000e-01
 1.25000e-01
 1.25000e-01
 1.25000e-01
 1.25000e-01
 1.25000e-01
 1.25000e-01
 1.25000e-01
 1.25000e-01
 1.25000e-01
 1.25000e-01
 1.25000e-01
 1.25000e-01
 1.25000e-01
 1.25000e-01
 1.25000e-01
 1.25000e-01
 1.25000e-01
 1.25000e-01
 1.25000e-01
 1.25000e-01
 1.25000e-01
 1.25000e-01
 1.25000e-01
 1.25000e-01
 1.25000e-01
 1.25000e-01
 1.25000e-01
 1.25000e-01
 1.25000e-01
 1.25000e-01
 1.25000e-01
 1.25000e-01
 1.25000e-01
 1.25000e-01
 1.25000e-01
 1.25000e-01
 1.25000e-01
 1.25000e-01
 1.25000e-01
 1.25000e-01
 1.25000e-01
 1.25000e-01
 1.25000e-01
 1.25000e-01
 1.25000e-01
 1.25000e-01
 1.25000e-01
 1.25000e-01
 1.25000e-01
 1.25000e-01
 1.25000e-01
 1.25000e-01
 1.25000e-01
 1.25000e-01
 1.25000e-01
 1.25000e-01
 1.25000e-01
 1.25000e-01
 1.25000e-01
 1.25000e-01
 1.25000e-01
 1.25000e-01
 1.25000e-01
 1.25000e-01
 1.25000e-01
 1.25000e-01
 1.25000e-01
 1.25000e-01
 1.25000e-01
 1.25000e-01
 1.25000e-01
 1.25000e-01
 1.25000e-01
 1.25000e-01
 1.25000e-01
 1.25000e-01
 1.25000e-01
 1.25000e-01
 1.25000e-01
 1.25000e-01
 1.25000e-01
 1.25000e-01
 1.25000e-01
 1.25000e-01
 1.25000e-01
 1.25000e-01
 1.25000e-01
 1.25000e-01
 1.25000e-01
 1.25000e-01
 1.25000e-01
 1.25000e-01
 1.25000e-01
 1.25000e-01
 1.25000e-01
 1.25000e-01
 1.25000e-01
 1.25000e-01
 1.25000e-01
 1.25000e-01
 1.25000e-01
 1.25000e-01
 1.25000e-01
 1.25000e-01
 1.25000e-01
 1.25000e-01
 1.25000e-01
 1.25000e-01
 1.25000e-01
 1.25000e-01
 1.25000e-01
 1.25000e-01
 1.25000e-01
 1.25000e-01
 1.25000e-01
 1.25000e-01
 1.25000e-01
 1.25000e-01
 1.25000e-01
 1.25000e-01
 1.25000e-01
 1.25000e-01
 1.25000e-01
 1.25000e-01
 1.25000e-01
 1.25000e-01
 1.25000e-01
 1.25000e-01
 1.25000e-01
 1.25000e-01
 1.25000e-01
 1.25000e-01
 1.25000e-01
 1.25000e-01
 1.25000e-01
 1.25000e-01
 1.25000e-01
 1.25000e-01
 1.25000e-01
 1.25000e-01
 1.25000e-01
 1.25000e-01
 1.25000e-01
 1.25000e-01
 1.25000e-01
 1.25000e-01
 1.25000e-01
 1.25000e-01
 1.25000e-01
 1.25000e-01
 1.25000e-01
 1.25000e-01
 1.25000e-01
 1.25000e-01
 1.25000e-01
 1.25000e-01
 1.25000e-01
 1.25000e-01
 1.25000e-01
 1.25000e-01
 1.25000e-01
 1.25000e-01
 1.25000e-01
 1.25000e-01
 1.25000e-01
 1.25000e-01
 1.25000e-01
 1.25000e-01
 1.25000e-01
 1.25000e-01
 1.25000e-01
 1.25000e-01
 1.25000e-01
 1.25000e-01
 1.25000e-01
 1.25000e-01
 1.25000e-01
 1.25000e-01
 1.25000e-01
 1.25000e-01
 1.25000e-01
 1.25000e-01
 1.25000e-01
 1.25000e-01
 1.25000e-01
 1.25000e-01
 1.25000e-01
 1.25000e-01
 1.25000e-01
 1.25000e-01
 1.25000e-01
 1.25000e-01
 1.25000e-01
 1.25000e-01
 1.25000e-01
 1.25000e-01
 1.25000e-01
 1.25000e-01
 1.25000e-01
 1.25000e-01
 1.25000e-01
 1.25000e-01
 1.25000e-01
 1.25000e-01
 1.25000e-01
 1.25000e-01
 1.25000e-01
 1.25000e-01
 1.25000e-01
 1.25000e-01
 1.25000e-01
 1.25000e-01
 1.25000e-01
 1.25000e-01
 1.25000e-01
 1.25000e-01
 1.25000e-01
 1.25000e-01
 1.25000e-01
 1.25000e-01
 1.25000e-01
 1.25000e-01
 1.25000e-01
 1.25000e-01
 1.25000e-01
 1.25000e-01
 1.25000e-01
 1.25000e-01
 1.25000e-01
 1.25000e-01
 1.25000e-01
 1.25000e-01
 1.25000e-01
 1.25000e-01
 1.25000e-01
 1.25000e-01
 1.25000e-01
 1.25000e-01
 1.25000e-01
 1.25000e-01
 1.25000e-01
 1.25000e-01
 1.25000e-01
 1.25000e-01
 1.25000e-01
 1.25000e-01
 1.25000e-01
 1.25000e-01
 1.25000e-01
 1.25000e-01
 1.25000e-01
 1.25000e-01
 1.25000e-01
 1.25000e-01
 1.25000e-01
 1.25000e-01
 1.25000e-01
 1.25000e-01
 1.25000e-01
 1.25000e-01
 1.25000e-01
 1.25000e-01
 1.25000e-01
 1.25000e-01
 1.25000e-01
 1.25000e-01
 1.25000e-01
 1.25000e-01
 1.25000e-01
 1.25000e-01
 1.25000e-01
 1.25000e-01
 1.25000e-01
 1.25000e-01
 1.25000e-01
 1.25000e-01
 1.25000e-01
 1.25000e-01
 1.25000e-01
 1.25000e-01
 1.25000e-01
 1.25000e-01
 1.25000e-01
 1.25000e-01
 1.25000e-01
 1.25000e-01
 1.25000e-01
 1.25000e-01
 1.25000e-01
 1.25000e-01
 1.25000e-01
 1.25000e-01
 1.25000e-01
 1.25000e-01
 1.25000e-01
 1.25000e-01
 1.25000e-01
 1.25000e-01
 1.25000e-01
 1.25000e-01
 1.25000e-01
 1.25000e-01
 1.25000e-01
 1.25000e-01
 1.25000e-01
 1.25000e-01
 1.25000e-01
 1.25000e-01
 1.25000e-01
 1.25000e-01
 1.25000e-01
 1.25000e-01
 1.25000e-01
 1.25000e-01
 1.25000e-01
 1.25000e-01
 1.25000e-01
 1.25000e-01
 1.25000e-01
 1.25000e-01
 1.25000e-01
 1.25000e-01
 1.25000e-01
 1.25000e-01
 1.25000e-01
 1.25000e-01
 1.25000e-01
 1.25000e-01
 1.25000e-01
 1.25000e-01
 1.25000e-01
 1.25000e-01
 1.25000e-01
 1.25000e-01
 1.25000e-01
 1.25000e-01
 1.25000e-01
 1.25000e-01
 1.25000e-01
 1.25000e-01
 1.25000e-01
 1.25000e-01
 1.25000e-01
 1.25000e-01
 1.25000e-01
 1.25000e-01
 1.25000e-01
 1.25000e-01
 1.25000e-01
 1.25000e-01
 1.25000e-01
 1.25000e-01
 1.25000e-01
 1.25000e-01
 1.25000e-01
 1.25000e-01
 1.25000e-01
 1.25000e-01
 1.25000e-01
 1.25000e-01
 1.25000e-01
 1.25000e-01
 1.25000e-01
 1.25000e-01
 1.25000e-01
 1.25000e-01
 1.25000e-01
 1.25000e-01
 1.25000e-01
 1.25000e-01
 1.25000e-01
 1.25000e-01
 1.25000e-01
 1.25000e-01
 1.25000e-01
 1.25000e-01
 1.25000e-01
 1.25000e-01
 1.25000e-01
 1.25000e-01
 1.25000e-01
 1.25000e-01
 1.25000e-01
 1.25000e-01
 1.25000e-01
 1.25000e-01
 1.25000e-01
 1.25000e-01
 1.25000e-01
 1.25000e-01
 1.25000e-01
 1.25000e-01
 1.25000e-01
 1.25000e-01
 1.25000e-01
 1.25000e-01
 1.25000e-01
 1.25000e-01
 1.25000e-01
 1.25000e-01
 1.25000e-01
 1.25000e-01
 1.25000e-01
 1.25000e-01
 1.25000e-01
 1.25000e-01
 1.25000e-01
 1.25000e-01
 1.25000e-01
 1.25000e-01
 1.25000e-01
 1.25000e-01
 1.25000e-01
 1.25000e-01
 1.25000e-01
 1.25000e-01
 1.25000e-01
 1.25000e-01
 1.25000e-01
 1.25000e-01
 1.25000e-01
 1.25000e-01
 1.25000e-01
 1.25000e-01
 1.25000e-01
 1.25000e-01
 1.25000e-01
 1.25000e-01
 1.25000e-01
 1.25000e-01
 1.25000e-01
 1.25000e-01
 1.25000e-01
 1.25000e-01
 1.25000e-01
 1.25000e-01
 1.25000e-01
 1.25000e-01
 1.25000e-01
 1.25000e-01
 1.25000e-01
 1.25000e-01
 1.25000e-01
 1.25000e-01
 1.25000e-01
 1.25000e-01
 1.25000e-01
 1.25000e-01
 1.25000e-01
 1.25000e-01
 1.25000e-01
 1.25000e-01
 1.25000e-01
 1.25000e-01
 1.25000e-01
 1.25000e-01
 1.25000e-01
 1.25000e-01
 1.25000e-01
 1.25000e-01
 1.25000e-01
 1.25000e-01
 1.25000e-01
 1.25000e-01
 1.25000e-01
 1.25000e-01
 1.25000e-01
 1.25000e-01
 1.25000e-01
 1.25000e-01
 1.25000e-01
 1.25000e-01
 1.25000e-01
 1.25000e-01
 1.25000e-01
 1.25000e-01
 1.25000e-01
 1.25000e-01
 1.25000e-01
 1.25000e-01
 1.25000e-01
 1.25000e-01
 1.25000e-01
 1.25000e-01
 1.25000e-01
 1.25000e-01
 1.25000e-01
 1.25000e-01
 1.25000e-01
 1.25000e-01
 1.25000e-01
 1.25000e-01
 1.25000e-01
 1.25000e-01
 1.25000e-01
 1.25000e-01
 1.25000e-01
 1.25000e-01
 1.25000e-01
 1.25000e-01
 1.25000e-01
 1.25000e-01
 1.25000e-01
 1.25000e-01
 1.25000e-01
 1.25000e-01
 1.25000e-01
 1.25000e-01
 1.25000e-01
 1.25000e-01
 1.25000e-01
 1.25000e-01
 1.25000e-01
 1.25000e-01
 1.25000e-01
 1.25000e-01
 1.25000e-01
 1.25000e-01
 1.25000e-01
 1.25000e-01
 1.25000e-01
 1.25000e-01
 1.25000e-01
 1.25000e-01
 1.25000e-01
 1.25000e-01
 1.25000e-01
 1.25000e-01
 1.25000e-01
 1.25000e-01
 1.25000e-01
 1.25000e-01
 1.25000e-01
 1.25000e-01
 1.25000e-01
 1.25000e-01
 1.25000e-01
 1.25000e-01
 1.25000e-01
 1.25000e-01
 1.25000e-01
 1.25000e-01
 1.25000e-01
 1.25000e-01
 1.25000e-01
 1.25000e-01
 1.25000e-01
 1.25000e-01
 1.25000e-01
 1.25000e-01
 1.25000e-01
 1.25000e-01
 1.25000e-01
 1.25000e-01
 1.25000e-01
 1.25000e-01
 1.25000e-01
 1.25000e-01
 1.25000e-01
 1.25000e-01
 1.25000e-01
 1.25000e-01
 1.25000e-01
 1.25000e-01
 1.25000e-01
 1.25000e-01
 1.25000e-01
 1.25000e-01
 1.25000e-01
 1.25000e-01
 1.25000e-01
 1.25000e-01
 1.25000e-01
 1.25000e-01
 1.25000e-01
 1.25000e-01
 1.25000e-01
 1.25000e-01
 1.25000e-01
 1.25000e-01
 1.25000e-01
 1.25000e-01
 1.25000e-01
 1.25000e-01
 1.25000e-01
 1.25000e-01
 1.25000e-01
 1.25000e-01
 1.25000e-01
 1.25000e-01
 1.25000e-01
 1.25000e-01
 1.25000e-01
 1.25000e-01
 1.25000e-01
 1.25000e-01
 1.25000e-01
 1.25000e-01
 1.25000e-01
 1.25000e-01
 1.25000e-01
 1.25000e-01
 1.25000e-01
 1.25000e-01
 1.25000e-01
 1.25000e-01
 1.25000e-01
 1.25000e-01
 1.25000e-01
 1.25000e-01
 1.25000e-01
 1.25000e-01
 1.25000e-01
 1.25000e-01
 1.25000e-01
 1.25000e-01
 1.25000e-01
 1.25000e-01
 1.25000e-01
 1.25000e-01
 1.25000e-01
 1.25000e-01
 1.25000e-01
 1.25000e-01
 1.25000e-01
 1.25000e-01
 1.25000e-01
 1.25000e-01
 1.25000e-01
 1.25000e-01
 1.25000e-01
 1.25000e-01
 1.25000e-01
 1.25000e-01
 1.25000e-01
 1.25000e-01
 1.25000e-01
 1.25000e-01
 1.25000e-01
 1.25000e-01
 1.25000e-01
 1.25000e-01
 1.25000e-01
 1.25000e-01
 1.25000e-01
 1.25000e-01
 1.25000e-01
 1.25000e-01
 1.25000e-01
 1.25000e-01
 1.25000e-01
 1.25000e-01
 1.25000e-01
 1.25000e-01
 1.25000e-01
 1.25000e-01
 1.25000e-01
 1.25000e-01
 1.25000e-01
 1.25000e-01
 1.25000e-01
 1.25000e-01
 1.25000e-01
 1.25000e-01
 1.25000e-01
 1.25000e-01
 1.25000e-01
 1.25000e-01
 1.25000e-01
 1.25000e-01
 1.25000e-01
 1.25000e-01
 1.25000e-01
 1.25000e-01
 1.25000e-01
 1.25000e-01
 1.25000e-01
 1.25000e-01
 1.25000e-01
 1.25000e-01
 1.25000e-01
 1.25000e-01
 1.25000e-01
 1.25000e-01
 1.25000e-01
 1.25000e-01
 1.25000e-01
 1.25000e-01
 1.25000e-01
 1.25000e-01
 1.25000e-01
 1.25000e-01
 1.25000e-01
 1.25000e-01
 1.25000e-01
 1.25000e-01
 1.25000e-01
 1.25000e-01
 1.25000e-01
 1.25000e-01
 1.25000e-01
 1.25000e-01
 1.25000e-01
 1.25000e-01
 1.25000e-01
 1.25000e-01
 1.25000e-01
 1.25000e-01
 1.25000e-01
 1.25000e-01
 1.25000e-01
 1.25000e-01
 1.25000e-01
 1.25000e-01
 1.25000e-01
 1.25000e-01
 1.25000e-01
 1.25000e-01
 1.25000e-01
 1.25000e-01
 1.25000e-01
 1.25000e-01
 1.25000e-01
 1.25000e-01
 1.25000e-01
 1.25000e-01
 1.25000e-01
 1.25000e-01
 1.25000e-01
 1.25000e-01
 1.25000e-01
 1.25000e-01
 1.25000e-01
 1.25000e-01
 1.25000e-01
 1.25000e-01
 1.25000e-01
 1.25000e-01
 1.25000e-01
 1.25000e-01
 1.25000e-01
 1.25000e-01
 1.25000e-01
 1.25000e-01
 1.25000e-01
 1.25000e-01
 1.25000e-01
 1.25000e-01
 1.25000e-01
 1.25000e-01
 1.25000e-01
 1.25000e-01
 1.25000e-01
 1.25000e-01
 1.25000e-01
 1.25000e-01
 1.25000e-01
 1.25000e-01
 1.25000e-01
 1.25000e-01
 1.25000e-01
 1.25000e-01
 1.25000e-01
 1.25000e-01
 1.25000e-01
 1.25000e-01
 1.25000e-01
 1.25000e-01
 1.25000e-01
 1.25000e-01
 1.25000e-01
 1.25000e-01
 1.25000e-01
 1.25000e-01
 1.25000e-01
 1.25000e-01
 1.25000e-01
 1.25000e-01
 1.25000e-01
 1.25000e-01
 1.25000e-01
 1.25000e-01
 1.25000e-01
 1.25000e-01
 1.25000e-01
 1.25000e-01
 1.25000e-01
 1.25000e-01
 1.25000e-01
 1.25000e-01
 1.25000e-01
 1.25000e-01
 1.25000e-01
 1.25000e-01
 1.25000e-01
 1.25000e-01
 1.25000e-01
 1.25000e-01
 1.25000e-01
 1.25000e-01
 1.25000e-01
 1.25000e-01
 1.25000e-01
 1.25000e-01
 1.25000e-01
 1.25000e-01
 1.25000e-01
 1.25000e-01
 1.25000e-01
 1.25000e-01
 1.25000e-01
 1.25000e-01
 1.25000e-01
 1.25000e-01
 1.25000e-01
 1.25000e-01
 1.25000e-01
 1.25000e-01
 1.25000e-01
 1.25000e-01
 1.25000e-01
 1.25000e-01
 1.25000e-01
 1.25000e-01
 1.25000e-01
 1.25000e-01
 1.25000e-01
 1.25000e-01
 1.25000e-01
 1.25000e-01
 1.25000e-01
 1.25000e-01
 1.25000e-01
 1.25000e-01
 1.25000e-01
 1.25000e-01
 1.25000e-01
 1.25000e-01
 1.25000e-01
 1.25000e-01
 1.25000e-01
 1.25000e-01
 1.25000e-01
 1.25000e-01
 1.25000e-01
 1.25000e-01
 1.25000e-01
 1.25000e-01
 1.25000e-01
 1.25000e-01
 1.25000e-01
 1.25000e-01
 1.25000e-01
 1.25000e-01
 1.25000e-01
 1.25000e-01
 1.25000e-01
 1.25000e-01
 1.25000e-01
 1.25000e-01
 1.25000e-01
 1.25000e-01
 1.25000e-01
 1.25000e-01
 1.25000e-01
 1.25000e-01
 1.25000e-01
 1.25000e-01
 1.25000e-01
 1.25000e-01
 1.25000e-01
 1.25000e-01
 1.25000e-01
 1.25000e-01
 1.25000e-01
 1.25000e-01
 1.25000e-01
 1.25000e-01
 1.25000e-01
 1.25000e-01
 1.25000e-01
 1.25000e-01
 1.25000e-01
 1.25000e-01
 1.25000e-01
 1.25000e-01
 1.25000e-01
 1.25000e-01
 1.25000e-01
 1.25000e-01
 1.25000e-01
 1.25000e-01
 1.25000e-01
 1.25000e-01
 1.25000e-01
 1.25000e-01
 1.25000e-01
 1.25000e-01
 1.25000e-01
 1.25000e-01
 1.25000e-01
 1.25000e-01
 1.25000e-01
 1.25000e-01
 1.25000e-01
 1.25000e-01
 1.25000e-01
 1.25000e-01
 1.25000e-01
 1.25000e-01
 1.25000e-01
 1.25000e-01
 1.25000e-01
 1.25000e-01
 1.25000e-01
 1.25000e-01
 1.25000e-01
 1.25000e-01
 1.25000e-01
 1.25000e-01
 1.25000e-01
 1.25000e-01
 1.25000e-01
 1.25000e-01
 1.25000e-01
 1.25000e-01
 1.25000e-01
 1.25000e-01
 1.25000e-01
 1.25000e-01
 1.25000e-01
 1.25000e-01
 1.25000e-01
 1.25000e-01
 1.25000e-01
 1.25000e-01
 1.25000e-01
 1.25000e-01
 1.25000e-01
 1.25000e-01
 1.25000e-01
 1.25000e-01
 1.25000e-01
 1.25000e-01
 1.25000e-01
 1.25000e-01
 1.25000e-01
 1.25000e-01
 1.25000e-01
 1.25000e-01
 1.25000e-01
 1.25000e-01
 1.25000e-01
 1.25000e-01
 1.25000e-01
 1.25000e-01
 1.25000e-01
 1.25000e-01
 1.25000e-01
 1.25000e-01
 1.25000e-01
 1.25000e-01
 1.25000e-01
 1.25000e-01
 1.25000e-01
 1.25000e-01
 1.25000e-01
 1.25000e-01
 1.25000e-01
 1.25000e-01
 1.25000e-01
 1.25000e-01
 1.25000e-01
 1.25000e-01
 1.25000e-01
 1.25000e-01
 1.25000e-01
 1.25000e-01
 1.25000e-01
 1.25000e-01
 1.25000e-01
 1.25000e-01
 1.25000e-01
 1.25000e-01
 1.25000e-01
 1.25000e-01
 1.25000e-01
 1.25000e-01
 1.25000e-01
 1.25000e-01
 1.25000e-01
 1.25000e-01
 1.25000e-01
 1.25000e-01
 1.25000e-01
 1.25000e-01
 1.25000e-01
 1.25000e-01
 1.25000e-01
 1.25000e-01
 1.25000e-01
 1.25000e-01
 1.25000e-01
 1.25000e-01
 1.25000e-01
 1.25000e-01
 1.25000e-01
 1.25000e-01
 1.25000e-01
 1.25000e-01
 1.25000e-01
 1.25000e-01
 1.25000e-01
 1.25000e-01
 1.25000e-01
 1.25000e-01
 1.25000e-01
 1.25000e-01
 1.25000e-01
 1.25000e-01
 1.25000e-01
 1.25000e-01
 1.25000e-01
 1.25000e-01
 1.25000e-01
 1.25000e-01
 1.25000e-01
 1.25000e-01
 1.25000e-01
 1.25000e-01
 1.25000e-01
 1.25000e-01
 1.25000e-01
 1.25000e-01
 1.25000e-01
 1.25000e-01
 1.25000e-01
 1.25000e-01
 1.25000e-01
 1.25000e-01
 1.25000e-01
 1.25000e-01
 1.25000e-01
 1.25000e-01
 1.25000e-01
 1.25000e-01
 1.25000e-01
 1.25000e-01
 1.25000e-01
 1.25000e-01
 1.25000e-01
 1.25000e-01
 1.25000e-01
 1.25000e-01
 1.25000e-01
 1.25000e-01
 1.25000e-01
 1.25000e-01
 1.25000e-01
 1.25000e-01
 1.25000e-01
 1.25000e-01
 1.25000e-01
 1.25000e-01
 1.25000e-01
 1.25000e-01
 1.25000e-01
 1.25000e-01
 1.25000e-01
 1.25000e-01
 1.25000e-01
 1.25000e-01
 1.25000e-01
 1.25000e-01
 1.25000e-01
 1.25000e-01
 1.25000e-01
 1.25000e-01
 1.25000e-01
 1.25000e-01
 1.25000e-01
 1.25000e-01
 1.25000e-01
 1.25000e-01
 1.25000e-01
 1.25000e-01
 1.25000e-01
 1.25000e-01
 1.25000e-01
 1.25000e-01
 1.25000e-01
 1.25000e-01
 1.25000e-01
 1.25000e-01
 1.25000e-01
 1.25000e-01
 1.25000e-01
 1.25000e-01
 1.25000e-01
 1.25000e-01
 1.25000e-01
 1.25000e-01
 1.25000e-01
 1.25000e-01
 1.25000e-01
 1.25000e-01
 1.25000e-01
 1.25000e-01
 1.25000e-01
 1.25000e-01
 1.25000e-01
 1.25000e-01
 1.25000e-01
 1.25000e-01
 1.25000e-01
 1.25000e-01
 1.25000e-01
 1.25000e-01
 1.25000e-01
 1.25000e-01
 1.25000e-01
 1.25000e-01
 1.25000e-01
 1.25000e-01
 1.25000e-01
 1.25000e-01
 1.25000e-01
 1.25000e-01
 1.25000e-01
 1.25000e-01
 1.25000e-01
 1.25000e-01
 1.25000e-01
 1.25000e-01
 1.25000e-01
 1.25000e-01
 1.25000e-01
 1.25000e-01
 1.25000e-01
 1.25000e-01
 1.25000e-01
 1.25000e-01
 1.25000e-01
 1.25000e-01
 1.25000e-01
 1.25000e-01
 1.25000e-01
 1.25000e-01
 1.25000e-01
 1.25000e-01
 1.25000e-01
 1.25000e-01
 1.25000e-01
 1.25000e-01
 1.25000e-01
 1.25000e-01
 1.25000e-01
 1.25000e-01
 1.25000e-01
 1.25000e-01
 1.25000e-01
 1.25000e-01
 1.25000e-01
 1.25000e-01
 1.25000e-01
 1.25000e-01
 1.25000e-01
 1.25000e-01
 1.25000e-01
 1.25000e-01
 1.25000e-01
 1.25000e-01
 1.25000e-01
 1.25000e-01
 1.25000e-01
 1.25000e-01
 1.25000e-01
 1.25000e-01
 1.25000e-01
 1.25000e-01
 1.25000e-01
 1.25000e-01
 1.25000e-01
 1.25000e-01
 1.25000e-01
 1.25000e-01
 1.25000e-01
 1.25000e-01
 1.25000e-01
 1.25000e-01
 1.25000e-01
 1.25000e-01
 1.25000e-01
 1.25000e-01
 1.25000e-01
 1.25000e-01
 1.25000e-01
 1.25000e-01
 1.25000e-01
 1.25000e-01
 1.25000e-01
 1.25000e-01
 1.25000e-01
 1.25000e-01
 1.25000e-01
 1.25000e-01
 1.25000e-01
 1.25000e-01
 1.25000e-01
 1.25000e-01
 1.25000e-01
 1.25000e-01
 1.25000e-01
 1.25000e-01
 1.25000e-01
 1.25000e-01
 1.25000e-01
 1.25000e-01
 1.25000e-01
 1.25000e-01
 1.25000e-01
 1.25000e-01
 1.25000e-01
 1.25000e-01
 1.25000e-01
 1.25000e-01
 1.25000e-01
 1.25000e-01
 1.25000e-01
 1.25000e-01
 1.25000e-01
 1.25000e-01
 1.25000e-01
 1.25000e-01
 1.25000e-01
 1.25000e-01
 1.25000e-01
 1.25000e-01
 1.25000e-01
 1.25000e-01
 1.25000e-01
 1.25000e-01
 1.25000e-01
 1.25000e-01
 1.25000e-01
 1.25000e-01
 1.25000e-01
 1.25000e-01
 1.25000e-01
 1.25000e-01
 1.25000e-01
 1.25000e-01
 1.25000e-01
 1.25000e-01
 1.25000e-01
 1.25000e-01
 1.25000e-01
 1.25000e-01
 1.25000e-01
 1.25000e-01
 1.25000e-01
 1.25000e-01
 1.25000e-01
 1.25000e-01
 1.25000e-01
 1.25000e-01
 1.25000e-01
 1.25000e-01
 1.25000e-01
 1.25000e-01
 1.25000e-01
 1.25000e-01
 1.25000e-01
 1.25000e-01
 1.25000e-01
 1.25000e-01
 1.25000e-01
 1.25000e-01
 1.25000e-01
 1.25000e-01
 1.25000e-01
 1.25000e-01
 1.25000e-01
 1.25000e-01
 1.25000e-01
 1.25000e-01
 1.25000e-01
 1.25000e-01
 1.25000e-01
 1.25000e-01
 1.25000e-01
 1.25000e-01
 1.25000e-01
 1.25000e-01
 1.25000e-01
 1.25000e-01
 1.25000e-01
 1.25000e-01
 1.25000e-01
 1.25000e-01
 1.25000e-01
 1.25000e-01
 1.25000e-01
 1.25000e-01
 1.25000e-01
 1.25000e-01
 1.25000e-01
 1.25000e-01
 1.25000e-01
 1.25000e-01
 1.25000e-01
 1.25000e-01
 1.25000e-01
 1.25000e-01
 1.25000e-01
 1.25000e-01
 1.25000e-01
 1.25000e-01
 1.25000e-01
 1.25000e-01
 1.25000e-01
 1.25000e-01
 1.25000e-01
 1.25000e-01
 1.25000e-01
 1.25000e-01
 1.25000e-01
 1.25000e-01
 1.25000e-01
 1.25000e-01
 1.25000e-01
 1.25000e-01
 1.25000e-01
 1.25000e-01
 1.25000e-01
 1.25000e-01
 1.25000e-01
 1.25000e-01
 1.25000e-01
 1.25000e-01
 1.25000e-01
 1.25000e-01
 1.25000e-01
 1.25000e-01
 1.25000e-01
 1.25000e-01
 1.25000e-01
 1.25000e-01
 1.25000e-01
 1.25000e-01
 1.25000e-01
 1.25000e-01
 1.25000e-01
 1.25000e-01
 1.25000e-01
 1.25000e-01
 1.25000e-01
 1.25000e-01
 1.25000e-01
 1.25000e-01
 1.25000e-01
 1.25000e-01
 1.25000e-01
 1.25000e-01
 1.25000e-01
 1.25000e-01
 1.25000e-01
 1.25000e-01
 1.25000e-01
 1.25000e-01
 1.25000e-01
 1.25000e-01
 1.25000e-01
 1.25000e-01
 1.25000e-01
 1.25000e-01
 1.25000e-01
 1.25000e-01
 1.25000e-01
 1.25000e-01
 1.25000e-01
 1.25000e-01
 1.25000e-01
 1.25000e-01
 1.25000e-01
 1.25000e-01
 1.25000e-01
 1.25000e-01
 1.25000e-01
 1.25000e-01
 1.25000e-01
 1.25000e-01
 1.25000e-01
 1.25000e-01
 1.25000e-01
 1.25000e-01
 1.25000e-01
 1.25000e-01
 1.25000e-01
 1.25000e-01
 1.25000e-01
 1.25000e-01
 1.25000e-01
 1.25000e-01
 1.25000e-01
 1.25000e-01
 1.25000e-01
 1.25000e-01
 1.25000e-01
 1.25000e-01
 1.25000e-01
 1.25000e-01
 1.25000e-01
 1.25000e-01
 1.25000e-01
 1.25000e-01
 1.25000e-01
 1.25000e-01
 1.25000e-01
 1.25000e-01
 1.25000e-01
 1.25000e-01
 1.25000e-01
 1.25000e-01
 1.25000e-01
 1.25000e-01
 1.25000e-01
 1.25000e-01
 1.25000e-01
 1.25000e-01
 1.25000e-01
 1.25000e-01
 1.25000e-01
 1.25000e-01
 1.25000e-01
 1.25000e-01
 1.25000e-01
 1.25000e-01
 1.25000e-01
 1.25000e-01
 1.25000e-01
 1.25000e-01
 1.25000e-01
 1.25000e-01
 1.25000e-01
 1.25000e-01
 1.25000e-01
 1.25000e-01
 1.25000e-01
 1.25000e-01
 1.25000e-01
 1.25000e-01
 1.25000e-01
 1.25000e-01
 1.25000e-01
 1.25000e-01
 1.25000e-01
 1.25000e-01
 1.25000e-01
 1.25000e-01
 1.25000e-01
 1.25000e-01
 1.25000e-01
 1.25000e-01
 1.25000e-01
 1.25000e-01
 1.25000e-01
 1.25000e-01
 1.25000e-01
 1.25000e-01
 1.25000e-01
 1.25000e-01
 1.25000e-01
 1.25000e-01
 1.25000e-01
 1.25000e-01
 1.25000e-01
 1.25000e-01
 1.25000e-01
 1.25000e-01
 1.25000e-01
 1.25000e-01
 1.25000e-01
 1.25000e-01
 1.25000e-01
 1.25000e-01
 1.25000e-01
 1.25000e-01
 1.25000e-01
 1.25000e-01
 1.25000e-01
 1.25000e-01
 1.25000e-01
 1.25000e-01
 1.25000e-01
 1.25000e-01
 1.25000e-01
 1.25000e-01
 1.25000e-01
 1.25000e-01
 1.25000e-01
 1.25000e-01
 1.25000e-01
 1.25000e-01
 1.25000e-01
 1.25000e-01
 1.25000e-01
 1.25000e-01
 1.25000e-01
 1.25000e-01
 1.25000e-01
 1.25000e-01
 1.25000e-01
 1.25000e-01
 1.25000e-01
 1.25000e-01
 1.25000e-01
 1.25000e-01
 1.25000e-01
 1.25000e-01
 1.25000e-01
 1.25000e-01
 1.25000e-01
 1.25000e-01
 1.25000e-01
 1.25000e-01
 1.25000e-01
 1.25000e-01
 1.25000e-01
 1.25000e-01
 1.25000e-01
 1.25000e-01
 1.25000e-01
 1.25000e-01
 1.25000e-01
 1.25000e-01
 1.25000e-01
 1.25000e-01
 1.25000e-01
 1.25000e-01
 1.25000e-01
 1.25000e-01
 1.25000e-01
 1.25000e-01
 1.25000e-01
 1.25000e-01
 1.25000e-01
 1.25000e-01
 1.25000e-01
 1.25000e-01
 1.25000e-01
 1.25000e-01
 1.25000e-01
 1.25000e-01
 1.25000e-01
 1.25000e-01
 1.25000e-01
 1.25000e-01
 1.25000e-01
 1.25000e-01
 1.25000e-01
 1.25000e-01
 1.25000e-01
 1.25000e-01
 1.25000e-01
 1.25000e-01
 1.25000e-01
 1.25000e-01
 1.25000e-01
 1.25000e-01
 1.25000e-01
 1.25000e-01
 1.25000e-01
 1.25000e-01
 1.25000e-01
 1.25000e-01
 1.25000e-01
 1.25000e-01
 1.25000e-01
 1.25000e-01
 1.25000e-01
 1.25000e-01
 1.25000e-01
 1.25000e-01
 1.25000e-01
 1.25000e-01
 1.25000e-01
 1.25000e-01
 1.25000e-01
 1.25000e-01
 1.25000e-01
 1.25000e-01
 1.25000e-01
 1.25000e-01
 1.25000e-01
 1.25000e-01
 1.25000e-01
 1.25000e-01
 1.25000e-01
 1.25000e-01
 1.25000e-01
 1.25000e-01
 1.25000e-01
 1.25000e-01
 1.25000e-01
 1.25000e-01
 1.25000e-01
 1.25000e-01
 1.25000e-01
 1.25000e-01
 1.25000e-01
 1.25000e-01
 1.25000e-01
 1.25000e-01
 1.25000e-01
 1.25000e-01
 1.25000e-01
 1.25000e-01
 1.25000e-01
 1.25000e-01
 1.25000e-01
 1.25000e-01
 1.25000e-01
 1.25000e-01
 1.25000e-01
 1.25000e-01
 1.25000e-01
 1.25000e-01
 1.25000e-01
 1.25000e-01
 1.25000e-01
 1.25000e-01
 1.25000e-01
 1.25000e-01
 1.25000e-01
 1.25000e-01
 1.25000e-01
 1.25000e-01
 1.25000e-01
 1.25000e-01
 1.25000e-01
 1.25000e-01
 1.25000e-01
 1.25000e-01
 1.25000e-01
 1.25000e-01
 1.25000e-01
 1.25000e-01
 1.25000e-01
 1.25000e-01
 1.25000e-01
 1.25000e-01
 1.25000e-01
 1.25000e-01
 1.25000e-01
 1.25000e-01
 1.25000e-01
 1.25000e-01
 1.25000e-01
 1.25000e-01
 1.25000e-01
 1.25000e-01
 1.25000e-01
 1.25000e-01
 1.25000e-01
 1.25000e-01
 1.25000e-01
 1.25000e-01
 1.25000e-01
 1.25000e-01
 1.25000e-01
 1.25000e-01
 1.25000e-01
 1.25000e-01
 1.25000e-01
 1.25000e-01
 1.25000e-01
 1.25000e-01
 1.25000e-01
 1.25000e-01
 1.25000e-01
 1.25000e-01
 1.25000e-01
 1.25000e-01
 1.25000e-01
 1.25000e-01
 1.25000e-01
 1.25000e-01
 1.25000e-01
 1.25000e-01
 1.25000e-01
 1.25000e-01
 1.25000e-01
 1.25000e-01
 1.25000e-01
 1.25000e-01
 1.25000e-01
 1.25000e-01
 1.25000e-01
 1.25000e-01
 1.25000e-01
 1.25000e-01
 1.25000e-01
 1.25000e-01
 1.25000e-01
 1.25000e-01
 1.25000e-01
 1.25000e-01
 1.25000e-01
 1.25000e-01
 1.25000e-01
 1.25000e-01
 1.25000e-01
 1.25000e-01
 1.25000e-01
 1.25000e-01
 1.25000e-01
 1.25000e-01
 1.25000e-01
 1.25000e-01
 1.25000e-01
 1.25000e-01
 1.25000e-01
 1.25000e-01
 1.25000e-01
 1.25000e-01
 1.25000e-01
 1.25000e-01
 1.25000e-01
 1.25000e-01
 1.25000e-01
 1.25000e-01
 1.25000e-01
 1.25000e-01
 1.25000e-01
 1.25000e-01
 1.25000e-01
 1.25000e-01
 1.25000e-01
 1.25000e-01
 1.25000e-01
 1.25000e-01
 1.25000e-01
 1.25000e-01
 1.25000e-01
 1.25000e-01
 1.25000e-01
 1.25000e-01
 1.25000e-01
 1.25000e-01
 1.25000e-01
 1.25000e-01
 1.25000e-01
 1.25000e-01
 1.25000e-01
 1.25000e-01
 1.25000e-01
 1.25000e-01
 1.25000e-01
 1.25000e-01
 1.25000e-01
 1.25000e-01
 1.25000e-01
 1.25000e-01
 1.25000e-01
 1.25000e-01
 1.25000e-01
 1.25000e-01
 1.25000e-01
 1.25000e-01
 1.25000e-01
 1.25000e-01
 1.25000e-01
 1.25000e-01
 1.25000e-01
 1.25000e-01
 1.25000e-01
 1.25000e-01
 1.25000e-01
 1.25000e-01
 1.25000e-01
 1.25000e-01
 1.25000e-01
 1.25000e-01
 1.25000e-01
 1.25000e-01
 1.25000e-01
 1.25000e-01
 1.25000e-01
 1.25000e-01
 1.25000e-01
 1.25000e-01
 1.25000e-01
 1.25000e-01
 1.25000e-01
 1.25000e-01
 1.25000e-01
 1.25000e-01
 1.25000e-01
 1.25000e-01
 1.25000e-01
 1.25000e-01
 1.25000e-01
 1.25000e-01
 1.25000e-01
 1.25000e-01
 1.25000e-01
 1.25000e-01
 1.25000e-01
 1.25000e-01
 1.25000e-01
 1.25000e-01
 1.25000e-01
 1.25000e-01
 1.25000e-01
 1.25000e-01
 1.25000e-01
 1.25000e-01
 1.25000e-01
 1.25000e-01
 1.25000e-01
 1.25000e-01
 1.25000e-01
 1.25000e-01
 1.25000e-01
 1.25000e-01
 1.25000e-01
 1.25000e-01
 1.25000e-01
 1.25000e-01
 1.25000e-01
 1.25000e-01
 1.25000e-01
 1.25000e-01
 1.25000e-01
 1.25000e-01
 1.25000e-01
 1.25000e-01
 1.25000e-01
 1.25000e-01
 1.25000e-01
 1.25000e-01
 1.25000e-01
 1.25000e-01
 1.25000e-01
 1.25000e-01
 1.25000e-01
 1.25000e-01
 1.25000e-01
 1.25000e-01
 1.25000e-01
 1.25000e-01
 1.25000e-01
 1.25000e-01
 1.25000e-01
 1.25000e-01
 1.25000e-01
 1.25000e-01
 1.25000e-01
 1.25000e-01
 1.25000e-01
 1.25000e-01
 1.25000e-01
 1.25000e-01
 1.25000e-01
 1.25000e-01
 1.25000e-01
 1.25000e-01
 1.25000e-01
 1.25000e-01
 1.25000e-01
 1.25000e-01
 1.25000e-01
 1.25000e-01
 1.25000e-01
 1.25000e-01
 1.25000e-01
 1.25000e-01
 1.25000e-01
 1.25000e-01
 1.25000e-01
 1.25000e-01
 1.25000e-01
 1.25000e-01
 1.25000e-01
 1.25000e-01
 1.25000e-01
 1.25000e-01
 1.25000e-01
 1.25000e-01
 1.25000e-01
 1.25000e-01
 1.25000e-01
 1.25000e-01
 1.25000e-01
 1.25000e-01
 1.25000e-01
 1.25000e-01
 1.25000e-01
 1.25000e-01
 1.25000e-01
 1.25000e-01
 1.25000e-01
 1.25000e-01
 1.25000e-01
 1.25000e-01
 1.25000e-01
 1.25000e-01
 1.25000e-01
 1.25000e-01
 1.25000e-01
part
         3
hexa8
 4.24225e-01
 4.00109e-01
 3.74765e-01
 3.79647e-01
 3.46337e-01
 3.42813e-01
 3.35054e-01
 3.18288e-01
 2.89586e-01
 2.65198e-01
 2.36523e-01
 2.05402e-01
 1.77018e-01
 1.54471e-01
 1.39229e-01
 3.58610e-01
 3.37855e-01
 3.17810e-01
 3.26741e-01
 3.00085e-01
 2.98171e-01
 2.93087e-01
 2.72739e-01
 2.45973e-01
 2.20730e-01
 1.94759e-01
 1.70332e-01
 1.50782e-01
 1.37723e-01
 1.30474e-01
 3.07804e-01
 2.94180e-01
 2.80257e-01
 2.83933e-01
 2.64417e-01
 2.56736e-01
 2.44591e-01
 2.22845e-01
 2.00128e-01
 1.79232e-01
 1.60382e-01
 1.45211e-01
 1.35102e-01
 1.29421e-01
 1.26732e-01
 2.60197e-01
 2.52544e-01
 2.41966e-01
 2.36584e-01
 2.22271e-01
 2.11083e-01
 1.96654e-01
 1.79128e-01
 1.62715e-01
 1.49057e-01
 1.38694e-01
 1.31954e-01
 1.28125e-01
 1.26272e-01
 1.25456e-01
 2.10200e-01
 2.05484e-01
 1.97570e-01
 1.89696e-01
 1.79556e-01
 1.69594e-01
 1.58796e-01
 1.48003e-01
 1.39139e-01
 1.32898e-01
 1.29053e-01
 1.26871e-01
 1.25792e-01
 1.25294e-01
 1.25106e-01
 1.66506e-01
 1.63737e-01
 1.58994e-01
 1.53525e-01
 1.47365e-01
 1.41498e-01
 1.36209e-01
 1.31883e-01
 1.28815e-01
 1.26970e-01
 1.25924e-01
 1.25407e-01
 1.25160e-01
 1.25062e-01
 1.25021e-01
 1.38409e-01
 1.37301e-01
 1.35412e-01
 1.33207e-01
 1.30944e-01
 1.29038e-01
 1.27547e-01
 1.26472e-01
 1.25777e-01
 1.25377e-01
 1.25172e-01
 1.25072e-01
 1.25030e-01
 1.25011e-01
 1.25004e-01
 1.27539e-01
 1.27310e-01
 1.26924e-01
 1.26477e-01
 1.26047e-01
 1.25691e-01
 1.25418e-01
 1.25236e-01
 1.25120e-01
 1.25060e-01
 1.25027e-01
 1.25012e-01
 1.25005e-01
 1.25002e-01
 1.25001e-01
 1.25318e-01
 1.25289e-01
 1.25242e-01
 1.25184e-01
 1.25131e-01
 1.25085e-01
 1.25053e-01
 1.25030e-01
 1.25016e-01
 1.25008e-01
 1.25004e-01
 1.25002e-01
 1.25001e-01
 1.25000e-01
 1.25000e-01
 1.25029e-01
 1.25027e-01
 1.25023e-01
 1.25018e-01
 1.25013e-01
 1.25009e-01
 1.25006e-01
 1.25003e-01
 1.25002e-01
 1.25001e-01
 1.25000e-01
 1.25000e-01
 1.25000e-01
 1.25000e-01
 1.25000e-01
 1.25002e-01
 1.25002e-01
 1.25002e-01
 1.25002e-01
 1.25001e-01
 1.25001e-01
 1.25001e-01
 1.25000e-01
 1.25000e-01
 1.25000e-01
 1.25000e-01
 1.25000e-01
 1.25000e-01
 1.25000e-01
 1.25000e-01
 1.25000e-01
 1.25000e-01
 1.25000e-01
 1.25000e-01
 1.25000e-01
 1.25000e-01
 1.25000e-01
 1.25000e-01
 1.25000e-01
 1.25000e-01
 1.25000e-01
 1.25000e-01
 1.25000e-01
 1.25000e-01
 1.25000e-01
 1.25000e-01
 1.25000e-01
 1.25000e-01
 1.25000e-01
 1.25000e-01
 1.25000e-01
 1.25000e-01
 1.25000e-01
 1.25000e-01
 1.25000e-01
 1.25000e-01
 1.25000e-01
 1.25000e-01
 1.25000e-01
 1.25000e-01
 1.25000e-01
 1.25000e-01
 1.25000e-01
 1.25000e-01
 1.25000e-01
 1.25000e-01
 1.25000e-01
 1.25000e-01
 1.25000e-01
 1.25000e-01
 1.25000e-01
 1.25000e-01
 1.25000e-01
 1.25000e-01
 1.25000e-01
 1.25000e-01
 1.25000e-01
 1.25000e-01
 1.25000e-01
 1.25000e-01
 1.25000e-01
 1.25000e-01
 1.25000e-01
 1.25000e-01
 1.25000e-01
 1.25000e-01
 1.25000e-01
 1.25000e-01
 1.25000e-01
 1.25000e-01
 4.00067e-01
 3.85976e-01
 3.82084e-01
 3.81704e-01
 3.52877e-01
 3.45043e-01
 3.17115e-01
 3.01332e-01
 2.81247e-01
 2.61694e-01
 2.34823e-01
 2.03943e-01
 1.75581e-01
 1.53364e-01
 1.38546e-01
 3.37829e-01
 3.26320e-01
 3.26231e-01
 3.29462e-01
 3.08500e-01
 3.02465e-01
 2.81363e-01
 2.62438e-01
 2.40709e-01
 2.17717e-01
 1.92414e-01
 1.68611e-01
 1.49637e-01
 1.37076e-01
 1.30149e-01
 2.94176e-01
 2.85448e-01
 2.85262e-01
 2.84622e-01
 2.68783e-01
 2.58104e-01
 2.38439e-01
 2.18269e-01
 1.97362e-01
 1.77116e-01
 1.58693e-01
 1.44151e-01
 1.34536e-01
 1.29157e-01
 1.26617e-01
 2.52540e-01
 2.46069e-01
 2.41488e-01
 2.34700e-01
 2.22184e-01
 2.09680e-01
 1.93281e-01
 1.76655e-01
 1.60957e-01
 1.47792e-01
 1.37887e-01
 1.31526e-01
 1.27930e-01
 1.26185e-01
 1.25424e-01
 2.05476e-01
 2.01015e-01
 1.95060e-01
 1.87441e-01
 1.77985e-01
 1.67852e-01
 1.56849e-01
 1.46567e-01
 1.38244e-01
 1.32388e-01
 1.28782e-01
 1.26747e-01
 1.25735e-01
 1.25273e-01
 1.25099e-01
 1.63732e-01
 1.61214e-01
 1.57094e-01
 1.51990e-01
 1.46177e-01
 1.40537e-01
 1.35397e-01
 1.31362e-01
 1.28550e-01
 1.26839e-01
 1.25862e-01
 1.25377e-01
 1.25149e-01
 1.25058e-01
 1.25020e-01
 1.37300e-01
 1.36305e-01
 1.34625e-01
 1.32603e-01
 1.30528e-01
 1.28747e-01
 1.27346e-01
 1.26357e-01
 1.25722e-01
 1.25351e-01
 1.25159e-01
 1.25068e-01
 1.25028e-01
 1.25010e-01
 1.25004e-01
 1.27310e-01
 1.27109e-01
 1.26764e-01
 1.26361e-01
 1.25969e-01
 1.25637e-01
 1.25385e-01
 1.25218e-01
 1.25111e-01
 1.25055e-01
 1.25025e-01
 1.25011e-01
 1.25004e-01
 1.25002e-01
 1.25001e-01
 1.25289e-01
 1.25265e-01
 1.25221e-01
 1.25170e-01
 1.25120e-01
 1.25079e-01
 1.25049e-01
 1.25028e-01
 1.25015e-01
 1.25008e-01
 1.25004e-01
 1.25002e-01
 1.25001e-01
 1.25000e-01
 1.25000e-01
 1.25027e-01
 1.25025e-01
 1.25021e-01
 1.25017e-01
 1.25012e-01
 1.25008e-01
 1.25005e-01
 1.25003e-01
 1.25002e-01
 1.25001e-01
 1.25000e-01
 1.25000e-01
 1.25000e-01
 1.25000e-01
 1.25000e-01
 1.25002e-01
 1.25002e-01
 1.25002e-01
 1.25001e-01
 1.25001e-01
 1.25001e-01
 1.25001e-01
 1.25000e-01
 1.25000e-01
 1.25000e-01
 1.25000e-01
 1.25000e-01
 1.25000e-01
 1.25000e-01
 1.25000e-01
 1.25000e-01
 1.25000e-01
 1.25000e-01
 1.25000e-01
 1.25000e-01
 1.25000e-01
 1.25000e-01
 1.25000e-01
 1.25000e-01
 1.25000e-01
 1.25000e-01
 1.25000e-01
 1.25000e-01
 1.25000e-01
 1.25000e-01
 1.25000e-01
 1.25000e-01
 1.25000e-01
 1.25000e-01
 1.25000e-01
 1.25000e-01
 1.25000e-01
 1.25000e-01
 1.25000e-01
 1.25000e-01
 1.25000e-01
 1.25000e-01
 1.25000e-01
 1.25000e-01
 1.25000e-01
 1.25000e-01
 1.25000e-01
 1.25000e-01
 1.25000e-01
 1.25000e-01
 1.25000e-01
 1.25000e-01
 1.25000e-01
 1.25000e-01
 1.25000e-01
 1.25000e-01
 1.25000e-01
 1.25000e-01
 1.25000e-01
 1.25000e-01
 1.25000e-01
 1.25000e-01
 1.25000e-01
 1.25000e-01
 1.25000e-01
 1.25000e-01
 1.25000e-01
 1.25000e-01
 1.25000e-01
 1.25000e-01
 1.25000e-01
 1.25000e-01
 1.25000e-01
 1.25000e-01
 1.25000e-01
 3.74836e-01
 3.82167e-01
 3.75180e-01
 3.65030e-01
 3.43595e-01
 3.37827e-01
 3.10253e-01
 2.98621e-01
 2.79294e-01
 2.54251e-01
 2.26658e-01
 1.97911e-01
 1.71518e-01
 1.50608e-01
 1.37037e-01
 3.17887e-01
 3.26305e-01
 3.21554e-01
 3.16734e-01
 2.99348e-01
 2.96094e-01
 2.75456e-01
 2.58783e-01
 2.36859e-01
 2.11634e-01
 1.86874e-01
 1.64494e-01
 1.47063e-01
 1.35687e-01
 1.29518e-01
 2.80316e-01
 2.85315e-01
 2.81640e-01
 2.75034e-01
 2.60299e-01
 2.51372e-01
 2.32592e-01
 2.13559e-01
 1.93024e-01
 1.72746e-01
 1.55275e-01
 1.41928e-01
 1.33357e-01
 1.28638e-01
 1.26417e-01
 2.41997e-01
 2.41521e-01
 2.36313e-01
 2.27774e-01
 2.15691e-01
 2.04080e-01
 1.88333e-01
 1.72571e-01
 1.57796e-01
 1.45379e-01
 1.36357e-01
 1.30679e-01
 1.27548e-01
 1.26031e-01
 1.25366e-01
 1.97576e-01
 1.95070e-01
 1.89883e-01
 1.82459e-01
 1.73537e-01
 1.64096e-01
 1.53625e-01
 1.44194e-01
 1.36710e-01
 1.31478e-01
 1.28299e-01
 1.26512e-01
 1.25634e-01
 1.25237e-01
 1.25086e-01
 1.58990e-01
 1.57094e-01
 1.53593e-01
 1.48898e-01
 1.43683e-01
 1.38677e-01
 1.34063e-01
 1.30515e-01
 1.28074e-01
 1.26587e-01
 1.25748e-01
 1.25325e-01
 1.25130e-01
 1.25050e-01
 1.25017e-01
 1.35410e-01
 1.34625e-01
 1.33221e-01
 1.31466e-01
 1.29714e-01
 1.28212e-01
 1.27019e-01
 1.26164e-01
 1.25617e-01
 1.25300e-01
 1.25137e-01
 1.25059e-01
 1.25024e-01
 1.25009e-01
 1.25003e-01
 1.26924e-01
 1.26764e-01
 1.26479e-01
 1.26144e-01
 1.25818e-01
 1.25541e-01
 1.25329e-01
 1.25186e-01
 1.25096e-01
 1.25048e-01
 1.25022e-01
 1.25010e-01
 1.25004e-01
 1.25002e-01
 1.25001e-01
 1.25242e-01
 1.25221e-01
 1.25184e-01
 1.25143e-01
 1.25102e-01
 1.25067e-01
 1.25042e-01
 1.25024e-01
 1.25013e-01
 1.25007e-01
 1.25003e-01
 1.25001e-01
 1.25001e-01
 1.25000e-01
 1.25000e-01
 1.25023e-01
 1.25021e-01
 1.25018e-01
 1.25014e-01
 1.25010e-01
 1.25007e-01
 1.25005e-01
 1.25003e-01
 1.25002e-01
 1.25001e-01
 1.25000e-01
 1.25000e-01
 1.25000e-01
 1.25000e-01
 1.25000e-01
 1.25002e-01
 1.25002e-01
 1.25002e-01
 1.25001e-01
 1.25001e-01
 1.25001e-01
 1.25000e-01
 1.25000e-01
 1.25000e-01
 1.25000e-01
 1.25000e-01
 1.25000e-01
 1.25000e-01
 1.25000e-01
 1.25000e-01
 1.25000e-01
 1.25000e-01
 1.25000e-01
 1.25000e-01
 1.25000e-01
 1.25000e-01
 1.25000e-01
 1.25000e-01
 1.25000e-01
 1.25000e-01
 1.25000e-01
 1.25000e-01
 1.25000e-01
 1.25000e-01
 1.25000e-01
 1.25000e-01
 1.25000e-01
 1.25000e-01
 1.25000e-01
 1.25000e-01
 1.25000e-01
 1.25000e-01
 1.25000e-01
 1.25000e-01
 1.25000e-01
 1.25000e-01
 1.25000e-01
 1.25000e-01
 1.25000e-01
 1.25000e-01
 1.25000e-01
 1.25000e-01
 1.25000e-01
 1.25000e-01
 1.25000e-01
 1.25000e-01
 1.25000e-01
 1.25000e-01
 1.25000e-01
 1.25000e-01
 1.25000e-01
 1.25000e-01
 1.25000e-01
 1.25000e-01
 1.25000e-01
 1.25000e-01
 1.25000e-01
 1.25000e-01
 1.25000e-01
 1.25000e-01
 1.25000e-01
 1.25000e-01
 1.25000e-01
 1.25000e-01
 1.25000e-01
 1.25000e-01
 1.25000e-01
 1.25000e-01
 1.25000e-01
 1.25000e-01
 3.79860e-01
 3.81653e-01
 3.64940e-01
 3.46848e-01
 3.35917e-01
 3.33554e-01
 3.07941e-01
 2.95140e-01
 2.73995e-01
 2.46844e-01
 2.18223e-01
 1.90690e-01
 1.65944e-01
 1.46996e-01
 1.35122e-01
 3.26991e-01
 3.29459e-01
 3.16688e-01
 3.00453e-01
 2.94920e-01
 2.92157e-01
 2.70252e-01
 2.51904e-01
 2.28382e-01
 2.03402e-01
 1.79618e-01
 1.59235e-01
 1.43705e-01
 1.33925e-01
 1.28695e-01
 2.84121e-01
 2.84649e-01
 2.75019e-01
 2.61691e-01
 2.54461e-01
 2.44318e-01
 2.24304e-01
 2.05396e-01
 1.85432e-01
 1.66677e-01
 1.50790e-01
 1.39176e-01
 1.31917e-01
 1.27986e-01
 1.26149e-01
 2.36678e-01
 2.34729e-01
 2.27770e-01
 2.18055e-01
 2.09049e-01
 1.96504e-01
 1.81010e-01
 1.66444e-01
 1.53075e-01
 1.42169e-01
 1.34421e-01
 1.29652e-01
 1.27070e-01
 1.25834e-01
 1.25294e-01
 1.89717e-01
 1.87455e-01
 1.82459e-01
 1.75655e-01
 1.67956e-01
 1.58725e-01
 1.49207e-01
 1.41007e-01
 1.34662e-01
 1.30311e-01
 1.27674e-01
 1.26219e-01
 1.25508e-01
 1.25191e-01
 1.25070e-01
 1.53526e-01
 1.51993e-01
 1.48898e-01
 1.44889e-01
 1.40567e-01
 1.36228e-01
 1.32352e-01
 1.29449e-01
 1.27481e-01
 1.26273e-01
 1.25598e-01
 1.25259e-01
 1.25105e-01
 1.25040e-01
 1.25014e-01
 1.33206e-01
 1.32603e-01
 1.31466e-01
 1.30100e-01
 1.28759e-01
 1.27557e-01
 1.26597e-01
 1.25919e-01
 1.25489e-01
 1.25239e-01
 1.25110e-01
 1.25048e-01
 1.25020e-01
 1.25008e-01
 1.25003e-01
 1.26477e-01
 1.26361e-01
 1.26144e-01
 1.25892e-01
 1.25642e-01
 1.25424e-01
 1.25257e-01
 1.25145e-01
 1.25076e-01
 1.25038e-01
 1.25018e-01
 1.25008e-01
 1.25003e-01
 1.25001e-01
 1.25000e-01
 1.25184e-01
 1.25170e-01
 1.25143e-01
 1.25111e-01
 1.25080e-01
 1.25053e-01
 1.25033e-01
 1.25019e-01
 1.25010e-01
 1.25005e-01
 1.25003e-01
 1.25001e-01
 1.25000e-01
 1.25000e-01
 1.25000e-01
 1.25018e-01
 1.25017e-01
 1.25014e-01
 1.25011e-01
 1.25008e-01
 1.25006e-01
 1.25004e-01
 1.25002e-01
 1.25001e-01
 1.25001e-01
 1.25000e-01
 1.25000e-01
 1.25000e-01
 1.25000e-01
 1.25000e-01
 1.25002e-01
 1.25001e-01
 1.25001e-01
 1.25001e-01
 1.25001e-01
 1.25001e-01
 1.25000e-01
 1.25000e-01
 1.25000e-01
 1.25000e-01
 1.25000e-01
 1.25000e-01
 1.25000e-01
 1.25000e-01
 1.25000e-01
 1.25000e-01
 1.25000e-01
 1.25000e-01
 1.25000e-01
 1.25000e-01
 1.25000e-01
 1.25000e-01
 1.25000e-01
 1.25000e-01
 1.25000e-01
 1.25000e-01
 1.25000e-01
 1.25000e-01
 1.25000e-01
 1.25000e-01
 1.25000e-01
 1.25000e-01
 1.25000e-01
 1.25000e-01
 1.25000e-01
 1.25000e-01
 1.25000e-01
 1.25000e-01
 1.25000e-01
 1.25000e-01
 1.25000e-01
 1.25000e-01
 1.25000e-01
 1.25000e-01
 1.25000e-01
 1.25000e-01
 1.25000e-01
 1.25000e-01
 1.25000e-01
 1.25000e-01
 1.25000e-01
 1.25000e-01
 1.25000e-01
 1.25000e-01
 1.25000e-01
 1.25000e-01
 1.25000e-01
 1.25000e-01
 1.25000e-01
 1.25000e-01
 1.25000e-01
 1.25000e-01
 1.25000e-01
 1.25000e-01
 1.25000e-01
 1.25000e-01
 1.25000e-01
 1.25000e-01
 1.25000e-01
 1.25000e-01
 1.25000e-01
 1.25000e-01
 1.25000e-01
 1.25000e-01
 1.25000e-01
 3.46286e-01
 3.52696e-01
 3.43597e-01
 3.35997e-01
 3.27310e-01
 3.16124e-01
 2.95368e-01
 2.78928e-01
 2.59540e-01
 2.33965e-01
 2.07021e-01
 1.81056e-01
 1.59028e-01
 1.42694e-01
 1.32974e-01
 3.00001e-01
 3.08319e-01
 2.99321e-01
 2.94988e-01
 2.90076e-01
 2.76731e-01
 2.57134e-01
 2.37213e-01
 2.15617e-01
 1.92417e-01
 1.70986e-01
 1.52928e-01
 1.39909e-01
 1.31970e-01
 1.27832e-01
 2.64331e-01
 2.68653e-01
 2.60271e-01
 2.54513e-01
 2.46106e-01
 2.29949e-01
 2.12095e-01
 1.93823e-01
 1.75980e-01
 1.59264e-01
 1.45719e-01
 1.36106e-01
 1.30343e-01
 1.27267e-01
 1.25868e-01
 2.22219e-01
 2.22128e-01
 2.15677e-01
 2.09072e-01
 1.99039e-01
 1.85474e-01
 1.71836e-01
 1.58829e-01
 1.47477e-01
 1.38447e-01
 1.32284e-01
 1.28554e-01
 1.26563e-01
 1.25624e-01
 1.25220e-01
 1.79536e-01
 1.77971e-01
 1.73534e-01
 1.67961e-01
 1.60473e-01
 1.52021e-01
 1.44025e-01
 1.37364e-01
 1.32386e-01
 1.29040e-01
 1.27018e-01
 1.25914e-01
 1.25377e-01
 1.25144e-01
 1.25053e-01
 1.47357e-01
 1.46172e-01
 1.43682e-01
 1.40568e-01
 1.37000e-01
 1.33473e-01
 1.30498e-01
 1.28313e-01
 1.26851e-01
 1.25945e-01
 1.25446e-01
 1.25194e-01
 1.25079e-01
 1.25031e-01
 1.25011e-01
 1.30943e-01
 1.30527e-01
 1.29714e-01
 1.28759e-01
 1.27770e-01
 1.26872e-01
 1.26167e-01
 1.25671e-01
 1.25358e-01
 1.25176e-01
 1.25082e-01
 1.25036e-01
 1.25015e-01
 1.25006e-01
 1.25002e-01
 1.26047e-01
 1.25969e-01
 1.25818e-01
 1.25642e-01
 1.25461e-01
 1.25305e-01
 1.25186e-01
 1.25106e-01
 1.25057e-01
 1.25028e-01
 1.25013e-01
 1.25006e-01
 1.25002e-01
 1.25001e-01
 1.25000e-01
 1.25131e-01
 1.25120e-01
 1.25102e-01
 1.25080e-01
 1.25058e-01
 1.25039e-01
 1.25025e-01
 1.25014e-01
 1.25008e-01
 1.25004e-01
 1.25002e-01
 1.25001e-01
 1.25000e-01
 1.25000e-01
 1.25000e-01
 1.25013e-01
 1.25012e-01
 1.25010e-01
 1.25008e-01
 1.25006e-01
 1.25004e-01
 1.25003e-01
 1.25002e-01
 1.25001e-01
 1.25000e-01
 1.25000e-01
 1.25000e-01
 1.25000e-01
 1.25000e-01
 1.25000e-01
 1.25001e-01
 1.25001e-01
 1.25001e-01
 1.25001e-01
 1.25001e-01
 1.25000e-01
 1.25000e-01
 1.25000e-01
 1.25000e-01
 1.25000e-01
 1.25000e-01
 1.25000e-01
 1.25000e-01
 1.25000e-01
 1.25000e-01
 1.25000e-01
 1.25000e-01
 1.25000e-01
 1.25000e-01
 1.25000e-01
 1.25000e-01
 1.25000e-01
 1.25000e-01
 1.25000e-01
 1.25000e-01
 1.25000e-01
 1.25000e-01
 1.25000e-01
 1.25000e-01
 1.25000e-01
 1.25000e-01
 1.25000e-01
 1.25000e-01
 1.25000e-01
 1.25000e-01
 1.25000e-01
 1.25000e-01
 1.25000e-01
 1.25000e-01
 1.25000e-01
 1.25000e-01
 1.25000e-01
 1.25000e-01
 1.25000e-01
 1.25000e-01
 1.25000e-01
 1.25000e-01
 1.25000e-01
 1.25000e-01
 1.25000e-01
 1.25000e-01
 1.25000e-01
 1.25000e-01
 1.25000e-01
 1.25000e-01
 1.25000e-01
 1.25000e-01
 1.25000e-01
 1.25000e-01
 1.25000e-01
 1.25000e-01
 1.25000e-01
 1.25000e-01
 1.25000e-01
 1.25000e-01
 1.25000e-01
 1.25000e-01
 1.25000e-01
 1.25000e-01
 1.25000e-01
 1.25000e-01
 1.25000e-01
 1.25000e-01
 1.25000e-01
 1.25000e-01
 3.42692e-01
 3.45043e-01
 3.37978e-01
 3.33616e-01
 3.16132e-01
 2.99298e-01
 2.84949e-01
 2.67305e-01
 2.45285e-01
 2.19633e-01
 1.93494e-01
 1.70197e-01
 1.51237e-01
 1.38221e-01
 1.30783e-01
 2.98125e-01
 3.02426e-01
 2.96219e-01
 2.92245e-01
 2.76761e-01
 2.59953e-01
 2.43161e-01
 2.24075e-01
 2.02493e-01
 1.81025e-01
 1.61532e-01
 1.46406e-01
 1.36019e-01
 1.30072e-01
 1.27007e-01
 2.56730e-01
 2.58064e-01
 2.51460e-01
 2.44395e-01
 2.29973e-01
 2.14720e-01
 1.98881e-01
 1.82517e-01
 1.66115e-01
 1.51755e-01
 1.40568e-01
 1.33160e-01
 1.28843e-01
 1.26608e-01
 1.25603e-01
 2.11077e-01
 2.09662e-01
 2.04115e-01
 1.96537e-01
 1.85483e-01
 1.73858e-01
 1.62157e-01
 1.51269e-01
 1.41920e-01
 1.34921e-01
 1.30260e-01
 1.27533e-01
 1.26095e-01
 1.25433e-01
 1.25155e-01
 1.69591e-01
 1.67850e-01
 1.64107e-01
 1.58734e-01
 1.52024e-01
 1.45160e-01
 1.38966e-01
 1.33947e-01
 1.30279e-01
 1.27868e-01
 1.26413e-01
 1.25635e-01
 1.25263e-01
 1.25101e-01
 1.25037e-01
 1.41498e-01
 1.40537e-01
 1.38681e-01
 1.36230e-01
 1.33474e-01
 1.30915e-01
 1.28839e-01
 1.27304e-01
 1.26280e-01
 1.25652e-01
 1.25308e-01
 1.25134e-01
 1.25056e-01
 1.25022e-01
 1.25008e-01
 1.29038e-01
 1.28747e-01
 1.28213e-01
 1.27557e-01
 1.26872e-01
 1.26263e-01
 1.25789e-01
 1.25454e-01
 1.25243e-01
 1.25121e-01
 1.25057e-01
 1.25025e-01
 1.25011e-01
 1.25004e-01
 1.25002e-01
 1.25691e-01
 1.25638e-01
 1.25541e-01
 1.25424e-01
 1.25305e-01
 1.25203e-01
 1.25125e-01
 1.25072e-01
 1.25039e-01
 1.25020e-01
 1.25009e-01
 1.25004e-01
 1.25002e-01
 1.25001e-01
 1.25000e-01
 1.25085e-01
 1.25079e-01
 1.25067e-01
 1.25053e-01
 1.25039e-01
 1.25026e-01
 1.25017e-01
 1.25010e-01
 1.25005e-01
 1.25003e-01
 1.25001e-01
 1.25001e-01
 1.25000e-01
 1.25000e-01
 1.25000e-01
 1.25009e-01
 1.25008e-01
 1.25007e-01
 1.25006e-01
 1.25004e-01
 1.25003e-01
 1.25002e-01
 1.25001e-01
 1.25001e-01
 1.25000e-01
 1.25000e-01
 1.25000e-01
 1.25000e-01
 1.25000e-01
 1.25000e-01
 1.25001e-01
 1.25001e-01
 1.25001e-01
 1.25001e-01
 1.25000e-01
 1.25000e-01
 1.25000e-01
 1.25000e-01
 1.25000e-01
 1.25000e-01
 1.25000e-01
 1.25000e-01
 1.25000e-01
 1.25000e-01
 1.25000e-01
 1.25000e-01
 1.25000e-01
 1.25000e-01
 1.25000e-01
 1.25000e-01
 1.25000e-01
 1.25000e-01
 1.25000e-01
 1.25000e-01
 1.25000e-01
 1.25000e-01
 1.25000e-01
 1.25000e-01
 1.25000e-01
 1.25000e-01
 1.25000e-01
 1.25000e-01
 1.25000e-01
 1.25000e-01
 1.25000e-01
 1.25000e-01
 1.25000e-01
 1.25000e-01
 1.25000e-01
 1.25000e-01
 1.25000e-01
 1.25000e-01
 1.25000e-01
 1.25000e-01
 1.25000e-01
 1.25000e-01
 1.25000e-01
 1.25000e-01
 1.25000e-01
 1.25000e-01
 1.25000e-01
 1.25000e-01
 1.25000e-01
 1.25000e-01
 1.25000e-01
 1.25000e-01
 1.25000e-01
 1.25000e-01
 1.25000e-01
 1.25000e-01
 1.25000e-01
 1.25000e-01
 1.25000e-01
 1.25000e-01
 1.25000e-01
 1.25000e-01
 1.25000e-01
 1.25000e-01
 1.25000e-01
 1.25000e-01
 1.25000e-01
 1.25000e-01
 1.25000e-01
 1.25000e-01
 1.25000e-01
 3.35182e-01
 3.17299e-01
 3.10251e-01
 3.07861e-01
 2.95328e-01
 2.84961e-01
 2.72060e-01
 2.52998e-01
 2.29955e-01
 2.04366e-01
 1.80282e-01
 1.59507e-01
 1.44164e-01
 1.34276e-01
 1.28957e-01
 2.93274e-01
 2.81465e-01
 2.75439e-01
 2.70200e-01
 2.57116e-01
 2.43173e-01
 2.27759e-01
 2.08895e-01
 1.88781e-01
 1.69057e-01
 1.52602e-01
 1.40399e-01
 1.32702e-01
 1.28428e-01
 1.26339e-01
 2.44741e-01
 2.38492e-01
 2.32594e-01
 2.24290e-01
 2.12092e-01
 1.98885e-01
 1.85139e-01
 1.70370e-01
 1.56416e-01
 1.44576e-01
 1.36055e-01
 1.30612e-01
 1.27577e-01
 1.26057e-01
 1.25392e-01
 1.96705e-01
 1.93298e-01
 1.88337e-01
 1.81008e-01
 1.71837e-01
 1.62158e-01
 1.52744e-01
 1.44053e-01
 1.36976e-01
 1.31831e-01
 1.28553e-01
 1.26678e-01
 1.25716e-01
 1.25283e-01
 1.25102e-01
 1.58808e-01
 1.56853e-01
 1.53625e-01
 1.49206e-01
 1.44025e-01
 1.38966e-01
 1.34553e-01
 1.31055e-01
 1.28552e-01
 1.26899e-01
 1.25924e-01
 1.25412e-01
 1.25171e-01
 1.25067e-01
 1.25025e-01
 1.36213e-01
 1.35397e-01
 1.34062e-01
 1.32352e-01
 1.30498e-01
 1.28839e-01
 1.27487e-01
 1.26492e-01
 1.25829e-01
 1.25420e-01
 1.25199e-01
 1.25088e-01
 1.25036e-01
 1.25014e-01
 1.25005e-01
 1.27548e-01
 1.27346e-01
 1.27019e-01
 1.26597e-01
 1.26167e-01
 1.25789e-01
 1.25493e-01
 1.25285e-01
 1.25154e-01
 1.25078e-01
 1.25037e-01
 1.25017e-01
 1.25007e-01
 1.25003e-01
 1.25001e-01
 1.25418e-01
 1.25385e-01
 1.25329e-01
 1.25257e-01
 1.25186e-01
 1.25125e-01
 1.25078e-01
 1.25046e-01
 1.25025e-01
 1.25013e-01
 1.25006e-01
 1.25003e-01
 1.25001e-01
 1.25000e-01
 1.25000e-01
 1.25053e-01
 1.25049e-01
 1.25042e-01
 1.25033e-01
 1.25025e-01
 1.25017e-01
 1.25011e-01
 1.25006e-01
 1.25004e-01
 1.25002e-01
 1.25001e-01
 1.25000e-01
 1.25000e-01
 1.25000e-01
 1.25000e-01
 1.25006e-01
 1.25005e-01
 1.25005e-01
 1.25004e-01
 1.25003e-01
 1.25002e-01
 1.25001e-01
 1.25001e-01
 1.25000e-01
 1.25000e-01
 1.25000e-01
 1.25000e-01
 1.25000e-01
 1.25000e-01
 1.25000e-01
 1.25001e-01
 1.25001e-01
 1.25000e-01
 1.25000e-01
 1.25000e-01
 1.25000e-01
 1.25000e-01
 1.25000e-01
 1.25000e-01
 1.25000e-01
 1.25000e-01
 1.25000e-01
 1.25000e-01
 1.25000e-01
 1.25000e-01
 1.25000e-01
 1.25000e-01
 1.25000e-01
 1.25000e-01
 1.25000e-01
 1.25000e-01
 1.25000e-01
 1.25000e-01
 1.25000e-01
 1.25000e-01
 1.25000e-01
 1.25000e-01
 1.25000e-01
 1.25000e-01
 1.25000e-01
 1.25000e-01
 1.25000e-01
 1.25000e-01
 1.25000e-01
 1.25000e-01
 1.25000e-01
 1.25000e-01
 1.25000e-01
 1.25000e-01
 1.25000e-01
 1.25000e-01
 1.25000e-01
 1.25000e-01
 1.25000e-01
 1.25000e-01
 1.25000e-01
 1.25000e-01
 1.25000e-01
 1.25000e-01
 1.25000e-01
 1.25000e-01
 1.25000e-01
 1.25000e-01
 1.25000e-01
 1.25000e-01
 1.25000e-01
 1.25000e-01
 1.25000e-01
 1.25000e-01
 1.25000e-01
 1.25000e-01
 1.25000e-01
 1.25000e-01
 1.25000e-01
 1.25000e-01
 1.25000e-01
 1.25000e-01
 1.25000e-01
 1.25000e-01
 1.25000e-01
 1.25000e-01
 1.25000e-01
 1.25000e-01
 1.25000e-01
 1.25000e-01
 3.18274e-01
 3.01473e-01
 2.98669e-01
 2.95099e-01
 2.78951e-01
 2.67336e-01
 2.53016e-01
 2.33959e-01
 2.10993e-01
 1.87771e-01
 1.66480e-01
 1.49771e-01
 1.38019e-01
 1.31110e-01
 1.27487e-01
 2.72783e-01
 2.62530e-01
 2.58821e-01
 2.51880e-01
 2.37224e-01
 2.24095e-01
 2.08905e-01
 1.91778e-01
 1.73649e-01
 1.57360e-01
 1.44276e-01
 1.35366e-01
 1.30004e-01
 1.27158e-01
 1.25823e-01
 2.22893e-01
 2.18318e-01
 2.13582e-01
 2.05387e-01
 1.93823e-01
 1.82523e-01
 1.70373e-01
 1.58230e-01
 1.47076e-01
 1.38318e-01
 1.32251e-01
 1.28610e-01
 1.26615e-01
 1.25652e-01
 1.25239e-01
 1.79143e-01
 1.76673e-01
 1.72581e-01
 1.66445e-01
 1.58830e-01
 1.51270e-01
 1.44054e-01
 1.37786e-01
 1.32841e-01
 1.29402e-01
 1.27235e-01
 1.26037e-01
 1.25436e-01
 1.25172e-01
 1.25063e-01
 1.48007e-01
 1.46571e-01
 1.44197e-01
 1.41008e-01
 1.37365e-01
 1.33947e-01
 1.31055e-01
 1.28802e-01
 1.27206e-01
 1.26165e-01
 1.25560e-01
 1.25249e-01
 1.25105e-01
 1.25041e-01
 1.25015e-01
 1.31884e-01
 1.31363e-01
 1.30516e-01
 1.29449e-01
 1.28313e-01
 1.27304e-01
 1.26492e-01
 1.25889e-01
 1.25492e-01
 1.25250e-01
 1.25120e-01
 1.25053e-01
 1.25022e-01
 1.25009e-01
 1.25003e-01
 1.26473e-01
 1.26357e-01
 1.26164e-01
 1.25919e-01
 1.25671e-01
 1.25454e-01
 1.25285e-01
 1.25167e-01
 1.25091e-01
 1.25047e-01
 1.25023e-01
 1.25010e-01
 1.25004e-01
 1.25002e-01
 1.25001e-01
 1.25236e-01
 1.25218e-01
 1.25186e-01
 1.25145e-01
 1.25106e-01
 1.25072e-01
 1.25046e-01
 1.25027e-01
 1.25015e-01
 1.25008e-01
 1.25004e-01
 1.25002e-01
 1.25001e-01
 1.25000e-01
 1.25000e-01
 1.25030e-01
 1.25028e-01
 1.25024e-01
 1.25019e-01
 1.25014e-01
 1.25010e-01
 1.25006e-01
 1.25004e-01
 1.25002e-01
 1.25001e-01
 1.25001e-01
 1.25000e-01
 1.25000e-01
 1.25000e-01
 1.25000e-01
 1.25003e-01
 1.25003e-01
 1.25003e-01
 1.25002e-01
 1.25002e-01
 1.25001e-01
 1.25001e-01
 1.25000e-01
 1.25000e-01
 1.25000e-01
 1.25000e-01
 1.25000e-01
 1.25000e-01
 1.25000e-01
 1.25000e-01
 1.25000e-01
 1.25000e-01
 1.25000e-01
 1.25000e-01
 1.25000e-01
 1.25000e-01
 1.25000e-01
 1.25000e-01
 1.25000e-01
 1.25000e-01
 1.25000e-01
 1.25000e-01
 1.25000e-01
 1.25000e-01
 1.25000e-01
 1.25000e-01
 1.25000e-01
 1.25000e-01
 1.25000e-01
 1.25000e-01
 1.25000e-01
 1.25000e-01
 1.25000e-01
 1.25000e-01
 1.25000e-01
 1.25000e-01
 1.25000e-01
 1.25000e-01
 1.25000e-01
 1.25000e-01
 1.25000e-01
 1.25000e-01
 1.25000e-01
 1.25000e-01
 1.25000e-01
 1.25000e-01
 1.25000e-01
 1.25000e-01
 1.25000e-01
 1.25000e-01
 1.25000e-01
 1.25000e-01
 1.25000e-01
 1.25000e-01
 1.25000e-01
 1.25000e-01
 1.25000e-01
 1.25000e-01
 1.25000e-01
 1.25000e-01
 1.25000e-01
 1.25000e-01
 1.25000e-01
 1.25000e-01
 1.25000e-01
 1.25000e-01
 1.25000e-01
 1.25000e-01
 1.25000e-01
 1.25000e-01
 1.25000e-01
 1.25000e-01
 1.25000e-01
 1.25000e-01
 1.25000e-01
 1.25000e-01
 1.25000e-01
 1.25000e-01
 1.25000e-01
 1.25000e-01
 1.25000e-01
 1.25000e-01
 1.25000e-01
 1.25000e-01
 1.25000e-01
 2.89468e-01
 2.81302e-01
 2.79316e-01
 2.73987e-01
 2.59590e-01
 2.45341e-01
 2.29987e-01
 2.11003e-01
 1.90550e-01
 1.70513e-01
 1.53811e-01
 1.41249e-01
 1.33236e-01
 1.28714e-01
 1.26472e-01
 2.45900e-01
 2.40753e-01
 2.36887e-01
 2.28379e-01
 2.15638e-01
 2.02515e-01
 1.88793e-01
 1.73653e-01
 1.59169e-01
 1.46595e-01
 1.37449e-01
 1.31432e-01
 1.28030e-01
 1.26262e-01
 1.25479e-01
 2.00100e-01
 1.97380e-01
 1.93036e-01
 1.85428e-01
 1.75984e-01
 1.66120e-01
 1.56419e-01
 1.47077e-01
 1.39206e-01
 1.33295e-01
 1.29420e-01
 1.27132e-01
 1.25932e-01
 1.25372e-01
 1.25138e-01
 1.62708e-01
 1.60962e-01
 1.57800e-01
 1.53075e-01
 1.47480e-01
 1.41922e-01
 1.36977e-01
 1.32841e-01
 1.29713e-01
 1.27588e-01
 1.26290e-01
 1.25589e-01
 1.25248e-01
 1.25099e-01
 1.25037e-01
 1.39148e-01
 1.38245e-01
 1.36710e-01
 1.34662e-01
 1.32387e-01
 1.30280e-01
 1.28552e-01
 1.27206e-01
 1.26253e-01
 1.25655e-01
 1.25314e-01
 1.25141e-01
 1.25060e-01
 1.25024e-01
 1.25009e-01
 1.28817e-01
 1.28549e-01
 1.28075e-01
 1.27482e-01
 1.26851e-01
 1.26280e-01
 1.25829e-01
 1.25492e-01
 1.25273e-01
 1.25140e-01
 1.25068e-01
 1.25030e-01
 1.25013e-01
 1.25005e-01
 1.25002e-01
 1.25775e-01
 1.25721e-01
 1.25617e-01
 1.25490e-01
 1.25358e-01
 1.25243e-01
 1.25154e-01
 1.25091e-01
 1.25051e-01
 1.25027e-01
 1.25013e-01
 1.25006e-01
 1.25003e-01
 1.25001e-01
 1.25000e-01
 1.25120e-01
 1.25111e-01
 1.25096e-01
 1.25076e-01
 1.25057e-01
 1.25039e-01
 1.25025e-01
 1.25015e-01
 1.25008e-01
 1.25004e-01
 1.25002e-01
 1.25001e-01
 1.25000e-01
 1.25000e-01
 1.25000e-01
 1.25016e-01
 1.25015e-01
 1.25013e-01
 1.25010e-01
 1.25008e-01
 1.25005e-01
 1.25004e-01
 1.25002e-01
 1.25001e-01
 1.25001e-01
 1.25000e-01
 1.25000e-01
 1.25000e-01
 1.25000e-01
 1.25000e-01
 1.25002e-01
 1.25002e-01
 1.25002e-01
 1.25001e-01
 1.25001e-01
 1.25001e-01
 1.25000e-01
 1.25000e-01
 1.25000e-01
 1.25000e-01
 1.25000e-01
 1.25000e-01
 1.25000e-01
 1.25000e-01
 1.25000e-01
 1.25000e-01
 1.25000e-01
 1.25000e-01
 1.25000e-01
 1.25000e-01
 1.25000e-01
 1.25000e-01
 1.25000e-01
 1.25000e-01
 1.25000e-01
 1.25000e-01
 1.25000e-01
 1.25000e-01
 1.25000e-01
 1.25000e-01
 1.25000e-01
 1.25000e-01
 1.25000e-01
 1.25000e-01
 1.25000e-01
 1.25000e-01
 1.25000e-01
 1.25000e-01
 1.25000e-01
 1.25000e-01
 1.25000e-01
 1.25000e-01
 1.25000e-01
 1.25000e-01
 1.25000e-01
 1.25000e-01
 1.25000e-01
 1.25000e-01
 1.25000e-01
 1.25000e-01
 1.25000e-01
 1.25000e-01
 1.25000e-01
 1.25000e-01
 1.25000e-01
 1.25000e-01
 1.25000e-01
 1.25000e-01
 1.25000e-01
 1.25000e-01
 1.25000e-01
 1.25000e-01
 1.25000e-01
 1.25000e-01
 1.25000e-01
 1.25000e-01
 1.25000e-01
 1.25000e-01
 1.25000e-01
 1.25000e-01
 1.25000e-01
 1.25000e-01
 1.25000e-01
 1.25000e-01
 1.25000e-01
 1.25000e-01
 1.25000e-01
 1.25000e-01
 1.25000e-01
 1.25000e-01
 1.25000e-01
 1.25000e-01
 1.25000e-01
 1.25000e-01
 1.25000e-01
 1.25000e-01
 1.25000e-01
 1.25000e-01
 1.25000e-01
 1.25000e-01
 2.65177e-01
 2.61775e-01
 2.54260e-01
 2.46802e-01
 2.33975e-01
 2.19663e-01
 2.04381e-01
 1.87777e-01
 1.70513e-01
 1.55309e-01
 1.43093e-01
 1.34876e-01
 1.29780e-01
 1.27097e-01
 1.25800e-01
 2.20703e-01
 2.17761e-01
 2.11639e-01
 2.03383e-01
 1.92418e-01
 1.81035e-01
 1.69060e-01
 1.57362e-01
 1.46595e-01
 1.38232e-01
 1.32313e-01
 1.28693e-01
 1.26672e-01
 1.25687e-01
 1.25257e-01
 1.79220e-01
 1.77131e-01
 1.72747e-01
 1.66673e-01
 1.59265e-01
 1.51759e-01
 1.44577e-01
 1.38318e-01
 1.33295e-01
 1.29742e-01
 1.27451e-01
 1.26160e-01
 1.25499e-01
 1.25201e-01
 1.25074e-01
 1.49053e-01
 1.47797e-01
 1.45379e-01
 1.42168e-01
 1.38448e-01
 1.34922e-01
 1.31831e-01
 1.29402e-01
 1.27588e-01
 1.26395e-01
 1.25685e-01
 1.25311e-01
 1.25133e-01
 1.25053e-01
 1.25020e-01
 1.32900e-01
 1.32389e-01
 1.31478e-01
 1.30311e-01
 1.29041e-01
 1.27868e-01
 1.26898e-01
 1.26165e-01
 1.25655e-01
 1.25342e-01
 1.25164e-01
 1.25075e-01
 1.25032e-01
 1.25013e-01
 1.25005e-01
 1.26979e-01
 1.26841e-01
 1.26588e-01
 1.26273e-01
 1.25945e-01
 1.25652e-01
 1.25420e-01
 1.25250e-01
 1.25140e-01
 1.25073e-01
 1.25036e-01
 1.25016e-01
 1.25007e-01
 1.25003e-01
 1.25001e-01
 1.25378e-01
 1.25351e-01
 1.25300e-01
 1.25239e-01
 1.25176e-01
 1.25121e-01
 1.25078e-01
 1.25047e-01
 1.25027e-01
 1.25014e-01
 1.25007e-01
 1.25003e-01
 1.25001e-01
 1.25001e-01
 1.25000e-01
 1.25060e-01
 1.25055e-01
 1.25048e-01
 1.25038e-01
 1.25028e-01
 1.25020e-01
 1.25013e-01
 1.25008e-01
 1.25004e-01
 1.25002e-01
 1.25001e-01
 1.25001e-01
 1.25000e-01
 1.25000e-01
 1.25000e-01
 1.25008e-01
 1.25008e-01
 1.25007e-01
 1.25005e-01
 1.25004e-01
 1.25003e-01
 1.25002e-01
 1.25001e-01
 1.25001e-01
 1.25000e-01
 1.25000e-01
 1.25000e-01
 1.25000e-01
 1.25000e-01
 1.25000e-01
 1.25001e-01
 1.25001e-01
 1.25001e-01
 1.25001e-01
 1.25000e-01
 1.25000e-01
 1.25000e-01
 1.25000e-01
 1.25000e-01
 1.25000e-01
 1.25000e-01
 1.25000e-01
 1.25000e-01
 1.25000e-01
 1.25000e-01
 1.25000e-01
 1.25000e-01
 1.25000e-01
 1.25000e-01
 1.25000e-01
 1.25000e-01
 1.25000e-01
 1.25000e-01
 1.25000e-01
 1.25000e-01
 1.25000e-01
 1.25000e-01
 1.25000e-01
 1.25000e-01
 1.25000e-01
 1.25000e-01
 1.25000e-01
 1.25000e-01
 1.25000e-01
 1.25000e-01
 1.25000e-01
 1.25000e-01
 1.25000e-01
 1.25000e-01
 1.25000e-01
 1.25000e-01
 1.25000e-01
 1.25000e-01
 1.25000e-01
 1.25000e-01
 1.25000e-01
 1.25000e-01
 1.25000e-01
 1.25000e-01
 1.25000e-01
 1.25000e-01
 1.25000e-01
 1.25000e-01
 1.25000e-01
 1.25000e-01
 1.25000e-01
 1.25000e-01
 1.25000e-01
 1.25000e-01
 1.25000e-01
 1.25000e-01
 1.25000e-01
 1.25000e-01
 1.25000e-01
 1.25000e-01
 1.25000e-01
 1.25000e-01
 1.25000e-01
 1.25000e-01
 1.25000e-01
 1.25000e-01
 1.25000e-01
 1.25000e-01
 1.25000e-01
 1.25000e-01
 1.25000e-01
 1.25000e-01
 1.25000e-01
 1.25000e-01
 1.25000e-01
 1.25000e-01
 1.25000e-01
 1.25000e-01
 1.25000e-01
 1.25000e-01
 1.25000e-01
 1.25000e-01
 1.25000e-01
 1.25000e-01
 1.25000e-01
 2.36563e-01
 2.34907e-01
 2.26676e-01
 2.18188e-01
 2.07009e-01
 1.93495e-01
 1.80288e-01
 1.66480e-01
 1.53810e-01
 1.43093e-01
 1.35458e-01
 1.30427e-01
 1.27565e-01
 1.26069e-01
 1.25407e-01
 1.94765e-01
 1.92441e-01
 1.86878e-01
 1.79602e-01
 1.70982e-01
 1.61532e-01
 1.52603e-01
 1.44275e-01
 1.37449e-01
 1.32312e-01
 1.28954e-01
 1.26917e-01
 1.25854e-01
 1.25346e-01
 1.25131e-01
 1.60379e-01
 1.58700e-01
 1.55277e-01
 1.50785e-01
 1.45719e-01
 1.40569e-01
 1.36054e-01
 1.32251e-01
 1.29420e-01
 1.27451e-01
 1.26244e-01
 1.25577e-01
 1.25249e-01
 1.25101e-01
 1.25038e-01
 1.38696e-01
 1.37889e-01
 1.36357e-01
 1.34421e-01
 1.32285e-01
 1.30260e-01
 1.28553e-01
 1.27234e-01
 1.26290e-01
 1.25685e-01
 1.25335e-01
 1.25153e-01
 1.25066e-01
 1.25027e-01
 1.25010e-01
 1.29049e-01
 1.28781e-01
 1.28300e-01
 1.27674e-01
 1.27018e-01
 1.26413e-01
 1.25924e-01
 1.25559e-01
 1.25314e-01
 1.25164e-01
 1.25081e-01
 1.25037e-01
 1.25016e-01
 1.25006e-01
 1.25002e-01
 1.25926e-01
 1.25861e-01
 1.25748e-01
 1.25598e-01
 1.25446e-01
 1.25308e-01
 1.25199e-01
 1.25120e-01
 1.25068e-01
 1.25036e-01
 1.25018e-01
 1.25008e-01
 1.25004e-01
 1.25001e-01
 1.25001e-01
 1.25170e-01
 1.25158e-01
 1.25137e-01
 1.25110e-01
 1.25082e-01
 1.25057e-01
 1.25037e-01
 1.25023e-01
 1.25013e-01
 1.25007e-01
 1.25003e-01
 1.25002e-01
 1.25001e-01
 1.25000e-01
 1.25000e-01
 1.25027e-01
 1.25025e-01
 1.25022e-01
 1.25018e-01
 1.25013e-01
 1.25009e-01
 1.25006e-01
 1.25004e-01
 1.25002e-01
 1.25001e-01
 1.25001e-01
 1.25000e-01
 1.25000e-01
 1.25000e-01
 1.25000e-01
 1.25004e-01
 1.25004e-01
 1.25003e-01
 1.25003e-01
 1.25002e-01
 1.25001e-01
 1.25001e-01
 1.25001e-01
 1.25000e-01
 1.25000e-01
 1.25000e-01
 1.25000e-01
 1.25000e-01
 1.25000e-01
 1.25000e-01
 1.25000e-01
 1.25000e-01
 1.25000e-01
 1.25000e-01
 1.25000e-01
 1.25000e-01
 1.25000e-01
 1.25000e-01
 1.25000e-01
 1.25000e-01
 1.25000e-01
 1.25000e-01
 1.25000e-01
 1.25000e-01
 1.25000e-01
 1.25000e-01
 1.25000e-01
 1.25000e-01
 1.25000e-01
 1.25000e-01
 1.25000e-01
 1.25000e-01
 1.25000e-01
 1.25000e-01
 1.25000e-01
 1.25000e-01
 1.25000e-01
 1.25000e-01
 1.25000e-01
 1.25000e-01
 1.25000e-01
 1.25000e-01
 1.25000e-01
 1.25000e-01
 1.25000e-01
 1.25000e-01
 1.25000e-01
 1.25000e-01
 1.25000e-01
 1.25000e-01
 1.25000e-01
 1.25000e-01
 1.25000e-01
 1.25000e-01
 1.25000e-01
 1.25000e-01
 1.25000e-01
 1.25000e-01
 1.25000e-01
 1.25000e-01
 1.25000e-01
 1.25000e-01
 1.25000e-01
 1.25000e-01
 1.25000e-01
 1.25000e-01
 1.25000e-01
 1.25000e-01
 1.25000e-01
 1.25000e-01
 1.25000e-01
 1.25000e-01
 1.25000e-01
 1.25000e-01
 1.25000e-01
 1.25000e-01
 1.25000e-01
 1.25000e-01
 1.25000e-01
 1.25000e-01
 1.25000e-01
 1.25000e-01
 1.25000e-01
 1.25000e-01
 1.25000e-01
 1.25000e-01
 1.25000e-01
 1.25000e-01
 1.25000e-01
 1.25000e-01
 1.25000e-01
 1.25000e-01
 1.25000e-01
 1.25000e-01
 1.25000e-01
 1.25000e-01
 1.25000e-01
 1.25000e-01
 1.25000e-01
 1.25000e-01
 2.05413e-01
 2.03972e-01
 1.97918e-01
 1.90676e-01
 1.81046e-01
 1.70197e-01
 1.59505e-01
 1.49770e-01
 1.41248e-01
 1.34876e-01
 1.30427e-01
 1.27739e-01
 1.26232e-01
 1.25508e-01
 1.25192e-01
 1.70331e-01
 1.68617e-01
 1.64496e-01
 1.59239e-01
 1.52927e-01
 1.46406e-01
 1.40398e-01
 1.35366e-01
 1.31432e-01
 1.28693e-01
 1.26917e-01
 1.25912e-01
 1.25399e-01
 1.25163e-01
 1.25061e-01
 1.45212e-01
 1.44152e-01
 1.41928e-01
 1.39176e-01
 1.36105e-01
 1.33161e-01
 1.30612e-01
 1.28610e-01
 1.27131e-01
 1.26160e-01
 1.25577e-01
 1.25269e-01
 1.25117e-01
 1.25048e-01
 1.25018e-01
 1.31978e-01
 1.31529e-01
 1.30679e-01
 1.29651e-01
 1.28555e-01
 1.27533e-01
 1.26678e-01
 1.26037e-01
 1.25589e-01
 1.25311e-01
 1.25153e-01
 1.25071e-01
 1.25031e-01
 1.25013e-01
 1.25005e-01
 1.26873e-01
 1.26745e-01
 1.26512e-01
 1.26219e-01
 1.25914e-01
 1.25636e-01
 1.25412e-01
 1.25249e-01
 1.25141e-01
 1.25075e-01
 1.25037e-01
 1.25017e-01
 1.25007e-01
 1.25003e-01
 1.25001e-01
 1.25407e-01
 1.25377e-01
 1.25325e-01
 1.25259e-01
 1.25194e-01
 1.25134e-01
 1.25088e-01
 1.25053e-01
 1.25030e-01
 1.25016e-01
 1.25008e-01
 1.25004e-01
 1.25002e-01
 1.25001e-01
 1.25000e-01
 1.25072e-01
 1.25068e-01
 1.25059e-01
 1.25048e-01
 1.25036e-01
 1.25025e-01
 1.25017e-01
 1.25010e-01
 1.25006e-01
 1.25003e-01
 1.25002e-01
 1.25001e-01
 1.25000e-01
 1.25000e-01
 1.25000e-01
 1.25012e-01
 1.25011e-01
 1.25010e-01
 1.25008e-01
 1.25006e-01
 1.25004e-01
 1.25003e-01
 1.25002e-01
 1.25001e-01
 1.25001e-01
 1.25000e-01
 1.25000e-01
 1.25000e-01
 1.25000e-01
 1.25000e-01
 1.25002e-01
 1.25002e-01
 1.25001e-01
 1.25001e-01
 1.25001e-01
 1.25001e-01
 1.25000e-01
 1.25000e-01
 1.25000e-01
 1.25000e-01
 1.25000e-01
 1.25000e-01
 1.25000e-01
 1.25000e-01
 1.25000e-01
 1.25000e-01
 1.25000e-01
 1.25000e-01
 1.25000e-01
 1.25000e-01
 1.25000e-01
 1.25000e-01
 1.25000e-01
 1.25000e-01
 1.25000e-01
 1.25000e-01
 1.25000e-01
 1.25000e-01
 1.25000e-01
 1.25000e-01
 1.25000e-01
 1.25000e-01
 1.25000e-01
 1.25000e-01
 1.25000e-01
 1.25000e-01
 1.25000e-01
 1.25000e-01
 1.25000e-01
 1.25000e-01
 1.25000e-01
 1.25000e-01
 1.25000e-01
 1.25000e-01
 1.25000e-01
 1.25000e-01
 1.25000e-01
 1.25000e-01
 1.25000e-01
 1.25000e-01
 1.25000e-01
 1.25000e-01
 1.25000e-01
 1.25000e-01
 1.25000e-01
 1.25000e-01
 1.25000e-01
 1.25000e-01
 1.25000e-01
 1.25000e-01
 1.25000e-01
 1.25000e-01
 1.25000e-01
 1.25000e-01
 1.25000e-01
 1.25000e-01
 1.25000e-01
 1.25000e-01
 1.25000e-01
 1.25000e-01
 1.25000e-01
 1.25000e-01
 1.25000e-01
 1.25000e-01
 1.25000e-01
 1.25000e-01
 1.25000e-01
 1.25000e-01
 1.25000e-01
 1.25000e-01
 1.25000e-01
 1.25000e-01
 1.25000e-01
 1.25000e-01
 1.25000e-01
 1.25000e-01
 1.25000e-01
 1.25000e-01
 1.25000e-01
 1.25000e-01
 1.25000e-01
 1.25000e-01
 1.25000e-01
 1.25000e-01
 1.25000e-01
 1.25000e-01
 1.25000e-01
 1.25000e-01
 1.25000e-01
 1.25000e-01
 1.25000e-01
 1.25000e-01
 1.25000e-01
 1.25000e-01
 1.25000e-01
 1.77011e-01
 1.75580e-01
 1.71521e-01
 1.65938e-01
 1.59027e-01
 1.51237e-01
 1.44163e-01
 1.38019e-01
 1.33236e-01
 1.29780e-01
 1.27565e-01
 1.26232e-01
 1.25548e-01
 1.25222e-01
 1.25084e-01
 1.50779e-01
 1.49636e-01
 1.47063e-01
 1.43704e-01
 1.39908e-01
 1.36019e-01
 1.32702e-01
 1.30004e-01
 1.28030e-01
 1.26672e-01
 1.25854e-01
 1.25399e-01
 1.25176e-01
 1.25071e-01
 1.25027e-01
 1.35098e-01
 1.34535e-01
 1.33358e-01
 1.31916e-01
 1.30344e-01
 1.28843e-01
 1.27577e-01
 1.26615e-01
 1.25932e-01
 1.25499e-01
 1.25249e-01
 1.25117e-01
 1.25051e-01
 1.25021e-01
 1.25008e-01
 1.28127e-01
 1.27929e-01
 1.27548e-01
 1.27071e-01
 1.26563e-01
 1.26095e-01
 1.25716e-01
 1.25436e-01
 1.25248e-01
 1.25133e-01
 1.25066e-01
 1.25031e-01
 1.25014e-01
 1.25006e-01
 1.25002e-01
 1.25789e-01
 1.25734e-01
 1.25634e-01
 1.25508e-01
 1.25377e-01
 1.25263e-01
 1.25171e-01
 1.25105e-01
 1.25060e-01
 1.25032e-01
 1.25016e-01
 1.25007e-01
 1.25003e-01
 1.25001e-01
 1.25001e-01
 1.25160e-01
 1.25149e-01
 1.25130e-01
 1.25105e-01
 1.25079e-01
 1.25056e-01
 1.25036e-01
 1.25022e-01
 1.25013e-01
 1.25007e-01
 1.25004e-01
 1.25002e-01
 1.25001e-01
 1.25000e-01
 1.25000e-01
 1.25030e-01
 1.25028e-01
 1.25024e-01
 1.25020e-01
 1.25015e-01
 1.25011e-01
 1.25007e-01
 1.25004e-01
 1.25003e-01
 1.25001e-01
 1.25001e-01
 1.25000e-01
 1.25000e-01
 1.25000e-01
 1.25000e-01
 1.25005e-01
 1.25004e-01
 1.25004e-01
 1.25003e-01
 1.25002e-01
 1.25002e-01
 1.25001e-01
 1.25001e-01
 1.25000e-01
 1.25000e-01
 1.25000e-01
 1.25000e-01
 1.25000e-01
 1.25000e-01
 1.25000e-01
 1.25001e-01
 1.25001e-01
 1.25001e-01
 1.25000e-01
 1.25000e-01
 1.25000e-01
 1.25000e-01
 1.25000e-01
 1.25000e-01
 1.25000e-01
 1.25000e-01
 1.25000e-01
 1.25000e-01
 1.25000e-01
 1.25000e-01
 1.25000e-01
 1.25000e-01
 1.25000e-01
 1.25000e-01
 1.25000e-01
 1.25000e-01
 1.25000e-01
 1.25000e-01
 1.25000e-01
 1.25000e-01
 1.25000e-01
 1.25000e-01
 1.25000e-01
 1.25000e-01
 1.25000e-01
 1.25000e-01
 1.25000e-01
 1.25000e-01
 1.25000e-01
 1.25000e-01
 1.25000e-01
 1.25000e-01
 1.25000e-01
 1.25000e-01
 1.25000e-01
 1.25000e-01
 1.25000e-01
 1.25000e-01
 1.25000e-01
 1.25000e-01
 1.25000e-01
 1.25000e-01
 1.25000e-01
 1.25000e-01
 1.25000e-01
 1.25000e-01
 1.25000e-01
 1.25000e-01
 1.25000e-01
 1.25000e-01
 1.25000e-01
 1.25000e-01
 1.25000e-01
 1.25000e-01
 1.25000e-01
 1.25000e-01
 1.25000e-01
 1.25000e-01
 1.25000e-01
 1.25000e-01
 1.25000e-01
 1.25000e-01
 1.25000e-01
 1.25000e-01
 1.25000e-01
 1.25000e-01
 1.25000e-01
 1.25000e-01
 1.25000e-01
 1.25000e-01
 1.25000e-01
 1.25000e-01
 1.25000e-01
 1.25000e-01
 1.25000e-01
 1.25000e-01
 1.25000e-01
 1.25000e-01
 1.25000e-01
 1.25000e-01
 1.25000e-01
 1.25000e-01
 1.25000e-01
 1.25000e-01
 1.25000e-01
 1.25000e-01
 1.25000e-01
 1.25000e-01
 1.25000e-01
 1.25000e-01
 1.25000e-01
 1.25000e-01
 1.25000e-01
 1.25000e-01
 1.25000e-01
 1.25000e-01
 1.25000e-01
 1.25000e-01
 1.25000e-01
 1.25000e-01
 1.54467e-01
 1.53362e-01
 1.50608e-01
 1.46995e-01
 1.42693e-01
 1.38221e-01
 1.34276e-01
 1.31110e-01
 1.28714e-01
 1.27096e-01
 1.26069e-01
 1.25508e-01
 1.25222e-01
 1.25092e-01
 1.25034e-01
 1.37721e-01
 1.37074e-01
 1.35686e-01
 1.33924e-01
 1.31970e-01
 1.30073e-01
 1.28428e-01
 1.27158e-01
 1.26262e-01
 1.25687e-01
 1.25346e-01
 1.25163e-01
 1.25071e-01
 1.25029e-01
 1.25011e-01
 1.29421e-01
 1.29156e-01
 1.28638e-01
 1.27986e-01
 1.27268e-01
 1.26608e-01
 1.26057e-01
 1.25652e-01
 1.25372e-01
 1.25201e-01
 1.25101e-01
 1.25048e-01
 1.25021e-01
 1.25009e-01
 1.25003e-01
 1.26271e-01
 1.26185e-01
 1.26031e-01
 1.25834e-01
 1.25623e-01
 1.25433e-01
 1.25283e-01
 1.25172e-01
 1.25099e-01
 1.25053e-01
 1.25027e-01
 1.25013e-01
 1.25006e-01
 1.25002e-01
 1.25001e-01
 1.25294e-01
 1.25273e-01
 1.25237e-01
 1.25191e-01
 1.25144e-01
 1.25101e-01
 1.25066e-01
 1.25041e-01
 1.25024e-01
 1.25013e-01
 1.25006e-01
 1.25003e-01
 1.25001e-01
 1.25001e-01
 1.25000e-01
 1.25062e-01
 1.25058e-01
 1.25050e-01
 1.25040e-01
 1.25031e-01
 1.25022e-01
 1.25014e-01
 1.25009e-01
 1.25005e-01
 1.25003e-01
 1.25001e-01
 1.25001e-01
 1.25000e-01
 1.25000e-01
 1.25000e-01
 1.25011e-01
 1.25010e-01
 1.25009e-01
 1.25008e-01
 1.25006e-01
 1.25004e-01
 1.25003e-01
 1.25002e-01
 1.25001e-01
 1.25001e-01
 1.25000e-01
 1.25000e-01
 1.25000e-01
 1.25000e-01
 1.25000e-01
 1.25002e-01
 1.25002e-01
 1.25002e-01
 1.25001e-01
 1.25001e-01
 1.25001e-01
 1.25000e-01
 1.25000e-01
 1.25000e-01
 1.25000e-01
 1.25000e-01
 1.25000e-01
 1.25000e-01
 1.25000e-01
 1.25000e-01
 1.25000e-01
 1.25000e-01
 1.25000e-01
 1.25000e-01
 1.25000e-01
 1.25000e-01
 1.25000e-01
 1.25000e-01
 1.25000e-01
 1.25000e-01
 1.25000e-01
 1.25000e-01
 1.25000e-01
 1.25000e-01
 1.25000e-01
 1.25000e-01
 1.25000e-01
 1.25000e-01
 1.25000e-01
 1.25000e-01
 1.25000e-01
 1.25000e-01
 1.25000e-01
 1.25000e-01
 1.25000e-01
 1.25000e-01
 1.25000e-01
 1.25000e-01
 1.25000e-01
 1.25000e-01
 1.25000e-01
 1.25000e-01
 1.25000e-01
 1.25000e-01
 1.25000e-01
 1.25000e-01
 1.25000e-01
 1.25000e-01
 1.25000e-01
 1.25000e-01
 1.25000e-01
 1.25000e-01
 1.25000e-01
 1.25000e-01
 1.25000e-01
 1.25000e-01
 1.25000e-01
 1.25000e-01
 1.25000e-01
 1.25000e-01
 1.25000e-01
 1.25000e-01
 1.25000e-01
 1.25000e-01
 1.25000e-01
 1.25000e-01
 1.25000e-01
 1.25000e-01
 1.25000e-01
 1.25000e-01
 1.25000e-01
 1.25000e-01
 1.25000e-01
 1.25000e-01
 1.25000e-01
 1.25000e-01
 1.25000e-01
 1.25000e-01
 1.25000e-01
 1.25000e-01
 1.25000e-01
 1.25000e-01
 1.25000e-01
 1.25000e-01
 1.25000e-01
 1.25000e-01
 1.25000e-01
 1.25000e-01
 1.25000e-01
 1.25000e-01
 1.25000e-01
 1.25000e-01
 1.25000e-01
 1.25000e-01
 1.25000e-01
 1.25000e-01
 1.25000e-01
 1.25000e-01
 1.25000e-01
 1.25000e-01
 1.25000e-01
 1.25000e-01
 1.25000e-01
 1.25000e-01
 1.25000e-01
 1.25000e-01
 1.25000e-01
 1.25000e-01
 1.25000e-01
 1.25000e-01
 1.25000e-01
 1.25000e-01
 1.25000e-01
 1.25000e-01
 1.25000e-01
 1.39228e-01
 1.38545e-01
 1.37037e-01
 1.35122e-01
 1.32974e-01
 1.30783e-01
 1.28957e-01
 1.27487e-01
 1.26472e-01
 1.25800e-01
 1.25407e-01
 1.25192e-01
 1.25084e-01
 1.25034e-01
 1.25013e-01
 1.30474e-01
 1.30148e-01
 1.29518e-01
 1.28695e-01
 1.27832e-01
 1.27007e-01
 1.26339e-01
 1.25823e-01
 1.25479e-01
 1.25257e-01
 1.25131e-01
 1.25061e-01
 1.25027e-01
 1.25011e-01
 1.25004e-01
 1.26731e-01
 1.26617e-01
 1.26417e-01
 1.26149e-01
 1.25868e-01
 1.25603e-01
 1.25392e-01
 1.25239e-01
 1.25138e-01
 1.25074e-01
 1.25038e-01
 1.25018e-01
 1.25008e-01
 1.25003e-01
 1.25001e-01
 1.25456e-01
 1.25424e-01
 1.25366e-01
 1.25294e-01
 1.25220e-01
 1.25155e-01
 1.25102e-01
 1.25063e-01
 1.25037e-01
 1.25020e-01
 1.25010e-01
 1.25005e-01
 1.25002e-01
 1.25001e-01
 1.25000e-01
 1.25106e-01
 1.25099e-01
 1.25086e-01
 1.25070e-01
 1.25053e-01
 1.25037e-01
 1.25025e-01
 1.25015e-01
 1.25009e-01
 1.25005e-01
 1.25002e-01
 1.25001e-01
 1.25001e-01
 1.25000e-01
 1.25000e-01
 1.25021e-01
 1.25020e-01
 1.25017e-01
 1.25014e-01
 1.25011e-01
 1.25008e-01
 1.25005e-01
 1.25003e-01
 1.25002e-01
 1.25001e-01
 1.25001e-01
 1.25000e-01
 1.25000e-01
 1.25000e-01
 1.25000e-01
 1.25004e-01
 1.25004e-01
 1.25003e-01
 1.25003e-01
 1.25002e-01
 1.25002e-01
 1.25001e-01
 1.25001e-01
 1.25000e-01
 1.25000e-01
 1.25000e-01
 1.25000e-01
 1.25000e-01
 1.25000e-01
 1.25000e-01
 1.25001e-01
 1.25001e-01
 1.25001e-01
 1.25000e-01
 1.25000e-01
 1.25000e-01
 1.25000e-01
 1.25000e-01
 1.25000e-01
 1.25000e-01
 1.25000e-01
 1.25000e-01
 1.25000e-01
 1.25000e-01
 1.25000e-01
 1.25000e-01
 1.25000e-01
 1.25000e-01
 1.25000e-01
 1.25000e-01
 1.25000e-01
 1.25000e-01
 1.25000e-01
 1.25000e-01
 1.25000e-01
 1.25000e-01
 1.25000e-01
 1.25000e-01
 1.25000e-01
 1.25000e-01
 1.25000e-01
 1.25000e-01
 1.25000e-01
 1.25000e-01
 1.25000e-01
 1.25000e-01
 1.25000e-01
 1.25000e-01
 1.25000e-01
 1.25000e-01
 1.25000e-01
 1.25000e-01
 1.25000e-01
 1.25000e-01
 1.25000e-01
 1.25000e-01
 1.25000e-01
 1.25000e-01
 1.25000e-01
 1.25000e-01
 1.25000e-01
 1.25000e-01
 1.25000e-01
 1.25000e-01
 1.25000e-01
 1.25000e-01
 1.25000e-01
 1.25000e-01
 1.25000e-01
 1.25000e-01
 1.25000e-01
 1.25000e-01
 1.25000e-01
 1.25000e-01
 1.25000e-01
 1.25000e-01
 1.25000e-01
 1.25000e-01
 1.25000e-01
 1.25000e-01
 1.25000e-01
 1.25000e-01
 1.25000e-01
 1.25000e-01
 1.25000e-01
 1.25000e-01
 1.25000e-01
 1.25000e-01
 1.25000e-01
 1.25000e-01
 1.25000e-01
 1.25000e-01
 1.25000e-01
 1.25000e-01
 1.25000e-01
 1.25000e-01
 1.25000e-01
 1.25000e-01
 1.25000e-01
 1.25000e-01
 1.25000e-01
 1.25000e-01
 1.25000e-01
 1.25000e-01
 1.25000e-01
 1.25000e-01
 1.25000e-01
 1.25000e-01
 1.25000e-01
 1.25000e-01
 1.25000e-01
 1.25000e-01
 1.25000e-01
 1.25000e-01
 1.25000e-01
 1.25000e-01
 1.25000e-01
 1.25000e-01
 1.25000e-01
 1.25000e-01
 1.25000e-01
 1.25000e-01
 1.25000e-01
 1.25000e-01
 1.25000e-01
 1.25000e-01
 1.25000e-01
 1.25000e-01
 1.25000e-01
 1.25000e-01
 1.30856e-01
 1.30532e-01
 1.29827e-01
 1.28982e-01
 1.28046e-01
 1.27167e-01
 1.26439e-01
 1.25895e-01
 1.25515e-01
 1.25281e-01
 1.25141e-01
 1.25067e-01
 1.25029e-01
 1.25012e-01
 1.25005e-01
 1.27024e-01
 1.26899e-01
 1.26657e-01
 1.26350e-01
 1.26021e-01
 1.25711e-01
 1.25463e-01
 1.25281e-01
 1.25162e-01
 1.25088e-01
 1.25045e-01
 1.25022e-01
 1.25010e-01
 1.25004e-01
 1.25002e-01
 1.25603e-01
 1.25559e-01
 1.25481e-01
 1.25384e-01
 1.25286e-01
 1.25200e-01
 1.25131e-01
 1.25082e-01
 1.25048e-01
 1.25026e-01
 1.25013e-01
 1.25006e-01
 1.25003e-01
 1.25001e-01
 1.25000e-01
 1.25152e-01
 1.25142e-01
 1.25123e-01
 1.25100e-01
 1.25076e-01
 1.25054e-01
 1.25035e-01
 1.25022e-01
 1.25013e-01
 1.25007e-01
 1.25004e-01
 1.25002e-01
 1.25001e-01
 1.25000e-01
 1.25000e-01
 1.25035e-01
 1.25032e-01
 1.25028e-01
 1.25023e-01
 1.25017e-01
 1.25012e-01
 1.25008e-01
 1.25005e-01
 1.25003e-01
 1.25002e-01
 1.25001e-01
 1.25000e-01
 1.25000e-01
 1.25000e-01
 1.25000e-01
 1.25007e-01
 1.25007e-01
 1.25006e-01
 1.25005e-01
 1.25004e-01
 1.25003e-01
 1.25002e-01
 1.25001e-01
 1.25001e-01
 1.25000e-01
 1.25000e-01
 1.25000e-01
 1.25000e-01
 1.25000e-01
 1.25000e-01
 1.25001e-01
 1.25001e-01
 1.25001e-01
 1.25001e-01
 1.25001e-01
 1.25001e-01
 1.25000e-01
 1.25000e-01
 1.25000e-01
 1.25000e-01
 1.25000e-01
 1.25000e-01
 1.25000e-01
 1.25000e-01
 1.25000e-01
 1.25000e-01
 1.25000e-01
 1.25000e-01
 1.25000e-01
 1.25000e-01
 1.25000e-01
 1.25000e-01
 1.25000e-01
 1.25000e-01
 1.25000e-01
 1.25000e-01
 1.25000e-01
 1.25000e-01
 1.25000e-01
 1.25000e-01
 1.25000e-01
 1.25000e-01
 1.25000e-01
 1.25000e-01
 1.25000e-01
 1.25000e-01
 1.25000e-01
 1.25000e-01
 1.25000e-01
 1.25000e-01
 1.25000e-01
 1.25000e-01
 1.25000e-01
 1.25000e-01
 1.25000e-01
 1.25000e-01
 1.25000e-01
 1.25000e-01
 1.25000e-01
 1.25000e-01
 1.25000e-01
 1.25000e-01
 1.25000e-01
 1.25000e-01
 1.25000e-01
 1.25000e-01
 1.25000e-01
 1.25000e-01
 1.25000e-01
 1.25000e-01
 1.25000e-01
 1.25000e-01
 1.25000e-01
 1.25000e-01
 1.25000e-01
 1.25000e-01
 1.25000e-01
 1.25000e-01
 1.25000e-01
 1.25000e-01
 1.25000e-01
 1.25000e-01
 1.25000e-01
 1.25000e-01
 1.25000e-01
 1.25000e-01
 1.25000e-01
 1.25000e-01
 1.25000e-01
 1.25000e-01
 1.25000e-01
 1.25000e-01
 1.25000e-01
 1.25000e-01
 1.25000e-01
 1.25000e-01
 1.25000e-01
 1.25000e-01
 1.25000e-01
 1.25000e-01
 1.25000e-01
 1.25000e-01
 1.25000e-01
 1.25000e-01
 1.25000e-01
 1.25000e-01
 1.25000e-01
 1.25000e-01
 1.25000e-01
 1.25000e-01
 1.25000e-01
 1.25000e-01
 1.25000e-01
 1.25000e-01
 1.25000e-01
 1.25000e-01
 1.25000e-01
 1.25000e-01
 1.25000e-01
 1.25000e-01
 1.25000e-01
 1.25000e-01
 1.25000e-01
 1.25000e-01
 1.25000e-01
 1.25000e-01
 1.25000e-01
 1.25000e-01
 1.25000e-01
 1.25000e-01
 1.25000e-01
 1.25000e-01
 1.25000e-01
 1.25000e-01
 1.25000e-01
 1.25000e-01
 1.25000e-01
 1.25000e-01
 1.25000e-01
 1.25000e-01
 1.25000e-01
 1.25000e-01
 1.25000e-01
 1.25000e-01
 1.25000e-01
 1.27024e-01
 1.26899e-01
 1.26657e-01
 1.26350e-01
 1.26021e-01
 1.25711e-01
 1.25463e-01
 1.25281e-01
 1.25162e-01
 1.25088e-01
 1.25045e-01
 1.25022e-01
 1.25010e-01
 1.25004e-01
 1.25002e-01
 1.25667e-01
 1.25618e-01
 1.25530e-01
 1.25422e-01
 1.25313e-01
 1.25217e-01
 1.25143e-01
 1.25088e-01
 1.25052e-01
 1.25028e-01
 1.25015e-01
 1.25007e-01
 1.25003e-01
 1.25001e-01
 1.25001e-01
 1.25183e-01
 1.25171e-01
 1.25149e-01
 1.25120e-01
 1.25091e-01
 1.25064e-01
 1.25042e-01
 1.25026e-01
 1.25015e-01
 1.25008e-01
 1.25004e-01
 1.25002e-01
 1.25001e-01
 1.25000e-01
 1.25000e-01
 1.25048e-01
 1.25045e-01
 1.25039e-01
 1.25031e-01
 1.25023e-01
 1.25016e-01
 1.25011e-01
 1.25007e-01
 1.25004e-01
 1.25002e-01
 1.25001e-01
 1.25001e-01
 1.25000e-01
 1.25000e-01
 1.25000e-01
 1.25011e-01
 1.25010e-01
 1.25009e-01
 1.25007e-01
 1.25006e-01
 1.25004e-01
 1.25003e-01
 1.25002e-01
 1.25001e-01
 1.25001e-01
 1.25000e-01
 1.25000e-01
 1.25000e-01
 1.25000e-01
 1.25000e-01
 1.25002e-01
 1.25002e-01
 1.25002e-01
 1.25002e-01
 1.25001e-01
 1.25001e-01
 1.25001e-01
 1.25000e-01
 1.25000e-01
 1.25000e-01
 1.25000e-01
 1.25000e-01
 1.25000e-01
 1.25000e-01
 1.25000e-01
 1.25000e-01
 1.25000e-01
 1.25000e-01
 1.25000e-01
 1.25000e-01
 1.25000e-01
 1.25000e-01
 1.25000e-01
 1.25000e-01
 1.25000e-01
 1.25000e-01
 1.25000e-01
 1.25000e-01
 1.25000e-01
 1.25000e-01
 1.25000e-01
 1.25000e-01
 1.25000e-01
 1.25000e-01
 1.25000e-01
 1.25000e-01
 1.25000e-01
 1.25000e-01
 1.25000e-01
 1.25000e-01
 1.25000e-01
 1.25000e-01
 1.25000e-01
 1.25000e-01
 1.25000e-01
 1.25000e-01
 1.25000e-01
 1.25000e-01
 1.25000e-01
 1.25000e-01
 1.25000e-01
 1.25000e-01
 1.25000e-01
 1.25000e-01
 1.25000e-01
 1.25000e-01
 1.25000e-01
 1.25000e-01
 1.25000e-01
 1.25000e-01
 1.25000e-01
 1.25000e-01
 1.25000e-01
 1.25000e-01
 1.25000e-01
 1.25000e-01
 1.25000e-01
 1.25000e-01
 1.25000e-01
 1.25000e-01
 1.25000e-01
 1.25000e-01
 1.25000e-01
 1.25000e-01
 1.25000e-01
 1.25000e-01
 1.25000e-01
 1.25000e-01
 1.25000e-01
 1.25000e-01
 1.25000e-01
 1.25000e-01
 1.25000e-01
 1.25000e-01
 1.25000e-01
 1.25000e-01
 1.25000e-01
 1.25000e-01
 1.25000e-01
 1.25000e-01
 1.25000e-01
 1.25000e-01
 1.25000e-01
 1.25000e-01
 1.25000e-01
 1.25000e-01
 1.25000e-01
 1.25000e-01
 1.25000e-01
 1.25000e-01
 1.25000e-01
 1.25000e-01
 1.25000e-01
 1.25000e-01
 1.25000e-01
 1.25000e-01
 1.25000e-01
 1.25000e-01
 1.25000e-01
 1.25000e-01
 1.25000e-01
 1.25000e-01
 1.25000e-01
 1.25000e-01
 1.25000e-01
 1.25000e-01
 1.25000e-01
 1.25000e-01
 1.25000e-01
 1.25000e-01
 1.25000e-01
 1.25000e-01
 1.25000e-01
 1.25000e-01
 1.25000e-01
 1.25000e-01
 1.25000e-01
 1.25000e-01
 1.25000e-01
 1.25000e-01
 1.25000e-01
 1.25000e-01
 1.25000e-01
 1.25000e-01
 1.25000e-01
 1.25000e-01
 1.25000e-01
 1.25000e-01
 1.25000e-01
 1.25000e-01
 1.25000e-01
 1.25000e-01
 1.25000e-01
 1.25000e-01
 1.25000e-01
 1.25000e-01
 1.25000e-01
 1.25000e-01
 1.25000e-01
 1.25000e-01
 1.25603e-01
 1.25559e-01
 1.25481e-01
 1.25384e-01
 1.25286e-01
 1.25200e-01
 1.25131e-01
 1.25082e-01
 1.25048e-01
 1.25026e-01
 1.25013e-01
 1.25006e-01
 1.25003e-01
 1.25001e-01
 1.25000e-01
 1.25183e-01
 1.25171e-01
 1.25149e-01
 1.25120e-01
 1.25091e-01
 1.25064e-01
 1.25042e-01
 1.25026e-01
 1.25015e-01
 1.25008e-01
 1.25004e-01
 1.25002e-01
 1.25001e-01
 1.25000e-01
 1.25000e-01
 1.25054e-01
 1.25050e-01
 1.25043e-01
 1.25034e-01
 1.25025e-01
 1.25018e-01
 1.25012e-01
 1.25007e-01
 1.25004e-01
 1.25002e-01
 1.25001e-01
 1.25001e-01
 1.25000e-01
 1.25000e-01
 1.25000e-01
 1.25013e-01
 1.25012e-01
 1.25011e-01
 1.25009e-01
 1.25007e-01
 1.25005e-01
 1.25003e-01
 1.25002e-01
 1.25001e-01
 1.25001e-01
 1.25000e-01
 1.25000e-01
 1.25000e-01
 1.25000e-01
 1.25000e-01
 1.25003e-01
 1.25003e-01
 1.25003e-01
 1.25002e-01
 1.25002e-01
 1.25001e-01
 1.25001e-01
 1.25000e-01
 1.25000e-01
 1.25000e-01
 1.25000e-01
 1.25000e-01
 1.25000e-01
 1.25000e-01
 1.25000e-01
 1.25001e-01
 1.25001e-01
 1.25001e-01
 1.25000e-01
 1.25000e-01
 1.25000e-01
 1.25000e-01
 1.25000e-01
 1.25000e-01
 1.25000e-01
 1.25000e-01
 1.25000e-01
 1.25000e-01
 1.25000e-01
 1.25000e-01
 1.25000e-01
 1.25000e-01
 1.25000e-01
 1.25000e-01
 1.25000e-01
 1.25000e-01
 1.25000e-01
 1.25000e-01
 1.25000e-01
 1.25000e-01
 1.25000e-01
 1.25000e-01
 1.25000e-01
 1.25000e-01
 1.25000e-01
 1.25000e-01
 1.25000e-01
 1.25000e-01
 1.25000e-01
 1.25000e-01
 1.25000e-01
 1.25000e-01
 1.25000e-01
 1.25000e-01
 1.25000e-01
 1.25000e-01
 1.25000e-01
 1.25000e-01
 1.25000e-01
 1.25000e-01
 1.25000e-01
 1.25000e-01
 1.25000e-01
 1.25000e-01
 1.25000e-01
 1.25000e-01
 1.25000e-01
 1.25000e-01
 1.25000e-01
 1.25000e-01
 1.25000e-01
 1.25000e-01
 1.25000e-01
 1.25000e-01
 1.25000e-01
 1.25000e-01
 1.25000e-01
 1.25000e-01
 1.25000e-01
 1.25000e-01
 1.25000e-01
 1.25000e-01
 1.25000e-01
 1.25000e-01
 1.25000e-01
 1.25000e-01
 1.25000e-01
 1.25000e-01
 1.25000e-01
 1.25000e-01
 1.25000e-01
 1.25000e-01
 1.25000e-01
 1.25000e-01
 1.25000e-01
 1.25000e-01
 1.25000e-01
 1.25000e-01
 1.25000e-01
 1.25000e-01
 1.25000e-01
 1.25000e-01
 1.25000e-01
 1.25000e-01
 1.25000e-01
 1.25000e-01
 1.25000e-01
 1.25000e-01
 1.25000e-01
 1.25000e-01
 1.25000e-01
 1.25000e-01
 1.25000e-01
 1.25000e-01
 1.25000e-01
 1.25000e-01
 1.25000e-01
 1.25000e-01
 1.25000e-01
 1.25000e-01
 1.25000e-01
 1.25000e-01
 1.25000e-01
 1.25000e-01
 1.25000e-01
 1.25000e-01
 1.25000e-01
 1.25000e-01
 1.25000e-01
 1.25000e-01
 1.25000e-01
 1.25000e-01
 1.25000e-01
 1.25000e-01
 1.25000e-01
 1.25000e-01
 1.25000e-01
 1.25000e-01
 1.25000e-01
 1.25000e-01
 1.25000e-01
 1.25000e-01
 1.25000e-01
 1.25000e-01
 1.25000e-01
 1.25000e-01
 1.25000e-01
 1.25000e-01
 1.25000e-01
 1.25000e-01
 1.25000e-01
 1.25000e-01
 1.25000e-01
 1.25000e-01
 1.25000e-01
 1.25000e-01
 1.25000e-01
 1.25000e-01
 1.25000e-01
 1.25000e-01
 1.25000e-01
 1.25000e-01
 1.25000e-01
 1.25000e-01
 1.25000e-01
 1.25152e-01
 1.25142e-01
 1.25123e-01
 1.25100e-01
 1.25076e-01
 1.25054e-01
 1.25035e-01
 1.25022e-01
 1.25013e-01
 1.25007e-01
 1.25004e-01
 1.25002e-01
 1.25001e-01
 1.25000e-01
 1.25000e-01
 1.25048e-01
 1.25045e-01
 1.25039e-01
 1.25031e-01
 1.25023e-01
 1.25016e-01
 1.25011e-01
 1.25007e-01
 1.25004e-01
 1.25002e-01
 1.25001e-01
 1.25001e-01
 1.25000e-01
 1.25000e-01
 1.25000e-01
 1.25013e-01
 1.25012e-01
 1.25011e-01
 1.25009e-01
 1.25007e-01
 1.25005e-01
 1.25003e-01
 1.25002e-01
 1.25001e-01
 1.25001e-01
 1.25000e-01
 1.25000e-01
 1.25000e-01
 1.25000e-01
 1.25000e-01
 1.25004e-01
 1.25004e-01
 1.25003e-01
 1.25002e-01
 1.25002e-01
 1.25001e-01
 1.25001e-01
 1.25001e-01
 1.25000e-01
 1.25000e-01
 1.25000e-01
 1.25000e-01
 1.25000e-01
 1.25000e-01
 1.25000e-01
 1.25001e-01
 1.25001e-01
 1.25001e-01
 1.25001e-01
 1.25000e-01
 1.25000e-01
 1.25000e-01
 1.25000e-01
 1.25000e-01
 1.25000e-01
 1.25000e-01
 1.25000e-01
 1.25000e-01
 1.25000e-01
 1.25000e-01
 1.25000e-01
 1.25000e-01
 1.25000e-01
 1.25000e-01
 1.25000e-01
 1.25000e-01
 1.25000e-01
 1.25000e-01
 1.25000e-01
 1.25000e-01
 1.25000e-01
 1.25000e-01
 1.25000e-01
 1.25000e-01
 1.25000e-01
 1.25000e-01
 1.25000e-01
 1.25000e-01
 1.25000e-01
 1.25000e-01
 1.25000e-01
 1.25000e-01
 1.25000e-01
 1.25000e-01
 1.25000e-01
 1.25000e-01
 1.25000e-01
 1.25000e-01
 1.25000e-01
 1.25000e-01
 1.25000e-01
 1.25000e-01
 1.25000e-01
 1.25000e-01
 1.25000e-01
 1.25000e-01
 1.25000e-01
 1.25000e-01
 1.25000e-01
 1.25000e-01
 1.25000e-01
 1.25000e-01
 1.25000e-01
 1.25000e-01
 1.25000e-01
 1.25000e-01
 1.25000e-01
 1.25000e-01
 1.25000e-01
 1.25000e-01
 1.25000e-01
 1.25000e-01
 1.25000e-01
 1.25000e-01
 1.25000e-01
 1.25000e-01
 1.25000e-01
 1.25000e-01
 1.25000e-01
 1.25000e-01
 1.25000e-01
 1.25000e-01
 1.25000e-01
 1.25000e-01
 1.25000e-01
 1.25000e-01
 1.25000e-01
 1.25000e-01
 1.25000e-01
 1.25000e-01
 1.25000e-01
 1.25000e-01
 1.25000e-01
 1.25000e-01
 1.25000e-01
 1.25000e-01
 1.25000e-01
 1.25000e-01
 1.25000e-01
 1.25000e-01
 1.25000e-01
 1.25000e-01
 1.25000e-01
 1.25000e-01
 1.25000e-01
 1.25000e-01
 1.25000e-01
 1.25000e-01
 1.25000e-01
 1.25000e-01
 1.25000e-01
 1.25000e-01
 1.25000e-01
 1.25000e-01
 1.25000e-01
 1.25000e-01
 1.25000e-01
 1.25000e-01
 1.25000e-01
 1.25000e-01
 1.25000e-01
 1.25000e-01
 1.25000e-01
 1.25000e-01
 1.25000e-01
 1.25000e-01
 1.25000e-01
 1.25000e-01
 1.25000e-01
 1.25000e-01
 1.25000e-01
 1.25000e-01
 1.25000e-01
 1.25000e-01
 1.25000e-01
 1.25000e-01
 1.25000e-01
 1.25000e-01
 1.25000e-01
 1.25000e-01
 1.25000e-01
 1.25000e-01
 1.25000e-01
 1.25000e-01
 1.25000e-01
 1.25000e-01
 1.25000e-01
 1.25000e-01
 1.25000e-01
 1.25000e-01
 1.25000e-01
 1.25000e-01
 1.25000e-01
 1.25000e-01
 1.25000e-01
 1.25000e-01
 1.25000e-01
 1.25000e-01
 1.25000e-01
 1.25000e-01
 1.25000e-01
 1.25000e-01
 1.25000e-01
 1.25000e-01
 1.25000e-01
 1.25000e-01
 1.25000e-01
 1.25000e-01
 1.25000e-01
 1.25000e-01
 1.25035e-01
 1.25032e-01
 1.25028e-01
 1.25023e-01
 1.25017e-01
 1.25012e-01
 1.25008e-01
 1.25005e-01
 1.25003e-01
 1.25002e-01
 1.25001e-01
 1.25000e-01
 1.25000e-01
 1.25000e-01
 1.25000e-01
 1.25011e-01
 1.25010e-01
 1.25009e-01
 1.25007e-01
 1.25006e-01
 1.25004e-01
 1.25003e-01
 1.25002e-01
 1.25001e-01
 1.25001e-01
 1.25000e-01
 1.25000e-01
 1.25000e-01
 1.25000e-01
 1.25000e-01
 1.25003e-01
 1.25003e-01
 1.25003e-01
 1.25002e-01
 1.25002e-01
 1.25001e-01
 1.25001e-01
 1.25000e-01
 1.25000e-01
 1.25000e-01
 1.25000e-01
 1.25000e-01
 1.25000e-01
 1.25000e-01
 1.25000e-01
 1.25001e-01
 1.25001e-01
 1.25001e-01
 1.25001e-01
 1.25000e-01
 1.25000e-01
 1.25000e-01
 1.25000e-01
 1.25000e-01
 1.25000e-01
 1.25000e-01
 1.25000e-01
 1.25000e-01
 1.25000e-01
 1.25000e-01
 1.25000e-01
 1.25000e-01
 1.25000e-01
 1.25000e-01
 1.25000e-01
 1.25000e-01
 1.25000e-01
 1.25000e-01
 1.25000e-01
 1.25000e-01
 1.25000e-01
 1.25000e-01
 1.25000e-01
 1.25000e-01
 1.25000e-01
 1.25000e-01
 1.25000e-01
 1.25000e-01
 1.25000e-01
 1.25000e-01
 1.25000e-01
 1.25000e-01
 1.25000e-01
 1.25000e-01
 1.25000e-01
 1.25000e-01
 1.25000e-01
 1.25000e-01
 1.25000e-01
 1.25000e-01
 1.25000e-01
 1.25000e-01
 1.25000e-01
 1.25000e-01
 1.25000e-01
 1.25000e-01
 1.25000e-01
 1.25000e-01
 1.25000e-01
 1.25000e-01
 1.25000e-01
 1.25000e-01
 1.25000e-01
 1.25000e-01
 1.25000e-01
 1.25000e-01
 1.25000e-01
 1.25000e-01
 1.25000e-01
 1.25000e-01
 1.25000e-01
 1.25000e-01
 1.25000e-01
 1.25000e-01
 1.25000e-01
 1.25000e-01
 1.25000e-01
 1.25000e-01
 1.25000e-01
 1.25000e-01
 1.25000e-01
 1.25000e-01
 1.25000e-01
 1.25000e-01
 1.25000e-01
 1.25000e-01
 1.25000e-01
 1.25000e-01
 1.25000e-01
 1.25000e-01
 1.25000e-01
 1.25000e-01
 1.25000e-01
 1.25000e-01
 1.25000e-01
 1.25000e-01
 1.25000e-01
 1.25000e-01
 1.25000e-01
 1.25000e-01
 1.25000e-01
 1.25000e-01
 1.25000e-01
 1.25000e-01
 1.25000e-01
 1.25000e-01
 1.25000e-01
 1.25000e-01
 1.25000e-01
 1.25000e-01
 1.25000e-01
 1.25000e-01
 1.25000e-01
 1.25000e-01
 1.25000e-01
 1.25000e-01
 1.25000e-01
 1.25000e-01
 1.25000e-01
 1.25000e-01
 1.25000e-01
 1.25000e-01
 1.25000e-01
 1.25000e-01
 1.25000e-01
 1.25000e-01
 1.25000e-01
 1.25000e-01
 1.25000e-01
 1.25000e-01
 1.25000e-01
 1.25000e-01
 1.25000e-01
 1.25000e-01
 1.25000e-01
 1.25000e-01
 1.25000e-01
 1.25000e-01
 1.25000e-01
 1.25000e-01
 1.25000e-01
 1.25000e-01
 1.25000e-01
 1.25000e-01
 1.25000e-01
 1.25000e-01
 1.25000e-01
 1.25000e-01
 1.25000e-01
 1.25000e-01
 1.25000e-01
 1.25000e-01
 1.25000e-01
 1.25000e-01
 1.25000e-01
 1.25000e-01
 1.25000e-01
 1.25000e-01
 1.25000e-01
 1.25000e-01
 1.25000e-01
 1.25000e-01
 1.25000e-01
 1.25000e-01
 1.25000e-01
 1.25000e-01
 1.25000e-01
 1.25000e-01
 1.25000e-01
 1.25000e-01
 1.25000e-01
 1.25000e-01
 1.25000e-01
 1.25000e-01
 1.25000e-01
 1.25000e-01
 1.25000e-01
 1.25000e-01
 1.25000e-01
 1.25000e-01
 1.25000e-01
 1.25000e-01
 1.25000e-01
 1.25000e-01
 1.25000e-01
 1.25007e-01
 1.25007e-01
 1.25006e-01
 1.25005e-01
 1.25004e-01
 1.25003e-01
 1.25002e-01
 1.25001e-01
 1.25001e-01
 1.25000e-01
 1.25000e-01
 1.25000e-01
 1.25000e-01
 1.25000e-01
 1.25000e-01
 1.25002e-01
 1.25002e-01
 1.25002e-01
 1.25002e-01
 1.25001e-01
 1.25001e-01
 1.25001e-01
 1.25000e-01
 1.25000e-01
 1.25000e-01
 1.25000e-01
 1.25000e-01
 1.25000e-01
 1.25000e-01
 1.25000e-01
 1.25001e-01
 1.25001e-01
 1.25001e-01
 1.25000e-01
 1.25000e-01
 1.25000e-01
 1.25000e-01
 1.25000e-01
 1.25000e-01
 1.25000e-01
 1.25000e-01
 1.25000e-01
 1.25000e-01
 1.25000e-01
 1.25000e-01
 1.25000e-01
 1.25000e-01
 1.25000e-01
 1.25000e-01
 1.25000e-01
 1.25000e-01
 1.25000e-01
 1.25000e-01
 1.25000e-01
 1.25000e-01
 1.25000e-01
 1.25000e-01
 1.25000e-01
 1.25000e-01
 1.25000e-01
 1.25000e-01
 1.25000e-01
 1.25000e-01
 1.25000e-01
 1.25000e-01
 1.25000e-01
 1.25000e-01
 1.25000e-01
 1.25000e-01
 1.25000e-01
 1.25000e-01
 1.25000e-01
 1.25000e-01
 1.25000e-01
 1.25000e-01
 1.25000e-01
 1.25000e-01
 1.25000e-01
 1.25000e-01
 1.25000e-01
 1.25000e-01
 1.25000e-01
 1.25000e-01
 1.25000e-01
 1.25000e-01
 1.25000e-01
 1.25000e-01
 1.25000e-01
 1.25000e-01
 1.25000e-01
 1.25000e-01
 1.25000e-01
 1.25000e-01
 1.25000e-01
 1.25000e-01
 1.25000e-01
 1.25000e-01
 1.25000e-01
 1.25000e-01
 1.25000e-01
 1.25000e-01
 1.25000e-01
 1.25000e-01
 1.25000e-01
 1.25000e-01
 1.25000e-01
 1.25000e-01
 1.25000e-01
 1.25000e-01
 1.25000e-01
 1.25000e-01
 1.25000e-01
 1.25000e-01
 1.25000e-01
 1.25000e-01
 1.25000e-01
 1.25000e-01
 1.25000e-01
 1.25000e-01
 1.25000e-01
 1.25000e-01
 1.25000e-01
 1.25000e-01
 1.25000e-01
 1.25000e-01
 1.25000e-01
 1.25000e-01
 1.25000e-01
 1.25000e-01
 1.25000e-01
 1.25000e-01
 1.25000e-01
 1.25000e-01
 1.25000e-01
 1.25000e-01
 1.25000e-01
 1.25000e-01
 1.25000e-01
 1.25000e-01
 1.25000e-01
 1.25000e-01
 1.25000e-01
 1.25000e-01
 1.25000e-01
 1.25000e-01
 1.25000e-01
 1.25000e-01
 1.25000e-01
 1.25000e-01
 1.25000e-01
 1.25000e-01
 1.25000e-01
 1.25000e-01
 1.25000e-01
 1.25000e-01
 1.25000e-01
 1.25000e-01
 1.25000e-01
 1.25000e-01
 1.25000e-01
 1.25000e-01
 1.25000e-01
 1.25000e-01
 1.25000e-01
 1.25000e-01
 1.25000e-01
 1.25000e-01
 1.25000e-01
 1.25000e-01
 1.25000e-01
 1.25000e-01
 1.25000e-01
 1.25000e-01
 1.25000e-01
 1.25000e-01
 1.25000e-01
 1.25000e-01
 1.25000e-01
 1.25000e-01
 1.25000e-01
 1.25000e-01
 1.25000e-01
 1.25000e-01
 1.25000e-01
 1.25000e-01
 1.25000e-01
 1.25000e-01
 1.25000e-01
 1.25000e-01
 1.25000e-01
 1.25000e-01
 1.25000e-01
 1.25000e-01
 1.25000e-01
 1.25000e-01
 1.25000e-01
 1.25000e-01
 1.25000e-01
 1.25000e-01
 1.25000e-01
 1.25000e-01
 1.25000e-01
 1.25000e-01
 1.25000e-01
 1.25000e-01
 1.25000e-01
 1.25000e-01
 1.25000e-01
 1.25000e-01
 1.25000e-01
 1.25000e-01
 1.25000e-01
 1.25000e-01
 1.25000e-01
 1.25000e-01
 1.25000e-01
 1.25000e-01
 1.25000e-01
 1.25000e-01
 1.25000e-01
 1.25000e-01
 1.25000e-01
 1.25000e-01
 1.25000e-01
 1.25000e-01
 1.25001e-01
 1.25001e-01
 1.25001e-01
 1.25001e-01
 1.25001e-01
 1.25001e-01
 1.25000e-01
 1.25000e-01
 1.25000e-01
 1.25000e-01
 1.25000e-01
 1.25000e-01
 1.25000e-01
 1.25000e-01
 1.25000e-01
 1.25000e-01
 1.25000e-01
 1.25000e-01
 1.25000e-01
 1.25000e-01
 1.25000e-01
 1.25000e-01
 1.25000e-01
 1.25000e-01
 1.25000e-01
 1.25000e-01
 1.25000e-01
 1.25000e-01
 1.25000e-01
 1.25000e-01
 1.25000e-01
 1.25000e-01
 1.25000e-01
 1.25000e-01
 1.25000e-01
 1.25000e-01
 1.25000e-01
 1.25000e-01
 1.25000e-01
 1.25000e-01
 1.25000e-01
 1.25000e-01
 1.25000e-01
 1.25000e-01
 1.25000e-01
 1.25000e-01
 1.25000e-01
 1.25000e-01
 1.25000e-01
 1.25000e-01
 1.25000e-01
 1.25000e-01
 1.25000e-01
 1.25000e-01
 1.25000e-01
 1.25000e-01
 1.25000e-01
 1.25000e-01
 1.25000e-01
 1.25000e-01
 1.25000e-01
 1.25000e-01
 1.25000e-01
 1.25000e-01
 1.25000e-01
 1.25000e-01
 1.25000e-01
 1.25000e-01
 1.25000e-01
 1.25000e-01
 1.25000e-01
 1.25000e-01
 1.25000e-01
 1.25000e-01
 1.25000e-01
 1.25000e-01
 1.25000e-01
 1.25000e-01
 1.25000e-01
 1.25000e-01
 1.25000e-01
 1.25000e-01
 1.25000e-01
 1.25000e-01
 1.25000e-01
 1.25000e-01
 1.25000e-01
 1.25000e-01
 1.25000e-01
 1.25000e-01
 1.25000e-01
 1.25000e-01
 1.25000e-01
 1.25000e-01
 1.25000e-01
 1.25000e-01
 1.25000e-01
 1.25000e-01
 1.25000e-01
 1.25000e-01
 1.25000e-01
 1.25000e-01
 1.25000e-01
 1.25000e-01
 1.25000e-01
 1.25000e-01
 1.25000e-01
 1.25000e-01
 1.25000e-01
 1.25000e-01
 1.25000e-01
 1.25000e-01
 1.25000e-01
 1.25000e-01
 1.25000e-01
 1.25000e-01
 1.25000e-01
 1.25000e-01
 1.25000e-01
 1.25000e-01
 1.25000e-01
 1.25000e-01
 1.25000e-01
 1.25000e-01
 1.25000e-01
 1.25000e-01
 1.25000e-01
 1.25000e-01
 1.25000e-01
 1.25000e-01
 1.25000e-01
 1.25000e-01
 1.25000e-01
 1.25000e-01
 1.25000e-01
 1.25000e-01
 1.25000e-01
 1.25000e-01
 1.25000e-01
 1.25000e-01
 1.25000e-01
 1.25000e-01
 1.25000e-01
 1.25000e-01
 1.25000e-01
 1.25000e-01
 1.25000e-01
 1.25000e-01
 1.25000e-01
 1.25000e-01
 1.25000e-01
 1.25000e-01
 1.25000e-01
 1.25000e-01
 1.25000e-01
 1.25000e-01
 1.25000e-01
 1.25000e-01
 1.25000e-01
 1.25000e-01
 1.25000e-01
 1.25000e-01
 1.25000e-01
 1.25000e-01
 1.25000e-01
 1.25000e-01
 1.25000e-01
 1.25000e-01
 1.25000e-01
 1.25000e-01
 1.25000e-01
 1.25000e-01
 1.25000e-01
 1.25000e-01
 1.25000e-01
 1.25000e-01
 1.25000e-01
 1.25000e-01
 1.25000e-01
 1.25000e-01
 1.25000e-01
 1.25000e-01
 1.25000e-01
 1.25000e-01
 1.25000e-01
 1.25000e-01
 1.25000e-01
 1.25000e-01
 1.25000e-01
 1.25000e-01
 1.25000e-01
 1.25000e-01
 1.25000e-01
 1.25000e-01
 1.25000e-01
 1.25000e-01
 1.25000e-01
 1.25000e-01
 1.25000e-01
 1.25000e-01
 1.25000e-01
 1.25000e-01
 1.25000e-01
 1.25000e-01
 1.25000e-01
 1.25000e-01
 1.25000e-01
 1.25000e-01
 1.25000e-01
 1.25000e-01
 1.25000e-01
 1.25000e-01
 1.25000e-01
 1.25000e-01
 1.25000e-01
 1.25000e-01
 1.25000e-01
 1.25000e-01
 1.25000e-01
 1.25000e-01
 1.25000e-01
 1.25000e-01
 1.25000e-01
 1.25000e-01
 1.25000e-01
 1.25000e-01
 1.25000e-01
 1.25000e-01
 1.25000e-01
 1.25000e-01
 1.25000e-01
 1.25000e-01
 1.25000e-01
 1.25000e-01
 1.25000e-01
 1.25000e-01
 1.25000e-01
 1.25000e-01
 1.25000e-01
 1.25000e-01
 1.25000e-01
 1.25000e-01
 1.25000e-01
 1.25000e-01
 1.25000e-01
 1.25000e-01
 1.25000e-01
 1.25000e-01
 1.25000e-01
 1.25000e-01
 1.25000e-01
 1.25000e-01
 1.25000e-01
 1.25000e-01
 1.25000e-01
 1.25000e-01
 1.25000e-01
 1.25000e-01
 1.25000e-01
 1.25000e-01
 1.25000e-01
 1.25000e-01
 1.25000e-01
 1.25000e-01
 1.25000e-01
 1.25000e-01
 1.25000e-01
 1.25000e-01
 1.25000e-01
 1.25000e-01
 1.25000e-01
 1.25000e-01
 1.25000e-01
 1.25000e-01
 1.25000e-01
 1.25000e-01
 1.25000e-01
 1.25000e-01
 1.25000e-01
 1.25000e-01
 1.25000e-01
 1.25000e-01
 1.25000e-01
 1.25000e-01
 1.25000e-01
 1.25000e-01
 1.25000e-01
 1.25000e-01
 1.25000e-01
 1.25000e-01
 1.25000e-01
 1.25000e-01
 1.25000e-01
 1.25000e-01
 1.25000e-01
 1.25000e-01
 1.25000e-01
 1.25000e-01
 1.25000e-01
 1.25000e-01
 1.25000e-01
 1.25000e-01
 1.25000e-01
 1.25000e-01
 1.25000e-01
 1.25000e-01
 1.25000e-01
 1.25000e-01
 1.25000e-01
 1.25000e-01
 1.25000e-01
 1.25000e-01
 1.25000e-01
 1.25000e-01
 1.25000e-01
 1.25000e-01
 1.25000e-01
 1.25000e-01
 1.25000e-01
 1.25000e-01
 1.25000e-01
 1.25000e-01
 1.25000e-01
 1.25000e-01
 1.25000e-01
 1.25000e-01
 1.25000e-01
 1.25000e-01
 1.25000e-01
 1.25000e-01
 1.25000e-01
 1.25000e-01
 1.25000e-01
 1.25000e-01
 1.25000e-01
 1.25000e-01
 1.25000e-01
 1.25000e-01
 1.25000e-01
 1.25000e-01
 1.25000e-01
 1.25000e-01
 1.25000e-01
 1.25000e-01
 1.25000e-01
 1.25000e-01
 1.25000e-01
 1.25000e-01
 1.25000e-01
 1.25000e-01
 1.25000e-01
 1.25000e-01
 1.25000e-01
 1.25000e-01
 1.25000e-01
 1.25000e-01
 1.25000e-01
 1.25000e-01
 1.25000e-01
 1.25000e-01
 1.25000e-01
 1.25000e-01
 1.25000e-01
 1.25000e-01
 1.25000e-01
 1.25000e-01
 1.25000e-01
 1.25000e-01
 1.25000e-01
 1.25000e-01
 1.25000e-01
 1.25000e-01
 1.25000e-01
 1.25000e-01
 1.25000e-01
 1.25000e-01
 1.25000e-01
 1.25000e-01
 1.25000e-01
 1.25000e-01
 1.25000e-01
 1.25000e-01
 1.25000e-01
 1.25000e-01
 1.25000e-01
 1.25000e-01
 1.25000e-01
 1.25000e-01
 1.25000e-01
 1.25000e-01
 1.25000e-01
 1.25000e-01
 1.25000e-01
 1.25000e-01
 1.25000e-01
 1.25000e-01
 1.25000e-01
 1.25000e-01
 1.25000e-01
 1.25000e-01
 1.25000e-01
 1.25000e-01
 1.25000e-01
 1.25000e-01
 1.25000e-01
 1.25000e-01
 1.25000e-01
 1.25000e-01
 1.25000e-01
 1.25000e-01
 1.25000e-01
 1.25000e-01
 1.25000e-01
 1.25000e-01
 1.25000e-01
 1.25000e-01
 1.25000e-01
 1.25000e-01
 1.25000e-01
 1.25000e-01
 1.25000e-01
 1.25000e-01
 1.25000e-01
 1.25000e-01
 1.25000e-01
 1.25000e-01
 1.25000e-01
 1.25000e-01
 1.25000e-01
 1.25000e-01
 1.25000e-01
 1.25000e-01
 1.25000e-01
 1.25000e-01
 1.25000e-01
 1.25000e-01
 1.25000e-01
 1.25000e-01
 1.25000e-01
 1.25000e-01
 1.25000e-01
 1.25000e-01
 1.25000e-01
 1.25000e-01
 1.25000e-01
 1.25000e-01
 1.25000e-01
 1.25000e-01
 1.25000e-01
 1.25000e-01
 1.25000e-01
 1.25000e-01
 1.25000e-01
 1.25000e-01
 1.25000e-01
 1.25000e-01
 1.25000e-01
 1.25000e-01
 1.25000e-01
 1.25000e-01
 1.25000e-01
 1.25000e-01
 1.25000e-01
 1.25000e-01
 1.25000e-01
 1.25000e-01
 1.25000e-01
 1.25000e-01
 1.25000e-01
 1.25000e-01
 1.25000e-01
 1.25000e-01
 1.25000e-01
 1.25000e-01
 1.25000e-01
 1.25000e-01
 1.25000e-01
 1.25000e-01
 1.25000e-01
 1.25000e-01
 1.25000e-01
 1.25000e-01
 1.25000e-01
 1.25000e-01
 1.25000e-01
 1.25000e-01
 1.25000e-01
 1.25000e-01
 1.25000e-01
 1.25000e-01
 1.25000e-01
 1.25000e-01
 1.25000e-01
 1.25000e-01
 1.25000e-01
 1.25000e-01
 1.25000e-01
 1.25000e-01
 1.25000e-01
 1.25000e-01
 1.25000e-01
 1.25000e-01
 1.25000e-01
 1.25000e-01
 1.25000e-01
 1.25000e-01
 1.25000e-01
 1.25000e-01
 1.25000e-01
 1.25000e-01
 1.25000e-01
 1.25000e-01
 1.25000e-01
 1.25000e-01
 1.25000e-01
 1.25000e-01
 1.25000e-01
 1.25000e-01
 1.25000e-01
 1.25000e-01
 1.25000e-01
 1.25000e-01
 1.25000e-01
 1.25000e-01
 1.25000e-01
 1.25000e-01
 1.25000e-01
 1.25000e-01
 1.25000e-01
 1.25000e-01
 1.25000e-01
 1.25000e-01
 1.25000e-01
 1.25000e-01
 1.25000e-01
 1.25000e-01
 1.25000e-01
 1.25000e-01
 1.25000e-01
 1.25000e-01
 1.25000e-01
 1.25000e-01
 1.25000e-01
 1.25000e-01
 1.25000e-01
 1.25000e-01
 1.25000e-01
 1.25000e-01
 1.25000e-01
 1.25000e-01
 1.25000e-01
 1.25000e-01
 1.25000e-01
 1.25000e-01
 1.25000e-01
 1.25000e-01
 1.25000e-01
 1.25000e-01
 1.25000e-01
 1.25000e-01
 1.25000e-01
 1.25000e-01
 1.25000e-01
 1.25000e-01
 1.25000e-01
 1.25000e-01
 1.25000e-01
 1.25000e-01
 1.25000e-01
 1.25000e-01
 1.25000e-01
 1.25000e-01
 1.25000e-01
 1.25000e-01
 1.25000e-01
 1.25000e-01
 1.25000e-01
 1.25000e-01
 1.25000e-01
 1.25000e-01
 1.25000e-01
 1.25000e-01
 1.25000e-01
 1.25000e-01
 1.25000e-01
 1.25000e-01
 1.25000e-01
 1.25000e-01
 1.25000e-01
 1.25000e-01
 1.25000e-01
 1.25000e-01
 1.25000e-01
 1.25000e-01
 1.25000e-01
 1.25000e-01
 1.25000e-01
 1.25000e-01
 1.25000e-01
 1.25000e-01
 1.25000e-01
 1.25000e-01
 1.25000e-01
 1.25000e-01
 1.25000e-01
 1.25000e-01
 1.25000e-01
 1.25000e-01
 1.25000e-01
 1.25000e-01
 1.25000e-01
 1.25000e-01
 1.25000e-01
 1.25000e-01
 1.25000e-01
 1.25000e-01
 1.25000e-01
 1.25000e-01
 1.25000e-01
 1.25000e-01
 1.25000e-01
 1.25000e-01
 1.25000e-01
 1.25000e-01
 1.25000e-01
 1.25000e-01
 1.25000e-01
 1.25000e-01
 1.25000e-01
 1.25000e-01
 1.25000e-01
 1.25000e-01
 1.25000e-01
 1.25000e-01
 1.25000e-01
 1.25000e-01
 1.25000e-01
 1.25000e-01
 1.25000e-01
 1.25000e-01
 1.25000e-01
 1.25000e-01
 1.25000e-01
 1.25000e-01
 1.25000e-01
 1.25000e-01
 1.25000e-01
 1.25000e-01
 1.25000e-01
 1.25000e-01
 1.25000e-01
 1.25000e-01
 1.25000e-01
 1.25000e-01
 1.25000e-01
 1.25000e-01
 1.25000e-01
 1.25000e-01
 1.25000e-01
 1.25000e-01
 1.25000e-01
 1.25000e-01
 1.25000e-01
 1.25000e-01
 1.25000e-01
 1.25000e-01
 1.25000e-01
 1.25000e-01
 1.25000e-01
 1.25000e-01
 1.25000e-01
 1.25000e-01
 1.25000e-01
 1.25000e-01
 1.25000e-01
 1.25000e-01
 1.25000e-01
 1.25000e-01
 1.25000e-01
 1.25000e-01
 1.25000e-01
 1.25000e-01
 1.25000e-01
 1.25000e-01
 1.25000e-01
 1.25000e-01
 1.25000e-01
 1.25000e-01
 1.25000e-01
 1.25000e-01
 1.25000e-01
 1.25000e-01
 1.25000e-01
 1.25000e-01
 1.25000e-01
 1.25000e-01
 1.25000e-01
 1.25000e-01
 1.25000e-01
 1.25000e-01
 1.25000e-01
 1.25000e-01
 1.25000e-01
 1.25000e-01
 1.25000e-01
 1.25000e-01
 1.25000e-01
 1.25000e-01
 1.25000e-01
 1.25000e-01
 1.25000e-01
 1.25000e-01
 1.25000e-01
 1.25000e-01
 1.25000e-01
 1.25000e-01
 1.25000e-01
 1.25000e-01
 1.25000e-01
 1.25000e-01
 1.25000e-01
 1.25000e-01
 1.25000e-01
 1.25000e-01
 1.25000e-01
 1.25000e-01
 1.25000e-01
 1.25000e-01
 1.25000e-01
 1.25000e-01
 1.25000e-01
 1.25000e-01
 1.25000e-01
 1.25000e-01
 1.25000e-01
 1.25000e-01
 1.25000e-01
 1.25000e-01
 1.25000e-01
 1.25000e-01
 1.25000e-01
 1.25000e-01
 1.25000e-01
 1.25000e-01
 1.25000e-01
 1.25000e-01
 1.25000e-01
 1.25000e-01
 1.25000e-01
 1.25000e-01
 1.25000e-01
 1.25000e-01
 1.25000e-01
 1.25000e-01
 1.25000e-01
 1.25000e-01
 1.25000e-01
 1.25000e-01
 1.25000e-01
 1.25000e-01
 1.25000e-01
 1.25000e-01
 1.25000e-01
 1.25000e-01
 1.25000e-01
 1.25000e-01
 1.25000e-01
 1.25000e-01
 1.25000e-01
 1.25000e-01
 1.25000e-01
 1.25000e-01
 1.25000e-01
 1.25000e-01
 1.25000e-01
 1.25000e-01
 1.25000e-01
 1.25000e-01
 1.25000e-01
 1.25000e-01
 1.25000e-01
 1.25000e-01
 1.25000e-01
 1.25000e-01
 1.25000e-01
 1.25000e-01
 1.25000e-01
 1.25000e-01
 1.25000e-01
 1.25000e-01
 1.25000e-01
 1.25000e-01
 1.25000e-01
 1.25000e-01
 1.25000e-01
 1.25000e-01
 1.25000e-01
 1.25000e-01
 1.25000e-01
 1.25000e-01
 1.25000e-01
 1.25000e-01
 1.25000e-01
 1.25000e-01
 1.25000e-01
 1.25000e-01
 1.25000e-01
 1.25000e-01
 1.25000e-01
 1.25000e-01
 1.25000e-01
 1.25000e-01
 1.25000e-01
 1.25000e-01
 1.25000e-01
 1.25000e-01
 1.25000e-01
 1.25000e-01
 1.25000e-01
 1.25000e-01
 1.25000e-01
 1.25000e-01
 1.25000e-01
 1.25000e-01
 1.25000e-01
 1.25000e-01
 1.25000e-01
 1.25000e-01
 1.25000e-01
 1.25000e-01
 1.25000e-01
 1.25000e-01
 1.25000e-01
 1.25000e-01
 1.25000e-01
 1.25000e-01
 1.25000e-01
 1.25000e-01
 1.25000e-01
 1.25000e-01
 1.25000e-01
 1.25000e-01
 1.25000e-01
 1.25000e-01
 1.25000e-01
 1.25000e-01
 1.25000e-01
 1.25000e-01
 1.25000e-01
 1.25000e-01
 1.25000e-01
 1.25000e-01
 1.25000e-01
 1.25000e-01
 1.25000e-01
 1.25000e-01
 1.25000e-01
 1.25000e-01
 1.25000e-01
 1.25000e-01
 1.25000e-01
 1.25000e-01
 1.25000e-01
 1.25000e-01
 1.25000e-01
 1.25000e-01
 1.25000e-01
 1.25000e-01
 1.25000e-01
 1.25000e-01
 1.25000e-01
 1.25000e-01
 1.25000e-01
 1.25000e-01
 1.25000e-01
 1.25000e-01
 1.25000e-01
 1.25000e-01
 1.25000e-01
 1.25000e-01
 1.25000e-01
 1.25000e-01
 1.25000e-01
 1.25000e-01
 1.25000e-01
 1.25000e-01
 1.25000e-01
 1.25000e-01
 1.25000e-01
 1.25000e-01
 1.25000e-01
 1.25000e-01
 1.25000e-01
 1.25000e-01
 1.25000e-01
 1.25000e-01
 1.25000e-01
 1.25000e-01
 1.25000e-01
 1.25000e-01
 1.25000e-01
 1.25000e-01
 1.25000e-01
 1.25000e-01
 1.25000e-01
 1.25000e-01
 1.25000e-01
 1.25000e-01
 1.25000e-01
 1.25000e-01
 1.25000e-01
 1.25000e-01
 1.25000e-01
 1.25000e-01
 1.25000e-01
 1.25000e-01
 1.25000e-01
 1.25000e-01
 1.25000e-01
 1.25000e-01
 1.25000e-01
 1.25000e-01
 1.25000e-01
 1.25000e-01
 1.25000e-01
 1.25000e-01
 1.25000e-01
 1.25000e-01
 1.25000e-01
 1.25000e-01
 1.25000e-01
 1.25000e-01
 1.25000e-01
 1.25000e-01
 1.25000e-01
 1.25000e-01
 1.25000e-01
 1.25000e-01
 1.25000e-01
 1.25000e-01
 1.25000e-01
 1.25000e-01
 1.25000e-01
 1.25000e-01
 1.25000e-01
 1.25000e-01
 1.25000e-01
 1.25000e-01
 1.25000e-01
 1.25000e-01
 1.25000e-01
 1.25000e-01
 1.25000e-01
 1.25000e-01
 1.25000e-01
 1.25000e-01
 1.25000e-01
 1.25000e-01
 1.25000e-01
 1.25000e-01
 1.25000e-01
 1.25000e-01
 1.25000e-01
 1.25000e-01
 1.25000e-01
 1.25000e-01
 1.25000e-01
 1.25000e-01
 1.25000e-01
 1.25000e-01
 1.25000e-01
 1.25000e-01
 1.25000e-01
 1.25000e-01
 1.25000e-01
 1.25000e-01
 1.25000e-01
 1.25000e-01
 1.25000e-01
 1.25000e-01
 1.25000e-01
 1.25000e-01
 1.25000e-01
 1.25000e-01
 1.25000e-01
 1.25000e-01
 1.25000e-01
 1.25000e-01
 1.25000e-01
 1.25000e-01
 1.25000e-01
 1.25000e-01
 1.25000e-01
 1.25000e-01
 1.25000e-01
 1.25000e-01
 1.25000e-01
 1.25000e-01
 1.25000e-01
 1.25000e-01
 1.25000e-01
 1.25000e-01
 1.25000e-01
 1.25000e-01
 1.25000e-01
 1.25000e-01
 1.25000e-01
 1.25000e-01
 1.25000e-01
 1.25000e-01
 1.25000e-01
 1.25000e-01
 1.25000e-01
 1.25000e-01
 1.25000e-01
 1.25000e-01
 1.25000e-01
 1.25000e-01
 1.25000e-01
 1.25000e-01
 1.25000e-01
 1.25000e-01
 1.25000e-01
 1.25000e-01
 1.25000e-01
 1.25000e-01
 1.25000e-01
 1.25000e-01
 1.25000e-01
 1.25000e-01
 1.25000e-01
 1.25000e-01
 1.25000e-01
 1.25000e-01
 1.25000e-01
 1.25000e-01
 1.25000e-01
 1.25000e-01
 1.25000e-01
 1.25000e-01
 1.25000e-01
 1.25000e-01
 1.25000e-01
 1.25000e-01
 1.25000e-01
 1.25000e-01
 1.25000e-01
 1.25000e-01
 1.25000e-01
 1.25000e-01
 1.25000e-01
 1.25000e-01
 1.25000e-01
 1.25000e-01
 1.25000e-01
 1.25000e-01
 1.25000e-01
 1.25000e-01
 1.25000e-01
 1.25000e-01
 1.25000e-01
 1.25000e-01
 1.25000e-01
 1.25000e-01
 1.25000e-01
 1.25000e-01
 1.25000e-01
 1.25000e-01
 1.25000e-01
 1.25000e-01
 1.25000e-01
 1.25000e-01
 1.25000e-01
 1.25000e-01
 1.25000e-01
 1.25000e-01
 1.25000e-01
 1.25000e-01
 1.25000e-01
 1.25000e-01
 1.25000e-01
 1.25000e-01
 1.25000e-01
 1.25000e-01
 1.25000e-01
 1.25000e-01
 1.25000e-01
 1.25000e-01
 1.25000e-01
 1.25000e-01
 1.25000e-01
 1.25000e-01
 1.25000e-01
 1.25000e-01
 1.25000e-01
 1.25000e-01
 1.25000e-01
 1.25000e-01
 1.25000e-01
 1.25000e-01
 1.25000e-01
 1.25000e-01
 1.25000e-01
 1.25000e-01
 1.25000e-01
 1.25000e-01
 1.25000e-01
 1.25000e-01
 1.25000e-01
 1.25000e-01
 1.25000e-01
 1.25000e-01
 1.25000e-01
 1.25000e-01
 1.25000e-01
 1.25000e-01
 1.25000e-01
 1.25000e-01
 1.25000e-01
 1.25000e-01
 1.25000e-01
 1.25000e-01
 1.25000e-01
 1.25000e-01
 1.25000e-01
 1.25000e-01
 1.25000e-01
 1.25000e-01
 1.25000e-01
 1.25000e-01
 1.25000e-01
 1.25000e-01
 1.25000e-01
 1.25000e-01
 1.25000e-01
 1.25000e-01
 1.25000e-01
 1.25000e-01
 1.25000e-01
 1.25000e-01
 1.25000e-01
 1.25000e-01
 1.25000e-01
 1.25000e-01
 1.25000e-01
 1.25000e-01
 1.25000e-01
 1.25000e-01
 1.25000e-01
 1.25000e-01
 1.25000e-01
 1.25000e-01
 1.25000e-01
 1.25000e-01
 1.25000e-01
 1.25000e-01
 1.25000e-01
 1.25000e-01
 1.25000e-01
 1.25000e-01
 1.25000e-01
 1.25000e-01
 1.25000e-01
 1.25000e-01
 1.25000e-01
 1.25000e-01
 1.25000e-01
 1.25000e-01
 1.25000e-01
 1.25000e-01
 1.25000e-01
 1.25000e-01
 1.25000e-01
 1.25000e-01
 1.25000e-01
 1.25000e-01
 1.25000e-01
 1.25000e-01
 1.25000e-01
 1.25000e-01
 1.25000e-01
 1.25000e-01
 1.25000e-01
 1.25000e-01
 1.25000e-01
 1.25000e-01
 1.25000e-01
 1.25000e-01
 1.25000e-01
 1.25000e-01
 1.25000e-01
 1.25000e-01
 1.25000e-01
 1.25000e-01
 1.25000e-01
 1.25000e-01
 1.25000e-01
 1.25000e-01
 1.25000e-01
 1.25000e-01
 1.25000e-01
 1.25000e-01
 1.25000e-01
 1.25000e-01
 1.25000e-01
 1.25000e-01
 1.25000e-01
 1.25000e-01
 1.25000e-01
 1.25000e-01
 1.25000e-01
 1.25000e-01
 1.25000e-01
 1.25000e-01
 1.25000e-01
 1.25000e-01
 1.25000e-01
 1.25000e-01
 1.25000e-01
 1.25000e-01
 1.25000e-01
 1.25000e-01
 1.25000e-01
 1.25000e-01
 1.25000e-01
 1.25000e-01
 1.25000e-01
 1.25000e-01
 1.25000e-01
 1.25000e-01
 1.25000e-01
 1.25000e-01
 1.25000e-01
 1.25000e-01
 1.25000e-01
 1.25000e-01
 1.25000e-01
 1.25000e-01
 1.25000e-01
 1.25000e-01
 1.25000e-01
 1.25000e-01
 1.25000e-01
 1.25000e-01
 1.25000e-01
 1.25000e-01
 1.25000e-01
 1.25000e-01
 1.25000e-01
 1.25000e-01
 1.25000e-01
 1.25000e-01
 1.25000e-01
 1.25000e-01
 1.25000e-01
 1.25000e-01
 1.25000e-01
 1.25000e-01
 1.25000e-01
 1.25000e-01
 1.25000e-01
 1.25000e-01
 1.25000e-01
 1.25000e-01
 1.25000e-01
 1.25000e-01
 1.25000e-01
 1.25000e-01
 1.25000e-01
 1.25000e-01
 1.25000e-01
 1.25000e-01
 1.25000e-01
 1.25000e-01
 1.25000e-01
 1.25000e-01
 1.25000e-01
 1.25000e-01
 1.25000e-01
 1.25000e-01
 1.25000e-01
 1.25000e-01
 1.25000e-01
 1.25000e-01
 1.25000e-01
 1.25000e-01
 1.25000e-01
 1.25000e-01
 1.25000e-01
 1.25000e-01
 1.25000e-01
 1.25000e-01
 1.25000e-01
 1.25000e-01
 1.25000e-01
 1.25000e-01
 1.25000e-01
 1.25000e-01
 1.25000e-01
 1.25000e-01
 1.25000e-01
 1.25000e-01
 1.25000e-01
 1.25000e-01
 1.25000e-01
 1.25000e-01
 1.25000e-01
 1.25000e-01
 1.25000e-01
 1.25000e-01
 1.25000e-01
 1.25000e-01
 1.25000e-01
 1.25000e-01
 1.25000e-01
 1.25000e-01
 1.25000e-01
 1.25000e-01
 1.25000e-01
 1.25000e-01
 1.25000e-01
 1.25000e-01
 1.25000e-01
 1.25000e-01
 1.25000e-01
 1.25000e-01
 1.25000e-01
 1.25000e-01
 1.25000e-01
 1.25000e-01
 1.25000e-01
 1.25000e-01
 1.25000e-01
 1.25000e-01
 1.25000e-01
 1.25000e-01
 1.25000e-01
 1.25000e-01
 1.25000e-01
 1.25000e-01
 1.25000e-01
 1.25000e-01
 1.25000e-01
 1.25000e-01
 1.25000e-01
 1.25000e-01
 1.25000e-01
 1.25000e-01
 1.25000e-01
 1.25000e-01
 1.25000e-01
 1.25000e-01
 1.25000e-01
 1.25000e-01
 1.25000e-01
 1.25000e-01
 1.25000e-01
 1.25000e-01
 1.25000e-01
 1.25000e-01
 1.25000e-01
 1.25000e-01
 1.25000e-01
 1.25000e-01
 1.25000e-01
 1.25000e-01
 1.25000e-01
 1.25000e-01
 1.25000e-01
 1.25000e-01
 1.25000e-01
 1.25000e-01
 1.25000e-01
 1.25000e-01
 1.25000e-01
 1.25000e-01
 1.25000e-01
 1.25000e-01
 1.25000e-01
 1.25000e-01
 1.25000e-01
 1.25000e-01
 1.25000e-01
 1.25000e-01
 1.25000e-01
 1.25000e-01
 1.25000e-01
 1.25000e-01
 1.25000e-01
 1.25000e-01
 1.25000e-01
 1.25000e-01
 1.25000e-01
 1.25000e-01
 1.25000e-01
 1.25000e-01
 1.25000e-01
 1.25000e-01
 1.25000e-01
 1.25000e-01
 1.25000e-01
 1.25000e-01
 1.25000e-01
 1.25000e-01
 1.25000e-01
 1.25000e-01
 1.25000e-01
 1.25000e-01
 1.25000e-01
 1.25000e-01
 1.25000e-01
 1.25000e-01
 1.25000e-01
 1.25000e-01
 1.25000e-01
 1.25000e-01
 1.25000e-01
 1.25000e-01
 1.25000e-01
 1.25000e-01
 1.25000e-01
 1.25000e-01
 1.25000e-01
 1.25000e-01
 1.25000e-01
 1.25000e-01
 1.25000e-01
 1.25000e-01
 1.25000e-01
 1.25000e-01
 1.25000e-01
 1.25000e-01
 1.25000e-01
 1.25000e-01
 1.25000e-01
 1.25000e-01
 1.25000e-01
 1.25000e-01
 1.25000e-01
 1.25000e-01
 1.25000e-01
 1.25000e-01
 1.25000e-01
 1.25000e-01
 1.25000e-01
 1.25000e-01
 1.25000e-01
 1.25000e-01
 1.25000e-01
 1.25000e-01
 1.25000e-01
 1.25000e-01
 1.25000e-01
 1.25000e-01
 1.25000e-01
 1.25000e-01
 1.25000e-01
 1.25000e-01
 1.25000e-01
 1.25000e-01
 1.25000e-01
 1.25000e-01
 1.25000e-01
 1.25000e-01
 1.25000e-01
 1.25000e-01
 1.25000e-01
 1.25000e-01
 1.25000e-01
 1.25000e-01
 1.25000e-01
 1.25000e-01
 1.25000e-01
 1.25000e-01
 1.25000e-01
 1.25000e-01
 1.25000e-01
 1.25000e-01
 1.25000e-01
 1.25000e-01
 1.25000e-01
 1.25000e-01
 1.25000e-01
 1.25000e-01
 1.25000e-01
 1.25000e-01
 1.25000e-01
 1.25000e-01
 1.25000e-01
 1.25000e-01
 1.25000e-01
 1.25000e-01
 1.25000e-01
 1.25000e-01
 1.25000e-01
 1.25000e-01
 1.25000e-01
 1.25000e-01
 1.25000e-01
 1.25000e-01
 1.25000e-01
 1.25000e-01
 1.25000e-01
 1.25000e-01
 1.25000e-01
 1.25000e-01
 1.25000e-01
 1.25000e-01
 1.25000e-01
 1.25000e-01
 1.25000e-01
 1.25000e-01
 1.25000e-01
 1.25000e-01
 1.25000e-01
 1.25000e-01
 1.25000e-01
 1.25000e-01
 1.25000e-01
 1.25000e-01
 1.25000e-01
 1.25000e-01
 1.25000e-01
 1.25000e-01
 1.25000e-01
 1.25000e-01
 1.25000e-01
 1.25000e-01
 1.25000e-01
 1.25000e-01
 1.25000e-01
 1.25000e-01
 1.25000e-01
 1.25000e-01
 1.25000e-01
 1.25000e-01
 1.25000e-01
 1.25000e-01
 1.25000e-01
 1.25000e-01
 1.25000e-01
 1.25000e-01
 1.25000e-01
 1.25000e-01
 1.25000e-01
 1.25000e-01
 1.25000e-01
 1.25000e-01
 1.25000e-01
 1.25000e-01
 1.25000e-01
 1.25000e-01
 1.25000e-01
 1.25000e-01
 1.25000e-01
 1.25000e-01
 1.25000e-01
 1.25000e-01
 1.25000e-01
 1.25000e-01
 1.25000e-01
 1.25000e-01
 1.25000e-01
 1.25000e-01
 1.25000e-01
 1.25000e-01
 1.25000e-01
 1.25000e-01
 1.25000e-01
 1.25000e-01
 1.25000e-01
 1.25000e-01
 1.25000e-01
 1.25000e-01
 1.25000e-01
 1.25000e-01
 1.25000e-01
 1.25000e-01
 1.25000e-01
 1.25000e-01
 1.25000e-01
 1.25000e-01
 1.25000e-01
 1.25000e-01
 1.25000e-01
 1.25000e-01
 1.25000e-01
 1.25000e-01
 1.25000e-01
 1.25000e-01
 1.25000e-01
 1.25000e-01
 1.25000e-01
 1.25000e-01
 1.25000e-01
 1.25000e-01
 1.25000e-01
 1.25000e-01
 1.25000e-01
 1.25000e-01
 1.25000e-01
 1.25000e-01
 1.25000e-01
 1.25000e-01
 1.25000e-01
 1.25000e-01
 1.25000e-01
 1.25000e-01
 1.25000e-01
 1.25000e-01
 1.25000e-01
 1.25000e-01
 1.25000e-01
 1.25000e-01
 1.25000e-01
 1.25000e-01
 1.25000e-01
 1.25000e-01
 1.25000e-01
 1.25000e-01
 1.25000e-01
 1.25000e-01
 1.25000e-01
 1.25000e-01
 1.25000e-01
 1.25000e-01
 1.25000e-01
 1.25000e-01
 1.25000e-01
 1.25000e-01
 1.25000e-01
 1.25000e-01
 1.25000e-01
 1.25000e-01
 1.25000e-01
 1.25000e-01
 1.25000e-01
 1.25000e-01
 1.25000e-01
 1.25000e-01
 1.25000e-01
 1.25000e-01
 1.25000e-01
 1.25000e-01
 1.25000e-01
 1.25000e-01
 1.25000e-01
 1.25000e-01
 1.25000e-01
 1.25000e-01
 1.25000e-01
 1.25000e-01
 1.25000e-01
 1.25000e-01
 1.25000e-01
 1.25000e-01
 1.25000e-01
 1.25000e-01
 1.25000e-01
 1.25000e-01
 1.25000e-01
 1.25000e-01
 1.25000e-01
 1.25000e-01
 1.25000e-01
 1.25000e-01
 1.25000e-01
 1.25000e-01
 1.25000e-01
 1.25000e-01
 1.25000e-01
 1.25000e-01
 1.25000e-01
 1.25000e-01
 1.25000e-01
 1.25000e-01
 1.25000e-01
 1.25000e-01
 1.25000e-01
 1.25000e-01
 1.25000e-01
 1.25000e-01
 1.25000e-01
 1.25000e-01
 1.25000e-01
 1.25000e-01
 1.25000e-01
 1.25000e-01
 1.25000e-01
 1.25000e-01
 1.25000e-01
 1.25000e-01
 1.25000e-01
 1.25000e-01
 1.25000e-01
 1.25000e-01
 1.25000e-01
 1.25000e-01
 1.25000e-01
 1.25000e-01
 1.25000e-01
 1.25000e-01
 1.25000e-01
 1.25000e-01
 1.25000e-01
 1.25000e-01
 1.25000e-01
 1.25000e-01
 1.25000e-01
 1.25000e-01
 1.25000e-01
 1.25000e-01
 1.25000e-01
 1.25000e-01
 1.25000e-01
 1.25000e-01
 1.25000e-01
 1.25000e-01
 1.25000e-01
 1.25000e-01
 1.25000e-01
 1.25000e-01
 1.25000e-01
 1.25000e-01
 1.25000e-01
 1.25000e-01
 1.25000e-01
 1.25000e-01
 1.25000e-01
 1.25000e-01
 1.25000e-01
 1.25000e-01
 1.25000e-01
 1.25000e-01
 1.25000e-01
 1.25000e-01
 1.25000e-01
 1.25000e-01
 1.25000e-01
 1.25000e-01
 1.25000e-01
 1.25000e-01
 1.25000e-01
 1.25000e-01
 1.25000e-01
 1.25000e-01
 1.25000e-01
 1.25000e-01
 1.25000e-01
 1.25000e-01
 1.25000e-01
 1.25000e-01
 1.25000e-01
 1.25000e-01
 1.25000e-01
 1.25000e-01
 1.25000e-01
 1.25000e-01
 1.25000e-01
 1.25000e-01
 1.25000e-01
 1.25000e-01
 1.25000e-01
 1.25000e-01
 1.25000e-01
 1.25000e-01
 1.25000e-01
 1.25000e-01
 1.25000e-01
 1.25000e-01
 1.25000e-01
 1.25000e-01
 1.25000e-01
 1.25000e-01
 1.25000e-01
 1.25000e-01
 1.25000e-01
 1.25000e-01
 1.25000e-01
 1.25000e-01
 1.25000e-01
 1.25000e-01
 1.25000e-01
 1.25000e-01
 1.25000e-01
 1.25000e-01
 1.25000e-01
 1.25000e-01
 1.25000e-01
 1.25000e-01
 1.25000e-01
 1.25000e-01
 1.25000e-01
 1.25000e-01
 1.25000e-01
 1.25000e-01
 1.25000e-01
 1.25000e-01
 1.25000e-01
 1.25000e-01
 1.25000e-01
 1.25000e-01
 1.25000e-01
 1.25000e-01
 1.25000e-01
 1.25000e-01
 1.25000e-01
 1.25000e-01
 1.25000e-01
 1.25000e-01
 1.25000e-01
 1.25000e-01
 1.25000e-01
 1.25000e-01
 1.25000e-01
 1.25000e-01
 1.25000e-01
 1.25000e-01
 1.25000e-01
 1.25000e-01
 1.25000e-01
 1.25000e-01
 1.25000e-01
 1.25000e-01
 1.25000e-01
 1.25000e-01
 1.25000e-01
 1.25000e-01
 1.25000e-01
 1.25000e-01
 1.25000e-01
 1.25000e-01
 1.25000e-01
 1.25000e-01
 1.25000e-01
 1.25000e-01
 1.25000e-01
 1.25000e-01
 1.25000e-01
 1.25000e-01
 1.25000e-01
 1.25000e-01
 1.25000e-01
 1.25000e-01
 1.25000e-01
 1.25000e-01
 1.25000e-01
 1.25000e-01
 1.25000e-01
 1.25000e-01
 1.25000e-01
 1.25000e-01
 1.25000e-01
 1.25000e-01
 1.25000e-01
 1.25000e-01
 1.25000e-01
 1.25000e-01
 1.25000e-01
 1.25000e-01
 1.25000e-01
 1.25000e-01
 1.25000e-01
 1.25000e-01
 1.25000e-01
 1.25000e-01
 1.25000e-01
 1.25000e-01
 1.25000e-01
 1.25000e-01
 1.25000e-01
 1.25000e-01
 1.25000e-01
 1.25000e-01
 1.25000e-01
 1.25000e-01
 1.25000e-01
 1.25000e-01
 1.25000e-01
 1.25000e-01
 1.25000e-01
 1.25000e-01
 1.25000e-01
 1.25000e-01
 1.25000e-01
 1.25000e-01
 1.25000e-01
 1.25000e-01
 1.25000e-01
 1.25000e-01
 1.25000e-01
 1.25000e-01
 1.25000e-01
 1.25000e-01
 1.25000e-01
 1.25000e-01
 1.25000e-01
 1.25000e-01
 1.25000e-01
 1.25000e-01
 1.25000e-01
 1.25000e-01
 1.25000e-01
 1.25000e-01
 1.25000e-01
 1.25000e-01
 1.25000e-01
 1.25000e-01
 1.25000e-01
 1.25000e-01
 1.25000e-01
 1.25000e-01
 1.25000e-01
 1.25000e-01
 1.25000e-01
 1.25000e-01
 1.25000e-01
 1.25000e-01
 1.25000e-01
 1.25000e-01
 1.25000e-01
 1.25000e-01
 1.25000e-01
 1.25000e-01
 1.25000e-01
 1.25000e-01
 1.25000e-01
 1.25000e-01
 1.25000e-01
 1.25000e-01
 1.25000e-01
 1.25000e-01
 1.25000e-01
 1.25000e-01
 1.25000e-01
 1.25000e-01
 1.25000e-01
 1.25000e-01
 1.25000e-01
 1.25000e-01
 1.25000e-01
 1.25000e-01
 1.25000e-01
 1.25000e-01
 1.25000e-01
 1.25000e-01
 1.25000e-01
 1.25000e-01
 1.25000e-01
 1.25000e-01
 1.25000e-01
 1.25000e-01
 1.25000e-01
 1.25000e-01
 1.25000e-01
 1.25000e-01
 1.25000e-01
 1.25000e-01
 1.25000e-01
 1.25000e-01
 1.25000e-01
 1.25000e-01
 1.25000e-01
 1.25000e-01
 1.25000e-01
 1.25000e-01
 1.25000e-01
 1.25000e-01
 1.25000e-01
 1.25000e-01
 1.25000e-01
 1.25000e-01
 1.25000e-01
 1.25000e-01
 1.25000e-01
 1.25000e-01
 1.25000e-01
 1.25000e-01
 1.25000e-01
 1.25000e-01
 1.25000e-01
 1.25000e-01
 1.25000e-01
 1.25000e-01
 1.25000e-01
 1.25000e-01
 1.25000e-01
 1.25000e-01
 1.25000e-01
 1.25000e-01
 1.25000e-01
 1.25000e-01
 1.25000e-01
 1.25000e-01
 1.25000e-01
 1.25000e-01
 1.25000e-01
 1.25000e-01
 1.25000e-01
 1.25000e-01
 1.25000e-01
 1.25000e-01
 1.25000e-01
 1.25000e-01
 1.25000e-01
 1.25000e-01
 1.25000e-01
 1.25000e-01
 1.25000e-01
 1.25000e-01
 1.25000e-01
 1.25000e-01
 1.25000e-01
 1.25000e-01
 1.25000e-01
 1.25000e-01
 1.25000e-01
 1.25000e-01
 1.25000e-01
 1.25000e-01
 1.25000e-01
 1.25000e-01
 1.25000e-01
 1.25000e-01
 1.25000e-01
part
         4
hexa8
 1.30856e-01
 1.27024e-01
 1.25603e-01
 1.25152e-01
 1.25035e-01
 1.25007e-01
 1.25001e-01
 1.25000e-01
 1.25000e-01
 1.25000e-01
 1.25000e-01
 1.25000e-01
 1.25000e-01
 1.25000e-01
 1.25000e-01
 1.27024e-01
 1.25667e-01
 1.25183e-01
 1.25048e-01
 1.25011e-01
 1.25002e-01
 1.25000e-01
 1.25000e-01
 1.25000e-01
 1.25000e-01
 1.25000e-01
 1.25000e-01
 1.25000e-01
 1.25000e-01
 1.25000e-01
 1.25603e-01
 1.25183e-01
 1.25054e-01
 1.25013e-01
 1.25003e-01
 1.25001e-01
 1.25000e-01
 1.25000e-01
 1.25000e-01
 1.25000e-01
 1.25000e-01
 1.25000e-01
 1.25000e-01
 1.25000e-01
 1.25000e-01
 1.25152e-01
 1.25048e-01
 1.25013e-01
 1.25004e-01
 1.25001e-01
 1.25000e-01
 1.25000e-01
 1.25000e-01
 1.25000e-01
 1.25000e-01
 1.25000e-01
 1.25000e-01
 1.25000e-01
 1.25000e-01
 1.25000e-01
 1.25035e-01
 1.25011e-01
 1.25003e-01
 1.25001e-01
 1.25000e-01
 1.25000e-01
 1.25000e-01
 1.25000e-01
 1.25000e-01
 1.25000e-01
 1.25000e-01
 1.25000e-01
 1.25000e-01
 1.25000e-01
 1.25000e-01
 1.25007e-01
 1.25002e-01
 1.25001e-01
 1.25000e-01
 1.25000e-01
 1.25000e-01
 1.25000e-01
 1.25000e-01
 1.25000e-01
 1.25000e-01
 1.25000e-01
 1.25000e-01
 1.25000e-01
 1.25000e-01
 1.25000e-01
 1.25001e-01
 1.25000e-01
 1.25000e-01
 1.25000e-01
 1.25000e-01
 1.25000e-01
 1.25000e-01
 1.25000e-01
 1.25000e-01
 1.25000e-01
 1.25000e-01
 1.25000e-01
 1.25000e-01
 1.25000e-01
 1.25000e-01
 1.25000e-01
 1.25000e-01
 1.25000e-01
 1.25000e-01
 1.25000e-01
 1.25000e-01
 1.25000e-01
 1.25000e-01
 1.25000e-01
 1.25000e-01
 1.25000e-01
 1.25000e-01
 1.25000e-01
 1.25000e-01
 1.25000e-01
 1.25000e-01
 1.25000e-01
 1.25000e-01
 1.25000e-01
 1.25000e-01
 1.25000e-01
 1.25000e-01
 1.25000e-01
 1.25000e-01
 1.25000e-01
 1.25000e-01
 1.25000e-01
 1.25000e-01
 1.25000e-01
 1.25000e-01
 1.25000e-01
 1.25000e-01
 1.25000e-01
 1.25000e-01
 1.25000e-01
 1.25000e-01
 1.25000e-01
 1.25000e-01
 1.25000e-01
 1.25000e-01
 1.25000e-01
 1.25000e-01
 1.25000e-01
 1.25000e-01
 1.25000e-01
 1.25000e-01
 1.25000e-01
 1.25000e-01
 1.25000e-01
 1.25000e-01
 1.25000e-01
 1.25000e-01
 1.25000e-01
 1.25000e-01
 1.25000e-01
 1.25000e-01
 1.25000e-01
 1.25000e-01
 1.25000e-01
 1.25000e-01
 1.25000e-01
 1.25000e-01
 1.25000e-01
 1.25000e-01
 1.25000e-01
 1.25000e-01
 1.25000e-01
 1.25000e-01
 1.25000e-01
 1.25000e-01
 1.25000e-01
 1.25000e-01
 1.25000e-01
 1.25000e-01
 1.25000e-01
 1.25000e-01
 1.25000e-01
 1.25000e-01
 1.25000e-01
 1.25000e-01
 1.25000e-01
 1.25000e-01
 1.25000e-01
 1.25000e-01
 1.25000e-01
 1.25000e-01
 1.25000e-01
 1.25000e-01
 1.25000e-01
 1.25000e-01
 1.25000e-01
 1.25000e-01
 1.25000e-01
 1.25000e-01
 1.25000e-01
 1.25000e-01
 1.25000e-01
 1.25000e-01
 1.25000e-01
 1.25000e-01
 1.25000e-01
 1.25000e-01
 1.25000e-01
 1.25000e-01
 1.25000e-01
 1.25000e-01
 1.25000e-01
 1.25000e-01
 1.25000e-01
 1.25000e-01
 1.25000e-01
 1.25000e-01
 1.25000e-01
 1.25000e-01
 1.25000e-01
 1.25000e-01
 1.25000e-01
 1.25000e-01
 1.25000e-01
 1.25000e-01
 1.30532e-01
 1.26899e-01
 1.25559e-01
 1.25142e-01
 1.25032e-01
 1.25007e-01
 1.25001e-01
 1.25000e-01
 1.25000e-01
 1.25000e-01
 1.25000e-01
 1.25000e-01
 1.25000e-01
 1.25000e-01
 1.25000e-01
 1.26899e-01
 1.25618e-01
 1.25171e-01
 1.25045e-01
 1.25010e-01
 1.25002e-01
 1.25000e-01
 1.25000e-01
 1.25000e-01
 1.25000e-01
 1.25000e-01
 1.25000e-01
 1.25000e-01
 1.25000e-01
 1.25000e-01
 1.25559e-01
 1.25171e-01
 1.25050e-01
 1.25012e-01
 1.25003e-01
 1.25001e-01
 1.25000e-01
 1.25000e-01
 1.25000e-01
 1.25000e-01
 1.25000e-01
 1.25000e-01
 1.25000e-01
 1.25000e-01
 1.25000e-01
 1.25142e-01
 1.25045e-01
 1.25012e-01
 1.25004e-01
 1.25001e-01
 1.25000e-01
 1.25000e-01
 1.25000e-01
 1.25000e-01
 1.25000e-01
 1.25000e-01
 1.25000e-01
 1.25000e-01
 1.25000e-01
 1.25000e-01
 1.25032e-01
 1.25010e-01
 1.25003e-01
 1.25001e-01
 1.25000e-01
 1.25000e-01
 1.25000e-01
 1.25000e-01
 1.25000e-01
 1.25000e-01
 1.25000e-01
 1.25000e-01
 1.25000e-01
 1.25000e-01
 1.25000e-01
 1.25007e-01
 1.25002e-01
 1.25001e-01
 1.25000e-01
 1.25000e-01
 1.25000e-01
 1.25000e-01
 1.25000e-01
 1.25000e-01
 1.25000e-01
 1.25000e-01
 1.25000e-01
 1.25000e-01
 1.25000e-01
 1.25000e-01
 1.25001e-01
 1.25000e-01
 1.25000e-01
 1.25000e-01
 1.25000e-01
 1.25000e-01
 1.25000e-01
 1.25000e-01
 1.25000e-01
 1.25000e-01
 1.25000e-01
 1.25000e-01
 1.25000e-01
 1.25000e-01
 1.25000e-01
 1.25000e-01
 1.25000e-01
 1.25000e-01
 1.25000e-01
 1.25000e-01
 1.25000e-01
 1.25000e-01
 1.25000e-01
 1.25000e-01
 1.25000e-01
 1.25000e-01
 1.25000e-01
 1.25000e-01
 1.25000e-01
 1.25000e-01
 1.25000e-01
 1.25000e-01
 1.25000e-01
 1.25000e-01
 1.25000e-01
 1.25000e-01
 1.25000e-01
 1.25000e-01
 1.25000e-01
 1.25000e-01
 1.25000e-01
 1.25000e-01
 1.25000e-01
 1.25000e-01
 1.25000e-01
 1.25000e-01
 1.25000e-01
 1.25000e-01
 1.25000e-01
 1.25000e-01
 1.25000e-01
 1.25000e-01
 1.25000e-01
 1.25000e-01
 1.25000e-01
 1.25000e-01
 1.25000e-01
 1.25000e-01
 1.25000e-01
 1.25000e-01
 1.25000e-01
 1.25000e-01
 1.25000e-01
 1.25000e-01
 1.25000e-01
 1.25000e-01
 1.25000e-01
 1.25000e-01
 1.25000e-01
 1.25000e-01
 1.25000e-01
 1.25000e-01
 1.25000e-01
 1.25000e-01
 1.25000e-01
 1.25000e-01
 1.25000e-01
 1.25000e-01
 1.25000e-01
 1.25000e-01
 1.25000e-01
 1.25000e-01
 1.25000e-01
 1.25000e-01
 1.25000e-01
 1.25000e-01
 1.25000e-01
 1.25000e-01
 1.25000e-01
 1.25000e-01
 1.25000e-01
 1.25000e-01
 1.25000e-01
 1.25000e-01
 1.25000e-01
 1.25000e-01
 1.25000e-01
 1.25000e-01
 1.25000e-01
 1.25000e-01
 1.25000e-01
 1.25000e-01
 1.25000e-01
 1.25000e-01
 1.25000e-01
 1.25000e-01
 1.25000e-01
 1.25000e-01
 1.25000e-01
 1.25000e-01
 1.25000e-01
 1.25000e-01
 1.25000e-01
 1.25000e-01
 1.25000e-01
 1.25000e-01
 1.25000e-01
 1.25000e-01
 1.25000e-01
 1.25000e-01
 1.25000e-01
 1.25000e-01
 1.25000e-01
 1.25000e-01
 1.25000e-01
 1.25000e-01
 1.25000e-01
 1.25000e-01
 1.25000e-01
 1.25000e-01
 1.25000e-01
 1.25000e-01
 1.25000e-01
 1.25000e-01
 1.25000e-01
 1.29827e-01
 1.26657e-01
 1.25481e-01
 1.25123e-01
 1.25028e-01
 1.25006e-01
 1.25001e-01
 1.25000e-01
 1.25000e-01
 1.25000e-01
 1.25000e-01
 1.25000e-01
 1.25000e-01
 1.25000e-01
 1.25000e-01
 1.26657e-01
 1.25530e-01
 1.25149e-01
 1.25039e-01
 1.25009e-01
 1.25002e-01
 1.25000e-01
 1.25000e-01
 1.25000e-01
 1.25000e-01
 1.25000e-01
 1.25000e-01
 1.25000e-01
 1.25000e-01
 1.25000e-01
 1.25481e-01
 1.25149e-01
 1.25043e-01
 1.25011e-01
 1.25003e-01
 1.25001e-01
 1.25000e-01
 1.25000e-01
 1.25000e-01
 1.25000e-01
 1.25000e-01
 1.25000e-01
 1.25000e-01
 1.25000e-01
 1.25000e-01
 1.25123e-01
 1.25039e-01
 1.25011e-01
 1.25003e-01
 1.25001e-01
 1.25000e-01
 1.25000e-01
 1.25000e-01
 1.25000e-01
 1.25000e-01
 1.25000e-01
 1.25000e-01
 1.25000e-01
 1.25000e-01
 1.25000e-01
 1.25028e-01
 1.25009e-01
 1.25003e-01
 1.25001e-01
 1.25000e-01
 1.25000e-01
 1.25000e-01
 1.25000e-01
 1.25000e-01
 1.25000e-01
 1.25000e-01
 1.25000e-01
 1.25000e-01
 1.25000e-01
 1.25000e-01
 1.25006e-01
 1.25002e-01
 1.25001e-01
 1.25000e-01
 1.25000e-01
 1.25000e-01
 1.25000e-01
 1.25000e-01
 1.25000e-01
 1.25000e-01
 1.25000e-01
 1.25000e-01
 1.25000e-01
 1.25000e-01
 1.25000e-01
 1.25001e-01
 1.25000e-01
 1.25000e-01
 1.25000e-01
 1.25000e-01
 1.25000e-01
 1.25000e-01
 1.25000e-01
 1.25000e-01
 1.25000e-01
 1.25000e-01
 1.25000e-01
 1.25000e-01
 1.25000e-01
 1.25000e-01
 1.25000e-01
 1.25000e-01
 1.25000e-01
 1.25000e-01
 1.25000e-01
 1.25000e-01
 1.25000e-01
 1.25000e-01
 1.25000e-01
 1.25000e-01
 1.25000e-01
 1.25000e-01
 1.25000e-01
 1.25000e-01
 1.25000e-01
 1.25000e-01
 1.25000e-01
 1.25000e-01
 1.25000e-01
 1.25000e-01
 1.25000e-01
 1.25000e-01
 1.25000e-01
 1.25000e-01
 1.25000e-01
 1.25000e-01
 1.25000e-01
 1.25000e-01
 1.25000e-01
 1.25000e-01
 1.25000e-01
 1.25000e-01
 1.25000e-01
 1.25000e-01
 1.25000e-01
 1.25000e-01
 1.25000e-01
 1.25000e-01
 1.25000e-01
 1.25000e-01
 1.25000e-01
 1.25000e-01
 1.25000e-01
 1.25000e-01
 1.25000e-01
 1.25000e-01
 1.25000e-01
 1.25000e-01
 1.25000e-01
 1.25000e-01
 1.25000e-01
 1.25000e-01
 1.25000e-01
 1.25000e-01
 1.25000e-01
 1.25000e-01
 1.25000e-01
 1.25000e-01
 1.25000e-01
 1.25000e-01
 1.25000e-01
 1.25000e-01
 1.25000e-01
 1.25000e-01
 1.25000e-01
 1.25000e-01
 1.25000e-01
 1.25000e-01
 1.25000e-01
 1.25000e-01
 1.25000e-01
 1.25000e-01
 1.25000e-01
 1.25000e-01
 1.25000e-01
 1.25000e-01
 1.25000e-01
 1.25000e-01
 1.25000e-01
 1.25000e-01
 1.25000e-01
 1.25000e-01
 1.25000e-01
 1.25000e-01
 1.25000e-01
 1.25000e-01
 1.25000e-01
 1.25000e-01
 1.25000e-01
 1.25000e-01
 1.25000e-01
 1.25000e-01
 1.25000e-01
 1.25000e-01
 1.25000e-01
 1.25000e-01
 1.25000e-01
 1.25000e-01
 1.25000e-01
 1.25000e-01
 1.25000e-01
 1.25000e-01
 1.25000e-01
 1.25000e-01
 1.25000e-01
 1.25000e-01
 1.25000e-01
 1.25000e-01
 1.25000e-01
 1.25000e-01
 1.25000e-01
 1.25000e-01
 1.25000e-01
 1.25000e-01
 1.25000e-01
 1.25000e-01
 1.25000e-01
 1.25000e-01
 1.25000e-01
 1.25000e-01
 1.28982e-01
 1.26350e-01
 1.25384e-01
 1.25100e-01
 1.25023e-01
 1.25005e-01
 1.25001e-01
 1.25000e-01
 1.25000e-01
 1.25000e-01
 1.25000e-01
 1.25000e-01
 1.25000e-01
 1.25000e-01
 1.25000e-01
 1.26350e-01
 1.25422e-01
 1.25120e-01
 1.25031e-01
 1.25007e-01
 1.25002e-01
 1.25000e-01
 1.25000e-01
 1.25000e-01
 1.25000e-01
 1.25000e-01
 1.25000e-01
 1.25000e-01
 1.25000e-01
 1.25000e-01
 1.25384e-01
 1.25120e-01
 1.25034e-01
 1.25009e-01
 1.25002e-01
 1.25000e-01
 1.25000e-01
 1.25000e-01
 1.25000e-01
 1.25000e-01
 1.25000e-01
 1.25000e-01
 1.25000e-01
 1.25000e-01
 1.25000e-01
 1.25100e-01
 1.25031e-01
 1.25009e-01
 1.25002e-01
 1.25001e-01
 1.25000e-01
 1.25000e-01
 1.25000e-01
 1.25000e-01
 1.25000e-01
 1.25000e-01
 1.25000e-01
 1.25000e-01
 1.25000e-01
 1.25000e-01
 1.25023e-01
 1.25007e-01
 1.25002e-01
 1.25001e-01
 1.25000e-01
 1.25000e-01
 1.25000e-01
 1.25000e-01
 1.25000e-01
 1.25000e-01
 1.25000e-01
 1.25000e-01
 1.25000e-01
 1.25000e-01
 1.25000e-01
 1.25005e-01
 1.25002e-01
 1.25000e-01
 1.25000e-01
 1.25000e-01
 1.25000e-01
 1.25000e-01
 1.25000e-01
 1.25000e-01
 1.25000e-01
 1.25000e-01
 1.25000e-01
 1.25000e-01
 1.25000e-01
 1.25000e-01
 1.25001e-01
 1.25000e-01
 1.25000e-01
 1.25000e-01
 1.25000e-01
 1.25000e-01
 1.25000e-01
 1.25000e-01
 1.25000e-01
 1.25000e-01
 1.25000e-01
 1.25000e-01
 1.25000e-01
 1.25000e-01
 1.25000e-01
 1.25000e-01
 1.25000e-01
 1.25000e-01
 1.25000e-01
 1.25000e-01
 1.25000e-01
 1.25000e-01
 1.25000e-01
 1.25000e-01
 1.25000e-01
 1.25000e-01
 1.25000e-01
 1.25000e-01
 1.25000e-01
 1.25000e-01
 1.25000e-01
 1.25000e-01
 1.25000e-01
 1.25000e-01
 1.25000e-01
 1.25000e-01
 1.25000e-01
 1.25000e-01
 1.25000e-01
 1.25000e-01
 1.25000e-01
 1.25000e-01
 1.25000e-01
 1.25000e-01
 1.25000e-01
 1.25000e-01
 1.25000e-01
 1.25000e-01
 1.25000e-01
 1.25000e-01
 1.25000e-01
 1.25000e-01
 1.25000e-01
 1.25000e-01
 1.25000e-01
 1.25000e-01
 1.25000e-01
 1.25000e-01
 1.25000e-01
 1.25000e-01
 1.25000e-01
 1.25000e-01
 1.25000e-01
 1.25000e-01
 1.25000e-01
 1.25000e-01
 1.25000e-01
 1.25000e-01
 1.25000e-01
 1.25000e-01
 1.25000e-01
 1.25000e-01
 1.25000e-01
 1.25000e-01
 1.25000e-01
 1.25000e-01
 1.25000e-01
 1.25000e-01
 1.25000e-01
 1.25000e-01
 1.25000e-01
 1.25000e-01
 1.25000e-01
 1.25000e-01
 1.25000e-01
 1.25000e-01
 1.25000e-01
 1.25000e-01
 1.25000e-01
 1.25000e-01
 1.25000e-01
 1.25000e-01
 1.25000e-01
 1.25000e-01
 1.25000e-01
 1.25000e-01
 1.25000e-01
 1.25000e-01
 1.25000e-01
 1.25000e-01
 1.25000e-01
 1.25000e-01
 1.25000e-01
 1.25000e-01
 1.25000e-01
 1.25000e-01
 1.25000e-01
 1.25000e-01
 1.25000e-01
 1.25000e-01
 1.25000e-01
 1.25000e-01
 1.25000e-01
 1.25000e-01
 1.25000e-01
 1.25000e-01
 1.25000e-01
 1.25000e-01
 1.25000e-01
 1.25000e-01
 1.25000e-01
 1.25000e-01
 1.25000e-01
 1.25000e-01
 1.25000e-01
 1.25000e-01
 1.25000e-01
 1.25000e-01
 1.25000e-01
 1.25000e-01
 1.25000e-01
 1.25000e-01
 1.25000e-01
 1.25000e-01
 1.25000e-01
 1.28046e-01
 1.26021e-01
 1.25286e-01
 1.25076e-01
 1.25017e-01
 1.25004e-01
 1.25001e-01
 1.25000e-01
 1.25000e-01
 1.25000e-01
 1.25000e-01
 1.25000e-01
 1.25000e-01
 1.25000e-01
 1.25000e-01
 1.26021e-01
 1.25313e-01
 1.25091e-01
 1.25023e-01
 1.25006e-01
 1.25001e-01
 1.25000e-01
 1.25000e-01
 1.25000e-01
 1.25000e-01
 1.25000e-01
 1.25000e-01
 1.25000e-01
 1.25000e-01
 1.25000e-01
 1.25286e-01
 1.25091e-01
 1.25025e-01
 1.25007e-01
 1.25002e-01
 1.25000e-01
 1.25000e-01
 1.25000e-01
 1.25000e-01
 1.25000e-01
 1.25000e-01
 1.25000e-01
 1.25000e-01
 1.25000e-01
 1.25000e-01
 1.25076e-01
 1.25023e-01
 1.25007e-01
 1.25002e-01
 1.25000e-01
 1.25000e-01
 1.25000e-01
 1.25000e-01
 1.25000e-01
 1.25000e-01
 1.25000e-01
 1.25000e-01
 1.25000e-01
 1.25000e-01
 1.25000e-01
 1.25017e-01
 1.25006e-01
 1.25002e-01
 1.25000e-01
 1.25000e-01
 1.25000e-01
 1.25000e-01
 1.25000e-01
 1.25000e-01
 1.25000e-01
 1.25000e-01
 1.25000e-01
 1.25000e-01
 1.25000e-01
 1.25000e-01
 1.25004e-01
 1.25001e-01
 1.25000e-01
 1.25000e-01
 1.25000e-01
 1.25000e-01
 1.25000e-01
 1.25000e-01
 1.25000e-01
 1.25000e-01
 1.25000e-01
 1.25000e-01
 1.25000e-01
 1.25000e-01
 1.25000e-01
 1.25001e-01
 1.25000e-01
 1.25000e-01
 1.25000e-01
 1.25000e-01
 1.25000e-01
 1.25000e-01
 1.25000e-01
 1.25000e-01
 1.25000e-01
 1.25000e-01
 1.25000e-01
 1.25000e-01
 1.25000e-01
 1.25000e-01
 1.25000e-01
 1.25000e-01
 1.25000e-01
 1.25000e-01
 1.25000e-01
 1.25000e-01
 1.25000e-01
 1.25000e-01
 1.25000e-01
 1.25000e-01
 1.25000e-01
 1.25000e-01
 1.25000e-01
 1.25000e-01
 1.25000e-01
 1.25000e-01
 1.25000e-01
 1.25000e-01
 1.25000e-01
 1.25000e-01
 1.25000e-01
 1.25000e-01
 1.25000e-01
 1.25000e-01
 1.25000e-01
 1.25000e-01
 1.25000e-01
 1.25000e-01
 1.25000e-01
 1.25000e-01
 1.25000e-01
 1.25000e-01
 1.25000e-01
 1.25000e-01
 1.25000e-01
 1.25000e-01
 1.25000e-01
 1.25000e-01
 1.25000e-01
 1.25000e-01
 1.25000e-01
 1.25000e-01
 1.25000e-01
 1.25000e-01
 1.25000e-01
 1.25000e-01
 1.25000e-01
 1.25000e-01
 1.25000e-01
 1.25000e-01
 1.25000e-01
 1.25000e-01
 1.25000e-01
 1.25000e-01
 1.25000e-01
 1.25000e-01
 1.25000e-01
 1.25000e-01
 1.25000e-01
 1.25000e-01
 1.25000e-01
 1.25000e-01
 1.25000e-01
 1.25000e-01
 1.25000e-01
 1.25000e-01
 1.25000e-01
 1.25000e-01
 1.25000e-01
 1.25000e-01
 1.25000e-01
 1.25000e-01
 1.25000e-01
 1.25000e-01
 1.25000e-01
 1.25000e-01
 1.25000e-01
 1.25000e-01
 1.25000e-01
 1.25000e-01
 1.25000e-01
 1.25000e-01
 1.25000e-01
 1.25000e-01
 1.25000e-01
 1.25000e-01
 1.25000e-01
 1.25000e-01
 1.25000e-01
 1.25000e-01
 1.25000e-01
 1.25000e-01
 1.25000e-01
 1.25000e-01
 1.25000e-01
 1.25000e-01
 1.25000e-01
 1.25000e-01
 1.25000e-01
 1.25000e-01
 1.25000e-01
 1.25000e-01
 1.25000e-01
 1.25000e-01
 1.25000e-01
 1.25000e-01
 1.25000e-01
 1.25000e-01
 1.25000e-01
 1.25000e-01
 1.25000e-01
 1.25000e-01
 1.25000e-01
 1.25000e-01
 1.25000e-01
 1.25000e-01
 1.25000e-01
 1.25000e-01
 1.25000e-01
 1.25000e-01
 1.27167e-01
 1.25711e-01
 1.25200e-01
 1.25054e-01
 1.25012e-01
 1.25003e-01
 1.25001e-01
 1.25000e-01
 1.25000e-01
 1.25000e-01
 1.25000e-01
 1.25000e-01
 1.25000e-01
 1.25000e-01
 1.25000e-01
 1.25711e-01
 1.25217e-01
 1.25064e-01
 1.25016e-01
 1.25004e-01
 1.25001e-01
 1.25000e-01
 1.25000e-01
 1.25000e-01
 1.25000e-01
 1.25000e-01
 1.25000e-01
 1.25000e-01
 1.25000e-01
 1.25000e-01
 1.25200e-01
 1.25064e-01
 1.25018e-01
 1.25005e-01
 1.25001e-01
 1.25000e-01
 1.25000e-01
 1.25000e-01
 1.25000e-01
 1.25000e-01
 1.25000e-01
 1.25000e-01
 1.25000e-01
 1.25000e-01
 1.25000e-01
 1.25054e-01
 1.25016e-01
 1.25005e-01
 1.25001e-01
 1.25000e-01
 1.25000e-01
 1.25000e-01
 1.25000e-01
 1.25000e-01
 1.25000e-01
 1.25000e-01
 1.25000e-01
 1.25000e-01
 1.25000e-01
 1.25000e-01
 1.25012e-01
 1.25004e-01
 1.25001e-01
 1.25000e-01
 1.25000e-01
 1.25000e-01
 1.25000e-01
 1.25000e-01
 1.25000e-01
 1.25000e-01
 1.25000e-01
 1.25000e-01
 1.25000e-01
 1.25000e-01
 1.25000e-01
 1.25003e-01
 1.25001e-01
 1.25000e-01
 1.25000e-01
 1.25000e-01
 1.25000e-01
 1.25000e-01
 1.25000e-01
 1.25000e-01
 1.25000e-01
 1.25000e-01
 1.25000e-01
 1.25000e-01
 1.25000e-01
 1.25000e-01
 1.25001e-01
 1.25000e-01
 1.25000e-01
 1.25000e-01
 1.25000e-01
 1.25000e-01
 1.25000e-01
 1.25000e-01
 1.25000e-01
 1.25000e-01
 1.25000e-01
 1.25000e-01
 1.25000e-01
 1.25000e-01
 1.25000e-01
 1.25000e-01
 1.25000e-01
 1.25000e-01
 1.25000e-01
 1.25000e-01
 1.25000e-01
 1.25000e-01
 1.25000e-01
 1.25000e-01
 1.25000e-01
 1.25000e-01
 1.25000e-01
 1.25000e-01
 1.25000e-01
 1.25000e-01
 1.25000e-01
 1.25000e-01
 1.25000e-01
 1.25000e-01
 1.25000e-01
 1.25000e-01
 1.25000e-01
 1.25000e-01
 1.25000e-01
 1.25000e-01
 1.25000e-01
 1.25000e-01
 1.25000e-01
 1.25000e-01
 1.25000e-01
 1.25000e-01
 1.25000e-01
 1.25000e-01
 1.25000e-01
 1.25000e-01
 1.25000e-01
 1.25000e-01
 1.25000e-01
 1.25000e-01
 1.25000e-01
 1.25000e-01
 1.25000e-01
 1.25000e-01
 1.25000e-01
 1.25000e-01
 1.25000e-01
 1.25000e-01
 1.25000e-01
 1.25000e-01
 1.25000e-01
 1.25000e-01
 1.25000e-01
 1.25000e-01
 1.25000e-01
 1.25000e-01
 1.25000e-01
 1.25000e-01
 1.25000e-01
 1.25000e-01
 1.25000e-01
 1.25000e-01
 1.25000e-01
 1.25000e-01
 1.25000e-01
 1.25000e-01
 1.25000e-01
 1.25000e-01
 1.25000e-01
 1.25000e-01
 1.25000e-01
 1.25000e-01
 1.25000e-01
 1.25000e-01
 1.25000e-01
 1.25000e-01
 1.25000e-01
 1.25000e-01
 1.25000e-01
 1.25000e-01
 1.25000e-01
 1.25000e-01
 1.25000e-01
 1.25000e-01
 1.25000e-01
 1.25000e-01
 1.25000e-01
 1.25000e-01
 1.25000e-01
 1.25000e-01
 1.25000e-01
 1.25000e-01
 1.25000e-01
 1.25000e-01
 1.25000e-01
 1.25000e-01
 1.25000e-01
 1.25000e-01
 1.25000e-01
 1.25000e-01
 1.25000e-01
 1.25000e-01
 1.25000e-01
 1.25000e-01
 1.25000e-01
 1.25000e-01
 1.25000e-01
 1.25000e-01
 1.25000e-01
 1.25000e-01
 1.25000e-01
 1.25000e-01
 1.25000e-01
 1.25000e-01
 1.25000e-01
 1.25000e-01
 1.25000e-01
 1.25000e-01
 1.25000e-01
 1.25000e-01
 1.25000e-01
 1.26439e-01
 1.25463e-01
 1.25131e-01
 1.25035e-01
 1.25008e-01
 1.25002e-01
 1.25000e-01
 1.25000e-01
 1.25000e-01
 1.25000e-01
 1.25000e-01
 1.25000e-01
 1.25000e-01
 1.25000e-01
 1.25000e-01
 1.25463e-01
 1.25143e-01
 1.25042e-01
 1.25011e-01
 1.25003e-01
 1.25001e-01
 1.25000e-01
 1.25000e-01
 1.25000e-01
 1.25000e-01
 1.25000e-01
 1.25000e-01
 1.25000e-01
 1.25000e-01
 1.25000e-01
 1.25131e-01
 1.25042e-01
 1.25012e-01
 1.25003e-01
 1.25001e-01
 1.25000e-01
 1.25000e-01
 1.25000e-01
 1.25000e-01
 1.25000e-01
 1.25000e-01
 1.25000e-01
 1.25000e-01
 1.25000e-01
 1.25000e-01
 1.25035e-01
 1.25011e-01
 1.25003e-01
 1.25001e-01
 1.25000e-01
 1.25000e-01
 1.25000e-01
 1.25000e-01
 1.25000e-01
 1.25000e-01
 1.25000e-01
 1.25000e-01
 1.25000e-01
 1.25000e-01
 1.25000e-01
 1.25008e-01
 1.25003e-01
 1.25001e-01
 1.25000e-01
 1.25000e-01
 1.25000e-01
 1.25000e-01
 1.25000e-01
 1.25000e-01
 1.25000e-01
 1.25000e-01
 1.25000e-01
 1.25000e-01
 1.25000e-01
 1.25000e-01
 1.25002e-01
 1.25001e-01
 1.25000e-01
 1.25000e-01
 1.25000e-01
 1.25000e-01
 1.25000e-01
 1.25000e-01
 1.25000e-01
 1.25000e-01
 1.25000e-01
 1.25000e-01
 1.25000e-01
 1.25000e-01
 1.25000e-01
 1.25000e-01
 1.25000e-01
 1.25000e-01
 1.25000e-01
 1.25000e-01
 1.25000e-01
 1.25000e-01
 1.25000e-01
 1.25000e-01
 1.25000e-01
 1.25000e-01
 1.25000e-01
 1.25000e-01
 1.25000e-01
 1.25000e-01
 1.25000e-01
 1.25000e-01
 1.25000e-01
 1.25000e-01
 1.25000e-01
 1.25000e-01
 1.25000e-01
 1.25000e-01
 1.25000e-01
 1.25000e-01
 1.25000e-01
 1.25000e-01
 1.25000e-01
 1.25000e-01
 1.25000e-01
 1.25000e-01
 1.25000e-01
 1.25000e-01
 1.25000e-01
 1.25000e-01
 1.25000e-01
 1.25000e-01
 1.25000e-01
 1.25000e-01
 1.25000e-01
 1.25000e-01
 1.25000e-01
 1.25000e-01
 1.25000e-01
 1.25000e-01
 1.25000e-01
 1.25000e-01
 1.25000e-01
 1.25000e-01
 1.25000e-01
 1.25000e-01
 1.25000e-01
 1.25000e-01
 1.25000e-01
 1.25000e-01
 1.25000e-01
 1.25000e-01
 1.25000e-01
 1.25000e-01
 1.25000e-01
 1.25000e-01
 1.25000e-01
 1.25000e-01
 1.25000e-01
 1.25000e-01
 1.25000e-01
 1.25000e-01
 1.25000e-01
 1.25000e-01
 1.25000e-01
 1.25000e-01
 1.25000e-01
 1.25000e-01
 1.25000e-01
 1.25000e-01
 1.25000e-01
 1.25000e-01
 1.25000e-01
 1.25000e-01
 1.25000e-01
 1.25000e-01
 1.25000e-01
 1.25000e-01
 1.25000e-01
 1.25000e-01
 1.25000e-01
 1.25000e-01
 1.25000e-01
 1.25000e-01
 1.25000e-01
 1.25000e-01
 1.25000e-01
 1.25000e-01
 1.25000e-01
 1.25000e-01
 1.25000e-01
 1.25000e-01
 1.25000e-01
 1.25000e-01
 1.25000e-01
 1.25000e-01
 1.25000e-01
 1.25000e-01
 1.25000e-01
 1.25000e-01
 1.25000e-01
 1.25000e-01
 1.25000e-01
 1.25000e-01
 1.25000e-01
 1.25000e-01
 1.25000e-01
 1.25000e-01
 1.25000e-01
 1.25000e-01
 1.25000e-01
 1.25000e-01
 1.25000e-01
 1.25000e-01
 1.25000e-01
 1.25000e-01
 1.25000e-01
 1.25000e-01
 1.25000e-01
 1.25000e-01
 1.25000e-01
 1.25000e-01
 1.25000e-01
 1.25000e-01
 1.25000e-01
 1.25000e-01
 1.25000e-01
 1.25000e-01
 1.25000e-01
 1.25000e-01
 1.25895e-01
 1.25281e-01
 1.25082e-01
 1.25022e-01
 1.25005e-01
 1.25001e-01
 1.25000e-01
 1.25000e-01
 1.25000e-01
 1.25000e-01
 1.25000e-01
 1.25000e-01
 1.25000e-01
 1.25000e-01
 1.25000e-01
 1.25281e-01
 1.25088e-01
 1.25026e-01
 1.25007e-01
 1.25002e-01
 1.25000e-01
 1.25000e-01
 1.25000e-01
 1.25000e-01
 1.25000e-01
 1.25000e-01
 1.25000e-01
 1.25000e-01
 1.25000e-01
 1.25000e-01
 1.25082e-01
 1.25026e-01
 1.25007e-01
 1.25002e-01
 1.25000e-01
 1.25000e-01
 1.25000e-01
 1.25000e-01
 1.25000e-01
 1.25000e-01
 1.25000e-01
 1.25000e-01
 1.25000e-01
 1.25000e-01
 1.25000e-01
 1.25022e-01
 1.25007e-01
 1.25002e-01
 1.25001e-01
 1.25000e-01
 1.25000e-01
 1.25000e-01
 1.25000e-01
 1.25000e-01
 1.25000e-01
 1.25000e-01
 1.25000e-01
 1.25000e-01
 1.25000e-01
 1.25000e-01
 1.25005e-01
 1.25002e-01
 1.25000e-01
 1.25000e-01
 1.25000e-01
 1.25000e-01
 1.25000e-01
 1.25000e-01
 1.25000e-01
 1.25000e-01
 1.25000e-01
 1.25000e-01
 1.25000e-01
 1.25000e-01
 1.25000e-01
 1.25001e-01
 1.25000e-01
 1.25000e-01
 1.25000e-01
 1.25000e-01
 1.25000e-01
 1.25000e-01
 1.25000e-01
 1.25000e-01
 1.25000e-01
 1.25000e-01
 1.25000e-01
 1.25000e-01
 1.25000e-01
 1.25000e-01
 1.25000e-01
 1.25000e-01
 1.25000e-01
 1.25000e-01
 1.25000e-01
 1.25000e-01
 1.25000e-01
 1.25000e-01
 1.25000e-01
 1.25000e-01
 1.25000e-01
 1.25000e-01
 1.25000e-01
 1.25000e-01
 1.25000e-01
 1.25000e-01
 1.25000e-01
 1.25000e-01
 1.25000e-01
 1.25000e-01
 1.25000e-01
 1.25000e-01
 1.25000e-01
 1.25000e-01
 1.25000e-01
 1.25000e-01
 1.25000e-01
 1.25000e-01
 1.25000e-01
 1.25000e-01
 1.25000e-01
 1.25000e-01
 1.25000e-01
 1.25000e-01
 1.25000e-01
 1.25000e-01
 1.25000e-01
 1.25000e-01
 1.25000e-01
 1.25000e-01
 1.25000e-01
 1.25000e-01
 1.25000e-01
 1.25000e-01
 1.25000e-01
 1.25000e-01
 1.25000e-01
 1.25000e-01
 1.25000e-01
 1.25000e-01
 1.25000e-01
 1.25000e-01
 1.25000e-01
 1.25000e-01
 1.25000e-01
 1.25000e-01
 1.25000e-01
 1.25000e-01
 1.25000e-01
 1.25000e-01
 1.25000e-01
 1.25000e-01
 1.25000e-01
 1.25000e-01
 1.25000e-01
 1.25000e-01
 1.25000e-01
 1.25000e-01
 1.25000e-01
 1.25000e-01
 1.25000e-01
 1.25000e-01
 1.25000e-01
 1.25000e-01
 1.25000e-01
 1.25000e-01
 1.25000e-01
 1.25000e-01
 1.25000e-01
 1.25000e-01
 1.25000e-01
 1.25000e-01
 1.25000e-01
 1.25000e-01
 1.25000e-01
 1.25000e-01
 1.25000e-01
 1.25000e-01
 1.25000e-01
 1.25000e-01
 1.25000e-01
 1.25000e-01
 1.25000e-01
 1.25000e-01
 1.25000e-01
 1.25000e-01
 1.25000e-01
 1.25000e-01
 1.25000e-01
 1.25000e-01
 1.25000e-01
 1.25000e-01
 1.25000e-01
 1.25000e-01
 1.25000e-01
 1.25000e-01
 1.25000e-01
 1.25000e-01
 1.25000e-01
 1.25000e-01
 1.25000e-01
 1.25000e-01
 1.25000e-01
 1.25000e-01
 1.25000e-01
 1.25000e-01
 1.25000e-01
 1.25000e-01
 1.25000e-01
 1.25000e-01
 1.25000e-01
 1.25000e-01
 1.25000e-01
 1.25000e-01
 1.25000e-01
 1.25000e-01
 1.25000e-01
 1.25000e-01
 1.25000e-01
 1.25000e-01
 1.25000e-01
 1.25000e-01
 1.25000e-01
 1.25000e-01
 1.25000e-01
 1.25515e-01
 1.25162e-01
 1.25048e-01
 1.25013e-01
 1.25003e-01
 1.25001e-01
 1.25000e-01
 1.25000e-01
 1.25000e-01
 1.25000e-01
 1.25000e-01
 1.25000e-01
 1.25000e-01
 1.25000e-01
 1.25000e-01
 1.25162e-01
 1.25052e-01
 1.25015e-01
 1.25004e-01
 1.25001e-01
 1.25000e-01
 1.25000e-01
 1.25000e-01
 1.25000e-01
 1.25000e-01
 1.25000e-01
 1.25000e-01
 1.25000e-01
 1.25000e-01
 1.25000e-01
 1.25048e-01
 1.25015e-01
 1.25004e-01
 1.25001e-01
 1.25000e-01
 1.25000e-01
 1.25000e-01
 1.25000e-01
 1.25000e-01
 1.25000e-01
 1.25000e-01
 1.25000e-01
 1.25000e-01
 1.25000e-01
 1.25000e-01
 1.25013e-01
 1.25004e-01
 1.25001e-01
 1.25000e-01
 1.25000e-01
 1.25000e-01
 1.25000e-01
 1.25000e-01
 1.25000e-01
 1.25000e-01
 1.25000e-01
 1.25000e-01
 1.25000e-01
 1.25000e-01
 1.25000e-01
 1.25003e-01
 1.25001e-01
 1.25000e-01
 1.25000e-01
 1.25000e-01
 1.25000e-01
 1.25000e-01
 1.25000e-01
 1.25000e-01
 1.25000e-01
 1.25000e-01
 1.25000e-01
 1.25000e-01
 1.25000e-01
 1.25000e-01
 1.25001e-01
 1.25000e-01
 1.25000e-01
 1.25000e-01
 1.25000e-01
 1.25000e-01
 1.25000e-01
 1.25000e-01
 1.25000e-01
 1.25000e-01
 1.25000e-01
 1.25000e-01
 1.25000e-01
 1.25000e-01
 1.25000e-01
 1.25000e-01
 1.25000e-01
 1.25000e-01
 1.25000e-01
 1.25000e-01
 1.25000e-01
 1.25000e-01
 1.25000e-01
 1.25000e-01
 1.25000e-01
 1.25000e-01
 1.25000e-01
 1.25000e-01
 1.25000e-01
 1.25000e-01
 1.25000e-01
 1.25000e-01
 1.25000e-01
 1.25000e-01
 1.25000e-01
 1.25000e-01
 1.25000e-01
 1.25000e-01
 1.25000e-01
 1.25000e-01
 1.25000e-01
 1.25000e-01
 1.25000e-01
 1.25000e-01
 1.25000e-01
 1.25000e-01
 1.25000e-01
 1.25000e-01
 1.25000e-01
 1.25000e-01
 1.25000e-01
 1.25000e-01
 1.25000e-01
 1.25000e-01
 1.25000e-01
 1.25000e-01
 1.25000e-01
 1.25000e-01
 1.25000e-01
 1.25000e-01
 1.25000e-01
 1.25000e-01
 1.25000e-01
 1.25000e-01
 1.25000e-01
 1.25000e-01
 1.25000e-01
 1.25000e-01
 1.25000e-01
 1.25000e-01
 1.25000e-01
 1.25000e-01
 1.25000e-01
 1.25000e-01
 1.25000e-01
 1.25000e-01
 1.25000e-01
 1.25000e-01
 1.25000e-01
 1.25000e-01
 1.25000e-01
 1.25000e-01
 1.25000e-01
 1.25000e-01
 1.25000e-01
 1.25000e-01
 1.25000e-01
 1.25000e-01
 1.25000e-01
 1.25000e-01
 1.25000e-01
 1.25000e-01
 1.25000e-01
 1.25000e-01
 1.25000e-01
 1.25000e-01
 1.25000e-01
 1.25000e-01
 1.25000e-01
 1.25000e-01
 1.25000e-01
 1.25000e-01
 1.25000e-01
 1.25000e-01
 1.25000e-01
 1.25000e-01
 1.25000e-01
 1.25000e-01
 1.25000e-01
 1.25000e-01
 1.25000e-01
 1.25000e-01
 1.25000e-01
 1.25000e-01
 1.25000e-01
 1.25000e-01
 1.25000e-01
 1.25000e-01
 1.25000e-01
 1.25000e-01
 1.25000e-01
 1.25000e-01
 1.25000e-01
 1.25000e-01
 1.25000e-01
 1.25000e-01
 1.25000e-01
 1.25000e-01
 1.25000e-01
 1.25000e-01
 1.25000e-01
 1.25000e-01
 1.25000e-01
 1.25000e-01
 1.25000e-01
 1.25000e-01
 1.25000e-01
 1.25000e-01
 1.25000e-01
 1.25000e-01
 1.25000e-01
 1.25000e-01
 1.25000e-01
 1.25000e-01
 1.25000e-01
 1.25000e-01
 1.25000e-01
 1.25000e-01
 1.25000e-01
 1.25000e-01
 1.25281e-01
 1.25088e-01
 1.25026e-01
 1.25007e-01
 1.25002e-01
 1.25000e-01
 1.25000e-01
 1.25000e-01
 1.25000e-01
 1.25000e-01
 1.25000e-01
 1.25000e-01
 1.25000e-01
 1.25000e-01
 1.25000e-01
 1.25088e-01
 1.25028e-01
 1.25008e-01
 1.25002e-01
 1.25001e-01
 1.25000e-01
 1.25000e-01
 1.25000e-01
 1.25000e-01
 1.25000e-01
 1.25000e-01
 1.25000e-01
 1.25000e-01
 1.25000e-01
 1.25000e-01
 1.25026e-01
 1.25008e-01
 1.25002e-01
 1.25001e-01
 1.25000e-01
 1.25000e-01
 1.25000e-01
 1.25000e-01
 1.25000e-01
 1.25000e-01
 1.25000e-01
 1.25000e-01
 1.25000e-01
 1.25000e-01
 1.25000e-01
 1.25007e-01
 1.25002e-01
 1.25001e-01
 1.25000e-01
 1.25000e-01
 1.25000e-01
 1.25000e-01
 1.25000e-01
 1.25000e-01
 1.25000e-01
 1.25000e-01
 1.25000e-01
 1.25000e-01
 1.25000e-01
 1.25000e-01
 1.25002e-01
 1.25001e-01
 1.25000e-01
 1.25000e-01
 1.25000e-01
 1.25000e-01
 1.25000e-01
 1.25000e-01
 1.25000e-01
 1.25000e-01
 1.25000e-01
 1.25000e-01
 1.25000e-01
 1.25000e-01
 1.25000e-01
 1.25000e-01
 1.25000e-01
 1.25000e-01
 1.25000e-01
 1.25000e-01
 1.25000e-01
 1.25000e-01
 1.25000e-01
 1.25000e-01
 1.25000e-01
 1.25000e-01
 1.25000e-01
 1.25000e-01
 1.25000e-01
 1.25000e-01
 1.25000e-01
 1.25000e-01
 1.25000e-01
 1.25000e-01
 1.25000e-01
 1.25000e-01
 1.25000e-01
 1.25000e-01
 1.25000e-01
 1.25000e-01
 1.25000e-01
 1.25000e-01
 1.25000e-01
 1.25000e-01
 1.25000e-01
 1.25000e-01
 1.25000e-01
 1.25000e-01
 1.25000e-01
 1.25000e-01
 1.25000e-01
 1.25000e-01
 1.25000e-01
 1.25000e-01
 1.25000e-01
 1.25000e-01
 1.25000e-01
 1.25000e-01
 1.25000e-01
 1.25000e-01
 1.25000e-01
 1.25000e-01
 1.25000e-01
 1.25000e-01
 1.25000e-01
 1.25000e-01
 1.25000e-01
 1.25000e-01
 1.25000e-01
 1.25000e-01
 1.25000e-01
 1.25000e-01
 1.25000e-01
 1.25000e-01
 1.25000e-01
 1.25000e-01
 1.25000e-01
 1.25000e-01
 1.25000e-01
 1.25000e-01
 1.25000e-01
 1.25000e-01
 1.25000e-01
 1.25000e-01
 1.25000e-01
 1.25000e-01
 1.25000e-01
 1.25000e-01
 1.25000e-01
 1.25000e-01
 1.25000e-01
 1.25000e-01
 1.25000e-01
 1.25000e-01
 1.25000e-01
 1.25000e-01
 1.25000e-01
 1.25000e-01
 1.25000e-01
 1.25000e-01
 1.25000e-01
 1.25000e-01
 1.25000e-01
 1.25000e-01
 1.25000e-01
 1.25000e-01
 1.25000e-01
 1.25000e-01
 1.25000e-01
 1.25000e-01
 1.25000e-01
 1.25000e-01
 1.25000e-01
 1.25000e-01
 1.25000e-01
 1.25000e-01
 1.25000e-01
 1.25000e-01
 1.25000e-01
 1.25000e-01
 1.25000e-01
 1.25000e-01
 1.25000e-01
 1.25000e-01
 1.25000e-01
 1.25000e-01
 1.25000e-01
 1.25000e-01
 1.25000e-01
 1.25000e-01
 1.25000e-01
 1.25000e-01
 1.25000e-01
 1.25000e-01
 1.25000e-01
 1.25000e-01
 1.25000e-01
 1.25000e-01
 1.25000e-01
 1.25000e-01
 1.25000e-01
 1.25000e-01
 1.25000e-01
 1.25000e-01
 1.25000e-01
 1.25000e-01
 1.25000e-01
 1.25000e-01
 1.25000e-01
 1.25000e-01
 1.25000e-01
 1.25000e-01
 1.25000e-01
 1.25000e-01
 1.25000e-01
 1.25000e-01
 1.25000e-01
 1.25000e-01
 1.25000e-01
 1.25000e-01
 1.25000e-01
 1.25000e-01
 1.25000e-01
 1.25000e-01
 1.25000e-01
 1.25141e-01
 1.25045e-01
 1.25013e-01
 1.25004e-01
 1.25001e-01
 1.25000e-01
 1.25000e-01
 1.25000e-01
 1.25000e-01
 1.25000e-01
 1.25000e-01
 1.25000e-01
 1.25000e-01
 1.25000e-01
 1.25000e-01
 1.25045e-01
 1.25015e-01
 1.25004e-01
 1.25001e-01
 1.25000e-01
 1.25000e-01
 1.25000e-01
 1.25000e-01
 1.25000e-01
 1.25000e-01
 1.25000e-01
 1.25000e-01
 1.25000e-01
 1.25000e-01
 1.25000e-01
 1.25013e-01
 1.25004e-01
 1.25001e-01
 1.25000e-01
 1.25000e-01
 1.25000e-01
 1.25000e-01
 1.25000e-01
 1.25000e-01
 1.25000e-01
 1.25000e-01
 1.25000e-01
 1.25000e-01
 1.25000e-01
 1.25000e-01
 1.25004e-01
 1.25001e-01
 1.25000e-01
 1.25000e-01
 1.25000e-01
 1.25000e-01
 1.25000e-01
 1.25000e-01
 1.25000e-01
 1.25000e-01
 1.25000e-01
 1.25000e-01
 1.25000e-01
 1.25000e-01
 1.25000e-01
 1.25001e-01
 1.25000e-01
 1.25000e-01
 1.25000e-01
 1.25000e-01
 1.25000e-01
 1.25000e-01
 1.25000e-01
 1.25000e-01
 1.25000e-01
 1.25000e-01
 1.25000e-01
 1.25000e-01
 1.25000e-01
 1.25000e-01
 1.25000e-01
 1.25000e-01
 1.25000e-01
 1.25000e-01
 1.25000e-01
 1.25000e-01
 1.25000e-01
 1.25000e-01
 1.25000e-01
 1.25000e-01
 1.25000e-01
 1.25000e-01
 1.25000e-01
 1.25000e-01
 1.25000e-01
 1.25000e-01
 1.25000e-01
 1.25000e-01
 1.25000e-01
 1.25000e-01
 1.25000e-01
 1.25000e-01
 1.25000e-01
 1.25000e-01
 1.25000e-01
 1.25000e-01
 1.25000e-01
 1.25000e-01
 1.25000e-01
 1.25000e-01
 1.25000e-01
 1.25000e-01
 1.25000e-01
 1.25000e-01
 1.25000e-01
 1.25000e-01
 1.25000e-01
 1.25000e-01
 1.25000e-01
 1.25000e-01
 1.25000e-01
 1.25000e-01
 1.25000e-01
 1.25000e-01
 1.25000e-01
 1.25000e-01
 1.25000e-01
 1.25000e-01
 1.25000e-01
 1.25000e-01
 1.25000e-01
 1.25000e-01
 1.25000e-01
 1.25000e-01
 1.25000e-01
 1.25000e-01
 1.25000e-01
 1.25000e-01
 1.25000e-01
 1.25000e-01
 1.25000e-01
 1.25000e-01
 1.25000e-01
 1.25000e-01
 1.25000e-01
 1.25000e-01
 1.25000e-01
 1.25000e-01
 1.25000e-01
 1.25000e-01
 1.25000e-01
 1.25000e-01
 1.25000e-01
 1.25000e-01
 1.25000e-01
 1.25000e-01
 1.25000e-01
 1.25000e-01
 1.25000e-01
 1.25000e-01
 1.25000e-01
 1.25000e-01
 1.25000e-01
 1.25000e-01
 1.25000e-01
 1.25000e-01
 1.25000e-01
 1.25000e-01
 1.25000e-01
 1.25000e-01
 1.25000e-01
 1.25000e-01
 1.25000e-01
 1.25000e-01
 1.25000e-01
 1.25000e-01
 1.25000e-01
 1.25000e-01
 1.25000e-01
 1.25000e-01
 1.25000e-01
 1.25000e-01
 1.25000e-01
 1.25000e-01
 1.25000e-01
 1.25000e-01
 1.25000e-01
 1.25000e-01
 1.25000e-01
 1.25000e-01
 1.25000e-01
 1.25000e-01
 1.25000e-01
 1.25000e-01
 1.25000e-01
 1.25000e-01
 1.25000e-01
 1.25000e-01
 1.25000e-01
 1.25000e-01
 1.25000e-01
 1.25000e-01
 1.25000e-01
 1.25000e-01
 1.25000e-01
 1.25000e-01
 1.25000e-01
 1.25000e-01
 1.25000e-01
 1.25000e-01
 1.25000e-01
 1.25000e-01
 1.25000e-01
 1.25000e-01
 1.25000e-01
 1.25000e-01
 1.25000e-01
 1.25000e-01
 1.25000e-01
 1.25000e-01
 1.25000e-01
 1.25000e-01
 1.25000e-01
 1.25000e-01
 1.25000e-01
 1.25000e-01
 1.25000e-01
 1.25000e-01
 1.25000e-01
 1.25000e-01
 1.25067e-01
 1.25022e-01
 1.25006e-01
 1.25002e-01
 1.25000e-01
 1.25000e-01
 1.25000e-01
 1.25000e-01
 1.25000e-01
 1.25000e-01
 1.25000e-01
 1.25000e-01
 1.25000e-01
 1.25000e-01
 1.25000e-01
 1.25022e-01
 1.25007e-01
 1.25002e-01
 1.25001e-01
 1.25000e-01
 1.25000e-01
 1.25000e-01
 1.25000e-01
 1.25000e-01
 1.25000e-01
 1.25000e-01
 1.25000e-01
 1.25000e-01
 1.25000e-01
 1.25000e-01
 1.25006e-01
 1.25002e-01
 1.25001e-01
 1.25000e-01
 1.25000e-01
 1.25000e-01
 1.25000e-01
 1.25000e-01
 1.25000e-01
 1.25000e-01
 1.25000e-01
 1.25000e-01
 1.25000e-01
 1.25000e-01
 1.25000e-01
 1.25002e-01
 1.25001e-01
 1.25000e-01
 1.25000e-01
 1.25000e-01
 1.25000e-01
 1.25000e-01
 1.25000e-01
 1.25000e-01
 1.25000e-01
 1.25000e-01
 1.25000e-01
 1.25000e-01
 1.25000e-01
 1.25000e-01
 1.25000e-01
 1.25000e-01
 1.25000e-01
 1.25000e-01
 1.25000e-01
 1.25000e-01
 1.25000e-01
 1.25000e-01
 1.25000e-01
 1.25000e-01
 1.25000e-01
 1.25000e-01
 1.25000e-01
 1.25000e-01
 1.25000e-01
 1.25000e-01
 1.25000e-01
 1.25000e-01
 1.25000e-01
 1.25000e-01
 1.25000e-01
 1.25000e-01
 1.25000e-01
 1.25000e-01
 1.25000e-01
 1.25000e-01
 1.25000e-01
 1.25000e-01
 1.25000e-01
 1.25000e-01
 1.25000e-01
 1.25000e-01
 1.25000e-01
 1.25000e-01
 1.25000e-01
 1.25000e-01
 1.25000e-01
 1.25000e-01
 1.25000e-01
 1.25000e-01
 1.25000e-01
 1.25000e-01
 1.25000e-01
 1.25000e-01
 1.25000e-01
 1.25000e-01
 1.25000e-01
 1.25000e-01
 1.25000e-01
 1.25000e-01
 1.25000e-01
 1.25000e-01
 1.25000e-01
 1.25000e-01
 1.25000e-01
 1.25000e-01
 1.25000e-01
 1.25000e-01
 1.25000e-01
 1.25000e-01
 1.25000e-01
 1.25000e-01
 1.25000e-01
 1.25000e-01
 1.25000e-01
 1.25000e-01
 1.25000e-01
 1.25000e-01
 1.25000e-01
 1.25000e-01
 1.25000e-01
 1.25000e-01
 1.25000e-01
 1.25000e-01
 1.25000e-01
 1.25000e-01
 1.25000e-01
 1.25000e-01
 1.25000e-01
 1.25000e-01
 1.25000e-01
 1.25000e-01
 1.25000e-01
 1.25000e-01
 1.25000e-01
 1.25000e-01
 1.25000e-01
 1.25000e-01
 1.25000e-01
 1.25000e-01
 1.25000e-01
 1.25000e-01
 1.25000e-01
 1.25000e-01
 1.25000e-01
 1.25000e-01
 1.25000e-01
 1.25000e-01
 1.25000e-01
 1.25000e-01
 1.25000e-01
 1.25000e-01
 1.25000e-01
 1.25000e-01
 1.25000e-01
 1.25000e-01
 1.25000e-01
 1.25000e-01
 1.25000e-01
 1.25000e-01
 1.25000e-01
 1.25000e-01
 1.25000e-01
 1.25000e-01
 1.25000e-01
 1.25000e-01
 1.25000e-01
 1.25000e-01
 1.25000e-01
 1.25000e-01
 1.25000e-01
 1.25000e-01
 1.25000e-01
 1.25000e-01
 1.25000e-01
 1.25000e-01
 1.25000e-01
 1.25000e-01
 1.25000e-01
 1.25000e-01
 1.25000e-01
 1.25000e-01
 1.25000e-01
 1.25000e-01
 1.25000e-01
 1.25000e-01
 1.25000e-01
 1.25000e-01
 1.25000e-01
 1.25000e-01
 1.25000e-01
 1.25000e-01
 1.25000e-01
 1.25000e-01
 1.25000e-01
 1.25000e-01
 1.25000e-01
 1.25000e-01
 1.25000e-01
 1.25000e-01
 1.25000e-01
 1.25000e-01
 1.25000e-01
 1.25000e-01
 1.25000e-01
 1.25000e-01
 1.25000e-01
 1.25000e-01
 1.25000e-01
 1.25000e-01
 1.25000e-01
 1.25000e-01
 1.25000e-01
 1.25000e-01
 1.25000e-01
 1.25029e-01
 1.25010e-01
 1.25003e-01
 1.25001e-01
 1.25000e-01
 1.25000e-01
 1.25000e-01
 1.25000e-01
 1.25000e-01
 1.25000e-01
 1.25000e-01
 1.25000e-01
 1.25000e-01
 1.25000e-01
 1.25000e-01
 1.25010e-01
 1.25003e-01
 1.25001e-01
 1.25000e-01
 1.25000e-01
 1.25000e-01
 1.25000e-01
 1.25000e-01
 1.25000e-01
 1.25000e-01
 1.25000e-01
 1.25000e-01
 1.25000e-01
 1.25000e-01
 1.25000e-01
 1.25003e-01
 1.25001e-01
 1.25000e-01
 1.25000e-01
 1.25000e-01
 1.25000e-01
 1.25000e-01
 1.25000e-01
 1.25000e-01
 1.25000e-01
 1.25000e-01
 1.25000e-01
 1.25000e-01
 1.25000e-01
 1.25000e-01
 1.25001e-01
 1.25000e-01
 1.25000e-01
 1.25000e-01
 1.25000e-01
 1.25000e-01
 1.25000e-01
 1.25000e-01
 1.25000e-01
 1.25000e-01
 1.25000e-01
 1.25000e-01
 1.25000e-01
 1.25000e-01
 1.25000e-01
 1.25000e-01
 1.25000e-01
 1.25000e-01
 1.25000e-01
 1.25000e-01
 1.25000e-01
 1.25000e-01
 1.25000e-01
 1.25000e-01
 1.25000e-01
 1.25000e-01
 1.25000e-01
 1.25000e-01
 1.25000e-01
 1.25000e-01
 1.25000e-01
 1.25000e-01
 1.25000e-01
 1.25000e-01
 1.25000e-01
 1.25000e-01
 1.25000e-01
 1.25000e-01
 1.25000e-01
 1.25000e-01
 1.25000e-01
 1.25000e-01
 1.25000e-01
 1.25000e-01
 1.25000e-01
 1.25000e-01
 1.25000e-01
 1.25000e-01
 1.25000e-01
 1.25000e-01
 1.25000e-01
 1.25000e-01
 1.25000e-01
 1.25000e-01
 1.25000e-01
 1.25000e-01
 1.25000e-01
 1.25000e-01
 1.25000e-01
 1.25000e-01
 1.25000e-01
 1.25000e-01
 1.25000e-01
 1.25000e-01
 1.25000e-01
 1.25000e-01
 1.25000e-01
 1.25000e-01
 1.25000e-01
 1.25000e-01
 1.25000e-01
 1.25000e-01
 1.25000e-01
 1.25000e-01
 1.25000e-01
 1.25000e-01
 1.25000e-01
 1.25000e-01
 1.25000e-01
 1.25000e-01
 1.25000e-01
 1.25000e-01
 1.25000e-01
 1.25000e-01
 1.25000e-01
 1.25000e-01
 1.25000e-01
 1.25000e-01
 1.25000e-01
 1.25000e-01
 1.25000e-01
 1.25000e-01
 1.25000e-01
 1.25000e-01
 1.25000e-01
 1.25000e-01
 1.25000e-01
 1.25000e-01
 1.25000e-01
 1.25000e-01
 1.25000e-01
 1.25000e-01
 1.25000e-01
 1.25000e-01
 1.25000e-01
 1.25000e-01
 1.25000e-01
 1.25000e-01
 1.25000e-01
 1.25000e-01
 1.25000e-01
 1.25000e-01
 1.25000e-01
 1.25000e-01
 1.25000e-01
 1.25000e-01
 1.25000e-01
 1.25000e-01
 1.25000e-01
 1.25000e-01
 1.25000e-01
 1.25000e-01
 1.25000e-01
 1.25000e-01
 1.25000e-01
 1.25000e-01
 1.25000e-01
 1.25000e-01
 1.25000e-01
 1.25000e-01
 1.25000e-01
 1.25000e-01
 1.25000e-01
 1.25000e-01
 1.25000e-01
 1.25000e-01
 1.25000e-01
 1.25000e-01
 1.25000e-01
 1.25000e-01
 1.25000e-01
 1.25000e-01
 1.25000e-01
 1.25000e-01
 1.25000e-01
 1.25000e-01
 1.25000e-01
 1.25000e-01
 1.25000e-01
 1.25000e-01
 1.25000e-01
 1.25000e-01
 1.25000e-01
 1.25000e-01
 1.25000e-01
 1.25000e-01
 1.25000e-01
 1.25000e-01
 1.25000e-01
 1.25000e-01
 1.25000e-01
 1.25000e-01
 1.25000e-01
 1.25000e-01
 1.25000e-01
 1.25000e-01
 1.25000e-01
 1.25000e-01
 1.25000e-01
 1.25000e-01
 1.25000e-01
 1.25000e-01
 1.25000e-01
 1.25000e-01
 1.25000e-01
 1.25000e-01
 1.25000e-01
 1.25000e-01
 1.25000e-01
 1.25000e-01
 1.25012e-01
 1.25004e-01
 1.25001e-01
 1.25000e-01
 1.25000e-01
 1.25000e-01
 1.25000e-01
 1.25000e-01
 1.25000e-01
 1.25000e-01
 1.25000e-01
 1.25000e-01
 1.25000e-01
 1.25000e-01
 1.25000e-01
 1.25004e-01
 1.25001e-01
 1.25000e-01
 1.25000e-01
 1.25000e-01
 1.25000e-01
 1.25000e-01
 1.25000e-01
 1.25000e-01
 1.25000e-01
 1.25000e-01
 1.25000e-01
 1.25000e-01
 1.25000e-01
 1.25000e-01
 1.25001e-01
 1.25000e-01
 1.25000e-01
 1.25000e-01
 1.25000e-01
 1.25000e-01
 1.25000e-01
 1.25000e-01
 1.25000e-01
 1.25000e-01
 1.25000e-01
 1.25000e-01
 1.25000e-01
 1.25000e-01
 1.25000e-01
 1.25000e-01
 1.25000e-01
 1.25000e-01
 1.25000e-01
 1.25000e-01
 1.25000e-01
 1.25000e-01
 1.25000e-01
 1.25000e-01
 1.25000e-01
 1.25000e-01
 1.25000e-01
 1.25000e-01
 1.25000e-01
 1.25000e-01
 1.25000e-01
 1.25000e-01
 1.25000e-01
 1.25000e-01
 1.25000e-01
 1.25000e-01
 1.25000e-01
 1.25000e-01
 1.25000e-01
 1.25000e-01
 1.25000e-01
 1.25000e-01
 1.25000e-01
 1.25000e-01
 1.25000e-01
 1.25000e-01
 1.25000e-01
 1.25000e-01
 1.25000e-01
 1.25000e-01
 1.25000e-01
 1.25000e-01
 1.25000e-01
 1.25000e-01
 1.25000e-01
 1.25000e-01
 1.25000e-01
 1.25000e-01
 1.25000e-01
 1.25000e-01
 1.25000e-01
 1.25000e-01
 1.25000e-01
 1.25000e-01
 1.25000e-01
 1.25000e-01
 1.25000e-01
 1.25000e-01
 1.25000e-01
 1.25000e-01
 1.25000e-01
 1.25000e-01
 1.25000e-01
 1.25000e-01
 1.25000e-01
 1.25000e-01
 1.25000e-01
 1.25000e-01
 1.25000e-01
 1.25000e-01
 1.25000e-01
 1.25000e-01
 1.25000e-01
 1.25000e-01
 1.25000e-01
 1.25000e-01
 1.25000e-01
 1.25000e-01
 1.25000e-01
 1.25000e-01
 1.25000e-01
 1.25000e-01
 1.25000e-01
 1.25000e-01
 1.25000e-01
 1.25000e-01
 1.25000e-01
 1.25000e-01
 1.25000e-01
 1.25000e-01
 1.25000e-01
 1.25000e-01
 1.25000e-01
 1.25000e-01
 1.25000e-01
 1.25000e-01
 1.25000e-01
 1.25000e-01
 1.25000e-01
 1.25000e-01
 1.25000e-01
 1.25000e-01
 1.25000e-01
 1.25000e-01
 1.25000e-01
 1.25000e-01
 1.25000e-01
 1.25000e-01
 1.25000e-01
 1.25000e-01
 1.25000e-01
 1.25000e-01
 1.25000e-01
 1.25000e-01
 1.25000e-01
 1.25000e-01
 1.25000e-01
 1.25000e-01
 1.25000e-01
 1.25000e-01
 1.25000e-01
 1.25000e-01
 1.25000e-01
 1.25000e-01
 1.25000e-01
 1.25000e-01
 1.25000e-01
 1.25000e-01
 1.25000e-01
 1.25000e-01
 1.25000e-01
 1.25000e-01
 1.25000e-01
 1.25000e-01
 1.25000e-01
 1.25000e-01
 1.25000e-01
 1.25000e-01
 1.25000e-01
 1.25000e-01
 1.25000e-01
 1.25000e-01
 1.25000e-01
 1.25000e-01
 1.25000e-01
 1.25000e-01
 1.25000e-01
 1.25000e-01
 1.25000e-01
 1.25000e-01
 1.25000e-01
 1.25000e-01
 1.25000e-01
 1.25000e-01
 1.25000e-01
 1.25000e-01
 1.25000e-01
 1.25000e-01
 1.25000e-01
 1.25000e-01
 1.25000e-01
 1.25000e-01
 1.25000e-01
 1.25000e-01
 1.25000e-01
 1.25000e-01
 1.25000e-01
 1.25000e-01
 1.25000e-01
 1.25000e-01
 1.25000e-01
 1.25000e-01
 1.25000e-01
 1.25000e-01
 1.25000e-01
 1.25000e-01
 1.25000e-01
 1.25000e-01
 1.25000e-01
 1.25000e-01
 1.25000e-01
 1.25000e-01
 1.25000e-01
 1.25000e-01
 1.25000e-01
 1.25005e-01
 1.25002e-01
 1.25000e-01
 1.25000e-01
 1.25000e-01
 1.25000e-01
 1.25000e-01
 1.25000e-01
 1.25000e-01
 1.25000e-01
 1.25000e-01
 1.25000e-01
 1.25000e-01
 1.25000e-01
 1.25000e-01
 1.25002e-01
 1.25001e-01
 1.25000e-01
 1.25000e-01
 1.25000e-01
 1.25000e-01
 1.25000e-01
 1.25000e-01
 1.25000e-01
 1.25000e-01
 1.25000e-01
 1.25000e-01
 1.25000e-01
 1.25000e-01
 1.25000e-01
 1.25000e-01
 1.25000e-01
 1.25000e-01
 1.25000e-01
 1.25000e-01
 1.25000e-01
 1.25000e-01
 1.25000e-01
 1.25000e-01
 1.25000e-01
 1.25000e-01
 1.25000e-01
 1.25000e-01
 1.25000e-01
 1.25000e-01
 1.25000e-01
 1.25000e-01
 1.25000e-01
 1.25000e-01
 1.25000e-01
 1.25000e-01
 1.25000e-01
 1.25000e-01
 1.25000e-01
 1.25000e-01
 1.25000e-01
 1.25000e-01
 1.25000e-01
 1.25000e-01
 1.25000e-01
 1.25000e-01
 1.25000e-01
 1.25000e-01
 1.25000e-01
 1.25000e-01
 1.25000e-01
 1.25000e-01
 1.25000e-01
 1.25000e-01
 1.25000e-01
 1.25000e-01
 1.25000e-01
 1.25000e-01
 1.25000e-01
 1.25000e-01
 1.25000e-01
 1.25000e-01
 1.25000e-01
 1.25000e-01
 1.25000e-01
 1.25000e-01
 1.25000e-01
 1.25000e-01
 1.25000e-01
 1.25000e-01
 1.25000e-01
 1.25000e-01
 1.25000e-01
 1.25000e-01
 1.25000e-01
 1.25000e-01
 1.25000e-01
 1.25000e-01
 1.25000e-01
 1.25000e-01
 1.25000e-01
 1.25000e-01
 1.25000e-01
 1.25000e-01
 1.25000e-01
 1.25000e-01
 1.25000e-01
 1.25000e-01
 1.25000e-01
 1.25000e-01
 1.25000e-01
 1.25000e-01
 1.25000e-01
 1.25000e-01
 1.25000e-01
 1.25000e-01
 1.25000e-01
 1.25000e-01
 1.25000e-01
 1.25000e-01
 1.25000e-01
 1.25000e-01
 1.25000e-01
 1.25000e-01
 1.25000e-01
 1.25000e-01
 1.25000e-01
 1.25000e-01
 1.25000e-01
 1.25000e-01
 1.25000e-01
 1.25000e-01
 1.25000e-01
 1.25000e-01
 1.25000e-01
 1.25000e-01
 1.25000e-01
 1.25000e-01
 1.25000e-01
 1.25000e-01
 1.25000e-01
 1.25000e-01
 1.25000e-01
 1.25000e-01
 1.25000e-01
 1.25000e-01
 1.25000e-01
 1.25000e-01
 1.25000e-01
 1.25000e-01
 1.25000e-01
 1.25000e-01
 1.25000e-01
 1.25000e-01
 1.25000e-01
 1.25000e-01
 1.25000e-01
 1.25000e-01
 1.25000e-01
 1.25000e-01
 1.25000e-01
 1.25000e-01
 1.25000e-01
 1.25000e-01
 1.25000e-01
 1.25000e-01
 1.25000e-01
 1.25000e-01
 1.25000e-01
 1.25000e-01
 1.25000e-01
 1.25000e-01
 1.25000e-01
 1.25000e-01
 1.25000e-01
 1.25000e-01
 1.25000e-01
 1.25000e-01
 1.25000e-01
 1.25000e-01
 1.25000e-01
 1.25000e-01
 1.25000e-01
 1.25000e-01
 1.25000e-01
 1.25000e-01
 1.25000e-01
 1.25000e-01
 1.25000e-01
 1.25000e-01
 1.25000e-01
 1.25000e-01
 1.25000e-01
 1.25000e-01
 1.25000e-01
 1.25000e-01
 1.25000e-01
 1.25000e-01
 1.25000e-01
 1.25000e-01
 1.25000e-01
 1.25000e-01
 1.25000e-01
 1.25000e-01
 1.25000e-01
 1.25000e-01
 1.25000e-01
 1.25000e-01
 1.25000e-01
 1.25000e-01
 1.25000e-01
 1.25000e-01
 1.25000e-01
 1.25000e-01
 1.25000e-01
 1.25000e-01
 1.25000e-01
 1.25000e-01
 1.25000e-01
 1.25000e-01
 1.25000e-01
 1.25000e-01
 1.25000e-01
 1.25000e-01
 1.25000e-01
 1.25000e-01
 1.25000e-01
 1.25000e-01
 1.25000e-01
 1.25000e-01
 1.25002e-01
 1.25001e-01
 1.25000e-01
 1.25000e-01
 1.25000e-01
 1.25000e-01
 1.25000e-01
 1.25000e-01
 1.25000e-01
 1.25000e-01
 1.25000e-01
 1.25000e-01
 1.25000e-01
 1.25000e-01
 1.25000e-01
 1.25001e-01
 1.25000e-01
 1.25000e-01
 1.25000e-01
 1.25000e-01
 1.25000e-01
 1.25000e-01
 1.25000e-01
 1.25000e-01
 1.25000e-01
 1.25000e-01
 1.25000e-01
 1.25000e-01
 1.25000e-01
 1.25000e-01
 1.25000e-01
 1.25000e-01
 1.25000e-01
 1.25000e-01
 1.25000e-01
 1.25000e-01
 1.25000e-01
 1.25000e-01
 1.25000e-01
 1.25000e-01
 1.25000e-01
 1.25000e-01
 1.25000e-01
 1.25000e-01
 1.25000e-01
 1.25000e-01
 1.25000e-01
 1.25000e-01
 1.25000e-01
 1.25000e-01
 1.25000e-01
 1.25000e-01
 1.25000e-01
 1.25000e-01
 1.25000e-01
 1.25000e-01
 1.25000e-01
 1.25000e-01
 1.25000e-01
 1.25000e-01
 1.25000e-01
 1.25000e-01
 1.25000e-01
 1.25000e-01
 1.25000e-01
 1.25000e-01
 1.25000e-01
 1.25000e-01
 1.25000e-01
 1.25000e-01
 1.25000e-01
 1.25000e-01
 1.25000e-01
 1.25000e-01
 1.25000e-01
 1.25000e-01
 1.25000e-01
 1.25000e-01
 1.25000e-01
 1.25000e-01
 1.25000e-01
 1.25000e-01
 1.25000e-01
 1.25000e-01
 1.25000e-01
 1.25000e-01
 1.25000e-01
 1.25000e-01
 1.25000e-01
 1.25000e-01
 1.25000e-01
 1.25000e-01
 1.25000e-01
 1.25000e-01
 1.25000e-01
 1.25000e-01
 1.25000e-01
 1.25000e-01
 1.25000e-01
 1.25000e-01
 1.25000e-01
 1.25000e-01
 1.25000e-01
 1.25000e-01
 1.25000e-01
 1.25000e-01
 1.25000e-01
 1.25000e-01
 1.25000e-01
 1.25000e-01
 1.25000e-01
 1.25000e-01
 1.25000e-01
 1.25000e-01
 1.25000e-01
 1.25000e-01
 1.25000e-01
 1.25000e-01
 1.25000e-01
 1.25000e-01
 1.25000e-01
 1.25000e-01
 1.25000e-01
 1.25000e-01
 1.25000e-01
 1.25000e-01
 1.25000e-01
 1.25000e-01
 1.25000e-01
 1.25000e-01
 1.25000e-01
 1.25000e-01
 1.25000e-01
 1.25000e-01
 1.25000e-01
 1.25000e-01
 1.25000e-01
 1.25000e-01
 1.25000e-01
 1.25000e-01
 1.25000e-01
 1.25000e-01
 1.25000e-01
 1.25000e-01
 1.25000e-01
 1.25000e-01
 1.25000e-01
 1.25000e-01
 1.25000e-01
 1.25000e-01
 1.25000e-01
 1.25000e-01
 1.25000e-01
 1.25000e-01
 1.25000e-01
 1.25000e-01
 1.25000e-01
 1.25000e-01
 1.25000e-01
 1.25000e-01
 1.25000e-01
 1.25000e-01
 1.25000e-01
 1.25000e-01
 1.25000e-01
 1.25000e-01
 1.25000e-01
 1.25000e-01
 1.25000e-01
 1.25000e-01
 1.25000e-01
 1.25000e-01
 1.25000e-01
 1.25000e-01
 1.25000e-01
 1.25000e-01
 1.25000e-01
 1.25000e-01
 1.25000e-01
 1.25000e-01
 1.25000e-01
 1.25000e-01
 1.25000e-01
 1.25000e-01
 1.25000e-01
 1.25000e-01
 1.25000e-01
 1.25000e-01
 1.25000e-01
 1.25000e-01
 1.25000e-01
 1.25000e-01
 1.25000e-01
 1.25000e-01
 1.25000e-01
 1.25000e-01
 1.25000e-01
 1.25000e-01
 1.25000e-01
 1.25000e-01
 1.25000e-01
 1.25000e-01
 1.25000e-01
 1.25000e-01
 1.25000e-01
 1.25000e-01
 1.25000e-01
 1.25000e-01
 1.25000e-01
 1.25000e-01
 1.25000e-01
 1.25000e-01
 1.25000e-01
 1.25000e-01
 1.25000e-01
 1.25000e-01
 1.25000e-01
 1.25000e-01
 1.25000e-01
 1.25000e-01
 1.25000e-01
 1.25000e-01
 1.25000e-01
 1.25000e-01
 1.25000e-01
 1.25001e-01
 1.25000e-01
 1.25000e-01
 1.25000e-01
 1.25000e-01
 1.25000e-01
 1.25000e-01
 1.25000e-01
 1.25000e-01
 1.25000e-01
 1.25000e-01
 1.25000e-01
 1.25000e-01
 1.25000e-01
 1.25000e-01
 1.25000e-01
 1.25000e-01
 1.25000e-01
 1.25000e-01
 1.25000e-01
 1.25000e-01
 1.25000e-01
 1.25000e-01
 1.25000e-01
 1.25000e-01
 1.25000e-01
 1.25000e-01
 1.25000e-01
 1.25000e-01
 1.25000e-01
 1.25000e-01
 1.25000e-01
 1.25000e-01
 1.25000e-01
 1.25000e-01
 1.25000e-01
 1.25000e-01
 1.25000e-01
 1.25000e-01
 1.25000e-01
 1.25000e-01
 1.25000e-01
 1.25000e-01
 1.25000e-01
 1.25000e-01
 1.25000e-01
 1.25000e-01
 1.25000e-01
 1.25000e-01
 1.25000e-01
 1.25000e-01
 1.25000e-01
 1.25000e-01
 1.25000e-01
 1.25000e-01
 1.25000e-01
 1.25000e-01
 1.25000e-01
 1.25000e-01
 1.25000e-01
 1.25000e-01
 1.25000e-01
 1.25000e-01
 1.25000e-01
 1.25000e-01
 1.25000e-01
 1.25000e-01
 1.25000e-01
 1.25000e-01
 1.25000e-01
 1.25000e-01
 1.25000e-01
 1.25000e-01
 1.25000e-01
 1.25000e-01
 1.25000e-01
 1.25000e-01
 1.25000e-01
 1.25000e-01
 1.25000e-01
 1.25000e-01
 1.25000e-01
 1.25000e-01
 1.25000e-01
 1.25000e-01
 1.25000e-01
 1.25000e-01
 1.25000e-01
 1.25000e-01
 1.25000e-01
 1.25000e-01
 1.25000e-01
 1.25000e-01
 1.25000e-01
 1.25000e-01
 1.25000e-01
 1.25000e-01
 1.25000e-01
 1.25000e-01
 1.25000e-01
 1.25000e-01
 1.25000e-01
 1.25000e-01
 1.25000e-01
 1.25000e-01
 1.25000e-01
 1.25000e-01
 1.25000e-01
 1.25000e-01
 1.25000e-01
 1.25000e-01
 1.25000e-01
 1.25000e-01
 1.25000e-01
 1.25000e-01
 1.25000e-01
 1.25000e-01
 1.25000e-01
 1.25000e-01
 1.25000e-01
 1.25000e-01
 1.25000e-01
 1.25000e-01
 1.25000e-01
 1.25000e-01
 1.25000e-01
 1.25000e-01
 1.25000e-01
 1.25000e-01
 1.25000e-01
 1.25000e-01
 1.25000e-01
 1.25000e-01
 1.25000e-01
 1.25000e-01
 1.25000e-01
 1.25000e-01
 1.25000e-01
 1.25000e-01
 1.25000e-01
 1.25000e-01
 1.25000e-01
 1.25000e-01
 1.25000e-01
 1.25000e-01
 1.25000e-01
 1.25000e-01
 1.25000e-01
 1.25000e-01
 1.25000e-01
 1.25000e-01
 1.25000e-01
 1.25000e-01
 1.25000e-01
 1.25000e-01
 1.25000e-01
 1.25000e-01
 1.25000e-01
 1.25000e-01
 1.25000e-01
 1.25000e-01
 1.25000e-01
 1.25000e-01
 1.25000e-01
 1.25000e-01
 1.25000e-01
 1.25000e-01
 1.25000e-01
 1.25000e-01
 1.25000e-01
 1.25000e-01
 1.25000e-01
 1.25000e-01
 1.25000e-01
 1.25000e-01
 1.25000e-01
 1.25000e-01
 1.25000e-01
 1.25000e-01
 1.25000e-01
 1.25000e-01
 1.25000e-01
 1.25000e-01
 1.25000e-01
 1.25000e-01
 1.25000e-01
 1.25000e-01
 1.25000e-01
 1.25000e-01
 1.25000e-01
 1.25000e-01
 1.25000e-01
 1.25000e-01
 1.25000e-01
 1.25000e-01
 1.25000e-01
 1.25000e-01
 1.25000e-01
 1.25000e-01
 1.25000e-01
 1.25000e-01
 1.25000e-01
 1.25000e-01
 1.25000e-01
 1.25000e-01
 1.25000e-01
 1.25000e-01
 1.25000e-01
 1.25000e-01
 1.25000e-01
 1.25000e-01
 1.25000e-01
 1.25000e-01
 1.25000e-01
 1.25000e-01
 1.25000e-01
 1.25000e-01
 1.25000e-01
 1.25000e-01
 1.25000e-01
 1.25000e-01
 1.25000e-01
 1.25000e-01
 1.25000e-01
 1.25000e-01
 1.25000e-01
 1.25000e-01
 1.25000e-01
 1.25000e-01
 1.25000e-01
 1.25000e-01
 1.25000e-01
 1.25000e-01
 1.25000e-01
 1.25000e-01
 1.25000e-01
 1.25000e-01
 1.25000e-01
 1.25000e-01
 1.25000e-01
 1.25000e-01
 1.25000e-01
 1.25000e-01
 1.25000e-01
 1.25000e-01
 1.25000e-01
 1.25000e-01
 1.25000e-01
 1.25000e-01
 1.25000e-01
 1.25000e-01
 1.25000e-01
 1.25000e-01
 1.25000e-01
 1.25000e-01
 1.25000e-01
 1.25000e-01
 1.25000e-01
 1.25000e-01
 1.25000e-01
 1.25000e-01
 1.25000e-01
 1.25000e-01
 1.25000e-01
 1.25000e-01
 1.25000e-01
 1.25000e-01
 1.25000e-01
 1.25000e-01
 1.25000e-01
 1.25000e-01
 1.25000e-01
 1.25000e-01
 1.25000e-01
 1.25000e-01
 1.25000e-01
 1.25000e-01
 1.25000e-01
 1.25000e-01
 1.25000e-01
 1.25000e-01
 1.25000e-01
 1.25000e-01
 1.25000e-01
 1.25000e-01
 1.25000e-01
 1.25000e-01
 1.25000e-01
 1.25000e-01
 1.25000e-01
 1.25000e-01
 1.25000e-01
 1.25000e-01
 1.25000e-01
 1.25000e-01
 1.25000e-01
 1.25000e-01
 1.25000e-01
 1.25000e-01
 1.25000e-01
 1.25000e-01
 1.25000e-01
 1.25000e-01
 1.25000e-01
 1.25000e-01
 1.25000e-01
 1.25000e-01
 1.25000e-01
 1.25000e-01
 1.25000e-01
 1.25000e-01
 1.25000e-01
 1.25000e-01
 1.25000e-01
 1.25000e-01
 1.25000e-01
 1.25000e-01
 1.25000e-01
 1.25000e-01
 1.25000e-01
 1.25000e-01
 1.25000e-01
 1.25000e-01
 1.25000e-01
 1.25000e-01
 1.25000e-01
 1.25000e-01
 1.25000e-01
 1.25000e-01
 1.25000e-01
 1.25000e-01
 1.25000e-01
 1.25000e-01
 1.25000e-01
 1.25000e-01
 1.25000e-01
 1.25000e-01
 1.25000e-01
 1.25000e-01
 1.25000e-01
 1.25000e-01
 1.25000e-01
 1.25000e-01
 1.25000e-01
 1.25000e-01
 1.25000e-01
 1.25000e-01
 1.25000e-01
 1.25000e-01
 1.25000e-01
 1.25000e-01
 1.25000e-01
 1.25000e-01
 1.25000e-01
 1.25000e-01
 1.25000e-01
 1.25000e-01
 1.25000e-01
 1.25000e-01
 1.25000e-01
 1.25000e-01
 1.25000e-01
 1.25000e-01
 1.25000e-01
 1.25000e-01
 1.25000e-01
 1.25000e-01
 1.25000e-01
 1.25000e-01
 1.25000e-01
 1.25000e-01
 1.25000e-01
 1.25000e-01
 1.25000e-01
 1.25000e-01
 1.25000e-01
 1.25000e-01
 1.25000e-01
 1.25000e-01
 1.25000e-01
 1.25000e-01
 1.25000e-01
 1.25000e-01
 1.25000e-01
 1.25000e-01
 1.25000e-01
 1.25000e-01
 1.25000e-01
 1.25000e-01
 1.25000e-01
 1.25000e-01
 1.25000e-01
 1.25000e-01
 1.25000e-01
 1.25000e-01
 1.25000e-01
 1.25000e-01
 1.25000e-01
 1.25000e-01
 1.25000e-01
 1.25000e-01
 1.25000e-01
 1.25000e-01
 1.25000e-01
 1.25000e-01
 1.25000e-01
 1.25000e-01
 1.25000e-01
 1.25000e-01
 1.25000e-01
 1.25000e-01
 1.25000e-01
 1.25000e-01
 1.25000e-01
 1.25000e-01
 1.25000e-01
 1.25000e-01
 1.25000e-01
 1.25000e-01
 1.25000e-01
 1.25000e-01
 1.25000e-01
 1.25000e-01
 1.25000e-01
 1.25000e-01
 1.25000e-01
 1.25000e-01
 1.25000e-01
 1.25000e-01
 1.25000e-01
 1.25000e-01
 1.25000e-01
 1.25000e-01
 1.25000e-01
 1.25000e-01
 1.25000e-01
 1.25000e-01
 1.25000e-01
 1.25000e-01
 1.25000e-01
 1.25000e-01
 1.25000e-01
 1.25000e-01
 1.25000e-01
 1.25000e-01
 1.25000e-01
 1.25000e-01
 1.25000e-01
 1.25000e-01
 1.25000e-01
 1.25000e-01
 1.25000e-01
 1.25000e-01
 1.25000e-01
 1.25000e-01
 1.25000e-01
 1.25000e-01
 1.25000e-01
 1.25000e-01
 1.25000e-01
 1.25000e-01
 1.25000e-01
 1.25000e-01
 1.25000e-01
 1.25000e-01
 1.25000e-01
 1.25000e-01
 1.25000e-01
 1.25000e-01
 1.25000e-01
 1.25000e-01
 1.25000e-01
 1.25000e-01
 1.25000e-01
 1.25000e-01
 1.25000e-01
 1.25000e-01
 1.25000e-01
 1.25000e-01
 1.25000e-01
 1.25000e-01
 1.25000e-01
 1.25000e-01
 1.25000e-01
 1.25000e-01
 1.25000e-01
 1.25000e-01
 1.25000e-01
 1.25000e-01
 1.25000e-01
 1.25000e-01
 1.25000e-01
 1.25000e-01
 1.25000e-01
 1.25000e-01
 1.25000e-01
 1.25000e-01
 1.25000e-01
 1.25000e-01
 1.25000e-01
 1.25000e-01
 1.25000e-01
 1.25000e-01
 1.25000e-01
 1.25000e-01
 1.25000e-01
 1.25000e-01
 1.25000e-01
 1.25000e-01
 1.25000e-01
 1.25000e-01
 1.25000e-01
 1.25000e-01
 1.25000e-01
 1.25000e-01
 1.25000e-01
 1.25000e-01
 1.25000e-01
 1.25000e-01
 1.25000e-01
 1.25000e-01
 1.25000e-01
 1.25000e-01
 1.25000e-01
 1.25000e-01
 1.25000e-01
 1.25000e-01
 1.25000e-01
 1.25000e-01
 1.25000e-01
 1.25000e-01
 1.25000e-01
 1.25000e-01
 1.25000e-01
 1.25000e-01
 1.25000e-01
 1.25000e-01
 1.25000e-01
 1.25000e-01
 1.25000e-01
 1.25000e-01
 1.25000e-01
 1.25000e-01
 1.25000e-01
 1.25000e-01
 1.25000e-01
 1.25000e-01
 1.25000e-01
 1.25000e-01
 1.25000e-01
 1.25000e-01
 1.25000e-01
 1.25000e-01
 1.25000e-01
 1.25000e-01
 1.25000e-01
 1.25000e-01
 1.25000e-01
 1.25000e-01
 1.25000e-01
 1.25000e-01
 1.25000e-01
 1.25000e-01
 1.25000e-01
 1.25000e-01
 1.25000e-01
 1.25000e-01
 1.25000e-01
 1.25000e-01
 1.25000e-01
 1.25000e-01
 1.25000e-01
 1.25000e-01
 1.25000e-01
 1.25000e-01
 1.25000e-01
 1.25000e-01
 1.25000e-01
 1.25000e-01
 1.25000e-01
 1.25000e-01
 1.25000e-01
 1.25000e-01
 1.25000e-01
 1.25000e-01
 1.25000e-01
 1.25000e-01
 1.25000e-01
 1.25000e-01
 1.25000e-01
 1.25000e-01
 1.25000e-01
 1.25000e-01
 1.25000e-01
 1.25000e-01
 1.25000e-01
 1.25000e-01
 1.25000e-01
 1.25000e-01
 1.25000e-01
 1.25000e-01
 1.25000e-01
 1.25000e-01
 1.25000e-01
 1.25000e-01
 1.25000e-01
 1.25000e-01
 1.25000e-01
 1.25000e-01
 1.25000e-01
 1.25000e-01
 1.25000e-01
 1.25000e-01
 1.25000e-01
 1.25000e-01
 1.25000e-01
 1.25000e-01
 1.25000e-01
 1.25000e-01
 1.25000e-01
 1.25000e-01
 1.25000e-01
 1.25000e-01
 1.25000e-01
 1.25000e-01
 1.25000e-01
 1.25000e-01
 1.25000e-01
 1.25000e-01
 1.25000e-01
 1.25000e-01
 1.25000e-01
 1.25000e-01
 1.25000e-01
 1.25000e-01
 1.25000e-01
 1.25000e-01
 1.25000e-01
 1.25000e-01
 1.25000e-01
 1.25000e-01
 1.25000e-01
 1.25000e-01
 1.25000e-01
 1.25000e-01
 1.25000e-01
 1.25000e-01
 1.25000e-01
 1.25000e-01
 1.25000e-01
 1.25000e-01
 1.25000e-01
 1.25000e-01
 1.25000e-01
 1.25000e-01
 1.25000e-01
 1.25000e-01
 1.25000e-01
 1.25000e-01
 1.25000e-01
 1.25000e-01
 1.25000e-01
 1.25000e-01
 1.25000e-01
 1.25000e-01
 1.25000e-01
 1.25000e-01
 1.25000e-01
 1.25000e-01
 1.25000e-01
 1.25000e-01
 1.25000e-01
 1.25000e-01
 1.25000e-01
 1.25000e-01
 1.25000e-01
 1.25000e-01
 1.25000e-01
 1.25000e-01
 1.25000e-01
 1.25000e-01
 1.25000e-01
 1.25000e-01
 1.25000e-01
 1.25000e-01
 1.25000e-01
 1.25000e-01
 1.25000e-01
 1.25000e-01
 1.25000e-01
 1.25000e-01
 1.25000e-01
 1.25000e-01
 1.25000e-01
 1.25000e-01
 1.25000e-01
 1.25000e-01
 1.25000e-01
 1.25000e-01
 1.25000e-01
 1.25000e-01
 1.25000e-01
 1.25000e-01
 1.25000e-01
 1.25000e-01
 1.25000e-01
 1.25000e-01
 1.25000e-01
 1.25000e-01
 1.25000e-01
 1.25000e-01
 1.25000e-01
 1.25000e-01
 1.25000e-01
 1.25000e-01
 1.25000e-01
 1.25000e-01
 1.25000e-01
 1.25000e-01
 1.25000e-01
 1.25000e-01
 1.25000e-01
 1.25000e-01
 1.25000e-01
 1.25000e-01
 1.25000e-01
 1.25000e-01
 1.25000e-01
 1.25000e-01
 1.25000e-01
 1.25000e-01
 1.25000e-01
 1.25000e-01
 1.25000e-01
 1.25000e-01
 1.25000e-01
 1.25000e-01
 1.25000e-01
 1.25000e-01
 1.25000e-01
 1.25000e-01
 1.25000e-01
 1.25000e-01
 1.25000e-01
 1.25000e-01
 1.25000e-01
 1.25000e-01
 1.25000e-01
 1.25000e-01
 1.25000e-01
 1.25000e-01
 1.25000e-01
 1.25000e-01
 1.25000e-01
 1.25000e-01
 1.25000e-01
 1.25000e-01
 1.25000e-01
 1.25000e-01
 1.25000e-01
 1.25000e-01
 1.25000e-01
 1.25000e-01
 1.25000e-01
 1.25000e-01
 1.25000e-01
 1.25000e-01
 1.25000e-01
 1.25000e-01
 1.25000e-01
 1.25000e-01
 1.25000e-01
 1.25000e-01
 1.25000e-01
 1.25000e-01
 1.25000e-01
 1.25000e-01
 1.25000e-01
 1.25000e-01
 1.25000e-01
 1.25000e-01
 1.25000e-01
 1.25000e-01
 1.25000e-01
 1.25000e-01
 1.25000e-01
 1.25000e-01
 1.25000e-01
 1.25000e-01
 1.25000e-01
 1.25000e-01
 1.25000e-01
 1.25000e-01
 1.25000e-01
 1.25000e-01
 1.25000e-01
 1.25000e-01
 1.25000e-01
 1.25000e-01
 1.25000e-01
 1.25000e-01
 1.25000e-01
 1.25000e-01
 1.25000e-01
 1.25000e-01
 1.25000e-01
 1.25000e-01
 1.25000e-01
 1.25000e-01
 1.25000e-01
 1.25000e-01
 1.25000e-01
 1.25000e-01
 1.25000e-01
 1.25000e-01
 1.25000e-01
 1.25000e-01
 1.25000e-01
 1.25000e-01
 1.25000e-01
 1.25000e-01
 1.25000e-01
 1.25000e-01
 1.25000e-01
 1.25000e-01
 1.25000e-01
 1.25000e-01
 1.25000e-01
 1.25000e-01
 1.25000e-01
 1.25000e-01
 1.25000e-01
 1.25000e-01
 1.25000e-01
 1.25000e-01
 1.25000e-01
 1.25000e-01
 1.25000e-01
 1.25000e-01
 1.25000e-01
 1.25000e-01
 1.25000e-01
 1.25000e-01
 1.25000e-01
 1.25000e-01
 1.25000e-01
 1.25000e-01
 1.25000e-01
 1.25000e-01
 1.25000e-01
 1.25000e-01
 1.25000e-01
 1.25000e-01
 1.25000e-01
 1.25000e-01
 1.25000e-01
 1.25000e-01
 1.25000e-01
 1.25000e-01
 1.25000e-01
 1.25000e-01
 1.25000e-01
 1.25000e-01
 1.25000e-01
 1.25000e-01
 1.25000e-01
 1.25000e-01
 1.25000e-01
 1.25000e-01
 1.25000e-01
 1.25000e-01
 1.25000e-01
 1.25000e-01
 1.25000e-01
 1.25000e-01
 1.25000e-01
 1.25000e-01
 1.25000e-01
 1.25000e-01
 1.25000e-01
 1.25000e-01
 1.25000e-01
 1.25000e-01
 1.25000e-01
 1.25000e-01
 1.25000e-01
 1.25000e-01
 1.25000e-01
 1.25000e-01
 1.25000e-01
 1.25000e-01
 1.25000e-01
 1.25000e-01
 1.25000e-01
 1.25000e-01
 1.25000e-01
 1.25000e-01
 1.25000e-01
 1.25000e-01
 1.25000e-01
 1.25000e-01
 1.25000e-01
 1.25000e-01
 1.25000e-01
 1.25000e-01
 1.25000e-01
 1.25000e-01
 1.25000e-01
 1.25000e-01
 1.25000e-01
 1.25000e-01
 1.25000e-01
 1.25000e-01
 1.25000e-01
 1.25000e-01
 1.25000e-01
 1.25000e-01
 1.25000e-01
 1.25000e-01
 1.25000e-01
 1.25000e-01
 1.25000e-01
 1.25000e-01
 1.25000e-01
 1.25000e-01
 1.25000e-01
 1.25000e-01
 1.25000e-01
 1.25000e-01
 1.25000e-01
 1.25000e-01
 1.25000e-01
 1.25000e-01
 1.25000e-01
 1.25000e-01
 1.25000e-01
 1.25000e-01
 1.25000e-01
 1.25000e-01
 1.25000e-01
 1.25000e-01
 1.25000e-01
 1.25000e-01
 1.25000e-01
 1.25000e-01
 1.25000e-01
 1.25000e-01
 1.25000e-01
 1.25000e-01
 1.25000e-01
 1.25000e-01
 1.25000e-01
 1.25000e-01
 1.25000e-01
 1.25000e-01
 1.25000e-01
 1.25000e-01
 1.25000e-01
 1.25000e-01
 1.25000e-01
 1.25000e-01
 1.25000e-01
 1.25000e-01
 1.25000e-01
 1.25000e-01
 1.25000e-01
 1.25000e-01
 1.25000e-01
 1.25000e-01
 1.25000e-01
 1.25000e-01
 1.25000e-01
 1.25000e-01
 1.25000e-01
 1.25000e-01
 1.25000e-01
 1.25000e-01
 1.25000e-01
 1.25000e-01
 1.25000e-01
 1.25000e-01
 1.25000e-01
 1.25000e-01
 1.25000e-01
 1.25000e-01
 1.25000e-01
 1.25000e-01
 1.25000e-01
 1.25000e-01
 1.25000e-01
 1.25000e-01
 1.25000e-01
 1.25000e-01
 1.25000e-01
 1.25000e-01
 1.25000e-01
 1.25000e-01
 1.25000e-01
 1.25000e-01
 1.25000e-01
 1.25000e-01
 1.25000e-01
 1.25000e-01
 1.25000e-01
 1.25000e-01
 1.25000e-01
 1.25000e-01
 1.25000e-01
 1.25000e-01
 1.25000e-01
 1.25000e-01
 1.25000e-01
 1.25000e-01
 1.25000e-01
 1.25000e-01
 1.25000e-01
 1.25000e-01
 1.25000e-01
 1.25000e-01
 1.25000e-01
 1.25000e-01
 1.25000e-01
 1.25000e-01
 1.25000e-01
 1.25000e-01
 1.25000e-01
 1.25000e-01
 1.25000e-01
 1.25000e-01
 1.25000e-01
 1.25000e-01
 1.25000e-01
 1.25000e-01
 1.25000e-01
 1.25000e-01
 1.25000e-01
 1.25000e-01
 1.25000e-01
 1.25000e-01
 1.25000e-01
 1.25000e-01
 1.25000e-01
 1.25000e-01
 1.25000e-01
 1.25000e-01
 1.25000e-01
 1.25000e-01
 1.25000e-01
 1.25000e-01
 1.25000e-01
 1.25000e-01
 1.25000e-01
 1.25000e-01
 1.25000e-01
 1.25000e-01
 1.25000e-01
 1.25000e-01
 1.25000e-01
 1.25000e-01
 1.25000e-01
 1.25000e-01
 1.25000e-01
 1.25000e-01
 1.25000e-01
 1.25000e-01
 1.25000e-01
 1.25000e-01
 1.25000e-01
 1.25000e-01
 1.25000e-01
 1.25000e-01
 1.25000e-01
 1.25000e-01
 1.25000e-01
 1.25000e-01
 1.25000e-01
 1.25000e-01
 1.25000e-01
 1.25000e-01
 1.25000e-01
 1.25000e-01
 1.25000e-01
 1.25000e-01
 1.25000e-01
 1.25000e-01
 1.25000e-01
 1.25000e-01
 1.25000e-01
 1.25000e-01
 1.25000e-01
 1.25000e-01
 1.25000e-01
 1.25000e-01
 1.25000e-01
 1.25000e-01
 1.25000e-01
 1.25000e-01
 1.25000e-01
 1.25000e-01
 1.25000e-01
 1.25000e-01
 1.25000e-01
 1.25000e-01
 1.25000e-01
 1.25000e-01
 1.25000e-01
 1.25000e-01
 1.25000e-01
 1.25000e-01
 1.25000e-01
 1.25000e-01
 1.25000e-01
 1.25000e-01
 1.25000e-01
 1.25000e-01
 1.25000e-01
 1.25000e-01
 1.25000e-01
 1.25000e-01
 1.25000e-01
 1.25000e-01
 1.25000e-01
 1.25000e-01
 1.25000e-01
 1.25000e-01
 1.25000e-01
 1.25000e-01
 1.25000e-01
 1.25000e-01
 1.25000e-01
 1.25000e-01
 1.25000e-01
 1.25000e-01
 1.25000e-01
 1.25000e-01
 1.25000e-01
 1.25000e-01
 1.25000e-01
 1.25000e-01
 1.25000e-01
 1.25000e-01
 1.25000e-01
 1.25000e-01
 1.25000e-01
 1.25000e-01
 1.25000e-01
 1.25000e-01
 1.25000e-01
 1.25000e-01
 1.25000e-01
 1.25000e-01
 1.25000e-01
 1.25000e-01
 1.25000e-01
 1.25000e-01
 1.25000e-01
 1.25000e-01
 1.25000e-01
 1.25000e-01
 1.25000e-01
 1.25000e-01
 1.25000e-01
 1.25000e-01
 1.25000e-01
 1.25000e-01
 1.25000e-01
 1.25000e-01
 1.25000e-01
 1.25000e-01
 1.25000e-01
 1.25000e-01
 1.25000e-01
 1.25000e-01
 1.25000e-01
 1.25000e-01
 1.25000e-01
 1.25000e-01
 1.25000e-01
 1.25000e-01
 1.25000e-01
 1.25000e-01
 1.25000e-01
 1.25000e-01
 1.25000e-01
 1.25000e-01
 1.25000e-01
 1.25000e-01
 1.25000e-01
 1.25000e-01
 1.25000e-01
 1.25000e-01
 1.25000e-01
 1.25000e-01
 1.25000e-01
 1.25000e-01
 1.25000e-01
 1.25000e-01
 1.25000e-01
 1.25000e-01
 1.25000e-01
 1.25000e-01
 1.25000e-01
 1.25000e-01
 1.25000e-01
 1.25000e-01
 1.25000e-01
 1.25000e-01
 1.25000e-01
 1.25000e-01
 1.25000e-01
 1.25000e-01
 1.25000e-01
 1.25000e-01
 1.25000e-01
 1.25000e-01
 1.25000e-01
 1.25000e-01
 1.25000e-01
 1.25000e-01
 1.25000e-01
 1.25000e-01
 1.25000e-01
 1.25000e-01
 1.25000e-01
 1.25000e-01
 1.25000e-01
 1.25000e-01
 1.25000e-01
 1.25000e-01
 1.25000e-01
 1.25000e-01
 1.25000e-01
 1.25000e-01
 1.25000e-01
 1.25000e-01
 1.25000e-01
 1.25000e-01
 1.25000e-01
 1.25000e-01
 1.25000e-01
 1.25000e-01
 1.25000e-01
 1.25000e-01
 1.25000e-01
 1.25000e-01
 1.25000e-01
 1.25000e-01
 1.25000e-01
 1.25000e-01
 1.25000e-01
 1.25000e-01
 1.25000e-01
 1.25000e-01
 1.25000e-01
 1.25000e-01
 1.25000e-01
 1.25000e-01
 1.25000e-01
 1.25000e-01
 1.25000e-01
 1.25000e-01
 1.25000e-01
 1.25000e-01
 1.25000e-01
 1.25000e-01
 1.25000e-01
 1.25000e-01
 1.25000e-01
 1.25000e-01
 1.25000e-01
 1.25000e-01
 1.25000e-01
 1.25000e-01
 1.25000e-01
 1.25000e-01
 1.25000e-01
 1.25000e-01
 1.25000e-01
 1.25000e-01
 1.25000e-01
 1.25000e-01
 1.25000e-01
 1.25000e-01
 1.25000e-01
 1.25000e-01
 1.25000e-01
 1.25000e-01
 1.25000e-01
 1.25000e-01
 1.25000e-01
 1.25000e-01
 1.25000e-01
 1.25000e-01
 1.25000e-01
 1.25000e-01
 1.25000e-01
 1.25000e-01
 1.25000e-01
 1.25000e-01
 1.25000e-01
 1.25000e-01
 1.25000e-01
 1.25000e-01
 1.25000e-01
 1.25000e-01
 1.25000e-01
 1.25000e-01
 1.25000e-01
 1.25000e-01
 1.25000e-01
 1.25000e-01
 1.25000e-01
 1.25000e-01
 1.25000e-01
 1.25000e-01
 1.25000e-01
 1.25000e-01
 1.25000e-01
 1.25000e-01
 1.25000e-01
 1.25000e-01
 1.25000e-01
 1.25000e-01
 1.25000e-01
 1.25000e-01
 1.25000e-01
 1.25000e-01
 1.25000e-01
 1.25000e-01
 1.25000e-01
 1.25000e-01
 1.25000e-01
 1.25000e-01
 1.25000e-01
 1.25000e-01
 1.25000e-01
 1.25000e-01
 1.25000e-01
 1.25000e-01
 1.25000e-01
 1.25000e-01
 1.25000e-01
 1.25000e-01
 1.25000e-01
 1.25000e-01
 1.25000e-01
 1.25000e-01
 1.25000e-01
 1.25000e-01
 1.25000e-01
 1.25000e-01
 1.25000e-01
 1.25000e-01
 1.25000e-01
 1.25000e-01
 1.25000e-01
 1.25000e-01
 1.25000e-01
 1.25000e-01
 1.25000e-01
 1.25000e-01
 1.25000e-01
 1.25000e-01
 1.25000e-01
 1.25000e-01
 1.25000e-01
 1.25000e-01
 1.25000e-01
 1.25000e-01
 1.25000e-01
 1.25000e-01
 1.25000e-01
 1.25000e-01
 1.25000e-01
 1.25000e-01
 1.25000e-01
 1.25000e-01
 1.25000e-01
 1.25000e-01
 1.25000e-01
 1.25000e-01
 1.25000e-01
 1.25000e-01
 1.25000e-01
 1.25000e-01
 1.25000e-01
 1.25000e-01
 1.25000e-01
 1.25000e-01
 1.25000e-01
 1.25000e-01
 1.25000e-01
 1.25000e-01
 1.25000e-01
 1.25000e-01
 1.25000e-01
 1.25000e-01
 1.25000e-01
 1.25000e-01
 1.25000e-01
 1.25000e-01
 1.25000e-01
 1.25000e-01
 1.25000e-01
 1.25000e-01
 1.25000e-01
 1.25000e-01
 1.25000e-01
 1.25000e-01
 1.25000e-01
 1.25000e-01
 1.25000e-01
 1.25000e-01
 1.25000e-01
 1.25000e-01
 1.25000e-01
 1.25000e-01
 1.25000e-01
 1.25000e-01
 1.25000e-01
 1.25000e-01
 1.25000e-01
 1.25000e-01
 1.25000e-01
 1.25000e-01
 1.25000e-01
 1.25000e-01
 1.25000e-01
 1.25000e-01
 1.25000e-01
 1.25000e-01
 1.25000e-01
 1.25000e-01
 1.25000e-01
 1.25000e-01
 1.25000e-01
 1.25000e-01
 1.25000e-01
 1.25000e-01
 1.25000e-01
 1.25000e-01
 1.25000e-01
 1.25000e-01
 1.25000e-01
 1.25000e-01
 1.25000e-01
 1.25000e-01
 1.25000e-01
 1.25000e-01
 1.25000e-01
 1.25000e-01
 1.25000e-01
 1.25000e-01
 1.25000e-01
 1.25000e-01
 1.25000e-01
 1.25000e-01
 1.25000e-01
 1.25000e-01
 1.25000e-01
 1.25000e-01
 1.25000e-01
 1.25000e-01
 1.25000e-01
 1.25000e-01
 1.25000e-01
 1.25000e-01
 1.25000e-01
 1.25000e-01
 1.25000e-01
 1.25000e-01
 1.25000e-01
 1.25000e-01
 1.25000e-01
 1.25000e-01
 1.25000e-01
 1.25000e-01
 1.25000e-01
 1.25000e-01
 1.25000e-01
 1.25000e-01
 1.25000e-01
 1.25000e-01
 1.25000e-01
 1.25000e-01
 1.25000e-01
 1.25000e-01
 1.25000e-01
 1.25000e-01
 1.25000e-01
 1.25000e-01
 1.25000e-01
 1.25000e-01
 1.25000e-01
 1.25000e-01
 1.25000e-01
 1.25000e-01
 1.25000e-01
 1.25000e-01
 1.25000e-01
 1.25000e-01
 1.25000e-01
 1.25000e-01
 1.25000e-01
 1.25000e-01
 1.25000e-01
 1.25000e-01
 1.25000e-01
 1.25000e-01
 1.25000e-01
 1.25000e-01
 1.25000e-01
 1.25000e-01
 1.25000e-01
 1.25000e-01
 1.25000e-01
 1.25000e-01
 1.25000e-01
 1.25000e-01
 1.25000e-01
 1.25000e-01
 1.25000e-01
 1.25000e-01
 1.25000e-01
 1.25000e-01
 1.25000e-01
 1.25000e-01
 1.25000e-01
 1.25000e-01
 1.25000e-01
 1.25000e-01
 1.25000e-01
 1.25000e-01
 1.25000e-01
 1.25000e-01
 1.25000e-01
 1.25000e-01
 1.25000e-01
 1.25000e-01
 1.25000e-01
 1.25000e-01
 1.25000e-01
 1.25000e-01
 1.25000e-01
 1.25000e-01
 1.25000e-01
 1.25000e-01
 1.25000e-01
 1.25000e-01
 1.25000e-01
 1.25000e-01
 1.25000e-01
 1.25000e-01
 1.25000e-01
 1.25000e-01
 1.25000e-01
 1.25000e-01
 1.25000e-01
 1.25000e-01
 1.25000e-01
 1.25000e-01
 1.25000e-01
 1.25000e-01
 1.25000e-01
 1.25000e-01
 1.25000e-01
 1.25000e-01
 1.25000e-01
 1.25000e-01
 1.25000e-01
 1.25000e-01
 1.25000e-01
 1.25000e-01
 1.25000e-01
 1.25000e-01
 1.25000e-01
 1.25000e-01
 1.25000e-01
 1.25000e-01
 1.25000e-01
 1.25000e-01
 1.25000e-01
 1.25000e-01
 1.25000e-01
 1.25000e-01
 1.25000e-01
 1.25000e-01
 1.25000e-01
 1.25000e-01
 1.25000e-01
 1.25000e-01
 1.25000e-01
 1.25000e-01
 1.25000e-01
 1.25000e-01
 1.25000e-01
 1.25000e-01
 1.25000e-01
 1.25000e-01
 1.25000e-01
 1.25000e-01
 1.25000e-01
 1.25000e-01
 1.25000e-01
 1.25000e-01
 1.25000e-01
 1.25000e-01
 1.25000e-01
 1.25000e-01
 1.25000e-01
 1.25000e-01
 1.25000e-01
 1.25000e-01
 1.25000e-01
 1.25000e-01
 1.25000e-01
 1.25000e-01
 1.25000e-01
 1.25000e-01
 1.25000e-01
 1.25000e-01
 1.25000e-01
 1.25000e-01
 1.25000e-01
 1.25000e-01
 1.25000e-01
 1.25000e-01
 1.25000e-01
 1.25000e-01
 1.25000e-01
 1.25000e-01
 1.25000e-01
 1.25000e-01
 1.25000e-01
 1.25000e-01
 1.25000e-01
 1.25000e-01
 1.25000e-01
 1.25000e-01
 1.25000e-01
 1.25000e-01
 1.25000e-01
 1.25000e-01
 1.25000e-01
 1.25000e-01
 1.25000e-01
 1.25000e-01
 1.25000e-01
 1.25000e-01
 1.25000e-01
 1.25000e-01
 1.25000e-01
 1.25000e-01
 1.25000e-01
 1.25000e-01
 1.25000e-01
 1.25000e-01
 1.25000e-01
 1.25000e-01
 1.25000e-01
 1.25000e-01
 1.25000e-01
 1.25000e-01
 1.25000e-01
 1.25000e-01
 1.25000e-01
 1.25000e-01
 1.25000e-01
 1.25000e-01
 1.25000e-01
 1.25000e-01
 1.25000e-01
 1.25000e-01
 1.25000e-01
 1.25000e-01
 1.25000e-01
 1.25000e-01
 1.25000e-01
 1.25000e-01
 1.25000e-01
 1.25000e-01
 1.25000e-01
 1.25000e-01
 1.25000e-01
 1.25000e-01
 1.25000e-01
 1.25000e-01
 1.25000e-01
 1.25000e-01
 1.25000e-01
 1.25000e-01
 1.25000e-01
 1.25000e-01
 1.25000e-01
 1.25000e-01
 1.25000e-01
 1.25000e-01
 1.25000e-01
 1.25000e-01
 1.25000e-01
 1.25000e-01
 1.25000e-01
 1.25000e-01
 1.25000e-01
 1.25000e-01
 1.25000e-01
 1.25000e-01
 1.25000e-01
 1.25000e-01
 1.25000e-01
 1.25000e-01
 1.25000e-01
 1.25000e-01
 1.25000e-01
 1.25000e-01
 1.25000e-01
 1.25000e-01
 1.25000e-01
 1.25000e-01
 1.25000e-01
 1.25000e-01
 1.25000e-01
 1.25000e-01
 1.25000e-01
 1.25000e-01
 1.25000e-01
 1.25000e-01
 1.25000e-01
 1.25000e-01
 1.25000e-01
 1.25000e-01
 1.25000e-01
 1.25000e-01
 1.25000e-01
 1.25000e-01
 1.25000e-01
 1.25000e-01
 1.25000e-01
 1.25000e-01
 1.25000e-01
 1.25000e-01
 1.25000e-01
 1.25000e-01
 1.25000e-01
 1.25000e-01
 1.25000e-01
 1.25000e-01
 1.25000e-01
 1.25000e-01
 1.25000e-01
 1.25000e-01
 1.25000e-01
 1.25000e-01
 1.25000e-01
 1.25000e-01
 1.25000e-01
 1.25000e-01
 1.25000e-01
 1.25000e-01
 1.25000e-01
 1.25000e-01
 1.25000e-01
 1.25000e-01
 1.25000e-01
 1.25000e-01
 1.25000e-01
 1.25000e-01
 1.25000e-01
 1.25000e-01
 1.25000e-01
 1.25000e-01
 1.25000e-01
 1.25000e-01
 1.25000e-01
 1.25000e-01
 1.25000e-01
 1.25000e-01
 1.25000e-01
 1.25000e-01
 1.25000e-01
 1.25000e-01
 1.25000e-01
 1.25000e-01
 1.25000e-01
 1.25000e-01
 1.25000e-01
 1.25000e-01
 1.25000e-01
 1.25000e-01
 1.25000e-01
 1.25000e-01
 1.25000e-01
 1.25000e-01
 1.25000e-01
 1.25000e-01
 1.25000e-01
 1.25000e-01
 1.25000e-01
 1.25000e-01
 1.25000e-01
 1.25000e-01
 1.25000e-01
 1.25000e-01
 1.25000e-01
 1.25000e-01
 1.25000e-01
 1.25000e-01
 1.25000e-01
 1.25000e-01
 1.25000e-01
 1.25000e-01
 1.25000e-01
 1.25000e-01
 1.25000e-01
 1.25000e-01
 1.25000e-01
 1.25000e-01
 1.25000e-01
 1.25000e-01
 1.25000e-01
 1.25000e-01
 1.25000e-01
 1.25000e-01
 1.25000e-01
 1.25000e-01
 1.25000e-01
 1.25000e-01
 1.25000e-01
 1.25000e-01
 1.25000e-01
 1.25000e-01
 1.25000e-01
 1.25000e-01
 1.25000e-01
 1.25000e-01
 1.25000e-01
 1.25000e-01
 1.25000e-01
 1.25000e-01
 1.25000e-01
 1.25000e-01
 1.25000e-01
 1.25000e-01
 1.25000e-01
 1.25000e-01
 1.25000e-01
 1.25000e-01
 1.25000e-01
 1.25000e-01
 1.25000e-01
 1.25000e-01
 1.25000e-01
 1.25000e-01
 1.25000e-01
 1.25000e-01
 1.25000e-01
 1.25000e-01
 1.25000e-01
 1.25000e-01
 1.25000e-01
 1.25000e-01
 1.25000e-01
 1.25000e-01
 1.25000e-01
 1.25000e-01
 1.25000e-01
 1.25000e-01
 1.25000e-01
 1.25000e-01
 1.25000e-01
 1.25000e-01
 1.25000e-01
 1.25000e-01
 1.25000e-01
 1.25000e-01
 1.25000e-01
 1.25000e-01
 1.25000e-01
 1.25000e-01
 1.25000e-01
 1.25000e-01
 1.25000e-01
 1.25000e-01
 1.25000e-01
 1.25000e-01
 1.25000e-01
 1.25000e-01
 1.25000e-01
 1.25000e-01
 1.25000e-01
 1.25000e-01
 1.25000e-01
 1.25000e-01
 1.25000e-01
 1.25000e-01
 1.25000e-01
 1.25000e-01
 1.25000e-01
 1.25000e-01
 1.25000e-01
 1.25000e-01
 1.25000e-01
 1.25000e-01
 1.25000e-01
 1.25000e-01
 1.25000e-01
 1.25000e-01
 1.25000e-01
 1.25000e-01
 1.25000e-01
 1.25000e-01
 1.25000e-01
 1.25000e-01
 1.25000e-01
 1.25000e-01
 1.25000e-01
 1.25000e-01
 1.25000e-01
 1.25000e-01
 1.25000e-01
 1.25000e-01
 1.25000e-01
 1.25000e-01
 1.25000e-01
 1.25000e-01
 1.25000e-01
 1.25000e-01
 1.25000e-01
 1.25000e-01
 1.25000e-01
 1.25000e-01
 1.25000e-01
 1.25000e-01
 1.25000e-01
 1.25000e-01
 1.25000e-01
 1.25000e-01
 1.25000e-01
 1.25000e-01
 1.25000e-01
 1.25000e-01
 1.25000e-01
 1.25000e-01
 1.25000e-01
 1.25000e-01
 1.25000e-01
 1.25000e-01
 1.25000e-01
 1.25000e-01
 1.25000e-01
 1.25000e-01
 1.25000e-01
 1.25000e-01
 1.25000e-01
 1.25000e-01
 1.25000e-01
 1.25000e-01
 1.25000e-01
 1.25000e-01
 1.25000e-01
 1.25000e-01
 1.25000e-01
 1.25000e-01
 1.25000e-01
 1.25000e-01
 1.25000e-01
 1.25000e-01
 1.25000e-01
 1.25000e-01
 1.25000e-01
 1.25000e-01
 1.25000e-01
 1.25000e-01
 1.25000e-01
 1.25000e-01
 1.25000e-01
 1.25000e-01
 1.25000e-01
 1.25000e-01
 1.25000e-01
 1.25000e-01
 1.25000e-01
 1.25000e-01
 1.25000e-01
 1.25000e-01
 1.25000e-01
 1.25000e-01
 1.25000e-01
 1.25000e-01
 1.25000e-01
 1.25000e-01
 1.25000e-01
 1.25000e-01
 1.25000e-01
 1.25000e-01
 1.25000e-01
 1.25000e-01
 1.25000e-01
 1.25000e-01
 1.25000e-01
 1.25000e-01
 1.25000e-01
 1.25000e-01
 1.25000e-01
 1.25000e-01
 1.25000e-01
 1.25000e-01
 1.25000e-01
 1.25000e-01
 1.25000e-01
 1.25000e-01
 1.25000e-01
 1.25000e-01
 1.25000e-01
 1.25000e-01
 1.25000e-01
 1.25000e-01
 1.25000e-01
 1.25000e-01
 1.25000e-01
 1.25000e-01
 1.25000e-01
 1.25000e-01
 1.25000e-01
 1.25000e-01
 1.25000e-01
 1.25000e-01
 1.25000e-01
 1.25000e-01
 1.25000e-01
 1.25000e-01
 1.25000e-01
 1.25000e-01
 1.25000e-01
 1.25000e-01
 1.25000e-01
 1.25000e-01
 1.25000e-01
 1.25000e-01
 1.25000e-01
 1.25000e-01
 1.25000e-01
 1.25000e-01
 1.25000e-01
 1.25000e-01
 1.25000e-01
 1.25000e-01
 1.25000e-01
 1.25000e-01
 1.25000e-01
 1.25000e-01
 1.25000e-01
 1.25000e-01
 1.25000e-01
 1.25000e-01
 1.25000e-01
 1.25000e-01
 1.25000e-01
 1.25000e-01
 1.25000e-01
 1.25000e-01
 1.25000e-01
 1.25000e-01
 1.25000e-01
 1.25000e-01
 1.25000e-01
 1.25000e-01
 1.25000e-01
 1.25000e-01
 1.25000e-01
 1.25000e-01
 1.25000e-01
 1.25000e-01
 1.25000e-01
 1.25000e-01
 1.25000e-01
 1.25000e-01
 1.25000e-01
 1.25000e-01
 1.25000e-01
 1.25000e-01
 1.25000e-01
 1.25000e-01
 1.25000e-01
 1.25000e-01
 1.25000e-01
 1.25000e-01
 1.25000e-01
 1.25000e-01
 1.25000e-01
 1.25000e-01
 1.25000e-01
 1.25000e-01
 1.25000e-01
 1.25000e-01
 1.25000e-01
 1.25000e-01
 1.25000e-01
 1.25000e-01
 1.25000e-01
 1.25000e-01
 1.25000e-01
 1.25000e-01
 1.25000e-01
 1.25000e-01
 1.25000e-01
 1.25000e-01
 1.25000e-01
 1.25000e-01
 1.25000e-01
 1.25000e-01
 1.25000e-01
 1.25000e-01
 1.25000e-01
 1.25000e-01
 1.25000e-01
 1.25000e-01
 1.25000e-01
 1.25000e-01
 1.25000e-01
 1.25000e-01
 1.25000e-01
 1.25000e-01
 1.25000e-01
 1.25000e-01
 1.25000e-01
 1.25000e-01
 1.25000e-01
 1.25000e-01
 1.25000e-01
 1.25000e-01
 1.25000e-01
 1.25000e-01
 1.25000e-01
 1.25000e-01
 1.25000e-01
 1.25000e-01
 1.25000e-01
 1.25000e-01
 1.25000e-01
 1.25000e-01
 1.25000e-01
 1.25000e-01
 1.25000e-01
 1.25000e-01
 1.25000e-01
 1.25000e-01
 1.25000e-01
 1.25000e-01
 1.25000e-01
 1.25000e-01
 1.25000e-01
 1.25000e-01
 1.25000e-01
 1.25000e-01
 1.25000e-01
 1.25000e-01
 1.25000e-01
 1.25000e-01
 1.25000e-01
 1.25000e-01
 1.25000e-01
 1.25000e-01
 1.25000e-01
 1.25000e-01
 1.25000e-01
 1.25000e-01
 1.25000e-01
 1.25000e-01
 1.25000e-01
 1.25000e-01
 1.25000e-01
 1.25000e-01
 1.25000e-01
 1.25000e-01
 1.25000e-01
 1.25000e-01
 1.25000e-01
 1.25000e-01
 1.25000e-01
 1.25000e-01
 1.25000e-01
 1.25000e-01
 1.25000e-01
 1.25000e-01
 1.25000e-01
 1.25000e-01
 1.25000e-01
 1.25000e-01
 1.25000e-01
 1.25000e-01
 1.25000e-01
 1.25000e-01
 1.25000e-01
 1.25000e-01
 1.25000e-01
 1.25000e-01
 1.25000e-01
 1.25000e-01
 1.25000e-01
 1.25000e-01
 1.25000e-01
 1.25000e-01
 1.25000e-01
 1.25000e-01
 1.25000e-01
 1.25000e-01
 1.25000e-01
 1.25000e-01
 1.25000e-01
 1.25000e-01
 1.25000e-01
 1.25000e-01
 1.25000e-01
 1.25000e-01
 1.25000e-01
 1.25000e-01
 1.25000e-01
 1.25000e-01
 1.25000e-01
 1.25000e-01
 1.25000e-01
 1.25000e-01
 1.25000e-01
 1.25000e-01
 1.25000e-01
 1.25000e-01
 1.25000e-01
 1.25000e-01
 1.25000e-01
 1.25000e-01
 1.25000e-01
 1.25000e-01
 1.25000e-01
 1.25000e-01
 1.25000e-01
 1.25000e-01
 1.25000e-01
 1.25000e-01
 1.25000e-01
 1.25000e-01
 1.25000e-01
 1.25000e-01
 1.25000e-01
 1.25000e-01
 1.25000e-01
 1.25000e-01
 1.25000e-01
 1.25000e-01
 1.25000e-01
 1.25000e-01
 1.25000e-01
 1.25000e-01
 1.25000e-01
 1.25000e-01
 1.25000e-01
 1.25000e-01
 1.25000e-01
 1.25000e-01
 1.25000e-01
 1.25000e-01
 1.25000e-01
 1.25000e-01
 1.25000e-01
 1.25000e-01
 1.25000e-01
 1.25000e-01
 1.25000e-01
 1.25000e-01
 1.25000e-01
 1.25000e-01
 1.25000e-01
 1.25000e-01
 1.25000e-01
 1.25000e-01
 1.25000e-01
 1.25000e-01
 1.25000e-01
 1.25000e-01
 1.25000e-01
 1.25000e-01
 1.25000e-01
 1.25000e-01
 1.25000e-01
 1.25000e-01
 1.25000e-01
 1.25000e-01
 1.25000e-01
 1.25000e-01
 1.25000e-01
 1.25000e-01
 1.25000e-01
 1.25000e-01
 1.25000e-01
 1.25000e-01
 1.25000e-01
 1.25000e-01
 1.25000e-01
 1.25000e-01
 1.25000e-01
 1.25000e-01
 1.25000e-01
 1.25000e-01
 1.25000e-01
 1.25000e-01
 1.25000e-01
 1.25000e-01
 1.25000e-01
 1.25000e-01
 1.25000e-01
 1.25000e-01
 1.25000e-01
 1.25000e-01
 1.25000e-01
 1.25000e-01
 1.25000e-01
 1.25000e-01
 1.25000e-01
 1.25000e-01
 1.25000e-01
 1.25000e-01
 1.25000e-01
 1.25000e-01
 1.25000e-01
 1.25000e-01
 1.25000e-01
 1.25000e-01
 1.25000e-01
 1.25000e-01
 1.25000e-01
 1.25000e-01
 1.25000e-01
 1.25000e-01
 1.25000e-01
 1.25000e-01
 1.25000e-01
 1.25000e-01
 1.25000e-01
 1.25000e-01
 1.25000e-01
 1.25000e-01
 1.25000e-01
 1.25000e-01
 1.25000e-01
 1.25000e-01
 1.25000e-01
 1.25000e-01
 1.25000e-01
 1.25000e-01
 1.25000e-01
 1.25000e-01
 1.25000e-01
 1.25000e-01
 1.25000e-01
 1.25000e-01
 1.25000e-01
 1.25000e-01
 1.25000e-01
 1.25000e-01
 1.25000e-01
 1.25000e-01
 1.25000e-01
 1.25000e-01
 1.25000e-01
 1.25000e-01
 1.25000e-01
 1.25000e-01
 1.25000e-01
 1.25000e-01
 1.25000e-01
 1.25000e-01
 1.25000e-01
 1.25000e-01
 1.25000e-01
 1.25000e-01
 1.25000e-01
 1.25000e-01
 1.25000e-01
 1.25000e-01
 1.25000e-01
 1.25000e-01
 1.25000e-01
 1.25000e-01
 1.25000e-01
 1.25000e-01
 1.25000e-01
 1.25000e-01
 1.25000e-01
 1.25000e-01
 1.25000e-01
 1.25000e-01
 1.25000e-01
 1.25000e-01
 1.25000e-01
 1.25000e-01
 1.25000e-01
 1.25000e-01
 1.25000e-01
 1.25000e-01
 1.25000e-01
 1.25000e-01
 1.25000e-01
 1.25000e-01
 1.25000e-01
 1.25000e-01
 1.25000e-01
 1.25000e-01
 1.25000e-01
 1.25000e-01
 1.25000e-01
 1.25000e-01
 1.25000e-01
 1.25000e-01
 1.25000e-01
 1.25000e-01
 1.25000e-01
 1.25000e-01
 1.25000e-01
 1.25000e-01
 1.25000e-01
 1.25000e-01
 1.25000e-01
 1.25000e-01
 1.25000e-01
 1.25000e-01
 1.25000e-01
 1.25000e-01
 1.25000e-01
 1.25000e-01
 1.25000e-01
 1.25000e-01
 1.25000e-01
 1.25000e-01
 1.25000e-01
 1.25000e-01
 1.25000e-01
 1.25000e-01
 1.25000e-01
 1.25000e-01
 1.25000e-01
 1.25000e-01
 1.25000e-01
 1.25000e-01
 1.25000e-01
 1.25000e-01
 1.25000e-01
 1.25000e-01
 1.25000e-01
 1.25000e-01
 1.25000e-01
 1.25000e-01
 1.25000e-01
 1.25000e-01
 1.25000e-01
 1.25000e-01
 1.25000e-01
 1.25000e-01
 1.25000e-01
 1.25000e-01
 1.25000e-01
 1.25000e-01
 1.25000e-01
 1.25000e-01
 1.25000e-01
 1.25000e-01
 1.25000e-01
 1.25000e-01
 1.25000e-01
 1.25000e-01
 1.25000e-01
 1.25000e-01
 1.25000e-01
 1.25000e-01
 1.25000e-01
 1.25000e-01
 1.25000e-01
 1.25000e-01
 1.25000e-01
 1.25000e-01
 1.25000e-01
 1.25000e-01
 1.25000e-01
 1.25000e-01
 1.25000e-01
 1.25000e-01
 1.25000e-01
 1.25000e-01
 1.25000e-01
 1.25000e-01
 1.25000e-01
 1.25000e-01
 1.25000e-01
 1.25000e-01
 1.25000e-01
 1.25000e-01
 1.25000e-01
 1.25000e-01
 1.25000e-01
 1.25000e-01
 1.25000e-01
 1.25000e-01
 1.25000e-01
 1.25000e-01
 1.25000e-01
 1.25000e-01
 1.25000e-01
 1.25000e-01
 1.25000e-01
 1.25000e-01
 1.25000e-01
 1.25000e-01
 1.25000e-01
 1.25000e-01
 1.25000e-01
 1.25000e-01
 1.25000e-01
 1.25000e-01
 1.25000e-01
 1.25000e-01
 1.25000e-01
 1.25000e-01
 1.25000e-01
 1.25000e-01
 1.25000e-01
 1.25000e-01
 1.25000e-01
 1.25000e-01
 1.25000e-01
 1.25000e-01
 1.25000e-01
 1.25000e-01
 1.25000e-01
 1.25000e-01
 1.25000e-01
 1.25000e-01
 1.25000e-01
 1.25000e-01
 1.25000e-01
 1.25000e-01
 1.25000e-01
 1.25000e-01
 1.25000e-01
 1.25000e-01
 1.25000e-01
 1.25000e-01
 1.25000e-01
 1.25000e-01
 1.25000e-01
 1.25000e-01
 1.25000e-01
 1.25000e-01
 1.25000e-01
 1.25000e-01
 1.25000e-01
 1.25000e-01
 1.25000e-01
 1.25000e-01
 1.25000e-01
 1.25000e-01
 1.25000e-01
 1.25000e-01
 1.25000e-01
 1.25000e-01
 1.25000e-01
 1.25000e-01
 1.25000e-01
 1.25000e-01
 1.25000e-01
 1.25000e-01
 1.25000e-01
 1.25000e-01
 1.25000e-01
 1.25000e-01
 1.25000e-01
 1.25000e-01
 1.25000e-01
 1.25000e-01
 1.25000e-01
 1.25000e-01
 1.25000e-01
 1.25000e-01
 1.25000e-01
 1.25000e-01
 1.25000e-01
 1.25000e-01
 1.25000e-01
 1.25000e-01
 1.25000e-01
 1.25000e-01
 1.25000e-01
 1.25000e-01
 1.25000e-01
 1.25000e-01
 1.25000e-01
 1.25000e-01
 1.25000e-01
 1.25000e-01
 1.25000e-01
 1.25000e-01
 1.25000e-01
 1.25000e-01
 1.25000e-01
 1.25000e-01
 1.25000e-01
 1.25000e-01
 1.25000e-01
 1.25000e-01
 1.25000e-01
 1.25000e-01
 1.25000e-01
 1.25000e-01
 1.25000e-01
 1.25000e-01
 1.25000e-01
 1.25000e-01
 1.25000e-01
 1.25000e-01
 1.25000e-01
 1.25000e-01
 1.25000e-01
 1.25000e-01
 1.25000e-01
 1.25000e-01
 1.25000e-01
 1.25000e-01
 1.25000e-01
 1.25000e-01
 1.25000e-01
 1.25000e-01
 1.25000e-01
 1.25000e-01
 1.25000e-01
 1.25000e-01
 1.25000e-01
 1.25000e-01
 1.25000e-01
 1.25000e-01
 1.25000e-01
 1.25000e-01
 1.25000e-01
 1.25000e-01
 1.25000e-01
 1.25000e-01
 1.25000e-01
 1.25000e-01
 1.25000e-01
 1.25000e-01
 1.25000e-01
 1.25000e-01
 1.25000e-01
 1.25000e-01
 1.25000e-01
 1.25000e-01
 1.25000e-01
 1.25000e-01
 1.25000e-01
 1.25000e-01
 1.25000e-01
 1.25000e-01
 1.25000e-01
 1.25000e-01
 1.25000e-01
 1.25000e-01
 1.25000e-01
 1.25000e-01
 1.25000e-01
 1.25000e-01
 1.25000e-01
 1.25000e-01
 1.25000e-01
 1.25000e-01
 1.25000e-01
 1.25000e-01
 1.25000e-01
 1.25000e-01
 1.25000e-01
 1.25000e-01
 1.25000e-01
 1.25000e-01
 1.25000e-01
 1.25000e-01
 1.25000e-01
 1.25000e-01
 1.25000e-01
 1.25000e-01
 1.25000e-01
 1.25000e-01
 1.25000e-01
 1.25000e-01
 1.25000e-01
 1.25000e-01
 1.25000e-01
 1.25000e-01
 1.25000e-01
 1.25000e-01
 1.25000e-01
 1.25000e-01
 1.25000e-01
 1.25000e-01
 1.25000e-01
 1.25000e-01
 1.25000e-01
 1.25000e-01
 1.25000e-01
 1.25000e-01
 1.25000e-01
 1.25000e-01
 1.25000e-01
 1.25000e-01
 1.25000e-01
 1.25000e-01
 1.25000e-01
 1.25000e-01
 1.25000e-01
 1.25000e-01
 1.25000e-01
 1.25000e-01
 1.25000e-01
 1.25000e-01
 1.25000e-01
 1.25000e-01
 1.25000e-01
 1.25000e-01
 1.25000e-01
 1.25000e-01
 1.25000e-01
 1.25000e-01
 1.25000e-01
 1.25000e-01
 1.25000e-01
 1.25000e-01
 1.25000e-01
 1.25000e-01
 1.25000e-01
 1.25000e-01
 1.25000e-01
 1.25000e-01
 1.25000e-01
 1.25000e-01
 1.25000e-01
 1.25000e-01
 1.25000e-01
 1.25000e-01
 1.25000e-01
 1.25000e-01
 1.25000e-01
 1.25000e-01
 1.25000e-01
 1.25000e-01
 1.25000e-01
 1.25000e-01
 1.25000e-01
 1.25000e-01
 1.25000e-01
 1.25000e-01
 1.25000e-01
 1.25000e-01
 1.25000e-01
 1.25000e-01
 1.25000e-01
 1.25000e-01
 1.25000e-01
 1.25000e-01
 1.25000e-01
 1.25000e-01
 1.25000e-01
 1.25000e-01
 1.25000e-01
 1.25000e-01
 1.25000e-01
 1.25000e-01
 1.25000e-01
 1.25000e-01
 1.25000e-01
 1.25000e-01
 1.25000e-01
 1.25000e-01
 1.25000e-01
 1.25000e-01
 1.25000e-01
 1.25000e-01
 1.25000e-01
 1.25000e-01
 1.25000e-01
 1.25000e-01
 1.25000e-01
 1.25000e-01
 1.25000e-01
 1.25000e-01
 1.25000e-01
 1.25000e-01
 1.25000e-01
 1.25000e-01
 1.25000e-01
 1.25000e-01
 1.25000e-01
 1.25000e-01
 1.25000e-01
 1.25000e-01
 1.25000e-01
 1.25000e-01
 1.25000e-01
 1.25000e-01
 1.25000e-01
 1.25000e-01
 1.25000e-01
 1.25000e-01
 1.25000e-01
 1.25000e-01
 1.25000e-01
 1.25000e-01
 1.25000e-01
 1.25000e-01
 1.25000e-01
 1.25000e-01
 1.25000e-01
 1.25000e-01
 1.25000e-01
 1.25000e-01
 1.25000e-01
 1.25000e-01
 1.25000e-01
 1.25000e-01
 1.25000e-01
 1.25000e-01
 1.25000e-01
 1.25000e-01
 1.25000e-01
 1.25000e-01
 1.25000e-01
 1.25000e-01
 1.25000e-01
 1.25000e-01
 1.25000e-01
 1.25000e-01
 1.25000e-01
 1.25000e-01
 1.25000e-01
 1.25000e-01
 1.25000e-01
 1.25000e-01
 1.25000e-01
 1.25000e-01
 1.25000e-01
 1.25000e-01
 1.25000e-01
 1.25000e-01
 1.25000e-01
 1.25000e-01
 1.25000e-01
 1.25000e-01
 1.25000e-01
 1.25000e-01
 1.25000e-01
 1.25000e-01
 1.25000e-01
 1.25000e-01
 1.25000e-01
 1.25000e-01
 1.25000e-01
 1.25000e-01
 1.25000e-01
 1.25000e-01
 1.25000e-01
 1.25000e-01
 1.25000e-01
 1.25000e-01
 1.25000e-01
 1.25000e-01
 1.25000e-01
 1.25000e-01
 1.25000e-01
 1.25000e-01
 1.25000e-01
 1.25000e-01
 1.25000e-01
 1.25000e-01
 1.25000e-01
 1.25000e-01
 1.25000e-01
 1.25000e-01
 1.25000e-01
 1.25000e-01
 1.25000e-01
 1.25000e-01
 1.25000e-01
 1.25000e-01
 1.25000e-01
 1.25000e-01
 1.25000e-01
 1.25000e-01
 1.25000e-01
 1.25000e-01
 1.25000e-01
 1.25000e-01
 1.25000e-01
 1.25000e-01
 1.25000e-01
 1.25000e-01
 1.25000e-01
 1.25000e-01
 1.25000e-01
 1.25000e-01
 1.25000e-01
 1.25000e-01
 1.25000e-01
 1.25000e-01
 1.25000e-01
 1.25000e-01
 1.25000e-01
 1.25000e-01
 1.25000e-01
 1.25000e-01
 1.25000e-01
 1.25000e-01
 1.25000e-01
 1.25000e-01
 1.25000e-01
 1.25000e-01
 1.25000e-01
 1.25000e-01
 1.25000e-01
 1.25000e-01
 1.25000e-01
 1.25000e-01
 1.25000e-01
 1.25000e-01
 1.25000e-01
 1.25000e-01
 1.25000e-01
 1.25000e-01
 1.25000e-01
 1.25000e-01
 1.25000e-01
 1.25000e-01
 1.25000e-01
 1.25000e-01
 1.25000e-01
 1.25000e-01
 1.25000e-01
 1.25000e-01
 1.25000e-01
 1.25000e-01
 1.25000e-01
 1.25000e-01
 1.25000e-01
 1.25000e-01
 1.25000e-01
 1.25000e-01
 1.25000e-01
 1.25000e-01
 1.25000e-01
 1.25000e-01
 1.25000e-01
 1.25000e-01
 1.25000e-01
 1.25000e-01
 1.25000e-01
 1.25000e-01
 1.25000e-01
 1.25000e-01
 1.25000e-01
 1.25000e-01
 1.25000e-01
 1.25000e-01
 1.25000e-01
 1.25000e-01
 1.25000e-01
 1.25000e-01
 1.25000e-01
 1.25000e-01
 1.25000e-01
 1.25000e-01
 1.25000e-01
 1.25000e-01
 1.25000e-01
 1.25000e-01
 1.25000e-01
 1.25000e-01
 1.25000e-01
 1.25000e-01
 1.25000e-01
 1.25000e-01
 1.25000e-01
 1.25000e-01
 1.25000e-01
 1.25000e-01
 1.25000e-01
 1.25000e-01
 1.25000e-01
 1.25000e-01
 1.25000e-01
 1.25000e-01
 1.25000e-01
 1.25000e-01
 1.25000e-01
 1.25000e-01
 1.25000e-01
 1.25000e-01
 1.25000e-01
 1.25000e-01
 1.25000e-01
 1.25000e-01
 1.25000e-01
 1.25000e-01
 1.25000e-01
 1.25000e-01
 1.25000e-01
 1.25000e-01
 1.25000e-01
 1.25000e-01
 1.25000e-01
 1.25000e-01
 1.25000e-01
 1.25000e-01
 1.25000e-01
 1.25000e-01
 1.25000e-01
 1.25000e-01
 1.25000e-01
 1.25000e-01
 1.25000e-01
 1.25000e-01
 1.25000e-01
 1.25000e-01
 1.25000e-01
 1.25000e-01
 1.25000e-01
 1.25000e-01
 1.25000e-01
 1.25000e-01
 1.25000e-01
 1.25000e-01
 1.25000e-01
 1.25000e-01
 1.25000e-01
 1.25000e-01
 1.25000e-01
 1.25000e-01
 1.25000e-01
 1.25000e-01
 1.25000e-01
 1.25000e-01
 1.25000e-01
 1.25000e-01
 1.25000e-01
 1.25000e-01
 1.25000e-01
 1.25000e-01
 1.25000e-01
 1.25000e-01
 1.25000e-01
 1.25000e-01
 1.25000e-01
 1.25000e-01
 1.25000e-01
 1.25000e-01
 1.25000e-01
 1.25000e-01
 1.25000e-01
 1.25000e-01
 1.25000e-01
 1.25000e-01
 1.25000e-01
 1.25000e-01
 1.25000e-01
 1.25000e-01
 1.25000e-01
 1.25000e-01
 1.25000e-01
 1.25000e-01
 1.25000e-01
 1.25000e-01
 1.25000e-01
 1.25000e-01
 1.25000e-01
 1.25000e-01
 1.25000e-01
 1.25000e-01
 1.25000e-01
 1.25000e-01
 1.25000e-01
 1.25000e-01
 1.25000e-01
 1.25000e-01
 1.25000e-01
 1.25000e-01
 1.25000e-01
 1.25000e-01
 1.25000e-01
 1.25000e-01
 1.25000e-01
 1.25000e-01
 1.25000e-01
 1.25000e-01
 1.25000e-01
 1.25000e-01
 1.25000e-01
 1.25000e-01
 1.25000e-01
 1.25000e-01
 1.25000e-01
 1.25000e-01
 1.25000e-01
 1.25000e-01
 1.25000e-01
 1.25000e-01
 1.25000e-01
 1.25000e-01
 1.25000e-01
 1.25000e-01
 1.25000e-01
 1.25000e-01
 1.25000e-01
 1.25000e-01
 1.25000e-01
 1.25000e-01
 1.25000e-01
 1.25000e-01
 1.25000e-01
 1.25000e-01
 1.25000e-01
 1.25000e-01
 1.25000e-01
 1.25000e-01
 1.25000e-01
 1.25000e-01
 1.25000e-01
 1.25000e-01
 1.25000e-01
 1.25000e-01
 1.25000e-01
 1.25000e-01
 1.25000e-01
 1.25000e-01
 1.25000e-01
 1.25000e-01
 1.25000e-01
 1.25000e-01
 1.25000e-01
 1.25000e-01
 1.25000e-01
 1.25000e-01
 1.25000e-01
 1.25000e-01
 1.25000e-01
 1.25000e-01
 1.25000e-01
 1.25000e-01
 1.25000e-01
