Velocity
part
         1
coordinates
 0.00000e+00
 0.00000e+00
 0.00000e+00
 0.00000e+00
 0.00000e+00
 0.00000e+00
 0.00000e+00
 6.77390e-16
 6.77390e-16
 6.77390e-16
-2.09678e-16
 0.00000e+00
 0.00000e+00
 0.00000e+00
 0.00000e+00
 1.27676e-16
-2.01349e-15
 0.00000e+00
 0.00000e+00
-6.77390e-16
-8.92773e-16
-3.10954e-16
-3.09806e-15
 0.00000e+00
 0.00000e+00
 2.07047e-15
 1.93306e-15
 2.10902e-15
 8.59725e-17
 0.00000e+00
 0.00000e+00
-4.10293e-15
-3.93324e-15
-4.40056e-15
-5.90421e-15
 0.00000e+00
 0.00000e+00
-6.77390e-16
-6.77390e-16
-6.77390e-16
-6.77390e-16
 0.00000e+00
 0.00000e+00
-3.38695e-16
-3.38695e-16
-3.38695e-16
-5.16947e-16
 0.00000e+00
 0.00000e+00
 0.00000e+00
 0.00000e+00
-3.48135e-17
-1.10341e-15
 0.00000e+00
 0.00000e+00
-1.01609e-15
-1.11667e-15
-1.26155e-15
-1.51741e-15
 0.00000e+00
 0.00000e+00
 1.57292e-15
 1.92094e-15
 6.58583e-16
 2.38217e-15
 0.00000e+00
 0.00000e+00
-5.18205e-15
-4.12620e-15
-6.69090e-15
-4.28422e-15
 0.00000e+00
 0.00000e+00
 6.77390e-16
 6.77390e-16
 6.77390e-16
 6.77390e-16
 0.00000e+00
 0.00000e+00
 1.01609e-15
 1.01609e-15
 1.01609e-15
 1.15415e-15
 0.00000e+00
 0.00000e+00
 1.01609e-15
 1.01609e-15
 9.13763e-16
 9.38327e-16
 0.00000e+00
 0.00000e+00
-3.38695e-16
-3.32596e-16
-7.42052e-16
 4.07033e-16
 0.00000e+00
 0.00000e+00
 2.48459e-15
 2.89896e-15
 1.59029e-15
 3.84001e-15
 0.00000e+00
 0.00000e+00
-3.95209e-15
-3.10438e-15
-5.01800e-15
-2.66833e-15
 0.00000e+00
 0.00000e+00
 0.00000e+00
 0.00000e+00
 0.00000e+00
 0.00000e+00
 0.00000e+00
 0.00000e+00
 0.00000e+00
 0.00000e+00
 0.00000e+00
 0.00000e+00
 0.00000e+00
 0.00000e+00
 1.35478e-15
 1.35478e-15
 1.35478e-15
 1.35478e-15
 0.00000e+00
 0.00000e+00
-1.69348e-15
-1.69348e-15
-1.69348e-15
-1.69348e-15
 0.00000e+00
 0.00000e+00
 2.03217e-15
 2.03217e-15
 2.03217e-15
 2.03217e-15
 0.00000e+00
 0.00000e+00
-3.38695e-15
-3.38695e-15
-3.38695e-15
-3.38695e-15
 0.00000e+00
 0.00000e+00
-2.03217e-15
-2.03217e-15
-2.03217e-15
-2.03217e-15
 0.00000e+00
 0.00000e+00
-1.69348e-15
-1.69348e-15
-1.69348e-15
-1.69348e-15
 0.00000e+00
 0.00000e+00
-2.37087e-15
-2.37087e-15
-2.37087e-15
-2.37087e-15
 0.00000e+00
 0.00000e+00
-3.38695e-15
-3.38695e-15
-3.38695e-15
-3.38695e-15
 0.00000e+00
 0.00000e+00
 0.00000e+00
 0.00000e+00
 0.00000e+00
 0.00000e+00
 0.00000e+00
 0.00000e+00
-6.09651e-15
-6.09651e-15
-6.09651e-15
-6.09651e-15
 0.00000e+00
 0.00000e+00
 4.74173e-15
 4.74173e-15
 4.74173e-15
 4.74173e-15
 0.00000e+00
 0.00000e+00
 5.41912e-15
 5.41912e-15
 5.41912e-15
 5.41912e-15
 0.00000e+00
 0.00000e+00
 5.08043e-15
 5.08043e-15
 5.08043e-15
 5.08043e-15
 0.00000e+00
 0.00000e+00
 3.72565e-15
 3.72565e-15
 3.72565e-15
 3.72565e-15
 0.00000e+00
 0.00000e+00
 6.43521e-15
 6.43521e-15
 6.43521e-15
 6.43521e-15
 0.00000e+00
 0.00000e+00
 0.00000e+00
 0.00000e+00
 0.00000e+00
 0.00000e+00
 0.00000e+00
 0.00000e+00
-2.03217e-15
-2.03217e-15
-2.03217e-15
-2.03217e-15
 0.00000e+00
 0.00000e+00
-1.35478e-15
-1.35478e-15
-1.35478e-15
-1.35478e-15
 0.00000e+00
 0.00000e+00
-2.03217e-15
-2.03217e-15
-2.03217e-15
-2.03217e-15
 0.00000e+00
 0.00000e+00
-3.38695e-15
-3.38695e-15
-3.38695e-15
-3.38695e-15
 0.00000e+00
 0.00000e+00
 3.38695e-16
 3.38695e-16
 3.38695e-16
 3.38695e-16
 0.00000e+00
 0.00000e+00
-7.45129e-15
-7.45129e-15
-7.45129e-15
-7.45129e-15
 0.00000e+00
 0.00000e+00
 0.00000e+00
 0.00000e+00
 0.00000e+00
 0.00000e+00
 0.00000e+00
 0.00000e+00
 6.77390e-16
 6.77390e-16
 6.77390e-16
 6.77390e-16
 0.00000e+00
 0.00000e+00
 3.38695e-16
 3.38695e-16
 3.38695e-16
 3.38695e-16
 0.00000e+00
 0.00000e+00
-1.35478e-15
-1.35478e-15
-1.35478e-15
-1.35478e-15
 0.00000e+00
 0.00000e+00
 2.70956e-15
 2.70956e-15
 2.70956e-15
 2.70956e-15
 0.00000e+00
 0.00000e+00
-4.74173e-15
-4.74173e-15
-4.74173e-15
-4.74173e-15
 0.00000e+00
 0.00000e+00
-4.74173e-15
-4.74173e-15
-4.74173e-15
-4.74173e-15
 0.00000e+00
 0.00000e+00
-4.40304e-15
-4.40304e-15
-4.40304e-15
-4.40304e-15
 0.00000e+00
 0.00000e+00
-4.06434e-15
-4.06434e-15
-4.06434e-15
-4.06434e-15
 0.00000e+00
 0.00000e+00
-6.09651e-15
-6.09651e-15
-6.09651e-15
-6.09651e-15
 0.00000e+00
 0.00000e+00
-2.37087e-15
-2.37087e-15
-2.37087e-15
-2.37087e-15
 0.00000e+00
 0.00000e+00
-1.01609e-14
-1.01609e-14
-1.01609e-14
-1.01609e-14
 0.00000e+00
 0.00000e+00
 4.75601e-15
 4.66620e-15
 4.78102e-15
 4.64588e-15
 0.00000e+00
 0.00000e+00
 5.79616e-15
 5.62170e-15
 5.84357e-15
 5.60580e-15
 0.00000e+00
 0.00000e+00
 5.16328e-15
 4.92699e-15
 5.19117e-15
 4.87263e-15
 0.00000e+00
 0.00000e+00
 3.41978e-15
 3.25067e-15
 3.50721e-15
 3.17160e-15
 0.00000e+00
 0.00000e+00
 7.43878e-15
 7.33899e-15
 7.55003e-15
 7.26269e-15
 0.00000e+00
 0.00000e+00
-6.69550e-16
-7.45792e-16
-6.39146e-16
-8.35713e-16
 0.00000e+00
 0.00000e+00
-4.53752e-15
-5.04094e-15
-4.14824e-15
-5.20236e-15
 0.00000e+00
 0.00000e+00
-3.24312e-15
-4.23853e-15
-2.93585e-15
-4.48345e-15
 0.00000e+00
 0.00000e+00
-3.60308e-15
-4.88701e-15
-3.77559e-15
-5.29561e-15
 0.00000e+00
 0.00000e+00
-5.83207e-15
-6.78135e-15
-5.79746e-15
-7.21131e-15
 0.00000e+00
 0.00000e+00
-1.98825e-15
-2.60700e-15
-1.37580e-15
-3.45445e-15
 0.00000e+00
 0.00000e+00
-9.72494e-15
-1.01388e-14
-9.16073e-15
-1.14569e-14
 0.00000e+00
 0.00000e+00
 4.51179e-15
 3.20962e-15
 5.45767e-15
 2.73622e-15
 0.00000e+00
 0.00000e+00
 5.55842e-15
 3.73202e-15
 6.12089e-15
 3.14742e-15
 0.00000e+00
 0.00000e+00
 6.02187e-15
 3.78510e-15
 5.39330e-15
 3.64026e-15
 0.00000e+00
 0.00000e+00
 3.79104e-15
 1.49810e-15
 3.83402e-15
 1.83114e-15
 0.00000e+00
 0.00000e+00
 7.29047e-15
 5.54827e-15
 9.12648e-15
 5.02156e-15
 0.00000e+00
 0.00000e+00
-1.01157e-15
-1.98537e-15
 1.14392e-15
-3.31186e-15
 0.00000e+00
 0.00000e+00
 4.77792e-16
-2.01642e-15
 1.55307e-15
-3.85735e-15
 0.00000e+00
 0.00000e+00
 1.58164e-15
-8.23870e-16
 2.01917e-15
-3.37590e-15
 0.00000e+00
 0.00000e+00
 2.00859e-15
-9.33977e-16
 5.74594e-16
-2.90249e-15
 0.00000e+00
 0.00000e+00
-3.91772e-16
-4.32192e-15
-5.89708e-16
-3.71535e-15
 0.00000e+00
 0.00000e+00
 1.41057e-15
-8.72442e-16
 5.09790e-15
-4.00166e-16
 0.00000e+00
 0.00000e+00
-7.23400e-15
-7.48863e-15
-2.08771e-15
-8.42551e-15
 0.00000e+00
 0.00000e+00
-5.31471e-16
-1.94223e-15
 2.57622e-15
-4.22786e-15
 0.00000e+00
 0.00000e+00
 2.55470e-15
-1.06220e-15
 3.05053e-15
-4.43573e-15
 0.00000e+00
 0.00000e+00
 3.37629e-15
-3.07604e-15
 8.16124e-16
-5.89999e-15
 0.00000e+00
 0.00000e+00
 9.23234e-16
-6.05133e-15
 1.43663e-15
-6.23495e-15
 0.00000e+00
 0.00000e+00
 1.79938e-15
-1.22648e-15
 7.02897e-15
-1.86312e-15
 0.00000e+00
 0.00000e+00
-8.12752e-15
-7.21323e-15
-1.63176e-15
-9.33727e-15
 0.00000e+00
 0.00000e+00
 3.92299e-16
-5.23328e-15
 5.91718e-15
-6.28698e-15
 0.00000e+00
 0.00000e+00
 2.62290e-15
-2.65616e-15
 4.34312e-15
-5.42622e-15
 0.00000e+00
 0.00000e+00
 4.44889e-15
-3.89486e-15
 1.90806e-15
-6.67717e-15
 0.00000e+00
 0.00000e+00
 3.93230e-15
-7.86706e-15
 3.58202e-15
-7.22008e-15
 0.00000e+00
 0.00000e+00
 4.21678e-15
-2.69369e-15
 7.98908e-15
-3.19888e-15
 0.00000e+00
 0.00000e+00
-6.34203e-15
-8.35397e-15
-1.11830e-15
-1.17354e-14
 0.00000e+00
 0.00000e+00
-4.70475e-15
-6.40964e-17
 3.22254e-15
-3.20203e-15
 0.00000e+00
 0.00000e+00
-1.97382e-15
 1.62289e-15
 3.01825e-15
-4.24575e-15
 0.00000e+00
 0.00000e+00
 1.32131e-15
 1.33449e-15
 1.27587e-15
-6.14280e-15
 0.00000e+00
 0.00000e+00
 1.69917e-15
-2.35942e-15
-8.84265e-16
-7.66327e-15
 0.00000e+00
 0.00000e+00
 3.69601e-15
 2.21301e-16
 4.18187e-15
-3.81037e-15
 0.00000e+00
 0.00000e+00
-5.08161e-15
-6.43959e-15
-1.10190e-15
-1.02776e-14
 0.00000e+00
 0.00000e+00
-8.10187e-15
 3.57447e-15
 1.10367e-15
-9.00005e-16
 0.00000e+00
 0.00000e+00
-6.12264e-15
 3.94326e-15
 3.24236e-15
-3.12012e-15
 0.00000e+00
 0.00000e+00
-2.36589e-15
 2.79601e-15
 2.02440e-15
-7.70092e-15
 0.00000e+00
 0.00000e+00
 5.55084e-16
 1.65529e-15
 4.45856e-18
-1.18955e-14
 0.00000e+00
 0.00000e+00
 4.04855e-15
 2.67251e-15
 4.13051e-15
-6.55556e-15
 0.00000e+00
 0.00000e+00
-4.54735e-15
-7.78022e-15
-4.09274e-15
-1.04063e-14
 0.00000e+00
 0.00000e+00
-6.94586e-15
-8.16488e-15
 9.27636e-16
-1.29268e-14
 0.00000e+00
 0.00000e+00
-6.53833e-15
-7.34539e-15
-7.08423e-16
-1.21017e-14
 0.00000e+00
 0.00000e+00
-2.53273e-15
-9.77607e-15
-1.20328e-15
-1.60212e-14
 0.00000e+00
 0.00000e+00
-3.75501e-15
-1.19265e-14
-4.79773e-16
-2.37873e-14
 0.00000e+00
 0.00000e+00
-3.62163e-15
-8.67755e-15
 8.09686e-16
-1.65903e-14
 0.00000e+00
 0.00000e+00
-1.02892e-14
-1.80287e-14
-9.13930e-15
-1.79256e-14
 0.00000e+00
 0.00000e+00
 7.62206e-15
 4.14501e-15
 1.30365e-14
 1.44441e-15
 0.00000e+00
 0.00000e+00
 1.14861e-14
 3.29977e-15
 9.82500e-15
 1.22856e-15
 0.00000e+00
 0.00000e+00
 1.34663e-14
 1.55329e-15
 1.07927e-14
-3.19020e-15
 0.00000e+00
 0.00000e+00
 8.16645e-15
 2.21195e-15
 1.41848e-14
-1.02799e-14
 0.00000e+00
 0.00000e+00
 8.43288e-15
 5.37234e-15
 1.50311e-14
-3.01633e-15
 0.00000e+00
 0.00000e+00
 1.10672e-15
-4.07110e-15
 5.71689e-15
-3.86544e-15
 0.00000e+00
 0.00000e+00
 1.02497e-15
-2.91335e-15
 4.12783e-15
 5.10042e-16
 0.00000e+00
 0.00000e+00
 6.74307e-15
-6.14174e-15
 4.13806e-15
-3.96749e-15
 0.00000e+00
 0.00000e+00
 6.42839e-15
-7.02640e-15
 4.34844e-15
-1.07187e-14
 0.00000e+00
 0.00000e+00
-9.45879e-16
-3.28401e-15
 5.35243e-15
-1.61286e-14
 0.00000e+00
 0.00000e+00
 1.58031e-15
-1.55241e-15
 7.55194e-15
-1.06294e-14
 0.00000e+00
 0.00000e+00
-5.78027e-15
-1.22659e-14
-2.25479e-15
-1.30103e-14
 0.00000e+00
 0.00000e+00
-1.26407e-15
-7.93139e-15
-3.22659e-15
-6.29625e-15
 0.00000e+00
 0.00000e+00
 8.73486e-16
-1.01704e-14
-1.12182e-15
-9.55348e-15
 0.00000e+00
 0.00000e+00
 1.81437e-15
-1.38914e-14
-1.72901e-15
-1.31402e-14
 0.00000e+00
 0.00000e+00
-7.32215e-15
-1.20711e-14
-2.42317e-15
-1.99328e-14
 0.00000e+00
 0.00000e+00
-8.09417e-15
-6.41191e-15
 1.13749e-15
-1.78959e-14
 0.00000e+00
 0.00000e+00
-1.25434e-14
-1.54452e-14
-8.94561e-15
-2.09201e-14
 0.00000e+00
 0.00000e+00
 8.72955e-15
 1.35260e-15
 6.70537e-15
 3.28110e-15
 0.00000e+00
 0.00000e+00
 1.25263e-14
 2.05520e-15
 8.25225e-15
 2.19872e-15
 0.00000e+00
 0.00000e+00
 1.32800e-14
-6.59821e-16
 7.84294e-15
-2.41766e-15
 0.00000e+00
 0.00000e+00
 5.48587e-15
-4.00550e-16
 7.46860e-15
-8.87075e-15
 0.00000e+00
 0.00000e+00
 4.67978e-15
 7.37884e-15
 9.63638e-15
-3.79187e-15
 0.00000e+00
 0.00000e+00
-2.58834e-15
 2.47328e-16
-7.92271e-16
-6.95958e-15
 0.00000e+00
 0.00000e+00
 2.76206e-15
-5.07441e-15
 3.28489e-15
-6.15806e-15
 0.00000e+00
 0.00000e+00
 9.44644e-15
-5.14496e-15
 3.65140e-15
-4.48840e-15
 0.00000e+00
 0.00000e+00
 1.04165e-14
-8.53973e-15
 3.41436e-15
-9.43196e-15
 0.00000e+00
 0.00000e+00
 3.31936e-15
-6.67459e-15
 1.31181e-15
-1.42502e-14
 0.00000e+00
 0.00000e+00
 1.47609e-15
 2.07227e-15
 1.69129e-15
-4.21433e-15
 0.00000e+00
 0.00000e+00
-1.00895e-14
-5.47576e-15
-7.59239e-15
-7.12603e-15
 0.00000e+00
 0.00000e+00
 1.73725e-15
-4.53476e-15
 5.71699e-15
-8.69657e-15
 0.00000e+00
 0.00000e+00
 7.31889e-15
-6.15962e-15
 6.27350e-15
-4.91352e-15
 0.00000e+00
 0.00000e+00
 8.86699e-15
-9.10007e-15
 6.62909e-15
-6.34272e-15
 0.00000e+00
 0.00000e+00
 4.19980e-15
-8.25495e-15
 5.19596e-15
-1.30308e-14
 0.00000e+00
 0.00000e+00
 2.44490e-15
 6.72700e-16
 6.30847e-15
-1.51274e-15
 0.00000e+00
 0.00000e+00
-1.06875e-14
-4.50381e-15
-3.22121e-15
-3.79361e-16
 0.00000e+00
 0.00000e+00
 1.89924e-15
-2.93691e-15
 9.15431e-16
-2.26240e-15
 0.00000e+00
 0.00000e+00
 3.60853e-15
-2.61372e-15
 3.94223e-15
-3.79927e-15
 0.00000e+00
 0.00000e+00
 1.42587e-15
-2.68444e-15
 4.42361e-15
-8.89113e-15
 0.00000e+00
 0.00000e+00
 3.42946e-15
-3.84624e-15
 5.72616e-15
-1.29886e-14
 0.00000e+00
 0.00000e+00
 6.82342e-15
 5.64307e-16
 6.53889e-15
-4.48755e-16
 0.00000e+00
 0.00000e+00
-7.02492e-15
-5.58545e-15
-7.77697e-15
 1.43861e-15
 0.00000e+00
 0.00000e+00
 8.73551e-16
-5.51523e-15
 7.95147e-16
 2.76022e-15
 0.00000e+00
 0.00000e+00
-5.02332e-17
-2.13728e-15
 6.04686e-15
-2.26501e-15
 0.00000e+00
 0.00000e+00
-1.25518e-15
 7.18391e-16
 6.48398e-15
-1.09941e-14
 0.00000e+00
 0.00000e+00
 1.16091e-15
-6.29630e-15
 1.02433e-14
-1.64466e-14
 0.00000e+00
 0.00000e+00
 5.57940e-15
-5.37001e-15
 9.94265e-15
-6.56377e-15
 0.00000e+00
 0.00000e+00
-4.07129e-15
-9.17478e-15
-9.90203e-15
-6.03224e-15
 0.00000e+00
 0.00000e+00
 5.96092e-15
-3.52065e-15
-2.46508e-15
 2.60852e-15
 0.00000e+00
 0.00000e+00
 5.80931e-16
 1.31446e-15
 4.08847e-15
 2.90707e-15
 0.00000e+00
 0.00000e+00
 3.64005e-15
 2.34393e-15
 7.10497e-16
-2.66509e-15
 0.00000e+00
 0.00000e+00
 6.12967e-15
-6.99571e-15
 6.84022e-15
-1.51229e-14
 0.00000e+00
 0.00000e+00
 3.16372e-15
-8.40044e-15
 1.29067e-14
-1.04571e-14
 0.00000e+00
 0.00000e+00
-5.44059e-15
-1.53817e-14
-8.37182e-15
-1.05268e-14
 0.00000e+00
 0.00000e+00
 0.00000e+00
 0.00000e+00
 0.00000e+00
 0.00000e+00
 0.00000e+00
 0.00000e+00
-1.35478e-15
-6.77390e-16
 6.77390e-16
-2.91924e-15
 2.29020e-15
 0.00000e+00
-1.35478e-15
-6.77390e-16
 8.05066e-16
-2.11171e-15
 3.92084e-15
 0.00000e+00
-1.35478e-15
-8.92773e-16
 3.75687e-16
-2.32611e-15
 3.80240e-15
 0.00000e+00
-1.31648e-15
-2.87255e-16
 9.34827e-16
-1.88654e-15
 4.52773e-15
 0.00000e+00
 0.00000e+00
 0.00000e+00
 0.00000e+00
 0.00000e+00
 0.00000e+00
 0.00000e+00
 0.00000e+00
 0.00000e+00
 0.00000e+00
 0.00000e+00
 0.00000e+00
 0.00000e+00
-1.01609e-15
-1.01609e-15
 1.35478e-15
-2.66250e-15
 4.49399e-15
 0.00000e+00
-1.01609e-15
-1.01609e-15
 1.34436e-15
-2.98694e-15
 3.76209e-15
 0.00000e+00
-1.01609e-15
-1.11362e-15
 9.64814e-16
-1.95694e-15
 6.39978e-15
 0.00000e+00
-1.18102e-15
-9.65817e-16
 9.93618e-16
-4.19927e-15
 3.11893e-15
 0.00000e+00
 0.00000e+00
 0.00000e+00
 0.00000e+00
 0.00000e+00
 0.00000e+00
 0.00000e+00
 0.00000e+00
 0.00000e+00
 0.00000e+00
 0.00000e+00
 0.00000e+00
 0.00000e+00
-3.38695e-16
-3.38695e-16
 6.77390e-16
-2.43919e-15
 5.01786e-15
 0.00000e+00
-3.38695e-16
-3.38695e-16
 5.75068e-16
-3.27673e-15
 3.92655e-15
 0.00000e+00
-3.38695e-16
-3.38695e-16
 4.76474e-16
-1.86117e-15
 6.56421e-15
 0.00000e+00
-5.06069e-16
-5.55874e-16
 1.39355e-16
-3.99671e-15
 2.93450e-15
 0.00000e+00
 0.00000e+00
 0.00000e+00
 0.00000e+00
 0.00000e+00
 0.00000e+00
 0.00000e+00
 0.00000e+00
 0.00000e+00
 0.00000e+00
 0.00000e+00
 0.00000e+00
 0.00000e+00
-3.38695e-16
-1.69348e-15
 1.69348e-15
-1.35478e-15
 3.38695e-15
 0.00000e+00
-3.38695e-16
-1.69348e-15
 1.69348e-15
-1.35478e-15
 3.38695e-15
 0.00000e+00
-3.38695e-16
-1.69348e-15
 1.69348e-15
-1.35478e-15
 3.38695e-15
 0.00000e+00
-3.38695e-16
-1.69348e-15
 1.69348e-15
-1.35478e-15
 3.38695e-15
 0.00000e+00
 0.00000e+00
 0.00000e+00
 0.00000e+00
 0.00000e+00
 0.00000e+00
 0.00000e+00
 0.00000e+00
 0.00000e+00
 0.00000e+00
 0.00000e+00
 0.00000e+00
 0.00000e+00
-6.77390e-16
-3.38695e-16
 1.01609e-15
-3.04826e-15
 4.74173e-15
 0.00000e+00
-6.77390e-16
-3.38695e-16
 1.01609e-15
-3.04826e-15
 4.74173e-15
 0.00000e+00
-6.77390e-16
-3.38695e-16
 1.01609e-15
-3.04826e-15
 4.74173e-15
 0.00000e+00
-6.77390e-16
-3.38695e-16
 1.01609e-15
-3.04826e-15
 4.74173e-15
 0.00000e+00
 0.00000e+00
 0.00000e+00
 0.00000e+00
 0.00000e+00
 0.00000e+00
 0.00000e+00
 0.00000e+00
 0.00000e+00
 0.00000e+00
 0.00000e+00
 0.00000e+00
 0.00000e+00
-6.77390e-16
-3.38695e-16
 1.01609e-15
-2.03217e-15
 4.06434e-15
 0.00000e+00
-6.77390e-16
-3.38695e-16
 1.01609e-15
-2.03217e-15
 4.06434e-15
 0.00000e+00
-6.77390e-16
-3.38695e-16
 1.01609e-15
-2.03217e-15
 4.06434e-15
 0.00000e+00
-6.77390e-16
-3.38695e-16
 1.01609e-15
-2.03217e-15
 4.06434e-15
 0.00000e+00
 0.00000e+00
 0.00000e+00
 0.00000e+00
 0.00000e+00
 0.00000e+00
 0.00000e+00
 0.00000e+00
 0.00000e+00
 0.00000e+00
 0.00000e+00
 0.00000e+00
 0.00000e+00
-1.35478e-15
-6.77390e-16
 6.77390e-16
-2.03217e-15
 4.74173e-15
 0.00000e+00
-1.35478e-15
-6.77390e-16
 6.77390e-16
-2.03217e-15
 4.74173e-15
 0.00000e+00
-1.35478e-15
-6.77390e-16
 6.77390e-16
-2.03217e-15
 4.74173e-15
 0.00000e+00
-1.35478e-15
-6.77390e-16
 6.77390e-16
-2.03217e-15
 4.74173e-15
 0.00000e+00
 0.00000e+00
 0.00000e+00
 0.00000e+00
 0.00000e+00
 0.00000e+00
 0.00000e+00
 0.00000e+00
 0.00000e+00
 0.00000e+00
 0.00000e+00
 0.00000e+00
 0.00000e+00
-1.01609e-15
-3.38695e-16
 1.69348e-15
-2.70956e-15
 5.41912e-15
 0.00000e+00
-1.01609e-15
-3.38695e-16
 1.69348e-15
-2.70956e-15
 5.41912e-15
 0.00000e+00
-1.01609e-15
-3.38695e-16
 1.69348e-15
-2.70956e-15
 5.41912e-15
 0.00000e+00
-1.01609e-15
-3.38695e-16
 1.69348e-15
-2.70956e-15
 5.41912e-15
 0.00000e+00
 0.00000e+00
 0.00000e+00
 0.00000e+00
 0.00000e+00
 0.00000e+00
 0.00000e+00
 0.00000e+00
 0.00000e+00
 0.00000e+00
 0.00000e+00
 0.00000e+00
 0.00000e+00
-6.77390e-16
-1.01609e-15
 1.35478e-15
-2.70956e-15
 5.41912e-15
 0.00000e+00
-6.77390e-16
-1.01609e-15
 1.35478e-15
-2.70956e-15
 5.41912e-15
 0.00000e+00
-6.77390e-16
-1.01609e-15
 1.35478e-15
-2.70956e-15
 5.41912e-15
 0.00000e+00
-6.77390e-16
-1.01609e-15
 1.35478e-15
-2.70956e-15
 5.41912e-15
 0.00000e+00
 0.00000e+00
 0.00000e+00
 0.00000e+00
 0.00000e+00
 0.00000e+00
 0.00000e+00
 0.00000e+00
 0.00000e+00
 0.00000e+00
 0.00000e+00
 0.00000e+00
-4.41623e-17
-7.01895e-16
-7.27783e-16
 1.33448e-15
-3.38752e-15
 4.67385e-15
 7.53174e-17
-5.73528e-16
-5.62826e-16
 1.45553e-15
-3.29405e-15
 4.81369e-15
-8.07080e-18
-7.39596e-16
-8.09434e-16
 1.28192e-15
-3.39326e-15
 4.71861e-15
 2.20756e-16
-4.62898e-16
-4.45961e-16
 1.56550e-15
-3.21861e-15
 4.89884e-15
 0.00000e+00
 0.00000e+00
 0.00000e+00
 0.00000e+00
 0.00000e+00
 0.00000e+00
 0.00000e+00
 0.00000e+00
 0.00000e+00
 0.00000e+00
 0.00000e+00
 0.00000e+00
-3.19136e-16
-7.12233e-16
-2.42904e-16
 8.18018e-16
-2.70334e-15
 5.08936e-15
 4.50822e-16
-2.22350e-16
 3.57756e-16
 1.23148e-15
-2.40934e-15
 5.83287e-15
-9.29356e-17
-1.03293e-15
-1.06686e-15
 2.48384e-16
-2.81939e-15
 5.21470e-15
 7.91751e-16
 1.24510e-16
 7.16220e-16
 1.97332e-15
-1.66539e-15
 6.21353e-15
 0.00000e+00
 0.00000e+00
 0.00000e+00
 0.00000e+00
 0.00000e+00
 0.00000e+00
 0.00000e+00
 0.00000e+00
 0.00000e+00
 0.00000e+00
 0.00000e+00
 0.00000e+00
-2.39446e-16
 1.24904e-16
-6.07967e-16
 8.93476e-16
-3.34489e-15
 4.48534e-15
 3.74675e-16
 3.92343e-16
-2.39280e-16
 9.52947e-16
-3.12497e-15
 5.64041e-15
-3.59743e-16
-6.48775e-16
-2.32946e-15
-1.73363e-17
-3.48163e-15
 4.02077e-15
 1.42414e-15
 1.17580e-15
 5.19337e-16
 2.82522e-15
-1.36925e-15
 6.43865e-15
 0.00000e+00
 0.00000e+00
 0.00000e+00
 0.00000e+00
 0.00000e+00
 0.00000e+00
 0.00000e+00
 0.00000e+00
 0.00000e+00
 0.00000e+00
 0.00000e+00
 0.00000e+00
 1.41959e-16
-1.76891e-16
 2.70748e-16
 1.78663e-15
-3.82465e-15
 3.75418e-15
-1.31691e-16
-4.37339e-16
 9.42855e-17
 1.54286e-15
-2.44807e-15
 6.96541e-15
 2.36844e-16
-1.22329e-15
-3.25761e-15
-1.10582e-15
-4.27961e-15
 3.74720e-15
 2.70153e-15
 1.00455e-15
 9.82438e-16
 4.41453e-15
-1.49807e-16
 7.53989e-15
 0.00000e+00
 0.00000e+00
 0.00000e+00
 0.00000e+00
 0.00000e+00
 0.00000e+00
 0.00000e+00
 0.00000e+00
 0.00000e+00
 0.00000e+00
 0.00000e+00
 0.00000e+00
-1.19364e-15
-6.84937e-16
 2.32200e-15
 2.82471e-15
-3.42228e-15
 3.20527e-15
 9.47317e-16
 4.79259e-17
 1.04494e-15
 1.66252e-15
-1.58697e-15
 7.42984e-15
-6.06499e-16
-3.16963e-15
-4.48631e-15
-1.95160e-15
-3.70930e-15
 4.14198e-15
 4.42684e-15
 1.19364e-15
 2.49785e-15
 5.37113e-15
 1.20639e-15
 9.60335e-15
 0.00000e+00
 0.00000e+00
 0.00000e+00
 0.00000e+00
 0.00000e+00
 0.00000e+00
 0.00000e+00
 0.00000e+00
 0.00000e+00
 0.00000e+00
 0.00000e+00
 0.00000e+00
-2.26830e-15
-2.01017e-15
 1.53215e-15
 1.38376e-15
-4.31559e-15
 3.24406e-15
 3.00735e-15
 3.35064e-15
 3.65971e-15
 3.44135e-15
 7.98894e-16
 8.13673e-15
-4.12422e-15
-5.83145e-15
-6.12044e-15
-4.12127e-15
-4.87095e-15
 3.61158e-15
 7.63757e-15
 4.11932e-15
 4.76527e-15
 6.41368e-15
 1.20645e-15
 8.35011e-15
 0.00000e+00
 0.00000e+00
 0.00000e+00
 0.00000e+00
 0.00000e+00
 0.00000e+00
 0.00000e+00
 0.00000e+00
 0.00000e+00
 0.00000e+00
 0.00000e+00
 0.00000e+00
-2.48618e-15
-1.47907e-15
 1.13982e-15
 2.75183e-15
-3.94941e-15
 3.06426e-16
 1.62404e-15
 2.76462e-15
 3.76188e-15
 4.76490e-15
 1.56462e-15
 8.23706e-15
-3.78874e-15
-3.57888e-15
-3.62812e-15
-1.80538e-15
-4.07038e-15
 2.54867e-15
 8.59199e-15
 5.25634e-15
 2.33678e-15
 5.13976e-15
 2.37218e-15
 8.18895e-15
 0.00000e+00
 0.00000e+00
 0.00000e+00
 0.00000e+00
 0.00000e+00
 0.00000e+00
 0.00000e+00
 0.00000e+00
 0.00000e+00
 0.00000e+00
 0.00000e+00
 0.00000e+00
-7.04924e-16
-1.19772e-15
-1.71657e-16
 1.45647e-15
-4.97150e-15
-5.84694e-16
-3.09236e-15
-2.88324e-16
 5.32897e-15
 6.10646e-15
 5.93153e-16
 8.13599e-15
-7.10780e-16
-1.66821e-15
-6.22850e-16
 1.03418e-15
-4.83263e-15
 6.52906e-16
 8.49899e-15
 6.70474e-15
 4.64263e-15
 3.20483e-15
 2.99747e-15
 1.48962e-14
 0.00000e+00
 0.00000e+00
 0.00000e+00
 0.00000e+00
 0.00000e+00
 0.00000e+00
 0.00000e+00
 0.00000e+00
 0.00000e+00
 0.00000e+00
 0.00000e+00
 0.00000e+00
-1.83181e-15
-2.95871e-15
-2.48613e-15
-2.39875e-15
-8.48783e-15
-2.11205e-15
-2.29490e-15
 1.61875e-15
 4.95545e-15
 7.41793e-15
 2.42140e-15
 5.35902e-15
 1.96724e-15
-2.92376e-15
-4.64606e-15
-2.79109e-16
-6.24004e-15
-2.33004e-15
 1.03801e-14
 9.94520e-15
 8.58956e-15
 5.50685e-15
 4.56423e-15
 1.68062e-14
 0.00000e+00
 0.00000e+00
 0.00000e+00
 0.00000e+00
 0.00000e+00
 0.00000e+00
 0.00000e+00
 0.00000e+00
 0.00000e+00
 0.00000e+00
 0.00000e+00
 0.00000e+00
-2.49390e-16
 1.95640e-15
 4.07630e-15
-1.34738e-15
-9.52956e-15
-3.48176e-15
-9.12668e-17
-1.66220e-15
-1.40454e-15
 4.61739e-15
 3.87110e-15
 8.04585e-15
 2.44129e-16
-3.25593e-15
-3.13056e-15
-1.11367e-15
-7.04423e-15
-2.33732e-15
 1.14288e-14
 1.03776e-14
 8.46551e-15
 4.11551e-15
 5.04241e-15
 1.86389e-14
 0.00000e+00
 0.00000e+00
 0.00000e+00
 0.00000e+00
 0.00000e+00
 0.00000e+00
 0.00000e+00
 0.00000e+00
 0.00000e+00
 0.00000e+00
 0.00000e+00
 0.00000e+00
 1.37536e-15
 4.93391e-15
 6.35327e-15
 2.41338e-15
-7.94079e-15
-5.62507e-15
 3.82409e-16
-4.66338e-15
-3.49009e-15
 4.47420e-15
 2.48698e-15
 9.89246e-15
 5.81818e-16
-2.34260e-15
-2.46756e-15
 1.06752e-16
-7.10083e-15
-3.08526e-15
 9.17407e-15
 8.53828e-15
 7.17164e-15
 3.92011e-15
 3.26944e-15
 1.61750e-14
 0.00000e+00
 0.00000e+00
 0.00000e+00
 0.00000e+00
 0.00000e+00
 0.00000e+00
 0.00000e+00
 0.00000e+00
 0.00000e+00
 0.00000e+00
 0.00000e+00
 0.00000e+00
 5.93447e-16
 1.31152e-15
 3.72449e-16
 1.07761e-15
-5.20235e-15
-2.67761e-15
 2.90866e-15
 1.85709e-15
 1.81462e-15
 2.10732e-15
-2.61859e-15
 4.62544e-15
 2.86175e-15
-4.97721e-15
-7.50641e-15
 1.58127e-15
-5.08651e-15
-4.44382e-15
 7.28907e-15
 9.13732e-15
 1.03224e-14
 7.52354e-15
 4.76163e-15
 1.52705e-14
 0.00000e+00
 0.00000e+00
 0.00000e+00
 0.00000e+00
 0.00000e+00
 0.00000e+00
 0.00000e+00
 0.00000e+00
 0.00000e+00
 0.00000e+00
 0.00000e+00
 0.00000e+00
-3.75457e-15
-1.66252e-15
 1.68503e-15
 2.73077e-15
-1.50660e-15
 3.88145e-15
 7.82476e-15
 5.09056e-15
 1.68047e-15
-7.10017e-16
-7.15178e-15
-2.41850e-15
-5.14691e-15
-9.90336e-15
-9.09599e-15
-2.31856e-15
-5.70795e-15
-8.10726e-16
 1.24137e-14
 1.13723e-14
 1.15628e-14
 8.61288e-15
 5.99452e-15
 1.70097e-14
 0.00000e+00
 0.00000e+00
 0.00000e+00
 0.00000e+00
 0.00000e+00
 0.00000e+00
 0.00000e+00
 0.00000e+00
 0.00000e+00
 0.00000e+00
 0.00000e+00
 0.00000e+00
-7.77126e-15
-3.04326e-15
 2.70426e-15
 2.69853e-15
-1.12701e-15
 6.94071e-15
 1.07796e-14
 5.65054e-15
 6.52216e-16
 1.80193e-15
-5.50771e-15
-2.60452e-15
-9.21866e-15
-1.17637e-14
-7.80901e-15
-3.30520e-15
-7.39175e-15
 1.70002e-15
 1.48875e-14
 9.93657e-15
 6.81877e-15
 6.69154e-15
 5.93547e-15
 1.83245e-14
 0.00000e+00
 0.00000e+00
 0.00000e+00
 0.00000e+00
 0.00000e+00
 0.00000e+00
 0.00000e+00
 0.00000e+00
 0.00000e+00
 0.00000e+00
 0.00000e+00
 0.00000e+00
-8.47106e-15
-4.34287e-15
-1.45401e-15
-2.03772e-15
-2.81304e-15
 6.91871e-15
 1.20402e-14
 7.80324e-15
 4.02291e-15
 5.56608e-15
-2.90083e-15
-1.16909e-15
-1.12586e-14
-1.08686e-14
-5.18208e-15
 1.29636e-15
-1.75123e-15
 5.12317e-15
 1.58871e-14
 8.31542e-15
 3.32548e-15
 3.68022e-15
 4.40088e-15
 1.85535e-14
 0.00000e+00
 0.00000e+00
 0.00000e+00
 0.00000e+00
 0.00000e+00
 0.00000e+00
 0.00000e+00
 0.00000e+00
 0.00000e+00
 0.00000e+00
 0.00000e+00
 0.00000e+00
-4.51446e-15
-4.36244e-15
-3.11079e-15
-4.15563e-16
-3.45939e-15
 1.45110e-15
 8.25696e-15
 4.97104e-15
 3.84596e-15
 4.28136e-15
-2.33597e-15
 2.81160e-15
-1.45645e-14
-9.07832e-15
-2.83654e-15
 1.44852e-15
 2.20278e-15
 9.17114e-15
 1.89216e-14
 1.21427e-14
 8.11398e-15
 3.37350e-15
 2.93614e-15
 1.96482e-14
 0.00000e+00
 0.00000e+00
 0.00000e+00
 0.00000e+00
 0.00000e+00
 0.00000e+00
 0.00000e+00
 0.00000e+00
 0.00000e+00
 0.00000e+00
 0.00000e+00
 0.00000e+00
-3.72351e-15
-5.78757e-15
-4.02762e-15
 4.44419e-15
 1.28686e-16
 2.14410e-15
 2.64985e-16
 5.64784e-16
 2.90366e-15
 1.66392e-15
-7.14083e-15
-1.21621e-15
-6.38890e-15
-4.77780e-15
-7.39567e-15
-3.41177e-15
-4.68406e-16
 5.41052e-15
 1.65892e-14
 1.39059e-14
 1.62629e-14
 8.59061e-15
 2.06301e-16
 1.55312e-14
 0.00000e+00
 0.00000e+00
 0.00000e+00
 0.00000e+00
 0.00000e+00
 0.00000e+00
 0.00000e+00
 0.00000e+00
 0.00000e+00
 0.00000e+00
 0.00000e+00
 0.00000e+00
 2.76171e-15
-5.81390e-15
-8.49155e-15
 3.06699e-15
 4.64933e-15
 1.16165e-14
-5.05740e-15
 4.31959e-15
 1.31003e-14
 4.52326e-15
-1.23348e-14
-9.79117e-15
 2.40232e-15
-3.63443e-15
-1.38981e-14
-2.27862e-15
 3.16386e-15
 3.63600e-15
 1.87288e-14
 1.62900e-14
 1.60347e-14
 4.22961e-15
-4.97446e-15
 1.06950e-14
 0.00000e+00
 0.00000e+00
 0.00000e+00
 0.00000e+00
 0.00000e+00
 0.00000e+00
 0.00000e+00
 0.00000e+00
 0.00000e+00
 0.00000e+00
 0.00000e+00
 0.00000e+00
 0.00000e+00
 0.00000e+00
 0.00000e+00
 0.00000e+00
 0.00000e+00
 0.00000e+00
 0.00000e+00
 0.00000e+00
 0.00000e+00
 0.00000e+00
 0.00000e+00
 0.00000e+00
 0.00000e+00
 0.00000e+00
 0.00000e+00
 0.00000e+00
 0.00000e+00
 0.00000e+00
 0.00000e+00
 0.00000e+00
 0.00000e+00
 0.00000e+00
 0.00000e+00
 0.00000e+00
 0.00000e+00
 0.00000e+00
 0.00000e+00
 0.00000e+00
 0.00000e+00
 0.00000e+00
 0.00000e+00
 1.35478e-15
-1.35478e-15
-2.70956e-15
 2.70956e-15
-8.12868e-15
-2.70956e-15
 1.35478e-15
-6.77390e-16
-1.35478e-15
 5.35921e-15
-8.08858e-15
-1.35478e-15
-1.35478e-15
 3.38695e-15
-5.12476e-15
 5.48181e-15
-8.41687e-15
 1.35478e-15
 3.38695e-15
 3.62827e-15
-2.02460e-15
 8.66506e-15
-1.97265e-15
-4.06434e-15
-3.09703e-15
-5.62216e-15
-8.66615e-15
 2.29632e-15
-8.57943e-15
 8.12868e-15
 8.64618e-15
 8.50818e-15
 4.40246e-15
 8.23909e-15
 1.52646e-15
 0.00000e+00
 1.35478e-15
-1.35478e-15
-2.70956e-15
 2.70956e-15
-8.12868e-15
-2.70956e-15
 1.35478e-15
-6.77390e-16
-1.35478e-15
 3.52495e-15
-1.13248e-14
-1.35478e-15
-1.35478e-15
 3.38695e-15
-4.63602e-15
 4.62135e-15
-1.13460e-14
 1.35478e-15
 3.38695e-15
 3.38695e-15
-4.63024e-16
 6.37004e-15
-9.56796e-15
-4.06434e-15
-2.37481e-15
-5.03152e-15
-4.64886e-15
 3.62842e-15
-1.57998e-14
 8.12868e-15
 1.03833e-14
 1.03197e-14
 1.11929e-14
 1.53946e-14
 2.82299e-15
 0.00000e+00
 1.35478e-15
-1.35478e-15
-2.70956e-15
 2.70956e-15
-8.12868e-15
-2.70956e-15
 1.35478e-15
-6.77390e-16
-1.35478e-15
 4.06434e-15
-1.08382e-14
-1.35478e-15
-1.35478e-15
 3.38695e-15
-4.74173e-15
 4.06434e-15
-1.21930e-14
 1.35478e-15
 3.38695e-15
 3.38695e-15
-1.35478e-15
 6.77390e-15
-8.12868e-15
-4.06434e-15
-2.70956e-15
-5.41912e-15
-6.77390e-15
 2.70956e-15
-1.49026e-14
 8.12868e-15
 9.48346e-15
 9.48346e-15
 8.12868e-15
 1.08382e-14
 0.00000e+00
 0.00000e+00
 1.35478e-15
-1.35478e-15
-2.70956e-15
 2.70956e-15
-8.12868e-15
-2.70956e-15
 1.35478e-15
-6.77390e-16
-1.35478e-15
 4.06434e-15
-1.08382e-14
-1.35478e-15
-1.35478e-15
 3.38695e-15
-4.74173e-15
 4.06434e-15
-1.21930e-14
 1.35478e-15
 3.38695e-15
 3.38695e-15
-1.35478e-15
 6.77390e-15
-8.12868e-15
-4.06434e-15
-2.70956e-15
-5.41912e-15
-6.77390e-15
 2.70956e-15
-1.49026e-14
 8.12868e-15
 9.48346e-15
 9.48346e-15
 8.12868e-15
 1.08382e-14
 0.00000e+00
 0.00000e+00
 1.35478e-15
-1.35478e-15
-2.70956e-15
 2.70956e-15
-8.12868e-15
-2.70956e-15
 1.35478e-15
-6.77390e-16
-1.35478e-15
 4.06434e-15
-1.08382e-14
-1.35478e-15
-1.35478e-15
 3.38695e-15
-4.74173e-15
 4.06434e-15
-1.21930e-14
 1.35478e-15
 3.38695e-15
 3.38695e-15
-1.35478e-15
 6.77390e-15
-8.12868e-15
-4.06434e-15
-2.70956e-15
-5.41912e-15
-6.77390e-15
 2.70956e-15
-1.49026e-14
 8.12868e-15
 9.48346e-15
 9.48346e-15
 8.12868e-15
 1.08382e-14
 0.00000e+00
 0.00000e+00
 1.35478e-15
-1.35478e-15
-2.70956e-15
 2.70956e-15
-8.12868e-15
-2.70956e-15
 1.35478e-15
-6.77390e-16
-1.35478e-15
 4.06434e-15
-1.08382e-14
-1.35478e-15
-1.35478e-15
 3.38695e-15
-4.74173e-15
 4.06434e-15
-1.21930e-14
 1.35478e-15
 3.38695e-15
 3.38695e-15
-1.35478e-15
 6.77390e-15
-8.12868e-15
-4.06434e-15
-2.70956e-15
-5.41912e-15
-6.77390e-15
 2.70956e-15
-1.49026e-14
 8.12868e-15
 9.48346e-15
 9.48346e-15
 8.12868e-15
 1.08382e-14
 0.00000e+00
 0.00000e+00
 1.35478e-15
-1.35478e-15
-2.70956e-15
 2.70956e-15
-8.12868e-15
-2.70956e-15
 1.35478e-15
-6.77390e-16
-1.35478e-15
 4.06434e-15
-1.08382e-14
-1.35478e-15
-1.35478e-15
 3.38695e-15
-4.74173e-15
 4.06434e-15
-1.21930e-14
 1.35478e-15
 3.38695e-15
 3.38695e-15
-1.35478e-15
 6.77390e-15
-8.12868e-15
-4.06434e-15
-2.70956e-15
-5.41912e-15
-6.77390e-15
 2.70956e-15
-1.49026e-14
 8.12868e-15
 9.48346e-15
 9.48346e-15
 8.12868e-15
 1.08382e-14
 0.00000e+00
 0.00000e+00
 1.35478e-15
-1.35478e-15
-2.70956e-15
 2.70956e-15
-8.12868e-15
-2.70956e-15
 1.35478e-15
-6.77390e-16
-1.35478e-15
 4.06434e-15
-1.08382e-14
-1.35478e-15
-1.35478e-15
 3.38695e-15
-4.74173e-15
 4.06434e-15
-1.21930e-14
 1.35478e-15
 3.38695e-15
 3.38695e-15
-1.35478e-15
 6.77390e-15
-8.12868e-15
-4.06434e-15
-2.70956e-15
-5.41912e-15
-6.77390e-15
 2.70956e-15
-1.49026e-14
 8.12868e-15
 9.48346e-15
 9.48346e-15
 8.12868e-15
 1.08382e-14
 0.00000e+00
 7.81375e-15
 9.15775e-15
 6.24892e-15
 4.75109e-15
 9.97784e-15
-1.09209e-15
 4.97517e-15
 9.08662e-15
 6.85020e-15
 6.04666e-15
 1.12823e-14
-3.93685e-15
 6.35139e-15
 6.50538e-15
 1.10700e-14
 2.82896e-15
 1.14150e-14
-5.27487e-15
 9.19775e-15
 1.13005e-14
 1.10626e-14
 6.28306e-15
 1.42301e-14
-1.10389e-15
 4.16716e-15
 5.46537e-15
 2.49288e-15
 1.10719e-15
 1.03961e-14
-7.60406e-15
 1.67651e-14
 1.80881e-14
 1.78969e-14
 1.64492e-14
 1.88415e-14
 7.61613e-15
 2.09957e-13
 2.11276e-13
 2.07785e-13
 2.06345e-13
 2.11516e-13
 1.99738e-13
 2.06897e-13
 2.11294e-13
 2.08717e-13
 2.07868e-13
 2.12858e-13
 1.96742e-13
 2.08456e-13
 2.09268e-13
 2.13935e-13
 2.05405e-13
 2.13216e-13
 1.95607e-13
 2.11450e-13
 2.14052e-13
 2.13928e-13
 2.08829e-13
 2.16019e-13
 1.99907e-13
 2.06470e-13
 2.08192e-13
 2.05321e-13
 2.04513e-13
 2.13270e-13
 1.93904e-13
 2.19381e-13
 2.21240e-13
 2.21483e-13
 2.21221e-13
 2.22983e-13
 2.09805e-13
 2.11503e-12
 2.11649e-12
 2.11335e-12
 2.11168e-12
 2.11618e-12
 2.10404e-12
 2.11296e-12
 2.11664e-12
 2.11415e-12
 2.11284e-12
 2.11736e-12
 2.10186e-12
 2.11429e-12
 2.11385e-12
 2.11754e-12
 2.10839e-12
 2.11696e-12
 2.10131e-12
 2.11611e-12
 2.11805e-12
 2.11659e-12
 2.11065e-12
 2.11926e-12
 2.10491e-12
 2.11112e-12
 2.11185e-12
 2.10703e-12
 2.10494e-12
 2.11546e-12
 2.09826e-12
 2.12394e-12
 2.12415e-12
 2.12154e-12
 2.11963e-12
 2.12407e-12
 2.11391e-12
 1.86817e-11
 1.86839e-11
 1.86813e-11
 1.86801e-11
 1.86836e-11
 1.86698e-11
 1.86794e-11
 1.86841e-11
 1.86828e-11
 1.86821e-11
 1.86839e-11
 1.86652e-11
 1.86805e-11
 1.86822e-11
 1.86883e-11
 1.86807e-11
 1.86850e-11
 1.86641e-11
 1.86841e-11
 1.86872e-11
 1.86871e-11
 1.86818e-11
 1.86878e-11
 1.86706e-11
 1.86820e-11
 1.86821e-11
 1.86768e-11
 1.86750e-11
 1.86841e-11
 1.86655e-11
 1.86960e-11
 1.86952e-11
 1.86924e-11
 1.86920e-11
 1.86945e-11
 1.86816e-11
 1.53093e-10
 1.53091e-10
 1.53085e-10
 1.53085e-10
 1.53093e-10
 1.53084e-10
 1.53087e-10
 1.53090e-10
 1.53088e-10
 1.53087e-10
 1.53094e-10
 1.53081e-10
 1.53088e-10
 1.53090e-10
 1.53094e-10
 1.53084e-10
 1.53094e-10
 1.53078e-10
 1.53091e-10
 1.53094e-10
 1.53093e-10
 1.53089e-10
 1.53097e-10
 1.53079e-10
 1.53083e-10
 1.53085e-10
 1.53084e-10
 1.53084e-10
 1.53093e-10
 1.53073e-10
 1.53097e-10
 1.53099e-10
 1.53100e-10
 1.53099e-10
 1.53101e-10
 1.53090e-10
 1.16996e-09
 1.16997e-09
 1.16996e-09
 1.16996e-09
 1.16997e-09
 1.16995e-09
 1.16996e-09
 1.16996e-09
 1.16996e-09
 1.16996e-09
 1.16997e-09
 1.16995e-09
 1.16996e-09
 1.16996e-09
 1.16996e-09
 1.16996e-09
 1.16997e-09
 1.16995e-09
 1.16996e-09
 1.16996e-09
 1.16997e-09
 1.16996e-09
 1.16997e-09
 1.16996e-09
 1.16995e-09
 1.16996e-09
 1.16996e-09
 1.16995e-09
 1.16996e-09
 1.16995e-09
 1.16997e-09
 1.16997e-09
 1.16997e-09
 1.16997e-09
 1.16997e-09
 1.16996e-09
 8.31168e-09
 8.31167e-09
 8.31166e-09
 8.31167e-09
 8.31167e-09
 8.31167e-09
 8.31168e-09
 8.31167e-09
 8.31167e-09
 8.31167e-09
 8.31167e-09
 8.31166e-09
 8.31168e-09
 8.31167e-09
 8.31167e-09
 8.31167e-09
 8.31167e-09
 8.31166e-09
 8.31168e-09
 8.31167e-09
 8.31168e-09
 8.31168e-09
 8.31168e-09
 8.31166e-09
 8.31167e-09
 8.31167e-09
 8.31168e-09
 8.31168e-09
 8.31168e-09
 8.31166e-09
 8.31168e-09
 8.31168e-09
 8.31169e-09
 8.31169e-09
 8.31169e-09
 8.31168e-09
 5.46882e-08
 5.46882e-08
 5.46882e-08
 5.46882e-08
 5.46882e-08
 5.46882e-08
 5.46882e-08
 5.46882e-08
 5.46882e-08
 5.46882e-08
 5.46882e-08
 5.46882e-08
 5.46882e-08
 5.46882e-08
 5.46882e-08
 5.46882e-08
 5.46882e-08
 5.46882e-08
 5.46882e-08
 5.46882e-08
 5.46882e-08
 5.46882e-08
 5.46882e-08
 5.46882e-08
 5.46882e-08
 5.46882e-08
 5.46882e-08
 5.46882e-08
 5.46882e-08
 5.46881e-08
 5.46882e-08
 5.46882e-08
 5.46882e-08
 5.46882e-08
 5.46882e-08
 5.46882e-08
 3.31838e-07
 3.31838e-07
 3.31838e-07
 3.31838e-07
 3.31838e-07
 3.31838e-07
 3.31838e-07
 3.31838e-07
 3.31838e-07
 3.31838e-07
 3.31838e-07
 3.31838e-07
 3.31838e-07
 3.31838e-07
 3.31838e-07
 3.31838e-07
 3.31838e-07
 3.31838e-07
 3.31838e-07
 3.31838e-07
 3.31838e-07
 3.31838e-07
 3.31838e-07
 3.31838e-07
 3.31838e-07
 3.31838e-07
 3.31838e-07
 3.31838e-07
 3.31838e-07
 3.31838e-07
 3.31838e-07
 3.31838e-07
 3.31838e-07
 3.31838e-07
 3.31838e-07
 3.31838e-07
 1.84767e-06
 1.84767e-06
 1.84767e-06
 1.84767e-06
 1.84767e-06
 1.84767e-06
 1.84767e-06
 1.84767e-06
 1.84767e-06
 1.84767e-06
 1.84767e-06
 1.84767e-06
 1.84767e-06
 1.84767e-06
 1.84767e-06
 1.84767e-06
 1.84767e-06
 1.84767e-06
 1.84767e-06
 1.84767e-06
 1.84767e-06
 1.84767e-06
 1.84767e-06
 1.84767e-06
 1.84767e-06
 1.84767e-06
 1.84767e-06
 1.84767e-06
 1.84767e-06
 1.84767e-06
 1.84767e-06
 1.84767e-06
 1.84767e-06
 1.84767e-06
 1.84767e-06
 1.84767e-06
 9.38565e-06
 9.38565e-06
 9.38565e-06
 9.38565e-06
 9.38565e-06
 9.38565e-06
 9.38565e-06
 9.38565e-06
 9.38565e-06
 9.38565e-06
 9.38565e-06
 9.38565e-06
 9.38565e-06
 9.38565e-06
 9.38565e-06
 9.38565e-06
 9.38565e-06
 9.38565e-06
 9.38565e-06
 9.38565e-06
 9.38565e-06
 9.38565e-06
 9.38565e-06
 9.38565e-06
 9.38565e-06
 9.38565e-06
 9.38565e-06
 9.38565e-06
 9.38565e-06
 9.38565e-06
 9.38565e-06
 9.38565e-06
 9.38565e-06
 9.38565e-06
 9.38565e-06
 9.38565e-06
 4.31956e-05
 4.31956e-05
 4.31956e-05
 4.31956e-05
 4.31956e-05
 4.31956e-05
 4.31956e-05
 4.31956e-05
 4.31956e-05
 4.31956e-05
 4.31956e-05
 4.31956e-05
 4.31956e-05
 4.31956e-05
 4.31956e-05
 4.31956e-05
 4.31956e-05
 4.31956e-05
 4.31956e-05
 4.31956e-05
 4.31956e-05
 4.31956e-05
 4.31956e-05
 4.31956e-05
 4.31956e-05
 4.31956e-05
 4.31956e-05
 4.31956e-05
 4.31956e-05
 4.31956e-05
 4.31956e-05
 4.31956e-05
 4.31956e-05
 4.31956e-05
 4.31956e-05
 4.31956e-05
 1.78622e-04
 1.78622e-04
 1.78622e-04
 1.78622e-04
 1.78622e-04
 1.78622e-04
 1.78622e-04
 1.78622e-04
 1.78622e-04
 1.78622e-04
 1.78622e-04
 1.78622e-04
 1.78622e-04
 1.78622e-04
 1.78622e-04
 1.78622e-04
 1.78622e-04
 1.78622e-04
 1.78622e-04
 1.78622e-04
 1.78622e-04
 1.78622e-04
 1.78622e-04
 1.78622e-04
 1.78622e-04
 1.78622e-04
 1.78622e-04
 1.78622e-04
 1.78622e-04
 1.78622e-04
 1.78622e-04
 1.78622e-04
 1.78622e-04
 1.78622e-04
 1.78622e-04
 1.78622e-04
 6.57041e-04
 6.57041e-04
 6.57041e-04
 6.57041e-04
 6.57041e-04
 6.57041e-04
 6.57041e-04
 6.57041e-04
 6.57041e-04
 6.57041e-04
 6.57041e-04
 6.57041e-04
 6.57041e-04
 6.57041e-04
 6.57041e-04
 6.57041e-04
 6.57041e-04
 6.57041e-04
 6.57041e-04
 6.57041e-04
 6.57041e-04
 6.57041e-04
 6.57041e-04
 6.57041e-04
 6.57041e-04
 6.57041e-04
 6.57041e-04
 6.57041e-04
 6.57041e-04
 6.57041e-04
 6.57041e-04
 6.57041e-04
 6.57041e-04
 6.57041e-04
 6.57041e-04
 6.57041e-04
 2.12494e-03
 2.12494e-03
 2.12494e-03
 2.12494e-03
 2.12494e-03
 2.12494e-03
 2.12494e-03
 2.12494e-03
 2.12494e-03
 2.12494e-03
 2.12494e-03
 2.12494e-03
 2.12494e-03
 2.12494e-03
 2.12494e-03
 2.12494e-03
 2.12494e-03
 2.12494e-03
 2.12494e-03
 2.12494e-03
 2.12494e-03
 2.12494e-03
 2.12494e-03
 2.12494e-03
 2.12494e-03
 2.12494e-03
 2.12494e-03
 2.12494e-03
 2.12494e-03
 2.12494e-03
 2.12494e-03
 2.12494e-03
 2.12494e-03
 2.12494e-03
 2.12494e-03
 2.12494e-03
 5.96887e-03
 5.96887e-03
 5.96887e-03
 5.96887e-03
 5.96887e-03
 5.96887e-03
 5.96887e-03
 5.96887e-03
 5.96887e-03
 5.96887e-03
 5.96887e-03
 5.96887e-03
 5.96887e-03
 5.96887e-03
 5.96887e-03
 5.96887e-03
 5.96887e-03
 5.96887e-03
 5.96887e-03
 5.96887e-03
 5.96887e-03
 5.96887e-03
 5.96887e-03
 5.96887e-03
 5.96887e-03
 5.96887e-03
 5.96887e-03
 5.96887e-03
 5.96887e-03
 5.96887e-03
 5.96887e-03
 5.96887e-03
 5.96887e-03
 5.96887e-03
 5.96887e-03
 5.96887e-03
 1.44217e-02
 1.44217e-02
 1.44217e-02
 1.44217e-02
 1.44217e-02
 1.44217e-02
 1.44217e-02
 1.44217e-02
 1.44217e-02
 1.44217e-02
 1.44217e-02
 1.44217e-02
 1.44217e-02
 1.44217e-02
 1.44217e-02
 1.44217e-02
 1.44217e-02
 1.44217e-02
 1.44217e-02
 1.44217e-02
 1.44217e-02
 1.44217e-02
 1.44217e-02
 1.44217e-02
 1.44217e-02
 1.44217e-02
 1.44217e-02
 1.44217e-02
 1.44217e-02
 1.44217e-02
 1.44217e-02
 1.44217e-02
 1.44217e-02
 1.44217e-02
 1.44217e-02
 1.44217e-02
 0.00000e+00
 0.00000e+00
 0.00000e+00
 0.00000e+00
 0.00000e+00
 0.00000e+00
 0.00000e+00
 0.00000e+00
 0.00000e+00
 0.00000e+00
 0.00000e+00
 0.00000e+00
 0.00000e+00
 0.00000e+00
 0.00000e+00
 0.00000e+00
 0.00000e+00
 0.00000e+00
 0.00000e+00
 0.00000e+00
 0.00000e+00
 0.00000e+00
 0.00000e+00
 0.00000e+00
 0.00000e+00
 0.00000e+00
 0.00000e+00
 0.00000e+00
 0.00000e+00
 0.00000e+00
 0.00000e+00
 0.00000e+00
 0.00000e+00
 0.00000e+00
 0.00000e+00
 0.00000e+00
part
         2
coordinates
 0.00000e+00
 1.89924e-15
-2.93691e-15
 9.15431e-16
-2.26240e-15
 0.00000e+00
 0.00000e+00
 3.60853e-15
-2.61372e-15
 3.94223e-15
-3.79927e-15
 0.00000e+00
 0.00000e+00
 1.42587e-15
-2.68444e-15
 4.42361e-15
-8.89113e-15
 0.00000e+00
 0.00000e+00
 3.42946e-15
-3.84624e-15
 5.72616e-15
-1.29886e-14
 0.00000e+00
 0.00000e+00
 6.82342e-15
 5.64307e-16
 6.53889e-15
-4.48755e-16
 0.00000e+00
 0.00000e+00
-7.02492e-15
-5.58545e-15
-7.77697e-15
 1.43861e-15
 0.00000e+00
 0.00000e+00
 8.73551e-16
-5.51523e-15
 7.95147e-16
 2.76022e-15
 0.00000e+00
 0.00000e+00
-5.02332e-17
-2.13728e-15
 6.04686e-15
-2.26501e-15
 0.00000e+00
 0.00000e+00
-1.25518e-15
 7.18391e-16
 6.48398e-15
-1.09941e-14
 0.00000e+00
 0.00000e+00
 1.16091e-15
-6.29630e-15
 1.02433e-14
-1.64466e-14
 0.00000e+00
 0.00000e+00
 5.57940e-15
-5.37001e-15
 9.94265e-15
-6.56377e-15
 0.00000e+00
 0.00000e+00
-4.07129e-15
-9.17478e-15
-9.90203e-15
-6.03224e-15
 0.00000e+00
 0.00000e+00
 5.96092e-15
-3.52065e-15
-2.46508e-15
 2.60852e-15
 0.00000e+00
 0.00000e+00
 5.80931e-16
 1.31446e-15
 4.08847e-15
 2.90707e-15
 0.00000e+00
 0.00000e+00
 3.64005e-15
 2.34393e-15
 7.10497e-16
-2.66509e-15
 0.00000e+00
 0.00000e+00
 6.12967e-15
-6.99571e-15
 6.84022e-15
-1.51229e-14
 0.00000e+00
 0.00000e+00
 3.16372e-15
-8.40044e-15
 1.29067e-14
-1.04571e-14
 0.00000e+00
 0.00000e+00
-5.44059e-15
-1.53817e-14
-8.37182e-15
-1.05268e-14
 0.00000e+00
 0.00000e+00
 1.81609e-14
 9.29244e-15
-8.48761e-15
-1.49716e-15
 0.00000e+00
 0.00000e+00
 8.39926e-15
 7.04934e-15
-2.18586e-15
 2.64083e-16
 0.00000e+00
 0.00000e+00
 1.19707e-14
-2.32516e-15
-5.74671e-15
-6.78191e-16
 0.00000e+00
 0.00000e+00
 1.06210e-14
-4.02011e-15
-3.03133e-15
-1.47388e-14
 0.00000e+00
 0.00000e+00
 1.00245e-15
-5.19516e-15
 7.82866e-15
-8.24209e-15
 0.00000e+00
 0.00000e+00
-5.48137e-15
-2.28961e-14
-4.71550e-15
-9.73148e-16
 0.00000e+00
 0.00000e+00
 1.19189e-14
 1.31416e-14
-1.30139e-14
-1.76726e-15
 0.00000e+00
 0.00000e+00
 2.72746e-15
 1.18100e-14
-7.72554e-15
-1.07616e-15
 0.00000e+00
 0.00000e+00
 3.78496e-15
 1.29678e-15
-9.29480e-15
-2.59983e-15
 0.00000e+00
 0.00000e+00
 6.06244e-15
-4.02593e-15
-5.73986e-15
-1.29103e-14
 0.00000e+00
 0.00000e+00
 2.34257e-15
-5.99789e-15
 8.20285e-15
-5.33668e-15
 0.00000e+00
 0.00000e+00
-3.74842e-15
-2.16519e-14
 2.03663e-15
-1.29928e-16
 0.00000e+00
 0.00000e+00
-2.87934e-15
 1.59307e-14
-8.45594e-15
-1.81663e-17
 0.00000e+00
 0.00000e+00
-8.40033e-15
 1.63188e-14
-8.00773e-15
 4.06460e-16
 0.00000e+00
 0.00000e+00
-9.41602e-15
 5.23646e-15
-7.59935e-15
-9.30649e-16
 0.00000e+00
 0.00000e+00
-6.98585e-15
-2.67242e-15
-8.46151e-15
-5.12395e-15
 0.00000e+00
 0.00000e+00
 3.41751e-15
-4.33295e-15
-4.37984e-15
 3.28257e-15
 0.00000e+00
 0.00000e+00
 4.57738e-15
-2.14697e-14
-1.04691e-14
 2.87983e-15
 0.00000e+00
 0.00000e+00
-1.43313e-14
 1.31772e-14
-4.79770e-15
 6.28043e-15
 0.00000e+00
 0.00000e+00
-1.21668e-14
 9.57687e-15
-3.44344e-15
 5.35050e-15
 0.00000e+00
 0.00000e+00
-5.26339e-15
 2.40686e-15
-6.46759e-15
 1.45265e-15
 0.00000e+00
 0.00000e+00
 4.91537e-16
 1.06331e-15
-1.00686e-14
-7.10446e-15
 0.00000e+00
 0.00000e+00
 1.08268e-14
-3.10462e-16
-4.78243e-15
-2.92555e-15
 0.00000e+00
 0.00000e+00
 9.18297e-15
-1.57224e-14
-1.06691e-14
-4.73275e-15
 0.00000e+00
 0.00000e+00
-7.20451e-15
 1.16879e-14
-1.71573e-14
 1.66183e-14
 0.00000e+00
 0.00000e+00
-4.63420e-15
 7.71861e-15
-1.16911e-14
 1.33494e-14
 0.00000e+00
 0.00000e+00
 4.78625e-15
 2.95092e-15
-1.26462e-14
 4.71330e-15
 0.00000e+00
 0.00000e+00
 8.59422e-15
-1.67108e-15
-1.20536e-14
-5.45262e-15
 0.00000e+00
 0.00000e+00
 1.45396e-14
-7.42912e-15
 5.71466e-16
-3.33204e-15
 0.00000e+00
 0.00000e+00
 1.20584e-14
-2.05040e-14
-4.56635e-15
-7.83186e-15
 0.00000e+00
 0.00000e+00
-8.30465e-16
 1.22400e-14
-1.22257e-14
 1.39346e-14
 0.00000e+00
 0.00000e+00
 2.85018e-16
 6.26074e-15
-9.97935e-15
 1.15276e-14
 0.00000e+00
 0.00000e+00
 3.96151e-15
-2.20816e-15
-1.30486e-14
 7.01108e-15
 0.00000e+00
 0.00000e+00
-7.95755e-16
-5.71953e-15
-7.64101e-15
-2.66493e-15
 0.00000e+00
 0.00000e+00
 5.79431e-15
-1.01892e-14
 5.13397e-15
 1.27390e-15
 0.00000e+00
 0.00000e+00
 6.79112e-15
-2.46229e-14
-5.32670e-15
 2.44941e-15
 0.00000e+00
 0.00000e+00
 6.05242e-16
 1.52735e-14
-6.90037e-15
 8.83040e-15
 0.00000e+00
 0.00000e+00
 4.07698e-15
 6.11879e-15
-3.19931e-15
 7.99451e-15
 0.00000e+00
 0.00000e+00
 3.61955e-15
-5.03784e-15
 1.18215e-15
-4.05010e-16
 0.00000e+00
 0.00000e+00
 1.79083e-15
-8.05043e-15
 4.93878e-15
-1.21267e-14
 0.00000e+00
 0.00000e+00
 1.42764e-14
-7.79229e-15
 6.68176e-15
-1.22949e-15
 0.00000e+00
 0.00000e+00
 1.34289e-14
-1.70823e-14
-6.06758e-15
 3.33532e-15
 0.00000e+00
 0.00000e+00
-4.45627e-15
 2.01441e-14
-1.70053e-14
 8.47408e-15
 0.00000e+00
 0.00000e+00
 6.33091e-16
 5.01815e-15
-4.40726e-15
 3.62459e-16
 0.00000e+00
 0.00000e+00
-3.98745e-15
-4.08045e-15
 2.22353e-15
-1.08881e-14
 0.00000e+00
 0.00000e+00
-7.89808e-16
-1.49676e-15
-8.83949e-15
-1.21116e-14
 0.00000e+00
 0.00000e+00
 1.53281e-14
-6.97225e-15
-5.09666e-15
 3.45575e-15
 0.00000e+00
 0.00000e+00
 1.04612e-14
-1.92828e-14
-7.73772e-15
 4.91259e-15
 0.00000e+00
 0.00000e+00
 2.92199e-15
 2.70807e-14
-1.08908e-14
 2.03454e-14
 0.00000e+00
 0.00000e+00
 3.61201e-16
 1.15225e-14
 7.49957e-15
 9.10840e-15
 0.00000e+00
 0.00000e+00
-2.58918e-15
 1.19301e-14
 4.80131e-15
 3.96793e-15
 0.00000e+00
 0.00000e+00
-2.29658e-15
 1.43964e-14
-1.09000e-14
 1.31984e-14
 0.00000e+00
 0.00000e+00
 1.00984e-14
 6.25960e-16
 6.53328e-15
 2.12578e-14
 0.00000e+00
 0.00000e+00
 7.24432e-15
-1.41777e-14
 8.76612e-15
 1.90631e-14
 0.00000e+00
 0.00000e+00
-6.52374e-16
 4.17655e-15
-1.03530e-14
 1.19876e-14
 0.00000e+00
 0.00000e+00
-7.90209e-15
 2.66633e-15
 5.07941e-15
 8.82612e-16
 0.00000e+00
 0.00000e+00
-6.67291e-15
 9.62104e-15
-3.43147e-16
-1.30010e-15
 0.00000e+00
 0.00000e+00
-8.71802e-15
 9.64212e-15
-1.81460e-14
 1.33671e-14
 0.00000e+00
 0.00000e+00
-1.59596e-15
 2.68206e-15
-5.72345e-15
 2.01760e-14
 0.00000e+00
 0.00000e+00
 2.69654e-17
-9.67268e-15
-4.20535e-15
 9.11569e-15
 0.00000e+00
 0.00000e+00
 2.78400e-15
-8.66382e-15
-1.12348e-14
 1.20985e-14
 0.00000e+00
 0.00000e+00
 1.14071e-16
-2.91126e-15
-1.01373e-14
 9.01291e-15
 0.00000e+00
 0.00000e+00
 2.75255e-15
-6.85253e-17
-7.66941e-15
 5.76204e-15
 0.00000e+00
 0.00000e+00
-4.93674e-15
 1.15876e-14
-2.01737e-14
 8.43592e-15
 0.00000e+00
 0.00000e+00
 1.63186e-15
 8.20526e-15
-1.93767e-14
 1.30994e-14
 0.00000e+00
 0.00000e+00
 1.06155e-14
-2.27697e-14
-1.53998e-14
 6.17587e-15
 0.00000e+00
 0.00000e+00
-5.81175e-15
-8.42110e-15
-5.86563e-16
 9.99191e-15
 0.00000e+00
 0.00000e+00
-1.10573e-15
-4.71101e-15
-7.31195e-15
 6.32281e-15
 0.00000e+00
 0.00000e+00
-2.97531e-15
-4.01129e-15
-6.30821e-15
 8.84361e-15
 0.00000e+00
 0.00000e+00
-8.50194e-15
 1.07746e-14
-1.68056e-14
 1.14816e-14
 0.00000e+00
 0.00000e+00
-1.21388e-15
 9.15701e-15
-1.71319e-14
 1.39751e-14
 0.00000e+00
 0.00000e+00
-3.46929e-15
-1.99039e-14
-8.29565e-15
 7.10074e-15
 0.00000e+00
 0.00000e+00
 7.48015e-15
-1.33618e-14
 2.13039e-15
 1.27553e-16
 0.00000e+00
 0.00000e+00
 2.56769e-15
-2.94809e-15
-4.66111e-15
-7.09000e-17
 0.00000e+00
 0.00000e+00
-9.13842e-15
 2.53364e-15
-8.59176e-15
 7.40092e-15
 0.00000e+00
 0.00000e+00
-1.01471e-14
 9.09321e-15
-1.72447e-14
 1.65478e-14
 0.00000e+00
 0.00000e+00
-4.81949e-16
 7.68571e-15
-1.13731e-14
 1.32980e-14
 0.00000e+00
 0.00000e+00
-9.13139e-15
-1.26724e-14
-2.15211e-15
-3.87084e-15
 0.00000e+00
 0.00000e+00
 6.36970e-15
-1.06750e-14
-9.01852e-15
 1.22788e-15
 0.00000e+00
 0.00000e+00
 1.74235e-15
-7.11945e-15
-1.00201e-15
-4.82572e-15
 0.00000e+00
 0.00000e+00
-4.40766e-15
 3.58886e-15
-4.77420e-15
-3.45069e-15
 0.00000e+00
 0.00000e+00
-2.09112e-15
 7.84078e-15
-1.89441e-14
 2.87017e-15
 0.00000e+00
 0.00000e+00
 1.01113e-14
 9.68868e-16
-6.99823e-15
 7.01466e-16
 0.00000e+00
 0.00000e+00
 1.56225e-15
-1.83285e-14
 6.47200e-16
-7.55097e-15
 0.00000e+00
 0.00000e+00
-4.50738e-16
-8.06806e-15
-1.51352e-15
 2.04879e-14
 0.00000e+00
 0.00000e+00
-3.76769e-15
-6.33483e-15
 9.98564e-15
 5.85082e-15
 0.00000e+00
 0.00000e+00
-9.95844e-15
 7.43109e-15
-6.26185e-16
 6.90712e-15
 0.00000e+00
 0.00000e+00
-5.18419e-17
 7.99270e-15
-1.24356e-14
 1.20029e-14
 0.00000e+00
 0.00000e+00
 1.40400e-14
-4.74216e-15
 3.99065e-15
 8.66922e-15
 0.00000e+00
 0.00000e+00
-1.13424e-15
-1.82268e-14
 4.49018e-15
 3.89505e-15
 0.00000e+00
 0.00000e+00
 6.38023e-15
-5.85120e-15
-1.95295e-15
 1.87353e-14
 0.00000e+00
 0.00000e+00
 6.31089e-15
-2.90265e-15
 2.27749e-15
 1.01053e-14
 0.00000e+00
 0.00000e+00
-7.22863e-15
 7.25633e-15
-2.78111e-15
 1.07240e-14
 0.00000e+00
 0.00000e+00
-5.21876e-15
 7.81914e-15
-7.58057e-15
 1.20204e-14
 0.00000e+00
 0.00000e+00
 9.16630e-15
-3.73778e-15
 1.94358e-15
 7.95409e-15
 0.00000e+00
 0.00000e+00
 3.08290e-15
-1.82468e-14
-3.85025e-15
 1.22664e-15
 0.00000e+00
 0.00000e+00
 4.61619e-16
 5.18436e-15
 2.33427e-15
 1.30127e-14
 0.00000e+00
 0.00000e+00
 8.73259e-15
 1.33054e-15
 6.99285e-15
 6.73911e-16
 0.00000e+00
 0.00000e+00
 2.21880e-16
 1.49378e-14
-5.02348e-15
 4.27659e-15
 0.00000e+00
 0.00000e+00
-7.83251e-15
 1.60018e-14
-1.16498e-14
 9.02283e-15
 0.00000e+00
 0.00000e+00
 2.51288e-15
-1.83167e-15
 4.89443e-15
 3.80714e-15
 0.00000e+00
 0.00000e+00
-7.23966e-15
-1.49401e-14
-1.10027e-15
 9.61131e-16
 0.00000e+00
 0.00000e+00
 2.49504e-16
 1.17924e-14
-4.27660e-15
 1.73439e-14
 0.00000e+00
 0.00000e+00
 3.78195e-15
 6.51192e-15
 6.18571e-15
 4.86659e-16
 0.00000e+00
 0.00000e+00
-7.22051e-15
 1.73091e-14
-4.43180e-15
 7.81924e-16
 0.00000e+00
 0.00000e+00
-7.53514e-15
 1.75551e-14
-1.18911e-14
 1.00205e-14
 0.00000e+00
 0.00000e+00
 1.42974e-15
-4.63610e-15
 1.01872e-14
 8.97663e-15
 0.00000e+00
 0.00000e+00
-1.33852e-14
-1.86822e-14
 6.47327e-15
 2.34674e-15
 0.00000e+00
 0.00000e+00
 1.12277e-14
 1.19527e-14
-1.54106e-14
 1.23154e-14
 0.00000e+00
 0.00000e+00
 6.66383e-15
 7.21244e-15
-6.56637e-15
 9.23068e-15
 0.00000e+00
 0.00000e+00
-6.72979e-15
 1.14134e-14
-7.01962e-15
 7.77928e-15
 0.00000e+00
 0.00000e+00
-5.85576e-16
 1.28625e-14
-8.50639e-15
 9.65039e-16
 0.00000e+00
 0.00000e+00
 7.63937e-15
-3.13819e-15
 3.88468e-16
 1.00571e-15
 0.00000e+00
 0.00000e+00
-8.18135e-15
-1.87478e-14
-7.20631e-15
-2.01169e-15
 0.00000e+00
 0.00000e+00
 9.43881e-15
 1.41317e-14
-1.08061e-14
-5.83977e-16
 0.00000e+00
 0.00000e+00
 7.07791e-15
 6.35182e-15
-4.28785e-15
 6.01014e-15
 0.00000e+00
 0.00000e+00
-8.24282e-15
 1.22247e-14
-4.18189e-15
-1.51092e-15
 0.00000e+00
 0.00000e+00
-1.73395e-15
 1.11431e-14
-1.96971e-15
-1.44298e-14
 0.00000e+00
 0.00000e+00
 9.67570e-15
-1.47424e-15
 2.84752e-15
-1.15245e-14
 0.00000e+00
 0.00000e+00
-9.59858e-15
-1.38243e-14
-6.10640e-15
-1.43766e-14
 0.00000e+00
 0.00000e+00
 1.32745e-14
-5.75251e-15
 7.86378e-15
-2.06109e-15
 0.00000e+00
 0.00000e+00
 4.70446e-15
-4.69819e-15
 3.82615e-15
 5.20648e-16
 0.00000e+00
 0.00000e+00
-1.48822e-14
 1.03419e-14
 1.09963e-15
-9.61300e-15
 0.00000e+00
 0.00000e+00
-9.36931e-15
 8.79285e-15
 4.59415e-15
-1.78014e-14
 0.00000e+00
 0.00000e+00
 5.69973e-15
-7.11717e-15
 6.68883e-15
-7.73830e-15
 0.00000e+00
 0.00000e+00
-4.76513e-15
-1.67279e-14
-8.46955e-16
-1.09404e-14
 0.00000e+00
 0.00000e+00
 5.61507e-15
-1.51152e-14
 2.35592e-14
-5.87341e-15
 0.00000e+00
 0.00000e+00
 2.42932e-15
-7.61729e-15
 9.57106e-15
-4.85228e-15
 0.00000e+00
 0.00000e+00
-1.49214e-14
 1.10750e-14
-7.23767e-16
-1.12563e-14
 0.00000e+00
 0.00000e+00
-1.57956e-14
 7.77214e-15
 1.00500e-14
-1.46291e-14
 0.00000e+00
 0.00000e+00
 4.04241e-15
-1.00672e-14
 1.90291e-14
-1.31192e-14
 0.00000e+00
 0.00000e+00
 3.71010e-15
-2.31708e-14
 1.00890e-14
-2.46265e-14
 0.00000e+00
 0.00000e+00
-8.93379e-16
 1.28170e-15
 6.85387e-15
-3.89730e-15
 0.00000e+00
 0.00000e+00
 4.90086e-15
-4.77168e-15
 4.98553e-15
-5.99474e-15
 0.00000e+00
 0.00000e+00
-6.90984e-15
 3.99932e-15
 3.52539e-15
-1.46003e-14
 0.00000e+00
 0.00000e+00
-1.59033e-14
 3.12995e-15
 1.29572e-14
-1.43369e-14
 0.00000e+00
 0.00000e+00
-3.72831e-16
-6.68470e-15
 1.84175e-14
-1.60391e-14
 0.00000e+00
 0.00000e+00
-2.04953e-15
-1.07390e-14
 7.24340e-15
-3.14632e-14
 0.00000e+00
 0.00000e+00
-7.55522e-15
 1.45840e-14
 6.46148e-15
-2.77298e-17
 0.00000e+00
 0.00000e+00
 8.01679e-15
-2.06804e-15
 4.69798e-15
 2.06922e-16
 0.00000e+00
 0.00000e+00
 3.49355e-15
-6.54016e-15
 1.01593e-14
-1.79594e-14
 0.00000e+00
 0.00000e+00
-1.33641e-14
-4.85074e-15
 2.09514e-14
-2.51714e-14
 0.00000e+00
 0.00000e+00
-4.91038e-15
-5.47189e-15
 1.83912e-14
-1.90974e-14
 0.00000e+00
 0.00000e+00
-8.19706e-15
-4.50578e-15
 3.52861e-15
-3.33847e-14
 0.00000e+00
 0.00000e+00
-7.22476e-15
-5.64850e-15
 2.26610e-14
-2.19949e-14
 0.00000e+00
 0.00000e+00
 1.66192e-15
-9.47905e-15
 1.10668e-14
-1.19143e-14
 0.00000e+00
 0.00000e+00
-6.76816e-15
-1.54091e-14
 1.93133e-14
-2.01093e-14
 0.00000e+00
 0.00000e+00
-7.76994e-15
-1.75985e-14
 3.03350e-14
-3.39402e-14
 0.00000e+00
 0.00000e+00
 5.71721e-15
-5.27414e-15
 2.56988e-14
-3.77846e-14
 0.00000e+00
 0.00000e+00
-9.37289e-15
-9.06367e-15
 1.46673e-14
-6.16636e-14
 0.00000e+00
 0.00000e+00
 0.00000e+00
 0.00000e+00
 0.00000e+00
 0.00000e+00
 0.00000e+00
-4.51446e-15
-4.36244e-15
-3.11079e-15
-4.15563e-16
-3.45939e-15
 1.45110e-15
 8.25696e-15
 4.97104e-15
 3.84596e-15
 4.28136e-15
-2.33597e-15
 2.81160e-15
-1.45645e-14
-9.07832e-15
-2.83654e-15
 1.44852e-15
 2.20278e-15
 9.17114e-15
 1.89216e-14
 1.21427e-14
 8.11398e-15
 3.37350e-15
 2.93614e-15
 1.96482e-14
 0.00000e+00
 0.00000e+00
 0.00000e+00
 0.00000e+00
 0.00000e+00
 0.00000e+00
 0.00000e+00
 0.00000e+00
 0.00000e+00
 0.00000e+00
 0.00000e+00
 0.00000e+00
-3.72351e-15
-5.78757e-15
-4.02762e-15
 4.44419e-15
 1.28686e-16
 2.14410e-15
 2.64985e-16
 5.64784e-16
 2.90366e-15
 1.66392e-15
-7.14083e-15
-1.21621e-15
-6.38890e-15
-4.77780e-15
-7.39567e-15
-3.41177e-15
-4.68406e-16
 5.41052e-15
 1.65892e-14
 1.39059e-14
 1.62629e-14
 8.59061e-15
 2.06301e-16
 1.55312e-14
 0.00000e+00
 0.00000e+00
 0.00000e+00
 0.00000e+00
 0.00000e+00
 0.00000e+00
 0.00000e+00
 0.00000e+00
 0.00000e+00
 0.00000e+00
 0.00000e+00
 0.00000e+00
 2.76171e-15
-5.81390e-15
-8.49155e-15
 3.06699e-15
 4.64933e-15
 1.16165e-14
-5.05740e-15
 4.31959e-15
 1.31003e-14
 4.52326e-15
-1.23348e-14
-9.79117e-15
 2.40232e-15
-3.63443e-15
-1.38981e-14
-2.27862e-15
 3.16386e-15
 3.63600e-15
 1.87288e-14
 1.62900e-14
 1.60347e-14
 4.22961e-15
-4.97446e-15
 1.06950e-14
 0.00000e+00
 0.00000e+00
 0.00000e+00
 0.00000e+00
 0.00000e+00
 0.00000e+00
 0.00000e+00
 0.00000e+00
 0.00000e+00
 0.00000e+00
 0.00000e+00
 0.00000e+00
 1.73419e-14
 5.93750e-15
-7.38110e-15
-3.05245e-15
-7.57409e-16
 7.20867e-15
-6.17900e-15
 7.29971e-15
 1.61762e-14
 3.14213e-15
-1.02128e-14
-3.57018e-15
 9.28881e-15
-6.41280e-15
-1.46533e-14
 5.68625e-15
 3.25176e-15
-1.58564e-15
 1.66646e-14
 1.69825e-14
 8.28911e-15
-5.91023e-15
-7.91380e-17
 2.13556e-14
 0.00000e+00
 0.00000e+00
 0.00000e+00
 0.00000e+00
 0.00000e+00
 0.00000e+00
 0.00000e+00
 0.00000e+00
 0.00000e+00
 0.00000e+00
 0.00000e+00
 0.00000e+00
 1.50725e-14
 4.84816e-15
-6.60850e-15
-4.19951e-15
-5.38169e-15
 1.29058e-15
-2.04029e-15
 8.11101e-15
 1.20211e-14
 3.84268e-16
-9.48189e-15
-3.52628e-15
 4.22097e-15
-3.23547e-15
-6.24431e-15
 9.10110e-15
 8.94341e-15
 8.34619e-15
 9.68328e-15
 9.03774e-15
 8.65480e-16
-6.67543e-15
 1.63571e-15
 2.00281e-14
 0.00000e+00
 0.00000e+00
 0.00000e+00
 0.00000e+00
 0.00000e+00
 0.00000e+00
 0.00000e+00
 0.00000e+00
 0.00000e+00
 0.00000e+00
 0.00000e+00
 0.00000e+00
 1.06665e-14
 3.58083e-15
-2.81319e-15
-1.35989e-16
-3.30836e-15
 3.06073e-15
 6.56819e-15
 1.03067e-14
 4.39954e-15
-3.57847e-15
-8.25260e-15
-2.88226e-15
 2.48366e-15
 1.04832e-16
 4.26248e-15
 1.08800e-14
 6.99624e-15
 1.30201e-14
-1.00791e-15
 6.80203e-15
 4.80576e-15
-3.11802e-15
 1.61017e-15
 1.37722e-14
 0.00000e+00
 0.00000e+00
 0.00000e+00
 0.00000e+00
 0.00000e+00
 0.00000e+00
 0.00000e+00
 0.00000e+00
 0.00000e+00
 0.00000e+00
 0.00000e+00
 0.00000e+00
 5.25932e-15
 6.52203e-15
 3.73726e-15
 3.44814e-16
-4.22611e-15
 2.62374e-15
-6.56830e-15
-1.21048e-15
 3.04903e-15
-9.83211e-16
-1.00969e-14
-4.11570e-15
-3.68071e-15
-3.78698e-15
 7.33966e-16
 5.77036e-15
-2.21800e-15
 3.01246e-16
 1.93757e-15
 6.45893e-15
 4.50729e-15
-8.76834e-16
 2.29629e-15
 1.39850e-14
 0.00000e+00
 0.00000e+00
 0.00000e+00
 0.00000e+00
 0.00000e+00
 0.00000e+00
 0.00000e+00
 0.00000e+00
 0.00000e+00
 0.00000e+00
 0.00000e+00
 0.00000e+00
 1.21403e-15
 9.91476e-16
-2.74903e-15
-2.55401e-16
-5.06566e-15
-1.55063e-15
-7.58805e-15
-6.99893e-16
 7.63185e-15
 3.77487e-15
-9.22030e-15
-5.28355e-15
 5.36768e-16
-3.36273e-15
-7.31205e-15
-1.87966e-15
-1.29345e-15
 1.99185e-15
 1.40120e-15
 5.28651e-15
 4.97308e-15
 1.89387e-15
 2.88240e-15
 1.37415e-14
 0.00000e+00
 0.00000e+00
 0.00000e+00
 0.00000e+00
 0.00000e+00
 0.00000e+00
 0.00000e+00
 0.00000e+00
 0.00000e+00
 0.00000e+00
 0.00000e+00
 0.00000e+00
 3.74204e-15
 3.16177e-15
-3.78378e-15
-5.64044e-15
-9.97166e-15
-5.16618e-15
 1.84869e-15
 5.30053e-15
 8.49852e-15
 5.03122e-15
-5.53335e-15
 6.60493e-16
-8.52283e-16
-8.95060e-15
-1.66888e-14
-3.84578e-15
-1.73850e-15
-2.94252e-15
-5.82807e-16
 7.19985e-15
 9.95283e-15
-7.29561e-16
-6.18735e-17
 1.46413e-14
 0.00000e+00
 0.00000e+00
 0.00000e+00
 0.00000e+00
 0.00000e+00
 0.00000e+00
 0.00000e+00
 0.00000e+00
 0.00000e+00
 0.00000e+00
 0.00000e+00
 0.00000e+00
 4.22903e-15
 7.05291e-15
 6.89263e-16
-4.73463e-15
-9.02448e-15
-4.62200e-15
 1.52762e-14
 1.20473e-14
 8.51128e-15
 9.56032e-15
 1.94847e-15
 3.81600e-15
-2.12906e-14
-1.88371e-14
-1.54110e-14
-1.02096e-14
-1.32376e-14
-9.44891e-15
-2.27704e-15
 3.85816e-15
 8.49750e-15
 1.34326e-15
 4.75379e-15
 2.21887e-14
 0.00000e+00
 0.00000e+00
 0.00000e+00
 0.00000e+00
 0.00000e+00
 0.00000e+00
 0.00000e+00
 0.00000e+00
 0.00000e+00
 0.00000e+00
 0.00000e+00
 0.00000e+00
-1.13056e-16
 4.09956e-15
-7.69469e-15
-7.81487e-15
-8.33533e-15
-1.02369e-14
 2.25108e-14
 1.38145e-14
 1.18200e-14
 1.28796e-14
 2.55115e-15
 7.77888e-15
-3.37629e-14
-2.27277e-14
-1.22150e-14
-1.53414e-14
-1.89146e-14
-1.13732e-14
 3.33988e-15
 4.82026e-15
-1.44773e-15
-3.07764e-15
 7.00015e-15
 2.24060e-14
 0.00000e+00
 0.00000e+00
 0.00000e+00
 0.00000e+00
 0.00000e+00
 0.00000e+00
 0.00000e+00
 0.00000e+00
 0.00000e+00
 0.00000e+00
 0.00000e+00
 0.00000e+00
 5.63663e-15
 6.79296e-15
-1.00666e-14
-5.15107e-15
-4.92778e-15
-1.15836e-14
 5.61823e-15
 2.16724e-15
 9.99088e-15
 6.20849e-15
-7.24132e-15
 8.80444e-15
-1.50344e-14
-8.59463e-15
-9.33211e-15
-1.13244e-14
-9.42749e-15
-2.28742e-15
-2.62762e-15
-1.39559e-15
-6.96661e-15
-4.87593e-15
 6.27486e-15
 1.76898e-14
 0.00000e+00
 0.00000e+00
 0.00000e+00
 0.00000e+00
 0.00000e+00
 0.00000e+00
 0.00000e+00
 0.00000e+00
 0.00000e+00
 0.00000e+00
 0.00000e+00
 0.00000e+00
-4.26090e-15
-9.47675e-15
-1.76383e-14
-2.56231e-15
-5.22612e-15
-1.08079e-14
-1.79869e-15
 4.10510e-15
 1.67653e-14
 6.53361e-15
-3.95548e-15
 1.41624e-14
 9.04187e-15
 1.39230e-15
-7.70432e-15
-8.79733e-15
-5.85358e-15
 5.31725e-15
-1.09344e-14
-3.99180e-15
-1.09149e-15
 3.12807e-15
 4.81860e-15
 9.53945e-15
 0.00000e+00
 0.00000e+00
 0.00000e+00
 0.00000e+00
 0.00000e+00
 0.00000e+00
 0.00000e+00
 0.00000e+00
 0.00000e+00
 0.00000e+00
 0.00000e+00
 0.00000e+00
-9.21823e-15
-1.27506e-14
-1.15968e-14
-1.81384e-15
-1.16807e-14
-6.75336e-15
-6.36563e-16
 7.09514e-15
 1.01740e-14
 1.07561e-14
 1.17202e-14
 2.05521e-14
 5.95854e-15
-9.29938e-15
-4.66035e-15
-5.66487e-16
-1.40224e-14
-7.36959e-15
-5.41492e-15
 7.95344e-15
 1.63100e-15
-9.68245e-15
-3.22307e-15
 4.18322e-15
 0.00000e+00
 0.00000e+00
 0.00000e+00
 0.00000e+00
 0.00000e+00
 0.00000e+00
 0.00000e+00
 0.00000e+00
 0.00000e+00
 0.00000e+00
 0.00000e+00
 0.00000e+00
-1.00546e-15
 1.44915e-15
 5.74597e-15
 3.81585e-15
-1.18450e-14
-9.46761e-15
 5.80674e-16
-3.08077e-15
-6.97285e-15
 5.43563e-17
 1.24058e-14
 2.61011e-14
-1.00237e-14
-1.37882e-14
 2.87088e-15
 5.65680e-15
-1.65003e-14
-1.19405e-14
 7.18762e-15
 1.22821e-14
-4.91132e-15
-1.20718e-14
-1.55416e-15
 5.31641e-15
 0.00000e+00
 0.00000e+00
 0.00000e+00
 0.00000e+00
 0.00000e+00
 0.00000e+00
 0.00000e+00
 0.00000e+00
 0.00000e+00
 0.00000e+00
 0.00000e+00
 0.00000e+00
 7.95725e-15
 1.33084e-15
 3.08247e-15
 5.26922e-15
-8.20318e-15
-1.65845e-15
 2.86815e-15
-2.61315e-15
-9.61222e-15
-5.61267e-15
 4.02369e-15
 1.93597e-14
-1.69713e-14
-1.18735e-14
 4.46378e-15
 3.49155e-15
-8.38274e-15
 6.40709e-18
 1.42465e-14
 1.31039e-14
-2.35148e-15
 3.73044e-17
 2.50886e-15
-1.51064e-15
 0.00000e+00
 0.00000e+00
 0.00000e+00
 0.00000e+00
 0.00000e+00
 0.00000e+00
 0.00000e+00
 0.00000e+00
 0.00000e+00
 0.00000e+00
 0.00000e+00
 0.00000e+00
-9.58509e-16
-3.92927e-15
-3.35288e-15
 1.04918e-14
 6.15711e-15
 5.65922e-15
 4.69808e-16
-3.72741e-15
-2.78728e-15
-6.24072e-15
-1.06182e-14
 7.07263e-15
-1.28476e-14
-4.31541e-15
 6.59617e-15
 7.47860e-15
-9.56432e-16
 3.18041e-15
 9.89293e-15
 9.98920e-15
-4.21763e-15
-3.06017e-15
 3.80237e-15
 5.96454e-15
 0.00000e+00
 0.00000e+00
 0.00000e+00
 0.00000e+00
 0.00000e+00
 0.00000e+00
 0.00000e+00
 0.00000e+00
 0.00000e+00
 0.00000e+00
 0.00000e+00
 0.00000e+00
 3.14391e-15
-2.24912e-15
-1.29163e-15
 1.63291e-14
 8.47871e-15
 1.83353e-15
 2.97450e-15
-1.45354e-15
 3.39287e-15
-8.97021e-15
-1.82919e-14
 2.07854e-15
-2.48328e-14
-7.04849e-15
 2.41800e-15
 9.02591e-15
 1.09651e-14
 6.39317e-15
 1.59933e-14
 7.09484e-15
-8.33572e-15
-1.25036e-14
-8.93035e-15
-2.10070e-15
 0.00000e+00
 0.00000e+00
 0.00000e+00
 0.00000e+00
 0.00000e+00
 0.00000e+00
 0.00000e+00
 0.00000e+00
 0.00000e+00
 0.00000e+00
 0.00000e+00
 0.00000e+00
 1.75537e-15
-1.36013e-16
-1.53865e-16
 1.10919e-14
 4.68185e-15
 1.78915e-15
 1.07379e-14
-1.04002e-15
-4.57878e-15
-8.42580e-15
-1.52341e-14
-1.20081e-15
-1.73816e-14
-5.67842e-15
 4.20135e-15
 1.03093e-14
 1.13507e-14
 1.12464e-14
 4.17412e-15
 3.86659e-15
-7.57065e-15
-1.85781e-14
-2.43998e-14
-2.08312e-14
 0.00000e+00
 0.00000e+00
 0.00000e+00
 0.00000e+00
 0.00000e+00
 0.00000e+00
 0.00000e+00
 0.00000e+00
 0.00000e+00
 0.00000e+00
 0.00000e+00
 0.00000e+00
-8.82984e-15
 1.88934e-15
 7.26751e-15
 1.02792e-14
 1.40918e-15
-6.76842e-15
 5.53909e-15
-1.30302e-14
-1.57786e-14
-1.45583e-14
-2.21314e-14
 2.30888e-15
 5.85961e-16
 1.10572e-14
 9.67138e-15
 1.21944e-14
 1.32683e-14
 1.28399e-14
 2.86054e-15
-8.29319e-16
-1.40307e-14
-2.00225e-14
-2.10458e-14
-1.57619e-14
 0.00000e+00
 0.00000e+00
 0.00000e+00
 0.00000e+00
 0.00000e+00
 0.00000e+00
 0.00000e+00
 0.00000e+00
 0.00000e+00
 0.00000e+00
 0.00000e+00
 0.00000e+00
-1.62701e-15
 4.10807e-15
 3.50193e-15
 1.02588e-14
-1.21585e-15
-1.05703e-14
 3.33009e-15
-1.53698e-14
-1.45880e-14
-1.67870e-14
-2.41520e-14
-2.88652e-15
-1.86770e-15
 1.31111e-14
 1.35159e-14
 1.35422e-14
 2.16592e-14
 2.55870e-14
 8.51283e-15
-2.72304e-15
-1.96257e-14
-2.32671e-14
-2.63592e-14
-2.04740e-14
 0.00000e+00
 0.00000e+00
 0.00000e+00
 0.00000e+00
 0.00000e+00
 0.00000e+00
 0.00000e+00
 0.00000e+00
 0.00000e+00
 0.00000e+00
 0.00000e+00
 0.00000e+00
 1.38553e-14
 6.30562e-15
-2.25110e-15
 1.31888e-15
 2.73517e-15
 7.45360e-15
-6.30367e-15
-1.56961e-14
-1.32029e-14
-8.27205e-15
-1.93178e-14
-1.35716e-14
-1.73375e-15
 1.43752e-14
 2.05721e-14
 1.88446e-14
 2.01981e-14
 2.17097e-14
 1.15604e-14
 6.33980e-16
-1.55453e-14
-2.62071e-14
-2.89582e-14
-2.16871e-14
 0.00000e+00
 0.00000e+00
 0.00000e+00
 0.00000e+00
 0.00000e+00
 0.00000e+00
 0.00000e+00
 0.00000e+00
 0.00000e+00
 0.00000e+00
 0.00000e+00
 0.00000e+00
 1.39189e-14
 1.08499e-14
-1.98673e-15
-5.09243e-15
 2.12619e-15
 1.12567e-14
 8.90468e-16
-1.06901e-14
-5.84118e-15
 6.78762e-15
-1.15063e-14
-1.60663e-14
-9.84995e-15
 8.69840e-15
 1.37410e-14
 8.84399e-15
 9.05493e-15
 1.35301e-14
 1.61787e-14
 6.32524e-15
-1.03862e-14
-1.69469e-14
-1.90928e-14
-1.29072e-14
 0.00000e+00
 0.00000e+00
 0.00000e+00
 0.00000e+00
 0.00000e+00
 0.00000e+00
 0.00000e+00
 0.00000e+00
 0.00000e+00
 0.00000e+00
 0.00000e+00
 0.00000e+00
 1.72309e-14
 8.12058e-15
 1.34610e-15
 3.73909e-17
-6.02813e-15
 3.32342e-15
-1.59358e-17
-1.23548e-14
-9.55295e-15
 6.60857e-15
-7.84012e-15
-1.43847e-14
-9.97997e-15
 7.23045e-15
 1.07952e-14
 1.07327e-15
 8.23528e-15
 2.03601e-14
 1.31968e-14
 6.40315e-15
-1.92235e-15
-7.42871e-15
-1.33522e-14
-7.52229e-15
 0.00000e+00
 0.00000e+00
 0.00000e+00
 0.00000e+00
 0.00000e+00
 0.00000e+00
 0.00000e+00
 0.00000e+00
 0.00000e+00
 0.00000e+00
 0.00000e+00
 0.00000e+00
 8.33961e-15
 3.91538e-15
 7.11861e-15
 1.45070e-16
-1.51234e-14
-7.29622e-15
 3.00328e-15
-9.86821e-15
-1.15253e-14
 5.11168e-15
-1.55789e-15
-3.81830e-15
-9.75037e-15
 3.07997e-15
 2.81563e-15
-8.05872e-16
 1.03557e-14
 2.08029e-14
 7.34214e-15
 1.25059e-14
 9.18332e-15
-2.73123e-16
-1.14452e-14
-1.36192e-14
 0.00000e+00
 0.00000e+00
 0.00000e+00
 0.00000e+00
 0.00000e+00
 0.00000e+00
 0.00000e+00
 0.00000e+00
 0.00000e+00
 0.00000e+00
 0.00000e+00
 0.00000e+00
 5.51487e-15
 9.74178e-15
 8.24115e-15
 1.14715e-15
-6.73443e-15
-4.22597e-15
 1.16124e-14
-6.54677e-15
-9.57977e-15
 8.65869e-15
 2.63519e-15
 2.69550e-15
-1.27909e-14
-2.56516e-15
-6.69754e-15
-1.13491e-14
 1.16105e-15
 1.18690e-14
 3.70429e-15
 5.72024e-15
 1.01480e-14
 7.31915e-15
-1.12417e-14
-1.63094e-14
 0.00000e+00
 0.00000e+00
 0.00000e+00
 0.00000e+00
 0.00000e+00
 0.00000e+00
 0.00000e+00
 0.00000e+00
 0.00000e+00
 0.00000e+00
 0.00000e+00
 0.00000e+00
-2.94412e-15
 1.19168e-14
 1.24471e-14
-2.97856e-15
-7.74916e-15
-2.70738e-15
 2.04868e-14
 1.02585e-15
-4.89104e-15
 1.67638e-14
 2.72836e-15
-1.00987e-14
-1.16046e-14
-8.73369e-15
-1.48712e-14
-1.75712e-14
-3.95808e-15
 1.27361e-14
 4.96878e-15
 5.14841e-15
 1.20813e-14
 8.79711e-15
-1.24133e-14
-1.55475e-14
 0.00000e+00
 0.00000e+00
 0.00000e+00
 0.00000e+00
 0.00000e+00
 0.00000e+00
 0.00000e+00
 0.00000e+00
 0.00000e+00
 0.00000e+00
 0.00000e+00
 0.00000e+00
 4.19887e-15
 1.01705e-14
 1.16394e-14
-5.90558e-15
-1.66388e-14
 2.63659e-15
 2.92060e-14
 1.79434e-14
-1.97087e-15
 9.46228e-15
 7.66168e-15
-3.37874e-15
-3.25559e-14
-2.24620e-14
-8.02486e-15
-1.01733e-14
-1.24542e-14
 7.33438e-15
 2.66286e-15
 5.52048e-15
 1.63462e-14
 1.96060e-14
-1.42888e-15
-1.61896e-15
 0.00000e+00
 0.00000e+00
 0.00000e+00
 0.00000e+00
 0.00000e+00
 0.00000e+00
 5.96887e-03
 5.96887e-03
 5.96887e-03
 5.96887e-03
 5.96887e-03
 5.96887e-03
 5.96887e-03
 5.96887e-03
 5.96887e-03
 5.96887e-03
 5.96887e-03
 5.96887e-03
 5.96887e-03
 5.96887e-03
 5.96887e-03
 5.96887e-03
 5.96887e-03
 5.96887e-03
 5.96887e-03
 5.96887e-03
 5.96887e-03
 5.96887e-03
 5.96887e-03
 5.96887e-03
 5.96887e-03
 5.96887e-03
 5.96887e-03
 5.96887e-03
 5.96887e-03
 5.96887e-03
 5.96887e-03
 5.96887e-03
 5.96887e-03
 5.96887e-03
 5.96887e-03
 5.96887e-03
 1.44217e-02
 1.44217e-02
 1.44217e-02
 1.44217e-02
 1.44217e-02
 1.44217e-02
 1.44217e-02
 1.44217e-02
 1.44217e-02
 1.44217e-02
 1.44217e-02
 1.44217e-02
 1.44217e-02
 1.44217e-02
 1.44217e-02
 1.44217e-02
 1.44217e-02
 1.44217e-02
 1.44217e-02
 1.44217e-02
 1.44217e-02
 1.44217e-02
 1.44217e-02
 1.44217e-02
 1.44217e-02
 1.44217e-02
 1.44217e-02
 1.44217e-02
 1.44217e-02
 1.44217e-02
 1.44217e-02
 1.44217e-02
 1.44217e-02
 1.44217e-02
 1.44217e-02
 1.44217e-02
 2.99015e-02
 2.99015e-02
 2.99015e-02
 2.99015e-02
 2.99015e-02
 2.99015e-02
 2.99015e-02
 2.99015e-02
 2.99015e-02
 2.99015e-02
 2.99015e-02
 2.99015e-02
 2.99015e-02
 2.99015e-02
 2.99015e-02
 2.99015e-02
 2.99015e-02
 2.99015e-02
 2.99015e-02
 2.99015e-02
 2.99015e-02
 2.99015e-02
 2.99015e-02
 2.99015e-02
 2.99015e-02
 2.99015e-02
 2.99015e-02
 2.99015e-02
 2.99015e-02
 2.99015e-02
 2.99015e-02
 2.99015e-02
 2.99015e-02
 2.99015e-02
 2.99015e-02
 2.99015e-02
 5.36908e-02
 5.36908e-02
 5.36908e-02
 5.36908e-02
 5.36908e-02
 5.36908e-02
 5.36908e-02
 5.36908e-02
 5.36908e-02
 5.36908e-02
 5.36908e-02
 5.36908e-02
 5.36908e-02
 5.36908e-02
 5.36908e-02
 5.36908e-02
 5.36908e-02
 5.36908e-02
 5.36908e-02
 5.36908e-02
 5.36908e-02
 5.36908e-02
 5.36908e-02
 5.36908e-02
 5.36908e-02
 5.36908e-02
 5.36908e-02
 5.36908e-02
 5.36908e-02
 5.36908e-02
 5.36908e-02
 5.36908e-02
 5.36908e-02
 5.36908e-02
 5.36908e-02
 5.36908e-02
 8.52175e-02
 8.52175e-02
 8.52175e-02
 8.52175e-02
 8.52175e-02
 8.52175e-02
 8.52175e-02
 8.52175e-02
 8.52175e-02
 8.52175e-02
 8.52175e-02
 8.52175e-02
 8.52175e-02
 8.52175e-02
 8.52175e-02
 8.52175e-02
 8.52175e-02
 8.52175e-02
 8.52175e-02
 8.52175e-02
 8.52175e-02
 8.52175e-02
 8.52175e-02
 8.52175e-02
 8.52175e-02
 8.52175e-02
 8.52175e-02
 8.52175e-02
 8.52175e-02
 8.52175e-02
 8.52175e-02
 8.52175e-02
 8.52175e-02
 8.52175e-02
 8.52175e-02
 8.52175e-02
 1.22760e-01
 1.22760e-01
 1.22760e-01
 1.22760e-01
 1.22760e-01
 1.22760e-01
 1.22760e-01
 1.22760e-01
 1.22760e-01
 1.22760e-01
 1.22760e-01
 1.22760e-01
 1.22760e-01
 1.22760e-01
 1.22760e-01
 1.22760e-01
 1.22760e-01
 1.22760e-01
 1.22760e-01
 1.22760e-01
 1.22760e-01
 1.22760e-01
 1.22760e-01
 1.22760e-01
 1.22760e-01
 1.22760e-01
 1.22760e-01
 1.22760e-01
 1.22760e-01
 1.22760e-01
 1.22760e-01
 1.22760e-01
 1.22760e-01
 1.22760e-01
 1.22760e-01
 1.22760e-01
 1.64653e-01
 1.64653e-01
 1.64653e-01
 1.64653e-01
 1.64653e-01
 1.64653e-01
 1.64653e-01
 1.64653e-01
 1.64653e-01
 1.64653e-01
 1.64653e-01
 1.64653e-01
 1.64653e-01
 1.64653e-01
 1.64653e-01
 1.64653e-01
 1.64653e-01
 1.64653e-01
 1.64653e-01
 1.64653e-01
 1.64653e-01
 1.64653e-01
 1.64653e-01
 1.64653e-01
 1.64653e-01
 1.64653e-01
 1.64653e-01
 1.64653e-01
 1.64653e-01
 1.64653e-01
 1.64653e-01
 1.64653e-01
 1.64653e-01
 1.64653e-01
 1.64653e-01
 1.64653e-01
 2.09864e-01
 2.09864e-01
 2.09864e-01
 2.09864e-01
 2.09864e-01
 2.09864e-01
 2.09864e-01
 2.09864e-01
 2.09864e-01
 2.09864e-01
 2.09864e-01
 2.09864e-01
 2.09864e-01
 2.09864e-01
 2.09864e-01
 2.09864e-01
 2.09864e-01
 2.09864e-01
 2.09864e-01
 2.09864e-01
 2.09864e-01
 2.09864e-01
 2.09864e-01
 2.09864e-01
 2.09864e-01
 2.09864e-01
 2.09864e-01
 2.09864e-01
 2.09864e-01
 2.09864e-01
 2.09864e-01
 2.09864e-01
 2.09864e-01
 2.09864e-01
 2.09864e-01
 2.09864e-01
 2.57929e-01
 2.57929e-01
 2.57929e-01
 2.57929e-01
 2.57929e-01
 2.57929e-01
 2.57929e-01
 2.57929e-01
 2.57929e-01
 2.57929e-01
 2.57929e-01
 2.57929e-01
 2.57929e-01
 2.57929e-01
 2.57929e-01
 2.57929e-01
 2.57929e-01
 2.57929e-01
 2.57929e-01
 2.57929e-01
 2.57929e-01
 2.57929e-01
 2.57929e-01
 2.57929e-01
 2.57929e-01
 2.57929e-01
 2.57929e-01
 2.57929e-01
 2.57929e-01
 2.57929e-01
 2.57929e-01
 2.57929e-01
 2.57929e-01
 2.57929e-01
 2.57929e-01
 2.57929e-01
 3.08723e-01
 3.08723e-01
 3.08723e-01
 3.08723e-01
 3.08723e-01
 3.08723e-01
 3.08723e-01
 3.08723e-01
 3.08723e-01
 3.08723e-01
 3.08723e-01
 3.08723e-01
 3.08723e-01
 3.08723e-01
 3.08723e-01
 3.08723e-01
 3.08723e-01
 3.08723e-01
 3.08723e-01
 3.08723e-01
 3.08723e-01
 3.08723e-01
 3.08723e-01
 3.08723e-01
 3.08723e-01
 3.08723e-01
 3.08723e-01
 3.08723e-01
 3.08723e-01
 3.08723e-01
 3.08723e-01
 3.08723e-01
 3.08723e-01
 3.08723e-01
 3.08723e-01
 3.08723e-01
 3.62296e-01
 3.62296e-01
 3.62296e-01
 3.62296e-01
 3.62296e-01
 3.62296e-01
 3.62296e-01
 3.62296e-01
 3.62296e-01
 3.62296e-01
 3.62296e-01
 3.62296e-01
 3.62296e-01
 3.62296e-01
 3.62296e-01
 3.62296e-01
 3.62296e-01
 3.62296e-01
 3.62296e-01
 3.62296e-01
 3.62296e-01
 3.62296e-01
 3.62296e-01
 3.62296e-01
 3.62296e-01
 3.62296e-01
 3.62296e-01
 3.62296e-01
 3.62296e-01
 3.62296e-01
 3.62296e-01
 3.62296e-01
 3.62296e-01
 3.62296e-01
 3.62296e-01
 3.62296e-01
 4.18797e-01
 4.18797e-01
 4.18797e-01
 4.18797e-01
 4.18797e-01
 4.18797e-01
 4.18797e-01
 4.18797e-01
 4.18797e-01
 4.18797e-01
 4.18797e-01
 4.18797e-01
 4.18797e-01
 4.18797e-01
 4.18797e-01
 4.18797e-01
 4.18797e-01
 4.18797e-01
 4.18797e-01
 4.18797e-01
 4.18797e-01
 4.18797e-01
 4.18797e-01
 4.18797e-01
 4.18797e-01
 4.18797e-01
 4.18797e-01
 4.18797e-01
 4.18797e-01
 4.18797e-01
 4.18797e-01
 4.18797e-01
 4.18797e-01
 4.18797e-01
 4.18797e-01
 4.18797e-01
 4.78435e-01
 4.78435e-01
 4.78435e-01
 4.78435e-01
 4.78435e-01
 4.78435e-01
 4.78435e-01
 4.78435e-01
 4.78435e-01
 4.78435e-01
 4.78435e-01
 4.78435e-01
 4.78435e-01
 4.78435e-01
 4.78435e-01
 4.78435e-01
 4.78435e-01
 4.78435e-01
 4.78435e-01
 4.78435e-01
 4.78435e-01
 4.78435e-01
 4.78435e-01
 4.78435e-01
 4.78435e-01
 4.78435e-01
 4.78435e-01
 4.78435e-01
 4.78435e-01
 4.78435e-01
 4.78435e-01
 4.78435e-01
 4.78435e-01
 4.78435e-01
 4.78435e-01
 4.78435e-01
 5.41455e-01
 5.41455e-01
 5.41455e-01
 5.41455e-01
 5.41455e-01
 5.41455e-01
 5.41455e-01
 5.41455e-01
 5.41455e-01
 5.41455e-01
 5.41455e-01
 5.41455e-01
 5.41455e-01
 5.41455e-01
 5.41455e-01
 5.41455e-01
 5.41455e-01
 5.41455e-01
 5.41455e-01
 5.41455e-01
 5.41455e-01
 5.41455e-01
 5.41455e-01
 5.41455e-01
 5.41455e-01
 5.41455e-01
 5.41455e-01
 5.41455e-01
 5.41455e-01
 5.41455e-01
 5.41455e-01
 5.41455e-01
 5.41455e-01
 5.41455e-01
 5.41455e-01
 5.41455e-01
 6.08109e-01
 6.08109e-01
 6.08109e-01
 6.08109e-01
 6.08109e-01
 6.08109e-01
 6.08109e-01
 6.08109e-01
 6.08109e-01
 6.08109e-01
 6.08109e-01
 6.08109e-01
 6.08109e-01
 6.08109e-01
 6.08109e-01
 6.08109e-01
 6.08109e-01
 6.08109e-01
 6.08109e-01
 6.08109e-01
 6.08109e-01
 6.08109e-01
 6.08109e-01
 6.08109e-01
 6.08109e-01
 6.08109e-01
 6.08109e-01
 6.08109e-01
 6.08109e-01
 6.08109e-01
 6.08109e-01
 6.08109e-01
 6.08109e-01
 6.08109e-01
 6.08109e-01
 6.08109e-01
 6.78566e-01
 6.78566e-01
 6.78566e-01
 6.78566e-01
 6.78566e-01
 6.78566e-01
 6.78566e-01
 6.78566e-01
 6.78566e-01
 6.78566e-01
 6.78566e-01
 6.78566e-01
 6.78566e-01
 6.78566e-01
 6.78566e-01
 6.78566e-01
 6.78566e-01
 6.78566e-01
 6.78566e-01
 6.78566e-01
 6.78566e-01
 6.78566e-01
 6.78566e-01
 6.78566e-01
 6.78566e-01
 6.78566e-01
 6.78566e-01
 6.78566e-01
 6.78566e-01
 6.78566e-01
 6.78566e-01
 6.78566e-01
 6.78566e-01
 6.78566e-01
 6.78566e-01
 6.78566e-01
 7.52705e-01
 7.52705e-01
 7.52705e-01
 7.52705e-01
 7.52705e-01
 7.52705e-01
 7.52705e-01
 7.52705e-01
 7.52705e-01
 7.52705e-01
 7.52705e-01
 7.52705e-01
 7.52705e-01
 7.52705e-01
 7.52705e-01
 7.52705e-01
 7.52705e-01
 7.52705e-01
 7.52705e-01
 7.52705e-01
 7.52705e-01
 7.52705e-01
 7.52705e-01
 7.52705e-01
 7.52705e-01
 7.52705e-01
 7.52705e-01
 7.52705e-01
 7.52705e-01
 7.52705e-01
 7.52705e-01
 7.52705e-01
 7.52705e-01
 7.52705e-01
 7.52705e-01
 7.52705e-01
 8.29467e-01
 8.29467e-01
 8.29467e-01
 8.29467e-01
 8.29467e-01
 8.29467e-01
 8.29467e-01
 8.29467e-01
 8.29467e-01
 8.29467e-01
 8.29467e-01
 8.29467e-01
 8.29467e-01
 8.29467e-01
 8.29467e-01
 8.29467e-01
 8.29467e-01
 8.29467e-01
 8.29467e-01
 8.29467e-01
 8.29467e-01
 8.29467e-01
 8.29467e-01
 8.29467e-01
 8.29467e-01
 8.29467e-01
 8.29467e-01
 8.29467e-01
 8.29467e-01
 8.29467e-01
 8.29467e-01
 8.29467e-01
 8.29467e-01
 8.29467e-01
 8.29467e-01
 8.29467e-01
 9.04769e-01
 9.04769e-01
 9.04769e-01
 9.04769e-01
 9.04769e-01
 9.04769e-01
 9.04769e-01
 9.04769e-01
 9.04769e-01
 9.04769e-01
 9.04769e-01
 9.04769e-01
 9.04769e-01
 9.04769e-01
 9.04769e-01
 9.04769e-01
 9.04769e-01
 9.04769e-01
 9.04769e-01
 9.04769e-01
 9.04769e-01
 9.04769e-01
 9.04769e-01
 9.04769e-01
 9.04769e-01
 9.04769e-01
 9.04769e-01
 9.04769e-01
 9.04769e-01
 9.04769e-01
 9.04769e-01
 9.04769e-01
 9.04769e-01
 9.04769e-01
 9.04769e-01
 9.04769e-01
 9.64392e-01
 9.64392e-01
 9.64392e-01
 9.64392e-01
 9.64392e-01
 9.64392e-01
 9.64392e-01
 9.64392e-01
 9.64392e-01
 9.64392e-01
 9.64392e-01
 9.64392e-01
 9.64392e-01
 9.64392e-01
 9.64392e-01
 9.64392e-01
 9.64392e-01
 9.64392e-01
 9.64392e-01
 9.64392e-01
 9.64392e-01
 9.64392e-01
 9.64392e-01
 9.64392e-01
 9.64392e-01
 9.64392e-01
 9.64392e-01
 9.64392e-01
 9.64392e-01
 9.64392e-01
 9.64392e-01
 9.64392e-01
 9.64392e-01
 9.64392e-01
 9.64392e-01
 9.64392e-01
 9.70891e-01
 9.70891e-01
 9.70891e-01
 9.70891e-01
 9.70891e-01
 9.70891e-01
 9.70891e-01
 9.70891e-01
 9.70891e-01
 9.70891e-01
 9.70891e-01
 9.70891e-01
 9.70891e-01
 9.70891e-01
 9.70891e-01
 9.70891e-01
 9.70891e-01
 9.70891e-01
 9.70891e-01
 9.70891e-01
 9.70891e-01
 9.70891e-01
 9.70891e-01
 9.70891e-01
 9.70891e-01
 9.70891e-01
 9.70891e-01
 9.70891e-01
 9.70891e-01
 9.70891e-01
 9.70891e-01
 9.70891e-01
 9.70891e-01
 9.70891e-01
 9.70891e-01
 9.70891e-01
 9.47464e-01
 9.47464e-01
 9.47464e-01
 9.47464e-01
 9.47464e-01
 9.47464e-01
 9.47464e-01
 9.47464e-01
 9.47464e-01
 9.47464e-01
 9.47464e-01
 9.47464e-01
 9.47464e-01
 9.47464e-01
 9.47464e-01
 9.47464e-01
 9.47464e-01
 9.47464e-01
 9.47464e-01
 9.47464e-01
 9.47464e-01
 9.47464e-01
 9.47464e-01
 9.47464e-01
 9.47464e-01
 9.47464e-01
 9.47464e-01
 9.47464e-01
 9.47464e-01
 9.47464e-01
 9.47464e-01
 9.47464e-01
 9.47464e-01
 9.47464e-01
 9.47464e-01
 9.47464e-01
 9.34127e-01
 9.34127e-01
 9.34127e-01
 9.34127e-01
 9.34127e-01
 9.34127e-01
 9.34127e-01
 9.34127e-01
 9.34127e-01
 9.34127e-01
 9.34127e-01
 9.34127e-01
 9.34127e-01
 9.34127e-01
 9.34127e-01
 9.34127e-01
 9.34127e-01
 9.34127e-01
 9.34127e-01
 9.34127e-01
 9.34127e-01
 9.34127e-01
 9.34127e-01
 9.34127e-01
 9.34127e-01
 9.34127e-01
 9.34127e-01
 9.34127e-01
 9.34127e-01
 9.34127e-01
 9.34127e-01
 9.34127e-01
 9.34127e-01
 9.34127e-01
 9.34127e-01
 9.34127e-01
 9.30061e-01
 9.30061e-01
 9.30061e-01
 9.30061e-01
 9.30061e-01
 9.30061e-01
 9.30061e-01
 9.30061e-01
 9.30061e-01
 9.30061e-01
 9.30061e-01
 9.30061e-01
 9.30061e-01
 9.30061e-01
 9.30061e-01
 9.30061e-01
 9.30061e-01
 9.30061e-01
 9.30061e-01
 9.30061e-01
 9.30061e-01
 9.30061e-01
 9.30061e-01
 9.30061e-01
 9.30061e-01
 9.30061e-01
 9.30061e-01
 9.30061e-01
 9.30061e-01
 9.30061e-01
 9.30061e-01
 9.30061e-01
 9.30061e-01
 9.30061e-01
 9.30061e-01
 9.30061e-01
 9.28646e-01
 9.28646e-01
 9.28646e-01
 9.28646e-01
 9.28646e-01
 9.28646e-01
 9.28646e-01
 9.28646e-01
 9.28646e-01
 9.28646e-01
 9.28646e-01
 9.28646e-01
 9.28646e-01
 9.28646e-01
 9.28646e-01
 9.28646e-01
 9.28646e-01
 9.28646e-01
 9.28646e-01
 9.28646e-01
 9.28646e-01
 9.28646e-01
 9.28646e-01
 9.28646e-01
 9.28646e-01
 9.28646e-01
 9.28646e-01
 9.28646e-01
 9.28646e-01
 9.28646e-01
 9.28646e-01
 9.28646e-01
 9.28646e-01
 9.28646e-01
 9.28646e-01
 9.28646e-01
 9.27804e-01
 9.27804e-01
 9.27804e-01
 9.27804e-01
 9.27804e-01
 9.27804e-01
 9.27804e-01
 9.27804e-01
 9.27804e-01
 9.27804e-01
 9.27804e-01
 9.27804e-01
 9.27804e-01
 9.27804e-01
 9.27804e-01
 9.27804e-01
 9.27804e-01
 9.27804e-01
 9.27804e-01
 9.27804e-01
 9.27804e-01
 9.27804e-01
 9.27804e-01
 9.27804e-01
 9.27804e-01
 9.27804e-01
 9.27804e-01
 9.27804e-01
 9.27804e-01
 9.27804e-01
 9.27804e-01
 9.27804e-01
 9.27804e-01
 9.27804e-01
 9.27804e-01
 9.27804e-01
 9.27348e-01
 9.27348e-01
 9.27348e-01
 9.27348e-01
 9.27348e-01
 9.27348e-01
 9.27348e-01
 9.27348e-01
 9.27348e-01
 9.27348e-01
 9.27348e-01
 9.27348e-01
 9.27348e-01
 9.27348e-01
 9.27348e-01
 9.27348e-01
 9.27348e-01
 9.27348e-01
 9.27348e-01
 9.27348e-01
 9.27348e-01
 9.27348e-01
 9.27348e-01
 9.27348e-01
 9.27348e-01
 9.27348e-01
 9.27348e-01
 9.27348e-01
 9.27348e-01
 9.27348e-01
 9.27348e-01
 9.27348e-01
 9.27348e-01
 9.27348e-01
 9.27348e-01
 9.27348e-01
 0.00000e+00
 0.00000e+00
 0.00000e+00
 0.00000e+00
 0.00000e+00
 0.00000e+00
 0.00000e+00
 0.00000e+00
 0.00000e+00
 0.00000e+00
 0.00000e+00
 0.00000e+00
 0.00000e+00
 0.00000e+00
 0.00000e+00
 0.00000e+00
 0.00000e+00
 0.00000e+00
 0.00000e+00
 0.00000e+00
 0.00000e+00
 0.00000e+00
 0.00000e+00
 0.00000e+00
 0.00000e+00
 0.00000e+00
 0.00000e+00
 0.00000e+00
 0.00000e+00
 0.00000e+00
 0.00000e+00
 0.00000e+00
 0.00000e+00
 0.00000e+00
 0.00000e+00
 0.00000e+00
part
         3
coordinates
 0.00000e+00
-8.93379e-16
 1.28170e-15
 6.85387e-15
-3.89730e-15
 0.00000e+00
 0.00000e+00
 4.90086e-15
-4.77168e-15
 4.98553e-15
-5.99474e-15
 0.00000e+00
 0.00000e+00
-6.90984e-15
 3.99932e-15
 3.52539e-15
-1.46003e-14
 0.00000e+00
 0.00000e+00
-1.59033e-14
 3.12995e-15
 1.29572e-14
-1.43369e-14
 0.00000e+00
 0.00000e+00
-3.72831e-16
-6.68470e-15
 1.84175e-14
-1.60391e-14
 0.00000e+00
 0.00000e+00
-2.04953e-15
-1.07390e-14
 7.24340e-15
-3.14632e-14
 0.00000e+00
 0.00000e+00
-7.55522e-15
 1.45840e-14
 6.46148e-15
-2.77298e-17
 0.00000e+00
 0.00000e+00
 8.01679e-15
-2.06804e-15
 4.69798e-15
 2.06922e-16
 0.00000e+00
 0.00000e+00
 3.49355e-15
-6.54016e-15
 1.01593e-14
-1.79594e-14
 0.00000e+00
 0.00000e+00
-1.33641e-14
-4.85074e-15
 2.09514e-14
-2.51714e-14
 0.00000e+00
 0.00000e+00
-4.91038e-15
-5.47189e-15
 1.83912e-14
-1.90974e-14
 0.00000e+00
 0.00000e+00
-8.19706e-15
-4.50578e-15
 3.52861e-15
-3.33847e-14
 0.00000e+00
 0.00000e+00
-7.22476e-15
-5.64850e-15
 2.26610e-14
-2.19949e-14
 0.00000e+00
 0.00000e+00
 1.66192e-15
-9.47905e-15
 1.10668e-14
-1.19143e-14
 0.00000e+00
 0.00000e+00
-6.76816e-15
-1.54091e-14
 1.93133e-14
-2.01093e-14
 0.00000e+00
 0.00000e+00
-7.76994e-15
-1.75985e-14
 3.03350e-14
-3.39402e-14
 0.00000e+00
 0.00000e+00
 5.71721e-15
-5.27414e-15
 2.56988e-14
-3.77846e-14
 0.00000e+00
 0.00000e+00
-9.37289e-15
-9.06367e-15
 1.46673e-14
-6.16636e-14
 0.00000e+00
 0.00000e+00
 1.48477e-16
 1.93875e-15
 2.61327e-14
-1.16702e-14
 0.00000e+00
 0.00000e+00
 2.41324e-15
 1.75549e-16
 7.41081e-15
-2.44723e-15
 0.00000e+00
 0.00000e+00
-5.52189e-15
 3.70847e-16
-4.43303e-15
-4.80160e-15
 0.00000e+00
 0.00000e+00
-9.11484e-15
 7.65056e-15
-5.51697e-15
-1.30084e-14
 0.00000e+00
 0.00000e+00
 1.07191e-14
 5.83198e-15
 2.81298e-15
-1.83638e-14
 0.00000e+00
 0.00000e+00
 7.79161e-15
-1.74087e-14
 4.92674e-15
-4.38031e-14
 0.00000e+00
 0.00000e+00
 8.97752e-15
-1.08164e-14
 1.33347e-14
-3.99917e-15
 0.00000e+00
 0.00000e+00
 7.93069e-15
-5.03866e-16
 6.86184e-15
 2.74424e-16
 0.00000e+00
 0.00000e+00
 9.30353e-15
-3.16047e-15
 1.53867e-14
-1.86370e-14
 0.00000e+00
 0.00000e+00
-6.70402e-15
 3.30813e-15
 4.36331e-15
-2.24615e-14
 0.00000e+00
 0.00000e+00
-8.00097e-15
 9.53703e-15
 1.24763e-15
-1.37590e-14
 0.00000e+00
 0.00000e+00
-3.13671e-15
-2.11426e-14
 9.00583e-15
-3.90950e-14
 0.00000e+00
 0.00000e+00
-5.80004e-15
-8.35088e-15
 3.07582e-14
-9.66793e-15
 0.00000e+00
 0.00000e+00
-5.87688e-15
-1.77791e-15
 1.29081e-14
-1.05543e-15
 0.00000e+00
 0.00000e+00
 3.13057e-15
-4.38412e-15
 8.64956e-15
-1.35373e-14
 0.00000e+00
 0.00000e+00
-1.93678e-15
 2.06162e-15
-2.31015e-15
-1.81942e-14
 0.00000e+00
 0.00000e+00
 3.37233e-15
 4.45263e-15
 1.00628e-15
-1.73149e-14
 0.00000e+00
 0.00000e+00
 1.01767e-14
-2.47149e-14
 9.42480e-15
-4.83376e-14
 0.00000e+00
 0.00000e+00
-9.08651e-15
 5.36656e-15
 8.80268e-15
 1.81501e-15
 0.00000e+00
 0.00000e+00
-9.36345e-15
 4.86977e-15
-4.51707e-15
 1.20942e-14
 0.00000e+00
 0.00000e+00
 3.52955e-15
-2.35639e-15
 8.82563e-15
-7.44482e-15
 0.00000e+00
 0.00000e+00
 2.36589e-15
-4.70917e-15
 2.04710e-14
-2.72211e-14
 0.00000e+00
 0.00000e+00
-6.89099e-16
 6.94083e-15
-5.87225e-15
-5.83350e-15
 0.00000e+00
 0.00000e+00
-1.01401e-14
 3.72963e-16
-3.13124e-14
-9.96157e-15
 0.00000e+00
 0.00000e+00
 7.26091e-15
-3.80441e-15
-4.04003e-15
-4.24732e-16
 0.00000e+00
 0.00000e+00
 1.13633e-14
-7.54893e-15
-6.25304e-15
 1.09352e-14
 0.00000e+00
 0.00000e+00
 1.72616e-14
-9.54376e-15
 6.76021e-15
-3.22148e-15
 0.00000e+00
 0.00000e+00
 8.05430e-16
-3.98136e-15
 1.52880e-14
-2.28001e-14
 0.00000e+00
 0.00000e+00
-1.12069e-14
 6.52044e-15
-1.39208e-15
-6.27412e-15
 0.00000e+00
 0.00000e+00
-2.22517e-14
-4.44261e-16
-2.30684e-14
-1.50418e-14
 0.00000e+00
 0.00000e+00
 1.04213e-14
-2.81971e-15
 1.75957e-15
-6.71774e-15
 0.00000e+00
 0.00000e+00
 8.43232e-15
 2.59048e-15
-8.47270e-15
-1.14129e-15
 0.00000e+00
 0.00000e+00
 9.63535e-15
-2.61361e-15
 7.90088e-16
-8.12372e-15
 0.00000e+00
 0.00000e+00
 6.40816e-16
-5.25270e-15
 1.31432e-14
-2.09041e-14
 0.00000e+00
 0.00000e+00
-6.86773e-15
 3.26834e-16
 7.55673e-15
-7.05376e-15
 0.00000e+00
 0.00000e+00
-1.69317e-14
-1.06064e-14
-1.77270e-15
-1.39329e-14
 0.00000e+00
 0.00000e+00
 5.88818e-15
-6.90443e-15
 7.20496e-15
-1.47614e-14
 0.00000e+00
 0.00000e+00
 5.84574e-15
-9.38391e-15
 2.21963e-15
-1.24425e-14
 0.00000e+00
 0.00000e+00
 3.50867e-15
-4.63525e-15
 4.70701e-15
-6.61894e-15
 0.00000e+00
 0.00000e+00
-9.24441e-15
 1.11133e-14
 2.92462e-15
-1.62572e-14
 0.00000e+00
 0.00000e+00
 4.32912e-17
 4.20765e-15
 6.94882e-15
-1.74211e-14
 0.00000e+00
 0.00000e+00
 5.33359e-15
-2.58570e-14
 3.97683e-15
-2.36698e-14
 0.00000e+00
 0.00000e+00
 7.07798e-15
-6.06709e-15
 4.61647e-15
-9.89169e-15
 0.00000e+00
 0.00000e+00
 4.30840e-15
-7.95607e-15
-1.92719e-16
 4.08277e-15
 0.00000e+00
 0.00000e+00
 2.03663e-15
-1.81175e-16
-6.98910e-15
 1.66597e-14
 0.00000e+00
 0.00000e+00
-8.85914e-15
 2.34975e-14
-1.81251e-14
 1.09631e-15
 0.00000e+00
 0.00000e+00
-7.28982e-15
 1.88915e-14
-8.44812e-15
-1.99373e-15
 0.00000e+00
 0.00000e+00
-4.85214e-15
-1.67609e-14
-5.02265e-15
-5.36590e-15
 0.00000e+00
 0.00000e+00
 1.87386e-15
 7.38532e-15
-1.26953e-14
 8.67404e-15
 0.00000e+00
 0.00000e+00
 2.37261e-15
 7.14188e-15
-9.25893e-15
 3.56421e-15
 0.00000e+00
 0.00000e+00
 9.26295e-15
 8.65925e-15
-1.29959e-14
 5.71539e-15
 0.00000e+00
 0.00000e+00
 7.32775e-16
 1.37757e-14
-1.75679e-14
 1.35430e-15
 0.00000e+00
 0.00000e+00
-2.15805e-15
 7.20368e-15
-6.03073e-15
 6.39591e-15
 0.00000e+00
 0.00000e+00
 2.28465e-15
-1.76160e-14
-1.49855e-14
 5.33963e-15
 0.00000e+00
 0.00000e+00
-7.67285e-15
 5.58345e-15
-1.09690e-14
 9.19417e-15
 0.00000e+00
 0.00000e+00
-1.09438e-14
 5.84922e-15
-9.43791e-15
 8.66399e-15
 0.00000e+00
 0.00000e+00
-6.58152e-15
 1.57675e-14
-2.10293e-14
 1.47509e-14
 0.00000e+00
 0.00000e+00
 7.99901e-16
 1.30572e-14
-5.30038e-15
 9.60837e-17
 0.00000e+00
 0.00000e+00
 1.00932e-14
-5.43955e-15
 1.43066e-14
-1.06255e-14
 0.00000e+00
 0.00000e+00
 8.47154e-15
-1.94409e-14
-3.51827e-15
-1.20029e-14
 0.00000e+00
 0.00000e+00
-9.45698e-15
 4.35893e-15
-8.54497e-15
-2.14906e-15
 0.00000e+00
 0.00000e+00
-2.55772e-15
 9.21429e-16
-3.15988e-15
-3.33899e-15
 0.00000e+00
 0.00000e+00
-2.95239e-15
 1.46875e-14
-1.13540e-14
 6.07269e-15
 0.00000e+00
 0.00000e+00
-8.09847e-15
 2.02272e-14
-5.18451e-15
 2.93834e-16
 0.00000e+00
 0.00000e+00
 3.47620e-15
-7.36392e-16
 7.88873e-15
 1.63371e-15
 0.00000e+00
 0.00000e+00
 1.65443e-15
-1.53959e-14
-8.13148e-15
 4.11759e-15
 0.00000e+00
 0.00000e+00
 6.16346e-16
 8.68991e-15
-1.08092e-14
 8.96902e-15
 0.00000e+00
 0.00000e+00
 1.38051e-15
 1.62615e-14
-1.90585e-14
 7.75577e-15
 0.00000e+00
 0.00000e+00
 2.84236e-15
 2.73232e-14
-2.28155e-14
 1.29481e-14
 0.00000e+00
 0.00000e+00
-4.07428e-15
 2.50550e-14
-9.67818e-15
 3.74776e-17
 0.00000e+00
 0.00000e+00
-3.41449e-15
 1.31710e-14
-2.41715e-15
 5.69636e-15
 0.00000e+00
 0.00000e+00
-1.29711e-14
 7.05451e-16
-1.78855e-14
 1.74538e-14
 0.00000e+00
 0.00000e+00
-9.25039e-16
 6.52850e-15
-3.18199e-14
 1.50388e-14
 0.00000e+00
 0.00000e+00
-3.35033e-15
 1.35065e-14
-2.74091e-14
 2.03438e-14
 0.00000e+00
 0.00000e+00
-3.42264e-16
 2.46599e-14
-2.68734e-14
 1.64449e-14
 0.00000e+00
 0.00000e+00
-7.89268e-15
 2.02274e-14
-6.33117e-15
-3.05737e-15
 0.00000e+00
 0.00000e+00
-8.80023e-15
 5.14729e-15
 1.21386e-14
 7.88986e-16
 0.00000e+00
 0.00000e+00
-8.71606e-15
-1.34352e-14
-7.90758e-15
 1.64204e-15
 0.00000e+00
 0.00000e+00
-3.70364e-15
 1.23203e-14
-1.89881e-14
 1.17326e-14
 0.00000e+00
 0.00000e+00
-1.16912e-15
 5.85884e-15
-1.73600e-14
 1.61393e-14
 0.00000e+00
 0.00000e+00
-7.14712e-16
 1.40065e-14
-2.09540e-14
 1.44463e-14
 0.00000e+00
 0.00000e+00
-1.03251e-14
 1.82238e-14
-6.29547e-15
 3.75141e-15
 0.00000e+00
 0.00000e+00
-1.88711e-15
 7.51444e-15
 6.56124e-17
 1.13462e-14
 0.00000e+00
 0.00000e+00
-4.06872e-15
-3.91201e-15
-2.61626e-14
 8.04082e-15
 0.00000e+00
 0.00000e+00
-1.42708e-14
 1.69264e-14
-1.61299e-14
-2.76610e-15
 0.00000e+00
 0.00000e+00
-1.26186e-14
 1.28865e-14
-1.71353e-14
 5.62540e-15
 0.00000e+00
 0.00000e+00
-6.37666e-15
 2.24040e-14
-3.16987e-14
 1.65723e-14
 0.00000e+00
 0.00000e+00
-6.99214e-15
 2.54786e-14
-2.22287e-14
 7.52494e-15
 0.00000e+00
 0.00000e+00
 3.65918e-15
 9.10691e-15
-8.45705e-15
 1.08512e-14
 0.00000e+00
 0.00000e+00
-9.23208e-16
-1.05599e-14
-2.43668e-14
 1.75903e-14
 0.00000e+00
 0.00000e+00
-7.94812e-15
 1.30589e-14
-1.41096e-14
-3.01417e-15
 0.00000e+00
 0.00000e+00
-4.64275e-15
 1.05783e-14
-1.07547e-14
 3.94520e-15
 0.00000e+00
 0.00000e+00
-1.20724e-15
 1.76494e-14
-1.85883e-14
 1.13559e-14
 0.00000e+00
 0.00000e+00
-1.25629e-14
 2.95162e-14
-2.54966e-14
 9.14999e-15
 0.00000e+00
 0.00000e+00
-5.04018e-15
 1.55890e-14
-8.77296e-15
 1.10363e-14
 0.00000e+00
 0.00000e+00
-4.90415e-15
-1.03444e-14
-8.39424e-15
 5.47938e-15
 0.00000e+00
 0.00000e+00
 3.50030e-15
-3.11477e-15
-8.86342e-16
-1.11305e-14
 0.00000e+00
 0.00000e+00
 1.83446e-15
 3.37156e-15
-5.96157e-15
-7.40127e-15
 0.00000e+00
 0.00000e+00
-3.56024e-15
 1.73480e-14
-2.08864e-14
 8.30952e-15
 0.00000e+00
 0.00000e+00
-1.18128e-14
 2.17188e-14
-3.26955e-14
 2.04619e-14
 0.00000e+00
 0.00000e+00
-4.52705e-15
 1.00083e-14
-1.47931e-14
 1.19882e-14
 0.00000e+00
 0.00000e+00
-5.00876e-16
-2.02564e-14
-6.79413e-15
 5.64340e-15
 0.00000e+00
 0.00000e+00
 1.25173e-14
 1.33107e-14
-5.06865e-15
 6.63502e-15
 0.00000e+00
 0.00000e+00
 8.46066e-15
 1.86474e-14
-8.70028e-15
 7.25499e-15
 0.00000e+00
 0.00000e+00
 1.10459e-14
 2.47166e-14
-1.35952e-14
 2.21302e-14
 0.00000e+00
 0.00000e+00
 3.35413e-15
 2.34882e-14
-1.27994e-14
 2.95209e-14
 0.00000e+00
 0.00000e+00
 2.43073e-15
 1.25987e-14
 5.86103e-15
 2.51382e-14
 0.00000e+00
 0.00000e+00
 3.78432e-15
-8.62751e-15
 7.74248e-15
 1.34858e-14
 0.00000e+00
 0.00000e+00
-1.31715e-14
 6.81330e-15
-2.85751e-14
-5.33809e-15
 0.00000e+00
 0.00000e+00
-9.43341e-15
 5.31974e-15
-2.36169e-14
-7.92502e-15
 0.00000e+00
 0.00000e+00
 2.00574e-15
 1.17217e-14
-2.12448e-14
-5.49627e-15
 0.00000e+00
 0.00000e+00
 4.07061e-16
 1.00548e-14
-2.40069e-14
 5.14839e-15
 0.00000e+00
 0.00000e+00
-6.66852e-15
-8.61855e-16
-1.04943e-14
 8.02902e-15
 0.00000e+00
 0.00000e+00
-9.60698e-15
-1.90578e-14
-1.80111e-14
-2.74274e-16
 0.00000e+00
 0.00000e+00
 4.36508e-16
 1.01525e-14
-1.34570e-14
 1.04767e-14
 0.00000e+00
 0.00000e+00
-1.23529e-15
 9.64669e-15
-8.74729e-15
 4.92127e-15
 0.00000e+00
 0.00000e+00
 5.72262e-15
 1.31013e-14
-3.60544e-15
-4.77569e-16
 0.00000e+00
 0.00000e+00
 1.85671e-15
 1.60914e-14
-2.84337e-15
 2.59886e-15
 0.00000e+00
 0.00000e+00
 1.19412e-15
 1.76121e-15
 4.57705e-15
 1.05101e-14
 0.00000e+00
 0.00000e+00
 5.53611e-15
-2.25117e-14
-4.93303e-16
 4.53297e-15
 0.00000e+00
 0.00000e+00
 9.00424e-15
 1.19120e-14
 8.71240e-15
 1.69578e-14
 0.00000e+00
 0.00000e+00
 8.90520e-15
 4.68986e-15
 8.03118e-15
 2.43619e-14
 0.00000e+00
 0.00000e+00
 1.31794e-14
 1.99485e-14
 5.45475e-15
 1.48671e-14
 0.00000e+00
 0.00000e+00
 5.87351e-15
 2.48114e-14
 1.03956e-14
 9.73798e-15
 0.00000e+00
 0.00000e+00
 7.49067e-15
 8.11632e-15
 1.01624e-14
 2.53795e-14
 0.00000e+00
 0.00000e+00
 2.76348e-16
-7.76032e-15
-2.90506e-17
 2.34969e-14
 0.00000e+00
 0.00000e+00
 5.15427e-15
-1.01900e-14
 4.85642e-15
 1.39763e-14
 0.00000e+00
 0.00000e+00
 2.95739e-15
-1.09304e-14
 1.36239e-15
 1.52853e-14
 0.00000e+00
 0.00000e+00
 4.44895e-15
 1.07641e-15
 2.18672e-15
 6.21945e-15
 0.00000e+00
 0.00000e+00
 3.89448e-15
 6.33115e-15
 4.02226e-15
-1.34052e-15
 0.00000e+00
 0.00000e+00
 2.41731e-15
 1.11043e-15
 5.78552e-16
 1.67199e-14
 0.00000e+00
 0.00000e+00
-7.55204e-15
-6.69924e-15
-1.24914e-14
 1.72006e-14
 0.00000e+00
 0.00000e+00
 1.34225e-15
-1.62531e-14
-1.47613e-14
 2.81008e-15
 0.00000e+00
 0.00000e+00
-3.57841e-15
-1.10041e-14
-2.04125e-14
 3.00324e-15
 0.00000e+00
 0.00000e+00
-2.15280e-15
-5.34153e-15
-1.49564e-14
-4.08575e-15
 0.00000e+00
 0.00000e+00
-1.10505e-14
-1.01288e-15
-7.45513e-15
-9.24574e-15
 0.00000e+00
 0.00000e+00
-8.60345e-15
-1.06254e-14
-1.16568e-14
 8.96235e-15
 0.00000e+00
 0.00000e+00
-9.57192e-15
-3.34702e-14
-2.07348e-14
 1.05332e-14
 0.00000e+00
 0.00000e+00
 1.92229e-15
-1.29817e-14
-1.01501e-14
 1.15578e-14
 0.00000e+00
 0.00000e+00
-3.08234e-15
-1.09615e-15
-1.67797e-14
 1.81794e-14
 0.00000e+00
 0.00000e+00
 1.01735e-15
 8.08966e-15
-8.70890e-15
 8.28321e-15
 0.00000e+00
 0.00000e+00
-6.16595e-15
 1.06124e-14
 3.21162e-15
 2.62261e-15
 0.00000e+00
 0.00000e+00
-1.09444e-15
 3.15019e-15
-4.83379e-15
 2.13243e-14
 0.00000e+00
 0.00000e+00
 1.58958e-15
-1.62239e-14
-1.62290e-14
 2.31686e-14
 0.00000e+00
 0.00000e+00
 1.10200e-14
 1.15708e-14
 3.14683e-15
 2.78549e-14
 0.00000e+00
 0.00000e+00
 7.38882e-15
 1.18584e-14
 4.30057e-15
 3.29514e-14
 0.00000e+00
 0.00000e+00
 1.01486e-14
 2.57996e-14
 8.50026e-15
 2.28760e-14
 0.00000e+00
 0.00000e+00
 6.33596e-15
 2.89940e-14
 9.72669e-15
 1.99405e-14
 0.00000e+00
 0.00000e+00
 9.49046e-15
 1.42232e-14
 1.15512e-14
 3.38788e-14
 0.00000e+00
 0.00000e+00
 1.01034e-14
-1.24956e-15
 2.97032e-15
 2.22092e-14
 0.00000e+00
 0.00000e+00
 0.00000e+00
 0.00000e+00
 0.00000e+00
 0.00000e+00
 0.00000e+00
 5.51487e-15
 9.74178e-15
 8.24115e-15
 1.14715e-15
-6.73443e-15
-4.22597e-15
 1.16124e-14
-6.54677e-15
-9.57977e-15
 8.65869e-15
 2.63519e-15
 2.69550e-15
-1.27909e-14
-2.56516e-15
-6.69754e-15
-1.13491e-14
 1.16105e-15
 1.18690e-14
 3.70429e-15
 5.72024e-15
 1.01480e-14
 7.31915e-15
-1.12417e-14
-1.63094e-14
 0.00000e+00
 0.00000e+00
 0.00000e+00
 0.00000e+00
 0.00000e+00
 0.00000e+00
 0.00000e+00
 0.00000e+00
 0.00000e+00
 0.00000e+00
 0.00000e+00
 0.00000e+00
-2.94412e-15
 1.19168e-14
 1.24471e-14
-2.97856e-15
-7.74916e-15
-2.70738e-15
 2.04868e-14
 1.02585e-15
-4.89104e-15
 1.67638e-14
 2.72836e-15
-1.00987e-14
-1.16046e-14
-8.73369e-15
-1.48712e-14
-1.75712e-14
-3.95808e-15
 1.27361e-14
 4.96878e-15
 5.14841e-15
 1.20813e-14
 8.79711e-15
-1.24133e-14
-1.55475e-14
 0.00000e+00
 0.00000e+00
 0.00000e+00
 0.00000e+00
 0.00000e+00
 0.00000e+00
 0.00000e+00
 0.00000e+00
 0.00000e+00
 0.00000e+00
 0.00000e+00
 0.00000e+00
 4.19887e-15
 1.01705e-14
 1.16394e-14
-5.90558e-15
-1.66388e-14
 2.63659e-15
 2.92060e-14
 1.79434e-14
-1.97087e-15
 9.46228e-15
 7.66168e-15
-3.37874e-15
-3.25559e-14
-2.24620e-14
-8.02486e-15
-1.01733e-14
-1.24542e-14
 7.33438e-15
 2.66286e-15
 5.52048e-15
 1.63462e-14
 1.96060e-14
-1.42888e-15
-1.61896e-15
 0.00000e+00
 0.00000e+00
 0.00000e+00
 0.00000e+00
 0.00000e+00
 0.00000e+00
 0.00000e+00
 0.00000e+00
 0.00000e+00
 0.00000e+00
 0.00000e+00
 0.00000e+00
 9.60525e-15
 1.40783e-14
 1.58128e-14
 3.49832e-16
-8.23200e-15
 9.27492e-15
 6.14464e-15
-3.97728e-15
-9.76635e-15
 3.28561e-15
-7.69207e-15
-1.43286e-14
-2.25962e-14
-1.46355e-14
-1.43259e-15
 7.05900e-15
 7.67288e-15
 2.46236e-14
 8.53269e-15
 1.14921e-14
 8.70612e-17
 1.92547e-15
-9.29816e-15
-2.23039e-14
 0.00000e+00
 0.00000e+00
 0.00000e+00
 0.00000e+00
 0.00000e+00
 0.00000e+00
 0.00000e+00
 0.00000e+00
 0.00000e+00
 0.00000e+00
 0.00000e+00
 0.00000e+00
 1.36301e-14
 6.70881e-15
 4.42502e-15
 1.60178e-15
-8.81942e-15
-2.61619e-16
-9.65742e-15
-2.78425e-15
 3.09669e-16
 1.09888e-14
-2.21048e-15
-1.73379e-14
 1.46426e-14
-1.14027e-16
-5.79623e-16
-2.16693e-15
-6.06571e-15
 2.43379e-14
 4.43685e-15
 1.71252e-14
 5.65792e-15
-1.23540e-15
-8.98767e-15
-1.76633e-14
 0.00000e+00
 0.00000e+00
 0.00000e+00
 0.00000e+00
 0.00000e+00
 0.00000e+00
 0.00000e+00
 0.00000e+00
 0.00000e+00
 0.00000e+00
 0.00000e+00
 0.00000e+00
 4.48781e-15
 5.87091e-15
 1.48971e-14
 6.62376e-15
-1.84634e-15
 1.87695e-14
-7.83018e-16
 4.77666e-15
 2.14194e-15
 4.14170e-15
-9.77665e-15
-2.31678e-14
 2.33157e-14
 2.03407e-16
 2.96287e-17
 5.04241e-15
-2.33449e-15
 2.18556e-14
-8.26534e-15
 8.15664e-15
 1.55400e-15
 3.72972e-15
-3.33207e-15
-1.62799e-14
 0.00000e+00
 0.00000e+00
 0.00000e+00
 0.00000e+00
 0.00000e+00
 0.00000e+00
 0.00000e+00
 0.00000e+00
 0.00000e+00
 0.00000e+00
 0.00000e+00
 0.00000e+00
 6.20436e-15
 9.89257e-16
 2.10357e-15
-5.92951e-15
-1.64759e-14
 2.80902e-15
-6.87488e-15
 1.71381e-15
-3.57867e-16
 1.49986e-14
 6.45954e-15
-1.34265e-14
-1.49426e-15
-4.44631e-15
 3.07226e-15
-1.87643e-15
-6.66150e-15
 1.64806e-14
 1.00363e-14
 4.66719e-15
 5.63009e-15
-1.68457e-15
-1.70366e-14
-6.10905e-15
 0.00000e+00
 0.00000e+00
 0.00000e+00
 0.00000e+00
 0.00000e+00
 0.00000e+00
 0.00000e+00
 0.00000e+00
 0.00000e+00
 0.00000e+00
 0.00000e+00
 0.00000e+00
-7.50863e-15
-5.86373e-15
-8.27500e-15
-1.31073e-14
-1.29089e-14
 1.83044e-15
 1.67387e-16
 4.45967e-15
 5.65190e-15
 2.45383e-14
 1.10177e-14
-5.99848e-15
 2.16177e-14
 9.33380e-15
 3.25908e-15
 1.87742e-15
 2.45592e-15
 1.80136e-14
 9.13283e-15
 7.57451e-15
 8.62577e-15
-6.91489e-15
-2.36631e-14
-1.10002e-14
 0.00000e+00
 0.00000e+00
 0.00000e+00
 0.00000e+00
 0.00000e+00
 0.00000e+00
 0.00000e+00
 0.00000e+00
 0.00000e+00
 0.00000e+00
 0.00000e+00
 0.00000e+00
 9.74370e-15
 5.86161e-15
 1.05759e-14
-1.81795e-15
-1.14034e-14
 8.35251e-15
-7.94750e-15
-1.12548e-14
-1.79027e-14
-8.69008e-17
 5.49013e-15
-8.95644e-16
 1.64155e-14
 6.65493e-15
 4.63413e-15
 3.77841e-15
-1.29365e-15
 1.22215e-14
 2.20014e-14
 1.51226e-14
-1.65747e-16
-4.36462e-15
-1.18917e-14
-5.25929e-15
 0.00000e+00
 0.00000e+00
 0.00000e+00
 0.00000e+00
 0.00000e+00
 0.00000e+00
 0.00000e+00
 0.00000e+00
 0.00000e+00
 0.00000e+00
 0.00000e+00
 0.00000e+00
 1.12893e-14
 1.26966e-14
 9.48090e-15
 2.57153e-15
 1.47182e-15
 1.60579e-14
-1.54685e-14
-1.92244e-14
-1.25727e-14
 3.00321e-15
-1.36523e-16
 5.29386e-15
 5.34413e-15
-2.34480e-15
 2.80078e-15
 1.27139e-14
 4.90738e-16
 4.14357e-15
-3.62031e-15
 1.22296e-14
 4.32067e-15
-1.27201e-14
-1.18819e-14
-1.94418e-15
 0.00000e+00
 0.00000e+00
 0.00000e+00
 0.00000e+00
 0.00000e+00
 0.00000e+00
 0.00000e+00
 0.00000e+00
 0.00000e+00
 0.00000e+00
 0.00000e+00
 0.00000e+00
 7.91320e-15
 4.39287e-15
 1.15982e-15
-1.20503e-15
 8.93136e-16
 1.34522e-14
-1.66072e-14
-1.02218e-14
 1.20478e-15
 5.29228e-15
-1.21008e-15
 3.76742e-15
 1.78738e-14
 6.18666e-15
 5.57460e-15
 1.93547e-14
 2.09178e-15
-1.13973e-15
-1.71776e-15
 7.85587e-15
-7.39284e-15
-1.56524e-14
-4.31979e-15
 8.02090e-15
 0.00000e+00
 0.00000e+00
 0.00000e+00
 0.00000e+00
 0.00000e+00
 0.00000e+00
 0.00000e+00
 0.00000e+00
 0.00000e+00
 0.00000e+00
 0.00000e+00
 0.00000e+00
-2.11956e-15
-4.61160e-15
-1.01367e-14
-5.49115e-15
-5.86553e-15
-2.77228e-15
-1.68771e-14
-1.06921e-14
 1.94835e-15
 2.89145e-15
-6.37801e-16
 1.03142e-14
 2.87278e-14
 8.19726e-15
-1.46333e-15
 1.58531e-14
 7.74723e-15
 8.45233e-15
-5.14604e-15
 9.58200e-15
 3.23861e-15
-1.29752e-14
-1.22049e-14
 1.89784e-15
 0.00000e+00
 0.00000e+00
 0.00000e+00
 0.00000e+00
 0.00000e+00
 0.00000e+00
 0.00000e+00
 0.00000e+00
 0.00000e+00
 0.00000e+00
 0.00000e+00
 0.00000e+00
 1.23198e-14
 6.47058e-15
-5.48393e-16
-7.20417e-16
-7.50024e-15
-2.33549e-15
-2.10589e-14
-9.99697e-15
 9.96954e-15
 4.33853e-15
-6.06801e-15
 1.42531e-14
 8.10814e-15
 7.33894e-15
-1.11396e-14
 7.97257e-15
 1.41167e-14
-2.71014e-15
 1.83034e-15
 5.55915e-15
 4.18269e-15
-1.25738e-14
-1.84058e-14
-1.97224e-15
 0.00000e+00
 0.00000e+00
 0.00000e+00
 0.00000e+00
 0.00000e+00
 0.00000e+00
 0.00000e+00
 0.00000e+00
 0.00000e+00
 0.00000e+00
 0.00000e+00
 0.00000e+00
-1.89257e-15
 2.80611e-15
 2.16957e-15
 4.72882e-15
 2.46215e-15
 1.02988e-14
-1.06221e-14
-1.79962e-14
-3.05155e-15
 6.66527e-15
 3.06540e-16
 1.66883e-14
 6.64882e-15
 7.66369e-15
-6.21725e-16
 1.09140e-14
 1.52384e-14
 8.14951e-15
-5.21361e-16
 5.10747e-15
 2.08195e-15
-1.78710e-14
-2.26004e-14
-4.19459e-15
 0.00000e+00
 0.00000e+00
 0.00000e+00
 0.00000e+00
 0.00000e+00
 0.00000e+00
 0.00000e+00
 0.00000e+00
 0.00000e+00
 0.00000e+00
 0.00000e+00
 0.00000e+00
 1.73326e-15
-7.73050e-16
 9.00186e-15
 1.46500e-14
 3.20540e-15
 9.15340e-15
-1.68164e-14
-1.30544e-14
-6.46234e-15
-4.16663e-15
-5.84724e-15
 2.78267e-15
 2.20535e-14
 1.71664e-14
 3.41538e-15
 1.33262e-14
 1.15546e-14
 6.60793e-15
-6.83089e-15
-7.49871e-15
-1.29022e-14
-2.40674e-14
-2.19640e-14
-1.43323e-16
 0.00000e+00
 0.00000e+00
 0.00000e+00
 0.00000e+00
 0.00000e+00
 0.00000e+00
 0.00000e+00
 0.00000e+00
 0.00000e+00
 0.00000e+00
 0.00000e+00
 0.00000e+00
-4.45423e-15
-5.98751e-15
-1.81151e-15
 9.92211e-15
 1.27605e-14
 2.55898e-14
-1.02499e-14
-6.10252e-15
 5.97798e-15
 9.80962e-15
-2.39959e-15
-5.36685e-15
 1.37220e-14
 2.25654e-15
-1.49971e-14
 3.97734e-15
 1.58742e-14
 1.63410e-14
-6.47306e-15
 2.39194e-15
-1.88740e-15
-2.23133e-14
-2.61903e-14
-1.06230e-14
 0.00000e+00
 0.00000e+00
 0.00000e+00
 0.00000e+00
 0.00000e+00
 0.00000e+00
 0.00000e+00
 0.00000e+00
 0.00000e+00
 0.00000e+00
 0.00000e+00
 0.00000e+00
-7.04275e-15
-2.85449e-15
-5.42886e-15
-6.70927e-15
-2.34685e-15
 9.51339e-15
 6.87407e-15
-2.79770e-15
 4.17675e-15
 1.62345e-14
 5.02710e-15
 8.61148e-15
-1.66367e-15
-7.94043e-16
-1.37894e-14
-1.11082e-15
 1.37094e-14
 1.54656e-14
 1.05624e-15
 9.44935e-15
 8.72023e-15
-1.45766e-14
-3.28811e-14
-1.95475e-14
 0.00000e+00
 0.00000e+00
 0.00000e+00
 0.00000e+00
 0.00000e+00
 0.00000e+00
 0.00000e+00
 0.00000e+00
 0.00000e+00
 0.00000e+00
 0.00000e+00
 0.00000e+00
-1.72123e-15
-1.49790e-15
-5.67029e-15
-1.19532e-14
-1.08005e-14
 6.28331e-15
-4.50989e-15
-1.35856e-15
 1.80395e-14
 2.20398e-14
 8.15766e-15
 2.00111e-14
 5.25821e-16
 3.29696e-16
-1.31099e-14
 3.45103e-15
 9.34041e-15
 3.77889e-15
-4.31630e-15
 3.95622e-15
-2.48493e-15
-2.30080e-14
-2.07818e-14
 9.31692e-16
 0.00000e+00
 0.00000e+00
 0.00000e+00
 0.00000e+00
 0.00000e+00
 0.00000e+00
 0.00000e+00
 0.00000e+00
 0.00000e+00
 0.00000e+00
 0.00000e+00
 0.00000e+00
-1.56286e-15
 1.44845e-16
-2.63814e-15
 4.96970e-17
 1.09476e-15
 1.39577e-14
 5.46416e-16
-3.32901e-15
 7.65456e-15
 1.02244e-14
-1.48587e-15
 9.51992e-15
 1.07086e-14
 4.41426e-15
 2.46785e-15
 1.44158e-14
 1.32918e-14
 1.60013e-14
-1.14509e-14
-4.88431e-15
-1.79917e-14
-2.71061e-14
-2.36303e-14
-1.57797e-14
 0.00000e+00
 0.00000e+00
 0.00000e+00
 0.00000e+00
 0.00000e+00
 0.00000e+00
 0.00000e+00
 0.00000e+00
 0.00000e+00
 0.00000e+00
 0.00000e+00
 0.00000e+00
-3.30068e-15
-4.62933e-15
 2.34064e-16
 4.08705e-15
-5.06638e-15
 4.74643e-15
-2.00705e-15
-5.09890e-15
-1.95961e-15
-5.23626e-15
-5.04905e-15
 1.64780e-14
 1.83789e-14
 1.17794e-14
 1.22285e-14
 1.79525e-14
 1.35392e-14
 1.60315e-14
-1.78914e-14
-9.07573e-15
-2.52068e-14
-3.08056e-14
-2.42208e-14
-2.15862e-14
 0.00000e+00
 0.00000e+00
 0.00000e+00
 0.00000e+00
 0.00000e+00
 0.00000e+00
 0.00000e+00
 0.00000e+00
 0.00000e+00
 0.00000e+00
 0.00000e+00
 0.00000e+00
 6.14593e-15
 5.68647e-16
 1.02890e-15
 8.90951e-15
 3.86705e-15
 1.03700e-14
-1.51195e-14
-8.27927e-15
-4.28934e-15
-6.73081e-15
-3.82741e-15
 1.55506e-14
 2.14795e-14
 9.40318e-15
-3.56598e-15
 7.61194e-15
 6.48789e-15
 1.20763e-14
-1.47578e-14
-5.81215e-15
-1.17445e-14
-1.65359e-14
-1.71907e-14
-1.39252e-14
 0.00000e+00
 0.00000e+00
 0.00000e+00
 0.00000e+00
 0.00000e+00
 0.00000e+00
 0.00000e+00
 0.00000e+00
 0.00000e+00
 0.00000e+00
 0.00000e+00
 0.00000e+00
-2.50788e-15
-1.14931e-15
-1.30625e-15
 6.60259e-15
 5.76648e-15
 8.12171e-15
-2.09141e-14
-1.05367e-14
 3.80363e-15
 3.80366e-15
-1.37814e-15
 1.38002e-14
 2.04152e-14
 6.30497e-15
-1.10347e-14
-5.15262e-15
 2.41078e-15
 1.38174e-14
-3.08346e-15
-2.78819e-15
-1.01654e-14
-1.71386e-14
-1.97280e-14
-1.81496e-14
 0.00000e+00
 0.00000e+00
 0.00000e+00
 0.00000e+00
 0.00000e+00
 0.00000e+00
 0.00000e+00
 0.00000e+00
 0.00000e+00
 0.00000e+00
 0.00000e+00
 0.00000e+00
 5.66503e-15
 6.35880e-15
 2.61788e-15
 6.93127e-15
 1.53854e-15
 5.22831e-15
-1.99685e-14
-1.47134e-14
-1.59510e-15
 9.09688e-15
 6.77360e-15
 1.08420e-14
 2.32015e-14
 1.11643e-14
 1.26261e-15
 4.39852e-16
 7.72404e-15
 2.17211e-14
-1.13783e-14
-3.62052e-15
-1.07782e-14
-2.29609e-14
-2.85055e-14
-2.12297e-14
 0.00000e+00
 0.00000e+00
 0.00000e+00
 0.00000e+00
 0.00000e+00
 0.00000e+00
 0.00000e+00
 0.00000e+00
 0.00000e+00
 0.00000e+00
 0.00000e+00
 0.00000e+00
 6.12967e-15
 7.19866e-15
 2.24913e-15
-5.16513e-15
-9.95137e-15
 2.78730e-15
-1.93402e-14
-2.02939e-14
 2.38203e-16
 2.35514e-14
 9.85164e-15
 4.34859e-15
 2.66450e-14
 2.25656e-14
 6.89487e-15
-2.38854e-16
 1.08376e-14
 2.59886e-14
-8.52055e-15
-7.37909e-15
-1.32953e-14
-2.57494e-14
-3.19233e-14
-2.21576e-14
 0.00000e+00
 0.00000e+00
 0.00000e+00
 0.00000e+00
 0.00000e+00
 0.00000e+00
 0.00000e+00
 0.00000e+00
 0.00000e+00
 0.00000e+00
 0.00000e+00
 0.00000e+00
 9.22438e-15
 7.92827e-15
 6.93255e-15
 5.93909e-15
-2.51330e-15
 3.09804e-15
-1.74178e-14
-1.67361e-14
-4.14437e-15
 1.43422e-14
 7.87841e-15
 3.28606e-15
 2.08348e-14
 1.93483e-14
 1.06046e-14
 8.54246e-15
 7.96053e-15
 1.86581e-14
-8.92933e-15
-1.13354e-14
-1.65371e-14
-2.30463e-14
-2.60459e-14
-6.77187e-15
 0.00000e+00
 0.00000e+00
 0.00000e+00
 0.00000e+00
 0.00000e+00
 0.00000e+00
 0.00000e+00
 0.00000e+00
 0.00000e+00
 0.00000e+00
 0.00000e+00
 0.00000e+00
 9.93239e-15
 3.44524e-15
 8.02251e-15
 8.47664e-15
-6.32280e-16
 5.58224e-15
-1.09634e-14
-8.86274e-15
-4.04265e-15
 1.18794e-14
 1.25764e-14
 1.44167e-14
 2.13456e-14
 1.15083e-14
 2.16138e-15
 3.39428e-15
-9.35526e-16
 8.57014e-15
-9.22585e-15
-2.26521e-15
-9.46625e-15
-2.55950e-14
-1.70699e-14
-4.50595e-15
 0.00000e+00
 0.00000e+00
 0.00000e+00
 0.00000e+00
 0.00000e+00
 0.00000e+00
 0.00000e+00
 0.00000e+00
 0.00000e+00
 0.00000e+00
 0.00000e+00
 0.00000e+00
 2.83103e-15
-3.14452e-15
 2.47005e-15
 6.17531e-15
-5.46323e-15
 4.61915e-15
-1.10895e-14
-9.72797e-15
-4.19072e-15
 1.50689e-14
 1.67460e-14
 1.41492e-14
 1.98236e-14
 9.88630e-15
 5.12844e-15
 6.12773e-15
 3.62726e-15
 1.49109e-14
-1.05722e-14
 1.26271e-15
-3.83441e-15
-2.55094e-14
-2.39859e-14
-1.31376e-14
 0.00000e+00
 0.00000e+00
 0.00000e+00
 0.00000e+00
 0.00000e+00
 0.00000e+00
 0.00000e+00
 0.00000e+00
 0.00000e+00
 0.00000e+00
 0.00000e+00
 0.00000e+00
 1.75731e-15
-2.33361e-15
-1.75459e-15
 2.23851e-15
 5.36561e-16
 8.37702e-15
-1.22248e-14
-9.55476e-15
 6.76107e-15
 2.07053e-14
 1.17336e-14
 7.51813e-15
 2.51660e-14
 1.80748e-14
 4.17258e-15
 1.25796e-15
 7.15152e-15
 2.37795e-14
-8.61871e-15
 9.76864e-16
-4.70905e-15
-1.28384e-14
-2.09044e-14
-1.52599e-14
 0.00000e+00
 0.00000e+00
 0.00000e+00
 0.00000e+00
 0.00000e+00
 0.00000e+00
 9.27804e-01
 9.27804e-01
 9.27804e-01
 9.27804e-01
 9.27804e-01
 9.27804e-01
 9.27804e-01
 9.27804e-01
 9.27804e-01
 9.27804e-01
 9.27804e-01
 9.27804e-01
 9.27804e-01
 9.27804e-01
 9.27804e-01
 9.27804e-01
 9.27804e-01
 9.27804e-01
 9.27804e-01
 9.27804e-01
 9.27804e-01
 9.27804e-01
 9.27804e-01
 9.27804e-01
 9.27804e-01
 9.27804e-01
 9.27804e-01
 9.27804e-01
 9.27804e-01
 9.27804e-01
 9.27804e-01
 9.27804e-01
 9.27804e-01
 9.27804e-01
 9.27804e-01
 9.27804e-01
 9.27348e-01
 9.27348e-01
 9.27348e-01
 9.27348e-01
 9.27348e-01
 9.27348e-01
 9.27348e-01
 9.27348e-01
 9.27348e-01
 9.27348e-01
 9.27348e-01
 9.27348e-01
 9.27348e-01
 9.27348e-01
 9.27348e-01
 9.27348e-01
 9.27348e-01
 9.27348e-01
 9.27348e-01
 9.27348e-01
 9.27348e-01
 9.27348e-01
 9.27348e-01
 9.27348e-01
 9.27348e-01
 9.27348e-01
 9.27348e-01
 9.27348e-01
 9.27348e-01
 9.27348e-01
 9.27348e-01
 9.27348e-01
 9.27348e-01
 9.27348e-01
 9.27348e-01
 9.27348e-01
 9.27279e-01
 9.27279e-01
 9.27279e-01
 9.27279e-01
 9.27279e-01
 9.27279e-01
 9.27279e-01
 9.27279e-01
 9.27279e-01
 9.27279e-01
 9.27279e-01
 9.27279e-01
 9.27279e-01
 9.27279e-01
 9.27279e-01
 9.27279e-01
 9.27279e-01
 9.27279e-01
 9.27279e-01
 9.27279e-01
 9.27279e-01
 9.27279e-01
 9.27279e-01
 9.27279e-01
 9.27279e-01
 9.27279e-01
 9.27279e-01
 9.27279e-01
 9.27279e-01
 9.27279e-01
 9.27279e-01
 9.27279e-01
 9.27279e-01
 9.27279e-01
 9.27279e-01
 9.27279e-01
 9.27216e-01
 9.27216e-01
 9.27216e-01
 9.27216e-01
 9.27216e-01
 9.27216e-01
 9.27216e-01
 9.27216e-01
 9.27216e-01
 9.27216e-01
 9.27216e-01
 9.27216e-01
 9.27216e-01
 9.27216e-01
 9.27216e-01
 9.27216e-01
 9.27216e-01
 9.27216e-01
 9.27216e-01
 9.27216e-01
 9.27216e-01
 9.27216e-01
 9.27216e-01
 9.27216e-01
 9.27216e-01
 9.27216e-01
 9.27216e-01
 9.27216e-01
 9.27216e-01
 9.27216e-01
 9.27216e-01
 9.27216e-01
 9.27216e-01
 9.27216e-01
 9.27216e-01
 9.27216e-01
 9.27156e-01
 9.27156e-01
 9.27156e-01
 9.27156e-01
 9.27156e-01
 9.27156e-01
 9.27156e-01
 9.27156e-01
 9.27156e-01
 9.27156e-01
 9.27156e-01
 9.27156e-01
 9.27156e-01
 9.27156e-01
 9.27156e-01
 9.27156e-01
 9.27156e-01
 9.27156e-01
 9.27156e-01
 9.27156e-01
 9.27156e-01
 9.27156e-01
 9.27156e-01
 9.27156e-01
 9.27156e-01
 9.27156e-01
 9.27156e-01
 9.27156e-01
 9.27156e-01
 9.27156e-01
 9.27156e-01
 9.27156e-01
 9.27156e-01
 9.27156e-01
 9.27156e-01
 9.27156e-01
 9.27098e-01
 9.27098e-01
 9.27098e-01
 9.27098e-01
 9.27098e-01
 9.27098e-01
 9.27098e-01
 9.27098e-01
 9.27098e-01
 9.27098e-01
 9.27098e-01
 9.27098e-01
 9.27098e-01
 9.27098e-01
 9.27098e-01
 9.27098e-01
 9.27098e-01
 9.27098e-01
 9.27098e-01
 9.27098e-01
 9.27098e-01
 9.27098e-01
 9.27098e-01
 9.27098e-01
 9.27098e-01
 9.27098e-01
 9.27098e-01
 9.27098e-01
 9.27098e-01
 9.27098e-01
 9.27098e-01
 9.27098e-01
 9.27098e-01
 9.27098e-01
 9.27098e-01
 9.27098e-01
 9.27041e-01
 9.27041e-01
 9.27041e-01
 9.27041e-01
 9.27041e-01
 9.27041e-01
 9.27041e-01
 9.27041e-01
 9.27041e-01
 9.27041e-01
 9.27041e-01
 9.27041e-01
 9.27041e-01
 9.27041e-01
 9.27041e-01
 9.27041e-01
 9.27041e-01
 9.27041e-01
 9.27041e-01
 9.27041e-01
 9.27041e-01
 9.27041e-01
 9.27041e-01
 9.27041e-01
 9.27041e-01
 9.27041e-01
 9.27041e-01
 9.27041e-01
 9.27041e-01
 9.27041e-01
 9.27041e-01
 9.27041e-01
 9.27041e-01
 9.27041e-01
 9.27041e-01
 9.27041e-01
 9.26983e-01
 9.26983e-01
 9.26983e-01
 9.26983e-01
 9.26983e-01
 9.26983e-01
 9.26983e-01
 9.26983e-01
 9.26983e-01
 9.26983e-01
 9.26983e-01
 9.26983e-01
 9.26983e-01
 9.26983e-01
 9.26983e-01
 9.26983e-01
 9.26983e-01
 9.26983e-01
 9.26983e-01
 9.26983e-01
 9.26983e-01
 9.26983e-01
 9.26983e-01
 9.26983e-01
 9.26983e-01
 9.26983e-01
 9.26983e-01
 9.26983e-01
 9.26983e-01
 9.26983e-01
 9.26983e-01
 9.26983e-01
 9.26983e-01
 9.26983e-01
 9.26983e-01
 9.26983e-01
 9.26922e-01
 9.26922e-01
 9.26922e-01
 9.26922e-01
 9.26922e-01
 9.26922e-01
 9.26922e-01
 9.26922e-01
 9.26922e-01
 9.26922e-01
 9.26922e-01
 9.26922e-01
 9.26922e-01
 9.26922e-01
 9.26922e-01
 9.26922e-01
 9.26922e-01
 9.26922e-01
 9.26922e-01
 9.26922e-01
 9.26922e-01
 9.26922e-01
 9.26922e-01
 9.26922e-01
 9.26922e-01
 9.26922e-01
 9.26922e-01
 9.26922e-01
 9.26922e-01
 9.26922e-01
 9.26922e-01
 9.26922e-01
 9.26922e-01
 9.26922e-01
 9.26922e-01
 9.26922e-01
 9.26857e-01
 9.26857e-01
 9.26857e-01
 9.26857e-01
 9.26857e-01
 9.26857e-01
 9.26857e-01
 9.26857e-01
 9.26857e-01
 9.26857e-01
 9.26857e-01
 9.26857e-01
 9.26857e-01
 9.26857e-01
 9.26857e-01
 9.26857e-01
 9.26857e-01
 9.26857e-01
 9.26857e-01
 9.26857e-01
 9.26857e-01
 9.26857e-01
 9.26857e-01
 9.26857e-01
 9.26857e-01
 9.26857e-01
 9.26857e-01
 9.26857e-01
 9.26857e-01
 9.26857e-01
 9.26857e-01
 9.26857e-01
 9.26857e-01
 9.26857e-01
 9.26857e-01
 9.26857e-01
 9.26789e-01
 9.26789e-01
 9.26789e-01
 9.26789e-01
 9.26789e-01
 9.26789e-01
 9.26789e-01
 9.26789e-01
 9.26789e-01
 9.26789e-01
 9.26789e-01
 9.26789e-01
 9.26789e-01
 9.26789e-01
 9.26789e-01
 9.26789e-01
 9.26789e-01
 9.26789e-01
 9.26789e-01
 9.26789e-01
 9.26789e-01
 9.26789e-01
 9.26789e-01
 9.26789e-01
 9.26789e-01
 9.26789e-01
 9.26789e-01
 9.26789e-01
 9.26789e-01
 9.26789e-01
 9.26789e-01
 9.26789e-01
 9.26789e-01
 9.26789e-01
 9.26789e-01
 9.26789e-01
 9.26716e-01
 9.26716e-01
 9.26716e-01
 9.26716e-01
 9.26716e-01
 9.26716e-01
 9.26716e-01
 9.26716e-01
 9.26716e-01
 9.26716e-01
 9.26716e-01
 9.26716e-01
 9.26716e-01
 9.26716e-01
 9.26716e-01
 9.26716e-01
 9.26716e-01
 9.26716e-01
 9.26716e-01
 9.26716e-01
 9.26716e-01
 9.26716e-01
 9.26716e-01
 9.26716e-01
 9.26716e-01
 9.26716e-01
 9.26716e-01
 9.26716e-01
 9.26716e-01
 9.26716e-01
 9.26716e-01
 9.26716e-01
 9.26716e-01
 9.26716e-01
 9.26716e-01
 9.26716e-01
 9.26640e-01
 9.26640e-01
 9.26640e-01
 9.26640e-01
 9.26640e-01
 9.26640e-01
 9.26640e-01
 9.26640e-01
 9.26640e-01
 9.26640e-01
 9.26640e-01
 9.26640e-01
 9.26640e-01
 9.26640e-01
 9.26640e-01
 9.26640e-01
 9.26640e-01
 9.26640e-01
 9.26640e-01
 9.26640e-01
 9.26640e-01
 9.26640e-01
 9.26640e-01
 9.26640e-01
 9.26640e-01
 9.26640e-01
 9.26640e-01
 9.26640e-01
 9.26640e-01
 9.26640e-01
 9.26640e-01
 9.26640e-01
 9.26640e-01
 9.26640e-01
 9.26640e-01
 9.26640e-01
 9.26562e-01
 9.26562e-01
 9.26562e-01
 9.26562e-01
 9.26562e-01
 9.26562e-01
 9.26562e-01
 9.26562e-01
 9.26562e-01
 9.26562e-01
 9.26562e-01
 9.26562e-01
 9.26562e-01
 9.26562e-01
 9.26562e-01
 9.26562e-01
 9.26562e-01
 9.26562e-01
 9.26562e-01
 9.26562e-01
 9.26562e-01
 9.26562e-01
 9.26562e-01
 9.26562e-01
 9.26562e-01
 9.26562e-01
 9.26562e-01
 9.26562e-01
 9.26562e-01
 9.26562e-01
 9.26562e-01
 9.26562e-01
 9.26562e-01
 9.26562e-01
 9.26562e-01
 9.26562e-01
 9.26484e-01
 9.26484e-01
 9.26484e-01
 9.26484e-01
 9.26484e-01
 9.26484e-01
 9.26484e-01
 9.26484e-01
 9.26484e-01
 9.26484e-01
 9.26484e-01
 9.26484e-01
 9.26484e-01
 9.26484e-01
 9.26484e-01
 9.26484e-01
 9.26484e-01
 9.26484e-01
 9.26484e-01
 9.26484e-01
 9.26484e-01
 9.26484e-01
 9.26484e-01
 9.26484e-01
 9.26484e-01
 9.26484e-01
 9.26484e-01
 9.26484e-01
 9.26484e-01
 9.26484e-01
 9.26484e-01
 9.26484e-01
 9.26484e-01
 9.26484e-01
 9.26484e-01
 9.26484e-01
 9.26406e-01
 9.26406e-01
 9.26406e-01
 9.26406e-01
 9.26406e-01
 9.26406e-01
 9.26406e-01
 9.26406e-01
 9.26406e-01
 9.26406e-01
 9.26406e-01
 9.26406e-01
 9.26406e-01
 9.26406e-01
 9.26406e-01
 9.26406e-01
 9.26406e-01
 9.26406e-01
 9.26406e-01
 9.26406e-01
 9.26406e-01
 9.26406e-01
 9.26406e-01
 9.26406e-01
 9.26406e-01
 9.26406e-01
 9.26406e-01
 9.26406e-01
 9.26406e-01
 9.26406e-01
 9.26406e-01
 9.26406e-01
 9.26406e-01
 9.26406e-01
 9.26406e-01
 9.26406e-01
 9.26330e-01
 9.26330e-01
 9.26330e-01
 9.26330e-01
 9.26330e-01
 9.26330e-01
 9.26330e-01
 9.26330e-01
 9.26330e-01
 9.26330e-01
 9.26330e-01
 9.26330e-01
 9.26330e-01
 9.26330e-01
 9.26330e-01
 9.26330e-01
 9.26330e-01
 9.26330e-01
 9.26330e-01
 9.26330e-01
 9.26330e-01
 9.26330e-01
 9.26330e-01
 9.26330e-01
 9.26330e-01
 9.26330e-01
 9.26330e-01
 9.26330e-01
 9.26330e-01
 9.26330e-01
 9.26330e-01
 9.26330e-01
 9.26330e-01
 9.26330e-01
 9.26330e-01
 9.26330e-01
 9.26258e-01
 9.26258e-01
 9.26258e-01
 9.26258e-01
 9.26258e-01
 9.26258e-01
 9.26258e-01
 9.26258e-01
 9.26258e-01
 9.26258e-01
 9.26258e-01
 9.26258e-01
 9.26258e-01
 9.26258e-01
 9.26258e-01
 9.26258e-01
 9.26258e-01
 9.26258e-01
 9.26258e-01
 9.26258e-01
 9.26258e-01
 9.26258e-01
 9.26258e-01
 9.26258e-01
 9.26258e-01
 9.26258e-01
 9.26258e-01
 9.26258e-01
 9.26258e-01
 9.26258e-01
 9.26258e-01
 9.26258e-01
 9.26258e-01
 9.26258e-01
 9.26258e-01
 9.26258e-01
 9.26188e-01
 9.26188e-01
 9.26188e-01
 9.26188e-01
 9.26188e-01
 9.26188e-01
 9.26188e-01
 9.26188e-01
 9.26188e-01
 9.26188e-01
 9.26188e-01
 9.26188e-01
 9.26188e-01
 9.26188e-01
 9.26188e-01
 9.26188e-01
 9.26188e-01
 9.26188e-01
 9.26188e-01
 9.26188e-01
 9.26188e-01
 9.26188e-01
 9.26188e-01
 9.26188e-01
 9.26188e-01
 9.26188e-01
 9.26188e-01
 9.26188e-01
 9.26188e-01
 9.26188e-01
 9.26188e-01
 9.26188e-01
 9.26188e-01
 9.26188e-01
 9.26188e-01
 9.26188e-01
 9.26118e-01
 9.26118e-01
 9.26118e-01
 9.26118e-01
 9.26118e-01
 9.26118e-01
 9.26118e-01
 9.26118e-01
 9.26118e-01
 9.26118e-01
 9.26118e-01
 9.26118e-01
 9.26118e-01
 9.26118e-01
 9.26118e-01
 9.26118e-01
 9.26118e-01
 9.26118e-01
 9.26118e-01
 9.26118e-01
 9.26118e-01
 9.26118e-01
 9.26118e-01
 9.26118e-01
 9.26118e-01
 9.26118e-01
 9.26118e-01
 9.26118e-01
 9.26118e-01
 9.26118e-01
 9.26118e-01
 9.26118e-01
 9.26118e-01
 9.26118e-01
 9.26118e-01
 9.26118e-01
 9.26042e-01
 9.26042e-01
 9.26042e-01
 9.26042e-01
 9.26042e-01
 9.26042e-01
 9.26042e-01
 9.26042e-01
 9.26042e-01
 9.26042e-01
 9.26042e-01
 9.26042e-01
 9.26042e-01
 9.26042e-01
 9.26042e-01
 9.26042e-01
 9.26042e-01
 9.26042e-01
 9.26042e-01
 9.26042e-01
 9.26042e-01
 9.26042e-01
 9.26042e-01
 9.26042e-01
 9.26042e-01
 9.26042e-01
 9.26042e-01
 9.26042e-01
 9.26042e-01
 9.26042e-01
 9.26042e-01
 9.26042e-01
 9.26042e-01
 9.26042e-01
 9.26042e-01
 9.26042e-01
 9.25951e-01
 9.25951e-01
 9.25951e-01
 9.25951e-01
 9.25951e-01
 9.25951e-01
 9.25951e-01
 9.25951e-01
 9.25951e-01
 9.25951e-01
 9.25951e-01
 9.25951e-01
 9.25951e-01
 9.25951e-01
 9.25951e-01
 9.25951e-01
 9.25951e-01
 9.25951e-01
 9.25951e-01
 9.25951e-01
 9.25951e-01
 9.25951e-01
 9.25951e-01
 9.25951e-01
 9.25951e-01
 9.25951e-01
 9.25951e-01
 9.25951e-01
 9.25951e-01
 9.25951e-01
 9.25951e-01
 9.25951e-01
 9.25951e-01
 9.25951e-01
 9.25951e-01
 9.25951e-01
 9.25829e-01
 9.25829e-01
 9.25829e-01
 9.25829e-01
 9.25829e-01
 9.25829e-01
 9.25829e-01
 9.25829e-01
 9.25829e-01
 9.25829e-01
 9.25829e-01
 9.25829e-01
 9.25829e-01
 9.25829e-01
 9.25829e-01
 9.25829e-01
 9.25829e-01
 9.25829e-01
 9.25829e-01
 9.25829e-01
 9.25829e-01
 9.25829e-01
 9.25829e-01
 9.25829e-01
 9.25829e-01
 9.25829e-01
 9.25829e-01
 9.25829e-01
 9.25829e-01
 9.25829e-01
 9.25829e-01
 9.25829e-01
 9.25829e-01
 9.25829e-01
 9.25829e-01
 9.25829e-01
 9.25652e-01
 9.25652e-01
 9.25652e-01
 9.25652e-01
 9.25652e-01
 9.25652e-01
 9.25652e-01
 9.25652e-01
 9.25652e-01
 9.25652e-01
 9.25652e-01
 9.25652e-01
 9.25652e-01
 9.25652e-01
 9.25652e-01
 9.25652e-01
 9.25652e-01
 9.25652e-01
 9.25652e-01
 9.25652e-01
 9.25652e-01
 9.25652e-01
 9.25652e-01
 9.25652e-01
 9.25652e-01
 9.25652e-01
 9.25652e-01
 9.25652e-01
 9.25652e-01
 9.25652e-01
 9.25652e-01
 9.25652e-01
 9.25652e-01
 9.25652e-01
 9.25652e-01
 9.25652e-01
 9.25377e-01
 9.25377e-01
 9.25377e-01
 9.25377e-01
 9.25377e-01
 9.25377e-01
 9.25377e-01
 9.25377e-01
 9.25377e-01
 9.25377e-01
 9.25377e-01
 9.25377e-01
 9.25377e-01
 9.25377e-01
 9.25377e-01
 9.25377e-01
 9.25377e-01
 9.25377e-01
 9.25377e-01
 9.25377e-01
 9.25377e-01
 9.25377e-01
 9.25377e-01
 9.25377e-01
 9.25377e-01
 9.25377e-01
 9.25377e-01
 9.25377e-01
 9.25377e-01
 9.25377e-01
 9.25377e-01
 9.25377e-01
 9.25377e-01
 9.25377e-01
 9.25377e-01
 9.25377e-01
 9.24934e-01
 9.24934e-01
 9.24934e-01
 9.24934e-01
 9.24934e-01
 9.24934e-01
 9.24934e-01
 9.24934e-01
 9.24934e-01
 9.24934e-01
 9.24934e-01
 9.24934e-01
 9.24934e-01
 9.24934e-01
 9.24934e-01
 9.24934e-01
 9.24934e-01
 9.24934e-01
 9.24934e-01
 9.24934e-01
 9.24934e-01
 9.24934e-01
 9.24934e-01
 9.24934e-01
 9.24934e-01
 9.24934e-01
 9.24934e-01
 9.24934e-01
 9.24934e-01
 9.24934e-01
 9.24934e-01
 9.24934e-01
 9.24934e-01
 9.24934e-01
 9.24934e-01
 9.24934e-01
 9.24193e-01
 9.24193e-01
 9.24193e-01
 9.24193e-01
 9.24193e-01
 9.24193e-01
 9.24193e-01
 9.24193e-01
 9.24193e-01
 9.24193e-01
 9.24193e-01
 9.24193e-01
 9.24193e-01
 9.24193e-01
 9.24193e-01
 9.24193e-01
 9.24193e-01
 9.24193e-01
 9.24193e-01
 9.24193e-01
 9.24193e-01
 9.24193e-01
 9.24193e-01
 9.24193e-01
 9.24193e-01
 9.24193e-01
 9.24193e-01
 9.24193e-01
 9.24193e-01
 9.24193e-01
 9.24193e-01
 9.24193e-01
 9.24193e-01
 9.24193e-01
 9.24193e-01
 9.24193e-01
 0.00000e+00
 0.00000e+00
 0.00000e+00
 0.00000e+00
 0.00000e+00
 0.00000e+00
 0.00000e+00
 0.00000e+00
 0.00000e+00
 0.00000e+00
 0.00000e+00
 0.00000e+00
 0.00000e+00
 0.00000e+00
 0.00000e+00
 0.00000e+00
 0.00000e+00
 0.00000e+00
 0.00000e+00
 0.00000e+00
 0.00000e+00
 0.00000e+00
 0.00000e+00
 0.00000e+00
 0.00000e+00
 0.00000e+00
 0.00000e+00
 0.00000e+00
 0.00000e+00
 0.00000e+00
 0.00000e+00
 0.00000e+00
 0.00000e+00
 0.00000e+00
 0.00000e+00
 0.00000e+00
part
         4
coordinates
 0.00000e+00
 1.34225e-15
-1.62531e-14
-1.47613e-14
 2.81008e-15
 0.00000e+00
 0.00000e+00
-3.57841e-15
-1.10041e-14
-2.04125e-14
 3.00324e-15
 0.00000e+00
 0.00000e+00
-2.15280e-15
-5.34153e-15
-1.49564e-14
-4.08575e-15
 0.00000e+00
 0.00000e+00
-1.10505e-14
-1.01288e-15
-7.45513e-15
-9.24574e-15
 0.00000e+00
 0.00000e+00
-8.60345e-15
-1.06254e-14
-1.16568e-14
 8.96235e-15
 0.00000e+00
 0.00000e+00
-9.57192e-15
-3.34702e-14
-2.07348e-14
 1.05332e-14
 0.00000e+00
 0.00000e+00
 1.92229e-15
-1.29817e-14
-1.01501e-14
 1.15578e-14
 0.00000e+00
 0.00000e+00
-3.08234e-15
-1.09615e-15
-1.67797e-14
 1.81794e-14
 0.00000e+00
 0.00000e+00
 1.01735e-15
 8.08966e-15
-8.70890e-15
 8.28321e-15
 0.00000e+00
 0.00000e+00
-6.16595e-15
 1.06124e-14
 3.21162e-15
 2.62261e-15
 0.00000e+00
 0.00000e+00
-1.09444e-15
 3.15019e-15
-4.83379e-15
 2.13243e-14
 0.00000e+00
 0.00000e+00
 1.58958e-15
-1.62239e-14
-1.62290e-14
 2.31686e-14
 0.00000e+00
 0.00000e+00
 1.10200e-14
 1.15708e-14
 3.14683e-15
 2.78549e-14
 0.00000e+00
 0.00000e+00
 7.38882e-15
 1.18584e-14
 4.30057e-15
 3.29514e-14
 0.00000e+00
 0.00000e+00
 1.01486e-14
 2.57996e-14
 8.50026e-15
 2.28760e-14
 0.00000e+00
 0.00000e+00
 6.33596e-15
 2.89940e-14
 9.72669e-15
 1.99405e-14
 0.00000e+00
 0.00000e+00
 9.49046e-15
 1.42232e-14
 1.15512e-14
 3.38788e-14
 0.00000e+00
 0.00000e+00
 1.01034e-14
-1.24956e-15
 2.97032e-15
 2.22092e-14
 0.00000e+00
 0.00000e+00
-2.56585e-15
 6.32907e-15
-1.84931e-14
 2.34933e-14
 0.00000e+00
 0.00000e+00
 3.00582e-15
 4.00054e-15
-1.62876e-14
 2.43901e-14
 0.00000e+00
 0.00000e+00
 2.48699e-15
 1.29693e-14
-9.24990e-15
 1.45753e-14
 0.00000e+00
 0.00000e+00
-4.30795e-15
 1.72990e-14
-6.63395e-15
 1.12348e-14
 0.00000e+00
 0.00000e+00
 2.26896e-15
 4.65537e-15
-5.46178e-15
 1.86603e-14
 0.00000e+00
 0.00000e+00
 5.45964e-15
-1.64517e-14
-9.12687e-15
 5.19082e-15
 0.00000e+00
 0.00000e+00
-1.27936e-14
-2.23175e-14
-2.41256e-14
 9.32698e-15
 0.00000e+00
 0.00000e+00
-1.28203e-14
-1.36697e-14
-2.67837e-14
 7.75183e-15
 0.00000e+00
 0.00000e+00
-9.64665e-15
-5.54531e-15
-2.00217e-14
-1.09501e-15
 0.00000e+00
 0.00000e+00
-1.46577e-14
-1.24196e-15
-1.90123e-14
-1.56908e-15
 0.00000e+00
 0.00000e+00
-1.66339e-14
-7.69882e-15
-2.60767e-14
 8.18486e-15
 0.00000e+00
 0.00000e+00
-2.23185e-14
-2.74391e-14
-2.59889e-14
-7.35327e-15
 0.00000e+00
 0.00000e+00
 3.43655e-15
-1.84783e-14
-2.91288e-15
 2.29596e-14
 0.00000e+00
 0.00000e+00
 7.47504e-16
-2.64194e-15
-5.75762e-15
 2.11570e-14
 0.00000e+00
 0.00000e+00
 1.05530e-15
 1.59673e-14
-6.37655e-15
 1.68115e-14
 0.00000e+00
 0.00000e+00
-9.03269e-17
 1.23528e-14
-1.95873e-15
 1.18363e-14
 0.00000e+00
 0.00000e+00
-4.15624e-15
 1.24591e-14
-1.39075e-15
 1.45691e-14
 0.00000e+00
 0.00000e+00
-1.24269e-14
 8.33177e-16
-8.71263e-15
 9.01537e-15
 0.00000e+00
 0.00000e+00
 1.83265e-14
 6.59764e-15
 9.40956e-15
 4.68277e-14
 0.00000e+00
 0.00000e+00
 1.19865e-14
 2.31585e-14
 8.79894e-15
 3.90056e-14
 0.00000e+00
 0.00000e+00
 1.50024e-14
 2.59259e-14
 1.24347e-14
 3.92359e-14
 0.00000e+00
 0.00000e+00
 1.41428e-14
 2.29892e-14
 1.75468e-14
 2.96383e-14
 0.00000e+00
 0.00000e+00
 1.86448e-14
 2.61598e-14
 1.51625e-14
 3.27032e-14
 0.00000e+00
 0.00000e+00
 2.33463e-14
 1.62559e-14
 1.00299e-14
 3.10091e-14
 0.00000e+00
 0.00000e+00
-1.01586e-14
-1.17066e-14
-1.64831e-14
 1.21426e-14
 0.00000e+00
 0.00000e+00
-8.61908e-15
-7.38521e-15
-1.85414e-14
 1.45610e-14
 0.00000e+00
 0.00000e+00
-1.00054e-14
-2.01783e-15
-1.15681e-14
 1.13322e-14
 0.00000e+00
 0.00000e+00
-1.13162e-14
-4.57837e-15
-7.39840e-15
 5.17288e-15
 0.00000e+00
 0.00000e+00
-1.04832e-15
-5.26665e-15
-9.42763e-15
 1.34906e-14
 0.00000e+00
 0.00000e+00
-7.21964e-15
-1.12321e-14
-1.29990e-14
 1.42542e-14
 0.00000e+00
 0.00000e+00
 5.00559e-15
-8.09663e-15
-9.64914e-15
 2.72058e-14
 0.00000e+00
 0.00000e+00
 6.53723e-15
-2.76009e-15
-1.01812e-14
 2.73875e-14
 0.00000e+00
 0.00000e+00
 6.88463e-15
 4.54085e-15
-8.32871e-16
 1.81780e-14
 0.00000e+00
 0.00000e+00
 3.31019e-15
 9.16508e-15
 1.14833e-15
 1.67561e-14
 0.00000e+00
 0.00000e+00
 7.54517e-15
 7.07227e-15
-3.83424e-15
 2.91727e-14
 0.00000e+00
 0.00000e+00
 7.01365e-15
 4.58153e-16
-8.68777e-15
 2.43097e-14
 0.00000e+00
 0.00000e+00
 5.97097e-16
 8.45309e-17
-1.36119e-14
 3.18456e-14
 0.00000e+00
 0.00000e+00
 1.13432e-15
 1.32901e-15
-1.18370e-14
 2.49903e-14
 0.00000e+00
 0.00000e+00
 1.01605e-15
 2.60774e-15
 2.40355e-15
 2.14982e-14
 0.00000e+00
 0.00000e+00
-3.59183e-15
 5.42142e-15
 3.96231e-15
 1.91842e-14
 0.00000e+00
 0.00000e+00
 7.06158e-15
 8.53252e-15
-3.08853e-15
 2.80672e-14
 0.00000e+00
 0.00000e+00
 6.07245e-15
-2.76386e-15
-1.12124e-14
 2.16193e-14
 0.00000e+00
 0.00000e+00
-8.84919e-15
 1.89456e-14
-2.33822e-14
 2.27988e-14
 0.00000e+00
 0.00000e+00
-6.89860e-15
 1.58610e-14
-2.04745e-14
 2.32377e-14
 0.00000e+00
 0.00000e+00
 4.51041e-15
 2.97853e-15
 1.68762e-15
 1.41900e-14
 0.00000e+00
 0.00000e+00
-1.31632e-15
 7.20392e-15
 5.34222e-15
 1.58517e-14
 0.00000e+00
 0.00000e+00
 4.54986e-15
 1.10636e-14
-1.89055e-15
 2.30979e-14
 0.00000e+00
 0.00000e+00
 1.00722e-14
-1.36306e-14
 1.28176e-15
 1.29423e-14
 0.00000e+00
 0.00000e+00
 1.34089e-15
 1.48217e-14
-2.18164e-14
 1.93108e-14
 0.00000e+00
 0.00000e+00
-3.96768e-15
 8.95437e-15
-1.25030e-14
 1.29875e-14
 0.00000e+00
 0.00000e+00
 6.76958e-15
-8.88079e-15
 9.02455e-15
 5.92324e-15
 0.00000e+00
 0.00000e+00
 4.32581e-15
-8.22258e-15
 1.38540e-14
 8.55920e-15
 0.00000e+00
 0.00000e+00
 3.14770e-15
 1.55944e-15
 2.58666e-15
 1.52845e-14
 0.00000e+00
 0.00000e+00
 1.27819e-14
-1.08363e-14
-8.21734e-15
 1.01632e-14
 0.00000e+00
 0.00000e+00
 1.16781e-14
-1.70271e-15
-8.82157e-15
 5.02367e-15
 0.00000e+00
 0.00000e+00
 5.53891e-15
-3.42954e-15
 5.87776e-16
 9.30766e-16
 0.00000e+00
 0.00000e+00
 4.43121e-15
-4.18876e-15
 4.89306e-15
 6.28788e-15
 0.00000e+00
 0.00000e+00
 6.46007e-16
-7.38795e-15
 2.01947e-15
 1.44321e-14
 0.00000e+00
 0.00000e+00
 1.18482e-15
-3.36791e-15
-4.45574e-15
 1.25694e-14
 0.00000e+00
 0.00000e+00
 1.32685e-16
-3.37713e-15
-2.04740e-14
 5.49138e-15
 0.00000e+00
 0.00000e+00
-1.32798e-15
 4.54152e-15
-1.58807e-14
-2.07031e-15
 0.00000e+00
 0.00000e+00
 4.05546e-15
 5.53665e-15
-1.87391e-14
 4.45960e-15
 0.00000e+00
 0.00000e+00
 6.62760e-15
 2.59965e-15
-8.33161e-15
 7.23795e-15
 0.00000e+00
 0.00000e+00
 2.55247e-15
-2.33980e-15
-5.51982e-15
 1.07004e-14
 0.00000e+00
 0.00000e+00
 3.62015e-15
 3.66269e-16
-1.14138e-14
 9.70481e-15
 0.00000e+00
 0.00000e+00
-1.89022e-15
-5.90926e-15
-1.67020e-14
-8.11911e-15
 0.00000e+00
 0.00000e+00
-4.93658e-15
 1.23047e-14
-1.91698e-14
 6.26997e-15
 0.00000e+00
 0.00000e+00
 1.78450e-15
 1.56763e-14
-2.54013e-14
 1.10107e-14
 0.00000e+00
 0.00000e+00
 9.39315e-15
 2.95482e-15
-1.27784e-14
 4.00389e-15
 0.00000e+00
 0.00000e+00
 5.87924e-15
-5.01649e-15
-5.38028e-15
-2.15892e-15
 0.00000e+00
 0.00000e+00
 1.00975e-14
-2.62209e-15
-7.80606e-15
-6.31268e-15
 0.00000e+00
 0.00000e+00
 1.02575e-14
-1.89718e-14
-5.29238e-15
-2.16689e-14
 0.00000e+00
 0.00000e+00
-9.46682e-15
 1.22041e-14
-2.30209e-14
 1.98492e-15
 0.00000e+00
 0.00000e+00
-1.27035e-16
 1.32229e-14
-2.82581e-14
 4.92950e-15
 0.00000e+00
 0.00000e+00
 5.65359e-15
 1.65304e-15
-1.80337e-14
-8.79649e-16
 0.00000e+00
 0.00000e+00
 7.74329e-16
-2.15302e-15
-9.74824e-15
-1.40272e-14
 0.00000e+00
 0.00000e+00
 1.11989e-14
-5.63157e-15
-7.25533e-15
-1.91006e-14
 0.00000e+00
 0.00000e+00
 1.34269e-14
-2.64101e-14
-5.11826e-15
-2.88088e-14
 0.00000e+00
 0.00000e+00
-3.40038e-15
 9.64906e-15
-2.02555e-14
 1.12335e-15
 0.00000e+00
 0.00000e+00
 3.16539e-15
 8.70211e-15
-2.94745e-14
 4.96492e-15
 0.00000e+00
 0.00000e+00
-1.13601e-15
 1.05319e-14
-3.00740e-14
 3.56561e-15
 0.00000e+00
 0.00000e+00
-5.73593e-15
 7.49810e-15
-2.02066e-14
-4.28635e-15
 0.00000e+00
 0.00000e+00
 7.09867e-15
-2.85183e-15
-1.05243e-14
-1.26006e-14
 0.00000e+00
 0.00000e+00
 5.28060e-15
-1.61618e-14
-1.09697e-14
-2.66984e-14
 0.00000e+00
 0.00000e+00
 1.84194e-15
-7.84085e-15
-5.91471e-15
-1.54720e-14
 0.00000e+00
 0.00000e+00
 4.94783e-15
-2.90306e-15
-1.70170e-14
-1.11553e-14
 0.00000e+00
 0.00000e+00
-3.84180e-15
 9.64639e-15
-2.94797e-14
-7.73743e-15
 0.00000e+00
 0.00000e+00
-9.90607e-15
 9.09968e-15
-2.63569e-14
-6.96303e-15
 0.00000e+00
 0.00000e+00
 1.60879e-15
-2.86830e-15
-1.49528e-14
-1.07454e-14
 0.00000e+00
 0.00000e+00
-2.16377e-15
-1.56942e-14
-1.49007e-14
-2.64480e-14
 0.00000e+00
 0.00000e+00
 2.17895e-15
-8.48389e-15
 5.65917e-15
-3.31525e-14
 0.00000e+00
 0.00000e+00
 1.37999e-14
-2.01659e-14
 5.28186e-15
-2.81356e-14
 0.00000e+00
 0.00000e+00
 6.98923e-15
-8.25810e-15
-8.32116e-15
-2.68605e-14
 0.00000e+00
 0.00000e+00
-4.15021e-15
 4.50134e-15
-2.09532e-14
-1.89579e-14
 0.00000e+00
 0.00000e+00
 6.01718e-15
-7.20750e-15
-1.39866e-14
-1.47471e-14
 0.00000e+00
 0.00000e+00
-7.16517e-16
-1.71704e-14
-1.37895e-14
-3.27712e-14
 0.00000e+00
 0.00000e+00
-2.11062e-14
-2.67062e-14
-1.31804e-14
-5.66757e-14
 0.00000e+00
 0.00000e+00
-1.60538e-14
-3.40821e-14
-1.49093e-14
-4.72516e-14
 0.00000e+00
 0.00000e+00
-1.80579e-14
-3.11647e-14
-1.76308e-14
-5.00298e-14
 0.00000e+00
 0.00000e+00
-2.41393e-14
-1.93431e-14
-2.91037e-14
-5.04654e-14
 0.00000e+00
 0.00000e+00
-1.58501e-14
-2.44744e-14
-2.81520e-14
-4.44347e-14
 0.00000e+00
 0.00000e+00
-1.85770e-14
-3.76509e-14
-2.53493e-14
-5.80756e-14
 0.00000e+00
 0.00000e+00
 2.30744e-14
 2.94109e-14
 1.87914e-14
 8.90287e-15
 0.00000e+00
 0.00000e+00
 1.81859e-14
 3.20409e-14
 1.99703e-14
 1.12937e-14
 0.00000e+00
 0.00000e+00
 1.93303e-14
 2.75821e-14
 2.56074e-14
 1.03507e-14
 0.00000e+00
 0.00000e+00
 1.75128e-14
 2.64313e-14
 2.64327e-14
 4.37332e-15
 0.00000e+00
 0.00000e+00
 1.89437e-14
 3.09988e-14
 2.63575e-14
 4.34998e-16
 0.00000e+00
 0.00000e+00
 1.89584e-14
 2.01137e-14
 2.06437e-14
-7.86802e-15
 0.00000e+00
 0.00000e+00
-4.91596e-14
-5.27358e-14
-5.57473e-14
-6.56565e-14
 0.00000e+00
 0.00000e+00
-4.68205e-14
-5.23265e-14
-4.35725e-14
-7.03665e-14
 0.00000e+00
 0.00000e+00
-5.17617e-14
-5.05250e-14
-4.20455e-14
-6.76112e-14
 0.00000e+00
 0.00000e+00
-5.77356e-14
-5.11971e-14
-4.44332e-14
-7.00567e-14
 0.00000e+00
 0.00000e+00
-5.18805e-14
-4.02306e-14
-3.89070e-14
-7.01308e-14
 0.00000e+00
 0.00000e+00
-5.73724e-14
-3.68986e-14
-5.16148e-14
-7.08433e-14
 0.00000e+00
 0.00000e+00
-1.97243e-14
-2.40219e-14
-7.59360e-15
-5.21563e-14
 0.00000e+00
 0.00000e+00
-1.09467e-14
-2.44088e-14
-2.67047e-15
-4.96476e-14
 0.00000e+00
 0.00000e+00
-1.40574e-14
-2.28569e-14
-1.13615e-15
-5.39709e-14
 0.00000e+00
 0.00000e+00
-2.66331e-14
-1.52084e-14
-7.24456e-15
-6.08185e-14
 0.00000e+00
 0.00000e+00
-1.87601e-14
-5.45553e-15
-1.34502e-14
-5.96768e-14
 0.00000e+00
 0.00000e+00
-1.87796e-14
-7.83811e-15
-2.47484e-14
-6.93884e-14
 0.00000e+00
 0.00000e+00
 1.35025e-14
 2.50127e-14
 1.67418e-14
-2.54944e-15
 0.00000e+00
 0.00000e+00
 1.52124e-14
 2.71336e-14
 2.19025e-14
-3.27174e-15
 0.00000e+00
 0.00000e+00
 2.29747e-14
 2.19655e-14
 3.31827e-14
-2.16788e-14
 0.00000e+00
 0.00000e+00
 1.52051e-14
 2.50842e-14
 3.39771e-14
-3.12496e-14
 0.00000e+00
 0.00000e+00
 1.62741e-14
 3.20350e-14
 3.02579e-14
-2.76141e-14
 0.00000e+00
 0.00000e+00
 2.47286e-14
 2.08946e-14
 2.87563e-14
-4.13869e-14
 0.00000e+00
 0.00000e+00
-1.53613e-14
-2.38424e-14
-2.44883e-14
-4.44927e-14
 0.00000e+00
 0.00000e+00
-1.62959e-14
-1.81282e-14
-2.26291e-14
-4.01616e-14
 0.00000e+00
 0.00000e+00
-3.68791e-15
-2.17309e-14
-2.34972e-14
-4.46829e-14
 0.00000e+00
 0.00000e+00
-6.92527e-15
-2.30780e-14
-2.22049e-14
-5.99811e-14
 0.00000e+00
 0.00000e+00
-1.44252e-14
-1.32547e-14
-2.37671e-14
-6.04032e-14
 0.00000e+00
 0.00000e+00
-1.39783e-14
-1.94075e-14
-3.33184e-14
-6.52000e-14
 0.00000e+00
 0.00000e+00
-4.58795e-14
-6.00774e-14
-8.18612e-14
-6.40445e-14
 0.00000e+00
 0.00000e+00
-5.22673e-14
-6.79766e-14
-6.12472e-14
-6.69973e-14
 0.00000e+00
 0.00000e+00
-5.08007e-14
-6.85115e-14
-6.70069e-14
-6.62673e-14
 0.00000e+00
 0.00000e+00
-5.31420e-14
-6.51577e-14
-8.46420e-14
-6.88613e-14
 0.00000e+00
 0.00000e+00
-5.92357e-14
-5.92793e-14
-7.44517e-14
-6.54120e-14
 0.00000e+00
 0.00000e+00
-6.49181e-14
-5.80380e-14
-8.19258e-14
-6.70143e-14
 0.00000e+00
 0.00000e+00
 3.50783e-14
 3.43224e-14
-2.35456e-14
 2.23646e-14
 0.00000e+00
 0.00000e+00
 2.36797e-14
 2.93793e-14
-4.93161e-15
 1.61051e-14
 0.00000e+00
 0.00000e+00
 1.85333e-14
 2.97833e-14
 1.22203e-15
 1.53070e-14
 0.00000e+00
 0.00000e+00
 1.55193e-14
 2.74607e-14
-1.08421e-14
 1.66094e-16
 0.00000e+00
 0.00000e+00
 1.18937e-14
 3.24358e-14
-9.94699e-15
-8.11722e-15
 0.00000e+00
 0.00000e+00
 7.32599e-15
 3.53174e-14
-1.94966e-14
-6.57628e-15
 0.00000e+00
 0.00000e+00
 0.00000e+00
 0.00000e+00
 0.00000e+00
 0.00000e+00
 0.00000e+00
 9.93239e-15
 3.44524e-15
 8.02251e-15
 8.47664e-15
-6.32280e-16
 5.58224e-15
-1.09634e-14
-8.86274e-15
-4.04265e-15
 1.18794e-14
 1.25764e-14
 1.44167e-14
 2.13456e-14
 1.15083e-14
 2.16138e-15
 3.39428e-15
-9.35526e-16
 8.57014e-15
-9.22585e-15
-2.26521e-15
-9.46625e-15
-2.55950e-14
-1.70699e-14
-4.50595e-15
 0.00000e+00
 0.00000e+00
 0.00000e+00
 0.00000e+00
 0.00000e+00
 0.00000e+00
 0.00000e+00
 0.00000e+00
 0.00000e+00
 0.00000e+00
 0.00000e+00
 0.00000e+00
 2.83103e-15
-3.14452e-15
 2.47005e-15
 6.17531e-15
-5.46323e-15
 4.61915e-15
-1.10895e-14
-9.72797e-15
-4.19072e-15
 1.50689e-14
 1.67460e-14
 1.41492e-14
 1.98236e-14
 9.88630e-15
 5.12844e-15
 6.12773e-15
 3.62726e-15
 1.49109e-14
-1.05722e-14
 1.26271e-15
-3.83441e-15
-2.55094e-14
-2.39859e-14
-1.31376e-14
 0.00000e+00
 0.00000e+00
 0.00000e+00
 0.00000e+00
 0.00000e+00
 0.00000e+00
 0.00000e+00
 0.00000e+00
 0.00000e+00
 0.00000e+00
 0.00000e+00
 0.00000e+00
 1.75731e-15
-2.33361e-15
-1.75459e-15
 2.23851e-15
 5.36561e-16
 8.37702e-15
-1.22248e-14
-9.55476e-15
 6.76107e-15
 2.07053e-14
 1.17336e-14
 7.51813e-15
 2.51660e-14
 1.80748e-14
 4.17258e-15
 1.25796e-15
 7.15152e-15
 2.37795e-14
-8.61871e-15
 9.76864e-16
-4.70905e-15
-1.28384e-14
-2.09044e-14
-1.52599e-14
 0.00000e+00
 0.00000e+00
 0.00000e+00
 0.00000e+00
 0.00000e+00
 0.00000e+00
 0.00000e+00
 0.00000e+00
 0.00000e+00
 0.00000e+00
 0.00000e+00
 0.00000e+00
-1.56299e-16
-1.43917e-18
 1.48606e-15
 5.78423e-16
-1.57655e-15
 9.72745e-15
-9.33582e-15
-1.20088e-14
-2.95611e-15
 1.83264e-14
 9.51705e-15
 3.34238e-15
 2.15142e-14
 1.81083e-14
 8.58811e-15
 3.16981e-15
 4.88162e-15
 2.23033e-14
-8.14771e-15
-1.12569e-15
-4.82794e-15
-1.49391e-14
-2.15594e-14
-2.05738e-14
 0.00000e+00
 0.00000e+00
 0.00000e+00
 0.00000e+00
 0.00000e+00
 0.00000e+00
 0.00000e+00
 0.00000e+00
 0.00000e+00
 0.00000e+00
 0.00000e+00
 0.00000e+00
 6.96775e-16
-3.42962e-15
 1.15699e-15
 7.85511e-15
-1.22040e-15
 8.59002e-15
-1.73340e-14
-1.38763e-14
-2.59616e-15
 1.34923e-14
 1.26142e-14
 4.30551e-15
 2.63285e-14
 1.74734e-14
 1.29144e-14
 3.81575e-15
 2.36037e-15
 2.30297e-14
 2.83155e-15
 2.01876e-15
-9.96437e-15
-1.63487e-14
-2.46800e-14
-2.32804e-14
 0.00000e+00
 0.00000e+00
 0.00000e+00
 0.00000e+00
 0.00000e+00
 0.00000e+00
 0.00000e+00
 0.00000e+00
 0.00000e+00
 0.00000e+00
 0.00000e+00
 0.00000e+00
-3.77417e-15
-1.22536e-14
-2.60920e-15
 1.15112e-14
-2.40542e-15
 3.24372e-15
-1.62610e-14
-1.13144e-14
-3.28249e-15
 3.38414e-15
 4.51051e-15
 1.37265e-14
 2.88053e-14
 2.21730e-14
 1.40960e-14
 1.47391e-14
 7.67896e-15
 1.14972e-14
-2.51095e-15
-3.13479e-15
-9.15421e-15
-1.22233e-14
-1.35571e-14
-7.75325e-15
 0.00000e+00
 0.00000e+00
 0.00000e+00
 0.00000e+00
 0.00000e+00
 0.00000e+00
 0.00000e+00
 0.00000e+00
 0.00000e+00
 0.00000e+00
 0.00000e+00
 0.00000e+00
-8.91025e-16
-7.21715e-15
-3.65351e-15
 1.11872e-14
-1.99189e-15
 2.17894e-15
-1.55956e-14
-2.33311e-15
-8.94451e-16
-5.97516e-16
 5.40533e-15
 1.42730e-14
 3.11118e-14
 2.09298e-14
 1.80073e-14
 2.23965e-14
 8.34464e-15
 4.50886e-15
-2.09421e-14
-9.80928e-15
-3.63255e-15
-8.27683e-15
-3.28818e-15
 9.55643e-15
 0.00000e+00
 0.00000e+00
 0.00000e+00
 0.00000e+00
 0.00000e+00
 0.00000e+00
 0.00000e+00
 0.00000e+00
 0.00000e+00
 0.00000e+00
 0.00000e+00
 0.00000e+00
-2.38564e-15
-5.58678e-15
-3.15911e-15
 2.48372e-15
-4.17785e-15
 4.96701e-15
-8.43134e-15
-7.22709e-15
-5.40699e-15
 2.40723e-15
 6.69281e-15
 1.01013e-14
 1.65586e-14
 1.70190e-14
 1.49843e-14
 1.45431e-14
 4.31359e-15
 5.08861e-15
-6.92121e-15
-5.28908e-15
-3.07386e-15
-4.32509e-15
-9.53663e-16
 1.63961e-14
 0.00000e+00
 0.00000e+00
 0.00000e+00
 0.00000e+00
 0.00000e+00
 0.00000e+00
 0.00000e+00
 0.00000e+00
 0.00000e+00
 0.00000e+00
 0.00000e+00
 0.00000e+00
-7.90314e-15
-7.37442e-15
-7.05179e-15
 1.04894e-16
-6.14432e-15
 1.47221e-16
-1.13602e-14
-9.79642e-15
-3.09125e-15
 1.25092e-14
 9.44501e-15
 8.10829e-15
 1.81535e-14
 1.28802e-14
 6.88284e-15
 1.99110e-15
 1.32436e-15
 1.43951e-14
-5.74315e-15
 8.10412e-16
 4.34191e-15
 2.30026e-15
 3.17847e-15
 8.07266e-15
 0.00000e+00
 0.00000e+00
 0.00000e+00
 0.00000e+00
 0.00000e+00
 0.00000e+00
 0.00000e+00
 0.00000e+00
 0.00000e+00
 0.00000e+00
 0.00000e+00
 0.00000e+00
-4.57869e-15
-3.06803e-15
-2.80220e-15
 2.54979e-15
-2.28065e-15
 2.94237e-15
-6.99015e-15
-1.05510e-14
-6.01773e-15
 5.13830e-15
 1.02571e-14
 1.00504e-14
 1.02730e-14
 7.59762e-15
 1.14318e-14
 6.18743e-15
 3.58380e-15
 1.14448e-14
-1.78575e-16
 9.88767e-15
 1.05151e-14
 8.35980e-15
 2.26060e-15
 7.49566e-15
 0.00000e+00
 0.00000e+00
 0.00000e+00
 0.00000e+00
 0.00000e+00
 0.00000e+00
 0.00000e+00
 0.00000e+00
 0.00000e+00
 0.00000e+00
 0.00000e+00
 0.00000e+00
 3.28785e-16
 2.21619e-15
-9.82014e-16
 2.81355e-15
 4.26196e-15
 9.43799e-15
-2.28030e-14
-1.21403e-14
-1.29361e-14
-5.35321e-15
 4.76996e-15
 2.81986e-15
 1.85338e-14
 2.39617e-15
 7.22258e-15
 1.24755e-14
 5.33773e-15
 1.90542e-14
 4.17809e-15
 1.95311e-14
 1.62013e-14
 5.85125e-15
 4.87334e-15
 4.48838e-15
 0.00000e+00
 0.00000e+00
 0.00000e+00
 0.00000e+00
 0.00000e+00
 0.00000e+00
 0.00000e+00
 0.00000e+00
 0.00000e+00
 0.00000e+00
 0.00000e+00
 0.00000e+00
 7.26981e-15
 2.52843e-15
-6.13678e-15
-1.50199e-15
-2.37348e-15
-2.57105e-15
-2.31943e-14
-9.78581e-15
-5.46353e-15
-3.83612e-15
 5.90143e-15
 1.14901e-14
 2.15861e-14
 3.87029e-15
 1.20244e-15
 8.66554e-15
 8.32171e-16
 1.24670e-14
-1.63780e-15
 1.12026e-14
 1.97250e-14
 8.71971e-15
-1.63215e-16
 6.65237e-15
 0.00000e+00
 0.00000e+00
 0.00000e+00
 0.00000e+00
 0.00000e+00
 0.00000e+00
 0.00000e+00
 0.00000e+00
 0.00000e+00
 0.00000e+00
 0.00000e+00
 0.00000e+00
 5.80170e-15
-3.15987e-15
-1.07989e-14
-4.02928e-15
-4.12435e-15
-3.04121e-15
-1.80405e-14
-1.31697e-14
-3.81476e-15
-4.56006e-15
 5.18587e-16
 1.75180e-14
 2.34069e-14
 1.53888e-14
 4.50941e-15
 4.73068e-15
-6.31982e-16
 2.44425e-15
 2.99579e-15
 7.58058e-15
 1.89587e-14
 1.51200e-14
 5.04256e-16
 5.53489e-15
 0.00000e+00
 0.00000e+00
 0.00000e+00
 0.00000e+00
 0.00000e+00
 0.00000e+00
 0.00000e+00
 0.00000e+00
 0.00000e+00
 0.00000e+00
 0.00000e+00
 0.00000e+00
-1.45694e-15
 7.08256e-16
 4.69852e-15
 2.72543e-15
 2.10675e-15
 1.32017e-14
-9.48843e-15
-1.03065e-14
-1.33647e-14
-2.05422e-15
 4.20832e-15
 8.20909e-15
 1.49633e-14
 1.16680e-14
 9.68986e-15
 2.90497e-15
-1.27472e-15
 1.24708e-14
 1.68088e-14
 1.60455e-14
 1.67368e-14
 1.73665e-14
 1.64896e-15
-3.93837e-15
 0.00000e+00
 0.00000e+00
 0.00000e+00
 0.00000e+00
 0.00000e+00
 0.00000e+00
 0.00000e+00
 0.00000e+00
 0.00000e+00
 0.00000e+00
 0.00000e+00
 0.00000e+00
-8.08028e-15
-2.44693e-15
 9.08489e-15
 7.00842e-15
-1.42788e-16
 9.47010e-15
-1.77802e-15
 9.48347e-17
-1.32502e-14
-7.99731e-15
 6.94523e-16
-2.61527e-15
 1.63563e-14
 9.09767e-15
 1.36882e-14
 1.18102e-14
-3.24344e-16
 9.24343e-15
 1.18495e-14
 1.81507e-14
 1.55005e-14
 1.37597e-14
 7.56553e-15
 3.33020e-15
 0.00000e+00
 0.00000e+00
 0.00000e+00
 0.00000e+00
 0.00000e+00
 0.00000e+00
 0.00000e+00
 0.00000e+00
 0.00000e+00
 0.00000e+00
 0.00000e+00
 0.00000e+00
-1.04305e-14
-2.75694e-15
 6.46626e-15
 1.49856e-15
-6.07632e-15
 1.72557e-15
 2.45113e-16
-2.87275e-15
-1.53597e-14
-6.89226e-15
-5.34884e-16
-2.18677e-15
 9.51756e-15
 7.58235e-15
 1.53116e-14
 1.62948e-14
 5.09822e-17
 2.18627e-15
 1.26869e-14
 2.02667e-14
 1.54076e-14
 1.11016e-14
 1.26014e-14
 1.43244e-14
 0.00000e+00
 0.00000e+00
 0.00000e+00
 0.00000e+00
 0.00000e+00
 0.00000e+00
 0.00000e+00
 0.00000e+00
 0.00000e+00
 0.00000e+00
 0.00000e+00
 0.00000e+00
 1.36540e-15
 6.07134e-15
 1.13343e-14
 9.99826e-16
-8.77418e-15
 6.18653e-17
 8.50532e-16
-9.45200e-15
-1.41634e-14
 2.13370e-16
 2.61618e-15
 5.07201e-15
 3.48095e-15
 8.37959e-15
 8.87893e-15
 5.74542e-15
 1.07813e-15
 3.65529e-15
 1.54206e-14
 1.84319e-14
 1.55082e-14
 1.51748e-14
 9.94613e-15
 8.30510e-15
 0.00000e+00
 0.00000e+00
 0.00000e+00
 0.00000e+00
 0.00000e+00
 0.00000e+00
 0.00000e+00
 0.00000e+00
 0.00000e+00
 0.00000e+00
 0.00000e+00
 0.00000e+00
 6.09416e-15
 8.12750e-15
 1.57250e-14
 7.04088e-15
-4.13167e-15
 4.36886e-15
 4.51365e-15
-7.04426e-15
-9.17599e-15
 2.33199e-15
-5.46333e-16
 5.67490e-15
-1.44877e-15
 4.29334e-15
 3.07634e-15
-2.20290e-15
-3.57566e-16
 7.62772e-15
 1.37500e-14
 1.55579e-14
 1.21809e-14
 1.29044e-14
 6.79019e-15
 2.64896e-15
 0.00000e+00
 0.00000e+00
 0.00000e+00
 0.00000e+00
 0.00000e+00
 0.00000e+00
 0.00000e+00
 0.00000e+00
 0.00000e+00
 0.00000e+00
 0.00000e+00
 0.00000e+00
 3.39051e-15
 1.38490e-14
 1.26023e-14
-5.67046e-16
 2.41578e-15
 1.34849e-14
 3.99094e-15
-1.37070e-14
-6.88033e-15
 8.45897e-15
-9.22383e-15
-6.95867e-15
 2.65106e-15
 9.61241e-15
 7.64067e-15
-3.83139e-15
 4.01478e-15
 2.23315e-14
 6.52881e-15
 5.24395e-15
 1.18213e-15
 2.45483e-15
-5.54918e-15
-1.11243e-14
 0.00000e+00
 0.00000e+00
 0.00000e+00
 0.00000e+00
 0.00000e+00
 0.00000e+00
 0.00000e+00
 0.00000e+00
 0.00000e+00
 0.00000e+00
 0.00000e+00
 0.00000e+00
 2.62837e-15
 8.12874e-15
 6.18206e-15
-4.00588e-15
 2.92341e-17
 1.17062e-14
-1.20387e-16
-7.51845e-15
-3.92880e-15
 6.25855e-15
-7.01925e-15
-1.25713e-14
 1.06146e-14
 1.28697e-14
 1.63091e-14
 7.86092e-15
 7.28783e-15
 2.32065e-14
-9.22440e-15
-7.78130e-15
-1.32928e-14
-1.33247e-14
-1.58554e-14
-2.05608e-14
 0.00000e+00
 0.00000e+00
 0.00000e+00
 0.00000e+00
 0.00000e+00
 0.00000e+00
 0.00000e+00
 0.00000e+00
 0.00000e+00
 0.00000e+00
 0.00000e+00
 0.00000e+00
 2.72427e-17
-5.53963e-15
-7.02277e-15
-9.73265e-16
 2.09330e-15
 8.40949e-15
-5.18068e-15
 1.02914e-16
-1.41412e-15
-3.94297e-15
-3.64002e-15
-2.39556e-15
 2.29883e-14
 1.51576e-14
 1.41743e-14
 1.93196e-14
 1.09402e-14
 1.14084e-14
-3.67696e-14
-2.86680e-14
-2.40828e-14
-2.41238e-14
-2.47976e-14
-2.40495e-14
 0.00000e+00
 0.00000e+00
 0.00000e+00
 0.00000e+00
 0.00000e+00
 0.00000e+00
 0.00000e+00
 0.00000e+00
 0.00000e+00
 0.00000e+00
 0.00000e+00
 0.00000e+00
-1.23458e-14
-1.06272e-14
-8.06505e-15
 3.93397e-15
 7.20763e-15
 6.28739e-15
 1.12987e-14
 4.51896e-15
-4.70021e-16
-9.09988e-15
-1.25890e-14
-1.07191e-15
 5.63647e-15
 6.24708e-15
 7.62179e-15
 1.63948e-14
 1.11402e-14
 3.98064e-15
-2.73190e-14
-2.83505e-14
-2.04860e-14
-2.07667e-14
-2.77578e-14
-1.73056e-14
 0.00000e+00
 0.00000e+00
 0.00000e+00
 0.00000e+00
 0.00000e+00
 0.00000e+00
 0.00000e+00
 0.00000e+00
 0.00000e+00
 0.00000e+00
 0.00000e+00
 0.00000e+00
-1.63608e-14
-8.62041e-15
-4.88488e-17
 3.77608e-15
 8.99473e-15
 1.59342e-14
 1.69033e-14
 5.59268e-15
-2.74774e-15
-3.47145e-15
-1.57442e-14
-1.66672e-14
-6.81817e-15
-7.09151e-15
-5.87496e-16
 3.01460e-15
 1.79365e-16
 5.69660e-15
-2.56863e-14
-2.07225e-14
-1.30186e-14
-1.42842e-14
-2.32145e-14
-2.06786e-14
 0.00000e+00
 0.00000e+00
 0.00000e+00
 0.00000e+00
 0.00000e+00
 0.00000e+00
 0.00000e+00
 0.00000e+00
 0.00000e+00
 0.00000e+00
 0.00000e+00
 0.00000e+00
-9.87561e-15
-8.34615e-15
-5.66068e-15
 8.58081e-16
 3.38823e-15
 3.20675e-15
 4.27796e-15
 1.11678e-14
 1.08949e-14
 1.16193e-14
 2.38935e-16
-9.75380e-15
-3.21157e-15
-1.65890e-14
-1.96245e-14
-1.60334e-14
-1.73321e-14
-6.41437e-15
-3.04678e-14
-1.72418e-14
-9.49294e-15
-1.33407e-14
-1.88776e-14
-2.24878e-14
 0.00000e+00
 0.00000e+00
 0.00000e+00
 0.00000e+00
 0.00000e+00
 0.00000e+00
 0.00000e+00
 0.00000e+00
 0.00000e+00
 0.00000e+00
 0.00000e+00
 0.00000e+00
-1.21912e-14
-1.43787e-14
-1.04473e-14
-2.55365e-15
 3.02084e-15
 1.12541e-14
 5.67842e-15
 1.94067e-14
 2.64125e-14
 1.51186e-14
 3.43172e-15
 4.52570e-15
-6.08257e-15
-2.33274e-14
-3.26262e-14
-2.02679e-14
-2.21514e-14
-2.30308e-14
-2.62239e-14
-2.11176e-14
-1.42177e-14
-1.90139e-14
-2.44676e-14
-1.78143e-14
 0.00000e+00
 0.00000e+00
 0.00000e+00
 0.00000e+00
 0.00000e+00
 0.00000e+00
 0.00000e+00
 0.00000e+00
 0.00000e+00
 0.00000e+00
 0.00000e+00
 0.00000e+00
 3.34170e-15
-2.88745e-15
-1.58066e-14
-6.66871e-15
 5.87310e-15
 8.70882e-15
-1.48461e-15
 6.22924e-15
 2.26050e-14
 1.02642e-14
-1.24645e-14
-7.89341e-15
 3.02537e-15
-7.26155e-15
-2.08406e-14
-1.92868e-14
-2.38333e-14
-2.83355e-14
-3.86855e-14
-3.74253e-14
-2.89583e-14
-2.46365e-14
-2.38438e-14
-1.41320e-14
 0.00000e+00
 0.00000e+00
 0.00000e+00
 0.00000e+00
 0.00000e+00
 0.00000e+00
 0.00000e+00
 0.00000e+00
 0.00000e+00
 0.00000e+00
 0.00000e+00
 0.00000e+00
 2.53272e-14
 1.25117e-14
-6.71615e-15
 1.01557e-14
 2.00412e-14
 1.14939e-14
-1.58349e-14
-1.00755e-14
 2.57569e-15
-8.42993e-15
-1.76292e-14
-5.18976e-15
 1.45633e-14
 6.88969e-15
-7.09609e-15
-9.76942e-15
-2.69166e-14
-4.32486e-14
-4.72146e-14
-4.60221e-14
-3.43509e-14
-2.51470e-14
-1.81862e-14
-6.80911e-15
 0.00000e+00
 0.00000e+00
 0.00000e+00
 0.00000e+00
 0.00000e+00
 0.00000e+00
 9.24934e-01
 9.24934e-01
 9.24934e-01
 9.24934e-01
 9.24934e-01
 9.24934e-01
 9.24934e-01
 9.24934e-01
 9.24934e-01
 9.24934e-01
 9.24934e-01
 9.24934e-01
 9.24934e-01
 9.24934e-01
 9.24934e-01
 9.24934e-01
 9.24934e-01
 9.24934e-01
 9.24934e-01
 9.24934e-01
 9.24934e-01
 9.24934e-01
 9.24934e-01
 9.24934e-01
 9.24934e-01
 9.24934e-01
 9.24934e-01
 9.24934e-01
 9.24934e-01
 9.24934e-01
 9.24934e-01
 9.24934e-01
 9.24934e-01
 9.24934e-01
 9.24934e-01
 9.24934e-01
 9.24193e-01
 9.24193e-01
 9.24193e-01
 9.24193e-01
 9.24193e-01
 9.24193e-01
 9.24193e-01
 9.24193e-01
 9.24193e-01
 9.24193e-01
 9.24193e-01
 9.24193e-01
 9.24193e-01
 9.24193e-01
 9.24193e-01
 9.24193e-01
 9.24193e-01
 9.24193e-01
 9.24193e-01
 9.24193e-01
 9.24193e-01
 9.24193e-01
 9.24193e-01
 9.24193e-01
 9.24193e-01
 9.24193e-01
 9.24193e-01
 9.24193e-01
 9.24193e-01
 9.24193e-01
 9.24193e-01
 9.24193e-01
 9.24193e-01
 9.24193e-01
 9.24193e-01
 9.24193e-01
 9.22907e-01
 9.22907e-01
 9.22907e-01
 9.22907e-01
 9.22907e-01
 9.22907e-01
 9.22907e-01
 9.22907e-01
 9.22907e-01
 9.22907e-01
 9.22907e-01
 9.22907e-01
 9.22907e-01
 9.22907e-01
 9.22907e-01
 9.22907e-01
 9.22907e-01
 9.22907e-01
 9.22907e-01
 9.22907e-01
 9.22907e-01
 9.22907e-01
 9.22907e-01
 9.22907e-01
 9.22907e-01
 9.22907e-01
 9.22907e-01
 9.22907e-01
 9.22907e-01
 9.22907e-01
 9.22907e-01
 9.22907e-01
 9.22907e-01
 9.22907e-01
 9.22907e-01
 9.22907e-01
 9.20605e-01
 9.20605e-01
 9.20605e-01
 9.20605e-01
 9.20605e-01
 9.20605e-01
 9.20605e-01
 9.20605e-01
 9.20605e-01
 9.20605e-01
 9.20605e-01
 9.20605e-01
 9.20605e-01
 9.20605e-01
 9.20605e-01
 9.20605e-01
 9.20605e-01
 9.20605e-01
 9.20605e-01
 9.20605e-01
 9.20605e-01
 9.20605e-01
 9.20605e-01
 9.20605e-01
 9.20605e-01
 9.20605e-01
 9.20605e-01
 9.20605e-01
 9.20605e-01
 9.20605e-01
 9.20605e-01
 9.20605e-01
 9.20605e-01
 9.20605e-01
 9.20605e-01
 9.20605e-01
 9.16392e-01
 9.16392e-01
 9.16392e-01
 9.16392e-01
 9.16392e-01
 9.16392e-01
 9.16392e-01
 9.16392e-01
 9.16392e-01
 9.16392e-01
 9.16392e-01
 9.16392e-01
 9.16392e-01
 9.16392e-01
 9.16392e-01
 9.16392e-01
 9.16392e-01
 9.16392e-01
 9.16392e-01
 9.16392e-01
 9.16392e-01
 9.16392e-01
 9.16392e-01
 9.16392e-01
 9.16392e-01
 9.16392e-01
 9.16392e-01
 9.16392e-01
 9.16392e-01
 9.16392e-01
 9.16392e-01
 9.16392e-01
 9.16392e-01
 9.16392e-01
 9.16392e-01
 9.16392e-01
 9.08631e-01
 9.08631e-01
 9.08631e-01
 9.08631e-01
 9.08631e-01
 9.08631e-01
 9.08631e-01
 9.08631e-01
 9.08631e-01
 9.08631e-01
 9.08631e-01
 9.08631e-01
 9.08631e-01
 9.08631e-01
 9.08631e-01
 9.08631e-01
 9.08631e-01
 9.08631e-01
 9.08631e-01
 9.08631e-01
 9.08631e-01
 9.08631e-01
 9.08631e-01
 9.08631e-01
 9.08631e-01
 9.08631e-01
 9.08631e-01
 9.08631e-01
 9.08631e-01
 9.08631e-01
 9.08631e-01
 9.08631e-01
 9.08631e-01
 9.08631e-01
 9.08631e-01
 9.08631e-01
 8.94519e-01
 8.94519e-01
 8.94519e-01
 8.94519e-01
 8.94519e-01
 8.94519e-01
 8.94519e-01
 8.94519e-01
 8.94519e-01
 8.94519e-01
 8.94519e-01
 8.94519e-01
 8.94519e-01
 8.94519e-01
 8.94519e-01
 8.94519e-01
 8.94519e-01
 8.94519e-01
 8.94519e-01
 8.94519e-01
 8.94519e-01
 8.94519e-01
 8.94519e-01
 8.94519e-01
 8.94519e-01
 8.94519e-01
 8.94519e-01
 8.94519e-01
 8.94519e-01
 8.94519e-01
 8.94519e-01
 8.94519e-01
 8.94519e-01
 8.94519e-01
 8.94519e-01
 8.94519e-01
 8.69736e-01
 8.69736e-01
 8.69736e-01
 8.69736e-01
 8.69736e-01
 8.69736e-01
 8.69736e-01
 8.69736e-01
 8.69736e-01
 8.69736e-01
 8.69736e-01
 8.69736e-01
 8.69736e-01
 8.69736e-01
 8.69736e-01
 8.69736e-01
 8.69736e-01
 8.69736e-01
 8.69736e-01
 8.69736e-01
 8.69736e-01
 8.69736e-01
 8.69736e-01
 8.69736e-01
 8.69736e-01
 8.69736e-01
 8.69736e-01
 8.69736e-01
 8.69736e-01
 8.69736e-01
 8.69736e-01
 8.69736e-01
 8.69736e-01
 8.69736e-01
 8.69736e-01
 8.69736e-01
 8.28516e-01
 8.28516e-01
 8.28516e-01
 8.28516e-01
 8.28516e-01
 8.28516e-01
 8.28516e-01
 8.28516e-01
 8.28516e-01
 8.28516e-01
 8.28516e-01
 8.28516e-01
 8.28516e-01
 8.28516e-01
 8.28516e-01
 8.28516e-01
 8.28516e-01
 8.28516e-01
 8.28516e-01
 8.28516e-01
 8.28516e-01
 8.28516e-01
 8.28516e-01
 8.28516e-01
 8.28516e-01
 8.28516e-01
 8.28516e-01
 8.28516e-01
 8.28516e-01
 8.28516e-01
 8.28516e-01
 8.28516e-01
 8.28516e-01
 8.28516e-01
 8.28516e-01
 8.28516e-01
 7.64461e-01
 7.64461e-01
 7.64461e-01
 7.64461e-01
 7.64461e-01
 7.64461e-01
 7.64461e-01
 7.64461e-01
 7.64461e-01
 7.64461e-01
 7.64461e-01
 7.64461e-01
 7.64461e-01
 7.64461e-01
 7.64461e-01
 7.64461e-01
 7.64461e-01
 7.64461e-01
 7.64461e-01
 7.64461e-01
 7.64461e-01
 7.64461e-01
 7.64461e-01
 7.64461e-01
 7.64461e-01
 7.64461e-01
 7.64461e-01
 7.64461e-01
 7.64461e-01
 7.64461e-01
 7.64461e-01
 7.64461e-01
 7.64461e-01
 7.64461e-01
 7.64461e-01
 7.64461e-01
 6.72255e-01
 6.72255e-01
 6.72255e-01
 6.72255e-01
 6.72255e-01
 6.72255e-01
 6.72255e-01
 6.72255e-01
 6.72255e-01
 6.72255e-01
 6.72255e-01
 6.72255e-01
 6.72255e-01
 6.72255e-01
 6.72255e-01
 6.72255e-01
 6.72255e-01
 6.72255e-01
 6.72255e-01
 6.72255e-01
 6.72255e-01
 6.72255e-01
 6.72255e-01
 6.72255e-01
 6.72255e-01
 6.72255e-01
 6.72255e-01
 6.72255e-01
 6.72255e-01
 6.72255e-01
 6.72255e-01
 6.72255e-01
 6.72255e-01
 6.72255e-01
 6.72255e-01
 6.72255e-01
 5.50604e-01
 5.50604e-01
 5.50604e-01
 5.50604e-01
 5.50604e-01
 5.50604e-01
 5.50604e-01
 5.50604e-01
 5.50604e-01
 5.50604e-01
 5.50604e-01
 5.50604e-01
 5.50604e-01
 5.50604e-01
 5.50604e-01
 5.50604e-01
 5.50604e-01
 5.50604e-01
 5.50604e-01
 5.50604e-01
 5.50604e-01
 5.50604e-01
 5.50604e-01
 5.50604e-01
 5.50604e-01
 5.50604e-01
 5.50604e-01
 5.50604e-01
 5.50604e-01
 5.50604e-01
 5.50604e-01
 5.50604e-01
 5.50604e-01
 5.50604e-01
 5.50604e-01
 5.50604e-01
 4.06613e-01
 4.06613e-01
 4.06613e-01
 4.06613e-01
 4.06613e-01
 4.06613e-01
 4.06613e-01
 4.06613e-01
 4.06613e-01
 4.06613e-01
 4.06613e-01
 4.06613e-01
 4.06613e-01
 4.06613e-01
 4.06613e-01
 4.06613e-01
 4.06613e-01
 4.06613e-01
 4.06613e-01
 4.06613e-01
 4.06613e-01
 4.06613e-01
 4.06613e-01
 4.06613e-01
 4.06613e-01
 4.06613e-01
 4.06613e-01
 4.06613e-01
 4.06613e-01
 4.06613e-01
 4.06613e-01
 4.06613e-01
 4.06613e-01
 4.06613e-01
 4.06613e-01
 4.06613e-01
 2.59564e-01
 2.59564e-01
 2.59564e-01
 2.59564e-01
 2.59564e-01
 2.59564e-01
 2.59564e-01
 2.59564e-01
 2.59564e-01
 2.59564e-01
 2.59564e-01
 2.59564e-01
 2.59564e-01
 2.59564e-01
 2.59564e-01
 2.59564e-01
 2.59564e-01
 2.59564e-01
 2.59564e-01
 2.59564e-01
 2.59564e-01
 2.59564e-01
 2.59564e-01
 2.59564e-01
 2.59564e-01
 2.59564e-01
 2.59564e-01
 2.59564e-01
 2.59564e-01
 2.59564e-01
 2.59564e-01
 2.59564e-01
 2.59564e-01
 2.59564e-01
 2.59564e-01
 2.59564e-01
 1.37295e-01
 1.37295e-01
 1.37295e-01
 1.37295e-01
 1.37295e-01
 1.37295e-01
 1.37295e-01
 1.37295e-01
 1.37295e-01
 1.37295e-01
 1.37295e-01
 1.37295e-01
 1.37295e-01
 1.37295e-01
 1.37295e-01
 1.37295e-01
 1.37295e-01
 1.37295e-01
 1.37295e-01
 1.37295e-01
 1.37295e-01
 1.37295e-01
 1.37295e-01
 1.37295e-01
 1.37295e-01
 1.37295e-01
 1.37295e-01
 1.37295e-01
 1.37295e-01
 1.37295e-01
 1.37295e-01
 1.37295e-01
 1.37295e-01
 1.37295e-01
 1.37295e-01
 1.37295e-01
 5.94464e-02
 5.94464e-02
 5.94464e-02
 5.94464e-02
 5.94464e-02
 5.94464e-02
 5.94464e-02
 5.94464e-02
 5.94464e-02
 5.94464e-02
 5.94464e-02
 5.94464e-02
 5.94464e-02
 5.94464e-02
 5.94464e-02
 5.94464e-02
 5.94464e-02
 5.94464e-02
 5.94464e-02
 5.94464e-02
 5.94464e-02
 5.94464e-02
 5.94464e-02
 5.94464e-02
 5.94464e-02
 5.94464e-02
 5.94464e-02
 5.94464e-02
 5.94464e-02
 5.94464e-02
 5.94464e-02
 5.94464e-02
 5.94464e-02
 5.94464e-02
 5.94464e-02
 5.94464e-02
 2.20259e-02
 2.20259e-02
 2.20259e-02
 2.20259e-02
 2.20259e-02
 2.20259e-02
 2.20259e-02
 2.20259e-02
 2.20259e-02
 2.20259e-02
 2.20259e-02
 2.20259e-02
 2.20259e-02
 2.20259e-02
 2.20259e-02
 2.20259e-02
 2.20259e-02
 2.20259e-02
 2.20259e-02
 2.20259e-02
 2.20259e-02
 2.20259e-02
 2.20259e-02
 2.20259e-02
 2.20259e-02
 2.20259e-02
 2.20259e-02
 2.20259e-02
 2.20259e-02
 2.20259e-02
 2.20259e-02
 2.20259e-02
 2.20259e-02
 2.20259e-02
 2.20259e-02
 2.20259e-02
 7.48744e-03
 7.48744e-03
 7.48744e-03
 7.48744e-03
 7.48744e-03
 7.48744e-03
 7.48744e-03
 7.48744e-03
 7.48744e-03
 7.48744e-03
 7.48744e-03
 7.48744e-03
 7.48744e-03
 7.48744e-03
 7.48744e-03
 7.48744e-03
 7.48744e-03
 7.48744e-03
 7.48744e-03
 7.48744e-03
 7.48744e-03
 7.48744e-03
 7.48744e-03
 7.48744e-03
 7.48744e-03
 7.48744e-03
 7.48744e-03
 7.48744e-03
 7.48744e-03
 7.48744e-03
 7.48744e-03
 7.48744e-03
 7.48744e-03
 7.48744e-03
 7.48744e-03
 7.48744e-03
 2.45014e-03
 2.45014e-03
 2.45014e-03
 2.45014e-03
 2.45014e-03
 2.45014e-03
 2.45014e-03
 2.45014e-03
 2.45014e-03
 2.45014e-03
 2.45014e-03
 2.45014e-03
 2.45014e-03
 2.45014e-03
 2.45014e-03
 2.45014e-03
 2.45014e-03
 2.45014e-03
 2.45014e-03
 2.45014e-03
 2.45014e-03
 2.45014e-03
 2.45014e-03
 2.45014e-03
 2.45014e-03
 2.45014e-03
 2.45014e-03
 2.45014e-03
 2.45014e-03
 2.45014e-03
 2.45014e-03
 2.45014e-03
 2.45014e-03
 2.45014e-03
 2.45014e-03
 2.45014e-03
 7.88250e-04
 7.88250e-04
 7.88250e-04
 7.88250e-04
 7.88250e-04
 7.88250e-04
 7.88250e-04
 7.88250e-04
 7.88250e-04
 7.88250e-04
 7.88250e-04
 7.88250e-04
 7.88250e-04
 7.88250e-04
 7.88250e-04
 7.88250e-04
 7.88250e-04
 7.88250e-04
 7.88250e-04
 7.88250e-04
 7.88250e-04
 7.88250e-04
 7.88250e-04
 7.88250e-04
 7.88250e-04
 7.88250e-04
 7.88250e-04
 7.88250e-04
 7.88250e-04
 7.88250e-04
 7.88250e-04
 7.88250e-04
 7.88250e-04
 7.88250e-04
 7.88250e-04
 7.88250e-04
 2.51083e-04
 2.51083e-04
 2.51083e-04
 2.51083e-04
 2.51083e-04
 2.51083e-04
 2.51083e-04
 2.51083e-04
 2.51083e-04
 2.51083e-04
 2.51083e-04
 2.51083e-04
 2.51083e-04
 2.51083e-04
 2.51083e-04
 2.51083e-04
 2.51083e-04
 2.51083e-04
 2.51083e-04
 2.51083e-04
 2.51083e-04
 2.51083e-04
 2.51083e-04
 2.51083e-04
 2.51083e-04
 2.51083e-04
 2.51083e-04
 2.51083e-04
 2.51083e-04
 2.51083e-04
 2.51083e-04
 2.51083e-04
 2.51083e-04
 2.51083e-04
 2.51083e-04
 2.51083e-04
 7.93185e-05
 7.93185e-05
 7.93185e-05
 7.93185e-05
 7.93185e-05
 7.93185e-05
 7.93185e-05
 7.93185e-05
 7.93185e-05
 7.93185e-05
 7.93185e-05
 7.93185e-05
 7.93185e-05
 7.93185e-05
 7.93185e-05
 7.93185e-05
 7.93185e-05
 7.93185e-05
 7.93185e-05
 7.93185e-05
 7.93185e-05
 7.93185e-05
 7.93185e-05
 7.93185e-05
 7.93185e-05
 7.93185e-05
 7.93185e-05
 7.93185e-05
 7.93185e-05
 7.93185e-05
 7.93185e-05
 7.93185e-05
 7.93185e-05
 7.93185e-05
 7.93185e-05
 7.93185e-05
 2.48463e-05
 2.48463e-05
 2.48463e-05
 2.48463e-05
 2.48463e-05
 2.48463e-05
 2.48463e-05
 2.48463e-05
 2.48463e-05
 2.48463e-05
 2.48463e-05
 2.48463e-05
 2.48463e-05
 2.48463e-05
 2.48463e-05
 2.48463e-05
 2.48463e-05
 2.48463e-05
 2.48463e-05
 2.48463e-05
 2.48463e-05
 2.48463e-05
 2.48463e-05
 2.48463e-05
 2.48463e-05
 2.48463e-05
 2.48463e-05
 2.48463e-05
 2.48463e-05
 2.48463e-05
 2.48463e-05
 2.48463e-05
 2.48463e-05
 2.48463e-05
 2.48463e-05
 2.48463e-05
 7.70824e-06
 7.70824e-06
 7.70824e-06
 7.70824e-06
 7.70824e-06
 7.70824e-06
 7.70824e-06
 7.70824e-06
 7.70824e-06
 7.70824e-06
 7.70824e-06
 7.70824e-06
 7.70824e-06
 7.70824e-06
 7.70824e-06
 7.70824e-06
 7.70824e-06
 7.70824e-06
 7.70824e-06
 7.70824e-06
 7.70824e-06
 7.70824e-06
 7.70824e-06
 7.70824e-06
 7.70824e-06
 7.70824e-06
 7.70824e-06
 7.70824e-06
 7.70824e-06
 7.70824e-06
 7.70824e-06
 7.70824e-06
 7.70824e-06
 7.70824e-06
 7.70824e-06
 7.70824e-06
 2.35225e-06
 2.35225e-06
 2.35225e-06
 2.35225e-06
 2.35225e-06
 2.35225e-06
 2.35225e-06
 2.35225e-06
 2.35225e-06
 2.35225e-06
 2.35225e-06
 2.35225e-06
 2.35225e-06
 2.35225e-06
 2.35225e-06
 2.35225e-06
 2.35225e-06
 2.35225e-06
 2.35225e-06
 2.35225e-06
 2.35225e-06
 2.35225e-06
 2.35225e-06
 2.35225e-06
 2.35225e-06
 2.35225e-06
 2.35225e-06
 2.35225e-06
 2.35225e-06
 2.35225e-06
 2.35225e-06
 2.35225e-06
 2.35225e-06
 2.35225e-06
 2.35225e-06
 2.35225e-06
 6.56745e-07
 6.56745e-07
 6.56745e-07
 6.56745e-07
 6.56745e-07
 6.56745e-07
 6.56745e-07
 6.56745e-07
 6.56745e-07
 6.56745e-07
 6.56745e-07
 6.56745e-07
 6.56745e-07
 6.56745e-07
 6.56745e-07
 6.56745e-07
 6.56745e-07
 6.56745e-07
 6.56745e-07
 6.56745e-07
 6.56745e-07
 6.56745e-07
 6.56745e-07
 6.56745e-07
 6.56745e-07
 6.56745e-07
 6.56745e-07
 6.56745e-07
 6.56745e-07
 6.56745e-07
 6.56745e-07
 6.56745e-07
 6.56745e-07
 6.56745e-07
 6.56745e-07
 6.56745e-07
 0.00000e+00
 0.00000e+00
 0.00000e+00
 0.00000e+00
 0.00000e+00
 0.00000e+00
 0.00000e+00
 0.00000e+00
 0.00000e+00
 0.00000e+00
 0.00000e+00
 0.00000e+00
 0.00000e+00
 0.00000e+00
 0.00000e+00
 0.00000e+00
 0.00000e+00
 0.00000e+00
 0.00000e+00
 0.00000e+00
 0.00000e+00
 0.00000e+00
 0.00000e+00
 0.00000e+00
 0.00000e+00
 0.00000e+00
 0.00000e+00
 0.00000e+00
 0.00000e+00
 0.00000e+00
 0.00000e+00
 0.00000e+00
 0.00000e+00
 0.00000e+00
 0.00000e+00
 0.00000e+00
