NodeMass
part
         1
coordinates
 4.62963e-06
 9.25926e-06
 9.25926e-06
 9.25926e-06
 9.25926e-06
 9.25925e-06
 9.25920e-06
 9.25869e-06
 9.25474e-06
 9.22717e-06
 9.07279e-06
 8.55856e-06
 7.41542e-06
 6.06642e-06
 5.06408e-06
 4.28940e-06
 3.62350e-06
 3.08458e-06
 9.25926e-06
 1.85185e-05
 1.85185e-05
 1.85185e-05
 1.85185e-05
 1.85185e-05
 1.85184e-05
 1.85171e-05
 1.85073e-05
 1.84430e-05
 1.81164e-05
 1.70085e-05
 1.47068e-05
 1.19991e-05
 9.91897e-06
 8.35633e-06
 7.03900e-06
 6.00997e-06
 9.25926e-06
 1.85185e-05
 1.85185e-05
 1.85185e-05
 1.85185e-05
 1.85185e-05
 1.85181e-05
 1.85158e-05
 1.84997e-05
 1.84075e-05
 1.79852e-05
 1.67302e-05
 1.44055e-05
 1.16564e-05
 9.46337e-06
 7.88954e-06
 6.62198e-06
 5.69443e-06
 9.25926e-06
 1.85185e-05
 1.85185e-05
 1.85185e-05
 1.85185e-05
 1.85183e-05
 1.85174e-05
 1.85110e-05
 1.84810e-05
 1.83261e-05
 1.77457e-05
 1.62270e-05
 1.38073e-05
 1.12439e-05
 9.19440e-06
 7.67213e-06
 6.47860e-06
 5.59804e-06
 9.25926e-06
 1.85185e-05
 1.85185e-05
 1.85185e-05
 1.85184e-05
 1.85178e-05
 1.85147e-05
 1.85005e-05
 1.84277e-05
 1.81627e-05
 1.73142e-05
 1.55109e-05
 1.30331e-05
 1.06947e-05
 8.85705e-06
 7.38039e-06
 6.26350e-06
 5.44120e-06
 9.25925e-06
 1.85185e-05
 1.85185e-05
 1.85183e-05
 1.85178e-05
 1.85154e-05
 1.85059e-05
 1.84666e-05
 1.83199e-05
 1.78311e-05
 1.66210e-05
 1.45377e-05
 1.20600e-05
 9.95898e-06
 8.33434e-06
 6.97913e-06
 5.95765e-06
 5.18062e-06
 9.25920e-06
 1.85184e-05
 1.85181e-05
 1.85174e-05
 1.85147e-05
 1.85059e-05
 1.84765e-05
 1.83730e-05
 1.80624e-05
 1.72437e-05
 1.56787e-05
 1.33795e-05
 1.10449e-05
 9.28602e-06
 7.89593e-06
 6.76456e-06
 5.87579e-06
 5.05915e-06
 9.25869e-06
 1.85171e-05
 1.85158e-05
 1.85110e-05
 1.85005e-05
 1.84666e-05
 1.83730e-05
 1.81357e-05
 1.75055e-05
 1.62554e-05
 1.43417e-05
 1.21464e-05
 1.02281e-05
 8.68479e-06
 7.42687e-06
 6.45826e-06
 5.64586e-06
 4.78546e-06
 9.25474e-06
 1.85073e-05
 1.84997e-05
 1.84810e-05
 1.84277e-05
 1.83199e-05
 1.80623e-05
 1.75055e-05
 1.64776e-05
 1.48202e-05
 1.26710e-05
 1.06775e-05
 9.11225e-06
 7.79219e-06
 6.76329e-06
 5.97842e-06
 5.21468e-06
 4.35937e-06
 9.22717e-06
 1.84430e-05
 1.84075e-05
 1.83261e-05
 1.81627e-05
 1.78310e-05
 1.72436e-05
 1.62553e-05
 1.48202e-05
 1.29045e-05
 1.08208e-05
 9.15974e-06
 7.88628e-06
 6.85383e-06
 6.09654e-06
 5.45895e-06
 4.72758e-06
 3.91600e-06
 9.07279e-06
 1.81164e-05
 1.79852e-05
 1.77457e-05
 1.73142e-05
 1.66210e-05
 1.56787e-05
 1.43417e-05
 1.26711e-05
 1.08209e-05
 9.09217e-06
 7.81165e-06
 6.86567e-06
 6.15466e-06
 5.60217e-06
 4.99260e-06
 4.24598e-06
 3.49547e-06
 8.55857e-06
 1.70085e-05
 1.67302e-05
 1.62270e-05
 1.55110e-05
 1.45381e-05
 1.33800e-05
 1.21474e-05
 1.06778e-05
 9.15928e-06
 7.81111e-06
 6.74565e-06
 6.02731e-06
 5.53626e-06
 5.06746e-06
 4.44752e-06
 3.73623e-06
 3.10493e-06
 7.41553e-06
 1.47071e-05
 1.44058e-05
 1.38077e-05
 1.30338e-05
 1.20610e-05
 1.10462e-05
 1.02298e-05
 9.11281e-06
 7.88543e-06
 6.86455e-06
 6.02653e-06
 5.45169e-06
 5.00942e-06
 4.49757e-06
 3.87141e-06
 3.25699e-06
 2.78432e-06
 6.06675e-06
 1.20001e-05
 1.16576e-05
 1.12456e-05
 1.06963e-05
 9.96062e-06
 9.28774e-06
 8.68621e-06
 7.79330e-06
 6.85358e-06
 6.15356e-06
 5.53542e-06
 5.00937e-06
 4.49474e-06
 3.92102e-06
 3.34393e-06
 2.87022e-06
 2.56027e-06
 5.06460e-06
 9.92034e-06
 9.46459e-06
 9.19583e-06
 8.85857e-06
 8.33667e-06
 7.89768e-06
 7.42753e-06
 6.76491e-06
 6.09730e-06
 5.60145e-06
 5.06675e-06
 4.49762e-06
 3.92118e-06
 3.37233e-06
 2.91584e-06
 2.60133e-06
 2.42753e-06
 4.29005e-06
 8.35791e-06
 7.89052e-06
 7.67158e-06
 7.38078e-06
 6.98197e-06
 6.76558e-06
 6.45786e-06
 5.98007e-06
 5.46045e-06
 4.99251e-06
 4.44712e-06
 3.87150e-06
 3.34412e-06
 2.91591e-06
 2.61630e-06
 2.44250e-06
 2.36033e-06
 3.62424e-06
 7.04074e-06
 6.62287e-06
 6.47668e-06
 6.26301e-06
 5.96021e-06
 5.87558e-06
 5.64429e-06
 5.21567e-06
 4.72911e-06
 4.24635e-06
 3.73619e-06
 3.25710e-06
 2.87034e-06
 2.60138e-06
 2.44251e-06
 2.36375e-06
 2.33091e-06
 3.08525e-06
 6.01134e-06
 5.69492e-06
 5.59602e-06
 5.44063e-06
 5.18245e-06
 5.05827e-06
 4.78362e-06
 4.35965e-06
 3.91696e-06
 3.49585e-06
 3.10502e-06
 2.78439e-06
 2.56032e-06
 2.42755e-06
 2.36034e-06
 2.33091e-06
 2.31985e-06
 9.25926e-06
 1.85185e-05
 1.85185e-05
 1.85185e-05
 1.85185e-05
 1.85185e-05
 1.85184e-05
 1.85171e-05
 1.85073e-05
 1.84430e-05
 1.81164e-05
 1.70085e-05
 1.47069e-05
 1.19994e-05
 9.91931e-06
 8.35665e-06
 7.03933e-06
 6.01012e-06
 1.85185e-05
 3.70370e-05
 3.70370e-05
 3.70370e-05
 3.70370e-05
 3.70370e-05
 3.70366e-05
 3.70334e-05
 3.70096e-05
 3.68630e-05
 3.61632e-05
 3.38316e-05
 2.91845e-05
 2.37161e-05
 1.94598e-05
 1.63451e-05
 1.37517e-05
 1.17672e-05
 1.85185e-05
 3.70370e-05
 3.70370e-05
 3.70370e-05
 3.70370e-05
 3.70369e-05
 3.70359e-05
 3.70303e-05
 3.69928e-05
 3.67852e-05
 3.58905e-05
 3.32733e-05
 2.85581e-05
 2.31166e-05
 1.87994e-05
 1.56954e-05
 1.31985e-05
 1.13574e-05
 1.85185e-05
 3.70370e-05
 3.70370e-05
 3.70370e-05
 3.70370e-05
 3.70365e-05
 3.70343e-05
 3.70197e-05
 3.69510e-05
 3.66154e-05
 3.53900e-05
 3.22508e-05
 2.73830e-05
 2.24121e-05
 1.84545e-05
 1.54260e-05
 1.30502e-05
 1.12724e-05
 1.85185e-05
 3.70370e-05
 3.70370e-05
 3.70370e-05
 3.70366e-05
 3.70353e-05
 3.70280e-05
 3.69964e-05
 3.68368e-05
 3.62708e-05
 3.45059e-05
 3.08076e-05
 2.58355e-05
 2.12863e-05
 1.77310e-05
 1.48196e-05
 1.26154e-05
 1.09551e-05
 1.85185e-05
 3.70370e-05
 3.70369e-05
 3.70365e-05
 3.70353e-05
 3.70297e-05
 3.70088e-05
 3.69207e-05
 3.66055e-05
 3.55810e-05
 3.30764e-05
 2.88635e-05
 2.39526e-05
 1.98271e-05
 1.66436e-05
 1.40010e-05
 1.20146e-05
 1.04460e-05
 1.85184e-05
 3.70366e-05
 3.70359e-05
 3.70343e-05
 3.70280e-05
 3.70088e-05
 3.69410e-05
 3.67188e-05
 3.60558e-05
 3.43634e-05
 3.11570e-05
 2.65293e-05
 2.18590e-05
 1.83131e-05
 1.55593e-05
 1.33540e-05
 1.16445e-05
 1.00605e-05
 1.85171e-05
 3.70334e-05
 3.70303e-05
 3.70197e-05
 3.69964e-05
 3.69207e-05
 3.67188e-05
 3.62016e-05
 3.49096e-05
 3.23408e-05
 2.84335e-05
 2.40041e-05
 2.00867e-05
 1.69564e-05
 1.44712e-05
 1.25762e-05
 1.10281e-05
 9.41817e-06
 1.85073e-05
 3.70096e-05
 3.69928e-05
 3.69510e-05
 3.68368e-05
 3.66055e-05
 3.60557e-05
 3.49096e-05
 3.27985e-05
 2.93716e-05
 2.51020e-05
 2.12186e-05
 1.80889e-05
 1.54251e-05
 1.33264e-05
 1.17284e-05
 1.02419e-05
 8.61336e-06
 1.84430e-05
 3.68630e-05
 3.67852e-05
 3.66154e-05
 3.62707e-05
 3.55809e-05
 3.43633e-05
 3.23406e-05
 2.93716e-05
 2.55674e-05
 2.16632e-05
 1.84894e-05
 1.59342e-05
 1.38174e-05
 1.21958e-05
 1.08344e-05
 9.36397e-06
 7.77221e-06
 1.81164e-05
 3.61632e-05
 3.58904e-05
 3.53899e-05
 3.45058e-05
 3.30764e-05
 3.11570e-05
 2.84335e-05
 2.51022e-05
 2.16635e-05
 1.85072e-05
 1.60415e-05
 1.41080e-05
 1.25837e-05
 1.13192e-05
 9.97642e-06
 8.44413e-06
 6.94910e-06
 1.70085e-05
 3.38316e-05
 3.32734e-05
 3.22508e-05
 3.08078e-05
 2.88641e-05
 2.65302e-05
 2.40057e-05
 2.12195e-05
 1.84894e-05
 1.60414e-05
 1.40269e-05
 1.25599e-05
 1.14291e-05
 1.02858e-05
 8.90659e-06
 7.43943e-06
 6.17849e-06
 1.47071e-05
 2.91850e-05
 2.85588e-05
 2.73839e-05
 2.58368e-05
 2.39544e-05
 2.18610e-05
 2.00897e-05
 1.80910e-05
 1.59342e-05
 1.41075e-05
 1.25592e-05
 1.13719e-05
 1.03075e-05
 9.09195e-06
 7.73957e-06
 6.48746e-06
 5.54791e-06
 1.19998e-05
 2.37176e-05
 2.31185e-05
 2.24150e-05
 2.12889e-05
 1.98295e-05
 1.83148e-05
 1.69580e-05
 1.54274e-05
 1.38178e-05
 1.25825e-05
 1.14279e-05
 1.03073e-05
 9.12591e-06
 7.86522e-06
 6.67026e-06
 5.72042e-06
 5.10843e-06
 9.92003e-06
 1.94620e-05
 1.88014e-05
 1.84574e-05
 1.77344e-05
 1.66469e-05
 1.55602e-05
 1.44704e-05
 1.33279e-05
 1.21965e-05
 1.13176e-05
 1.02841e-05
 9.09174e-06
 7.86544e-06
 6.73136e-06
 5.81308e-06
 5.18988e-06
 4.84881e-06
 8.35760e-06
 1.63477e-05
 1.56969e-05
 1.54263e-05
 1.48227e-05
 1.40058e-05
 1.33542e-05
 1.25739e-05
 1.17293e-05
 1.08354e-05
 9.97515e-06
 8.90520e-06
 7.73946e-06
 6.67054e-06
 5.81320e-06
 5.21968e-06
 4.87826e-06
 4.71785e-06
 7.04042e-06
 1.37546e-05
 1.31998e-05
 1.30484e-05
 1.26174e-05
 1.20199e-05
 1.16440e-05
 1.10251e-05
 1.02422e-05
 9.36506e-06
 8.44379e-06
 7.43893e-06
 6.48753e-06
 5.72061e-06
 5.18997e-06
 4.87828e-06
 4.72462e-06
 4.66075e-06
 6.01120e-06
 1.17696e-05
 1.13582e-05
 1.12700e-05
 1.09562e-05
 1.04503e-05
 1.00600e-05
 9.41561e-06
 8.61325e-06
 7.77300e-06
 6.94928e-06
 6.17849e-06
 5.54798e-06
 5.10850e-06
 4.84884e-06
 4.71785e-06
 4.66075e-06
 4.63934e-06
 9.25926e-06
 1.85185e-05
 1.85185e-05
 1.85185e-05
 1.85185e-05
 1.85185e-05
 1.85181e-05
 1.85158e-05
 1.84997e-05
 1.84075e-05
 1.79852e-05
 1.67302e-05
 1.44056e-05
 1.16569e-05
 9.46363e-06
 7.88947e-06
 6.62178e-06
 5.69406e-06
 1.85185e-05
 3.70370e-05
 3.70370e-05
 3.70370e-05
 3.70370e-05
 3.70369e-05
 3.70359e-05
 3.70303e-05
 3.69928e-05
 3.67852e-05
 3.58904e-05
 3.32733e-05
 2.85583e-05
 2.31170e-05
 1.87994e-05
 1.56948e-05
 1.31977e-05
 1.13566e-05
 1.85185e-05
 3.70370e-05
 3.70370e-05
 3.70370e-05
 3.70370e-05
 3.70367e-05
 3.70349e-05
 3.70252e-05
 3.69705e-05
 3.66850e-05
 3.56073e-05
 3.26711e-05
 2.79002e-05
 2.27752e-05
 1.86246e-05
 1.55240e-05
 1.30810e-05
 1.12863e-05
 1.85185e-05
 3.70370e-05
 3.70370e-05
 3.70370e-05
 3.70369e-05
 3.70361e-05
 3.70323e-05
 3.70109e-05
 3.69129e-05
 3.64865e-05
 3.50368e-05
 3.16248e-05
 2.67247e-05
 2.20320e-05
 1.82781e-05
 1.52750e-05
 1.29522e-05
 1.12057e-05
 1.85185e-05
 3.70370e-05
 3.70370e-05
 3.70369e-05
 3.70363e-05
 3.70341e-05
 3.70229e-05
 3.69783e-05
 3.67731e-05
 3.60817e-05
 3.40919e-05
 3.02029e-05
 2.51664e-05
 2.07470e-05
 1.73946e-05
 1.46018e-05
 1.24827e-05
 1.08430e-05
 1.85185e-05
 3.70369e-05
 3.70367e-05
 3.70361e-05
 3.70341e-05
 3.70255e-05
 3.69968e-05
 3.68766e-05
 3.64944e-05
 3.53057e-05
 3.25795e-05
 2.82285e-05
 2.33839e-05
 1.94413e-05
 1.63933e-05
 1.38711e-05
 1.19685e-05
 1.03909e-05
 1.85181e-05
 3.70359e-05
 3.70349e-05
 3.70323e-05
 3.70229e-05
 3.69968e-05
 3.69021e-05
 3.66356e-05
 3.58394e-05
 3.39508e-05
 3.05437e-05
 2.58268e-05
 2.12713e-05
 1.78318e-05
 1.51351e-05
 1.30243e-05
 1.14156e-05
 9.88839e-06
 1.85158e-05
 3.70303e-05
 3.70252e-05
 3.70109e-05
 3.69783e-05
 3.68766e-05
 3.66356e-05
 3.59935e-05
 3.45372e-05
 3.18078e-05
 2.77709e-05
 2.32735e-05
 1.93555e-05
 1.63008e-05
 1.39103e-05
 1.21180e-05
 1.06741e-05
 9.17124e-06
 1.84997e-05
 3.69928e-05
 3.69705e-05
 3.69129e-05
 3.67731e-05
 3.64943e-05
 3.58394e-05
 3.45372e-05
 3.22695e-05
 2.87522e-05
 2.45472e-05
 2.06868e-05
 1.75461e-05
 1.49809e-05
 1.29721e-05
 1.14335e-05
 9.99747e-06
 8.43100e-06
 1.84075e-05
 3.67852e-05
 3.66850e-05
 3.64865e-05
 3.60817e-05
 3.53056e-05
 3.39507e-05
 3.18078e-05
 2.87523e-05
 2.50596e-05
 2.14080e-05
 1.82466e-05
 1.56575e-05
 1.35969e-05
 1.20049e-05
 1.06432e-05
 9.18271e-06
 7.62585e-06
 1.79852e-05
 3.58905e-05
 3.56073e-05
 3.50368e-05
 3.40918e-05
 3.25794e-05
 3.05438e-05
 2.77710e-05
 2.45478e-05
 2.14087e-05
 1.84547e-05
 1.59830e-05
 1.40092e-05
 1.24675e-05
 1.11587e-05
 9.78730e-06
 8.26931e-06
 6.81704e-06
 1.67303e-05
 3.32734e-05
 3.26712e-05
 3.16249e-05
 3.02031e-05
 2.82290e-05
 2.58276e-05
 2.32751e-05
 2.06886e-05
 1.82478e-05
 1.59835e-05
 1.40792e-05
 1.26223e-05
 1.14215e-05
 1.01774e-05
 8.75014e-06
 7.29537e-06
 6.07614e-06
 1.44057e-05
 2.85587e-05
 2.79007e-05
 2.67256e-05
 2.51674e-05
 2.33856e-05
 2.12728e-05
 1.93578e-05
 1.75486e-05
 1.56584e-05
 1.40095e-05
 1.26220e-05
 1.14672e-05
 1.03196e-05
 9.00904e-06
 7.62078e-06
 6.38310e-06
 5.48043e-06
 1.16572e-05
 2.31182e-05
 2.27768e-05
 2.20342e-05
 2.07489e-05
 1.94428e-05
 1.78322e-05
 1.63013e-05
 1.49823e-05
 1.35973e-05
 1.24670e-05
 1.14207e-05
 1.03194e-05
 9.08405e-06
 7.77753e-06
 6.57704e-06
 5.65051e-06
 5.07012e-06
 9.46444e-06
 1.88017e-05
 1.86267e-05
 1.82812e-05
 1.73980e-05
 1.63942e-05
 1.51341e-05
 1.39089e-05
 1.29719e-05
 1.20048e-05
 1.11576e-05
 1.01762e-05
 9.00875e-06
 7.77764e-06
 6.64381e-06
 5.74371e-06
 5.14803e-06
 4.82989e-06
 7.89075e-06
 1.56978e-05
 1.55258e-05
 1.52776e-05
 1.46066e-05
 1.38728e-05
 1.30229e-05
 1.21164e-05
 1.14326e-05
 1.06428e-05
 9.78623e-06
 8.74916e-06
 7.62067e-06
 6.57721e-06
 5.74379e-06
 5.17674e-06
 4.85724e-06
 4.70971e-06
 6.62324e-06
 1.32009e-05
 1.30825e-05
 1.29536e-05
 1.24873e-05
 1.19711e-05
 1.14149e-05
 1.06730e-05
 9.99668e-06
 9.18243e-06
 8.26882e-06
 7.29504e-06
 6.38314e-06
 5.65062e-06
 5.14808e-06
 4.85725e-06
 4.71583e-06
 4.65770e-06
 5.69541e-06
 1.13592e-05
 1.12874e-05
 1.12062e-05
 1.08462e-05
 1.03934e-05
 9.88835e-06
 9.17083e-06
 8.43057e-06
 7.62577e-06
 6.81699e-06
 6.07612e-06
 5.48046e-06
 5.07015e-06
 4.82990e-06
 4.70971e-06
 4.65770e-06
 4.63833e-06
 9.25926e-06
 1.85185e-05
 1.85185e-05
 1.85185e-05
 1.85185e-05
 1.85183e-05
 1.85174e-05
 1.85110e-05
 1.84810e-05
 1.83261e-05
 1.77457e-05
 1.62270e-05
 1.38074e-05
 1.12447e-05
 9.19476e-06
 7.67071e-06
 6.47608e-06
 5.59563e-06
 1.85185e-05
 3.70370e-05
 3.70370e-05
 3.70370e-05
 3.70370e-05
 3.70365e-05
 3.70343e-05
 3.70197e-05
 3.69510e-05
 3.66154e-05
 3.53899e-05
 3.22507e-05
 2.73832e-05
 2.24133e-05
 1.84553e-05
 1.54246e-05
 1.30473e-05
 1.12694e-05
 1.85185e-05
 3.70370e-05
 3.70370e-05
 3.70370e-05
 3.70369e-05
 3.70361e-05
 3.70323e-05
 3.70109e-05
 3.69129e-05
 3.64865e-05
 3.50368e-05
 3.16248e-05
 2.67249e-05
 2.20326e-05
 1.82792e-05
 1.52758e-05
 1.29523e-05
 1.12054e-05
 1.85185e-05
 3.70370e-05
 3.70370e-05
 3.70369e-05
 3.70365e-05
 3.70348e-05
 3.70268e-05
 3.69878e-05
 3.68237e-05
 3.62246e-05
 3.43693e-05
 3.05894e-05
 2.55806e-05
 2.10665e-05
 1.75850e-05
 1.47213e-05
 1.25320e-05
 1.08724e-05
 1.85185e-05
 3.70370e-05
 3.70369e-05
 3.70365e-05
 3.70353e-05
 3.70305e-05
 3.70107e-05
 3.69334e-05
 3.66349e-05
 3.56977e-05
 3.33265e-05
 2.91498e-05
 2.40647e-05
 1.98081e-05
 1.66713e-05
 1.40457e-05
 1.20475e-05
 1.04746e-05
 1.85183e-05
 3.70365e-05
 3.70361e-05
 3.70348e-05
 3.70305e-05
 3.70156e-05
 3.69670e-05
 3.67844e-05
 3.62539e-05
 3.47591e-05
 3.17127e-05
 2.71479e-05
 2.23754e-05
 1.87147e-05
 1.58699e-05
 1.35254e-05
 1.17298e-05
 1.01535e-05
 1.85174e-05
 3.70343e-05
 3.70323e-05
 3.70268e-05
 3.70107e-05
 3.69670e-05
 3.68227e-05
 3.64512e-05
 3.54105e-05
 3.32080e-05
 2.95301e-05
 2.47506e-05
 2.04677e-05
 1.72998e-05
 1.47372e-05
 1.27612e-05
 1.12204e-05
 9.66052e-06
 1.85110e-05
 3.70197e-05
 3.70109e-05
 3.69878e-05
 3.69334e-05
 3.67844e-05
 3.64512e-05
 3.56001e-05
 3.38837e-05
 3.09182e-05
 2.66879e-05
 2.22269e-05
 1.85779e-05
 1.57706e-05
 1.35568e-05
 1.19151e-05
 1.05001e-05
 8.94458e-06
 1.84810e-05
 3.69510e-05
 3.69129e-05
 3.68237e-05
 3.66349e-05
 3.62539e-05
 3.54105e-05
 3.38837e-05
 3.14084e-05
 2.77565e-05
 2.35678e-05
 1.97830e-05
 1.67779e-05
 1.44504e-05
 1.26842e-05
 1.12856e-05
 9.82817e-06
 8.20956e-06
 1.83261e-05
 3.66154e-05
 3.64865e-05
 3.62246e-05
 3.56977e-05
 3.47590e-05
 3.32080e-05
 3.09183e-05
 2.77567e-05
 2.41177e-05
 2.06177e-05
 1.74919e-05
 1.49952e-05
 1.31332e-05
 1.17388e-05
 1.04475e-05
 8.95609e-06
 7.39848e-06
 1.77457e-05
 3.53900e-05
 3.50368e-05
 3.43693e-05
 3.33265e-05
 3.17126e-05
 2.95302e-05
 2.66884e-05
 2.35689e-05
 2.06188e-05
 1.77716e-05
 1.53157e-05
 1.34265e-05
 1.20172e-05
 1.08147e-05
 9.48773e-06
 7.99674e-06
 6.60609e-06
 1.62271e-05
 3.22509e-05
 3.16249e-05
 3.05896e-05
 2.91500e-05
 2.71484e-05
 2.47516e-05
 2.22285e-05
 1.97853e-05
 1.74934e-05
 1.53161e-05
 1.35138e-05
 1.21529e-05
 1.10223e-05
 9.82871e-06
 8.44788e-06
 7.05354e-06
 5.91358e-06
 1.38076e-05
 2.73836e-05
 2.67255e-05
 2.55815e-05
 2.40656e-05
 2.23771e-05
 2.04695e-05
 1.85800e-05
 1.67798e-05
 1.49957e-05
 1.34267e-05
 1.21529e-05
 1.10837e-05
 9.98905e-06
 8.72267e-06
 7.38222e-06
 6.20599e-06
 5.37433e-06
 1.12447e-05
 2.24138e-05
 2.20335e-05
 2.10681e-05
 1.98094e-05
 1.87162e-05
 1.73014e-05
 1.57721e-05
 1.44515e-05
 1.31335e-05
 1.20176e-05
 1.10226e-05
 9.98931e-06
 8.81380e-06
 7.55456e-06
 6.40202e-06
 5.53435e-06
 5.01052e-06
 9.19551e-06
 1.84566e-05
 1.82801e-05
 1.75873e-05
 1.66733e-05
 1.58699e-05
 1.47381e-05
 1.35583e-05
 1.26851e-05
 1.17395e-05
 1.08156e-05
 9.82946e-06
 8.72322e-06
 7.55480e-06
 6.47163e-06
 5.62435e-06
 5.08140e-06
 4.80100e-06
 7.67321e-06
 1.54279e-05
 1.52768e-05
 1.47241e-05
 1.40486e-05
 1.35246e-05
 1.27614e-05
 1.19169e-05
 1.12862e-05
 1.04484e-05
 9.48898e-06
 8.44878e-06
 7.38277e-06
 6.40227e-06
 5.62442e-06
 5.10762e-06
 4.82494e-06
 4.69746e-06
 6.47951e-06
 1.30517e-05
 1.29535e-05
 1.25344e-05
 1.20502e-05
 1.17288e-05
 1.12201e-05
 1.05016e-05
 9.82861e-06
 8.95676e-06
 7.99771e-06
 7.05418e-06
 6.20630e-06
 5.53447e-06
 5.08143e-06
 4.82495e-06
 4.70266e-06
 4.65320e-06
 5.59868e-06
 1.12733e-05
 1.12066e-05
 1.08741e-05
 1.04766e-05
 1.01526e-05
 9.65992e-06
 8.94558e-06
 8.20991e-06
 7.39887e-06
 6.60656e-06
 5.91385e-06
 5.37443e-06
 5.01055e-06
 4.80100e-06
 4.69746e-06
 4.65320e-06
 4.63688e-06
 9.25926e-06
 1.85185e-05
 1.85185e-05
 1.85185e-05
 1.85184e-05
 1.85178e-05
 1.85147e-05
 1.85005e-05
 1.84277e-05
 1.81627e-05
 1.73142e-05
 1.55110e-05
 1.30334e-05
 1.06955e-05
 8.85747e-06
 7.37959e-06
 6.26210e-06
 5.44008e-06
 1.85185e-05
 3.70370e-05
 3.70370e-05
 3.70370e-05
 3.70366e-05
 3.70353e-05
 3.70280e-05
 3.69964e-05
 3.68368e-05
 3.62707e-05
 3.45058e-05
 3.08076e-05
 2.58360e-05
 2.12874e-05
 1.77324e-05
 1.48204e-05
 1.26157e-05
 1.09552e-05
 1.85185e-05
 3.70370e-05
 3.70370e-05
 3.70369e-05
 3.70363e-05
 3.70341e-05
 3.70229e-05
 3.69783e-05
 3.67731e-05
 3.60817e-05
 3.40918e-05
 3.02028e-05
 2.51666e-05
 2.07475e-05
 1.73960e-05
 1.46041e-05
 1.24852e-05
 1.08447e-05
 1.85185e-05
 3.70370e-05
 3.70369e-05
 3.70365e-05
 3.70353e-05
 3.70305e-05
 3.70107e-05
 3.69334e-05
 3.66349e-05
 3.56977e-05
 3.33264e-05
 2.91497e-05
 2.40646e-05
 1.98079e-05
 1.66711e-05
 1.40458e-05
 1.20476e-05
 1.04747e-05
 1.85184e-05
 3.70366e-05
 3.70363e-05
 3.70353e-05
 3.70318e-05
 3.70202e-05
 3.69793e-05
 3.68324e-05
 3.63505e-05
 3.49999e-05
 3.21394e-05
 2.76614e-05
 2.27144e-05
 1.88179e-05
 1.59080e-05
 1.35053e-05
 1.16951e-05
 1.01709e-05
 1.85178e-05
 3.70353e-05
 3.70341e-05
 3.70305e-05
 3.70202e-05
 3.69894e-05
 3.68932e-05
 3.65993e-05
 3.57898e-05
 3.38634e-05
 3.04105e-05
 2.57359e-05
 2.12108e-05
 1.78077e-05
 1.51500e-05
 1.30435e-05
 1.14211e-05
 9.85610e-06
 1.85147e-05
 3.70280e-05
 3.70229e-05
 3.70107e-05
 3.69793e-05
 3.68932e-05
 3.66646e-05
 3.60929e-05
 3.46908e-05
 3.20566e-05
 2.80661e-05
 2.34397e-05
 1.94934e-05
 1.64815e-05
 1.40994e-05
 1.23289e-05
 1.08756e-05
 9.29146e-06
 1.85005e-05
 3.69964e-05
 3.69783e-05
 3.69334e-05
 3.68324e-05
 3.65993e-05
 3.60929e-05
 3.49407e-05
 3.28359e-05
 2.94983e-05
 2.51474e-05
 2.09866e-05
 1.76835e-05
 1.50448e-05
 1.30170e-05
 1.15383e-05
 1.01552e-05
 8.57360e-06
 1.84277e-05
 3.68368e-05
 3.67731e-05
 3.66349e-05
 3.63505e-05
 3.57898e-05
 3.46908e-05
 3.28360e-05
 3.00047e-05
 2.61939e-05
 2.21855e-05
 1.87476e-05
 1.60025e-05
 1.38519e-05
 1.22464e-05
 1.09182e-05
 9.44745e-06
 7.84100e-06
 1.81627e-05
 3.62708e-05
 3.60817e-05
 3.56977e-05
 3.49999e-05
 3.38634e-05
 3.20567e-05
 2.94985e-05
 2.61942e-05
 2.27075e-05
 1.95878e-05
 1.68042e-05
 1.45210e-05
 1.27998e-05
 1.14649e-05
 1.01228e-05
 8.58374e-06
 7.06995e-06
 1.73142e-05
 3.45059e-05
 3.40919e-05
 3.33265e-05
 3.21394e-05
 3.04105e-05
 2.80664e-05
 2.51481e-05
 2.21867e-05
 1.95890e-05
 1.71587e-05
 1.49660e-05
 1.32275e-05
 1.18669e-05
 1.05931e-05
 9.15910e-06
 7.64944e-06
 6.33698e-06
 1.55110e-05
 3.08078e-05
 3.02032e-05
 2.91501e-05
 2.76618e-05
 2.57366e-05
 2.34406e-05
 2.09879e-05
 1.87495e-05
 1.68062e-05
 1.49669e-05
 1.34025e-05
 1.21327e-05
 1.09283e-05
 9.58252e-06
 8.11806e-06
 6.75738e-06
 5.71528e-06
 1.30335e-05
 2.58364e-05
 2.51674e-05
 2.40658e-05
 2.27156e-05
 2.12126e-05
 1.94953e-05
 1.76853e-05
 1.60043e-05
 1.45224e-05
 1.32287e-05
 1.21334e-05
 1.10584e-05
 9.82355e-06
 8.43763e-06
 7.08675e-06
 5.98342e-06
 5.24675e-06
 1.06956e-05
 2.12880e-05
 2.07486e-05
 1.98098e-05
 1.88195e-05
 1.78097e-05
 1.64840e-05
 1.50470e-05
 1.38535e-05
 1.28008e-05
 1.18683e-05
 1.09297e-05
 9.82428e-06
 8.55335e-06
 7.27105e-06
 6.17212e-06
 5.38957e-06
 4.93989e-06
 8.85821e-06
 1.77331e-05
 1.73967e-05
 1.66736e-05
 1.59098e-05
 1.51511e-05
 1.41017e-05
 1.30194e-05
 1.22476e-05
 1.14657e-05
 1.05947e-05
 9.58416e-06
 8.43863e-06
 7.27138e-06
 6.24058e-06
 5.47195e-06
 5.00094e-06
 4.76710e-06
 7.38166e-06
 1.48217e-05
 1.46041e-05
 1.40486e-05
 1.35072e-05
 1.30435e-05
 1.23305e-05
 1.15405e-05
 1.09187e-05
 1.01232e-05
 9.16050e-06
 8.11942e-06
 7.08751e-06
 6.17239e-06
 5.47200e-06
 5.02398e-06
 4.78714e-06
 4.68327e-06
 6.26453e-06
 1.26170e-05
 1.24846e-05
 1.20501e-05
 1.16968e-05
 1.14203e-05
 1.08762e-05
 1.01569e-05
 9.44778e-06
 8.58409e-06
 7.65035e-06
 6.75814e-06
 5.98378e-06
 5.38968e-06
 5.00097e-06
 4.78714e-06
 4.68752e-06
 4.64809e-06
 5.44187e-06
 1.09561e-05
 1.08444e-05
 1.04766e-05
 1.01723e-05
 9.85517e-06
 9.29139e-06
 8.57463e-06
 7.84142e-06
 7.07024e-06
 6.33737e-06
 5.71555e-06
 5.24685e-06
 4.93992e-06
 4.76710e-06
 4.68327e-06
 4.64809e-06
 4.63526e-06
 9.25925e-06
 1.85185e-05
 1.85185e-05
 1.85183e-05
 1.85178e-05
 1.85154e-05
 1.85059e-05
 1.84666e-05
 1.83199e-05
 1.78310e-05
 1.66210e-05
 1.45379e-05
 1.20605e-05
 9.95989e-06
 8.33559e-06
 6.98052e-06
 5.95889e-06
 5.18156e-06
 1.85185e-05
 3.70370e-05
 3.70369e-05
 3.70365e-05
 3.70353e-05
 3.70297e-05
 3.70088e-05
 3.69207e-05
 3.66055e-05
 3.55809e-05
 3.30763e-05
 2.88638e-05
 2.39535e-05
 1.98281e-05
 1.66449e-05
 1.40033e-05
 1.20176e-05
 1.04486e-05
 1.85185e-05
 3.70369e-05
 3.70367e-05
 3.70361e-05
 3.70341e-05
 3.70255e-05
 3.69968e-05
 3.68766e-05
 3.64943e-05
 3.53056e-05
 3.25793e-05
 2.82286e-05
 2.33845e-05
 1.94413e-05
 1.63925e-05
 1.38708e-05
 1.19693e-05
 1.03919e-05
 1.85183e-05
 3.70365e-05
 3.70361e-05
 3.70348e-05
 3.70305e-05
 3.70156e-05
 3.69670e-05
 3.67844e-05
 3.62539e-05
 3.47590e-05
 3.17125e-05
 2.71479e-05
 2.23759e-05
 1.87147e-05
 1.58684e-05
 1.35232e-05
 1.17276e-05
 1.01517e-05
 1.85178e-05
 3.70353e-05
 3.70341e-05
 3.70305e-05
 3.70202e-05
 3.69894e-05
 3.68932e-05
 3.65993e-05
 3.57898e-05
 3.38634e-05
 3.04104e-05
 2.57359e-05
 2.12112e-05
 1.78081e-05
 1.51498e-05
 1.30426e-05
 1.14197e-05
 9.85467e-06
 1.85154e-05
 3.70297e-05
 3.70255e-05
 3.70156e-05
 3.69894e-05
 3.69181e-05
 3.67221e-05
 3.62150e-05
 3.49464e-05
 3.24587e-05
 2.85742e-05
 2.40021e-05
 1.99362e-05
 1.67532e-05
 1.42772e-05
 1.24218e-05
 1.09363e-05
 9.37106e-06
 1.85059e-05
 3.70088e-05
 3.69968e-05
 3.69670e-05
 3.68932e-05
 3.67221e-05
 3.63254e-05
 3.53949e-05
 3.35028e-05
 3.03690e-05
 2.61810e-05
 2.19704e-05
 1.84527e-05
 1.55636e-05
 1.33469e-05
 1.17443e-05
 1.03358e-05
 8.76166e-06
 1.84666e-05
 3.69207e-05
 3.68766e-05
 3.67844e-05
 3.65993e-05
 3.62150e-05
 3.53949e-05
 3.38486e-05
 3.12745e-05
 2.75745e-05
 2.33935e-05
 1.97095e-05
 1.67376e-05
 1.42961e-05
 1.24564e-05
 1.10658e-05
 9.66665e-06
 8.09626e-06
 1.83199e-05
 3.66055e-05
 3.64944e-05
 3.62539e-05
 3.57898e-05
 3.49464e-05
 3.35029e-05
 3.12745e-05
 2.80827e-05
 2.42686e-05
 2.06108e-05
 1.75295e-05
 1.50595e-05
 1.31474e-05
 1.17098e-05
 1.04103e-05
 8.93770e-06
 7.39733e-06
 1.78311e-05
 3.55810e-05
 3.53057e-05
 3.47591e-05
 3.38634e-05
 3.24587e-05
 3.03691e-05
 2.75749e-05
 2.42689e-05
 2.09922e-05
 1.81109e-05
 1.56509e-05
 1.36845e-05
 1.22107e-05
 1.09763e-05
 9.61989e-06
 8.10219e-06
 6.68832e-06
 1.66211e-05
 3.30765e-05
 3.25795e-05
 3.17128e-05
 3.04107e-05
 2.85745e-05
 2.61815e-05
 2.33942e-05
 2.06117e-05
 1.81117e-05
 1.58685e-05
 1.39778e-05
 1.25292e-05
 1.13477e-05
 1.01065e-05
 8.66776e-06
 7.22242e-06
 6.03356e-06
 1.45379e-05
 2.88639e-05
 2.82290e-05
 2.71485e-05
 2.57367e-05
 2.40030e-05
 2.19714e-05
 1.97103e-05
 1.75307e-05
 1.56522e-05
 1.39784e-05
 1.26466e-05
 1.15691e-05
 1.04369e-05
 9.08854e-06
 7.66043e-06
 6.40533e-06
 5.49716e-06
 1.20605e-05
 2.39537e-05
 2.33851e-05
 2.23768e-05
 2.12123e-05
 1.99377e-05
 1.84545e-05
 1.67389e-05
 1.50605e-05
 1.36855e-05
 1.25301e-05
 1.15697e-05
 1.05652e-05
 9.33354e-06
 7.96706e-06
 6.70198e-06
 5.72567e-06
 5.10976e-06
 9.95982e-06
 1.98288e-05
 1.94430e-05
 1.87164e-05
 1.78093e-05
 1.67549e-05
 1.55659e-05
 1.42977e-05
 1.31482e-05
 1.22109e-05
 1.13483e-05
 1.04378e-05
 9.33406e-06
 8.08096e-06
 6.87218e-06
 5.89012e-06
 5.22751e-06
 4.86589e-06
 8.33544e-06
 1.66457e-05
 1.63954e-05
 1.58717e-05
 1.51513e-05
 1.42786e-05
 1.33489e-05
 1.24577e-05
 1.17099e-05
 1.09759e-05
 1.01068e-05
 9.08939e-06
 7.96769e-06
 6.87238e-06
 5.95092e-06
 5.29660e-06
 4.91459e-06
 4.73254e-06
 6.98045e-06
 1.40033e-05
 1.38734e-05
 1.35273e-05
 1.30445e-05
 1.24228e-05
 1.17458e-05
 1.10667e-05
 1.04097e-05
 9.61908e-06
 8.66791e-06
 7.66106e-06
 6.70240e-06
 5.89026e-06
 5.29662e-06
 4.93293e-06
 4.74787e-06
 4.66911e-06
 5.95882e-06
 1.20166e-05
 1.19704e-05
 1.17313e-05
 1.14219e-05
 1.09370e-05
 1.03367e-05
 9.66728e-06
 8.93730e-06
 8.10175e-06
 7.22256e-06
 6.40565e-06
 5.72583e-06
 5.22755e-06
 4.91460e-06
 4.74787e-06
 4.67225e-06
 4.64307e-06
 5.18143e-06
 1.04475e-05
 1.03923e-05
 1.01547e-05
 9.85675e-06
 9.37161e-06
 8.76215e-06
 8.09676e-06
 7.39737e-06
 6.68827e-06
 6.03364e-06
 5.49724e-06
 5.10979e-06
 4.86589e-06
 4.73253e-06
 4.66911e-06
 4.64307e-06
 4.63371e-06
 9.25920e-06
 1.85184e-05
 1.85181e-05
 1.85174e-05
 1.85147e-05
 1.85059e-05
 1.84765e-05
 1.83730e-05
 1.80623e-05
 1.72436e-05
 1.56787e-05
 1.33798e-05
 1.10457e-05
 9.28711e-06
 7.89707e-06
 6.76501e-06
 5.87508e-06
 5.05787e-06
 1.85184e-05
 3.70366e-05
 3.70359e-05
 3.70343e-05
 3.70280e-05
 3.70088e-05
 3.69410e-05
 3.67188e-05
 3.60557e-05
 3.43633e-05
 3.11569e-05
 2.65298e-05
 2.18600e-05
 1.83135e-05
 1.55588e-05
 1.33527e-05
 1.16428e-05
 1.00590e-05
 1.85181e-05
 3.70359e-05
 3.70349e-05
 3.70323e-05
 3.70229e-05
 3.69968e-05
 3.69021e-05
 3.66356e-05
 3.58394e-05
 3.39507e-05
 3.05437e-05
 2.58271e-05
 2.12717e-05
 1.78308e-05
 1.51324e-05
 1.30214e-05
 1.14137e-05
 9.88736e-06
 1.85174e-05
 3.70343e-05
 3.70323e-05
 3.70268e-05
 3.70107e-05
 3.69670e-05
 3.68227e-05
 3.64512e-05
 3.54105e-05
 3.32080e-05
 2.95301e-05
 2.47508e-05
 2.04682e-05
 1.72999e-05
 1.47366e-05
 1.27604e-05
 1.12194e-05
 9.65935e-06
 1.85147e-05
 3.70280e-05
 3.70229e-05
 3.70107e-05
 3.69793e-05
 3.68932e-05
 3.66646e-05
 3.60929e-05
 3.46908e-05
 3.20566e-05
 2.80661e-05
 2.34397e-05
 1.94939e-05
 1.64825e-05
 1.41004e-05
 1.23296e-05
 1.08756e-05
 9.29092e-06
 1.85059e-05
 3.70088e-05
 3.69968e-05
 3.69670e-05
 3.68932e-05
 3.67221e-05
 3.63254e-05
 3.53949e-05
 3.35029e-05
 3.03690e-05
 2.61811e-05
 2.19704e-05
 1.84529e-05
 1.55641e-05
 1.33474e-05
 1.17446e-05
 1.03358e-05
 8.76146e-06
 1.84765e-05
 3.69410e-05
 3.69021e-05
 3.68227e-05
 3.66646e-05
 3.63254e-05
 3.56040e-05
 3.41562e-05
 3.16873e-05
 2.80629e-05
 2.39106e-05
 2.02499e-05
 1.72176e-05
 1.46681e-05
 1.27161e-05
 1.12356e-05
 9.79206e-06
 8.20141e-06
 1.83730e-05
 3.67188e-05
 3.66356e-05
 3.64512e-05
 3.60929e-05
 3.53949e-05
 3.41562e-05
 3.21576e-05
 2.90850e-05
 2.51642e-05
 2.13615e-05
 1.82231e-05
 1.56468e-05
 1.35873e-05
 1.20181e-05
 1.06593e-05
 9.17175e-06
 7.59590e-06
 1.80624e-05
 3.60558e-05
 3.58394e-05
 3.54105e-05
 3.46908e-05
 3.35028e-05
 3.16874e-05
 2.90850e-05
 2.56756e-05
 2.20560e-05
 1.88459e-05
 1.62006e-05
 1.41043e-05
 1.25265e-05
 1.12646e-05
 9.94222e-06
 8.42513e-06
 6.94282e-06
 1.72437e-05
 3.43634e-05
 3.39508e-05
 3.32080e-05
 3.20566e-05
 3.03691e-05
 2.80632e-05
 2.51646e-05
 2.20564e-05
 1.91110e-05
 1.64926e-05
 1.43843e-05
 1.28104e-05
 1.16135e-05
 1.04571e-05
 9.08038e-06
 7.59569e-06
 6.29734e-06
 1.56788e-05
 3.11571e-05
 3.05439e-05
 2.95303e-05
 2.80664e-05
 2.61815e-05
 2.39112e-05
 2.13622e-05
 1.88465e-05
 1.64928e-05
 1.44337e-05
 1.28691e-05
 1.17337e-05
 1.07137e-05
 9.50907e-06
 8.10988e-06
 6.76847e-06
 5.72761e-06
 1.33798e-05
 2.65300e-05
 2.58275e-05
 2.47516e-05
 2.34407e-05
 2.19715e-05
 2.02510e-05
 1.82239e-05
 1.62009e-05
 1.43843e-05
 1.28690e-05
 1.17494e-05
 1.08178e-05
 9.75304e-06
 8.46667e-06
 7.14665e-06
 6.03882e-06
 5.28391e-06
 1.10455e-05
 2.18604e-05
 2.12728e-05
 2.04693e-05
 1.94950e-05
 1.84544e-05
 1.72192e-05
 1.56477e-05
 1.41043e-05
 1.28101e-05
 1.17337e-05
 1.08180e-05
 9.84032e-06
 8.66416e-06
 7.40467e-06
 6.28544e-06
 5.46580e-06
 4.98017e-06
 9.28672e-06
 1.83148e-05
 1.78338e-05
 1.73016e-05
 1.64831e-05
 1.55654e-05
 1.46699e-05
 1.35883e-05
 1.25264e-05
 1.16129e-05
 1.07137e-05
 9.75349e-06
 8.66444e-06
 7.50008e-06
 6.42711e-06
 5.59772e-06
 5.06998e-06
 4.79772e-06
 7.89653e-06
 1.55612e-05
 1.51375e-05
 1.47390e-05
 1.41006e-05
 1.33484e-05
 1.27177e-05
 1.20189e-05
 1.12642e-05
 1.04563e-05
 9.50891e-06
 8.46709e-06
 7.40500e-06
 6.42722e-06
 5.64674e-06
 5.12330e-06
 4.83373e-06
 4.70142e-06
 6.76509e-06
 1.33558e-05
 1.30264e-05
 1.27625e-05
 1.23297e-05
 1.17454e-05
 1.12369e-05
 1.06599e-05
 9.94177e-06
 9.07960e-06
 8.10975e-06
 7.14694e-06
 6.28566e-06
 5.59778e-06
 5.12330e-06
 4.84732e-06
 4.71234e-06
 4.65669e-06
 5.87627e-06
 1.16459e-05
 1.14172e-05
 1.12213e-05
 1.08762e-05
 1.03367e-05
 9.79312e-06
 9.17223e-06
 8.42494e-06
 7.59536e-06
 6.76848e-06
 6.03897e-06
 5.46588e-06
 5.07000e-06
 4.83372e-06
 4.71234e-06
 4.65885e-06
 4.63875e-06
 5.05959e-06
 1.00617e-05
 9.88963e-06
 9.66131e-06
 9.29199e-06
 8.76237e-06
 8.20218e-06
 7.59629e-06
 6.94288e-06
 6.29731e-06
 5.72764e-06
 5.28395e-06
 4.98018e-06
 4.79772e-06
 4.70142e-06
 4.65669e-06
 4.63875e-06
 4.63241e-06
 9.25869e-06
 1.85171e-05
 1.85158e-05
 1.85110e-05
 1.85005e-05
 1.84666e-05
 1.83730e-05
 1.81357e-05
 1.75055e-05
 1.62553e-05
 1.43416e-05
 1.21471e-05
 1.02292e-05
 8.68570e-06
 7.42733e-06
 6.45787e-06
 5.64435e-06
 4.78362e-06
 1.85171e-05
 3.70334e-05
 3.70303e-05
 3.70197e-05
 3.69964e-05
 3.69207e-05
 3.67188e-05
 3.62016e-05
 3.49096e-05
 3.23406e-05
 2.84334e-05
 2.40051e-05
 2.00884e-05
 1.69567e-05
 1.44694e-05
 1.25732e-05
 1.10246e-05
 9.41518e-06
 1.85158e-05
 3.70303e-05
 3.70252e-05
 3.70109e-05
 3.69783e-05
 3.68766e-05
 3.66356e-05
 3.59935e-05
 3.45372e-05
 3.18077e-05
 2.77708e-05
 2.32744e-05
 1.93565e-05
 1.62998e-05
 1.39074e-05
 1.21150e-05
 1.06719e-05
 9.17001e-06
 1.85110e-05
 3.70197e-05
 3.70109e-05
 3.69878e-05
 3.69334e-05
 3.67844e-05
 3.64512e-05
 3.56001e-05
 3.38837e-05
 3.09182e-05
 2.66881e-05
 2.22277e-05
 1.85788e-05
 1.57709e-05
 1.35571e-05
 1.19158e-05
 1.05008e-05
 8.94493e-06
 1.85005e-05
 3.69964e-05
 3.69783e-05
 3.69334e-05
 3.68324e-05
 3.65993e-05
 3.60929e-05
 3.49407e-05
 3.28360e-05
 2.94984e-05
 2.51477e-05
 2.09870e-05
 1.76841e-05
 1.50457e-05
 1.30183e-05
 1.15397e-05
 1.01562e-05
 8.57409e-06
 1.84666e-05
 3.69207e-05
 3.68766e-05
 3.67844e-05
 3.65993e-05
 3.62150e-05
 3.53949e-05
 3.38486e-05
 3.12745e-05
 2.75747e-05
 2.33937e-05
 1.97095e-05
 1.67376e-05
 1.42963e-05
 1.24565e-05
 1.10658e-05
 9.66647e-06
 8.09614e-06
 1.83730e-05
 3.67188e-05
 3.66356e-05
 3.64512e-05
 3.60929e-05
 3.53949e-05
 3.41562e-05
 3.21576e-05
 2.90850e-05
 2.51643e-05
 2.13616e-05
 1.82230e-05
 1.56465e-05
 1.35871e-05
 1.20177e-05
 1.06589e-05
 9.17135e-06
 7.59568e-06
 1.81357e-05
 3.62016e-05
 3.59935e-05
 3.56001e-05
 3.49407e-05
 3.38486e-05
 3.21576e-05
 2.96375e-05
 2.62176e-05
 2.24410e-05
 1.91414e-05
 1.65223e-05
 1.43869e-05
 1.27530e-05
 1.14479e-05
 1.01020e-05
 8.56112e-06
 7.04327e-06
 1.75055e-05
 3.49096e-05
 3.45372e-05
 3.38837e-05
 3.28360e-05
 3.12745e-05
 2.90851e-05
 2.62177e-05
 2.29891e-05
 1.98111e-05
 1.70688e-05
 1.48881e-05
 1.32092e-05
 1.19314e-05
 1.07458e-05
 9.35628e-06
 7.82856e-06
 6.45908e-06
 1.62555e-05
 3.23409e-05
 3.18079e-05
 3.09183e-05
 2.94985e-05
 2.75748e-05
 2.51645e-05
 2.24415e-05
 1.98117e-05
 1.73180e-05
 1.51283e-05
 1.34323e-05
 1.21868e-05
 1.11180e-05
 9.90079e-06
 8.46710e-06
 7.04600e-06
 5.90382e-06
 1.43419e-05
 2.84339e-05
 2.77713e-05
 2.66884e-05
 2.51481e-05
 2.33944e-05
 2.13623e-05
 1.91421e-05
 1.70695e-05
 1.51286e-05
 1.34758e-05
 1.22541e-05
 1.12713e-05
 1.02033e-05
 8.90507e-06
 7.52123e-06
 6.30637e-06
 5.43743e-06
 1.21469e-05
 2.40051e-05
 2.32746e-05
 2.22280e-05
 2.09879e-05
 1.97107e-05
 1.82243e-05
 1.65233e-05
 1.48884e-05
 1.34322e-05
 1.22540e-05
 1.13140e-05
 1.03436e-05
 9.16489e-06
 7.85515e-06
 6.63372e-06
 5.68823e-06
 5.09334e-06
 1.02288e-05
 2.00883e-05
 1.93571e-05
 1.85795e-05
 1.76851e-05
 1.67392e-05
 1.56483e-05
 1.43881e-05
 1.32092e-05
 1.21863e-05
 1.12711e-05
 1.03438e-05
 9.25747e-06
 8.03774e-06
 6.85533e-06
 5.88780e-06
 5.23111e-06
 4.86982e-06
 8.68538e-06
 1.69583e-05
 1.63030e-05
 1.57722e-05
 1.50462e-05
 1.42977e-05
 1.35888e-05
 1.27541e-05
 1.19313e-05
 1.11174e-05
 1.02031e-05
 9.16519e-06
 8.03794e-06
 6.93640e-06
 6.00203e-06
 5.33162e-06
 4.93453e-06
 4.74164e-06
 7.42710e-06
 1.44730e-05
 1.39129e-05
 1.35582e-05
 1.30180e-05
 1.24577e-05
 1.20194e-05
 1.14488e-05
 1.07458e-05
 9.90028e-06
 8.90501e-06
 7.85545e-06
 6.85556e-06
 6.00210e-06
 5.36915e-06
 4.97313e-06
 4.76657e-06
 4.67634e-06
 6.45829e-06
 1.25776e-05
 1.21203e-05
 1.19162e-05
 1.15390e-05
 1.10668e-05
 1.06604e-05
 1.01029e-05
 9.35633e-06
 8.46684e-06
 7.52126e-06
 6.63394e-06
 5.88795e-06
 5.33166e-06
 4.97313e-06
 4.77616e-06
 4.68372e-06
 4.64699e-06
 5.64590e-06
 1.10291e-05
 1.06757e-05
 1.05010e-05
 1.01558e-05
 9.66751e-06
 9.17271e-06
 8.56190e-06
 7.82874e-06
 7.04599e-06
 6.30646e-06
 5.68834e-06
 5.23116e-06
 4.93455e-06
 4.76657e-06
 4.68372e-06
 4.64839e-06
 4.63544e-06
 4.78561e-06
 9.41896e-06
 9.17241e-06
 8.94534e-06
 8.57412e-06
 8.09690e-06
 7.59654e-06
 7.04375e-06
 6.45924e-06
 5.90386e-06
 5.43748e-06
 5.09338e-06
 4.86984e-06
 4.74164e-06
 4.67633e-06
 4.64699e-06
 4.63544e-06
 4.63142e-06
 9.25474e-06
 1.85073e-05
 1.84997e-05
 1.84810e-05
 1.84277e-05
 1.83199e-05
 1.80624e-05
 1.75055e-05
 1.64776e-05
 1.48202e-05
 1.26710e-05
 1.06776e-05
 9.11243e-06
 7.79270e-06
 6.76439e-06
 5.97970e-06
 5.21537e-06
 4.35943e-06
 1.85073e-05
 3.70096e-05
 3.69928e-05
 3.69510e-05
 3.68368e-05
 3.66055e-05
 3.60558e-05
 3.49096e-05
 3.27985e-05
 2.93716e-05
 2.51019e-05
 2.12189e-05
 1.80899e-05
 1.54259e-05
 1.33265e-05
 1.17283e-05
 1.02414e-05
 8.61268e-06
 1.84997e-05
 3.69928e-05
 3.69705e-05
 3.69129e-05
 3.67731e-05
 3.64944e-05
 3.58394e-05
 3.45372e-05
 3.22695e-05
 2.87522e-05
 2.45475e-05
 2.06878e-05
 1.75473e-05
 1.49809e-05
 1.29706e-05
 1.14316e-05
 9.99582e-06
 8.42993e-06
 1.84810e-05
 3.69510e-05
 3.69129e-05
 3.68237e-05
 3.66349e-05
 3.62539e-05
 3.54105e-05
 3.38837e-05
 3.14084e-05
 2.77567e-05
 2.35685e-05
 1.97843e-05
 1.67788e-05
 1.44506e-05
 1.26844e-05
 1.12856e-05
 9.82805e-06
 8.20941e-06
 1.84277e-05
 3.68368e-05
 3.67731e-05
 3.66349e-05
 3.63505e-05
 3.57898e-05
 3.46908e-05
 3.28359e-05
 3.00047e-05
 2.61941e-05
 2.21862e-05
 1.87486e-05
 1.60033e-05
 1.38526e-05
 1.22470e-05
 1.09182e-05
 9.44732e-06
 7.84102e-06
 1.83199e-05
 3.66055e-05
 3.64943e-05
 3.62539e-05
 3.57898e-05
 3.49464e-05
 3.35028e-05
 3.12745e-05
 2.80827e-05
 2.42687e-05
 2.06112e-05
 1.75299e-05
 1.50597e-05
 1.31474e-05
 1.17092e-05
 1.04091e-05
 8.93674e-06
 7.39697e-06
 1.80623e-05
 3.60557e-05
 3.58394e-05
 3.54105e-05
 3.46908e-05
 3.35029e-05
 3.16874e-05
 2.90850e-05
 2.56756e-05
 2.20562e-05
 1.88460e-05
 1.62003e-05
 1.41037e-05
 1.25257e-05
 1.12636e-05
 9.94114e-06
 8.42436e-06
 6.94251e-06
 1.75055e-05
 3.49096e-05
 3.45372e-05
 3.38837e-05
 3.28360e-05
 3.12746e-05
 2.90851e-05
 2.62177e-05
 2.29891e-05
 1.98112e-05
 1.70688e-05
 1.48878e-05
 1.32086e-05
 1.19308e-05
 1.07453e-05
 9.35577e-06
 7.82826e-06
 6.45897e-06
 1.64776e-05
 3.27985e-05
 3.22695e-05
 3.14084e-05
 3.00048e-05
 2.80828e-05
 2.56757e-05
 2.29893e-05
 2.03338e-05
 1.76558e-05
 1.53432e-05
 1.35993e-05
 1.23168e-05
 1.12453e-05
 1.00400e-05
 8.60079e-06
 7.15130e-06
 5.97131e-06
 1.48203e-05
 2.93719e-05
 2.87525e-05
 2.77568e-05
 2.61943e-05
 2.42691e-05
 2.20565e-05
 1.98117e-05
 1.76562e-05
 1.55100e-05
 1.37388e-05
 1.24709e-05
 1.14819e-05
 1.04433e-05
 9.15626e-06
 7.74088e-06
 6.46563e-06
 5.53082e-06
 1.26713e-05
 2.51027e-05
 2.45480e-05
 2.35685e-05
 2.21865e-05
 2.06117e-05
 1.88467e-05
 1.70697e-05
 1.53439e-05
 1.37391e-05
 1.24794e-05
 1.15478e-05
 1.06277e-05
 9.48803e-06
 8.16479e-06
 6.88209e-06
 5.85295e-06
 5.18035e-06
 1.06780e-05
 2.12199e-05
 2.06882e-05
 1.97843e-05
 1.87489e-05
 1.75307e-05
 1.62017e-05
 1.48891e-05
 1.35999e-05
 1.24711e-05
 1.15478e-05
 1.06847e-05
 9.64993e-06
 8.42459e-06
 7.18244e-06
 6.12277e-06
 5.36953e-06
 4.93486e-06
 9.11296e-06
 1.80907e-05
 1.75479e-05
 1.67793e-05
 1.60039e-05
 1.50608e-05
 1.41055e-05
 1.32101e-05
 1.23172e-05
 1.14818e-05
 1.06277e-05
 9.65005e-06
 8.51725e-06
 7.34660e-06
 6.30675e-06
 5.52292e-06
 5.03287e-06
 4.78295e-06
 7.79292e-06
 1.54272e-05
 1.49831e-05
 1.44516e-05
 1.38529e-05
 1.31486e-05
 1.25275e-05
 1.19322e-05
 1.12456e-05
 1.04431e-05
 9.48807e-06
 8.42482e-06
 7.34673e-06
 6.37421e-06
 5.61119e-06
 5.10504e-06
 4.82654e-06
 4.69919e-06
 6.76376e-06
 1.33283e-05
 1.29742e-05
 1.26852e-05
 1.22471e-05
 1.17107e-05
 1.12655e-05
 1.07466e-05
 1.00404e-05
 9.15622e-06
 8.16490e-06
 7.18267e-06
 6.30688e-06
 5.61122e-06
 5.13226e-06
 4.85284e-06
 4.71531e-06
 4.65798e-06
 5.97868e-06
 1.17299e-05
 1.14352e-05
 1.12863e-05
 1.09186e-05
 1.04111e-05
 9.94310e-06
 9.35699e-06
 8.60123e-06
 7.74097e-06
 6.88221e-06
 6.12291e-06
 5.52299e-06
 5.10507e-06
 4.85284e-06
 4.72148e-06
 4.66257e-06
 4.64006e-06
 5.21493e-06
 1.02430e-05
 9.99884e-06
 9.82888e-06
 9.44791e-06
 8.93838e-06
 8.42587e-06
 7.82914e-06
 7.15164e-06
 6.46575e-06
 5.85303e-06
 5.36960e-06
 5.03290e-06
 4.82654e-06
 4.71530e-06
 4.66257e-06
 4.64091e-06
 4.63312e-06
 4.35961e-06
 8.61416e-06
 8.43198e-06
 8.21018e-06
 7.84140e-06
 7.39778e-06
 6.94325e-06
 6.45939e-06
 5.97148e-06
 5.53087e-06
 5.18039e-06
 4.93488e-06
 4.78296e-06
 4.69919e-06
 4.65798e-06
 4.64005e-06
 4.63312e-06
 4.63071e-06
 9.22717e-06
 1.84430e-05
 1.84075e-05
 1.83261e-05
 1.81627e-05
 1.78311e-05
 1.72437e-05
 1.62554e-05
 1.48203e-05
 1.29045e-05
 1.08208e-05
 9.15919e-06
 7.88528e-06
 6.85322e-06
 6.09684e-06
 5.45999e-06
 4.72866e-06
 3.91664e-06
 1.84430e-05
 3.68630e-05
 3.67852e-05
 3.66154e-05
 3.62708e-05
 3.55810e-05
 3.43634e-05
 3.23408e-05
 2.93717e-05
 2.55674e-05
 2.16633e-05
 1.84890e-05
 1.59337e-05
 1.38169e-05
 1.21956e-05
 1.08345e-05
 9.36426e-06
 7.77243e-06
 1.84075e-05
 3.67852e-05
 3.66850e-05
 3.64865e-05
 3.60817e-05
 3.53057e-05
 3.39508e-05
 3.18079e-05
 2.87523e-05
 2.50596e-05
 2.14084e-05
 1.82472e-05
 1.56576e-05
 1.35964e-05
 1.20039e-05
 1.06421e-05
 9.18178e-06
 7.62531e-06
 1.83261e-05
 3.66154e-05
 3.64865e-05
 3.62246e-05
 3.56977e-05
 3.47591e-05
 3.32080e-05
 3.09182e-05
 2.77566e-05
 2.41177e-05
 2.06184e-05
 1.74927e-05
 1.49950e-05
 1.31328e-05
 1.17389e-05
 1.04479e-05
 8.95629e-06
 7.39851e-06
 1.81627e-05
 3.62707e-05
 3.60817e-05
 3.56977e-05
 3.49999e-05
 3.38634e-05
 3.20566e-05
 2.94984e-05
 2.61940e-05
 2.27075e-05
 1.95886e-05
 1.68054e-05
 1.45217e-05
 1.28003e-05
 1.14653e-05
 1.01229e-05
 8.58375e-06
 7.06999e-06
 1.78310e-05
 3.55809e-05
 3.53056e-05
 3.47590e-05
 3.38634e-05
 3.24587e-05
 3.03691e-05
 2.75747e-05
 2.42687e-05
 2.09922e-05
 1.81113e-05
 1.56516e-05
 1.36849e-05
 1.22105e-05
 1.09755e-05
 9.61874e-06
 8.10142e-06
 6.68806e-06
 1.72436e-05
 3.43633e-05
 3.39507e-05
 3.32080e-05
 3.20567e-05
 3.03692e-05
 2.80632e-05
 2.51645e-05
 2.20563e-05
 1.91110e-05
 1.64926e-05
 1.43839e-05
 1.28097e-05
 1.16126e-05
 1.04559e-05
 9.07924e-06
 7.59503e-06
 6.29712e-06
 1.62553e-05
 3.23407e-05
 3.18078e-05
 3.09183e-05
 2.94986e-05
 2.75750e-05
 2.51647e-05
 2.24415e-05
 1.98116e-05
 1.73180e-05
 1.51283e-05
 1.34319e-05
 1.21861e-05
 1.11172e-05
 9.90001e-06
 8.46652e-06
 7.04573e-06
 5.90373e-06
 1.48203e-05
 2.93718e-05
 2.87525e-05
 2.77569e-05
 2.61945e-05
 2.42692e-05
 2.20566e-05
 1.98119e-05
 1.76562e-05
 1.55100e-05
 1.37389e-05
 1.24708e-05
 1.14816e-05
 1.04429e-05
 9.15598e-06
 7.74073e-06
 6.46557e-06
 5.53080e-06
 1.29047e-05
 2.55680e-05
 2.50602e-05
 2.41181e-05
 2.27081e-05
 2.09928e-05
 1.91115e-05
 1.73185e-05
 1.55103e-05
 1.38116e-05
 1.25196e-05
 1.16007e-05
 1.07071e-05
 9.59265e-06
 8.27334e-06
 6.97231e-06
 5.91414e-06
 5.21353e-06
 1.08213e-05
 2.16644e-05
 2.14091e-05
 2.06185e-05
 1.95888e-05
 1.81117e-05
 1.64933e-05
 1.51291e-05
 1.37393e-05
 1.25198e-05
 1.16018e-05
 1.08023e-05
 9.82641e-06
 8.62194e-06
 7.35985e-06
 6.25507e-06
 5.45048e-06
 4.97450e-06
 9.16029e-06
 1.84908e-05
 1.82482e-05
 1.74932e-05
 1.68056e-05
 1.56520e-05
 1.43852e-05
 1.34331e-05
 1.24713e-05
 1.16010e-05
 1.08024e-05
 9.90401e-06
 8.80410e-06
 7.60970e-06
 6.51185e-06
 5.65800e-06
 5.10606e-06
 4.81503e-06
 7.88692e-06
 1.59358e-05
 1.56592e-05
 1.49966e-05
 1.45221e-05
 1.36855e-05
 1.28113e-05
 1.21874e-05
 1.14822e-05
 1.07074e-05
 9.82663e-06
 8.80425e-06
 7.70004e-06
 6.65493e-06
 5.80324e-06
 5.21585e-06
 4.87947e-06
 4.72014e-06
 6.85451e-06
 1.38190e-05
 1.35987e-05
 1.31344e-05
 1.28006e-05
 1.22114e-05
 1.16142e-05
 1.11186e-05
 1.04436e-05
 9.59292e-06
 8.62217e-06
 7.60991e-06
 6.65501e-06
 5.85660e-06
 5.28012e-06
 4.92802e-06
 4.74758e-06
 4.66970e-06
 6.09707e-06
 1.21972e-05
 1.20064e-05
 1.17396e-05
 1.14654e-05
 1.09769e-05
 1.04578e-05
 9.90135e-06
 9.15661e-06
 8.27359e-06
 7.36004e-06
 6.51200e-06
 5.80331e-06
 5.28013e-06
 4.94651e-06
 4.76448e-06
 4.67948e-06
 4.64570e-06
 5.45939e-06
 1.08356e-05
 1.06444e-05
 1.04482e-05
 1.01232e-05
 9.62047e-06
 9.08106e-06
 8.46764e-06
 7.74122e-06
 6.97250e-06
 6.25518e-06
 5.65808e-06
 5.21588e-06
 4.92803e-06
 4.76448e-06
 4.68333e-06
 4.64840e-06
 4.63552e-06
 4.72800e-06
 9.36500e-06
 9.18376e-06
 8.95672e-06
 8.58413e-06
 8.10267e-06
 7.59619e-06
 7.04637e-06
 6.46585e-06
 5.91424e-06
 5.45053e-06
 5.10609e-06
 4.87948e-06
 4.74758e-06
 4.67948e-06
 4.64840e-06
 4.63601e-06
 4.63161e-06
 3.91631e-06
 7.77291e-06
 7.62654e-06
 7.39894e-06
 7.07022e-06
 6.68858e-06
 6.29758e-06
 5.90398e-06
 5.53090e-06
 5.21356e-06
 4.97452e-06
 4.81504e-06
 4.72014e-06
 4.66970e-06
 4.64570e-06
 4.63552e-06
 4.63161e-06
 4.63025e-06
 9.07279e-06
 1.81164e-05
 1.79852e-05
 1.77457e-05
 1.73142e-05
 1.66210e-05
 1.56787e-05
 1.43418e-05
 1.26711e-05
 1.08209e-05
 9.09215e-06
 7.81104e-06
 6.86450e-06
 6.15351e-06
 5.60135e-06
 4.99229e-06
 4.24608e-06
 3.49566e-06
 1.81164e-05
 3.61632e-05
 3.58905e-05
 3.53900e-05
 3.45059e-05
 3.30764e-05
 3.11571e-05
 2.84337e-05
 2.51023e-05
 2.16635e-05
 1.85072e-05
 1.60412e-05
 1.41073e-05
 1.25824e-05
 1.13174e-05
 9.97477e-06
 8.44335e-06
 6.94895e-06
 1.79852e-05
 3.58904e-05
 3.56073e-05
 3.50368e-05
 3.40919e-05
 3.25795e-05
 3.05438e-05
 2.77711e-05
 2.45476e-05
 2.14083e-05
 1.84548e-05
 1.59832e-05
 1.40091e-05
 1.24665e-05
 1.11572e-05
 9.78579e-06
 8.26840e-06
 6.81671e-06
 1.77457e-05
 3.53899e-05
 3.50368e-05
 3.43693e-05
 3.33265e-05
 3.17127e-05
 2.95303e-05
 2.66882e-05
 2.35682e-05
 2.06181e-05
 1.77716e-05
 1.53158e-05
 1.34261e-05
 1.20170e-05
 1.08150e-05
 9.48842e-06
 7.99726e-06
 6.60631e-06
 1.73142e-05
 3.45058e-05
 3.40918e-05
 3.33265e-05
 3.21394e-05
 3.04106e-05
 2.80664e-05
 2.51478e-05
 2.21861e-05
 1.95882e-05
 1.71588e-05
 1.49666e-05
 1.32282e-05
 1.18679e-05
 1.05943e-05
 9.16008e-06
 7.65003e-06
 6.33721e-06
 1.66210e-05
 3.30764e-05
 3.25794e-05
 3.17126e-05
 3.04106e-05
 2.85745e-05
 2.61815e-05
 2.33941e-05
 2.06113e-05
 1.81112e-05
 1.58685e-05
 1.39782e-05
 1.25298e-05
 1.13480e-05
 1.01065e-05
 8.66762e-06
 7.22234e-06
 6.03353e-06
 1.56787e-05
 3.11570e-05
 3.05439e-05
 2.95303e-05
 2.80665e-05
 2.61816e-05
 2.39113e-05
 2.13622e-05
 1.88464e-05
 1.64929e-05
 1.44337e-05
 1.28689e-05
 1.17335e-05
 1.07134e-05
 9.50863e-06
 8.10949e-06
 6.76830e-06
 5.72757e-06
 1.43418e-05
 2.84337e-05
 2.77712e-05
 2.66886e-05
 2.51484e-05
 2.33945e-05
 2.13624e-05
 1.91421e-05
 1.70695e-05
 1.51287e-05
 1.34758e-05
 1.22539e-05
 1.12709e-05
 1.02030e-05
 8.90479e-06
 7.52105e-06
 6.30633e-06
 5.43743e-06
 1.26713e-05
 2.51027e-05
 2.45482e-05
 2.35692e-05
 2.21872e-05
 2.06121e-05
 1.88468e-05
 1.70698e-05
 1.53439e-05
 1.37392e-05
 1.24794e-05
 1.15477e-05
 1.06275e-05
 9.48789e-06
 8.16471e-06
 6.88206e-06
 5.85295e-06
 5.18036e-06
 1.08213e-05
 2.16644e-05
 2.14095e-05
 2.06193e-05
 1.95896e-05
 1.81122e-05
 1.64933e-05
 1.51291e-05
 1.37393e-05
 1.25198e-05
 1.16018e-05
 1.08023e-05
 9.82638e-06
 8.62192e-06
 7.35986e-06
 6.25508e-06
 5.45049e-06
 4.97451e-06
 9.09269e-06
 1.85085e-05
 1.84560e-05
 1.77726e-05
 1.71598e-05
 1.58693e-05
 1.44343e-05
 1.34763e-05
 1.24796e-05
 1.16019e-05
 1.08415e-05
 9.98570e-06
 8.90419e-06
 7.70312e-06
 6.58517e-06
 5.70693e-06
 5.13315e-06
 4.82731e-06
 7.81223e-06
 1.60429e-05
 1.59846e-05
 1.53172e-05
 1.49671e-05
 1.39786e-05
 1.28699e-05
 1.22546e-05
 1.15480e-05
 1.08025e-05
 9.98587e-06
 9.00431e-06
 7.89351e-06
 6.81039e-06
 5.91078e-06
 5.27934e-06
 4.91078e-06
 4.73291e-06
 6.86620e-06
 1.41091e-05
 1.40108e-05
 1.34282e-05
 1.32283e-05
 1.25298e-05
 1.17344e-05
 1.12717e-05
 1.06279e-05
 9.82674e-06
 8.90446e-06
 7.89364e-06
 6.89285e-06
 6.02745e-06
 5.38536e-06
 4.98333e-06
 4.77215e-06
 4.67880e-06
 6.15507e-06
 1.25845e-05
 1.24687e-05
 1.20185e-05
 1.18676e-05
 1.13481e-05
 1.07143e-05
 1.02037e-05
 9.48833e-06
 8.62224e-06
 7.70336e-06
 6.81053e-06
 6.02749e-06
 5.42478e-06
 5.02635e-06
 4.80221e-06
 4.69476e-06
 4.65097e-06
 5.60250e-06
 1.13200e-05
 1.11597e-05
 1.08156e-05
 1.05936e-05
 1.01070e-05
 9.50968e-06
 8.90554e-06
 8.16510e-06
 7.36007e-06
 6.58531e-06
 5.91086e-06
 5.38539e-06
 5.02636e-06
 4.81377e-06
 4.70473e-06
 4.65645e-06
 4.63812e-06
 4.99296e-06
 9.97722e-06
 9.78825e-06
 9.48853e-06
 9.15959e-06
 8.66822e-06
 8.11040e-06
 7.52163e-06
 6.88232e-06
 6.25519e-06
 5.70698e-06
 5.27937e-06
 4.98334e-06
 4.80222e-06
 4.70473e-06
 4.65854e-06
 4.63958e-06
 4.63274e-06
 4.24633e-06
 8.44487e-06
 8.27008e-06
 7.99735e-06
 7.64981e-06
 7.22273e-06
 6.76879e-06
 6.30660e-06
 5.85306e-06
 5.45052e-06
 5.13316e-06
 4.91080e-06
 4.77216e-06
 4.69477e-06
 4.65645e-06
 4.63958e-06
 4.63301e-06
 4.63069e-06
 3.49568e-06
 6.94954e-06
 6.81746e-06
 6.60640e-06
 6.33716e-06
 6.03370e-06
 5.72773e-06
 5.43750e-06
 5.18039e-06
 4.97452e-06
 4.82731e-06
 4.73291e-06
 4.67881e-06
 4.65097e-06
 4.63812e-06
 4.63274e-06
 4.63069e-06
 4.62996e-06
 8.55857e-06
 1.70085e-05
 1.67302e-05
 1.62271e-05
 1.55110e-05
 1.45379e-05
 1.33797e-05
 1.21468e-05
 1.06777e-05
 9.15981e-06
 7.81165e-06
 6.74560e-06
 6.02655e-06
 5.53545e-06
 5.06675e-06
 4.44704e-06
 3.73609e-06
 3.10495e-06
 1.70085e-05
 3.38316e-05
 3.32734e-05
 3.22509e-05
 3.08077e-05
 2.88638e-05
 2.65298e-05
 2.40048e-05
 2.12192e-05
 1.84898e-05
 1.60417e-05
 1.40269e-05
 1.25593e-05
 1.14280e-05
 1.02841e-05
 8.90512e-06
 7.43877e-06
 6.17835e-06
 1.67302e-05
 3.32734e-05
 3.26712e-05
 3.16249e-05
 3.02031e-05
 2.82289e-05
 2.58274e-05
 2.32743e-05
 2.06877e-05
 1.82473e-05
 1.59834e-05
 1.40793e-05
 1.26219e-05
 1.14206e-05
 1.01760e-05
 8.74895e-06
 7.29483e-06
 6.07598e-06
 1.62270e-05
 3.22508e-05
 3.16249e-05
 3.05896e-05
 2.91501e-05
 2.71484e-05
 2.47514e-05
 2.22277e-05
 1.97840e-05
 1.74926e-05
 1.53160e-05
 1.35138e-05
 1.21527e-05
 1.10222e-05
 9.82899e-06
 8.44834e-06
 7.05388e-06
 5.91373e-06
 1.55111e-05
 3.08078e-05
 3.02031e-05
 2.91500e-05
 2.76618e-05
 2.57367e-05
 2.34405e-05
 2.09875e-05
 1.87485e-05
 1.68050e-05
 1.49664e-05
 1.34025e-05
 1.21332e-05
 1.09293e-05
 9.58374e-06
 8.11904e-06
 6.75790e-06
 5.71546e-06
 1.45381e-05
 2.88642e-05
 2.82291e-05
 2.71485e-05
 2.57367e-05
 2.40030e-05
 2.19714e-05
 1.97104e-05
 1.75303e-05
 1.56516e-05
 1.39781e-05
 1.26466e-05
 1.15695e-05
 1.04376e-05
 9.08910e-06
 7.66081e-06
 6.40550e-06
 5.49719e-06
 1.33801e-05
 2.65304e-05
 2.58278e-05
 2.47518e-05
 2.34408e-05
 2.19715e-05
 2.02511e-05
 1.82241e-05
 1.62012e-05
 1.43846e-05
 1.28693e-05
 1.17493e-05
 1.08179e-05
 9.75324e-06
 8.46682e-06
 7.14674e-06
 6.03887e-06
 5.28393e-06
 1.21475e-05
 2.40060e-05
 2.32754e-05
 2.22288e-05
 2.09882e-05
 1.97107e-05
 1.82242e-05
 1.65233e-05
 1.48887e-05
 1.34327e-05
 1.22542e-05
 1.13140e-05
 1.03437e-05
 9.16501e-06
 7.85526e-06
 6.63381e-06
 5.68828e-06
 5.09336e-06
 1.06781e-05
 2.12202e-05
 2.06891e-05
 1.97856e-05
 1.87500e-05
 1.75311e-05
 1.62014e-05
 1.48888e-05
 1.35999e-05
 1.24712e-05
 1.15479e-05
 1.06846e-05
 9.64994e-06
 8.42467e-06
 7.18253e-06
 6.12283e-06
 5.36956e-06
 4.93487e-06
 9.15974e-06
 1.84905e-05
 1.82488e-05
 1.74940e-05
 1.68068e-05
 1.56527e-05
 1.43848e-05
 1.34326e-05
 1.24712e-05
 1.16010e-05
 1.08024e-05
 9.90399e-06
 8.80411e-06
 7.60975e-06
 6.51190e-06
 5.65803e-06
 5.10608e-06
 4.81504e-06
 7.81166e-06
 1.60426e-05
 1.59848e-05
 1.53173e-05
 1.49677e-05
 1.39790e-05
 1.28696e-05
 1.22543e-05
 1.15480e-05
 1.08025e-05
 9.98586e-06
 9.00430e-06
 7.89352e-06
 6.81041e-06
 5.91080e-06
 5.27935e-06
 4.91079e-06
 4.73291e-06
 6.74621e-06
 1.40279e-05
 1.40807e-05
 1.35154e-05
 1.34032e-05
 1.26470e-05
 1.17499e-05
 1.13143e-05
 1.06848e-05
 9.90422e-06
 9.00444e-06
 7.99739e-06
 6.98061e-06
 6.09026e-06
 5.42404e-06
 5.00360e-06
 4.78126e-06
 4.68225e-06
 6.02772e-06
 1.25606e-05
 1.26234e-05
 1.21545e-05
 1.21333e-05
 1.15694e-05
 1.08182e-05
 1.03439e-05
 9.65016e-06
 8.80437e-06
 7.89371e-06
 6.98069e-06
 6.15698e-06
 5.50914e-06
 5.07329e-06
 4.82448e-06
 4.70392e-06
 4.65413e-06
 5.53653e-06
 1.14296e-05
 1.14224e-05
 1.10236e-05
 1.09289e-05
 1.04373e-05
 9.75355e-06
 9.16528e-06
 8.42485e-06
 7.60993e-06
 6.81054e-06
 6.09033e-06
 5.50916e-06
 5.09956e-06
 4.85096e-06
 4.72117e-06
 4.66267e-06
 4.64016e-06
 5.06769e-06
 1.02862e-05
 1.01782e-05
 9.82968e-06
 9.58310e-06
 9.08895e-06
 8.46716e-06
 7.85550e-06
 7.18266e-06
 6.51198e-06
 5.91085e-06
 5.42407e-06
 5.07330e-06
 4.85096e-06
 4.72749e-06
 4.66798e-06
 4.64295e-06
 4.63382e-06
 4.44777e-06
 8.90714e-06
 8.75086e-06
 8.44865e-06
 8.11856e-06
 7.66078e-06
 7.14700e-06
 6.63397e-06
 6.12290e-06
 5.65806e-06
 5.27937e-06
 5.00361e-06
 4.82449e-06
 4.72117e-06
 4.66798e-06
 4.64409e-06
 4.63456e-06
 4.63118e-06
 3.73644e-06
 7.43986e-06
 7.29586e-06
 7.05404e-06
 6.75772e-06
 6.40552e-06
 6.03900e-06
 5.68835e-06
 5.36958e-06
 5.10608e-06
 4.91079e-06
 4.78126e-06
 4.70392e-06
 4.66267e-06
 4.64295e-06
 4.63456e-06
 4.63131e-06
 4.63016e-06
 3.10503e-06
 6.17869e-06
 6.07633e-06
 5.91380e-06
 5.71544e-06
 5.49722e-06
 5.28396e-06
 5.09337e-06
 4.93487e-06
 4.81503e-06
 4.73291e-06
 4.68225e-06
 4.65414e-06
 4.64016e-06
 4.63382e-06
 4.63118e-06
 4.63016e-06
 4.62980e-06
 7.41553e-06
 1.47071e-05
 1.44057e-05
 1.38076e-05
 1.30335e-05
 1.20605e-05
 1.10454e-05
 1.02287e-05
 9.11265e-06
 7.88640e-06
 6.86565e-06
 6.02720e-06
 5.45166e-06
 5.00934e-06
 4.49756e-06
 3.87144e-06
 3.25706e-06
 2.78437e-06
 1.47071e-05
 2.91850e-05
 2.85586e-05
 2.73836e-05
 2.58364e-05
 2.39536e-05
 2.18601e-05
 2.00880e-05
 1.80901e-05
 1.59348e-05
 1.41083e-05
 1.25599e-05
 1.13719e-05
 1.03073e-05
 9.09169e-06
 7.73938e-06
 6.48746e-06
 5.54794e-06
 1.44058e-05
 2.85588e-05
 2.79007e-05
 2.67255e-05
 2.51673e-05
 2.33850e-05
 2.12724e-05
 1.93568e-05
 1.75474e-05
 1.56583e-05
 1.40097e-05
 1.26224e-05
 1.14673e-05
 1.03193e-05
 9.00864e-06
 7.62054e-06
 6.38304e-06
 5.48041e-06
 1.38078e-05
 2.73839e-05
 2.67256e-05
 2.55816e-05
 2.40657e-05
 2.23767e-05
 2.04690e-05
 1.85792e-05
 1.67789e-05
 1.49959e-05
 1.34271e-05
 1.21532e-05
 1.10836e-05
 9.98910e-06
 8.72292e-06
 7.38251e-06
 6.20616e-06
 5.37438e-06
 1.30339e-05
 2.58369e-05
 2.51675e-05
 2.40657e-05
 2.27156e-05
 2.12123e-05
 1.94949e-05
 1.76848e-05
 1.60035e-05
 1.45217e-05
 1.32280e-05
 1.21329e-05
 1.10584e-05
 9.82409e-06
 8.43835e-06
 7.08727e-06
 5.98366e-06
 5.24683e-06
 1.20611e-05
 2.39546e-05
 2.33858e-05
 2.23772e-05
 2.12126e-05
 1.99378e-05
 1.84543e-05
 1.67389e-05
 1.50604e-05
 1.36851e-05
 1.25296e-05
 1.15692e-05
 1.05652e-05
 9.33392e-06
 7.96750e-06
 6.70225e-06
 5.72576e-06
 5.10978e-06
 1.10463e-05
 2.18613e-05
 2.12731e-05
 2.04698e-05
 1.94955e-05
 1.84546e-05
 1.72193e-05
 1.56480e-05
 1.41050e-05
 1.28108e-05
 1.17339e-05
 1.08179e-05
 9.84030e-06
 8.66431e-06
 7.40485e-06
 6.28555e-06
 5.46584e-06
 4.98017e-06
 1.02299e-05
 2.00900e-05
 1.93582e-05
 1.85803e-05
 1.76856e-05
 1.67392e-05
 1.56480e-05
 1.43881e-05
 1.32098e-05
 1.21870e-05
 1.12714e-05
 1.03437e-05
 9.25746e-06
 8.03784e-06
 6.85545e-06
 5.88788e-06
 5.23114e-06
 4.86983e-06
 9.11313e-06
 1.80917e-05
 1.75492e-05
 1.67802e-05
 1.60047e-05
 1.50610e-05
 1.41049e-05
 1.32096e-05
 1.23172e-05
 1.14821e-05
 1.06278e-05
 9.65002e-06
 8.51724e-06
 7.34666e-06
 6.30681e-06
 5.52295e-06
 5.03289e-06
 4.78296e-06
 7.88593e-06
 1.59352e-05
 1.56593e-05
 1.49964e-05
 1.45228e-05
 1.36859e-05
 1.28107e-05
 1.21866e-05
 1.14819e-05
 1.07074e-05
 9.82664e-06
 8.80421e-06
 7.70002e-06
 6.65496e-06
 5.80327e-06
 5.21587e-06
 4.87948e-06
 4.72014e-06
 6.86507e-06
 1.41084e-05
 1.40106e-05
 1.34278e-05
 1.32291e-05
 1.25304e-05
 1.17342e-05
 1.12713e-05
 1.06278e-05
 9.82671e-06
 8.90445e-06
 7.89362e-06
 6.89284e-06
 6.02746e-06
 5.38537e-06
 4.98334e-06
 4.77216e-06
 4.67881e-06
 6.02700e-06
 1.25599e-05
 1.26231e-05
 1.21542e-05
 1.21338e-05
 1.15699e-05
 1.08184e-05
 1.03440e-05
 9.65018e-06
 8.80439e-06
 7.89372e-06
 6.98068e-06
 6.15698e-06
 5.50914e-06
 5.07329e-06
 4.82448e-06
 4.70392e-06
 4.65414e-06
 5.45201e-06
 1.13723e-05
 1.14681e-05
 1.10848e-05
 1.10588e-05
 1.05654e-05
 9.84067e-06
 9.25773e-06
 8.51741e-06
 7.70020e-06
 6.89294e-06
 6.15701e-06
 5.55524e-06
 5.12699e-06
 4.86504e-06
 4.72714e-06
 4.66499e-06
 4.64092e-06
 5.00965e-06
 1.03078e-05
 1.03203e-05
 9.99005e-06
 9.82408e-06
 9.33383e-06
 8.66453e-06
 8.03802e-06
 7.34676e-06
 6.65504e-06
 6.02752e-06
 5.50917e-06
 5.12700e-06
 4.88017e-06
 4.74154e-06
 4.67369e-06
 4.64500e-06
 4.63447e-06
 4.49779e-06
 9.09238e-06
 9.00970e-06
 8.72349e-06
 8.43815e-06
 7.96738e-06
 7.40498e-06
 6.85555e-06
 6.30687e-06
 5.80329e-06
 5.38538e-06
 5.07329e-06
 4.86504e-06
 4.74154e-06
 4.67713e-06
 4.64758e-06
 4.63579e-06
 4.63156e-06
 3.87159e-06
 7.73996e-06
 7.62129e-06
 7.38276e-06
 7.08711e-06
 6.70221e-06
 6.28562e-06
 5.88791e-06
 5.52297e-06
 5.21587e-06
 4.98334e-06
 4.82448e-06
 4.72714e-06
 4.67369e-06
 4.64758e-06
 4.63630e-06
 4.63191e-06
 4.63035e-06
 3.25710e-06
 6.48768e-06
 6.38334e-06
 6.20627e-06
 5.98363e-06
 5.72577e-06
 5.46586e-06
 5.23114e-06
 5.03289e-06
 4.87947e-06
 4.77215e-06
 4.70392e-06
 4.66499e-06
 4.64500e-06
 4.63579e-06
 4.63191e-06
 4.63041e-06
 4.62988e-06
 2.78435e-06
 5.54796e-06
 5.48049e-06
 5.37445e-06
 5.24685e-06
 5.10978e-06
 4.98018e-06
 4.86983e-06
 4.78296e-06
 4.72014e-06
 4.67880e-06
 4.65413e-06
 4.64092e-06
 4.63447e-06
 4.63156e-06
 4.63035e-06
 4.62988e-06
 4.62971e-06
 6.06677e-06
 1.19998e-05
 1.16572e-05
 1.12448e-05
 1.06955e-05
 9.95973e-06
 9.28667e-06
 8.68534e-06
 7.79280e-06
 6.85418e-06
 6.15466e-06
 5.53617e-06
 5.00941e-06
 4.49472e-06
 3.92114e-06
 3.34410e-06
 2.87033e-06
 2.56032e-06
 1.20001e-05
 2.37176e-05
 2.31181e-05
 2.24138e-05
 2.12879e-05
 1.98286e-05
 1.83144e-05
 1.69578e-05
 1.54267e-05
 1.38183e-05
 1.25839e-05
 1.14290e-05
 1.03075e-05
 9.12591e-06
 7.86538e-06
 6.67050e-06
 5.72060e-06
 5.10851e-06
 1.16576e-05
 2.31186e-05
 2.27768e-05
 2.20336e-05
 2.07485e-05
 1.94428e-05
 1.78332e-05
 1.63022e-05
 1.49824e-05
 1.35979e-05
 1.24679e-05
 1.14217e-05
 1.03196e-05
 9.08405e-06
 7.77757e-06
 6.57714e-06
 5.65059e-06
 5.07015e-06
 1.12456e-05
 2.24151e-05
 2.20342e-05
 2.10681e-05
 1.98096e-05
 1.87163e-05
 1.73013e-05
 1.57719e-05
 1.44513e-05
 1.31339e-05
 1.20178e-05
 1.10227e-05
 9.98918e-06
 8.81377e-06
 7.55468e-06
 6.40216e-06
 5.53443e-06
 5.01053e-06
 1.06964e-05
 2.12891e-05
 2.07491e-05
 1.98096e-05
 1.88195e-05
 1.78093e-05
 1.64831e-05
 1.50461e-05
 1.38527e-05
 1.28003e-05
 1.18674e-05
 1.09287e-05
 9.82373e-06
 8.55334e-06
 7.27126e-06
 6.17230e-06
 5.38965e-06
 4.93991e-06
 9.96073e-06
 1.98298e-05
 1.94431e-05
 1.87164e-05
 1.78097e-05
 1.67549e-05
 1.55654e-05
 1.42975e-05
 1.31482e-05
 1.22111e-05
 1.13480e-05
 1.04372e-05
 9.33369e-06
 8.08097e-06
 6.87231e-06
 5.89020e-06
 5.22752e-06
 4.86588e-06
 9.28782e-06
 1.83153e-05
 1.78328e-05
 1.73017e-05
 1.64841e-05
 1.55659e-05
 1.46700e-05
 1.35886e-05
 1.25271e-05
 1.16138e-05
 1.07139e-05
 9.75324e-06
 8.66425e-06
 7.50007e-06
 6.42716e-06
 5.59775e-06
 5.06998e-06
 4.79771e-06
 8.68631e-06
 1.69586e-05
 1.63020e-05
 1.57725e-05
 1.50471e-05
 1.42979e-05
 1.35886e-05
 1.27541e-05
 1.19319e-05
 1.11182e-05
 1.02034e-05
 9.16505e-06
 8.03781e-06
 6.93638e-06
 6.00206e-06
 5.33164e-06
 4.93454e-06
 4.74164e-06
 7.79346e-06
 1.54280e-05
 1.49831e-05
 1.44519e-05
 1.38537e-05
 1.31485e-05
 1.25268e-05
 1.19316e-05
 1.12456e-05
 1.04434e-05
 9.48820e-06
 8.42473e-06
 7.34665e-06
 6.37420e-06
 5.61120e-06
 5.10505e-06
 4.82654e-06
 4.69919e-06
 6.85391e-06
 1.38185e-05
 1.35981e-05
 1.31340e-05
 1.28011e-05
 1.22112e-05
 1.16133e-05
 1.11177e-05
 1.04432e-05
 9.59291e-06
 8.62216e-06
 7.60983e-06
 6.65496e-06
 5.85659e-06
 5.28012e-06
 4.92802e-06
 4.74758e-06
 4.66970e-06
 6.15395e-06
 1.25832e-05
 1.24678e-05
 1.20183e-05
 1.18685e-05
 1.13485e-05
 1.07140e-05
 1.02034e-05
 9.48819e-06
 8.62222e-06
 7.70334e-06
 6.81049e-06
 6.02747e-06
 5.42477e-06
 5.02635e-06
 4.80222e-06
 4.69477e-06
 4.65097e-06
 5.53575e-06
 1.14284e-05
 1.14215e-05
 1.10235e-05
 1.09299e-05
 1.04379e-05
 9.75376e-06
 9.16539e-06
 8.42493e-06
 7.60997e-06
 6.81055e-06
 6.09032e-06
 5.50915e-06
 5.09955e-06
 4.85096e-06
 4.72117e-06
 4.66267e-06
 4.64017e-06
 5.00958e-06
 1.03077e-05
 1.03200e-05
 9.99013e-06
 9.82462e-06
 9.33420e-06
 8.66470e-06
 8.03813e-06
 7.34683e-06
 6.65507e-06
 6.02752e-06
 5.50916e-06
 5.12699e-06
 4.88017e-06
 4.74154e-06
 4.67369e-06
 4.64500e-06
 4.63447e-06
 4.49492e-06
 9.12627e-06
 9.08464e-06
 8.81453e-06
 8.55377e-06
 8.08117e-06
 7.50030e-06
 6.93655e-06
 6.37429e-06
 5.85663e-06
 5.42479e-06
 5.09956e-06
 4.88017e-06
 4.74963e-06
 4.68061e-06
 4.64898e-06
 4.63626e-06
 4.63171e-06
 3.92118e-06
 7.86558e-06
 7.77801e-06
 7.55508e-06
 7.27139e-06
 6.87237e-06
 6.42725e-06
 6.00212e-06
 5.61123e-06
 5.28014e-06
 5.02636e-06
 4.85096e-06
 4.74154e-06
 4.68061e-06
 4.65046e-06
 4.63738e-06
 4.63228e-06
 4.63046e-06
 3.34404e-06
 6.67048e-06
 6.57731e-06
 6.40228e-06
 6.17230e-06
 5.89022e-06
 5.59778e-06
 5.33165e-06
 5.10506e-06
 4.92802e-06
 4.80222e-06
 4.72117e-06
 4.67369e-06
 4.64898e-06
 4.63738e-06
 4.63251e-06
 4.63061e-06
 4.62994e-06
 2.87026e-06
 5.72051e-06
 5.65060e-06
 5.53444e-06
 5.38963e-06
 5.22754e-06
 5.07000e-06
 4.93454e-06
 4.82654e-06
 4.74758e-06
 4.69476e-06
 4.66267e-06
 4.64500e-06
 4.63626e-06
 4.63228e-06
 4.63061e-06
 4.62997e-06
 4.62974e-06
 2.56027e-06
 5.10843e-06
 5.07013e-06
 5.01053e-06
 4.93991e-06
 4.86590e-06
 4.79772e-06
 4.74164e-06
 4.69919e-06
 4.66970e-06
 4.65097e-06
 4.64016e-06
 4.63447e-06
 4.63171e-06
 4.63046e-06
 4.62994e-06
 4.62974e-06
 4.62966e-06
 5.06462e-06
 9.92005e-06
 9.46434e-06
 9.19547e-06
 8.85815e-06
 8.33543e-06
 7.89657e-06
 7.42710e-06
 6.76383e-06
 6.09699e-06
 5.60225e-06
 5.06743e-06
 4.49760e-06
 3.92104e-06
 3.37232e-06
 2.91590e-06
 2.60126e-06
 2.42744e-06
 9.92039e-06
 1.94620e-05
 1.88015e-05
 1.84566e-05
 1.77331e-05
 1.66456e-05
 1.55608e-05
 1.44723e-05
 1.33278e-05
 1.21968e-05
 1.13195e-05
 1.02857e-05
 9.09198e-06
 7.86526e-06
 6.73135e-06
 5.81320e-06
 5.18985e-06
 4.84873e-06
 9.46469e-06
 1.88016e-05
 1.86267e-05
 1.82803e-05
 1.73967e-05
 1.63951e-05
 1.51368e-05
 1.39119e-05
 1.29734e-05
 1.20057e-05
 1.11591e-05
 1.01775e-05
 9.00914e-06
 7.77758e-06
 6.64380e-06
 5.74378e-06
 5.14808e-06
 4.82991e-06
 9.19589e-06
 1.84575e-05
 1.82812e-05
 1.75874e-05
 1.66734e-05
 1.58714e-05
 1.47388e-05
 1.35581e-05
 1.26849e-05
 1.17393e-05
 1.08152e-05
 9.82911e-06
 8.72290e-06
 7.55463e-06
 6.47161e-06
 5.62439e-06
 5.08142e-06
 4.80100e-06
 8.85864e-06
 1.77345e-05
 1.73981e-05
 1.66734e-05
 1.59098e-05
 1.51513e-05
 1.41007e-05
 1.30181e-05
 1.22470e-05
 1.14653e-05
 1.05936e-05
 9.58295e-06
 8.43788e-06
 7.27112e-06
 6.24056e-06
 5.47198e-06
 5.00096e-06
 4.76710e-06
 8.33667e-06
 1.66470e-05
 1.63946e-05
 1.58703e-05
 1.51512e-05
 1.42786e-05
 1.33484e-05
 1.24576e-05
 1.17105e-05
 1.09767e-05
 1.01068e-05
 9.08883e-06
 7.96726e-06
 6.87224e-06
 5.95092e-06
 5.29661e-06
 4.91459e-06
 4.73253e-06
 7.89768e-06
 1.55607e-05
 1.51349e-05
 1.47384e-05
 1.41017e-05
 1.33489e-05
 1.27177e-05
 1.20192e-05
 1.12652e-05
 1.04574e-05
 9.50932e-06
 8.46690e-06
 7.40480e-06
 6.42715e-06
 5.64673e-06
 5.12329e-06
 4.83372e-06
 4.70142e-06
 7.42758e-06
 1.44712e-05
 1.39099e-05
 1.35585e-05
 1.30193e-05
 1.24578e-05
 1.20191e-05
 1.14488e-05
 1.07463e-05
 9.90103e-06
 8.90526e-06
 7.85531e-06
 6.85541e-06
 6.00205e-06
 5.36914e-06
 4.97313e-06
 4.76657e-06
 4.67633e-06
 6.76488e-06
 1.33284e-05
 1.29727e-05
 1.26853e-05
 1.22476e-05
 1.17101e-05
 1.12646e-05
 1.07460e-05
 1.00404e-05
 9.15649e-06
 8.16496e-06
 7.18256e-06
 6.30680e-06
 5.61120e-06
 5.13226e-06
 4.85284e-06
 4.71530e-06
 4.65798e-06
 6.09739e-06
 1.21970e-05
 1.20055e-05
 1.17398e-05
 1.14658e-05
 1.09761e-05
 1.04566e-05
 9.90057e-06
 9.15633e-06
 8.27358e-06
 7.36002e-06
 6.51193e-06
 5.80325e-06
 5.28012e-06
 4.94651e-06
 4.76448e-06
 4.67948e-06
 4.64570e-06
 5.60169e-06
 1.13182e-05
 1.11582e-05
 1.08160e-05
 1.05948e-05
 1.01070e-05
 9.50924e-06
 8.90526e-06
 8.16501e-06
 7.36007e-06
 6.58530e-06
 5.91082e-06
 5.38536e-06
 5.02635e-06
 4.81376e-06
 4.70473e-06
 4.65645e-06
 4.63812e-06
 5.06700e-06
 1.02846e-05
 1.01768e-05
 9.82999e-06
 9.58431e-06
 9.08948e-06
 8.46731e-06
 7.85562e-06
 7.18274e-06
 6.51202e-06
 5.91085e-06
 5.42404e-06
 5.07328e-06
 4.85095e-06
 4.72749e-06
 4.66798e-06
 4.64295e-06
 4.63382e-06
 4.49779e-06
 9.09213e-06
 9.00932e-06
 8.72377e-06
 8.43888e-06
 7.96779e-06
 7.40514e-06
 6.85567e-06
 6.30693e-06
 5.80331e-06
 5.38538e-06
 5.07329e-06
 4.86503e-06
 4.74153e-06
 4.67713e-06
 4.64758e-06
 4.63579e-06
 4.63156e-06
 3.92131e-06
 7.86574e-06
 7.77805e-06
 7.55523e-06
 7.27163e-06
 6.87249e-06
 6.42730e-06
 6.00215e-06
 5.61125e-06
 5.28014e-06
 5.02636e-06
 4.85096e-06
 4.74153e-06
 4.68061e-06
 4.65046e-06
 4.63738e-06
 4.63228e-06
 4.63046e-06
 3.37242e-06
 6.73155e-06
 6.64405e-06
 6.47186e-06
 6.24073e-06
 5.95100e-06
 5.64678e-06
 5.36917e-06
 5.13227e-06
 4.94651e-06
 4.81376e-06
 4.72749e-06
 4.67713e-06
 4.65046e-06
 4.63802e-06
 4.63273e-06
 4.63069e-06
 4.62997e-06
 2.91588e-06
 5.81317e-06
 5.74380e-06
 5.62444e-06
 5.47200e-06
 5.29663e-06
 5.12331e-06
 4.97313e-06
 4.85284e-06
 4.76448e-06
 4.70472e-06
 4.66797e-06
 4.64758e-06
 4.63738e-06
 4.63273e-06
 4.63078e-06
 4.63003e-06
 4.62976e-06
 2.60134e-06
 5.18990e-06
 5.14805e-06
 5.08141e-06
 5.00095e-06
 4.91460e-06
 4.83373e-06
 4.76657e-06
 4.71530e-06
 4.67948e-06
 4.65644e-06
 4.64295e-06
 4.63579e-06
 4.63228e-06
 4.63069e-06
 4.63003e-06
 4.62977e-06
 4.62967e-06
 2.42753e-06
 4.84881e-06
 4.82989e-06
 4.80099e-06
 4.76710e-06
 4.73254e-06
 4.70142e-06
 4.67634e-06
 4.65798e-06
 4.64570e-06
 4.63812e-06
 4.63382e-06
 4.63156e-06
 4.63046e-06
 4.62997e-06
 4.62976e-06
 4.62967e-06
 4.62964e-06
 4.29008e-06
 8.35763e-06
 7.89060e-06
 7.67298e-06
 7.38156e-06
 6.98058e-06
 6.76515e-06
 6.45828e-06
 5.97881e-06
 5.45941e-06
 4.99280e-06
 4.44757e-06
 3.87145e-06
 3.34396e-06
 2.91585e-06
 2.61631e-06
 2.44240e-06
 2.36022e-06
 8.35795e-06
 1.63477e-05
 1.56975e-05
 1.54277e-05
 1.48218e-05
 1.40035e-05
 1.33554e-05
 1.25769e-05
 1.17295e-05
 1.08353e-05
 9.97677e-06
 8.90666e-06
 7.73964e-06
 6.67031e-06
 5.81310e-06
 5.21970e-06
 4.87817e-06
 4.71775e-06
 7.89065e-06
 1.56971e-05
 1.55258e-05
 1.52769e-05
 1.46043e-05
 1.38731e-05
 1.30257e-05
 1.21194e-05
 1.14345e-05
 1.06438e-05
 9.78771e-06
 8.75033e-06
 7.62090e-06
 6.57710e-06
 5.74373e-06
 5.17675e-06
 4.85725e-06
 4.70972e-06
 7.67181e-06
 1.54266e-05
 1.52776e-05
 1.47241e-05
 1.40485e-05
 1.35268e-05
 1.27623e-05
 1.19162e-05
 1.12861e-05
 1.04480e-05
 9.48826e-06
 8.44829e-06
 7.38243e-06
 6.40209e-06
 5.62436e-06
 5.10761e-06
 4.82495e-06
 4.69746e-06
 7.38088e-06
 1.48226e-05
 1.46065e-05
 1.40488e-05
 1.35072e-05
 1.30444e-05
 1.23298e-05
 1.15391e-05
 1.09187e-05
 1.01231e-05
 9.15953e-06
 8.11844e-06
 7.08696e-06
 6.17219e-06
 5.47195e-06
 5.02398e-06
 4.78714e-06
 4.68327e-06
 6.98182e-06
 1.40056e-05
 1.38731e-05
 1.35251e-05
 1.30437e-05
 1.24228e-05
 1.17454e-05
 1.10667e-05
 1.04108e-05
 9.62020e-06
 8.66804e-06
 7.66068e-06
 6.70213e-06
 5.89017e-06
 5.29660e-06
 4.93292e-06
 4.74787e-06
 4.66911e-06
 6.76554e-06
 1.33546e-05
 1.30236e-05
 1.27617e-05
 1.23305e-05
 1.17458e-05
 1.12369e-05
 1.06603e-05
 9.94282e-06
 9.08071e-06
 8.11011e-06
 7.14682e-06
 6.28553e-06
 5.59774e-06
 5.12329e-06
 4.84732e-06
 4.71234e-06
 4.65669e-06
 6.45790e-06
 1.25746e-05
 1.21173e-05
 1.19169e-05
 1.15404e-05
 1.10668e-05
 1.06600e-05
 1.01029e-05
 9.35682e-06
 8.46739e-06
 7.52140e-06
 6.63383e-06
 5.88785e-06
 5.33163e-06
 4.97313e-06
 4.77616e-06
 4.68372e-06
 4.64699e-06
 5.97997e-06
 1.17297e-05
 1.14333e-05
 1.12863e-05
 1.09187e-05
 1.04099e-05
 9.94203e-06
 9.35648e-06
 8.60122e-06
 7.74111e-06
 6.88222e-06
 6.12283e-06
 5.52293e-06
 5.10505e-06
 4.85284e-06
 4.72148e-06
 4.66257e-06
 4.64005e-06
 5.46043e-06
 1.08357e-05
 1.06434e-05
 1.04486e-05
 1.01233e-05
 9.61933e-06
 9.07993e-06
 8.46706e-06
 7.74105e-06
 6.97249e-06
 6.25533e-06
 5.65820e-06
 5.21586e-06
 4.92801e-06
 4.76448e-06
 4.68333e-06
 4.64840e-06
 4.63552e-06
 4.99266e-06
 9.97560e-06
 9.78676e-06
 9.48923e-06
 9.16055e-06
 8.66807e-06
 8.11000e-06
 7.52143e-06
 6.88228e-06
 6.25536e-06
 5.70732e-06
 5.27954e-06
 4.98332e-06
 4.80221e-06
 4.70472e-06
 4.65854e-06
 4.63958e-06
 4.63274e-06
 4.44731e-06
 8.90569e-06
 8.74969e-06
 8.44911e-06
 8.11952e-06
 7.66113e-06
 7.14707e-06
 6.63403e-06
 6.12295e-06
 5.65825e-06
 5.27955e-06
 5.00360e-06
 4.82446e-06
 4.72117e-06
 4.66797e-06
 4.64409e-06
 4.63456e-06
 4.63118e-06
 3.87163e-06
 7.73978e-06
 7.62105e-06
 7.38306e-06
 7.08764e-06
 6.70246e-06
 6.28571e-06
 5.88798e-06
 5.52299e-06
 5.21588e-06
 4.98333e-06
 4.82446e-06
 4.72714e-06
 4.67368e-06
 4.64758e-06
 4.63630e-06
 4.63191e-06
 4.63035e-06
 3.34420e-06
 6.67071e-06
 6.57740e-06
 6.40244e-06
 6.17248e-06
 5.89030e-06
 5.59781e-06
 5.33167e-06
 5.10507e-06
 4.92802e-06
 4.80221e-06
 4.72117e-06
 4.67368e-06
 4.64898e-06
 4.63738e-06
 4.63251e-06
 4.63061e-06
 4.62994e-06
 2.91594e-06
 5.81327e-06
 5.74386e-06
 5.62448e-06
 5.47204e-06
 5.29664e-06
 5.12331e-06
 4.97313e-06
 4.85284e-06
 4.76448e-06
 4.70472e-06
 4.66797e-06
 4.64758e-06
 4.63738e-06
 4.63273e-06
 4.63078e-06
 4.63003e-06
 4.62976e-06
 2.61631e-06
 5.21970e-06
 5.17676e-06
 5.10763e-06
 5.02399e-06
 4.93293e-06
 4.84732e-06
 4.77616e-06
 4.72148e-06
 4.68333e-06
 4.65854e-06
 4.64409e-06
 4.63630e-06
 4.63251e-06
 4.63078e-06
 4.63006e-06
 4.62978e-06
 4.62968e-06
 2.44251e-06
 4.87827e-06
 4.85724e-06
 4.82494e-06
 4.78714e-06
 4.74787e-06
 4.71234e-06
 4.68372e-06
 4.66257e-06
 4.64840e-06
 4.63958e-06
 4.63456e-06
 4.63191e-06
 4.63061e-06
 4.63003e-06
 4.62978e-06
 4.62968e-06
 4.62965e-06
 2.36033e-06
 4.71784e-06
 4.70970e-06
 4.69746e-06
 4.68327e-06
 4.66911e-06
 4.65669e-06
 4.64699e-06
 4.64005e-06
 4.63552e-06
 4.63274e-06
 4.63118e-06
 4.63035e-06
 4.62994e-06
 4.62976e-06
 4.62968e-06
 4.62965e-06
 4.62964e-06
 3.62427e-06
 7.04045e-06
 6.62307e-06
 6.47917e-06
 6.26438e-06
 5.95896e-06
 5.87629e-06
 5.64582e-06
 5.21500e-06
 4.72802e-06
 4.24623e-06
 3.73632e-06
 3.25708e-06
 2.87029e-06
 2.60133e-06
 2.44252e-06
 2.36376e-06
 2.33092e-06
 7.04078e-06
 1.37546e-05
 1.32006e-05
 1.30513e-05
 1.26171e-05
 1.20169e-05
 1.16456e-05
 1.10285e-05
 1.02427e-05
 9.36473e-06
 8.44453e-06
 7.43956e-06
 6.48758e-06
 5.72051e-06
 5.18989e-06
 4.87828e-06
 4.72464e-06
 4.66078e-06
 6.62300e-06
 1.32000e-05
 1.30825e-05
 1.29535e-05
 1.24849e-05
 1.19703e-05
 1.14168e-05
 1.06750e-05
 9.99825e-06
 9.18329e-06
 8.26968e-06
 7.29556e-06
 6.38318e-06
 5.65054e-06
 5.14803e-06
 4.85724e-06
 4.71584e-06
 4.65772e-06
 6.47700e-06
 1.30488e-05
 1.29536e-05
 1.25344e-05
 1.20501e-05
 1.17309e-05
 1.12211e-05
 1.05009e-05
 9.82872e-06
 8.95653e-06
 7.99716e-06
 7.05386e-06
 6.20616e-06
 5.53439e-06
 5.08139e-06
 4.82494e-06
 4.70266e-06
 4.65320e-06
 6.26313e-06
 1.26173e-05
 1.24871e-05
 1.20503e-05
 1.16968e-05
 1.14217e-05
 1.08762e-05
 1.01559e-05
 9.44791e-06
 8.58407e-06
 7.64975e-06
 6.75766e-06
 5.98370e-06
 5.38972e-06
 5.00094e-06
 4.78713e-06
 4.68752e-06
 4.64809e-06
 5.96003e-06
 1.20195e-05
 1.19711e-05
 1.17291e-05
 1.14205e-05
 1.09370e-05
 1.03367e-05
 9.66744e-06
 8.93822e-06
 8.10249e-06
 7.22262e-06
 6.40547e-06
 5.72586e-06
 5.22765e-06
 4.91459e-06
 4.74787e-06
 4.67225e-06
 4.64306e-06
 5.87557e-06
 1.16443e-05
 1.14153e-05
 1.12203e-05
 1.08762e-05
 1.03367e-05
 9.79311e-06
 9.17260e-06
 8.42568e-06
 7.59598e-06
 6.76863e-06
 6.03891e-06
 5.46584e-06
 5.06999e-06
 4.83371e-06
 4.71234e-06
 4.65885e-06
 4.63875e-06
 5.64439e-06
 1.10256e-05
 1.06736e-05
 1.05017e-05
 1.01568e-05
 9.66732e-06
 9.17231e-06
 8.56189e-06
 7.82902e-06
 7.04624e-06
 6.30648e-06
 5.68827e-06
 5.23112e-06
 4.93453e-06
 4.76657e-06
 4.68372e-06
 4.64839e-06
 4.63544e-06
 5.21562e-06
 1.02425e-05
 9.99722e-06
 9.82876e-06
 9.44778e-06
 8.93743e-06
 8.42511e-06
 7.82883e-06
 7.15163e-06
 6.46578e-06
 5.85301e-06
 5.36954e-06
 5.03286e-06
 4.82653e-06
 4.71530e-06
 4.66257e-06
 4.64091e-06
 4.63312e-06
 4.72908e-06
 9.36528e-06
 9.18285e-06
 8.95694e-06
 8.58415e-06
 8.10191e-06
 7.59554e-06
 7.04610e-06
 6.46577e-06
 5.91422e-06
 5.45067e-06
 5.10623e-06
 4.87946e-06
 4.74757e-06
 4.67948e-06
 4.64840e-06
 4.63601e-06
 4.63161e-06
 4.24644e-06
 8.44410e-06
 8.26919e-06
 7.99787e-06
 7.65040e-06
 7.22265e-06
 6.76859e-06
 6.30652e-06
 5.85305e-06
 5.45069e-06
 5.13351e-06
 4.91096e-06
 4.77213e-06
 4.69476e-06
 4.65644e-06
 4.63958e-06
 4.63301e-06
 4.63069e-06
 3.73631e-06
 7.43922e-06
 7.29533e-06
 7.05433e-06
 6.75819e-06
 6.40568e-06
 6.03901e-06
 5.68837e-06
 5.36959e-06
 5.10625e-06
 4.91097e-06
 4.78124e-06
 4.70389e-06
 4.66266e-06
 4.64295e-06
 4.63456e-06
 4.63131e-06
 4.63016e-06
 3.25717e-06
 6.48769e-06
 6.38329e-06
 6.20640e-06
 5.98382e-06
 5.72585e-06
 5.46589e-06
 5.23117e-06
 5.03289e-06
 4.87947e-06
 4.77214e-06
 4.70389e-06
 4.66498e-06
 4.64499e-06
 4.63579e-06
 4.63191e-06
 4.63041e-06
 4.62988e-06
 2.87037e-06
 5.72067e-06
 5.65067e-06
 5.53451e-06
 5.38970e-06
 5.22755e-06
 5.07000e-06
 4.93454e-06
 4.82654e-06
 4.74757e-06
 4.69476e-06
 4.66266e-06
 4.64499e-06
 4.63626e-06
 4.63228e-06
 4.63061e-06
 4.62997e-06
 4.62974e-06
 2.60139e-06
 5.18998e-06
 5.14809e-06
 5.08144e-06
 5.00097e-06
 4.91460e-06
 4.83372e-06
 4.76657e-06
 4.71530e-06
 4.67948e-06
 4.65644e-06
 4.64295e-06
 4.63579e-06
 4.63228e-06
 4.63069e-06
 4.63003e-06
 4.62977e-06
 4.62967e-06
 2.44251e-06
 4.87828e-06
 4.85725e-06
 4.82495e-06
 4.78714e-06
 4.74787e-06
 4.71234e-06
 4.68372e-06
 4.66257e-06
 4.64840e-06
 4.63958e-06
 4.63456e-06
 4.63191e-06
 4.63061e-06
 4.63003e-06
 4.62978e-06
 4.62968e-06
 4.62965e-06
 2.36375e-06
 4.72462e-06
 4.71583e-06
 4.70266e-06
 4.68752e-06
 4.67225e-06
 4.65885e-06
 4.64839e-06
 4.64091e-06
 4.63601e-06
 4.63301e-06
 4.63131e-06
 4.63041e-06
 4.62997e-06
 4.62977e-06
 4.62968e-06
 4.62965e-06
 4.62964e-06
 2.33091e-06
 4.66075e-06
 4.65770e-06
 4.65320e-06
 4.64809e-06
 4.64306e-06
 4.63875e-06
 4.63544e-06
 4.63312e-06
 4.63161e-06
 4.63069e-06
 4.63016e-06
 4.62988e-06
 4.62974e-06
 4.62967e-06
 4.62965e-06
 4.62964e-06
 4.62963e-06
 3.08527e-06
 6.01121e-06
 5.69528e-06
 5.59840e-06
 5.44172e-06
 5.18148e-06
 5.05953e-06
 4.78547e-06
 4.35960e-06
 3.91631e-06
 3.49564e-06
 3.10499e-06
 2.78439e-06
 2.56033e-06
 2.42753e-06
 2.36033e-06
 2.33091e-06
 2.31985e-06
 6.01137e-06
 1.17696e-05
 1.13590e-05
 1.12730e-05
 1.09561e-05
 1.04476e-05
 1.00615e-05
 9.41856e-06
 8.61390e-06
 7.77275e-06
 6.94939e-06
 6.17860e-06
 5.54798e-06
 5.10848e-06
 4.84881e-06
 4.71784e-06
 4.66075e-06
 4.63934e-06
 5.69501e-06
 1.13583e-05
 1.12874e-05
 1.12066e-05
 1.08445e-05
 1.03923e-05
 9.88936e-06
 9.17200e-06
 8.43157e-06
 7.62626e-06
 6.81728e-06
 6.07625e-06
 5.48045e-06
 5.07011e-06
 4.82988e-06
 4.70970e-06
 4.65770e-06
 4.63833e-06
 5.59628e-06
 1.12704e-05
 1.12062e-05
 1.08741e-05
 1.04765e-05
 1.01544e-05
 9.66108e-06
 8.94522e-06
 8.21004e-06
 7.39881e-06
 6.60631e-06
 5.91375e-06
 5.37442e-06
 5.01052e-06
 4.80098e-06
 4.69746e-06
 4.65320e-06
 4.63688e-06
 5.44075e-06
 1.09562e-05
 1.08461e-05
 1.04766e-05
 1.01722e-05
 9.85659e-06
 9.29193e-06
 8.57415e-06
 7.84140e-06
 7.07019e-06
 6.33713e-06
 5.71542e-06
 5.24696e-06
 4.94003e-06
 4.76709e-06
 4.68326e-06
 4.64809e-06
 4.63526e-06
 5.18234e-06
 1.04500e-05
 1.03933e-05
 1.01529e-05
 9.85534e-06
 9.37162e-06
 8.76234e-06
 8.09686e-06
 7.39772e-06
 6.68852e-06
 6.03366e-06
 5.49720e-06
 5.10990e-06
 4.86602e-06
 4.73253e-06
 4.66911e-06
 4.64306e-06
 4.63371e-06
 5.05832e-06
 1.00601e-05
 9.88862e-06
 9.66015e-06
 9.29147e-06
 8.76216e-06
 8.20217e-06
 7.59648e-06
 6.94317e-06
 6.29752e-06
 5.72769e-06
 5.28393e-06
 4.98017e-06
 4.79772e-06
 4.70141e-06
 4.65669e-06
 4.63875e-06
 4.63241e-06
 4.78378e-06
 9.41600e-06
 9.17119e-06
 8.94567e-06
 8.57459e-06
 8.09677e-06
 7.59631e-06
 7.04373e-06
 6.45934e-06
 5.90394e-06
 5.43747e-06
 5.09335e-06
 4.86981e-06
 4.74163e-06
 4.67633e-06
 4.64699e-06
 4.63544e-06
 4.63141e-06
 4.35968e-06
 8.61349e-06
 8.43092e-06
 8.21004e-06
 7.84142e-06
 7.39741e-06
 6.94294e-06
 6.45926e-06
 5.97146e-06
 5.53088e-06
 5.18036e-06
 4.93485e-06
 4.78294e-06
 4.69919e-06
 4.65798e-06
 4.64005e-06
 4.63312e-06
 4.63071e-06
 3.91695e-06
 7.77313e-06
 7.62602e-06
 7.39899e-06
 7.07028e-06
 6.68833e-06
 6.29736e-06
 5.90388e-06
 5.53087e-06
 5.21353e-06
 4.97450e-06
 4.81502e-06
 4.72012e-06
 4.66970e-06
 4.64570e-06
 4.63552e-06
 4.63161e-06
 4.63025e-06
 3.49589e-06
 6.94940e-06
 6.81714e-06
 6.60664e-06
 6.33740e-06
 6.03367e-06
 5.72768e-06
 5.43749e-06
 5.18038e-06
 4.97451e-06
 4.82730e-06
 4.73288e-06
 4.67878e-06
 4.65096e-06
 4.63812e-06
 4.63274e-06
 4.63069e-06
 4.62996e-06
 3.10506e-06
 6.17858e-06
 6.07620e-06
 5.91390e-06
 5.71557e-06
 5.49726e-06
 5.28397e-06
 5.09338e-06
 4.93487e-06
 4.81503e-06
 4.73289e-06
 4.68222e-06
 4.65412e-06
 4.64016e-06
 4.63382e-06
 4.63118e-06
 4.63016e-06
 4.62980e-06
 2.78441e-06
 5.54801e-06
 5.48048e-06
 5.37445e-06
 5.24687e-06
 5.10980e-06
 4.98018e-06
 4.86983e-06
 4.78295e-06
 4.72012e-06
 4.67879e-06
 4.65412e-06
 4.64091e-06
 4.63446e-06
 4.63156e-06
 4.63035e-06
 4.62988e-06
 4.62971e-06
 2.56032e-06
 5.10850e-06
 5.07015e-06
 5.01055e-06
 4.93992e-06
 4.86589e-06
 4.79772e-06
 4.74163e-06
 4.69919e-06
 4.66970e-06
 4.65096e-06
 4.64016e-06
 4.63446e-06
 4.63171e-06
 4.63046e-06
 4.62994e-06
 4.62974e-06
 4.62966e-06
 2.42755e-06
 4.84884e-06
 4.82990e-06
 4.80100e-06
 4.76710e-06
 4.73253e-06
 4.70142e-06
 4.67633e-06
 4.65798e-06
 4.64570e-06
 4.63812e-06
 4.63382e-06
 4.63156e-06
 4.63046e-06
 4.62997e-06
 4.62976e-06
 4.62967e-06
 4.62964e-06
 2.36034e-06
 4.71785e-06
 4.70971e-06
 4.69746e-06
 4.68327e-06
 4.66911e-06
 4.65669e-06
 4.64699e-06
 4.64005e-06
 4.63552e-06
 4.63274e-06
 4.63118e-06
 4.63035e-06
 4.62994e-06
 4.62976e-06
 4.62968e-06
 4.62965e-06
 4.62964e-06
 2.33091e-06
 4.66075e-06
 4.65770e-06
 4.65320e-06
 4.64809e-06
 4.64306e-06
 4.63875e-06
 4.63544e-06
 4.63312e-06
 4.63161e-06
 4.63069e-06
 4.63016e-06
 4.62988e-06
 4.62974e-06
 4.62967e-06
 4.62965e-06
 4.62964e-06
 4.62963e-06
 2.31985e-06
 4.63934e-06
 4.63833e-06
 4.63688e-06
 4.63526e-06
 4.63371e-06
 4.63241e-06
 4.63141e-06
 4.63071e-06
 4.63025e-06
 4.62996e-06
 4.62980e-06
 4.62971e-06
 4.62966e-06
 4.62964e-06
 4.62964e-06
 4.62963e-06
 4.62963e-06
 2.62964e-06
 5.16072e-06
 4.94912e-06
 4.82903e-06
 4.66353e-06
 4.41833e-06
 4.20944e-06
 3.90490e-06
 3.54090e-06
 3.19944e-06
 2.90438e-06
 2.66789e-06
 2.50193e-06
 2.40240e-06
 2.35130e-06
 2.32844e-06
 2.31938e-06
 2.31620e-06
 5.16077e-06
 1.01526e-05
 9.84882e-06
 9.67253e-06
 9.34025e-06
 8.85593e-06
 8.37381e-06
 7.73246e-06
 7.02845e-06
 6.36267e-06
 5.78175e-06
 5.31728e-06
 4.99333e-06
 4.79964e-06
 4.70029e-06
 4.65594e-06
 4.63843e-06
 4.63230e-06
 4.94888e-06
 9.84833e-06
 9.73636e-06
 9.56918e-06
 9.20791e-06
 8.75012e-06
 8.22216e-06
 7.56402e-06
 6.89950e-06
 6.26023e-06
 5.70031e-06
 5.26162e-06
 4.96138e-06
 4.78417e-06
 4.69368e-06
 4.65337e-06
 4.63753e-06
 4.63203e-06
 4.82767e-06
 9.67070e-06
 9.56874e-06
 9.27449e-06
 8.89840e-06
 8.49999e-06
 7.97546e-06
 7.33428e-06
 6.70055e-06
 6.09397e-06
 5.57316e-06
 5.17719e-06
 4.91354e-06
 4.76102e-06
 4.68386e-06
 4.64960e-06
 4.63623e-06
 4.63164e-06
 4.66308e-06
 9.34031e-06
 9.20867e-06
 8.89839e-06
 8.57398e-06
 8.17172e-06
 7.61851e-06
 7.00792e-06
 6.41877e-06
 5.87278e-06
 5.41556e-06
 5.07729e-06
 4.85824e-06
 4.73428e-06
 4.67240e-06
 4.64526e-06
 4.63478e-06
 4.63121e-06
 4.41896e-06
 8.85754e-06
 8.75087e-06
 8.49911e-06
 8.17094e-06
 7.70648e-06
 7.17130e-06
 6.62693e-06
 6.10162e-06
 5.62915e-06
 5.24641e-06
 4.97308e-06
 4.80184e-06
 4.70730e-06
 4.66100e-06
 4.64102e-06
 4.63338e-06
 4.63078e-06
 4.20869e-06
 8.37310e-06
 8.22181e-06
 7.97476e-06
 7.61809e-06
 7.17117e-06
 6.70620e-06
 6.23677e-06
 5.78544e-06
 5.39132e-06
 5.08576e-06
 4.87694e-06
 4.75098e-06
 4.68338e-06
 4.65107e-06
 4.63737e-06
 4.63219e-06
 4.63042e-06
 3.90391e-06
 7.73108e-06
 7.56360e-06
 7.33437e-06
 7.00803e-06
 6.62688e-06
 6.23672e-06
 5.84606e-06
 5.48035e-06
 5.17333e-06
 4.94546e-06
 4.79642e-06
 4.70962e-06
 4.66438e-06
 4.64333e-06
 4.63456e-06
 4.63127e-06
 4.63014e-06
 3.54086e-06
 7.02818e-06
 6.89919e-06
 6.70050e-06
 6.41877e-06
 6.10152e-06
 5.78536e-06
 5.48032e-06
 5.20726e-06
 4.98813e-06
 4.83239e-06
 4.73407e-06
 4.67869e-06
 4.65058e-06
 4.63783e-06
 4.63259e-06
 4.63063e-06
 4.62994e-06
 3.19969e-06
 6.36283e-06
 6.26013e-06
 6.09402e-06
 5.87279e-06
 5.62907e-06
 5.39126e-06
 5.17331e-06
 4.98813e-06
 4.84639e-06
 4.74937e-06
 4.68997e-06
 4.65742e-06
 4.64137e-06
 4.63423e-06
 4.63131e-06
 4.63020e-06
 4.62981e-06
 2.90448e-06
 5.78176e-06
 5.70024e-06
 5.57323e-06
 5.41549e-06
 5.24626e-06
 5.08575e-06
 4.94546e-06
 4.83239e-06
 4.74937e-06
 4.69437e-06
 4.66164e-06
 4.64420e-06
 4.63578e-06
 4.63206e-06
 4.63052e-06
 4.62993e-06
 4.62973e-06
 2.66779e-06
 5.31713e-06
 5.26157e-06
 5.17723e-06
 5.07721e-06
 4.97296e-06
 4.87695e-06
 4.79643e-06
 4.73408e-06
 4.68998e-06
 4.66164e-06
 4.64527e-06
 4.63672e-06
 4.63264e-06
 4.63083e-06
 4.63007e-06
 4.62978e-06
 4.62968e-06
 2.50182e-06
 4.99322e-06
 4.96137e-06
 4.91357e-06
 4.85825e-06
 4.80184e-06
 4.75100e-06
 4.70963e-06
 4.67869e-06
 4.65742e-06
 4.64420e-06
 4.63672e-06
 4.63286e-06
 4.63101e-06
 4.63019e-06
 4.62984e-06
 4.62970e-06
 4.62965e-06
 2.40241e-06
 4.79967e-06
 4.78418e-06
 4.76102e-06
 4.73428e-06
 4.70730e-06
 4.68339e-06
 4.66439e-06
 4.65058e-06
 4.64137e-06
 4.63578e-06
 4.63264e-06
 4.63101e-06
 4.63023e-06
 4.62987e-06
 4.62972e-06
 4.62966e-06
 4.62964e-06
 2.35130e-06
 4.70030e-06
 4.69368e-06
 4.68387e-06
 4.67241e-06
 4.66101e-06
 4.65108e-06
 4.64333e-06
 4.63783e-06
 4.63423e-06
 4.63206e-06
 4.63083e-06
 4.63019e-06
 4.62987e-06
 4.62973e-06
 4.62967e-06
 4.62964e-06
 4.62963e-06
 2.32844e-06
 4.65594e-06
 4.65337e-06
 4.64960e-06
 4.64527e-06
 4.64102e-06
 4.63737e-06
 4.63457e-06
 4.63259e-06
 4.63131e-06
 4.63052e-06
 4.63007e-06
 4.62984e-06
 4.62972e-06
 4.62967e-06
 4.62964e-06
 4.62963e-06
 4.62963e-06
 2.31938e-06
 4.63843e-06
 4.63753e-06
 4.63624e-06
 4.63478e-06
 4.63338e-06
 4.63219e-06
 4.63127e-06
 4.63063e-06
 4.63020e-06
 4.62993e-06
 4.62978e-06
 4.62970e-06
 4.62966e-06
 4.62964e-06
 4.62963e-06
 4.62963e-06
 4.62963e-06
 2.31620e-06
 4.63230e-06
 4.63203e-06
 4.63164e-06
 4.63121e-06
 4.63078e-06
 4.63042e-06
 4.63014e-06
 4.62994e-06
 4.62981e-06
 4.62973e-06
 4.62968e-06
 4.62965e-06
 4.62964e-06
 4.62963e-06
 4.62963e-06
 4.62963e-06
 4.62963e-06
 2.17776e-06
 4.29818e-06
 4.15543e-06
 4.00898e-06
 3.83395e-06
 3.62232e-06
 3.40822e-06
 3.16043e-06
 2.91199e-06
 2.70275e-06
 2.54489e-06
 2.43795e-06
 2.37392e-06
 2.34019e-06
 2.32466e-06
 2.31828e-06
 2.31595e-06
 2.31517e-06
 4.29827e-06
 8.48851e-06
 8.24647e-06
 7.98473e-06
 7.64081e-06
 7.22239e-06
 6.77701e-06
 6.27797e-06
 5.79368e-06
 5.38512e-06
 5.07663e-06
 4.86826e-06
 4.74399e-06
 4.67870e-06
 4.64865e-06
 4.63632e-06
 4.63183e-06
 4.63031e-06
 4.15543e-06
 8.24635e-06
 8.08526e-06
 7.84808e-06
 7.50797e-06
 7.10667e-06
 6.65663e-06
 6.16723e-06
 5.71171e-06
 5.32758e-06
 5.03875e-06
 4.84627e-06
 4.73291e-06
 4.67393e-06
 4.64676e-06
 4.63565e-06
 4.63161e-06
 4.63024e-06
 4.00852e-06
 7.98399e-06
 7.84782e-06
 7.59427e-06
 7.26932e-06
 6.89685e-06
 6.46136e-06
 6.00185e-06
 5.58554e-06
 5.23881e-06
 4.98189e-06
 4.81395e-06
 4.71677e-06
 4.66691e-06
 4.64402e-06
 4.63467e-06
 4.63130e-06
 4.63014e-06
 3.83389e-06
 7.64088e-06
 7.50819e-06
 7.26932e-06
 6.97803e-06
 6.61718e-06
 6.19836e-06
 5.78576e-06
 5.42247e-06
 5.12765e-06
 4.91373e-06
 4.77656e-06
 4.69841e-06
 4.65884e-06
 4.64087e-06
 4.63358e-06
 4.63094e-06
 4.63003e-06
 3.62269e-06
 7.22312e-06
 7.10695e-06
 6.89652e-06
 6.61688e-06
 6.26634e-06
 5.89587e-06
 5.54815e-06
 5.24760e-06
 5.01086e-06
 4.84377e-06
 4.73895e-06
 4.68025e-06
 4.65092e-06
 4.63781e-06
 4.63252e-06
 4.63059e-06
 4.62992e-06
 3.40801e-06
 6.77682e-06
 6.65649e-06
 6.46107e-06
 6.19818e-06
 5.89582e-06
 5.59519e-06
 5.31828e-06
 5.08360e-06
 4.90394e-06
 4.78087e-06
 4.70559e-06
 4.66436e-06
 4.64411e-06
 4.63520e-06
 4.63161e-06
 4.63029e-06
 4.62983e-06
 3.16013e-06
 6.27753e-06
 6.16705e-06
 6.00182e-06
 5.78575e-06
 5.54811e-06
 5.31826e-06
 5.11159e-06
 4.94108e-06
 4.81422e-06
 4.72947e-06
 4.67892e-06
 4.65187e-06
 4.63884e-06
 4.63318e-06
 4.63091e-06
 4.63006e-06
 4.62976e-06
 2.91198e-06
 5.79359e-06
 5.71157e-06
 5.58546e-06
 5.42242e-06
 5.24755e-06
 5.08357e-06
 4.94107e-06
 4.82707e-06
 4.74455e-06
 4.69078e-06
 4.65932e-06
 4.64289e-06
 4.63511e-06
 4.63175e-06
 4.63040e-06
 4.62989e-06
 4.62971e-06
 2.70283e-06
 5.38515e-06
 5.32753e-06
 5.23881e-06
 5.12763e-06
 5.01083e-06
 4.90393e-06
 4.81422e-06
 4.74455e-06
 4.69532e-06
 4.66404e-06
 4.64615e-06
 4.63698e-06
 4.63269e-06
 4.63083e-06
 4.63007e-06
 4.62978e-06
 4.62968e-06
 2.54492e-06
 5.07663e-06
 5.03872e-06
 4.98190e-06
 4.91360e-06
 4.84363e-06
 4.78088e-06
 4.72948e-06
 4.69078e-06
 4.66405e-06
 4.64746e-06
 4.63816e-06
 4.63344e-06
 4.63123e-06
 4.63026e-06
 4.62986e-06
 4.62971e-06
 4.62966e-06
 2.43783e-06
 4.86812e-06
 4.84625e-06
 4.81396e-06
 4.77644e-06
 4.73882e-06
 4.70560e-06
 4.67892e-06
 4.65933e-06
 4.64615e-06
 4.63816e-06
 4.63373e-06
 4.63148e-06
 4.63042e-06
 4.62994e-06
 4.62975e-06
 4.62967e-06
 4.62964e-06
 2.37380e-06
 4.74388e-06
 4.73292e-06
 4.71678e-06
 4.69842e-06
 4.68026e-06
 4.66438e-06
 4.65187e-06
 4.64289e-06
 4.63698e-06
 4.63344e-06
 4.63148e-06
 4.63047e-06
 4.62999e-06
 4.62978e-06
 4.62968e-06
 4.62965e-06
 4.62964e-06
 2.34020e-06
 4.67873e-06
 4.67395e-06
 4.66691e-06
 4.65885e-06
 4.65093e-06
 4.64411e-06
 4.63884e-06
 4.63511e-06
 4.63269e-06
 4.63123e-06
 4.63042e-06
 4.62999e-06
 4.62979e-06
 4.62969e-06
 4.62965e-06
 4.62964e-06
 4.62963e-06
 2.32467e-06
 4.64866e-06
 4.64677e-06
 4.64402e-06
 4.64087e-06
 4.63781e-06
 4.63520e-06
 4.63318e-06
 4.63175e-06
 4.63083e-06
 4.63026e-06
 4.62994e-06
 4.62978e-06
 4.62969e-06
 4.62966e-06
 4.62964e-06
 4.62963e-06
 4.62963e-06
 2.31828e-06
 4.63632e-06
 4.63565e-06
 4.63468e-06
 4.63358e-06
 4.63252e-06
 4.63161e-06
 4.63091e-06
 4.63040e-06
 4.63007e-06
 4.62986e-06
 4.62975e-06
 4.62968e-06
 4.62965e-06
 4.62964e-06
 4.62963e-06
 4.62963e-06
 4.62963e-06
 2.31595e-06
 4.63183e-06
 4.63161e-06
 4.63130e-06
 4.63094e-06
 4.63059e-06
 4.63029e-06
 4.63006e-06
 4.62989e-06
 4.62978e-06
 4.62971e-06
 4.62967e-06
 4.62965e-06
 4.62964e-06
 4.62963e-06
 4.62963e-06
 4.62963e-06
 4.62963e-06
 2.31517e-06
 4.63031e-06
 4.63024e-06
 4.63014e-06
 4.63003e-06
 4.62992e-06
 4.62983e-06
 4.62976e-06
 4.62971e-06
 4.62968e-06
 4.62966e-06
 4.62964e-06
 4.62964e-06
 4.62963e-06
 4.62963e-06
 4.62963e-06
 4.62963e-06
 4.62963e-06
 1.74401e-06
 3.45329e-06
 3.36002e-06
 3.23980e-06
 3.10245e-06
 2.95362e-06
 2.80606e-06
 2.66162e-06
 2.53639e-06
 2.44369e-06
 2.38353e-06
 2.34840e-06
 2.32976e-06
 2.32085e-06
 2.31705e-06
 2.31560e-06
 2.31507e-06
 2.31489e-06
 3.45337e-06
 6.83963e-06
 6.66737e-06
 6.44168e-06
 6.17462e-06
 5.88200e-06
 5.58678e-06
 5.30135e-06
 5.05828e-06
 4.87899e-06
 4.76257e-06
 4.69454e-06
 4.65849e-06
 4.64128e-06
 4.63394e-06
 4.63114e-06
 4.63012e-06
 4.62978e-06
 3.36014e-06
 6.66747e-06
 6.52787e-06
 6.32610e-06
 6.07482e-06
 5.79876e-06
 5.51440e-06
 5.24344e-06
 5.01957e-06
 4.85591e-06
 4.74993e-06
 4.68820e-06
 4.65559e-06
 4.64011e-06
 4.63351e-06
 4.63100e-06
 4.63008e-06
 4.62977e-06
 3.23979e-06
 6.44159e-06
 6.32603e-06
 6.14228e-06
 5.91502e-06
 5.66432e-06
 5.40275e-06
 5.15933e-06
 4.96343e-06
 4.82213e-06
 4.73135e-06
 4.67887e-06
 4.65136e-06
 4.63840e-06
 4.63289e-06
 4.63078e-06
 4.63001e-06
 4.62975e-06
 3.10253e-06
 6.17472e-06
 6.07486e-06
 5.91501e-06
 5.71790e-06
 5.49288e-06
 5.26177e-06
 5.05656e-06
 4.89592e-06
 4.78219e-06
 4.70976e-06
 4.66816e-06
 4.64655e-06
 4.63646e-06
 4.63219e-06
 4.63054e-06
 4.62993e-06
 4.62972e-06
 2.95376e-06
 5.88223e-06
 5.79881e-06
 5.66421e-06
 5.49279e-06
 5.29879e-06
 5.11065e-06
 4.95027e-06
 4.82744e-06
 4.74215e-06
 4.68838e-06
 4.65770e-06
 4.64191e-06
 4.63459e-06
 4.63151e-06
 4.63030e-06
 4.62985e-06
 4.62970e-06
 2.80600e-06
 5.58672e-06
 5.51433e-06
 5.40266e-06
 5.26171e-06
 5.11063e-06
 4.97095e-06
 4.85483e-06
 4.76731e-06
 4.70731e-06
 4.66982e-06
 4.64867e-06
 4.63794e-06
 4.63301e-06
 4.63092e-06
 4.63009e-06
 4.62978e-06
 4.62968e-06
 2.66154e-06
 5.30124e-06
 5.24338e-06
 5.15931e-06
 5.05654e-06
 4.95025e-06
 4.85483e-06
 4.77697e-06
 4.71906e-06
 4.67968e-06
 4.65525e-06
 4.64168e-06
 4.63489e-06
 4.63178e-06
 4.63046e-06
 4.62993e-06
 4.62973e-06
 4.62966e-06
 2.53630e-06
 5.05816e-06
 5.01951e-06
 4.96338e-06
 4.89588e-06
 4.82742e-06
 4.76731e-06
 4.71906e-06
 4.68339e-06
 4.65942e-06
 4.64477e-06
 4.63674e-06
 4.63275e-06
 4.63092e-06
 4.63013e-06
 4.62981e-06
 4.62969e-06
 4.62965e-06
 2.44362e-06
 4.87890e-06
 4.85588e-06
 4.82212e-06
 4.78218e-06
 4.74215e-06
 4.70731e-06
 4.67969e-06
 4.65942e-06
 4.64598e-06
 4.63792e-06
 4.63354e-06
 4.63136e-06
 4.63035e-06
 4.62991e-06
 4.62973e-06
 4.62967e-06
 4.62964e-06
 2.38355e-06
 4.76258e-06
 4.74992e-06
 4.73135e-06
 4.70975e-06
 4.68838e-06
 4.66983e-06
 4.65526e-06
 4.64477e-06
 4.63792e-06
 4.63386e-06
 4.63164e-06
 4.63053e-06
 4.63001e-06
 4.62978e-06
 4.62969e-06
 4.62965e-06
 4.62964e-06
 2.34841e-06
 4.69455e-06
 4.68820e-06
 4.67888e-06
 4.66816e-06
 4.65770e-06
 4.64869e-06
 4.64169e-06
 4.63674e-06
 4.63354e-06
 4.63164e-06
 4.63060e-06
 4.63007e-06
 4.62982e-06
 4.62970e-06
 4.62966e-06
 4.62964e-06
 4.62963e-06
 2.32977e-06
 4.65851e-06
 4.65560e-06
 4.65136e-06
 4.64657e-06
 4.64192e-06
 4.63795e-06
 4.63489e-06
 4.63275e-06
 4.63136e-06
 4.63053e-06
 4.63007e-06
 4.62983e-06
 4.62972e-06
 4.62966e-06
 4.62964e-06
 4.62963e-06
 4.62963e-06
 2.32087e-06
 4.64131e-06
 4.64012e-06
 4.63841e-06
 4.63646e-06
 4.63459e-06
 4.63301e-06
 4.63178e-06
 4.63092e-06
 4.63035e-06
 4.63001e-06
 4.62982e-06
 4.62972e-06
 4.62967e-06
 4.62965e-06
 4.62964e-06
 4.62963e-06
 4.62963e-06
 2.31705e-06
 4.63395e-06
 4.63352e-06
 4.63290e-06
 4.63219e-06
 4.63151e-06
 4.63092e-06
 4.63046e-06
 4.63013e-06
 4.62991e-06
 4.62978e-06
 4.62970e-06
 4.62966e-06
 4.62965e-06
 4.62964e-06
 4.62963e-06
 4.62963e-06
 4.62963e-06
 2.31560e-06
 4.63115e-06
 4.63100e-06
 4.63078e-06
 4.63054e-06
 4.63030e-06
 4.63009e-06
 4.62993e-06
 4.62981e-06
 4.62973e-06
 4.62969e-06
 4.62966e-06
 4.62964e-06
 4.62964e-06
 4.62963e-06
 4.62963e-06
 4.62963e-06
 4.62963e-06
 2.31507e-06
 4.63012e-06
 4.63008e-06
 4.63001e-06
 4.62993e-06
 4.62985e-06
 4.62978e-06
 4.62973e-06
 4.62969e-06
 4.62967e-06
 4.62965e-06
 4.62964e-06
 4.62963e-06
 4.62963e-06
 4.62963e-06
 4.62963e-06
 4.62963e-06
 4.62963e-06
 2.31489e-06
 4.62978e-06
 4.62977e-06
 4.62975e-06
 4.62972e-06
 4.62970e-06
 4.62968e-06
 4.62966e-06
 4.62965e-06
 4.62964e-06
 4.62964e-06
 4.62963e-06
 4.62963e-06
 4.62963e-06
 4.62963e-06
 4.62963e-06
 4.62963e-06
 4.62963e-06
 1.41164e-06
 2.80530e-06
 2.75662e-06
 2.69042e-06
 2.61589e-06
 2.54091e-06
 2.47360e-06
 2.41721e-06
 2.37484e-06
 2.34702e-06
 2.33076e-06
 2.32211e-06
 2.31791e-06
 2.31603e-06
 2.31527e-06
 2.31497e-06
 2.31487e-06
 2.31483e-06
 2.80534e-06
 5.57640e-06
 5.48456e-06
 5.35853e-06
 5.21447e-06
 5.06861e-06
 4.93669e-06
 4.82675e-06
 4.74517e-06
 4.69175e-06
 4.66043e-06
 4.64371e-06
 4.63561e-06
 4.63198e-06
 4.63051e-06
 4.62993e-06
 4.62973e-06
 4.62966e-06
 2.75669e-06
 5.48464e-06
 5.40634e-06
 5.29394e-06
 5.16229e-06
 5.02904e-06
 4.90742e-06
 4.80659e-06
 4.73316e-06
 4.68538e-06
 4.65733e-06
 4.64229e-06
 4.63500e-06
 4.63175e-06
 4.63042e-06
 4.62991e-06
 4.62972e-06
 4.62966e-06
 2.69046e-06
 5.35857e-06
 5.29393e-06
 5.19690e-06
 5.08369e-06
 4.96947e-06
 4.86440e-06
 4.77814e-06
 4.71626e-06
 4.67622e-06
 4.65274e-06
 4.64020e-06
 4.63412e-06
 4.63142e-06
 4.63030e-06
 4.62986e-06
 4.62971e-06
 4.62965e-06
 2.61593e-06
 5.21453e-06
 5.16231e-06
 5.08368e-06
 4.99265e-06
 4.89922e-06
 4.81364e-06
 4.74521e-06
 4.69692e-06
 4.66581e-06
 4.64754e-06
 4.63784e-06
 4.63313e-06
 4.63103e-06
 4.63016e-06
 4.62982e-06
 4.62969e-06
 4.62965e-06
 2.54095e-06
 5.06867e-06
 5.02905e-06
 4.96943e-06
 4.89920e-06
 4.82704e-06
 4.76304e-06
 4.71313e-06
 4.67812e-06
 4.65568e-06
 4.64254e-06
 4.63557e-06
 4.63217e-06
 4.63066e-06
 4.63002e-06
 4.62977e-06
 4.62968e-06
 4.62964e-06
 2.47357e-06
 4.93666e-06
 4.90740e-06
 4.86437e-06
 4.81363e-06
 4.76304e-06
 4.71951e-06
 4.68585e-06
 4.66223e-06
 4.64711e-06
 4.63830e-06
 4.63363e-06
 4.63136e-06
 4.63033e-06
 4.62990e-06
 4.62973e-06
 4.62966e-06
 4.62964e-06
 2.41719e-06
 4.82673e-06
 4.80658e-06
 4.77813e-06
 4.74520e-06
 4.71312e-06
 4.68585e-06
 4.66477e-06
 4.65000e-06
 4.64056e-06
 4.63506e-06
 4.63216e-06
 4.63073e-06
 4.63008e-06
 4.62981e-06
 4.62969e-06
 4.62965e-06
 4.62964e-06
 2.37476e-06
 4.74508e-06
 4.73315e-06
 4.71624e-06
 4.69690e-06
 4.67812e-06
 4.66223e-06
 4.65000e-06
 4.64142e-06
 4.63598e-06
 4.63281e-06
 4.63112e-06
 4.63029e-06
 4.62990e-06
 4.62974e-06
 4.62967e-06
 4.62964e-06
 4.62963e-06
 2.34694e-06
 4.69167e-06
 4.68537e-06
 4.67621e-06
 4.66580e-06
 4.65568e-06
 4.64712e-06
 4.64056e-06
 4.63598e-06
 4.63307e-06
 4.63137e-06
 4.63046e-06
 4.63000e-06
 4.62978e-06
 4.62969e-06
 4.62965e-06
 4.62964e-06
 4.62963e-06
 2.33076e-06
 4.66044e-06
 4.65733e-06
 4.65274e-06
 4.64754e-06
 4.64254e-06
 4.63830e-06
 4.63506e-06
 4.63281e-06
 4.63137e-06
 4.63052e-06
 4.63006e-06
 4.62982e-06
 4.62971e-06
 4.62966e-06
 4.62964e-06
 4.62963e-06
 4.62963e-06
 2.32211e-06
 4.64371e-06
 4.64229e-06
 4.64020e-06
 4.63784e-06
 4.63557e-06
 4.63363e-06
 4.63216e-06
 4.63112e-06
 4.63046e-06
 4.63006e-06
 4.62984e-06
 4.62972e-06
 4.62967e-06
 4.62965e-06
 4.62964e-06
 4.62963e-06
 4.62963e-06
 2.31792e-06
 4.63561e-06
 4.63500e-06
 4.63412e-06
 4.63313e-06
 4.63217e-06
 4.63136e-06
 4.63073e-06
 4.63029e-06
 4.63000e-06
 4.62982e-06
 4.62972e-06
 4.62967e-06
 4.62965e-06
 4.62964e-06
 4.62963e-06
 4.62963e-06
 4.62963e-06
 2.31603e-06
 4.63199e-06
 4.63175e-06
 4.63142e-06
 4.63103e-06
 4.63066e-06
 4.63034e-06
 4.63008e-06
 4.62990e-06
 4.62978e-06
 4.62971e-06
 4.62967e-06
 4.62965e-06
 4.62964e-06
 4.62963e-06
 4.62963e-06
 4.62963e-06
 4.62963e-06
 2.31527e-06
 4.63051e-06
 4.63043e-06
 4.63030e-06
 4.63016e-06
 4.63002e-06
 4.62990e-06
 4.62981e-06
 4.62974e-06
 4.62969e-06
 4.62966e-06
 4.62965e-06
 4.62964e-06
 4.62963e-06
 4.62963e-06
 4.62963e-06
 4.62963e-06
 4.62963e-06
 2.31497e-06
 4.62993e-06
 4.62991e-06
 4.62987e-06
 4.62982e-06
 4.62977e-06
 4.62973e-06
 4.62969e-06
 4.62967e-06
 4.62965e-06
 4.62964e-06
 4.62964e-06
 4.62963e-06
 4.62963e-06
 4.62963e-06
 4.62963e-06
 4.62963e-06
 4.62963e-06
 2.31487e-06
 4.62973e-06
 4.62972e-06
 4.62971e-06
 4.62969e-06
 4.62968e-06
 4.62966e-06
 4.62965e-06
 4.62964e-06
 4.62964e-06
 4.62963e-06
 4.62963e-06
 4.62963e-06
 4.62963e-06
 4.62963e-06
 4.62963e-06
 4.62963e-06
 4.62963e-06
 2.31483e-06
 4.62966e-06
 4.62966e-06
 4.62965e-06
 4.62965e-06
 4.62964e-06
 4.62964e-06
 4.62964e-06
 4.62963e-06
 4.62963e-06
 4.62963e-06
 4.62963e-06
 4.62963e-06
 4.62963e-06
 4.62963e-06
 4.62963e-06
 4.62963e-06
 4.62963e-06
 1.23124e-06
 2.45628e-06
 2.43955e-06
 2.41675e-06
 2.39201e-06
 2.36907e-06
 2.35045e-06
 2.33645e-06
 2.32687e-06
 2.32099e-06
 2.31775e-06
 2.31613e-06
 2.31537e-06
 2.31504e-06
 2.31490e-06
 2.31484e-06
 2.31482e-06
 2.31482e-06
 2.45629e-06
 4.90085e-06
 4.86920e-06
 4.82578e-06
 4.77840e-06
 4.73427e-06
 4.69821e-06
 4.67119e-06
 4.65283e-06
 4.64153e-06
 4.63529e-06
 4.63216e-06
 4.63070e-06
 4.63006e-06
 4.62979e-06
 4.62969e-06
 4.62965e-06
 4.62964e-06
 2.43957e-06
 4.86921e-06
 4.84209e-06
 4.80399e-06
 4.76204e-06
 4.72299e-06
 4.69082e-06
 4.66668e-06
 4.65032e-06
 4.64027e-06
 4.63471e-06
 4.63190e-06
 4.63059e-06
 4.63002e-06
 4.62978e-06
 4.62968e-06
 4.62965e-06
 4.62964e-06
 2.41676e-06
 4.82580e-06
 4.80399e-06
 4.77274e-06
 4.73859e-06
 4.70680e-06
 4.68027e-06
 4.66026e-06
 4.64673e-06
 4.63845e-06
 4.63385e-06
 4.63153e-06
 4.63044e-06
 4.62996e-06
 4.62975e-06
 4.62967e-06
 4.62964e-06
 4.62963e-06
 2.39202e-06
 4.77841e-06
 4.76205e-06
 4.73859e-06
 4.71308e-06
 4.68884e-06
 4.66836e-06
 4.65301e-06
 4.64270e-06
 4.63640e-06
 4.63289e-06
 4.63111e-06
 4.63027e-06
 4.62989e-06
 4.62973e-06
 4.62966e-06
 4.62964e-06
 4.62963e-06
 2.36908e-06
 4.73427e-06
 4.72299e-06
 4.70679e-06
 4.68884e-06
 4.67153e-06
 4.65699e-06
 4.64616e-06
 4.63889e-06
 4.63445e-06
 4.63198e-06
 4.63071e-06
 4.63010e-06
 4.62982e-06
 4.62970e-06
 4.62966e-06
 4.62964e-06
 4.62963e-06
 2.35044e-06
 4.69819e-06
 4.69082e-06
 4.68026e-06
 4.66835e-06
 4.65699e-06
 4.64752e-06
 4.64047e-06
 4.63573e-06
 4.63284e-06
 4.63121e-06
 4.63037e-06
 4.62995e-06
 4.62976e-06
 4.62968e-06
 4.62965e-06
 4.62964e-06
 4.62963e-06
 2.33645e-06
 4.67120e-06
 4.66668e-06
 4.66026e-06
 4.65300e-06
 4.64616e-06
 4.64047e-06
 4.63624e-06
 4.63338e-06
 4.63163e-06
 4.63063e-06
 4.63010e-06
 4.62984e-06
 4.62972e-06
 4.62966e-06
 4.62964e-06
 4.62963e-06
 4.62963e-06
 2.32688e-06
 4.65284e-06
 4.65032e-06
 4.64672e-06
 4.64270e-06
 4.63889e-06
 4.63573e-06
 4.63338e-06
 4.63179e-06
 4.63079e-06
 4.63022e-06
 4.62991e-06
 4.62975e-06
 4.62968e-06
 4.62965e-06
 4.62964e-06
 4.62963e-06
 4.62963e-06
 2.32099e-06
 4.64155e-06
 4.64028e-06
 4.63844e-06
 4.63640e-06
 4.63445e-06
 4.63284e-06
 4.63163e-06
 4.63079e-06
 4.63027e-06
 4.62996e-06
 4.62979e-06
 4.62970e-06
 4.62966e-06
 4.62964e-06
 4.62963e-06
 4.62963e-06
 4.62963e-06
 2.31776e-06
 4.63531e-06
 4.63471e-06
 4.63385e-06
 4.63289e-06
 4.63198e-06
 4.63121e-06
 4.63063e-06
 4.63022e-06
 4.62996e-06
 4.62980e-06
 4.62971e-06
 4.62967e-06
 4.62965e-06
 4.62964e-06
 4.62963e-06
 4.62963e-06
 4.62963e-06
 2.31613e-06
 4.63216e-06
 4.63190e-06
 4.63153e-06
 4.63111e-06
 4.63071e-06
 4.63037e-06
 4.63010e-06
 4.62991e-06
 4.62979e-06
 4.62971e-06
 4.62967e-06
 4.62965e-06
 4.62964e-06
 4.62963e-06
 4.62963e-06
 4.62963e-06
 4.62963e-06
 2.31537e-06
 4.63070e-06
 4.63059e-06
 4.63044e-06
 4.63027e-06
 4.63010e-06
 4.62995e-06
 4.62984e-06
 4.62975e-06
 4.62970e-06
 4.62967e-06
 4.62965e-06
 4.62964e-06
 4.62963e-06
 4.62963e-06
 4.62963e-06
 4.62963e-06
 4.62963e-06
 2.31504e-06
 4.63006e-06
 4.63002e-06
 4.62996e-06
 4.62989e-06
 4.62982e-06
 4.62976e-06
 4.62972e-06
 4.62968e-06
 4.62966e-06
 4.62965e-06
 4.62964e-06
 4.62963e-06
 4.62963e-06
 4.62963e-06
 4.62963e-06
 4.62963e-06
 4.62963e-06
 2.31490e-06
 4.62979e-06
 4.62978e-06
 4.62975e-06
 4.62973e-06
 4.62970e-06
 4.62968e-06
 4.62966e-06
 4.62965e-06
 4.62964e-06
 4.62964e-06
 4.62963e-06
 4.62963e-06
 4.62963e-06
 4.62963e-06
 4.62963e-06
 4.62963e-06
 4.62963e-06
 2.31484e-06
 4.62969e-06
 4.62968e-06
 4.62967e-06
 4.62966e-06
 4.62966e-06
 4.62965e-06
 4.62964e-06
 4.62964e-06
 4.62963e-06
 4.62963e-06
 4.62963e-06
 4.62963e-06
 4.62963e-06
 4.62963e-06
 4.62963e-06
 4.62963e-06
 4.62963e-06
 2.31482e-06
 4.62965e-06
 4.62965e-06
 4.62964e-06
 4.62964e-06
 4.62964e-06
 4.62964e-06
 4.62963e-06
 4.62963e-06
 4.62963e-06
 4.62963e-06
 4.62963e-06
 4.62963e-06
 4.62963e-06
 4.62963e-06
 4.62963e-06
 4.62963e-06
 4.62963e-06
 2.31482e-06
 4.62964e-06
 4.62964e-06
 4.62963e-06
 4.62963e-06
 4.62963e-06
 4.62963e-06
 4.62963e-06
 4.62963e-06
 4.62963e-06
 4.62963e-06
 4.62963e-06
 4.62963e-06
 4.62963e-06
 4.62963e-06
 4.62963e-06
 4.62963e-06
 4.62963e-06
 1.17064e-06
 2.34007e-06
 2.33687e-06
 2.33253e-06
 2.32796e-06
 2.32387e-06
 2.32059e-06
 2.31823e-06
 2.31668e-06
 2.31576e-06
 2.31527e-06
 2.31502e-06
 2.31490e-06
 2.31485e-06
 2.31483e-06
 2.31482e-06
 2.31482e-06
 2.31482e-06
 2.34007e-06
 4.67791e-06
 4.67187e-06
 4.66362e-06
 4.65490e-06
 4.64704e-06
 4.64073e-06
 4.63619e-06
 4.63322e-06
 4.63145e-06
 4.63051e-06
 4.63003e-06
 4.62980e-06
 4.62970e-06
 4.62966e-06
 4.62964e-06
 4.62963e-06
 4.62963e-06
 2.33687e-06
 4.67187e-06
 4.66670e-06
 4.65956e-06
 4.65198e-06
 4.64507e-06
 4.63949e-06
 4.63546e-06
 4.63283e-06
 4.63126e-06
 4.63042e-06
 4.62999e-06
 4.62978e-06
 4.62969e-06
 4.62965e-06
 4.62964e-06
 4.62963e-06
 4.62963e-06
 2.33253e-06
 4.66362e-06
 4.65956e-06
 4.65389e-06
 4.64783e-06
 4.64225e-06
 4.63772e-06
 4.63442e-06
 4.63227e-06
 4.63099e-06
 4.63029e-06
 4.62993e-06
 4.62976e-06
 4.62968e-06
 4.62965e-06
 4.62964e-06
 4.62963e-06
 4.62963e-06
 2.32796e-06
 4.65490e-06
 4.65198e-06
 4.64783e-06
 4.64336e-06
 4.63917e-06
 4.63575e-06
 4.63327e-06
 4.63165e-06
 4.63068e-06
 4.63015e-06
 4.62987e-06
 4.62973e-06
 4.62967e-06
 4.62965e-06
 4.62964e-06
 4.62963e-06
 4.62963e-06
 2.32387e-06
 4.64704e-06
 4.64506e-06
 4.64225e-06
 4.63917e-06
 4.63627e-06
 4.63391e-06
 4.63220e-06
 4.63107e-06
 4.63039e-06
 4.63000e-06
 4.62980e-06
 4.62971e-06
 4.62966e-06
 4.62964e-06
 4.62963e-06
 4.62963e-06
 4.62963e-06
 2.32059e-06
 4.64073e-06
 4.63949e-06
 4.63772e-06
 4.63575e-06
 4.63391e-06
 4.63241e-06
 4.63131e-06
 4.63059e-06
 4.63014e-06
 4.62988e-06
 4.62975e-06
 4.62968e-06
 4.62965e-06
 4.62964e-06
 4.62963e-06
 4.62963e-06
 4.62963e-06
 2.31823e-06
 4.63619e-06
 4.63546e-06
 4.63442e-06
 4.63327e-06
 4.63219e-06
 4.63131e-06
 4.63066e-06
 4.63022e-06
 4.62995e-06
 4.62979e-06
 4.62971e-06
 4.62966e-06
 4.62964e-06
 4.62964e-06
 4.62963e-06
 4.62963e-06
 4.62963e-06
 2.31668e-06
 4.63322e-06
 4.63283e-06
 4.63227e-06
 4.63165e-06
 4.63107e-06
 4.63059e-06
 4.63022e-06
 4.62998e-06
 4.62982e-06
 4.62973e-06
 4.62968e-06
 4.62965e-06
 4.62964e-06
 4.62963e-06
 4.62963e-06
 4.62963e-06
 4.62963e-06
 2.31576e-06
 4.63145e-06
 4.63126e-06
 4.63099e-06
 4.63068e-06
 4.63039e-06
 4.63014e-06
 4.62995e-06
 4.62982e-06
 4.62973e-06
 4.62968e-06
 4.62966e-06
 4.62964e-06
 4.62963e-06
 4.62963e-06
 4.62963e-06
 4.62963e-06
 4.62963e-06
 2.31527e-06
 4.63051e-06
 4.63042e-06
 4.63029e-06
 4.63015e-06
 4.63000e-06
 4.62988e-06
 4.62979e-06
 4.62973e-06
 4.62968e-06
 4.62966e-06
 4.62964e-06
 4.62964e-06
 4.62963e-06
 4.62963e-06
 4.62963e-06
 4.62963e-06
 4.62963e-06
 2.31502e-06
 4.63003e-06
 4.62999e-06
 4.62993e-06
 4.62987e-06
 4.62980e-06
 4.62975e-06
 4.62971e-06
 4.62968e-06
 4.62966e-06
 4.62964e-06
 4.62964e-06
 4.62963e-06
 4.62963e-06
 4.62963e-06
 4.62963e-06
 4.62963e-06
 4.62963e-06
 2.31490e-06
 4.62980e-06
 4.62978e-06
 4.62976e-06
 4.62973e-06
 4.62971e-06
 4.62968e-06
 4.62966e-06
 4.62965e-06
 4.62964e-06
 4.62964e-06
 4.62963e-06
 4.62963e-06
 4.62963e-06
 4.62963e-06
 4.62963e-06
 4.62963e-06
 4.62963e-06
 2.31485e-06
 4.62970e-06
 4.62969e-06
 4.62968e-06
 4.62967e-06
 4.62966e-06
 4.62965e-06
 4.62964e-06
 4.62964e-06
 4.62963e-06
 4.62963e-06
 4.62963e-06
 4.62963e-06
 4.62963e-06
 4.62963e-06
 4.62963e-06
 4.62963e-06
 4.62963e-06
 2.31483e-06
 4.62966e-06
 4.62965e-06
 4.62965e-06
 4.62965e-06
 4.62964e-06
 4.62964e-06
 4.62964e-06
 4.62963e-06
 4.62963e-06
 4.62963e-06
 4.62963e-06
 4.62963e-06
 4.62963e-06
 4.62963e-06
 4.62963e-06
 4.62963e-06
 4.62963e-06
 2.31482e-06
 4.62964e-06
 4.62964e-06
 4.62964e-06
 4.62964e-06
 4.62963e-06
 4.62963e-06
 4.62963e-06
 4.62963e-06
 4.62963e-06
 4.62963e-06
 4.62963e-06
 4.62963e-06
 4.62963e-06
 4.62963e-06
 4.62963e-06
 4.62963e-06
 4.62963e-06
 2.31482e-06
 4.62963e-06
 4.62963e-06
 4.62963e-06
 4.62963e-06
 4.62963e-06
 4.62963e-06
 4.62963e-06
 4.62963e-06
 4.62963e-06
 4.62963e-06
 4.62963e-06
 4.62963e-06
 4.62963e-06
 4.62963e-06
 4.62963e-06
 4.62963e-06
 4.62963e-06
 2.31482e-06
 4.62963e-06
 4.62963e-06
 4.62963e-06
 4.62963e-06
 4.62963e-06
 4.62963e-06
 4.62963e-06
 4.62963e-06
 4.62963e-06
 4.62963e-06
 4.62963e-06
 4.62963e-06
 4.62963e-06
 4.62963e-06
 4.62963e-06
 4.62963e-06
 4.62963e-06
 1.15901e-06
 2.31788e-06
 2.31750e-06
 2.31697e-06
 2.31642e-06
 2.31592e-06
 2.31552e-06
 2.31524e-06
 2.31505e-06
 2.31494e-06
 2.31488e-06
 2.31484e-06
 2.31483e-06
 2.31482e-06
 2.31482e-06
 2.31482e-06
 2.31482e-06
 2.31481e-06
 2.31788e-06
 4.63550e-06
 4.63478e-06
 4.63377e-06
 4.63271e-06
 4.63175e-06
 4.63099e-06
 4.63045e-06
 4.63009e-06
 4.62987e-06
 4.62975e-06
 4.62969e-06
 4.62965e-06
 4.62964e-06
 4.62963e-06
 4.62963e-06
 4.62963e-06
 4.62963e-06
 2.31750e-06
 4.63478e-06
 4.63415e-06
 4.63327e-06
 4.63235e-06
 4.63151e-06
 4.63084e-06
 4.63036e-06
 4.63004e-06
 4.62985e-06
 4.62974e-06
 4.62968e-06
 4.62965e-06
 4.62964e-06
 4.62963e-06
 4.62963e-06
 4.62963e-06
 4.62963e-06
 2.31697e-06
 4.63377e-06
 4.63327e-06
 4.63259e-06
 4.63185e-06
 4.63118e-06
 4.63063e-06
 4.63024e-06
 4.62998e-06
 4.62981e-06
 4.62972e-06
 4.62967e-06
 4.62965e-06
 4.62964e-06
 4.62963e-06
 4.62963e-06
 4.62963e-06
 4.62963e-06
 2.31642e-06
 4.63271e-06
 4.63235e-06
 4.63185e-06
 4.63131e-06
 4.63081e-06
 4.63040e-06
 4.63010e-06
 4.62990e-06
 4.62977e-06
 4.62970e-06
 4.62966e-06
 4.62964e-06
 4.62964e-06
 4.62963e-06
 4.62963e-06
 4.62963e-06
 4.62963e-06
 2.31592e-06
 4.63175e-06
 4.63151e-06
 4.63118e-06
 4.63081e-06
 4.63046e-06
 4.63018e-06
 4.62997e-06
 4.62982e-06
 4.62973e-06
 4.62968e-06
 4.62965e-06
 4.62964e-06
 4.62963e-06
 4.62963e-06
 4.62963e-06
 4.62963e-06
 4.62963e-06
 2.31552e-06
 4.63099e-06
 4.63084e-06
 4.63063e-06
 4.63040e-06
 4.63018e-06
 4.62999e-06
 4.62986e-06
 4.62976e-06
 4.62970e-06
 4.62967e-06
 4.62965e-06
 4.62964e-06
 4.62963e-06
 4.62963e-06
 4.62963e-06
 4.62963e-06
 4.62963e-06
 2.31524e-06
 4.63045e-06
 4.63036e-06
 4.63024e-06
 4.63010e-06
 4.62997e-06
 4.62986e-06
 4.62977e-06
 4.62971e-06
 4.62968e-06
 4.62965e-06
 4.62964e-06
 4.62963e-06
 4.62963e-06
 4.62963e-06
 4.62963e-06
 4.62963e-06
 4.62963e-06
 2.31505e-06
 4.63009e-06
 4.63004e-06
 4.62998e-06
 4.62990e-06
 4.62982e-06
 4.62976e-06
 4.62971e-06
 4.62968e-06
 4.62966e-06
 4.62964e-06
 4.62964e-06
 4.62963e-06
 4.62963e-06
 4.62963e-06
 4.62963e-06
 4.62963e-06
 4.62963e-06
 2.31494e-06
 4.62987e-06
 4.62985e-06
 4.62981e-06
 4.62977e-06
 4.62973e-06
 4.62970e-06
 4.62968e-06
 4.62966e-06
 4.62964e-06
 4.62964e-06
 4.62963e-06
 4.62963e-06
 4.62963e-06
 4.62963e-06
 4.62963e-06
 4.62963e-06
 4.62963e-06
 2.31488e-06
 4.62975e-06
 4.62974e-06
 4.62972e-06
 4.62970e-06
 4.62968e-06
 4.62967e-06
 4.62965e-06
 4.62964e-06
 4.62964e-06
 4.62963e-06
 4.62963e-06
 4.62963e-06
 4.62963e-06
 4.62963e-06
 4.62963e-06
 4.62963e-06
 4.62963e-06
 2.31484e-06
 4.62969e-06
 4.62968e-06
 4.62967e-06
 4.62966e-06
 4.62965e-06
 4.62965e-06
 4.62964e-06
 4.62964e-06
 4.62963e-06
 4.62963e-06
 4.62963e-06
 4.62963e-06
 4.62963e-06
 4.62963e-06
 4.62963e-06
 4.62963e-06
 4.62963e-06
 2.31483e-06
 4.62965e-06
 4.62965e-06
 4.62965e-06
 4.62964e-06
 4.62964e-06
 4.62964e-06
 4.62963e-06
 4.62963e-06
 4.62963e-06
 4.62963e-06
 4.62963e-06
 4.62963e-06
 4.62963e-06
 4.62963e-06
 4.62963e-06
 4.62963e-06
 4.62963e-06
 2.31482e-06
 4.62964e-06
 4.62964e-06
 4.62964e-06
 4.62964e-06
 4.62963e-06
 4.62963e-06
 4.62963e-06
 4.62963e-06
 4.62963e-06
 4.62963e-06
 4.62963e-06
 4.62963e-06
 4.62963e-06
 4.62963e-06
 4.62963e-06
 4.62963e-06
 4.62963e-06
 2.31482e-06
 4.62963e-06
 4.62963e-06
 4.62963e-06
 4.62963e-06
 4.62963e-06
 4.62963e-06
 4.62963e-06
 4.62963e-06
 4.62963e-06
 4.62963e-06
 4.62963e-06
 4.62963e-06
 4.62963e-06
 4.62963e-06
 4.62963e-06
 4.62963e-06
 4.62963e-06
 2.31482e-06
 4.62963e-06
 4.62963e-06
 4.62963e-06
 4.62963e-06
 4.62963e-06
 4.62963e-06
 4.62963e-06
 4.62963e-06
 4.62963e-06
 4.62963e-06
 4.62963e-06
 4.62963e-06
 4.62963e-06
 4.62963e-06
 4.62963e-06
 4.62963e-06
 4.62963e-06
 2.31482e-06
 4.62963e-06
 4.62963e-06
 4.62963e-06
 4.62963e-06
 4.62963e-06
 4.62963e-06
 4.62963e-06
 4.62963e-06
 4.62963e-06
 4.62963e-06
 4.62963e-06
 4.62963e-06
 4.62963e-06
 4.62963e-06
 4.62963e-06
 4.62963e-06
 4.62963e-06
 2.31481e-06
 4.62963e-06
 4.62963e-06
 4.62963e-06
 4.62963e-06
 4.62963e-06
 4.62963e-06
 4.62963e-06
 4.62963e-06
 4.62963e-06
 4.62963e-06
 4.62963e-06
 4.62963e-06
 4.62963e-06
 4.62963e-06
 4.62963e-06
 4.62963e-06
 4.62963e-06
 1.15755e-06
 2.31509e-06
 2.31506e-06
 2.31502e-06
 2.31497e-06
 2.31493e-06
 2.31489e-06
 2.31486e-06
 2.31484e-06
 2.31483e-06
 2.31482e-06
 2.31482e-06
 2.31482e-06
 2.31482e-06
 2.31482e-06
 2.31481e-06
 2.31481e-06
 2.31481e-06
 2.31509e-06
 4.63016e-06
 4.63011e-06
 4.63002e-06
 4.62993e-06
 4.62984e-06
 4.62977e-06
 4.62972e-06
 4.62968e-06
 4.62966e-06
 4.62964e-06
 4.62964e-06
 4.62963e-06
 4.62963e-06
 4.62963e-06
 4.62963e-06
 4.62963e-06
 4.62963e-06
 2.31506e-06
 4.63011e-06
 4.63005e-06
 4.62998e-06
 4.62990e-06
 4.62982e-06
 4.62976e-06
 4.62971e-06
 4.62968e-06
 4.62966e-06
 4.62964e-06
 4.62964e-06
 4.62963e-06
 4.62963e-06
 4.62963e-06
 4.62963e-06
 4.62963e-06
 4.62963e-06
 2.31502e-06
 4.63002e-06
 4.62998e-06
 4.62992e-06
 4.62985e-06
 4.62979e-06
 4.62974e-06
 4.62970e-06
 4.62967e-06
 4.62965e-06
 4.62964e-06
 4.62963e-06
 4.62963e-06
 4.62963e-06
 4.62963e-06
 4.62963e-06
 4.62963e-06
 4.62963e-06
 2.31497e-06
 4.62993e-06
 4.62990e-06
 4.62985e-06
 4.62980e-06
 4.62975e-06
 4.62971e-06
 4.62968e-06
 4.62966e-06
 4.62965e-06
 4.62964e-06
 4.62963e-06
 4.62963e-06
 4.62963e-06
 4.62963e-06
 4.62963e-06
 4.62963e-06
 4.62963e-06
 2.31493e-06
 4.62984e-06
 4.62982e-06
 4.62979e-06
 4.62975e-06
 4.62972e-06
 4.62969e-06
 4.62967e-06
 4.62965e-06
 4.62964e-06
 4.62964e-06
 4.62963e-06
 4.62963e-06
 4.62963e-06
 4.62963e-06
 4.62963e-06
 4.62963e-06
 4.62963e-06
 2.31489e-06
 4.62977e-06
 4.62976e-06
 4.62974e-06
 4.62971e-06
 4.62969e-06
 4.62967e-06
 4.62966e-06
 4.62965e-06
 4.62964e-06
 4.62963e-06
 4.62963e-06
 4.62963e-06
 4.62963e-06
 4.62963e-06
 4.62963e-06
 4.62963e-06
 4.62963e-06
 2.31486e-06
 4.62972e-06
 4.62971e-06
 4.62970e-06
 4.62968e-06
 4.62967e-06
 4.62966e-06
 4.62965e-06
 4.62964e-06
 4.62964e-06
 4.62963e-06
 4.62963e-06
 4.62963e-06
 4.62963e-06
 4.62963e-06
 4.62963e-06
 4.62963e-06
 4.62963e-06
 2.31484e-06
 4.62968e-06
 4.62968e-06
 4.62967e-06
 4.62966e-06
 4.62965e-06
 4.62965e-06
 4.62964e-06
 4.62964e-06
 4.62963e-06
 4.62963e-06
 4.62963e-06
 4.62963e-06
 4.62963e-06
 4.62963e-06
 4.62963e-06
 4.62963e-06
 4.62963e-06
 2.31483e-06
 4.62966e-06
 4.62966e-06
 4.62965e-06
 4.62965e-06
 4.62964e-06
 4.62964e-06
 4.62964e-06
 4.62963e-06
 4.62963e-06
 4.62963e-06
 4.62963e-06
 4.62963e-06
 4.62963e-06
 4.62963e-06
 4.62963e-06
 4.62963e-06
 4.62963e-06
 2.31482e-06
 4.62964e-06
 4.62964e-06
 4.62964e-06
 4.62964e-06
 4.62964e-06
 4.62963e-06
 4.62963e-06
 4.62963e-06
 4.62963e-06
 4.62963e-06
 4.62963e-06
 4.62963e-06
 4.62963e-06
 4.62963e-06
 4.62963e-06
 4.62963e-06
 4.62963e-06
 2.31482e-06
 4.62964e-06
 4.62964e-06
 4.62963e-06
 4.62963e-06
 4.62963e-06
 4.62963e-06
 4.62963e-06
 4.62963e-06
 4.62963e-06
 4.62963e-06
 4.62963e-06
 4.62963e-06
 4.62963e-06
 4.62963e-06
 4.62963e-06
 4.62963e-06
 4.62963e-06
 2.31482e-06
 4.62963e-06
 4.62963e-06
 4.62963e-06
 4.62963e-06
 4.62963e-06
 4.62963e-06
 4.62963e-06
 4.62963e-06
 4.62963e-06
 4.62963e-06
 4.62963e-06
 4.62963e-06
 4.62963e-06
 4.62963e-06
 4.62963e-06
 4.62963e-06
 4.62963e-06
 2.31482e-06
 4.62963e-06
 4.62963e-06
 4.62963e-06
 4.62963e-06
 4.62963e-06
 4.62963e-06
 4.62963e-06
 4.62963e-06
 4.62963e-06
 4.62963e-06
 4.62963e-06
 4.62963e-06
 4.62963e-06
 4.62963e-06
 4.62963e-06
 4.62963e-06
 4.62963e-06
 2.31482e-06
 4.62963e-06
 4.62963e-06
 4.62963e-06
 4.62963e-06
 4.62963e-06
 4.62963e-06
 4.62963e-06
 4.62963e-06
 4.62963e-06
 4.62963e-06
 4.62963e-06
 4.62963e-06
 4.62963e-06
 4.62963e-06
 4.62963e-06
 4.62963e-06
 4.62963e-06
 2.31481e-06
 4.62963e-06
 4.62963e-06
 4.62963e-06
 4.62963e-06
 4.62963e-06
 4.62963e-06
 4.62963e-06
 4.62963e-06
 4.62963e-06
 4.62963e-06
 4.62963e-06
 4.62963e-06
 4.62963e-06
 4.62963e-06
 4.62963e-06
 4.62963e-06
 4.62963e-06
 2.31481e-06
 4.62963e-06
 4.62963e-06
 4.62963e-06
 4.62963e-06
 4.62963e-06
 4.62963e-06
 4.62963e-06
 4.62963e-06
 4.62963e-06
 4.62963e-06
 4.62963e-06
 4.62963e-06
 4.62963e-06
 4.62963e-06
 4.62963e-06
 4.62963e-06
 4.62963e-06
 2.31481e-06
 4.62963e-06
 4.62963e-06
 4.62963e-06
 4.62963e-06
 4.62963e-06
 4.62963e-06
 4.62963e-06
 4.62963e-06
 4.62963e-06
 4.62963e-06
 4.62963e-06
 4.62963e-06
 4.62963e-06
 4.62963e-06
 4.62963e-06
 4.62963e-06
 4.62963e-06
 1.15742e-06
 2.31484e-06
 2.31484e-06
 2.31483e-06
 2.31483e-06
 2.31482e-06
 2.31482e-06
 2.31482e-06
 2.31482e-06
 2.31482e-06
 2.31482e-06
 2.31482e-06
 2.31481e-06
 2.31481e-06
 2.31481e-06
 2.31481e-06
 2.31481e-06
 2.31481e-06
 2.31484e-06
 4.62967e-06
 4.62967e-06
 4.62966e-06
 4.62966e-06
 4.62965e-06
 4.62964e-06
 4.62964e-06
 4.62963e-06
 4.62963e-06
 4.62963e-06
 4.62963e-06
 4.62963e-06
 4.62963e-06
 4.62963e-06
 4.62963e-06
 4.62963e-06
 4.62963e-06
 2.31484e-06
 4.62967e-06
 4.62966e-06
 4.62966e-06
 4.62965e-06
 4.62965e-06
 4.62964e-06
 4.62964e-06
 4.62963e-06
 4.62963e-06
 4.62963e-06
 4.62963e-06
 4.62963e-06
 4.62963e-06
 4.62963e-06
 4.62963e-06
 4.62963e-06
 4.62963e-06
 2.31483e-06
 4.62966e-06
 4.62966e-06
 4.62965e-06
 4.62965e-06
 4.62964e-06
 4.62964e-06
 4.62964e-06
 4.62963e-06
 4.62963e-06
 4.62963e-06
 4.62963e-06
 4.62963e-06
 4.62963e-06
 4.62963e-06
 4.62963e-06
 4.62963e-06
 4.62963e-06
 2.31483e-06
 4.62966e-06
 4.62965e-06
 4.62965e-06
 4.62965e-06
 4.62964e-06
 4.62964e-06
 4.62963e-06
 4.62963e-06
 4.62963e-06
 4.62963e-06
 4.62963e-06
 4.62963e-06
 4.62963e-06
 4.62963e-06
 4.62963e-06
 4.62963e-06
 4.62963e-06
 2.31482e-06
 4.62965e-06
 4.62965e-06
 4.62964e-06
 4.62964e-06
 4.62964e-06
 4.62964e-06
 4.62963e-06
 4.62963e-06
 4.62963e-06
 4.62963e-06
 4.62963e-06
 4.62963e-06
 4.62963e-06
 4.62963e-06
 4.62963e-06
 4.62963e-06
 4.62963e-06
 2.31482e-06
 4.62964e-06
 4.62964e-06
 4.62964e-06
 4.62964e-06
 4.62964e-06
 4.62963e-06
 4.62963e-06
 4.62963e-06
 4.62963e-06
 4.62963e-06
 4.62963e-06
 4.62963e-06
 4.62963e-06
 4.62963e-06
 4.62963e-06
 4.62963e-06
 4.62963e-06
 2.31482e-06
 4.62964e-06
 4.62964e-06
 4.62964e-06
 4.62963e-06
 4.62963e-06
 4.62963e-06
 4.62963e-06
 4.62963e-06
 4.62963e-06
 4.62963e-06
 4.62963e-06
 4.62963e-06
 4.62963e-06
 4.62963e-06
 4.62963e-06
 4.62963e-06
 4.62963e-06
 2.31482e-06
 4.62963e-06
 4.62963e-06
 4.62963e-06
 4.62963e-06
 4.62963e-06
 4.62963e-06
 4.62963e-06
 4.62963e-06
 4.62963e-06
 4.62963e-06
 4.62963e-06
 4.62963e-06
 4.62963e-06
 4.62963e-06
 4.62963e-06
 4.62963e-06
 4.62963e-06
 2.31482e-06
 4.62963e-06
 4.62963e-06
 4.62963e-06
 4.62963e-06
 4.62963e-06
 4.62963e-06
 4.62963e-06
 4.62963e-06
 4.62963e-06
 4.62963e-06
 4.62963e-06
 4.62963e-06
 4.62963e-06
 4.62963e-06
 4.62963e-06
 4.62963e-06
 4.62963e-06
 2.31482e-06
 4.62963e-06
 4.62963e-06
 4.62963e-06
 4.62963e-06
 4.62963e-06
 4.62963e-06
 4.62963e-06
 4.62963e-06
 4.62963e-06
 4.62963e-06
 4.62963e-06
 4.62963e-06
 4.62963e-06
 4.62963e-06
 4.62963e-06
 4.62963e-06
 4.62963e-06
 2.31482e-06
 4.62963e-06
 4.62963e-06
 4.62963e-06
 4.62963e-06
 4.62963e-06
 4.62963e-06
 4.62963e-06
 4.62963e-06
 4.62963e-06
 4.62963e-06
 4.62963e-06
 4.62963e-06
 4.62963e-06
 4.62963e-06
 4.62963e-06
 4.62963e-06
 4.62963e-06
 2.31481e-06
 4.62963e-06
 4.62963e-06
 4.62963e-06
 4.62963e-06
 4.62963e-06
 4.62963e-06
 4.62963e-06
 4.62963e-06
 4.62963e-06
 4.62963e-06
 4.62963e-06
 4.62963e-06
 4.62963e-06
 4.62963e-06
 4.62963e-06
 4.62963e-06
 4.62963e-06
 2.31481e-06
 4.62963e-06
 4.62963e-06
 4.62963e-06
 4.62963e-06
 4.62963e-06
 4.62963e-06
 4.62963e-06
 4.62963e-06
 4.62963e-06
 4.62963e-06
 4.62963e-06
 4.62963e-06
 4.62963e-06
 4.62963e-06
 4.62963e-06
 4.62963e-06
 4.62963e-06
 2.31481e-06
 4.62963e-06
 4.62963e-06
 4.62963e-06
 4.62963e-06
 4.62963e-06
 4.62963e-06
 4.62963e-06
 4.62963e-06
 4.62963e-06
 4.62963e-06
 4.62963e-06
 4.62963e-06
 4.62963e-06
 4.62963e-06
 4.62963e-06
 4.62963e-06
 4.62963e-06
 2.31481e-06
 4.62963e-06
 4.62963e-06
 4.62963e-06
 4.62963e-06
 4.62963e-06
 4.62963e-06
 4.62963e-06
 4.62963e-06
 4.62963e-06
 4.62963e-06
 4.62963e-06
 4.62963e-06
 4.62963e-06
 4.62963e-06
 4.62963e-06
 4.62963e-06
 4.62963e-06
 2.31481e-06
 4.62963e-06
 4.62963e-06
 4.62963e-06
 4.62963e-06
 4.62963e-06
 4.62963e-06
 4.62963e-06
 4.62963e-06
 4.62963e-06
 4.62963e-06
 4.62963e-06
 4.62963e-06
 4.62963e-06
 4.62963e-06
 4.62963e-06
 4.62963e-06
 4.62963e-06
 2.31481e-06
 4.62963e-06
 4.62963e-06
 4.62963e-06
 4.62963e-06
 4.62963e-06
 4.62963e-06
 4.62963e-06
 4.62963e-06
 4.62963e-06
 4.62963e-06
 4.62963e-06
 4.62963e-06
 4.62963e-06
 4.62963e-06
 4.62963e-06
 4.62963e-06
 4.62963e-06
 1.15741e-06
 2.31482e-06
 2.31482e-06
 2.31482e-06
 2.31482e-06
 2.31482e-06
 2.31482e-06
 2.31482e-06
 2.31482e-06
 2.31481e-06
 2.31481e-06
 2.31481e-06
 2.31481e-06
 2.31481e-06
 2.31481e-06
 2.31481e-06
 2.31481e-06
 2.31481e-06
 2.31482e-06
 4.62963e-06
 4.62963e-06
 4.62963e-06
 4.62963e-06
 4.62963e-06
 4.62963e-06
 4.62963e-06
 4.62963e-06
 4.62963e-06
 4.62963e-06
 4.62963e-06
 4.62963e-06
 4.62963e-06
 4.62963e-06
 4.62963e-06
 4.62963e-06
 4.62963e-06
 2.31482e-06
 4.62963e-06
 4.62963e-06
 4.62963e-06
 4.62963e-06
 4.62963e-06
 4.62963e-06
 4.62963e-06
 4.62963e-06
 4.62963e-06
 4.62963e-06
 4.62963e-06
 4.62963e-06
 4.62963e-06
 4.62963e-06
 4.62963e-06
 4.62963e-06
 4.62963e-06
 2.31482e-06
 4.62963e-06
 4.62963e-06
 4.62963e-06
 4.62963e-06
 4.62963e-06
 4.62963e-06
 4.62963e-06
 4.62963e-06
 4.62963e-06
 4.62963e-06
 4.62963e-06
 4.62963e-06
 4.62963e-06
 4.62963e-06
 4.62963e-06
 4.62963e-06
 4.62963e-06
 2.31482e-06
 4.62963e-06
 4.62963e-06
 4.62963e-06
 4.62963e-06
 4.62963e-06
 4.62963e-06
 4.62963e-06
 4.62963e-06
 4.62963e-06
 4.62963e-06
 4.62963e-06
 4.62963e-06
 4.62963e-06
 4.62963e-06
 4.62963e-06
 4.62963e-06
 4.62963e-06
 2.31482e-06
 4.62963e-06
 4.62963e-06
 4.62963e-06
 4.62963e-06
 4.62963e-06
 4.62963e-06
 4.62963e-06
 4.62963e-06
 4.62963e-06
 4.62963e-06
 4.62963e-06
 4.62963e-06
 4.62963e-06
 4.62963e-06
 4.62963e-06
 4.62963e-06
 4.62963e-06
 2.31482e-06
 4.62963e-06
 4.62963e-06
 4.62963e-06
 4.62963e-06
 4.62963e-06
 4.62963e-06
 4.62963e-06
 4.62963e-06
 4.62963e-06
 4.62963e-06
 4.62963e-06
 4.62963e-06
 4.62963e-06
 4.62963e-06
 4.62963e-06
 4.62963e-06
 4.62963e-06
 2.31482e-06
 4.62963e-06
 4.62963e-06
 4.62963e-06
 4.62963e-06
 4.62963e-06
 4.62963e-06
 4.62963e-06
 4.62963e-06
 4.62963e-06
 4.62963e-06
 4.62963e-06
 4.62963e-06
 4.62963e-06
 4.62963e-06
 4.62963e-06
 4.62963e-06
 4.62963e-06
 2.31482e-06
 4.62963e-06
 4.62963e-06
 4.62963e-06
 4.62963e-06
 4.62963e-06
 4.62963e-06
 4.62963e-06
 4.62963e-06
 4.62963e-06
 4.62963e-06
 4.62963e-06
 4.62963e-06
 4.62963e-06
 4.62963e-06
 4.62963e-06
 4.62963e-06
 4.62963e-06
 2.31481e-06
 4.62963e-06
 4.62963e-06
 4.62963e-06
 4.62963e-06
 4.62963e-06
 4.62963e-06
 4.62963e-06
 4.62963e-06
 4.62963e-06
 4.62963e-06
 4.62963e-06
 4.62963e-06
 4.62963e-06
 4.62963e-06
 4.62963e-06
 4.62963e-06
 4.62963e-06
 2.31481e-06
 4.62963e-06
 4.62963e-06
 4.62963e-06
 4.62963e-06
 4.62963e-06
 4.62963e-06
 4.62963e-06
 4.62963e-06
 4.62963e-06
 4.62963e-06
 4.62963e-06
 4.62963e-06
 4.62963e-06
 4.62963e-06
 4.62963e-06
 4.62963e-06
 4.62963e-06
 2.31481e-06
 4.62963e-06
 4.62963e-06
 4.62963e-06
 4.62963e-06
 4.62963e-06
 4.62963e-06
 4.62963e-06
 4.62963e-06
 4.62963e-06
 4.62963e-06
 4.62963e-06
 4.62963e-06
 4.62963e-06
 4.62963e-06
 4.62963e-06
 4.62963e-06
 4.62963e-06
 2.31481e-06
 4.62963e-06
 4.62963e-06
 4.62963e-06
 4.62963e-06
 4.62963e-06
 4.62963e-06
 4.62963e-06
 4.62963e-06
 4.62963e-06
 4.62963e-06
 4.62963e-06
 4.62963e-06
 4.62963e-06
 4.62963e-06
 4.62963e-06
 4.62963e-06
 4.62963e-06
 2.31481e-06
 4.62963e-06
 4.62963e-06
 4.62963e-06
 4.62963e-06
 4.62963e-06
 4.62963e-06
 4.62963e-06
 4.62963e-06
 4.62963e-06
 4.62963e-06
 4.62963e-06
 4.62963e-06
 4.62963e-06
 4.62963e-06
 4.62963e-06
 4.62963e-06
 4.62963e-06
 2.31481e-06
 4.62963e-06
 4.62963e-06
 4.62963e-06
 4.62963e-06
 4.62963e-06
 4.62963e-06
 4.62963e-06
 4.62963e-06
 4.62963e-06
 4.62963e-06
 4.62963e-06
 4.62963e-06
 4.62963e-06
 4.62963e-06
 4.62963e-06
 4.62963e-06
 4.62963e-06
 2.31481e-06
 4.62963e-06
 4.62963e-06
 4.62963e-06
 4.62963e-06
 4.62963e-06
 4.62963e-06
 4.62963e-06
 4.62963e-06
 4.62963e-06
 4.62963e-06
 4.62963e-06
 4.62963e-06
 4.62963e-06
 4.62963e-06
 4.62963e-06
 4.62963e-06
 4.62963e-06
 2.31481e-06
 4.62963e-06
 4.62963e-06
 4.62963e-06
 4.62963e-06
 4.62963e-06
 4.62963e-06
 4.62963e-06
 4.62963e-06
 4.62963e-06
 4.62963e-06
 4.62963e-06
 4.62963e-06
 4.62963e-06
 4.62963e-06
 4.62963e-06
 4.62963e-06
 4.62963e-06
 2.31481e-06
 4.62963e-06
 4.62963e-06
 4.62963e-06
 4.62963e-06
 4.62963e-06
 4.62963e-06
 4.62963e-06
 4.62963e-06
 4.62963e-06
 4.62963e-06
 4.62963e-06
 4.62963e-06
 4.62963e-06
 4.62963e-06
 4.62963e-06
 4.62963e-06
 4.62963e-06
 1.15741e-06
 2.31481e-06
 2.31481e-06
 2.31481e-06
 2.31481e-06
 2.31481e-06
 2.31481e-06
 2.31481e-06
 2.31481e-06
 2.31481e-06
 2.31481e-06
 2.31481e-06
 2.31481e-06
 2.31481e-06
 2.31481e-06
 2.31481e-06
 2.31481e-06
 2.31481e-06
 2.31481e-06
 4.62963e-06
 4.62963e-06
 4.62963e-06
 4.62963e-06
 4.62963e-06
 4.62963e-06
 4.62963e-06
 4.62963e-06
 4.62963e-06
 4.62963e-06
 4.62963e-06
 4.62963e-06
 4.62963e-06
 4.62963e-06
 4.62963e-06
 4.62963e-06
 4.62963e-06
 2.31481e-06
 4.62963e-06
 4.62963e-06
 4.62963e-06
 4.62963e-06
 4.62963e-06
 4.62963e-06
 4.62963e-06
 4.62963e-06
 4.62963e-06
 4.62963e-06
 4.62963e-06
 4.62963e-06
 4.62963e-06
 4.62963e-06
 4.62963e-06
 4.62963e-06
 4.62963e-06
 2.31481e-06
 4.62963e-06
 4.62963e-06
 4.62963e-06
 4.62963e-06
 4.62963e-06
 4.62963e-06
 4.62963e-06
 4.62963e-06
 4.62963e-06
 4.62963e-06
 4.62963e-06
 4.62963e-06
 4.62963e-06
 4.62963e-06
 4.62963e-06
 4.62963e-06
 4.62963e-06
 2.31481e-06
 4.62963e-06
 4.62963e-06
 4.62963e-06
 4.62963e-06
 4.62963e-06
 4.62963e-06
 4.62963e-06
 4.62963e-06
 4.62963e-06
 4.62963e-06
 4.62963e-06
 4.62963e-06
 4.62963e-06
 4.62963e-06
 4.62963e-06
 4.62963e-06
 4.62963e-06
 2.31481e-06
 4.62963e-06
 4.62963e-06
 4.62963e-06
 4.62963e-06
 4.62963e-06
 4.62963e-06
 4.62963e-06
 4.62963e-06
 4.62963e-06
 4.62963e-06
 4.62963e-06
 4.62963e-06
 4.62963e-06
 4.62963e-06
 4.62963e-06
 4.62963e-06
 4.62963e-06
 2.31481e-06
 4.62963e-06
 4.62963e-06
 4.62963e-06
 4.62963e-06
 4.62963e-06
 4.62963e-06
 4.62963e-06
 4.62963e-06
 4.62963e-06
 4.62963e-06
 4.62963e-06
 4.62963e-06
 4.62963e-06
 4.62963e-06
 4.62963e-06
 4.62963e-06
 4.62963e-06
 2.31481e-06
 4.62963e-06
 4.62963e-06
 4.62963e-06
 4.62963e-06
 4.62963e-06
 4.62963e-06
 4.62963e-06
 4.62963e-06
 4.62963e-06
 4.62963e-06
 4.62963e-06
 4.62963e-06
 4.62963e-06
 4.62963e-06
 4.62963e-06
 4.62963e-06
 4.62963e-06
 2.31481e-06
 4.62963e-06
 4.62963e-06
 4.62963e-06
 4.62963e-06
 4.62963e-06
 4.62963e-06
 4.62963e-06
 4.62963e-06
 4.62963e-06
 4.62963e-06
 4.62963e-06
 4.62963e-06
 4.62963e-06
 4.62963e-06
 4.62963e-06
 4.62963e-06
 4.62963e-06
 2.31481e-06
 4.62963e-06
 4.62963e-06
 4.62963e-06
 4.62963e-06
 4.62963e-06
 4.62963e-06
 4.62963e-06
 4.62963e-06
 4.62963e-06
 4.62963e-06
 4.62963e-06
 4.62963e-06
 4.62963e-06
 4.62963e-06
 4.62963e-06
 4.62963e-06
 4.62963e-06
 2.31481e-06
 4.62963e-06
 4.62963e-06
 4.62963e-06
 4.62963e-06
 4.62963e-06
 4.62963e-06
 4.62963e-06
 4.62963e-06
 4.62963e-06
 4.62963e-06
 4.62963e-06
 4.62963e-06
 4.62963e-06
 4.62963e-06
 4.62963e-06
 4.62963e-06
 4.62963e-06
 2.31481e-06
 4.62963e-06
 4.62963e-06
 4.62963e-06
 4.62963e-06
 4.62963e-06
 4.62963e-06
 4.62963e-06
 4.62963e-06
 4.62963e-06
 4.62963e-06
 4.62963e-06
 4.62963e-06
 4.62963e-06
 4.62963e-06
 4.62963e-06
 4.62963e-06
 4.62963e-06
 2.31481e-06
 4.62963e-06
 4.62963e-06
 4.62963e-06
 4.62963e-06
 4.62963e-06
 4.62963e-06
 4.62963e-06
 4.62963e-06
 4.62963e-06
 4.62963e-06
 4.62963e-06
 4.62963e-06
 4.62963e-06
 4.62963e-06
 4.62963e-06
 4.62963e-06
 4.62963e-06
 2.31481e-06
 4.62963e-06
 4.62963e-06
 4.62963e-06
 4.62963e-06
 4.62963e-06
 4.62963e-06
 4.62963e-06
 4.62963e-06
 4.62963e-06
 4.62963e-06
 4.62963e-06
 4.62963e-06
 4.62963e-06
 4.62963e-06
 4.62963e-06
 4.62963e-06
 4.62963e-06
 2.31481e-06
 4.62963e-06
 4.62963e-06
 4.62963e-06
 4.62963e-06
 4.62963e-06
 4.62963e-06
 4.62963e-06
 4.62963e-06
 4.62963e-06
 4.62963e-06
 4.62963e-06
 4.62963e-06
 4.62963e-06
 4.62963e-06
 4.62963e-06
 4.62963e-06
 4.62963e-06
 2.31481e-06
 4.62963e-06
 4.62963e-06
 4.62963e-06
 4.62963e-06
 4.62963e-06
 4.62963e-06
 4.62963e-06
 4.62963e-06
 4.62963e-06
 4.62963e-06
 4.62963e-06
 4.62963e-06
 4.62963e-06
 4.62963e-06
 4.62963e-06
 4.62963e-06
 4.62963e-06
 2.31481e-06
 4.62963e-06
 4.62963e-06
 4.62963e-06
 4.62963e-06
 4.62963e-06
 4.62963e-06
 4.62963e-06
 4.62963e-06
 4.62963e-06
 4.62963e-06
 4.62963e-06
 4.62963e-06
 4.62963e-06
 4.62963e-06
 4.62963e-06
 4.62963e-06
 4.62963e-06
 2.31481e-06
 4.62963e-06
 4.62963e-06
 4.62963e-06
 4.62963e-06
 4.62963e-06
 4.62963e-06
 4.62963e-06
 4.62963e-06
 4.62963e-06
 4.62963e-06
 4.62963e-06
 4.62963e-06
 4.62963e-06
 4.62963e-06
 4.62963e-06
 4.62963e-06
 4.62963e-06
 1.15741e-06
 2.31481e-06
 2.31481e-06
 2.31481e-06
 2.31481e-06
 2.31481e-06
 2.31481e-06
 2.31481e-06
 2.31481e-06
 2.31481e-06
 2.31481e-06
 2.31481e-06
 2.31481e-06
 2.31481e-06
 2.31481e-06
 2.31481e-06
 2.31481e-06
 2.31481e-06
 2.31481e-06
 4.62963e-06
 4.62963e-06
 4.62963e-06
 4.62963e-06
 4.62963e-06
 4.62963e-06
 4.62963e-06
 4.62963e-06
 4.62963e-06
 4.62963e-06
 4.62963e-06
 4.62963e-06
 4.62963e-06
 4.62963e-06
 4.62963e-06
 4.62963e-06
 4.62963e-06
 2.31481e-06
 4.62963e-06
 4.62963e-06
 4.62963e-06
 4.62963e-06
 4.62963e-06
 4.62963e-06
 4.62963e-06
 4.62963e-06
 4.62963e-06
 4.62963e-06
 4.62963e-06
 4.62963e-06
 4.62963e-06
 4.62963e-06
 4.62963e-06
 4.62963e-06
 4.62963e-06
 2.31481e-06
 4.62963e-06
 4.62963e-06
 4.62963e-06
 4.62963e-06
 4.62963e-06
 4.62963e-06
 4.62963e-06
 4.62963e-06
 4.62963e-06
 4.62963e-06
 4.62963e-06
 4.62963e-06
 4.62963e-06
 4.62963e-06
 4.62963e-06
 4.62963e-06
 4.62963e-06
 2.31481e-06
 4.62963e-06
 4.62963e-06
 4.62963e-06
 4.62963e-06
 4.62963e-06
 4.62963e-06
 4.62963e-06
 4.62963e-06
 4.62963e-06
 4.62963e-06
 4.62963e-06
 4.62963e-06
 4.62963e-06
 4.62963e-06
 4.62963e-06
 4.62963e-06
 4.62963e-06
 2.31481e-06
 4.62963e-06
 4.62963e-06
 4.62963e-06
 4.62963e-06
 4.62963e-06
 4.62963e-06
 4.62963e-06
 4.62963e-06
 4.62963e-06
 4.62963e-06
 4.62963e-06
 4.62963e-06
 4.62963e-06
 4.62963e-06
 4.62963e-06
 4.62963e-06
 4.62963e-06
 2.31481e-06
 4.62963e-06
 4.62963e-06
 4.62963e-06
 4.62963e-06
 4.62963e-06
 4.62963e-06
 4.62963e-06
 4.62963e-06
 4.62963e-06
 4.62963e-06
 4.62963e-06
 4.62963e-06
 4.62963e-06
 4.62963e-06
 4.62963e-06
 4.62963e-06
 4.62963e-06
 2.31481e-06
 4.62963e-06
 4.62963e-06
 4.62963e-06
 4.62963e-06
 4.62963e-06
 4.62963e-06
 4.62963e-06
 4.62963e-06
 4.62963e-06
 4.62963e-06
 4.62963e-06
 4.62963e-06
 4.62963e-06
 4.62963e-06
 4.62963e-06
 4.62963e-06
 4.62963e-06
 2.31481e-06
 4.62963e-06
 4.62963e-06
 4.62963e-06
 4.62963e-06
 4.62963e-06
 4.62963e-06
 4.62963e-06
 4.62963e-06
 4.62963e-06
 4.62963e-06
 4.62963e-06
 4.62963e-06
 4.62963e-06
 4.62963e-06
 4.62963e-06
 4.62963e-06
 4.62963e-06
 2.31481e-06
 4.62963e-06
 4.62963e-06
 4.62963e-06
 4.62963e-06
 4.62963e-06
 4.62963e-06
 4.62963e-06
 4.62963e-06
 4.62963e-06
 4.62963e-06
 4.62963e-06
 4.62963e-06
 4.62963e-06
 4.62963e-06
 4.62963e-06
 4.62963e-06
 4.62963e-06
 2.31481e-06
 4.62963e-06
 4.62963e-06
 4.62963e-06
 4.62963e-06
 4.62963e-06
 4.62963e-06
 4.62963e-06
 4.62963e-06
 4.62963e-06
 4.62963e-06
 4.62963e-06
 4.62963e-06
 4.62963e-06
 4.62963e-06
 4.62963e-06
 4.62963e-06
 4.62963e-06
 2.31481e-06
 4.62963e-06
 4.62963e-06
 4.62963e-06
 4.62963e-06
 4.62963e-06
 4.62963e-06
 4.62963e-06
 4.62963e-06
 4.62963e-06
 4.62963e-06
 4.62963e-06
 4.62963e-06
 4.62963e-06
 4.62963e-06
 4.62963e-06
 4.62963e-06
 4.62963e-06
 2.31481e-06
 4.62963e-06
 4.62963e-06
 4.62963e-06
 4.62963e-06
 4.62963e-06
 4.62963e-06
 4.62963e-06
 4.62963e-06
 4.62963e-06
 4.62963e-06
 4.62963e-06
 4.62963e-06
 4.62963e-06
 4.62963e-06
 4.62963e-06
 4.62963e-06
 4.62963e-06
 2.31481e-06
 4.62963e-06
 4.62963e-06
 4.62963e-06
 4.62963e-06
 4.62963e-06
 4.62963e-06
 4.62963e-06
 4.62963e-06
 4.62963e-06
 4.62963e-06
 4.62963e-06
 4.62963e-06
 4.62963e-06
 4.62963e-06
 4.62963e-06
 4.62963e-06
 4.62963e-06
 2.31481e-06
 4.62963e-06
 4.62963e-06
 4.62963e-06
 4.62963e-06
 4.62963e-06
 4.62963e-06
 4.62963e-06
 4.62963e-06
 4.62963e-06
 4.62963e-06
 4.62963e-06
 4.62963e-06
 4.62963e-06
 4.62963e-06
 4.62963e-06
 4.62963e-06
 4.62963e-06
 2.31481e-06
 4.62963e-06
 4.62963e-06
 4.62963e-06
 4.62963e-06
 4.62963e-06
 4.62963e-06
 4.62963e-06
 4.62963e-06
 4.62963e-06
 4.62963e-06
 4.62963e-06
 4.62963e-06
 4.62963e-06
 4.62963e-06
 4.62963e-06
 4.62963e-06
 4.62963e-06
 2.31481e-06
 4.62963e-06
 4.62963e-06
 4.62963e-06
 4.62963e-06
 4.62963e-06
 4.62963e-06
 4.62963e-06
 4.62963e-06
 4.62963e-06
 4.62963e-06
 4.62963e-06
 4.62963e-06
 4.62963e-06
 4.62963e-06
 4.62963e-06
 4.62963e-06
 4.62963e-06
 2.31481e-06
 4.62963e-06
 4.62963e-06
 4.62963e-06
 4.62963e-06
 4.62963e-06
 4.62963e-06
 4.62963e-06
 4.62963e-06
 4.62963e-06
 4.62963e-06
 4.62963e-06
 4.62963e-06
 4.62963e-06
 4.62963e-06
 4.62963e-06
 4.62963e-06
 4.62963e-06
 5.78704e-07
 1.15741e-06
 1.15741e-06
 1.15741e-06
 1.15741e-06
 1.15741e-06
 1.15741e-06
 1.15741e-06
 1.15741e-06
 1.15741e-06
 1.15741e-06
 1.15741e-06
 1.15741e-06
 1.15741e-06
 1.15741e-06
 1.15741e-06
 1.15741e-06
 1.15741e-06
 1.15741e-06
 2.31481e-06
 2.31481e-06
 2.31481e-06
 2.31481e-06
 2.31481e-06
 2.31481e-06
 2.31481e-06
 2.31481e-06
 2.31481e-06
 2.31481e-06
 2.31481e-06
 2.31481e-06
 2.31481e-06
 2.31481e-06
 2.31481e-06
 2.31481e-06
 2.31481e-06
 1.15741e-06
 2.31481e-06
 2.31481e-06
 2.31481e-06
 2.31481e-06
 2.31481e-06
 2.31481e-06
 2.31481e-06
 2.31481e-06
 2.31481e-06
 2.31481e-06
 2.31481e-06
 2.31481e-06
 2.31481e-06
 2.31481e-06
 2.31481e-06
 2.31481e-06
 2.31481e-06
 1.15741e-06
 2.31481e-06
 2.31481e-06
 2.31481e-06
 2.31481e-06
 2.31481e-06
 2.31481e-06
 2.31481e-06
 2.31481e-06
 2.31481e-06
 2.31481e-06
 2.31481e-06
 2.31481e-06
 2.31481e-06
 2.31481e-06
 2.31481e-06
 2.31481e-06
 2.31481e-06
 1.15741e-06
 2.31481e-06
 2.31481e-06
 2.31481e-06
 2.31481e-06
 2.31481e-06
 2.31481e-06
 2.31481e-06
 2.31481e-06
 2.31481e-06
 2.31481e-06
 2.31481e-06
 2.31481e-06
 2.31481e-06
 2.31481e-06
 2.31481e-06
 2.31481e-06
 2.31481e-06
 1.15741e-06
 2.31481e-06
 2.31481e-06
 2.31481e-06
 2.31481e-06
 2.31481e-06
 2.31481e-06
 2.31481e-06
 2.31481e-06
 2.31481e-06
 2.31481e-06
 2.31481e-06
 2.31481e-06
 2.31481e-06
 2.31481e-06
 2.31481e-06
 2.31481e-06
 2.31481e-06
 1.15741e-06
 2.31481e-06
 2.31481e-06
 2.31481e-06
 2.31481e-06
 2.31481e-06
 2.31481e-06
 2.31481e-06
 2.31481e-06
 2.31481e-06
 2.31481e-06
 2.31481e-06
 2.31481e-06
 2.31481e-06
 2.31481e-06
 2.31481e-06
 2.31481e-06
 2.31481e-06
 1.15741e-06
 2.31481e-06
 2.31481e-06
 2.31481e-06
 2.31481e-06
 2.31481e-06
 2.31481e-06
 2.31481e-06
 2.31481e-06
 2.31481e-06
 2.31481e-06
 2.31481e-06
 2.31481e-06
 2.31481e-06
 2.31481e-06
 2.31481e-06
 2.31481e-06
 2.31481e-06
 1.15741e-06
 2.31481e-06
 2.31481e-06
 2.31481e-06
 2.31481e-06
 2.31481e-06
 2.31481e-06
 2.31481e-06
 2.31481e-06
 2.31481e-06
 2.31481e-06
 2.31481e-06
 2.31481e-06
 2.31481e-06
 2.31481e-06
 2.31481e-06
 2.31481e-06
 2.31481e-06
 1.15741e-06
 2.31481e-06
 2.31481e-06
 2.31481e-06
 2.31481e-06
 2.31481e-06
 2.31481e-06
 2.31481e-06
 2.31481e-06
 2.31481e-06
 2.31481e-06
 2.31481e-06
 2.31481e-06
 2.31481e-06
 2.31481e-06
 2.31481e-06
 2.31481e-06
 2.31481e-06
 1.15741e-06
 2.31481e-06
 2.31481e-06
 2.31481e-06
 2.31481e-06
 2.31481e-06
 2.31481e-06
 2.31481e-06
 2.31481e-06
 2.31481e-06
 2.31481e-06
 2.31481e-06
 2.31481e-06
 2.31481e-06
 2.31481e-06
 2.31481e-06
 2.31481e-06
 2.31481e-06
 1.15741e-06
 2.31481e-06
 2.31481e-06
 2.31481e-06
 2.31481e-06
 2.31481e-06
 2.31481e-06
 2.31481e-06
 2.31481e-06
 2.31481e-06
 2.31481e-06
 2.31481e-06
 2.31481e-06
 2.31481e-06
 2.31481e-06
 2.31481e-06
 2.31481e-06
 2.31481e-06
 1.15741e-06
 2.31481e-06
 2.31481e-06
 2.31481e-06
 2.31481e-06
 2.31481e-06
 2.31481e-06
 2.31481e-06
 2.31481e-06
 2.31481e-06
 2.31481e-06
 2.31481e-06
 2.31481e-06
 2.31481e-06
 2.31481e-06
 2.31481e-06
 2.31481e-06
 2.31481e-06
 1.15741e-06
 2.31481e-06
 2.31481e-06
 2.31481e-06
 2.31481e-06
 2.31481e-06
 2.31481e-06
 2.31481e-06
 2.31481e-06
 2.31481e-06
 2.31481e-06
 2.31481e-06
 2.31481e-06
 2.31481e-06
 2.31481e-06
 2.31481e-06
 2.31481e-06
 2.31481e-06
 1.15741e-06
 2.31481e-06
 2.31481e-06
 2.31481e-06
 2.31481e-06
 2.31481e-06
 2.31481e-06
 2.31481e-06
 2.31481e-06
 2.31481e-06
 2.31481e-06
 2.31481e-06
 2.31481e-06
 2.31481e-06
 2.31481e-06
 2.31481e-06
 2.31481e-06
 2.31481e-06
 1.15741e-06
 2.31481e-06
 2.31481e-06
 2.31481e-06
 2.31481e-06
 2.31481e-06
 2.31481e-06
 2.31481e-06
 2.31481e-06
 2.31481e-06
 2.31481e-06
 2.31481e-06
 2.31481e-06
 2.31481e-06
 2.31481e-06
 2.31481e-06
 2.31481e-06
 2.31481e-06
 1.15741e-06
 2.31481e-06
 2.31481e-06
 2.31481e-06
 2.31481e-06
 2.31481e-06
 2.31481e-06
 2.31481e-06
 2.31481e-06
 2.31481e-06
 2.31481e-06
 2.31481e-06
 2.31481e-06
 2.31481e-06
 2.31481e-06
 2.31481e-06
 2.31481e-06
 2.31481e-06
 1.15741e-06
 2.31481e-06
 2.31481e-06
 2.31481e-06
 2.31481e-06
 2.31481e-06
 2.31481e-06
 2.31481e-06
 2.31481e-06
 2.31481e-06
 2.31481e-06
 2.31481e-06
 2.31481e-06
 2.31481e-06
 2.31481e-06
 2.31481e-06
 2.31481e-06
 2.31481e-06
part
         2
coordinates
 6.06642e-06
 5.06408e-06
 4.28940e-06
 3.62350e-06
 3.08458e-06
 2.62908e-06
 2.17735e-06
 1.74379e-06
 1.41158e-06
 1.23124e-06
 1.17064e-06
 1.15901e-06
 1.15755e-06
 1.15742e-06
 1.15741e-06
 1.15741e-06
 1.15741e-06
 5.78704e-07
 1.19991e-05
 9.91897e-06
 8.35633e-06
 7.03900e-06
 6.00997e-06
 5.15975e-06
 4.29746e-06
 3.45291e-06
 2.80520e-06
 2.45627e-06
 2.34007e-06
 2.31788e-06
 2.31509e-06
 2.31484e-06
 2.31482e-06
 2.31481e-06
 2.31481e-06
 1.15741e-06
 1.16564e-05
 9.46337e-06
 7.88954e-06
 6.62198e-06
 5.69443e-06
 4.94850e-06
 4.15496e-06
 3.35977e-06
 2.75655e-06
 2.43955e-06
 2.33687e-06
 2.31750e-06
 2.31506e-06
 2.31484e-06
 2.31482e-06
 2.31481e-06
 2.31481e-06
 1.15741e-06
 1.12439e-05
 9.19440e-06
 7.67213e-06
 6.47860e-06
 5.59804e-06
 4.82874e-06
 4.00874e-06
 3.23966e-06
 2.69038e-06
 2.41674e-06
 2.33253e-06
 2.31697e-06
 2.31502e-06
 2.31483e-06
 2.31482e-06
 2.31481e-06
 2.31481e-06
 1.15741e-06
 1.06947e-05
 8.85705e-06
 7.38039e-06
 6.26350e-06
 5.44120e-06
 4.66317e-06
 3.83370e-06
 3.10234e-06
 2.61586e-06
 2.39200e-06
 2.32796e-06
 2.31642e-06
 2.31497e-06
 2.31483e-06
 2.31482e-06
 2.31481e-06
 2.31481e-06
 1.15741e-06
 9.95898e-06
 8.33434e-06
 6.97913e-06
 5.95765e-06
 5.18062e-06
 4.41776e-06
 3.62200e-06
 2.95351e-06
 2.54089e-06
 2.36907e-06
 2.32387e-06
 2.31592e-06
 2.31493e-06
 2.31482e-06
 2.31482e-06
 2.31481e-06
 2.31481e-06
 1.15741e-06
 9.28602e-06
 7.89593e-06
 6.76456e-06
 5.87579e-06
 5.05915e-06
 4.20912e-06
 3.40802e-06
 2.80599e-06
 2.47359e-06
 2.35045e-06
 2.32059e-06
 2.31552e-06
 2.31489e-06
 2.31482e-06
 2.31482e-06
 2.31481e-06
 2.31481e-06
 1.15741e-06
 8.68479e-06
 7.42687e-06
 6.45826e-06
 5.64586e-06
 4.78546e-06
 3.90482e-06
 3.16035e-06
 2.66159e-06
 2.41721e-06
 2.33646e-06
 2.31823e-06
 2.31524e-06
 2.31486e-06
 2.31482e-06
 2.31482e-06
 2.31481e-06
 2.31481e-06
 1.15741e-06
 7.79219e-06
 6.76329e-06
 5.97842e-06
 5.21468e-06
 4.35937e-06
 3.54078e-06
 2.91194e-06
 2.53630e-06
 2.37476e-06
 2.32688e-06
 2.31668e-06
 2.31505e-06
 2.31484e-06
 2.31482e-06
 2.31482e-06
 2.31481e-06
 2.31481e-06
 1.15741e-06
 6.85383e-06
 6.09654e-06
 5.45895e-06
 4.72758e-06
 3.91600e-06
 3.19931e-06
 2.70273e-06
 2.44361e-06
 2.34695e-06
 2.32100e-06
 2.31576e-06
 2.31494e-06
 2.31483e-06
 2.31482e-06
 2.31481e-06
 2.31481e-06
 2.31481e-06
 1.15741e-06
 6.15466e-06
 5.60217e-06
 4.99260e-06
 4.24598e-06
 3.49547e-06
 2.90432e-06
 2.54490e-06
 2.38355e-06
 2.33077e-06
 2.31776e-06
 2.31527e-06
 2.31488e-06
 2.31482e-06
 2.31482e-06
 2.31481e-06
 2.31481e-06
 2.31481e-06
 1.15741e-06
 5.53626e-06
 5.06746e-06
 4.44752e-06
 3.73623e-06
 3.10493e-06
 2.66775e-06
 2.43784e-06
 2.34841e-06
 2.32211e-06
 2.31613e-06
 2.31502e-06
 2.31484e-06
 2.31482e-06
 2.31482e-06
 2.31481e-06
 2.31481e-06
 2.31481e-06
 1.15741e-06
 5.00942e-06
 4.49757e-06
 3.87141e-06
 3.25699e-06
 2.78432e-06
 2.50180e-06
 2.37381e-06
 2.32977e-06
 2.31792e-06
 2.31537e-06
 2.31490e-06
 2.31483e-06
 2.31482e-06
 2.31481e-06
 2.31481e-06
 2.31481e-06
 2.31481e-06
 1.15741e-06
 4.49474e-06
 3.92102e-06
 3.34393e-06
 2.87022e-06
 2.56027e-06
 2.40240e-06
 2.34020e-06
 2.32087e-06
 2.31603e-06
 2.31504e-06
 2.31485e-06
 2.31482e-06
 2.31482e-06
 2.31481e-06
 2.31481e-06
 2.31481e-06
 2.31481e-06
 1.15741e-06
 3.92118e-06
 3.37233e-06
 2.91584e-06
 2.60133e-06
 2.42753e-06
 2.35130e-06
 2.32467e-06
 2.31705e-06
 2.31527e-06
 2.31490e-06
 2.31483e-06
 2.31482e-06
 2.31482e-06
 2.31481e-06
 2.31481e-06
 2.31481e-06
 2.31481e-06
 1.15741e-06
 3.34412e-06
 2.91591e-06
 2.61630e-06
 2.44250e-06
 2.36033e-06
 2.32844e-06
 2.31828e-06
 2.31560e-06
 2.31497e-06
 2.31484e-06
 2.31482e-06
 2.31482e-06
 2.31481e-06
 2.31481e-06
 2.31481e-06
 2.31481e-06
 2.31481e-06
 1.15741e-06
 2.87034e-06
 2.60138e-06
 2.44251e-06
 2.36375e-06
 2.33091e-06
 2.31938e-06
 2.31595e-06
 2.31507e-06
 2.31487e-06
 2.31482e-06
 2.31482e-06
 2.31482e-06
 2.31481e-06
 2.31481e-06
 2.31481e-06
 2.31481e-06
 2.31481e-06
 1.15741e-06
 2.56032e-06
 2.42755e-06
 2.36034e-06
 2.33091e-06
 2.31985e-06
 2.31620e-06
 2.31517e-06
 2.31489e-06
 2.31483e-06
 2.31482e-06
 2.31482e-06
 2.31481e-06
 2.31481e-06
 2.31481e-06
 2.31481e-06
 2.31481e-06
 2.31481e-06
 1.15741e-06
 1.19994e-05
 9.91931e-06
 8.35665e-06
 7.03933e-06
 6.01012e-06
 5.15980e-06
 4.29754e-06
 3.45299e-06
 2.80524e-06
 2.45628e-06
 2.34007e-06
 2.31788e-06
 2.31509e-06
 2.31484e-06
 2.31482e-06
 2.31481e-06
 2.31481e-06
 1.15741e-06
 2.37161e-05
 1.94598e-05
 1.63451e-05
 1.37517e-05
 1.17672e-05
 1.01508e-05
 8.48722e-06
 6.83897e-06
 5.57623e-06
 4.90083e-06
 4.67791e-06
 4.63550e-06
 4.63016e-06
 4.62967e-06
 4.62963e-06
 4.62963e-06
 4.62963e-06
 2.31481e-06
 2.31166e-05
 1.87994e-05
 1.56954e-05
 1.31985e-05
 1.13574e-05
 9.84771e-06
 8.24564e-06
 6.66694e-06
 5.48445e-06
 4.86919e-06
 4.67187e-06
 4.63478e-06
 4.63011e-06
 4.62967e-06
 4.62963e-06
 4.62963e-06
 4.62963e-06
 2.31481e-06
 2.24121e-05
 1.84545e-05
 1.54260e-05
 1.30502e-05
 1.12724e-05
 9.67201e-06
 7.98428e-06
 6.44143e-06
 5.35846e-06
 4.82578e-06
 4.66362e-06
 4.63377e-06
 4.63002e-06
 4.62966e-06
 4.62963e-06
 4.62963e-06
 4.62963e-06
 2.31481e-06
 2.12863e-05
 1.77310e-05
 1.48196e-05
 1.26154e-05
 1.09551e-05
 9.33946e-06
 7.64028e-06
 6.17441e-06
 5.21443e-06
 4.77839e-06
 4.65490e-06
 4.63271e-06
 4.62993e-06
 4.62966e-06
 4.62963e-06
 4.62963e-06
 4.62963e-06
 2.31481e-06
 1.98271e-05
 1.66436e-05
 1.40010e-05
 1.20146e-05
 1.04460e-05
 8.85479e-06
 7.22175e-06
 5.88179e-06
 5.06858e-06
 4.73426e-06
 4.64704e-06
 4.63175e-06
 4.62984e-06
 4.62965e-06
 4.62963e-06
 4.62963e-06
 4.62963e-06
 2.31481e-06
 1.83131e-05
 1.55593e-05
 1.33540e-05
 1.16445e-05
 1.00605e-05
 8.37303e-06
 6.77656e-06
 5.58665e-06
 4.93667e-06
 4.69821e-06
 4.64073e-06
 4.63099e-06
 4.62977e-06
 4.62964e-06
 4.62963e-06
 4.62963e-06
 4.62963e-06
 2.31481e-06
 1.69564e-05
 1.44712e-05
 1.25762e-05
 1.10281e-05
 9.41817e-06
 7.73210e-06
 6.27776e-06
 5.30130e-06
 4.82676e-06
 4.67121e-06
 4.63619e-06
 4.63045e-06
 4.62972e-06
 4.62964e-06
 4.62963e-06
 4.62963e-06
 4.62963e-06
 2.31481e-06
 1.54251e-05
 1.33264e-05
 1.17284e-05
 1.02419e-05
 8.61336e-06
 7.02816e-06
 5.79359e-06
 5.05819e-06
 4.74510e-06
 4.65285e-06
 4.63322e-06
 4.63009e-06
 4.62968e-06
 4.62963e-06
 4.62963e-06
 4.62963e-06
 4.62963e-06
 2.31481e-06
 1.38174e-05
 1.21958e-05
 1.08344e-05
 9.36397e-06
 7.77221e-06
 6.36244e-06
 5.38507e-06
 4.87891e-06
 4.69169e-06
 4.64155e-06
 4.63145e-06
 4.62987e-06
 4.62966e-06
 4.62963e-06
 4.62963e-06
 4.62963e-06
 4.62963e-06
 2.31481e-06
 1.25837e-05
 1.13192e-05
 9.97642e-06
 8.44413e-06
 6.94910e-06
 5.78164e-06
 5.07665e-06
 4.76260e-06
 4.66045e-06
 4.63531e-06
 4.63051e-06
 4.62975e-06
 4.62964e-06
 4.62963e-06
 4.62963e-06
 4.62963e-06
 4.62963e-06
 2.31481e-06
 1.14291e-05
 1.02858e-05
 8.90659e-06
 7.43943e-06
 6.17849e-06
 5.31713e-06
 4.86815e-06
 4.69457e-06
 4.64372e-06
 4.63216e-06
 4.63003e-06
 4.62969e-06
 4.62964e-06
 4.62963e-06
 4.62963e-06
 4.62963e-06
 4.62963e-06
 2.31481e-06
 1.03075e-05
 9.09195e-06
 7.73957e-06
 6.48746e-06
 5.54791e-06
 4.99322e-06
 4.74390e-06
 4.65851e-06
 4.63561e-06
 4.63070e-06
 4.62980e-06
 4.62965e-06
 4.62963e-06
 4.62963e-06
 4.62963e-06
 4.62963e-06
 4.62963e-06
 2.31481e-06
 9.12591e-06
 7.86522e-06
 6.67026e-06
 5.72042e-06
 5.10843e-06
 4.79966e-06
 4.67873e-06
 4.64131e-06
 4.63199e-06
 4.63006e-06
 4.62970e-06
 4.62964e-06
 4.62963e-06
 4.62963e-06
 4.62963e-06
 4.62963e-06
 4.62963e-06
 2.31481e-06
 7.86544e-06
 6.73136e-06
 5.81308e-06
 5.18988e-06
 4.84881e-06
 4.70030e-06
 4.64866e-06
 4.63395e-06
 4.63051e-06
 4.62979e-06
 4.62966e-06
 4.62963e-06
 4.62963e-06
 4.62963e-06
 4.62963e-06
 4.62963e-06
 4.62963e-06
 2.31481e-06
 6.67054e-06
 5.81320e-06
 5.21968e-06
 4.87826e-06
 4.71785e-06
 4.65594e-06
 4.63633e-06
 4.63115e-06
 4.62993e-06
 4.62969e-06
 4.62964e-06
 4.62963e-06
 4.62963e-06
 4.62963e-06
 4.62963e-06
 4.62963e-06
 4.62963e-06
 2.31481e-06
 5.72061e-06
 5.18997e-06
 4.87828e-06
 4.72462e-06
 4.66075e-06
 4.63843e-06
 4.63183e-06
 4.63012e-06
 4.62973e-06
 4.62965e-06
 4.62963e-06
 4.62963e-06
 4.62963e-06
 4.62963e-06
 4.62963e-06
 4.62963e-06
 4.62963e-06
 2.31481e-06
 5.10850e-06
 4.84884e-06
 4.71785e-06
 4.66075e-06
 4.63934e-06
 4.63230e-06
 4.63031e-06
 4.62978e-06
 4.62966e-06
 4.62964e-06
 4.62963e-06
 4.62963e-06
 4.62963e-06
 4.62963e-06
 4.62963e-06
 4.62963e-06
 4.62963e-06
 2.31481e-06
 1.16569e-05
 9.46363e-06
 7.88947e-06
 6.62178e-06
 5.69406e-06
 4.94819e-06
 4.15491e-06
 3.35987e-06
 2.75662e-06
 2.43956e-06
 2.33687e-06
 2.31750e-06
 2.31506e-06
 2.31484e-06
 2.31482e-06
 2.31481e-06
 2.31481e-06
 1.15741e-06
 2.31170e-05
 1.87994e-05
 1.56948e-05
 1.31977e-05
 1.13566e-05
 9.84708e-06
 8.24543e-06
 6.66700e-06
 5.48452e-06
 4.86920e-06
 4.67187e-06
 4.63478e-06
 4.63011e-06
 4.62967e-06
 4.62963e-06
 4.62963e-06
 4.62963e-06
 2.31481e-06
 2.27752e-05
 1.86246e-05
 1.55240e-05
 1.30810e-05
 1.12863e-05
 9.73557e-06
 8.08464e-06
 6.52755e-06
 5.40626e-06
 4.84208e-06
 4.66670e-06
 4.63415e-06
 4.63005e-06
 4.62966e-06
 4.62963e-06
 4.62963e-06
 4.62963e-06
 2.31481e-06
 2.20320e-05
 1.82781e-05
 1.52750e-05
 1.29522e-05
 1.12057e-05
 9.56849e-06
 7.84757e-06
 6.32587e-06
 5.29388e-06
 4.80398e-06
 4.65956e-06
 4.63327e-06
 4.62998e-06
 4.62966e-06
 4.62963e-06
 4.62963e-06
 4.62963e-06
 2.31481e-06
 2.07470e-05
 1.73946e-05
 1.46018e-05
 1.24827e-05
 1.08430e-05
 9.20681e-06
 7.50731e-06
 6.07459e-06
 5.16225e-06
 4.76204e-06
 4.65198e-06
 4.63235e-06
 4.62990e-06
 4.62965e-06
 4.62963e-06
 4.62963e-06
 4.62963e-06
 2.31481e-06
 1.94413e-05
 1.63933e-05
 1.38711e-05
 1.19685e-05
 1.03909e-05
 8.74905e-06
 7.10607e-06
 5.79858e-06
 5.02902e-06
 4.72299e-06
 4.64507e-06
 4.63151e-06
 4.62982e-06
 4.62965e-06
 4.62963e-06
 4.62963e-06
 4.62963e-06
 2.31481e-06
 1.78318e-05
 1.51351e-05
 1.30243e-05
 1.14156e-05
 9.88839e-06
 8.22140e-06
 6.65624e-06
 5.51429e-06
 4.90741e-06
 4.69082e-06
 4.63949e-06
 4.63084e-06
 4.62976e-06
 4.62964e-06
 4.62963e-06
 4.62963e-06
 4.62963e-06
 2.31481e-06
 1.63008e-05
 1.39103e-05
 1.21180e-05
 1.06741e-05
 9.17124e-06
 7.56350e-06
 6.16700e-06
 5.24339e-06
 4.80659e-06
 4.66669e-06
 4.63546e-06
 4.63036e-06
 4.62971e-06
 4.62964e-06
 4.62963e-06
 4.62963e-06
 4.62963e-06
 2.31481e-06
 1.49809e-05
 1.29721e-05
 1.14335e-05
 9.99747e-06
 8.43100e-06
 6.89918e-06
 5.71161e-06
 5.01956e-06
 4.73317e-06
 4.65033e-06
 4.63283e-06
 4.63004e-06
 4.62968e-06
 4.62963e-06
 4.62963e-06
 4.62963e-06
 4.62963e-06
 2.31481e-06
 1.35969e-05
 1.20049e-05
 1.06432e-05
 9.18271e-06
 7.62585e-06
 6.26004e-06
 5.32754e-06
 4.85591e-06
 4.68539e-06
 4.64028e-06
 4.63126e-06
 4.62985e-06
 4.62966e-06
 4.62963e-06
 4.62963e-06
 4.62963e-06
 4.62963e-06
 2.31481e-06
 1.24675e-05
 1.11587e-05
 9.78730e-06
 8.26931e-06
 6.81704e-06
 5.70023e-06
 5.03875e-06
 4.74995e-06
 4.65734e-06
 4.63471e-06
 4.63042e-06
 4.62974e-06
 4.62964e-06
 4.62963e-06
 4.62963e-06
 4.62963e-06
 4.62963e-06
 2.31481e-06
 1.14215e-05
 1.01774e-05
 8.75014e-06
 7.29537e-06
 6.07614e-06
 5.26159e-06
 4.84628e-06
 4.68822e-06
 4.64229e-06
 4.63190e-06
 4.62999e-06
 4.62968e-06
 4.62964e-06
 4.62963e-06
 4.62963e-06
 4.62963e-06
 4.62963e-06
 2.31481e-06
 1.03196e-05
 9.00904e-06
 7.62078e-06
 6.38310e-06
 5.48043e-06
 4.96138e-06
 4.73293e-06
 4.65560e-06
 4.63500e-06
 4.63059e-06
 4.62978e-06
 4.62965e-06
 4.62963e-06
 4.62963e-06
 4.62963e-06
 4.62963e-06
 4.62963e-06
 2.31481e-06
 9.08405e-06
 7.77753e-06
 6.57704e-06
 5.65051e-06
 5.07012e-06
 4.78418e-06
 4.67396e-06
 4.64012e-06
 4.63175e-06
 4.63002e-06
 4.62969e-06
 4.62964e-06
 4.62963e-06
 4.62963e-06
 4.62963e-06
 4.62963e-06
 4.62963e-06
 2.31481e-06
 7.77764e-06
 6.64381e-06
 5.74371e-06
 5.14803e-06
 4.82989e-06
 4.69368e-06
 4.64677e-06
 4.63352e-06
 4.63043e-06
 4.62978e-06
 4.62965e-06
 4.62963e-06
 4.62963e-06
 4.62963e-06
 4.62963e-06
 4.62963e-06
 4.62963e-06
 2.31481e-06
 6.57721e-06
 5.74379e-06
 5.17674e-06
 4.85724e-06
 4.70971e-06
 4.65337e-06
 4.63565e-06
 4.63100e-06
 4.62991e-06
 4.62968e-06
 4.62964e-06
 4.62963e-06
 4.62963e-06
 4.62963e-06
 4.62963e-06
 4.62963e-06
 4.62963e-06
 2.31481e-06
 5.65062e-06
 5.14808e-06
 4.85725e-06
 4.71583e-06
 4.65770e-06
 4.63753e-06
 4.63161e-06
 4.63008e-06
 4.62972e-06
 4.62965e-06
 4.62963e-06
 4.62963e-06
 4.62963e-06
 4.62963e-06
 4.62963e-06
 4.62963e-06
 4.62963e-06
 2.31481e-06
 5.07015e-06
 4.82990e-06
 4.70971e-06
 4.65770e-06
 4.63833e-06
 4.63203e-06
 4.63024e-06
 4.62977e-06
 4.62966e-06
 4.62964e-06
 4.62963e-06
 4.62963e-06
 4.62963e-06
 4.62963e-06
 4.62963e-06
 4.62963e-06
 4.62963e-06
 2.31481e-06
 1.12447e-05
 9.19476e-06
 7.67071e-06
 6.47608e-06
 5.59563e-06
 4.82719e-06
 4.00815e-06
 3.23960e-06
 2.69041e-06
 2.41675e-06
 2.33253e-06
 2.31697e-06
 2.31502e-06
 2.31483e-06
 2.31482e-06
 2.31481e-06
 2.31481e-06
 1.15741e-06
 2.24133e-05
 1.84553e-05
 1.54246e-05
 1.30473e-05
 1.12694e-05
 9.66989e-06
 7.98335e-06
 6.44127e-06
 5.35849e-06
 4.82579e-06
 4.66362e-06
 4.63377e-06
 4.63002e-06
 4.62966e-06
 4.62963e-06
 4.62963e-06
 4.62963e-06
 2.31481e-06
 2.20326e-05
 1.82792e-05
 1.52758e-05
 1.29523e-05
 1.12054e-05
 9.56799e-06
 7.84725e-06
 6.32577e-06
 5.29388e-06
 4.80399e-06
 4.65956e-06
 4.63327e-06
 4.62998e-06
 4.62966e-06
 4.62963e-06
 4.62963e-06
 4.62963e-06
 2.31481e-06
 2.10665e-05
 1.75850e-05
 1.47213e-05
 1.25320e-05
 1.08724e-05
 9.27329e-06
 7.59355e-06
 6.14203e-06
 5.19686e-06
 4.77274e-06
 4.65389e-06
 4.63259e-06
 4.62992e-06
 4.62965e-06
 4.62963e-06
 4.62963e-06
 4.62963e-06
 2.31481e-06
 1.98081e-05
 1.66713e-05
 1.40457e-05
 1.20475e-05
 1.04746e-05
 8.89708e-06
 7.26860e-06
 5.91480e-06
 5.08365e-06
 4.73859e-06
 4.64783e-06
 4.63185e-06
 4.62985e-06
 4.62965e-06
 4.62963e-06
 4.62963e-06
 4.62963e-06
 2.31481e-06
 1.87147e-05
 1.58699e-05
 1.35254e-05
 1.17298e-05
 1.01535e-05
 8.49925e-06
 6.89641e-06
 5.66418e-06
 4.96945e-06
 4.70679e-06
 4.64225e-06
 4.63118e-06
 4.62979e-06
 4.62964e-06
 4.62963e-06
 4.62963e-06
 4.62963e-06
 2.31481e-06
 1.72998e-05
 1.47372e-05
 1.27612e-05
 1.12204e-05
 9.66052e-06
 7.97501e-06
 6.46111e-06
 5.40268e-06
 4.86440e-06
 4.68027e-06
 4.63772e-06
 4.63063e-06
 4.62974e-06
 4.62964e-06
 4.62963e-06
 4.62963e-06
 4.62963e-06
 2.31481e-06
 1.57706e-05
 1.35568e-05
 1.19151e-05
 1.05001e-05
 8.94458e-06
 7.33387e-06
 6.00168e-06
 5.15929e-06
 4.77814e-06
 4.66026e-06
 4.63442e-06
 4.63024e-06
 4.62970e-06
 4.62964e-06
 4.62963e-06
 4.62963e-06
 4.62963e-06
 2.31481e-06
 1.44504e-05
 1.26842e-05
 1.12856e-05
 9.82817e-06
 8.20956e-06
 6.70027e-06
 5.58545e-06
 4.96341e-06
 4.71626e-06
 4.64673e-06
 4.63227e-06
 4.62998e-06
 4.62967e-06
 4.62963e-06
 4.62963e-06
 4.62963e-06
 4.62963e-06
 2.31481e-06
 1.31332e-05
 1.17388e-05
 1.04475e-05
 8.95609e-06
 7.39848e-06
 6.09381e-06
 5.23877e-06
 4.82213e-06
 4.67622e-06
 4.63845e-06
 4.63099e-06
 4.62981e-06
 4.62965e-06
 4.62963e-06
 4.62963e-06
 4.62963e-06
 4.62963e-06
 2.31481e-06
 1.20172e-05
 1.08147e-05
 9.48773e-06
 7.99674e-06
 6.60609e-06
 5.57308e-06
 4.98188e-06
 4.73135e-06
 4.65274e-06
 4.63385e-06
 4.63029e-06
 4.62972e-06
 4.62964e-06
 4.62963e-06
 4.62963e-06
 4.62963e-06
 4.62963e-06
 2.31481e-06
 1.10223e-05
 9.82871e-06
 8.44788e-06
 7.05354e-06
 5.91358e-06
 5.17716e-06
 4.81396e-06
 4.67887e-06
 4.64020e-06
 4.63153e-06
 4.62993e-06
 4.62967e-06
 4.62963e-06
 4.62963e-06
 4.62963e-06
 4.62963e-06
 4.62963e-06
 2.31481e-06
 9.98905e-06
 8.72267e-06
 7.38222e-06
 6.20599e-06
 5.37433e-06
 4.91354e-06
 4.71678e-06
 4.65136e-06
 4.63412e-06
 4.63044e-06
 4.62976e-06
 4.62965e-06
 4.62963e-06
 4.62963e-06
 4.62963e-06
 4.62963e-06
 4.62963e-06
 2.31481e-06
 8.81380e-06
 7.55456e-06
 6.40202e-06
 5.53435e-06
 5.01052e-06
 4.76103e-06
 4.66692e-06
 4.63841e-06
 4.63142e-06
 4.62996e-06
 4.62968e-06
 4.62964e-06
 4.62963e-06
 4.62963e-06
 4.62963e-06
 4.62963e-06
 4.62963e-06
 2.31481e-06
 7.55480e-06
 6.47163e-06
 5.62435e-06
 5.08140e-06
 4.80100e-06
 4.68387e-06
 4.64402e-06
 4.63290e-06
 4.63030e-06
 4.62975e-06
 4.62965e-06
 4.62963e-06
 4.62963e-06
 4.62963e-06
 4.62963e-06
 4.62963e-06
 4.62963e-06
 2.31481e-06
 6.40227e-06
 5.62442e-06
 5.10762e-06
 4.82494e-06
 4.69746e-06
 4.64961e-06
 4.63468e-06
 4.63078e-06
 4.62987e-06
 4.62967e-06
 4.62964e-06
 4.62963e-06
 4.62963e-06
 4.62963e-06
 4.62963e-06
 4.62963e-06
 4.62963e-06
 2.31481e-06
 5.53447e-06
 5.08143e-06
 4.82495e-06
 4.70266e-06
 4.65320e-06
 4.63624e-06
 4.63130e-06
 4.63001e-06
 4.62971e-06
 4.62964e-06
 4.62963e-06
 4.62963e-06
 4.62963e-06
 4.62963e-06
 4.62963e-06
 4.62963e-06
 4.62963e-06
 2.31481e-06
 5.01055e-06
 4.80100e-06
 4.69746e-06
 4.65320e-06
 4.63688e-06
 4.63164e-06
 4.63014e-06
 4.62975e-06
 4.62965e-06
 4.62963e-06
 4.62963e-06
 4.62963e-06
 4.62963e-06
 4.62963e-06
 4.62963e-06
 4.62963e-06
 4.62963e-06
 2.31481e-06
 1.06955e-05
 8.85747e-06
 7.37959e-06
 6.26210e-06
 5.44008e-06
 4.66260e-06
 3.83356e-06
 3.10239e-06
 2.61591e-06
 2.39201e-06
 2.32796e-06
 2.31642e-06
 2.31497e-06
 2.31483e-06
 2.31482e-06
 2.31481e-06
 2.31481e-06
 1.15741e-06
 2.12874e-05
 1.77324e-05
 1.48204e-05
 1.26157e-05
 1.09552e-05
 9.33945e-06
 7.64027e-06
 6.17447e-06
 5.21448e-06
 4.77840e-06
 4.65490e-06
 4.63271e-06
 4.62993e-06
 4.62966e-06
 4.62963e-06
 4.62963e-06
 4.62963e-06
 2.31481e-06
 2.07475e-05
 1.73960e-05
 1.46041e-05
 1.24852e-05
 1.08447e-05
 9.20764e-06
 7.50754e-06
 6.07463e-06
 5.16227e-06
 4.76205e-06
 4.65198e-06
 4.63235e-06
 4.62990e-06
 4.62965e-06
 4.62963e-06
 4.62963e-06
 4.62963e-06
 2.31481e-06
 1.98079e-05
 1.66711e-05
 1.40458e-05
 1.20476e-05
 1.04747e-05
 8.89704e-06
 7.26858e-06
 5.91479e-06
 5.08365e-06
 4.73859e-06
 4.64783e-06
 4.63185e-06
 4.62985e-06
 4.62965e-06
 4.62963e-06
 4.62963e-06
 4.62963e-06
 2.31481e-06
 1.88179e-05
 1.59080e-05
 1.35053e-05
 1.16951e-05
 1.01709e-05
 8.57300e-06
 6.97748e-06
 5.71774e-06
 4.99263e-06
 4.71308e-06
 4.64336e-06
 4.63131e-06
 4.62980e-06
 4.62965e-06
 4.62963e-06
 4.62963e-06
 4.62963e-06
 2.31481e-06
 1.78077e-05
 1.51500e-05
 1.30435e-05
 1.14211e-05
 9.85610e-06
 8.17128e-06
 6.61689e-06
 5.49278e-06
 4.89921e-06
 4.68884e-06
 4.63917e-06
 4.63081e-06
 4.62975e-06
 4.62964e-06
 4.62963e-06
 4.62963e-06
 4.62963e-06
 2.31481e-06
 1.64815e-05
 1.40994e-05
 1.23289e-05
 1.08756e-05
 9.29146e-06
 7.61817e-06
 6.19819e-06
 5.26171e-06
 4.81364e-06
 4.66836e-06
 4.63575e-06
 4.63040e-06
 4.62971e-06
 4.62964e-06
 4.62963e-06
 4.62963e-06
 4.62963e-06
 2.31481e-06
 1.50448e-05
 1.30170e-05
 1.15383e-05
 1.01552e-05
 8.57360e-06
 7.00760e-06
 5.78564e-06
 5.05653e-06
 4.74521e-06
 4.65301e-06
 4.63327e-06
 4.63010e-06
 4.62968e-06
 4.62963e-06
 4.62963e-06
 4.62963e-06
 4.62963e-06
 2.31481e-06
 1.38519e-05
 1.22464e-05
 1.09182e-05
 9.44745e-06
 7.84100e-06
 6.41854e-06
 5.42240e-06
 4.89591e-06
 4.69691e-06
 4.64270e-06
 4.63165e-06
 4.62990e-06
 4.62966e-06
 4.62963e-06
 4.62963e-06
 4.62963e-06
 4.62963e-06
 2.31481e-06
 1.27998e-05
 1.14649e-05
 1.01228e-05
 8.58374e-06
 7.06995e-06
 5.87266e-06
 5.12762e-06
 4.78219e-06
 4.66580e-06
 4.63640e-06
 4.63068e-06
 4.62977e-06
 4.62965e-06
 4.62963e-06
 4.62963e-06
 4.62963e-06
 4.62963e-06
 2.31481e-06
 1.18669e-05
 1.05931e-05
 9.15910e-06
 7.64944e-06
 6.33698e-06
 5.41551e-06
 4.91372e-06
 4.70976e-06
 4.64754e-06
 4.63289e-06
 4.63015e-06
 4.62970e-06
 4.62964e-06
 4.62963e-06
 4.62963e-06
 4.62963e-06
 4.62963e-06
 2.31481e-06
 1.09283e-05
 9.58252e-06
 8.11806e-06
 6.75738e-06
 5.71528e-06
 5.07728e-06
 4.77656e-06
 4.66816e-06
 4.63784e-06
 4.63111e-06
 4.62987e-06
 4.62966e-06
 4.62963e-06
 4.62963e-06
 4.62963e-06
 4.62963e-06
 4.62963e-06
 2.31481e-06
 9.82355e-06
 8.43763e-06
 7.08675e-06
 5.98342e-06
 5.24675e-06
 4.85824e-06
 4.69842e-06
 4.64656e-06
 4.63313e-06
 4.63027e-06
 4.62973e-06
 4.62964e-06
 4.62963e-06
 4.62963e-06
 4.62963e-06
 4.62963e-06
 4.62963e-06
 2.31481e-06
 8.55335e-06
 7.27105e-06
 6.17212e-06
 5.38957e-06
 4.93989e-06
 4.73428e-06
 4.65885e-06
 4.63646e-06
 4.63103e-06
 4.62989e-06
 4.62967e-06
 4.62964e-06
 4.62963e-06
 4.62963e-06
 4.62963e-06
 4.62963e-06
 4.62963e-06
 2.31481e-06
 7.27138e-06
 6.24058e-06
 5.47195e-06
 5.00094e-06
 4.76710e-06
 4.67242e-06
 4.64088e-06
 4.63219e-06
 4.63016e-06
 4.62973e-06
 4.62965e-06
 4.62963e-06
 4.62963e-06
 4.62963e-06
 4.62963e-06
 4.62963e-06
 4.62963e-06
 2.31481e-06
 6.17239e-06
 5.47200e-06
 5.02398e-06
 4.78714e-06
 4.68327e-06
 4.64527e-06
 4.63358e-06
 4.63054e-06
 4.62982e-06
 4.62966e-06
 4.62964e-06
 4.62963e-06
 4.62963e-06
 4.62963e-06
 4.62963e-06
 4.62963e-06
 4.62963e-06
 2.31481e-06
 5.38968e-06
 5.00097e-06
 4.78714e-06
 4.68752e-06
 4.64809e-06
 4.63478e-06
 4.63094e-06
 4.62993e-06
 4.62969e-06
 4.62964e-06
 4.62963e-06
 4.62963e-06
 4.62963e-06
 4.62963e-06
 4.62963e-06
 4.62963e-06
 4.62963e-06
 2.31481e-06
 4.93992e-06
 4.76710e-06
 4.68327e-06
 4.64809e-06
 4.63526e-06
 4.63121e-06
 4.63003e-06
 4.62972e-06
 4.62965e-06
 4.62963e-06
 4.62963e-06
 4.62963e-06
 4.62963e-06
 4.62963e-06
 4.62963e-06
 4.62963e-06
 4.62963e-06
 2.31481e-06
 9.95989e-06
 8.33559e-06
 6.98052e-06
 5.95889e-06
 5.18156e-06
 4.41843e-06
 3.62237e-06
 2.95365e-06
 2.54093e-06
 2.36908e-06
 2.32387e-06
 2.31592e-06
 2.31493e-06
 2.31482e-06
 2.31482e-06
 2.31481e-06
 2.31481e-06
 1.15741e-06
 1.98281e-05
 1.66449e-05
 1.40033e-05
 1.20176e-05
 1.04486e-05
 8.85651e-06
 7.22251e-06
 5.88202e-06
 5.06864e-06
 4.73427e-06
 4.64704e-06
 4.63175e-06
 4.62984e-06
 4.62965e-06
 4.62963e-06
 4.62963e-06
 4.62963e-06
 2.31481e-06
 1.94413e-05
 1.63925e-05
 1.38708e-05
 1.19693e-05
 1.03919e-05
 8.74981e-06
 7.10635e-06
 5.79862e-06
 5.02903e-06
 4.72299e-06
 4.64506e-06
 4.63151e-06
 4.62982e-06
 4.62965e-06
 4.62963e-06
 4.62963e-06
 4.62963e-06
 2.31481e-06
 1.87147e-05
 1.58684e-05
 1.35232e-05
 1.17276e-05
 1.01517e-05
 8.49818e-06
 6.89601e-06
 5.66406e-06
 4.96941e-06
 4.70679e-06
 4.64225e-06
 4.63118e-06
 4.62979e-06
 4.62964e-06
 4.62963e-06
 4.62963e-06
 4.62963e-06
 2.31481e-06
 1.78081e-05
 1.51498e-05
 1.30426e-05
 1.14197e-05
 9.85467e-06
 8.17037e-06
 6.61655e-06
 5.49269e-06
 4.89919e-06
 4.68884e-06
 4.63917e-06
 4.63081e-06
 4.62975e-06
 4.62964e-06
 4.62963e-06
 4.62963e-06
 4.62963e-06
 2.31481e-06
 1.67532e-05
 1.42772e-05
 1.24218e-05
 1.09363e-05
 9.37106e-06
 7.70607e-06
 6.26612e-06
 5.29873e-06
 4.82703e-06
 4.67153e-06
 4.63627e-06
 4.63046e-06
 4.62972e-06
 4.62964e-06
 4.62963e-06
 4.62963e-06
 4.62963e-06
 2.31481e-06
 1.55636e-05
 1.33469e-05
 1.17443e-05
 1.03358e-05
 8.76166e-06
 7.17091e-06
 5.89573e-06
 5.11062e-06
 4.76304e-06
 4.65699e-06
 4.63391e-06
 4.63018e-06
 4.62969e-06
 4.62964e-06
 4.62963e-06
 4.62963e-06
 4.62963e-06
 2.31481e-06
 1.42961e-05
 1.24564e-05
 1.10658e-05
 9.66665e-06
 8.09626e-06
 6.62663e-06
 5.54806e-06
 4.95025e-06
 4.71312e-06
 4.64616e-06
 4.63220e-06
 4.62997e-06
 4.62967e-06
 4.62963e-06
 4.62963e-06
 4.62963e-06
 4.62963e-06
 2.31481e-06
 1.31474e-05
 1.17098e-05
 1.04103e-05
 8.93770e-06
 7.39733e-06
 6.10144e-06
 5.24755e-06
 4.82743e-06
 4.67812e-06
 4.63889e-06
 4.63107e-06
 4.62982e-06
 4.62965e-06
 4.62963e-06
 4.62963e-06
 4.62963e-06
 4.62963e-06
 2.31481e-06
 1.22107e-05
 1.09763e-05
 9.61989e-06
 8.10219e-06
 6.68832e-06
 5.62907e-06
 5.01085e-06
 4.74214e-06
 4.65568e-06
 4.63445e-06
 4.63039e-06
 4.62973e-06
 4.62964e-06
 4.62963e-06
 4.62963e-06
 4.62963e-06
 4.62963e-06
 2.31481e-06
 1.13477e-05
 1.01065e-05
 8.66776e-06
 7.22242e-06
 6.03356e-06
 5.24638e-06
 4.84376e-06
 4.68838e-06
 4.64254e-06
 4.63198e-06
 4.63000e-06
 4.62968e-06
 4.62964e-06
 4.62963e-06
 4.62963e-06
 4.62963e-06
 4.62963e-06
 2.31481e-06
 1.04369e-05
 9.08854e-06
 7.66043e-06
 6.40533e-06
 5.49716e-06
 4.97307e-06
 4.73895e-06
 4.65770e-06
 4.63557e-06
 4.63071e-06
 4.62980e-06
 4.62965e-06
 4.62963e-06
 4.62963e-06
 4.62963e-06
 4.62963e-06
 4.62963e-06
 2.31481e-06
 9.33354e-06
 7.96706e-06
 6.70198e-06
 5.72567e-06
 5.10976e-06
 4.80184e-06
 4.68026e-06
 4.64191e-06
 4.63217e-06
 4.63010e-06
 4.62971e-06
 4.62964e-06
 4.62963e-06
 4.62963e-06
 4.62963e-06
 4.62963e-06
 4.62963e-06
 2.31481e-06
 8.08096e-06
 6.87218e-06
 5.89012e-06
 5.22751e-06
 4.86589e-06
 4.70730e-06
 4.65093e-06
 4.63459e-06
 4.63066e-06
 4.62982e-06
 4.62966e-06
 4.62963e-06
 4.62963e-06
 4.62963e-06
 4.62963e-06
 4.62963e-06
 4.62963e-06
 2.31481e-06
 6.87238e-06
 5.95092e-06
 5.29660e-06
 4.91459e-06
 4.73254e-06
 4.66101e-06
 4.63781e-06
 4.63151e-06
 4.63002e-06
 4.62970e-06
 4.62964e-06
 4.62963e-06
 4.62963e-06
 4.62963e-06
 4.62963e-06
 4.62963e-06
 4.62963e-06
 2.31481e-06
 5.89026e-06
 5.29662e-06
 4.93293e-06
 4.74787e-06
 4.66911e-06
 4.64103e-06
 4.63252e-06
 4.63030e-06
 4.62977e-06
 4.62966e-06
 4.62963e-06
 4.62963e-06
 4.62963e-06
 4.62963e-06
 4.62963e-06
 4.62963e-06
 4.62963e-06
 2.31481e-06
 5.22755e-06
 4.91460e-06
 4.74787e-06
 4.67225e-06
 4.64307e-06
 4.63338e-06
 4.63059e-06
 4.62985e-06
 4.62968e-06
 4.62964e-06
 4.62963e-06
 4.62963e-06
 4.62963e-06
 4.62963e-06
 4.62963e-06
 4.62963e-06
 4.62963e-06
 2.31481e-06
 4.86589e-06
 4.73253e-06
 4.66911e-06
 4.64307e-06
 4.63371e-06
 4.63078e-06
 4.62992e-06
 4.62970e-06
 4.62964e-06
 4.62963e-06
 4.62963e-06
 4.62963e-06
 4.62963e-06
 4.62963e-06
 4.62963e-06
 4.62963e-06
 4.62963e-06
 2.31481e-06
 9.28711e-06
 7.89707e-06
 6.76501e-06
 5.87508e-06
 5.05787e-06
 4.20831e-06
 3.40779e-06
 2.80594e-06
 2.47357e-06
 2.35044e-06
 2.32059e-06
 2.31552e-06
 2.31489e-06
 2.31482e-06
 2.31482e-06
 2.31481e-06
 2.31481e-06
 1.15741e-06
 1.83135e-05
 1.55588e-05
 1.33527e-05
 1.16428e-05
 1.00590e-05
 8.37220e-06
 6.77634e-06
 5.58658e-06
 4.93664e-06
 4.69819e-06
 4.64073e-06
 4.63099e-06
 4.62977e-06
 4.62964e-06
 4.62963e-06
 4.62963e-06
 4.62963e-06
 2.31481e-06
 1.78308e-05
 1.51324e-05
 1.30214e-05
 1.14137e-05
 9.88736e-06
 8.22088e-06
 6.65605e-06
 5.51422e-06
 4.90739e-06
 4.69082e-06
 4.63949e-06
 4.63084e-06
 4.62976e-06
 4.62964e-06
 4.62963e-06
 4.62963e-06
 4.62963e-06
 2.31481e-06
 1.72999e-05
 1.47366e-05
 1.27604e-05
 1.12194e-05
 9.65935e-06
 7.97413e-06
 6.46075e-06
 5.40257e-06
 4.86436e-06
 4.68026e-06
 4.63772e-06
 4.63063e-06
 4.62974e-06
 4.62964e-06
 4.62963e-06
 4.62963e-06
 4.62963e-06
 2.31481e-06
 1.64825e-05
 1.41004e-05
 1.23296e-05
 1.08756e-05
 9.29092e-06
 7.61767e-06
 6.19797e-06
 5.26165e-06
 4.81362e-06
 4.66835e-06
 4.63575e-06
 4.63040e-06
 4.62971e-06
 4.62964e-06
 4.62963e-06
 4.62963e-06
 4.62963e-06
 2.31481e-06
 1.55641e-05
 1.33474e-05
 1.17446e-05
 1.03358e-05
 8.76146e-06
 7.17077e-06
 5.89567e-06
 5.11060e-06
 4.76303e-06
 4.65699e-06
 4.63391e-06
 4.63018e-06
 4.62969e-06
 4.62964e-06
 4.62963e-06
 4.62963e-06
 4.62963e-06
 2.31481e-06
 1.46681e-05
 1.27161e-05
 1.12356e-05
 9.79206e-06
 8.20141e-06
 6.70584e-06
 5.59509e-06
 4.97094e-06
 4.71951e-06
 4.64752e-06
 4.63241e-06
 4.62999e-06
 4.62967e-06
 4.62963e-06
 4.62963e-06
 4.62963e-06
 4.62963e-06
 2.31481e-06
 1.35873e-05
 1.20181e-05
 1.06593e-05
 9.17175e-06
 7.59590e-06
 6.23652e-06
 5.31822e-06
 4.85482e-06
 4.68585e-06
 4.64047e-06
 4.63131e-06
 4.62986e-06
 4.62966e-06
 4.62963e-06
 4.62963e-06
 4.62963e-06
 4.62963e-06
 2.31481e-06
 1.25265e-05
 1.12646e-05
 9.94222e-06
 8.42513e-06
 6.94282e-06
 5.78530e-06
 5.08357e-06
 4.76731e-06
 4.66223e-06
 4.63573e-06
 4.63059e-06
 4.62976e-06
 4.62965e-06
 4.62963e-06
 4.62963e-06
 4.62963e-06
 4.62963e-06
 2.31481e-06
 1.16135e-05
 1.04571e-05
 9.08038e-06
 7.59569e-06
 6.29734e-06
 5.39126e-06
 4.90393e-06
 4.70731e-06
 4.64711e-06
 4.63284e-06
 4.63014e-06
 4.62970e-06
 4.62964e-06
 4.62963e-06
 4.62963e-06
 4.62963e-06
 4.62963e-06
 2.31481e-06
 1.07137e-05
 9.50907e-06
 8.10988e-06
 6.76847e-06
 5.72761e-06
 5.08574e-06
 4.78087e-06
 4.66982e-06
 4.63830e-06
 4.63121e-06
 4.62988e-06
 4.62967e-06
 4.62963e-06
 4.62963e-06
 4.62963e-06
 4.62963e-06
 4.62963e-06
 2.31481e-06
 9.75304e-06
 8.46667e-06
 7.14665e-06
 6.03882e-06
 5.28391e-06
 4.87694e-06
 4.70559e-06
 4.64867e-06
 4.63363e-06
 4.63037e-06
 4.62975e-06
 4.62965e-06
 4.62963e-06
 4.62963e-06
 4.62963e-06
 4.62963e-06
 4.62963e-06
 2.31481e-06
 8.66416e-06
 7.40467e-06
 6.28544e-06
 5.46580e-06
 4.98017e-06
 4.75099e-06
 4.66436e-06
 4.63794e-06
 4.63136e-06
 4.62995e-06
 4.62968e-06
 4.62964e-06
 4.62963e-06
 4.62963e-06
 4.62963e-06
 4.62963e-06
 4.62963e-06
 2.31481e-06
 7.50008e-06
 6.42711e-06
 5.59772e-06
 5.06998e-06
 4.79772e-06
 4.68339e-06
 4.64411e-06
 4.63301e-06
 4.63033e-06
 4.62976e-06
 4.62965e-06
 4.62963e-06
 4.62963e-06
 4.62963e-06
 4.62963e-06
 4.62963e-06
 4.62963e-06
 2.31481e-06
 6.42722e-06
 5.64674e-06
 5.12330e-06
 4.83373e-06
 4.70142e-06
 4.65108e-06
 4.63520e-06
 4.63092e-06
 4.62990e-06
 4.62968e-06
 4.62964e-06
 4.62963e-06
 4.62963e-06
 4.62963e-06
 4.62963e-06
 4.62963e-06
 4.62963e-06
 2.31481e-06
 5.59778e-06
 5.12330e-06
 4.84732e-06
 4.71234e-06
 4.65669e-06
 4.63737e-06
 4.63161e-06
 4.63009e-06
 4.62973e-06
 4.62965e-06
 4.62963e-06
 4.62963e-06
 4.62963e-06
 4.62963e-06
 4.62963e-06
 4.62963e-06
 4.62963e-06
 2.31481e-06
 5.07000e-06
 4.83372e-06
 4.71234e-06
 4.65885e-06
 4.63875e-06
 4.63219e-06
 4.63029e-06
 4.62978e-06
 4.62966e-06
 4.62964e-06
 4.62963e-06
 4.62963e-06
 4.62963e-06
 4.62963e-06
 4.62963e-06
 4.62963e-06
 4.62963e-06
 2.31481e-06
 4.79772e-06
 4.70142e-06
 4.65669e-06
 4.63875e-06
 4.63241e-06
 4.63042e-06
 4.62983e-06
 4.62968e-06
 4.62964e-06
 4.62963e-06
 4.62963e-06
 4.62963e-06
 4.62963e-06
 4.62963e-06
 4.62963e-06
 4.62963e-06
 4.62963e-06
 2.31481e-06
 8.68570e-06
 7.42733e-06
 6.45787e-06
 5.64435e-06
 4.78362e-06
 3.90371e-06
 3.16001e-06
 2.66150e-06
 2.41718e-06
 2.33645e-06
 2.31823e-06
 2.31524e-06
 2.31486e-06
 2.31482e-06
 2.31482e-06
 2.31481e-06
 2.31481e-06
 1.15741e-06
 1.69567e-05
 1.44694e-05
 1.25732e-05
 1.10246e-05
 9.41518e-06
 7.73046e-06
 6.27724e-06
 5.30117e-06
 4.82672e-06
 4.67120e-06
 4.63619e-06
 4.63045e-06
 4.62972e-06
 4.62964e-06
 4.62963e-06
 4.62963e-06
 4.62963e-06
 2.31481e-06
 1.62998e-05
 1.39074e-05
 1.21150e-05
 1.06719e-05
 9.17001e-06
 7.56286e-06
 6.16676e-06
 5.24332e-06
 4.80657e-06
 4.66668e-06
 4.63546e-06
 4.63036e-06
 4.62971e-06
 4.62964e-06
 4.62963e-06
 4.62963e-06
 4.62963e-06
 2.31481e-06
 1.57709e-05
 1.35571e-05
 1.19158e-05
 1.05008e-05
 8.94493e-06
 7.33387e-06
 6.00162e-06
 5.15927e-06
 4.77813e-06
 4.66026e-06
 4.63442e-06
 4.63024e-06
 4.62970e-06
 4.62964e-06
 4.62963e-06
 4.62963e-06
 4.62963e-06
 2.31481e-06
 1.50457e-05
 1.30183e-05
 1.15397e-05
 1.01562e-05
 8.57409e-06
 7.00771e-06
 5.78562e-06
 5.05652e-06
 4.74520e-06
 4.65300e-06
 4.63327e-06
 4.63010e-06
 4.62968e-06
 4.62963e-06
 4.62963e-06
 4.62963e-06
 4.62963e-06
 2.31481e-06
 1.42963e-05
 1.24565e-05
 1.10658e-05
 9.66647e-06
 8.09614e-06
 6.62658e-06
 5.54802e-06
 4.95024e-06
 4.71312e-06
 4.64616e-06
 4.63219e-06
 4.62997e-06
 4.62967e-06
 4.62963e-06
 4.62963e-06
 4.62963e-06
 4.62963e-06
 2.31481e-06
 1.35871e-05
 1.20177e-05
 1.06589e-05
 9.17135e-06
 7.59568e-06
 6.23646e-06
 5.31820e-06
 4.85482e-06
 4.68585e-06
 4.64047e-06
 4.63131e-06
 4.62986e-06
 4.62966e-06
 4.62963e-06
 4.62963e-06
 4.62963e-06
 4.62963e-06
 2.31481e-06
 1.27530e-05
 1.14479e-05
 1.01020e-05
 8.56112e-06
 7.04327e-06
 5.84589e-06
 5.11155e-06
 4.77696e-06
 4.66477e-06
 4.63624e-06
 4.63066e-06
 4.62977e-06
 4.62965e-06
 4.62963e-06
 4.62963e-06
 4.62963e-06
 4.62963e-06
 2.31481e-06
 1.19314e-05
 1.07458e-05
 9.35628e-06
 7.82856e-06
 6.45908e-06
 5.48027e-06
 4.94107e-06
 4.71906e-06
 4.65000e-06
 4.63338e-06
 4.63022e-06
 4.62971e-06
 4.62964e-06
 4.62963e-06
 4.62963e-06
 4.62963e-06
 4.62963e-06
 2.31481e-06
 1.11180e-05
 9.90079e-06
 8.46710e-06
 7.04600e-06
 5.90382e-06
 5.17330e-06
 4.81422e-06
 4.67968e-06
 4.64056e-06
 4.63163e-06
 4.62995e-06
 4.62968e-06
 4.62964e-06
 4.62963e-06
 4.62963e-06
 4.62963e-06
 4.62963e-06
 2.31481e-06
 1.02033e-05
 8.90507e-06
 7.52123e-06
 6.30637e-06
 5.43743e-06
 4.94545e-06
 4.72947e-06
 4.65525e-06
 4.63506e-06
 4.63063e-06
 4.62979e-06
 4.62965e-06
 4.62963e-06
 4.62963e-06
 4.62963e-06
 4.62963e-06
 4.62963e-06
 2.31481e-06
 9.16489e-06
 7.85515e-06
 6.63372e-06
 5.68823e-06
 5.09334e-06
 4.79643e-06
 4.67892e-06
 4.64168e-06
 4.63216e-06
 4.63010e-06
 4.62971e-06
 4.62964e-06
 4.62963e-06
 4.62963e-06
 4.62963e-06
 4.62963e-06
 4.62963e-06
 2.31481e-06
 8.03774e-06
 6.85533e-06
 5.88780e-06
 5.23111e-06
 4.86982e-06
 4.70963e-06
 4.65187e-06
 4.63489e-06
 4.63073e-06
 4.62984e-06
 4.62966e-06
 4.62963e-06
 4.62963e-06
 4.62963e-06
 4.62963e-06
 4.62963e-06
 4.62963e-06
 2.31481e-06
 6.93640e-06
 6.00203e-06
 5.33162e-06
 4.93453e-06
 4.74164e-06
 4.66439e-06
 4.63884e-06
 4.63178e-06
 4.63008e-06
 4.62972e-06
 4.62964e-06
 4.62963e-06
 4.62963e-06
 4.62963e-06
 4.62963e-06
 4.62963e-06
 4.62963e-06
 2.31481e-06
 6.00210e-06
 5.36915e-06
 4.97313e-06
 4.76657e-06
 4.67634e-06
 4.64333e-06
 4.63318e-06
 4.63046e-06
 4.62981e-06
 4.62966e-06
 4.62964e-06
 4.62963e-06
 4.62963e-06
 4.62963e-06
 4.62963e-06
 4.62963e-06
 4.62963e-06
 2.31481e-06
 5.33166e-06
 4.97313e-06
 4.77616e-06
 4.68372e-06
 4.64699e-06
 4.63457e-06
 4.63091e-06
 4.62993e-06
 4.62969e-06
 4.62964e-06
 4.62963e-06
 4.62963e-06
 4.62963e-06
 4.62963e-06
 4.62963e-06
 4.62963e-06
 4.62963e-06
 2.31481e-06
 4.93455e-06
 4.76657e-06
 4.68372e-06
 4.64839e-06
 4.63544e-06
 4.63127e-06
 4.63006e-06
 4.62973e-06
 4.62965e-06
 4.62963e-06
 4.62963e-06
 4.62963e-06
 4.62963e-06
 4.62963e-06
 4.62963e-06
 4.62963e-06
 4.62963e-06
 2.31481e-06
 4.74164e-06
 4.67633e-06
 4.64699e-06
 4.63544e-06
 4.63142e-06
 4.63014e-06
 4.62976e-06
 4.62966e-06
 4.62964e-06
 4.62963e-06
 4.62963e-06
 4.62963e-06
 4.62963e-06
 4.62963e-06
 4.62963e-06
 4.62963e-06
 4.62963e-06
 2.31481e-06
 7.79270e-06
 6.76439e-06
 5.97970e-06
 5.21537e-06
 4.35943e-06
 3.54069e-06
 2.91191e-06
 2.53628e-06
 2.37476e-06
 2.32688e-06
 2.31668e-06
 2.31505e-06
 2.31484e-06
 2.31482e-06
 2.31482e-06
 2.31481e-06
 2.31481e-06
 1.15741e-06
 1.54259e-05
 1.33265e-05
 1.17283e-05
 1.02414e-05
 8.61268e-06
 7.02774e-06
 5.79343e-06
 5.05813e-06
 4.74508e-06
 4.65284e-06
 4.63322e-06
 4.63009e-06
 4.62968e-06
 4.62963e-06
 4.62963e-06
 4.62963e-06
 4.62963e-06
 2.31481e-06
 1.49809e-05
 1.29706e-05
 1.14316e-05
 9.99582e-06
 8.42993e-06
 6.89868e-06
 5.71142e-06
 5.01949e-06
 4.73315e-06
 4.65032e-06
 4.63283e-06
 4.63004e-06
 4.62968e-06
 4.62963e-06
 4.62963e-06
 4.62963e-06
 4.62963e-06
 2.31481e-06
 1.44506e-05
 1.26844e-05
 1.12856e-05
 9.82805e-06
 8.20941e-06
 6.70014e-06
 5.58535e-06
 4.96337e-06
 4.71624e-06
 4.64672e-06
 4.63227e-06
 4.62998e-06
 4.62967e-06
 4.62963e-06
 4.62963e-06
 4.62963e-06
 4.62963e-06
 2.31481e-06
 1.38526e-05
 1.22470e-05
 1.09182e-05
 9.44732e-06
 7.84102e-06
 6.41854e-06
 5.42235e-06
 4.89588e-06
 4.69690e-06
 4.64270e-06
 4.63165e-06
 4.62990e-06
 4.62966e-06
 4.62963e-06
 4.62963e-06
 4.62963e-06
 4.62963e-06
 2.31481e-06
 1.31474e-05
 1.17092e-05
 1.04091e-05
 8.93674e-06
 7.39697e-06
 6.10134e-06
 5.24750e-06
 4.82742e-06
 4.67812e-06
 4.63889e-06
 4.63107e-06
 4.62982e-06
 4.62965e-06
 4.62963e-06
 4.62963e-06
 4.62963e-06
 4.62963e-06
 2.31481e-06
 1.25257e-05
 1.12636e-05
 9.94114e-06
 8.42436e-06
 6.94251e-06
 5.78521e-06
 5.08355e-06
 4.76730e-06
 4.66223e-06
 4.63573e-06
 4.63059e-06
 4.62976e-06
 4.62965e-06
 4.62963e-06
 4.62963e-06
 4.62963e-06
 4.62963e-06
 2.31481e-06
 1.19308e-05
 1.07453e-05
 9.35577e-06
 7.82826e-06
 6.45897e-06
 5.48023e-06
 4.94106e-06
 4.71906e-06
 4.65000e-06
 4.63338e-06
 4.63022e-06
 4.62971e-06
 4.62964e-06
 4.62963e-06
 4.62963e-06
 4.62963e-06
 4.62963e-06
 2.31481e-06
 1.12453e-05
 1.00400e-05
 8.60079e-06
 7.15130e-06
 5.97131e-06
 5.20722e-06
 4.82706e-06
 4.68339e-06
 4.64142e-06
 4.63179e-06
 4.62998e-06
 4.62968e-06
 4.62964e-06
 4.62963e-06
 4.62963e-06
 4.62963e-06
 4.62963e-06
 2.31481e-06
 1.04433e-05
 9.15626e-06
 7.74088e-06
 6.46563e-06
 5.53082e-06
 4.98813e-06
 4.74455e-06
 4.65942e-06
 4.63598e-06
 4.63079e-06
 4.62982e-06
 4.62966e-06
 4.62963e-06
 4.62963e-06
 4.62963e-06
 4.62963e-06
 4.62963e-06
 2.31481e-06
 9.48803e-06
 8.16479e-06
 6.88209e-06
 5.85295e-06
 5.18035e-06
 4.83239e-06
 4.69078e-06
 4.64477e-06
 4.63281e-06
 4.63022e-06
 4.62973e-06
 4.62964e-06
 4.62963e-06
 4.62963e-06
 4.62963e-06
 4.62963e-06
 4.62963e-06
 2.31481e-06
 8.42459e-06
 7.18244e-06
 6.12277e-06
 5.36953e-06
 4.93486e-06
 4.73408e-06
 4.65933e-06
 4.63674e-06
 4.63112e-06
 4.62991e-06
 4.62968e-06
 4.62964e-06
 4.62963e-06
 4.62963e-06
 4.62963e-06
 4.62963e-06
 4.62963e-06
 2.31481e-06
 7.34660e-06
 6.30675e-06
 5.52292e-06
 5.03287e-06
 4.78295e-06
 4.67869e-06
 4.64289e-06
 4.63275e-06
 4.63029e-06
 4.62975e-06
 4.62965e-06
 4.62963e-06
 4.62963e-06
 4.62963e-06
 4.62963e-06
 4.62963e-06
 4.62963e-06
 2.31481e-06
 6.37421e-06
 5.61119e-06
 5.10504e-06
 4.82654e-06
 4.69919e-06
 4.65058e-06
 4.63511e-06
 4.63092e-06
 4.62990e-06
 4.62968e-06
 4.62964e-06
 4.62963e-06
 4.62963e-06
 4.62963e-06
 4.62963e-06
 4.62963e-06
 4.62963e-06
 2.31481e-06
 5.61122e-06
 5.13226e-06
 4.85284e-06
 4.71531e-06
 4.65798e-06
 4.63783e-06
 4.63175e-06
 4.63013e-06
 4.62974e-06
 4.62965e-06
 4.62963e-06
 4.62963e-06
 4.62963e-06
 4.62963e-06
 4.62963e-06
 4.62963e-06
 4.62963e-06
 2.31481e-06
 5.10507e-06
 4.85284e-06
 4.72148e-06
 4.66257e-06
 4.64006e-06
 4.63259e-06
 4.63040e-06
 4.62981e-06
 4.62967e-06
 4.62964e-06
 4.62963e-06
 4.62963e-06
 4.62963e-06
 4.62963e-06
 4.62963e-06
 4.62963e-06
 4.62963e-06
 2.31481e-06
 4.82654e-06
 4.71530e-06
 4.66257e-06
 4.64091e-06
 4.63312e-06
 4.63063e-06
 4.62989e-06
 4.62969e-06
 4.62964e-06
 4.62963e-06
 4.62963e-06
 4.62963e-06
 4.62963e-06
 4.62963e-06
 4.62963e-06
 4.62963e-06
 4.62963e-06
 2.31481e-06
 4.69919e-06
 4.65798e-06
 4.64005e-06
 4.63312e-06
 4.63071e-06
 4.62994e-06
 4.62971e-06
 4.62965e-06
 4.62963e-06
 4.62963e-06
 4.62963e-06
 4.62963e-06
 4.62963e-06
 4.62963e-06
 4.62963e-06
 4.62963e-06
 4.62963e-06
 2.31481e-06
 6.85322e-06
 6.09684e-06
 5.45999e-06
 4.72866e-06
 3.91664e-06
 3.19955e-06
 2.70279e-06
 2.44362e-06
 2.34694e-06
 2.32099e-06
 2.31576e-06
 2.31494e-06
 2.31483e-06
 2.31482e-06
 2.31481e-06
 2.31481e-06
 2.31481e-06
 1.15741e-06
 1.38169e-05
 1.21956e-05
 1.08345e-05
 9.36426e-06
 7.77243e-06
 6.36252e-06
 5.38507e-06
 4.87890e-06
 4.69167e-06
 4.64155e-06
 4.63145e-06
 4.62987e-06
 4.62966e-06
 4.62963e-06
 4.62963e-06
 4.62963e-06
 4.62963e-06
 2.31481e-06
 1.35964e-05
 1.20039e-05
 1.06421e-05
 9.18178e-06
 7.62531e-06
 6.25983e-06
 5.32746e-06
 4.85587e-06
 4.68537e-06
 4.64028e-06
 4.63126e-06
 4.62985e-06
 4.62966e-06
 4.62963e-06
 4.62963e-06
 4.62963e-06
 4.62963e-06
 2.31481e-06
 1.31328e-05
 1.17389e-05
 1.04479e-05
 8.95629e-06
 7.39851e-06
 6.09380e-06
 5.23876e-06
 4.82211e-06
 4.67621e-06
 4.63844e-06
 4.63099e-06
 4.62981e-06
 4.62965e-06
 4.62963e-06
 4.62963e-06
 4.62963e-06
 4.62963e-06
 2.31481e-06
 1.28003e-05
 1.14653e-05
 1.01229e-05
 8.58375e-06
 7.06999e-06
 5.87266e-06
 5.12760e-06
 4.78218e-06
 4.66580e-06
 4.63640e-06
 4.63068e-06
 4.62977e-06
 4.62965e-06
 4.62963e-06
 4.62963e-06
 4.62963e-06
 4.62963e-06
 2.31481e-06
 1.22105e-05
 1.09755e-05
 9.61874e-06
 8.10142e-06
 6.68806e-06
 5.62898e-06
 5.01081e-06
 4.74215e-06
 4.65568e-06
 4.63445e-06
 4.63039e-06
 4.62973e-06
 4.62964e-06
 4.62963e-06
 4.62963e-06
 4.62963e-06
 4.62963e-06
 2.31481e-06
 1.16126e-05
 1.04559e-05
 9.07924e-06
 7.59503e-06
 6.29712e-06
 5.39120e-06
 4.90392e-06
 4.70731e-06
 4.64712e-06
 4.63284e-06
 4.63014e-06
 4.62970e-06
 4.62964e-06
 4.62963e-06
 4.62963e-06
 4.62963e-06
 4.62963e-06
 2.31481e-06
 1.11172e-05
 9.90001e-06
 8.46652e-06
 7.04573e-06
 5.90373e-06
 5.17328e-06
 4.81422e-06
 4.67969e-06
 4.64056e-06
 4.63163e-06
 4.62995e-06
 4.62968e-06
 4.62964e-06
 4.62963e-06
 4.62963e-06
 4.62963e-06
 4.62963e-06
 2.31481e-06
 1.04429e-05
 9.15598e-06
 7.74073e-06
 6.46557e-06
 5.53080e-06
 4.98812e-06
 4.74455e-06
 4.65942e-06
 4.63598e-06
 4.63079e-06
 4.62982e-06
 4.62966e-06
 4.62963e-06
 4.62963e-06
 4.62963e-06
 4.62963e-06
 4.62963e-06
 2.31481e-06
 9.59265e-06
 8.27334e-06
 6.97231e-06
 5.91414e-06
 5.21353e-06
 4.84639e-06
 4.69532e-06
 4.64598e-06
 4.63307e-06
 4.63027e-06
 4.62973e-06
 4.62964e-06
 4.62963e-06
 4.62963e-06
 4.62963e-06
 4.62963e-06
 4.62963e-06
 2.31481e-06
 8.62194e-06
 7.35985e-06
 6.25507e-06
 5.45048e-06
 4.97450e-06
 4.74938e-06
 4.66405e-06
 4.63792e-06
 4.63137e-06
 4.62996e-06
 4.62968e-06
 4.62964e-06
 4.62963e-06
 4.62963e-06
 4.62963e-06
 4.62963e-06
 4.62963e-06
 2.31481e-06
 7.60970e-06
 6.51185e-06
 5.65800e-06
 5.10606e-06
 4.81503e-06
 4.68999e-06
 4.64616e-06
 4.63354e-06
 4.63046e-06
 4.62979e-06
 4.62966e-06
 4.62963e-06
 4.62963e-06
 4.62963e-06
 4.62963e-06
 4.62963e-06
 4.62963e-06
 2.31481e-06
 6.65493e-06
 5.80324e-06
 5.21585e-06
 4.87947e-06
 4.72014e-06
 4.65742e-06
 4.63698e-06
 4.63136e-06
 4.63000e-06
 4.62970e-06
 4.62964e-06
 4.62963e-06
 4.62963e-06
 4.62963e-06
 4.62963e-06
 4.62963e-06
 4.62963e-06
 2.31481e-06
 5.85660e-06
 5.28012e-06
 4.92802e-06
 4.74758e-06
 4.66970e-06
 4.64137e-06
 4.63269e-06
 4.63035e-06
 4.62978e-06
 4.62966e-06
 4.62963e-06
 4.62963e-06
 4.62963e-06
 4.62963e-06
 4.62963e-06
 4.62963e-06
 4.62963e-06
 2.31481e-06
 5.28013e-06
 4.94651e-06
 4.76448e-06
 4.67948e-06
 4.64570e-06
 4.63423e-06
 4.63083e-06
 4.62991e-06
 4.62969e-06
 4.62964e-06
 4.62963e-06
 4.62963e-06
 4.62963e-06
 4.62963e-06
 4.62963e-06
 4.62963e-06
 4.62963e-06
 2.31481e-06
 4.92803e-06
 4.76448e-06
 4.68333e-06
 4.64840e-06
 4.63552e-06
 4.63131e-06
 4.63007e-06
 4.62973e-06
 4.62965e-06
 4.62963e-06
 4.62963e-06
 4.62963e-06
 4.62963e-06
 4.62963e-06
 4.62963e-06
 4.62963e-06
 4.62963e-06
 2.31481e-06
 4.74758e-06
 4.67948e-06
 4.64840e-06
 4.63601e-06
 4.63161e-06
 4.63020e-06
 4.62978e-06
 4.62967e-06
 4.62964e-06
 4.62963e-06
 4.62963e-06
 4.62963e-06
 4.62963e-06
 4.62963e-06
 4.62963e-06
 4.62963e-06
 4.62963e-06
 2.31481e-06
 4.66970e-06
 4.64570e-06
 4.63552e-06
 4.63161e-06
 4.63025e-06
 4.62981e-06
 4.62968e-06
 4.62964e-06
 4.62963e-06
 4.62963e-06
 4.62963e-06
 4.62963e-06
 4.62963e-06
 4.62963e-06
 4.62963e-06
 4.62963e-06
 4.62963e-06
 2.31481e-06
 6.15351e-06
 5.60135e-06
 4.99229e-06
 4.24608e-06
 3.49566e-06
 2.90439e-06
 2.54491e-06
 2.38355e-06
 2.33076e-06
 2.31776e-06
 2.31527e-06
 2.31488e-06
 2.31482e-06
 2.31482e-06
 2.31481e-06
 2.31481e-06
 2.31481e-06
 1.15741e-06
 1.25824e-05
 1.13174e-05
 9.97477e-06
 8.44335e-06
 6.94895e-06
 5.78160e-06
 5.07660e-06
 4.76258e-06
 4.66044e-06
 4.63531e-06
 4.63051e-06
 4.62975e-06
 4.62964e-06
 4.62963e-06
 4.62963e-06
 4.62963e-06
 4.62963e-06
 2.31481e-06
 1.24665e-05
 1.11572e-05
 9.78579e-06
 8.26840e-06
 6.81671e-06
 5.70010e-06
 5.03869e-06
 4.74992e-06
 4.65733e-06
 4.63471e-06
 4.63042e-06
 4.62974e-06
 4.62964e-06
 4.62963e-06
 4.62963e-06
 4.62963e-06
 4.62963e-06
 2.31481e-06
 1.20170e-05
 1.08150e-05
 9.48842e-06
 7.99726e-06
 6.60631e-06
 5.57313e-06
 4.98188e-06
 4.73135e-06
 4.65274e-06
 4.63385e-06
 4.63029e-06
 4.62972e-06
 4.62964e-06
 4.62963e-06
 4.62963e-06
 4.62963e-06
 4.62963e-06
 2.31481e-06
 1.18679e-05
 1.05943e-05
 9.16008e-06
 7.65003e-06
 6.33721e-06
 5.41543e-06
 4.91359e-06
 4.70975e-06
 4.64754e-06
 4.63289e-06
 4.63015e-06
 4.62970e-06
 4.62964e-06
 4.62963e-06
 4.62963e-06
 4.62963e-06
 4.62963e-06
 2.31481e-06
 1.13480e-05
 1.01065e-05
 8.66762e-06
 7.22234e-06
 6.03353e-06
 5.24623e-06
 4.84363e-06
 4.68838e-06
 4.64254e-06
 4.63198e-06
 4.63000e-06
 4.62968e-06
 4.62964e-06
 4.62963e-06
 4.62963e-06
 4.62963e-06
 4.62963e-06
 2.31481e-06
 1.07134e-05
 9.50863e-06
 8.10949e-06
 6.76830e-06
 5.72757e-06
 5.08572e-06
 4.78087e-06
 4.66983e-06
 4.63830e-06
 4.63121e-06
 4.62988e-06
 4.62967e-06
 4.62963e-06
 4.62963e-06
 4.62963e-06
 4.62963e-06
 4.62963e-06
 2.31481e-06
 1.02030e-05
 8.90479e-06
 7.52105e-06
 6.30633e-06
 5.43743e-06
 4.94546e-06
 4.72948e-06
 4.65526e-06
 4.63506e-06
 4.63063e-06
 4.62979e-06
 4.62965e-06
 4.62963e-06
 4.62963e-06
 4.62963e-06
 4.62963e-06
 4.62963e-06
 2.31481e-06
 9.48789e-06
 8.16471e-06
 6.88206e-06
 5.85295e-06
 5.18036e-06
 4.83240e-06
 4.69078e-06
 4.64477e-06
 4.63281e-06
 4.63022e-06
 4.62973e-06
 4.62964e-06
 4.62963e-06
 4.62963e-06
 4.62963e-06
 4.62963e-06
 4.62963e-06
 2.31481e-06
 8.62192e-06
 7.35986e-06
 6.25508e-06
 5.45049e-06
 4.97451e-06
 4.74938e-06
 4.66405e-06
 4.63792e-06
 4.63137e-06
 4.62996e-06
 4.62968e-06
 4.62964e-06
 4.62963e-06
 4.62963e-06
 4.62963e-06
 4.62963e-06
 4.62963e-06
 2.31481e-06
 7.70312e-06
 6.58517e-06
 5.70693e-06
 5.13315e-06
 4.82731e-06
 4.69439e-06
 4.64746e-06
 4.63386e-06
 4.63052e-06
 4.62980e-06
 4.62966e-06
 4.62963e-06
 4.62963e-06
 4.62963e-06
 4.62963e-06
 4.62963e-06
 4.62963e-06
 2.31481e-06
 6.81039e-06
 5.91078e-06
 5.27934e-06
 4.91078e-06
 4.73291e-06
 4.66165e-06
 4.63816e-06
 4.63164e-06
 4.63006e-06
 4.62971e-06
 4.62964e-06
 4.62963e-06
 4.62963e-06
 4.62963e-06
 4.62963e-06
 4.62963e-06
 4.62963e-06
 2.31481e-06
 6.02745e-06
 5.38536e-06
 4.98333e-06
 4.77215e-06
 4.67880e-06
 4.64421e-06
 4.63344e-06
 4.63053e-06
 4.62982e-06
 4.62967e-06
 4.62964e-06
 4.62963e-06
 4.62963e-06
 4.62963e-06
 4.62963e-06
 4.62963e-06
 4.62963e-06
 2.31481e-06
 5.42478e-06
 5.02635e-06
 4.80221e-06
 4.69476e-06
 4.65097e-06
 4.63578e-06
 4.63123e-06
 4.63001e-06
 4.62971e-06
 4.62965e-06
 4.62963e-06
 4.62963e-06
 4.62963e-06
 4.62963e-06
 4.62963e-06
 4.62963e-06
 4.62963e-06
 2.31481e-06
 5.02636e-06
 4.81377e-06
 4.70473e-06
 4.65645e-06
 4.63812e-06
 4.63206e-06
 4.63026e-06
 4.62978e-06
 4.62966e-06
 4.62964e-06
 4.62963e-06
 4.62963e-06
 4.62963e-06
 4.62963e-06
 4.62963e-06
 4.62963e-06
 4.62963e-06
 2.31481e-06
 4.80222e-06
 4.70473e-06
 4.65854e-06
 4.63958e-06
 4.63274e-06
 4.63052e-06
 4.62986e-06
 4.62969e-06
 4.62964e-06
 4.62963e-06
 4.62963e-06
 4.62963e-06
 4.62963e-06
 4.62963e-06
 4.62963e-06
 4.62963e-06
 4.62963e-06
 2.31481e-06
 4.69477e-06
 4.65645e-06
 4.63958e-06
 4.63301e-06
 4.63069e-06
 4.62993e-06
 4.62971e-06
 4.62965e-06
 4.62963e-06
 4.62963e-06
 4.62963e-06
 4.62963e-06
 4.62963e-06
 4.62963e-06
 4.62963e-06
 4.62963e-06
 4.62963e-06
 2.31481e-06
 4.65097e-06
 4.63812e-06
 4.63274e-06
 4.63069e-06
 4.62996e-06
 4.62973e-06
 4.62966e-06
 4.62964e-06
 4.62963e-06
 4.62963e-06
 4.62963e-06
 4.62963e-06
 4.62963e-06
 4.62963e-06
 4.62963e-06
 4.62963e-06
 4.62963e-06
 2.31481e-06
 5.53545e-06
 5.06675e-06
 4.44704e-06
 3.73609e-06
 3.10495e-06
 2.66776e-06
 2.43783e-06
 2.34841e-06
 2.32211e-06
 2.31613e-06
 2.31502e-06
 2.31484e-06
 2.31482e-06
 2.31482e-06
 2.31481e-06
 2.31481e-06
 2.31481e-06
 1.15741e-06
 1.14280e-05
 1.02841e-05
 8.90512e-06
 7.43877e-06
 6.17835e-06
 5.31707e-06
 4.86811e-06
 4.69455e-06
 4.64371e-06
 4.63216e-06
 4.63003e-06
 4.62969e-06
 4.62964e-06
 4.62963e-06
 4.62963e-06
 4.62963e-06
 4.62963e-06
 2.31481e-06
 1.14206e-05
 1.01760e-05
 8.74895e-06
 7.29483e-06
 6.07598e-06
 5.26152e-06
 4.84624e-06
 4.68820e-06
 4.64229e-06
 4.63190e-06
 4.62999e-06
 4.62968e-06
 4.62964e-06
 4.62963e-06
 4.62963e-06
 4.62963e-06
 4.62963e-06
 2.31481e-06
 1.10222e-05
 9.82899e-06
 8.44834e-06
 7.05388e-06
 5.91373e-06
 5.17719e-06
 4.81395e-06
 4.67888e-06
 4.64020e-06
 4.63153e-06
 4.62993e-06
 4.62967e-06
 4.62963e-06
 4.62963e-06
 4.62963e-06
 4.62963e-06
 4.62963e-06
 2.31481e-06
 1.09293e-05
 9.58374e-06
 8.11904e-06
 6.75790e-06
 5.71546e-06
 5.07718e-06
 4.77643e-06
 4.66816e-06
 4.63784e-06
 4.63111e-06
 4.62987e-06
 4.62966e-06
 4.62963e-06
 4.62963e-06
 4.62963e-06
 4.62963e-06
 4.62963e-06
 2.31481e-06
 1.04376e-05
 9.08910e-06
 7.66081e-06
 6.40550e-06
 5.49719e-06
 4.97294e-06
 4.73882e-06
 4.65770e-06
 4.63557e-06
 4.63071e-06
 4.62980e-06
 4.62965e-06
 4.62963e-06
 4.62963e-06
 4.62963e-06
 4.62963e-06
 4.62963e-06
 2.31481e-06
 9.75324e-06
 8.46682e-06
 7.14674e-06
 6.03887e-06
 5.28393e-06
 4.87694e-06
 4.70560e-06
 4.64869e-06
 4.63363e-06
 4.63037e-06
 4.62975e-06
 4.62965e-06
 4.62963e-06
 4.62963e-06
 4.62963e-06
 4.62963e-06
 4.62963e-06
 2.31481e-06
 9.16501e-06
 7.85526e-06
 6.63381e-06
 5.68828e-06
 5.09336e-06
 4.79644e-06
 4.67893e-06
 4.64169e-06
 4.63216e-06
 4.63010e-06
 4.62971e-06
 4.62964e-06
 4.62963e-06
 4.62963e-06
 4.62963e-06
 4.62963e-06
 4.62963e-06
 2.31481e-06
 8.42467e-06
 7.18253e-06
 6.12283e-06
 5.36956e-06
 4.93487e-06
 4.73409e-06
 4.65933e-06
 4.63674e-06
 4.63112e-06
 4.62991e-06
 4.62968e-06
 4.62964e-06
 4.62963e-06
 4.62963e-06
 4.62963e-06
 4.62963e-06
 4.62963e-06
 2.31481e-06
 7.60975e-06
 6.51190e-06
 5.65803e-06
 5.10608e-06
 4.81504e-06
 4.68999e-06
 4.64616e-06
 4.63354e-06
 4.63046e-06
 4.62979e-06
 4.62966e-06
 4.62963e-06
 4.62963e-06
 4.62963e-06
 4.62963e-06
 4.62963e-06
 4.62963e-06
 2.31481e-06
 6.81041e-06
 5.91080e-06
 5.27935e-06
 4.91079e-06
 4.73291e-06
 4.66165e-06
 4.63816e-06
 4.63164e-06
 4.63006e-06
 4.62971e-06
 4.62964e-06
 4.62963e-06
 4.62963e-06
 4.62963e-06
 4.62963e-06
 4.62963e-06
 4.62963e-06
 2.31481e-06
 6.09026e-06
 5.42404e-06
 5.00360e-06
 4.78126e-06
 4.68225e-06
 4.64527e-06
 4.63373e-06
 4.63060e-06
 4.62984e-06
 4.62967e-06
 4.62964e-06
 4.62963e-06
 4.62963e-06
 4.62963e-06
 4.62963e-06
 4.62963e-06
 4.62963e-06
 2.31481e-06
 5.50914e-06
 5.07329e-06
 4.82448e-06
 4.70392e-06
 4.65413e-06
 4.63673e-06
 4.63148e-06
 4.63007e-06
 4.62972e-06
 4.62965e-06
 4.62963e-06
 4.62963e-06
 4.62963e-06
 4.62963e-06
 4.62963e-06
 4.62963e-06
 4.62963e-06
 2.31481e-06
 5.09956e-06
 4.85096e-06
 4.72117e-06
 4.66267e-06
 4.64016e-06
 4.63264e-06
 4.63042e-06
 4.62982e-06
 4.62967e-06
 4.62964e-06
 4.62963e-06
 4.62963e-06
 4.62963e-06
 4.62963e-06
 4.62963e-06
 4.62963e-06
 4.62963e-06
 2.31481e-06
 4.85096e-06
 4.72749e-06
 4.66798e-06
 4.64295e-06
 4.63382e-06
 4.63083e-06
 4.62994e-06
 4.62970e-06
 4.62965e-06
 4.62963e-06
 4.62963e-06
 4.62963e-06
 4.62963e-06
 4.62963e-06
 4.62963e-06
 4.62963e-06
 4.62963e-06
 2.31481e-06
 4.72117e-06
 4.66798e-06
 4.64409e-06
 4.63456e-06
 4.63118e-06
 4.63007e-06
 4.62975e-06
 4.62966e-06
 4.62964e-06
 4.62963e-06
 4.62963e-06
 4.62963e-06
 4.62963e-06
 4.62963e-06
 4.62963e-06
 4.62963e-06
 4.62963e-06
 2.31481e-06
 4.66267e-06
 4.64295e-06
 4.63456e-06
 4.63131e-06
 4.63016e-06
 4.62978e-06
 4.62967e-06
 4.62964e-06
 4.62963e-06
 4.62963e-06
 4.62963e-06
 4.62963e-06
 4.62963e-06
 4.62963e-06
 4.62963e-06
 4.62963e-06
 4.62963e-06
 2.31481e-06
 4.64016e-06
 4.63382e-06
 4.63118e-06
 4.63016e-06
 4.62980e-06
 4.62968e-06
 4.62964e-06
 4.62963e-06
 4.62963e-06
 4.62963e-06
 4.62963e-06
 4.62963e-06
 4.62963e-06
 4.62963e-06
 4.62963e-06
 4.62963e-06
 4.62963e-06
 2.31481e-06
 5.00934e-06
 4.49756e-06
 3.87144e-06
 3.25706e-06
 2.78437e-06
 2.50181e-06
 2.37380e-06
 2.32977e-06
 2.31792e-06
 2.31537e-06
 2.31490e-06
 2.31483e-06
 2.31482e-06
 2.31481e-06
 2.31481e-06
 2.31481e-06
 2.31481e-06
 1.15741e-06
 1.03073e-05
 9.09169e-06
 7.73938e-06
 6.48746e-06
 5.54794e-06
 4.99321e-06
 4.74388e-06
 4.65851e-06
 4.63561e-06
 4.63070e-06
 4.62980e-06
 4.62965e-06
 4.62963e-06
 4.62963e-06
 4.62963e-06
 4.62963e-06
 4.62963e-06
 2.31481e-06
 1.03193e-05
 9.00864e-06
 7.62054e-06
 6.38304e-06
 5.48041e-06
 4.96136e-06
 4.73292e-06
 4.65560e-06
 4.63500e-06
 4.63059e-06
 4.62978e-06
 4.62965e-06
 4.62963e-06
 4.62963e-06
 4.62963e-06
 4.62963e-06
 4.62963e-06
 2.31481e-06
 9.98910e-06
 8.72292e-06
 7.38251e-06
 6.20616e-06
 5.37438e-06
 4.91356e-06
 4.71678e-06
 4.65136e-06
 4.63412e-06
 4.63044e-06
 4.62976e-06
 4.62965e-06
 4.62963e-06
 4.62963e-06
 4.62963e-06
 4.62963e-06
 4.62963e-06
 2.31481e-06
 9.82409e-06
 8.43835e-06
 7.08727e-06
 5.98366e-06
 5.24683e-06
 4.85824e-06
 4.69842e-06
 4.64657e-06
 4.63313e-06
 4.63027e-06
 4.62973e-06
 4.62964e-06
 4.62963e-06
 4.62963e-06
 4.62963e-06
 4.62963e-06
 4.62963e-06
 2.31481e-06
 9.33392e-06
 7.96750e-06
 6.70225e-06
 5.72576e-06
 5.10978e-06
 4.80184e-06
 4.68026e-06
 4.64192e-06
 4.63217e-06
 4.63010e-06
 4.62971e-06
 4.62964e-06
 4.62963e-06
 4.62963e-06
 4.62963e-06
 4.62963e-06
 4.62963e-06
 2.31481e-06
 8.66431e-06
 7.40485e-06
 6.28555e-06
 5.46584e-06
 4.98017e-06
 4.75100e-06
 4.66438e-06
 4.63795e-06
 4.63136e-06
 4.62995e-06
 4.62968e-06
 4.62964e-06
 4.62963e-06
 4.62963e-06
 4.62963e-06
 4.62963e-06
 4.62963e-06
 2.31481e-06
 8.03784e-06
 6.85545e-06
 5.88788e-06
 5.23114e-06
 4.86983e-06
 4.70963e-06
 4.65187e-06
 4.63489e-06
 4.63073e-06
 4.62984e-06
 4.62966e-06
 4.62963e-06
 4.62963e-06
 4.62963e-06
 4.62963e-06
 4.62963e-06
 4.62963e-06
 2.31481e-06
 7.34666e-06
 6.30681e-06
 5.52295e-06
 5.03289e-06
 4.78296e-06
 4.67869e-06
 4.64289e-06
 4.63275e-06
 4.63029e-06
 4.62975e-06
 4.62965e-06
 4.62963e-06
 4.62963e-06
 4.62963e-06
 4.62963e-06
 4.62963e-06
 4.62963e-06
 2.31481e-06
 6.65496e-06
 5.80327e-06
 5.21587e-06
 4.87948e-06
 4.72014e-06
 4.65742e-06
 4.63698e-06
 4.63136e-06
 4.63000e-06
 4.62970e-06
 4.62964e-06
 4.62963e-06
 4.62963e-06
 4.62963e-06
 4.62963e-06
 4.62963e-06
 4.62963e-06
 2.31481e-06
 6.02746e-06
 5.38537e-06
 4.98334e-06
 4.77216e-06
 4.67881e-06
 4.64421e-06
 4.63344e-06
 4.63053e-06
 4.62982e-06
 4.62967e-06
 4.62964e-06
 4.62963e-06
 4.62963e-06
 4.62963e-06
 4.62963e-06
 4.62963e-06
 4.62963e-06
 2.31481e-06
 5.50914e-06
 5.07329e-06
 4.82448e-06
 4.70392e-06
 4.65414e-06
 4.63673e-06
 4.63148e-06
 4.63007e-06
 4.62972e-06
 4.62965e-06
 4.62963e-06
 4.62963e-06
 4.62963e-06
 4.62963e-06
 4.62963e-06
 4.62963e-06
 4.62963e-06
 2.31481e-06
 5.12699e-06
 4.86504e-06
 4.72714e-06
 4.66499e-06
 4.64092e-06
 4.63287e-06
 4.63047e-06
 4.62983e-06
 4.62967e-06
 4.62964e-06
 4.62963e-06
 4.62963e-06
 4.62963e-06
 4.62963e-06
 4.62963e-06
 4.62963e-06
 4.62963e-06
 2.31481e-06
 4.88017e-06
 4.74154e-06
 4.67369e-06
 4.64500e-06
 4.63447e-06
 4.63102e-06
 4.62999e-06
 4.62972e-06
 4.62965e-06
 4.62963e-06
 4.62963e-06
 4.62963e-06
 4.62963e-06
 4.62963e-06
 4.62963e-06
 4.62963e-06
 4.62963e-06
 2.31481e-06
 4.74154e-06
 4.67713e-06
 4.64758e-06
 4.63579e-06
 4.63156e-06
 4.63019e-06
 4.62978e-06
 4.62966e-06
 4.62964e-06
 4.62963e-06
 4.62963e-06
 4.62963e-06
 4.62963e-06
 4.62963e-06
 4.62963e-06
 4.62963e-06
 4.62963e-06
 2.31481e-06
 4.67369e-06
 4.64758e-06
 4.63630e-06
 4.63191e-06
 4.63035e-06
 4.62984e-06
 4.62968e-06
 4.62964e-06
 4.62963e-06
 4.62963e-06
 4.62963e-06
 4.62963e-06
 4.62963e-06
 4.62963e-06
 4.62963e-06
 4.62963e-06
 4.62963e-06
 2.31481e-06
 4.64500e-06
 4.63579e-06
 4.63191e-06
 4.63041e-06
 4.62988e-06
 4.62970e-06
 4.62965e-06
 4.62963e-06
 4.62963e-06
 4.62963e-06
 4.62963e-06
 4.62963e-06
 4.62963e-06
 4.62963e-06
 4.62963e-06
 4.62963e-06
 4.62963e-06
 2.31481e-06
 4.63447e-06
 4.63156e-06
 4.63035e-06
 4.62988e-06
 4.62971e-06
 4.62965e-06
 4.62964e-06
 4.62963e-06
 4.62963e-06
 4.62963e-06
 4.62963e-06
 4.62963e-06
 4.62963e-06
 4.62963e-06
 4.62963e-06
 4.62963e-06
 4.62963e-06
 2.31481e-06
 4.49472e-06
 3.92114e-06
 3.34410e-06
 2.87033e-06
 2.56032e-06
 2.40242e-06
 2.34020e-06
 2.32087e-06
 2.31603e-06
 2.31504e-06
 2.31485e-06
 2.31482e-06
 2.31482e-06
 2.31481e-06
 2.31481e-06
 2.31481e-06
 2.31481e-06
 1.15741e-06
 9.12591e-06
 7.86538e-06
 6.67050e-06
 5.72060e-06
 5.10851e-06
 4.79969e-06
 4.67873e-06
 4.64131e-06
 4.63199e-06
 4.63006e-06
 4.62970e-06
 4.62964e-06
 4.62963e-06
 4.62963e-06
 4.62963e-06
 4.62963e-06
 4.62963e-06
 2.31481e-06
 9.08405e-06
 7.77757e-06
 6.57714e-06
 5.65059e-06
 5.07015e-06
 4.78419e-06
 4.67395e-06
 4.64012e-06
 4.63175e-06
 4.63002e-06
 4.62969e-06
 4.62964e-06
 4.62963e-06
 4.62963e-06
 4.62963e-06
 4.62963e-06
 4.62963e-06
 2.31481e-06
 8.81377e-06
 7.55468e-06
 6.40216e-06
 5.53443e-06
 5.01053e-06
 4.76102e-06
 4.66692e-06
 4.63841e-06
 4.63142e-06
 4.62996e-06
 4.62968e-06
 4.62964e-06
 4.62963e-06
 4.62963e-06
 4.62963e-06
 4.62963e-06
 4.62963e-06
 2.31481e-06
 8.55334e-06
 7.27126e-06
 6.17230e-06
 5.38965e-06
 4.93991e-06
 4.73428e-06
 4.65885e-06
 4.63646e-06
 4.63103e-06
 4.62989e-06
 4.62967e-06
 4.62964e-06
 4.62963e-06
 4.62963e-06
 4.62963e-06
 4.62963e-06
 4.62963e-06
 2.31481e-06
 8.08097e-06
 6.87231e-06
 5.89020e-06
 5.22752e-06
 4.86588e-06
 4.70730e-06
 4.65093e-06
 4.63459e-06
 4.63066e-06
 4.62982e-06
 4.62966e-06
 4.62963e-06
 4.62963e-06
 4.62963e-06
 4.62963e-06
 4.62963e-06
 4.62963e-06
 2.31481e-06
 7.50007e-06
 6.42716e-06
 5.59775e-06
 5.06998e-06
 4.79771e-06
 4.68339e-06
 4.64411e-06
 4.63301e-06
 4.63034e-06
 4.62976e-06
 4.62965e-06
 4.62963e-06
 4.62963e-06
 4.62963e-06
 4.62963e-06
 4.62963e-06
 4.62963e-06
 2.31481e-06
 6.93638e-06
 6.00206e-06
 5.33164e-06
 4.93454e-06
 4.74164e-06
 4.66439e-06
 4.63884e-06
 4.63178e-06
 4.63008e-06
 4.62972e-06
 4.62964e-06
 4.62963e-06
 4.62963e-06
 4.62963e-06
 4.62963e-06
 4.62963e-06
 4.62963e-06
 2.31481e-06
 6.37420e-06
 5.61120e-06
 5.10505e-06
 4.82654e-06
 4.69919e-06
 4.65058e-06
 4.63511e-06
 4.63092e-06
 4.62990e-06
 4.62968e-06
 4.62964e-06
 4.62963e-06
 4.62963e-06
 4.62963e-06
 4.62963e-06
 4.62963e-06
 4.62963e-06
 2.31481e-06
 5.85659e-06
 5.28012e-06
 4.92802e-06
 4.74758e-06
 4.66970e-06
 4.64137e-06
 4.63269e-06
 4.63035e-06
 4.62978e-06
 4.62966e-06
 4.62963e-06
 4.62963e-06
 4.62963e-06
 4.62963e-06
 4.62963e-06
 4.62963e-06
 4.62963e-06
 2.31481e-06
 5.42477e-06
 5.02635e-06
 4.80222e-06
 4.69477e-06
 4.65097e-06
 4.63578e-06
 4.63123e-06
 4.63001e-06
 4.62971e-06
 4.62965e-06
 4.62963e-06
 4.62963e-06
 4.62963e-06
 4.62963e-06
 4.62963e-06
 4.62963e-06
 4.62963e-06
 2.31481e-06
 5.09955e-06
 4.85096e-06
 4.72117e-06
 4.66267e-06
 4.64017e-06
 4.63264e-06
 4.63042e-06
 4.62982e-06
 4.62967e-06
 4.62964e-06
 4.62963e-06
 4.62963e-06
 4.62963e-06
 4.62963e-06
 4.62963e-06
 4.62963e-06
 4.62963e-06
 2.31481e-06
 4.88017e-06
 4.74154e-06
 4.67369e-06
 4.64500e-06
 4.63447e-06
 4.63102e-06
 4.62999e-06
 4.62972e-06
 4.62965e-06
 4.62963e-06
 4.62963e-06
 4.62963e-06
 4.62963e-06
 4.62963e-06
 4.62963e-06
 4.62963e-06
 4.62963e-06
 2.31481e-06
 4.74963e-06
 4.68061e-06
 4.64898e-06
 4.63626e-06
 4.63171e-06
 4.63023e-06
 4.62979e-06
 4.62967e-06
 4.62964e-06
 4.62963e-06
 4.62963e-06
 4.62963e-06
 4.62963e-06
 4.62963e-06
 4.62963e-06
 4.62963e-06
 4.62963e-06
 2.31481e-06
 4.68061e-06
 4.65046e-06
 4.63738e-06
 4.63228e-06
 4.63046e-06
 4.62987e-06
 4.62969e-06
 4.62965e-06
 4.62963e-06
 4.62963e-06
 4.62963e-06
 4.62963e-06
 4.62963e-06
 4.62963e-06
 4.62963e-06
 4.62963e-06
 4.62963e-06
 2.31481e-06
 4.64898e-06
 4.63738e-06
 4.63251e-06
 4.63061e-06
 4.62994e-06
 4.62972e-06
 4.62965e-06
 4.62964e-06
 4.62963e-06
 4.62963e-06
 4.62963e-06
 4.62963e-06
 4.62963e-06
 4.62963e-06
 4.62963e-06
 4.62963e-06
 4.62963e-06
 2.31481e-06
 4.63626e-06
 4.63228e-06
 4.63061e-06
 4.62997e-06
 4.62974e-06
 4.62966e-06
 4.62964e-06
 4.62963e-06
 4.62963e-06
 4.62963e-06
 4.62963e-06
 4.62963e-06
 4.62963e-06
 4.62963e-06
 4.62963e-06
 4.62963e-06
 4.62963e-06
 2.31481e-06
 4.63171e-06
 4.63046e-06
 4.62994e-06
 4.62974e-06
 4.62966e-06
 4.62964e-06
 4.62963e-06
 4.62963e-06
 4.62963e-06
 4.62963e-06
 4.62963e-06
 4.62963e-06
 4.62963e-06
 4.62963e-06
 4.62963e-06
 4.62963e-06
 4.62963e-06
 2.31481e-06
 3.92104e-06
 3.37232e-06
 2.91590e-06
 2.60126e-06
 2.42744e-06
 2.35131e-06
 2.32467e-06
 2.31705e-06
 2.31527e-06
 2.31490e-06
 2.31483e-06
 2.31482e-06
 2.31482e-06
 2.31481e-06
 2.31481e-06
 2.31481e-06
 2.31481e-06
 1.15741e-06
 7.86526e-06
 6.73135e-06
 5.81320e-06
 5.18985e-06
 4.84873e-06
 4.70033e-06
 4.64866e-06
 4.63395e-06
 4.63051e-06
 4.62979e-06
 4.62966e-06
 4.62963e-06
 4.62963e-06
 4.62963e-06
 4.62963e-06
 4.62963e-06
 4.62963e-06
 2.31481e-06
 7.77758e-06
 6.64380e-06
 5.74378e-06
 5.14808e-06
 4.82991e-06
 4.69370e-06
 4.64677e-06
 4.63352e-06
 4.63043e-06
 4.62978e-06
 4.62965e-06
 4.62963e-06
 4.62963e-06
 4.62963e-06
 4.62963e-06
 4.62963e-06
 4.62963e-06
 2.31481e-06
 7.55463e-06
 6.47161e-06
 5.62439e-06
 5.08142e-06
 4.80100e-06
 4.68387e-06
 4.64402e-06
 4.63290e-06
 4.63030e-06
 4.62975e-06
 4.62965e-06
 4.62963e-06
 4.62963e-06
 4.62963e-06
 4.62963e-06
 4.62963e-06
 4.62963e-06
 2.31481e-06
 7.27112e-06
 6.24056e-06
 5.47198e-06
 5.00096e-06
 4.76710e-06
 4.67241e-06
 4.64087e-06
 4.63219e-06
 4.63016e-06
 4.62973e-06
 4.62965e-06
 4.62963e-06
 4.62963e-06
 4.62963e-06
 4.62963e-06
 4.62963e-06
 4.62963e-06
 2.31481e-06
 6.87224e-06
 5.95092e-06
 5.29661e-06
 4.91459e-06
 4.73253e-06
 4.66101e-06
 4.63781e-06
 4.63151e-06
 4.63002e-06
 4.62970e-06
 4.62964e-06
 4.62963e-06
 4.62963e-06
 4.62963e-06
 4.62963e-06
 4.62963e-06
 4.62963e-06
 2.31481e-06
 6.42715e-06
 5.64673e-06
 5.12329e-06
 4.83372e-06
 4.70142e-06
 4.65108e-06
 4.63520e-06
 4.63092e-06
 4.62990e-06
 4.62968e-06
 4.62964e-06
 4.62963e-06
 4.62963e-06
 4.62963e-06
 4.62963e-06
 4.62963e-06
 4.62963e-06
 2.31481e-06
 6.00205e-06
 5.36914e-06
 4.97313e-06
 4.76657e-06
 4.67633e-06
 4.64333e-06
 4.63318e-06
 4.63046e-06
 4.62981e-06
 4.62966e-06
 4.62964e-06
 4.62963e-06
 4.62963e-06
 4.62963e-06
 4.62963e-06
 4.62963e-06
 4.62963e-06
 2.31481e-06
 5.61120e-06
 5.13226e-06
 4.85284e-06
 4.71530e-06
 4.65798e-06
 4.63783e-06
 4.63176e-06
 4.63013e-06
 4.62974e-06
 4.62965e-06
 4.62963e-06
 4.62963e-06
 4.62963e-06
 4.62963e-06
 4.62963e-06
 4.62963e-06
 4.62963e-06
 2.31481e-06
 5.28012e-06
 4.94651e-06
 4.76448e-06
 4.67948e-06
 4.64570e-06
 4.63423e-06
 4.63083e-06
 4.62991e-06
 4.62969e-06
 4.62964e-06
 4.62963e-06
 4.62963e-06
 4.62963e-06
 4.62963e-06
 4.62963e-06
 4.62963e-06
 4.62963e-06
 2.31481e-06
 5.02635e-06
 4.81376e-06
 4.70473e-06
 4.65645e-06
 4.63812e-06
 4.63206e-06
 4.63026e-06
 4.62978e-06
 4.62966e-06
 4.62964e-06
 4.62963e-06
 4.62963e-06
 4.62963e-06
 4.62963e-06
 4.62963e-06
 4.62963e-06
 4.62963e-06
 2.31481e-06
 4.85095e-06
 4.72749e-06
 4.66798e-06
 4.64295e-06
 4.63382e-06
 4.63083e-06
 4.62994e-06
 4.62970e-06
 4.62965e-06
 4.62963e-06
 4.62963e-06
 4.62963e-06
 4.62963e-06
 4.62963e-06
 4.62963e-06
 4.62963e-06
 4.62963e-06
 2.31481e-06
 4.74153e-06
 4.67713e-06
 4.64758e-06
 4.63579e-06
 4.63156e-06
 4.63019e-06
 4.62978e-06
 4.62966e-06
 4.62964e-06
 4.62963e-06
 4.62963e-06
 4.62963e-06
 4.62963e-06
 4.62963e-06
 4.62963e-06
 4.62963e-06
 4.62963e-06
 2.31481e-06
 4.68061e-06
 4.65046e-06
 4.63738e-06
 4.63228e-06
 4.63046e-06
 4.62987e-06
 4.62969e-06
 4.62965e-06
 4.62963e-06
 4.62963e-06
 4.62963e-06
 4.62963e-06
 4.62963e-06
 4.62963e-06
 4.62963e-06
 4.62963e-06
 4.62963e-06
 2.31481e-06
 4.65046e-06
 4.63802e-06
 4.63273e-06
 4.63069e-06
 4.62997e-06
 4.62973e-06
 4.62966e-06
 4.62964e-06
 4.62963e-06
 4.62963e-06
 4.62963e-06
 4.62963e-06
 4.62963e-06
 4.62963e-06
 4.62963e-06
 4.62963e-06
 4.62963e-06
 2.31481e-06
 4.63738e-06
 4.63273e-06
 4.63078e-06
 4.63003e-06
 4.62976e-06
 4.62967e-06
 4.62964e-06
 4.62963e-06
 4.62963e-06
 4.62963e-06
 4.62963e-06
 4.62963e-06
 4.62963e-06
 4.62963e-06
 4.62963e-06
 4.62963e-06
 4.62963e-06
 2.31481e-06
 4.63228e-06
 4.63069e-06
 4.63003e-06
 4.62977e-06
 4.62967e-06
 4.62964e-06
 4.62963e-06
 4.62963e-06
 4.62963e-06
 4.62963e-06
 4.62963e-06
 4.62963e-06
 4.62963e-06
 4.62963e-06
 4.62963e-06
 4.62963e-06
 4.62963e-06
 2.31481e-06
 4.63046e-06
 4.62997e-06
 4.62976e-06
 4.62967e-06
 4.62964e-06
 4.62963e-06
 4.62963e-06
 4.62963e-06
 4.62963e-06
 4.62963e-06
 4.62963e-06
 4.62963e-06
 4.62963e-06
 4.62963e-06
 4.62963e-06
 4.62963e-06
 4.62963e-06
 2.31481e-06
 3.34396e-06
 2.91585e-06
 2.61631e-06
 2.44240e-06
 2.36022e-06
 2.32845e-06
 2.31828e-06
 2.31560e-06
 2.31497e-06
 2.31484e-06
 2.31482e-06
 2.31482e-06
 2.31481e-06
 2.31481e-06
 2.31481e-06
 2.31481e-06
 2.31481e-06
 1.15741e-06
 6.67031e-06
 5.81310e-06
 5.21970e-06
 4.87817e-06
 4.71775e-06
 4.65597e-06
 4.63633e-06
 4.63115e-06
 4.62993e-06
 4.62969e-06
 4.62964e-06
 4.62963e-06
 4.62963e-06
 4.62963e-06
 4.62963e-06
 4.62963e-06
 4.62963e-06
 2.31481e-06
 6.57710e-06
 5.74373e-06
 5.17675e-06
 4.85725e-06
 4.70972e-06
 4.65339e-06
 4.63565e-06
 4.63100e-06
 4.62991e-06
 4.62968e-06
 4.62964e-06
 4.62963e-06
 4.62963e-06
 4.62963e-06
 4.62963e-06
 4.62963e-06
 4.62963e-06
 2.31481e-06
 6.40209e-06
 5.62436e-06
 5.10761e-06
 4.82495e-06
 4.69746e-06
 4.64961e-06
 4.63468e-06
 4.63078e-06
 4.62987e-06
 4.62967e-06
 4.62964e-06
 4.62963e-06
 4.62963e-06
 4.62963e-06
 4.62963e-06
 4.62963e-06
 4.62963e-06
 2.31481e-06
 6.17219e-06
 5.47195e-06
 5.02398e-06
 4.78714e-06
 4.68327e-06
 4.64527e-06
 4.63358e-06
 4.63054e-06
 4.62982e-06
 4.62966e-06
 4.62964e-06
 4.62963e-06
 4.62963e-06
 4.62963e-06
 4.62963e-06
 4.62963e-06
 4.62963e-06
 2.31481e-06
 5.89017e-06
 5.29660e-06
 4.93292e-06
 4.74787e-06
 4.66911e-06
 4.64102e-06
 4.63252e-06
 4.63030e-06
 4.62977e-06
 4.62966e-06
 4.62963e-06
 4.62963e-06
 4.62963e-06
 4.62963e-06
 4.62963e-06
 4.62963e-06
 4.62963e-06
 2.31481e-06
 5.59774e-06
 5.12329e-06
 4.84732e-06
 4.71234e-06
 4.65669e-06
 4.63737e-06
 4.63161e-06
 4.63009e-06
 4.62973e-06
 4.62965e-06
 4.62963e-06
 4.62963e-06
 4.62963e-06
 4.62963e-06
 4.62963e-06
 4.62963e-06
 4.62963e-06
 2.31481e-06
 5.33163e-06
 4.97313e-06
 4.77616e-06
 4.68372e-06
 4.64699e-06
 4.63457e-06
 4.63091e-06
 4.62993e-06
 4.62969e-06
 4.62964e-06
 4.62963e-06
 4.62963e-06
 4.62963e-06
 4.62963e-06
 4.62963e-06
 4.62963e-06
 4.62963e-06
 2.31481e-06
 5.10505e-06
 4.85284e-06
 4.72148e-06
 4.66257e-06
 4.64005e-06
 4.63259e-06
 4.63040e-06
 4.62981e-06
 4.62967e-06
 4.62964e-06
 4.62963e-06
 4.62963e-06
 4.62963e-06
 4.62963e-06
 4.62963e-06
 4.62963e-06
 4.62963e-06
 2.31481e-06
 4.92801e-06
 4.76448e-06
 4.68333e-06
 4.64840e-06
 4.63552e-06
 4.63131e-06
 4.63007e-06
 4.62973e-06
 4.62965e-06
 4.62963e-06
 4.62963e-06
 4.62963e-06
 4.62963e-06
 4.62963e-06
 4.62963e-06
 4.62963e-06
 4.62963e-06
 2.31481e-06
 4.80221e-06
 4.70472e-06
 4.65854e-06
 4.63958e-06
 4.63274e-06
 4.63052e-06
 4.62986e-06
 4.62969e-06
 4.62964e-06
 4.62963e-06
 4.62963e-06
 4.62963e-06
 4.62963e-06
 4.62963e-06
 4.62963e-06
 4.62963e-06
 4.62963e-06
 2.31481e-06
 4.72117e-06
 4.66797e-06
 4.64409e-06
 4.63456e-06
 4.63118e-06
 4.63007e-06
 4.62975e-06
 4.62966e-06
 4.62964e-06
 4.62963e-06
 4.62963e-06
 4.62963e-06
 4.62963e-06
 4.62963e-06
 4.62963e-06
 4.62963e-06
 4.62963e-06
 2.31481e-06
 4.67368e-06
 4.64758e-06
 4.63630e-06
 4.63191e-06
 4.63035e-06
 4.62984e-06
 4.62968e-06
 4.62964e-06
 4.62963e-06
 4.62963e-06
 4.62963e-06
 4.62963e-06
 4.62963e-06
 4.62963e-06
 4.62963e-06
 4.62963e-06
 4.62963e-06
 2.31481e-06
 4.64898e-06
 4.63738e-06
 4.63251e-06
 4.63061e-06
 4.62994e-06
 4.62972e-06
 4.62965e-06
 4.62964e-06
 4.62963e-06
 4.62963e-06
 4.62963e-06
 4.62963e-06
 4.62963e-06
 4.62963e-06
 4.62963e-06
 4.62963e-06
 4.62963e-06
 2.31481e-06
 4.63738e-06
 4.63273e-06
 4.63078e-06
 4.63003e-06
 4.62976e-06
 4.62967e-06
 4.62964e-06
 4.62963e-06
 4.62963e-06
 4.62963e-06
 4.62963e-06
 4.62963e-06
 4.62963e-06
 4.62963e-06
 4.62963e-06
 4.62963e-06
 4.62963e-06
 2.31481e-06
 4.63251e-06
 4.63078e-06
 4.63006e-06
 4.62978e-06
 4.62968e-06
 4.62964e-06
 4.62963e-06
 4.62963e-06
 4.62963e-06
 4.62963e-06
 4.62963e-06
 4.62963e-06
 4.62963e-06
 4.62963e-06
 4.62963e-06
 4.62963e-06
 4.62963e-06
 2.31481e-06
 4.63061e-06
 4.63003e-06
 4.62978e-06
 4.62968e-06
 4.62965e-06
 4.62963e-06
 4.62963e-06
 4.62963e-06
 4.62963e-06
 4.62963e-06
 4.62963e-06
 4.62963e-06
 4.62963e-06
 4.62963e-06
 4.62963e-06
 4.62963e-06
 4.62963e-06
 2.31481e-06
 4.62994e-06
 4.62976e-06
 4.62968e-06
 4.62965e-06
 4.62964e-06
 4.62963e-06
 4.62963e-06
 4.62963e-06
 4.62963e-06
 4.62963e-06
 4.62963e-06
 4.62963e-06
 4.62963e-06
 4.62963e-06
 4.62963e-06
 4.62963e-06
 4.62963e-06
 2.31481e-06
 2.87029e-06
 2.60133e-06
 2.44252e-06
 2.36376e-06
 2.33092e-06
 2.31940e-06
 2.31595e-06
 2.31507e-06
 2.31487e-06
 2.31482e-06
 2.31482e-06
 2.31482e-06
 2.31481e-06
 2.31481e-06
 2.31481e-06
 2.31481e-06
 2.31481e-06
 1.15741e-06
 5.72051e-06
 5.18989e-06
 4.87828e-06
 4.72464e-06
 4.66078e-06
 4.63846e-06
 4.63183e-06
 4.63012e-06
 4.62973e-06
 4.62965e-06
 4.62963e-06
 4.62963e-06
 4.62963e-06
 4.62963e-06
 4.62963e-06
 4.62963e-06
 4.62963e-06
 2.31481e-06
 5.65054e-06
 5.14803e-06
 4.85724e-06
 4.71584e-06
 4.65772e-06
 4.63754e-06
 4.63161e-06
 4.63008e-06
 4.62972e-06
 4.62965e-06
 4.62963e-06
 4.62963e-06
 4.62963e-06
 4.62963e-06
 4.62963e-06
 4.62963e-06
 4.62963e-06
 2.31481e-06
 5.53439e-06
 5.08139e-06
 4.82494e-06
 4.70266e-06
 4.65320e-06
 4.63624e-06
 4.63130e-06
 4.63001e-06
 4.62971e-06
 4.62964e-06
 4.62963e-06
 4.62963e-06
 4.62963e-06
 4.62963e-06
 4.62963e-06
 4.62963e-06
 4.62963e-06
 2.31481e-06
 5.38972e-06
 5.00094e-06
 4.78713e-06
 4.68752e-06
 4.64809e-06
 4.63478e-06
 4.63094e-06
 4.62993e-06
 4.62969e-06
 4.62964e-06
 4.62963e-06
 4.62963e-06
 4.62963e-06
 4.62963e-06
 4.62963e-06
 4.62963e-06
 4.62963e-06
 2.31481e-06
 5.22765e-06
 4.91459e-06
 4.74787e-06
 4.67225e-06
 4.64306e-06
 4.63338e-06
 4.63059e-06
 4.62985e-06
 4.62968e-06
 4.62964e-06
 4.62963e-06
 4.62963e-06
 4.62963e-06
 4.62963e-06
 4.62963e-06
 4.62963e-06
 4.62963e-06
 2.31481e-06
 5.06999e-06
 4.83371e-06
 4.71234e-06
 4.65885e-06
 4.63875e-06
 4.63219e-06
 4.63029e-06
 4.62978e-06
 4.62966e-06
 4.62964e-06
 4.62963e-06
 4.62963e-06
 4.62963e-06
 4.62963e-06
 4.62963e-06
 4.62963e-06
 4.62963e-06
 2.31481e-06
 4.93453e-06
 4.76657e-06
 4.68372e-06
 4.64839e-06
 4.63544e-06
 4.63127e-06
 4.63006e-06
 4.62973e-06
 4.62965e-06
 4.62963e-06
 4.62963e-06
 4.62963e-06
 4.62963e-06
 4.62963e-06
 4.62963e-06
 4.62963e-06
 4.62963e-06
 2.31481e-06
 4.82653e-06
 4.71530e-06
 4.66257e-06
 4.64091e-06
 4.63312e-06
 4.63063e-06
 4.62989e-06
 4.62969e-06
 4.62964e-06
 4.62963e-06
 4.62963e-06
 4.62963e-06
 4.62963e-06
 4.62963e-06
 4.62963e-06
 4.62963e-06
 4.62963e-06
 2.31481e-06
 4.74757e-06
 4.67948e-06
 4.64840e-06
 4.63601e-06
 4.63161e-06
 4.63020e-06
 4.62978e-06
 4.62967e-06
 4.62964e-06
 4.62963e-06
 4.62963e-06
 4.62963e-06
 4.62963e-06
 4.62963e-06
 4.62963e-06
 4.62963e-06
 4.62963e-06
 2.31481e-06
 4.69476e-06
 4.65644e-06
 4.63958e-06
 4.63301e-06
 4.63069e-06
 4.62993e-06
 4.62971e-06
 4.62965e-06
 4.62963e-06
 4.62963e-06
 4.62963e-06
 4.62963e-06
 4.62963e-06
 4.62963e-06
 4.62963e-06
 4.62963e-06
 4.62963e-06
 2.31481e-06
 4.66266e-06
 4.64295e-06
 4.63456e-06
 4.63131e-06
 4.63016e-06
 4.62978e-06
 4.62967e-06
 4.62964e-06
 4.62963e-06
 4.62963e-06
 4.62963e-06
 4.62963e-06
 4.62963e-06
 4.62963e-06
 4.62963e-06
 4.62963e-06
 4.62963e-06
 2.31481e-06
 4.64499e-06
 4.63579e-06
 4.63191e-06
 4.63041e-06
 4.62988e-06
 4.62970e-06
 4.62965e-06
 4.62963e-06
 4.62963e-06
 4.62963e-06
 4.62963e-06
 4.62963e-06
 4.62963e-06
 4.62963e-06
 4.62963e-06
 4.62963e-06
 4.62963e-06
 2.31481e-06
 4.63626e-06
 4.63228e-06
 4.63061e-06
 4.62997e-06
 4.62974e-06
 4.62966e-06
 4.62964e-06
 4.62963e-06
 4.62963e-06
 4.62963e-06
 4.62963e-06
 4.62963e-06
 4.62963e-06
 4.62963e-06
 4.62963e-06
 4.62963e-06
 4.62963e-06
 2.31481e-06
 4.63228e-06
 4.63069e-06
 4.63003e-06
 4.62977e-06
 4.62967e-06
 4.62964e-06
 4.62963e-06
 4.62963e-06
 4.62963e-06
 4.62963e-06
 4.62963e-06
 4.62963e-06
 4.62963e-06
 4.62963e-06
 4.62963e-06
 4.62963e-06
 4.62963e-06
 2.31481e-06
 4.63061e-06
 4.63003e-06
 4.62978e-06
 4.62968e-06
 4.62965e-06
 4.62963e-06
 4.62963e-06
 4.62963e-06
 4.62963e-06
 4.62963e-06
 4.62963e-06
 4.62963e-06
 4.62963e-06
 4.62963e-06
 4.62963e-06
 4.62963e-06
 4.62963e-06
 2.31481e-06
 4.62997e-06
 4.62977e-06
 4.62968e-06
 4.62965e-06
 4.62964e-06
 4.62963e-06
 4.62963e-06
 4.62963e-06
 4.62963e-06
 4.62963e-06
 4.62963e-06
 4.62963e-06
 4.62963e-06
 4.62963e-06
 4.62963e-06
 4.62963e-06
 4.62963e-06
 2.31481e-06
 4.62974e-06
 4.62967e-06
 4.62965e-06
 4.62964e-06
 4.62963e-06
 4.62963e-06
 4.62963e-06
 4.62963e-06
 4.62963e-06
 4.62963e-06
 4.62963e-06
 4.62963e-06
 4.62963e-06
 4.62963e-06
 4.62963e-06
 4.62963e-06
 4.62963e-06
 2.31481e-06
 2.56033e-06
 2.42753e-06
 2.36033e-06
 2.33091e-06
 2.31985e-06
 2.31620e-06
 2.31517e-06
 2.31489e-06
 2.31483e-06
 2.31482e-06
 2.31482e-06
 2.31481e-06
 2.31481e-06
 2.31481e-06
 2.31481e-06
 2.31481e-06
 2.31481e-06
 1.15741e-06
 5.10848e-06
 4.84881e-06
 4.71784e-06
 4.66075e-06
 4.63934e-06
 4.63230e-06
 4.63031e-06
 4.62978e-06
 4.62966e-06
 4.62964e-06
 4.62963e-06
 4.62963e-06
 4.62963e-06
 4.62963e-06
 4.62963e-06
 4.62963e-06
 4.62963e-06
 2.31481e-06
 5.07011e-06
 4.82988e-06
 4.70970e-06
 4.65770e-06
 4.63833e-06
 4.63203e-06
 4.63024e-06
 4.62977e-06
 4.62966e-06
 4.62964e-06
 4.62963e-06
 4.62963e-06
 4.62963e-06
 4.62963e-06
 4.62963e-06
 4.62963e-06
 4.62963e-06
 2.31481e-06
 5.01052e-06
 4.80098e-06
 4.69746e-06
 4.65320e-06
 4.63688e-06
 4.63165e-06
 4.63014e-06
 4.62975e-06
 4.62965e-06
 4.62963e-06
 4.62963e-06
 4.62963e-06
 4.62963e-06
 4.62963e-06
 4.62963e-06
 4.62963e-06
 4.62963e-06
 2.31481e-06
 4.94003e-06
 4.76709e-06
 4.68326e-06
 4.64809e-06
 4.63526e-06
 4.63121e-06
 4.63003e-06
 4.62972e-06
 4.62965e-06
 4.62963e-06
 4.62963e-06
 4.62963e-06
 4.62963e-06
 4.62963e-06
 4.62963e-06
 4.62963e-06
 4.62963e-06
 2.31481e-06
 4.86602e-06
 4.73253e-06
 4.66911e-06
 4.64306e-06
 4.63371e-06
 4.63078e-06
 4.62992e-06
 4.62970e-06
 4.62964e-06
 4.62963e-06
 4.62963e-06
 4.62963e-06
 4.62963e-06
 4.62963e-06
 4.62963e-06
 4.62963e-06
 4.62963e-06
 2.31481e-06
 4.79772e-06
 4.70141e-06
 4.65669e-06
 4.63875e-06
 4.63241e-06
 4.63042e-06
 4.62983e-06
 4.62968e-06
 4.62964e-06
 4.62963e-06
 4.62963e-06
 4.62963e-06
 4.62963e-06
 4.62963e-06
 4.62963e-06
 4.62963e-06
 4.62963e-06
 2.31481e-06
 4.74163e-06
 4.67633e-06
 4.64699e-06
 4.63544e-06
 4.63141e-06
 4.63014e-06
 4.62976e-06
 4.62966e-06
 4.62964e-06
 4.62963e-06
 4.62963e-06
 4.62963e-06
 4.62963e-06
 4.62963e-06
 4.62963e-06
 4.62963e-06
 4.62963e-06
 2.31481e-06
 4.69919e-06
 4.65798e-06
 4.64005e-06
 4.63312e-06
 4.63071e-06
 4.62994e-06
 4.62971e-06
 4.62965e-06
 4.62963e-06
 4.62963e-06
 4.62963e-06
 4.62963e-06
 4.62963e-06
 4.62963e-06
 4.62963e-06
 4.62963e-06
 4.62963e-06
 2.31481e-06
 4.66970e-06
 4.64570e-06
 4.63552e-06
 4.63161e-06
 4.63025e-06
 4.62981e-06
 4.62968e-06
 4.62964e-06
 4.62963e-06
 4.62963e-06
 4.62963e-06
 4.62963e-06
 4.62963e-06
 4.62963e-06
 4.62963e-06
 4.62963e-06
 4.62963e-06
 2.31481e-06
 4.65096e-06
 4.63812e-06
 4.63274e-06
 4.63069e-06
 4.62996e-06
 4.62973e-06
 4.62966e-06
 4.62964e-06
 4.62963e-06
 4.62963e-06
 4.62963e-06
 4.62963e-06
 4.62963e-06
 4.62963e-06
 4.62963e-06
 4.62963e-06
 4.62963e-06
 2.31481e-06
 4.64016e-06
 4.63382e-06
 4.63118e-06
 4.63016e-06
 4.62980e-06
 4.62968e-06
 4.62964e-06
 4.62963e-06
 4.62963e-06
 4.62963e-06
 4.62963e-06
 4.62963e-06
 4.62963e-06
 4.62963e-06
 4.62963e-06
 4.62963e-06
 4.62963e-06
 2.31481e-06
 4.63446e-06
 4.63156e-06
 4.63035e-06
 4.62988e-06
 4.62971e-06
 4.62965e-06
 4.62964e-06
 4.62963e-06
 4.62963e-06
 4.62963e-06
 4.62963e-06
 4.62963e-06
 4.62963e-06
 4.62963e-06
 4.62963e-06
 4.62963e-06
 4.62963e-06
 2.31481e-06
 4.63171e-06
 4.63046e-06
 4.62994e-06
 4.62974e-06
 4.62966e-06
 4.62964e-06
 4.62963e-06
 4.62963e-06
 4.62963e-06
 4.62963e-06
 4.62963e-06
 4.62963e-06
 4.62963e-06
 4.62963e-06
 4.62963e-06
 4.62963e-06
 4.62963e-06
 2.31481e-06
 4.63046e-06
 4.62997e-06
 4.62976e-06
 4.62967e-06
 4.62964e-06
 4.62963e-06
 4.62963e-06
 4.62963e-06
 4.62963e-06
 4.62963e-06
 4.62963e-06
 4.62963e-06
 4.62963e-06
 4.62963e-06
 4.62963e-06
 4.62963e-06
 4.62963e-06
 2.31481e-06
 4.62994e-06
 4.62976e-06
 4.62968e-06
 4.62965e-06
 4.62964e-06
 4.62963e-06
 4.62963e-06
 4.62963e-06
 4.62963e-06
 4.62963e-06
 4.62963e-06
 4.62963e-06
 4.62963e-06
 4.62963e-06
 4.62963e-06
 4.62963e-06
 4.62963e-06
 2.31481e-06
 4.62974e-06
 4.62967e-06
 4.62965e-06
 4.62964e-06
 4.62963e-06
 4.62963e-06
 4.62963e-06
 4.62963e-06
 4.62963e-06
 4.62963e-06
 4.62963e-06
 4.62963e-06
 4.62963e-06
 4.62963e-06
 4.62963e-06
 4.62963e-06
 4.62963e-06
 2.31481e-06
 4.62966e-06
 4.62964e-06
 4.62964e-06
 4.62963e-06
 4.62963e-06
 4.62963e-06
 4.62963e-06
 4.62963e-06
 4.62963e-06
 4.62963e-06
 4.62963e-06
 4.62963e-06
 4.62963e-06
 4.62963e-06
 4.62963e-06
 4.62963e-06
 4.62963e-06
 2.31481e-06
 2.40240e-06
 2.35130e-06
 2.32844e-06
 2.31938e-06
 2.31620e-06
 2.31521e-06
 2.31491e-06
 2.31484e-06
 2.31482e-06
 2.31482e-06
 2.31481e-06
 2.31481e-06
 2.31481e-06
 2.31481e-06
 2.31481e-06
 2.31481e-06
 2.31481e-06
 1.15741e-06
 4.79964e-06
 4.70029e-06
 4.65594e-06
 4.63843e-06
 4.63230e-06
 4.63039e-06
 4.62982e-06
 4.62967e-06
 4.62964e-06
 4.62963e-06
 4.62963e-06
 4.62963e-06
 4.62963e-06
 4.62963e-06
 4.62963e-06
 4.62963e-06
 4.62963e-06
 2.31481e-06
 4.78417e-06
 4.69368e-06
 4.65337e-06
 4.63753e-06
 4.63203e-06
 4.63031e-06
 4.62980e-06
 4.62967e-06
 4.62964e-06
 4.62963e-06
 4.62963e-06
 4.62963e-06
 4.62963e-06
 4.62963e-06
 4.62963e-06
 4.62963e-06
 4.62963e-06
 2.31481e-06
 4.76102e-06
 4.68386e-06
 4.64960e-06
 4.63623e-06
 4.63164e-06
 4.63020e-06
 4.62977e-06
 4.62966e-06
 4.62964e-06
 4.62963e-06
 4.62963e-06
 4.62963e-06
 4.62963e-06
 4.62963e-06
 4.62963e-06
 4.62963e-06
 4.62963e-06
 2.31481e-06
 4.73428e-06
 4.67240e-06
 4.64526e-06
 4.63478e-06
 4.63121e-06
 4.63007e-06
 4.62974e-06
 4.62966e-06
 4.62964e-06
 4.62963e-06
 4.62963e-06
 4.62963e-06
 4.62963e-06
 4.62963e-06
 4.62963e-06
 4.62963e-06
 4.62963e-06
 2.31481e-06
 4.70730e-06
 4.66100e-06
 4.64102e-06
 4.63338e-06
 4.63078e-06
 4.62995e-06
 4.62971e-06
 4.62965e-06
 4.62963e-06
 4.62963e-06
 4.62963e-06
 4.62963e-06
 4.62963e-06
 4.62963e-06
 4.62963e-06
 4.62963e-06
 4.62963e-06
 2.31481e-06
 4.68338e-06
 4.65107e-06
 4.63737e-06
 4.63219e-06
 4.63042e-06
 4.62985e-06
 4.62969e-06
 4.62964e-06
 4.62963e-06
 4.62963e-06
 4.62963e-06
 4.62963e-06
 4.62963e-06
 4.62963e-06
 4.62963e-06
 4.62963e-06
 4.62963e-06
 2.31481e-06
 4.66438e-06
 4.64333e-06
 4.63456e-06
 4.63127e-06
 4.63014e-06
 4.62977e-06
 4.62967e-06
 4.62964e-06
 4.62963e-06
 4.62963e-06
 4.62963e-06
 4.62963e-06
 4.62963e-06
 4.62963e-06
 4.62963e-06
 4.62963e-06
 4.62963e-06
 2.31481e-06
 4.65058e-06
 4.63783e-06
 4.63259e-06
 4.63063e-06
 4.62994e-06
 4.62972e-06
 4.62965e-06
 4.62964e-06
 4.62963e-06
 4.62963e-06
 4.62963e-06
 4.62963e-06
 4.62963e-06
 4.62963e-06
 4.62963e-06
 4.62963e-06
 4.62963e-06
 2.31481e-06
 4.64137e-06
 4.63423e-06
 4.63131e-06
 4.63020e-06
 4.62981e-06
 4.62968e-06
 4.62964e-06
 4.62963e-06
 4.62963e-06
 4.62963e-06
 4.62963e-06
 4.62963e-06
 4.62963e-06
 4.62963e-06
 4.62963e-06
 4.62963e-06
 4.62963e-06
 2.31481e-06
 4.63578e-06
 4.63206e-06
 4.63052e-06
 4.62993e-06
 4.62973e-06
 4.62966e-06
 4.62964e-06
 4.62963e-06
 4.62963e-06
 4.62963e-06
 4.62963e-06
 4.62963e-06
 4.62963e-06
 4.62963e-06
 4.62963e-06
 4.62963e-06
 4.62963e-06
 2.31481e-06
 4.63264e-06
 4.63083e-06
 4.63007e-06
 4.62978e-06
 4.62968e-06
 4.62964e-06
 4.62963e-06
 4.62963e-06
 4.62963e-06
 4.62963e-06
 4.62963e-06
 4.62963e-06
 4.62963e-06
 4.62963e-06
 4.62963e-06
 4.62963e-06
 4.62963e-06
 2.31481e-06
 4.63101e-06
 4.63019e-06
 4.62984e-06
 4.62970e-06
 4.62965e-06
 4.62964e-06
 4.62963e-06
 4.62963e-06
 4.62963e-06
 4.62963e-06
 4.62963e-06
 4.62963e-06
 4.62963e-06
 4.62963e-06
 4.62963e-06
 4.62963e-06
 4.62963e-06
 2.31481e-06
 4.63023e-06
 4.62987e-06
 4.62972e-06
 4.62966e-06
 4.62964e-06
 4.62963e-06
 4.62963e-06
 4.62963e-06
 4.62963e-06
 4.62963e-06
 4.62963e-06
 4.62963e-06
 4.62963e-06
 4.62963e-06
 4.62963e-06
 4.62963e-06
 4.62963e-06
 2.31481e-06
 4.62987e-06
 4.62973e-06
 4.62967e-06
 4.62964e-06
 4.62963e-06
 4.62963e-06
 4.62963e-06
 4.62963e-06
 4.62963e-06
 4.62963e-06
 4.62963e-06
 4.62963e-06
 4.62963e-06
 4.62963e-06
 4.62963e-06
 4.62963e-06
 4.62963e-06
 2.31481e-06
 4.62972e-06
 4.62967e-06
 4.62964e-06
 4.62963e-06
 4.62963e-06
 4.62963e-06
 4.62963e-06
 4.62963e-06
 4.62963e-06
 4.62963e-06
 4.62963e-06
 4.62963e-06
 4.62963e-06
 4.62963e-06
 4.62963e-06
 4.62963e-06
 4.62963e-06
 2.31481e-06
 4.62966e-06
 4.62964e-06
 4.62963e-06
 4.62963e-06
 4.62963e-06
 4.62963e-06
 4.62963e-06
 4.62963e-06
 4.62963e-06
 4.62963e-06
 4.62963e-06
 4.62963e-06
 4.62963e-06
 4.62963e-06
 4.62963e-06
 4.62963e-06
 4.62963e-06
 2.31481e-06
 4.62964e-06
 4.62963e-06
 4.62963e-06
 4.62963e-06
 4.62963e-06
 4.62963e-06
 4.62963e-06
 4.62963e-06
 4.62963e-06
 4.62963e-06
 4.62963e-06
 4.62963e-06
 4.62963e-06
 4.62963e-06
 4.62963e-06
 4.62963e-06
 4.62963e-06
 2.31481e-06
 2.34019e-06
 2.32466e-06
 2.31828e-06
 2.31595e-06
 2.31517e-06
 2.31491e-06
 2.31484e-06
 2.31482e-06
 2.31482e-06
 2.31482e-06
 2.31481e-06
 2.31481e-06
 2.31481e-06
 2.31481e-06
 2.31481e-06
 2.31481e-06
 2.31481e-06
 1.15741e-06
 4.67870e-06
 4.64865e-06
 4.63632e-06
 4.63183e-06
 4.63031e-06
 4.62982e-06
 4.62968e-06
 4.62964e-06
 4.62963e-06
 4.62963e-06
 4.62963e-06
 4.62963e-06
 4.62963e-06
 4.62963e-06
 4.62963e-06
 4.62963e-06
 4.62963e-06
 2.31481e-06
 4.67393e-06
 4.64676e-06
 4.63565e-06
 4.63161e-06
 4.63024e-06
 4.62980e-06
 4.62968e-06
 4.62964e-06
 4.62963e-06
 4.62963e-06
 4.62963e-06
 4.62963e-06
 4.62963e-06
 4.62963e-06
 4.62963e-06
 4.62963e-06
 4.62963e-06
 2.31481e-06
 4.66691e-06
 4.64402e-06
 4.63467e-06
 4.63130e-06
 4.63014e-06
 4.62977e-06
 4.62967e-06
 4.62964e-06
 4.62963e-06
 4.62963e-06
 4.62963e-06
 4.62963e-06
 4.62963e-06
 4.62963e-06
 4.62963e-06
 4.62963e-06
 4.62963e-06
 2.31481e-06
 4.65884e-06
 4.64087e-06
 4.63358e-06
 4.63094e-06
 4.63003e-06
 4.62974e-06
 4.62966e-06
 4.62964e-06
 4.62963e-06
 4.62963e-06
 4.62963e-06
 4.62963e-06
 4.62963e-06
 4.62963e-06
 4.62963e-06
 4.62963e-06
 4.62963e-06
 2.31481e-06
 4.65092e-06
 4.63781e-06
 4.63252e-06
 4.63059e-06
 4.62992e-06
 4.62971e-06
 4.62965e-06
 4.62964e-06
 4.62963e-06
 4.62963e-06
 4.62963e-06
 4.62963e-06
 4.62963e-06
 4.62963e-06
 4.62963e-06
 4.62963e-06
 4.62963e-06
 2.31481e-06
 4.64411e-06
 4.63520e-06
 4.63161e-06
 4.63029e-06
 4.62983e-06
 4.62969e-06
 4.62964e-06
 4.62963e-06
 4.62963e-06
 4.62963e-06
 4.62963e-06
 4.62963e-06
 4.62963e-06
 4.62963e-06
 4.62963e-06
 4.62963e-06
 4.62963e-06
 2.31481e-06
 4.63884e-06
 4.63318e-06
 4.63091e-06
 4.63006e-06
 4.62976e-06
 4.62967e-06
 4.62964e-06
 4.62963e-06
 4.62963e-06
 4.62963e-06
 4.62963e-06
 4.62963e-06
 4.62963e-06
 4.62963e-06
 4.62963e-06
 4.62963e-06
 4.62963e-06
 2.31481e-06
 4.63511e-06
 4.63175e-06
 4.63040e-06
 4.62989e-06
 4.62971e-06
 4.62965e-06
 4.62964e-06
 4.62963e-06
 4.62963e-06
 4.62963e-06
 4.62963e-06
 4.62963e-06
 4.62963e-06
 4.62963e-06
 4.62963e-06
 4.62963e-06
 4.62963e-06
 2.31481e-06
 4.63269e-06
 4.63083e-06
 4.63007e-06
 4.62978e-06
 4.62968e-06
 4.62964e-06
 4.62963e-06
 4.62963e-06
 4.62963e-06
 4.62963e-06
 4.62963e-06
 4.62963e-06
 4.62963e-06
 4.62963e-06
 4.62963e-06
 4.62963e-06
 4.62963e-06
 2.31481e-06
 4.63123e-06
 4.63026e-06
 4.62986e-06
 4.62971e-06
 4.62966e-06
 4.62964e-06
 4.62963e-06
 4.62963e-06
 4.62963e-06
 4.62963e-06
 4.62963e-06
 4.62963e-06
 4.62963e-06
 4.62963e-06
 4.62963e-06
 4.62963e-06
 4.62963e-06
 2.31481e-06
 4.63042e-06
 4.62994e-06
 4.62975e-06
 4.62967e-06
 4.62964e-06
 4.62963e-06
 4.62963e-06
 4.62963e-06
 4.62963e-06
 4.62963e-06
 4.62963e-06
 4.62963e-06
 4.62963e-06
 4.62963e-06
 4.62963e-06
 4.62963e-06
 4.62963e-06
 2.31481e-06
 4.62999e-06
 4.62978e-06
 4.62968e-06
 4.62965e-06
 4.62964e-06
 4.62963e-06
 4.62963e-06
 4.62963e-06
 4.62963e-06
 4.62963e-06
 4.62963e-06
 4.62963e-06
 4.62963e-06
 4.62963e-06
 4.62963e-06
 4.62963e-06
 4.62963e-06
 2.31481e-06
 4.62979e-06
 4.62969e-06
 4.62965e-06
 4.62964e-06
 4.62963e-06
 4.62963e-06
 4.62963e-06
 4.62963e-06
 4.62963e-06
 4.62963e-06
 4.62963e-06
 4.62963e-06
 4.62963e-06
 4.62963e-06
 4.62963e-06
 4.62963e-06
 4.62963e-06
 2.31481e-06
 4.62969e-06
 4.62966e-06
 4.62964e-06
 4.62963e-06
 4.62963e-06
 4.62963e-06
 4.62963e-06
 4.62963e-06
 4.62963e-06
 4.62963e-06
 4.62963e-06
 4.62963e-06
 4.62963e-06
 4.62963e-06
 4.62963e-06
 4.62963e-06
 4.62963e-06
 2.31481e-06
 4.62965e-06
 4.62964e-06
 4.62963e-06
 4.62963e-06
 4.62963e-06
 4.62963e-06
 4.62963e-06
 4.62963e-06
 4.62963e-06
 4.62963e-06
 4.62963e-06
 4.62963e-06
 4.62963e-06
 4.62963e-06
 4.62963e-06
 4.62963e-06
 4.62963e-06
 2.31481e-06
 4.62964e-06
 4.62963e-06
 4.62963e-06
 4.62963e-06
 4.62963e-06
 4.62963e-06
 4.62963e-06
 4.62963e-06
 4.62963e-06
 4.62963e-06
 4.62963e-06
 4.62963e-06
 4.62963e-06
 4.62963e-06
 4.62963e-06
 4.62963e-06
 4.62963e-06
 2.31481e-06
 4.62963e-06
 4.62963e-06
 4.62963e-06
 4.62963e-06
 4.62963e-06
 4.62963e-06
 4.62963e-06
 4.62963e-06
 4.62963e-06
 4.62963e-06
 4.62963e-06
 4.62963e-06
 4.62963e-06
 4.62963e-06
 4.62963e-06
 4.62963e-06
 4.62963e-06
 2.31481e-06
 2.32085e-06
 2.31705e-06
 2.31560e-06
 2.31507e-06
 2.31489e-06
 2.31484e-06
 2.31482e-06
 2.31482e-06
 2.31482e-06
 2.31481e-06
 2.31481e-06
 2.31481e-06
 2.31481e-06
 2.31481e-06
 2.31481e-06
 2.31481e-06
 2.31481e-06
 1.15741e-06
 4.64128e-06
 4.63394e-06
 4.63114e-06
 4.63012e-06
 4.62978e-06
 4.62967e-06
 4.62964e-06
 4.62963e-06
 4.62963e-06
 4.62963e-06
 4.62963e-06
 4.62963e-06
 4.62963e-06
 4.62963e-06
 4.62963e-06
 4.62963e-06
 4.62963e-06
 2.31481e-06
 4.64011e-06
 4.63351e-06
 4.63100e-06
 4.63008e-06
 4.62977e-06
 4.62967e-06
 4.62964e-06
 4.62963e-06
 4.62963e-06
 4.62963e-06
 4.62963e-06
 4.62963e-06
 4.62963e-06
 4.62963e-06
 4.62963e-06
 4.62963e-06
 4.62963e-06
 2.31481e-06
 4.63840e-06
 4.63289e-06
 4.63078e-06
 4.63001e-06
 4.62975e-06
 4.62966e-06
 4.62964e-06
 4.62963e-06
 4.62963e-06
 4.62963e-06
 4.62963e-06
 4.62963e-06
 4.62963e-06
 4.62963e-06
 4.62963e-06
 4.62963e-06
 4.62963e-06
 2.31481e-06
 4.63646e-06
 4.63219e-06
 4.63054e-06
 4.62993e-06
 4.62972e-06
 4.62966e-06
 4.62964e-06
 4.62963e-06
 4.62963e-06
 4.62963e-06
 4.62963e-06
 4.62963e-06
 4.62963e-06
 4.62963e-06
 4.62963e-06
 4.62963e-06
 4.62963e-06
 2.31481e-06
 4.63459e-06
 4.63151e-06
 4.63030e-06
 4.62985e-06
 4.62970e-06
 4.62965e-06
 4.62964e-06
 4.62963e-06
 4.62963e-06
 4.62963e-06
 4.62963e-06
 4.62963e-06
 4.62963e-06
 4.62963e-06
 4.62963e-06
 4.62963e-06
 4.62963e-06
 2.31481e-06
 4.63301e-06
 4.63092e-06
 4.63009e-06
 4.62978e-06
 4.62968e-06
 4.62964e-06
 4.62963e-06
 4.62963e-06
 4.62963e-06
 4.62963e-06
 4.62963e-06
 4.62963e-06
 4.62963e-06
 4.62963e-06
 4.62963e-06
 4.62963e-06
 4.62963e-06
 2.31481e-06
 4.63178e-06
 4.63046e-06
 4.62993e-06
 4.62973e-06
 4.62966e-06
 4.62964e-06
 4.62963e-06
 4.62963e-06
 4.62963e-06
 4.62963e-06
 4.62963e-06
 4.62963e-06
 4.62963e-06
 4.62963e-06
 4.62963e-06
 4.62963e-06
 4.62963e-06
 2.31481e-06
 4.63092e-06
 4.63013e-06
 4.62981e-06
 4.62969e-06
 4.62965e-06
 4.62964e-06
 4.62963e-06
 4.62963e-06
 4.62963e-06
 4.62963e-06
 4.62963e-06
 4.62963e-06
 4.62963e-06
 4.62963e-06
 4.62963e-06
 4.62963e-06
 4.62963e-06
 2.31481e-06
 4.63035e-06
 4.62991e-06
 4.62973e-06
 4.62967e-06
 4.62964e-06
 4.62963e-06
 4.62963e-06
 4.62963e-06
 4.62963e-06
 4.62963e-06
 4.62963e-06
 4.62963e-06
 4.62963e-06
 4.62963e-06
 4.62963e-06
 4.62963e-06
 4.62963e-06
 2.31481e-06
 4.63001e-06
 4.62978e-06
 4.62969e-06
 4.62965e-06
 4.62964e-06
 4.62963e-06
 4.62963e-06
 4.62963e-06
 4.62963e-06
 4.62963e-06
 4.62963e-06
 4.62963e-06
 4.62963e-06
 4.62963e-06
 4.62963e-06
 4.62963e-06
 4.62963e-06
 2.31481e-06
 4.62982e-06
 4.62970e-06
 4.62966e-06
 4.62964e-06
 4.62963e-06
 4.62963e-06
 4.62963e-06
 4.62963e-06
 4.62963e-06
 4.62963e-06
 4.62963e-06
 4.62963e-06
 4.62963e-06
 4.62963e-06
 4.62963e-06
 4.62963e-06
 4.62963e-06
 2.31481e-06
 4.62972e-06
 4.62966e-06
 4.62964e-06
 4.62963e-06
 4.62963e-06
 4.62963e-06
 4.62963e-06
 4.62963e-06
 4.62963e-06
 4.62963e-06
 4.62963e-06
 4.62963e-06
 4.62963e-06
 4.62963e-06
 4.62963e-06
 4.62963e-06
 4.62963e-06
 2.31481e-06
 4.62967e-06
 4.62965e-06
 4.62964e-06
 4.62963e-06
 4.62963e-06
 4.62963e-06
 4.62963e-06
 4.62963e-06
 4.62963e-06
 4.62963e-06
 4.62963e-06
 4.62963e-06
 4.62963e-06
 4.62963e-06
 4.62963e-06
 4.62963e-06
 4.62963e-06
 2.31481e-06
 4.62965e-06
 4.62964e-06
 4.62963e-06
 4.62963e-06
 4.62963e-06
 4.62963e-06
 4.62963e-06
 4.62963e-06
 4.62963e-06
 4.62963e-06
 4.62963e-06
 4.62963e-06
 4.62963e-06
 4.62963e-06
 4.62963e-06
 4.62963e-06
 4.62963e-06
 2.31481e-06
 4.62964e-06
 4.62963e-06
 4.62963e-06
 4.62963e-06
 4.62963e-06
 4.62963e-06
 4.62963e-06
 4.62963e-06
 4.62963e-06
 4.62963e-06
 4.62963e-06
 4.62963e-06
 4.62963e-06
 4.62963e-06
 4.62963e-06
 4.62963e-06
 4.62963e-06
 2.31481e-06
 4.62963e-06
 4.62963e-06
 4.62963e-06
 4.62963e-06
 4.62963e-06
 4.62963e-06
 4.62963e-06
 4.62963e-06
 4.62963e-06
 4.62963e-06
 4.62963e-06
 4.62963e-06
 4.62963e-06
 4.62963e-06
 4.62963e-06
 4.62963e-06
 4.62963e-06
 2.31481e-06
 4.62963e-06
 4.62963e-06
 4.62963e-06
 4.62963e-06
 4.62963e-06
 4.62963e-06
 4.62963e-06
 4.62963e-06
 4.62963e-06
 4.62963e-06
 4.62963e-06
 4.62963e-06
 4.62963e-06
 4.62963e-06
 4.62963e-06
 4.62963e-06
 4.62963e-06
 2.31481e-06
 2.31603e-06
 2.31527e-06
 2.31497e-06
 2.31487e-06
 2.31483e-06
 2.31482e-06
 2.31482e-06
 2.31482e-06
 2.31481e-06
 2.31481e-06
 2.31481e-06
 2.31481e-06
 2.31481e-06
 2.31481e-06
 2.31481e-06
 2.31481e-06
 2.31481e-06
 1.15741e-06
 4.63198e-06
 4.63051e-06
 4.62993e-06
 4.62973e-06
 4.62966e-06
 4.62964e-06
 4.62963e-06
 4.62963e-06
 4.62963e-06
 4.62963e-06
 4.62963e-06
 4.62963e-06
 4.62963e-06
 4.62963e-06
 4.62963e-06
 4.62963e-06
 4.62963e-06
 2.31481e-06
 4.63175e-06
 4.63042e-06
 4.62991e-06
 4.62972e-06
 4.62966e-06
 4.62964e-06
 4.62963e-06
 4.62963e-06
 4.62963e-06
 4.62963e-06
 4.62963e-06
 4.62963e-06
 4.62963e-06
 4.62963e-06
 4.62963e-06
 4.62963e-06
 4.62963e-06
 2.31481e-06
 4.63142e-06
 4.63030e-06
 4.62986e-06
 4.62971e-06
 4.62965e-06
 4.62964e-06
 4.62963e-06
 4.62963e-06
 4.62963e-06
 4.62963e-06
 4.62963e-06
 4.62963e-06
 4.62963e-06
 4.62963e-06
 4.62963e-06
 4.62963e-06
 4.62963e-06
 2.31481e-06
 4.63103e-06
 4.63016e-06
 4.62982e-06
 4.62969e-06
 4.62965e-06
 4.62964e-06
 4.62963e-06
 4.62963e-06
 4.62963e-06
 4.62963e-06
 4.62963e-06
 4.62963e-06
 4.62963e-06
 4.62963e-06
 4.62963e-06
 4.62963e-06
 4.62963e-06
 2.31481e-06
 4.63066e-06
 4.63002e-06
 4.62977e-06
 4.62968e-06
 4.62964e-06
 4.62963e-06
 4.62963e-06
 4.62963e-06
 4.62963e-06
 4.62963e-06
 4.62963e-06
 4.62963e-06
 4.62963e-06
 4.62963e-06
 4.62963e-06
 4.62963e-06
 4.62963e-06
 2.31481e-06
 4.63033e-06
 4.62990e-06
 4.62973e-06
 4.62966e-06
 4.62964e-06
 4.62963e-06
 4.62963e-06
 4.62963e-06
 4.62963e-06
 4.62963e-06
 4.62963e-06
 4.62963e-06
 4.62963e-06
 4.62963e-06
 4.62963e-06
 4.62963e-06
 4.62963e-06
 2.31481e-06
 4.63008e-06
 4.62981e-06
 4.62969e-06
 4.62965e-06
 4.62964e-06
 4.62963e-06
 4.62963e-06
 4.62963e-06
 4.62963e-06
 4.62963e-06
 4.62963e-06
 4.62963e-06
 4.62963e-06
 4.62963e-06
 4.62963e-06
 4.62963e-06
 4.62963e-06
 2.31481e-06
 4.62990e-06
 4.62974e-06
 4.62967e-06
 4.62964e-06
 4.62963e-06
 4.62963e-06
 4.62963e-06
 4.62963e-06
 4.62963e-06
 4.62963e-06
 4.62963e-06
 4.62963e-06
 4.62963e-06
 4.62963e-06
 4.62963e-06
 4.62963e-06
 4.62963e-06
 2.31481e-06
 4.62978e-06
 4.62969e-06
 4.62965e-06
 4.62964e-06
 4.62963e-06
 4.62963e-06
 4.62963e-06
 4.62963e-06
 4.62963e-06
 4.62963e-06
 4.62963e-06
 4.62963e-06
 4.62963e-06
 4.62963e-06
 4.62963e-06
 4.62963e-06
 4.62963e-06
 2.31481e-06
 4.62971e-06
 4.62966e-06
 4.62964e-06
 4.62963e-06
 4.62963e-06
 4.62963e-06
 4.62963e-06
 4.62963e-06
 4.62963e-06
 4.62963e-06
 4.62963e-06
 4.62963e-06
 4.62963e-06
 4.62963e-06
 4.62963e-06
 4.62963e-06
 4.62963e-06
 2.31481e-06
 4.62967e-06
 4.62965e-06
 4.62964e-06
 4.62963e-06
 4.62963e-06
 4.62963e-06
 4.62963e-06
 4.62963e-06
 4.62963e-06
 4.62963e-06
 4.62963e-06
 4.62963e-06
 4.62963e-06
 4.62963e-06
 4.62963e-06
 4.62963e-06
 4.62963e-06
 2.31481e-06
 4.62965e-06
 4.62964e-06
 4.62963e-06
 4.62963e-06
 4.62963e-06
 4.62963e-06
 4.62963e-06
 4.62963e-06
 4.62963e-06
 4.62963e-06
 4.62963e-06
 4.62963e-06
 4.62963e-06
 4.62963e-06
 4.62963e-06
 4.62963e-06
 4.62963e-06
 2.31481e-06
 4.62964e-06
 4.62963e-06
 4.62963e-06
 4.62963e-06
 4.62963e-06
 4.62963e-06
 4.62963e-06
 4.62963e-06
 4.62963e-06
 4.62963e-06
 4.62963e-06
 4.62963e-06
 4.62963e-06
 4.62963e-06
 4.62963e-06
 4.62963e-06
 4.62963e-06
 2.31481e-06
 4.62963e-06
 4.62963e-06
 4.62963e-06
 4.62963e-06
 4.62963e-06
 4.62963e-06
 4.62963e-06
 4.62963e-06
 4.62963e-06
 4.62963e-06
 4.62963e-06
 4.62963e-06
 4.62963e-06
 4.62963e-06
 4.62963e-06
 4.62963e-06
 4.62963e-06
 2.31481e-06
 4.62963e-06
 4.62963e-06
 4.62963e-06
 4.62963e-06
 4.62963e-06
 4.62963e-06
 4.62963e-06
 4.62963e-06
 4.62963e-06
 4.62963e-06
 4.62963e-06
 4.62963e-06
 4.62963e-06
 4.62963e-06
 4.62963e-06
 4.62963e-06
 4.62963e-06
 2.31481e-06
 4.62963e-06
 4.62963e-06
 4.62963e-06
 4.62963e-06
 4.62963e-06
 4.62963e-06
 4.62963e-06
 4.62963e-06
 4.62963e-06
 4.62963e-06
 4.62963e-06
 4.62963e-06
 4.62963e-06
 4.62963e-06
 4.62963e-06
 4.62963e-06
 4.62963e-06
 2.31481e-06
 4.62963e-06
 4.62963e-06
 4.62963e-06
 4.62963e-06
 4.62963e-06
 4.62963e-06
 4.62963e-06
 4.62963e-06
 4.62963e-06
 4.62963e-06
 4.62963e-06
 4.62963e-06
 4.62963e-06
 4.62963e-06
 4.62963e-06
 4.62963e-06
 4.62963e-06
 2.31481e-06
 2.31504e-06
 2.31490e-06
 2.31484e-06
 2.31482e-06
 2.31482e-06
 2.31482e-06
 2.31482e-06
 2.31481e-06
 2.31481e-06
 2.31481e-06
 2.31481e-06
 2.31481e-06
 2.31481e-06
 2.31481e-06
 2.31481e-06
 2.31481e-06
 2.31481e-06
 1.15741e-06
 4.63006e-06
 4.62979e-06
 4.62969e-06
 4.62965e-06
 4.62964e-06
 4.62963e-06
 4.62963e-06
 4.62963e-06
 4.62963e-06
 4.62963e-06
 4.62963e-06
 4.62963e-06
 4.62963e-06
 4.62963e-06
 4.62963e-06
 4.62963e-06
 4.62963e-06
 2.31481e-06
 4.63002e-06
 4.62978e-06
 4.62968e-06
 4.62965e-06
 4.62964e-06
 4.62963e-06
 4.62963e-06
 4.62963e-06
 4.62963e-06
 4.62963e-06
 4.62963e-06
 4.62963e-06
 4.62963e-06
 4.62963e-06
 4.62963e-06
 4.62963e-06
 4.62963e-06
 2.31481e-06
 4.62996e-06
 4.62975e-06
 4.62967e-06
 4.62964e-06
 4.62963e-06
 4.62963e-06
 4.62963e-06
 4.62963e-06
 4.62963e-06
 4.62963e-06
 4.62963e-06
 4.62963e-06
 4.62963e-06
 4.62963e-06
 4.62963e-06
 4.62963e-06
 4.62963e-06
 2.31481e-06
 4.62989e-06
 4.62973e-06
 4.62966e-06
 4.62964e-06
 4.62963e-06
 4.62963e-06
 4.62963e-06
 4.62963e-06
 4.62963e-06
 4.62963e-06
 4.62963e-06
 4.62963e-06
 4.62963e-06
 4.62963e-06
 4.62963e-06
 4.62963e-06
 4.62963e-06
 2.31481e-06
 4.62982e-06
 4.62970e-06
 4.62966e-06
 4.62964e-06
 4.62963e-06
 4.62963e-06
 4.62963e-06
 4.62963e-06
 4.62963e-06
 4.62963e-06
 4.62963e-06
 4.62963e-06
 4.62963e-06
 4.62963e-06
 4.62963e-06
 4.62963e-06
 4.62963e-06
 2.31481e-06
 4.62976e-06
 4.62968e-06
 4.62965e-06
 4.62964e-06
 4.62963e-06
 4.62963e-06
 4.62963e-06
 4.62963e-06
 4.62963e-06
 4.62963e-06
 4.62963e-06
 4.62963e-06
 4.62963e-06
 4.62963e-06
 4.62963e-06
 4.62963e-06
 4.62963e-06
 2.31481e-06
 4.62972e-06
 4.62966e-06
 4.62964e-06
 4.62963e-06
 4.62963e-06
 4.62963e-06
 4.62963e-06
 4.62963e-06
 4.62963e-06
 4.62963e-06
 4.62963e-06
 4.62963e-06
 4.62963e-06
 4.62963e-06
 4.62963e-06
 4.62963e-06
 4.62963e-06
 2.31481e-06
 4.62968e-06
 4.62965e-06
 4.62964e-06
 4.62963e-06
 4.62963e-06
 4.62963e-06
 4.62963e-06
 4.62963e-06
 4.62963e-06
 4.62963e-06
 4.62963e-06
 4.62963e-06
 4.62963e-06
 4.62963e-06
 4.62963e-06
 4.62963e-06
 4.62963e-06
 2.31481e-06
 4.62966e-06
 4.62964e-06
 4.62963e-06
 4.62963e-06
 4.62963e-06
 4.62963e-06
 4.62963e-06
 4.62963e-06
 4.62963e-06
 4.62963e-06
 4.62963e-06
 4.62963e-06
 4.62963e-06
 4.62963e-06
 4.62963e-06
 4.62963e-06
 4.62963e-06
 2.31481e-06
 4.62965e-06
 4.62964e-06
 4.62963e-06
 4.62963e-06
 4.62963e-06
 4.62963e-06
 4.62963e-06
 4.62963e-06
 4.62963e-06
 4.62963e-06
 4.62963e-06
 4.62963e-06
 4.62963e-06
 4.62963e-06
 4.62963e-06
 4.62963e-06
 4.62963e-06
 2.31481e-06
 4.62964e-06
 4.62963e-06
 4.62963e-06
 4.62963e-06
 4.62963e-06
 4.62963e-06
 4.62963e-06
 4.62963e-06
 4.62963e-06
 4.62963e-06
 4.62963e-06
 4.62963e-06
 4.62963e-06
 4.62963e-06
 4.62963e-06
 4.62963e-06
 4.62963e-06
 2.31481e-06
 4.62963e-06
 4.62963e-06
 4.62963e-06
 4.62963e-06
 4.62963e-06
 4.62963e-06
 4.62963e-06
 4.62963e-06
 4.62963e-06
 4.62963e-06
 4.62963e-06
 4.62963e-06
 4.62963e-06
 4.62963e-06
 4.62963e-06
 4.62963e-06
 4.62963e-06
 2.31481e-06
 4.62963e-06
 4.62963e-06
 4.62963e-06
 4.62963e-06
 4.62963e-06
 4.62963e-06
 4.62963e-06
 4.62963e-06
 4.62963e-06
 4.62963e-06
 4.62963e-06
 4.62963e-06
 4.62963e-06
 4.62963e-06
 4.62963e-06
 4.62963e-06
 4.62963e-06
 2.31481e-06
 4.62963e-06
 4.62963e-06
 4.62963e-06
 4.62963e-06
 4.62963e-06
 4.62963e-06
 4.62963e-06
 4.62963e-06
 4.62963e-06
 4.62963e-06
 4.62963e-06
 4.62963e-06
 4.62963e-06
 4.62963e-06
 4.62963e-06
 4.62963e-06
 4.62963e-06
 2.31481e-06
 4.62963e-06
 4.62963e-06
 4.62963e-06
 4.62963e-06
 4.62963e-06
 4.62963e-06
 4.62963e-06
 4.62963e-06
 4.62963e-06
 4.62963e-06
 4.62963e-06
 4.62963e-06
 4.62963e-06
 4.62963e-06
 4.62963e-06
 4.62963e-06
 4.62963e-06
 2.31481e-06
 4.62963e-06
 4.62963e-06
 4.62963e-06
 4.62963e-06
 4.62963e-06
 4.62963e-06
 4.62963e-06
 4.62963e-06
 4.62963e-06
 4.62963e-06
 4.62963e-06
 4.62963e-06
 4.62963e-06
 4.62963e-06
 4.62963e-06
 4.62963e-06
 4.62963e-06
 2.31481e-06
 4.62963e-06
 4.62963e-06
 4.62963e-06
 4.62963e-06
 4.62963e-06
 4.62963e-06
 4.62963e-06
 4.62963e-06
 4.62963e-06
 4.62963e-06
 4.62963e-06
 4.62963e-06
 4.62963e-06
 4.62963e-06
 4.62963e-06
 4.62963e-06
 4.62963e-06
 2.31481e-06
 2.31485e-06
 2.31483e-06
 2.31482e-06
 2.31482e-06
 2.31482e-06
 2.31481e-06
 2.31481e-06
 2.31481e-06
 2.31481e-06
 2.31481e-06
 2.31481e-06
 2.31481e-06
 2.31481e-06
 2.31481e-06
 2.31481e-06
 2.31481e-06
 2.31481e-06
 1.15741e-06
 4.62970e-06
 4.62966e-06
 4.62964e-06
 4.62963e-06
 4.62963e-06
 4.62963e-06
 4.62963e-06
 4.62963e-06
 4.62963e-06
 4.62963e-06
 4.62963e-06
 4.62963e-06
 4.62963e-06
 4.62963e-06
 4.62963e-06
 4.62963e-06
 4.62963e-06
 2.31481e-06
 4.62969e-06
 4.62965e-06
 4.62964e-06
 4.62963e-06
 4.62963e-06
 4.62963e-06
 4.62963e-06
 4.62963e-06
 4.62963e-06
 4.62963e-06
 4.62963e-06
 4.62963e-06
 4.62963e-06
 4.62963e-06
 4.62963e-06
 4.62963e-06
 4.62963e-06
 2.31481e-06
 4.62968e-06
 4.62965e-06
 4.62964e-06
 4.62963e-06
 4.62963e-06
 4.62963e-06
 4.62963e-06
 4.62963e-06
 4.62963e-06
 4.62963e-06
 4.62963e-06
 4.62963e-06
 4.62963e-06
 4.62963e-06
 4.62963e-06
 4.62963e-06
 4.62963e-06
 2.31481e-06
 4.62967e-06
 4.62965e-06
 4.62964e-06
 4.62963e-06
 4.62963e-06
 4.62963e-06
 4.62963e-06
 4.62963e-06
 4.62963e-06
 4.62963e-06
 4.62963e-06
 4.62963e-06
 4.62963e-06
 4.62963e-06
 4.62963e-06
 4.62963e-06
 4.62963e-06
 2.31481e-06
 4.62966e-06
 4.62964e-06
 4.62963e-06
 4.62963e-06
 4.62963e-06
 4.62963e-06
 4.62963e-06
 4.62963e-06
 4.62963e-06
 4.62963e-06
 4.62963e-06
 4.62963e-06
 4.62963e-06
 4.62963e-06
 4.62963e-06
 4.62963e-06
 4.62963e-06
 2.31481e-06
 4.62965e-06
 4.62964e-06
 4.62963e-06
 4.62963e-06
 4.62963e-06
 4.62963e-06
 4.62963e-06
 4.62963e-06
 4.62963e-06
 4.62963e-06
 4.62963e-06
 4.62963e-06
 4.62963e-06
 4.62963e-06
 4.62963e-06
 4.62963e-06
 4.62963e-06
 2.31481e-06
 4.62964e-06
 4.62964e-06
 4.62963e-06
 4.62963e-06
 4.62963e-06
 4.62963e-06
 4.62963e-06
 4.62963e-06
 4.62963e-06
 4.62963e-06
 4.62963e-06
 4.62963e-06
 4.62963e-06
 4.62963e-06
 4.62963e-06
 4.62963e-06
 4.62963e-06
 2.31481e-06
 4.62964e-06
 4.62963e-06
 4.62963e-06
 4.62963e-06
 4.62963e-06
 4.62963e-06
 4.62963e-06
 4.62963e-06
 4.62963e-06
 4.62963e-06
 4.62963e-06
 4.62963e-06
 4.62963e-06
 4.62963e-06
 4.62963e-06
 4.62963e-06
 4.62963e-06
 2.31481e-06
 4.62963e-06
 4.62963e-06
 4.62963e-06
 4.62963e-06
 4.62963e-06
 4.62963e-06
 4.62963e-06
 4.62963e-06
 4.62963e-06
 4.62963e-06
 4.62963e-06
 4.62963e-06
 4.62963e-06
 4.62963e-06
 4.62963e-06
 4.62963e-06
 4.62963e-06
 2.31481e-06
 4.62963e-06
 4.62963e-06
 4.62963e-06
 4.62963e-06
 4.62963e-06
 4.62963e-06
 4.62963e-06
 4.62963e-06
 4.62963e-06
 4.62963e-06
 4.62963e-06
 4.62963e-06
 4.62963e-06
 4.62963e-06
 4.62963e-06
 4.62963e-06
 4.62963e-06
 2.31481e-06
 4.62963e-06
 4.62963e-06
 4.62963e-06
 4.62963e-06
 4.62963e-06
 4.62963e-06
 4.62963e-06
 4.62963e-06
 4.62963e-06
 4.62963e-06
 4.62963e-06
 4.62963e-06
 4.62963e-06
 4.62963e-06
 4.62963e-06
 4.62963e-06
 4.62963e-06
 2.31481e-06
 4.62963e-06
 4.62963e-06
 4.62963e-06
 4.62963e-06
 4.62963e-06
 4.62963e-06
 4.62963e-06
 4.62963e-06
 4.62963e-06
 4.62963e-06
 4.62963e-06
 4.62963e-06
 4.62963e-06
 4.62963e-06
 4.62963e-06
 4.62963e-06
 4.62963e-06
 2.31481e-06
 4.62963e-06
 4.62963e-06
 4.62963e-06
 4.62963e-06
 4.62963e-06
 4.62963e-06
 4.62963e-06
 4.62963e-06
 4.62963e-06
 4.62963e-06
 4.62963e-06
 4.62963e-06
 4.62963e-06
 4.62963e-06
 4.62963e-06
 4.62963e-06
 4.62963e-06
 2.31481e-06
 4.62963e-06
 4.62963e-06
 4.62963e-06
 4.62963e-06
 4.62963e-06
 4.62963e-06
 4.62963e-06
 4.62963e-06
 4.62963e-06
 4.62963e-06
 4.62963e-06
 4.62963e-06
 4.62963e-06
 4.62963e-06
 4.62963e-06
 4.62963e-06
 4.62963e-06
 2.31481e-06
 4.62963e-06
 4.62963e-06
 4.62963e-06
 4.62963e-06
 4.62963e-06
 4.62963e-06
 4.62963e-06
 4.62963e-06
 4.62963e-06
 4.62963e-06
 4.62963e-06
 4.62963e-06
 4.62963e-06
 4.62963e-06
 4.62963e-06
 4.62963e-06
 4.62963e-06
 2.31481e-06
 4.62963e-06
 4.62963e-06
 4.62963e-06
 4.62963e-06
 4.62963e-06
 4.62963e-06
 4.62963e-06
 4.62963e-06
 4.62963e-06
 4.62963e-06
 4.62963e-06
 4.62963e-06
 4.62963e-06
 4.62963e-06
 4.62963e-06
 4.62963e-06
 4.62963e-06
 2.31481e-06
 4.62963e-06
 4.62963e-06
 4.62963e-06
 4.62963e-06
 4.62963e-06
 4.62963e-06
 4.62963e-06
 4.62963e-06
 4.62963e-06
 4.62963e-06
 4.62963e-06
 4.62963e-06
 4.62963e-06
 4.62963e-06
 4.62963e-06
 4.62963e-06
 4.62963e-06
 2.31481e-06
 2.31482e-06
 2.31482e-06
 2.31482e-06
 2.31482e-06
 2.31481e-06
 2.31481e-06
 2.31481e-06
 2.31481e-06
 2.31481e-06
 2.31481e-06
 2.31481e-06
 2.31481e-06
 2.31481e-06
 2.31481e-06
 2.31481e-06
 2.31481e-06
 2.31481e-06
 1.15741e-06
 4.62964e-06
 4.62963e-06
 4.62963e-06
 4.62963e-06
 4.62963e-06
 4.62963e-06
 4.62963e-06
 4.62963e-06
 4.62963e-06
 4.62963e-06
 4.62963e-06
 4.62963e-06
 4.62963e-06
 4.62963e-06
 4.62963e-06
 4.62963e-06
 4.62963e-06
 2.31481e-06
 4.62964e-06
 4.62963e-06
 4.62963e-06
 4.62963e-06
 4.62963e-06
 4.62963e-06
 4.62963e-06
 4.62963e-06
 4.62963e-06
 4.62963e-06
 4.62963e-06
 4.62963e-06
 4.62963e-06
 4.62963e-06
 4.62963e-06
 4.62963e-06
 4.62963e-06
 2.31481e-06
 4.62964e-06
 4.62963e-06
 4.62963e-06
 4.62963e-06
 4.62963e-06
 4.62963e-06
 4.62963e-06
 4.62963e-06
 4.62963e-06
 4.62963e-06
 4.62963e-06
 4.62963e-06
 4.62963e-06
 4.62963e-06
 4.62963e-06
 4.62963e-06
 4.62963e-06
 2.31481e-06
 4.62964e-06
 4.62963e-06
 4.62963e-06
 4.62963e-06
 4.62963e-06
 4.62963e-06
 4.62963e-06
 4.62963e-06
 4.62963e-06
 4.62963e-06
 4.62963e-06
 4.62963e-06
 4.62963e-06
 4.62963e-06
 4.62963e-06
 4.62963e-06
 4.62963e-06
 2.31481e-06
 4.62963e-06
 4.62963e-06
 4.62963e-06
 4.62963e-06
 4.62963e-06
 4.62963e-06
 4.62963e-06
 4.62963e-06
 4.62963e-06
 4.62963e-06
 4.62963e-06
 4.62963e-06
 4.62963e-06
 4.62963e-06
 4.62963e-06
 4.62963e-06
 4.62963e-06
 2.31481e-06
 4.62963e-06
 4.62963e-06
 4.62963e-06
 4.62963e-06
 4.62963e-06
 4.62963e-06
 4.62963e-06
 4.62963e-06
 4.62963e-06
 4.62963e-06
 4.62963e-06
 4.62963e-06
 4.62963e-06
 4.62963e-06
 4.62963e-06
 4.62963e-06
 4.62963e-06
 2.31481e-06
 4.62963e-06
 4.62963e-06
 4.62963e-06
 4.62963e-06
 4.62963e-06
 4.62963e-06
 4.62963e-06
 4.62963e-06
 4.62963e-06
 4.62963e-06
 4.62963e-06
 4.62963e-06
 4.62963e-06
 4.62963e-06
 4.62963e-06
 4.62963e-06
 4.62963e-06
 2.31481e-06
 4.62963e-06
 4.62963e-06
 4.62963e-06
 4.62963e-06
 4.62963e-06
 4.62963e-06
 4.62963e-06
 4.62963e-06
 4.62963e-06
 4.62963e-06
 4.62963e-06
 4.62963e-06
 4.62963e-06
 4.62963e-06
 4.62963e-06
 4.62963e-06
 4.62963e-06
 2.31481e-06
 4.62963e-06
 4.62963e-06
 4.62963e-06
 4.62963e-06
 4.62963e-06
 4.62963e-06
 4.62963e-06
 4.62963e-06
 4.62963e-06
 4.62963e-06
 4.62963e-06
 4.62963e-06
 4.62963e-06
 4.62963e-06
 4.62963e-06
 4.62963e-06
 4.62963e-06
 2.31481e-06
 4.62963e-06
 4.62963e-06
 4.62963e-06
 4.62963e-06
 4.62963e-06
 4.62963e-06
 4.62963e-06
 4.62963e-06
 4.62963e-06
 4.62963e-06
 4.62963e-06
 4.62963e-06
 4.62963e-06
 4.62963e-06
 4.62963e-06
 4.62963e-06
 4.62963e-06
 2.31481e-06
 4.62963e-06
 4.62963e-06
 4.62963e-06
 4.62963e-06
 4.62963e-06
 4.62963e-06
 4.62963e-06
 4.62963e-06
 4.62963e-06
 4.62963e-06
 4.62963e-06
 4.62963e-06
 4.62963e-06
 4.62963e-06
 4.62963e-06
 4.62963e-06
 4.62963e-06
 2.31481e-06
 4.62963e-06
 4.62963e-06
 4.62963e-06
 4.62963e-06
 4.62963e-06
 4.62963e-06
 4.62963e-06
 4.62963e-06
 4.62963e-06
 4.62963e-06
 4.62963e-06
 4.62963e-06
 4.62963e-06
 4.62963e-06
 4.62963e-06
 4.62963e-06
 4.62963e-06
 2.31481e-06
 4.62963e-06
 4.62963e-06
 4.62963e-06
 4.62963e-06
 4.62963e-06
 4.62963e-06
 4.62963e-06
 4.62963e-06
 4.62963e-06
 4.62963e-06
 4.62963e-06
 4.62963e-06
 4.62963e-06
 4.62963e-06
 4.62963e-06
 4.62963e-06
 4.62963e-06
 2.31481e-06
 4.62963e-06
 4.62963e-06
 4.62963e-06
 4.62963e-06
 4.62963e-06
 4.62963e-06
 4.62963e-06
 4.62963e-06
 4.62963e-06
 4.62963e-06
 4.62963e-06
 4.62963e-06
 4.62963e-06
 4.62963e-06
 4.62963e-06
 4.62963e-06
 4.62963e-06
 2.31481e-06
 4.62963e-06
 4.62963e-06
 4.62963e-06
 4.62963e-06
 4.62963e-06
 4.62963e-06
 4.62963e-06
 4.62963e-06
 4.62963e-06
 4.62963e-06
 4.62963e-06
 4.62963e-06
 4.62963e-06
 4.62963e-06
 4.62963e-06
 4.62963e-06
 4.62963e-06
 2.31481e-06
 4.62963e-06
 4.62963e-06
 4.62963e-06
 4.62963e-06
 4.62963e-06
 4.62963e-06
 4.62963e-06
 4.62963e-06
 4.62963e-06
 4.62963e-06
 4.62963e-06
 4.62963e-06
 4.62963e-06
 4.62963e-06
 4.62963e-06
 4.62963e-06
 4.62963e-06
 2.31481e-06
 4.62963e-06
 4.62963e-06
 4.62963e-06
 4.62963e-06
 4.62963e-06
 4.62963e-06
 4.62963e-06
 4.62963e-06
 4.62963e-06
 4.62963e-06
 4.62963e-06
 4.62963e-06
 4.62963e-06
 4.62963e-06
 4.62963e-06
 4.62963e-06
 4.62963e-06
 2.31481e-06
 2.31482e-06
 2.31482e-06
 2.31481e-06
 2.31481e-06
 2.31481e-06
 2.31481e-06
 2.31481e-06
 2.31481e-06
 2.31481e-06
 2.31481e-06
 2.31481e-06
 2.31481e-06
 2.31481e-06
 2.31481e-06
 2.31481e-06
 2.31481e-06
 2.31481e-06
 1.15741e-06
 4.62963e-06
 4.62963e-06
 4.62963e-06
 4.62963e-06
 4.62963e-06
 4.62963e-06
 4.62963e-06
 4.62963e-06
 4.62963e-06
 4.62963e-06
 4.62963e-06
 4.62963e-06
 4.62963e-06
 4.62963e-06
 4.62963e-06
 4.62963e-06
 4.62963e-06
 2.31481e-06
 4.62963e-06
 4.62963e-06
 4.62963e-06
 4.62963e-06
 4.62963e-06
 4.62963e-06
 4.62963e-06
 4.62963e-06
 4.62963e-06
 4.62963e-06
 4.62963e-06
 4.62963e-06
 4.62963e-06
 4.62963e-06
 4.62963e-06
 4.62963e-06
 4.62963e-06
 2.31481e-06
 4.62963e-06
 4.62963e-06
 4.62963e-06
 4.62963e-06
 4.62963e-06
 4.62963e-06
 4.62963e-06
 4.62963e-06
 4.62963e-06
 4.62963e-06
 4.62963e-06
 4.62963e-06
 4.62963e-06
 4.62963e-06
 4.62963e-06
 4.62963e-06
 4.62963e-06
 2.31481e-06
 4.62963e-06
 4.62963e-06
 4.62963e-06
 4.62963e-06
 4.62963e-06
 4.62963e-06
 4.62963e-06
 4.62963e-06
 4.62963e-06
 4.62963e-06
 4.62963e-06
 4.62963e-06
 4.62963e-06
 4.62963e-06
 4.62963e-06
 4.62963e-06
 4.62963e-06
 2.31481e-06
 4.62963e-06
 4.62963e-06
 4.62963e-06
 4.62963e-06
 4.62963e-06
 4.62963e-06
 4.62963e-06
 4.62963e-06
 4.62963e-06
 4.62963e-06
 4.62963e-06
 4.62963e-06
 4.62963e-06
 4.62963e-06
 4.62963e-06
 4.62963e-06
 4.62963e-06
 2.31481e-06
 4.62963e-06
 4.62963e-06
 4.62963e-06
 4.62963e-06
 4.62963e-06
 4.62963e-06
 4.62963e-06
 4.62963e-06
 4.62963e-06
 4.62963e-06
 4.62963e-06
 4.62963e-06
 4.62963e-06
 4.62963e-06
 4.62963e-06
 4.62963e-06
 4.62963e-06
 2.31481e-06
 4.62963e-06
 4.62963e-06
 4.62963e-06
 4.62963e-06
 4.62963e-06
 4.62963e-06
 4.62963e-06
 4.62963e-06
 4.62963e-06
 4.62963e-06
 4.62963e-06
 4.62963e-06
 4.62963e-06
 4.62963e-06
 4.62963e-06
 4.62963e-06
 4.62963e-06
 2.31481e-06
 4.62963e-06
 4.62963e-06
 4.62963e-06
 4.62963e-06
 4.62963e-06
 4.62963e-06
 4.62963e-06
 4.62963e-06
 4.62963e-06
 4.62963e-06
 4.62963e-06
 4.62963e-06
 4.62963e-06
 4.62963e-06
 4.62963e-06
 4.62963e-06
 4.62963e-06
 2.31481e-06
 4.62963e-06
 4.62963e-06
 4.62963e-06
 4.62963e-06
 4.62963e-06
 4.62963e-06
 4.62963e-06
 4.62963e-06
 4.62963e-06
 4.62963e-06
 4.62963e-06
 4.62963e-06
 4.62963e-06
 4.62963e-06
 4.62963e-06
 4.62963e-06
 4.62963e-06
 2.31481e-06
 4.62963e-06
 4.62963e-06
 4.62963e-06
 4.62963e-06
 4.62963e-06
 4.62963e-06
 4.62963e-06
 4.62963e-06
 4.62963e-06
 4.62963e-06
 4.62963e-06
 4.62963e-06
 4.62963e-06
 4.62963e-06
 4.62963e-06
 4.62963e-06
 4.62963e-06
 2.31481e-06
 4.62963e-06
 4.62963e-06
 4.62963e-06
 4.62963e-06
 4.62963e-06
 4.62963e-06
 4.62963e-06
 4.62963e-06
 4.62963e-06
 4.62963e-06
 4.62963e-06
 4.62963e-06
 4.62963e-06
 4.62963e-06
 4.62963e-06
 4.62963e-06
 4.62963e-06
 2.31481e-06
 4.62963e-06
 4.62963e-06
 4.62963e-06
 4.62963e-06
 4.62963e-06
 4.62963e-06
 4.62963e-06
 4.62963e-06
 4.62963e-06
 4.62963e-06
 4.62963e-06
 4.62963e-06
 4.62963e-06
 4.62963e-06
 4.62963e-06
 4.62963e-06
 4.62963e-06
 2.31481e-06
 4.62963e-06
 4.62963e-06
 4.62963e-06
 4.62963e-06
 4.62963e-06
 4.62963e-06
 4.62963e-06
 4.62963e-06
 4.62963e-06
 4.62963e-06
 4.62963e-06
 4.62963e-06
 4.62963e-06
 4.62963e-06
 4.62963e-06
 4.62963e-06
 4.62963e-06
 2.31481e-06
 4.62963e-06
 4.62963e-06
 4.62963e-06
 4.62963e-06
 4.62963e-06
 4.62963e-06
 4.62963e-06
 4.62963e-06
 4.62963e-06
 4.62963e-06
 4.62963e-06
 4.62963e-06
 4.62963e-06
 4.62963e-06
 4.62963e-06
 4.62963e-06
 4.62963e-06
 2.31481e-06
 4.62963e-06
 4.62963e-06
 4.62963e-06
 4.62963e-06
 4.62963e-06
 4.62963e-06
 4.62963e-06
 4.62963e-06
 4.62963e-06
 4.62963e-06
 4.62963e-06
 4.62963e-06
 4.62963e-06
 4.62963e-06
 4.62963e-06
 4.62963e-06
 4.62963e-06
 2.31481e-06
 4.62963e-06
 4.62963e-06
 4.62963e-06
 4.62963e-06
 4.62963e-06
 4.62963e-06
 4.62963e-06
 4.62963e-06
 4.62963e-06
 4.62963e-06
 4.62963e-06
 4.62963e-06
 4.62963e-06
 4.62963e-06
 4.62963e-06
 4.62963e-06
 4.62963e-06
 2.31481e-06
 4.62963e-06
 4.62963e-06
 4.62963e-06
 4.62963e-06
 4.62963e-06
 4.62963e-06
 4.62963e-06
 4.62963e-06
 4.62963e-06
 4.62963e-06
 4.62963e-06
 4.62963e-06
 4.62963e-06
 4.62963e-06
 4.62963e-06
 4.62963e-06
 4.62963e-06
 2.31481e-06
 2.31481e-06
 2.31481e-06
 2.31481e-06
 2.31481e-06
 2.31481e-06
 2.31481e-06
 2.31481e-06
 2.31481e-06
 2.31481e-06
 2.31481e-06
 2.31481e-06
 2.31481e-06
 2.31481e-06
 2.31481e-06
 2.31481e-06
 2.31481e-06
 2.31481e-06
 1.15741e-06
 4.62963e-06
 4.62963e-06
 4.62963e-06
 4.62963e-06
 4.62963e-06
 4.62963e-06
 4.62963e-06
 4.62963e-06
 4.62963e-06
 4.62963e-06
 4.62963e-06
 4.62963e-06
 4.62963e-06
 4.62963e-06
 4.62963e-06
 4.62963e-06
 4.62963e-06
 2.31481e-06
 4.62963e-06
 4.62963e-06
 4.62963e-06
 4.62963e-06
 4.62963e-06
 4.62963e-06
 4.62963e-06
 4.62963e-06
 4.62963e-06
 4.62963e-06
 4.62963e-06
 4.62963e-06
 4.62963e-06
 4.62963e-06
 4.62963e-06
 4.62963e-06
 4.62963e-06
 2.31481e-06
 4.62963e-06
 4.62963e-06
 4.62963e-06
 4.62963e-06
 4.62963e-06
 4.62963e-06
 4.62963e-06
 4.62963e-06
 4.62963e-06
 4.62963e-06
 4.62963e-06
 4.62963e-06
 4.62963e-06
 4.62963e-06
 4.62963e-06
 4.62963e-06
 4.62963e-06
 2.31481e-06
 4.62963e-06
 4.62963e-06
 4.62963e-06
 4.62963e-06
 4.62963e-06
 4.62963e-06
 4.62963e-06
 4.62963e-06
 4.62963e-06
 4.62963e-06
 4.62963e-06
 4.62963e-06
 4.62963e-06
 4.62963e-06
 4.62963e-06
 4.62963e-06
 4.62963e-06
 2.31481e-06
 4.62963e-06
 4.62963e-06
 4.62963e-06
 4.62963e-06
 4.62963e-06
 4.62963e-06
 4.62963e-06
 4.62963e-06
 4.62963e-06
 4.62963e-06
 4.62963e-06
 4.62963e-06
 4.62963e-06
 4.62963e-06
 4.62963e-06
 4.62963e-06
 4.62963e-06
 2.31481e-06
 4.62963e-06
 4.62963e-06
 4.62963e-06
 4.62963e-06
 4.62963e-06
 4.62963e-06
 4.62963e-06
 4.62963e-06
 4.62963e-06
 4.62963e-06
 4.62963e-06
 4.62963e-06
 4.62963e-06
 4.62963e-06
 4.62963e-06
 4.62963e-06
 4.62963e-06
 2.31481e-06
 4.62963e-06
 4.62963e-06
 4.62963e-06
 4.62963e-06
 4.62963e-06
 4.62963e-06
 4.62963e-06
 4.62963e-06
 4.62963e-06
 4.62963e-06
 4.62963e-06
 4.62963e-06
 4.62963e-06
 4.62963e-06
 4.62963e-06
 4.62963e-06
 4.62963e-06
 2.31481e-06
 4.62963e-06
 4.62963e-06
 4.62963e-06
 4.62963e-06
 4.62963e-06
 4.62963e-06
 4.62963e-06
 4.62963e-06
 4.62963e-06
 4.62963e-06
 4.62963e-06
 4.62963e-06
 4.62963e-06
 4.62963e-06
 4.62963e-06
 4.62963e-06
 4.62963e-06
 2.31481e-06
 4.62963e-06
 4.62963e-06
 4.62963e-06
 4.62963e-06
 4.62963e-06
 4.62963e-06
 4.62963e-06
 4.62963e-06
 4.62963e-06
 4.62963e-06
 4.62963e-06
 4.62963e-06
 4.62963e-06
 4.62963e-06
 4.62963e-06
 4.62963e-06
 4.62963e-06
 2.31481e-06
 4.62963e-06
 4.62963e-06
 4.62963e-06
 4.62963e-06
 4.62963e-06
 4.62963e-06
 4.62963e-06
 4.62963e-06
 4.62963e-06
 4.62963e-06
 4.62963e-06
 4.62963e-06
 4.62963e-06
 4.62963e-06
 4.62963e-06
 4.62963e-06
 4.62963e-06
 2.31481e-06
 4.62963e-06
 4.62963e-06
 4.62963e-06
 4.62963e-06
 4.62963e-06
 4.62963e-06
 4.62963e-06
 4.62963e-06
 4.62963e-06
 4.62963e-06
 4.62963e-06
 4.62963e-06
 4.62963e-06
 4.62963e-06
 4.62963e-06
 4.62963e-06
 4.62963e-06
 2.31481e-06
 4.62963e-06
 4.62963e-06
 4.62963e-06
 4.62963e-06
 4.62963e-06
 4.62963e-06
 4.62963e-06
 4.62963e-06
 4.62963e-06
 4.62963e-06
 4.62963e-06
 4.62963e-06
 4.62963e-06
 4.62963e-06
 4.62963e-06
 4.62963e-06
 4.62963e-06
 2.31481e-06
 4.62963e-06
 4.62963e-06
 4.62963e-06
 4.62963e-06
 4.62963e-06
 4.62963e-06
 4.62963e-06
 4.62963e-06
 4.62963e-06
 4.62963e-06
 4.62963e-06
 4.62963e-06
 4.62963e-06
 4.62963e-06
 4.62963e-06
 4.62963e-06
 4.62963e-06
 2.31481e-06
 4.62963e-06
 4.62963e-06
 4.62963e-06
 4.62963e-06
 4.62963e-06
 4.62963e-06
 4.62963e-06
 4.62963e-06
 4.62963e-06
 4.62963e-06
 4.62963e-06
 4.62963e-06
 4.62963e-06
 4.62963e-06
 4.62963e-06
 4.62963e-06
 4.62963e-06
 2.31481e-06
 4.62963e-06
 4.62963e-06
 4.62963e-06
 4.62963e-06
 4.62963e-06
 4.62963e-06
 4.62963e-06
 4.62963e-06
 4.62963e-06
 4.62963e-06
 4.62963e-06
 4.62963e-06
 4.62963e-06
 4.62963e-06
 4.62963e-06
 4.62963e-06
 4.62963e-06
 2.31481e-06
 4.62963e-06
 4.62963e-06
 4.62963e-06
 4.62963e-06
 4.62963e-06
 4.62963e-06
 4.62963e-06
 4.62963e-06
 4.62963e-06
 4.62963e-06
 4.62963e-06
 4.62963e-06
 4.62963e-06
 4.62963e-06
 4.62963e-06
 4.62963e-06
 4.62963e-06
 2.31481e-06
 4.62963e-06
 4.62963e-06
 4.62963e-06
 4.62963e-06
 4.62963e-06
 4.62963e-06
 4.62963e-06
 4.62963e-06
 4.62963e-06
 4.62963e-06
 4.62963e-06
 4.62963e-06
 4.62963e-06
 4.62963e-06
 4.62963e-06
 4.62963e-06
 4.62963e-06
 2.31481e-06
 2.31481e-06
 2.31481e-06
 2.31481e-06
 2.31481e-06
 2.31481e-06
 2.31481e-06
 2.31481e-06
 2.31481e-06
 2.31481e-06
 2.31481e-06
 2.31481e-06
 2.31481e-06
 2.31481e-06
 2.31481e-06
 2.31481e-06
 2.31481e-06
 2.31481e-06
 1.15741e-06
 4.62963e-06
 4.62963e-06
 4.62963e-06
 4.62963e-06
 4.62963e-06
 4.62963e-06
 4.62963e-06
 4.62963e-06
 4.62963e-06
 4.62963e-06
 4.62963e-06
 4.62963e-06
 4.62963e-06
 4.62963e-06
 4.62963e-06
 4.62963e-06
 4.62963e-06
 2.31481e-06
 4.62963e-06
 4.62963e-06
 4.62963e-06
 4.62963e-06
 4.62963e-06
 4.62963e-06
 4.62963e-06
 4.62963e-06
 4.62963e-06
 4.62963e-06
 4.62963e-06
 4.62963e-06
 4.62963e-06
 4.62963e-06
 4.62963e-06
 4.62963e-06
 4.62963e-06
 2.31481e-06
 4.62963e-06
 4.62963e-06
 4.62963e-06
 4.62963e-06
 4.62963e-06
 4.62963e-06
 4.62963e-06
 4.62963e-06
 4.62963e-06
 4.62963e-06
 4.62963e-06
 4.62963e-06
 4.62963e-06
 4.62963e-06
 4.62963e-06
 4.62963e-06
 4.62963e-06
 2.31481e-06
 4.62963e-06
 4.62963e-06
 4.62963e-06
 4.62963e-06
 4.62963e-06
 4.62963e-06
 4.62963e-06
 4.62963e-06
 4.62963e-06
 4.62963e-06
 4.62963e-06
 4.62963e-06
 4.62963e-06
 4.62963e-06
 4.62963e-06
 4.62963e-06
 4.62963e-06
 2.31481e-06
 4.62963e-06
 4.62963e-06
 4.62963e-06
 4.62963e-06
 4.62963e-06
 4.62963e-06
 4.62963e-06
 4.62963e-06
 4.62963e-06
 4.62963e-06
 4.62963e-06
 4.62963e-06
 4.62963e-06
 4.62963e-06
 4.62963e-06
 4.62963e-06
 4.62963e-06
 2.31481e-06
 4.62963e-06
 4.62963e-06
 4.62963e-06
 4.62963e-06
 4.62963e-06
 4.62963e-06
 4.62963e-06
 4.62963e-06
 4.62963e-06
 4.62963e-06
 4.62963e-06
 4.62963e-06
 4.62963e-06
 4.62963e-06
 4.62963e-06
 4.62963e-06
 4.62963e-06
 2.31481e-06
 4.62963e-06
 4.62963e-06
 4.62963e-06
 4.62963e-06
 4.62963e-06
 4.62963e-06
 4.62963e-06
 4.62963e-06
 4.62963e-06
 4.62963e-06
 4.62963e-06
 4.62963e-06
 4.62963e-06
 4.62963e-06
 4.62963e-06
 4.62963e-06
 4.62963e-06
 2.31481e-06
 4.62963e-06
 4.62963e-06
 4.62963e-06
 4.62963e-06
 4.62963e-06
 4.62963e-06
 4.62963e-06
 4.62963e-06
 4.62963e-06
 4.62963e-06
 4.62963e-06
 4.62963e-06
 4.62963e-06
 4.62963e-06
 4.62963e-06
 4.62963e-06
 4.62963e-06
 2.31481e-06
 4.62963e-06
 4.62963e-06
 4.62963e-06
 4.62963e-06
 4.62963e-06
 4.62963e-06
 4.62963e-06
 4.62963e-06
 4.62963e-06
 4.62963e-06
 4.62963e-06
 4.62963e-06
 4.62963e-06
 4.62963e-06
 4.62963e-06
 4.62963e-06
 4.62963e-06
 2.31481e-06
 4.62963e-06
 4.62963e-06
 4.62963e-06
 4.62963e-06
 4.62963e-06
 4.62963e-06
 4.62963e-06
 4.62963e-06
 4.62963e-06
 4.62963e-06
 4.62963e-06
 4.62963e-06
 4.62963e-06
 4.62963e-06
 4.62963e-06
 4.62963e-06
 4.62963e-06
 2.31481e-06
 4.62963e-06
 4.62963e-06
 4.62963e-06
 4.62963e-06
 4.62963e-06
 4.62963e-06
 4.62963e-06
 4.62963e-06
 4.62963e-06
 4.62963e-06
 4.62963e-06
 4.62963e-06
 4.62963e-06
 4.62963e-06
 4.62963e-06
 4.62963e-06
 4.62963e-06
 2.31481e-06
 4.62963e-06
 4.62963e-06
 4.62963e-06
 4.62963e-06
 4.62963e-06
 4.62963e-06
 4.62963e-06
 4.62963e-06
 4.62963e-06
 4.62963e-06
 4.62963e-06
 4.62963e-06
 4.62963e-06
 4.62963e-06
 4.62963e-06
 4.62963e-06
 4.62963e-06
 2.31481e-06
 4.62963e-06
 4.62963e-06
 4.62963e-06
 4.62963e-06
 4.62963e-06
 4.62963e-06
 4.62963e-06
 4.62963e-06
 4.62963e-06
 4.62963e-06
 4.62963e-06
 4.62963e-06
 4.62963e-06
 4.62963e-06
 4.62963e-06
 4.62963e-06
 4.62963e-06
 2.31481e-06
 4.62963e-06
 4.62963e-06
 4.62963e-06
 4.62963e-06
 4.62963e-06
 4.62963e-06
 4.62963e-06
 4.62963e-06
 4.62963e-06
 4.62963e-06
 4.62963e-06
 4.62963e-06
 4.62963e-06
 4.62963e-06
 4.62963e-06
 4.62963e-06
 4.62963e-06
 2.31481e-06
 4.62963e-06
 4.62963e-06
 4.62963e-06
 4.62963e-06
 4.62963e-06
 4.62963e-06
 4.62963e-06
 4.62963e-06
 4.62963e-06
 4.62963e-06
 4.62963e-06
 4.62963e-06
 4.62963e-06
 4.62963e-06
 4.62963e-06
 4.62963e-06
 4.62963e-06
 2.31481e-06
 4.62963e-06
 4.62963e-06
 4.62963e-06
 4.62963e-06
 4.62963e-06
 4.62963e-06
 4.62963e-06
 4.62963e-06
 4.62963e-06
 4.62963e-06
 4.62963e-06
 4.62963e-06
 4.62963e-06
 4.62963e-06
 4.62963e-06
 4.62963e-06
 4.62963e-06
 2.31481e-06
 4.62963e-06
 4.62963e-06
 4.62963e-06
 4.62963e-06
 4.62963e-06
 4.62963e-06
 4.62963e-06
 4.62963e-06
 4.62963e-06
 4.62963e-06
 4.62963e-06
 4.62963e-06
 4.62963e-06
 4.62963e-06
 4.62963e-06
 4.62963e-06
 4.62963e-06
 2.31481e-06
 2.31481e-06
 2.31481e-06
 2.31481e-06
 2.31481e-06
 2.31481e-06
 2.31481e-06
 2.31481e-06
 2.31481e-06
 2.31481e-06
 2.31481e-06
 2.31481e-06
 2.31481e-06
 2.31481e-06
 2.31481e-06
 2.31481e-06
 2.31481e-06
 2.31481e-06
 1.15741e-06
 4.62963e-06
 4.62963e-06
 4.62963e-06
 4.62963e-06
 4.62963e-06
 4.62963e-06
 4.62963e-06
 4.62963e-06
 4.62963e-06
 4.62963e-06
 4.62963e-06
 4.62963e-06
 4.62963e-06
 4.62963e-06
 4.62963e-06
 4.62963e-06
 4.62963e-06
 2.31481e-06
 4.62963e-06
 4.62963e-06
 4.62963e-06
 4.62963e-06
 4.62963e-06
 4.62963e-06
 4.62963e-06
 4.62963e-06
 4.62963e-06
 4.62963e-06
 4.62963e-06
 4.62963e-06
 4.62963e-06
 4.62963e-06
 4.62963e-06
 4.62963e-06
 4.62963e-06
 2.31481e-06
 4.62963e-06
 4.62963e-06
 4.62963e-06
 4.62963e-06
 4.62963e-06
 4.62963e-06
 4.62963e-06
 4.62963e-06
 4.62963e-06
 4.62963e-06
 4.62963e-06
 4.62963e-06
 4.62963e-06
 4.62963e-06
 4.62963e-06
 4.62963e-06
 4.62963e-06
 2.31481e-06
 4.62963e-06
 4.62963e-06
 4.62963e-06
 4.62963e-06
 4.62963e-06
 4.62963e-06
 4.62963e-06
 4.62963e-06
 4.62963e-06
 4.62963e-06
 4.62963e-06
 4.62963e-06
 4.62963e-06
 4.62963e-06
 4.62963e-06
 4.62963e-06
 4.62963e-06
 2.31481e-06
 4.62963e-06
 4.62963e-06
 4.62963e-06
 4.62963e-06
 4.62963e-06
 4.62963e-06
 4.62963e-06
 4.62963e-06
 4.62963e-06
 4.62963e-06
 4.62963e-06
 4.62963e-06
 4.62963e-06
 4.62963e-06
 4.62963e-06
 4.62963e-06
 4.62963e-06
 2.31481e-06
 4.62963e-06
 4.62963e-06
 4.62963e-06
 4.62963e-06
 4.62963e-06
 4.62963e-06
 4.62963e-06
 4.62963e-06
 4.62963e-06
 4.62963e-06
 4.62963e-06
 4.62963e-06
 4.62963e-06
 4.62963e-06
 4.62963e-06
 4.62963e-06
 4.62963e-06
 2.31481e-06
 4.62963e-06
 4.62963e-06
 4.62963e-06
 4.62963e-06
 4.62963e-06
 4.62963e-06
 4.62963e-06
 4.62963e-06
 4.62963e-06
 4.62963e-06
 4.62963e-06
 4.62963e-06
 4.62963e-06
 4.62963e-06
 4.62963e-06
 4.62963e-06
 4.62963e-06
 2.31481e-06
 4.62963e-06
 4.62963e-06
 4.62963e-06
 4.62963e-06
 4.62963e-06
 4.62963e-06
 4.62963e-06
 4.62963e-06
 4.62963e-06
 4.62963e-06
 4.62963e-06
 4.62963e-06
 4.62963e-06
 4.62963e-06
 4.62963e-06
 4.62963e-06
 4.62963e-06
 2.31481e-06
 4.62963e-06
 4.62963e-06
 4.62963e-06
 4.62963e-06
 4.62963e-06
 4.62963e-06
 4.62963e-06
 4.62963e-06
 4.62963e-06
 4.62963e-06
 4.62963e-06
 4.62963e-06
 4.62963e-06
 4.62963e-06
 4.62963e-06
 4.62963e-06
 4.62963e-06
 2.31481e-06
 4.62963e-06
 4.62963e-06
 4.62963e-06
 4.62963e-06
 4.62963e-06
 4.62963e-06
 4.62963e-06
 4.62963e-06
 4.62963e-06
 4.62963e-06
 4.62963e-06
 4.62963e-06
 4.62963e-06
 4.62963e-06
 4.62963e-06
 4.62963e-06
 4.62963e-06
 2.31481e-06
 4.62963e-06
 4.62963e-06
 4.62963e-06
 4.62963e-06
 4.62963e-06
 4.62963e-06
 4.62963e-06
 4.62963e-06
 4.62963e-06
 4.62963e-06
 4.62963e-06
 4.62963e-06
 4.62963e-06
 4.62963e-06
 4.62963e-06
 4.62963e-06
 4.62963e-06
 2.31481e-06
 4.62963e-06
 4.62963e-06
 4.62963e-06
 4.62963e-06
 4.62963e-06
 4.62963e-06
 4.62963e-06
 4.62963e-06
 4.62963e-06
 4.62963e-06
 4.62963e-06
 4.62963e-06
 4.62963e-06
 4.62963e-06
 4.62963e-06
 4.62963e-06
 4.62963e-06
 2.31481e-06
 4.62963e-06
 4.62963e-06
 4.62963e-06
 4.62963e-06
 4.62963e-06
 4.62963e-06
 4.62963e-06
 4.62963e-06
 4.62963e-06
 4.62963e-06
 4.62963e-06
 4.62963e-06
 4.62963e-06
 4.62963e-06
 4.62963e-06
 4.62963e-06
 4.62963e-06
 2.31481e-06
 4.62963e-06
 4.62963e-06
 4.62963e-06
 4.62963e-06
 4.62963e-06
 4.62963e-06
 4.62963e-06
 4.62963e-06
 4.62963e-06
 4.62963e-06
 4.62963e-06
 4.62963e-06
 4.62963e-06
 4.62963e-06
 4.62963e-06
 4.62963e-06
 4.62963e-06
 2.31481e-06
 4.62963e-06
 4.62963e-06
 4.62963e-06
 4.62963e-06
 4.62963e-06
 4.62963e-06
 4.62963e-06
 4.62963e-06
 4.62963e-06
 4.62963e-06
 4.62963e-06
 4.62963e-06
 4.62963e-06
 4.62963e-06
 4.62963e-06
 4.62963e-06
 4.62963e-06
 2.31481e-06
 4.62963e-06
 4.62963e-06
 4.62963e-06
 4.62963e-06
 4.62963e-06
 4.62963e-06
 4.62963e-06
 4.62963e-06
 4.62963e-06
 4.62963e-06
 4.62963e-06
 4.62963e-06
 4.62963e-06
 4.62963e-06
 4.62963e-06
 4.62963e-06
 4.62963e-06
 2.31481e-06
 4.62963e-06
 4.62963e-06
 4.62963e-06
 4.62963e-06
 4.62963e-06
 4.62963e-06
 4.62963e-06
 4.62963e-06
 4.62963e-06
 4.62963e-06
 4.62963e-06
 4.62963e-06
 4.62963e-06
 4.62963e-06
 4.62963e-06
 4.62963e-06
 4.62963e-06
 2.31481e-06
 2.31481e-06
 2.31481e-06
 2.31481e-06
 2.31481e-06
 2.31481e-06
 2.31481e-06
 2.31481e-06
 2.31481e-06
 2.31481e-06
 2.31481e-06
 2.31481e-06
 2.31481e-06
 2.31481e-06
 2.31481e-06
 2.31481e-06
 2.31481e-06
 2.31481e-06
 1.15741e-06
 4.62963e-06
 4.62963e-06
 4.62963e-06
 4.62963e-06
 4.62963e-06
 4.62963e-06
 4.62963e-06
 4.62963e-06
 4.62963e-06
 4.62963e-06
 4.62963e-06
 4.62963e-06
 4.62963e-06
 4.62963e-06
 4.62963e-06
 4.62963e-06
 4.62963e-06
 2.31481e-06
 4.62963e-06
 4.62963e-06
 4.62963e-06
 4.62963e-06
 4.62963e-06
 4.62963e-06
 4.62963e-06
 4.62963e-06
 4.62963e-06
 4.62963e-06
 4.62963e-06
 4.62963e-06
 4.62963e-06
 4.62963e-06
 4.62963e-06
 4.62963e-06
 4.62963e-06
 2.31481e-06
 4.62963e-06
 4.62963e-06
 4.62963e-06
 4.62963e-06
 4.62963e-06
 4.62963e-06
 4.62963e-06
 4.62963e-06
 4.62963e-06
 4.62963e-06
 4.62963e-06
 4.62963e-06
 4.62963e-06
 4.62963e-06
 4.62963e-06
 4.62963e-06
 4.62963e-06
 2.31481e-06
 4.62963e-06
 4.62963e-06
 4.62963e-06
 4.62963e-06
 4.62963e-06
 4.62963e-06
 4.62963e-06
 4.62963e-06
 4.62963e-06
 4.62963e-06
 4.62963e-06
 4.62963e-06
 4.62963e-06
 4.62963e-06
 4.62963e-06
 4.62963e-06
 4.62963e-06
 2.31481e-06
 4.62963e-06
 4.62963e-06
 4.62963e-06
 4.62963e-06
 4.62963e-06
 4.62963e-06
 4.62963e-06
 4.62963e-06
 4.62963e-06
 4.62963e-06
 4.62963e-06
 4.62963e-06
 4.62963e-06
 4.62963e-06
 4.62963e-06
 4.62963e-06
 4.62963e-06
 2.31481e-06
 4.62963e-06
 4.62963e-06
 4.62963e-06
 4.62963e-06
 4.62963e-06
 4.62963e-06
 4.62963e-06
 4.62963e-06
 4.62963e-06
 4.62963e-06
 4.62963e-06
 4.62963e-06
 4.62963e-06
 4.62963e-06
 4.62963e-06
 4.62963e-06
 4.62963e-06
 2.31481e-06
 4.62963e-06
 4.62963e-06
 4.62963e-06
 4.62963e-06
 4.62963e-06
 4.62963e-06
 4.62963e-06
 4.62963e-06
 4.62963e-06
 4.62963e-06
 4.62963e-06
 4.62963e-06
 4.62963e-06
 4.62963e-06
 4.62963e-06
 4.62963e-06
 4.62963e-06
 2.31481e-06
 4.62963e-06
 4.62963e-06
 4.62963e-06
 4.62963e-06
 4.62963e-06
 4.62963e-06
 4.62963e-06
 4.62963e-06
 4.62963e-06
 4.62963e-06
 4.62963e-06
 4.62963e-06
 4.62963e-06
 4.62963e-06
 4.62963e-06
 4.62963e-06
 4.62963e-06
 2.31481e-06
 4.62963e-06
 4.62963e-06
 4.62963e-06
 4.62963e-06
 4.62963e-06
 4.62963e-06
 4.62963e-06
 4.62963e-06
 4.62963e-06
 4.62963e-06
 4.62963e-06
 4.62963e-06
 4.62963e-06
 4.62963e-06
 4.62963e-06
 4.62963e-06
 4.62963e-06
 2.31481e-06
 4.62963e-06
 4.62963e-06
 4.62963e-06
 4.62963e-06
 4.62963e-06
 4.62963e-06
 4.62963e-06
 4.62963e-06
 4.62963e-06
 4.62963e-06
 4.62963e-06
 4.62963e-06
 4.62963e-06
 4.62963e-06
 4.62963e-06
 4.62963e-06
 4.62963e-06
 2.31481e-06
 4.62963e-06
 4.62963e-06
 4.62963e-06
 4.62963e-06
 4.62963e-06
 4.62963e-06
 4.62963e-06
 4.62963e-06
 4.62963e-06
 4.62963e-06
 4.62963e-06
 4.62963e-06
 4.62963e-06
 4.62963e-06
 4.62963e-06
 4.62963e-06
 4.62963e-06
 2.31481e-06
 4.62963e-06
 4.62963e-06
 4.62963e-06
 4.62963e-06
 4.62963e-06
 4.62963e-06
 4.62963e-06
 4.62963e-06
 4.62963e-06
 4.62963e-06
 4.62963e-06
 4.62963e-06
 4.62963e-06
 4.62963e-06
 4.62963e-06
 4.62963e-06
 4.62963e-06
 2.31481e-06
 4.62963e-06
 4.62963e-06
 4.62963e-06
 4.62963e-06
 4.62963e-06
 4.62963e-06
 4.62963e-06
 4.62963e-06
 4.62963e-06
 4.62963e-06
 4.62963e-06
 4.62963e-06
 4.62963e-06
 4.62963e-06
 4.62963e-06
 4.62963e-06
 4.62963e-06
 2.31481e-06
 4.62963e-06
 4.62963e-06
 4.62963e-06
 4.62963e-06
 4.62963e-06
 4.62963e-06
 4.62963e-06
 4.62963e-06
 4.62963e-06
 4.62963e-06
 4.62963e-06
 4.62963e-06
 4.62963e-06
 4.62963e-06
 4.62963e-06
 4.62963e-06
 4.62963e-06
 2.31481e-06
 4.62963e-06
 4.62963e-06
 4.62963e-06
 4.62963e-06
 4.62963e-06
 4.62963e-06
 4.62963e-06
 4.62963e-06
 4.62963e-06
 4.62963e-06
 4.62963e-06
 4.62963e-06
 4.62963e-06
 4.62963e-06
 4.62963e-06
 4.62963e-06
 4.62963e-06
 2.31481e-06
 4.62963e-06
 4.62963e-06
 4.62963e-06
 4.62963e-06
 4.62963e-06
 4.62963e-06
 4.62963e-06
 4.62963e-06
 4.62963e-06
 4.62963e-06
 4.62963e-06
 4.62963e-06
 4.62963e-06
 4.62963e-06
 4.62963e-06
 4.62963e-06
 4.62963e-06
 2.31481e-06
 4.62963e-06
 4.62963e-06
 4.62963e-06
 4.62963e-06
 4.62963e-06
 4.62963e-06
 4.62963e-06
 4.62963e-06
 4.62963e-06
 4.62963e-06
 4.62963e-06
 4.62963e-06
 4.62963e-06
 4.62963e-06
 4.62963e-06
 4.62963e-06
 4.62963e-06
 2.31481e-06
 1.15741e-06
 1.15741e-06
 1.15741e-06
 1.15741e-06
 1.15741e-06
 1.15741e-06
 1.15741e-06
 1.15741e-06
 1.15741e-06
 1.15741e-06
 1.15741e-06
 1.15741e-06
 1.15741e-06
 1.15741e-06
 1.15741e-06
 1.15741e-06
 1.15741e-06
 5.78704e-07
 2.31481e-06
 2.31481e-06
 2.31481e-06
 2.31481e-06
 2.31481e-06
 2.31481e-06
 2.31481e-06
 2.31481e-06
 2.31481e-06
 2.31481e-06
 2.31481e-06
 2.31481e-06
 2.31481e-06
 2.31481e-06
 2.31481e-06
 2.31481e-06
 2.31481e-06
 1.15741e-06
 2.31481e-06
 2.31481e-06
 2.31481e-06
 2.31481e-06
 2.31481e-06
 2.31481e-06
 2.31481e-06
 2.31481e-06
 2.31481e-06
 2.31481e-06
 2.31481e-06
 2.31481e-06
 2.31481e-06
 2.31481e-06
 2.31481e-06
 2.31481e-06
 2.31481e-06
 1.15741e-06
 2.31481e-06
 2.31481e-06
 2.31481e-06
 2.31481e-06
 2.31481e-06
 2.31481e-06
 2.31481e-06
 2.31481e-06
 2.31481e-06
 2.31481e-06
 2.31481e-06
 2.31481e-06
 2.31481e-06
 2.31481e-06
 2.31481e-06
 2.31481e-06
 2.31481e-06
 1.15741e-06
 2.31481e-06
 2.31481e-06
 2.31481e-06
 2.31481e-06
 2.31481e-06
 2.31481e-06
 2.31481e-06
 2.31481e-06
 2.31481e-06
 2.31481e-06
 2.31481e-06
 2.31481e-06
 2.31481e-06
 2.31481e-06
 2.31481e-06
 2.31481e-06
 2.31481e-06
 1.15741e-06
 2.31481e-06
 2.31481e-06
 2.31481e-06
 2.31481e-06
 2.31481e-06
 2.31481e-06
 2.31481e-06
 2.31481e-06
 2.31481e-06
 2.31481e-06
 2.31481e-06
 2.31481e-06
 2.31481e-06
 2.31481e-06
 2.31481e-06
 2.31481e-06
 2.31481e-06
 1.15741e-06
 2.31481e-06
 2.31481e-06
 2.31481e-06
 2.31481e-06
 2.31481e-06
 2.31481e-06
 2.31481e-06
 2.31481e-06
 2.31481e-06
 2.31481e-06
 2.31481e-06
 2.31481e-06
 2.31481e-06
 2.31481e-06
 2.31481e-06
 2.31481e-06
 2.31481e-06
 1.15741e-06
 2.31481e-06
 2.31481e-06
 2.31481e-06
 2.31481e-06
 2.31481e-06
 2.31481e-06
 2.31481e-06
 2.31481e-06
 2.31481e-06
 2.31481e-06
 2.31481e-06
 2.31481e-06
 2.31481e-06
 2.31481e-06
 2.31481e-06
 2.31481e-06
 2.31481e-06
 1.15741e-06
 2.31481e-06
 2.31481e-06
 2.31481e-06
 2.31481e-06
 2.31481e-06
 2.31481e-06
 2.31481e-06
 2.31481e-06
 2.31481e-06
 2.31481e-06
 2.31481e-06
 2.31481e-06
 2.31481e-06
 2.31481e-06
 2.31481e-06
 2.31481e-06
 2.31481e-06
 1.15741e-06
 2.31481e-06
 2.31481e-06
 2.31481e-06
 2.31481e-06
 2.31481e-06
 2.31481e-06
 2.31481e-06
 2.31481e-06
 2.31481e-06
 2.31481e-06
 2.31481e-06
 2.31481e-06
 2.31481e-06
 2.31481e-06
 2.31481e-06
 2.31481e-06
 2.31481e-06
 1.15741e-06
 2.31481e-06
 2.31481e-06
 2.31481e-06
 2.31481e-06
 2.31481e-06
 2.31481e-06
 2.31481e-06
 2.31481e-06
 2.31481e-06
 2.31481e-06
 2.31481e-06
 2.31481e-06
 2.31481e-06
 2.31481e-06
 2.31481e-06
 2.31481e-06
 2.31481e-06
 1.15741e-06
 2.31481e-06
 2.31481e-06
 2.31481e-06
 2.31481e-06
 2.31481e-06
 2.31481e-06
 2.31481e-06
 2.31481e-06
 2.31481e-06
 2.31481e-06
 2.31481e-06
 2.31481e-06
 2.31481e-06
 2.31481e-06
 2.31481e-06
 2.31481e-06
 2.31481e-06
 1.15741e-06
 2.31481e-06
 2.31481e-06
 2.31481e-06
 2.31481e-06
 2.31481e-06
 2.31481e-06
 2.31481e-06
 2.31481e-06
 2.31481e-06
 2.31481e-06
 2.31481e-06
 2.31481e-06
 2.31481e-06
 2.31481e-06
 2.31481e-06
 2.31481e-06
 2.31481e-06
 1.15741e-06
 2.31481e-06
 2.31481e-06
 2.31481e-06
 2.31481e-06
 2.31481e-06
 2.31481e-06
 2.31481e-06
 2.31481e-06
 2.31481e-06
 2.31481e-06
 2.31481e-06
 2.31481e-06
 2.31481e-06
 2.31481e-06
 2.31481e-06
 2.31481e-06
 2.31481e-06
 1.15741e-06
 2.31481e-06
 2.31481e-06
 2.31481e-06
 2.31481e-06
 2.31481e-06
 2.31481e-06
 2.31481e-06
 2.31481e-06
 2.31481e-06
 2.31481e-06
 2.31481e-06
 2.31481e-06
 2.31481e-06
 2.31481e-06
 2.31481e-06
 2.31481e-06
 2.31481e-06
 1.15741e-06
 2.31481e-06
 2.31481e-06
 2.31481e-06
 2.31481e-06
 2.31481e-06
 2.31481e-06
 2.31481e-06
 2.31481e-06
 2.31481e-06
 2.31481e-06
 2.31481e-06
 2.31481e-06
 2.31481e-06
 2.31481e-06
 2.31481e-06
 2.31481e-06
 2.31481e-06
 1.15741e-06
 2.31481e-06
 2.31481e-06
 2.31481e-06
 2.31481e-06
 2.31481e-06
 2.31481e-06
 2.31481e-06
 2.31481e-06
 2.31481e-06
 2.31481e-06
 2.31481e-06
 2.31481e-06
 2.31481e-06
 2.31481e-06
 2.31481e-06
 2.31481e-06
 2.31481e-06
 1.15741e-06
 2.31481e-06
 2.31481e-06
 2.31481e-06
 2.31481e-06
 2.31481e-06
 2.31481e-06
 2.31481e-06
 2.31481e-06
 2.31481e-06
 2.31481e-06
 2.31481e-06
 2.31481e-06
 2.31481e-06
 2.31481e-06
 2.31481e-06
 2.31481e-06
 2.31481e-06
 1.15741e-06
part
         3
coordinates
 6.06675e-06
 1.20001e-05
 1.16576e-05
 1.12456e-05
 1.06963e-05
 9.96062e-06
 9.28774e-06
 8.68621e-06
 7.79330e-06
 6.85358e-06
 6.15356e-06
 5.53542e-06
 5.00937e-06
 4.49474e-06
 3.92102e-06
 3.34393e-06
 2.87022e-06
 2.56027e-06
 5.06460e-06
 9.92034e-06
 9.46459e-06
 9.19583e-06
 8.85857e-06
 8.33667e-06
 7.89768e-06
 7.42753e-06
 6.76491e-06
 6.09730e-06
 5.60145e-06
 5.06675e-06
 4.49762e-06
 3.92118e-06
 3.37233e-06
 2.91584e-06
 2.60133e-06
 2.42753e-06
 4.29005e-06
 8.35791e-06
 7.89052e-06
 7.67158e-06
 7.38078e-06
 6.98197e-06
 6.76558e-06
 6.45786e-06
 5.98007e-06
 5.46045e-06
 4.99251e-06
 4.44712e-06
 3.87150e-06
 3.34412e-06
 2.91591e-06
 2.61630e-06
 2.44250e-06
 2.36033e-06
 3.62424e-06
 7.04074e-06
 6.62287e-06
 6.47668e-06
 6.26301e-06
 5.96021e-06
 5.87558e-06
 5.64429e-06
 5.21567e-06
 4.72911e-06
 4.24635e-06
 3.73619e-06
 3.25710e-06
 2.87034e-06
 2.60138e-06
 2.44251e-06
 2.36375e-06
 2.33091e-06
 3.08525e-06
 6.01134e-06
 5.69492e-06
 5.59602e-06
 5.44063e-06
 5.18245e-06
 5.05827e-06
 4.78362e-06
 4.35965e-06
 3.91696e-06
 3.49585e-06
 3.10502e-06
 2.78439e-06
 2.56032e-06
 2.42755e-06
 2.36034e-06
 2.33091e-06
 2.31985e-06
 2.62964e-06
 5.16077e-06
 4.94883e-06
 4.82750e-06
 4.66298e-06
 4.41902e-06
 4.20863e-06
 3.90379e-06
 3.54081e-06
 3.19969e-06
 2.90447e-06
 2.66779e-06
 2.50182e-06
 2.40241e-06
 2.35130e-06
 2.32844e-06
 2.31938e-06
 2.31620e-06
 2.17776e-06
 4.29826e-06
 4.15539e-06
 4.00841e-06
 3.83382e-06
 3.62270e-06
 3.40800e-06
 3.16010e-06
 2.91197e-06
 2.70282e-06
 2.54492e-06
 2.43783e-06
 2.37381e-06
 2.34020e-06
 2.32467e-06
 2.31828e-06
 2.31595e-06
 2.31517e-06
 1.74401e-06
 3.45337e-06
 3.36012e-06
 3.23974e-06
 3.10251e-06
 2.95376e-06
 2.80600e-06
 2.66154e-06
 2.53630e-06
 2.44362e-06
 2.38355e-06
 2.34841e-06
 2.32977e-06
 2.32087e-06
 2.31705e-06
 2.31560e-06
 2.31507e-06
 2.31489e-06
 1.41164e-06
 2.80534e-06
 2.75668e-06
 2.69045e-06
 2.61593e-06
 2.54095e-06
 2.47357e-06
 2.41719e-06
 2.37476e-06
 2.34694e-06
 2.33076e-06
 2.32211e-06
 2.31792e-06
 2.31603e-06
 2.31527e-06
 2.31497e-06
 2.31487e-06
 2.31483e-06
 1.23124e-06
 2.45629e-06
 2.43957e-06
 2.41676e-06
 2.39202e-06
 2.36908e-06
 2.35044e-06
 2.33645e-06
 2.32688e-06
 2.32099e-06
 2.31776e-06
 2.31613e-06
 2.31537e-06
 2.31504e-06
 2.31490e-06
 2.31484e-06
 2.31482e-06
 2.31482e-06
 1.17064e-06
 2.34007e-06
 2.33687e-06
 2.33253e-06
 2.32796e-06
 2.32387e-06
 2.32059e-06
 2.31823e-06
 2.31668e-06
 2.31576e-06
 2.31527e-06
 2.31502e-06
 2.31490e-06
 2.31485e-06
 2.31483e-06
 2.31482e-06
 2.31482e-06
 2.31482e-06
 1.15901e-06
 2.31788e-06
 2.31750e-06
 2.31697e-06
 2.31642e-06
 2.31592e-06
 2.31552e-06
 2.31524e-06
 2.31505e-06
 2.31494e-06
 2.31488e-06
 2.31484e-06
 2.31483e-06
 2.31482e-06
 2.31482e-06
 2.31482e-06
 2.31482e-06
 2.31481e-06
 1.15755e-06
 2.31509e-06
 2.31506e-06
 2.31502e-06
 2.31497e-06
 2.31493e-06
 2.31489e-06
 2.31486e-06
 2.31484e-06
 2.31483e-06
 2.31482e-06
 2.31482e-06
 2.31482e-06
 2.31482e-06
 2.31482e-06
 2.31481e-06
 2.31481e-06
 2.31481e-06
 1.15742e-06
 2.31484e-06
 2.31484e-06
 2.31483e-06
 2.31483e-06
 2.31482e-06
 2.31482e-06
 2.31482e-06
 2.31482e-06
 2.31482e-06
 2.31482e-06
 2.31482e-06
 2.31481e-06
 2.31481e-06
 2.31481e-06
 2.31481e-06
 2.31481e-06
 2.31481e-06
 1.15741e-06
 2.31482e-06
 2.31482e-06
 2.31482e-06
 2.31482e-06
 2.31482e-06
 2.31482e-06
 2.31482e-06
 2.31482e-06
 2.31481e-06
 2.31481e-06
 2.31481e-06
 2.31481e-06
 2.31481e-06
 2.31481e-06
 2.31481e-06
 2.31481e-06
 2.31481e-06
 1.15741e-06
 2.31481e-06
 2.31481e-06
 2.31481e-06
 2.31481e-06
 2.31481e-06
 2.31481e-06
 2.31481e-06
 2.31481e-06
 2.31481e-06
 2.31481e-06
 2.31481e-06
 2.31481e-06
 2.31481e-06
 2.31481e-06
 2.31481e-06
 2.31481e-06
 2.31481e-06
 1.15741e-06
 2.31481e-06
 2.31481e-06
 2.31481e-06
 2.31481e-06
 2.31481e-06
 2.31481e-06
 2.31481e-06
 2.31481e-06
 2.31481e-06
 2.31481e-06
 2.31481e-06
 2.31481e-06
 2.31481e-06
 2.31481e-06
 2.31481e-06
 2.31481e-06
 2.31481e-06
 5.78704e-07
 1.15741e-06
 1.15741e-06
 1.15741e-06
 1.15741e-06
 1.15741e-06
 1.15741e-06
 1.15741e-06
 1.15741e-06
 1.15741e-06
 1.15741e-06
 1.15741e-06
 1.15741e-06
 1.15741e-06
 1.15741e-06
 1.15741e-06
 1.15741e-06
 1.15741e-06
 1.19998e-05
 2.37176e-05
 2.31185e-05
 2.24150e-05
 2.12889e-05
 1.98295e-05
 1.83148e-05
 1.69580e-05
 1.54274e-05
 1.38178e-05
 1.25825e-05
 1.14279e-05
 1.03073e-05
 9.12591e-06
 7.86522e-06
 6.67026e-06
 5.72042e-06
 5.10843e-06
 9.92003e-06
 1.94620e-05
 1.88014e-05
 1.84574e-05
 1.77344e-05
 1.66469e-05
 1.55602e-05
 1.44704e-05
 1.33279e-05
 1.21965e-05
 1.13176e-05
 1.02841e-05
 9.09174e-06
 7.86544e-06
 6.73136e-06
 5.81308e-06
 5.18988e-06
 4.84881e-06
 8.35760e-06
 1.63477e-05
 1.56969e-05
 1.54263e-05
 1.48227e-05
 1.40058e-05
 1.33542e-05
 1.25739e-05
 1.17293e-05
 1.08354e-05
 9.97515e-06
 8.90520e-06
 7.73946e-06
 6.67054e-06
 5.81320e-06
 5.21968e-06
 4.87826e-06
 4.71785e-06
 7.04042e-06
 1.37546e-05
 1.31998e-05
 1.30484e-05
 1.26174e-05
 1.20199e-05
 1.16440e-05
 1.10251e-05
 1.02422e-05
 9.36506e-06
 8.44379e-06
 7.43893e-06
 6.48753e-06
 5.72061e-06
 5.18997e-06
 4.87828e-06
 4.72462e-06
 4.66075e-06
 6.01120e-06
 1.17696e-05
 1.13582e-05
 1.12700e-05
 1.09562e-05
 1.04503e-05
 1.00600e-05
 9.41561e-06
 8.61325e-06
 7.77300e-06
 6.94928e-06
 6.17849e-06
 5.54798e-06
 5.10850e-06
 4.84884e-06
 4.71785e-06
 4.66075e-06
 4.63934e-06
 5.16073e-06
 1.01526e-05
 9.84822e-06
 9.67043e-06
 9.34025e-06
 8.85768e-06
 8.37300e-06
 7.73084e-06
 7.02805e-06
 6.36278e-06
 5.78174e-06
 5.31712e-06
 4.99322e-06
 4.79967e-06
 4.70030e-06
 4.65595e-06
 4.63843e-06
 4.63230e-06
 4.29821e-06
 8.48854e-06
 8.24628e-06
 7.98382e-06
 7.64082e-06
 7.22317e-06
 6.77681e-06
 6.27747e-06
 5.79355e-06
 5.38514e-06
 5.07663e-06
 4.86812e-06
 4.74389e-06
 4.67873e-06
 4.64866e-06
 4.63633e-06
 4.63183e-06
 4.63031e-06
 3.45330e-06
 6.83964e-06
 6.66744e-06
 6.44153e-06
 6.17470e-06
 5.88223e-06
 5.58672e-06
 5.30124e-06
 5.05816e-06
 4.87891e-06
 4.76258e-06
 4.69455e-06
 4.65851e-06
 4.64131e-06
 4.63395e-06
 4.63115e-06
 4.63012e-06
 4.62978e-06
 2.80531e-06
 5.57641e-06
 5.48464e-06
 5.35856e-06
 5.21453e-06
 5.06867e-06
 4.93666e-06
 4.82673e-06
 4.74508e-06
 4.69167e-06
 4.66044e-06
 4.64371e-06
 4.63561e-06
 4.63199e-06
 4.63051e-06
 4.62993e-06
 4.62973e-06
 4.62966e-06
 2.45628e-06
 4.90085e-06
 4.86921e-06
 4.82580e-06
 4.77841e-06
 4.73427e-06
 4.69820e-06
 4.67120e-06
 4.65284e-06
 4.64155e-06
 4.63531e-06
 4.63216e-06
 4.63070e-06
 4.63006e-06
 4.62979e-06
 4.62969e-06
 4.62965e-06
 4.62964e-06
 2.34007e-06
 4.67791e-06
 4.67187e-06
 4.66362e-06
 4.65490e-06
 4.64704e-06
 4.64073e-06
 4.63619e-06
 4.63322e-06
 4.63145e-06
 4.63051e-06
 4.63003e-06
 4.62980e-06
 4.62970e-06
 4.62966e-06
 4.62964e-06
 4.62963e-06
 4.62963e-06
 2.31788e-06
 4.63550e-06
 4.63478e-06
 4.63377e-06
 4.63271e-06
 4.63175e-06
 4.63099e-06
 4.63045e-06
 4.63009e-06
 4.62987e-06
 4.62975e-06
 4.62969e-06
 4.62965e-06
 4.62964e-06
 4.62963e-06
 4.62963e-06
 4.62963e-06
 4.62963e-06
 2.31509e-06
 4.63016e-06
 4.63011e-06
 4.63002e-06
 4.62993e-06
 4.62984e-06
 4.62977e-06
 4.62972e-06
 4.62968e-06
 4.62966e-06
 4.62964e-06
 4.62964e-06
 4.62963e-06
 4.62963e-06
 4.62963e-06
 4.62963e-06
 4.62963e-06
 4.62963e-06
 2.31484e-06
 4.62967e-06
 4.62967e-06
 4.62966e-06
 4.62966e-06
 4.62965e-06
 4.62964e-06
 4.62964e-06
 4.62963e-06
 4.62963e-06
 4.62963e-06
 4.62963e-06
 4.62963e-06
 4.62963e-06
 4.62963e-06
 4.62963e-06
 4.62963e-06
 4.62963e-06
 2.31482e-06
 4.62963e-06
 4.62963e-06
 4.62963e-06
 4.62963e-06
 4.62963e-06
 4.62963e-06
 4.62963e-06
 4.62963e-06
 4.62963e-06
 4.62963e-06
 4.62963e-06
 4.62963e-06
 4.62963e-06
 4.62963e-06
 4.62963e-06
 4.62963e-06
 4.62963e-06
 2.31481e-06
 4.62963e-06
 4.62963e-06
 4.62963e-06
 4.62963e-06
 4.62963e-06
 4.62963e-06
 4.62963e-06
 4.62963e-06
 4.62963e-06
 4.62963e-06
 4.62963e-06
 4.62963e-06
 4.62963e-06
 4.62963e-06
 4.62963e-06
 4.62963e-06
 4.62963e-06
 2.31481e-06
 4.62963e-06
 4.62963e-06
 4.62963e-06
 4.62963e-06
 4.62963e-06
 4.62963e-06
 4.62963e-06
 4.62963e-06
 4.62963e-06
 4.62963e-06
 4.62963e-06
 4.62963e-06
 4.62963e-06
 4.62963e-06
 4.62963e-06
 4.62963e-06
 4.62963e-06
 1.15741e-06
 2.31481e-06
 2.31481e-06
 2.31481e-06
 2.31481e-06
 2.31481e-06
 2.31481e-06
 2.31481e-06
 2.31481e-06
 2.31481e-06
 2.31481e-06
 2.31481e-06
 2.31481e-06
 2.31481e-06
 2.31481e-06
 2.31481e-06
 2.31481e-06
 2.31481e-06
 1.16572e-05
 2.31182e-05
 2.27768e-05
 2.20342e-05
 2.07489e-05
 1.94428e-05
 1.78322e-05
 1.63013e-05
 1.49823e-05
 1.35973e-05
 1.24670e-05
 1.14207e-05
 1.03194e-05
 9.08405e-06
 7.77753e-06
 6.57704e-06
 5.65051e-06
 5.07012e-06
 9.46444e-06
 1.88017e-05
 1.86267e-05
 1.82812e-05
 1.73980e-05
 1.63942e-05
 1.51341e-05
 1.39089e-05
 1.29719e-05
 1.20048e-05
 1.11576e-05
 1.01762e-05
 9.00875e-06
 7.77764e-06
 6.64381e-06
 5.74371e-06
 5.14803e-06
 4.82989e-06
 7.89075e-06
 1.56978e-05
 1.55258e-05
 1.52776e-05
 1.46066e-05
 1.38728e-05
 1.30229e-05
 1.21164e-05
 1.14326e-05
 1.06428e-05
 9.78623e-06
 8.74916e-06
 7.62067e-06
 6.57721e-06
 5.74379e-06
 5.17674e-06
 4.85724e-06
 4.70971e-06
 6.62324e-06
 1.32009e-05
 1.30825e-05
 1.29536e-05
 1.24873e-05
 1.19711e-05
 1.14149e-05
 1.06730e-05
 9.99668e-06
 9.18243e-06
 8.26882e-06
 7.29504e-06
 6.38314e-06
 5.65062e-06
 5.14808e-06
 4.85725e-06
 4.71583e-06
 4.65770e-06
 5.69541e-06
 1.13592e-05
 1.12874e-05
 1.12062e-05
 1.08462e-05
 1.03934e-05
 9.88835e-06
 9.17083e-06
 8.43057e-06
 7.62577e-06
 6.81699e-06
 6.07612e-06
 5.48046e-06
 5.07015e-06
 4.82990e-06
 4.70971e-06
 4.65770e-06
 4.63833e-06
 4.94921e-06
 9.84899e-06
 9.73637e-06
 9.56867e-06
 9.20874e-06
 8.75089e-06
 8.22167e-06
 7.56342e-06
 6.89904e-06
 6.26006e-06
 5.70021e-06
 5.26156e-06
 4.96137e-06
 4.78418e-06
 4.69368e-06
 4.65337e-06
 4.63753e-06
 4.63203e-06
 4.15550e-06
 8.24659e-06
 8.08527e-06
 7.84777e-06
 7.50820e-06
 7.10697e-06
 6.65647e-06
 6.16701e-06
 5.71154e-06
 5.32752e-06
 5.03872e-06
 4.84625e-06
 4.73292e-06
 4.67395e-06
 4.64677e-06
 4.63565e-06
 4.63161e-06
 4.63024e-06
 3.36006e-06
 6.66743e-06
 6.52788e-06
 6.32601e-06
 6.07486e-06
 5.79882e-06
 5.51434e-06
 5.24338e-06
 5.01952e-06
 4.85588e-06
 4.74992e-06
 4.68820e-06
 4.65560e-06
 4.64012e-06
 4.63352e-06
 4.63100e-06
 4.63008e-06
 4.62977e-06
 2.75663e-06
 5.48458e-06
 5.40634e-06
 5.29394e-06
 5.16231e-06
 5.02905e-06
 4.90740e-06
 4.80658e-06
 4.73315e-06
 4.68537e-06
 4.65733e-06
 4.64229e-06
 4.63500e-06
 4.63175e-06
 4.63043e-06
 4.62991e-06
 4.62972e-06
 4.62966e-06
 2.43955e-06
 4.86920e-06
 4.84209e-06
 4.80399e-06
 4.76205e-06
 4.72299e-06
 4.69082e-06
 4.66668e-06
 4.65032e-06
 4.64028e-06
 4.63471e-06
 4.63190e-06
 4.63059e-06
 4.63002e-06
 4.62978e-06
 4.62968e-06
 4.62965e-06
 4.62964e-06
 2.33687e-06
 4.67187e-06
 4.66670e-06
 4.65956e-06
 4.65198e-06
 4.64506e-06
 4.63949e-06
 4.63546e-06
 4.63283e-06
 4.63126e-06
 4.63042e-06
 4.62999e-06
 4.62978e-06
 4.62969e-06
 4.62965e-06
 4.62964e-06
 4.62963e-06
 4.62963e-06
 2.31750e-06
 4.63478e-06
 4.63415e-06
 4.63327e-06
 4.63235e-06
 4.63151e-06
 4.63084e-06
 4.63036e-06
 4.63004e-06
 4.62985e-06
 4.62974e-06
 4.62968e-06
 4.62965e-06
 4.62964e-06
 4.62963e-06
 4.62963e-06
 4.62963e-06
 4.62963e-06
 2.31506e-06
 4.63011e-06
 4.63005e-06
 4.62998e-06
 4.62990e-06
 4.62982e-06
 4.62976e-06
 4.62971e-06
 4.62968e-06
 4.62966e-06
 4.62964e-06
 4.62964e-06
 4.62963e-06
 4.62963e-06
 4.62963e-06
 4.62963e-06
 4.62963e-06
 4.62963e-06
 2.31484e-06
 4.62967e-06
 4.62966e-06
 4.62966e-06
 4.62965e-06
 4.62965e-06
 4.62964e-06
 4.62964e-06
 4.62963e-06
 4.62963e-06
 4.62963e-06
 4.62963e-06
 4.62963e-06
 4.62963e-06
 4.62963e-06
 4.62963e-06
 4.62963e-06
 4.62963e-06
 2.31482e-06
 4.62963e-06
 4.62963e-06
 4.62963e-06
 4.62963e-06
 4.62963e-06
 4.62963e-06
 4.62963e-06
 4.62963e-06
 4.62963e-06
 4.62963e-06
 4.62963e-06
 4.62963e-06
 4.62963e-06
 4.62963e-06
 4.62963e-06
 4.62963e-06
 4.62963e-06
 2.31481e-06
 4.62963e-06
 4.62963e-06
 4.62963e-06
 4.62963e-06
 4.62963e-06
 4.62963e-06
 4.62963e-06
 4.62963e-06
 4.62963e-06
 4.62963e-06
 4.62963e-06
 4.62963e-06
 4.62963e-06
 4.62963e-06
 4.62963e-06
 4.62963e-06
 4.62963e-06
 2.31481e-06
 4.62963e-06
 4.62963e-06
 4.62963e-06
 4.62963e-06
 4.62963e-06
 4.62963e-06
 4.62963e-06
 4.62963e-06
 4.62963e-06
 4.62963e-06
 4.62963e-06
 4.62963e-06
 4.62963e-06
 4.62963e-06
 4.62963e-06
 4.62963e-06
 4.62963e-06
 1.15741e-06
 2.31481e-06
 2.31481e-06
 2.31481e-06
 2.31481e-06
 2.31481e-06
 2.31481e-06
 2.31481e-06
 2.31481e-06
 2.31481e-06
 2.31481e-06
 2.31481e-06
 2.31481e-06
 2.31481e-06
 2.31481e-06
 2.31481e-06
 2.31481e-06
 2.31481e-06
 1.12447e-05
 2.24138e-05
 2.20335e-05
 2.10681e-05
 1.98094e-05
 1.87162e-05
 1.73014e-05
 1.57721e-05
 1.44515e-05
 1.31335e-05
 1.20176e-05
 1.10226e-05
 9.98931e-06
 8.81380e-06
 7.55456e-06
 6.40202e-06
 5.53435e-06
 5.01052e-06
 9.19551e-06
 1.84566e-05
 1.82801e-05
 1.75873e-05
 1.66733e-05
 1.58699e-05
 1.47381e-05
 1.35583e-05
 1.26851e-05
 1.17395e-05
 1.08156e-05
 9.82946e-06
 8.72322e-06
 7.55480e-06
 6.47163e-06
 5.62435e-06
 5.08140e-06
 4.80100e-06
 7.67321e-06
 1.54279e-05
 1.52768e-05
 1.47241e-05
 1.40486e-05
 1.35246e-05
 1.27614e-05
 1.19169e-05
 1.12862e-05
 1.04484e-05
 9.48898e-06
 8.44878e-06
 7.38277e-06
 6.40227e-06
 5.62442e-06
 5.10762e-06
 4.82494e-06
 4.69746e-06
 6.47951e-06
 1.30517e-05
 1.29535e-05
 1.25344e-05
 1.20502e-05
 1.17288e-05
 1.12201e-05
 1.05016e-05
 9.82861e-06
 8.95676e-06
 7.99771e-06
 7.05418e-06
 6.20630e-06
 5.53447e-06
 5.08143e-06
 4.82495e-06
 4.70266e-06
 4.65320e-06
 5.59868e-06
 1.12733e-05
 1.12066e-05
 1.08741e-05
 1.04766e-05
 1.01526e-05
 9.65992e-06
 8.94558e-06
 8.20991e-06
 7.39887e-06
 6.60656e-06
 5.91385e-06
 5.37443e-06
 5.01055e-06
 4.80100e-06
 4.69746e-06
 4.65320e-06
 4.63688e-06
 4.82923e-06
 9.67281e-06
 9.56924e-06
 9.27451e-06
 8.89839e-06
 8.49896e-06
 7.97460e-06
 7.33430e-06
 6.70045e-06
 6.09397e-06
 5.57321e-06
 5.17722e-06
 4.91355e-06
 4.76102e-06
 4.68387e-06
 4.64961e-06
 4.63624e-06
 4.63164e-06
 4.00911e-06
 7.98492e-06
 7.84814e-06
 7.59429e-06
 7.26933e-06
 6.89648e-06
 6.46103e-06
 6.00181e-06
 5.58545e-06
 5.23880e-06
 4.98189e-06
 4.81395e-06
 4.71677e-06
 4.66691e-06
 4.64402e-06
 4.63468e-06
 4.63130e-06
 4.63014e-06
 3.23985e-06
 6.44176e-06
 6.32613e-06
 6.14229e-06
 5.91502e-06
 5.66421e-06
 5.40266e-06
 5.15931e-06
 4.96338e-06
 4.82211e-06
 4.73134e-06
 4.67886e-06
 4.65135e-06
 4.63840e-06
 4.63290e-06
 4.63078e-06
 4.63001e-06
 4.62975e-06
 2.69042e-06
 5.35854e-06
 5.29394e-06
 5.19690e-06
 5.08369e-06
 4.96943e-06
 4.86437e-06
 4.77813e-06
 4.71624e-06
 4.67621e-06
 4.65274e-06
 4.64020e-06
 4.63412e-06
 4.63142e-06
 4.63030e-06
 4.62987e-06
 4.62971e-06
 4.62965e-06
 2.41675e-06
 4.82578e-06
 4.80399e-06
 4.77274e-06
 4.73859e-06
 4.70679e-06
 4.68026e-06
 4.66026e-06
 4.64672e-06
 4.63844e-06
 4.63385e-06
 4.63153e-06
 4.63044e-06
 4.62996e-06
 4.62975e-06
 4.62967e-06
 4.62964e-06
 4.62963e-06
 2.33253e-06
 4.66362e-06
 4.65956e-06
 4.65389e-06
 4.64783e-06
 4.64225e-06
 4.63772e-06
 4.63442e-06
 4.63227e-06
 4.63099e-06
 4.63029e-06
 4.62993e-06
 4.62976e-06
 4.62968e-06
 4.62965e-06
 4.62964e-06
 4.62963e-06
 4.62963e-06
 2.31697e-06
 4.63377e-06
 4.63327e-06
 4.63259e-06
 4.63185e-06
 4.63118e-06
 4.63063e-06
 4.63024e-06
 4.62998e-06
 4.62981e-06
 4.62972e-06
 4.62967e-06
 4.62965e-06
 4.62964e-06
 4.62963e-06
 4.62963e-06
 4.62963e-06
 4.62963e-06
 2.31502e-06
 4.63002e-06
 4.62998e-06
 4.62992e-06
 4.62985e-06
 4.62979e-06
 4.62974e-06
 4.62970e-06
 4.62967e-06
 4.62965e-06
 4.62964e-06
 4.62963e-06
 4.62963e-06
 4.62963e-06
 4.62963e-06
 4.62963e-06
 4.62963e-06
 4.62963e-06
 2.31483e-06
 4.62966e-06
 4.62966e-06
 4.62965e-06
 4.62965e-06
 4.62964e-06
 4.62964e-06
 4.62964e-06
 4.62963e-06
 4.62963e-06
 4.62963e-06
 4.62963e-06
 4.62963e-06
 4.62963e-06
 4.62963e-06
 4.62963e-06
 4.62963e-06
 4.62963e-06
 2.31482e-06
 4.62963e-06
 4.62963e-06
 4.62963e-06
 4.62963e-06
 4.62963e-06
 4.62963e-06
 4.62963e-06
 4.62963e-06
 4.62963e-06
 4.62963e-06
 4.62963e-06
 4.62963e-06
 4.62963e-06
 4.62963e-06
 4.62963e-06
 4.62963e-06
 4.62963e-06
 2.31481e-06
 4.62963e-06
 4.62963e-06
 4.62963e-06
 4.62963e-06
 4.62963e-06
 4.62963e-06
 4.62963e-06
 4.62963e-06
 4.62963e-06
 4.62963e-06
 4.62963e-06
 4.62963e-06
 4.62963e-06
 4.62963e-06
 4.62963e-06
 4.62963e-06
 4.62963e-06
 2.31481e-06
 4.62963e-06
 4.62963e-06
 4.62963e-06
 4.62963e-06
 4.62963e-06
 4.62963e-06
 4.62963e-06
 4.62963e-06
 4.62963e-06
 4.62963e-06
 4.62963e-06
 4.62963e-06
 4.62963e-06
 4.62963e-06
 4.62963e-06
 4.62963e-06
 4.62963e-06
 1.15741e-06
 2.31481e-06
 2.31481e-06
 2.31481e-06
 2.31481e-06
 2.31481e-06
 2.31481e-06
 2.31481e-06
 2.31481e-06
 2.31481e-06
 2.31481e-06
 2.31481e-06
 2.31481e-06
 2.31481e-06
 2.31481e-06
 2.31481e-06
 2.31481e-06
 2.31481e-06
 1.06956e-05
 2.12880e-05
 2.07486e-05
 1.98098e-05
 1.88195e-05
 1.78097e-05
 1.64840e-05
 1.50470e-05
 1.38535e-05
 1.28008e-05
 1.18683e-05
 1.09297e-05
 9.82428e-06
 8.55335e-06
 7.27105e-06
 6.17212e-06
 5.38957e-06
 4.93989e-06
 8.85821e-06
 1.77331e-05
 1.73967e-05
 1.66736e-05
 1.59098e-05
 1.51511e-05
 1.41017e-05
 1.30194e-05
 1.22476e-05
 1.14657e-05
 1.05947e-05
 9.58416e-06
 8.43863e-06
 7.27138e-06
 6.24058e-06
 5.47195e-06
 5.00094e-06
 4.76710e-06
 7.38166e-06
 1.48217e-05
 1.46041e-05
 1.40486e-05
 1.35072e-05
 1.30435e-05
 1.23305e-05
 1.15405e-05
 1.09187e-05
 1.01232e-05
 9.16050e-06
 8.11942e-06
 7.08751e-06
 6.17239e-06
 5.47200e-06
 5.02398e-06
 4.78714e-06
 4.68327e-06
 6.26453e-06
 1.26170e-05
 1.24846e-05
 1.20501e-05
 1.16968e-05
 1.14203e-05
 1.08762e-05
 1.01569e-05
 9.44778e-06
 8.58409e-06
 7.65035e-06
 6.75814e-06
 5.98378e-06
 5.38968e-06
 5.00097e-06
 4.78714e-06
 4.68752e-06
 4.64809e-06
 5.44187e-06
 1.09561e-05
 1.08444e-05
 1.04766e-05
 1.01723e-05
 9.85517e-06
 9.29139e-06
 8.57463e-06
 7.84142e-06
 7.07024e-06
 6.33737e-06
 5.71555e-06
 5.24685e-06
 4.93992e-06
 4.76710e-06
 4.68327e-06
 4.64809e-06
 4.63526e-06
 4.66365e-06
 9.34032e-06
 9.20786e-06
 8.89846e-06
 8.57401e-06
 8.17083e-06
 7.61801e-06
 7.00804e-06
 6.41877e-06
 5.87278e-06
 5.41560e-06
 5.07732e-06
 4.85824e-06
 4.73427e-06
 4.67241e-06
 4.64527e-06
 4.63478e-06
 4.63121e-06
 3.83402e-06
 7.64089e-06
 7.50797e-06
 7.26936e-06
 6.97805e-06
 6.61686e-06
 6.19816e-06
 5.78575e-06
 5.42242e-06
 5.12762e-06
 4.91372e-06
 4.77655e-06
 4.69841e-06
 4.65885e-06
 4.64087e-06
 4.63358e-06
 4.63094e-06
 4.63003e-06
 3.10248e-06
 6.17466e-06
 6.07483e-06
 5.91503e-06
 5.71791e-06
 5.49280e-06
 5.26171e-06
 5.05654e-06
 4.89589e-06
 4.78217e-06
 4.70975e-06
 4.66815e-06
 4.64655e-06
 4.63646e-06
 4.63219e-06
 4.63054e-06
 4.62993e-06
 4.62972e-06
 2.61589e-06
 5.21448e-06
 5.16229e-06
 5.08369e-06
 4.99265e-06
 4.89920e-06
 4.81363e-06
 4.74521e-06
 4.69690e-06
 4.66580e-06
 4.64754e-06
 4.63784e-06
 4.63313e-06
 4.63103e-06
 4.63016e-06
 4.62982e-06
 4.62969e-06
 4.62965e-06
 2.39201e-06
 4.77840e-06
 4.76204e-06
 4.73859e-06
 4.71308e-06
 4.68884e-06
 4.66835e-06
 4.65300e-06
 4.64270e-06
 4.63640e-06
 4.63289e-06
 4.63111e-06
 4.63027e-06
 4.62989e-06
 4.62973e-06
 4.62966e-06
 4.62964e-06
 4.62963e-06
 2.32796e-06
 4.65490e-06
 4.65198e-06
 4.64783e-06
 4.64336e-06
 4.63917e-06
 4.63575e-06
 4.63327e-06
 4.63165e-06
 4.63068e-06
 4.63015e-06
 4.62987e-06
 4.62973e-06
 4.62967e-06
 4.62965e-06
 4.62964e-06
 4.62963e-06
 4.62963e-06
 2.31642e-06
 4.63271e-06
 4.63235e-06
 4.63185e-06
 4.63131e-06
 4.63081e-06
 4.63040e-06
 4.63010e-06
 4.62990e-06
 4.62977e-06
 4.62970e-06
 4.62966e-06
 4.62964e-06
 4.62964e-06
 4.62963e-06
 4.62963e-06
 4.62963e-06
 4.62963e-06
 2.31497e-06
 4.62993e-06
 4.62990e-06
 4.62985e-06
 4.62980e-06
 4.62975e-06
 4.62971e-06
 4.62968e-06
 4.62966e-06
 4.62965e-06
 4.62964e-06
 4.62963e-06
 4.62963e-06
 4.62963e-06
 4.62963e-06
 4.62963e-06
 4.62963e-06
 4.62963e-06
 2.31483e-06
 4.62966e-06
 4.62965e-06
 4.62965e-06
 4.62965e-06
 4.62964e-06
 4.62964e-06
 4.62963e-06
 4.62963e-06
 4.62963e-06
 4.62963e-06
 4.62963e-06
 4.62963e-06
 4.62963e-06
 4.62963e-06
 4.62963e-06
 4.62963e-06
 4.62963e-06
 2.31482e-06
 4.62963e-06
 4.62963e-06
 4.62963e-06
 4.62963e-06
 4.62963e-06
 4.62963e-06
 4.62963e-06
 4.62963e-06
 4.62963e-06
 4.62963e-06
 4.62963e-06
 4.62963e-06
 4.62963e-06
 4.62963e-06
 4.62963e-06
 4.62963e-06
 4.62963e-06
 2.31481e-06
 4.62963e-06
 4.62963e-06
 4.62963e-06
 4.62963e-06
 4.62963e-06
 4.62963e-06
 4.62963e-06
 4.62963e-06
 4.62963e-06
 4.62963e-06
 4.62963e-06
 4.62963e-06
 4.62963e-06
 4.62963e-06
 4.62963e-06
 4.62963e-06
 4.62963e-06
 2.31481e-06
 4.62963e-06
 4.62963e-06
 4.62963e-06
 4.62963e-06
 4.62963e-06
 4.62963e-06
 4.62963e-06
 4.62963e-06
 4.62963e-06
 4.62963e-06
 4.62963e-06
 4.62963e-06
 4.62963e-06
 4.62963e-06
 4.62963e-06
 4.62963e-06
 4.62963e-06
 1.15741e-06
 2.31481e-06
 2.31481e-06
 2.31481e-06
 2.31481e-06
 2.31481e-06
 2.31481e-06
 2.31481e-06
 2.31481e-06
 2.31481e-06
 2.31481e-06
 2.31481e-06
 2.31481e-06
 2.31481e-06
 2.31481e-06
 2.31481e-06
 2.31481e-06
 2.31481e-06
 9.95982e-06
 1.98288e-05
 1.94430e-05
 1.87164e-05
 1.78093e-05
 1.67549e-05
 1.55659e-05
 1.42977e-05
 1.31482e-05
 1.22109e-05
 1.13483e-05
 1.04378e-05
 9.33406e-06
 8.08096e-06
 6.87218e-06
 5.89012e-06
 5.22751e-06
 4.86589e-06
 8.33544e-06
 1.66457e-05
 1.63954e-05
 1.58717e-05
 1.51513e-05
 1.42786e-05
 1.33489e-05
 1.24577e-05
 1.17099e-05
 1.09759e-05
 1.01068e-05
 9.08939e-06
 7.96769e-06
 6.87238e-06
 5.95092e-06
 5.29660e-06
 4.91459e-06
 4.73254e-06
 6.98045e-06
 1.40033e-05
 1.38734e-05
 1.35273e-05
 1.30445e-05
 1.24228e-05
 1.17458e-05
 1.10667e-05
 1.04097e-05
 9.61908e-06
 8.66791e-06
 7.66106e-06
 6.70240e-06
 5.89026e-06
 5.29662e-06
 4.93293e-06
 4.74787e-06
 4.66911e-06
 5.95882e-06
 1.20166e-05
 1.19704e-05
 1.17313e-05
 1.14219e-05
 1.09370e-05
 1.03367e-05
 9.66728e-06
 8.93730e-06
 8.10175e-06
 7.22256e-06
 6.40565e-06
 5.72583e-06
 5.22755e-06
 4.91460e-06
 4.74787e-06
 4.67225e-06
 4.64307e-06
 5.18143e-06
 1.04475e-05
 1.03923e-05
 1.01547e-05
 9.85675e-06
 9.37161e-06
 8.76215e-06
 8.09676e-06
 7.39737e-06
 6.68827e-06
 6.03364e-06
 5.49724e-06
 5.10979e-06
 4.86589e-06
 4.73253e-06
 4.66911e-06
 4.64307e-06
 4.63371e-06
 4.41832e-06
 8.85586e-06
 8.75014e-06
 8.50019e-06
 8.17185e-06
 7.70649e-06
 7.17116e-06
 6.62689e-06
 6.10152e-06
 5.62907e-06
 5.24638e-06
 4.97307e-06
 4.80183e-06
 4.70729e-06
 4.66101e-06
 4.64102e-06
 4.63338e-06
 4.63078e-06
 3.62233e-06
 7.22238e-06
 7.10668e-06
 6.89693e-06
 6.61723e-06
 6.26635e-06
 5.89582e-06
 5.54811e-06
 5.24755e-06
 5.01082e-06
 4.84375e-06
 4.73894e-06
 4.68025e-06
 4.65092e-06
 4.63781e-06
 4.63252e-06
 4.63059e-06
 4.62992e-06
 2.95362e-06
 5.88200e-06
 5.79877e-06
 5.66434e-06
 5.49289e-06
 5.29879e-06
 5.11063e-06
 4.95025e-06
 4.82742e-06
 4.74213e-06
 4.68838e-06
 4.65769e-06
 4.64191e-06
 4.63459e-06
 4.63151e-06
 4.63030e-06
 4.62985e-06
 4.62970e-06
 2.54091e-06
 5.06861e-06
 5.02904e-06
 4.96947e-06
 4.89922e-06
 4.82704e-06
 4.76304e-06
 4.71312e-06
 4.67812e-06
 4.65568e-06
 4.64254e-06
 4.63557e-06
 4.63217e-06
 4.63066e-06
 4.63002e-06
 4.62977e-06
 4.62968e-06
 4.62964e-06
 2.36907e-06
 4.73426e-06
 4.72299e-06
 4.70680e-06
 4.68884e-06
 4.67153e-06
 4.65699e-06
 4.64616e-06
 4.63889e-06
 4.63445e-06
 4.63198e-06
 4.63071e-06
 4.63010e-06
 4.62982e-06
 4.62970e-06
 4.62966e-06
 4.62964e-06
 4.62963e-06
 2.32387e-06
 4.64704e-06
 4.64507e-06
 4.64225e-06
 4.63917e-06
 4.63627e-06
 4.63391e-06
 4.63219e-06
 4.63107e-06
 4.63039e-06
 4.63000e-06
 4.62980e-06
 4.62971e-06
 4.62966e-06
 4.62964e-06
 4.62963e-06
 4.62963e-06
 4.62963e-06
 2.31592e-06
 4.63175e-06
 4.63151e-06
 4.63118e-06
 4.63081e-06
 4.63046e-06
 4.63018e-06
 4.62997e-06
 4.62982e-06
 4.62973e-06
 4.62968e-06
 4.62965e-06
 4.62964e-06
 4.62963e-06
 4.62963e-06
 4.62963e-06
 4.62963e-06
 4.62963e-06
 2.31493e-06
 4.62984e-06
 4.62982e-06
 4.62979e-06
 4.62975e-06
 4.62972e-06
 4.62969e-06
 4.62967e-06
 4.62965e-06
 4.62964e-06
 4.62964e-06
 4.62963e-06
 4.62963e-06
 4.62963e-06
 4.62963e-06
 4.62963e-06
 4.62963e-06
 4.62963e-06
 2.31482e-06
 4.62965e-06
 4.62965e-06
 4.62964e-06
 4.62964e-06
 4.62964e-06
 4.62964e-06
 4.62963e-06
 4.62963e-06
 4.62963e-06
 4.62963e-06
 4.62963e-06
 4.62963e-06
 4.62963e-06
 4.62963e-06
 4.62963e-06
 4.62963e-06
 4.62963e-06
 2.31482e-06
 4.62963e-06
 4.62963e-06
 4.62963e-06
 4.62963e-06
 4.62963e-06
 4.62963e-06
 4.62963e-06
 4.62963e-06
 4.62963e-06
 4.62963e-06
 4.62963e-06
 4.62963e-06
 4.62963e-06
 4.62963e-06
 4.62963e-06
 4.62963e-06
 4.62963e-06
 2.31481e-06
 4.62963e-06
 4.62963e-06
 4.62963e-06
 4.62963e-06
 4.62963e-06
 4.62963e-06
 4.62963e-06
 4.62963e-06
 4.62963e-06
 4.62963e-06
 4.62963e-06
 4.62963e-06
 4.62963e-06
 4.62963e-06
 4.62963e-06
 4.62963e-06
 4.62963e-06
 2.31481e-06
 4.62963e-06
 4.62963e-06
 4.62963e-06
 4.62963e-06
 4.62963e-06
 4.62963e-06
 4.62963e-06
 4.62963e-06
 4.62963e-06
 4.62963e-06
 4.62963e-06
 4.62963e-06
 4.62963e-06
 4.62963e-06
 4.62963e-06
 4.62963e-06
 4.62963e-06
 1.15741e-06
 2.31481e-06
 2.31481e-06
 2.31481e-06
 2.31481e-06
 2.31481e-06
 2.31481e-06
 2.31481e-06
 2.31481e-06
 2.31481e-06
 2.31481e-06
 2.31481e-06
 2.31481e-06
 2.31481e-06
 2.31481e-06
 2.31481e-06
 2.31481e-06
 2.31481e-06
 9.28672e-06
 1.83148e-05
 1.78338e-05
 1.73016e-05
 1.64831e-05
 1.55654e-05
 1.46699e-05
 1.35883e-05
 1.25264e-05
 1.16129e-05
 1.07137e-05
 9.75349e-06
 8.66444e-06
 7.50008e-06
 6.42711e-06
 5.59772e-06
 5.06998e-06
 4.79772e-06
 7.89653e-06
 1.55612e-05
 1.51375e-05
 1.47390e-05
 1.41006e-05
 1.33484e-05
 1.27177e-05
 1.20189e-05
 1.12642e-05
 1.04563e-05
 9.50891e-06
 8.46709e-06
 7.40500e-06
 6.42722e-06
 5.64674e-06
 5.12330e-06
 4.83373e-06
 4.70142e-06
 6.76509e-06
 1.33558e-05
 1.30264e-05
 1.27625e-05
 1.23297e-05
 1.17454e-05
 1.12369e-05
 1.06599e-05
 9.94177e-06
 9.07960e-06
 8.10975e-06
 7.14694e-06
 6.28566e-06
 5.59778e-06
 5.12330e-06
 4.84732e-06
 4.71234e-06
 4.65669e-06
 5.87627e-06
 1.16459e-05
 1.14172e-05
 1.12213e-05
 1.08762e-05
 1.03367e-05
 9.79312e-06
 9.17223e-06
 8.42494e-06
 7.59536e-06
 6.76848e-06
 6.03897e-06
 5.46588e-06
 5.07000e-06
 4.83372e-06
 4.71234e-06
 4.65885e-06
 4.63875e-06
 5.05959e-06
 1.00617e-05
 9.88963e-06
 9.66131e-06
 9.29199e-06
 8.76237e-06
 8.20218e-06
 7.59629e-06
 6.94288e-06
 6.29731e-06
 5.72764e-06
 5.28395e-06
 4.98018e-06
 4.79772e-06
 4.70142e-06
 4.65669e-06
 4.63875e-06
 4.63241e-06
 4.20951e-06
 8.37393e-06
 8.22232e-06
 7.97563e-06
 7.61859e-06
 7.17132e-06
 6.70621e-06
 6.23672e-06
 5.78536e-06
 5.39125e-06
 5.08574e-06
 4.87694e-06
 4.75099e-06
 4.68339e-06
 4.65108e-06
 4.63737e-06
 4.63219e-06
 4.63042e-06
 3.40825e-06
 6.77705e-06
 6.65669e-06
 6.46143e-06
 6.19840e-06
 5.89588e-06
 5.59520e-06
 5.31826e-06
 5.08358e-06
 4.90392e-06
 4.78087e-06
 4.70559e-06
 4.66436e-06
 4.64411e-06
 4.63520e-06
 4.63161e-06
 4.63029e-06
 4.62983e-06
 2.80606e-06
 5.58679e-06
 5.51441e-06
 5.40276e-06
 5.26177e-06
 5.11065e-06
 4.97095e-06
 4.85483e-06
 4.76731e-06
 4.70731e-06
 4.66982e-06
 4.64867e-06
 4.63794e-06
 4.63301e-06
 4.63092e-06
 4.63009e-06
 4.62978e-06
 4.62968e-06
 2.47360e-06
 4.93669e-06
 4.90742e-06
 4.86440e-06
 4.81364e-06
 4.76304e-06
 4.71951e-06
 4.68585e-06
 4.66223e-06
 4.64711e-06
 4.63830e-06
 4.63363e-06
 4.63136e-06
 4.63033e-06
 4.62990e-06
 4.62973e-06
 4.62966e-06
 4.62964e-06
 2.35045e-06
 4.69820e-06
 4.69082e-06
 4.68027e-06
 4.66836e-06
 4.65699e-06
 4.64752e-06
 4.64047e-06
 4.63573e-06
 4.63284e-06
 4.63121e-06
 4.63037e-06
 4.62995e-06
 4.62976e-06
 4.62968e-06
 4.62965e-06
 4.62964e-06
 4.62963e-06
 2.32059e-06
 4.64073e-06
 4.63949e-06
 4.63772e-06
 4.63575e-06
 4.63391e-06
 4.63241e-06
 4.63131e-06
 4.63059e-06
 4.63014e-06
 4.62988e-06
 4.62975e-06
 4.62968e-06
 4.62965e-06
 4.62964e-06
 4.62963e-06
 4.62963e-06
 4.62963e-06
 2.31552e-06
 4.63099e-06
 4.63084e-06
 4.63063e-06
 4.63040e-06
 4.63018e-06
 4.62999e-06
 4.62986e-06
 4.62976e-06
 4.62970e-06
 4.62967e-06
 4.62965e-06
 4.62964e-06
 4.62963e-06
 4.62963e-06
 4.62963e-06
 4.62963e-06
 4.62963e-06
 2.31489e-06
 4.62977e-06
 4.62976e-06
 4.62974e-06
 4.62971e-06
 4.62969e-06
 4.62967e-06
 4.62966e-06
 4.62965e-06
 4.62964e-06
 4.62963e-06
 4.62963e-06
 4.62963e-06
 4.62963e-06
 4.62963e-06
 4.62963e-06
 4.62963e-06
 4.62963e-06
 2.31482e-06
 4.62964e-06
 4.62964e-06
 4.62964e-06
 4.62964e-06
 4.62964e-06
 4.62963e-06
 4.62963e-06
 4.62963e-06
 4.62963e-06
 4.62963e-06
 4.62963e-06
 4.62963e-06
 4.62963e-06
 4.62963e-06
 4.62963e-06
 4.62963e-06
 4.62963e-06
 2.31482e-06
 4.62963e-06
 4.62963e-06
 4.62963e-06
 4.62963e-06
 4.62963e-06
 4.62963e-06
 4.62963e-06
 4.62963e-06
 4.62963e-06
 4.62963e-06
 4.62963e-06
 4.62963e-06
 4.62963e-06
 4.62963e-06
 4.62963e-06
 4.62963e-06
 4.62963e-06
 2.31481e-06
 4.62963e-06
 4.62963e-06
 4.62963e-06
 4.62963e-06
 4.62963e-06
 4.62963e-06
 4.62963e-06
 4.62963e-06
 4.62963e-06
 4.62963e-06
 4.62963e-06
 4.62963e-06
 4.62963e-06
 4.62963e-06
 4.62963e-06
 4.62963e-06
 4.62963e-06
 2.31481e-06
 4.62963e-06
 4.62963e-06
 4.62963e-06
 4.62963e-06
 4.62963e-06
 4.62963e-06
 4.62963e-06
 4.62963e-06
 4.62963e-06
 4.62963e-06
 4.62963e-06
 4.62963e-06
 4.62963e-06
 4.62963e-06
 4.62963e-06
 4.62963e-06
 4.62963e-06
 1.15741e-06
 2.31481e-06
 2.31481e-06
 2.31481e-06
 2.31481e-06
 2.31481e-06
 2.31481e-06
 2.31481e-06
 2.31481e-06
 2.31481e-06
 2.31481e-06
 2.31481e-06
 2.31481e-06
 2.31481e-06
 2.31481e-06
 2.31481e-06
 2.31481e-06
 2.31481e-06
 8.68538e-06
 1.69583e-05
 1.63030e-05
 1.57722e-05
 1.50462e-05
 1.42977e-05
 1.35888e-05
 1.27541e-05
 1.19313e-05
 1.11174e-05
 1.02031e-05
 9.16519e-06
 8.03794e-06
 6.93640e-06
 6.00203e-06
 5.33162e-06
 4.93453e-06
 4.74164e-06
 7.42710e-06
 1.44730e-05
 1.39129e-05
 1.35582e-05
 1.30180e-05
 1.24577e-05
 1.20194e-05
 1.14488e-05
 1.07458e-05
 9.90028e-06
 8.90501e-06
 7.85545e-06
 6.85556e-06
 6.00210e-06
 5.36915e-06
 4.97313e-06
 4.76657e-06
 4.67634e-06
 6.45829e-06
 1.25776e-05
 1.21203e-05
 1.19162e-05
 1.15390e-05
 1.10668e-05
 1.06604e-05
 1.01029e-05
 9.35633e-06
 8.46684e-06
 7.52126e-06
 6.63394e-06
 5.88795e-06
 5.33166e-06
 4.97313e-06
 4.77616e-06
 4.68372e-06
 4.64699e-06
 5.64590e-06
 1.10291e-05
 1.06757e-05
 1.05010e-05
 1.01558e-05
 9.66751e-06
 9.17271e-06
 8.56190e-06
 7.82874e-06
 7.04599e-06
 6.30646e-06
 5.68834e-06
 5.23116e-06
 4.93455e-06
 4.76657e-06
 4.68372e-06
 4.64839e-06
 4.63544e-06
 4.78561e-06
 9.41896e-06
 9.17241e-06
 8.94534e-06
 8.57412e-06
 8.09690e-06
 7.59654e-06
 7.04375e-06
 6.45924e-06
 5.90386e-06
 5.43748e-06
 5.09338e-06
 4.86984e-06
 4.74164e-06
 4.67633e-06
 4.64699e-06
 4.63544e-06
 4.63142e-06
 3.90501e-06
 7.73270e-06
 7.56423e-06
 7.33437e-06
 7.00792e-06
 6.62694e-06
 6.23679e-06
 5.84607e-06
 5.48032e-06
 5.17331e-06
 4.94547e-06
 4.79644e-06
 4.70963e-06
 4.66439e-06
 4.64333e-06
 4.63457e-06
 4.63127e-06
 4.63014e-06
 3.16048e-06
 6.27805e-06
 6.16729e-06
 6.00188e-06
 5.78577e-06
 5.54815e-06
 5.31828e-06
 5.11159e-06
 4.94107e-06
 4.81422e-06
 4.72948e-06
 4.67892e-06
 4.65187e-06
 4.63884e-06
 4.63318e-06
 4.63091e-06
 4.63006e-06
 4.62976e-06
 2.66162e-06
 5.30137e-06
 5.24345e-06
 5.15933e-06
 5.05656e-06
 4.95027e-06
 4.85483e-06
 4.77697e-06
 4.71906e-06
 4.67969e-06
 4.65526e-06
 4.64169e-06
 4.63489e-06
 4.63178e-06
 4.63046e-06
 4.62993e-06
 4.62973e-06
 4.62966e-06
 2.41721e-06
 4.82676e-06
 4.80660e-06
 4.77814e-06
 4.74521e-06
 4.71313e-06
 4.68585e-06
 4.66477e-06
 4.65000e-06
 4.64056e-06
 4.63506e-06
 4.63216e-06
 4.63073e-06
 4.63008e-06
 4.62981e-06
 4.62969e-06
 4.62965e-06
 4.62964e-06
 2.33646e-06
 4.67121e-06
 4.66669e-06
 4.66026e-06
 4.65301e-06
 4.64616e-06
 4.64047e-06
 4.63624e-06
 4.63338e-06
 4.63163e-06
 4.63063e-06
 4.63010e-06
 4.62984e-06
 4.62972e-06
 4.62966e-06
 4.62964e-06
 4.62963e-06
 4.62963e-06
 2.31823e-06
 4.63619e-06
 4.63546e-06
 4.63442e-06
 4.63327e-06
 4.63220e-06
 4.63131e-06
 4.63066e-06
 4.63022e-06
 4.62995e-06
 4.62979e-06
 4.62971e-06
 4.62966e-06
 4.62964e-06
 4.62964e-06
 4.62963e-06
 4.62963e-06
 4.62963e-06
 2.31524e-06
 4.63045e-06
 4.63036e-06
 4.63024e-06
 4.63010e-06
 4.62997e-06
 4.62986e-06
 4.62977e-06
 4.62971e-06
 4.62968e-06
 4.62965e-06
 4.62964e-06
 4.62963e-06
 4.62963e-06
 4.62963e-06
 4.62963e-06
 4.62963e-06
 4.62963e-06
 2.31486e-06
 4.62972e-06
 4.62971e-06
 4.62970e-06
 4.62968e-06
 4.62967e-06
 4.62966e-06
 4.62965e-06
 4.62964e-06
 4.62964e-06
 4.62963e-06
 4.62963e-06
 4.62963e-06
 4.62963e-06
 4.62963e-06
 4.62963e-06
 4.62963e-06
 4.62963e-06
 2.31482e-06
 4.62964e-06
 4.62964e-06
 4.62964e-06
 4.62963e-06
 4.62963e-06
 4.62963e-06
 4.62963e-06
 4.62963e-06
 4.62963e-06
 4.62963e-06
 4.62963e-06
 4.62963e-06
 4.62963e-06
 4.62963e-06
 4.62963e-06
 4.62963e-06
 4.62963e-06
 2.31482e-06
 4.62963e-06
 4.62963e-06
 4.62963e-06
 4.62963e-06
 4.62963e-06
 4.62963e-06
 4.62963e-06
 4.62963e-06
 4.62963e-06
 4.62963e-06
 4.62963e-06
 4.62963e-06
 4.62963e-06
 4.62963e-06
 4.62963e-06
 4.62963e-06
 4.62963e-06
 2.31481e-06
 4.62963e-06
 4.62963e-06
 4.62963e-06
 4.62963e-06
 4.62963e-06
 4.62963e-06
 4.62963e-06
 4.62963e-06
 4.62963e-06
 4.62963e-06
 4.62963e-06
 4.62963e-06
 4.62963e-06
 4.62963e-06
 4.62963e-06
 4.62963e-06
 4.62963e-06
 2.31481e-06
 4.62963e-06
 4.62963e-06
 4.62963e-06
 4.62963e-06
 4.62963e-06
 4.62963e-06
 4.62963e-06
 4.62963e-06
 4.62963e-06
 4.62963e-06
 4.62963e-06
 4.62963e-06
 4.62963e-06
 4.62963e-06
 4.62963e-06
 4.62963e-06
 4.62963e-06
 1.15741e-06
 2.31481e-06
 2.31481e-06
 2.31481e-06
 2.31481e-06
 2.31481e-06
 2.31481e-06
 2.31481e-06
 2.31481e-06
 2.31481e-06
 2.31481e-06
 2.31481e-06
 2.31481e-06
 2.31481e-06
 2.31481e-06
 2.31481e-06
 2.31481e-06
 2.31481e-06
 7.79292e-06
 1.54272e-05
 1.49831e-05
 1.44516e-05
 1.38529e-05
 1.31486e-05
 1.25275e-05
 1.19322e-05
 1.12456e-05
 1.04431e-05
 9.48807e-06
 8.42482e-06
 7.34673e-06
 6.37421e-06
 5.61119e-06
 5.10504e-06
 4.82654e-06
 4.69919e-06
 6.76376e-06
 1.33283e-05
 1.29742e-05
 1.26852e-05
 1.22471e-05
 1.17107e-05
 1.12655e-05
 1.07466e-05
 1.00404e-05
 9.15622e-06
 8.16490e-06
 7.18267e-06
 6.30688e-06
 5.61122e-06
 5.13226e-06
 4.85284e-06
 4.71531e-06
 4.65798e-06
 5.97868e-06
 1.17299e-05
 1.14352e-05
 1.12863e-05
 1.09186e-05
 1.04111e-05
 9.94310e-06
 9.35699e-06
 8.60123e-06
 7.74097e-06
 6.88221e-06
 6.12291e-06
 5.52299e-06
 5.10507e-06
 4.85284e-06
 4.72148e-06
 4.66257e-06
 4.64006e-06
 5.21493e-06
 1.02430e-05
 9.99884e-06
 9.82888e-06
 9.44791e-06
 8.93838e-06
 8.42587e-06
 7.82914e-06
 7.15164e-06
 6.46575e-06
 5.85303e-06
 5.36960e-06
 5.03290e-06
 4.82654e-06
 4.71530e-06
 4.66257e-06
 4.64091e-06
 4.63312e-06
 4.35961e-06
 8.61416e-06
 8.43198e-06
 8.21018e-06
 7.84140e-06
 7.39778e-06
 6.94325e-06
 6.45939e-06
 5.97148e-06
 5.53087e-06
 5.18039e-06
 4.93488e-06
 4.78296e-06
 4.69919e-06
 4.65798e-06
 4.64005e-06
 4.63312e-06
 4.63071e-06
 3.54095e-06
 7.02860e-06
 6.89968e-06
 6.70062e-06
 6.41876e-06
 6.10163e-06
 5.78545e-06
 5.48036e-06
 5.20727e-06
 4.98814e-06
 4.83240e-06
 4.73409e-06
 4.67869e-06
 4.65058e-06
 4.63783e-06
 4.63259e-06
 4.63063e-06
 4.62994e-06
 2.91207e-06
 5.79378e-06
 5.71175e-06
 5.58555e-06
 5.42247e-06
 5.24760e-06
 5.08360e-06
 4.94108e-06
 4.82707e-06
 4.74455e-06
 4.69078e-06
 4.65933e-06
 4.64289e-06
 4.63511e-06
 4.63175e-06
 4.63040e-06
 4.62989e-06
 4.62971e-06
 2.53637e-06
 5.05826e-06
 5.01957e-06
 4.96343e-06
 4.89592e-06
 4.82744e-06
 4.76731e-06
 4.71906e-06
 4.68339e-06
 4.65942e-06
 4.64477e-06
 4.63674e-06
 4.63275e-06
 4.63092e-06
 4.63013e-06
 4.62981e-06
 4.62969e-06
 4.62965e-06
 2.37476e-06
 4.74508e-06
 4.73316e-06
 4.71626e-06
 4.69692e-06
 4.67812e-06
 4.66223e-06
 4.65000e-06
 4.64142e-06
 4.63598e-06
 4.63281e-06
 4.63112e-06
 4.63029e-06
 4.62990e-06
 4.62974e-06
 4.62967e-06
 4.62964e-06
 4.62963e-06
 2.32687e-06
 4.65283e-06
 4.65032e-06
 4.64673e-06
 4.64270e-06
 4.63889e-06
 4.63573e-06
 4.63338e-06
 4.63179e-06
 4.63079e-06
 4.63022e-06
 4.62991e-06
 4.62975e-06
 4.62968e-06
 4.62965e-06
 4.62964e-06
 4.62963e-06
 4.62963e-06
 2.31668e-06
 4.63322e-06
 4.63283e-06
 4.63227e-06
 4.63165e-06
 4.63107e-06
 4.63059e-06
 4.63022e-06
 4.62998e-06
 4.62982e-06
 4.62973e-06
 4.62968e-06
 4.62965e-06
 4.62964e-06
 4.62963e-06
 4.62963e-06
 4.62963e-06
 4.62963e-06
 2.31505e-06
 4.63009e-06
 4.63004e-06
 4.62998e-06
 4.62990e-06
 4.62982e-06
 4.62976e-06
 4.62971e-06
 4.62968e-06
 4.62966e-06
 4.62964e-06
 4.62964e-06
 4.62963e-06
 4.62963e-06
 4.62963e-06
 4.62963e-06
 4.62963e-06
 4.62963e-06
 2.31484e-06
 4.62968e-06
 4.62968e-06
 4.62967e-06
 4.62966e-06
 4.62965e-06
 4.62965e-06
 4.62964e-06
 4.62964e-06
 4.62963e-06
 4.62963e-06
 4.62963e-06
 4.62963e-06
 4.62963e-06
 4.62963e-06
 4.62963e-06
 4.62963e-06
 4.62963e-06
 2.31482e-06
 4.62963e-06
 4.62963e-06
 4.62963e-06
 4.62963e-06
 4.62963e-06
 4.62963e-06
 4.62963e-06
 4.62963e-06
 4.62963e-06
 4.62963e-06
 4.62963e-06
 4.62963e-06
 4.62963e-06
 4.62963e-06
 4.62963e-06
 4.62963e-06
 4.62963e-06
 2.31482e-06
 4.62963e-06
 4.62963e-06
 4.62963e-06
 4.62963e-06
 4.62963e-06
 4.62963e-06
 4.62963e-06
 4.62963e-06
 4.62963e-06
 4.62963e-06
 4.62963e-06
 4.62963e-06
 4.62963e-06
 4.62963e-06
 4.62963e-06
 4.62963e-06
 4.62963e-06
 2.31481e-06
 4.62963e-06
 4.62963e-06
 4.62963e-06
 4.62963e-06
 4.62963e-06
 4.62963e-06
 4.62963e-06
 4.62963e-06
 4.62963e-06
 4.62963e-06
 4.62963e-06
 4.62963e-06
 4.62963e-06
 4.62963e-06
 4.62963e-06
 4.62963e-06
 4.62963e-06
 2.31481e-06
 4.62963e-06
 4.62963e-06
 4.62963e-06
 4.62963e-06
 4.62963e-06
 4.62963e-06
 4.62963e-06
 4.62963e-06
 4.62963e-06
 4.62963e-06
 4.62963e-06
 4.62963e-06
 4.62963e-06
 4.62963e-06
 4.62963e-06
 4.62963e-06
 4.62963e-06
 1.15741e-06
 2.31481e-06
 2.31481e-06
 2.31481e-06
 2.31481e-06
 2.31481e-06
 2.31481e-06
 2.31481e-06
 2.31481e-06
 2.31481e-06
 2.31481e-06
 2.31481e-06
 2.31481e-06
 2.31481e-06
 2.31481e-06
 2.31481e-06
 2.31481e-06
 2.31481e-06
 6.85451e-06
 1.38190e-05
 1.35987e-05
 1.31344e-05
 1.28006e-05
 1.22114e-05
 1.16142e-05
 1.11186e-05
 1.04436e-05
 9.59292e-06
 8.62217e-06
 7.60991e-06
 6.65501e-06
 5.85660e-06
 5.28012e-06
 4.92802e-06
 4.74758e-06
 4.66970e-06
 6.09707e-06
 1.21972e-05
 1.20064e-05
 1.17396e-05
 1.14654e-05
 1.09769e-05
 1.04578e-05
 9.90135e-06
 9.15661e-06
 8.27359e-06
 7.36004e-06
 6.51200e-06
 5.80331e-06
 5.28013e-06
 4.94651e-06
 4.76448e-06
 4.67948e-06
 4.64570e-06
 5.45939e-06
 1.08356e-05
 1.06444e-05
 1.04482e-05
 1.01232e-05
 9.62047e-06
 9.08106e-06
 8.46764e-06
 7.74122e-06
 6.97250e-06
 6.25518e-06
 5.65808e-06
 5.21588e-06
 4.92803e-06
 4.76448e-06
 4.68333e-06
 4.64840e-06
 4.63552e-06
 4.72800e-06
 9.36500e-06
 9.18376e-06
 8.95672e-06
 8.58413e-06
 8.10267e-06
 7.59619e-06
 7.04637e-06
 6.46585e-06
 5.91424e-06
 5.45053e-06
 5.10609e-06
 4.87948e-06
 4.74758e-06
 4.67948e-06
 4.64840e-06
 4.63601e-06
 4.63161e-06
 3.91631e-06
 7.77291e-06
 7.62654e-06
 7.39894e-06
 7.07022e-06
 6.68858e-06
 6.29758e-06
 5.90398e-06
 5.53090e-06
 5.21356e-06
 4.97452e-06
 4.81504e-06
 4.72014e-06
 4.66970e-06
 4.64570e-06
 4.63552e-06
 4.63161e-06
 4.63025e-06
 3.19945e-06
 6.36274e-06
 6.26033e-06
 6.09401e-06
 5.87278e-06
 5.62916e-06
 5.39132e-06
 5.17334e-06
 4.98814e-06
 4.84640e-06
 4.74939e-06
 4.68999e-06
 4.65742e-06
 4.64137e-06
 4.63423e-06
 4.63131e-06
 4.63020e-06
 4.62981e-06
 2.70282e-06
 5.38519e-06
 5.32759e-06
 5.23881e-06
 5.12765e-06
 5.01086e-06
 4.90394e-06
 4.81422e-06
 4.74455e-06
 4.69532e-06
 4.66405e-06
 4.64616e-06
 4.63698e-06
 4.63269e-06
 4.63083e-06
 4.63007e-06
 4.62978e-06
 4.62968e-06
 2.44372e-06
 4.87902e-06
 4.85590e-06
 4.82213e-06
 4.78219e-06
 4.74215e-06
 4.70731e-06
 4.67969e-06
 4.65942e-06
 4.64598e-06
 4.63792e-06
 4.63354e-06
 4.63136e-06
 4.63035e-06
 4.62991e-06
 4.62973e-06
 4.62967e-06
 4.62964e-06
 2.34699e-06
 4.69172e-06
 4.68538e-06
 4.67622e-06
 4.66581e-06
 4.65568e-06
 4.64711e-06
 4.64056e-06
 4.63598e-06
 4.63307e-06
 4.63137e-06
 4.63046e-06
 4.63000e-06
 4.62978e-06
 4.62969e-06
 4.62965e-06
 4.62964e-06
 4.62963e-06
 2.32099e-06
 4.64153e-06
 4.64027e-06
 4.63844e-06
 4.63640e-06
 4.63445e-06
 4.63284e-06
 4.63163e-06
 4.63079e-06
 4.63027e-06
 4.62996e-06
 4.62979e-06
 4.62970e-06
 4.62966e-06
 4.62964e-06
 4.62963e-06
 4.62963e-06
 4.62963e-06
 2.31576e-06
 4.63145e-06
 4.63126e-06
 4.63099e-06
 4.63068e-06
 4.63039e-06
 4.63014e-06
 4.62995e-06
 4.62982e-06
 4.62973e-06
 4.62968e-06
 4.62966e-06
 4.62964e-06
 4.62963e-06
 4.62963e-06
 4.62963e-06
 4.62963e-06
 4.62963e-06
 2.31494e-06
 4.62987e-06
 4.62985e-06
 4.62981e-06
 4.62977e-06
 4.62973e-06
 4.62970e-06
 4.62968e-06
 4.62966e-06
 4.62964e-06
 4.62964e-06
 4.62963e-06
 4.62963e-06
 4.62963e-06
 4.62963e-06
 4.62963e-06
 4.62963e-06
 4.62963e-06
 2.31483e-06
 4.62966e-06
 4.62966e-06
 4.62965e-06
 4.62965e-06
 4.62964e-06
 4.62964e-06
 4.62964e-06
 4.62963e-06
 4.62963e-06
 4.62963e-06
 4.62963e-06
 4.62963e-06
 4.62963e-06
 4.62963e-06
 4.62963e-06
 4.62963e-06
 4.62963e-06
 2.31482e-06
 4.62963e-06
 4.62963e-06
 4.62963e-06
 4.62963e-06
 4.62963e-06
 4.62963e-06
 4.62963e-06
 4.62963e-06
 4.62963e-06
 4.62963e-06
 4.62963e-06
 4.62963e-06
 4.62963e-06
 4.62963e-06
 4.62963e-06
 4.62963e-06
 4.62963e-06
 2.31481e-06
 4.62963e-06
 4.62963e-06
 4.62963e-06
 4.62963e-06
 4.62963e-06
 4.62963e-06
 4.62963e-06
 4.62963e-06
 4.62963e-06
 4.62963e-06
 4.62963e-06
 4.62963e-06
 4.62963e-06
 4.62963e-06
 4.62963e-06
 4.62963e-06
 4.62963e-06
 2.31481e-06
 4.62963e-06
 4.62963e-06
 4.62963e-06
 4.62963e-06
 4.62963e-06
 4.62963e-06
 4.62963e-06
 4.62963e-06
 4.62963e-06
 4.62963e-06
 4.62963e-06
 4.62963e-06
 4.62963e-06
 4.62963e-06
 4.62963e-06
 4.62963e-06
 4.62963e-06
 2.31481e-06
 4.62963e-06
 4.62963e-06
 4.62963e-06
 4.62963e-06
 4.62963e-06
 4.62963e-06
 4.62963e-06
 4.62963e-06
 4.62963e-06
 4.62963e-06
 4.62963e-06
 4.62963e-06
 4.62963e-06
 4.62963e-06
 4.62963e-06
 4.62963e-06
 4.62963e-06
 1.15741e-06
 2.31481e-06
 2.31481e-06
 2.31481e-06
 2.31481e-06
 2.31481e-06
 2.31481e-06
 2.31481e-06
 2.31481e-06
 2.31481e-06
 2.31481e-06
 2.31481e-06
 2.31481e-06
 2.31481e-06
 2.31481e-06
 2.31481e-06
 2.31481e-06
 2.31481e-06
 6.15507e-06
 1.25845e-05
 1.24687e-05
 1.20185e-05
 1.18676e-05
 1.13481e-05
 1.07143e-05
 1.02037e-05
 9.48833e-06
 8.62224e-06
 7.70336e-06
 6.81053e-06
 6.02749e-06
 5.42478e-06
 5.02635e-06
 4.80221e-06
 4.69476e-06
 4.65097e-06
 5.60250e-06
 1.13200e-05
 1.11597e-05
 1.08156e-05
 1.05936e-05
 1.01070e-05
 9.50968e-06
 8.90554e-06
 8.16510e-06
 7.36007e-06
 6.58531e-06
 5.91086e-06
 5.38539e-06
 5.02636e-06
 4.81377e-06
 4.70473e-06
 4.65645e-06
 4.63812e-06
 4.99296e-06
 9.97722e-06
 9.78825e-06
 9.48853e-06
 9.15959e-06
 8.66822e-06
 8.11040e-06
 7.52163e-06
 6.88232e-06
 6.25519e-06
 5.70698e-06
 5.27937e-06
 4.98334e-06
 4.80222e-06
 4.70473e-06
 4.65854e-06
 4.63958e-06
 4.63274e-06
 4.24633e-06
 8.44487e-06
 8.27008e-06
 7.99735e-06
 7.64981e-06
 7.22273e-06
 6.76879e-06
 6.30660e-06
 5.85306e-06
 5.45052e-06
 5.13316e-06
 4.91080e-06
 4.77216e-06
 4.69477e-06
 4.65645e-06
 4.63958e-06
 4.63301e-06
 4.63069e-06
 3.49568e-06
 6.94954e-06
 6.81746e-06
 6.60640e-06
 6.33716e-06
 6.03370e-06
 5.72773e-06
 5.43750e-06
 5.18039e-06
 4.97452e-06
 4.82731e-06
 4.73291e-06
 4.67881e-06
 4.65097e-06
 4.63812e-06
 4.63274e-06
 4.63069e-06
 4.62996e-06
 2.90439e-06
 5.78178e-06
 5.70035e-06
 5.57317e-06
 5.41557e-06
 5.24642e-06
 5.08576e-06
 4.94546e-06
 4.83240e-06
 4.74938e-06
 4.69439e-06
 4.66165e-06
 4.64421e-06
 4.63578e-06
 4.63206e-06
 4.63052e-06
 4.62993e-06
 4.62973e-06
 2.54490e-06
 5.07664e-06
 5.03875e-06
 4.98189e-06
 4.91373e-06
 4.84377e-06
 4.78087e-06
 4.72948e-06
 4.69078e-06
 4.66405e-06
 4.64746e-06
 4.63816e-06
 4.63344e-06
 4.63123e-06
 4.63026e-06
 4.62986e-06
 4.62971e-06
 4.62966e-06
 2.38358e-06
 4.76262e-06
 4.74993e-06
 4.73135e-06
 4.70976e-06
 4.68838e-06
 4.66982e-06
 4.65525e-06
 4.64477e-06
 4.63792e-06
 4.63386e-06
 4.63164e-06
 4.63053e-06
 4.63001e-06
 4.62978e-06
 4.62969e-06
 4.62965e-06
 4.62964e-06
 2.33080e-06
 4.66048e-06
 4.65733e-06
 4.65274e-06
 4.64754e-06
 4.64254e-06
 4.63830e-06
 4.63506e-06
 4.63281e-06
 4.63137e-06
 4.63052e-06
 4.63006e-06
 4.62982e-06
 4.62971e-06
 4.62966e-06
 4.62964e-06
 4.62963e-06
 4.62963e-06
 2.31776e-06
 4.63530e-06
 4.63470e-06
 4.63385e-06
 4.63289e-06
 4.63198e-06
 4.63121e-06
 4.63063e-06
 4.63022e-06
 4.62996e-06
 4.62980e-06
 4.62971e-06
 4.62967e-06
 4.62965e-06
 4.62964e-06
 4.62963e-06
 4.62963e-06
 4.62963e-06
 2.31527e-06
 4.63051e-06
 4.63042e-06
 4.63029e-06
 4.63015e-06
 4.63000e-06
 4.62988e-06
 4.62979e-06
 4.62973e-06
 4.62968e-06
 4.62966e-06
 4.62964e-06
 4.62964e-06
 4.62963e-06
 4.62963e-06
 4.62963e-06
 4.62963e-06
 4.62963e-06
 2.31488e-06
 4.62975e-06
 4.62974e-06
 4.62972e-06
 4.62970e-06
 4.62968e-06
 4.62967e-06
 4.62965e-06
 4.62964e-06
 4.62964e-06
 4.62963e-06
 4.62963e-06
 4.62963e-06
 4.62963e-06
 4.62963e-06
 4.62963e-06
 4.62963e-06
 4.62963e-06
 2.31482e-06
 4.62964e-06
 4.62964e-06
 4.62964e-06
 4.62964e-06
 4.62964e-06
 4.62963e-06
 4.62963e-06
 4.62963e-06
 4.62963e-06
 4.62963e-06
 4.62963e-06
 4.62963e-06
 4.62963e-06
 4.62963e-06
 4.62963e-06
 4.62963e-06
 4.62963e-06
 2.31482e-06
 4.62963e-06
 4.62963e-06
 4.62963e-06
 4.62963e-06
 4.62963e-06
 4.62963e-06
 4.62963e-06
 4.62963e-06
 4.62963e-06
 4.62963e-06
 4.62963e-06
 4.62963e-06
 4.62963e-06
 4.62963e-06
 4.62963e-06
 4.62963e-06
 4.62963e-06
 2.31481e-06
 4.62963e-06
 4.62963e-06
 4.62963e-06
 4.62963e-06
 4.62963e-06
 4.62963e-06
 4.62963e-06
 4.62963e-06
 4.62963e-06
 4.62963e-06
 4.62963e-06
 4.62963e-06
 4.62963e-06
 4.62963e-06
 4.62963e-06
 4.62963e-06
 4.62963e-06
 2.31481e-06
 4.62963e-06
 4.62963e-06
 4.62963e-06
 4.62963e-06
 4.62963e-06
 4.62963e-06
 4.62963e-06
 4.62963e-06
 4.62963e-06
 4.62963e-06
 4.62963e-06
 4.62963e-06
 4.62963e-06
 4.62963e-06
 4.62963e-06
 4.62963e-06
 4.62963e-06
 2.31481e-06
 4.62963e-06
 4.62963e-06
 4.62963e-06
 4.62963e-06
 4.62963e-06
 4.62963e-06
 4.62963e-06
 4.62963e-06
 4.62963e-06
 4.62963e-06
 4.62963e-06
 4.62963e-06
 4.62963e-06
 4.62963e-06
 4.62963e-06
 4.62963e-06
 4.62963e-06
 1.15741e-06
 2.31481e-06
 2.31481e-06
 2.31481e-06
 2.31481e-06
 2.31481e-06
 2.31481e-06
 2.31481e-06
 2.31481e-06
 2.31481e-06
 2.31481e-06
 2.31481e-06
 2.31481e-06
 2.31481e-06
 2.31481e-06
 2.31481e-06
 2.31481e-06
 2.31481e-06
 5.53653e-06
 1.14296e-05
 1.14224e-05
 1.10236e-05
 1.09289e-05
 1.04373e-05
 9.75355e-06
 9.16528e-06
 8.42485e-06
 7.60993e-06
 6.81054e-06
 6.09033e-06
 5.50916e-06
 5.09956e-06
 4.85096e-06
 4.72117e-06
 4.66267e-06
 4.64016e-06
 5.06769e-06
 1.02862e-05
 1.01782e-05
 9.82968e-06
 9.58310e-06
 9.08895e-06
 8.46716e-06
 7.85550e-06
 7.18266e-06
 6.51198e-06
 5.91085e-06
 5.42407e-06
 5.07330e-06
 4.85096e-06
 4.72749e-06
 4.66798e-06
 4.64295e-06
 4.63382e-06
 4.44777e-06
 8.90714e-06
 8.75086e-06
 8.44865e-06
 8.11856e-06
 7.66078e-06
 7.14700e-06
 6.63397e-06
 6.12290e-06
 5.65806e-06
 5.27937e-06
 5.00361e-06
 4.82449e-06
 4.72117e-06
 4.66798e-06
 4.64409e-06
 4.63456e-06
 4.63118e-06
 3.73644e-06
 7.43986e-06
 7.29586e-06
 7.05404e-06
 6.75772e-06
 6.40552e-06
 6.03900e-06
 5.68835e-06
 5.36958e-06
 5.10608e-06
 4.91079e-06
 4.78126e-06
 4.70392e-06
 4.66267e-06
 4.64295e-06
 4.63456e-06
 4.63131e-06
 4.63016e-06
 3.10503e-06
 6.17869e-06
 6.07633e-06
 5.91380e-06
 5.71544e-06
 5.49722e-06
 5.28396e-06
 5.09337e-06
 4.93487e-06
 4.81503e-06
 4.73291e-06
 4.68225e-06
 4.65414e-06
 4.64016e-06
 4.63382e-06
 4.63118e-06
 4.63016e-06
 4.62980e-06
 2.66790e-06
 5.31729e-06
 5.26163e-06
 5.17720e-06
 5.07730e-06
 4.97309e-06
 4.87695e-06
 4.79643e-06
 4.73408e-06
 4.68999e-06
 4.66165e-06
 4.64527e-06
 4.63673e-06
 4.63264e-06
 4.63083e-06
 4.63007e-06
 4.62978e-06
 4.62968e-06
 2.43794e-06
 4.86824e-06
 4.84626e-06
 4.81395e-06
 4.77656e-06
 4.73895e-06
 4.70559e-06
 4.67892e-06
 4.65932e-06
 4.64615e-06
 4.63816e-06
 4.63373e-06
 4.63148e-06
 4.63042e-06
 4.62994e-06
 4.62975e-06
 4.62967e-06
 4.62964e-06
 2.34840e-06
 4.69453e-06
 4.68819e-06
 4.67887e-06
 4.66816e-06
 4.65770e-06
 4.64867e-06
 4.64168e-06
 4.63674e-06
 4.63354e-06
 4.63164e-06
 4.63060e-06
 4.63007e-06
 4.62982e-06
 4.62970e-06
 4.62966e-06
 4.62964e-06
 4.62963e-06
 2.32211e-06
 4.64370e-06
 4.64228e-06
 4.64020e-06
 4.63784e-06
 4.63557e-06
 4.63363e-06
 4.63216e-06
 4.63112e-06
 4.63046e-06
 4.63006e-06
 4.62984e-06
 4.62972e-06
 4.62967e-06
 4.62965e-06
 4.62964e-06
 4.62963e-06
 4.62963e-06
 2.31612e-06
 4.63215e-06
 4.63189e-06
 4.63153e-06
 4.63111e-06
 4.63071e-06
 4.63037e-06
 4.63010e-06
 4.62991e-06
 4.62979e-06
 4.62971e-06
 4.62967e-06
 4.62965e-06
 4.62964e-06
 4.62963e-06
 4.62963e-06
 4.62963e-06
 4.62963e-06
 2.31502e-06
 4.63003e-06
 4.62999e-06
 4.62993e-06
 4.62987e-06
 4.62980e-06
 4.62975e-06
 4.62971e-06
 4.62968e-06
 4.62966e-06
 4.62964e-06
 4.62964e-06
 4.62963e-06
 4.62963e-06
 4.62963e-06
 4.62963e-06
 4.62963e-06
 4.62963e-06
 2.31484e-06
 4.62969e-06
 4.62968e-06
 4.62967e-06
 4.62966e-06
 4.62965e-06
 4.62965e-06
 4.62964e-06
 4.62964e-06
 4.62963e-06
 4.62963e-06
 4.62963e-06
 4.62963e-06
 4.62963e-06
 4.62963e-06
 4.62963e-06
 4.62963e-06
 4.62963e-06
 2.31482e-06
 4.62964e-06
 4.62964e-06
 4.62963e-06
 4.62963e-06
 4.62963e-06
 4.62963e-06
 4.62963e-06
 4.62963e-06
 4.62963e-06
 4.62963e-06
 4.62963e-06
 4.62963e-06
 4.62963e-06
 4.62963e-06
 4.62963e-06
 4.62963e-06
 4.62963e-06
 2.31482e-06
 4.62963e-06
 4.62963e-06
 4.62963e-06
 4.62963e-06
 4.62963e-06
 4.62963e-06
 4.62963e-06
 4.62963e-06
 4.62963e-06
 4.62963e-06
 4.62963e-06
 4.62963e-06
 4.62963e-06
 4.62963e-06
 4.62963e-06
 4.62963e-06
 4.62963e-06
 2.31481e-06
 4.62963e-06
 4.62963e-06
 4.62963e-06
 4.62963e-06
 4.62963e-06
 4.62963e-06
 4.62963e-06
 4.62963e-06
 4.62963e-06
 4.62963e-06
 4.62963e-06
 4.62963e-06
 4.62963e-06
 4.62963e-06
 4.62963e-06
 4.62963e-06
 4.62963e-06
 2.31481e-06
 4.62963e-06
 4.62963e-06
 4.62963e-06
 4.62963e-06
 4.62963e-06
 4.62963e-06
 4.62963e-06
 4.62963e-06
 4.62963e-06
 4.62963e-06
 4.62963e-06
 4.62963e-06
 4.62963e-06
 4.62963e-06
 4.62963e-06
 4.62963e-06
 4.62963e-06
 2.31481e-06
 4.62963e-06
 4.62963e-06
 4.62963e-06
 4.62963e-06
 4.62963e-06
 4.62963e-06
 4.62963e-06
 4.62963e-06
 4.62963e-06
 4.62963e-06
 4.62963e-06
 4.62963e-06
 4.62963e-06
 4.62963e-06
 4.62963e-06
 4.62963e-06
 4.62963e-06
 1.15741e-06
 2.31481e-06
 2.31481e-06
 2.31481e-06
 2.31481e-06
 2.31481e-06
 2.31481e-06
 2.31481e-06
 2.31481e-06
 2.31481e-06
 2.31481e-06
 2.31481e-06
 2.31481e-06
 2.31481e-06
 2.31481e-06
 2.31481e-06
 2.31481e-06
 2.31481e-06
 5.00965e-06
 1.03078e-05
 1.03203e-05
 9.99005e-06
 9.82408e-06
 9.33383e-06
 8.66453e-06
 8.03802e-06
 7.34676e-06
 6.65504e-06
 6.02752e-06
 5.50917e-06
 5.12700e-06
 4.88017e-06
 4.74154e-06
 4.67369e-06
 4.64500e-06
 4.63447e-06
 4.49779e-06
 9.09238e-06
 9.00970e-06
 8.72349e-06
 8.43815e-06
 7.96738e-06
 7.40498e-06
 6.85555e-06
 6.30687e-06
 5.80329e-06
 5.38538e-06
 5.07329e-06
 4.86504e-06
 4.74154e-06
 4.67713e-06
 4.64758e-06
 4.63579e-06
 4.63156e-06
 3.87159e-06
 7.73996e-06
 7.62129e-06
 7.38276e-06
 7.08711e-06
 6.70221e-06
 6.28562e-06
 5.88791e-06
 5.52297e-06
 5.21587e-06
 4.98334e-06
 4.82448e-06
 4.72714e-06
 4.67369e-06
 4.64758e-06
 4.63630e-06
 4.63191e-06
 4.63035e-06
 3.25710e-06
 6.48768e-06
 6.38334e-06
 6.20627e-06
 5.98363e-06
 5.72577e-06
 5.46586e-06
 5.23114e-06
 5.03289e-06
 4.87947e-06
 4.77215e-06
 4.70392e-06
 4.66499e-06
 4.64500e-06
 4.63579e-06
 4.63191e-06
 4.63041e-06
 4.62988e-06
 2.78435e-06
 5.54796e-06
 5.48049e-06
 5.37445e-06
 5.24685e-06
 5.10978e-06
 4.98018e-06
 4.86983e-06
 4.78296e-06
 4.72014e-06
 4.67880e-06
 4.65413e-06
 4.64092e-06
 4.63447e-06
 4.63156e-06
 4.63035e-06
 4.62988e-06
 4.62971e-06
 2.50192e-06
 4.99334e-06
 4.96138e-06
 4.91356e-06
 4.85825e-06
 4.80185e-06
 4.75099e-06
 4.70963e-06
 4.67869e-06
 4.65742e-06
 4.64421e-06
 4.63673e-06
 4.63287e-06
 4.63102e-06
 4.63019e-06
 4.62984e-06
 4.62970e-06
 4.62965e-06
 2.37392e-06
 4.74400e-06
 4.73292e-06
 4.71677e-06
 4.69842e-06
 4.68026e-06
 4.66436e-06
 4.65187e-06
 4.64289e-06
 4.63698e-06
 4.63344e-06
 4.63148e-06
 4.63047e-06
 4.62999e-06
 4.62978e-06
 4.62968e-06
 4.62965e-06
 4.62964e-06
 2.32976e-06
 4.65849e-06
 4.65559e-06
 4.65136e-06
 4.64655e-06
 4.64191e-06
 4.63794e-06
 4.63489e-06
 4.63275e-06
 4.63136e-06
 4.63053e-06
 4.63007e-06
 4.62983e-06
 4.62972e-06
 4.62966e-06
 4.62964e-06
 4.62963e-06
 4.62963e-06
 2.31791e-06
 4.63560e-06
 4.63500e-06
 4.63412e-06
 4.63313e-06
 4.63217e-06
 4.63136e-06
 4.63073e-06
 4.63029e-06
 4.63000e-06
 4.62982e-06
 4.62972e-06
 4.62967e-06
 4.62965e-06
 4.62964e-06
 4.62963e-06
 4.62963e-06
 4.62963e-06
 2.31537e-06
 4.63070e-06
 4.63059e-06
 4.63044e-06
 4.63027e-06
 4.63010e-06
 4.62995e-06
 4.62984e-06
 4.62975e-06
 4.62970e-06
 4.62967e-06
 4.62965e-06
 4.62964e-06
 4.62963e-06
 4.62963e-06
 4.62963e-06
 4.62963e-06
 4.62963e-06
 2.31490e-06
 4.62980e-06
 4.62978e-06
 4.62976e-06
 4.62973e-06
 4.62971e-06
 4.62968e-06
 4.62966e-06
 4.62965e-06
 4.62964e-06
 4.62964e-06
 4.62963e-06
 4.62963e-06
 4.62963e-06
 4.62963e-06
 4.62963e-06
 4.62963e-06
 4.62963e-06
 2.31483e-06
 4.62965e-06
 4.62965e-06
 4.62965e-06
 4.62964e-06
 4.62964e-06
 4.62964e-06
 4.62963e-06
 4.62963e-06
 4.62963e-06
 4.62963e-06
 4.62963e-06
 4.62963e-06
 4.62963e-06
 4.62963e-06
 4.62963e-06
 4.62963e-06
 4.62963e-06
 2.31482e-06
 4.62963e-06
 4.62963e-06
 4.62963e-06
 4.62963e-06
 4.62963e-06
 4.62963e-06
 4.62963e-06
 4.62963e-06
 4.62963e-06
 4.62963e-06
 4.62963e-06
 4.62963e-06
 4.62963e-06
 4.62963e-06
 4.62963e-06
 4.62963e-06
 4.62963e-06
 2.31481e-06
 4.62963e-06
 4.62963e-06
 4.62963e-06
 4.62963e-06
 4.62963e-06
 4.62963e-06
 4.62963e-06
 4.62963e-06
 4.62963e-06
 4.62963e-06
 4.62963e-06
 4.62963e-06
 4.62963e-06
 4.62963e-06
 4.62963e-06
 4.62963e-06
 4.62963e-06
 2.31481e-06
 4.62963e-06
 4.62963e-06
 4.62963e-06
 4.62963e-06
 4.62963e-06
 4.62963e-06
 4.62963e-06
 4.62963e-06
 4.62963e-06
 4.62963e-06
 4.62963e-06
 4.62963e-06
 4.62963e-06
 4.62963e-06
 4.62963e-06
 4.62963e-06
 4.62963e-06
 2.31481e-06
 4.62963e-06
 4.62963e-06
 4.62963e-06
 4.62963e-06
 4.62963e-06
 4.62963e-06
 4.62963e-06
 4.62963e-06
 4.62963e-06
 4.62963e-06
 4.62963e-06
 4.62963e-06
 4.62963e-06
 4.62963e-06
 4.62963e-06
 4.62963e-06
 4.62963e-06
 2.31481e-06
 4.62963e-06
 4.62963e-06
 4.62963e-06
 4.62963e-06
 4.62963e-06
 4.62963e-06
 4.62963e-06
 4.62963e-06
 4.62963e-06
 4.62963e-06
 4.62963e-06
 4.62963e-06
 4.62963e-06
 4.62963e-06
 4.62963e-06
 4.62963e-06
 4.62963e-06
 1.15741e-06
 2.31481e-06
 2.31481e-06
 2.31481e-06
 2.31481e-06
 2.31481e-06
 2.31481e-06
 2.31481e-06
 2.31481e-06
 2.31481e-06
 2.31481e-06
 2.31481e-06
 2.31481e-06
 2.31481e-06
 2.31481e-06
 2.31481e-06
 2.31481e-06
 2.31481e-06
 4.49492e-06
 9.12627e-06
 9.08464e-06
 8.81453e-06
 8.55377e-06
 8.08117e-06
 7.50030e-06
 6.93655e-06
 6.37429e-06
 5.85663e-06
 5.42479e-06
 5.09956e-06
 4.88017e-06
 4.74963e-06
 4.68061e-06
 4.64898e-06
 4.63626e-06
 4.63171e-06
 3.92118e-06
 7.86558e-06
 7.77801e-06
 7.55508e-06
 7.27139e-06
 6.87237e-06
 6.42725e-06
 6.00212e-06
 5.61123e-06
 5.28014e-06
 5.02636e-06
 4.85096e-06
 4.74154e-06
 4.68061e-06
 4.65046e-06
 4.63738e-06
 4.63228e-06
 4.63046e-06
 3.34404e-06
 6.67048e-06
 6.57731e-06
 6.40228e-06
 6.17230e-06
 5.89022e-06
 5.59778e-06
 5.33165e-06
 5.10506e-06
 4.92802e-06
 4.80222e-06
 4.72117e-06
 4.67369e-06
 4.64898e-06
 4.63738e-06
 4.63251e-06
 4.63061e-06
 4.62994e-06
 2.87026e-06
 5.72051e-06
 5.65060e-06
 5.53444e-06
 5.38963e-06
 5.22754e-06
 5.07000e-06
 4.93454e-06
 4.82654e-06
 4.74758e-06
 4.69476e-06
 4.66267e-06
 4.64500e-06
 4.63626e-06
 4.63228e-06
 4.63061e-06
 4.62997e-06
 4.62974e-06
 2.56027e-06
 5.10843e-06
 5.07013e-06
 5.01053e-06
 4.93991e-06
 4.86590e-06
 4.79772e-06
 4.74164e-06
 4.69919e-06
 4.66970e-06
 4.65097e-06
 4.64016e-06
 4.63447e-06
 4.63171e-06
 4.63046e-06
 4.62994e-06
 4.62974e-06
 4.62966e-06
 2.40239e-06
 4.79964e-06
 4.78417e-06
 4.76103e-06
 4.73428e-06
 4.70731e-06
 4.68339e-06
 4.66439e-06
 4.65058e-06
 4.64137e-06
 4.63578e-06
 4.63264e-06
 4.63102e-06
 4.63023e-06
 4.62987e-06
 4.62972e-06
 4.62966e-06
 4.62964e-06
 2.34019e-06
 4.67871e-06
 4.67394e-06
 4.66692e-06
 4.65885e-06
 4.65093e-06
 4.64411e-06
 4.63884e-06
 4.63511e-06
 4.63269e-06
 4.63123e-06
 4.63042e-06
 4.62999e-06
 4.62979e-06
 4.62969e-06
 4.62965e-06
 4.62964e-06
 4.62963e-06
 2.32085e-06
 4.64129e-06
 4.64011e-06
 4.63840e-06
 4.63646e-06
 4.63459e-06
 4.63301e-06
 4.63178e-06
 4.63092e-06
 4.63035e-06
 4.63001e-06
 4.62982e-06
 4.62972e-06
 4.62967e-06
 4.62965e-06
 4.62964e-06
 4.62963e-06
 4.62963e-06
 2.31603e-06
 4.63198e-06
 4.63175e-06
 4.63142e-06
 4.63103e-06
 4.63066e-06
 4.63033e-06
 4.63008e-06
 4.62990e-06
 4.62978e-06
 4.62971e-06
 4.62967e-06
 4.62965e-06
 4.62964e-06
 4.62963e-06
 4.62963e-06
 4.62963e-06
 4.62963e-06
 2.31504e-06
 4.63006e-06
 4.63002e-06
 4.62996e-06
 4.62989e-06
 4.62982e-06
 4.62976e-06
 4.62972e-06
 4.62968e-06
 4.62966e-06
 4.62965e-06
 4.62964e-06
 4.62963e-06
 4.62963e-06
 4.62963e-06
 4.62963e-06
 4.62963e-06
 4.62963e-06
 2.31485e-06
 4.62970e-06
 4.62969e-06
 4.62968e-06
 4.62967e-06
 4.62966e-06
 4.62965e-06
 4.62964e-06
 4.62964e-06
 4.62963e-06
 4.62963e-06
 4.62963e-06
 4.62963e-06
 4.62963e-06
 4.62963e-06
 4.62963e-06
 4.62963e-06
 4.62963e-06
 2.31482e-06
 4.62964e-06
 4.62964e-06
 4.62964e-06
 4.62964e-06
 4.62963e-06
 4.62963e-06
 4.62963e-06
 4.62963e-06
 4.62963e-06
 4.62963e-06
 4.62963e-06
 4.62963e-06
 4.62963e-06
 4.62963e-06
 4.62963e-06
 4.62963e-06
 4.62963e-06
 2.31482e-06
 4.62963e-06
 4.62963e-06
 4.62963e-06
 4.62963e-06
 4.62963e-06
 4.62963e-06
 4.62963e-06
 4.62963e-06
 4.62963e-06
 4.62963e-06
 4.62963e-06
 4.62963e-06
 4.62963e-06
 4.62963e-06
 4.62963e-06
 4.62963e-06
 4.62963e-06
 2.31481e-06
 4.62963e-06
 4.62963e-06
 4.62963e-06
 4.62963e-06
 4.62963e-06
 4.62963e-06
 4.62963e-06
 4.62963e-06
 4.62963e-06
 4.62963e-06
 4.62963e-06
 4.62963e-06
 4.62963e-06
 4.62963e-06
 4.62963e-06
 4.62963e-06
 4.62963e-06
 2.31481e-06
 4.62963e-06
 4.62963e-06
 4.62963e-06
 4.62963e-06
 4.62963e-06
 4.62963e-06
 4.62963e-06
 4.62963e-06
 4.62963e-06
 4.62963e-06
 4.62963e-06
 4.62963e-06
 4.62963e-06
 4.62963e-06
 4.62963e-06
 4.62963e-06
 4.62963e-06
 2.31481e-06
 4.62963e-06
 4.62963e-06
 4.62963e-06
 4.62963e-06
 4.62963e-06
 4.62963e-06
 4.62963e-06
 4.62963e-06
 4.62963e-06
 4.62963e-06
 4.62963e-06
 4.62963e-06
 4.62963e-06
 4.62963e-06
 4.62963e-06
 4.62963e-06
 4.62963e-06
 2.31481e-06
 4.62963e-06
 4.62963e-06
 4.62963e-06
 4.62963e-06
 4.62963e-06
 4.62963e-06
 4.62963e-06
 4.62963e-06
 4.62963e-06
 4.62963e-06
 4.62963e-06
 4.62963e-06
 4.62963e-06
 4.62963e-06
 4.62963e-06
 4.62963e-06
 4.62963e-06
 1.15741e-06
 2.31481e-06
 2.31481e-06
 2.31481e-06
 2.31481e-06
 2.31481e-06
 2.31481e-06
 2.31481e-06
 2.31481e-06
 2.31481e-06
 2.31481e-06
 2.31481e-06
 2.31481e-06
 2.31481e-06
 2.31481e-06
 2.31481e-06
 2.31481e-06
 2.31481e-06
 3.92131e-06
 7.86574e-06
 7.77805e-06
 7.55523e-06
 7.27163e-06
 6.87249e-06
 6.42730e-06
 6.00215e-06
 5.61125e-06
 5.28014e-06
 5.02636e-06
 4.85096e-06
 4.74153e-06
 4.68061e-06
 4.65046e-06
 4.63738e-06
 4.63228e-06
 4.63046e-06
 3.37242e-06
 6.73155e-06
 6.64405e-06
 6.47186e-06
 6.24073e-06
 5.95100e-06
 5.64678e-06
 5.36917e-06
 5.13227e-06
 4.94651e-06
 4.81376e-06
 4.72749e-06
 4.67713e-06
 4.65046e-06
 4.63802e-06
 4.63273e-06
 4.63069e-06
 4.62997e-06
 2.91588e-06
 5.81317e-06
 5.74380e-06
 5.62444e-06
 5.47200e-06
 5.29663e-06
 5.12331e-06
 4.97313e-06
 4.85284e-06
 4.76448e-06
 4.70472e-06
 4.66797e-06
 4.64758e-06
 4.63738e-06
 4.63273e-06
 4.63078e-06
 4.63003e-06
 4.62976e-06
 2.60134e-06
 5.18990e-06
 5.14805e-06
 5.08141e-06
 5.00095e-06
 4.91460e-06
 4.83373e-06
 4.76657e-06
 4.71530e-06
 4.67948e-06
 4.65644e-06
 4.64295e-06
 4.63579e-06
 4.63228e-06
 4.63069e-06
 4.63003e-06
 4.62977e-06
 4.62967e-06
 2.42753e-06
 4.84881e-06
 4.82989e-06
 4.80099e-06
 4.76710e-06
 4.73254e-06
 4.70142e-06
 4.67634e-06
 4.65798e-06
 4.64570e-06
 4.63812e-06
 4.63382e-06
 4.63156e-06
 4.63046e-06
 4.62997e-06
 4.62976e-06
 4.62967e-06
 4.62964e-06
 2.35130e-06
 4.70029e-06
 4.69368e-06
 4.68387e-06
 4.67242e-06
 4.66101e-06
 4.65108e-06
 4.64333e-06
 4.63783e-06
 4.63423e-06
 4.63206e-06
 4.63083e-06
 4.63019e-06
 4.62987e-06
 4.62973e-06
 4.62967e-06
 4.62964e-06
 4.62963e-06
 2.32466e-06
 4.64865e-06
 4.64676e-06
 4.64402e-06
 4.64087e-06
 4.63781e-06
 4.63520e-06
 4.63318e-06
 4.63175e-06
 4.63083e-06
 4.63026e-06
 4.62994e-06
 4.62978e-06
 4.62969e-06
 4.62966e-06
 4.62964e-06
 4.62963e-06
 4.62963e-06
 2.31705e-06
 4.63394e-06
 4.63352e-06
 4.63290e-06
 4.63219e-06
 4.63151e-06
 4.63092e-06
 4.63046e-06
 4.63013e-06
 4.62991e-06
 4.62978e-06
 4.62970e-06
 4.62966e-06
 4.62965e-06
 4.62964e-06
 4.62963e-06
 4.62963e-06
 4.62963e-06
 2.31527e-06
 4.63051e-06
 4.63042e-06
 4.63030e-06
 4.63016e-06
 4.63002e-06
 4.62990e-06
 4.62980e-06
 4.62974e-06
 4.62969e-06
 4.62966e-06
 4.62965e-06
 4.62964e-06
 4.62963e-06
 4.62963e-06
 4.62963e-06
 4.62963e-06
 4.62963e-06
 2.31490e-06
 4.62979e-06
 4.62978e-06
 4.62975e-06
 4.62973e-06
 4.62970e-06
 4.62968e-06
 4.62966e-06
 4.62965e-06
 4.62964e-06
 4.62964e-06
 4.62963e-06
 4.62963e-06
 4.62963e-06
 4.62963e-06
 4.62963e-06
 4.62963e-06
 4.62963e-06
 2.31483e-06
 4.62966e-06
 4.62965e-06
 4.62965e-06
 4.62965e-06
 4.62964e-06
 4.62964e-06
 4.62964e-06
 4.62963e-06
 4.62963e-06
 4.62963e-06
 4.62963e-06
 4.62963e-06
 4.62963e-06
 4.62963e-06
 4.62963e-06
 4.62963e-06
 4.62963e-06
 2.31482e-06
 4.62963e-06
 4.62963e-06
 4.62963e-06
 4.62963e-06
 4.62963e-06
 4.62963e-06
 4.62963e-06
 4.62963e-06
 4.62963e-06
 4.62963e-06
 4.62963e-06
 4.62963e-06
 4.62963e-06
 4.62963e-06
 4.62963e-06
 4.62963e-06
 4.62963e-06
 2.31482e-06
 4.62963e-06
 4.62963e-06
 4.62963e-06
 4.62963e-06
 4.62963e-06
 4.62963e-06
 4.62963e-06
 4.62963e-06
 4.62963e-06
 4.62963e-06
 4.62963e-06
 4.62963e-06
 4.62963e-06
 4.62963e-06
 4.62963e-06
 4.62963e-06
 4.62963e-06
 2.31481e-06
 4.62963e-06
 4.62963e-06
 4.62963e-06
 4.62963e-06
 4.62963e-06
 4.62963e-06
 4.62963e-06
 4.62963e-06
 4.62963e-06
 4.62963e-06
 4.62963e-06
 4.62963e-06
 4.62963e-06
 4.62963e-06
 4.62963e-06
 4.62963e-06
 4.62963e-06
 2.31481e-06
 4.62963e-06
 4.62963e-06
 4.62963e-06
 4.62963e-06
 4.62963e-06
 4.62963e-06
 4.62963e-06
 4.62963e-06
 4.62963e-06
 4.62963e-06
 4.62963e-06
 4.62963e-06
 4.62963e-06
 4.62963e-06
 4.62963e-06
 4.62963e-06
 4.62963e-06
 2.31481e-06
 4.62963e-06
 4.62963e-06
 4.62963e-06
 4.62963e-06
 4.62963e-06
 4.62963e-06
 4.62963e-06
 4.62963e-06
 4.62963e-06
 4.62963e-06
 4.62963e-06
 4.62963e-06
 4.62963e-06
 4.62963e-06
 4.62963e-06
 4.62963e-06
 4.62963e-06
 2.31481e-06
 4.62963e-06
 4.62963e-06
 4.62963e-06
 4.62963e-06
 4.62963e-06
 4.62963e-06
 4.62963e-06
 4.62963e-06
 4.62963e-06
 4.62963e-06
 4.62963e-06
 4.62963e-06
 4.62963e-06
 4.62963e-06
 4.62963e-06
 4.62963e-06
 4.62963e-06
 1.15741e-06
 2.31481e-06
 2.31481e-06
 2.31481e-06
 2.31481e-06
 2.31481e-06
 2.31481e-06
 2.31481e-06
 2.31481e-06
 2.31481e-06
 2.31481e-06
 2.31481e-06
 2.31481e-06
 2.31481e-06
 2.31481e-06
 2.31481e-06
 2.31481e-06
 2.31481e-06
 3.34420e-06
 6.67071e-06
 6.57740e-06
 6.40244e-06
 6.17248e-06
 5.89030e-06
 5.59781e-06
 5.33167e-06
 5.10507e-06
 4.92802e-06
 4.80221e-06
 4.72117e-06
 4.67368e-06
 4.64898e-06
 4.63738e-06
 4.63251e-06
 4.63061e-06
 4.62994e-06
 2.91594e-06
 5.81327e-06
 5.74386e-06
 5.62448e-06
 5.47204e-06
 5.29664e-06
 5.12331e-06
 4.97313e-06
 4.85284e-06
 4.76448e-06
 4.70472e-06
 4.66797e-06
 4.64758e-06
 4.63738e-06
 4.63273e-06
 4.63078e-06
 4.63003e-06
 4.62976e-06
 2.61631e-06
 5.21970e-06
 5.17676e-06
 5.10763e-06
 5.02399e-06
 4.93293e-06
 4.84732e-06
 4.77616e-06
 4.72148e-06
 4.68333e-06
 4.65854e-06
 4.64409e-06
 4.63630e-06
 4.63251e-06
 4.63078e-06
 4.63006e-06
 4.62978e-06
 4.62968e-06
 2.44251e-06
 4.87827e-06
 4.85724e-06
 4.82494e-06
 4.78714e-06
 4.74787e-06
 4.71234e-06
 4.68372e-06
 4.66257e-06
 4.64840e-06
 4.63958e-06
 4.63456e-06
 4.63191e-06
 4.63061e-06
 4.63003e-06
 4.62978e-06
 4.62968e-06
 4.62965e-06
 2.36033e-06
 4.71784e-06
 4.70970e-06
 4.69746e-06
 4.68327e-06
 4.66911e-06
 4.65669e-06
 4.64699e-06
 4.64005e-06
 4.63552e-06
 4.63274e-06
 4.63118e-06
 4.63035e-06
 4.62994e-06
 4.62976e-06
 4.62968e-06
 4.62965e-06
 4.62964e-06
 2.32844e-06
 4.65594e-06
 4.65337e-06
 4.64960e-06
 4.64527e-06
 4.64102e-06
 4.63737e-06
 4.63456e-06
 4.63259e-06
 4.63131e-06
 4.63052e-06
 4.63007e-06
 4.62984e-06
 4.62972e-06
 4.62967e-06
 4.62964e-06
 4.62963e-06
 4.62963e-06
 2.31828e-06
 4.63632e-06
 4.63565e-06
 4.63468e-06
 4.63358e-06
 4.63252e-06
 4.63161e-06
 4.63091e-06
 4.63040e-06
 4.63007e-06
 4.62986e-06
 4.62975e-06
 4.62968e-06
 4.62965e-06
 4.62964e-06
 4.62963e-06
 4.62963e-06
 4.62963e-06
 2.31560e-06
 4.63114e-06
 4.63100e-06
 4.63078e-06
 4.63054e-06
 4.63030e-06
 4.63009e-06
 4.62993e-06
 4.62981e-06
 4.62973e-06
 4.62969e-06
 4.62966e-06
 4.62964e-06
 4.62964e-06
 4.62963e-06
 4.62963e-06
 4.62963e-06
 4.62963e-06
 2.31497e-06
 4.62993e-06
 4.62991e-06
 4.62986e-06
 4.62982e-06
 4.62977e-06
 4.62973e-06
 4.62969e-06
 4.62967e-06
 4.62965e-06
 4.62964e-06
 4.62964e-06
 4.62963e-06
 4.62963e-06
 4.62963e-06
 4.62963e-06
 4.62963e-06
 4.62963e-06
 2.31484e-06
 4.62969e-06
 4.62968e-06
 4.62967e-06
 4.62966e-06
 4.62966e-06
 4.62965e-06
 4.62964e-06
 4.62964e-06
 4.62963e-06
 4.62963e-06
 4.62963e-06
 4.62963e-06
 4.62963e-06
 4.62963e-06
 4.62963e-06
 4.62963e-06
 4.62963e-06
 2.31482e-06
 4.62964e-06
 4.62964e-06
 4.62964e-06
 4.62964e-06
 4.62963e-06
 4.62963e-06
 4.62963e-06
 4.62963e-06
 4.62963e-06
 4.62963e-06
 4.62963e-06
 4.62963e-06
 4.62963e-06
 4.62963e-06
 4.62963e-06
 4.62963e-06
 4.62963e-06
 2.31482e-06
 4.62963e-06
 4.62963e-06
 4.62963e-06
 4.62963e-06
 4.62963e-06
 4.62963e-06
 4.62963e-06
 4.62963e-06
 4.62963e-06
 4.62963e-06
 4.62963e-06
 4.62963e-06
 4.62963e-06
 4.62963e-06
 4.62963e-06
 4.62963e-06
 4.62963e-06
 2.31481e-06
 4.62963e-06
 4.62963e-06
 4.62963e-06
 4.62963e-06
 4.62963e-06
 4.62963e-06
 4.62963e-06
 4.62963e-06
 4.62963e-06
 4.62963e-06
 4.62963e-06
 4.62963e-06
 4.62963e-06
 4.62963e-06
 4.62963e-06
 4.62963e-06
 4.62963e-06
 2.31481e-06
 4.62963e-06
 4.62963e-06
 4.62963e-06
 4.62963e-06
 4.62963e-06
 4.62963e-06
 4.62963e-06
 4.62963e-06
 4.62963e-06
 4.62963e-06
 4.62963e-06
 4.62963e-06
 4.62963e-06
 4.62963e-06
 4.62963e-06
 4.62963e-06
 4.62963e-06
 2.31481e-06
 4.62963e-06
 4.62963e-06
 4.62963e-06
 4.62963e-06
 4.62963e-06
 4.62963e-06
 4.62963e-06
 4.62963e-06
 4.62963e-06
 4.62963e-06
 4.62963e-06
 4.62963e-06
 4.62963e-06
 4.62963e-06
 4.62963e-06
 4.62963e-06
 4.62963e-06
 2.31481e-06
 4.62963e-06
 4.62963e-06
 4.62963e-06
 4.62963e-06
 4.62963e-06
 4.62963e-06
 4.62963e-06
 4.62963e-06
 4.62963e-06
 4.62963e-06
 4.62963e-06
 4.62963e-06
 4.62963e-06
 4.62963e-06
 4.62963e-06
 4.62963e-06
 4.62963e-06
 2.31481e-06
 4.62963e-06
 4.62963e-06
 4.62963e-06
 4.62963e-06
 4.62963e-06
 4.62963e-06
 4.62963e-06
 4.62963e-06
 4.62963e-06
 4.62963e-06
 4.62963e-06
 4.62963e-06
 4.62963e-06
 4.62963e-06
 4.62963e-06
 4.62963e-06
 4.62963e-06
 1.15741e-06
 2.31481e-06
 2.31481e-06
 2.31481e-06
 2.31481e-06
 2.31481e-06
 2.31481e-06
 2.31481e-06
 2.31481e-06
 2.31481e-06
 2.31481e-06
 2.31481e-06
 2.31481e-06
 2.31481e-06
 2.31481e-06
 2.31481e-06
 2.31481e-06
 2.31481e-06
 2.87037e-06
 5.72067e-06
 5.65067e-06
 5.53451e-06
 5.38970e-06
 5.22755e-06
 5.07000e-06
 4.93454e-06
 4.82654e-06
 4.74757e-06
 4.69476e-06
 4.66266e-06
 4.64499e-06
 4.63626e-06
 4.63228e-06
 4.63061e-06
 4.62997e-06
 4.62974e-06
 2.60139e-06
 5.18998e-06
 5.14809e-06
 5.08144e-06
 5.00097e-06
 4.91460e-06
 4.83372e-06
 4.76657e-06
 4.71530e-06
 4.67948e-06
 4.65644e-06
 4.64295e-06
 4.63579e-06
 4.63228e-06
 4.63069e-06
 4.63003e-06
 4.62977e-06
 4.62967e-06
 2.44251e-06
 4.87828e-06
 4.85725e-06
 4.82495e-06
 4.78714e-06
 4.74787e-06
 4.71234e-06
 4.68372e-06
 4.66257e-06
 4.64840e-06
 4.63958e-06
 4.63456e-06
 4.63191e-06
 4.63061e-06
 4.63003e-06
 4.62978e-06
 4.62968e-06
 4.62965e-06
 2.36375e-06
 4.72462e-06
 4.71583e-06
 4.70266e-06
 4.68752e-06
 4.67225e-06
 4.65885e-06
 4.64839e-06
 4.64091e-06
 4.63601e-06
 4.63301e-06
 4.63131e-06
 4.63041e-06
 4.62997e-06
 4.62977e-06
 4.62968e-06
 4.62965e-06
 4.62964e-06
 2.33091e-06
 4.66075e-06
 4.65770e-06
 4.65320e-06
 4.64809e-06
 4.64306e-06
 4.63875e-06
 4.63544e-06
 4.63312e-06
 4.63161e-06
 4.63069e-06
 4.63016e-06
 4.62988e-06
 4.62974e-06
 4.62967e-06
 4.62965e-06
 4.62964e-06
 4.62963e-06
 2.31938e-06
 4.63843e-06
 4.63753e-06
 4.63624e-06
 4.63478e-06
 4.63338e-06
 4.63219e-06
 4.63127e-06
 4.63063e-06
 4.63020e-06
 4.62993e-06
 4.62978e-06
 4.62970e-06
 4.62966e-06
 4.62964e-06
 4.62963e-06
 4.62963e-06
 4.62963e-06
 2.31595e-06
 4.63183e-06
 4.63161e-06
 4.63130e-06
 4.63094e-06
 4.63059e-06
 4.63029e-06
 4.63006e-06
 4.62989e-06
 4.62978e-06
 4.62971e-06
 4.62967e-06
 4.62965e-06
 4.62964e-06
 4.62963e-06
 4.62963e-06
 4.62963e-06
 4.62963e-06
 2.31507e-06
 4.63012e-06
 4.63008e-06
 4.63001e-06
 4.62993e-06
 4.62985e-06
 4.62978e-06
 4.62973e-06
 4.62969e-06
 4.62967e-06
 4.62965e-06
 4.62964e-06
 4.62963e-06
 4.62963e-06
 4.62963e-06
 4.62963e-06
 4.62963e-06
 4.62963e-06
 2.31487e-06
 4.62973e-06
 4.62972e-06
 4.62971e-06
 4.62969e-06
 4.62968e-06
 4.62966e-06
 4.62965e-06
 4.62964e-06
 4.62964e-06
 4.62963e-06
 4.62963e-06
 4.62963e-06
 4.62963e-06
 4.62963e-06
 4.62963e-06
 4.62963e-06
 4.62963e-06
 2.31482e-06
 4.62965e-06
 4.62965e-06
 4.62964e-06
 4.62964e-06
 4.62964e-06
 4.62964e-06
 4.62963e-06
 4.62963e-06
 4.62963e-06
 4.62963e-06
 4.62963e-06
 4.62963e-06
 4.62963e-06
 4.62963e-06
 4.62963e-06
 4.62963e-06
 4.62963e-06
 2.31482e-06
 4.62963e-06
 4.62963e-06
 4.62963e-06
 4.62963e-06
 4.62963e-06
 4.62963e-06
 4.62963e-06
 4.62963e-06
 4.62963e-06
 4.62963e-06
 4.62963e-06
 4.62963e-06
 4.62963e-06
 4.62963e-06
 4.62963e-06
 4.62963e-06
 4.62963e-06
 2.31482e-06
 4.62963e-06
 4.62963e-06
 4.62963e-06
 4.62963e-06
 4.62963e-06
 4.62963e-06
 4.62963e-06
 4.62963e-06
 4.62963e-06
 4.62963e-06
 4.62963e-06
 4.62963e-06
 4.62963e-06
 4.62963e-06
 4.62963e-06
 4.62963e-06
 4.62963e-06
 2.31481e-06
 4.62963e-06
 4.62963e-06
 4.62963e-06
 4.62963e-06
 4.62963e-06
 4.62963e-06
 4.62963e-06
 4.62963e-06
 4.62963e-06
 4.62963e-06
 4.62963e-06
 4.62963e-06
 4.62963e-06
 4.62963e-06
 4.62963e-06
 4.62963e-06
 4.62963e-06
 2.31481e-06
 4.62963e-06
 4.62963e-06
 4.62963e-06
 4.62963e-06
 4.62963e-06
 4.62963e-06
 4.62963e-06
 4.62963e-06
 4.62963e-06
 4.62963e-06
 4.62963e-06
 4.62963e-06
 4.62963e-06
 4.62963e-06
 4.62963e-06
 4.62963e-06
 4.62963e-06
 2.31481e-06
 4.62963e-06
 4.62963e-06
 4.62963e-06
 4.62963e-06
 4.62963e-06
 4.62963e-06
 4.62963e-06
 4.62963e-06
 4.62963e-06
 4.62963e-06
 4.62963e-06
 4.62963e-06
 4.62963e-06
 4.62963e-06
 4.62963e-06
 4.62963e-06
 4.62963e-06
 2.31481e-06
 4.62963e-06
 4.62963e-06
 4.62963e-06
 4.62963e-06
 4.62963e-06
 4.62963e-06
 4.62963e-06
 4.62963e-06
 4.62963e-06
 4.62963e-06
 4.62963e-06
 4.62963e-06
 4.62963e-06
 4.62963e-06
 4.62963e-06
 4.62963e-06
 4.62963e-06
 2.31481e-06
 4.62963e-06
 4.62963e-06
 4.62963e-06
 4.62963e-06
 4.62963e-06
 4.62963e-06
 4.62963e-06
 4.62963e-06
 4.62963e-06
 4.62963e-06
 4.62963e-06
 4.62963e-06
 4.62963e-06
 4.62963e-06
 4.62963e-06
 4.62963e-06
 4.62963e-06
 1.15741e-06
 2.31481e-06
 2.31481e-06
 2.31481e-06
 2.31481e-06
 2.31481e-06
 2.31481e-06
 2.31481e-06
 2.31481e-06
 2.31481e-06
 2.31481e-06
 2.31481e-06
 2.31481e-06
 2.31481e-06
 2.31481e-06
 2.31481e-06
 2.31481e-06
 2.31481e-06
 2.56032e-06
 5.10850e-06
 5.07015e-06
 5.01055e-06
 4.93992e-06
 4.86589e-06
 4.79772e-06
 4.74163e-06
 4.69919e-06
 4.66970e-06
 4.65096e-06
 4.64016e-06
 4.63446e-06
 4.63171e-06
 4.63046e-06
 4.62994e-06
 4.62974e-06
 4.62966e-06
 2.42755e-06
 4.84884e-06
 4.82990e-06
 4.80100e-06
 4.76710e-06
 4.73253e-06
 4.70142e-06
 4.67633e-06
 4.65798e-06
 4.64570e-06
 4.63812e-06
 4.63382e-06
 4.63156e-06
 4.63046e-06
 4.62997e-06
 4.62976e-06
 4.62967e-06
 4.62964e-06
 2.36034e-06
 4.71785e-06
 4.70971e-06
 4.69746e-06
 4.68327e-06
 4.66911e-06
 4.65669e-06
 4.64699e-06
 4.64005e-06
 4.63552e-06
 4.63274e-06
 4.63118e-06
 4.63035e-06
 4.62994e-06
 4.62976e-06
 4.62968e-06
 4.62965e-06
 4.62964e-06
 2.33091e-06
 4.66075e-06
 4.65770e-06
 4.65320e-06
 4.64809e-06
 4.64306e-06
 4.63875e-06
 4.63544e-06
 4.63312e-06
 4.63161e-06
 4.63069e-06
 4.63016e-06
 4.62988e-06
 4.62974e-06
 4.62967e-06
 4.62965e-06
 4.62964e-06
 4.62963e-06
 2.31985e-06
 4.63934e-06
 4.63833e-06
 4.63688e-06
 4.63526e-06
 4.63371e-06
 4.63241e-06
 4.63141e-06
 4.63071e-06
 4.63025e-06
 4.62996e-06
 4.62980e-06
 4.62971e-06
 4.62966e-06
 4.62964e-06
 4.62964e-06
 4.62963e-06
 4.62963e-06
 2.31620e-06
 4.63230e-06
 4.63203e-06
 4.63164e-06
 4.63121e-06
 4.63078e-06
 4.63042e-06
 4.63014e-06
 4.62994e-06
 4.62981e-06
 4.62973e-06
 4.62968e-06
 4.62965e-06
 4.62964e-06
 4.62963e-06
 4.62963e-06
 4.62963e-06
 4.62963e-06
 2.31517e-06
 4.63031e-06
 4.63024e-06
 4.63014e-06
 4.63003e-06
 4.62992e-06
 4.62983e-06
 4.62976e-06
 4.62971e-06
 4.62968e-06
 4.62966e-06
 4.62964e-06
 4.62964e-06
 4.62963e-06
 4.62963e-06
 4.62963e-06
 4.62963e-06
 4.62963e-06
 2.31489e-06
 4.62978e-06
 4.62977e-06
 4.62975e-06
 4.62972e-06
 4.62970e-06
 4.62968e-06
 4.62966e-06
 4.62965e-06
 4.62964e-06
 4.62964e-06
 4.62963e-06
 4.62963e-06
 4.62963e-06
 4.62963e-06
 4.62963e-06
 4.62963e-06
 4.62963e-06
 2.31483e-06
 4.62966e-06
 4.62966e-06
 4.62965e-06
 4.62965e-06
 4.62964e-06
 4.62964e-06
 4.62964e-06
 4.62963e-06
 4.62963e-06
 4.62963e-06
 4.62963e-06
 4.62963e-06
 4.62963e-06
 4.62963e-06
 4.62963e-06
 4.62963e-06
 4.62963e-06
 2.31482e-06
 4.62964e-06
 4.62964e-06
 4.62963e-06
 4.62963e-06
 4.62963e-06
 4.62963e-06
 4.62963e-06
 4.62963e-06
 4.62963e-06
 4.62963e-06
 4.62963e-06
 4.62963e-06
 4.62963e-06
 4.62963e-06
 4.62963e-06
 4.62963e-06
 4.62963e-06
 2.31482e-06
 4.62963e-06
 4.62963e-06
 4.62963e-06
 4.62963e-06
 4.62963e-06
 4.62963e-06
 4.62963e-06
 4.62963e-06
 4.62963e-06
 4.62963e-06
 4.62963e-06
 4.62963e-06
 4.62963e-06
 4.62963e-06
 4.62963e-06
 4.62963e-06
 4.62963e-06
 2.31481e-06
 4.62963e-06
 4.62963e-06
 4.62963e-06
 4.62963e-06
 4.62963e-06
 4.62963e-06
 4.62963e-06
 4.62963e-06
 4.62963e-06
 4.62963e-06
 4.62963e-06
 4.62963e-06
 4.62963e-06
 4.62963e-06
 4.62963e-06
 4.62963e-06
 4.62963e-06
 2.31481e-06
 4.62963e-06
 4.62963e-06
 4.62963e-06
 4.62963e-06
 4.62963e-06
 4.62963e-06
 4.62963e-06
 4.62963e-06
 4.62963e-06
 4.62963e-06
 4.62963e-06
 4.62963e-06
 4.62963e-06
 4.62963e-06
 4.62963e-06
 4.62963e-06
 4.62963e-06
 2.31481e-06
 4.62963e-06
 4.62963e-06
 4.62963e-06
 4.62963e-06
 4.62963e-06
 4.62963e-06
 4.62963e-06
 4.62963e-06
 4.62963e-06
 4.62963e-06
 4.62963e-06
 4.62963e-06
 4.62963e-06
 4.62963e-06
 4.62963e-06
 4.62963e-06
 4.62963e-06
 2.31481e-06
 4.62963e-06
 4.62963e-06
 4.62963e-06
 4.62963e-06
 4.62963e-06
 4.62963e-06
 4.62963e-06
 4.62963e-06
 4.62963e-06
 4.62963e-06
 4.62963e-06
 4.62963e-06
 4.62963e-06
 4.62963e-06
 4.62963e-06
 4.62963e-06
 4.62963e-06
 2.31481e-06
 4.62963e-06
 4.62963e-06
 4.62963e-06
 4.62963e-06
 4.62963e-06
 4.62963e-06
 4.62963e-06
 4.62963e-06
 4.62963e-06
 4.62963e-06
 4.62963e-06
 4.62963e-06
 4.62963e-06
 4.62963e-06
 4.62963e-06
 4.62963e-06
 4.62963e-06
 2.31481e-06
 4.62963e-06
 4.62963e-06
 4.62963e-06
 4.62963e-06
 4.62963e-06
 4.62963e-06
 4.62963e-06
 4.62963e-06
 4.62963e-06
 4.62963e-06
 4.62963e-06
 4.62963e-06
 4.62963e-06
 4.62963e-06
 4.62963e-06
 4.62963e-06
 4.62963e-06
 1.15741e-06
 2.31481e-06
 2.31481e-06
 2.31481e-06
 2.31481e-06
 2.31481e-06
 2.31481e-06
 2.31481e-06
 2.31481e-06
 2.31481e-06
 2.31481e-06
 2.31481e-06
 2.31481e-06
 2.31481e-06
 2.31481e-06
 2.31481e-06
 2.31481e-06
 2.31481e-06
 2.40241e-06
 4.79967e-06
 4.78418e-06
 4.76102e-06
 4.73428e-06
 4.70730e-06
 4.68339e-06
 4.66439e-06
 4.65058e-06
 4.64137e-06
 4.63578e-06
 4.63264e-06
 4.63101e-06
 4.63023e-06
 4.62987e-06
 4.62972e-06
 4.62966e-06
 4.62964e-06
 2.35130e-06
 4.70030e-06
 4.69368e-06
 4.68387e-06
 4.67241e-06
 4.66101e-06
 4.65108e-06
 4.64333e-06
 4.63783e-06
 4.63423e-06
 4.63206e-06
 4.63083e-06
 4.63019e-06
 4.62987e-06
 4.62973e-06
 4.62967e-06
 4.62964e-06
 4.62963e-06
 2.32844e-06
 4.65594e-06
 4.65337e-06
 4.64960e-06
 4.64527e-06
 4.64102e-06
 4.63737e-06
 4.63457e-06
 4.63259e-06
 4.63131e-06
 4.63052e-06
 4.63007e-06
 4.62984e-06
 4.62972e-06
 4.62967e-06
 4.62964e-06
 4.62963e-06
 4.62963e-06
 2.31938e-06
 4.63843e-06
 4.63753e-06
 4.63624e-06
 4.63478e-06
 4.63338e-06
 4.63219e-06
 4.63127e-06
 4.63063e-06
 4.63020e-06
 4.62993e-06
 4.62978e-06
 4.62970e-06
 4.62966e-06
 4.62964e-06
 4.62963e-06
 4.62963e-06
 4.62963e-06
 2.31620e-06
 4.63230e-06
 4.63203e-06
 4.63164e-06
 4.63121e-06
 4.63078e-06
 4.63042e-06
 4.63014e-06
 4.62994e-06
 4.62981e-06
 4.62973e-06
 4.62968e-06
 4.62965e-06
 4.62964e-06
 4.62963e-06
 4.62963e-06
 4.62963e-06
 4.62963e-06
 2.31521e-06
 4.63039e-06
 4.63031e-06
 4.63020e-06
 4.63007e-06
 4.62995e-06
 4.62985e-06
 4.62977e-06
 4.62972e-06
 4.62968e-06
 4.62966e-06
 4.62964e-06
 4.62964e-06
 4.62963e-06
 4.62963e-06
 4.62963e-06
 4.62963e-06
 4.62963e-06
 2.31491e-06
 4.62982e-06
 4.62980e-06
 4.62977e-06
 4.62974e-06
 4.62971e-06
 4.62969e-06
 4.62967e-06
 4.62965e-06
 4.62964e-06
 4.62964e-06
 4.62963e-06
 4.62963e-06
 4.62963e-06
 4.62963e-06
 4.62963e-06
 4.62963e-06
 4.62963e-06
 2.31484e-06
 4.62967e-06
 4.62967e-06
 4.62966e-06
 4.62966e-06
 4.62965e-06
 4.62964e-06
 4.62964e-06
 4.62964e-06
 4.62963e-06
 4.62963e-06
 4.62963e-06
 4.62963e-06
 4.62963e-06
 4.62963e-06
 4.62963e-06
 4.62963e-06
 4.62963e-06
 2.31482e-06
 4.62964e-06
 4.62964e-06
 4.62964e-06
 4.62964e-06
 4.62963e-06
 4.62963e-06
 4.62963e-06
 4.62963e-06
 4.62963e-06
 4.62963e-06
 4.62963e-06
 4.62963e-06
 4.62963e-06
 4.62963e-06
 4.62963e-06
 4.62963e-06
 4.62963e-06
 2.31482e-06
 4.62963e-06
 4.62963e-06
 4.62963e-06
 4.62963e-06
 4.62963e-06
 4.62963e-06
 4.62963e-06
 4.62963e-06
 4.62963e-06
 4.62963e-06
 4.62963e-06
 4.62963e-06
 4.62963e-06
 4.62963e-06
 4.62963e-06
 4.62963e-06
 4.62963e-06
 2.31481e-06
 4.62963e-06
 4.62963e-06
 4.62963e-06
 4.62963e-06
 4.62963e-06
 4.62963e-06
 4.62963e-06
 4.62963e-06
 4.62963e-06
 4.62963e-06
 4.62963e-06
 4.62963e-06
 4.62963e-06
 4.62963e-06
 4.62963e-06
 4.62963e-06
 4.62963e-06
 2.31481e-06
 4.62963e-06
 4.62963e-06
 4.62963e-06
 4.62963e-06
 4.62963e-06
 4.62963e-06
 4.62963e-06
 4.62963e-06
 4.62963e-06
 4.62963e-06
 4.62963e-06
 4.62963e-06
 4.62963e-06
 4.62963e-06
 4.62963e-06
 4.62963e-06
 4.62963e-06
 2.31481e-06
 4.62963e-06
 4.62963e-06
 4.62963e-06
 4.62963e-06
 4.62963e-06
 4.62963e-06
 4.62963e-06
 4.62963e-06
 4.62963e-06
 4.62963e-06
 4.62963e-06
 4.62963e-06
 4.62963e-06
 4.62963e-06
 4.62963e-06
 4.62963e-06
 4.62963e-06
 2.31481e-06
 4.62963e-06
 4.62963e-06
 4.62963e-06
 4.62963e-06
 4.62963e-06
 4.62963e-06
 4.62963e-06
 4.62963e-06
 4.62963e-06
 4.62963e-06
 4.62963e-06
 4.62963e-06
 4.62963e-06
 4.62963e-06
 4.62963e-06
 4.62963e-06
 4.62963e-06
 2.31481e-06
 4.62963e-06
 4.62963e-06
 4.62963e-06
 4.62963e-06
 4.62963e-06
 4.62963e-06
 4.62963e-06
 4.62963e-06
 4.62963e-06
 4.62963e-06
 4.62963e-06
 4.62963e-06
 4.62963e-06
 4.62963e-06
 4.62963e-06
 4.62963e-06
 4.62963e-06
 2.31481e-06
 4.62963e-06
 4.62963e-06
 4.62963e-06
 4.62963e-06
 4.62963e-06
 4.62963e-06
 4.62963e-06
 4.62963e-06
 4.62963e-06
 4.62963e-06
 4.62963e-06
 4.62963e-06
 4.62963e-06
 4.62963e-06
 4.62963e-06
 4.62963e-06
 4.62963e-06
 2.31481e-06
 4.62963e-06
 4.62963e-06
 4.62963e-06
 4.62963e-06
 4.62963e-06
 4.62963e-06
 4.62963e-06
 4.62963e-06
 4.62963e-06
 4.62963e-06
 4.62963e-06
 4.62963e-06
 4.62963e-06
 4.62963e-06
 4.62963e-06
 4.62963e-06
 4.62963e-06
 1.15741e-06
 2.31481e-06
 2.31481e-06
 2.31481e-06
 2.31481e-06
 2.31481e-06
 2.31481e-06
 2.31481e-06
 2.31481e-06
 2.31481e-06
 2.31481e-06
 2.31481e-06
 2.31481e-06
 2.31481e-06
 2.31481e-06
 2.31481e-06
 2.31481e-06
 2.31481e-06
 2.34020e-06
 4.67873e-06
 4.67395e-06
 4.66691e-06
 4.65885e-06
 4.65093e-06
 4.64411e-06
 4.63884e-06
 4.63511e-06
 4.63269e-06
 4.63123e-06
 4.63042e-06
 4.62999e-06
 4.62979e-06
 4.62969e-06
 4.62965e-06
 4.62964e-06
 4.62963e-06
 2.32467e-06
 4.64866e-06
 4.64677e-06
 4.64402e-06
 4.64087e-06
 4.63781e-06
 4.63520e-06
 4.63318e-06
 4.63175e-06
 4.63083e-06
 4.63026e-06
 4.62994e-06
 4.62978e-06
 4.62969e-06
 4.62966e-06
 4.62964e-06
 4.62963e-06
 4.62963e-06
 2.31828e-06
 4.63632e-06
 4.63565e-06
 4.63468e-06
 4.63358e-06
 4.63252e-06
 4.63161e-06
 4.63091e-06
 4.63040e-06
 4.63007e-06
 4.62986e-06
 4.62975e-06
 4.62968e-06
 4.62965e-06
 4.62964e-06
 4.62963e-06
 4.62963e-06
 4.62963e-06
 2.31595e-06
 4.63183e-06
 4.63161e-06
 4.63130e-06
 4.63094e-06
 4.63059e-06
 4.63029e-06
 4.63006e-06
 4.62989e-06
 4.62978e-06
 4.62971e-06
 4.62967e-06
 4.62965e-06
 4.62964e-06
 4.62963e-06
 4.62963e-06
 4.62963e-06
 4.62963e-06
 2.31517e-06
 4.63031e-06
 4.63024e-06
 4.63014e-06
 4.63003e-06
 4.62992e-06
 4.62983e-06
 4.62976e-06
 4.62971e-06
 4.62968e-06
 4.62966e-06
 4.62964e-06
 4.62964e-06
 4.62963e-06
 4.62963e-06
 4.62963e-06
 4.62963e-06
 4.62963e-06
 2.31491e-06
 4.62982e-06
 4.62980e-06
 4.62977e-06
 4.62974e-06
 4.62971e-06
 4.62969e-06
 4.62967e-06
 4.62965e-06
 4.62964e-06
 4.62964e-06
 4.62963e-06
 4.62963e-06
 4.62963e-06
 4.62963e-06
 4.62963e-06
 4.62963e-06
 4.62963e-06
 2.31484e-06
 4.62968e-06
 4.62968e-06
 4.62967e-06
 4.62966e-06
 4.62965e-06
 4.62964e-06
 4.62964e-06
 4.62964e-06
 4.62963e-06
 4.62963e-06
 4.62963e-06
 4.62963e-06
 4.62963e-06
 4.62963e-06
 4.62963e-06
 4.62963e-06
 4.62963e-06
 2.31482e-06
 4.62964e-06
 4.62964e-06
 4.62964e-06
 4.62964e-06
 4.62964e-06
 4.62963e-06
 4.62963e-06
 4.62963e-06
 4.62963e-06
 4.62963e-06
 4.62963e-06
 4.62963e-06
 4.62963e-06
 4.62963e-06
 4.62963e-06
 4.62963e-06
 4.62963e-06
 2.31482e-06
 4.62963e-06
 4.62963e-06
 4.62963e-06
 4.62963e-06
 4.62963e-06
 4.62963e-06
 4.62963e-06
 4.62963e-06
 4.62963e-06
 4.62963e-06
 4.62963e-06
 4.62963e-06
 4.62963e-06
 4.62963e-06
 4.62963e-06
 4.62963e-06
 4.62963e-06
 2.31482e-06
 4.62963e-06
 4.62963e-06
 4.62963e-06
 4.62963e-06
 4.62963e-06
 4.62963e-06
 4.62963e-06
 4.62963e-06
 4.62963e-06
 4.62963e-06
 4.62963e-06
 4.62963e-06
 4.62963e-06
 4.62963e-06
 4.62963e-06
 4.62963e-06
 4.62963e-06
 2.31481e-06
 4.62963e-06
 4.62963e-06
 4.62963e-06
 4.62963e-06
 4.62963e-06
 4.62963e-06
 4.62963e-06
 4.62963e-06
 4.62963e-06
 4.62963e-06
 4.62963e-06
 4.62963e-06
 4.62963e-06
 4.62963e-06
 4.62963e-06
 4.62963e-06
 4.62963e-06
 2.31481e-06
 4.62963e-06
 4.62963e-06
 4.62963e-06
 4.62963e-06
 4.62963e-06
 4.62963e-06
 4.62963e-06
 4.62963e-06
 4.62963e-06
 4.62963e-06
 4.62963e-06
 4.62963e-06
 4.62963e-06
 4.62963e-06
 4.62963e-06
 4.62963e-06
 4.62963e-06
 2.31481e-06
 4.62963e-06
 4.62963e-06
 4.62963e-06
 4.62963e-06
 4.62963e-06
 4.62963e-06
 4.62963e-06
 4.62963e-06
 4.62963e-06
 4.62963e-06
 4.62963e-06
 4.62963e-06
 4.62963e-06
 4.62963e-06
 4.62963e-06
 4.62963e-06
 4.62963e-06
 2.31481e-06
 4.62963e-06
 4.62963e-06
 4.62963e-06
 4.62963e-06
 4.62963e-06
 4.62963e-06
 4.62963e-06
 4.62963e-06
 4.62963e-06
 4.62963e-06
 4.62963e-06
 4.62963e-06
 4.62963e-06
 4.62963e-06
 4.62963e-06
 4.62963e-06
 4.62963e-06
 2.31481e-06
 4.62963e-06
 4.62963e-06
 4.62963e-06
 4.62963e-06
 4.62963e-06
 4.62963e-06
 4.62963e-06
 4.62963e-06
 4.62963e-06
 4.62963e-06
 4.62963e-06
 4.62963e-06
 4.62963e-06
 4.62963e-06
 4.62963e-06
 4.62963e-06
 4.62963e-06
 2.31481e-06
 4.62963e-06
 4.62963e-06
 4.62963e-06
 4.62963e-06
 4.62963e-06
 4.62963e-06
 4.62963e-06
 4.62963e-06
 4.62963e-06
 4.62963e-06
 4.62963e-06
 4.62963e-06
 4.62963e-06
 4.62963e-06
 4.62963e-06
 4.62963e-06
 4.62963e-06
 2.31481e-06
 4.62963e-06
 4.62963e-06
 4.62963e-06
 4.62963e-06
 4.62963e-06
 4.62963e-06
 4.62963e-06
 4.62963e-06
 4.62963e-06
 4.62963e-06
 4.62963e-06
 4.62963e-06
 4.62963e-06
 4.62963e-06
 4.62963e-06
 4.62963e-06
 4.62963e-06
 1.15741e-06
 2.31481e-06
 2.31481e-06
 2.31481e-06
 2.31481e-06
 2.31481e-06
 2.31481e-06
 2.31481e-06
 2.31481e-06
 2.31481e-06
 2.31481e-06
 2.31481e-06
 2.31481e-06
 2.31481e-06
 2.31481e-06
 2.31481e-06
 2.31481e-06
 2.31481e-06
 2.32087e-06
 4.64131e-06
 4.64012e-06
 4.63841e-06
 4.63646e-06
 4.63459e-06
 4.63301e-06
 4.63178e-06
 4.63092e-06
 4.63035e-06
 4.63001e-06
 4.62982e-06
 4.62972e-06
 4.62967e-06
 4.62965e-06
 4.62964e-06
 4.62963e-06
 4.62963e-06
 2.31705e-06
 4.63395e-06
 4.63352e-06
 4.63290e-06
 4.63219e-06
 4.63151e-06
 4.63092e-06
 4.63046e-06
 4.63013e-06
 4.62991e-06
 4.62978e-06
 4.62970e-06
 4.62966e-06
 4.62965e-06
 4.62964e-06
 4.62963e-06
 4.62963e-06
 4.62963e-06
 2.31560e-06
 4.63115e-06
 4.63100e-06
 4.63078e-06
 4.63054e-06
 4.63030e-06
 4.63009e-06
 4.62993e-06
 4.62981e-06
 4.62973e-06
 4.62969e-06
 4.62966e-06
 4.62964e-06
 4.62964e-06
 4.62963e-06
 4.62963e-06
 4.62963e-06
 4.62963e-06
 2.31507e-06
 4.63012e-06
 4.63008e-06
 4.63001e-06
 4.62993e-06
 4.62985e-06
 4.62978e-06
 4.62973e-06
 4.62969e-06
 4.62967e-06
 4.62965e-06
 4.62964e-06
 4.62963e-06
 4.62963e-06
 4.62963e-06
 4.62963e-06
 4.62963e-06
 4.62963e-06
 2.31489e-06
 4.62978e-06
 4.62977e-06
 4.62975e-06
 4.62972e-06
 4.62970e-06
 4.62968e-06
 4.62966e-06
 4.62965e-06
 4.62964e-06
 4.62964e-06
 4.62963e-06
 4.62963e-06
 4.62963e-06
 4.62963e-06
 4.62963e-06
 4.62963e-06
 4.62963e-06
 2.31484e-06
 4.62967e-06
 4.62967e-06
 4.62966e-06
 4.62966e-06
 4.62965e-06
 4.62964e-06
 4.62964e-06
 4.62964e-06
 4.62963e-06
 4.62963e-06
 4.62963e-06
 4.62963e-06
 4.62963e-06
 4.62963e-06
 4.62963e-06
 4.62963e-06
 4.62963e-06
 2.31482e-06
 4.62964e-06
 4.62964e-06
 4.62964e-06
 4.62964e-06
 4.62964e-06
 4.62963e-06
 4.62963e-06
 4.62963e-06
 4.62963e-06
 4.62963e-06
 4.62963e-06
 4.62963e-06
 4.62963e-06
 4.62963e-06
 4.62963e-06
 4.62963e-06
 4.62963e-06
 2.31482e-06
 4.62963e-06
 4.62963e-06
 4.62963e-06
 4.62963e-06
 4.62963e-06
 4.62963e-06
 4.62963e-06
 4.62963e-06
 4.62963e-06
 4.62963e-06
 4.62963e-06
 4.62963e-06
 4.62963e-06
 4.62963e-06
 4.62963e-06
 4.62963e-06
 4.62963e-06
 2.31482e-06
 4.62963e-06
 4.62963e-06
 4.62963e-06
 4.62963e-06
 4.62963e-06
 4.62963e-06
 4.62963e-06
 4.62963e-06
 4.62963e-06
 4.62963e-06
 4.62963e-06
 4.62963e-06
 4.62963e-06
 4.62963e-06
 4.62963e-06
 4.62963e-06
 4.62963e-06
 2.31481e-06
 4.62963e-06
 4.62963e-06
 4.62963e-06
 4.62963e-06
 4.62963e-06
 4.62963e-06
 4.62963e-06
 4.62963e-06
 4.62963e-06
 4.62963e-06
 4.62963e-06
 4.62963e-06
 4.62963e-06
 4.62963e-06
 4.62963e-06
 4.62963e-06
 4.62963e-06
 2.31481e-06
 4.62963e-06
 4.62963e-06
 4.62963e-06
 4.62963e-06
 4.62963e-06
 4.62963e-06
 4.62963e-06
 4.62963e-06
 4.62963e-06
 4.62963e-06
 4.62963e-06
 4.62963e-06
 4.62963e-06
 4.62963e-06
 4.62963e-06
 4.62963e-06
 4.62963e-06
 2.31481e-06
 4.62963e-06
 4.62963e-06
 4.62963e-06
 4.62963e-06
 4.62963e-06
 4.62963e-06
 4.62963e-06
 4.62963e-06
 4.62963e-06
 4.62963e-06
 4.62963e-06
 4.62963e-06
 4.62963e-06
 4.62963e-06
 4.62963e-06
 4.62963e-06
 4.62963e-06
 2.31481e-06
 4.62963e-06
 4.62963e-06
 4.62963e-06
 4.62963e-06
 4.62963e-06
 4.62963e-06
 4.62963e-06
 4.62963e-06
 4.62963e-06
 4.62963e-06
 4.62963e-06
 4.62963e-06
 4.62963e-06
 4.62963e-06
 4.62963e-06
 4.62963e-06
 4.62963e-06
 2.31481e-06
 4.62963e-06
 4.62963e-06
 4.62963e-06
 4.62963e-06
 4.62963e-06
 4.62963e-06
 4.62963e-06
 4.62963e-06
 4.62963e-06
 4.62963e-06
 4.62963e-06
 4.62963e-06
 4.62963e-06
 4.62963e-06
 4.62963e-06
 4.62963e-06
 4.62963e-06
 2.31481e-06
 4.62963e-06
 4.62963e-06
 4.62963e-06
 4.62963e-06
 4.62963e-06
 4.62963e-06
 4.62963e-06
 4.62963e-06
 4.62963e-06
 4.62963e-06
 4.62963e-06
 4.62963e-06
 4.62963e-06
 4.62963e-06
 4.62963e-06
 4.62963e-06
 4.62963e-06
 2.31481e-06
 4.62963e-06
 4.62963e-06
 4.62963e-06
 4.62963e-06
 4.62963e-06
 4.62963e-06
 4.62963e-06
 4.62963e-06
 4.62963e-06
 4.62963e-06
 4.62963e-06
 4.62963e-06
 4.62963e-06
 4.62963e-06
 4.62963e-06
 4.62963e-06
 4.62963e-06
 2.31481e-06
 4.62963e-06
 4.62963e-06
 4.62963e-06
 4.62963e-06
 4.62963e-06
 4.62963e-06
 4.62963e-06
 4.62963e-06
 4.62963e-06
 4.62963e-06
 4.62963e-06
 4.62963e-06
 4.62963e-06
 4.62963e-06
 4.62963e-06
 4.62963e-06
 4.62963e-06
 1.15741e-06
 2.31481e-06
 2.31481e-06
 2.31481e-06
 2.31481e-06
 2.31481e-06
 2.31481e-06
 2.31481e-06
 2.31481e-06
 2.31481e-06
 2.31481e-06
 2.31481e-06
 2.31481e-06
 2.31481e-06
 2.31481e-06
 2.31481e-06
 2.31481e-06
 2.31481e-06
 2.31603e-06
 4.63199e-06
 4.63175e-06
 4.63142e-06
 4.63103e-06
 4.63066e-06
 4.63034e-06
 4.63008e-06
 4.62990e-06
 4.62978e-06
 4.62971e-06
 4.62967e-06
 4.62965e-06
 4.62964e-06
 4.62963e-06
 4.62963e-06
 4.62963e-06
 4.62963e-06
 2.31527e-06
 4.63051e-06
 4.63043e-06
 4.63030e-06
 4.63016e-06
 4.63002e-06
 4.62990e-06
 4.62981e-06
 4.62974e-06
 4.62969e-06
 4.62966e-06
 4.62965e-06
 4.62964e-06
 4.62963e-06
 4.62963e-06
 4.62963e-06
 4.62963e-06
 4.62963e-06
 2.31497e-06
 4.62993e-06
 4.62991e-06
 4.62987e-06
 4.62982e-06
 4.62977e-06
 4.62973e-06
 4.62969e-06
 4.62967e-06
 4.62965e-06
 4.62964e-06
 4.62964e-06
 4.62963e-06
 4.62963e-06
 4.62963e-06
 4.62963e-06
 4.62963e-06
 4.62963e-06
 2.31487e-06
 4.62973e-06
 4.62972e-06
 4.62971e-06
 4.62969e-06
 4.62968e-06
 4.62966e-06
 4.62965e-06
 4.62964e-06
 4.62964e-06
 4.62963e-06
 4.62963e-06
 4.62963e-06
 4.62963e-06
 4.62963e-06
 4.62963e-06
 4.62963e-06
 4.62963e-06
 2.31483e-06
 4.62966e-06
 4.62966e-06
 4.62965e-06
 4.62965e-06
 4.62964e-06
 4.62964e-06
 4.62964e-06
 4.62963e-06
 4.62963e-06
 4.62963e-06
 4.62963e-06
 4.62963e-06
 4.62963e-06
 4.62963e-06
 4.62963e-06
 4.62963e-06
 4.62963e-06
 2.31482e-06
 4.62964e-06
 4.62964e-06
 4.62964e-06
 4.62964e-06
 4.62963e-06
 4.62963e-06
 4.62963e-06
 4.62963e-06
 4.62963e-06
 4.62963e-06
 4.62963e-06
 4.62963e-06
 4.62963e-06
 4.62963e-06
 4.62963e-06
 4.62963e-06
 4.62963e-06
 2.31482e-06
 4.62963e-06
 4.62963e-06
 4.62963e-06
 4.62963e-06
 4.62963e-06
 4.62963e-06
 4.62963e-06
 4.62963e-06
 4.62963e-06
 4.62963e-06
 4.62963e-06
 4.62963e-06
 4.62963e-06
 4.62963e-06
 4.62963e-06
 4.62963e-06
 4.62963e-06
 2.31482e-06
 4.62963e-06
 4.62963e-06
 4.62963e-06
 4.62963e-06
 4.62963e-06
 4.62963e-06
 4.62963e-06
 4.62963e-06
 4.62963e-06
 4.62963e-06
 4.62963e-06
 4.62963e-06
 4.62963e-06
 4.62963e-06
 4.62963e-06
 4.62963e-06
 4.62963e-06
 2.31481e-06
 4.62963e-06
 4.62963e-06
 4.62963e-06
 4.62963e-06
 4.62963e-06
 4.62963e-06
 4.62963e-06
 4.62963e-06
 4.62963e-06
 4.62963e-06
 4.62963e-06
 4.62963e-06
 4.62963e-06
 4.62963e-06
 4.62963e-06
 4.62963e-06
 4.62963e-06
 2.31481e-06
 4.62963e-06
 4.62963e-06
 4.62963e-06
 4.62963e-06
 4.62963e-06
 4.62963e-06
 4.62963e-06
 4.62963e-06
 4.62963e-06
 4.62963e-06
 4.62963e-06
 4.62963e-06
 4.62963e-06
 4.62963e-06
 4.62963e-06
 4.62963e-06
 4.62963e-06
 2.31481e-06
 4.62963e-06
 4.62963e-06
 4.62963e-06
 4.62963e-06
 4.62963e-06
 4.62963e-06
 4.62963e-06
 4.62963e-06
 4.62963e-06
 4.62963e-06
 4.62963e-06
 4.62963e-06
 4.62963e-06
 4.62963e-06
 4.62963e-06
 4.62963e-06
 4.62963e-06
 2.31481e-06
 4.62963e-06
 4.62963e-06
 4.62963e-06
 4.62963e-06
 4.62963e-06
 4.62963e-06
 4.62963e-06
 4.62963e-06
 4.62963e-06
 4.62963e-06
 4.62963e-06
 4.62963e-06
 4.62963e-06
 4.62963e-06
 4.62963e-06
 4.62963e-06
 4.62963e-06
 2.31481e-06
 4.62963e-06
 4.62963e-06
 4.62963e-06
 4.62963e-06
 4.62963e-06
 4.62963e-06
 4.62963e-06
 4.62963e-06
 4.62963e-06
 4.62963e-06
 4.62963e-06
 4.62963e-06
 4.62963e-06
 4.62963e-06
 4.62963e-06
 4.62963e-06
 4.62963e-06
 2.31481e-06
 4.62963e-06
 4.62963e-06
 4.62963e-06
 4.62963e-06
 4.62963e-06
 4.62963e-06
 4.62963e-06
 4.62963e-06
 4.62963e-06
 4.62963e-06
 4.62963e-06
 4.62963e-06
 4.62963e-06
 4.62963e-06
 4.62963e-06
 4.62963e-06
 4.62963e-06
 2.31481e-06
 4.62963e-06
 4.62963e-06
 4.62963e-06
 4.62963e-06
 4.62963e-06
 4.62963e-06
 4.62963e-06
 4.62963e-06
 4.62963e-06
 4.62963e-06
 4.62963e-06
 4.62963e-06
 4.62963e-06
 4.62963e-06
 4.62963e-06
 4.62963e-06
 4.62963e-06
 2.31481e-06
 4.62963e-06
 4.62963e-06
 4.62963e-06
 4.62963e-06
 4.62963e-06
 4.62963e-06
 4.62963e-06
 4.62963e-06
 4.62963e-06
 4.62963e-06
 4.62963e-06
 4.62963e-06
 4.62963e-06
 4.62963e-06
 4.62963e-06
 4.62963e-06
 4.62963e-06
 2.31481e-06
 4.62963e-06
 4.62963e-06
 4.62963e-06
 4.62963e-06
 4.62963e-06
 4.62963e-06
 4.62963e-06
 4.62963e-06
 4.62963e-06
 4.62963e-06
 4.62963e-06
 4.62963e-06
 4.62963e-06
 4.62963e-06
 4.62963e-06
 4.62963e-06
 4.62963e-06
 1.15741e-06
 2.31481e-06
 2.31481e-06
 2.31481e-06
 2.31481e-06
 2.31481e-06
 2.31481e-06
 2.31481e-06
 2.31481e-06
 2.31481e-06
 2.31481e-06
 2.31481e-06
 2.31481e-06
 2.31481e-06
 2.31481e-06
 2.31481e-06
 2.31481e-06
 2.31481e-06
 2.31504e-06
 4.63006e-06
 4.63002e-06
 4.62996e-06
 4.62989e-06
 4.62982e-06
 4.62976e-06
 4.62972e-06
 4.62968e-06
 4.62966e-06
 4.62965e-06
 4.62964e-06
 4.62963e-06
 4.62963e-06
 4.62963e-06
 4.62963e-06
 4.62963e-06
 4.62963e-06
 2.31490e-06
 4.62979e-06
 4.62978e-06
 4.62975e-06
 4.62973e-06
 4.62970e-06
 4.62968e-06
 4.62966e-06
 4.62965e-06
 4.62964e-06
 4.62964e-06
 4.62963e-06
 4.62963e-06
 4.62963e-06
 4.62963e-06
 4.62963e-06
 4.62963e-06
 4.62963e-06
 2.31484e-06
 4.62969e-06
 4.62968e-06
 4.62967e-06
 4.62966e-06
 4.62966e-06
 4.62965e-06
 4.62964e-06
 4.62964e-06
 4.62963e-06
 4.62963e-06
 4.62963e-06
 4.62963e-06
 4.62963e-06
 4.62963e-06
 4.62963e-06
 4.62963e-06
 4.62963e-06
 2.31482e-06
 4.62965e-06
 4.62965e-06
 4.62964e-06
 4.62964e-06
 4.62964e-06
 4.62964e-06
 4.62963e-06
 4.62963e-06
 4.62963e-06
 4.62963e-06
 4.62963e-06
 4.62963e-06
 4.62963e-06
 4.62963e-06
 4.62963e-06
 4.62963e-06
 4.62963e-06
 2.31482e-06
 4.62964e-06
 4.62964e-06
 4.62963e-06
 4.62963e-06
 4.62963e-06
 4.62963e-06
 4.62963e-06
 4.62963e-06
 4.62963e-06
 4.62963e-06
 4.62963e-06
 4.62963e-06
 4.62963e-06
 4.62963e-06
 4.62963e-06
 4.62963e-06
 4.62963e-06
 2.31482e-06
 4.62963e-06
 4.62963e-06
 4.62963e-06
 4.62963e-06
 4.62963e-06
 4.62963e-06
 4.62963e-06
 4.62963e-06
 4.62963e-06
 4.62963e-06
 4.62963e-06
 4.62963e-06
 4.62963e-06
 4.62963e-06
 4.62963e-06
 4.62963e-06
 4.62963e-06
 2.31482e-06
 4.62963e-06
 4.62963e-06
 4.62963e-06
 4.62963e-06
 4.62963e-06
 4.62963e-06
 4.62963e-06
 4.62963e-06
 4.62963e-06
 4.62963e-06
 4.62963e-06
 4.62963e-06
 4.62963e-06
 4.62963e-06
 4.62963e-06
 4.62963e-06
 4.62963e-06
 2.31481e-06
 4.62963e-06
 4.62963e-06
 4.62963e-06
 4.62963e-06
 4.62963e-06
 4.62963e-06
 4.62963e-06
 4.62963e-06
 4.62963e-06
 4.62963e-06
 4.62963e-06
 4.62963e-06
 4.62963e-06
 4.62963e-06
 4.62963e-06
 4.62963e-06
 4.62963e-06
 2.31481e-06
 4.62963e-06
 4.62963e-06
 4.62963e-06
 4.62963e-06
 4.62963e-06
 4.62963e-06
 4.62963e-06
 4.62963e-06
 4.62963e-06
 4.62963e-06
 4.62963e-06
 4.62963e-06
 4.62963e-06
 4.62963e-06
 4.62963e-06
 4.62963e-06
 4.62963e-06
 2.31481e-06
 4.62963e-06
 4.62963e-06
 4.62963e-06
 4.62963e-06
 4.62963e-06
 4.62963e-06
 4.62963e-06
 4.62963e-06
 4.62963e-06
 4.62963e-06
 4.62963e-06
 4.62963e-06
 4.62963e-06
 4.62963e-06
 4.62963e-06
 4.62963e-06
 4.62963e-06
 2.31481e-06
 4.62963e-06
 4.62963e-06
 4.62963e-06
 4.62963e-06
 4.62963e-06
 4.62963e-06
 4.62963e-06
 4.62963e-06
 4.62963e-06
 4.62963e-06
 4.62963e-06
 4.62963e-06
 4.62963e-06
 4.62963e-06
 4.62963e-06
 4.62963e-06
 4.62963e-06
 2.31481e-06
 4.62963e-06
 4.62963e-06
 4.62963e-06
 4.62963e-06
 4.62963e-06
 4.62963e-06
 4.62963e-06
 4.62963e-06
 4.62963e-06
 4.62963e-06
 4.62963e-06
 4.62963e-06
 4.62963e-06
 4.62963e-06
 4.62963e-06
 4.62963e-06
 4.62963e-06
 2.31481e-06
 4.62963e-06
 4.62963e-06
 4.62963e-06
 4.62963e-06
 4.62963e-06
 4.62963e-06
 4.62963e-06
 4.62963e-06
 4.62963e-06
 4.62963e-06
 4.62963e-06
 4.62963e-06
 4.62963e-06
 4.62963e-06
 4.62963e-06
 4.62963e-06
 4.62963e-06
 2.31481e-06
 4.62963e-06
 4.62963e-06
 4.62963e-06
 4.62963e-06
 4.62963e-06
 4.62963e-06
 4.62963e-06
 4.62963e-06
 4.62963e-06
 4.62963e-06
 4.62963e-06
 4.62963e-06
 4.62963e-06
 4.62963e-06
 4.62963e-06
 4.62963e-06
 4.62963e-06
 2.31481e-06
 4.62963e-06
 4.62963e-06
 4.62963e-06
 4.62963e-06
 4.62963e-06
 4.62963e-06
 4.62963e-06
 4.62963e-06
 4.62963e-06
 4.62963e-06
 4.62963e-06
 4.62963e-06
 4.62963e-06
 4.62963e-06
 4.62963e-06
 4.62963e-06
 4.62963e-06
 2.31481e-06
 4.62963e-06
 4.62963e-06
 4.62963e-06
 4.62963e-06
 4.62963e-06
 4.62963e-06
 4.62963e-06
 4.62963e-06
 4.62963e-06
 4.62963e-06
 4.62963e-06
 4.62963e-06
 4.62963e-06
 4.62963e-06
 4.62963e-06
 4.62963e-06
 4.62963e-06
 2.31481e-06
 4.62963e-06
 4.62963e-06
 4.62963e-06
 4.62963e-06
 4.62963e-06
 4.62963e-06
 4.62963e-06
 4.62963e-06
 4.62963e-06
 4.62963e-06
 4.62963e-06
 4.62963e-06
 4.62963e-06
 4.62963e-06
 4.62963e-06
 4.62963e-06
 4.62963e-06
 1.15741e-06
 2.31481e-06
 2.31481e-06
 2.31481e-06
 2.31481e-06
 2.31481e-06
 2.31481e-06
 2.31481e-06
 2.31481e-06
 2.31481e-06
 2.31481e-06
 2.31481e-06
 2.31481e-06
 2.31481e-06
 2.31481e-06
 2.31481e-06
 2.31481e-06
 2.31481e-06
 2.31485e-06
 4.62970e-06
 4.62969e-06
 4.62968e-06
 4.62967e-06
 4.62966e-06
 4.62965e-06
 4.62964e-06
 4.62964e-06
 4.62963e-06
 4.62963e-06
 4.62963e-06
 4.62963e-06
 4.62963e-06
 4.62963e-06
 4.62963e-06
 4.62963e-06
 4.62963e-06
 2.31483e-06
 4.62966e-06
 4.62965e-06
 4.62965e-06
 4.62965e-06
 4.62964e-06
 4.62964e-06
 4.62964e-06
 4.62963e-06
 4.62963e-06
 4.62963e-06
 4.62963e-06
 4.62963e-06
 4.62963e-06
 4.62963e-06
 4.62963e-06
 4.62963e-06
 4.62963e-06
 2.31482e-06
 4.62964e-06
 4.62964e-06
 4.62964e-06
 4.62964e-06
 4.62963e-06
 4.62963e-06
 4.62963e-06
 4.62963e-06
 4.62963e-06
 4.62963e-06
 4.62963e-06
 4.62963e-06
 4.62963e-06
 4.62963e-06
 4.62963e-06
 4.62963e-06
 4.62963e-06
 2.31482e-06
 4.62963e-06
 4.62963e-06
 4.62963e-06
 4.62963e-06
 4.62963e-06
 4.62963e-06
 4.62963e-06
 4.62963e-06
 4.62963e-06
 4.62963e-06
 4.62963e-06
 4.62963e-06
 4.62963e-06
 4.62963e-06
 4.62963e-06
 4.62963e-06
 4.62963e-06
 2.31482e-06
 4.62963e-06
 4.62963e-06
 4.62963e-06
 4.62963e-06
 4.62963e-06
 4.62963e-06
 4.62963e-06
 4.62963e-06
 4.62963e-06
 4.62963e-06
 4.62963e-06
 4.62963e-06
 4.62963e-06
 4.62963e-06
 4.62963e-06
 4.62963e-06
 4.62963e-06
 2.31481e-06
 4.62963e-06
 4.62963e-06
 4.62963e-06
 4.62963e-06
 4.62963e-06
 4.62963e-06
 4.62963e-06
 4.62963e-06
 4.62963e-06
 4.62963e-06
 4.62963e-06
 4.62963e-06
 4.62963e-06
 4.62963e-06
 4.62963e-06
 4.62963e-06
 4.62963e-06
 2.31481e-06
 4.62963e-06
 4.62963e-06
 4.62963e-06
 4.62963e-06
 4.62963e-06
 4.62963e-06
 4.62963e-06
 4.62963e-06
 4.62963e-06
 4.62963e-06
 4.62963e-06
 4.62963e-06
 4.62963e-06
 4.62963e-06
 4.62963e-06
 4.62963e-06
 4.62963e-06
 2.31481e-06
 4.62963e-06
 4.62963e-06
 4.62963e-06
 4.62963e-06
 4.62963e-06
 4.62963e-06
 4.62963e-06
 4.62963e-06
 4.62963e-06
 4.62963e-06
 4.62963e-06
 4.62963e-06
 4.62963e-06
 4.62963e-06
 4.62963e-06
 4.62963e-06
 4.62963e-06
 2.31481e-06
 4.62963e-06
 4.62963e-06
 4.62963e-06
 4.62963e-06
 4.62963e-06
 4.62963e-06
 4.62963e-06
 4.62963e-06
 4.62963e-06
 4.62963e-06
 4.62963e-06
 4.62963e-06
 4.62963e-06
 4.62963e-06
 4.62963e-06
 4.62963e-06
 4.62963e-06
 2.31481e-06
 4.62963e-06
 4.62963e-06
 4.62963e-06
 4.62963e-06
 4.62963e-06
 4.62963e-06
 4.62963e-06
 4.62963e-06
 4.62963e-06
 4.62963e-06
 4.62963e-06
 4.62963e-06
 4.62963e-06
 4.62963e-06
 4.62963e-06
 4.62963e-06
 4.62963e-06
 2.31481e-06
 4.62963e-06
 4.62963e-06
 4.62963e-06
 4.62963e-06
 4.62963e-06
 4.62963e-06
 4.62963e-06
 4.62963e-06
 4.62963e-06
 4.62963e-06
 4.62963e-06
 4.62963e-06
 4.62963e-06
 4.62963e-06
 4.62963e-06
 4.62963e-06
 4.62963e-06
 2.31481e-06
 4.62963e-06
 4.62963e-06
 4.62963e-06
 4.62963e-06
 4.62963e-06
 4.62963e-06
 4.62963e-06
 4.62963e-06
 4.62963e-06
 4.62963e-06
 4.62963e-06
 4.62963e-06
 4.62963e-06
 4.62963e-06
 4.62963e-06
 4.62963e-06
 4.62963e-06
 2.31481e-06
 4.62963e-06
 4.62963e-06
 4.62963e-06
 4.62963e-06
 4.62963e-06
 4.62963e-06
 4.62963e-06
 4.62963e-06
 4.62963e-06
 4.62963e-06
 4.62963e-06
 4.62963e-06
 4.62963e-06
 4.62963e-06
 4.62963e-06
 4.62963e-06
 4.62963e-06
 2.31481e-06
 4.62963e-06
 4.62963e-06
 4.62963e-06
 4.62963e-06
 4.62963e-06
 4.62963e-06
 4.62963e-06
 4.62963e-06
 4.62963e-06
 4.62963e-06
 4.62963e-06
 4.62963e-06
 4.62963e-06
 4.62963e-06
 4.62963e-06
 4.62963e-06
 4.62963e-06
 2.31481e-06
 4.62963e-06
 4.62963e-06
 4.62963e-06
 4.62963e-06
 4.62963e-06
 4.62963e-06
 4.62963e-06
 4.62963e-06
 4.62963e-06
 4.62963e-06
 4.62963e-06
 4.62963e-06
 4.62963e-06
 4.62963e-06
 4.62963e-06
 4.62963e-06
 4.62963e-06
 2.31481e-06
 4.62963e-06
 4.62963e-06
 4.62963e-06
 4.62963e-06
 4.62963e-06
 4.62963e-06
 4.62963e-06
 4.62963e-06
 4.62963e-06
 4.62963e-06
 4.62963e-06
 4.62963e-06
 4.62963e-06
 4.62963e-06
 4.62963e-06
 4.62963e-06
 4.62963e-06
 2.31481e-06
 4.62963e-06
 4.62963e-06
 4.62963e-06
 4.62963e-06
 4.62963e-06
 4.62963e-06
 4.62963e-06
 4.62963e-06
 4.62963e-06
 4.62963e-06
 4.62963e-06
 4.62963e-06
 4.62963e-06
 4.62963e-06
 4.62963e-06
 4.62963e-06
 4.62963e-06
 1.15741e-06
 2.31481e-06
 2.31481e-06
 2.31481e-06
 2.31481e-06
 2.31481e-06
 2.31481e-06
 2.31481e-06
 2.31481e-06
 2.31481e-06
 2.31481e-06
 2.31481e-06
 2.31481e-06
 2.31481e-06
 2.31481e-06
 2.31481e-06
 2.31481e-06
 2.31481e-06
 2.31482e-06
 4.62964e-06
 4.62964e-06
 4.62964e-06
 4.62964e-06
 4.62963e-06
 4.62963e-06
 4.62963e-06
 4.62963e-06
 4.62963e-06
 4.62963e-06
 4.62963e-06
 4.62963e-06
 4.62963e-06
 4.62963e-06
 4.62963e-06
 4.62963e-06
 4.62963e-06
 2.31482e-06
 4.62963e-06
 4.62963e-06
 4.62963e-06
 4.62963e-06
 4.62963e-06
 4.62963e-06
 4.62963e-06
 4.62963e-06
 4.62963e-06
 4.62963e-06
 4.62963e-06
 4.62963e-06
 4.62963e-06
 4.62963e-06
 4.62963e-06
 4.62963e-06
 4.62963e-06
 2.31482e-06
 4.62963e-06
 4.62963e-06
 4.62963e-06
 4.62963e-06
 4.62963e-06
 4.62963e-06
 4.62963e-06
 4.62963e-06
 4.62963e-06
 4.62963e-06
 4.62963e-06
 4.62963e-06
 4.62963e-06
 4.62963e-06
 4.62963e-06
 4.62963e-06
 4.62963e-06
 2.31482e-06
 4.62963e-06
 4.62963e-06
 4.62963e-06
 4.62963e-06
 4.62963e-06
 4.62963e-06
 4.62963e-06
 4.62963e-06
 4.62963e-06
 4.62963e-06
 4.62963e-06
 4.62963e-06
 4.62963e-06
 4.62963e-06
 4.62963e-06
 4.62963e-06
 4.62963e-06
 2.31481e-06
 4.62963e-06
 4.62963e-06
 4.62963e-06
 4.62963e-06
 4.62963e-06
 4.62963e-06
 4.62963e-06
 4.62963e-06
 4.62963e-06
 4.62963e-06
 4.62963e-06
 4.62963e-06
 4.62963e-06
 4.62963e-06
 4.62963e-06
 4.62963e-06
 4.62963e-06
 2.31481e-06
 4.62963e-06
 4.62963e-06
 4.62963e-06
 4.62963e-06
 4.62963e-06
 4.62963e-06
 4.62963e-06
 4.62963e-06
 4.62963e-06
 4.62963e-06
 4.62963e-06
 4.62963e-06
 4.62963e-06
 4.62963e-06
 4.62963e-06
 4.62963e-06
 4.62963e-06
 2.31481e-06
 4.62963e-06
 4.62963e-06
 4.62963e-06
 4.62963e-06
 4.62963e-06
 4.62963e-06
 4.62963e-06
 4.62963e-06
 4.62963e-06
 4.62963e-06
 4.62963e-06
 4.62963e-06
 4.62963e-06
 4.62963e-06
 4.62963e-06
 4.62963e-06
 4.62963e-06
 2.31481e-06
 4.62963e-06
 4.62963e-06
 4.62963e-06
 4.62963e-06
 4.62963e-06
 4.62963e-06
 4.62963e-06
 4.62963e-06
 4.62963e-06
 4.62963e-06
 4.62963e-06
 4.62963e-06
 4.62963e-06
 4.62963e-06
 4.62963e-06
 4.62963e-06
 4.62963e-06
 2.31481e-06
 4.62963e-06
 4.62963e-06
 4.62963e-06
 4.62963e-06
 4.62963e-06
 4.62963e-06
 4.62963e-06
 4.62963e-06
 4.62963e-06
 4.62963e-06
 4.62963e-06
 4.62963e-06
 4.62963e-06
 4.62963e-06
 4.62963e-06
 4.62963e-06
 4.62963e-06
 2.31481e-06
 4.62963e-06
 4.62963e-06
 4.62963e-06
 4.62963e-06
 4.62963e-06
 4.62963e-06
 4.62963e-06
 4.62963e-06
 4.62963e-06
 4.62963e-06
 4.62963e-06
 4.62963e-06
 4.62963e-06
 4.62963e-06
 4.62963e-06
 4.62963e-06
 4.62963e-06
 2.31481e-06
 4.62963e-06
 4.62963e-06
 4.62963e-06
 4.62963e-06
 4.62963e-06
 4.62963e-06
 4.62963e-06
 4.62963e-06
 4.62963e-06
 4.62963e-06
 4.62963e-06
 4.62963e-06
 4.62963e-06
 4.62963e-06
 4.62963e-06
 4.62963e-06
 4.62963e-06
 2.31481e-06
 4.62963e-06
 4.62963e-06
 4.62963e-06
 4.62963e-06
 4.62963e-06
 4.62963e-06
 4.62963e-06
 4.62963e-06
 4.62963e-06
 4.62963e-06
 4.62963e-06
 4.62963e-06
 4.62963e-06
 4.62963e-06
 4.62963e-06
 4.62963e-06
 4.62963e-06
 2.31481e-06
 4.62963e-06
 4.62963e-06
 4.62963e-06
 4.62963e-06
 4.62963e-06
 4.62963e-06
 4.62963e-06
 4.62963e-06
 4.62963e-06
 4.62963e-06
 4.62963e-06
 4.62963e-06
 4.62963e-06
 4.62963e-06
 4.62963e-06
 4.62963e-06
 4.62963e-06
 2.31481e-06
 4.62963e-06
 4.62963e-06
 4.62963e-06
 4.62963e-06
 4.62963e-06
 4.62963e-06
 4.62963e-06
 4.62963e-06
 4.62963e-06
 4.62963e-06
 4.62963e-06
 4.62963e-06
 4.62963e-06
 4.62963e-06
 4.62963e-06
 4.62963e-06
 4.62963e-06
 2.31481e-06
 4.62963e-06
 4.62963e-06
 4.62963e-06
 4.62963e-06
 4.62963e-06
 4.62963e-06
 4.62963e-06
 4.62963e-06
 4.62963e-06
 4.62963e-06
 4.62963e-06
 4.62963e-06
 4.62963e-06
 4.62963e-06
 4.62963e-06
 4.62963e-06
 4.62963e-06
 2.31481e-06
 4.62963e-06
 4.62963e-06
 4.62963e-06
 4.62963e-06
 4.62963e-06
 4.62963e-06
 4.62963e-06
 4.62963e-06
 4.62963e-06
 4.62963e-06
 4.62963e-06
 4.62963e-06
 4.62963e-06
 4.62963e-06
 4.62963e-06
 4.62963e-06
 4.62963e-06
 2.31481e-06
 4.62963e-06
 4.62963e-06
 4.62963e-06
 4.62963e-06
 4.62963e-06
 4.62963e-06
 4.62963e-06
 4.62963e-06
 4.62963e-06
 4.62963e-06
 4.62963e-06
 4.62963e-06
 4.62963e-06
 4.62963e-06
 4.62963e-06
 4.62963e-06
 4.62963e-06
 1.15741e-06
 2.31481e-06
 2.31481e-06
 2.31481e-06
 2.31481e-06
 2.31481e-06
 2.31481e-06
 2.31481e-06
 2.31481e-06
 2.31481e-06
 2.31481e-06
 2.31481e-06
 2.31481e-06
 2.31481e-06
 2.31481e-06
 2.31481e-06
 2.31481e-06
 2.31481e-06
 2.31482e-06
 4.62963e-06
 4.62963e-06
 4.62963e-06
 4.62963e-06
 4.62963e-06
 4.62963e-06
 4.62963e-06
 4.62963e-06
 4.62963e-06
 4.62963e-06
 4.62963e-06
 4.62963e-06
 4.62963e-06
 4.62963e-06
 4.62963e-06
 4.62963e-06
 4.62963e-06
 2.31482e-06
 4.62963e-06
 4.62963e-06
 4.62963e-06
 4.62963e-06
 4.62963e-06
 4.62963e-06
 4.62963e-06
 4.62963e-06
 4.62963e-06
 4.62963e-06
 4.62963e-06
 4.62963e-06
 4.62963e-06
 4.62963e-06
 4.62963e-06
 4.62963e-06
 4.62963e-06
 2.31481e-06
 4.62963e-06
 4.62963e-06
 4.62963e-06
 4.62963e-06
 4.62963e-06
 4.62963e-06
 4.62963e-06
 4.62963e-06
 4.62963e-06
 4.62963e-06
 4.62963e-06
 4.62963e-06
 4.62963e-06
 4.62963e-06
 4.62963e-06
 4.62963e-06
 4.62963e-06
 2.31481e-06
 4.62963e-06
 4.62963e-06
 4.62963e-06
 4.62963e-06
 4.62963e-06
 4.62963e-06
 4.62963e-06
 4.62963e-06
 4.62963e-06
 4.62963e-06
 4.62963e-06
 4.62963e-06
 4.62963e-06
 4.62963e-06
 4.62963e-06
 4.62963e-06
 4.62963e-06
 2.31481e-06
 4.62963e-06
 4.62963e-06
 4.62963e-06
 4.62963e-06
 4.62963e-06
 4.62963e-06
 4.62963e-06
 4.62963e-06
 4.62963e-06
 4.62963e-06
 4.62963e-06
 4.62963e-06
 4.62963e-06
 4.62963e-06
 4.62963e-06
 4.62963e-06
 4.62963e-06
 2.31481e-06
 4.62963e-06
 4.62963e-06
 4.62963e-06
 4.62963e-06
 4.62963e-06
 4.62963e-06
 4.62963e-06
 4.62963e-06
 4.62963e-06
 4.62963e-06
 4.62963e-06
 4.62963e-06
 4.62963e-06
 4.62963e-06
 4.62963e-06
 4.62963e-06
 4.62963e-06
 2.31481e-06
 4.62963e-06
 4.62963e-06
 4.62963e-06
 4.62963e-06
 4.62963e-06
 4.62963e-06
 4.62963e-06
 4.62963e-06
 4.62963e-06
 4.62963e-06
 4.62963e-06
 4.62963e-06
 4.62963e-06
 4.62963e-06
 4.62963e-06
 4.62963e-06
 4.62963e-06
 2.31481e-06
 4.62963e-06
 4.62963e-06
 4.62963e-06
 4.62963e-06
 4.62963e-06
 4.62963e-06
 4.62963e-06
 4.62963e-06
 4.62963e-06
 4.62963e-06
 4.62963e-06
 4.62963e-06
 4.62963e-06
 4.62963e-06
 4.62963e-06
 4.62963e-06
 4.62963e-06
 2.31481e-06
 4.62963e-06
 4.62963e-06
 4.62963e-06
 4.62963e-06
 4.62963e-06
 4.62963e-06
 4.62963e-06
 4.62963e-06
 4.62963e-06
 4.62963e-06
 4.62963e-06
 4.62963e-06
 4.62963e-06
 4.62963e-06
 4.62963e-06
 4.62963e-06
 4.62963e-06
 2.31481e-06
 4.62963e-06
 4.62963e-06
 4.62963e-06
 4.62963e-06
 4.62963e-06
 4.62963e-06
 4.62963e-06
 4.62963e-06
 4.62963e-06
 4.62963e-06
 4.62963e-06
 4.62963e-06
 4.62963e-06
 4.62963e-06
 4.62963e-06
 4.62963e-06
 4.62963e-06
 2.31481e-06
 4.62963e-06
 4.62963e-06
 4.62963e-06
 4.62963e-06
 4.62963e-06
 4.62963e-06
 4.62963e-06
 4.62963e-06
 4.62963e-06
 4.62963e-06
 4.62963e-06
 4.62963e-06
 4.62963e-06
 4.62963e-06
 4.62963e-06
 4.62963e-06
 4.62963e-06
 2.31481e-06
 4.62963e-06
 4.62963e-06
 4.62963e-06
 4.62963e-06
 4.62963e-06
 4.62963e-06
 4.62963e-06
 4.62963e-06
 4.62963e-06
 4.62963e-06
 4.62963e-06
 4.62963e-06
 4.62963e-06
 4.62963e-06
 4.62963e-06
 4.62963e-06
 4.62963e-06
 2.31481e-06
 4.62963e-06
 4.62963e-06
 4.62963e-06
 4.62963e-06
 4.62963e-06
 4.62963e-06
 4.62963e-06
 4.62963e-06
 4.62963e-06
 4.62963e-06
 4.62963e-06
 4.62963e-06
 4.62963e-06
 4.62963e-06
 4.62963e-06
 4.62963e-06
 4.62963e-06
 2.31481e-06
 4.62963e-06
 4.62963e-06
 4.62963e-06
 4.62963e-06
 4.62963e-06
 4.62963e-06
 4.62963e-06
 4.62963e-06
 4.62963e-06
 4.62963e-06
 4.62963e-06
 4.62963e-06
 4.62963e-06
 4.62963e-06
 4.62963e-06
 4.62963e-06
 4.62963e-06
 2.31481e-06
 4.62963e-06
 4.62963e-06
 4.62963e-06
 4.62963e-06
 4.62963e-06
 4.62963e-06
 4.62963e-06
 4.62963e-06
 4.62963e-06
 4.62963e-06
 4.62963e-06
 4.62963e-06
 4.62963e-06
 4.62963e-06
 4.62963e-06
 4.62963e-06
 4.62963e-06
 2.31481e-06
 4.62963e-06
 4.62963e-06
 4.62963e-06
 4.62963e-06
 4.62963e-06
 4.62963e-06
 4.62963e-06
 4.62963e-06
 4.62963e-06
 4.62963e-06
 4.62963e-06
 4.62963e-06
 4.62963e-06
 4.62963e-06
 4.62963e-06
 4.62963e-06
 4.62963e-06
 2.31481e-06
 4.62963e-06
 4.62963e-06
 4.62963e-06
 4.62963e-06
 4.62963e-06
 4.62963e-06
 4.62963e-06
 4.62963e-06
 4.62963e-06
 4.62963e-06
 4.62963e-06
 4.62963e-06
 4.62963e-06
 4.62963e-06
 4.62963e-06
 4.62963e-06
 4.62963e-06
 1.15741e-06
 2.31481e-06
 2.31481e-06
 2.31481e-06
 2.31481e-06
 2.31481e-06
 2.31481e-06
 2.31481e-06
 2.31481e-06
 2.31481e-06
 2.31481e-06
 2.31481e-06
 2.31481e-06
 2.31481e-06
 2.31481e-06
 2.31481e-06
 2.31481e-06
 2.31481e-06
 2.31481e-06
 4.62963e-06
 4.62963e-06
 4.62963e-06
 4.62963e-06
 4.62963e-06
 4.62963e-06
 4.62963e-06
 4.62963e-06
 4.62963e-06
 4.62963e-06
 4.62963e-06
 4.62963e-06
 4.62963e-06
 4.62963e-06
 4.62963e-06
 4.62963e-06
 4.62963e-06
 2.31481e-06
 4.62963e-06
 4.62963e-06
 4.62963e-06
 4.62963e-06
 4.62963e-06
 4.62963e-06
 4.62963e-06
 4.62963e-06
 4.62963e-06
 4.62963e-06
 4.62963e-06
 4.62963e-06
 4.62963e-06
 4.62963e-06
 4.62963e-06
 4.62963e-06
 4.62963e-06
 2.31481e-06
 4.62963e-06
 4.62963e-06
 4.62963e-06
 4.62963e-06
 4.62963e-06
 4.62963e-06
 4.62963e-06
 4.62963e-06
 4.62963e-06
 4.62963e-06
 4.62963e-06
 4.62963e-06
 4.62963e-06
 4.62963e-06
 4.62963e-06
 4.62963e-06
 4.62963e-06
 2.31481e-06
 4.62963e-06
 4.62963e-06
 4.62963e-06
 4.62963e-06
 4.62963e-06
 4.62963e-06
 4.62963e-06
 4.62963e-06
 4.62963e-06
 4.62963e-06
 4.62963e-06
 4.62963e-06
 4.62963e-06
 4.62963e-06
 4.62963e-06
 4.62963e-06
 4.62963e-06
 2.31481e-06
 4.62963e-06
 4.62963e-06
 4.62963e-06
 4.62963e-06
 4.62963e-06
 4.62963e-06
 4.62963e-06
 4.62963e-06
 4.62963e-06
 4.62963e-06
 4.62963e-06
 4.62963e-06
 4.62963e-06
 4.62963e-06
 4.62963e-06
 4.62963e-06
 4.62963e-06
 2.31481e-06
 4.62963e-06
 4.62963e-06
 4.62963e-06
 4.62963e-06
 4.62963e-06
 4.62963e-06
 4.62963e-06
 4.62963e-06
 4.62963e-06
 4.62963e-06
 4.62963e-06
 4.62963e-06
 4.62963e-06
 4.62963e-06
 4.62963e-06
 4.62963e-06
 4.62963e-06
 2.31481e-06
 4.62963e-06
 4.62963e-06
 4.62963e-06
 4.62963e-06
 4.62963e-06
 4.62963e-06
 4.62963e-06
 4.62963e-06
 4.62963e-06
 4.62963e-06
 4.62963e-06
 4.62963e-06
 4.62963e-06
 4.62963e-06
 4.62963e-06
 4.62963e-06
 4.62963e-06
 2.31481e-06
 4.62963e-06
 4.62963e-06
 4.62963e-06
 4.62963e-06
 4.62963e-06
 4.62963e-06
 4.62963e-06
 4.62963e-06
 4.62963e-06
 4.62963e-06
 4.62963e-06
 4.62963e-06
 4.62963e-06
 4.62963e-06
 4.62963e-06
 4.62963e-06
 4.62963e-06
 2.31481e-06
 4.62963e-06
 4.62963e-06
 4.62963e-06
 4.62963e-06
 4.62963e-06
 4.62963e-06
 4.62963e-06
 4.62963e-06
 4.62963e-06
 4.62963e-06
 4.62963e-06
 4.62963e-06
 4.62963e-06
 4.62963e-06
 4.62963e-06
 4.62963e-06
 4.62963e-06
 2.31481e-06
 4.62963e-06
 4.62963e-06
 4.62963e-06
 4.62963e-06
 4.62963e-06
 4.62963e-06
 4.62963e-06
 4.62963e-06
 4.62963e-06
 4.62963e-06
 4.62963e-06
 4.62963e-06
 4.62963e-06
 4.62963e-06
 4.62963e-06
 4.62963e-06
 4.62963e-06
 2.31481e-06
 4.62963e-06
 4.62963e-06
 4.62963e-06
 4.62963e-06
 4.62963e-06
 4.62963e-06
 4.62963e-06
 4.62963e-06
 4.62963e-06
 4.62963e-06
 4.62963e-06
 4.62963e-06
 4.62963e-06
 4.62963e-06
 4.62963e-06
 4.62963e-06
 4.62963e-06
 2.31481e-06
 4.62963e-06
 4.62963e-06
 4.62963e-06
 4.62963e-06
 4.62963e-06
 4.62963e-06
 4.62963e-06
 4.62963e-06
 4.62963e-06
 4.62963e-06
 4.62963e-06
 4.62963e-06
 4.62963e-06
 4.62963e-06
 4.62963e-06
 4.62963e-06
 4.62963e-06
 2.31481e-06
 4.62963e-06
 4.62963e-06
 4.62963e-06
 4.62963e-06
 4.62963e-06
 4.62963e-06
 4.62963e-06
 4.62963e-06
 4.62963e-06
 4.62963e-06
 4.62963e-06
 4.62963e-06
 4.62963e-06
 4.62963e-06
 4.62963e-06
 4.62963e-06
 4.62963e-06
 2.31481e-06
 4.62963e-06
 4.62963e-06
 4.62963e-06
 4.62963e-06
 4.62963e-06
 4.62963e-06
 4.62963e-06
 4.62963e-06
 4.62963e-06
 4.62963e-06
 4.62963e-06
 4.62963e-06
 4.62963e-06
 4.62963e-06
 4.62963e-06
 4.62963e-06
 4.62963e-06
 2.31481e-06
 4.62963e-06
 4.62963e-06
 4.62963e-06
 4.62963e-06
 4.62963e-06
 4.62963e-06
 4.62963e-06
 4.62963e-06
 4.62963e-06
 4.62963e-06
 4.62963e-06
 4.62963e-06
 4.62963e-06
 4.62963e-06
 4.62963e-06
 4.62963e-06
 4.62963e-06
 2.31481e-06
 4.62963e-06
 4.62963e-06
 4.62963e-06
 4.62963e-06
 4.62963e-06
 4.62963e-06
 4.62963e-06
 4.62963e-06
 4.62963e-06
 4.62963e-06
 4.62963e-06
 4.62963e-06
 4.62963e-06
 4.62963e-06
 4.62963e-06
 4.62963e-06
 4.62963e-06
 2.31481e-06
 4.62963e-06
 4.62963e-06
 4.62963e-06
 4.62963e-06
 4.62963e-06
 4.62963e-06
 4.62963e-06
 4.62963e-06
 4.62963e-06
 4.62963e-06
 4.62963e-06
 4.62963e-06
 4.62963e-06
 4.62963e-06
 4.62963e-06
 4.62963e-06
 4.62963e-06
 1.15741e-06
 2.31481e-06
 2.31481e-06
 2.31481e-06
 2.31481e-06
 2.31481e-06
 2.31481e-06
 2.31481e-06
 2.31481e-06
 2.31481e-06
 2.31481e-06
 2.31481e-06
 2.31481e-06
 2.31481e-06
 2.31481e-06
 2.31481e-06
 2.31481e-06
 2.31481e-06
 2.31481e-06
 4.62963e-06
 4.62963e-06
 4.62963e-06
 4.62963e-06
 4.62963e-06
 4.62963e-06
 4.62963e-06
 4.62963e-06
 4.62963e-06
 4.62963e-06
 4.62963e-06
 4.62963e-06
 4.62963e-06
 4.62963e-06
 4.62963e-06
 4.62963e-06
 4.62963e-06
 2.31481e-06
 4.62963e-06
 4.62963e-06
 4.62963e-06
 4.62963e-06
 4.62963e-06
 4.62963e-06
 4.62963e-06
 4.62963e-06
 4.62963e-06
 4.62963e-06
 4.62963e-06
 4.62963e-06
 4.62963e-06
 4.62963e-06
 4.62963e-06
 4.62963e-06
 4.62963e-06
 2.31481e-06
 4.62963e-06
 4.62963e-06
 4.62963e-06
 4.62963e-06
 4.62963e-06
 4.62963e-06
 4.62963e-06
 4.62963e-06
 4.62963e-06
 4.62963e-06
 4.62963e-06
 4.62963e-06
 4.62963e-06
 4.62963e-06
 4.62963e-06
 4.62963e-06
 4.62963e-06
 2.31481e-06
 4.62963e-06
 4.62963e-06
 4.62963e-06
 4.62963e-06
 4.62963e-06
 4.62963e-06
 4.62963e-06
 4.62963e-06
 4.62963e-06
 4.62963e-06
 4.62963e-06
 4.62963e-06
 4.62963e-06
 4.62963e-06
 4.62963e-06
 4.62963e-06
 4.62963e-06
 2.31481e-06
 4.62963e-06
 4.62963e-06
 4.62963e-06
 4.62963e-06
 4.62963e-06
 4.62963e-06
 4.62963e-06
 4.62963e-06
 4.62963e-06
 4.62963e-06
 4.62963e-06
 4.62963e-06
 4.62963e-06
 4.62963e-06
 4.62963e-06
 4.62963e-06
 4.62963e-06
 2.31481e-06
 4.62963e-06
 4.62963e-06
 4.62963e-06
 4.62963e-06
 4.62963e-06
 4.62963e-06
 4.62963e-06
 4.62963e-06
 4.62963e-06
 4.62963e-06
 4.62963e-06
 4.62963e-06
 4.62963e-06
 4.62963e-06
 4.62963e-06
 4.62963e-06
 4.62963e-06
 2.31481e-06
 4.62963e-06
 4.62963e-06
 4.62963e-06
 4.62963e-06
 4.62963e-06
 4.62963e-06
 4.62963e-06
 4.62963e-06
 4.62963e-06
 4.62963e-06
 4.62963e-06
 4.62963e-06
 4.62963e-06
 4.62963e-06
 4.62963e-06
 4.62963e-06
 4.62963e-06
 2.31481e-06
 4.62963e-06
 4.62963e-06
 4.62963e-06
 4.62963e-06
 4.62963e-06
 4.62963e-06
 4.62963e-06
 4.62963e-06
 4.62963e-06
 4.62963e-06
 4.62963e-06
 4.62963e-06
 4.62963e-06
 4.62963e-06
 4.62963e-06
 4.62963e-06
 4.62963e-06
 2.31481e-06
 4.62963e-06
 4.62963e-06
 4.62963e-06
 4.62963e-06
 4.62963e-06
 4.62963e-06
 4.62963e-06
 4.62963e-06
 4.62963e-06
 4.62963e-06
 4.62963e-06
 4.62963e-06
 4.62963e-06
 4.62963e-06
 4.62963e-06
 4.62963e-06
 4.62963e-06
 2.31481e-06
 4.62963e-06
 4.62963e-06
 4.62963e-06
 4.62963e-06
 4.62963e-06
 4.62963e-06
 4.62963e-06
 4.62963e-06
 4.62963e-06
 4.62963e-06
 4.62963e-06
 4.62963e-06
 4.62963e-06
 4.62963e-06
 4.62963e-06
 4.62963e-06
 4.62963e-06
 2.31481e-06
 4.62963e-06
 4.62963e-06
 4.62963e-06
 4.62963e-06
 4.62963e-06
 4.62963e-06
 4.62963e-06
 4.62963e-06
 4.62963e-06
 4.62963e-06
 4.62963e-06
 4.62963e-06
 4.62963e-06
 4.62963e-06
 4.62963e-06
 4.62963e-06
 4.62963e-06
 2.31481e-06
 4.62963e-06
 4.62963e-06
 4.62963e-06
 4.62963e-06
 4.62963e-06
 4.62963e-06
 4.62963e-06
 4.62963e-06
 4.62963e-06
 4.62963e-06
 4.62963e-06
 4.62963e-06
 4.62963e-06
 4.62963e-06
 4.62963e-06
 4.62963e-06
 4.62963e-06
 2.31481e-06
 4.62963e-06
 4.62963e-06
 4.62963e-06
 4.62963e-06
 4.62963e-06
 4.62963e-06
 4.62963e-06
 4.62963e-06
 4.62963e-06
 4.62963e-06
 4.62963e-06
 4.62963e-06
 4.62963e-06
 4.62963e-06
 4.62963e-06
 4.62963e-06
 4.62963e-06
 2.31481e-06
 4.62963e-06
 4.62963e-06
 4.62963e-06
 4.62963e-06
 4.62963e-06
 4.62963e-06
 4.62963e-06
 4.62963e-06
 4.62963e-06
 4.62963e-06
 4.62963e-06
 4.62963e-06
 4.62963e-06
 4.62963e-06
 4.62963e-06
 4.62963e-06
 4.62963e-06
 2.31481e-06
 4.62963e-06
 4.62963e-06
 4.62963e-06
 4.62963e-06
 4.62963e-06
 4.62963e-06
 4.62963e-06
 4.62963e-06
 4.62963e-06
 4.62963e-06
 4.62963e-06
 4.62963e-06
 4.62963e-06
 4.62963e-06
 4.62963e-06
 4.62963e-06
 4.62963e-06
 2.31481e-06
 4.62963e-06
 4.62963e-06
 4.62963e-06
 4.62963e-06
 4.62963e-06
 4.62963e-06
 4.62963e-06
 4.62963e-06
 4.62963e-06
 4.62963e-06
 4.62963e-06
 4.62963e-06
 4.62963e-06
 4.62963e-06
 4.62963e-06
 4.62963e-06
 4.62963e-06
 2.31481e-06
 4.62963e-06
 4.62963e-06
 4.62963e-06
 4.62963e-06
 4.62963e-06
 4.62963e-06
 4.62963e-06
 4.62963e-06
 4.62963e-06
 4.62963e-06
 4.62963e-06
 4.62963e-06
 4.62963e-06
 4.62963e-06
 4.62963e-06
 4.62963e-06
 4.62963e-06
 1.15741e-06
 2.31481e-06
 2.31481e-06
 2.31481e-06
 2.31481e-06
 2.31481e-06
 2.31481e-06
 2.31481e-06
 2.31481e-06
 2.31481e-06
 2.31481e-06
 2.31481e-06
 2.31481e-06
 2.31481e-06
 2.31481e-06
 2.31481e-06
 2.31481e-06
 2.31481e-06
 2.31481e-06
 4.62963e-06
 4.62963e-06
 4.62963e-06
 4.62963e-06
 4.62963e-06
 4.62963e-06
 4.62963e-06
 4.62963e-06
 4.62963e-06
 4.62963e-06
 4.62963e-06
 4.62963e-06
 4.62963e-06
 4.62963e-06
 4.62963e-06
 4.62963e-06
 4.62963e-06
 2.31481e-06
 4.62963e-06
 4.62963e-06
 4.62963e-06
 4.62963e-06
 4.62963e-06
 4.62963e-06
 4.62963e-06
 4.62963e-06
 4.62963e-06
 4.62963e-06
 4.62963e-06
 4.62963e-06
 4.62963e-06
 4.62963e-06
 4.62963e-06
 4.62963e-06
 4.62963e-06
 2.31481e-06
 4.62963e-06
 4.62963e-06
 4.62963e-06
 4.62963e-06
 4.62963e-06
 4.62963e-06
 4.62963e-06
 4.62963e-06
 4.62963e-06
 4.62963e-06
 4.62963e-06
 4.62963e-06
 4.62963e-06
 4.62963e-06
 4.62963e-06
 4.62963e-06
 4.62963e-06
 2.31481e-06
 4.62963e-06
 4.62963e-06
 4.62963e-06
 4.62963e-06
 4.62963e-06
 4.62963e-06
 4.62963e-06
 4.62963e-06
 4.62963e-06
 4.62963e-06
 4.62963e-06
 4.62963e-06
 4.62963e-06
 4.62963e-06
 4.62963e-06
 4.62963e-06
 4.62963e-06
 2.31481e-06
 4.62963e-06
 4.62963e-06
 4.62963e-06
 4.62963e-06
 4.62963e-06
 4.62963e-06
 4.62963e-06
 4.62963e-06
 4.62963e-06
 4.62963e-06
 4.62963e-06
 4.62963e-06
 4.62963e-06
 4.62963e-06
 4.62963e-06
 4.62963e-06
 4.62963e-06
 2.31481e-06
 4.62963e-06
 4.62963e-06
 4.62963e-06
 4.62963e-06
 4.62963e-06
 4.62963e-06
 4.62963e-06
 4.62963e-06
 4.62963e-06
 4.62963e-06
 4.62963e-06
 4.62963e-06
 4.62963e-06
 4.62963e-06
 4.62963e-06
 4.62963e-06
 4.62963e-06
 2.31481e-06
 4.62963e-06
 4.62963e-06
 4.62963e-06
 4.62963e-06
 4.62963e-06
 4.62963e-06
 4.62963e-06
 4.62963e-06
 4.62963e-06
 4.62963e-06
 4.62963e-06
 4.62963e-06
 4.62963e-06
 4.62963e-06
 4.62963e-06
 4.62963e-06
 4.62963e-06
 2.31481e-06
 4.62963e-06
 4.62963e-06
 4.62963e-06
 4.62963e-06
 4.62963e-06
 4.62963e-06
 4.62963e-06
 4.62963e-06
 4.62963e-06
 4.62963e-06
 4.62963e-06
 4.62963e-06
 4.62963e-06
 4.62963e-06
 4.62963e-06
 4.62963e-06
 4.62963e-06
 2.31481e-06
 4.62963e-06
 4.62963e-06
 4.62963e-06
 4.62963e-06
 4.62963e-06
 4.62963e-06
 4.62963e-06
 4.62963e-06
 4.62963e-06
 4.62963e-06
 4.62963e-06
 4.62963e-06
 4.62963e-06
 4.62963e-06
 4.62963e-06
 4.62963e-06
 4.62963e-06
 2.31481e-06
 4.62963e-06
 4.62963e-06
 4.62963e-06
 4.62963e-06
 4.62963e-06
 4.62963e-06
 4.62963e-06
 4.62963e-06
 4.62963e-06
 4.62963e-06
 4.62963e-06
 4.62963e-06
 4.62963e-06
 4.62963e-06
 4.62963e-06
 4.62963e-06
 4.62963e-06
 2.31481e-06
 4.62963e-06
 4.62963e-06
 4.62963e-06
 4.62963e-06
 4.62963e-06
 4.62963e-06
 4.62963e-06
 4.62963e-06
 4.62963e-06
 4.62963e-06
 4.62963e-06
 4.62963e-06
 4.62963e-06
 4.62963e-06
 4.62963e-06
 4.62963e-06
 4.62963e-06
 2.31481e-06
 4.62963e-06
 4.62963e-06
 4.62963e-06
 4.62963e-06
 4.62963e-06
 4.62963e-06
 4.62963e-06
 4.62963e-06
 4.62963e-06
 4.62963e-06
 4.62963e-06
 4.62963e-06
 4.62963e-06
 4.62963e-06
 4.62963e-06
 4.62963e-06
 4.62963e-06
 2.31481e-06
 4.62963e-06
 4.62963e-06
 4.62963e-06
 4.62963e-06
 4.62963e-06
 4.62963e-06
 4.62963e-06
 4.62963e-06
 4.62963e-06
 4.62963e-06
 4.62963e-06
 4.62963e-06
 4.62963e-06
 4.62963e-06
 4.62963e-06
 4.62963e-06
 4.62963e-06
 2.31481e-06
 4.62963e-06
 4.62963e-06
 4.62963e-06
 4.62963e-06
 4.62963e-06
 4.62963e-06
 4.62963e-06
 4.62963e-06
 4.62963e-06
 4.62963e-06
 4.62963e-06
 4.62963e-06
 4.62963e-06
 4.62963e-06
 4.62963e-06
 4.62963e-06
 4.62963e-06
 2.31481e-06
 4.62963e-06
 4.62963e-06
 4.62963e-06
 4.62963e-06
 4.62963e-06
 4.62963e-06
 4.62963e-06
 4.62963e-06
 4.62963e-06
 4.62963e-06
 4.62963e-06
 4.62963e-06
 4.62963e-06
 4.62963e-06
 4.62963e-06
 4.62963e-06
 4.62963e-06
 2.31481e-06
 4.62963e-06
 4.62963e-06
 4.62963e-06
 4.62963e-06
 4.62963e-06
 4.62963e-06
 4.62963e-06
 4.62963e-06
 4.62963e-06
 4.62963e-06
 4.62963e-06
 4.62963e-06
 4.62963e-06
 4.62963e-06
 4.62963e-06
 4.62963e-06
 4.62963e-06
 2.31481e-06
 4.62963e-06
 4.62963e-06
 4.62963e-06
 4.62963e-06
 4.62963e-06
 4.62963e-06
 4.62963e-06
 4.62963e-06
 4.62963e-06
 4.62963e-06
 4.62963e-06
 4.62963e-06
 4.62963e-06
 4.62963e-06
 4.62963e-06
 4.62963e-06
 4.62963e-06
 1.15741e-06
 2.31481e-06
 2.31481e-06
 2.31481e-06
 2.31481e-06
 2.31481e-06
 2.31481e-06
 2.31481e-06
 2.31481e-06
 2.31481e-06
 2.31481e-06
 2.31481e-06
 2.31481e-06
 2.31481e-06
 2.31481e-06
 2.31481e-06
 2.31481e-06
 2.31481e-06
 2.31481e-06
 4.62963e-06
 4.62963e-06
 4.62963e-06
 4.62963e-06
 4.62963e-06
 4.62963e-06
 4.62963e-06
 4.62963e-06
 4.62963e-06
 4.62963e-06
 4.62963e-06
 4.62963e-06
 4.62963e-06
 4.62963e-06
 4.62963e-06
 4.62963e-06
 4.62963e-06
 2.31481e-06
 4.62963e-06
 4.62963e-06
 4.62963e-06
 4.62963e-06
 4.62963e-06
 4.62963e-06
 4.62963e-06
 4.62963e-06
 4.62963e-06
 4.62963e-06
 4.62963e-06
 4.62963e-06
 4.62963e-06
 4.62963e-06
 4.62963e-06
 4.62963e-06
 4.62963e-06
 2.31481e-06
 4.62963e-06
 4.62963e-06
 4.62963e-06
 4.62963e-06
 4.62963e-06
 4.62963e-06
 4.62963e-06
 4.62963e-06
 4.62963e-06
 4.62963e-06
 4.62963e-06
 4.62963e-06
 4.62963e-06
 4.62963e-06
 4.62963e-06
 4.62963e-06
 4.62963e-06
 2.31481e-06
 4.62963e-06
 4.62963e-06
 4.62963e-06
 4.62963e-06
 4.62963e-06
 4.62963e-06
 4.62963e-06
 4.62963e-06
 4.62963e-06
 4.62963e-06
 4.62963e-06
 4.62963e-06
 4.62963e-06
 4.62963e-06
 4.62963e-06
 4.62963e-06
 4.62963e-06
 2.31481e-06
 4.62963e-06
 4.62963e-06
 4.62963e-06
 4.62963e-06
 4.62963e-06
 4.62963e-06
 4.62963e-06
 4.62963e-06
 4.62963e-06
 4.62963e-06
 4.62963e-06
 4.62963e-06
 4.62963e-06
 4.62963e-06
 4.62963e-06
 4.62963e-06
 4.62963e-06
 2.31481e-06
 4.62963e-06
 4.62963e-06
 4.62963e-06
 4.62963e-06
 4.62963e-06
 4.62963e-06
 4.62963e-06
 4.62963e-06
 4.62963e-06
 4.62963e-06
 4.62963e-06
 4.62963e-06
 4.62963e-06
 4.62963e-06
 4.62963e-06
 4.62963e-06
 4.62963e-06
 2.31481e-06
 4.62963e-06
 4.62963e-06
 4.62963e-06
 4.62963e-06
 4.62963e-06
 4.62963e-06
 4.62963e-06
 4.62963e-06
 4.62963e-06
 4.62963e-06
 4.62963e-06
 4.62963e-06
 4.62963e-06
 4.62963e-06
 4.62963e-06
 4.62963e-06
 4.62963e-06
 2.31481e-06
 4.62963e-06
 4.62963e-06
 4.62963e-06
 4.62963e-06
 4.62963e-06
 4.62963e-06
 4.62963e-06
 4.62963e-06
 4.62963e-06
 4.62963e-06
 4.62963e-06
 4.62963e-06
 4.62963e-06
 4.62963e-06
 4.62963e-06
 4.62963e-06
 4.62963e-06
 2.31481e-06
 4.62963e-06
 4.62963e-06
 4.62963e-06
 4.62963e-06
 4.62963e-06
 4.62963e-06
 4.62963e-06
 4.62963e-06
 4.62963e-06
 4.62963e-06
 4.62963e-06
 4.62963e-06
 4.62963e-06
 4.62963e-06
 4.62963e-06
 4.62963e-06
 4.62963e-06
 2.31481e-06
 4.62963e-06
 4.62963e-06
 4.62963e-06
 4.62963e-06
 4.62963e-06
 4.62963e-06
 4.62963e-06
 4.62963e-06
 4.62963e-06
 4.62963e-06
 4.62963e-06
 4.62963e-06
 4.62963e-06
 4.62963e-06
 4.62963e-06
 4.62963e-06
 4.62963e-06
 2.31481e-06
 4.62963e-06
 4.62963e-06
 4.62963e-06
 4.62963e-06
 4.62963e-06
 4.62963e-06
 4.62963e-06
 4.62963e-06
 4.62963e-06
 4.62963e-06
 4.62963e-06
 4.62963e-06
 4.62963e-06
 4.62963e-06
 4.62963e-06
 4.62963e-06
 4.62963e-06
 2.31481e-06
 4.62963e-06
 4.62963e-06
 4.62963e-06
 4.62963e-06
 4.62963e-06
 4.62963e-06
 4.62963e-06
 4.62963e-06
 4.62963e-06
 4.62963e-06
 4.62963e-06
 4.62963e-06
 4.62963e-06
 4.62963e-06
 4.62963e-06
 4.62963e-06
 4.62963e-06
 2.31481e-06
 4.62963e-06
 4.62963e-06
 4.62963e-06
 4.62963e-06
 4.62963e-06
 4.62963e-06
 4.62963e-06
 4.62963e-06
 4.62963e-06
 4.62963e-06
 4.62963e-06
 4.62963e-06
 4.62963e-06
 4.62963e-06
 4.62963e-06
 4.62963e-06
 4.62963e-06
 2.31481e-06
 4.62963e-06
 4.62963e-06
 4.62963e-06
 4.62963e-06
 4.62963e-06
 4.62963e-06
 4.62963e-06
 4.62963e-06
 4.62963e-06
 4.62963e-06
 4.62963e-06
 4.62963e-06
 4.62963e-06
 4.62963e-06
 4.62963e-06
 4.62963e-06
 4.62963e-06
 2.31481e-06
 4.62963e-06
 4.62963e-06
 4.62963e-06
 4.62963e-06
 4.62963e-06
 4.62963e-06
 4.62963e-06
 4.62963e-06
 4.62963e-06
 4.62963e-06
 4.62963e-06
 4.62963e-06
 4.62963e-06
 4.62963e-06
 4.62963e-06
 4.62963e-06
 4.62963e-06
 2.31481e-06
 4.62963e-06
 4.62963e-06
 4.62963e-06
 4.62963e-06
 4.62963e-06
 4.62963e-06
 4.62963e-06
 4.62963e-06
 4.62963e-06
 4.62963e-06
 4.62963e-06
 4.62963e-06
 4.62963e-06
 4.62963e-06
 4.62963e-06
 4.62963e-06
 4.62963e-06
 2.31481e-06
 4.62963e-06
 4.62963e-06
 4.62963e-06
 4.62963e-06
 4.62963e-06
 4.62963e-06
 4.62963e-06
 4.62963e-06
 4.62963e-06
 4.62963e-06
 4.62963e-06
 4.62963e-06
 4.62963e-06
 4.62963e-06
 4.62963e-06
 4.62963e-06
 4.62963e-06
 1.15741e-06
 2.31481e-06
 2.31481e-06
 2.31481e-06
 2.31481e-06
 2.31481e-06
 2.31481e-06
 2.31481e-06
 2.31481e-06
 2.31481e-06
 2.31481e-06
 2.31481e-06
 2.31481e-06
 2.31481e-06
 2.31481e-06
 2.31481e-06
 2.31481e-06
 2.31481e-06
 1.15741e-06
 2.31481e-06
 2.31481e-06
 2.31481e-06
 2.31481e-06
 2.31481e-06
 2.31481e-06
 2.31481e-06
 2.31481e-06
 2.31481e-06
 2.31481e-06
 2.31481e-06
 2.31481e-06
 2.31481e-06
 2.31481e-06
 2.31481e-06
 2.31481e-06
 2.31481e-06
 1.15741e-06
 2.31481e-06
 2.31481e-06
 2.31481e-06
 2.31481e-06
 2.31481e-06
 2.31481e-06
 2.31481e-06
 2.31481e-06
 2.31481e-06
 2.31481e-06
 2.31481e-06
 2.31481e-06
 2.31481e-06
 2.31481e-06
 2.31481e-06
 2.31481e-06
 2.31481e-06
 1.15741e-06
 2.31481e-06
 2.31481e-06
 2.31481e-06
 2.31481e-06
 2.31481e-06
 2.31481e-06
 2.31481e-06
 2.31481e-06
 2.31481e-06
 2.31481e-06
 2.31481e-06
 2.31481e-06
 2.31481e-06
 2.31481e-06
 2.31481e-06
 2.31481e-06
 2.31481e-06
 1.15741e-06
 2.31481e-06
 2.31481e-06
 2.31481e-06
 2.31481e-06
 2.31481e-06
 2.31481e-06
 2.31481e-06
 2.31481e-06
 2.31481e-06
 2.31481e-06
 2.31481e-06
 2.31481e-06
 2.31481e-06
 2.31481e-06
 2.31481e-06
 2.31481e-06
 2.31481e-06
 1.15741e-06
 2.31481e-06
 2.31481e-06
 2.31481e-06
 2.31481e-06
 2.31481e-06
 2.31481e-06
 2.31481e-06
 2.31481e-06
 2.31481e-06
 2.31481e-06
 2.31481e-06
 2.31481e-06
 2.31481e-06
 2.31481e-06
 2.31481e-06
 2.31481e-06
 2.31481e-06
 1.15741e-06
 2.31481e-06
 2.31481e-06
 2.31481e-06
 2.31481e-06
 2.31481e-06
 2.31481e-06
 2.31481e-06
 2.31481e-06
 2.31481e-06
 2.31481e-06
 2.31481e-06
 2.31481e-06
 2.31481e-06
 2.31481e-06
 2.31481e-06
 2.31481e-06
 2.31481e-06
 1.15741e-06
 2.31481e-06
 2.31481e-06
 2.31481e-06
 2.31481e-06
 2.31481e-06
 2.31481e-06
 2.31481e-06
 2.31481e-06
 2.31481e-06
 2.31481e-06
 2.31481e-06
 2.31481e-06
 2.31481e-06
 2.31481e-06
 2.31481e-06
 2.31481e-06
 2.31481e-06
 1.15741e-06
 2.31481e-06
 2.31481e-06
 2.31481e-06
 2.31481e-06
 2.31481e-06
 2.31481e-06
 2.31481e-06
 2.31481e-06
 2.31481e-06
 2.31481e-06
 2.31481e-06
 2.31481e-06
 2.31481e-06
 2.31481e-06
 2.31481e-06
 2.31481e-06
 2.31481e-06
 1.15741e-06
 2.31481e-06
 2.31481e-06
 2.31481e-06
 2.31481e-06
 2.31481e-06
 2.31481e-06
 2.31481e-06
 2.31481e-06
 2.31481e-06
 2.31481e-06
 2.31481e-06
 2.31481e-06
 2.31481e-06
 2.31481e-06
 2.31481e-06
 2.31481e-06
 2.31481e-06
 1.15741e-06
 2.31481e-06
 2.31481e-06
 2.31481e-06
 2.31481e-06
 2.31481e-06
 2.31481e-06
 2.31481e-06
 2.31481e-06
 2.31481e-06
 2.31481e-06
 2.31481e-06
 2.31481e-06
 2.31481e-06
 2.31481e-06
 2.31481e-06
 2.31481e-06
 2.31481e-06
 1.15741e-06
 2.31481e-06
 2.31481e-06
 2.31481e-06
 2.31481e-06
 2.31481e-06
 2.31481e-06
 2.31481e-06
 2.31481e-06
 2.31481e-06
 2.31481e-06
 2.31481e-06
 2.31481e-06
 2.31481e-06
 2.31481e-06
 2.31481e-06
 2.31481e-06
 2.31481e-06
 1.15741e-06
 2.31481e-06
 2.31481e-06
 2.31481e-06
 2.31481e-06
 2.31481e-06
 2.31481e-06
 2.31481e-06
 2.31481e-06
 2.31481e-06
 2.31481e-06
 2.31481e-06
 2.31481e-06
 2.31481e-06
 2.31481e-06
 2.31481e-06
 2.31481e-06
 2.31481e-06
 1.15741e-06
 2.31481e-06
 2.31481e-06
 2.31481e-06
 2.31481e-06
 2.31481e-06
 2.31481e-06
 2.31481e-06
 2.31481e-06
 2.31481e-06
 2.31481e-06
 2.31481e-06
 2.31481e-06
 2.31481e-06
 2.31481e-06
 2.31481e-06
 2.31481e-06
 2.31481e-06
 1.15741e-06
 2.31481e-06
 2.31481e-06
 2.31481e-06
 2.31481e-06
 2.31481e-06
 2.31481e-06
 2.31481e-06
 2.31481e-06
 2.31481e-06
 2.31481e-06
 2.31481e-06
 2.31481e-06
 2.31481e-06
 2.31481e-06
 2.31481e-06
 2.31481e-06
 2.31481e-06
 1.15741e-06
 2.31481e-06
 2.31481e-06
 2.31481e-06
 2.31481e-06
 2.31481e-06
 2.31481e-06
 2.31481e-06
 2.31481e-06
 2.31481e-06
 2.31481e-06
 2.31481e-06
 2.31481e-06
 2.31481e-06
 2.31481e-06
 2.31481e-06
 2.31481e-06
 2.31481e-06
 1.15741e-06
 2.31481e-06
 2.31481e-06
 2.31481e-06
 2.31481e-06
 2.31481e-06
 2.31481e-06
 2.31481e-06
 2.31481e-06
 2.31481e-06
 2.31481e-06
 2.31481e-06
 2.31481e-06
 2.31481e-06
 2.31481e-06
 2.31481e-06
 2.31481e-06
 2.31481e-06
 1.15741e-06
 2.31481e-06
 2.31481e-06
 2.31481e-06
 2.31481e-06
 2.31481e-06
 2.31481e-06
 2.31481e-06
 2.31481e-06
 2.31481e-06
 2.31481e-06
 2.31481e-06
 2.31481e-06
 2.31481e-06
 2.31481e-06
 2.31481e-06
 2.31481e-06
 2.31481e-06
 5.78704e-07
 1.15741e-06
 1.15741e-06
 1.15741e-06
 1.15741e-06
 1.15741e-06
 1.15741e-06
 1.15741e-06
 1.15741e-06
 1.15741e-06
 1.15741e-06
 1.15741e-06
 1.15741e-06
 1.15741e-06
 1.15741e-06
 1.15741e-06
 1.15741e-06
 1.15741e-06
part
         4
coordinates
 4.49474e-06
 3.92102e-06
 3.34393e-06
 2.87022e-06
 2.56027e-06
 2.40240e-06
 2.34020e-06
 2.32087e-06
 2.31603e-06
 2.31504e-06
 2.31485e-06
 2.31482e-06
 2.31482e-06
 2.31481e-06
 2.31481e-06
 2.31481e-06
 2.31481e-06
 1.15741e-06
 3.92118e-06
 3.37233e-06
 2.91584e-06
 2.60133e-06
 2.42753e-06
 2.35130e-06
 2.32467e-06
 2.31705e-06
 2.31527e-06
 2.31490e-06
 2.31483e-06
 2.31482e-06
 2.31482e-06
 2.31481e-06
 2.31481e-06
 2.31481e-06
 2.31481e-06
 1.15741e-06
 3.34412e-06
 2.91591e-06
 2.61630e-06
 2.44250e-06
 2.36033e-06
 2.32844e-06
 2.31828e-06
 2.31560e-06
 2.31497e-06
 2.31484e-06
 2.31482e-06
 2.31482e-06
 2.31481e-06
 2.31481e-06
 2.31481e-06
 2.31481e-06
 2.31481e-06
 1.15741e-06
 2.87034e-06
 2.60138e-06
 2.44251e-06
 2.36375e-06
 2.33091e-06
 2.31938e-06
 2.31595e-06
 2.31507e-06
 2.31487e-06
 2.31482e-06
 2.31482e-06
 2.31482e-06
 2.31481e-06
 2.31481e-06
 2.31481e-06
 2.31481e-06
 2.31481e-06
 1.15741e-06
 2.56032e-06
 2.42755e-06
 2.36034e-06
 2.33091e-06
 2.31985e-06
 2.31620e-06
 2.31517e-06
 2.31489e-06
 2.31483e-06
 2.31482e-06
 2.31482e-06
 2.31481e-06
 2.31481e-06
 2.31481e-06
 2.31481e-06
 2.31481e-06
 2.31481e-06
 1.15741e-06
 2.40241e-06
 2.35130e-06
 2.32844e-06
 2.31938e-06
 2.31620e-06
 2.31521e-06
 2.31491e-06
 2.31484e-06
 2.31482e-06
 2.31482e-06
 2.31481e-06
 2.31481e-06
 2.31481e-06
 2.31481e-06
 2.31481e-06
 2.31481e-06
 2.31481e-06
 1.15741e-06
 2.34020e-06
 2.32467e-06
 2.31828e-06
 2.31595e-06
 2.31517e-06
 2.31491e-06
 2.31484e-06
 2.31482e-06
 2.31482e-06
 2.31482e-06
 2.31481e-06
 2.31481e-06
 2.31481e-06
 2.31481e-06
 2.31481e-06
 2.31481e-06
 2.31481e-06
 1.15741e-06
 2.32087e-06
 2.31705e-06
 2.31560e-06
 2.31507e-06
 2.31489e-06
 2.31484e-06
 2.31482e-06
 2.31482e-06
 2.31482e-06
 2.31481e-06
 2.31481e-06
 2.31481e-06
 2.31481e-06
 2.31481e-06
 2.31481e-06
 2.31481e-06
 2.31481e-06
 1.15741e-06
 2.31603e-06
 2.31527e-06
 2.31497e-06
 2.31487e-06
 2.31483e-06
 2.31482e-06
 2.31482e-06
 2.31482e-06
 2.31481e-06
 2.31481e-06
 2.31481e-06
 2.31481e-06
 2.31481e-06
 2.31481e-06
 2.31481e-06
 2.31481e-06
 2.31481e-06
 1.15741e-06
 2.31504e-06
 2.31490e-06
 2.31484e-06
 2.31482e-06
 2.31482e-06
 2.31482e-06
 2.31482e-06
 2.31481e-06
 2.31481e-06
 2.31481e-06
 2.31481e-06
 2.31481e-06
 2.31481e-06
 2.31481e-06
 2.31481e-06
 2.31481e-06
 2.31481e-06
 1.15741e-06
 2.31485e-06
 2.31483e-06
 2.31482e-06
 2.31482e-06
 2.31482e-06
 2.31481e-06
 2.31481e-06
 2.31481e-06
 2.31481e-06
 2.31481e-06
 2.31481e-06
 2.31481e-06
 2.31481e-06
 2.31481e-06
 2.31481e-06
 2.31481e-06
 2.31481e-06
 1.15741e-06
 2.31482e-06
 2.31482e-06
 2.31482e-06
 2.31482e-06
 2.31481e-06
 2.31481e-06
 2.31481e-06
 2.31481e-06
 2.31481e-06
 2.31481e-06
 2.31481e-06
 2.31481e-06
 2.31481e-06
 2.31481e-06
 2.31481e-06
 2.31481e-06
 2.31481e-06
 1.15741e-06
 2.31482e-06
 2.31482e-06
 2.31481e-06
 2.31481e-06
 2.31481e-06
 2.31481e-06
 2.31481e-06
 2.31481e-06
 2.31481e-06
 2.31481e-06
 2.31481e-06
 2.31481e-06
 2.31481e-06
 2.31481e-06
 2.31481e-06
 2.31481e-06
 2.31481e-06
 1.15741e-06
 2.31481e-06
 2.31481e-06
 2.31481e-06
 2.31481e-06
 2.31481e-06
 2.31481e-06
 2.31481e-06
 2.31481e-06
 2.31481e-06
 2.31481e-06
 2.31481e-06
 2.31481e-06
 2.31481e-06
 2.31481e-06
 2.31481e-06
 2.31481e-06
 2.31481e-06
 1.15741e-06
 2.31481e-06
 2.31481e-06
 2.31481e-06
 2.31481e-06
 2.31481e-06
 2.31481e-06
 2.31481e-06
 2.31481e-06
 2.31481e-06
 2.31481e-06
 2.31481e-06
 2.31481e-06
 2.31481e-06
 2.31481e-06
 2.31481e-06
 2.31481e-06
 2.31481e-06
 1.15741e-06
 2.31481e-06
 2.31481e-06
 2.31481e-06
 2.31481e-06
 2.31481e-06
 2.31481e-06
 2.31481e-06
 2.31481e-06
 2.31481e-06
 2.31481e-06
 2.31481e-06
 2.31481e-06
 2.31481e-06
 2.31481e-06
 2.31481e-06
 2.31481e-06
 2.31481e-06
 1.15741e-06
 2.31481e-06
 2.31481e-06
 2.31481e-06
 2.31481e-06
 2.31481e-06
 2.31481e-06
 2.31481e-06
 2.31481e-06
 2.31481e-06
 2.31481e-06
 2.31481e-06
 2.31481e-06
 2.31481e-06
 2.31481e-06
 2.31481e-06
 2.31481e-06
 2.31481e-06
 1.15741e-06
 1.15741e-06
 1.15741e-06
 1.15741e-06
 1.15741e-06
 1.15741e-06
 1.15741e-06
 1.15741e-06
 1.15741e-06
 1.15741e-06
 1.15741e-06
 1.15741e-06
 1.15741e-06
 1.15741e-06
 1.15741e-06
 1.15741e-06
 1.15741e-06
 1.15741e-06
 5.78704e-07
 9.12591e-06
 7.86522e-06
 6.67026e-06
 5.72042e-06
 5.10843e-06
 4.79966e-06
 4.67873e-06
 4.64131e-06
 4.63199e-06
 4.63006e-06
 4.62970e-06
 4.62964e-06
 4.62963e-06
 4.62963e-06
 4.62963e-06
 4.62963e-06
 4.62963e-06
 2.31481e-06
 7.86544e-06
 6.73136e-06
 5.81308e-06
 5.18988e-06
 4.84881e-06
 4.70030e-06
 4.64866e-06
 4.63395e-06
 4.63051e-06
 4.62979e-06
 4.62966e-06
 4.62963e-06
 4.62963e-06
 4.62963e-06
 4.62963e-06
 4.62963e-06
 4.62963e-06
 2.31481e-06
 6.67054e-06
 5.81320e-06
 5.21968e-06
 4.87826e-06
 4.71785e-06
 4.65594e-06
 4.63633e-06
 4.63115e-06
 4.62993e-06
 4.62969e-06
 4.62964e-06
 4.62963e-06
 4.62963e-06
 4.62963e-06
 4.62963e-06
 4.62963e-06
 4.62963e-06
 2.31481e-06
 5.72061e-06
 5.18997e-06
 4.87828e-06
 4.72462e-06
 4.66075e-06
 4.63843e-06
 4.63183e-06
 4.63012e-06
 4.62973e-06
 4.62965e-06
 4.62963e-06
 4.62963e-06
 4.62963e-06
 4.62963e-06
 4.62963e-06
 4.62963e-06
 4.62963e-06
 2.31481e-06
 5.10850e-06
 4.84884e-06
 4.71785e-06
 4.66075e-06
 4.63934e-06
 4.63230e-06
 4.63031e-06
 4.62978e-06
 4.62966e-06
 4.62964e-06
 4.62963e-06
 4.62963e-06
 4.62963e-06
 4.62963e-06
 4.62963e-06
 4.62963e-06
 4.62963e-06
 2.31481e-06
 4.79967e-06
 4.70030e-06
 4.65595e-06
 4.63843e-06
 4.63230e-06
 4.63039e-06
 4.62982e-06
 4.62967e-06
 4.62964e-06
 4.62963e-06
 4.62963e-06
 4.62963e-06
 4.62963e-06
 4.62963e-06
 4.62963e-06
 4.62963e-06
 4.62963e-06
 2.31481e-06
 4.67873e-06
 4.64866e-06
 4.63633e-06
 4.63183e-06
 4.63031e-06
 4.62982e-06
 4.62968e-06
 4.62964e-06
 4.62963e-06
 4.62963e-06
 4.62963e-06
 4.62963e-06
 4.62963e-06
 4.62963e-06
 4.62963e-06
 4.62963e-06
 4.62963e-06
 2.31481e-06
 4.64131e-06
 4.63395e-06
 4.63115e-06
 4.63012e-06
 4.62978e-06
 4.62967e-06
 4.62964e-06
 4.62963e-06
 4.62963e-06
 4.62963e-06
 4.62963e-06
 4.62963e-06
 4.62963e-06
 4.62963e-06
 4.62963e-06
 4.62963e-06
 4.62963e-06
 2.31481e-06
 4.63199e-06
 4.63051e-06
 4.62993e-06
 4.62973e-06
 4.62966e-06
 4.62964e-06
 4.62963e-06
 4.62963e-06
 4.62963e-06
 4.62963e-06
 4.62963e-06
 4.62963e-06
 4.62963e-06
 4.62963e-06
 4.62963e-06
 4.62963e-06
 4.62963e-06
 2.31481e-06
 4.63006e-06
 4.62979e-06
 4.62969e-06
 4.62965e-06
 4.62964e-06
 4.62963e-06
 4.62963e-06
 4.62963e-06
 4.62963e-06
 4.62963e-06
 4.62963e-06
 4.62963e-06
 4.62963e-06
 4.62963e-06
 4.62963e-06
 4.62963e-06
 4.62963e-06
 2.31481e-06
 4.62970e-06
 4.62966e-06
 4.62964e-06
 4.62963e-06
 4.62963e-06
 4.62963e-06
 4.62963e-06
 4.62963e-06
 4.62963e-06
 4.62963e-06
 4.62963e-06
 4.62963e-06
 4.62963e-06
 4.62963e-06
 4.62963e-06
 4.62963e-06
 4.62963e-06
 2.31481e-06
 4.62964e-06
 4.62963e-06
 4.62963e-06
 4.62963e-06
 4.62963e-06
 4.62963e-06
 4.62963e-06
 4.62963e-06
 4.62963e-06
 4.62963e-06
 4.62963e-06
 4.62963e-06
 4.62963e-06
 4.62963e-06
 4.62963e-06
 4.62963e-06
 4.62963e-06
 2.31481e-06
 4.62963e-06
 4.62963e-06
 4.62963e-06
 4.62963e-06
 4.62963e-06
 4.62963e-06
 4.62963e-06
 4.62963e-06
 4.62963e-06
 4.62963e-06
 4.62963e-06
 4.62963e-06
 4.62963e-06
 4.62963e-06
 4.62963e-06
 4.62963e-06
 4.62963e-06
 2.31481e-06
 4.62963e-06
 4.62963e-06
 4.62963e-06
 4.62963e-06
 4.62963e-06
 4.62963e-06
 4.62963e-06
 4.62963e-06
 4.62963e-06
 4.62963e-06
 4.62963e-06
 4.62963e-06
 4.62963e-06
 4.62963e-06
 4.62963e-06
 4.62963e-06
 4.62963e-06
 2.31481e-06
 4.62963e-06
 4.62963e-06
 4.62963e-06
 4.62963e-06
 4.62963e-06
 4.62963e-06
 4.62963e-06
 4.62963e-06
 4.62963e-06
 4.62963e-06
 4.62963e-06
 4.62963e-06
 4.62963e-06
 4.62963e-06
 4.62963e-06
 4.62963e-06
 4.62963e-06
 2.31481e-06
 4.62963e-06
 4.62963e-06
 4.62963e-06
 4.62963e-06
 4.62963e-06
 4.62963e-06
 4.62963e-06
 4.62963e-06
 4.62963e-06
 4.62963e-06
 4.62963e-06
 4.62963e-06
 4.62963e-06
 4.62963e-06
 4.62963e-06
 4.62963e-06
 4.62963e-06
 2.31481e-06
 4.62963e-06
 4.62963e-06
 4.62963e-06
 4.62963e-06
 4.62963e-06
 4.62963e-06
 4.62963e-06
 4.62963e-06
 4.62963e-06
 4.62963e-06
 4.62963e-06
 4.62963e-06
 4.62963e-06
 4.62963e-06
 4.62963e-06
 4.62963e-06
 4.62963e-06
 2.31481e-06
 2.31481e-06
 2.31481e-06
 2.31481e-06
 2.31481e-06
 2.31481e-06
 2.31481e-06
 2.31481e-06
 2.31481e-06
 2.31481e-06
 2.31481e-06
 2.31481e-06
 2.31481e-06
 2.31481e-06
 2.31481e-06
 2.31481e-06
 2.31481e-06
 2.31481e-06
 1.15741e-06
 9.08405e-06
 7.77753e-06
 6.57704e-06
 5.65051e-06
 5.07012e-06
 4.78418e-06
 4.67396e-06
 4.64012e-06
 4.63175e-06
 4.63002e-06
 4.62969e-06
 4.62964e-06
 4.62963e-06
 4.62963e-06
 4.62963e-06
 4.62963e-06
 4.62963e-06
 2.31481e-06
 7.77764e-06
 6.64381e-06
 5.74371e-06
 5.14803e-06
 4.82989e-06
 4.69368e-06
 4.64677e-06
 4.63352e-06
 4.63043e-06
 4.62978e-06
 4.62965e-06
 4.62963e-06
 4.62963e-06
 4.62963e-06
 4.62963e-06
 4.62963e-06
 4.62963e-06
 2.31481e-06
 6.57721e-06
 5.74379e-06
 5.17674e-06
 4.85724e-06
 4.70971e-06
 4.65337e-06
 4.63565e-06
 4.63100e-06
 4.62991e-06
 4.62968e-06
 4.62964e-06
 4.62963e-06
 4.62963e-06
 4.62963e-06
 4.62963e-06
 4.62963e-06
 4.62963e-06
 2.31481e-06
 5.65062e-06
 5.14808e-06
 4.85725e-06
 4.71583e-06
 4.65770e-06
 4.63753e-06
 4.63161e-06
 4.63008e-06
 4.62972e-06
 4.62965e-06
 4.62963e-06
 4.62963e-06
 4.62963e-06
 4.62963e-06
 4.62963e-06
 4.62963e-06
 4.62963e-06
 2.31481e-06
 5.07015e-06
 4.82990e-06
 4.70971e-06
 4.65770e-06
 4.63833e-06
 4.63203e-06
 4.63024e-06
 4.62977e-06
 4.62966e-06
 4.62964e-06
 4.62963e-06
 4.62963e-06
 4.62963e-06
 4.62963e-06
 4.62963e-06
 4.62963e-06
 4.62963e-06
 2.31481e-06
 4.78418e-06
 4.69368e-06
 4.65337e-06
 4.63753e-06
 4.63203e-06
 4.63031e-06
 4.62980e-06
 4.62967e-06
 4.62964e-06
 4.62963e-06
 4.62963e-06
 4.62963e-06
 4.62963e-06
 4.62963e-06
 4.62963e-06
 4.62963e-06
 4.62963e-06
 2.31481e-06
 4.67395e-06
 4.64677e-06
 4.63565e-06
 4.63161e-06
 4.63024e-06
 4.62980e-06
 4.62968e-06
 4.62964e-06
 4.62963e-06
 4.62963e-06
 4.62963e-06
 4.62963e-06
 4.62963e-06
 4.62963e-06
 4.62963e-06
 4.62963e-06
 4.62963e-06
 2.31481e-06
 4.64012e-06
 4.63352e-06
 4.63100e-06
 4.63008e-06
 4.62977e-06
 4.62967e-06
 4.62964e-06
 4.62963e-06
 4.62963e-06
 4.62963e-06
 4.62963e-06
 4.62963e-06
 4.62963e-06
 4.62963e-06
 4.62963e-06
 4.62963e-06
 4.62963e-06
 2.31481e-06
 4.63175e-06
 4.63043e-06
 4.62991e-06
 4.62972e-06
 4.62966e-06
 4.62964e-06
 4.62963e-06
 4.62963e-06
 4.62963e-06
 4.62963e-06
 4.62963e-06
 4.62963e-06
 4.62963e-06
 4.62963e-06
 4.62963e-06
 4.62963e-06
 4.62963e-06
 2.31481e-06
 4.63002e-06
 4.62978e-06
 4.62968e-06
 4.62965e-06
 4.62964e-06
 4.62963e-06
 4.62963e-06
 4.62963e-06
 4.62963e-06
 4.62963e-06
 4.62963e-06
 4.62963e-06
 4.62963e-06
 4.62963e-06
 4.62963e-06
 4.62963e-06
 4.62963e-06
 2.31481e-06
 4.62969e-06
 4.62965e-06
 4.62964e-06
 4.62963e-06
 4.62963e-06
 4.62963e-06
 4.62963e-06
 4.62963e-06
 4.62963e-06
 4.62963e-06
 4.62963e-06
 4.62963e-06
 4.62963e-06
 4.62963e-06
 4.62963e-06
 4.62963e-06
 4.62963e-06
 2.31481e-06
 4.62964e-06
 4.62963e-06
 4.62963e-06
 4.62963e-06
 4.62963e-06
 4.62963e-06
 4.62963e-06
 4.62963e-06
 4.62963e-06
 4.62963e-06
 4.62963e-06
 4.62963e-06
 4.62963e-06
 4.62963e-06
 4.62963e-06
 4.62963e-06
 4.62963e-06
 2.31481e-06
 4.62963e-06
 4.62963e-06
 4.62963e-06
 4.62963e-06
 4.62963e-06
 4.62963e-06
 4.62963e-06
 4.62963e-06
 4.62963e-06
 4.62963e-06
 4.62963e-06
 4.62963e-06
 4.62963e-06
 4.62963e-06
 4.62963e-06
 4.62963e-06
 4.62963e-06
 2.31481e-06
 4.62963e-06
 4.62963e-06
 4.62963e-06
 4.62963e-06
 4.62963e-06
 4.62963e-06
 4.62963e-06
 4.62963e-06
 4.62963e-06
 4.62963e-06
 4.62963e-06
 4.62963e-06
 4.62963e-06
 4.62963e-06
 4.62963e-06
 4.62963e-06
 4.62963e-06
 2.31481e-06
 4.62963e-06
 4.62963e-06
 4.62963e-06
 4.62963e-06
 4.62963e-06
 4.62963e-06
 4.62963e-06
 4.62963e-06
 4.62963e-06
 4.62963e-06
 4.62963e-06
 4.62963e-06
 4.62963e-06
 4.62963e-06
 4.62963e-06
 4.62963e-06
 4.62963e-06
 2.31481e-06
 4.62963e-06
 4.62963e-06
 4.62963e-06
 4.62963e-06
 4.62963e-06
 4.62963e-06
 4.62963e-06
 4.62963e-06
 4.62963e-06
 4.62963e-06
 4.62963e-06
 4.62963e-06
 4.62963e-06
 4.62963e-06
 4.62963e-06
 4.62963e-06
 4.62963e-06
 2.31481e-06
 4.62963e-06
 4.62963e-06
 4.62963e-06
 4.62963e-06
 4.62963e-06
 4.62963e-06
 4.62963e-06
 4.62963e-06
 4.62963e-06
 4.62963e-06
 4.62963e-06
 4.62963e-06
 4.62963e-06
 4.62963e-06
 4.62963e-06
 4.62963e-06
 4.62963e-06
 2.31481e-06
 2.31481e-06
 2.31481e-06
 2.31481e-06
 2.31481e-06
 2.31481e-06
 2.31481e-06
 2.31481e-06
 2.31481e-06
 2.31481e-06
 2.31481e-06
 2.31481e-06
 2.31481e-06
 2.31481e-06
 2.31481e-06
 2.31481e-06
 2.31481e-06
 2.31481e-06
 1.15741e-06
 8.81380e-06
 7.55456e-06
 6.40202e-06
 5.53435e-06
 5.01052e-06
 4.76103e-06
 4.66692e-06
 4.63841e-06
 4.63142e-06
 4.62996e-06
 4.62968e-06
 4.62964e-06
 4.62963e-06
 4.62963e-06
 4.62963e-06
 4.62963e-06
 4.62963e-06
 2.31481e-06
 7.55480e-06
 6.47163e-06
 5.62435e-06
 5.08140e-06
 4.80100e-06
 4.68387e-06
 4.64402e-06
 4.63290e-06
 4.63030e-06
 4.62975e-06
 4.62965e-06
 4.62963e-06
 4.62963e-06
 4.62963e-06
 4.62963e-06
 4.62963e-06
 4.62963e-06
 2.31481e-06
 6.40227e-06
 5.62442e-06
 5.10762e-06
 4.82494e-06
 4.69746e-06
 4.64961e-06
 4.63468e-06
 4.63078e-06
 4.62987e-06
 4.62967e-06
 4.62964e-06
 4.62963e-06
 4.62963e-06
 4.62963e-06
 4.62963e-06
 4.62963e-06
 4.62963e-06
 2.31481e-06
 5.53447e-06
 5.08143e-06
 4.82495e-06
 4.70266e-06
 4.65320e-06
 4.63624e-06
 4.63130e-06
 4.63001e-06
 4.62971e-06
 4.62964e-06
 4.62963e-06
 4.62963e-06
 4.62963e-06
 4.62963e-06
 4.62963e-06
 4.62963e-06
 4.62963e-06
 2.31481e-06
 5.01055e-06
 4.80100e-06
 4.69746e-06
 4.65320e-06
 4.63688e-06
 4.63164e-06
 4.63014e-06
 4.62975e-06
 4.62965e-06
 4.62963e-06
 4.62963e-06
 4.62963e-06
 4.62963e-06
 4.62963e-06
 4.62963e-06
 4.62963e-06
 4.62963e-06
 2.31481e-06
 4.76102e-06
 4.68387e-06
 4.64961e-06
 4.63624e-06
 4.63164e-06
 4.63020e-06
 4.62977e-06
 4.62966e-06
 4.62964e-06
 4.62963e-06
 4.62963e-06
 4.62963e-06
 4.62963e-06
 4.62963e-06
 4.62963e-06
 4.62963e-06
 4.62963e-06
 2.31481e-06
 4.66691e-06
 4.64402e-06
 4.63468e-06
 4.63130e-06
 4.63014e-06
 4.62977e-06
 4.62967e-06
 4.62964e-06
 4.62963e-06
 4.62963e-06
 4.62963e-06
 4.62963e-06
 4.62963e-06
 4.62963e-06
 4.62963e-06
 4.62963e-06
 4.62963e-06
 2.31481e-06
 4.63840e-06
 4.63290e-06
 4.63078e-06
 4.63001e-06
 4.62975e-06
 4.62966e-06
 4.62964e-06
 4.62963e-06
 4.62963e-06
 4.62963e-06
 4.62963e-06
 4.62963e-06
 4.62963e-06
 4.62963e-06
 4.62963e-06
 4.62963e-06
 4.62963e-06
 2.31481e-06
 4.63142e-06
 4.63030e-06
 4.62987e-06
 4.62971e-06
 4.62965e-06
 4.62964e-06
 4.62963e-06
 4.62963e-06
 4.62963e-06
 4.62963e-06
 4.62963e-06
 4.62963e-06
 4.62963e-06
 4.62963e-06
 4.62963e-06
 4.62963e-06
 4.62963e-06
 2.31481e-06
 4.62996e-06
 4.62975e-06
 4.62967e-06
 4.62964e-06
 4.62963e-06
 4.62963e-06
 4.62963e-06
 4.62963e-06
 4.62963e-06
 4.62963e-06
 4.62963e-06
 4.62963e-06
 4.62963e-06
 4.62963e-06
 4.62963e-06
 4.62963e-06
 4.62963e-06
 2.31481e-06
 4.62968e-06
 4.62965e-06
 4.62964e-06
 4.62963e-06
 4.62963e-06
 4.62963e-06
 4.62963e-06
 4.62963e-06
 4.62963e-06
 4.62963e-06
 4.62963e-06
 4.62963e-06
 4.62963e-06
 4.62963e-06
 4.62963e-06
 4.62963e-06
 4.62963e-06
 2.31481e-06
 4.62964e-06
 4.62963e-06
 4.62963e-06
 4.62963e-06
 4.62963e-06
 4.62963e-06
 4.62963e-06
 4.62963e-06
 4.62963e-06
 4.62963e-06
 4.62963e-06
 4.62963e-06
 4.62963e-06
 4.62963e-06
 4.62963e-06
 4.62963e-06
 4.62963e-06
 2.31481e-06
 4.62963e-06
 4.62963e-06
 4.62963e-06
 4.62963e-06
 4.62963e-06
 4.62963e-06
 4.62963e-06
 4.62963e-06
 4.62963e-06
 4.62963e-06
 4.62963e-06
 4.62963e-06
 4.62963e-06
 4.62963e-06
 4.62963e-06
 4.62963e-06
 4.62963e-06
 2.31481e-06
 4.62963e-06
 4.62963e-06
 4.62963e-06
 4.62963e-06
 4.62963e-06
 4.62963e-06
 4.62963e-06
 4.62963e-06
 4.62963e-06
 4.62963e-06
 4.62963e-06
 4.62963e-06
 4.62963e-06
 4.62963e-06
 4.62963e-06
 4.62963e-06
 4.62963e-06
 2.31481e-06
 4.62963e-06
 4.62963e-06
 4.62963e-06
 4.62963e-06
 4.62963e-06
 4.62963e-06
 4.62963e-06
 4.62963e-06
 4.62963e-06
 4.62963e-06
 4.62963e-06
 4.62963e-06
 4.62963e-06
 4.62963e-06
 4.62963e-06
 4.62963e-06
 4.62963e-06
 2.31481e-06
 4.62963e-06
 4.62963e-06
 4.62963e-06
 4.62963e-06
 4.62963e-06
 4.62963e-06
 4.62963e-06
 4.62963e-06
 4.62963e-06
 4.62963e-06
 4.62963e-06
 4.62963e-06
 4.62963e-06
 4.62963e-06
 4.62963e-06
 4.62963e-06
 4.62963e-06
 2.31481e-06
 4.62963e-06
 4.62963e-06
 4.62963e-06
 4.62963e-06
 4.62963e-06
 4.62963e-06
 4.62963e-06
 4.62963e-06
 4.62963e-06
 4.62963e-06
 4.62963e-06
 4.62963e-06
 4.62963e-06
 4.62963e-06
 4.62963e-06
 4.62963e-06
 4.62963e-06
 2.31481e-06
 2.31481e-06
 2.31481e-06
 2.31481e-06
 2.31481e-06
 2.31481e-06
 2.31481e-06
 2.31481e-06
 2.31481e-06
 2.31481e-06
 2.31481e-06
 2.31481e-06
 2.31481e-06
 2.31481e-06
 2.31481e-06
 2.31481e-06
 2.31481e-06
 2.31481e-06
 1.15741e-06
 8.55335e-06
 7.27105e-06
 6.17212e-06
 5.38957e-06
 4.93989e-06
 4.73428e-06
 4.65885e-06
 4.63646e-06
 4.63103e-06
 4.62989e-06
 4.62967e-06
 4.62964e-06
 4.62963e-06
 4.62963e-06
 4.62963e-06
 4.62963e-06
 4.62963e-06
 2.31481e-06
 7.27138e-06
 6.24058e-06
 5.47195e-06
 5.00094e-06
 4.76710e-06
 4.67242e-06
 4.64088e-06
 4.63219e-06
 4.63016e-06
 4.62973e-06
 4.62965e-06
 4.62963e-06
 4.62963e-06
 4.62963e-06
 4.62963e-06
 4.62963e-06
 4.62963e-06
 2.31481e-06
 6.17239e-06
 5.47200e-06
 5.02398e-06
 4.78714e-06
 4.68327e-06
 4.64527e-06
 4.63358e-06
 4.63054e-06
 4.62982e-06
 4.62966e-06
 4.62964e-06
 4.62963e-06
 4.62963e-06
 4.62963e-06
 4.62963e-06
 4.62963e-06
 4.62963e-06
 2.31481e-06
 5.38968e-06
 5.00097e-06
 4.78714e-06
 4.68752e-06
 4.64809e-06
 4.63478e-06
 4.63094e-06
 4.62993e-06
 4.62969e-06
 4.62964e-06
 4.62963e-06
 4.62963e-06
 4.62963e-06
 4.62963e-06
 4.62963e-06
 4.62963e-06
 4.62963e-06
 2.31481e-06
 4.93992e-06
 4.76710e-06
 4.68327e-06
 4.64809e-06
 4.63526e-06
 4.63121e-06
 4.63003e-06
 4.62972e-06
 4.62965e-06
 4.62963e-06
 4.62963e-06
 4.62963e-06
 4.62963e-06
 4.62963e-06
 4.62963e-06
 4.62963e-06
 4.62963e-06
 2.31481e-06
 4.73427e-06
 4.67241e-06
 4.64527e-06
 4.63478e-06
 4.63121e-06
 4.63007e-06
 4.62974e-06
 4.62966e-06
 4.62964e-06
 4.62963e-06
 4.62963e-06
 4.62963e-06
 4.62963e-06
 4.62963e-06
 4.62963e-06
 4.62963e-06
 4.62963e-06
 2.31481e-06
 4.65885e-06
 4.64087e-06
 4.63358e-06
 4.63094e-06
 4.63003e-06
 4.62974e-06
 4.62966e-06
 4.62964e-06
 4.62963e-06
 4.62963e-06
 4.62963e-06
 4.62963e-06
 4.62963e-06
 4.62963e-06
 4.62963e-06
 4.62963e-06
 4.62963e-06
 2.31481e-06
 4.63646e-06
 4.63219e-06
 4.63054e-06
 4.62993e-06
 4.62972e-06
 4.62966e-06
 4.62964e-06
 4.62963e-06
 4.62963e-06
 4.62963e-06
 4.62963e-06
 4.62963e-06
 4.62963e-06
 4.62963e-06
 4.62963e-06
 4.62963e-06
 4.62963e-06
 2.31481e-06
 4.63103e-06
 4.63016e-06
 4.62982e-06
 4.62969e-06
 4.62965e-06
 4.62964e-06
 4.62963e-06
 4.62963e-06
 4.62963e-06
 4.62963e-06
 4.62963e-06
 4.62963e-06
 4.62963e-06
 4.62963e-06
 4.62963e-06
 4.62963e-06
 4.62963e-06
 2.31481e-06
 4.62989e-06
 4.62973e-06
 4.62966e-06
 4.62964e-06
 4.62963e-06
 4.62963e-06
 4.62963e-06
 4.62963e-06
 4.62963e-06
 4.62963e-06
 4.62963e-06
 4.62963e-06
 4.62963e-06
 4.62963e-06
 4.62963e-06
 4.62963e-06
 4.62963e-06
 2.31481e-06
 4.62967e-06
 4.62965e-06
 4.62964e-06
 4.62963e-06
 4.62963e-06
 4.62963e-06
 4.62963e-06
 4.62963e-06
 4.62963e-06
 4.62963e-06
 4.62963e-06
 4.62963e-06
 4.62963e-06
 4.62963e-06
 4.62963e-06
 4.62963e-06
 4.62963e-06
 2.31481e-06
 4.62964e-06
 4.62963e-06
 4.62963e-06
 4.62963e-06
 4.62963e-06
 4.62963e-06
 4.62963e-06
 4.62963e-06
 4.62963e-06
 4.62963e-06
 4.62963e-06
 4.62963e-06
 4.62963e-06
 4.62963e-06
 4.62963e-06
 4.62963e-06
 4.62963e-06
 2.31481e-06
 4.62963e-06
 4.62963e-06
 4.62963e-06
 4.62963e-06
 4.62963e-06
 4.62963e-06
 4.62963e-06
 4.62963e-06
 4.62963e-06
 4.62963e-06
 4.62963e-06
 4.62963e-06
 4.62963e-06
 4.62963e-06
 4.62963e-06
 4.62963e-06
 4.62963e-06
 2.31481e-06
 4.62963e-06
 4.62963e-06
 4.62963e-06
 4.62963e-06
 4.62963e-06
 4.62963e-06
 4.62963e-06
 4.62963e-06
 4.62963e-06
 4.62963e-06
 4.62963e-06
 4.62963e-06
 4.62963e-06
 4.62963e-06
 4.62963e-06
 4.62963e-06
 4.62963e-06
 2.31481e-06
 4.62963e-06
 4.62963e-06
 4.62963e-06
 4.62963e-06
 4.62963e-06
 4.62963e-06
 4.62963e-06
 4.62963e-06
 4.62963e-06
 4.62963e-06
 4.62963e-06
 4.62963e-06
 4.62963e-06
 4.62963e-06
 4.62963e-06
 4.62963e-06
 4.62963e-06
 2.31481e-06
 4.62963e-06
 4.62963e-06
 4.62963e-06
 4.62963e-06
 4.62963e-06
 4.62963e-06
 4.62963e-06
 4.62963e-06
 4.62963e-06
 4.62963e-06
 4.62963e-06
 4.62963e-06
 4.62963e-06
 4.62963e-06
 4.62963e-06
 4.62963e-06
 4.62963e-06
 2.31481e-06
 4.62963e-06
 4.62963e-06
 4.62963e-06
 4.62963e-06
 4.62963e-06
 4.62963e-06
 4.62963e-06
 4.62963e-06
 4.62963e-06
 4.62963e-06
 4.62963e-06
 4.62963e-06
 4.62963e-06
 4.62963e-06
 4.62963e-06
 4.62963e-06
 4.62963e-06
 2.31481e-06
 2.31481e-06
 2.31481e-06
 2.31481e-06
 2.31481e-06
 2.31481e-06
 2.31481e-06
 2.31481e-06
 2.31481e-06
 2.31481e-06
 2.31481e-06
 2.31481e-06
 2.31481e-06
 2.31481e-06
 2.31481e-06
 2.31481e-06
 2.31481e-06
 2.31481e-06
 1.15741e-06
 8.08096e-06
 6.87218e-06
 5.89012e-06
 5.22751e-06
 4.86589e-06
 4.70730e-06
 4.65093e-06
 4.63459e-06
 4.63066e-06
 4.62982e-06
 4.62966e-06
 4.62963e-06
 4.62963e-06
 4.62963e-06
 4.62963e-06
 4.62963e-06
 4.62963e-06
 2.31481e-06
 6.87238e-06
 5.95092e-06
 5.29660e-06
 4.91459e-06
 4.73254e-06
 4.66101e-06
 4.63781e-06
 4.63151e-06
 4.63002e-06
 4.62970e-06
 4.62964e-06
 4.62963e-06
 4.62963e-06
 4.62963e-06
 4.62963e-06
 4.62963e-06
 4.62963e-06
 2.31481e-06
 5.89026e-06
 5.29662e-06
 4.93293e-06
 4.74787e-06
 4.66911e-06
 4.64103e-06
 4.63252e-06
 4.63030e-06
 4.62977e-06
 4.62966e-06
 4.62963e-06
 4.62963e-06
 4.62963e-06
 4.62963e-06
 4.62963e-06
 4.62963e-06
 4.62963e-06
 2.31481e-06
 5.22755e-06
 4.91460e-06
 4.74787e-06
 4.67225e-06
 4.64307e-06
 4.63338e-06
 4.63059e-06
 4.62985e-06
 4.62968e-06
 4.62964e-06
 4.62963e-06
 4.62963e-06
 4.62963e-06
 4.62963e-06
 4.62963e-06
 4.62963e-06
 4.62963e-06
 2.31481e-06
 4.86589e-06
 4.73253e-06
 4.66911e-06
 4.64307e-06
 4.63371e-06
 4.63078e-06
 4.62992e-06
 4.62970e-06
 4.62964e-06
 4.62963e-06
 4.62963e-06
 4.62963e-06
 4.62963e-06
 4.62963e-06
 4.62963e-06
 4.62963e-06
 4.62963e-06
 2.31481e-06
 4.70729e-06
 4.66101e-06
 4.64102e-06
 4.63338e-06
 4.63078e-06
 4.62995e-06
 4.62971e-06
 4.62965e-06
 4.62963e-06
 4.62963e-06
 4.62963e-06
 4.62963e-06
 4.62963e-06
 4.62963e-06
 4.62963e-06
 4.62963e-06
 4.62963e-06
 2.31481e-06
 4.65092e-06
 4.63781e-06
 4.63252e-06
 4.63059e-06
 4.62992e-06
 4.62971e-06
 4.62965e-06
 4.62964e-06
 4.62963e-06
 4.62963e-06
 4.62963e-06
 4.62963e-06
 4.62963e-06
 4.62963e-06
 4.62963e-06
 4.62963e-06
 4.62963e-06
 2.31481e-06
 4.63459e-06
 4.63151e-06
 4.63030e-06
 4.62985e-06
 4.62970e-06
 4.62965e-06
 4.62964e-06
 4.62963e-06
 4.62963e-06
 4.62963e-06
 4.62963e-06
 4.62963e-06
 4.62963e-06
 4.62963e-06
 4.62963e-06
 4.62963e-06
 4.62963e-06
 2.31481e-06
 4.63066e-06
 4.63002e-06
 4.62977e-06
 4.62968e-06
 4.62964e-06
 4.62963e-06
 4.62963e-06
 4.62963e-06
 4.62963e-06
 4.62963e-06
 4.62963e-06
 4.62963e-06
 4.62963e-06
 4.62963e-06
 4.62963e-06
 4.62963e-06
 4.62963e-06
 2.31481e-06
 4.62982e-06
 4.62970e-06
 4.62966e-06
 4.62964e-06
 4.62963e-06
 4.62963e-06
 4.62963e-06
 4.62963e-06
 4.62963e-06
 4.62963e-06
 4.62963e-06
 4.62963e-06
 4.62963e-06
 4.62963e-06
 4.62963e-06
 4.62963e-06
 4.62963e-06
 2.31481e-06
 4.62966e-06
 4.62964e-06
 4.62963e-06
 4.62963e-06
 4.62963e-06
 4.62963e-06
 4.62963e-06
 4.62963e-06
 4.62963e-06
 4.62963e-06
 4.62963e-06
 4.62963e-06
 4.62963e-06
 4.62963e-06
 4.62963e-06
 4.62963e-06
 4.62963e-06
 2.31481e-06
 4.62963e-06
 4.62963e-06
 4.62963e-06
 4.62963e-06
 4.62963e-06
 4.62963e-06
 4.62963e-06
 4.62963e-06
 4.62963e-06
 4.62963e-06
 4.62963e-06
 4.62963e-06
 4.62963e-06
 4.62963e-06
 4.62963e-06
 4.62963e-06
 4.62963e-06
 2.31481e-06
 4.62963e-06
 4.62963e-06
 4.62963e-06
 4.62963e-06
 4.62963e-06
 4.62963e-06
 4.62963e-06
 4.62963e-06
 4.62963e-06
 4.62963e-06
 4.62963e-06
 4.62963e-06
 4.62963e-06
 4.62963e-06
 4.62963e-06
 4.62963e-06
 4.62963e-06
 2.31481e-06
 4.62963e-06
 4.62963e-06
 4.62963e-06
 4.62963e-06
 4.62963e-06
 4.62963e-06
 4.62963e-06
 4.62963e-06
 4.62963e-06
 4.62963e-06
 4.62963e-06
 4.62963e-06
 4.62963e-06
 4.62963e-06
 4.62963e-06
 4.62963e-06
 4.62963e-06
 2.31481e-06
 4.62963e-06
 4.62963e-06
 4.62963e-06
 4.62963e-06
 4.62963e-06
 4.62963e-06
 4.62963e-06
 4.62963e-06
 4.62963e-06
 4.62963e-06
 4.62963e-06
 4.62963e-06
 4.62963e-06
 4.62963e-06
 4.62963e-06
 4.62963e-06
 4.62963e-06
 2.31481e-06
 4.62963e-06
 4.62963e-06
 4.62963e-06
 4.62963e-06
 4.62963e-06
 4.62963e-06
 4.62963e-06
 4.62963e-06
 4.62963e-06
 4.62963e-06
 4.62963e-06
 4.62963e-06
 4.62963e-06
 4.62963e-06
 4.62963e-06
 4.62963e-06
 4.62963e-06
 2.31481e-06
 4.62963e-06
 4.62963e-06
 4.62963e-06
 4.62963e-06
 4.62963e-06
 4.62963e-06
 4.62963e-06
 4.62963e-06
 4.62963e-06
 4.62963e-06
 4.62963e-06
 4.62963e-06
 4.62963e-06
 4.62963e-06
 4.62963e-06
 4.62963e-06
 4.62963e-06
 2.31481e-06
 2.31481e-06
 2.31481e-06
 2.31481e-06
 2.31481e-06
 2.31481e-06
 2.31481e-06
 2.31481e-06
 2.31481e-06
 2.31481e-06
 2.31481e-06
 2.31481e-06
 2.31481e-06
 2.31481e-06
 2.31481e-06
 2.31481e-06
 2.31481e-06
 2.31481e-06
 1.15741e-06
 7.50008e-06
 6.42711e-06
 5.59772e-06
 5.06998e-06
 4.79772e-06
 4.68339e-06
 4.64411e-06
 4.63301e-06
 4.63033e-06
 4.62976e-06
 4.62965e-06
 4.62963e-06
 4.62963e-06
 4.62963e-06
 4.62963e-06
 4.62963e-06
 4.62963e-06
 2.31481e-06
 6.42722e-06
 5.64674e-06
 5.12330e-06
 4.83373e-06
 4.70142e-06
 4.65108e-06
 4.63520e-06
 4.63092e-06
 4.62990e-06
 4.62968e-06
 4.62964e-06
 4.62963e-06
 4.62963e-06
 4.62963e-06
 4.62963e-06
 4.62963e-06
 4.62963e-06
 2.31481e-06
 5.59778e-06
 5.12330e-06
 4.84732e-06
 4.71234e-06
 4.65669e-06
 4.63737e-06
 4.63161e-06
 4.63009e-06
 4.62973e-06
 4.62965e-06
 4.62963e-06
 4.62963e-06
 4.62963e-06
 4.62963e-06
 4.62963e-06
 4.62963e-06
 4.62963e-06
 2.31481e-06
 5.07000e-06
 4.83372e-06
 4.71234e-06
 4.65885e-06
 4.63875e-06
 4.63219e-06
 4.63029e-06
 4.62978e-06
 4.62966e-06
 4.62964e-06
 4.62963e-06
 4.62963e-06
 4.62963e-06
 4.62963e-06
 4.62963e-06
 4.62963e-06
 4.62963e-06
 2.31481e-06
 4.79772e-06
 4.70142e-06
 4.65669e-06
 4.63875e-06
 4.63241e-06
 4.63042e-06
 4.62983e-06
 4.62968e-06
 4.62964e-06
 4.62963e-06
 4.62963e-06
 4.62963e-06
 4.62963e-06
 4.62963e-06
 4.62963e-06
 4.62963e-06
 4.62963e-06
 2.31481e-06
 4.68339e-06
 4.65108e-06
 4.63737e-06
 4.63219e-06
 4.63042e-06
 4.62985e-06
 4.62969e-06
 4.62964e-06
 4.62963e-06
 4.62963e-06
 4.62963e-06
 4.62963e-06
 4.62963e-06
 4.62963e-06
 4.62963e-06
 4.62963e-06
 4.62963e-06
 2.31481e-06
 4.64411e-06
 4.63520e-06
 4.63161e-06
 4.63029e-06
 4.62983e-06
 4.62969e-06
 4.62964e-06
 4.62963e-06
 4.62963e-06
 4.62963e-06
 4.62963e-06
 4.62963e-06
 4.62963e-06
 4.62963e-06
 4.62963e-06
 4.62963e-06
 4.62963e-06
 2.31481e-06
 4.63301e-06
 4.63092e-06
 4.63009e-06
 4.62978e-06
 4.62968e-06
 4.62964e-06
 4.62963e-06
 4.62963e-06
 4.62963e-06
 4.62963e-06
 4.62963e-06
 4.62963e-06
 4.62963e-06
 4.62963e-06
 4.62963e-06
 4.62963e-06
 4.62963e-06
 2.31481e-06
 4.63033e-06
 4.62990e-06
 4.62973e-06
 4.62966e-06
 4.62964e-06
 4.62963e-06
 4.62963e-06
 4.62963e-06
 4.62963e-06
 4.62963e-06
 4.62963e-06
 4.62963e-06
 4.62963e-06
 4.62963e-06
 4.62963e-06
 4.62963e-06
 4.62963e-06
 2.31481e-06
 4.62976e-06
 4.62968e-06
 4.62965e-06
 4.62964e-06
 4.62963e-06
 4.62963e-06
 4.62963e-06
 4.62963e-06
 4.62963e-06
 4.62963e-06
 4.62963e-06
 4.62963e-06
 4.62963e-06
 4.62963e-06
 4.62963e-06
 4.62963e-06
 4.62963e-06
 2.31481e-06
 4.62965e-06
 4.62964e-06
 4.62963e-06
 4.62963e-06
 4.62963e-06
 4.62963e-06
 4.62963e-06
 4.62963e-06
 4.62963e-06
 4.62963e-06
 4.62963e-06
 4.62963e-06
 4.62963e-06
 4.62963e-06
 4.62963e-06
 4.62963e-06
 4.62963e-06
 2.31481e-06
 4.62963e-06
 4.62963e-06
 4.62963e-06
 4.62963e-06
 4.62963e-06
 4.62963e-06
 4.62963e-06
 4.62963e-06
 4.62963e-06
 4.62963e-06
 4.62963e-06
 4.62963e-06
 4.62963e-06
 4.62963e-06
 4.62963e-06
 4.62963e-06
 4.62963e-06
 2.31481e-06
 4.62963e-06
 4.62963e-06
 4.62963e-06
 4.62963e-06
 4.62963e-06
 4.62963e-06
 4.62963e-06
 4.62963e-06
 4.62963e-06
 4.62963e-06
 4.62963e-06
 4.62963e-06
 4.62963e-06
 4.62963e-06
 4.62963e-06
 4.62963e-06
 4.62963e-06
 2.31481e-06
 4.62963e-06
 4.62963e-06
 4.62963e-06
 4.62963e-06
 4.62963e-06
 4.62963e-06
 4.62963e-06
 4.62963e-06
 4.62963e-06
 4.62963e-06
 4.62963e-06
 4.62963e-06
 4.62963e-06
 4.62963e-06
 4.62963e-06
 4.62963e-06
 4.62963e-06
 2.31481e-06
 4.62963e-06
 4.62963e-06
 4.62963e-06
 4.62963e-06
 4.62963e-06
 4.62963e-06
 4.62963e-06
 4.62963e-06
 4.62963e-06
 4.62963e-06
 4.62963e-06
 4.62963e-06
 4.62963e-06
 4.62963e-06
 4.62963e-06
 4.62963e-06
 4.62963e-06
 2.31481e-06
 4.62963e-06
 4.62963e-06
 4.62963e-06
 4.62963e-06
 4.62963e-06
 4.62963e-06
 4.62963e-06
 4.62963e-06
 4.62963e-06
 4.62963e-06
 4.62963e-06
 4.62963e-06
 4.62963e-06
 4.62963e-06
 4.62963e-06
 4.62963e-06
 4.62963e-06
 2.31481e-06
 4.62963e-06
 4.62963e-06
 4.62963e-06
 4.62963e-06
 4.62963e-06
 4.62963e-06
 4.62963e-06
 4.62963e-06
 4.62963e-06
 4.62963e-06
 4.62963e-06
 4.62963e-06
 4.62963e-06
 4.62963e-06
 4.62963e-06
 4.62963e-06
 4.62963e-06
 2.31481e-06
 2.31481e-06
 2.31481e-06
 2.31481e-06
 2.31481e-06
 2.31481e-06
 2.31481e-06
 2.31481e-06
 2.31481e-06
 2.31481e-06
 2.31481e-06
 2.31481e-06
 2.31481e-06
 2.31481e-06
 2.31481e-06
 2.31481e-06
 2.31481e-06
 2.31481e-06
 1.15741e-06
 6.93640e-06
 6.00203e-06
 5.33162e-06
 4.93453e-06
 4.74164e-06
 4.66439e-06
 4.63884e-06
 4.63178e-06
 4.63008e-06
 4.62972e-06
 4.62964e-06
 4.62963e-06
 4.62963e-06
 4.62963e-06
 4.62963e-06
 4.62963e-06
 4.62963e-06
 2.31481e-06
 6.00210e-06
 5.36915e-06
 4.97313e-06
 4.76657e-06
 4.67634e-06
 4.64333e-06
 4.63318e-06
 4.63046e-06
 4.62981e-06
 4.62966e-06
 4.62964e-06
 4.62963e-06
 4.62963e-06
 4.62963e-06
 4.62963e-06
 4.62963e-06
 4.62963e-06
 2.31481e-06
 5.33166e-06
 4.97313e-06
 4.77616e-06
 4.68372e-06
 4.64699e-06
 4.63457e-06
 4.63091e-06
 4.62993e-06
 4.62969e-06
 4.62964e-06
 4.62963e-06
 4.62963e-06
 4.62963e-06
 4.62963e-06
 4.62963e-06
 4.62963e-06
 4.62963e-06
 2.31481e-06
 4.93455e-06
 4.76657e-06
 4.68372e-06
 4.64839e-06
 4.63544e-06
 4.63127e-06
 4.63006e-06
 4.62973e-06
 4.62965e-06
 4.62963e-06
 4.62963e-06
 4.62963e-06
 4.62963e-06
 4.62963e-06
 4.62963e-06
 4.62963e-06
 4.62963e-06
 2.31481e-06
 4.74164e-06
 4.67633e-06
 4.64699e-06
 4.63544e-06
 4.63142e-06
 4.63014e-06
 4.62976e-06
 4.62966e-06
 4.62964e-06
 4.62963e-06
 4.62963e-06
 4.62963e-06
 4.62963e-06
 4.62963e-06
 4.62963e-06
 4.62963e-06
 4.62963e-06
 2.31481e-06
 4.66439e-06
 4.64333e-06
 4.63457e-06
 4.63127e-06
 4.63014e-06
 4.62977e-06
 4.62967e-06
 4.62964e-06
 4.62963e-06
 4.62963e-06
 4.62963e-06
 4.62963e-06
 4.62963e-06
 4.62963e-06
 4.62963e-06
 4.62963e-06
 4.62963e-06
 2.31481e-06
 4.63884e-06
 4.63318e-06
 4.63091e-06
 4.63006e-06
 4.62976e-06
 4.62967e-06
 4.62964e-06
 4.62963e-06
 4.62963e-06
 4.62963e-06
 4.62963e-06
 4.62963e-06
 4.62963e-06
 4.62963e-06
 4.62963e-06
 4.62963e-06
 4.62963e-06
 2.31481e-06
 4.63178e-06
 4.63046e-06
 4.62993e-06
 4.62973e-06
 4.62966e-06
 4.62964e-06
 4.62963e-06
 4.62963e-06
 4.62963e-06
 4.62963e-06
 4.62963e-06
 4.62963e-06
 4.62963e-06
 4.62963e-06
 4.62963e-06
 4.62963e-06
 4.62963e-06
 2.31481e-06
 4.63008e-06
 4.62981e-06
 4.62969e-06
 4.62965e-06
 4.62964e-06
 4.62963e-06
 4.62963e-06
 4.62963e-06
 4.62963e-06
 4.62963e-06
 4.62963e-06
 4.62963e-06
 4.62963e-06
 4.62963e-06
 4.62963e-06
 4.62963e-06
 4.62963e-06
 2.31481e-06
 4.62972e-06
 4.62966e-06
 4.62964e-06
 4.62963e-06
 4.62963e-06
 4.62963e-06
 4.62963e-06
 4.62963e-06
 4.62963e-06
 4.62963e-06
 4.62963e-06
 4.62963e-06
 4.62963e-06
 4.62963e-06
 4.62963e-06
 4.62963e-06
 4.62963e-06
 2.31481e-06
 4.62964e-06
 4.62964e-06
 4.62963e-06
 4.62963e-06
 4.62963e-06
 4.62963e-06
 4.62963e-06
 4.62963e-06
 4.62963e-06
 4.62963e-06
 4.62963e-06
 4.62963e-06
 4.62963e-06
 4.62963e-06
 4.62963e-06
 4.62963e-06
 4.62963e-06
 2.31481e-06
 4.62963e-06
 4.62963e-06
 4.62963e-06
 4.62963e-06
 4.62963e-06
 4.62963e-06
 4.62963e-06
 4.62963e-06
 4.62963e-06
 4.62963e-06
 4.62963e-06
 4.62963e-06
 4.62963e-06
 4.62963e-06
 4.62963e-06
 4.62963e-06
 4.62963e-06
 2.31481e-06
 4.62963e-06
 4.62963e-06
 4.62963e-06
 4.62963e-06
 4.62963e-06
 4.62963e-06
 4.62963e-06
 4.62963e-06
 4.62963e-06
 4.62963e-06
 4.62963e-06
 4.62963e-06
 4.62963e-06
 4.62963e-06
 4.62963e-06
 4.62963e-06
 4.62963e-06
 2.31481e-06
 4.62963e-06
 4.62963e-06
 4.62963e-06
 4.62963e-06
 4.62963e-06
 4.62963e-06
 4.62963e-06
 4.62963e-06
 4.62963e-06
 4.62963e-06
 4.62963e-06
 4.62963e-06
 4.62963e-06
 4.62963e-06
 4.62963e-06
 4.62963e-06
 4.62963e-06
 2.31481e-06
 4.62963e-06
 4.62963e-06
 4.62963e-06
 4.62963e-06
 4.62963e-06
 4.62963e-06
 4.62963e-06
 4.62963e-06
 4.62963e-06
 4.62963e-06
 4.62963e-06
 4.62963e-06
 4.62963e-06
 4.62963e-06
 4.62963e-06
 4.62963e-06
 4.62963e-06
 2.31481e-06
 4.62963e-06
 4.62963e-06
 4.62963e-06
 4.62963e-06
 4.62963e-06
 4.62963e-06
 4.62963e-06
 4.62963e-06
 4.62963e-06
 4.62963e-06
 4.62963e-06
 4.62963e-06
 4.62963e-06
 4.62963e-06
 4.62963e-06
 4.62963e-06
 4.62963e-06
 2.31481e-06
 4.62963e-06
 4.62963e-06
 4.62963e-06
 4.62963e-06
 4.62963e-06
 4.62963e-06
 4.62963e-06
 4.62963e-06
 4.62963e-06
 4.62963e-06
 4.62963e-06
 4.62963e-06
 4.62963e-06
 4.62963e-06
 4.62963e-06
 4.62963e-06
 4.62963e-06
 2.31481e-06
 2.31481e-06
 2.31481e-06
 2.31481e-06
 2.31481e-06
 2.31481e-06
 2.31481e-06
 2.31481e-06
 2.31481e-06
 2.31481e-06
 2.31481e-06
 2.31481e-06
 2.31481e-06
 2.31481e-06
 2.31481e-06
 2.31481e-06
 2.31481e-06
 2.31481e-06
 1.15741e-06
 6.37421e-06
 5.61119e-06
 5.10504e-06
 4.82654e-06
 4.69919e-06
 4.65058e-06
 4.63511e-06
 4.63092e-06
 4.62990e-06
 4.62968e-06
 4.62964e-06
 4.62963e-06
 4.62963e-06
 4.62963e-06
 4.62963e-06
 4.62963e-06
 4.62963e-06
 2.31481e-06
 5.61122e-06
 5.13226e-06
 4.85284e-06
 4.71531e-06
 4.65798e-06
 4.63783e-06
 4.63175e-06
 4.63013e-06
 4.62974e-06
 4.62965e-06
 4.62963e-06
 4.62963e-06
 4.62963e-06
 4.62963e-06
 4.62963e-06
 4.62963e-06
 4.62963e-06
 2.31481e-06
 5.10507e-06
 4.85284e-06
 4.72148e-06
 4.66257e-06
 4.64006e-06
 4.63259e-06
 4.63040e-06
 4.62981e-06
 4.62967e-06
 4.62964e-06
 4.62963e-06
 4.62963e-06
 4.62963e-06
 4.62963e-06
 4.62963e-06
 4.62963e-06
 4.62963e-06
 2.31481e-06
 4.82654e-06
 4.71530e-06
 4.66257e-06
 4.64091e-06
 4.63312e-06
 4.63063e-06
 4.62989e-06
 4.62969e-06
 4.62964e-06
 4.62963e-06
 4.62963e-06
 4.62963e-06
 4.62963e-06
 4.62963e-06
 4.62963e-06
 4.62963e-06
 4.62963e-06
 2.31481e-06
 4.69919e-06
 4.65798e-06
 4.64005e-06
 4.63312e-06
 4.63071e-06
 4.62994e-06
 4.62971e-06
 4.62965e-06
 4.62963e-06
 4.62963e-06
 4.62963e-06
 4.62963e-06
 4.62963e-06
 4.62963e-06
 4.62963e-06
 4.62963e-06
 4.62963e-06
 2.31481e-06
 4.65058e-06
 4.63783e-06
 4.63259e-06
 4.63063e-06
 4.62994e-06
 4.62972e-06
 4.62965e-06
 4.62964e-06
 4.62963e-06
 4.62963e-06
 4.62963e-06
 4.62963e-06
 4.62963e-06
 4.62963e-06
 4.62963e-06
 4.62963e-06
 4.62963e-06
 2.31481e-06
 4.63511e-06
 4.63175e-06
 4.63040e-06
 4.62989e-06
 4.62971e-06
 4.62965e-06
 4.62964e-06
 4.62963e-06
 4.62963e-06
 4.62963e-06
 4.62963e-06
 4.62963e-06
 4.62963e-06
 4.62963e-06
 4.62963e-06
 4.62963e-06
 4.62963e-06
 2.31481e-06
 4.63092e-06
 4.63013e-06
 4.62981e-06
 4.62969e-06
 4.62965e-06
 4.62964e-06
 4.62963e-06
 4.62963e-06
 4.62963e-06
 4.62963e-06
 4.62963e-06
 4.62963e-06
 4.62963e-06
 4.62963e-06
 4.62963e-06
 4.62963e-06
 4.62963e-06
 2.31481e-06
 4.62990e-06
 4.62974e-06
 4.62967e-06
 4.62964e-06
 4.62963e-06
 4.62963e-06
 4.62963e-06
 4.62963e-06
 4.62963e-06
 4.62963e-06
 4.62963e-06
 4.62963e-06
 4.62963e-06
 4.62963e-06
 4.62963e-06
 4.62963e-06
 4.62963e-06
 2.31481e-06
 4.62968e-06
 4.62965e-06
 4.62964e-06
 4.62963e-06
 4.62963e-06
 4.62963e-06
 4.62963e-06
 4.62963e-06
 4.62963e-06
 4.62963e-06
 4.62963e-06
 4.62963e-06
 4.62963e-06
 4.62963e-06
 4.62963e-06
 4.62963e-06
 4.62963e-06
 2.31481e-06
 4.62964e-06
 4.62963e-06
 4.62963e-06
 4.62963e-06
 4.62963e-06
 4.62963e-06
 4.62963e-06
 4.62963e-06
 4.62963e-06
 4.62963e-06
 4.62963e-06
 4.62963e-06
 4.62963e-06
 4.62963e-06
 4.62963e-06
 4.62963e-06
 4.62963e-06
 2.31481e-06
 4.62963e-06
 4.62963e-06
 4.62963e-06
 4.62963e-06
 4.62963e-06
 4.62963e-06
 4.62963e-06
 4.62963e-06
 4.62963e-06
 4.62963e-06
 4.62963e-06
 4.62963e-06
 4.62963e-06
 4.62963e-06
 4.62963e-06
 4.62963e-06
 4.62963e-06
 2.31481e-06
 4.62963e-06
 4.62963e-06
 4.62963e-06
 4.62963e-06
 4.62963e-06
 4.62963e-06
 4.62963e-06
 4.62963e-06
 4.62963e-06
 4.62963e-06
 4.62963e-06
 4.62963e-06
 4.62963e-06
 4.62963e-06
 4.62963e-06
 4.62963e-06
 4.62963e-06
 2.31481e-06
 4.62963e-06
 4.62963e-06
 4.62963e-06
 4.62963e-06
 4.62963e-06
 4.62963e-06
 4.62963e-06
 4.62963e-06
 4.62963e-06
 4.62963e-06
 4.62963e-06
 4.62963e-06
 4.62963e-06
 4.62963e-06
 4.62963e-06
 4.62963e-06
 4.62963e-06
 2.31481e-06
 4.62963e-06
 4.62963e-06
 4.62963e-06
 4.62963e-06
 4.62963e-06
 4.62963e-06
 4.62963e-06
 4.62963e-06
 4.62963e-06
 4.62963e-06
 4.62963e-06
 4.62963e-06
 4.62963e-06
 4.62963e-06
 4.62963e-06
 4.62963e-06
 4.62963e-06
 2.31481e-06
 4.62963e-06
 4.62963e-06
 4.62963e-06
 4.62963e-06
 4.62963e-06
 4.62963e-06
 4.62963e-06
 4.62963e-06
 4.62963e-06
 4.62963e-06
 4.62963e-06
 4.62963e-06
 4.62963e-06
 4.62963e-06
 4.62963e-06
 4.62963e-06
 4.62963e-06
 2.31481e-06
 4.62963e-06
 4.62963e-06
 4.62963e-06
 4.62963e-06
 4.62963e-06
 4.62963e-06
 4.62963e-06
 4.62963e-06
 4.62963e-06
 4.62963e-06
 4.62963e-06
 4.62963e-06
 4.62963e-06
 4.62963e-06
 4.62963e-06
 4.62963e-06
 4.62963e-06
 2.31481e-06
 2.31481e-06
 2.31481e-06
 2.31481e-06
 2.31481e-06
 2.31481e-06
 2.31481e-06
 2.31481e-06
 2.31481e-06
 2.31481e-06
 2.31481e-06
 2.31481e-06
 2.31481e-06
 2.31481e-06
 2.31481e-06
 2.31481e-06
 2.31481e-06
 2.31481e-06
 1.15741e-06
 5.85660e-06
 5.28012e-06
 4.92802e-06
 4.74758e-06
 4.66970e-06
 4.64137e-06
 4.63269e-06
 4.63035e-06
 4.62978e-06
 4.62966e-06
 4.62963e-06
 4.62963e-06
 4.62963e-06
 4.62963e-06
 4.62963e-06
 4.62963e-06
 4.62963e-06
 2.31481e-06
 5.28013e-06
 4.94651e-06
 4.76448e-06
 4.67948e-06
 4.64570e-06
 4.63423e-06
 4.63083e-06
 4.62991e-06
 4.62969e-06
 4.62964e-06
 4.62963e-06
 4.62963e-06
 4.62963e-06
 4.62963e-06
 4.62963e-06
 4.62963e-06
 4.62963e-06
 2.31481e-06
 4.92803e-06
 4.76448e-06
 4.68333e-06
 4.64840e-06
 4.63552e-06
 4.63131e-06
 4.63007e-06
 4.62973e-06
 4.62965e-06
 4.62963e-06
 4.62963e-06
 4.62963e-06
 4.62963e-06
 4.62963e-06
 4.62963e-06
 4.62963e-06
 4.62963e-06
 2.31481e-06
 4.74758e-06
 4.67948e-06
 4.64840e-06
 4.63601e-06
 4.63161e-06
 4.63020e-06
 4.62978e-06
 4.62967e-06
 4.62964e-06
 4.62963e-06
 4.62963e-06
 4.62963e-06
 4.62963e-06
 4.62963e-06
 4.62963e-06
 4.62963e-06
 4.62963e-06
 2.31481e-06
 4.66970e-06
 4.64570e-06
 4.63552e-06
 4.63161e-06
 4.63025e-06
 4.62981e-06
 4.62968e-06
 4.62964e-06
 4.62963e-06
 4.62963e-06
 4.62963e-06
 4.62963e-06
 4.62963e-06
 4.62963e-06
 4.62963e-06
 4.62963e-06
 4.62963e-06
 2.31481e-06
 4.64137e-06
 4.63423e-06
 4.63131e-06
 4.63020e-06
 4.62981e-06
 4.62968e-06
 4.62964e-06
 4.62963e-06
 4.62963e-06
 4.62963e-06
 4.62963e-06
 4.62963e-06
 4.62963e-06
 4.62963e-06
 4.62963e-06
 4.62963e-06
 4.62963e-06
 2.31481e-06
 4.63269e-06
 4.63083e-06
 4.63007e-06
 4.62978e-06
 4.62968e-06
 4.62964e-06
 4.62963e-06
 4.62963e-06
 4.62963e-06
 4.62963e-06
 4.62963e-06
 4.62963e-06
 4.62963e-06
 4.62963e-06
 4.62963e-06
 4.62963e-06
 4.62963e-06
 2.31481e-06
 4.63035e-06
 4.62991e-06
 4.62973e-06
 4.62967e-06
 4.62964e-06
 4.62963e-06
 4.62963e-06
 4.62963e-06
 4.62963e-06
 4.62963e-06
 4.62963e-06
 4.62963e-06
 4.62963e-06
 4.62963e-06
 4.62963e-06
 4.62963e-06
 4.62963e-06
 2.31481e-06
 4.62978e-06
 4.62969e-06
 4.62965e-06
 4.62964e-06
 4.62963e-06
 4.62963e-06
 4.62963e-06
 4.62963e-06
 4.62963e-06
 4.62963e-06
 4.62963e-06
 4.62963e-06
 4.62963e-06
 4.62963e-06
 4.62963e-06
 4.62963e-06
 4.62963e-06
 2.31481e-06
 4.62966e-06
 4.62964e-06
 4.62963e-06
 4.62963e-06
 4.62963e-06
 4.62963e-06
 4.62963e-06
 4.62963e-06
 4.62963e-06
 4.62963e-06
 4.62963e-06
 4.62963e-06
 4.62963e-06
 4.62963e-06
 4.62963e-06
 4.62963e-06
 4.62963e-06
 2.31481e-06
 4.62963e-06
 4.62963e-06
 4.62963e-06
 4.62963e-06
 4.62963e-06
 4.62963e-06
 4.62963e-06
 4.62963e-06
 4.62963e-06
 4.62963e-06
 4.62963e-06
 4.62963e-06
 4.62963e-06
 4.62963e-06
 4.62963e-06
 4.62963e-06
 4.62963e-06
 2.31481e-06
 4.62963e-06
 4.62963e-06
 4.62963e-06
 4.62963e-06
 4.62963e-06
 4.62963e-06
 4.62963e-06
 4.62963e-06
 4.62963e-06
 4.62963e-06
 4.62963e-06
 4.62963e-06
 4.62963e-06
 4.62963e-06
 4.62963e-06
 4.62963e-06
 4.62963e-06
 2.31481e-06
 4.62963e-06
 4.62963e-06
 4.62963e-06
 4.62963e-06
 4.62963e-06
 4.62963e-06
 4.62963e-06
 4.62963e-06
 4.62963e-06
 4.62963e-06
 4.62963e-06
 4.62963e-06
 4.62963e-06
 4.62963e-06
 4.62963e-06
 4.62963e-06
 4.62963e-06
 2.31481e-06
 4.62963e-06
 4.62963e-06
 4.62963e-06
 4.62963e-06
 4.62963e-06
 4.62963e-06
 4.62963e-06
 4.62963e-06
 4.62963e-06
 4.62963e-06
 4.62963e-06
 4.62963e-06
 4.62963e-06
 4.62963e-06
 4.62963e-06
 4.62963e-06
 4.62963e-06
 2.31481e-06
 4.62963e-06
 4.62963e-06
 4.62963e-06
 4.62963e-06
 4.62963e-06
 4.62963e-06
 4.62963e-06
 4.62963e-06
 4.62963e-06
 4.62963e-06
 4.62963e-06
 4.62963e-06
 4.62963e-06
 4.62963e-06
 4.62963e-06
 4.62963e-06
 4.62963e-06
 2.31481e-06
 4.62963e-06
 4.62963e-06
 4.62963e-06
 4.62963e-06
 4.62963e-06
 4.62963e-06
 4.62963e-06
 4.62963e-06
 4.62963e-06
 4.62963e-06
 4.62963e-06
 4.62963e-06
 4.62963e-06
 4.62963e-06
 4.62963e-06
 4.62963e-06
 4.62963e-06
 2.31481e-06
 4.62963e-06
 4.62963e-06
 4.62963e-06
 4.62963e-06
 4.62963e-06
 4.62963e-06
 4.62963e-06
 4.62963e-06
 4.62963e-06
 4.62963e-06
 4.62963e-06
 4.62963e-06
 4.62963e-06
 4.62963e-06
 4.62963e-06
 4.62963e-06
 4.62963e-06
 2.31481e-06
 2.31481e-06
 2.31481e-06
 2.31481e-06
 2.31481e-06
 2.31481e-06
 2.31481e-06
 2.31481e-06
 2.31481e-06
 2.31481e-06
 2.31481e-06
 2.31481e-06
 2.31481e-06
 2.31481e-06
 2.31481e-06
 2.31481e-06
 2.31481e-06
 2.31481e-06
 1.15741e-06
 5.42478e-06
 5.02635e-06
 4.80221e-06
 4.69476e-06
 4.65097e-06
 4.63578e-06
 4.63123e-06
 4.63001e-06
 4.62971e-06
 4.62965e-06
 4.62963e-06
 4.62963e-06
 4.62963e-06
 4.62963e-06
 4.62963e-06
 4.62963e-06
 4.62963e-06
 2.31481e-06
 5.02636e-06
 4.81377e-06
 4.70473e-06
 4.65645e-06
 4.63812e-06
 4.63206e-06
 4.63026e-06
 4.62978e-06
 4.62966e-06
 4.62964e-06
 4.62963e-06
 4.62963e-06
 4.62963e-06
 4.62963e-06
 4.62963e-06
 4.62963e-06
 4.62963e-06
 2.31481e-06
 4.80222e-06
 4.70473e-06
 4.65854e-06
 4.63958e-06
 4.63274e-06
 4.63052e-06
 4.62986e-06
 4.62969e-06
 4.62964e-06
 4.62963e-06
 4.62963e-06
 4.62963e-06
 4.62963e-06
 4.62963e-06
 4.62963e-06
 4.62963e-06
 4.62963e-06
 2.31481e-06
 4.69477e-06
 4.65645e-06
 4.63958e-06
 4.63301e-06
 4.63069e-06
 4.62993e-06
 4.62971e-06
 4.62965e-06
 4.62963e-06
 4.62963e-06
 4.62963e-06
 4.62963e-06
 4.62963e-06
 4.62963e-06
 4.62963e-06
 4.62963e-06
 4.62963e-06
 2.31481e-06
 4.65097e-06
 4.63812e-06
 4.63274e-06
 4.63069e-06
 4.62996e-06
 4.62973e-06
 4.62966e-06
 4.62964e-06
 4.62963e-06
 4.62963e-06
 4.62963e-06
 4.62963e-06
 4.62963e-06
 4.62963e-06
 4.62963e-06
 4.62963e-06
 4.62963e-06
 2.31481e-06
 4.63578e-06
 4.63206e-06
 4.63052e-06
 4.62993e-06
 4.62973e-06
 4.62966e-06
 4.62964e-06
 4.62963e-06
 4.62963e-06
 4.62963e-06
 4.62963e-06
 4.62963e-06
 4.62963e-06
 4.62963e-06
 4.62963e-06
 4.62963e-06
 4.62963e-06
 2.31481e-06
 4.63123e-06
 4.63026e-06
 4.62986e-06
 4.62971e-06
 4.62966e-06
 4.62964e-06
 4.62963e-06
 4.62963e-06
 4.62963e-06
 4.62963e-06
 4.62963e-06
 4.62963e-06
 4.62963e-06
 4.62963e-06
 4.62963e-06
 4.62963e-06
 4.62963e-06
 2.31481e-06
 4.63001e-06
 4.62978e-06
 4.62969e-06
 4.62965e-06
 4.62964e-06
 4.62963e-06
 4.62963e-06
 4.62963e-06
 4.62963e-06
 4.62963e-06
 4.62963e-06
 4.62963e-06
 4.62963e-06
 4.62963e-06
 4.62963e-06
 4.62963e-06
 4.62963e-06
 2.31481e-06
 4.62971e-06
 4.62966e-06
 4.62964e-06
 4.62963e-06
 4.62963e-06
 4.62963e-06
 4.62963e-06
 4.62963e-06
 4.62963e-06
 4.62963e-06
 4.62963e-06
 4.62963e-06
 4.62963e-06
 4.62963e-06
 4.62963e-06
 4.62963e-06
 4.62963e-06
 2.31481e-06
 4.62965e-06
 4.62964e-06
 4.62963e-06
 4.62963e-06
 4.62963e-06
 4.62963e-06
 4.62963e-06
 4.62963e-06
 4.62963e-06
 4.62963e-06
 4.62963e-06
 4.62963e-06
 4.62963e-06
 4.62963e-06
 4.62963e-06
 4.62963e-06
 4.62963e-06
 2.31481e-06
 4.62963e-06
 4.62963e-06
 4.62963e-06
 4.62963e-06
 4.62963e-06
 4.62963e-06
 4.62963e-06
 4.62963e-06
 4.62963e-06
 4.62963e-06
 4.62963e-06
 4.62963e-06
 4.62963e-06
 4.62963e-06
 4.62963e-06
 4.62963e-06
 4.62963e-06
 2.31481e-06
 4.62963e-06
 4.62963e-06
 4.62963e-06
 4.62963e-06
 4.62963e-06
 4.62963e-06
 4.62963e-06
 4.62963e-06
 4.62963e-06
 4.62963e-06
 4.62963e-06
 4.62963e-06
 4.62963e-06
 4.62963e-06
 4.62963e-06
 4.62963e-06
 4.62963e-06
 2.31481e-06
 4.62963e-06
 4.62963e-06
 4.62963e-06
 4.62963e-06
 4.62963e-06
 4.62963e-06
 4.62963e-06
 4.62963e-06
 4.62963e-06
 4.62963e-06
 4.62963e-06
 4.62963e-06
 4.62963e-06
 4.62963e-06
 4.62963e-06
 4.62963e-06
 4.62963e-06
 2.31481e-06
 4.62963e-06
 4.62963e-06
 4.62963e-06
 4.62963e-06
 4.62963e-06
 4.62963e-06
 4.62963e-06
 4.62963e-06
 4.62963e-06
 4.62963e-06
 4.62963e-06
 4.62963e-06
 4.62963e-06
 4.62963e-06
 4.62963e-06
 4.62963e-06
 4.62963e-06
 2.31481e-06
 4.62963e-06
 4.62963e-06
 4.62963e-06
 4.62963e-06
 4.62963e-06
 4.62963e-06
 4.62963e-06
 4.62963e-06
 4.62963e-06
 4.62963e-06
 4.62963e-06
 4.62963e-06
 4.62963e-06
 4.62963e-06
 4.62963e-06
 4.62963e-06
 4.62963e-06
 2.31481e-06
 4.62963e-06
 4.62963e-06
 4.62963e-06
 4.62963e-06
 4.62963e-06
 4.62963e-06
 4.62963e-06
 4.62963e-06
 4.62963e-06
 4.62963e-06
 4.62963e-06
 4.62963e-06
 4.62963e-06
 4.62963e-06
 4.62963e-06
 4.62963e-06
 4.62963e-06
 2.31481e-06
 4.62963e-06
 4.62963e-06
 4.62963e-06
 4.62963e-06
 4.62963e-06
 4.62963e-06
 4.62963e-06
 4.62963e-06
 4.62963e-06
 4.62963e-06
 4.62963e-06
 4.62963e-06
 4.62963e-06
 4.62963e-06
 4.62963e-06
 4.62963e-06
 4.62963e-06
 2.31481e-06
 2.31481e-06
 2.31481e-06
 2.31481e-06
 2.31481e-06
 2.31481e-06
 2.31481e-06
 2.31481e-06
 2.31481e-06
 2.31481e-06
 2.31481e-06
 2.31481e-06
 2.31481e-06
 2.31481e-06
 2.31481e-06
 2.31481e-06
 2.31481e-06
 2.31481e-06
 1.15741e-06
 5.09956e-06
 4.85096e-06
 4.72117e-06
 4.66267e-06
 4.64016e-06
 4.63264e-06
 4.63042e-06
 4.62982e-06
 4.62967e-06
 4.62964e-06
 4.62963e-06
 4.62963e-06
 4.62963e-06
 4.62963e-06
 4.62963e-06
 4.62963e-06
 4.62963e-06
 2.31481e-06
 4.85096e-06
 4.72749e-06
 4.66798e-06
 4.64295e-06
 4.63382e-06
 4.63083e-06
 4.62994e-06
 4.62970e-06
 4.62965e-06
 4.62963e-06
 4.62963e-06
 4.62963e-06
 4.62963e-06
 4.62963e-06
 4.62963e-06
 4.62963e-06
 4.62963e-06
 2.31481e-06
 4.72117e-06
 4.66798e-06
 4.64409e-06
 4.63456e-06
 4.63118e-06
 4.63007e-06
 4.62975e-06
 4.62966e-06
 4.62964e-06
 4.62963e-06
 4.62963e-06
 4.62963e-06
 4.62963e-06
 4.62963e-06
 4.62963e-06
 4.62963e-06
 4.62963e-06
 2.31481e-06
 4.66267e-06
 4.64295e-06
 4.63456e-06
 4.63131e-06
 4.63016e-06
 4.62978e-06
 4.62967e-06
 4.62964e-06
 4.62963e-06
 4.62963e-06
 4.62963e-06
 4.62963e-06
 4.62963e-06
 4.62963e-06
 4.62963e-06
 4.62963e-06
 4.62963e-06
 2.31481e-06
 4.64016e-06
 4.63382e-06
 4.63118e-06
 4.63016e-06
 4.62980e-06
 4.62968e-06
 4.62964e-06
 4.62963e-06
 4.62963e-06
 4.62963e-06
 4.62963e-06
 4.62963e-06
 4.62963e-06
 4.62963e-06
 4.62963e-06
 4.62963e-06
 4.62963e-06
 2.31481e-06
 4.63264e-06
 4.63083e-06
 4.63007e-06
 4.62978e-06
 4.62968e-06
 4.62964e-06
 4.62963e-06
 4.62963e-06
 4.62963e-06
 4.62963e-06
 4.62963e-06
 4.62963e-06
 4.62963e-06
 4.62963e-06
 4.62963e-06
 4.62963e-06
 4.62963e-06
 2.31481e-06
 4.63042e-06
 4.62994e-06
 4.62975e-06
 4.62967e-06
 4.62964e-06
 4.62963e-06
 4.62963e-06
 4.62963e-06
 4.62963e-06
 4.62963e-06
 4.62963e-06
 4.62963e-06
 4.62963e-06
 4.62963e-06
 4.62963e-06
 4.62963e-06
 4.62963e-06
 2.31481e-06
 4.62982e-06
 4.62970e-06
 4.62966e-06
 4.62964e-06
 4.62963e-06
 4.62963e-06
 4.62963e-06
 4.62963e-06
 4.62963e-06
 4.62963e-06
 4.62963e-06
 4.62963e-06
 4.62963e-06
 4.62963e-06
 4.62963e-06
 4.62963e-06
 4.62963e-06
 2.31481e-06
 4.62967e-06
 4.62965e-06
 4.62964e-06
 4.62963e-06
 4.62963e-06
 4.62963e-06
 4.62963e-06
 4.62963e-06
 4.62963e-06
 4.62963e-06
 4.62963e-06
 4.62963e-06
 4.62963e-06
 4.62963e-06
 4.62963e-06
 4.62963e-06
 4.62963e-06
 2.31481e-06
 4.62964e-06
 4.62963e-06
 4.62963e-06
 4.62963e-06
 4.62963e-06
 4.62963e-06
 4.62963e-06
 4.62963e-06
 4.62963e-06
 4.62963e-06
 4.62963e-06
 4.62963e-06
 4.62963e-06
 4.62963e-06
 4.62963e-06
 4.62963e-06
 4.62963e-06
 2.31481e-06
 4.62963e-06
 4.62963e-06
 4.62963e-06
 4.62963e-06
 4.62963e-06
 4.62963e-06
 4.62963e-06
 4.62963e-06
 4.62963e-06
 4.62963e-06
 4.62963e-06
 4.62963e-06
 4.62963e-06
 4.62963e-06
 4.62963e-06
 4.62963e-06
 4.62963e-06
 2.31481e-06
 4.62963e-06
 4.62963e-06
 4.62963e-06
 4.62963e-06
 4.62963e-06
 4.62963e-06
 4.62963e-06
 4.62963e-06
 4.62963e-06
 4.62963e-06
 4.62963e-06
 4.62963e-06
 4.62963e-06
 4.62963e-06
 4.62963e-06
 4.62963e-06
 4.62963e-06
 2.31481e-06
 4.62963e-06
 4.62963e-06
 4.62963e-06
 4.62963e-06
 4.62963e-06
 4.62963e-06
 4.62963e-06
 4.62963e-06
 4.62963e-06
 4.62963e-06
 4.62963e-06
 4.62963e-06
 4.62963e-06
 4.62963e-06
 4.62963e-06
 4.62963e-06
 4.62963e-06
 2.31481e-06
 4.62963e-06
 4.62963e-06
 4.62963e-06
 4.62963e-06
 4.62963e-06
 4.62963e-06
 4.62963e-06
 4.62963e-06
 4.62963e-06
 4.62963e-06
 4.62963e-06
 4.62963e-06
 4.62963e-06
 4.62963e-06
 4.62963e-06
 4.62963e-06
 4.62963e-06
 2.31481e-06
 4.62963e-06
 4.62963e-06
 4.62963e-06
 4.62963e-06
 4.62963e-06
 4.62963e-06
 4.62963e-06
 4.62963e-06
 4.62963e-06
 4.62963e-06
 4.62963e-06
 4.62963e-06
 4.62963e-06
 4.62963e-06
 4.62963e-06
 4.62963e-06
 4.62963e-06
 2.31481e-06
 4.62963e-06
 4.62963e-06
 4.62963e-06
 4.62963e-06
 4.62963e-06
 4.62963e-06
 4.62963e-06
 4.62963e-06
 4.62963e-06
 4.62963e-06
 4.62963e-06
 4.62963e-06
 4.62963e-06
 4.62963e-06
 4.62963e-06
 4.62963e-06
 4.62963e-06
 2.31481e-06
 4.62963e-06
 4.62963e-06
 4.62963e-06
 4.62963e-06
 4.62963e-06
 4.62963e-06
 4.62963e-06
 4.62963e-06
 4.62963e-06
 4.62963e-06
 4.62963e-06
 4.62963e-06
 4.62963e-06
 4.62963e-06
 4.62963e-06
 4.62963e-06
 4.62963e-06
 2.31481e-06
 2.31481e-06
 2.31481e-06
 2.31481e-06
 2.31481e-06
 2.31481e-06
 2.31481e-06
 2.31481e-06
 2.31481e-06
 2.31481e-06
 2.31481e-06
 2.31481e-06
 2.31481e-06
 2.31481e-06
 2.31481e-06
 2.31481e-06
 2.31481e-06
 2.31481e-06
 1.15741e-06
 4.88017e-06
 4.74154e-06
 4.67369e-06
 4.64500e-06
 4.63447e-06
 4.63102e-06
 4.62999e-06
 4.62972e-06
 4.62965e-06
 4.62963e-06
 4.62963e-06
 4.62963e-06
 4.62963e-06
 4.62963e-06
 4.62963e-06
 4.62963e-06
 4.62963e-06
 2.31481e-06
 4.74154e-06
 4.67713e-06
 4.64758e-06
 4.63579e-06
 4.63156e-06
 4.63019e-06
 4.62978e-06
 4.62966e-06
 4.62964e-06
 4.62963e-06
 4.62963e-06
 4.62963e-06
 4.62963e-06
 4.62963e-06
 4.62963e-06
 4.62963e-06
 4.62963e-06
 2.31481e-06
 4.67369e-06
 4.64758e-06
 4.63630e-06
 4.63191e-06
 4.63035e-06
 4.62984e-06
 4.62968e-06
 4.62964e-06
 4.62963e-06
 4.62963e-06
 4.62963e-06
 4.62963e-06
 4.62963e-06
 4.62963e-06
 4.62963e-06
 4.62963e-06
 4.62963e-06
 2.31481e-06
 4.64500e-06
 4.63579e-06
 4.63191e-06
 4.63041e-06
 4.62988e-06
 4.62970e-06
 4.62965e-06
 4.62963e-06
 4.62963e-06
 4.62963e-06
 4.62963e-06
 4.62963e-06
 4.62963e-06
 4.62963e-06
 4.62963e-06
 4.62963e-06
 4.62963e-06
 2.31481e-06
 4.63447e-06
 4.63156e-06
 4.63035e-06
 4.62988e-06
 4.62971e-06
 4.62965e-06
 4.62964e-06
 4.62963e-06
 4.62963e-06
 4.62963e-06
 4.62963e-06
 4.62963e-06
 4.62963e-06
 4.62963e-06
 4.62963e-06
 4.62963e-06
 4.62963e-06
 2.31481e-06
 4.63102e-06
 4.63019e-06
 4.62984e-06
 4.62970e-06
 4.62965e-06
 4.62964e-06
 4.62963e-06
 4.62963e-06
 4.62963e-06
 4.62963e-06
 4.62963e-06
 4.62963e-06
 4.62963e-06
 4.62963e-06
 4.62963e-06
 4.62963e-06
 4.62963e-06
 2.31481e-06
 4.62999e-06
 4.62978e-06
 4.62968e-06
 4.62965e-06
 4.62964e-06
 4.62963e-06
 4.62963e-06
 4.62963e-06
 4.62963e-06
 4.62963e-06
 4.62963e-06
 4.62963e-06
 4.62963e-06
 4.62963e-06
 4.62963e-06
 4.62963e-06
 4.62963e-06
 2.31481e-06
 4.62972e-06
 4.62966e-06
 4.62964e-06
 4.62963e-06
 4.62963e-06
 4.62963e-06
 4.62963e-06
 4.62963e-06
 4.62963e-06
 4.62963e-06
 4.62963e-06
 4.62963e-06
 4.62963e-06
 4.62963e-06
 4.62963e-06
 4.62963e-06
 4.62963e-06
 2.31481e-06
 4.62965e-06
 4.62964e-06
 4.62963e-06
 4.62963e-06
 4.62963e-06
 4.62963e-06
 4.62963e-06
 4.62963e-06
 4.62963e-06
 4.62963e-06
 4.62963e-06
 4.62963e-06
 4.62963e-06
 4.62963e-06
 4.62963e-06
 4.62963e-06
 4.62963e-06
 2.31481e-06
 4.62963e-06
 4.62963e-06
 4.62963e-06
 4.62963e-06
 4.62963e-06
 4.62963e-06
 4.62963e-06
 4.62963e-06
 4.62963e-06
 4.62963e-06
 4.62963e-06
 4.62963e-06
 4.62963e-06
 4.62963e-06
 4.62963e-06
 4.62963e-06
 4.62963e-06
 2.31481e-06
 4.62963e-06
 4.62963e-06
 4.62963e-06
 4.62963e-06
 4.62963e-06
 4.62963e-06
 4.62963e-06
 4.62963e-06
 4.62963e-06
 4.62963e-06
 4.62963e-06
 4.62963e-06
 4.62963e-06
 4.62963e-06
 4.62963e-06
 4.62963e-06
 4.62963e-06
 2.31481e-06
 4.62963e-06
 4.62963e-06
 4.62963e-06
 4.62963e-06
 4.62963e-06
 4.62963e-06
 4.62963e-06
 4.62963e-06
 4.62963e-06
 4.62963e-06
 4.62963e-06
 4.62963e-06
 4.62963e-06
 4.62963e-06
 4.62963e-06
 4.62963e-06
 4.62963e-06
 2.31481e-06
 4.62963e-06
 4.62963e-06
 4.62963e-06
 4.62963e-06
 4.62963e-06
 4.62963e-06
 4.62963e-06
 4.62963e-06
 4.62963e-06
 4.62963e-06
 4.62963e-06
 4.62963e-06
 4.62963e-06
 4.62963e-06
 4.62963e-06
 4.62963e-06
 4.62963e-06
 2.31481e-06
 4.62963e-06
 4.62963e-06
 4.62963e-06
 4.62963e-06
 4.62963e-06
 4.62963e-06
 4.62963e-06
 4.62963e-06
 4.62963e-06
 4.62963e-06
 4.62963e-06
 4.62963e-06
 4.62963e-06
 4.62963e-06
 4.62963e-06
 4.62963e-06
 4.62963e-06
 2.31481e-06
 4.62963e-06
 4.62963e-06
 4.62963e-06
 4.62963e-06
 4.62963e-06
 4.62963e-06
 4.62963e-06
 4.62963e-06
 4.62963e-06
 4.62963e-06
 4.62963e-06
 4.62963e-06
 4.62963e-06
 4.62963e-06
 4.62963e-06
 4.62963e-06
 4.62963e-06
 2.31481e-06
 4.62963e-06
 4.62963e-06
 4.62963e-06
 4.62963e-06
 4.62963e-06
 4.62963e-06
 4.62963e-06
 4.62963e-06
 4.62963e-06
 4.62963e-06
 4.62963e-06
 4.62963e-06
 4.62963e-06
 4.62963e-06
 4.62963e-06
 4.62963e-06
 4.62963e-06
 2.31481e-06
 4.62963e-06
 4.62963e-06
 4.62963e-06
 4.62963e-06
 4.62963e-06
 4.62963e-06
 4.62963e-06
 4.62963e-06
 4.62963e-06
 4.62963e-06
 4.62963e-06
 4.62963e-06
 4.62963e-06
 4.62963e-06
 4.62963e-06
 4.62963e-06
 4.62963e-06
 2.31481e-06
 2.31481e-06
 2.31481e-06
 2.31481e-06
 2.31481e-06
 2.31481e-06
 2.31481e-06
 2.31481e-06
 2.31481e-06
 2.31481e-06
 2.31481e-06
 2.31481e-06
 2.31481e-06
 2.31481e-06
 2.31481e-06
 2.31481e-06
 2.31481e-06
 2.31481e-06
 1.15741e-06
 4.74963e-06
 4.68061e-06
 4.64898e-06
 4.63626e-06
 4.63171e-06
 4.63023e-06
 4.62979e-06
 4.62967e-06
 4.62964e-06
 4.62963e-06
 4.62963e-06
 4.62963e-06
 4.62963e-06
 4.62963e-06
 4.62963e-06
 4.62963e-06
 4.62963e-06
 2.31481e-06
 4.68061e-06
 4.65046e-06
 4.63738e-06
 4.63228e-06
 4.63046e-06
 4.62987e-06
 4.62969e-06
 4.62965e-06
 4.62963e-06
 4.62963e-06
 4.62963e-06
 4.62963e-06
 4.62963e-06
 4.62963e-06
 4.62963e-06
 4.62963e-06
 4.62963e-06
 2.31481e-06
 4.64898e-06
 4.63738e-06
 4.63251e-06
 4.63061e-06
 4.62994e-06
 4.62972e-06
 4.62965e-06
 4.62964e-06
 4.62963e-06
 4.62963e-06
 4.62963e-06
 4.62963e-06
 4.62963e-06
 4.62963e-06
 4.62963e-06
 4.62963e-06
 4.62963e-06
 2.31481e-06
 4.63626e-06
 4.63228e-06
 4.63061e-06
 4.62997e-06
 4.62974e-06
 4.62966e-06
 4.62964e-06
 4.62963e-06
 4.62963e-06
 4.62963e-06
 4.62963e-06
 4.62963e-06
 4.62963e-06
 4.62963e-06
 4.62963e-06
 4.62963e-06
 4.62963e-06
 2.31481e-06
 4.63171e-06
 4.63046e-06
 4.62994e-06
 4.62974e-06
 4.62966e-06
 4.62964e-06
 4.62963e-06
 4.62963e-06
 4.62963e-06
 4.62963e-06
 4.62963e-06
 4.62963e-06
 4.62963e-06
 4.62963e-06
 4.62963e-06
 4.62963e-06
 4.62963e-06
 2.31481e-06
 4.63023e-06
 4.62987e-06
 4.62972e-06
 4.62966e-06
 4.62964e-06
 4.62963e-06
 4.62963e-06
 4.62963e-06
 4.62963e-06
 4.62963e-06
 4.62963e-06
 4.62963e-06
 4.62963e-06
 4.62963e-06
 4.62963e-06
 4.62963e-06
 4.62963e-06
 2.31481e-06
 4.62979e-06
 4.62969e-06
 4.62965e-06
 4.62964e-06
 4.62963e-06
 4.62963e-06
 4.62963e-06
 4.62963e-06
 4.62963e-06
 4.62963e-06
 4.62963e-06
 4.62963e-06
 4.62963e-06
 4.62963e-06
 4.62963e-06
 4.62963e-06
 4.62963e-06
 2.31481e-06
 4.62967e-06
 4.62965e-06
 4.62964e-06
 4.62963e-06
 4.62963e-06
 4.62963e-06
 4.62963e-06
 4.62963e-06
 4.62963e-06
 4.62963e-06
 4.62963e-06
 4.62963e-06
 4.62963e-06
 4.62963e-06
 4.62963e-06
 4.62963e-06
 4.62963e-06
 2.31481e-06
 4.62964e-06
 4.62963e-06
 4.62963e-06
 4.62963e-06
 4.62963e-06
 4.62963e-06
 4.62963e-06
 4.62963e-06
 4.62963e-06
 4.62963e-06
 4.62963e-06
 4.62963e-06
 4.62963e-06
 4.62963e-06
 4.62963e-06
 4.62963e-06
 4.62963e-06
 2.31481e-06
 4.62963e-06
 4.62963e-06
 4.62963e-06
 4.62963e-06
 4.62963e-06
 4.62963e-06
 4.62963e-06
 4.62963e-06
 4.62963e-06
 4.62963e-06
 4.62963e-06
 4.62963e-06
 4.62963e-06
 4.62963e-06
 4.62963e-06
 4.62963e-06
 4.62963e-06
 2.31481e-06
 4.62963e-06
 4.62963e-06
 4.62963e-06
 4.62963e-06
 4.62963e-06
 4.62963e-06
 4.62963e-06
 4.62963e-06
 4.62963e-06
 4.62963e-06
 4.62963e-06
 4.62963e-06
 4.62963e-06
 4.62963e-06
 4.62963e-06
 4.62963e-06
 4.62963e-06
 2.31481e-06
 4.62963e-06
 4.62963e-06
 4.62963e-06
 4.62963e-06
 4.62963e-06
 4.62963e-06
 4.62963e-06
 4.62963e-06
 4.62963e-06
 4.62963e-06
 4.62963e-06
 4.62963e-06
 4.62963e-06
 4.62963e-06
 4.62963e-06
 4.62963e-06
 4.62963e-06
 2.31481e-06
 4.62963e-06
 4.62963e-06
 4.62963e-06
 4.62963e-06
 4.62963e-06
 4.62963e-06
 4.62963e-06
 4.62963e-06
 4.62963e-06
 4.62963e-06
 4.62963e-06
 4.62963e-06
 4.62963e-06
 4.62963e-06
 4.62963e-06
 4.62963e-06
 4.62963e-06
 2.31481e-06
 4.62963e-06
 4.62963e-06
 4.62963e-06
 4.62963e-06
 4.62963e-06
 4.62963e-06
 4.62963e-06
 4.62963e-06
 4.62963e-06
 4.62963e-06
 4.62963e-06
 4.62963e-06
 4.62963e-06
 4.62963e-06
 4.62963e-06
 4.62963e-06
 4.62963e-06
 2.31481e-06
 4.62963e-06
 4.62963e-06
 4.62963e-06
 4.62963e-06
 4.62963e-06
 4.62963e-06
 4.62963e-06
 4.62963e-06
 4.62963e-06
 4.62963e-06
 4.62963e-06
 4.62963e-06
 4.62963e-06
 4.62963e-06
 4.62963e-06
 4.62963e-06
 4.62963e-06
 2.31481e-06
 4.62963e-06
 4.62963e-06
 4.62963e-06
 4.62963e-06
 4.62963e-06
 4.62963e-06
 4.62963e-06
 4.62963e-06
 4.62963e-06
 4.62963e-06
 4.62963e-06
 4.62963e-06
 4.62963e-06
 4.62963e-06
 4.62963e-06
 4.62963e-06
 4.62963e-06
 2.31481e-06
 4.62963e-06
 4.62963e-06
 4.62963e-06
 4.62963e-06
 4.62963e-06
 4.62963e-06
 4.62963e-06
 4.62963e-06
 4.62963e-06
 4.62963e-06
 4.62963e-06
 4.62963e-06
 4.62963e-06
 4.62963e-06
 4.62963e-06
 4.62963e-06
 4.62963e-06
 2.31481e-06
 2.31481e-06
 2.31481e-06
 2.31481e-06
 2.31481e-06
 2.31481e-06
 2.31481e-06
 2.31481e-06
 2.31481e-06
 2.31481e-06
 2.31481e-06
 2.31481e-06
 2.31481e-06
 2.31481e-06
 2.31481e-06
 2.31481e-06
 2.31481e-06
 2.31481e-06
 1.15741e-06
 4.68061e-06
 4.65046e-06
 4.63738e-06
 4.63228e-06
 4.63046e-06
 4.62987e-06
 4.62969e-06
 4.62965e-06
 4.62963e-06
 4.62963e-06
 4.62963e-06
 4.62963e-06
 4.62963e-06
 4.62963e-06
 4.62963e-06
 4.62963e-06
 4.62963e-06
 2.31481e-06
 4.65046e-06
 4.63802e-06
 4.63273e-06
 4.63069e-06
 4.62997e-06
 4.62973e-06
 4.62966e-06
 4.62964e-06
 4.62963e-06
 4.62963e-06
 4.62963e-06
 4.62963e-06
 4.62963e-06
 4.62963e-06
 4.62963e-06
 4.62963e-06
 4.62963e-06
 2.31481e-06
 4.63738e-06
 4.63273e-06
 4.63078e-06
 4.63003e-06
 4.62976e-06
 4.62967e-06
 4.62964e-06
 4.62963e-06
 4.62963e-06
 4.62963e-06
 4.62963e-06
 4.62963e-06
 4.62963e-06
 4.62963e-06
 4.62963e-06
 4.62963e-06
 4.62963e-06
 2.31481e-06
 4.63228e-06
 4.63069e-06
 4.63003e-06
 4.62977e-06
 4.62967e-06
 4.62964e-06
 4.62963e-06
 4.62963e-06
 4.62963e-06
 4.62963e-06
 4.62963e-06
 4.62963e-06
 4.62963e-06
 4.62963e-06
 4.62963e-06
 4.62963e-06
 4.62963e-06
 2.31481e-06
 4.63046e-06
 4.62997e-06
 4.62976e-06
 4.62967e-06
 4.62964e-06
 4.62963e-06
 4.62963e-06
 4.62963e-06
 4.62963e-06
 4.62963e-06
 4.62963e-06
 4.62963e-06
 4.62963e-06
 4.62963e-06
 4.62963e-06
 4.62963e-06
 4.62963e-06
 2.31481e-06
 4.62987e-06
 4.62973e-06
 4.62967e-06
 4.62964e-06
 4.62963e-06
 4.62963e-06
 4.62963e-06
 4.62963e-06
 4.62963e-06
 4.62963e-06
 4.62963e-06
 4.62963e-06
 4.62963e-06
 4.62963e-06
 4.62963e-06
 4.62963e-06
 4.62963e-06
 2.31481e-06
 4.62969e-06
 4.62966e-06
 4.62964e-06
 4.62963e-06
 4.62963e-06
 4.62963e-06
 4.62963e-06
 4.62963e-06
 4.62963e-06
 4.62963e-06
 4.62963e-06
 4.62963e-06
 4.62963e-06
 4.62963e-06
 4.62963e-06
 4.62963e-06
 4.62963e-06
 2.31481e-06
 4.62965e-06
 4.62964e-06
 4.62963e-06
 4.62963e-06
 4.62963e-06
 4.62963e-06
 4.62963e-06
 4.62963e-06
 4.62963e-06
 4.62963e-06
 4.62963e-06
 4.62963e-06
 4.62963e-06
 4.62963e-06
 4.62963e-06
 4.62963e-06
 4.62963e-06
 2.31481e-06
 4.62963e-06
 4.62963e-06
 4.62963e-06
 4.62963e-06
 4.62963e-06
 4.62963e-06
 4.62963e-06
 4.62963e-06
 4.62963e-06
 4.62963e-06
 4.62963e-06
 4.62963e-06
 4.62963e-06
 4.62963e-06
 4.62963e-06
 4.62963e-06
 4.62963e-06
 2.31481e-06
 4.62963e-06
 4.62963e-06
 4.62963e-06
 4.62963e-06
 4.62963e-06
 4.62963e-06
 4.62963e-06
 4.62963e-06
 4.62963e-06
 4.62963e-06
 4.62963e-06
 4.62963e-06
 4.62963e-06
 4.62963e-06
 4.62963e-06
 4.62963e-06
 4.62963e-06
 2.31481e-06
 4.62963e-06
 4.62963e-06
 4.62963e-06
 4.62963e-06
 4.62963e-06
 4.62963e-06
 4.62963e-06
 4.62963e-06
 4.62963e-06
 4.62963e-06
 4.62963e-06
 4.62963e-06
 4.62963e-06
 4.62963e-06
 4.62963e-06
 4.62963e-06
 4.62963e-06
 2.31481e-06
 4.62963e-06
 4.62963e-06
 4.62963e-06
 4.62963e-06
 4.62963e-06
 4.62963e-06
 4.62963e-06
 4.62963e-06
 4.62963e-06
 4.62963e-06
 4.62963e-06
 4.62963e-06
 4.62963e-06
 4.62963e-06
 4.62963e-06
 4.62963e-06
 4.62963e-06
 2.31481e-06
 4.62963e-06
 4.62963e-06
 4.62963e-06
 4.62963e-06
 4.62963e-06
 4.62963e-06
 4.62963e-06
 4.62963e-06
 4.62963e-06
 4.62963e-06
 4.62963e-06
 4.62963e-06
 4.62963e-06
 4.62963e-06
 4.62963e-06
 4.62963e-06
 4.62963e-06
 2.31481e-06
 4.62963e-06
 4.62963e-06
 4.62963e-06
 4.62963e-06
 4.62963e-06
 4.62963e-06
 4.62963e-06
 4.62963e-06
 4.62963e-06
 4.62963e-06
 4.62963e-06
 4.62963e-06
 4.62963e-06
 4.62963e-06
 4.62963e-06
 4.62963e-06
 4.62963e-06
 2.31481e-06
 4.62963e-06
 4.62963e-06
 4.62963e-06
 4.62963e-06
 4.62963e-06
 4.62963e-06
 4.62963e-06
 4.62963e-06
 4.62963e-06
 4.62963e-06
 4.62963e-06
 4.62963e-06
 4.62963e-06
 4.62963e-06
 4.62963e-06
 4.62963e-06
 4.62963e-06
 2.31481e-06
 4.62963e-06
 4.62963e-06
 4.62963e-06
 4.62963e-06
 4.62963e-06
 4.62963e-06
 4.62963e-06
 4.62963e-06
 4.62963e-06
 4.62963e-06
 4.62963e-06
 4.62963e-06
 4.62963e-06
 4.62963e-06
 4.62963e-06
 4.62963e-06
 4.62963e-06
 2.31481e-06
 4.62963e-06
 4.62963e-06
 4.62963e-06
 4.62963e-06
 4.62963e-06
 4.62963e-06
 4.62963e-06
 4.62963e-06
 4.62963e-06
 4.62963e-06
 4.62963e-06
 4.62963e-06
 4.62963e-06
 4.62963e-06
 4.62963e-06
 4.62963e-06
 4.62963e-06
 2.31481e-06
 2.31481e-06
 2.31481e-06
 2.31481e-06
 2.31481e-06
 2.31481e-06
 2.31481e-06
 2.31481e-06
 2.31481e-06
 2.31481e-06
 2.31481e-06
 2.31481e-06
 2.31481e-06
 2.31481e-06
 2.31481e-06
 2.31481e-06
 2.31481e-06
 2.31481e-06
 1.15741e-06
 4.64898e-06
 4.63738e-06
 4.63251e-06
 4.63061e-06
 4.62994e-06
 4.62972e-06
 4.62965e-06
 4.62964e-06
 4.62963e-06
 4.62963e-06
 4.62963e-06
 4.62963e-06
 4.62963e-06
 4.62963e-06
 4.62963e-06
 4.62963e-06
 4.62963e-06
 2.31481e-06
 4.63738e-06
 4.63273e-06
 4.63078e-06
 4.63003e-06
 4.62976e-06
 4.62967e-06
 4.62964e-06
 4.62963e-06
 4.62963e-06
 4.62963e-06
 4.62963e-06
 4.62963e-06
 4.62963e-06
 4.62963e-06
 4.62963e-06
 4.62963e-06
 4.62963e-06
 2.31481e-06
 4.63251e-06
 4.63078e-06
 4.63006e-06
 4.62978e-06
 4.62968e-06
 4.62964e-06
 4.62963e-06
 4.62963e-06
 4.62963e-06
 4.62963e-06
 4.62963e-06
 4.62963e-06
 4.62963e-06
 4.62963e-06
 4.62963e-06
 4.62963e-06
 4.62963e-06
 2.31481e-06
 4.63061e-06
 4.63003e-06
 4.62978e-06
 4.62968e-06
 4.62965e-06
 4.62963e-06
 4.62963e-06
 4.62963e-06
 4.62963e-06
 4.62963e-06
 4.62963e-06
 4.62963e-06
 4.62963e-06
 4.62963e-06
 4.62963e-06
 4.62963e-06
 4.62963e-06
 2.31481e-06
 4.62994e-06
 4.62976e-06
 4.62968e-06
 4.62965e-06
 4.62964e-06
 4.62963e-06
 4.62963e-06
 4.62963e-06
 4.62963e-06
 4.62963e-06
 4.62963e-06
 4.62963e-06
 4.62963e-06
 4.62963e-06
 4.62963e-06
 4.62963e-06
 4.62963e-06
 2.31481e-06
 4.62972e-06
 4.62967e-06
 4.62964e-06
 4.62963e-06
 4.62963e-06
 4.62963e-06
 4.62963e-06
 4.62963e-06
 4.62963e-06
 4.62963e-06
 4.62963e-06
 4.62963e-06
 4.62963e-06
 4.62963e-06
 4.62963e-06
 4.62963e-06
 4.62963e-06
 2.31481e-06
 4.62965e-06
 4.62964e-06
 4.62963e-06
 4.62963e-06
 4.62963e-06
 4.62963e-06
 4.62963e-06
 4.62963e-06
 4.62963e-06
 4.62963e-06
 4.62963e-06
 4.62963e-06
 4.62963e-06
 4.62963e-06
 4.62963e-06
 4.62963e-06
 4.62963e-06
 2.31481e-06
 4.62964e-06
 4.62963e-06
 4.62963e-06
 4.62963e-06
 4.62963e-06
 4.62963e-06
 4.62963e-06
 4.62963e-06
 4.62963e-06
 4.62963e-06
 4.62963e-06
 4.62963e-06
 4.62963e-06
 4.62963e-06
 4.62963e-06
 4.62963e-06
 4.62963e-06
 2.31481e-06
 4.62963e-06
 4.62963e-06
 4.62963e-06
 4.62963e-06
 4.62963e-06
 4.62963e-06
 4.62963e-06
 4.62963e-06
 4.62963e-06
 4.62963e-06
 4.62963e-06
 4.62963e-06
 4.62963e-06
 4.62963e-06
 4.62963e-06
 4.62963e-06
 4.62963e-06
 2.31481e-06
 4.62963e-06
 4.62963e-06
 4.62963e-06
 4.62963e-06
 4.62963e-06
 4.62963e-06
 4.62963e-06
 4.62963e-06
 4.62963e-06
 4.62963e-06
 4.62963e-06
 4.62963e-06
 4.62963e-06
 4.62963e-06
 4.62963e-06
 4.62963e-06
 4.62963e-06
 2.31481e-06
 4.62963e-06
 4.62963e-06
 4.62963e-06
 4.62963e-06
 4.62963e-06
 4.62963e-06
 4.62963e-06
 4.62963e-06
 4.62963e-06
 4.62963e-06
 4.62963e-06
 4.62963e-06
 4.62963e-06
 4.62963e-06
 4.62963e-06
 4.62963e-06
 4.62963e-06
 2.31481e-06
 4.62963e-06
 4.62963e-06
 4.62963e-06
 4.62963e-06
 4.62963e-06
 4.62963e-06
 4.62963e-06
 4.62963e-06
 4.62963e-06
 4.62963e-06
 4.62963e-06
 4.62963e-06
 4.62963e-06
 4.62963e-06
 4.62963e-06
 4.62963e-06
 4.62963e-06
 2.31481e-06
 4.62963e-06
 4.62963e-06
 4.62963e-06
 4.62963e-06
 4.62963e-06
 4.62963e-06
 4.62963e-06
 4.62963e-06
 4.62963e-06
 4.62963e-06
 4.62963e-06
 4.62963e-06
 4.62963e-06
 4.62963e-06
 4.62963e-06
 4.62963e-06
 4.62963e-06
 2.31481e-06
 4.62963e-06
 4.62963e-06
 4.62963e-06
 4.62963e-06
 4.62963e-06
 4.62963e-06
 4.62963e-06
 4.62963e-06
 4.62963e-06
 4.62963e-06
 4.62963e-06
 4.62963e-06
 4.62963e-06
 4.62963e-06
 4.62963e-06
 4.62963e-06
 4.62963e-06
 2.31481e-06
 4.62963e-06
 4.62963e-06
 4.62963e-06
 4.62963e-06
 4.62963e-06
 4.62963e-06
 4.62963e-06
 4.62963e-06
 4.62963e-06
 4.62963e-06
 4.62963e-06
 4.62963e-06
 4.62963e-06
 4.62963e-06
 4.62963e-06
 4.62963e-06
 4.62963e-06
 2.31481e-06
 4.62963e-06
 4.62963e-06
 4.62963e-06
 4.62963e-06
 4.62963e-06
 4.62963e-06
 4.62963e-06
 4.62963e-06
 4.62963e-06
 4.62963e-06
 4.62963e-06
 4.62963e-06
 4.62963e-06
 4.62963e-06
 4.62963e-06
 4.62963e-06
 4.62963e-06
 2.31481e-06
 4.62963e-06
 4.62963e-06
 4.62963e-06
 4.62963e-06
 4.62963e-06
 4.62963e-06
 4.62963e-06
 4.62963e-06
 4.62963e-06
 4.62963e-06
 4.62963e-06
 4.62963e-06
 4.62963e-06
 4.62963e-06
 4.62963e-06
 4.62963e-06
 4.62963e-06
 2.31481e-06
 2.31481e-06
 2.31481e-06
 2.31481e-06
 2.31481e-06
 2.31481e-06
 2.31481e-06
 2.31481e-06
 2.31481e-06
 2.31481e-06
 2.31481e-06
 2.31481e-06
 2.31481e-06
 2.31481e-06
 2.31481e-06
 2.31481e-06
 2.31481e-06
 2.31481e-06
 1.15741e-06
 4.63626e-06
 4.63228e-06
 4.63061e-06
 4.62997e-06
 4.62974e-06
 4.62966e-06
 4.62964e-06
 4.62963e-06
 4.62963e-06
 4.62963e-06
 4.62963e-06
 4.62963e-06
 4.62963e-06
 4.62963e-06
 4.62963e-06
 4.62963e-06
 4.62963e-06
 2.31481e-06
 4.63228e-06
 4.63069e-06
 4.63003e-06
 4.62977e-06
 4.62967e-06
 4.62964e-06
 4.62963e-06
 4.62963e-06
 4.62963e-06
 4.62963e-06
 4.62963e-06
 4.62963e-06
 4.62963e-06
 4.62963e-06
 4.62963e-06
 4.62963e-06
 4.62963e-06
 2.31481e-06
 4.63061e-06
 4.63003e-06
 4.62978e-06
 4.62968e-06
 4.62965e-06
 4.62963e-06
 4.62963e-06
 4.62963e-06
 4.62963e-06
 4.62963e-06
 4.62963e-06
 4.62963e-06
 4.62963e-06
 4.62963e-06
 4.62963e-06
 4.62963e-06
 4.62963e-06
 2.31481e-06
 4.62997e-06
 4.62977e-06
 4.62968e-06
 4.62965e-06
 4.62964e-06
 4.62963e-06
 4.62963e-06
 4.62963e-06
 4.62963e-06
 4.62963e-06
 4.62963e-06
 4.62963e-06
 4.62963e-06
 4.62963e-06
 4.62963e-06
 4.62963e-06
 4.62963e-06
 2.31481e-06
 4.62974e-06
 4.62967e-06
 4.62965e-06
 4.62964e-06
 4.62963e-06
 4.62963e-06
 4.62963e-06
 4.62963e-06
 4.62963e-06
 4.62963e-06
 4.62963e-06
 4.62963e-06
 4.62963e-06
 4.62963e-06
 4.62963e-06
 4.62963e-06
 4.62963e-06
 2.31481e-06
 4.62966e-06
 4.62964e-06
 4.62963e-06
 4.62963e-06
 4.62963e-06
 4.62963e-06
 4.62963e-06
 4.62963e-06
 4.62963e-06
 4.62963e-06
 4.62963e-06
 4.62963e-06
 4.62963e-06
 4.62963e-06
 4.62963e-06
 4.62963e-06
 4.62963e-06
 2.31481e-06
 4.62964e-06
 4.62963e-06
 4.62963e-06
 4.62963e-06
 4.62963e-06
 4.62963e-06
 4.62963e-06
 4.62963e-06
 4.62963e-06
 4.62963e-06
 4.62963e-06
 4.62963e-06
 4.62963e-06
 4.62963e-06
 4.62963e-06
 4.62963e-06
 4.62963e-06
 2.31481e-06
 4.62963e-06
 4.62963e-06
 4.62963e-06
 4.62963e-06
 4.62963e-06
 4.62963e-06
 4.62963e-06
 4.62963e-06
 4.62963e-06
 4.62963e-06
 4.62963e-06
 4.62963e-06
 4.62963e-06
 4.62963e-06
 4.62963e-06
 4.62963e-06
 4.62963e-06
 2.31481e-06
 4.62963e-06
 4.62963e-06
 4.62963e-06
 4.62963e-06
 4.62963e-06
 4.62963e-06
 4.62963e-06
 4.62963e-06
 4.62963e-06
 4.62963e-06
 4.62963e-06
 4.62963e-06
 4.62963e-06
 4.62963e-06
 4.62963e-06
 4.62963e-06
 4.62963e-06
 2.31481e-06
 4.62963e-06
 4.62963e-06
 4.62963e-06
 4.62963e-06
 4.62963e-06
 4.62963e-06
 4.62963e-06
 4.62963e-06
 4.62963e-06
 4.62963e-06
 4.62963e-06
 4.62963e-06
 4.62963e-06
 4.62963e-06
 4.62963e-06
 4.62963e-06
 4.62963e-06
 2.31481e-06
 4.62963e-06
 4.62963e-06
 4.62963e-06
 4.62963e-06
 4.62963e-06
 4.62963e-06
 4.62963e-06
 4.62963e-06
 4.62963e-06
 4.62963e-06
 4.62963e-06
 4.62963e-06
 4.62963e-06
 4.62963e-06
 4.62963e-06
 4.62963e-06
 4.62963e-06
 2.31481e-06
 4.62963e-06
 4.62963e-06
 4.62963e-06
 4.62963e-06
 4.62963e-06
 4.62963e-06
 4.62963e-06
 4.62963e-06
 4.62963e-06
 4.62963e-06
 4.62963e-06
 4.62963e-06
 4.62963e-06
 4.62963e-06
 4.62963e-06
 4.62963e-06
 4.62963e-06
 2.31481e-06
 4.62963e-06
 4.62963e-06
 4.62963e-06
 4.62963e-06
 4.62963e-06
 4.62963e-06
 4.62963e-06
 4.62963e-06
 4.62963e-06
 4.62963e-06
 4.62963e-06
 4.62963e-06
 4.62963e-06
 4.62963e-06
 4.62963e-06
 4.62963e-06
 4.62963e-06
 2.31481e-06
 4.62963e-06
 4.62963e-06
 4.62963e-06
 4.62963e-06
 4.62963e-06
 4.62963e-06
 4.62963e-06
 4.62963e-06
 4.62963e-06
 4.62963e-06
 4.62963e-06
 4.62963e-06
 4.62963e-06
 4.62963e-06
 4.62963e-06
 4.62963e-06
 4.62963e-06
 2.31481e-06
 4.62963e-06
 4.62963e-06
 4.62963e-06
 4.62963e-06
 4.62963e-06
 4.62963e-06
 4.62963e-06
 4.62963e-06
 4.62963e-06
 4.62963e-06
 4.62963e-06
 4.62963e-06
 4.62963e-06
 4.62963e-06
 4.62963e-06
 4.62963e-06
 4.62963e-06
 2.31481e-06
 4.62963e-06
 4.62963e-06
 4.62963e-06
 4.62963e-06
 4.62963e-06
 4.62963e-06
 4.62963e-06
 4.62963e-06
 4.62963e-06
 4.62963e-06
 4.62963e-06
 4.62963e-06
 4.62963e-06
 4.62963e-06
 4.62963e-06
 4.62963e-06
 4.62963e-06
 2.31481e-06
 4.62963e-06
 4.62963e-06
 4.62963e-06
 4.62963e-06
 4.62963e-06
 4.62963e-06
 4.62963e-06
 4.62963e-06
 4.62963e-06
 4.62963e-06
 4.62963e-06
 4.62963e-06
 4.62963e-06
 4.62963e-06
 4.62963e-06
 4.62963e-06
 4.62963e-06
 2.31481e-06
 2.31481e-06
 2.31481e-06
 2.31481e-06
 2.31481e-06
 2.31481e-06
 2.31481e-06
 2.31481e-06
 2.31481e-06
 2.31481e-06
 2.31481e-06
 2.31481e-06
 2.31481e-06
 2.31481e-06
 2.31481e-06
 2.31481e-06
 2.31481e-06
 2.31481e-06
 1.15741e-06
 4.63171e-06
 4.63046e-06
 4.62994e-06
 4.62974e-06
 4.62966e-06
 4.62964e-06
 4.62963e-06
 4.62963e-06
 4.62963e-06
 4.62963e-06
 4.62963e-06
 4.62963e-06
 4.62963e-06
 4.62963e-06
 4.62963e-06
 4.62963e-06
 4.62963e-06
 2.31481e-06
 4.63046e-06
 4.62997e-06
 4.62976e-06
 4.62967e-06
 4.62964e-06
 4.62963e-06
 4.62963e-06
 4.62963e-06
 4.62963e-06
 4.62963e-06
 4.62963e-06
 4.62963e-06
 4.62963e-06
 4.62963e-06
 4.62963e-06
 4.62963e-06
 4.62963e-06
 2.31481e-06
 4.62994e-06
 4.62976e-06
 4.62968e-06
 4.62965e-06
 4.62964e-06
 4.62963e-06
 4.62963e-06
 4.62963e-06
 4.62963e-06
 4.62963e-06
 4.62963e-06
 4.62963e-06
 4.62963e-06
 4.62963e-06
 4.62963e-06
 4.62963e-06
 4.62963e-06
 2.31481e-06
 4.62974e-06
 4.62967e-06
 4.62965e-06
 4.62964e-06
 4.62963e-06
 4.62963e-06
 4.62963e-06
 4.62963e-06
 4.62963e-06
 4.62963e-06
 4.62963e-06
 4.62963e-06
 4.62963e-06
 4.62963e-06
 4.62963e-06
 4.62963e-06
 4.62963e-06
 2.31481e-06
 4.62966e-06
 4.62964e-06
 4.62964e-06
 4.62963e-06
 4.62963e-06
 4.62963e-06
 4.62963e-06
 4.62963e-06
 4.62963e-06
 4.62963e-06
 4.62963e-06
 4.62963e-06
 4.62963e-06
 4.62963e-06
 4.62963e-06
 4.62963e-06
 4.62963e-06
 2.31481e-06
 4.62964e-06
 4.62963e-06
 4.62963e-06
 4.62963e-06
 4.62963e-06
 4.62963e-06
 4.62963e-06
 4.62963e-06
 4.62963e-06
 4.62963e-06
 4.62963e-06
 4.62963e-06
 4.62963e-06
 4.62963e-06
 4.62963e-06
 4.62963e-06
 4.62963e-06
 2.31481e-06
 4.62963e-06
 4.62963e-06
 4.62963e-06
 4.62963e-06
 4.62963e-06
 4.62963e-06
 4.62963e-06
 4.62963e-06
 4.62963e-06
 4.62963e-06
 4.62963e-06
 4.62963e-06
 4.62963e-06
 4.62963e-06
 4.62963e-06
 4.62963e-06
 4.62963e-06
 2.31481e-06
 4.62963e-06
 4.62963e-06
 4.62963e-06
 4.62963e-06
 4.62963e-06
 4.62963e-06
 4.62963e-06
 4.62963e-06
 4.62963e-06
 4.62963e-06
 4.62963e-06
 4.62963e-06
 4.62963e-06
 4.62963e-06
 4.62963e-06
 4.62963e-06
 4.62963e-06
 2.31481e-06
 4.62963e-06
 4.62963e-06
 4.62963e-06
 4.62963e-06
 4.62963e-06
 4.62963e-06
 4.62963e-06
 4.62963e-06
 4.62963e-06
 4.62963e-06
 4.62963e-06
 4.62963e-06
 4.62963e-06
 4.62963e-06
 4.62963e-06
 4.62963e-06
 4.62963e-06
 2.31481e-06
 4.62963e-06
 4.62963e-06
 4.62963e-06
 4.62963e-06
 4.62963e-06
 4.62963e-06
 4.62963e-06
 4.62963e-06
 4.62963e-06
 4.62963e-06
 4.62963e-06
 4.62963e-06
 4.62963e-06
 4.62963e-06
 4.62963e-06
 4.62963e-06
 4.62963e-06
 2.31481e-06
 4.62963e-06
 4.62963e-06
 4.62963e-06
 4.62963e-06
 4.62963e-06
 4.62963e-06
 4.62963e-06
 4.62963e-06
 4.62963e-06
 4.62963e-06
 4.62963e-06
 4.62963e-06
 4.62963e-06
 4.62963e-06
 4.62963e-06
 4.62963e-06
 4.62963e-06
 2.31481e-06
 4.62963e-06
 4.62963e-06
 4.62963e-06
 4.62963e-06
 4.62963e-06
 4.62963e-06
 4.62963e-06
 4.62963e-06
 4.62963e-06
 4.62963e-06
 4.62963e-06
 4.62963e-06
 4.62963e-06
 4.62963e-06
 4.62963e-06
 4.62963e-06
 4.62963e-06
 2.31481e-06
 4.62963e-06
 4.62963e-06
 4.62963e-06
 4.62963e-06
 4.62963e-06
 4.62963e-06
 4.62963e-06
 4.62963e-06
 4.62963e-06
 4.62963e-06
 4.62963e-06
 4.62963e-06
 4.62963e-06
 4.62963e-06
 4.62963e-06
 4.62963e-06
 4.62963e-06
 2.31481e-06
 4.62963e-06
 4.62963e-06
 4.62963e-06
 4.62963e-06
 4.62963e-06
 4.62963e-06
 4.62963e-06
 4.62963e-06
 4.62963e-06
 4.62963e-06
 4.62963e-06
 4.62963e-06
 4.62963e-06
 4.62963e-06
 4.62963e-06
 4.62963e-06
 4.62963e-06
 2.31481e-06
 4.62963e-06
 4.62963e-06
 4.62963e-06
 4.62963e-06
 4.62963e-06
 4.62963e-06
 4.62963e-06
 4.62963e-06
 4.62963e-06
 4.62963e-06
 4.62963e-06
 4.62963e-06
 4.62963e-06
 4.62963e-06
 4.62963e-06
 4.62963e-06
 4.62963e-06
 2.31481e-06
 4.62963e-06
 4.62963e-06
 4.62963e-06
 4.62963e-06
 4.62963e-06
 4.62963e-06
 4.62963e-06
 4.62963e-06
 4.62963e-06
 4.62963e-06
 4.62963e-06
 4.62963e-06
 4.62963e-06
 4.62963e-06
 4.62963e-06
 4.62963e-06
 4.62963e-06
 2.31481e-06
 4.62963e-06
 4.62963e-06
 4.62963e-06
 4.62963e-06
 4.62963e-06
 4.62963e-06
 4.62963e-06
 4.62963e-06
 4.62963e-06
 4.62963e-06
 4.62963e-06
 4.62963e-06
 4.62963e-06
 4.62963e-06
 4.62963e-06
 4.62963e-06
 4.62963e-06
 2.31481e-06
 2.31481e-06
 2.31481e-06
 2.31481e-06
 2.31481e-06
 2.31481e-06
 2.31481e-06
 2.31481e-06
 2.31481e-06
 2.31481e-06
 2.31481e-06
 2.31481e-06
 2.31481e-06
 2.31481e-06
 2.31481e-06
 2.31481e-06
 2.31481e-06
 2.31481e-06
 1.15741e-06
 4.63023e-06
 4.62987e-06
 4.62972e-06
 4.62966e-06
 4.62964e-06
 4.62963e-06
 4.62963e-06
 4.62963e-06
 4.62963e-06
 4.62963e-06
 4.62963e-06
 4.62963e-06
 4.62963e-06
 4.62963e-06
 4.62963e-06
 4.62963e-06
 4.62963e-06
 2.31481e-06
 4.62987e-06
 4.62973e-06
 4.62967e-06
 4.62964e-06
 4.62963e-06
 4.62963e-06
 4.62963e-06
 4.62963e-06
 4.62963e-06
 4.62963e-06
 4.62963e-06
 4.62963e-06
 4.62963e-06
 4.62963e-06
 4.62963e-06
 4.62963e-06
 4.62963e-06
 2.31481e-06
 4.62972e-06
 4.62967e-06
 4.62964e-06
 4.62963e-06
 4.62963e-06
 4.62963e-06
 4.62963e-06
 4.62963e-06
 4.62963e-06
 4.62963e-06
 4.62963e-06
 4.62963e-06
 4.62963e-06
 4.62963e-06
 4.62963e-06
 4.62963e-06
 4.62963e-06
 2.31481e-06
 4.62966e-06
 4.62964e-06
 4.62963e-06
 4.62963e-06
 4.62963e-06
 4.62963e-06
 4.62963e-06
 4.62963e-06
 4.62963e-06
 4.62963e-06
 4.62963e-06
 4.62963e-06
 4.62963e-06
 4.62963e-06
 4.62963e-06
 4.62963e-06
 4.62963e-06
 2.31481e-06
 4.62964e-06
 4.62963e-06
 4.62963e-06
 4.62963e-06
 4.62963e-06
 4.62963e-06
 4.62963e-06
 4.62963e-06
 4.62963e-06
 4.62963e-06
 4.62963e-06
 4.62963e-06
 4.62963e-06
 4.62963e-06
 4.62963e-06
 4.62963e-06
 4.62963e-06
 2.31481e-06
 4.62963e-06
 4.62963e-06
 4.62963e-06
 4.62963e-06
 4.62963e-06
 4.62963e-06
 4.62963e-06
 4.62963e-06
 4.62963e-06
 4.62963e-06
 4.62963e-06
 4.62963e-06
 4.62963e-06
 4.62963e-06
 4.62963e-06
 4.62963e-06
 4.62963e-06
 2.31481e-06
 4.62963e-06
 4.62963e-06
 4.62963e-06
 4.62963e-06
 4.62963e-06
 4.62963e-06
 4.62963e-06
 4.62963e-06
 4.62963e-06
 4.62963e-06
 4.62963e-06
 4.62963e-06
 4.62963e-06
 4.62963e-06
 4.62963e-06
 4.62963e-06
 4.62963e-06
 2.31481e-06
 4.62963e-06
 4.62963e-06
 4.62963e-06
 4.62963e-06
 4.62963e-06
 4.62963e-06
 4.62963e-06
 4.62963e-06
 4.62963e-06
 4.62963e-06
 4.62963e-06
 4.62963e-06
 4.62963e-06
 4.62963e-06
 4.62963e-06
 4.62963e-06
 4.62963e-06
 2.31481e-06
 4.62963e-06
 4.62963e-06
 4.62963e-06
 4.62963e-06
 4.62963e-06
 4.62963e-06
 4.62963e-06
 4.62963e-06
 4.62963e-06
 4.62963e-06
 4.62963e-06
 4.62963e-06
 4.62963e-06
 4.62963e-06
 4.62963e-06
 4.62963e-06
 4.62963e-06
 2.31481e-06
 4.62963e-06
 4.62963e-06
 4.62963e-06
 4.62963e-06
 4.62963e-06
 4.62963e-06
 4.62963e-06
 4.62963e-06
 4.62963e-06
 4.62963e-06
 4.62963e-06
 4.62963e-06
 4.62963e-06
 4.62963e-06
 4.62963e-06
 4.62963e-06
 4.62963e-06
 2.31481e-06
 4.62963e-06
 4.62963e-06
 4.62963e-06
 4.62963e-06
 4.62963e-06
 4.62963e-06
 4.62963e-06
 4.62963e-06
 4.62963e-06
 4.62963e-06
 4.62963e-06
 4.62963e-06
 4.62963e-06
 4.62963e-06
 4.62963e-06
 4.62963e-06
 4.62963e-06
 2.31481e-06
 4.62963e-06
 4.62963e-06
 4.62963e-06
 4.62963e-06
 4.62963e-06
 4.62963e-06
 4.62963e-06
 4.62963e-06
 4.62963e-06
 4.62963e-06
 4.62963e-06
 4.62963e-06
 4.62963e-06
 4.62963e-06
 4.62963e-06
 4.62963e-06
 4.62963e-06
 2.31481e-06
 4.62963e-06
 4.62963e-06
 4.62963e-06
 4.62963e-06
 4.62963e-06
 4.62963e-06
 4.62963e-06
 4.62963e-06
 4.62963e-06
 4.62963e-06
 4.62963e-06
 4.62963e-06
 4.62963e-06
 4.62963e-06
 4.62963e-06
 4.62963e-06
 4.62963e-06
 2.31481e-06
 4.62963e-06
 4.62963e-06
 4.62963e-06
 4.62963e-06
 4.62963e-06
 4.62963e-06
 4.62963e-06
 4.62963e-06
 4.62963e-06
 4.62963e-06
 4.62963e-06
 4.62963e-06
 4.62963e-06
 4.62963e-06
 4.62963e-06
 4.62963e-06
 4.62963e-06
 2.31481e-06
 4.62963e-06
 4.62963e-06
 4.62963e-06
 4.62963e-06
 4.62963e-06
 4.62963e-06
 4.62963e-06
 4.62963e-06
 4.62963e-06
 4.62963e-06
 4.62963e-06
 4.62963e-06
 4.62963e-06
 4.62963e-06
 4.62963e-06
 4.62963e-06
 4.62963e-06
 2.31481e-06
 4.62963e-06
 4.62963e-06
 4.62963e-06
 4.62963e-06
 4.62963e-06
 4.62963e-06
 4.62963e-06
 4.62963e-06
 4.62963e-06
 4.62963e-06
 4.62963e-06
 4.62963e-06
 4.62963e-06
 4.62963e-06
 4.62963e-06
 4.62963e-06
 4.62963e-06
 2.31481e-06
 4.62963e-06
 4.62963e-06
 4.62963e-06
 4.62963e-06
 4.62963e-06
 4.62963e-06
 4.62963e-06
 4.62963e-06
 4.62963e-06
 4.62963e-06
 4.62963e-06
 4.62963e-06
 4.62963e-06
 4.62963e-06
 4.62963e-06
 4.62963e-06
 4.62963e-06
 2.31481e-06
 2.31481e-06
 2.31481e-06
 2.31481e-06
 2.31481e-06
 2.31481e-06
 2.31481e-06
 2.31481e-06
 2.31481e-06
 2.31481e-06
 2.31481e-06
 2.31481e-06
 2.31481e-06
 2.31481e-06
 2.31481e-06
 2.31481e-06
 2.31481e-06
 2.31481e-06
 1.15741e-06
 4.62979e-06
 4.62969e-06
 4.62965e-06
 4.62964e-06
 4.62963e-06
 4.62963e-06
 4.62963e-06
 4.62963e-06
 4.62963e-06
 4.62963e-06
 4.62963e-06
 4.62963e-06
 4.62963e-06
 4.62963e-06
 4.62963e-06
 4.62963e-06
 4.62963e-06
 2.31481e-06
 4.62969e-06
 4.62966e-06
 4.62964e-06
 4.62963e-06
 4.62963e-06
 4.62963e-06
 4.62963e-06
 4.62963e-06
 4.62963e-06
 4.62963e-06
 4.62963e-06
 4.62963e-06
 4.62963e-06
 4.62963e-06
 4.62963e-06
 4.62963e-06
 4.62963e-06
 2.31481e-06
 4.62965e-06
 4.62964e-06
 4.62963e-06
 4.62963e-06
 4.62963e-06
 4.62963e-06
 4.62963e-06
 4.62963e-06
 4.62963e-06
 4.62963e-06
 4.62963e-06
 4.62963e-06
 4.62963e-06
 4.62963e-06
 4.62963e-06
 4.62963e-06
 4.62963e-06
 2.31481e-06
 4.62964e-06
 4.62963e-06
 4.62963e-06
 4.62963e-06
 4.62963e-06
 4.62963e-06
 4.62963e-06
 4.62963e-06
 4.62963e-06
 4.62963e-06
 4.62963e-06
 4.62963e-06
 4.62963e-06
 4.62963e-06
 4.62963e-06
 4.62963e-06
 4.62963e-06
 2.31481e-06
 4.62963e-06
 4.62963e-06
 4.62963e-06
 4.62963e-06
 4.62963e-06
 4.62963e-06
 4.62963e-06
 4.62963e-06
 4.62963e-06
 4.62963e-06
 4.62963e-06
 4.62963e-06
 4.62963e-06
 4.62963e-06
 4.62963e-06
 4.62963e-06
 4.62963e-06
 2.31481e-06
 4.62963e-06
 4.62963e-06
 4.62963e-06
 4.62963e-06
 4.62963e-06
 4.62963e-06
 4.62963e-06
 4.62963e-06
 4.62963e-06
 4.62963e-06
 4.62963e-06
 4.62963e-06
 4.62963e-06
 4.62963e-06
 4.62963e-06
 4.62963e-06
 4.62963e-06
 2.31481e-06
 4.62963e-06
 4.62963e-06
 4.62963e-06
 4.62963e-06
 4.62963e-06
 4.62963e-06
 4.62963e-06
 4.62963e-06
 4.62963e-06
 4.62963e-06
 4.62963e-06
 4.62963e-06
 4.62963e-06
 4.62963e-06
 4.62963e-06
 4.62963e-06
 4.62963e-06
 2.31481e-06
 4.62963e-06
 4.62963e-06
 4.62963e-06
 4.62963e-06
 4.62963e-06
 4.62963e-06
 4.62963e-06
 4.62963e-06
 4.62963e-06
 4.62963e-06
 4.62963e-06
 4.62963e-06
 4.62963e-06
 4.62963e-06
 4.62963e-06
 4.62963e-06
 4.62963e-06
 2.31481e-06
 4.62963e-06
 4.62963e-06
 4.62963e-06
 4.62963e-06
 4.62963e-06
 4.62963e-06
 4.62963e-06
 4.62963e-06
 4.62963e-06
 4.62963e-06
 4.62963e-06
 4.62963e-06
 4.62963e-06
 4.62963e-06
 4.62963e-06
 4.62963e-06
 4.62963e-06
 2.31481e-06
 4.62963e-06
 4.62963e-06
 4.62963e-06
 4.62963e-06
 4.62963e-06
 4.62963e-06
 4.62963e-06
 4.62963e-06
 4.62963e-06
 4.62963e-06
 4.62963e-06
 4.62963e-06
 4.62963e-06
 4.62963e-06
 4.62963e-06
 4.62963e-06
 4.62963e-06
 2.31481e-06
 4.62963e-06
 4.62963e-06
 4.62963e-06
 4.62963e-06
 4.62963e-06
 4.62963e-06
 4.62963e-06
 4.62963e-06
 4.62963e-06
 4.62963e-06
 4.62963e-06
 4.62963e-06
 4.62963e-06
 4.62963e-06
 4.62963e-06
 4.62963e-06
 4.62963e-06
 2.31481e-06
 4.62963e-06
 4.62963e-06
 4.62963e-06
 4.62963e-06
 4.62963e-06
 4.62963e-06
 4.62963e-06
 4.62963e-06
 4.62963e-06
 4.62963e-06
 4.62963e-06
 4.62963e-06
 4.62963e-06
 4.62963e-06
 4.62963e-06
 4.62963e-06
 4.62963e-06
 2.31481e-06
 4.62963e-06
 4.62963e-06
 4.62963e-06
 4.62963e-06
 4.62963e-06
 4.62963e-06
 4.62963e-06
 4.62963e-06
 4.62963e-06
 4.62963e-06
 4.62963e-06
 4.62963e-06
 4.62963e-06
 4.62963e-06
 4.62963e-06
 4.62963e-06
 4.62963e-06
 2.31481e-06
 4.62963e-06
 4.62963e-06
 4.62963e-06
 4.62963e-06
 4.62963e-06
 4.62963e-06
 4.62963e-06
 4.62963e-06
 4.62963e-06
 4.62963e-06
 4.62963e-06
 4.62963e-06
 4.62963e-06
 4.62963e-06
 4.62963e-06
 4.62963e-06
 4.62963e-06
 2.31481e-06
 4.62963e-06
 4.62963e-06
 4.62963e-06
 4.62963e-06
 4.62963e-06
 4.62963e-06
 4.62963e-06
 4.62963e-06
 4.62963e-06
 4.62963e-06
 4.62963e-06
 4.62963e-06
 4.62963e-06
 4.62963e-06
 4.62963e-06
 4.62963e-06
 4.62963e-06
 2.31481e-06
 4.62963e-06
 4.62963e-06
 4.62963e-06
 4.62963e-06
 4.62963e-06
 4.62963e-06
 4.62963e-06
 4.62963e-06
 4.62963e-06
 4.62963e-06
 4.62963e-06
 4.62963e-06
 4.62963e-06
 4.62963e-06
 4.62963e-06
 4.62963e-06
 4.62963e-06
 2.31481e-06
 4.62963e-06
 4.62963e-06
 4.62963e-06
 4.62963e-06
 4.62963e-06
 4.62963e-06
 4.62963e-06
 4.62963e-06
 4.62963e-06
 4.62963e-06
 4.62963e-06
 4.62963e-06
 4.62963e-06
 4.62963e-06
 4.62963e-06
 4.62963e-06
 4.62963e-06
 2.31481e-06
 2.31481e-06
 2.31481e-06
 2.31481e-06
 2.31481e-06
 2.31481e-06
 2.31481e-06
 2.31481e-06
 2.31481e-06
 2.31481e-06
 2.31481e-06
 2.31481e-06
 2.31481e-06
 2.31481e-06
 2.31481e-06
 2.31481e-06
 2.31481e-06
 2.31481e-06
 1.15741e-06
 4.62967e-06
 4.62965e-06
 4.62964e-06
 4.62963e-06
 4.62963e-06
 4.62963e-06
 4.62963e-06
 4.62963e-06
 4.62963e-06
 4.62963e-06
 4.62963e-06
 4.62963e-06
 4.62963e-06
 4.62963e-06
 4.62963e-06
 4.62963e-06
 4.62963e-06
 2.31481e-06
 4.62965e-06
 4.62964e-06
 4.62963e-06
 4.62963e-06
 4.62963e-06
 4.62963e-06
 4.62963e-06
 4.62963e-06
 4.62963e-06
 4.62963e-06
 4.62963e-06
 4.62963e-06
 4.62963e-06
 4.62963e-06
 4.62963e-06
 4.62963e-06
 4.62963e-06
 2.31481e-06
 4.62964e-06
 4.62963e-06
 4.62963e-06
 4.62963e-06
 4.62963e-06
 4.62963e-06
 4.62963e-06
 4.62963e-06
 4.62963e-06
 4.62963e-06
 4.62963e-06
 4.62963e-06
 4.62963e-06
 4.62963e-06
 4.62963e-06
 4.62963e-06
 4.62963e-06
 2.31481e-06
 4.62963e-06
 4.62963e-06
 4.62963e-06
 4.62963e-06
 4.62963e-06
 4.62963e-06
 4.62963e-06
 4.62963e-06
 4.62963e-06
 4.62963e-06
 4.62963e-06
 4.62963e-06
 4.62963e-06
 4.62963e-06
 4.62963e-06
 4.62963e-06
 4.62963e-06
 2.31481e-06
 4.62963e-06
 4.62963e-06
 4.62963e-06
 4.62963e-06
 4.62963e-06
 4.62963e-06
 4.62963e-06
 4.62963e-06
 4.62963e-06
 4.62963e-06
 4.62963e-06
 4.62963e-06
 4.62963e-06
 4.62963e-06
 4.62963e-06
 4.62963e-06
 4.62963e-06
 2.31481e-06
 4.62963e-06
 4.62963e-06
 4.62963e-06
 4.62963e-06
 4.62963e-06
 4.62963e-06
 4.62963e-06
 4.62963e-06
 4.62963e-06
 4.62963e-06
 4.62963e-06
 4.62963e-06
 4.62963e-06
 4.62963e-06
 4.62963e-06
 4.62963e-06
 4.62963e-06
 2.31481e-06
 4.62963e-06
 4.62963e-06
 4.62963e-06
 4.62963e-06
 4.62963e-06
 4.62963e-06
 4.62963e-06
 4.62963e-06
 4.62963e-06
 4.62963e-06
 4.62963e-06
 4.62963e-06
 4.62963e-06
 4.62963e-06
 4.62963e-06
 4.62963e-06
 4.62963e-06
 2.31481e-06
 4.62963e-06
 4.62963e-06
 4.62963e-06
 4.62963e-06
 4.62963e-06
 4.62963e-06
 4.62963e-06
 4.62963e-06
 4.62963e-06
 4.62963e-06
 4.62963e-06
 4.62963e-06
 4.62963e-06
 4.62963e-06
 4.62963e-06
 4.62963e-06
 4.62963e-06
 2.31481e-06
 4.62963e-06
 4.62963e-06
 4.62963e-06
 4.62963e-06
 4.62963e-06
 4.62963e-06
 4.62963e-06
 4.62963e-06
 4.62963e-06
 4.62963e-06
 4.62963e-06
 4.62963e-06
 4.62963e-06
 4.62963e-06
 4.62963e-06
 4.62963e-06
 4.62963e-06
 2.31481e-06
 4.62963e-06
 4.62963e-06
 4.62963e-06
 4.62963e-06
 4.62963e-06
 4.62963e-06
 4.62963e-06
 4.62963e-06
 4.62963e-06
 4.62963e-06
 4.62963e-06
 4.62963e-06
 4.62963e-06
 4.62963e-06
 4.62963e-06
 4.62963e-06
 4.62963e-06
 2.31481e-06
 4.62963e-06
 4.62963e-06
 4.62963e-06
 4.62963e-06
 4.62963e-06
 4.62963e-06
 4.62963e-06
 4.62963e-06
 4.62963e-06
 4.62963e-06
 4.62963e-06
 4.62963e-06
 4.62963e-06
 4.62963e-06
 4.62963e-06
 4.62963e-06
 4.62963e-06
 2.31481e-06
 4.62963e-06
 4.62963e-06
 4.62963e-06
 4.62963e-06
 4.62963e-06
 4.62963e-06
 4.62963e-06
 4.62963e-06
 4.62963e-06
 4.62963e-06
 4.62963e-06
 4.62963e-06
 4.62963e-06
 4.62963e-06
 4.62963e-06
 4.62963e-06
 4.62963e-06
 2.31481e-06
 4.62963e-06
 4.62963e-06
 4.62963e-06
 4.62963e-06
 4.62963e-06
 4.62963e-06
 4.62963e-06
 4.62963e-06
 4.62963e-06
 4.62963e-06
 4.62963e-06
 4.62963e-06
 4.62963e-06
 4.62963e-06
 4.62963e-06
 4.62963e-06
 4.62963e-06
 2.31481e-06
 4.62963e-06
 4.62963e-06
 4.62963e-06
 4.62963e-06
 4.62963e-06
 4.62963e-06
 4.62963e-06
 4.62963e-06
 4.62963e-06
 4.62963e-06
 4.62963e-06
 4.62963e-06
 4.62963e-06
 4.62963e-06
 4.62963e-06
 4.62963e-06
 4.62963e-06
 2.31481e-06
 4.62963e-06
 4.62963e-06
 4.62963e-06
 4.62963e-06
 4.62963e-06
 4.62963e-06
 4.62963e-06
 4.62963e-06
 4.62963e-06
 4.62963e-06
 4.62963e-06
 4.62963e-06
 4.62963e-06
 4.62963e-06
 4.62963e-06
 4.62963e-06
 4.62963e-06
 2.31481e-06
 4.62963e-06
 4.62963e-06
 4.62963e-06
 4.62963e-06
 4.62963e-06
 4.62963e-06
 4.62963e-06
 4.62963e-06
 4.62963e-06
 4.62963e-06
 4.62963e-06
 4.62963e-06
 4.62963e-06
 4.62963e-06
 4.62963e-06
 4.62963e-06
 4.62963e-06
 2.31481e-06
 4.62963e-06
 4.62963e-06
 4.62963e-06
 4.62963e-06
 4.62963e-06
 4.62963e-06
 4.62963e-06
 4.62963e-06
 4.62963e-06
 4.62963e-06
 4.62963e-06
 4.62963e-06
 4.62963e-06
 4.62963e-06
 4.62963e-06
 4.62963e-06
 4.62963e-06
 2.31481e-06
 2.31481e-06
 2.31481e-06
 2.31481e-06
 2.31481e-06
 2.31481e-06
 2.31481e-06
 2.31481e-06
 2.31481e-06
 2.31481e-06
 2.31481e-06
 2.31481e-06
 2.31481e-06
 2.31481e-06
 2.31481e-06
 2.31481e-06
 2.31481e-06
 2.31481e-06
 1.15741e-06
 4.62964e-06
 4.62963e-06
 4.62963e-06
 4.62963e-06
 4.62963e-06
 4.62963e-06
 4.62963e-06
 4.62963e-06
 4.62963e-06
 4.62963e-06
 4.62963e-06
 4.62963e-06
 4.62963e-06
 4.62963e-06
 4.62963e-06
 4.62963e-06
 4.62963e-06
 2.31481e-06
 4.62963e-06
 4.62963e-06
 4.62963e-06
 4.62963e-06
 4.62963e-06
 4.62963e-06
 4.62963e-06
 4.62963e-06
 4.62963e-06
 4.62963e-06
 4.62963e-06
 4.62963e-06
 4.62963e-06
 4.62963e-06
 4.62963e-06
 4.62963e-06
 4.62963e-06
 2.31481e-06
 4.62963e-06
 4.62963e-06
 4.62963e-06
 4.62963e-06
 4.62963e-06
 4.62963e-06
 4.62963e-06
 4.62963e-06
 4.62963e-06
 4.62963e-06
 4.62963e-06
 4.62963e-06
 4.62963e-06
 4.62963e-06
 4.62963e-06
 4.62963e-06
 4.62963e-06
 2.31481e-06
 4.62963e-06
 4.62963e-06
 4.62963e-06
 4.62963e-06
 4.62963e-06
 4.62963e-06
 4.62963e-06
 4.62963e-06
 4.62963e-06
 4.62963e-06
 4.62963e-06
 4.62963e-06
 4.62963e-06
 4.62963e-06
 4.62963e-06
 4.62963e-06
 4.62963e-06
 2.31481e-06
 4.62963e-06
 4.62963e-06
 4.62963e-06
 4.62963e-06
 4.62963e-06
 4.62963e-06
 4.62963e-06
 4.62963e-06
 4.62963e-06
 4.62963e-06
 4.62963e-06
 4.62963e-06
 4.62963e-06
 4.62963e-06
 4.62963e-06
 4.62963e-06
 4.62963e-06
 2.31481e-06
 4.62963e-06
 4.62963e-06
 4.62963e-06
 4.62963e-06
 4.62963e-06
 4.62963e-06
 4.62963e-06
 4.62963e-06
 4.62963e-06
 4.62963e-06
 4.62963e-06
 4.62963e-06
 4.62963e-06
 4.62963e-06
 4.62963e-06
 4.62963e-06
 4.62963e-06
 2.31481e-06
 4.62963e-06
 4.62963e-06
 4.62963e-06
 4.62963e-06
 4.62963e-06
 4.62963e-06
 4.62963e-06
 4.62963e-06
 4.62963e-06
 4.62963e-06
 4.62963e-06
 4.62963e-06
 4.62963e-06
 4.62963e-06
 4.62963e-06
 4.62963e-06
 4.62963e-06
 2.31481e-06
 4.62963e-06
 4.62963e-06
 4.62963e-06
 4.62963e-06
 4.62963e-06
 4.62963e-06
 4.62963e-06
 4.62963e-06
 4.62963e-06
 4.62963e-06
 4.62963e-06
 4.62963e-06
 4.62963e-06
 4.62963e-06
 4.62963e-06
 4.62963e-06
 4.62963e-06
 2.31481e-06
 4.62963e-06
 4.62963e-06
 4.62963e-06
 4.62963e-06
 4.62963e-06
 4.62963e-06
 4.62963e-06
 4.62963e-06
 4.62963e-06
 4.62963e-06
 4.62963e-06
 4.62963e-06
 4.62963e-06
 4.62963e-06
 4.62963e-06
 4.62963e-06
 4.62963e-06
 2.31481e-06
 4.62963e-06
 4.62963e-06
 4.62963e-06
 4.62963e-06
 4.62963e-06
 4.62963e-06
 4.62963e-06
 4.62963e-06
 4.62963e-06
 4.62963e-06
 4.62963e-06
 4.62963e-06
 4.62963e-06
 4.62963e-06
 4.62963e-06
 4.62963e-06
 4.62963e-06
 2.31481e-06
 4.62963e-06
 4.62963e-06
 4.62963e-06
 4.62963e-06
 4.62963e-06
 4.62963e-06
 4.62963e-06
 4.62963e-06
 4.62963e-06
 4.62963e-06
 4.62963e-06
 4.62963e-06
 4.62963e-06
 4.62963e-06
 4.62963e-06
 4.62963e-06
 4.62963e-06
 2.31481e-06
 4.62963e-06
 4.62963e-06
 4.62963e-06
 4.62963e-06
 4.62963e-06
 4.62963e-06
 4.62963e-06
 4.62963e-06
 4.62963e-06
 4.62963e-06
 4.62963e-06
 4.62963e-06
 4.62963e-06
 4.62963e-06
 4.62963e-06
 4.62963e-06
 4.62963e-06
 2.31481e-06
 4.62963e-06
 4.62963e-06
 4.62963e-06
 4.62963e-06
 4.62963e-06
 4.62963e-06
 4.62963e-06
 4.62963e-06
 4.62963e-06
 4.62963e-06
 4.62963e-06
 4.62963e-06
 4.62963e-06
 4.62963e-06
 4.62963e-06
 4.62963e-06
 4.62963e-06
 2.31481e-06
 4.62963e-06
 4.62963e-06
 4.62963e-06
 4.62963e-06
 4.62963e-06
 4.62963e-06
 4.62963e-06
 4.62963e-06
 4.62963e-06
 4.62963e-06
 4.62963e-06
 4.62963e-06
 4.62963e-06
 4.62963e-06
 4.62963e-06
 4.62963e-06
 4.62963e-06
 2.31481e-06
 4.62963e-06
 4.62963e-06
 4.62963e-06
 4.62963e-06
 4.62963e-06
 4.62963e-06
 4.62963e-06
 4.62963e-06
 4.62963e-06
 4.62963e-06
 4.62963e-06
 4.62963e-06
 4.62963e-06
 4.62963e-06
 4.62963e-06
 4.62963e-06
 4.62963e-06
 2.31481e-06
 4.62963e-06
 4.62963e-06
 4.62963e-06
 4.62963e-06
 4.62963e-06
 4.62963e-06
 4.62963e-06
 4.62963e-06
 4.62963e-06
 4.62963e-06
 4.62963e-06
 4.62963e-06
 4.62963e-06
 4.62963e-06
 4.62963e-06
 4.62963e-06
 4.62963e-06
 2.31481e-06
 4.62963e-06
 4.62963e-06
 4.62963e-06
 4.62963e-06
 4.62963e-06
 4.62963e-06
 4.62963e-06
 4.62963e-06
 4.62963e-06
 4.62963e-06
 4.62963e-06
 4.62963e-06
 4.62963e-06
 4.62963e-06
 4.62963e-06
 4.62963e-06
 4.62963e-06
 2.31481e-06
 2.31481e-06
 2.31481e-06
 2.31481e-06
 2.31481e-06
 2.31481e-06
 2.31481e-06
 2.31481e-06
 2.31481e-06
 2.31481e-06
 2.31481e-06
 2.31481e-06
 2.31481e-06
 2.31481e-06
 2.31481e-06
 2.31481e-06
 2.31481e-06
 2.31481e-06
 1.15741e-06
 4.62963e-06
 4.62963e-06
 4.62963e-06
 4.62963e-06
 4.62963e-06
 4.62963e-06
 4.62963e-06
 4.62963e-06
 4.62963e-06
 4.62963e-06
 4.62963e-06
 4.62963e-06
 4.62963e-06
 4.62963e-06
 4.62963e-06
 4.62963e-06
 4.62963e-06
 2.31481e-06
 4.62963e-06
 4.62963e-06
 4.62963e-06
 4.62963e-06
 4.62963e-06
 4.62963e-06
 4.62963e-06
 4.62963e-06
 4.62963e-06
 4.62963e-06
 4.62963e-06
 4.62963e-06
 4.62963e-06
 4.62963e-06
 4.62963e-06
 4.62963e-06
 4.62963e-06
 2.31481e-06
 4.62963e-06
 4.62963e-06
 4.62963e-06
 4.62963e-06
 4.62963e-06
 4.62963e-06
 4.62963e-06
 4.62963e-06
 4.62963e-06
 4.62963e-06
 4.62963e-06
 4.62963e-06
 4.62963e-06
 4.62963e-06
 4.62963e-06
 4.62963e-06
 4.62963e-06
 2.31481e-06
 4.62963e-06
 4.62963e-06
 4.62963e-06
 4.62963e-06
 4.62963e-06
 4.62963e-06
 4.62963e-06
 4.62963e-06
 4.62963e-06
 4.62963e-06
 4.62963e-06
 4.62963e-06
 4.62963e-06
 4.62963e-06
 4.62963e-06
 4.62963e-06
 4.62963e-06
 2.31481e-06
 4.62963e-06
 4.62963e-06
 4.62963e-06
 4.62963e-06
 4.62963e-06
 4.62963e-06
 4.62963e-06
 4.62963e-06
 4.62963e-06
 4.62963e-06
 4.62963e-06
 4.62963e-06
 4.62963e-06
 4.62963e-06
 4.62963e-06
 4.62963e-06
 4.62963e-06
 2.31481e-06
 4.62963e-06
 4.62963e-06
 4.62963e-06
 4.62963e-06
 4.62963e-06
 4.62963e-06
 4.62963e-06
 4.62963e-06
 4.62963e-06
 4.62963e-06
 4.62963e-06
 4.62963e-06
 4.62963e-06
 4.62963e-06
 4.62963e-06
 4.62963e-06
 4.62963e-06
 2.31481e-06
 4.62963e-06
 4.62963e-06
 4.62963e-06
 4.62963e-06
 4.62963e-06
 4.62963e-06
 4.62963e-06
 4.62963e-06
 4.62963e-06
 4.62963e-06
 4.62963e-06
 4.62963e-06
 4.62963e-06
 4.62963e-06
 4.62963e-06
 4.62963e-06
 4.62963e-06
 2.31481e-06
 4.62963e-06
 4.62963e-06
 4.62963e-06
 4.62963e-06
 4.62963e-06
 4.62963e-06
 4.62963e-06
 4.62963e-06
 4.62963e-06
 4.62963e-06
 4.62963e-06
 4.62963e-06
 4.62963e-06
 4.62963e-06
 4.62963e-06
 4.62963e-06
 4.62963e-06
 2.31481e-06
 4.62963e-06
 4.62963e-06
 4.62963e-06
 4.62963e-06
 4.62963e-06
 4.62963e-06
 4.62963e-06
 4.62963e-06
 4.62963e-06
 4.62963e-06
 4.62963e-06
 4.62963e-06
 4.62963e-06
 4.62963e-06
 4.62963e-06
 4.62963e-06
 4.62963e-06
 2.31481e-06
 4.62963e-06
 4.62963e-06
 4.62963e-06
 4.62963e-06
 4.62963e-06
 4.62963e-06
 4.62963e-06
 4.62963e-06
 4.62963e-06
 4.62963e-06
 4.62963e-06
 4.62963e-06
 4.62963e-06
 4.62963e-06
 4.62963e-06
 4.62963e-06
 4.62963e-06
 2.31481e-06
 4.62963e-06
 4.62963e-06
 4.62963e-06
 4.62963e-06
 4.62963e-06
 4.62963e-06
 4.62963e-06
 4.62963e-06
 4.62963e-06
 4.62963e-06
 4.62963e-06
 4.62963e-06
 4.62963e-06
 4.62963e-06
 4.62963e-06
 4.62963e-06
 4.62963e-06
 2.31481e-06
 4.62963e-06
 4.62963e-06
 4.62963e-06
 4.62963e-06
 4.62963e-06
 4.62963e-06
 4.62963e-06
 4.62963e-06
 4.62963e-06
 4.62963e-06
 4.62963e-06
 4.62963e-06
 4.62963e-06
 4.62963e-06
 4.62963e-06
 4.62963e-06
 4.62963e-06
 2.31481e-06
 4.62963e-06
 4.62963e-06
 4.62963e-06
 4.62963e-06
 4.62963e-06
 4.62963e-06
 4.62963e-06
 4.62963e-06
 4.62963e-06
 4.62963e-06
 4.62963e-06
 4.62963e-06
 4.62963e-06
 4.62963e-06
 4.62963e-06
 4.62963e-06
 4.62963e-06
 2.31481e-06
 4.62963e-06
 4.62963e-06
 4.62963e-06
 4.62963e-06
 4.62963e-06
 4.62963e-06
 4.62963e-06
 4.62963e-06
 4.62963e-06
 4.62963e-06
 4.62963e-06
 4.62963e-06
 4.62963e-06
 4.62963e-06
 4.62963e-06
 4.62963e-06
 4.62963e-06
 2.31481e-06
 4.62963e-06
 4.62963e-06
 4.62963e-06
 4.62963e-06
 4.62963e-06
 4.62963e-06
 4.62963e-06
 4.62963e-06
 4.62963e-06
 4.62963e-06
 4.62963e-06
 4.62963e-06
 4.62963e-06
 4.62963e-06
 4.62963e-06
 4.62963e-06
 4.62963e-06
 2.31481e-06
 4.62963e-06
 4.62963e-06
 4.62963e-06
 4.62963e-06
 4.62963e-06
 4.62963e-06
 4.62963e-06
 4.62963e-06
 4.62963e-06
 4.62963e-06
 4.62963e-06
 4.62963e-06
 4.62963e-06
 4.62963e-06
 4.62963e-06
 4.62963e-06
 4.62963e-06
 2.31481e-06
 4.62963e-06
 4.62963e-06
 4.62963e-06
 4.62963e-06
 4.62963e-06
 4.62963e-06
 4.62963e-06
 4.62963e-06
 4.62963e-06
 4.62963e-06
 4.62963e-06
 4.62963e-06
 4.62963e-06
 4.62963e-06
 4.62963e-06
 4.62963e-06
 4.62963e-06
 2.31481e-06
 2.31481e-06
 2.31481e-06
 2.31481e-06
 2.31481e-06
 2.31481e-06
 2.31481e-06
 2.31481e-06
 2.31481e-06
 2.31481e-06
 2.31481e-06
 2.31481e-06
 2.31481e-06
 2.31481e-06
 2.31481e-06
 2.31481e-06
 2.31481e-06
 2.31481e-06
 1.15741e-06
 4.62963e-06
 4.62963e-06
 4.62963e-06
 4.62963e-06
 4.62963e-06
 4.62963e-06
 4.62963e-06
 4.62963e-06
 4.62963e-06
 4.62963e-06
 4.62963e-06
 4.62963e-06
 4.62963e-06
 4.62963e-06
 4.62963e-06
 4.62963e-06
 4.62963e-06
 2.31481e-06
 4.62963e-06
 4.62963e-06
 4.62963e-06
 4.62963e-06
 4.62963e-06
 4.62963e-06
 4.62963e-06
 4.62963e-06
 4.62963e-06
 4.62963e-06
 4.62963e-06
 4.62963e-06
 4.62963e-06
 4.62963e-06
 4.62963e-06
 4.62963e-06
 4.62963e-06
 2.31481e-06
 4.62963e-06
 4.62963e-06
 4.62963e-06
 4.62963e-06
 4.62963e-06
 4.62963e-06
 4.62963e-06
 4.62963e-06
 4.62963e-06
 4.62963e-06
 4.62963e-06
 4.62963e-06
 4.62963e-06
 4.62963e-06
 4.62963e-06
 4.62963e-06
 4.62963e-06
 2.31481e-06
 4.62963e-06
 4.62963e-06
 4.62963e-06
 4.62963e-06
 4.62963e-06
 4.62963e-06
 4.62963e-06
 4.62963e-06
 4.62963e-06
 4.62963e-06
 4.62963e-06
 4.62963e-06
 4.62963e-06
 4.62963e-06
 4.62963e-06
 4.62963e-06
 4.62963e-06
 2.31481e-06
 4.62963e-06
 4.62963e-06
 4.62963e-06
 4.62963e-06
 4.62963e-06
 4.62963e-06
 4.62963e-06
 4.62963e-06
 4.62963e-06
 4.62963e-06
 4.62963e-06
 4.62963e-06
 4.62963e-06
 4.62963e-06
 4.62963e-06
 4.62963e-06
 4.62963e-06
 2.31481e-06
 4.62963e-06
 4.62963e-06
 4.62963e-06
 4.62963e-06
 4.62963e-06
 4.62963e-06
 4.62963e-06
 4.62963e-06
 4.62963e-06
 4.62963e-06
 4.62963e-06
 4.62963e-06
 4.62963e-06
 4.62963e-06
 4.62963e-06
 4.62963e-06
 4.62963e-06
 2.31481e-06
 4.62963e-06
 4.62963e-06
 4.62963e-06
 4.62963e-06
 4.62963e-06
 4.62963e-06
 4.62963e-06
 4.62963e-06
 4.62963e-06
 4.62963e-06
 4.62963e-06
 4.62963e-06
 4.62963e-06
 4.62963e-06
 4.62963e-06
 4.62963e-06
 4.62963e-06
 2.31481e-06
 4.62963e-06
 4.62963e-06
 4.62963e-06
 4.62963e-06
 4.62963e-06
 4.62963e-06
 4.62963e-06
 4.62963e-06
 4.62963e-06
 4.62963e-06
 4.62963e-06
 4.62963e-06
 4.62963e-06
 4.62963e-06
 4.62963e-06
 4.62963e-06
 4.62963e-06
 2.31481e-06
 4.62963e-06
 4.62963e-06
 4.62963e-06
 4.62963e-06
 4.62963e-06
 4.62963e-06
 4.62963e-06
 4.62963e-06
 4.62963e-06
 4.62963e-06
 4.62963e-06
 4.62963e-06
 4.62963e-06
 4.62963e-06
 4.62963e-06
 4.62963e-06
 4.62963e-06
 2.31481e-06
 4.62963e-06
 4.62963e-06
 4.62963e-06
 4.62963e-06
 4.62963e-06
 4.62963e-06
 4.62963e-06
 4.62963e-06
 4.62963e-06
 4.62963e-06
 4.62963e-06
 4.62963e-06
 4.62963e-06
 4.62963e-06
 4.62963e-06
 4.62963e-06
 4.62963e-06
 2.31481e-06
 4.62963e-06
 4.62963e-06
 4.62963e-06
 4.62963e-06
 4.62963e-06
 4.62963e-06
 4.62963e-06
 4.62963e-06
 4.62963e-06
 4.62963e-06
 4.62963e-06
 4.62963e-06
 4.62963e-06
 4.62963e-06
 4.62963e-06
 4.62963e-06
 4.62963e-06
 2.31481e-06
 4.62963e-06
 4.62963e-06
 4.62963e-06
 4.62963e-06
 4.62963e-06
 4.62963e-06
 4.62963e-06
 4.62963e-06
 4.62963e-06
 4.62963e-06
 4.62963e-06
 4.62963e-06
 4.62963e-06
 4.62963e-06
 4.62963e-06
 4.62963e-06
 4.62963e-06
 2.31481e-06
 4.62963e-06
 4.62963e-06
 4.62963e-06
 4.62963e-06
 4.62963e-06
 4.62963e-06
 4.62963e-06
 4.62963e-06
 4.62963e-06
 4.62963e-06
 4.62963e-06
 4.62963e-06
 4.62963e-06
 4.62963e-06
 4.62963e-06
 4.62963e-06
 4.62963e-06
 2.31481e-06
 4.62963e-06
 4.62963e-06
 4.62963e-06
 4.62963e-06
 4.62963e-06
 4.62963e-06
 4.62963e-06
 4.62963e-06
 4.62963e-06
 4.62963e-06
 4.62963e-06
 4.62963e-06
 4.62963e-06
 4.62963e-06
 4.62963e-06
 4.62963e-06
 4.62963e-06
 2.31481e-06
 4.62963e-06
 4.62963e-06
 4.62963e-06
 4.62963e-06
 4.62963e-06
 4.62963e-06
 4.62963e-06
 4.62963e-06
 4.62963e-06
 4.62963e-06
 4.62963e-06
 4.62963e-06
 4.62963e-06
 4.62963e-06
 4.62963e-06
 4.62963e-06
 4.62963e-06
 2.31481e-06
 4.62963e-06
 4.62963e-06
 4.62963e-06
 4.62963e-06
 4.62963e-06
 4.62963e-06
 4.62963e-06
 4.62963e-06
 4.62963e-06
 4.62963e-06
 4.62963e-06
 4.62963e-06
 4.62963e-06
 4.62963e-06
 4.62963e-06
 4.62963e-06
 4.62963e-06
 2.31481e-06
 4.62963e-06
 4.62963e-06
 4.62963e-06
 4.62963e-06
 4.62963e-06
 4.62963e-06
 4.62963e-06
 4.62963e-06
 4.62963e-06
 4.62963e-06
 4.62963e-06
 4.62963e-06
 4.62963e-06
 4.62963e-06
 4.62963e-06
 4.62963e-06
 4.62963e-06
 2.31481e-06
 2.31481e-06
 2.31481e-06
 2.31481e-06
 2.31481e-06
 2.31481e-06
 2.31481e-06
 2.31481e-06
 2.31481e-06
 2.31481e-06
 2.31481e-06
 2.31481e-06
 2.31481e-06
 2.31481e-06
 2.31481e-06
 2.31481e-06
 2.31481e-06
 2.31481e-06
 1.15741e-06
 4.62963e-06
 4.62963e-06
 4.62963e-06
 4.62963e-06
 4.62963e-06
 4.62963e-06
 4.62963e-06
 4.62963e-06
 4.62963e-06
 4.62963e-06
 4.62963e-06
 4.62963e-06
 4.62963e-06
 4.62963e-06
 4.62963e-06
 4.62963e-06
 4.62963e-06
 2.31481e-06
 4.62963e-06
 4.62963e-06
 4.62963e-06
 4.62963e-06
 4.62963e-06
 4.62963e-06
 4.62963e-06
 4.62963e-06
 4.62963e-06
 4.62963e-06
 4.62963e-06
 4.62963e-06
 4.62963e-06
 4.62963e-06
 4.62963e-06
 4.62963e-06
 4.62963e-06
 2.31481e-06
 4.62963e-06
 4.62963e-06
 4.62963e-06
 4.62963e-06
 4.62963e-06
 4.62963e-06
 4.62963e-06
 4.62963e-06
 4.62963e-06
 4.62963e-06
 4.62963e-06
 4.62963e-06
 4.62963e-06
 4.62963e-06
 4.62963e-06
 4.62963e-06
 4.62963e-06
 2.31481e-06
 4.62963e-06
 4.62963e-06
 4.62963e-06
 4.62963e-06
 4.62963e-06
 4.62963e-06
 4.62963e-06
 4.62963e-06
 4.62963e-06
 4.62963e-06
 4.62963e-06
 4.62963e-06
 4.62963e-06
 4.62963e-06
 4.62963e-06
 4.62963e-06
 4.62963e-06
 2.31481e-06
 4.62963e-06
 4.62963e-06
 4.62963e-06
 4.62963e-06
 4.62963e-06
 4.62963e-06
 4.62963e-06
 4.62963e-06
 4.62963e-06
 4.62963e-06
 4.62963e-06
 4.62963e-06
 4.62963e-06
 4.62963e-06
 4.62963e-06
 4.62963e-06
 4.62963e-06
 2.31481e-06
 4.62963e-06
 4.62963e-06
 4.62963e-06
 4.62963e-06
 4.62963e-06
 4.62963e-06
 4.62963e-06
 4.62963e-06
 4.62963e-06
 4.62963e-06
 4.62963e-06
 4.62963e-06
 4.62963e-06
 4.62963e-06
 4.62963e-06
 4.62963e-06
 4.62963e-06
 2.31481e-06
 4.62963e-06
 4.62963e-06
 4.62963e-06
 4.62963e-06
 4.62963e-06
 4.62963e-06
 4.62963e-06
 4.62963e-06
 4.62963e-06
 4.62963e-06
 4.62963e-06
 4.62963e-06
 4.62963e-06
 4.62963e-06
 4.62963e-06
 4.62963e-06
 4.62963e-06
 2.31481e-06
 4.62963e-06
 4.62963e-06
 4.62963e-06
 4.62963e-06
 4.62963e-06
 4.62963e-06
 4.62963e-06
 4.62963e-06
 4.62963e-06
 4.62963e-06
 4.62963e-06
 4.62963e-06
 4.62963e-06
 4.62963e-06
 4.62963e-06
 4.62963e-06
 4.62963e-06
 2.31481e-06
 4.62963e-06
 4.62963e-06
 4.62963e-06
 4.62963e-06
 4.62963e-06
 4.62963e-06
 4.62963e-06
 4.62963e-06
 4.62963e-06
 4.62963e-06
 4.62963e-06
 4.62963e-06
 4.62963e-06
 4.62963e-06
 4.62963e-06
 4.62963e-06
 4.62963e-06
 2.31481e-06
 4.62963e-06
 4.62963e-06
 4.62963e-06
 4.62963e-06
 4.62963e-06
 4.62963e-06
 4.62963e-06
 4.62963e-06
 4.62963e-06
 4.62963e-06
 4.62963e-06
 4.62963e-06
 4.62963e-06
 4.62963e-06
 4.62963e-06
 4.62963e-06
 4.62963e-06
 2.31481e-06
 4.62963e-06
 4.62963e-06
 4.62963e-06
 4.62963e-06
 4.62963e-06
 4.62963e-06
 4.62963e-06
 4.62963e-06
 4.62963e-06
 4.62963e-06
 4.62963e-06
 4.62963e-06
 4.62963e-06
 4.62963e-06
 4.62963e-06
 4.62963e-06
 4.62963e-06
 2.31481e-06
 4.62963e-06
 4.62963e-06
 4.62963e-06
 4.62963e-06
 4.62963e-06
 4.62963e-06
 4.62963e-06
 4.62963e-06
 4.62963e-06
 4.62963e-06
 4.62963e-06
 4.62963e-06
 4.62963e-06
 4.62963e-06
 4.62963e-06
 4.62963e-06
 4.62963e-06
 2.31481e-06
 4.62963e-06
 4.62963e-06
 4.62963e-06
 4.62963e-06
 4.62963e-06
 4.62963e-06
 4.62963e-06
 4.62963e-06
 4.62963e-06
 4.62963e-06
 4.62963e-06
 4.62963e-06
 4.62963e-06
 4.62963e-06
 4.62963e-06
 4.62963e-06
 4.62963e-06
 2.31481e-06
 4.62963e-06
 4.62963e-06
 4.62963e-06
 4.62963e-06
 4.62963e-06
 4.62963e-06
 4.62963e-06
 4.62963e-06
 4.62963e-06
 4.62963e-06
 4.62963e-06
 4.62963e-06
 4.62963e-06
 4.62963e-06
 4.62963e-06
 4.62963e-06
 4.62963e-06
 2.31481e-06
 4.62963e-06
 4.62963e-06
 4.62963e-06
 4.62963e-06
 4.62963e-06
 4.62963e-06
 4.62963e-06
 4.62963e-06
 4.62963e-06
 4.62963e-06
 4.62963e-06
 4.62963e-06
 4.62963e-06
 4.62963e-06
 4.62963e-06
 4.62963e-06
 4.62963e-06
 2.31481e-06
 4.62963e-06
 4.62963e-06
 4.62963e-06
 4.62963e-06
 4.62963e-06
 4.62963e-06
 4.62963e-06
 4.62963e-06
 4.62963e-06
 4.62963e-06
 4.62963e-06
 4.62963e-06
 4.62963e-06
 4.62963e-06
 4.62963e-06
 4.62963e-06
 4.62963e-06
 2.31481e-06
 4.62963e-06
 4.62963e-06
 4.62963e-06
 4.62963e-06
 4.62963e-06
 4.62963e-06
 4.62963e-06
 4.62963e-06
 4.62963e-06
 4.62963e-06
 4.62963e-06
 4.62963e-06
 4.62963e-06
 4.62963e-06
 4.62963e-06
 4.62963e-06
 4.62963e-06
 2.31481e-06
 2.31481e-06
 2.31481e-06
 2.31481e-06
 2.31481e-06
 2.31481e-06
 2.31481e-06
 2.31481e-06
 2.31481e-06
 2.31481e-06
 2.31481e-06
 2.31481e-06
 2.31481e-06
 2.31481e-06
 2.31481e-06
 2.31481e-06
 2.31481e-06
 2.31481e-06
 1.15741e-06
 4.62963e-06
 4.62963e-06
 4.62963e-06
 4.62963e-06
 4.62963e-06
 4.62963e-06
 4.62963e-06
 4.62963e-06
 4.62963e-06
 4.62963e-06
 4.62963e-06
 4.62963e-06
 4.62963e-06
 4.62963e-06
 4.62963e-06
 4.62963e-06
 4.62963e-06
 2.31481e-06
 4.62963e-06
 4.62963e-06
 4.62963e-06
 4.62963e-06
 4.62963e-06
 4.62963e-06
 4.62963e-06
 4.62963e-06
 4.62963e-06
 4.62963e-06
 4.62963e-06
 4.62963e-06
 4.62963e-06
 4.62963e-06
 4.62963e-06
 4.62963e-06
 4.62963e-06
 2.31481e-06
 4.62963e-06
 4.62963e-06
 4.62963e-06
 4.62963e-06
 4.62963e-06
 4.62963e-06
 4.62963e-06
 4.62963e-06
 4.62963e-06
 4.62963e-06
 4.62963e-06
 4.62963e-06
 4.62963e-06
 4.62963e-06
 4.62963e-06
 4.62963e-06
 4.62963e-06
 2.31481e-06
 4.62963e-06
 4.62963e-06
 4.62963e-06
 4.62963e-06
 4.62963e-06
 4.62963e-06
 4.62963e-06
 4.62963e-06
 4.62963e-06
 4.62963e-06
 4.62963e-06
 4.62963e-06
 4.62963e-06
 4.62963e-06
 4.62963e-06
 4.62963e-06
 4.62963e-06
 2.31481e-06
 4.62963e-06
 4.62963e-06
 4.62963e-06
 4.62963e-06
 4.62963e-06
 4.62963e-06
 4.62963e-06
 4.62963e-06
 4.62963e-06
 4.62963e-06
 4.62963e-06
 4.62963e-06
 4.62963e-06
 4.62963e-06
 4.62963e-06
 4.62963e-06
 4.62963e-06
 2.31481e-06
 4.62963e-06
 4.62963e-06
 4.62963e-06
 4.62963e-06
 4.62963e-06
 4.62963e-06
 4.62963e-06
 4.62963e-06
 4.62963e-06
 4.62963e-06
 4.62963e-06
 4.62963e-06
 4.62963e-06
 4.62963e-06
 4.62963e-06
 4.62963e-06
 4.62963e-06
 2.31481e-06
 4.62963e-06
 4.62963e-06
 4.62963e-06
 4.62963e-06
 4.62963e-06
 4.62963e-06
 4.62963e-06
 4.62963e-06
 4.62963e-06
 4.62963e-06
 4.62963e-06
 4.62963e-06
 4.62963e-06
 4.62963e-06
 4.62963e-06
 4.62963e-06
 4.62963e-06
 2.31481e-06
 4.62963e-06
 4.62963e-06
 4.62963e-06
 4.62963e-06
 4.62963e-06
 4.62963e-06
 4.62963e-06
 4.62963e-06
 4.62963e-06
 4.62963e-06
 4.62963e-06
 4.62963e-06
 4.62963e-06
 4.62963e-06
 4.62963e-06
 4.62963e-06
 4.62963e-06
 2.31481e-06
 4.62963e-06
 4.62963e-06
 4.62963e-06
 4.62963e-06
 4.62963e-06
 4.62963e-06
 4.62963e-06
 4.62963e-06
 4.62963e-06
 4.62963e-06
 4.62963e-06
 4.62963e-06
 4.62963e-06
 4.62963e-06
 4.62963e-06
 4.62963e-06
 4.62963e-06
 2.31481e-06
 4.62963e-06
 4.62963e-06
 4.62963e-06
 4.62963e-06
 4.62963e-06
 4.62963e-06
 4.62963e-06
 4.62963e-06
 4.62963e-06
 4.62963e-06
 4.62963e-06
 4.62963e-06
 4.62963e-06
 4.62963e-06
 4.62963e-06
 4.62963e-06
 4.62963e-06
 2.31481e-06
 4.62963e-06
 4.62963e-06
 4.62963e-06
 4.62963e-06
 4.62963e-06
 4.62963e-06
 4.62963e-06
 4.62963e-06
 4.62963e-06
 4.62963e-06
 4.62963e-06
 4.62963e-06
 4.62963e-06
 4.62963e-06
 4.62963e-06
 4.62963e-06
 4.62963e-06
 2.31481e-06
 4.62963e-06
 4.62963e-06
 4.62963e-06
 4.62963e-06
 4.62963e-06
 4.62963e-06
 4.62963e-06
 4.62963e-06
 4.62963e-06
 4.62963e-06
 4.62963e-06
 4.62963e-06
 4.62963e-06
 4.62963e-06
 4.62963e-06
 4.62963e-06
 4.62963e-06
 2.31481e-06
 4.62963e-06
 4.62963e-06
 4.62963e-06
 4.62963e-06
 4.62963e-06
 4.62963e-06
 4.62963e-06
 4.62963e-06
 4.62963e-06
 4.62963e-06
 4.62963e-06
 4.62963e-06
 4.62963e-06
 4.62963e-06
 4.62963e-06
 4.62963e-06
 4.62963e-06
 2.31481e-06
 4.62963e-06
 4.62963e-06
 4.62963e-06
 4.62963e-06
 4.62963e-06
 4.62963e-06
 4.62963e-06
 4.62963e-06
 4.62963e-06
 4.62963e-06
 4.62963e-06
 4.62963e-06
 4.62963e-06
 4.62963e-06
 4.62963e-06
 4.62963e-06
 4.62963e-06
 2.31481e-06
 4.62963e-06
 4.62963e-06
 4.62963e-06
 4.62963e-06
 4.62963e-06
 4.62963e-06
 4.62963e-06
 4.62963e-06
 4.62963e-06
 4.62963e-06
 4.62963e-06
 4.62963e-06
 4.62963e-06
 4.62963e-06
 4.62963e-06
 4.62963e-06
 4.62963e-06
 2.31481e-06
 4.62963e-06
 4.62963e-06
 4.62963e-06
 4.62963e-06
 4.62963e-06
 4.62963e-06
 4.62963e-06
 4.62963e-06
 4.62963e-06
 4.62963e-06
 4.62963e-06
 4.62963e-06
 4.62963e-06
 4.62963e-06
 4.62963e-06
 4.62963e-06
 4.62963e-06
 2.31481e-06
 4.62963e-06
 4.62963e-06
 4.62963e-06
 4.62963e-06
 4.62963e-06
 4.62963e-06
 4.62963e-06
 4.62963e-06
 4.62963e-06
 4.62963e-06
 4.62963e-06
 4.62963e-06
 4.62963e-06
 4.62963e-06
 4.62963e-06
 4.62963e-06
 4.62963e-06
 2.31481e-06
 2.31481e-06
 2.31481e-06
 2.31481e-06
 2.31481e-06
 2.31481e-06
 2.31481e-06
 2.31481e-06
 2.31481e-06
 2.31481e-06
 2.31481e-06
 2.31481e-06
 2.31481e-06
 2.31481e-06
 2.31481e-06
 2.31481e-06
 2.31481e-06
 2.31481e-06
 1.15741e-06
 4.62963e-06
 4.62963e-06
 4.62963e-06
 4.62963e-06
 4.62963e-06
 4.62963e-06
 4.62963e-06
 4.62963e-06
 4.62963e-06
 4.62963e-06
 4.62963e-06
 4.62963e-06
 4.62963e-06
 4.62963e-06
 4.62963e-06
 4.62963e-06
 4.62963e-06
 2.31481e-06
 4.62963e-06
 4.62963e-06
 4.62963e-06
 4.62963e-06
 4.62963e-06
 4.62963e-06
 4.62963e-06
 4.62963e-06
 4.62963e-06
 4.62963e-06
 4.62963e-06
 4.62963e-06
 4.62963e-06
 4.62963e-06
 4.62963e-06
 4.62963e-06
 4.62963e-06
 2.31481e-06
 4.62963e-06
 4.62963e-06
 4.62963e-06
 4.62963e-06
 4.62963e-06
 4.62963e-06
 4.62963e-06
 4.62963e-06
 4.62963e-06
 4.62963e-06
 4.62963e-06
 4.62963e-06
 4.62963e-06
 4.62963e-06
 4.62963e-06
 4.62963e-06
 4.62963e-06
 2.31481e-06
 4.62963e-06
 4.62963e-06
 4.62963e-06
 4.62963e-06
 4.62963e-06
 4.62963e-06
 4.62963e-06
 4.62963e-06
 4.62963e-06
 4.62963e-06
 4.62963e-06
 4.62963e-06
 4.62963e-06
 4.62963e-06
 4.62963e-06
 4.62963e-06
 4.62963e-06
 2.31481e-06
 4.62963e-06
 4.62963e-06
 4.62963e-06
 4.62963e-06
 4.62963e-06
 4.62963e-06
 4.62963e-06
 4.62963e-06
 4.62963e-06
 4.62963e-06
 4.62963e-06
 4.62963e-06
 4.62963e-06
 4.62963e-06
 4.62963e-06
 4.62963e-06
 4.62963e-06
 2.31481e-06
 4.62963e-06
 4.62963e-06
 4.62963e-06
 4.62963e-06
 4.62963e-06
 4.62963e-06
 4.62963e-06
 4.62963e-06
 4.62963e-06
 4.62963e-06
 4.62963e-06
 4.62963e-06
 4.62963e-06
 4.62963e-06
 4.62963e-06
 4.62963e-06
 4.62963e-06
 2.31481e-06
 4.62963e-06
 4.62963e-06
 4.62963e-06
 4.62963e-06
 4.62963e-06
 4.62963e-06
 4.62963e-06
 4.62963e-06
 4.62963e-06
 4.62963e-06
 4.62963e-06
 4.62963e-06
 4.62963e-06
 4.62963e-06
 4.62963e-06
 4.62963e-06
 4.62963e-06
 2.31481e-06
 4.62963e-06
 4.62963e-06
 4.62963e-06
 4.62963e-06
 4.62963e-06
 4.62963e-06
 4.62963e-06
 4.62963e-06
 4.62963e-06
 4.62963e-06
 4.62963e-06
 4.62963e-06
 4.62963e-06
 4.62963e-06
 4.62963e-06
 4.62963e-06
 4.62963e-06
 2.31481e-06
 4.62963e-06
 4.62963e-06
 4.62963e-06
 4.62963e-06
 4.62963e-06
 4.62963e-06
 4.62963e-06
 4.62963e-06
 4.62963e-06
 4.62963e-06
 4.62963e-06
 4.62963e-06
 4.62963e-06
 4.62963e-06
 4.62963e-06
 4.62963e-06
 4.62963e-06
 2.31481e-06
 4.62963e-06
 4.62963e-06
 4.62963e-06
 4.62963e-06
 4.62963e-06
 4.62963e-06
 4.62963e-06
 4.62963e-06
 4.62963e-06
 4.62963e-06
 4.62963e-06
 4.62963e-06
 4.62963e-06
 4.62963e-06
 4.62963e-06
 4.62963e-06
 4.62963e-06
 2.31481e-06
 4.62963e-06
 4.62963e-06
 4.62963e-06
 4.62963e-06
 4.62963e-06
 4.62963e-06
 4.62963e-06
 4.62963e-06
 4.62963e-06
 4.62963e-06
 4.62963e-06
 4.62963e-06
 4.62963e-06
 4.62963e-06
 4.62963e-06
 4.62963e-06
 4.62963e-06
 2.31481e-06
 4.62963e-06
 4.62963e-06
 4.62963e-06
 4.62963e-06
 4.62963e-06
 4.62963e-06
 4.62963e-06
 4.62963e-06
 4.62963e-06
 4.62963e-06
 4.62963e-06
 4.62963e-06
 4.62963e-06
 4.62963e-06
 4.62963e-06
 4.62963e-06
 4.62963e-06
 2.31481e-06
 4.62963e-06
 4.62963e-06
 4.62963e-06
 4.62963e-06
 4.62963e-06
 4.62963e-06
 4.62963e-06
 4.62963e-06
 4.62963e-06
 4.62963e-06
 4.62963e-06
 4.62963e-06
 4.62963e-06
 4.62963e-06
 4.62963e-06
 4.62963e-06
 4.62963e-06
 2.31481e-06
 4.62963e-06
 4.62963e-06
 4.62963e-06
 4.62963e-06
 4.62963e-06
 4.62963e-06
 4.62963e-06
 4.62963e-06
 4.62963e-06
 4.62963e-06
 4.62963e-06
 4.62963e-06
 4.62963e-06
 4.62963e-06
 4.62963e-06
 4.62963e-06
 4.62963e-06
 2.31481e-06
 4.62963e-06
 4.62963e-06
 4.62963e-06
 4.62963e-06
 4.62963e-06
 4.62963e-06
 4.62963e-06
 4.62963e-06
 4.62963e-06
 4.62963e-06
 4.62963e-06
 4.62963e-06
 4.62963e-06
 4.62963e-06
 4.62963e-06
 4.62963e-06
 4.62963e-06
 2.31481e-06
 4.62963e-06
 4.62963e-06
 4.62963e-06
 4.62963e-06
 4.62963e-06
 4.62963e-06
 4.62963e-06
 4.62963e-06
 4.62963e-06
 4.62963e-06
 4.62963e-06
 4.62963e-06
 4.62963e-06
 4.62963e-06
 4.62963e-06
 4.62963e-06
 4.62963e-06
 2.31481e-06
 4.62963e-06
 4.62963e-06
 4.62963e-06
 4.62963e-06
 4.62963e-06
 4.62963e-06
 4.62963e-06
 4.62963e-06
 4.62963e-06
 4.62963e-06
 4.62963e-06
 4.62963e-06
 4.62963e-06
 4.62963e-06
 4.62963e-06
 4.62963e-06
 4.62963e-06
 2.31481e-06
 2.31481e-06
 2.31481e-06
 2.31481e-06
 2.31481e-06
 2.31481e-06
 2.31481e-06
 2.31481e-06
 2.31481e-06
 2.31481e-06
 2.31481e-06
 2.31481e-06
 2.31481e-06
 2.31481e-06
 2.31481e-06
 2.31481e-06
 2.31481e-06
 2.31481e-06
 1.15741e-06
 4.62963e-06
 4.62963e-06
 4.62963e-06
 4.62963e-06
 4.62963e-06
 4.62963e-06
 4.62963e-06
 4.62963e-06
 4.62963e-06
 4.62963e-06
 4.62963e-06
 4.62963e-06
 4.62963e-06
 4.62963e-06
 4.62963e-06
 4.62963e-06
 4.62963e-06
 2.31481e-06
 4.62963e-06
 4.62963e-06
 4.62963e-06
 4.62963e-06
 4.62963e-06
 4.62963e-06
 4.62963e-06
 4.62963e-06
 4.62963e-06
 4.62963e-06
 4.62963e-06
 4.62963e-06
 4.62963e-06
 4.62963e-06
 4.62963e-06
 4.62963e-06
 4.62963e-06
 2.31481e-06
 4.62963e-06
 4.62963e-06
 4.62963e-06
 4.62963e-06
 4.62963e-06
 4.62963e-06
 4.62963e-06
 4.62963e-06
 4.62963e-06
 4.62963e-06
 4.62963e-06
 4.62963e-06
 4.62963e-06
 4.62963e-06
 4.62963e-06
 4.62963e-06
 4.62963e-06
 2.31481e-06
 4.62963e-06
 4.62963e-06
 4.62963e-06
 4.62963e-06
 4.62963e-06
 4.62963e-06
 4.62963e-06
 4.62963e-06
 4.62963e-06
 4.62963e-06
 4.62963e-06
 4.62963e-06
 4.62963e-06
 4.62963e-06
 4.62963e-06
 4.62963e-06
 4.62963e-06
 2.31481e-06
 4.62963e-06
 4.62963e-06
 4.62963e-06
 4.62963e-06
 4.62963e-06
 4.62963e-06
 4.62963e-06
 4.62963e-06
 4.62963e-06
 4.62963e-06
 4.62963e-06
 4.62963e-06
 4.62963e-06
 4.62963e-06
 4.62963e-06
 4.62963e-06
 4.62963e-06
 2.31481e-06
 4.62963e-06
 4.62963e-06
 4.62963e-06
 4.62963e-06
 4.62963e-06
 4.62963e-06
 4.62963e-06
 4.62963e-06
 4.62963e-06
 4.62963e-06
 4.62963e-06
 4.62963e-06
 4.62963e-06
 4.62963e-06
 4.62963e-06
 4.62963e-06
 4.62963e-06
 2.31481e-06
 4.62963e-06
 4.62963e-06
 4.62963e-06
 4.62963e-06
 4.62963e-06
 4.62963e-06
 4.62963e-06
 4.62963e-06
 4.62963e-06
 4.62963e-06
 4.62963e-06
 4.62963e-06
 4.62963e-06
 4.62963e-06
 4.62963e-06
 4.62963e-06
 4.62963e-06
 2.31481e-06
 4.62963e-06
 4.62963e-06
 4.62963e-06
 4.62963e-06
 4.62963e-06
 4.62963e-06
 4.62963e-06
 4.62963e-06
 4.62963e-06
 4.62963e-06
 4.62963e-06
 4.62963e-06
 4.62963e-06
 4.62963e-06
 4.62963e-06
 4.62963e-06
 4.62963e-06
 2.31481e-06
 4.62963e-06
 4.62963e-06
 4.62963e-06
 4.62963e-06
 4.62963e-06
 4.62963e-06
 4.62963e-06
 4.62963e-06
 4.62963e-06
 4.62963e-06
 4.62963e-06
 4.62963e-06
 4.62963e-06
 4.62963e-06
 4.62963e-06
 4.62963e-06
 4.62963e-06
 2.31481e-06
 4.62963e-06
 4.62963e-06
 4.62963e-06
 4.62963e-06
 4.62963e-06
 4.62963e-06
 4.62963e-06
 4.62963e-06
 4.62963e-06
 4.62963e-06
 4.62963e-06
 4.62963e-06
 4.62963e-06
 4.62963e-06
 4.62963e-06
 4.62963e-06
 4.62963e-06
 2.31481e-06
 4.62963e-06
 4.62963e-06
 4.62963e-06
 4.62963e-06
 4.62963e-06
 4.62963e-06
 4.62963e-06
 4.62963e-06
 4.62963e-06
 4.62963e-06
 4.62963e-06
 4.62963e-06
 4.62963e-06
 4.62963e-06
 4.62963e-06
 4.62963e-06
 4.62963e-06
 2.31481e-06
 4.62963e-06
 4.62963e-06
 4.62963e-06
 4.62963e-06
 4.62963e-06
 4.62963e-06
 4.62963e-06
 4.62963e-06
 4.62963e-06
 4.62963e-06
 4.62963e-06
 4.62963e-06
 4.62963e-06
 4.62963e-06
 4.62963e-06
 4.62963e-06
 4.62963e-06
 2.31481e-06
 4.62963e-06
 4.62963e-06
 4.62963e-06
 4.62963e-06
 4.62963e-06
 4.62963e-06
 4.62963e-06
 4.62963e-06
 4.62963e-06
 4.62963e-06
 4.62963e-06
 4.62963e-06
 4.62963e-06
 4.62963e-06
 4.62963e-06
 4.62963e-06
 4.62963e-06
 2.31481e-06
 4.62963e-06
 4.62963e-06
 4.62963e-06
 4.62963e-06
 4.62963e-06
 4.62963e-06
 4.62963e-06
 4.62963e-06
 4.62963e-06
 4.62963e-06
 4.62963e-06
 4.62963e-06
 4.62963e-06
 4.62963e-06
 4.62963e-06
 4.62963e-06
 4.62963e-06
 2.31481e-06
 4.62963e-06
 4.62963e-06
 4.62963e-06
 4.62963e-06
 4.62963e-06
 4.62963e-06
 4.62963e-06
 4.62963e-06
 4.62963e-06
 4.62963e-06
 4.62963e-06
 4.62963e-06
 4.62963e-06
 4.62963e-06
 4.62963e-06
 4.62963e-06
 4.62963e-06
 2.31481e-06
 4.62963e-06
 4.62963e-06
 4.62963e-06
 4.62963e-06
 4.62963e-06
 4.62963e-06
 4.62963e-06
 4.62963e-06
 4.62963e-06
 4.62963e-06
 4.62963e-06
 4.62963e-06
 4.62963e-06
 4.62963e-06
 4.62963e-06
 4.62963e-06
 4.62963e-06
 2.31481e-06
 4.62963e-06
 4.62963e-06
 4.62963e-06
 4.62963e-06
 4.62963e-06
 4.62963e-06
 4.62963e-06
 4.62963e-06
 4.62963e-06
 4.62963e-06
 4.62963e-06
 4.62963e-06
 4.62963e-06
 4.62963e-06
 4.62963e-06
 4.62963e-06
 4.62963e-06
 2.31481e-06
 2.31481e-06
 2.31481e-06
 2.31481e-06
 2.31481e-06
 2.31481e-06
 2.31481e-06
 2.31481e-06
 2.31481e-06
 2.31481e-06
 2.31481e-06
 2.31481e-06
 2.31481e-06
 2.31481e-06
 2.31481e-06
 2.31481e-06
 2.31481e-06
 2.31481e-06
 1.15741e-06
 4.62963e-06
 4.62963e-06
 4.62963e-06
 4.62963e-06
 4.62963e-06
 4.62963e-06
 4.62963e-06
 4.62963e-06
 4.62963e-06
 4.62963e-06
 4.62963e-06
 4.62963e-06
 4.62963e-06
 4.62963e-06
 4.62963e-06
 4.62963e-06
 4.62963e-06
 2.31481e-06
 4.62963e-06
 4.62963e-06
 4.62963e-06
 4.62963e-06
 4.62963e-06
 4.62963e-06
 4.62963e-06
 4.62963e-06
 4.62963e-06
 4.62963e-06
 4.62963e-06
 4.62963e-06
 4.62963e-06
 4.62963e-06
 4.62963e-06
 4.62963e-06
 4.62963e-06
 2.31481e-06
 4.62963e-06
 4.62963e-06
 4.62963e-06
 4.62963e-06
 4.62963e-06
 4.62963e-06
 4.62963e-06
 4.62963e-06
 4.62963e-06
 4.62963e-06
 4.62963e-06
 4.62963e-06
 4.62963e-06
 4.62963e-06
 4.62963e-06
 4.62963e-06
 4.62963e-06
 2.31481e-06
 4.62963e-06
 4.62963e-06
 4.62963e-06
 4.62963e-06
 4.62963e-06
 4.62963e-06
 4.62963e-06
 4.62963e-06
 4.62963e-06
 4.62963e-06
 4.62963e-06
 4.62963e-06
 4.62963e-06
 4.62963e-06
 4.62963e-06
 4.62963e-06
 4.62963e-06
 2.31481e-06
 4.62963e-06
 4.62963e-06
 4.62963e-06
 4.62963e-06
 4.62963e-06
 4.62963e-06
 4.62963e-06
 4.62963e-06
 4.62963e-06
 4.62963e-06
 4.62963e-06
 4.62963e-06
 4.62963e-06
 4.62963e-06
 4.62963e-06
 4.62963e-06
 4.62963e-06
 2.31481e-06
 4.62963e-06
 4.62963e-06
 4.62963e-06
 4.62963e-06
 4.62963e-06
 4.62963e-06
 4.62963e-06
 4.62963e-06
 4.62963e-06
 4.62963e-06
 4.62963e-06
 4.62963e-06
 4.62963e-06
 4.62963e-06
 4.62963e-06
 4.62963e-06
 4.62963e-06
 2.31481e-06
 4.62963e-06
 4.62963e-06
 4.62963e-06
 4.62963e-06
 4.62963e-06
 4.62963e-06
 4.62963e-06
 4.62963e-06
 4.62963e-06
 4.62963e-06
 4.62963e-06
 4.62963e-06
 4.62963e-06
 4.62963e-06
 4.62963e-06
 4.62963e-06
 4.62963e-06
 2.31481e-06
 4.62963e-06
 4.62963e-06
 4.62963e-06
 4.62963e-06
 4.62963e-06
 4.62963e-06
 4.62963e-06
 4.62963e-06
 4.62963e-06
 4.62963e-06
 4.62963e-06
 4.62963e-06
 4.62963e-06
 4.62963e-06
 4.62963e-06
 4.62963e-06
 4.62963e-06
 2.31481e-06
 4.62963e-06
 4.62963e-06
 4.62963e-06
 4.62963e-06
 4.62963e-06
 4.62963e-06
 4.62963e-06
 4.62963e-06
 4.62963e-06
 4.62963e-06
 4.62963e-06
 4.62963e-06
 4.62963e-06
 4.62963e-06
 4.62963e-06
 4.62963e-06
 4.62963e-06
 2.31481e-06
 4.62963e-06
 4.62963e-06
 4.62963e-06
 4.62963e-06
 4.62963e-06
 4.62963e-06
 4.62963e-06
 4.62963e-06
 4.62963e-06
 4.62963e-06
 4.62963e-06
 4.62963e-06
 4.62963e-06
 4.62963e-06
 4.62963e-06
 4.62963e-06
 4.62963e-06
 2.31481e-06
 4.62963e-06
 4.62963e-06
 4.62963e-06
 4.62963e-06
 4.62963e-06
 4.62963e-06
 4.62963e-06
 4.62963e-06
 4.62963e-06
 4.62963e-06
 4.62963e-06
 4.62963e-06
 4.62963e-06
 4.62963e-06
 4.62963e-06
 4.62963e-06
 4.62963e-06
 2.31481e-06
 4.62963e-06
 4.62963e-06
 4.62963e-06
 4.62963e-06
 4.62963e-06
 4.62963e-06
 4.62963e-06
 4.62963e-06
 4.62963e-06
 4.62963e-06
 4.62963e-06
 4.62963e-06
 4.62963e-06
 4.62963e-06
 4.62963e-06
 4.62963e-06
 4.62963e-06
 2.31481e-06
 4.62963e-06
 4.62963e-06
 4.62963e-06
 4.62963e-06
 4.62963e-06
 4.62963e-06
 4.62963e-06
 4.62963e-06
 4.62963e-06
 4.62963e-06
 4.62963e-06
 4.62963e-06
 4.62963e-06
 4.62963e-06
 4.62963e-06
 4.62963e-06
 4.62963e-06
 2.31481e-06
 4.62963e-06
 4.62963e-06
 4.62963e-06
 4.62963e-06
 4.62963e-06
 4.62963e-06
 4.62963e-06
 4.62963e-06
 4.62963e-06
 4.62963e-06
 4.62963e-06
 4.62963e-06
 4.62963e-06
 4.62963e-06
 4.62963e-06
 4.62963e-06
 4.62963e-06
 2.31481e-06
 4.62963e-06
 4.62963e-06
 4.62963e-06
 4.62963e-06
 4.62963e-06
 4.62963e-06
 4.62963e-06
 4.62963e-06
 4.62963e-06
 4.62963e-06
 4.62963e-06
 4.62963e-06
 4.62963e-06
 4.62963e-06
 4.62963e-06
 4.62963e-06
 4.62963e-06
 2.31481e-06
 4.62963e-06
 4.62963e-06
 4.62963e-06
 4.62963e-06
 4.62963e-06
 4.62963e-06
 4.62963e-06
 4.62963e-06
 4.62963e-06
 4.62963e-06
 4.62963e-06
 4.62963e-06
 4.62963e-06
 4.62963e-06
 4.62963e-06
 4.62963e-06
 4.62963e-06
 2.31481e-06
 4.62963e-06
 4.62963e-06
 4.62963e-06
 4.62963e-06
 4.62963e-06
 4.62963e-06
 4.62963e-06
 4.62963e-06
 4.62963e-06
 4.62963e-06
 4.62963e-06
 4.62963e-06
 4.62963e-06
 4.62963e-06
 4.62963e-06
 4.62963e-06
 4.62963e-06
 2.31481e-06
 2.31481e-06
 2.31481e-06
 2.31481e-06
 2.31481e-06
 2.31481e-06
 2.31481e-06
 2.31481e-06
 2.31481e-06
 2.31481e-06
 2.31481e-06
 2.31481e-06
 2.31481e-06
 2.31481e-06
 2.31481e-06
 2.31481e-06
 2.31481e-06
 2.31481e-06
 1.15741e-06
 4.62963e-06
 4.62963e-06
 4.62963e-06
 4.62963e-06
 4.62963e-06
 4.62963e-06
 4.62963e-06
 4.62963e-06
 4.62963e-06
 4.62963e-06
 4.62963e-06
 4.62963e-06
 4.62963e-06
 4.62963e-06
 4.62963e-06
 4.62963e-06
 4.62963e-06
 2.31481e-06
 4.62963e-06
 4.62963e-06
 4.62963e-06
 4.62963e-06
 4.62963e-06
 4.62963e-06
 4.62963e-06
 4.62963e-06
 4.62963e-06
 4.62963e-06
 4.62963e-06
 4.62963e-06
 4.62963e-06
 4.62963e-06
 4.62963e-06
 4.62963e-06
 4.62963e-06
 2.31481e-06
 4.62963e-06
 4.62963e-06
 4.62963e-06
 4.62963e-06
 4.62963e-06
 4.62963e-06
 4.62963e-06
 4.62963e-06
 4.62963e-06
 4.62963e-06
 4.62963e-06
 4.62963e-06
 4.62963e-06
 4.62963e-06
 4.62963e-06
 4.62963e-06
 4.62963e-06
 2.31481e-06
 4.62963e-06
 4.62963e-06
 4.62963e-06
 4.62963e-06
 4.62963e-06
 4.62963e-06
 4.62963e-06
 4.62963e-06
 4.62963e-06
 4.62963e-06
 4.62963e-06
 4.62963e-06
 4.62963e-06
 4.62963e-06
 4.62963e-06
 4.62963e-06
 4.62963e-06
 2.31481e-06
 4.62963e-06
 4.62963e-06
 4.62963e-06
 4.62963e-06
 4.62963e-06
 4.62963e-06
 4.62963e-06
 4.62963e-06
 4.62963e-06
 4.62963e-06
 4.62963e-06
 4.62963e-06
 4.62963e-06
 4.62963e-06
 4.62963e-06
 4.62963e-06
 4.62963e-06
 2.31481e-06
 4.62963e-06
 4.62963e-06
 4.62963e-06
 4.62963e-06
 4.62963e-06
 4.62963e-06
 4.62963e-06
 4.62963e-06
 4.62963e-06
 4.62963e-06
 4.62963e-06
 4.62963e-06
 4.62963e-06
 4.62963e-06
 4.62963e-06
 4.62963e-06
 4.62963e-06
 2.31481e-06
 4.62963e-06
 4.62963e-06
 4.62963e-06
 4.62963e-06
 4.62963e-06
 4.62963e-06
 4.62963e-06
 4.62963e-06
 4.62963e-06
 4.62963e-06
 4.62963e-06
 4.62963e-06
 4.62963e-06
 4.62963e-06
 4.62963e-06
 4.62963e-06
 4.62963e-06
 2.31481e-06
 4.62963e-06
 4.62963e-06
 4.62963e-06
 4.62963e-06
 4.62963e-06
 4.62963e-06
 4.62963e-06
 4.62963e-06
 4.62963e-06
 4.62963e-06
 4.62963e-06
 4.62963e-06
 4.62963e-06
 4.62963e-06
 4.62963e-06
 4.62963e-06
 4.62963e-06
 2.31481e-06
 4.62963e-06
 4.62963e-06
 4.62963e-06
 4.62963e-06
 4.62963e-06
 4.62963e-06
 4.62963e-06
 4.62963e-06
 4.62963e-06
 4.62963e-06
 4.62963e-06
 4.62963e-06
 4.62963e-06
 4.62963e-06
 4.62963e-06
 4.62963e-06
 4.62963e-06
 2.31481e-06
 4.62963e-06
 4.62963e-06
 4.62963e-06
 4.62963e-06
 4.62963e-06
 4.62963e-06
 4.62963e-06
 4.62963e-06
 4.62963e-06
 4.62963e-06
 4.62963e-06
 4.62963e-06
 4.62963e-06
 4.62963e-06
 4.62963e-06
 4.62963e-06
 4.62963e-06
 2.31481e-06
 4.62963e-06
 4.62963e-06
 4.62963e-06
 4.62963e-06
 4.62963e-06
 4.62963e-06
 4.62963e-06
 4.62963e-06
 4.62963e-06
 4.62963e-06
 4.62963e-06
 4.62963e-06
 4.62963e-06
 4.62963e-06
 4.62963e-06
 4.62963e-06
 4.62963e-06
 2.31481e-06
 4.62963e-06
 4.62963e-06
 4.62963e-06
 4.62963e-06
 4.62963e-06
 4.62963e-06
 4.62963e-06
 4.62963e-06
 4.62963e-06
 4.62963e-06
 4.62963e-06
 4.62963e-06
 4.62963e-06
 4.62963e-06
 4.62963e-06
 4.62963e-06
 4.62963e-06
 2.31481e-06
 4.62963e-06
 4.62963e-06
 4.62963e-06
 4.62963e-06
 4.62963e-06
 4.62963e-06
 4.62963e-06
 4.62963e-06
 4.62963e-06
 4.62963e-06
 4.62963e-06
 4.62963e-06
 4.62963e-06
 4.62963e-06
 4.62963e-06
 4.62963e-06
 4.62963e-06
 2.31481e-06
 4.62963e-06
 4.62963e-06
 4.62963e-06
 4.62963e-06
 4.62963e-06
 4.62963e-06
 4.62963e-06
 4.62963e-06
 4.62963e-06
 4.62963e-06
 4.62963e-06
 4.62963e-06
 4.62963e-06
 4.62963e-06
 4.62963e-06
 4.62963e-06
 4.62963e-06
 2.31481e-06
 4.62963e-06
 4.62963e-06
 4.62963e-06
 4.62963e-06
 4.62963e-06
 4.62963e-06
 4.62963e-06
 4.62963e-06
 4.62963e-06
 4.62963e-06
 4.62963e-06
 4.62963e-06
 4.62963e-06
 4.62963e-06
 4.62963e-06
 4.62963e-06
 4.62963e-06
 2.31481e-06
 4.62963e-06
 4.62963e-06
 4.62963e-06
 4.62963e-06
 4.62963e-06
 4.62963e-06
 4.62963e-06
 4.62963e-06
 4.62963e-06
 4.62963e-06
 4.62963e-06
 4.62963e-06
 4.62963e-06
 4.62963e-06
 4.62963e-06
 4.62963e-06
 4.62963e-06
 2.31481e-06
 4.62963e-06
 4.62963e-06
 4.62963e-06
 4.62963e-06
 4.62963e-06
 4.62963e-06
 4.62963e-06
 4.62963e-06
 4.62963e-06
 4.62963e-06
 4.62963e-06
 4.62963e-06
 4.62963e-06
 4.62963e-06
 4.62963e-06
 4.62963e-06
 4.62963e-06
 2.31481e-06
 2.31481e-06
 2.31481e-06
 2.31481e-06
 2.31481e-06
 2.31481e-06
 2.31481e-06
 2.31481e-06
 2.31481e-06
 2.31481e-06
 2.31481e-06
 2.31481e-06
 2.31481e-06
 2.31481e-06
 2.31481e-06
 2.31481e-06
 2.31481e-06
 2.31481e-06
 1.15741e-06
 2.31481e-06
 2.31481e-06
 2.31481e-06
 2.31481e-06
 2.31481e-06
 2.31481e-06
 2.31481e-06
 2.31481e-06
 2.31481e-06
 2.31481e-06
 2.31481e-06
 2.31481e-06
 2.31481e-06
 2.31481e-06
 2.31481e-06
 2.31481e-06
 2.31481e-06
 1.15741e-06
 2.31481e-06
 2.31481e-06
 2.31481e-06
 2.31481e-06
 2.31481e-06
 2.31481e-06
 2.31481e-06
 2.31481e-06
 2.31481e-06
 2.31481e-06
 2.31481e-06
 2.31481e-06
 2.31481e-06
 2.31481e-06
 2.31481e-06
 2.31481e-06
 2.31481e-06
 1.15741e-06
 2.31481e-06
 2.31481e-06
 2.31481e-06
 2.31481e-06
 2.31481e-06
 2.31481e-06
 2.31481e-06
 2.31481e-06
 2.31481e-06
 2.31481e-06
 2.31481e-06
 2.31481e-06
 2.31481e-06
 2.31481e-06
 2.31481e-06
 2.31481e-06
 2.31481e-06
 1.15741e-06
 2.31481e-06
 2.31481e-06
 2.31481e-06
 2.31481e-06
 2.31481e-06
 2.31481e-06
 2.31481e-06
 2.31481e-06
 2.31481e-06
 2.31481e-06
 2.31481e-06
 2.31481e-06
 2.31481e-06
 2.31481e-06
 2.31481e-06
 2.31481e-06
 2.31481e-06
 1.15741e-06
 2.31481e-06
 2.31481e-06
 2.31481e-06
 2.31481e-06
 2.31481e-06
 2.31481e-06
 2.31481e-06
 2.31481e-06
 2.31481e-06
 2.31481e-06
 2.31481e-06
 2.31481e-06
 2.31481e-06
 2.31481e-06
 2.31481e-06
 2.31481e-06
 2.31481e-06
 1.15741e-06
 2.31481e-06
 2.31481e-06
 2.31481e-06
 2.31481e-06
 2.31481e-06
 2.31481e-06
 2.31481e-06
 2.31481e-06
 2.31481e-06
 2.31481e-06
 2.31481e-06
 2.31481e-06
 2.31481e-06
 2.31481e-06
 2.31481e-06
 2.31481e-06
 2.31481e-06
 1.15741e-06
 2.31481e-06
 2.31481e-06
 2.31481e-06
 2.31481e-06
 2.31481e-06
 2.31481e-06
 2.31481e-06
 2.31481e-06
 2.31481e-06
 2.31481e-06
 2.31481e-06
 2.31481e-06
 2.31481e-06
 2.31481e-06
 2.31481e-06
 2.31481e-06
 2.31481e-06
 1.15741e-06
 2.31481e-06
 2.31481e-06
 2.31481e-06
 2.31481e-06
 2.31481e-06
 2.31481e-06
 2.31481e-06
 2.31481e-06
 2.31481e-06
 2.31481e-06
 2.31481e-06
 2.31481e-06
 2.31481e-06
 2.31481e-06
 2.31481e-06
 2.31481e-06
 2.31481e-06
 1.15741e-06
 2.31481e-06
 2.31481e-06
 2.31481e-06
 2.31481e-06
 2.31481e-06
 2.31481e-06
 2.31481e-06
 2.31481e-06
 2.31481e-06
 2.31481e-06
 2.31481e-06
 2.31481e-06
 2.31481e-06
 2.31481e-06
 2.31481e-06
 2.31481e-06
 2.31481e-06
 1.15741e-06
 2.31481e-06
 2.31481e-06
 2.31481e-06
 2.31481e-06
 2.31481e-06
 2.31481e-06
 2.31481e-06
 2.31481e-06
 2.31481e-06
 2.31481e-06
 2.31481e-06
 2.31481e-06
 2.31481e-06
 2.31481e-06
 2.31481e-06
 2.31481e-06
 2.31481e-06
 1.15741e-06
 2.31481e-06
 2.31481e-06
 2.31481e-06
 2.31481e-06
 2.31481e-06
 2.31481e-06
 2.31481e-06
 2.31481e-06
 2.31481e-06
 2.31481e-06
 2.31481e-06
 2.31481e-06
 2.31481e-06
 2.31481e-06
 2.31481e-06
 2.31481e-06
 2.31481e-06
 1.15741e-06
 2.31481e-06
 2.31481e-06
 2.31481e-06
 2.31481e-06
 2.31481e-06
 2.31481e-06
 2.31481e-06
 2.31481e-06
 2.31481e-06
 2.31481e-06
 2.31481e-06
 2.31481e-06
 2.31481e-06
 2.31481e-06
 2.31481e-06
 2.31481e-06
 2.31481e-06
 1.15741e-06
 2.31481e-06
 2.31481e-06
 2.31481e-06
 2.31481e-06
 2.31481e-06
 2.31481e-06
 2.31481e-06
 2.31481e-06
 2.31481e-06
 2.31481e-06
 2.31481e-06
 2.31481e-06
 2.31481e-06
 2.31481e-06
 2.31481e-06
 2.31481e-06
 2.31481e-06
 1.15741e-06
 2.31481e-06
 2.31481e-06
 2.31481e-06
 2.31481e-06
 2.31481e-06
 2.31481e-06
 2.31481e-06
 2.31481e-06
 2.31481e-06
 2.31481e-06
 2.31481e-06
 2.31481e-06
 2.31481e-06
 2.31481e-06
 2.31481e-06
 2.31481e-06
 2.31481e-06
 1.15741e-06
 2.31481e-06
 2.31481e-06
 2.31481e-06
 2.31481e-06
 2.31481e-06
 2.31481e-06
 2.31481e-06
 2.31481e-06
 2.31481e-06
 2.31481e-06
 2.31481e-06
 2.31481e-06
 2.31481e-06
 2.31481e-06
 2.31481e-06
 2.31481e-06
 2.31481e-06
 1.15741e-06
 2.31481e-06
 2.31481e-06
 2.31481e-06
 2.31481e-06
 2.31481e-06
 2.31481e-06
 2.31481e-06
 2.31481e-06
 2.31481e-06
 2.31481e-06
 2.31481e-06
 2.31481e-06
 2.31481e-06
 2.31481e-06
 2.31481e-06
 2.31481e-06
 2.31481e-06
 1.15741e-06
 2.31481e-06
 2.31481e-06
 2.31481e-06
 2.31481e-06
 2.31481e-06
 2.31481e-06
 2.31481e-06
 2.31481e-06
 2.31481e-06
 2.31481e-06
 2.31481e-06
 2.31481e-06
 2.31481e-06
 2.31481e-06
 2.31481e-06
 2.31481e-06
 2.31481e-06
 1.15741e-06
 1.15741e-06
 1.15741e-06
 1.15741e-06
 1.15741e-06
 1.15741e-06
 1.15741e-06
 1.15741e-06
 1.15741e-06
 1.15741e-06
 1.15741e-06
 1.15741e-06
 1.15741e-06
 1.15741e-06
 1.15741e-06
 1.15741e-06
 1.15741e-06
 1.15741e-06
 5.78704e-07
