Velocity
part
         1
coordinates
 0.00000e+00
-1.27882e-15
 6.31231e-16
-1.32805e-15
 1.68640e-15
-1.41066e-15
-1.48707e-15
 9.02927e-17
 2.93046e-15
 4.56176e-15
 4.81025e-14
 5.36768e-13
 5.45939e-12
 5.10514e-11
 4.41656e-10
 3.52386e-09
 2.58372e-08
 1.73377e-07
 1.05972e-06
 5.86696e-06
 2.92234e-05
 1.29891e-04
 5.09995e-04
 1.74733e-03
 5.15283e-03
 1.29183e-02
 2.73904e-02
 4.95432e-02
 7.83056e-02
 1.11651e-01
 1.47872e-01
 1.85926e-01
 2.25190e-01
 2.65229e-01
 3.05862e-01
 3.47036e-01
 3.88796e-01
 4.31178e-01
 4.73508e-01
 5.14088e-01
 5.54760e-01
 5.94480e-01
 6.33760e-01
 6.72448e-01
 7.10075e-01
 7.48004e-01
 7.85283e-01
 8.21012e-01
 8.55205e-01
 8.82239e-01
 9.04350e-01
 9.19771e-01
 9.26102e-01
 0.00000e+00
 6.09522e-16
 8.77175e-16
 3.00178e-15
-1.70269e-15
 1.21635e-15
-2.64654e-16
 1.71960e-15
-6.20170e-16
 7.75980e-15
 4.65860e-14
 5.41008e-13
 5.45832e-12
 5.10515e-11
 4.41658e-10
 3.52386e-09
 2.58372e-08
 1.73377e-07
 1.05972e-06
 5.86696e-06
 2.92234e-05
 1.29891e-04
 5.09995e-04
 1.74733e-03
 5.15283e-03
 1.29183e-02
 2.73904e-02
 4.95432e-02
 7.83056e-02
 1.11651e-01
 1.47872e-01
 1.85926e-01
 2.25190e-01
 2.65229e-01
 3.05862e-01
 3.47036e-01
 3.88796e-01
 4.31178e-01
 4.73508e-01
 5.14088e-01
 5.54760e-01
 5.94480e-01
 6.33760e-01
 6.72448e-01
 7.10075e-01
 7.48004e-01
 7.85283e-01
 8.21012e-01
 8.55205e-01
 8.82239e-01
 9.04350e-01
 9.19771e-01
 9.26102e-01
 0.00000e+00
 1.56174e-16
 1.69339e-15
-8.48330e-16
-7.25706e-16
-2.08815e-15
 2.01109e-15
 1.74826e-15
-4.59807e-16
 3.75635e-15
 5.08516e-14
 5.42149e-13
 5.45755e-12
 5.10518e-11
 4.41659e-10
 3.52386e-09
 2.58372e-08
 1.73377e-07
 1.05972e-06
 5.86696e-06
 2.92234e-05
 1.29891e-04
 5.09995e-04
 1.74733e-03
 5.15283e-03
 1.29183e-02
 2.73904e-02
 4.95432e-02
 7.83056e-02
 1.11651e-01
 1.47872e-01
 1.85926e-01
 2.25190e-01
 2.65229e-01
 3.05862e-01
 3.47036e-01
 3.88796e-01
 4.31178e-01
 4.73508e-01
 5.14088e-01
 5.54760e-01
 5.94480e-01
 6.33760e-01
 6.72448e-01
 7.10075e-01
 7.48004e-01
 7.85283e-01
 8.21012e-01
 8.55205e-01
 8.82239e-01
 9.04350e-01
 9.19771e-01
 9.26102e-01
 0.00000e+00
-3.11419e-15
-1.19929e-15
-4.13475e-15
-2.97737e-15
 1.17835e-16
 8.68953e-17
-1.72357e-15
-2.29508e-15
 1.28530e-15
 4.83400e-14
 5.40622e-13
 5.45720e-12
 5.10497e-11
 4.41653e-10
 3.52386e-09
 2.58372e-08
 1.73377e-07
 1.05972e-06
 5.86696e-06
 2.92234e-05
 1.29891e-04
 5.09995e-04
 1.74733e-03
 5.15283e-03
 1.29183e-02
 2.73904e-02
 4.95432e-02
 7.83056e-02
 1.11651e-01
 1.47872e-01
 1.85926e-01
 2.25190e-01
 2.65229e-01
 3.05862e-01
 3.47036e-01
 3.88796e-01
 4.31178e-01
 4.73508e-01
 5.14088e-01
 5.54760e-01
 5.94480e-01
 6.33760e-01
 6.72448e-01
 7.10075e-01
 7.48004e-01
 7.85283e-01
 8.21012e-01
 8.55205e-01
 8.82239e-01
 9.04350e-01
 9.19771e-01
 9.26102e-01
 0.00000e+00
 5.81359e-15
 5.02211e-15
 4.25271e-15
 1.68561e-15
 6.26722e-15
 5.02045e-15
 3.85282e-15
 3.04604e-15
 8.01922e-15
 5.39392e-14
 5.47506e-13
 5.46363e-12
 5.10546e-11
 4.41658e-10
 3.52387e-09
 2.58372e-08
 1.73377e-07
 1.05972e-06
 5.86696e-06
 2.92234e-05
 1.29891e-04
 5.09995e-04
 1.74733e-03
 5.15283e-03
 1.29183e-02
 2.73904e-02
 4.95432e-02
 7.83056e-02
 1.11651e-01
 1.47872e-01
 1.85926e-01
 2.25190e-01
 2.65229e-01
 3.05862e-01
 3.47036e-01
 3.88796e-01
 4.31178e-01
 4.73508e-01
 5.14088e-01
 5.54760e-01
 5.94480e-01
 6.33760e-01
 6.72448e-01
 7.10075e-01
 7.48004e-01
 7.85283e-01
 8.21012e-01
 8.55205e-01
 8.82239e-01
 9.04350e-01
 9.19771e-01
 9.26102e-01
 0.00000e+00
 2.70485e-16
-1.74173e-15
-2.26061e-15
-1.64317e-16
-8.86378e-16
 1.80678e-15
-2.63770e-15
 2.34567e-15
 6.53137e-15
 4.70846e-14
 5.39159e-13
 5.45818e-12
 5.10506e-11
 4.41655e-10
 3.52386e-09
 2.58372e-08
 1.73377e-07
 1.05972e-06
 5.86696e-06
 2.92234e-05
 1.29891e-04
 5.09995e-04
 1.74733e-03
 5.15283e-03
 1.29183e-02
 2.73904e-02
 4.95432e-02
 7.83056e-02
 1.11651e-01
 1.47872e-01
 1.85926e-01
 2.25190e-01
 2.65229e-01
 3.05862e-01
 3.47036e-01
 3.88796e-01
 4.31178e-01
 4.73508e-01
 5.14088e-01
 5.54760e-01
 5.94480e-01
 6.33760e-01
 6.72448e-01
 7.10075e-01
 7.48004e-01
 7.85283e-01
 8.21012e-01
 8.55205e-01
 8.82239e-01
 9.04350e-01
 9.19771e-01
 9.26102e-01
 0.00000e+00
 3.13300e-16
-7.61656e-16
-4.41881e-16
-8.37620e-16
 1.33230e-15
 6.78361e-16
 3.91425e-16
 5.84685e-16
 3.64742e-15
 4.99741e-14
 5.41456e-13
 5.45764e-12
 5.10506e-11
 4.41654e-10
 3.52386e-09
 2.58372e-08
 1.73377e-07
 1.05972e-06
 5.86696e-06
 2.92234e-05
 1.29891e-04
 5.09995e-04
 1.74733e-03
 5.15283e-03
 1.29183e-02
 2.73904e-02
 4.95432e-02
 7.83056e-02
 1.11651e-01
 1.47872e-01
 1.85926e-01
 2.25190e-01
 2.65229e-01
 3.05862e-01
 3.47036e-01
 3.88796e-01
 4.31178e-01
 4.73508e-01
 5.14088e-01
 5.54760e-01
 5.94480e-01
 6.33760e-01
 6.72448e-01
 7.10075e-01
 7.48004e-01
 7.85283e-01
 8.21012e-01
 8.55205e-01
 8.82239e-01
 9.04350e-01
 9.19771e-01
 9.26102e-01
 0.00000e+00
 1.02465e-15
-8.63985e-16
 1.13756e-15
-2.15353e-16
 4.32833e-16
 1.22004e-15
 1.29616e-15
 1.64577e-16
 3.96465e-15
 4.92076e-14
 5.43045e-13
 5.45987e-12
 5.10505e-11
 4.41655e-10
 3.52386e-09
 2.58372e-08
 1.73377e-07
 1.05972e-06
 5.86696e-06
 2.92234e-05
 1.29891e-04
 5.09995e-04
 1.74733e-03
 5.15283e-03
 1.29183e-02
 2.73904e-02
 4.95432e-02
 7.83056e-02
 1.11651e-01
 1.47872e-01
 1.85926e-01
 2.25190e-01
 2.65229e-01
 3.05862e-01
 3.47036e-01
 3.88796e-01
 4.31178e-01
 4.73508e-01
 5.14088e-01
 5.54760e-01
 5.94480e-01
 6.33760e-01
 6.72448e-01
 7.10075e-01
 7.48004e-01
 7.85283e-01
 8.21012e-01
 8.55205e-01
 8.82239e-01
 9.04350e-01
 9.19771e-01
 9.26102e-01
 0.00000e+00
-1.53576e-15
-2.85116e-15
-1.69604e-15
-2.55008e-15
-1.34879e-15
 2.06498e-16
-2.58667e-15
-2.34709e-15
 2.57218e-15
 4.82101e-14
 5.40344e-13
 5.45779e-12
 5.10485e-11
 4.41653e-10
 3.52386e-09
 2.58372e-08
 1.73377e-07
 1.05972e-06
 5.86696e-06
 2.92234e-05
 1.29891e-04
 5.09995e-04
 1.74733e-03
 5.15283e-03
 1.29183e-02
 2.73904e-02
 4.95432e-02
 7.83056e-02
 1.11651e-01
 1.47872e-01
 1.85926e-01
 2.25190e-01
 2.65229e-01
 3.05862e-01
 3.47036e-01
 3.88796e-01
 4.31178e-01
 4.73508e-01
 5.14088e-01
 5.54760e-01
 5.94480e-01
 6.33760e-01
 6.72448e-01
 7.10075e-01
 7.48004e-01
 7.85283e-01
 8.21012e-01
 8.55205e-01
 8.82239e-01
 9.04350e-01
 9.19771e-01
 9.26102e-01
 0.00000e+00
 4.68835e-15
 5.05610e-15
 5.60145e-15
 4.71631e-15
 3.87785e-15
 5.29063e-15
 5.20438e-15
 4.06975e-15
 6.68402e-15
 5.54412e-14
 5.47236e-13
 5.46273e-12
 5.10542e-11
 4.41659e-10
 3.52387e-09
 2.58372e-08
 1.73377e-07
 1.05972e-06
 5.86696e-06
 2.92234e-05
 1.29891e-04
 5.09995e-04
 1.74733e-03
 5.15283e-03
 1.29183e-02
 2.73904e-02
 4.95432e-02
 7.83056e-02
 1.11651e-01
 1.47872e-01
 1.85926e-01
 2.25190e-01
 2.65229e-01
 3.05862e-01
 3.47036e-01
 3.88796e-01
 4.31178e-01
 4.73508e-01
 5.14088e-01
 5.54760e-01
 5.94480e-01
 6.33760e-01
 6.72448e-01
 7.10075e-01
 7.48004e-01
 7.85283e-01
 8.21012e-01
 8.55205e-01
 8.82239e-01
 9.04350e-01
 9.19771e-01
 9.26102e-01
 0.00000e+00
-2.29116e-15
-7.52565e-16
-1.96873e-15
 5.75204e-16
-2.72623e-15
-3.01225e-15
-1.45496e-15
 1.02142e-15
 7.24223e-15
 4.78893e-14
 5.40112e-13
 5.45819e-12
 5.10494e-11
 4.41653e-10
 3.52386e-09
 2.58372e-08
 1.73377e-07
 1.05972e-06
 5.86696e-06
 2.92234e-05
 1.29891e-04
 5.09995e-04
 1.74733e-03
 5.15283e-03
 1.29183e-02
 2.73904e-02
 4.95432e-02
 7.83056e-02
 1.11651e-01
 1.47872e-01
 1.85926e-01
 2.25190e-01
 2.65229e-01
 3.05862e-01
 3.47036e-01
 3.88796e-01
 4.31178e-01
 4.73508e-01
 5.14088e-01
 5.54760e-01
 5.94480e-01
 6.33760e-01
 6.72448e-01
 7.10075e-01
 7.48004e-01
 7.85283e-01
 8.21012e-01
 8.55205e-01
 8.82239e-01
 9.04350e-01
 9.19771e-01
 9.26102e-01
 0.00000e+00
-1.36961e-15
-1.21224e-15
-1.10667e-15
-1.55289e-15
-2.17767e-16
-3.56500e-15
-1.89914e-15
 2.61957e-15
 3.99130e-15
 4.90747e-14
 5.42101e-13
 5.45827e-12
 5.10489e-11
 4.41654e-10
 3.52386e-09
 2.58372e-08
 1.73377e-07
 1.05972e-06
 5.86696e-06
 2.92234e-05
 1.29891e-04
 5.09995e-04
 1.74733e-03
 5.15283e-03
 1.29183e-02
 2.73904e-02
 4.95432e-02
 7.83056e-02
 1.11651e-01
 1.47872e-01
 1.85926e-01
 2.25190e-01
 2.65229e-01
 3.05862e-01
 3.47036e-01
 3.88796e-01
 4.31178e-01
 4.73508e-01
 5.14088e-01
 5.54760e-01
 5.94480e-01
 6.33760e-01
 6.72448e-01
 7.10075e-01
 7.48004e-01
 7.85283e-01
 8.21012e-01
 8.55205e-01
 8.82239e-01
 9.04350e-01
 9.19771e-01
 9.26102e-01
 0.00000e+00
 9.63994e-16
 2.44202e-16
 7.33644e-16
 2.21370e-16
-8.14926e-16
-2.08438e-15
-1.04604e-15
 3.52715e-15
 4.57704e-15
 4.97591e-14
 5.41524e-13
 5.46165e-12
 5.10485e-11
 4.41654e-10
 3.52386e-09
 2.58372e-08
 1.73377e-07
 1.05972e-06
 5.86696e-06
 2.92234e-05
 1.29891e-04
 5.09995e-04
 1.74733e-03
 5.15283e-03
 1.29183e-02
 2.73904e-02
 4.95432e-02
 7.83056e-02
 1.11651e-01
 1.47872e-01
 1.85926e-01
 2.25190e-01
 2.65229e-01
 3.05862e-01
 3.47036e-01
 3.88796e-01
 4.31178e-01
 4.73508e-01
 5.14088e-01
 5.54760e-01
 5.94480e-01
 6.33760e-01
 6.72448e-01
 7.10075e-01
 7.48004e-01
 7.85283e-01
 8.21012e-01
 8.55205e-01
 8.82239e-01
 9.04350e-01
 9.19771e-01
 9.26102e-01
 0.00000e+00
-3.73098e-15
-3.77603e-15
-4.79747e-15
-3.54508e-15
-2.95482e-15
-4.57807e-15
-3.42706e-15
-1.15241e-15
 3.24195e-15
 4.56623e-14
 5.40239e-13
 5.45660e-12
 5.10458e-11
 4.41652e-10
 3.52385e-09
 2.58372e-08
 1.73377e-07
 1.05972e-06
 5.86696e-06
 2.92234e-05
 1.29891e-04
 5.09995e-04
 1.74733e-03
 5.15283e-03
 1.29183e-02
 2.73904e-02
 4.95432e-02
 7.83056e-02
 1.11651e-01
 1.47872e-01
 1.85926e-01
 2.25190e-01
 2.65229e-01
 3.05862e-01
 3.47036e-01
 3.88796e-01
 4.31178e-01
 4.73508e-01
 5.14088e-01
 5.54760e-01
 5.94480e-01
 6.33760e-01
 6.72448e-01
 7.10075e-01
 7.48004e-01
 7.85283e-01
 8.21012e-01
 8.55205e-01
 8.82239e-01
 9.04350e-01
 9.19771e-01
 9.26102e-01
 0.00000e+00
 4.16941e-15
 3.98303e-15
 2.70934e-15
 1.94403e-15
 4.12395e-15
 3.69301e-15
 4.92632e-15
 4.08672e-15
 6.99337e-15
 5.49553e-14
 5.47030e-13
 5.46159e-12
 5.10523e-11
 4.41660e-10
 3.52386e-09
 2.58372e-08
 1.73377e-07
 1.05972e-06
 5.86696e-06
 2.92234e-05
 1.29891e-04
 5.09995e-04
 1.74733e-03
 5.15283e-03
 1.29183e-02
 2.73904e-02
 4.95432e-02
 7.83056e-02
 1.11651e-01
 1.47872e-01
 1.85926e-01
 2.25190e-01
 2.65229e-01
 3.05862e-01
 3.47036e-01
 3.88796e-01
 4.31178e-01
 4.73508e-01
 5.14088e-01
 5.54760e-01
 5.94480e-01
 6.33760e-01
 6.72448e-01
 7.10075e-01
 7.48004e-01
 7.85283e-01
 8.21012e-01
 8.55205e-01
 8.82239e-01
 9.04350e-01
 9.19771e-01
 9.26102e-01
 0.00000e+00
 1.26275e-15
 7.72868e-16
 1.20101e-17
 1.98718e-15
 1.69747e-15
 6.74222e-16
 2.89913e-15
 2.83727e-15
 4.50672e-15
 5.18548e-14
 5.40904e-13
 5.46155e-12
 5.10491e-11
 4.41657e-10
 3.52386e-09
 2.58372e-08
 1.73377e-07
 1.05972e-06
 5.86696e-06
 2.92234e-05
 1.29891e-04
 5.09995e-04
 1.74733e-03
 5.15283e-03
 1.29183e-02
 2.73904e-02
 4.95432e-02
 7.83056e-02
 1.11651e-01
 1.47872e-01
 1.85926e-01
 2.25190e-01
 2.65229e-01
 3.05862e-01
 3.47036e-01
 3.88796e-01
 4.31178e-01
 4.73508e-01
 5.14088e-01
 5.54760e-01
 5.94480e-01
 6.33760e-01
 6.72448e-01
 7.10075e-01
 7.48004e-01
 7.85283e-01
 8.21012e-01
 8.55205e-01
 8.82239e-01
 9.04350e-01
 9.19771e-01
 9.26102e-01
 0.00000e+00
 3.56155e-15
 2.08165e-15
 3.05352e-15
 2.37628e-15
 1.90041e-15
 2.80068e-15
 2.69565e-15
 2.48908e-15
 6.60824e-15
 5.12842e-14
 5.44629e-13
 5.46240e-12
 5.10517e-11
 4.41657e-10
 3.52386e-09
 2.58372e-08
 1.73377e-07
 1.05972e-06
 5.86696e-06
 2.92234e-05
 1.29891e-04
 5.09995e-04
 1.74733e-03
 5.15283e-03
 1.29183e-02
 2.73904e-02
 4.95432e-02
 7.83056e-02
 1.11651e-01
 1.47872e-01
 1.85926e-01
 2.25190e-01
 2.65229e-01
 3.05862e-01
 3.47036e-01
 3.88796e-01
 4.31178e-01
 4.73508e-01
 5.14088e-01
 5.54760e-01
 5.94480e-01
 6.33760e-01
 6.72448e-01
 7.10075e-01
 7.48004e-01
 7.85283e-01
 8.21012e-01
 8.55205e-01
 8.82239e-01
 9.04350e-01
 9.19771e-01
 9.26102e-01
 0.00000e+00
 2.96086e-15
 4.31385e-15
 1.74023e-15
 3.30800e-15
 5.43090e-16
 4.73354e-15
 5.11334e-15
 3.09836e-15
 6.80838e-15
 5.28927e-14
 5.43961e-13
 5.46405e-12
 5.10523e-11
 4.41658e-10
 3.52386e-09
 2.58372e-08
 1.73377e-07
 1.05972e-06
 5.86696e-06
 2.92234e-05
 1.29891e-04
 5.09995e-04
 1.74733e-03
 5.15283e-03
 1.29183e-02
 2.73904e-02
 4.95432e-02
 7.83056e-02
 1.11651e-01
 1.47872e-01
 1.85926e-01
 2.25190e-01
 2.65229e-01
 3.05862e-01
 3.47036e-01
 3.88796e-01
 4.31178e-01
 4.73508e-01
 5.14088e-01
 5.54760e-01
 5.94480e-01
 6.33760e-01
 6.72448e-01
 7.10075e-01
 7.48004e-01
 7.85283e-01
 8.21012e-01
 8.55205e-01
 8.82239e-01
 9.04350e-01
 9.19771e-01
 9.26102e-01
 0.00000e+00
-5.40837e-16
 8.70753e-16
-1.11513e-15
-1.64468e-15
-1.76287e-15
 1.68554e-15
 5.75149e-16
-1.14710e-15
 2.86287e-15
 5.04952e-14
 5.42281e-13
 5.45844e-12
 5.10495e-11
 4.41654e-10
 3.52386e-09
 2.58372e-08
 1.73377e-07
 1.05972e-06
 5.86696e-06
 2.92234e-05
 1.29891e-04
 5.09995e-04
 1.74733e-03
 5.15283e-03
 1.29183e-02
 2.73904e-02
 4.95432e-02
 7.83056e-02
 1.11651e-01
 1.47872e-01
 1.85926e-01
 2.25190e-01
 2.65229e-01
 3.05862e-01
 3.47036e-01
 3.88796e-01
 4.31178e-01
 4.73508e-01
 5.14088e-01
 5.54760e-01
 5.94480e-01
 6.33760e-01
 6.72448e-01
 7.10075e-01
 7.48004e-01
 7.85283e-01
 8.21012e-01
 8.55205e-01
 8.82239e-01
 9.04350e-01
 9.19771e-01
 9.26102e-01
 0.00000e+00
 7.00186e-15
 5.51669e-15
 6.68940e-15
 4.78756e-15
 5.46272e-15
 5.78657e-15
 7.07369e-15
 3.69209e-15
 8.21966e-15
 5.52552e-14
 5.50636e-13
 5.46595e-12
 5.10540e-11
 4.41659e-10
 3.52386e-09
 2.58372e-08
 1.73377e-07
 1.05972e-06
 5.86696e-06
 2.92234e-05
 1.29891e-04
 5.09995e-04
 1.74733e-03
 5.15283e-03
 1.29183e-02
 2.73904e-02
 4.95432e-02
 7.83056e-02
 1.11651e-01
 1.47872e-01
 1.85926e-01
 2.25190e-01
 2.65229e-01
 3.05862e-01
 3.47036e-01
 3.88796e-01
 4.31178e-01
 4.73508e-01
 5.14088e-01
 5.54760e-01
 5.94480e-01
 6.33760e-01
 6.72448e-01
 7.10075e-01
 7.48004e-01
 7.85283e-01
 8.21012e-01
 8.55205e-01
 8.82239e-01
 9.04350e-01
 9.19771e-01
 9.26102e-01
 0.00000e+00
-4.28577e-15
-4.91102e-15
-6.35041e-15
-6.99792e-15
-2.51787e-15
-6.14122e-15
-6.39837e-15
-2.88888e-15
 3.66001e-15
 4.47088e-14
 5.37099e-13
 5.45639e-12
 5.10443e-11
 4.41650e-10
 3.52386e-09
 2.58372e-08
 1.73377e-07
 1.05972e-06
 5.86696e-06
 2.92234e-05
 1.29891e-04
 5.09995e-04
 1.74733e-03
 5.15283e-03
 1.29183e-02
 2.73904e-02
 4.95432e-02
 7.83056e-02
 1.11651e-01
 1.47872e-01
 1.85926e-01
 2.25190e-01
 2.65229e-01
 3.05862e-01
 3.47036e-01
 3.88796e-01
 4.31178e-01
 4.73508e-01
 5.14088e-01
 5.54760e-01
 5.94480e-01
 6.33760e-01
 6.72448e-01
 7.10075e-01
 7.48004e-01
 7.85283e-01
 8.21012e-01
 8.55205e-01
 8.82239e-01
 9.04350e-01
 9.19771e-01
 9.26102e-01
 0.00000e+00
-4.57162e-15
-3.97673e-15
-4.51423e-15
-4.68327e-15
-4.33781e-15
-4.33630e-15
-4.21997e-15
-3.07271e-15
 9.96124e-16
 4.70839e-14
 5.36191e-13
 5.45502e-12
 5.10454e-11
 4.41651e-10
 3.52386e-09
 2.58372e-08
 1.73377e-07
 1.05972e-06
 5.86696e-06
 2.92234e-05
 1.29891e-04
 5.09995e-04
 1.74733e-03
 5.15283e-03
 1.29183e-02
 2.73904e-02
 4.95432e-02
 7.83056e-02
 1.11651e-01
 1.47872e-01
 1.85926e-01
 2.25190e-01
 2.65229e-01
 3.05862e-01
 3.47036e-01
 3.88796e-01
 4.31178e-01
 4.73508e-01
 5.14088e-01
 5.54760e-01
 5.94480e-01
 6.33760e-01
 6.72448e-01
 7.10075e-01
 7.48004e-01
 7.85283e-01
 8.21012e-01
 8.55205e-01
 8.82239e-01
 9.04350e-01
 9.19771e-01
 9.26102e-01
 0.00000e+00
-5.08995e-15
-5.16552e-15
-4.19033e-15
-5.31012e-15
-4.45528e-15
-4.89956e-15
-3.31571e-15
-2.13812e-15
 2.74539e-16
 4.63822e-14
 5.38416e-13
 5.45570e-12
 5.10450e-11
 4.41652e-10
 3.52386e-09
 2.58372e-08
 1.73377e-07
 1.05972e-06
 5.86696e-06
 2.92234e-05
 1.29891e-04
 5.09995e-04
 1.74733e-03
 5.15283e-03
 1.29183e-02
 2.73904e-02
 4.95432e-02
 7.83056e-02
 1.11651e-01
 1.47872e-01
 1.85926e-01
 2.25190e-01
 2.65229e-01
 3.05862e-01
 3.47036e-01
 3.88796e-01
 4.31178e-01
 4.73508e-01
 5.14088e-01
 5.54760e-01
 5.94480e-01
 6.33760e-01
 6.72448e-01
 7.10075e-01
 7.48004e-01
 7.85283e-01
 8.21012e-01
 8.55205e-01
 8.82239e-01
 9.04350e-01
 9.19771e-01
 9.26102e-01
 0.00000e+00
-7.26835e-15
-7.33661e-15
-6.26201e-15
-7.02003e-15
-5.88976e-15
-5.71817e-15
-8.44816e-15
-4.67883e-15
 8.55513e-16
 4.43448e-14
 5.36304e-13
 5.45360e-12
 5.10412e-11
 4.41646e-10
 3.52385e-09
 2.58372e-08
 1.73377e-07
 1.05972e-06
 5.86696e-06
 2.92234e-05
 1.29891e-04
 5.09995e-04
 1.74733e-03
 5.15283e-03
 1.29183e-02
 2.73904e-02
 4.95432e-02
 7.83056e-02
 1.11651e-01
 1.47872e-01
 1.85926e-01
 2.25190e-01
 2.65229e-01
 3.05862e-01
 3.47036e-01
 3.88796e-01
 4.31178e-01
 4.73508e-01
 5.14088e-01
 5.54760e-01
 5.94480e-01
 6.33760e-01
 6.72448e-01
 7.10075e-01
 7.48004e-01
 7.85283e-01
 8.21012e-01
 8.55205e-01
 8.82239e-01
 9.04350e-01
 9.19771e-01
 9.26102e-01
 0.00000e+00
 5.74333e-16
 3.39550e-16
 1.41727e-15
 1.80025e-15
 7.40899e-16
 1.58499e-15
-1.01669e-15
 3.75689e-15
 3.51676e-15
 5.30081e-14
 5.42035e-13
 5.46017e-12
 5.10468e-11
 4.41652e-10
 3.52386e-09
 2.58372e-08
 1.73377e-07
 1.05972e-06
 5.86696e-06
 2.92234e-05
 1.29891e-04
 5.09995e-04
 1.74733e-03
 5.15283e-03
 1.29183e-02
 2.73904e-02
 4.95432e-02
 7.83056e-02
 1.11651e-01
 1.47872e-01
 1.85926e-01
 2.25190e-01
 2.65229e-01
 3.05862e-01
 3.47036e-01
 3.88796e-01
 4.31178e-01
 4.73508e-01
 5.14088e-01
 5.54760e-01
 5.94480e-01
 6.33760e-01
 6.72448e-01
 7.10075e-01
 7.48004e-01
 7.85283e-01
 8.21012e-01
 8.55205e-01
 8.82239e-01
 9.04350e-01
 9.19771e-01
 9.26102e-01
 0.00000e+00
 6.93685e-15
 6.80333e-15
 5.92559e-15
 9.80833e-15
 4.94993e-15
 5.80491e-15
 9.84136e-15
 1.05445e-14
 1.60426e-14
 5.47840e-14
 5.52062e-13
 5.47184e-12
 5.10618e-11
 4.41664e-10
 3.52387e-09
 2.58372e-08
 1.73377e-07
 1.05972e-06
 5.86696e-06
 2.92234e-05
 1.29891e-04
 5.09995e-04
 1.74733e-03
 5.15283e-03
 1.29183e-02
 2.73904e-02
 4.95432e-02
 7.83056e-02
 1.11651e-01
 1.47872e-01
 1.85926e-01
 2.25190e-01
 2.65229e-01
 3.05862e-01
 3.47036e-01
 3.88796e-01
 4.31178e-01
 4.73508e-01
 5.14088e-01
 5.54760e-01
 5.94480e-01
 6.33760e-01
 6.72448e-01
 7.10075e-01
 7.48004e-01
 7.85283e-01
 8.21012e-01
 8.55205e-01
 8.82239e-01
 9.04350e-01
 9.19771e-01
 9.26102e-01
 0.00000e+00
 8.03182e-15
 1.02910e-14
 9.48870e-15
 1.11251e-14
 6.29555e-15
 8.23289e-15
 1.31929e-14
 1.05831e-14
 1.35218e-14
 5.93705e-14
 5.49614e-13
 5.47088e-12
 5.10582e-11
 4.41669e-10
 3.52387e-09
 2.58372e-08
 1.73377e-07
 1.05972e-06
 5.86696e-06
 2.92234e-05
 1.29891e-04
 5.09995e-04
 1.74733e-03
 5.15283e-03
 1.29183e-02
 2.73904e-02
 4.95432e-02
 7.83056e-02
 1.11651e-01
 1.47872e-01
 1.85926e-01
 2.25190e-01
 2.65229e-01
 3.05862e-01
 3.47036e-01
 3.88796e-01
 4.31178e-01
 4.73508e-01
 5.14088e-01
 5.54760e-01
 5.94480e-01
 6.33760e-01
 6.72448e-01
 7.10075e-01
 7.48004e-01
 7.85283e-01
 8.21012e-01
 8.55205e-01
 8.82239e-01
 9.04350e-01
 9.19771e-01
 9.26102e-01
 0.00000e+00
 8.66870e-15
 9.47257e-15
 1.11949e-14
 1.14978e-14
 8.72273e-15
 9.66363e-15
 1.11216e-14
 1.23206e-14
 1.47526e-14
 5.87902e-14
 5.51650e-13
 5.47190e-12
 5.10572e-11
 4.41671e-10
 3.52387e-09
 2.58372e-08
 1.73377e-07
 1.05972e-06
 5.86696e-06
 2.92234e-05
 1.29891e-04
 5.09995e-04
 1.74733e-03
 5.15283e-03
 1.29183e-02
 2.73904e-02
 4.95432e-02
 7.83056e-02
 1.11651e-01
 1.47872e-01
 1.85926e-01
 2.25190e-01
 2.65229e-01
 3.05862e-01
 3.47036e-01
 3.88796e-01
 4.31178e-01
 4.73508e-01
 5.14088e-01
 5.54760e-01
 5.94480e-01
 6.33760e-01
 6.72448e-01
 7.10075e-01
 7.48004e-01
 7.85283e-01
 8.21012e-01
 8.55205e-01
 8.82239e-01
 9.04350e-01
 9.19771e-01
 9.26102e-01
 0.00000e+00
 5.53372e-15
 5.87746e-15
 6.01463e-15
 8.60850e-15
 5.35715e-15
 6.51725e-15
 5.52551e-15
 6.29546e-15
 1.22556e-14
 5.60756e-14
 5.49238e-13
 5.46872e-12
 5.10531e-11
 4.41662e-10
 3.52386e-09
 2.58372e-08
 1.73377e-07
 1.05972e-06
 5.86696e-06
 2.92234e-05
 1.29891e-04
 5.09995e-04
 1.74733e-03
 5.15283e-03
 1.29183e-02
 2.73904e-02
 4.95432e-02
 7.83056e-02
 1.11651e-01
 1.47872e-01
 1.85926e-01
 2.25190e-01
 2.65229e-01
 3.05862e-01
 3.47036e-01
 3.88796e-01
 4.31178e-01
 4.73508e-01
 5.14088e-01
 5.54760e-01
 5.94480e-01
 6.33760e-01
 6.72448e-01
 7.10075e-01
 7.48004e-01
 7.85283e-01
 8.21012e-01
 8.55205e-01
 8.82239e-01
 9.04350e-01
 9.19771e-01
 9.26102e-01
 0.00000e+00
 9.13573e-15
 1.20499e-14
 1.11783e-14
 1.09124e-14
 1.16968e-14
 1.06660e-14
 1.23368e-14
 9.57289e-15
 1.56637e-14
 6.20261e-14
 5.55788e-13
 5.46939e-12
 5.10563e-11
 4.41664e-10
 3.52387e-09
 2.58372e-08
 1.73377e-07
 1.05972e-06
 5.86696e-06
 2.92234e-05
 1.29891e-04
 5.09995e-04
 1.74733e-03
 5.15283e-03
 1.29183e-02
 2.73904e-02
 4.95432e-02
 7.83056e-02
 1.11651e-01
 1.47872e-01
 1.85926e-01
 2.25190e-01
 2.65229e-01
 3.05862e-01
 3.47036e-01
 3.88796e-01
 4.31178e-01
 4.73508e-01
 5.14088e-01
 5.54760e-01
 5.94480e-01
 6.33760e-01
 6.72448e-01
 7.10075e-01
 7.48004e-01
 7.85283e-01
 8.21012e-01
 8.55205e-01
 8.82239e-01
 9.04350e-01
 9.19771e-01
 9.26102e-01
 0.00000e+00
 0.00000e+00
 0.00000e+00
 0.00000e+00
 0.00000e+00
 0.00000e+00
 0.00000e+00
 0.00000e+00
 0.00000e+00
 0.00000e+00
 0.00000e+00
 0.00000e+00
 0.00000e+00
 0.00000e+00
 0.00000e+00
 0.00000e+00
 0.00000e+00
 0.00000e+00
 0.00000e+00
 0.00000e+00
 0.00000e+00
 0.00000e+00
 0.00000e+00
 0.00000e+00
 0.00000e+00
 0.00000e+00
 0.00000e+00
 0.00000e+00
 0.00000e+00
 0.00000e+00
 0.00000e+00
 0.00000e+00
 0.00000e+00
 0.00000e+00
 0.00000e+00
 0.00000e+00
 0.00000e+00
 0.00000e+00
 0.00000e+00
 0.00000e+00
 0.00000e+00
 0.00000e+00
 0.00000e+00
 0.00000e+00
 0.00000e+00
 0.00000e+00
 0.00000e+00
 0.00000e+00
 0.00000e+00
 0.00000e+00
 0.00000e+00
 0.00000e+00
 0.00000e+00
 7.15148e-16
-1.27326e-16
 2.98587e-16
 7.49373e-16
-2.44715e-15
 3.21233e-15
-1.91520e-15
-3.99217e-17
-6.06093e-15
 3.09236e-15
-1.46435e-15
-4.48675e-16
-2.59283e-16
-1.30537e-15
-1.21332e-15
-1.85368e-15
 3.26427e-16
-3.52090e-15
 9.33979e-15
-1.82643e-15
-2.81252e-15
 2.03101e-15
-4.10365e-16
-1.59490e-15
 2.61478e-15
 4.46215e-15
 1.07034e-15
 2.77503e-16
-1.46065e-16
 8.63156e-16
 2.09315e-15
 2.68328e-15
 1.60833e-15
-7.28382e-16
-6.58943e-15
-6.94024e-15
-5.16006e-15
-4.66957e-15
-6.30844e-15
-5.12127e-15
-1.50535e-15
 3.88725e-15
 8.39617e-15
 9.12179e-15
 6.13045e-15
 1.51389e-15
 1.60588e-15
 5.54650e-16
-1.76767e-15
-1.94171e-15
 4.05997e-16
 7.72107e-16
-9.30503e-16
-1.76867e-15
-1.64636e-15
 5.43708e-16
-9.09031e-16
-1.88138e-15
 4.90424e-15
-2.84044e-15
-1.43793e-15
-5.19444e-15
 3.31621e-15
-2.08666e-15
-2.93585e-16
-1.36391e-15
-1.70812e-16
 8.62015e-16
 1.01070e-15
 1.13095e-15
-5.34203e-15
 6.44393e-15
 2.85633e-15
-3.75375e-17
-1.13845e-15
 1.02643e-15
-2.04810e-15
-2.35806e-15
 1.49684e-15
 3.30959e-15
 5.18438e-15
 2.48133e-15
-6.25092e-16
-4.22947e-16
 3.65098e-15
 2.30386e-15
 4.07885e-15
 1.96423e-15
 7.66249e-16
 8.87842e-16
 2.30106e-15
 2.35477e-15
 2.68976e-16
-1.74899e-15
-1.07474e-15
 9.03141e-17
 1.42106e-15
 4.23309e-15
 5.34869e-15
 5.34409e-15
 4.10959e-15
 4.20479e-15
 5.53249e-15
 5.21216e-15
 4.17402e-15
 8.05831e-15
 1.24303e-15
 4.28139e-16
-1.98764e-15
-1.58560e-15
-2.36591e-15
 3.98656e-15
-1.81952e-15
-1.37470e-18
-5.63887e-15
 4.24365e-15
-3.72618e-17
-3.60257e-16
 1.75778e-15
 8.12141e-16
-2.22827e-15
-1.28545e-16
-9.91344e-16
-1.05317e-14
 5.63538e-15
-3.93883e-15
-4.30271e-15
-3.24955e-16
-1.91359e-15
 1.30735e-15
-3.72451e-15
-3.42580e-15
-1.56717e-15
-8.04060e-16
 2.28487e-16
 2.46751e-15
 1.53515e-16
-3.81848e-15
-8.76757e-17
 1.55455e-15
-2.12417e-15
-4.62014e-15
-2.68073e-15
-1.83356e-16
 6.25724e-16
 1.81500e-15
-1.75002e-15
-4.88807e-15
-3.32263e-15
-9.63436e-16
-1.12099e-15
-3.04618e-16
-1.05407e-15
-1.92626e-15
-1.39094e-17
 1.27295e-15
 3.33785e-15
 4.78352e-15
 3.55195e-15
-1.46362e-15
-6.63170e-17
 2.98727e-15
 2.44962e-15
 1.55117e-15
 1.06602e-15
 8.37825e-16
 7.44619e-16
-2.31544e-15
 4.00176e-15
-1.57384e-15
 4.29790e-15
-1.60983e-15
 1.66357e-17
 1.50644e-15
 3.76199e-17
 1.44445e-15
-3.30530e-15
 6.89124e-15
 2.74033e-15
 1.18089e-15
 1.16048e-15
 1.46904e-15
-1.69776e-15
 1.80486e-15
 8.99846e-16
-3.41924e-15
 6.97793e-16
 2.07762e-15
-2.79249e-16
 1.86290e-15
 3.35344e-15
-3.11075e-16
-8.39176e-16
-1.09836e-15
 2.07085e-15
 2.91086e-15
 1.59129e-15
-9.08733e-16
-4.44684e-15
-3.69365e-15
-2.19560e-15
-3.07719e-15
-2.77140e-15
-1.21979e-15
-3.03839e-15
-3.54234e-15
-4.29404e-15
-5.87131e-15
-7.89860e-15
-8.59605e-15
-8.35106e-15
-7.48395e-15
 0.00000e+00
 0.00000e+00
 0.00000e+00
 0.00000e+00
 0.00000e+00
 0.00000e+00
 0.00000e+00
 0.00000e+00
 0.00000e+00
 0.00000e+00
 0.00000e+00
 0.00000e+00
 0.00000e+00
 0.00000e+00
 0.00000e+00
 0.00000e+00
 0.00000e+00
 0.00000e+00
 0.00000e+00
 0.00000e+00
 0.00000e+00
 0.00000e+00
 0.00000e+00
 0.00000e+00
 0.00000e+00
 0.00000e+00
 0.00000e+00
 0.00000e+00
 0.00000e+00
 0.00000e+00
 0.00000e+00
 0.00000e+00
 0.00000e+00
 0.00000e+00
 0.00000e+00
 0.00000e+00
 0.00000e+00
 0.00000e+00
 0.00000e+00
 0.00000e+00
 0.00000e+00
 0.00000e+00
 0.00000e+00
 0.00000e+00
 0.00000e+00
 0.00000e+00
 0.00000e+00
 0.00000e+00
 0.00000e+00
 0.00000e+00
 0.00000e+00
 0.00000e+00
 0.00000e+00
 1.92356e-16
-8.55829e-16
-2.09474e-16
 2.04196e-17
-2.56388e-15
 4.22597e-15
-2.15969e-15
-8.69292e-17
-4.06358e-15
 3.00196e-15
-2.25311e-15
-1.26327e-16
-3.59305e-16
-5.18726e-16
-4.11204e-16
-9.56431e-17
 3.49200e-16
-4.99470e-15
 9.70584e-15
 1.49084e-15
-1.70503e-15
 1.54977e-15
 1.57486e-15
-2.42895e-16
 1.50619e-15
 2.03766e-15
 5.54104e-16
 3.39003e-15
 1.34495e-15
 6.54222e-16
 2.87177e-15
 3.73043e-15
 2.32842e-15
 1.64951e-15
-2.05796e-15
-3.89694e-15
-3.00294e-15
-5.51497e-16
 7.37658e-16
 1.95524e-15
 2.50268e-15
 4.73306e-15
 6.75271e-15
 7.67513e-15
 5.85013e-15
 3.01284e-15
 2.84668e-15
 1.32281e-15
-3.46480e-17
 4.06740e-16
 2.97772e-15
 6.33276e-15
 6.35684e-15
-1.42961e-15
-6.65524e-16
-3.37137e-16
-1.00376e-15
-2.70339e-15
 3.69719e-15
-3.28168e-15
-1.47277e-15
-6.74770e-15
 3.56805e-15
-6.58451e-16
-3.78658e-16
-1.43207e-16
-5.00581e-16
-1.62960e-16
-1.42597e-15
-1.40358e-15
-7.17407e-15
 5.02723e-15
-1.56393e-15
-3.16878e-15
-1.37536e-15
-1.50126e-15
-1.36693e-15
-3.56893e-15
 1.37052e-15
 2.14200e-15
-6.56940e-16
-1.67409e-16
 4.12680e-16
-1.25185e-15
-5.28030e-16
 5.15610e-16
-6.29463e-16
-3.94406e-15
-2.62064e-15
-2.50189e-15
-1.66260e-15
-3.26692e-15
-5.69491e-15
-4.53443e-15
-2.38308e-15
-8.20687e-16
-3.00126e-16
 9.62453e-16
 1.32448e-15
 6.37721e-16
-9.46481e-17
-6.82477e-16
-4.26037e-16
-1.52042e-15
-4.21211e-15
-2.89664e-15
 1.90994e-15
 2.93823e-16
-2.20507e-16
-3.67345e-16
-1.47077e-15
 3.50252e-15
-2.55717e-15
 6.72440e-16
-2.90672e-15
 3.54896e-15
-1.01239e-15
 3.69579e-16
-6.08197e-16
-9.17059e-16
-1.45954e-15
 1.40013e-15
 2.12144e-15
-5.84243e-15
 8.91980e-15
 1.27090e-15
-2.38475e-16
 1.77747e-15
 1.58673e-15
-2.86506e-16
-1.30089e-15
-1.56289e-15
-2.03376e-15
 9.43141e-16
 7.36459e-16
 1.07216e-15
 1.18382e-15
 2.25414e-16
 9.13515e-16
 3.80083e-15
 1.23880e-15
-2.49399e-16
 4.40703e-16
 1.02301e-15
 2.25078e-15
 3.36480e-15
 2.86163e-16
-1.48810e-15
-9.68410e-16
 1.14080e-16
 1.80785e-16
 1.50005e-16
-1.18975e-15
-2.27032e-15
 2.18124e-16
 2.16379e-15
 3.31261e-15
 4.66509e-15
 3.77991e-15
-1.72817e-15
-7.18571e-16
 9.62076e-16
 7.02268e-16
 4.20661e-16
 1.12573e-15
 1.50928e-15
 1.12547e-15
-3.25212e-15
 3.87998e-15
-1.52573e-15
 2.78441e-15
-1.04758e-16
-3.26125e-16
 6.55568e-16
-2.77798e-16
-9.46787e-16
-8.45745e-15
 4.29406e-15
-1.54515e-15
-1.41033e-15
 4.72690e-16
-1.54702e-15
 7.18189e-16
-1.37812e-16
-9.70118e-16
-1.61706e-15
-1.56386e-16
 9.28612e-16
-7.29485e-17
 1.26345e-15
 3.03633e-15
 2.63917e-15
 9.51163e-16
-1.48976e-15
-2.59111e-16
 2.11593e-15
 2.90625e-15
 5.37607e-16
-2.67398e-15
-3.93314e-15
-4.31997e-15
-3.41976e-15
-1.70207e-15
-2.67521e-16
-9.57422e-16
-3.66747e-16
-6.27921e-16
-3.20069e-15
-4.19617e-15
-3.23728e-15
-8.30526e-16
 1.53364e-15
 0.00000e+00
 0.00000e+00
 0.00000e+00
 0.00000e+00
 0.00000e+00
 0.00000e+00
 0.00000e+00
 0.00000e+00
 0.00000e+00
 0.00000e+00
 0.00000e+00
 0.00000e+00
 0.00000e+00
 0.00000e+00
 0.00000e+00
 0.00000e+00
 0.00000e+00
 0.00000e+00
 0.00000e+00
 0.00000e+00
 0.00000e+00
 0.00000e+00
 0.00000e+00
 0.00000e+00
 0.00000e+00
 0.00000e+00
 0.00000e+00
 0.00000e+00
 0.00000e+00
 0.00000e+00
 0.00000e+00
 0.00000e+00
 0.00000e+00
 0.00000e+00
 0.00000e+00
 0.00000e+00
 0.00000e+00
 0.00000e+00
 0.00000e+00
 0.00000e+00
 0.00000e+00
 0.00000e+00
 0.00000e+00
 0.00000e+00
 0.00000e+00
 0.00000e+00
 0.00000e+00
 0.00000e+00
 0.00000e+00
 0.00000e+00
 0.00000e+00
 0.00000e+00
 0.00000e+00
 1.50259e-16
-3.89027e-16
 3.78381e-16
 5.46472e-16
-2.28250e-15
 3.27107e-15
-1.09764e-15
-9.13961e-16
-4.73922e-15
 4.07065e-15
-1.34486e-15
-1.16595e-15
-6.41786e-16
-1.38502e-15
-8.50086e-16
-1.15191e-15
-1.81670e-15
-8.70816e-15
 5.21633e-15
-7.68742e-17
-4.00131e-15
-2.35187e-15
 1.13060e-15
 1.14819e-15
-1.75342e-15
 3.85492e-16
-5.05695e-16
 3.20118e-15
 2.26213e-15
-8.31632e-17
-4.00251e-16
-9.00379e-16
 3.26679e-16
 6.46323e-16
-4.19146e-15
-5.30787e-15
-3.20629e-15
-1.04629e-15
 1.09216e-15
 2.97036e-15
 1.85283e-15
 3.03007e-15
 5.50134e-15
 4.63700e-15
 2.35758e-15
 1.34565e-15
-6.23901e-16
-4.84202e-15
-4.99999e-15
-2.82281e-15
 1.87343e-15
 6.69379e-15
 6.51973e-15
-1.26440e-15
-1.19898e-15
-1.32389e-17
-4.97920e-16
-1.72273e-15
 3.27030e-15
-2.66972e-15
-3.96495e-16
-6.15933e-15
 3.66174e-15
-3.42103e-16
-6.36504e-16
-2.85175e-16
 9.14731e-16
-6.40014e-16
-1.11651e-15
 8.07927e-16
-5.54282e-15
 6.94555e-15
 1.34694e-15
-3.45678e-16
 1.42040e-15
-9.56096e-16
 1.51440e-15
-1.70988e-16
-1.98760e-15
-1.05511e-15
-1.12304e-15
-2.08970e-15
-2.57922e-16
 3.11974e-16
 6.51144e-16
-1.85182e-16
-1.91058e-16
-3.57423e-16
 3.57263e-16
 2.96199e-16
 8.61036e-16
-7.61174e-16
-1.89406e-15
-8.01257e-16
 1.90419e-16
 1.33120e-15
 3.11718e-15
 3.44587e-15
 1.68125e-15
 4.39718e-16
-1.52169e-17
-1.19358e-15
-3.05570e-15
-6.52045e-15
-8.17106e-15
-6.49361e-15
 6.09470e-16
-3.99878e-16
-1.93444e-16
 2.57994e-16
-2.57834e-15
 2.38505e-15
-2.30741e-15
-1.87661e-15
-4.45871e-15
 4.22352e-15
-2.91737e-15
-7.93122e-16
-1.06675e-15
-1.70579e-15
 4.97129e-16
 1.22393e-16
-6.86599e-16
-5.21476e-15
 8.60824e-15
-1.98692e-15
-3.34100e-15
 3.67703e-16
 5.01384e-16
 8.26111e-17
 1.00815e-15
 3.35545e-15
 8.70065e-16
-1.86517e-15
 4.25772e-16
 8.18233e-16
 1.20536e-15
 2.51712e-15
 4.31246e-15
 4.23409e-15
-3.68298e-16
-1.82778e-15
-8.19821e-16
 1.41582e-15
 1.44570e-15
 3.45416e-16
-1.52792e-15
-1.73204e-15
-2.98165e-15
-5.09206e-15
-5.31681e-15
-5.05044e-15
-5.19161e-15
-4.78918e-15
-8.97365e-16
-7.07056e-16
-2.34934e-15
-4.80055e-15
-8.52544e-15
-1.31521e-15
-1.15007e-15
-2.32909e-16
-4.24308e-16
 1.08586e-15
 1.21596e-15
 1.91610e-15
 2.97001e-15
-2.71357e-15
 2.64497e-15
-1.40205e-15
 3.18171e-15
-2.95538e-16
-9.54013e-16
-2.24408e-15
-7.80551e-16
 1.35149e-15
-8.87861e-15
 3.79704e-15
-8.36382e-16
 1.23216e-15
 2.19177e-15
-6.12021e-16
-3.24239e-16
-1.98876e-15
-8.58801e-16
-1.95739e-15
 7.24804e-16
 1.72750e-15
 2.67778e-15
 4.48552e-15
 3.07555e-15
 2.97163e-15
 3.99003e-15
 2.48079e-15
 4.37555e-15
 4.45260e-15
 3.80790e-15
 2.48146e-15
 2.14866e-15
-1.00494e-15
-3.36970e-15
-1.69958e-15
 9.65693e-16
 2.61526e-15
 3.99519e-15
 5.68597e-15
 5.20155e-15
 3.36277e-15
 4.58204e-15
 9.81783e-15
 1.63560e-14
 1.67029e-14
 0.00000e+00
 0.00000e+00
 0.00000e+00
 0.00000e+00
 0.00000e+00
 0.00000e+00
 0.00000e+00
 0.00000e+00
 0.00000e+00
 0.00000e+00
 0.00000e+00
 0.00000e+00
 0.00000e+00
 0.00000e+00
 0.00000e+00
 0.00000e+00
 0.00000e+00
 0.00000e+00
 0.00000e+00
 0.00000e+00
 0.00000e+00
 0.00000e+00
 0.00000e+00
 0.00000e+00
 0.00000e+00
 0.00000e+00
 0.00000e+00
 0.00000e+00
 0.00000e+00
 0.00000e+00
 0.00000e+00
 0.00000e+00
 0.00000e+00
 0.00000e+00
 0.00000e+00
 0.00000e+00
 0.00000e+00
 0.00000e+00
 0.00000e+00
 0.00000e+00
 0.00000e+00
 0.00000e+00
 0.00000e+00
 0.00000e+00
 0.00000e+00
 0.00000e+00
 0.00000e+00
 0.00000e+00
 0.00000e+00
 0.00000e+00
 0.00000e+00
 0.00000e+00
 0.00000e+00
 3.27741e-16
-1.33329e-16
-9.48262e-17
-2.00030e-16
-2.31032e-15
 2.23604e-15
-1.20200e-15
 6.54546e-16
-4.85154e-15
 3.87025e-15
 3.98190e-17
-3.45534e-16
-6.19762e-16
-9.38783e-16
-4.44916e-16
-1.69855e-15
-2.66201e-15
-1.07466e-14
 4.43330e-15
-8.65084e-16
-3.20072e-15
-2.95830e-15
-6.58215e-16
 1.45269e-15
-9.81063e-16
 8.14945e-16
 1.69799e-15
 2.99704e-15
-8.39348e-17
-3.71069e-15
-4.86080e-15
-3.49258e-15
-1.24759e-15
-8.28001e-16
-2.96822e-15
-1.88676e-15
-1.23262e-15
-1.75071e-15
-3.34172e-15
-2.25851e-15
-1.23938e-15
-1.91302e-16
 2.87585e-16
-5.24305e-16
-1.38205e-15
-2.26443e-15
-4.53465e-15
-8.00635e-15
-7.13932e-15
-4.31536e-15
-2.72782e-16
 5.16144e-18
-1.41039e-15
-1.31787e-15
-1.62837e-15
-1.17419e-16
 1.05163e-15
-1.34932e-15
 2.20536e-15
-2.03171e-15
-3.02977e-17
-3.05336e-15
 3.87250e-15
-5.94322e-16
 1.35483e-15
-3.85428e-16
-2.53268e-16
 2.91217e-17
 2.23995e-16
 1.55804e-15
-3.12801e-15
 7.99495e-15
 1.63262e-15
 1.43917e-15
 2.91749e-15
-1.08992e-15
 6.94781e-16
 2.18295e-15
-1.69213e-15
-2.04333e-15
 8.41181e-16
-2.84180e-15
-6.84369e-16
 2.50059e-15
 3.06697e-15
 1.92746e-15
 2.00442e-15
-9.79643e-17
-2.21665e-17
 5.17003e-16
 1.77697e-15
 3.17160e-15
 4.80873e-15
 4.64212e-15
 5.31124e-15
 6.99607e-15
 7.94146e-15
 6.68422e-15
 2.98066e-15
 1.60844e-15
 1.31838e-15
 1.07677e-15
-1.35159e-15
-7.72988e-15
-9.05945e-15
-6.29558e-15
 2.78047e-16
 7.11767e-16
-4.82980e-16
-2.23000e-16
-2.33666e-15
 2.05977e-15
-6.82205e-16
 2.99434e-16
-5.21160e-15
 2.34177e-15
-2.17386e-15
-9.93670e-16
 6.52765e-16
 8.07175e-16
 1.20621e-15
-5.21762e-17
-1.48853e-15
-8.48179e-15
 5.82955e-15
-2.24246e-15
-4.46784e-15
 1.18316e-17
 2.17551e-15
 2.25377e-15
 9.97332e-16
 2.11243e-15
 9.61670e-16
-3.68820e-15
-2.90320e-16
 4.71747e-16
-2.72739e-17
 1.37806e-15
 3.27884e-15
 2.40101e-15
-5.47841e-16
-1.45850e-15
 1.76428e-16
 3.85176e-15
 1.85365e-15
-3.46060e-15
-6.03014e-15
-5.83410e-15
-6.33528e-15
-7.16462e-15
-6.32972e-15
-4.35380e-15
-1.92097e-15
-1.04367e-15
 5.80517e-17
-7.25733e-16
-2.28437e-15
-4.45374e-15
-5.42613e-15
-3.27406e-15
-3.08215e-15
-1.55945e-15
-1.30811e-15
-3.54944e-16
-9.42641e-16
-7.11172e-16
-4.10072e-16
-3.77359e-15
 3.31277e-15
-1.43143e-15
 3.82569e-15
-1.17980e-15
-1.84793e-15
-3.29381e-15
-2.35004e-15
 3.99876e-16
-7.34500e-15
 7.30730e-15
-2.49761e-16
 1.55580e-15
 3.52935e-15
-1.28048e-15
-2.87889e-15
-8.41690e-16
-7.61319e-16
-2.96047e-15
 9.89876e-16
 3.98032e-17
 1.40628e-15
 3.85338e-15
 2.30701e-15
 2.54808e-15
 3.46480e-15
 1.54841e-15
 2.61747e-15
 1.04768e-15
 2.96451e-16
 1.83951e-15
 3.65341e-15
 2.39762e-15
 1.26597e-16
 1.78029e-16
 6.83652e-16
 4.22962e-16
 4.50557e-16
 7.88383e-16
-1.29902e-16
 8.11009e-16
 3.81060e-15
 1.03764e-14
 1.28750e-14
 1.15725e-14
 0.00000e+00
 0.00000e+00
 0.00000e+00
 0.00000e+00
 0.00000e+00
 0.00000e+00
 0.00000e+00
 0.00000e+00
 0.00000e+00
 0.00000e+00
 0.00000e+00
 0.00000e+00
 0.00000e+00
 0.00000e+00
 0.00000e+00
 0.00000e+00
 0.00000e+00
 0.00000e+00
 0.00000e+00
 0.00000e+00
 0.00000e+00
 0.00000e+00
 0.00000e+00
 0.00000e+00
 0.00000e+00
 0.00000e+00
 0.00000e+00
 0.00000e+00
 0.00000e+00
 0.00000e+00
 0.00000e+00
 0.00000e+00
 0.00000e+00
 0.00000e+00
 0.00000e+00
 0.00000e+00
 0.00000e+00
 0.00000e+00
 0.00000e+00
 0.00000e+00
 0.00000e+00
 0.00000e+00
 0.00000e+00
 0.00000e+00
 0.00000e+00
 0.00000e+00
 0.00000e+00
 0.00000e+00
 0.00000e+00
 0.00000e+00
 0.00000e+00
 0.00000e+00
 0.00000e+00
 5.87006e-16
-2.29793e-16
 3.35670e-17
 2.74947e-16
-7.00577e-16
 2.58173e-15
-7.82035e-16
 1.05720e-15
-2.55077e-15
 2.97038e-15
-5.89944e-16
 1.00813e-15
-6.27370e-16
-1.37628e-15
-8.08019e-16
-5.49066e-16
-4.11834e-16
-7.20501e-15
 8.05235e-15
 4.26430e-16
-1.81707e-16
-8.45495e-16
-5.95140e-16
-1.10621e-15
-7.97638e-16
 1.70420e-15
 1.94840e-15
 2.25361e-15
-1.20063e-15
-5.04934e-15
-1.08380e-15
 1.90529e-16
-6.44487e-16
 6.80725e-16
 4.90722e-16
 1.33067e-15
 1.46135e-16
-1.69901e-15
-2.79809e-15
-2.52804e-15
-1.43845e-15
 5.06639e-16
 3.45028e-16
 8.82321e-16
 6.11090e-16
-1.78679e-15
-2.33594e-15
-2.55643e-15
-1.00175e-15
-5.66139e-16
-1.09330e-16
 4.49076e-16
 9.22566e-16
-9.14345e-16
-1.11742e-15
-1.98660e-16
 6.55765e-16
-1.31908e-15
 2.04323e-15
-1.60764e-15
-4.05309e-16
-1.96365e-15
 2.98273e-15
-2.31191e-15
 9.26501e-17
 2.33972e-16
 1.04395e-15
 1.07399e-15
-1.20241e-15
-1.00077e-15
-6.82604e-15
 5.26694e-15
 8.02284e-16
-1.32317e-15
 1.24026e-15
-5.04267e-16
 9.62896e-16
 8.23556e-16
 1.42329e-15
-1.93925e-15
-1.12318e-15
-1.94413e-15
-4.97662e-16
-8.36389e-16
-3.56856e-16
 2.03666e-15
 8.67840e-16
-4.00322e-15
-2.85494e-15
-1.76534e-15
 2.04675e-15
 3.68224e-15
 3.82399e-15
 3.40213e-15
 3.47627e-15
 4.98736e-15
 5.91259e-15
 4.72591e-15
 2.93492e-15
 2.07765e-15
 2.27797e-15
 2.41906e-15
 7.61542e-16
-3.40343e-15
-7.30918e-15
-7.15438e-15
-8.04501e-17
-7.78682e-16
-1.12623e-15
-1.23891e-16
-1.50168e-15
 9.63961e-16
 3.49476e-16
 1.30164e-15
-4.79409e-15
 1.41325e-15
 3.12243e-16
 7.93216e-16
 1.04759e-15
 7.29285e-17
-6.20535e-16
-8.62738e-16
 5.11926e-16
-8.15915e-15
 5.37291e-15
 2.12421e-15
-2.04160e-15
 1.31409e-15
 3.58632e-15
 1.69347e-15
 5.01721e-16
-1.04120e-15
-1.58808e-15
-3.22914e-15
-7.38653e-16
-1.28875e-15
-1.10777e-15
 4.73297e-16
 5.12777e-16
 1.97962e-15
 2.57463e-16
 1.49692e-16
 3.20420e-15
 6.03518e-15
 5.37996e-15
 2.50965e-15
-3.06712e-15
-4.51402e-15
-3.98599e-15
-2.76319e-15
-5.87650e-16
 8.48696e-16
 9.97917e-16
 8.84658e-17
-1.36987e-15
-1.85822e-15
-1.48611e-15
-1.09454e-16
 1.33897e-15
-3.39411e-15
-2.98145e-15
-2.13953e-15
-9.11742e-16
-1.78208e-15
-1.31454e-15
-2.38575e-15
-1.42425e-15
-2.93661e-15
 2.85237e-15
-3.15998e-15
 2.64318e-15
-1.38572e-15
-1.23380e-15
-8.70231e-16
-9.44396e-16
-1.66011e-15
-5.08647e-15
 4.73603e-15
-1.28624e-15
-2.19121e-17
 5.22552e-16
-1.60906e-15
-3.60476e-15
-1.45454e-15
-5.07736e-16
 3.30793e-16
 1.44938e-15
-1.56122e-15
-9.71355e-16
 1.24884e-15
 8.36632e-16
 1.08804e-15
 1.15208e-15
-6.50906e-16
-4.97683e-16
-3.33506e-15
-4.78562e-15
-4.81239e-15
-2.98345e-15
-1.15719e-16
-9.20270e-17
-1.06741e-15
-2.95374e-15
-5.82573e-15
-6.77034e-15
-4.88746e-15
-3.89554e-15
-3.20928e-15
-2.56833e-15
-1.35327e-15
-9.54900e-16
-8.30853e-16
 0.00000e+00
 0.00000e+00
 0.00000e+00
 0.00000e+00
 0.00000e+00
 0.00000e+00
 0.00000e+00
 0.00000e+00
 0.00000e+00
 0.00000e+00
 0.00000e+00
 0.00000e+00
 0.00000e+00
 0.00000e+00
 0.00000e+00
 0.00000e+00
 0.00000e+00
 0.00000e+00
 0.00000e+00
 0.00000e+00
 0.00000e+00
 0.00000e+00
 0.00000e+00
 0.00000e+00
 0.00000e+00
 0.00000e+00
 0.00000e+00
 0.00000e+00
 0.00000e+00
 0.00000e+00
 0.00000e+00
 0.00000e+00
 0.00000e+00
 0.00000e+00
 0.00000e+00
 0.00000e+00
 0.00000e+00
 0.00000e+00
 0.00000e+00
 0.00000e+00
 0.00000e+00
 0.00000e+00
 0.00000e+00
 0.00000e+00
 0.00000e+00
 0.00000e+00
 0.00000e+00
 0.00000e+00
 0.00000e+00
 0.00000e+00
 0.00000e+00
 0.00000e+00
 0.00000e+00
 1.30090e-15
 4.87776e-16
 1.12631e-15
 8.57936e-16
 5.85031e-16
 2.22524e-15
 4.33135e-16
 1.95434e-15
-8.99124e-16
 2.26918e-15
-2.13478e-15
 2.19445e-15
-2.12406e-16
-3.63642e-15
-2.22443e-15
-1.11212e-15
-1.54547e-15
-6.19285e-15
 6.63507e-15
-5.04660e-15
-1.35181e-15
-3.44381e-16
-6.55074e-16
-4.43203e-15
-3.25981e-15
 2.93262e-15
-5.87391e-16
-3.08693e-15
-2.26212e-15
-3.36417e-15
 2.96727e-15
 1.59976e-15
 1.03739e-16
-5.64480e-16
-4.72701e-15
-4.12334e-15
-2.33243e-15
-4.19545e-15
-3.80673e-15
-2.42097e-15
-1.03146e-15
 2.07769e-15
 5.48823e-15
 5.67086e-15
 3.99265e-15
 5.45696e-16
-7.15510e-16
-1.29912e-15
-8.23163e-16
-2.42801e-15
-1.79346e-15
 1.18963e-15
 3.58650e-15
-1.32545e-15
-1.11990e-15
-1.18377e-16
-1.33440e-15
-1.89238e-15
 2.20547e-15
-1.61885e-15
-1.01893e-15
-1.17612e-15
 1.51289e-15
-2.94818e-15
 3.97954e-16
 1.28847e-16
 2.85789e-15
 1.30449e-15
-1.42600e-15
-9.49386e-16
-8.17581e-15
 6.34161e-15
 5.57597e-15
-1.15184e-15
 1.91594e-15
 3.13934e-15
 2.92579e-15
 6.66995e-16
-3.68237e-16
-2.85308e-15
 1.23551e-15
 8.84868e-16
-1.58047e-15
-4.08234e-15
-2.21493e-15
-5.32971e-16
 1.21113e-15
 2.47378e-16
 9.76378e-16
 1.52731e-15
 7.04383e-15
 6.72031e-15
 5.51481e-15
 3.66292e-15
 1.21043e-15
 1.88553e-15
 5.17793e-15
 6.05725e-15
 5.68712e-15
 6.63348e-15
 6.76248e-15
 5.60127e-15
 4.52637e-15
 4.50168e-15
 1.82710e-15
-1.23932e-15
-1.38909e-15
-2.08772e-15
-1.89051e-15
 6.88090e-16
-1.41261e-15
-7.82094e-16
 1.29358e-15
 1.33151e-15
-3.04469e-15
 2.19370e-15
 5.59535e-16
 1.43258e-15
 2.19468e-15
-6.51763e-16
-3.40782e-16
-1.85478e-15
-8.97148e-16
-6.96132e-15
 5.29831e-15
-2.09145e-15
-2.83202e-15
 1.66081e-15
-1.14621e-15
 7.12058e-16
 7.09019e-16
 1.61439e-15
 5.46986e-18
-3.66400e-15
-8.79208e-16
-1.20679e-15
-8.95254e-16
 2.38283e-16
 2.08876e-15
 1.94049e-15
-2.60754e-15
-2.44886e-15
 1.35090e-15
 5.12823e-15
 6.77345e-15
 5.41307e-15
 6.07189e-16
-3.27831e-15
-3.41949e-15
-1.97385e-15
-5.57101e-17
-2.79460e-16
-2.84426e-15
-5.55399e-15
-5.65824e-15
-5.42398e-15
-6.35651e-15
-6.92908e-15
-7.90964e-15
-4.24012e-15
-3.54353e-15
-2.96530e-15
-1.26767e-15
-3.06786e-15
 2.93660e-16
-2.67462e-15
-1.85988e-15
-3.07436e-15
 1.16399e-15
-4.17274e-15
 1.32033e-15
-2.94123e-15
-1.20361e-15
-1.92299e-15
 2.12330e-16
-1.16572e-15
-5.24960e-15
 2.39271e-15
 2.70227e-15
 2.99276e-17
-2.06879e-15
 3.37844e-15
-5.56953e-15
-3.81711e-15
-1.40421e-15
-7.72080e-16
 1.15657e-15
-1.80408e-15
-2.17914e-15
 1.20809e-15
-7.44725e-17
-2.82735e-15
-6.50706e-16
 8.43115e-16
 3.17951e-15
-8.36893e-16
-6.49590e-15
-8.78107e-15
-8.47329e-15
-5.68743e-15
-2.12842e-15
-2.34967e-15
-4.39077e-15
-7.67407e-15
-7.53013e-15
-3.25195e-15
-9.16118e-16
-1.79015e-15
-3.42666e-15
-4.18305e-15
-2.91566e-15
-7.58407e-16
 0.00000e+00
 0.00000e+00
 0.00000e+00
 0.00000e+00
 0.00000e+00
 0.00000e+00
 0.00000e+00
 0.00000e+00
 0.00000e+00
 0.00000e+00
 0.00000e+00
 0.00000e+00
 0.00000e+00
 0.00000e+00
 0.00000e+00
 0.00000e+00
 0.00000e+00
 0.00000e+00
 0.00000e+00
 0.00000e+00
 0.00000e+00
 0.00000e+00
 0.00000e+00
 0.00000e+00
 0.00000e+00
 0.00000e+00
 0.00000e+00
 0.00000e+00
 0.00000e+00
 0.00000e+00
 0.00000e+00
 0.00000e+00
 0.00000e+00
 0.00000e+00
 0.00000e+00
 0.00000e+00
 0.00000e+00
 0.00000e+00
 0.00000e+00
 0.00000e+00
 0.00000e+00
 0.00000e+00
 0.00000e+00
 0.00000e+00
 0.00000e+00
 0.00000e+00
 0.00000e+00
 0.00000e+00
 0.00000e+00
 0.00000e+00
 0.00000e+00
 0.00000e+00
 0.00000e+00
 0.00000e+00
 0.00000e+00
 0.00000e+00
 0.00000e+00
 0.00000e+00
 0.00000e+00
 0.00000e+00
 0.00000e+00
 0.00000e+00
 0.00000e+00
 0.00000e+00
 0.00000e+00
 0.00000e+00
 0.00000e+00
 0.00000e+00
 0.00000e+00
 0.00000e+00
 0.00000e+00
 0.00000e+00
 0.00000e+00
 0.00000e+00
 0.00000e+00
 0.00000e+00
 0.00000e+00
 0.00000e+00
 0.00000e+00
 0.00000e+00
 0.00000e+00
 0.00000e+00
 0.00000e+00
 0.00000e+00
 0.00000e+00
 0.00000e+00
 0.00000e+00
 0.00000e+00
 0.00000e+00
 0.00000e+00
 0.00000e+00
 0.00000e+00
 0.00000e+00
 0.00000e+00
 0.00000e+00
 0.00000e+00
 0.00000e+00
 0.00000e+00
 0.00000e+00
 0.00000e+00
 0.00000e+00
 0.00000e+00
 0.00000e+00
 0.00000e+00
 0.00000e+00
 0.00000e+00
 0.00000e+00
 0.00000e+00
 0.00000e+00
 0.00000e+00
 0.00000e+00
 0.00000e+00
 0.00000e+00
 0.00000e+00
 0.00000e+00
 0.00000e+00
 0.00000e+00
 0.00000e+00
 0.00000e+00
 0.00000e+00
 0.00000e+00
 0.00000e+00
 0.00000e+00
 0.00000e+00
 0.00000e+00
 0.00000e+00
 0.00000e+00
 0.00000e+00
 0.00000e+00
 0.00000e+00
 0.00000e+00
 0.00000e+00
 0.00000e+00
 0.00000e+00
 0.00000e+00
 0.00000e+00
 0.00000e+00
 0.00000e+00
 0.00000e+00
 0.00000e+00
 0.00000e+00
 0.00000e+00
 0.00000e+00
 0.00000e+00
 0.00000e+00
 0.00000e+00
 0.00000e+00
 0.00000e+00
 0.00000e+00
 0.00000e+00
 0.00000e+00
 0.00000e+00
 0.00000e+00
 0.00000e+00
 0.00000e+00
 0.00000e+00
 0.00000e+00
 0.00000e+00
 0.00000e+00
 0.00000e+00
 0.00000e+00
 0.00000e+00
 0.00000e+00
 0.00000e+00
 0.00000e+00
 0.00000e+00
 0.00000e+00
 0.00000e+00
 0.00000e+00
 0.00000e+00
 0.00000e+00
 0.00000e+00
 0.00000e+00
 0.00000e+00
 0.00000e+00
 0.00000e+00
 0.00000e+00
 0.00000e+00
 0.00000e+00
 0.00000e+00
 0.00000e+00
 0.00000e+00
 0.00000e+00
 0.00000e+00
 0.00000e+00
 0.00000e+00
 0.00000e+00
 0.00000e+00
 0.00000e+00
 0.00000e+00
 0.00000e+00
 0.00000e+00
 0.00000e+00
 0.00000e+00
 0.00000e+00
 0.00000e+00
 0.00000e+00
 0.00000e+00
 0.00000e+00
 0.00000e+00
 0.00000e+00
 0.00000e+00
 0.00000e+00
 0.00000e+00
 0.00000e+00
 0.00000e+00
 0.00000e+00
 0.00000e+00
 0.00000e+00
 0.00000e+00
 0.00000e+00
 0.00000e+00
 0.00000e+00
 0.00000e+00
 0.00000e+00
 0.00000e+00
 0.00000e+00
 0.00000e+00
 0.00000e+00
 0.00000e+00
 0.00000e+00
 0.00000e+00
 0.00000e+00
 0.00000e+00
 0.00000e+00
 0.00000e+00
 0.00000e+00
 0.00000e+00
 0.00000e+00
 0.00000e+00
 0.00000e+00
 0.00000e+00
 0.00000e+00
 0.00000e+00
 0.00000e+00
 0.00000e+00
 0.00000e+00
 0.00000e+00
 0.00000e+00
 0.00000e+00
 0.00000e+00
 0.00000e+00
 0.00000e+00
 0.00000e+00
 0.00000e+00
 0.00000e+00
 0.00000e+00
 0.00000e+00
 0.00000e+00
 0.00000e+00
 0.00000e+00
 0.00000e+00
 0.00000e+00
 0.00000e+00
 0.00000e+00
 0.00000e+00
 0.00000e+00
 0.00000e+00
 0.00000e+00
 0.00000e+00
 0.00000e+00
 0.00000e+00
 0.00000e+00
 0.00000e+00
 0.00000e+00
-4.53078e-16
 5.63543e-16
 9.80615e-17
-3.16245e-17
 3.25791e-15
-5.27915e-15
 1.82558e-15
 3.70041e-16
 3.92098e-15
-5.08981e-15
 4.64068e-15
-3.90238e-15
 1.56206e-15
 1.07767e-15
 3.42054e-16
-1.58940e-16
 1.10891e-15
 8.22192e-15
-6.17434e-15
-3.60557e-15
 8.00867e-15
-4.65262e-15
-3.79664e-15
-2.70490e-15
 2.17253e-15
 3.79545e-15
 3.36136e-15
 2.51720e-16
 1.07635e-15
 1.53860e-15
-1.03211e-16
 1.08487e-15
-1.06109e-15
-1.92750e-15
-1.98640e-15
-3.22052e-15
-3.06533e-15
-7.48834e-15
-8.81846e-15
-8.18489e-15
-3.82538e-15
-2.63815e-15
 2.08090e-15
 5.66652e-15
 4.43370e-15
 4.48408e-15
 6.13906e-15
 4.88794e-15
 1.63256e-15
 2.62087e-15
 2.40052e-15
 1.38920e-15
-1.26941e-15
-1.62247e-15
-7.71601e-16
-8.27978e-16
-1.17067e-15
 3.14450e-15
-4.02049e-15
 1.79330e-15
-5.53555e-16
 5.42066e-15
-4.76094e-15
 3.98230e-15
-3.96162e-15
 4.60846e-16
 1.56837e-15
 1.72277e-16
 8.99136e-16
 1.02440e-15
 6.77208e-15
-6.38328e-15
-9.90274e-16
 8.55574e-15
-5.78232e-15
-1.67589e-15
-2.19961e-15
 1.19320e-15
 2.43020e-16
 2.57847e-15
 2.46521e-15
 2.58285e-15
 1.10936e-15
 2.52669e-16
 1.04294e-15
-1.07829e-15
 1.18954e-15
 2.56110e-15
-2.02319e-17
-7.20534e-16
-3.69141e-15
-2.19884e-15
-1.48909e-16
-6.35373e-16
-1.50507e-15
 1.31881e-15
 4.63823e-15
 4.95076e-15
 5.35627e-15
 6.82314e-15
 5.07225e-15
 3.08719e-15
 4.89484e-15
 5.54364e-15
 6.16787e-15
 6.08519e-15
-1.85039e-15
-1.63804e-15
-2.01516e-15
-2.69496e-15
 1.05333e-15
-4.42156e-15
 3.10084e-15
 3.64092e-17
 3.38114e-15
-5.26251e-15
 4.46253e-15
-4.92873e-15
 1.67544e-15
 2.89312e-15
 4.27361e-16
-3.33850e-16
-8.93562e-16
 3.81399e-15
-8.49936e-15
-1.59392e-15
 6.52782e-15
-7.35071e-15
-1.66700e-15
 9.79076e-18
-7.63391e-16
-1.53680e-15
 1.10920e-15
-5.81386e-16
 1.54897e-15
 1.63079e-15
 2.94698e-17
-1.96863e-15
-1.68524e-15
 3.26398e-16
 1.70049e-15
-1.00400e-15
-2.02429e-15
-3.17217e-15
-4.05989e-16
 8.52801e-16
-4.24120e-16
-1.92217e-15
-5.45692e-16
 5.27408e-16
 1.57016e-15
 2.25930e-15
 2.93652e-15
 1.67305e-15
-5.08966e-17
 1.20055e-15
 1.82355e-15
 2.71979e-15
 2.58661e-15
-3.54623e-16
 9.27535e-17
 1.48481e-16
 8.81502e-16
 2.25221e-15
-3.31995e-15
 5.44570e-16
 4.71798e-16
 4.56095e-15
-3.56535e-15
 4.99744e-15
-3.79244e-15
 2.24065e-15
 2.00943e-15
 1.00808e-15
 7.56894e-16
 2.05687e-16
 7.30970e-15
-6.26024e-15
-2.80313e-16
 8.71299e-15
-4.73670e-15
 1.02217e-16
 1.08752e-15
 6.81331e-16
 7.97353e-16
 6.34430e-16
-2.99774e-15
 7.87247e-16
 2.01852e-15
 6.52465e-16
-2.17485e-15
-2.32374e-15
-1.94779e-15
 1.47543e-16
-5.62535e-16
-2.00580e-15
-4.68708e-15
-3.82865e-15
-3.22996e-15
-1.25791e-15
 7.48645e-16
 1.40224e-15
 7.22106e-16
-4.11332e-17
-6.02560e-16
-1.11003e-15
-2.48110e-15
-3.88827e-15
-3.54401e-15
-4.66742e-15
-5.70016e-15
-7.51766e-15
-4.07596e-15
-3.59104e-15
-3.67191e-15
-1.88774e-15
-1.84887e-15
-4.05188e-15
-2.68339e-15
-2.97167e-15
 1.04360e-15
-7.24405e-15
 7.31987e-16
-4.88578e-15
-2.14492e-15
-3.07036e-15
-2.14342e-15
-2.46721e-15
-7.49865e-16
 3.71556e-15
-7.04214e-15
-1.84262e-15
 6.19006e-15
-5.38239e-15
-2.55898e-15
-1.20923e-15
-1.00812e-15
-1.39124e-15
-1.49188e-15
-4.73358e-15
-3.45532e-15
-2.00726e-15
-9.51330e-16
-9.29852e-16
-1.35185e-15
-1.14910e-15
 6.03820e-16
-3.96695e-16
-2.68666e-15
-4.50945e-15
-4.07062e-15
-3.35513e-15
-1.85326e-15
-4.83848e-16
 6.51117e-16
 2.43431e-16
-8.88817e-16
-7.39704e-16
-4.21979e-16
-1.34220e-15
-2.14856e-15
-1.36667e-15
-8.15609e-16
 1.79932e-16
 6.38676e-16
-7.84401e-17
-7.85486e-16
-1.91214e-15
-1.65503e-15
 1.83926e-15
-3.11676e-15
 1.51447e-15
-1.59487e-15
 5.02140e-15
-5.14608e-15
 4.83492e-15
-3.54530e-15
 6.36592e-16
 1.43253e-15
 1.14697e-15
 2.34953e-15
 2.87460e-15
 5.76296e-15
-3.34779e-15
 5.01321e-15
 8.21048e-15
-2.83794e-15
 1.56926e-15
-1.96755e-15
 7.04143e-16
 1.72928e-15
 3.52868e-15
 9.15870e-16
 1.23120e-16
 4.48201e-16
 2.71475e-15
 1.32677e-15
-2.61585e-16
-2.03823e-15
 4.15148e-15
 3.31544e-15
-1.75171e-15
-1.29065e-16
 2.12469e-15
 2.79413e-16
 2.43544e-15
 3.55979e-15
 4.95447e-16
-7.98321e-16
 3.21663e-15
 2.82052e-15
 1.62418e-15
 4.98276e-15
 5.70092e-15
 3.79838e-15
 5.84359e-16
 1.80484e-15
 6.29120e-15
-6.38521e-17
 4.81641e-16
-1.44188e-15
-1.82687e-15
 2.07037e-15
-4.93113e-15
 1.32329e-15
-1.56640e-15
 3.19029e-15
-4.40412e-15
 5.02346e-15
-4.58203e-15
 2.45624e-17
-5.04978e-16
 1.53551e-16
 2.58718e-16
-3.11513e-16
 3.69433e-15
-7.07746e-15
-4.50998e-16
 5.47958e-15
-6.07736e-15
-6.54576e-16
-3.23405e-15
-2.18835e-15
 2.23021e-15
 2.56633e-15
-2.93386e-15
-7.30127e-16
-1.71180e-17
-1.72863e-15
-3.95634e-15
-3.22731e-15
-6.26854e-15
-2.41307e-15
-2.09221e-15
-4.90543e-15
-5.00181e-15
-4.90713e-15
-5.69828e-15
-2.42895e-15
 1.12179e-15
 1.26231e-16
-1.63556e-15
 6.87966e-16
 9.92308e-17
-3.60955e-15
-2.37702e-15
-1.52690e-15
-1.97101e-15
-3.66529e-15
-3.43308e-15
-1.36002e-15
-1.78030e-17
-2.01231e-16
 6.22832e-17
-1.59455e-15
 1.61166e-15
-4.86859e-15
 1.73612e-15
-7.53818e-16
 2.87107e-15
-4.45515e-15
 4.99697e-15
-4.27951e-15
 1.13612e-16
-6.81373e-16
-5.82952e-16
 9.21426e-16
 1.08009e-15
 5.73637e-15
-6.72475e-15
 2.40012e-15
 8.55979e-15
-5.45193e-15
 6.75252e-16
-2.00108e-15
-1.45252e-16
 1.74629e-16
-1.36281e-16
-1.85141e-15
-1.35696e-16
-1.43310e-15
-3.68752e-15
-4.10553e-15
-4.33394e-15
-4.34571e-15
-1.04200e-16
-7.93814e-16
-2.80977e-15
-4.70568e-15
-4.63796e-15
-4.05732e-15
-3.50671e-16
 2.53480e-15
 3.09146e-15
 2.60271e-15
 2.81127e-15
 1.08548e-15
-4.01011e-15
-4.46204e-15
-4.66529e-15
-4.53209e-15
-5.25267e-15
-4.47090e-15
-1.44921e-15
 1.11223e-15
 1.13228e-15
 9.61885e-16
-1.50528e-16
 2.16099e-15
-2.16153e-15
 2.23986e-15
-1.02862e-15
 5.76511e-15
-2.43336e-15
 5.09237e-15
-3.56890e-15
 2.37769e-15
 1.52085e-15
 1.33484e-15
 3.25066e-15
-2.49269e-16
 6.31677e-15
-5.22937e-15
 1.63961e-15
 9.35224e-15
-4.41025e-15
 6.68011e-16
 2.13479e-15
 4.85338e-15
-3.01610e-16
 2.28545e-15
 6.15186e-16
 1.16531e-15
-1.40519e-15
-1.09358e-15
-2.24436e-16
-4.55287e-16
-2.55562e-16
 3.32036e-15
 8.21026e-16
 9.65345e-16
 1.80096e-15
 1.95250e-15
 1.49367e-15
 3.38262e-15
 4.50914e-15
 3.16077e-15
 2.86431e-15
 2.41665e-15
-3.38903e-17
-1.82255e-15
-3.38147e-16
-8.89562e-16
-3.85827e-15
-8.60673e-15
-8.43057e-15
-5.70680e-15
-3.31682e-15
-2.73319e-15
-3.42172e-15
-4.03340e-15
-8.52305e-16
-4.60632e-15
-1.51545e-15
-4.03792e-15
 4.57278e-16
-5.06853e-15
 2.95284e-15
-5.02485e-15
-9.73462e-16
-1.84946e-15
-1.69061e-15
-2.70230e-15
-4.66853e-15
 4.30094e-15
-7.39106e-15
-4.18161e-15
 4.02304e-15
-6.70148e-15
-2.76811e-15
-2.00748e-15
 1.81973e-16
 6.71451e-16
-8.23229e-16
-5.47065e-15
-1.75581e-15
-1.83995e-15
-1.71243e-15
-5.87070e-15
-3.89965e-15
-3.50592e-15
-1.23836e-15
-1.71740e-15
-2.37503e-15
-2.35175e-15
-2.21890e-15
-2.69512e-15
-9.67087e-16
 6.24433e-16
-1.67873e-15
-4.81309e-15
-4.98739e-15
-5.89132e-15
-6.41861e-15
-3.82757e-15
-2.77258e-15
-4.48158e-15
-8.76637e-15
-1.05481e-14
-1.24919e-14
-3.47048e-16
 1.65208e-16
 1.50358e-15
 1.15930e-15
-1.74171e-16
-3.69446e-15
 2.99214e-16
-2.08187e-16
 3.84437e-15
-6.15713e-15
 2.65692e-15
-4.82032e-15
 1.20924e-16
-1.21698e-15
-1.31893e-15
-4.29691e-16
 1.12164e-16
 9.33267e-15
-6.81577e-15
-5.08064e-15
 4.88054e-15
-8.21257e-15
 1.16886e-15
 2.24710e-15
-1.41551e-15
-2.94088e-15
-2.45177e-15
-4.24942e-15
 5.35781e-15
 8.62903e-15
 2.43942e-15
 3.05803e-16
-9.17426e-16
-2.16292e-17
-2.77337e-15
-5.78931e-15
-1.65327e-15
-4.25380e-15
-4.05298e-15
-1.73078e-15
-2.42808e-15
-2.10168e-15
 3.27865e-15
 3.89073e-15
 2.16886e-15
 3.80101e-15
 2.45287e-15
-5.42009e-15
-1.04894e-14
-7.03031e-15
 6.57891e-16
 7.50664e-15
 5.93281e-15
-1.39773e-15
-9.23433e-16
 2.03916e-16
-2.84608e-16
 3.99839e-16
-1.52252e-15
-7.92694e-16
 6.91227e-17
 5.11343e-15
-5.71666e-15
 3.49848e-15
-4.44716e-15
-4.43940e-16
-2.13875e-16
-7.95163e-16
 4.59176e-16
 2.20224e-15
 1.02095e-14
-3.69271e-15
-3.57556e-16
 7.75354e-15
-6.69678e-15
 1.12529e-15
 2.46981e-15
 1.22118e-15
-3.71804e-15
-2.91601e-16
-7.59795e-16
 3.53918e-15
 5.03607e-15
 2.09571e-15
 2.61556e-15
-2.04279e-16
 2.04707e-15
 4.92573e-15
 2.49336e-15
 2.64591e-15
-4.76696e-16
-1.69377e-15
-1.23483e-15
-1.74513e-15
-3.62772e-15
-2.47932e-15
 5.37236e-16
 1.36601e-15
 3.23847e-15
 3.65506e-15
-1.69187e-16
-4.17791e-15
-1.79882e-15
 3.81070e-15
 6.94378e-15
 5.92858e-15
-1.37410e-15
-1.46601e-15
-1.08364e-15
-6.21801e-16
 7.09027e-16
-1.13123e-15
-1.15828e-15
 3.51983e-16
 4.50352e-15
-5.33559e-15
 3.70675e-15
-4.32925e-15
 3.19427e-16
 1.03737e-15
 5.95943e-16
-4.24647e-16
 9.74099e-16
 9.39829e-15
-3.51854e-15
-1.82433e-15
 7.08096e-15
-7.22664e-15
-1.22120e-15
 5.93616e-16
 2.75654e-15
 1.30900e-15
 2.79468e-15
-4.04967e-16
 7.65407e-16
 1.94070e-15
 2.41844e-15
 4.03320e-15
 2.33663e-15
 2.08555e-15
 4.37951e-15
 3.53540e-15
 1.28580e-15
-2.40974e-15
-2.61907e-15
-2.45969e-15
-1.65688e-15
-3.30309e-15
-4.92909e-15
-4.08043e-15
-3.01576e-15
-1.30503e-15
 6.84669e-16
 7.14287e-17
-5.17524e-17
 1.05054e-15
 1.07579e-15
 9.76410e-16
-1.62052e-15
 2.79358e-16
 7.29557e-16
 1.35633e-15
 1.19265e-15
 2.04231e-15
-7.83420e-16
-1.23505e-16
 1.64983e-15
 6.77240e-15
-4.71932e-15
 4.12504e-15
-3.75798e-15
 2.79857e-15
 1.85238e-15
 2.49647e-16
 9.65941e-16
 4.25041e-16
 5.94217e-15
-7.39033e-15
 8.48836e-17
 7.53184e-15
-7.29737e-15
 1.67577e-15
 1.15522e-15
 1.66048e-15
 2.21558e-15
 1.58314e-15
-1.81873e-15
-1.13421e-16
 1.53000e-15
 1.81508e-15
 3.12204e-15
 1.01359e-15
 4.73142e-16
 1.65974e-15
 2.57276e-15
 1.75709e-15
-2.75312e-15
-2.57358e-15
-2.82323e-15
-2.92962e-15
-2.83338e-15
-1.46630e-15
-8.84412e-16
 5.66745e-16
 4.13374e-15
 4.51056e-15
 2.86266e-15
 1.51946e-15
 2.52393e-15
 3.85606e-15
 6.25412e-15
 6.99261e-15
-3.31557e-15
-3.07736e-15
-2.88295e-15
-2.85926e-15
-1.77717e-15
-1.88175e-15
-3.26385e-15
-2.91588e-15
 1.36609e-15
-7.72287e-15
 3.73606e-16
-5.08291e-15
-1.03564e-15
-1.22140e-15
-2.46034e-15
-1.66825e-15
-2.45780e-15
 2.05987e-15
-1.02305e-14
 7.18678e-16
 3.57497e-15
-9.34822e-15
-1.08532e-15
 4.04071e-16
-6.01910e-16
-4.27894e-15
-2.95754e-15
-3.69063e-15
-4.75896e-15
-4.88283e-15
-5.26781e-15
-9.99762e-16
-3.11246e-15
-3.72768e-15
-4.68687e-16
-1.42929e-15
-2.34283e-15
-5.41184e-15
-5.80960e-15
-5.82522e-15
-5.13235e-15
-4.94284e-15
-3.80247e-15
-2.08902e-15
-2.54955e-16
 2.34324e-15
 2.35907e-15
 2.25620e-16
-3.25303e-15
-2.30076e-15
-7.58900e-16
 2.31392e-15
 8.82474e-15
 1.79233e-15
 1.18511e-15
-1.86121e-16
-8.50533e-17
 2.71539e-15
-3.59638e-15
 2.49714e-15
-9.23494e-16
 3.39582e-15
-4.02907e-15
 2.52144e-15
-9.47855e-16
 6.37945e-16
 2.19553e-15
 2.43056e-15
 3.07832e-15
 9.00644e-16
 6.47913e-15
-8.80013e-15
 4.77683e-15
 5.17083e-15
-7.14961e-15
 9.57655e-16
 5.99343e-15
 3.95773e-15
 7.46841e-16
 2.70289e-15
 4.75980e-15
-1.81522e-15
-3.55102e-15
-3.56427e-15
-1.22951e-15
 9.29935e-16
 1.61027e-15
 6.24910e-15
 7.33672e-15
 1.53496e-15
-2.85818e-15
-3.71207e-15
-4.47991e-15
-1.09799e-15
-1.26452e-15
-4.53303e-15
-7.85723e-15
-5.82198e-15
-5.60179e-15
-5.31163e-15
-3.01756e-15
 1.77992e-15
 2.93466e-15
 2.90483e-16
-2.48015e-15
-1.74680e-15
 1.42379e-15
 1.32428e-15
 1.46490e-16
 4.25994e-18
 2.58732e-15
-3.88562e-15
 1.61518e-15
-8.78414e-16
 4.26187e-15
-4.06319e-15
 1.94538e-15
-7.91325e-16
 5.58525e-16
-5.26465e-16
 5.42487e-16
 2.86664e-15
 3.25166e-16
 7.58832e-15
-9.20627e-15
-9.28494e-17
 4.29172e-15
-6.58279e-15
-4.39172e-16
 2.33223e-15
 1.51792e-15
 1.36785e-15
 7.81030e-16
-3.94010e-16
-3.24039e-15
-1.90191e-15
 1.29124e-16
-2.03716e-16
 7.39470e-16
-6.30917e-17
 1.17209e-15
 1.68149e-15
-1.29523e-15
-5.74179e-15
-5.24189e-15
-5.40959e-15
-1.77474e-15
 7.01289e-16
 6.72606e-16
-2.70161e-15
-2.82944e-15
-3.15349e-15
-4.12410e-15
-2.23821e-15
 1.67390e-15
 1.36947e-15
-1.87269e-15
-1.86768e-15
-3.35831e-17
 2.33446e-15
 1.54995e-15
 9.70929e-16
-2.60253e-16
 1.91495e-15
-3.46114e-15
 1.53872e-15
 8.84280e-17
 3.83251e-15
-5.59560e-15
 1.77079e-15
-1.53752e-15
 1.36293e-16
-1.62206e-15
-7.15583e-16
 5.12119e-16
 5.53826e-16
 6.97986e-15
-8.15337e-15
-6.62041e-17
 5.31757e-15
-5.58403e-15
 2.09788e-15
 1.33592e-15
-1.20824e-15
 1.62387e-16
-1.48040e-15
-3.85074e-15
-2.61100e-15
-9.10670e-16
 6.93343e-16
 1.61511e-16
-4.03796e-16
-4.35460e-16
 7.87470e-17
-3.73670e-16
-1.49381e-15
-3.27803e-15
-3.39198e-15
-4.48363e-15
-2.71241e-15
 3.59175e-16
 2.58574e-15
 1.19225e-15
 1.85764e-15
 1.69437e-15
 1.53912e-15
 3.27160e-15
 4.09318e-15
 3.77289e-15
 4.73602e-15
 6.85503e-15
 8.92387e-15
 2.73565e-15
 2.47952e-15
 2.04156e-15
 3.84476e-16
 2.48857e-15
-1.52656e-15
 3.43135e-15
-5.21505e-16
 6.49557e-15
-4.55270e-15
 1.15374e-15
 1.53545e-15
 2.61490e-15
 2.06478e-15
 1.40706e-15
 2.21234e-15
 9.45244e-16
 7.86241e-15
-5.40868e-15
 5.38423e-16
 7.24241e-15
-2.98831e-15
 1.79253e-15
 4.53478e-15
 1.43697e-15
 9.07093e-16
 5.92870e-16
 7.58660e-17
 1.03850e-15
 9.24107e-16
-2.76923e-15
-1.49452e-15
-1.71628e-16
 1.20230e-15
 2.07602e-15
 1.02344e-15
 5.93163e-16
 1.79578e-15
 2.55650e-15
 1.26917e-15
 9.49408e-16
 5.21088e-16
 8.11514e-16
 1.48771e-15
 4.42984e-15
 4.07250e-15
 2.62398e-15
 2.81014e-15
 3.35764e-15
 4.58821e-15
 7.77086e-15
 8.33477e-15
 6.27801e-15
-2.01734e-15
-2.86920e-15
-2.84875e-15
-3.31266e-15
-2.46133e-15
-4.17065e-15
-3.00083e-16
-3.50753e-15
 2.26515e-15
-5.71592e-15
-6.56270e-16
-2.44429e-15
-5.10599e-16
-2.96299e-15
-2.43317e-15
-1.42334e-15
-2.32445e-15
 6.19054e-15
-7.45269e-15
-4.19731e-15
 4.28989e-15
-6.98635e-15
-2.81574e-15
-1.43670e-15
-3.52085e-15
-1.28601e-15
-3.22194e-15
-3.61496e-15
-3.04072e-15
-2.42457e-15
-4.76753e-15
-6.78944e-15
-5.65027e-15
-3.39234e-15
-1.66846e-15
-1.19705e-15
-1.64187e-15
-3.41826e-15
-2.63639e-15
-2.81634e-15
-1.82470e-15
-2.10913e-15
-1.24152e-15
-9.79457e-16
 9.48866e-17
-6.96202e-16
-2.69112e-15
-2.75281e-15
-2.70543e-15
-2.98189e-15
-2.51936e-15
-2.18688e-15
-4.58187e-15
 0.00000e+00
 0.00000e+00
 0.00000e+00
 0.00000e+00
 0.00000e+00
 0.00000e+00
 0.00000e+00
 0.00000e+00
 0.00000e+00
 0.00000e+00
 0.00000e+00
 0.00000e+00
 0.00000e+00
 0.00000e+00
 0.00000e+00
 0.00000e+00
 0.00000e+00
 0.00000e+00
 0.00000e+00
 0.00000e+00
 0.00000e+00
 0.00000e+00
 0.00000e+00
 0.00000e+00
 0.00000e+00
 0.00000e+00
 0.00000e+00
 0.00000e+00
 0.00000e+00
 0.00000e+00
 0.00000e+00
 0.00000e+00
 0.00000e+00
 0.00000e+00
 0.00000e+00
 0.00000e+00
 0.00000e+00
 0.00000e+00
 0.00000e+00
 0.00000e+00
 0.00000e+00
 0.00000e+00
 0.00000e+00
 0.00000e+00
 0.00000e+00
 0.00000e+00
 0.00000e+00
 0.00000e+00
 0.00000e+00
 0.00000e+00
 0.00000e+00
 0.00000e+00
 0.00000e+00
 0.00000e+00
 0.00000e+00
 0.00000e+00
 0.00000e+00
 0.00000e+00
 0.00000e+00
 0.00000e+00
 0.00000e+00
 0.00000e+00
 0.00000e+00
 0.00000e+00
 0.00000e+00
 0.00000e+00
 0.00000e+00
 0.00000e+00
 0.00000e+00
 0.00000e+00
 0.00000e+00
 0.00000e+00
 0.00000e+00
 0.00000e+00
 0.00000e+00
 0.00000e+00
 0.00000e+00
 0.00000e+00
 0.00000e+00
 0.00000e+00
 0.00000e+00
 0.00000e+00
 0.00000e+00
 0.00000e+00
 0.00000e+00
 0.00000e+00
 0.00000e+00
 0.00000e+00
 0.00000e+00
 0.00000e+00
 0.00000e+00
 0.00000e+00
 0.00000e+00
 0.00000e+00
 0.00000e+00
 0.00000e+00
 0.00000e+00
 0.00000e+00
 0.00000e+00
 0.00000e+00
 0.00000e+00
 0.00000e+00
 0.00000e+00
 0.00000e+00
 0.00000e+00
 0.00000e+00
 0.00000e+00
 0.00000e+00
 0.00000e+00
 0.00000e+00
 0.00000e+00
 0.00000e+00
 0.00000e+00
 0.00000e+00
 0.00000e+00
 0.00000e+00
 0.00000e+00
 0.00000e+00
 0.00000e+00
 0.00000e+00
 0.00000e+00
 0.00000e+00
 0.00000e+00
 0.00000e+00
 0.00000e+00
 0.00000e+00
 0.00000e+00
 0.00000e+00
 0.00000e+00
 0.00000e+00
 0.00000e+00
 0.00000e+00
 0.00000e+00
 0.00000e+00
 0.00000e+00
 0.00000e+00
 0.00000e+00
 0.00000e+00
 0.00000e+00
 0.00000e+00
 0.00000e+00
 0.00000e+00
 0.00000e+00
 0.00000e+00
 0.00000e+00
 0.00000e+00
 0.00000e+00
 0.00000e+00
 0.00000e+00
 0.00000e+00
 0.00000e+00
 0.00000e+00
 0.00000e+00
 0.00000e+00
 0.00000e+00
 0.00000e+00
 0.00000e+00
 0.00000e+00
 0.00000e+00
 0.00000e+00
 0.00000e+00
 0.00000e+00
 0.00000e+00
 0.00000e+00
 0.00000e+00
 0.00000e+00
 0.00000e+00
 0.00000e+00
 0.00000e+00
 0.00000e+00
 0.00000e+00
 0.00000e+00
 0.00000e+00
 0.00000e+00
 0.00000e+00
 0.00000e+00
 0.00000e+00
 0.00000e+00
 0.00000e+00
 0.00000e+00
 0.00000e+00
 0.00000e+00
 0.00000e+00
 0.00000e+00
 0.00000e+00
 0.00000e+00
 0.00000e+00
 0.00000e+00
 0.00000e+00
 0.00000e+00
 0.00000e+00
 0.00000e+00
 0.00000e+00
 0.00000e+00
 0.00000e+00
 0.00000e+00
 0.00000e+00
 0.00000e+00
 0.00000e+00
 0.00000e+00
 0.00000e+00
 0.00000e+00
 0.00000e+00
 0.00000e+00
 0.00000e+00
 0.00000e+00
 0.00000e+00
 0.00000e+00
 0.00000e+00
 0.00000e+00
 0.00000e+00
 0.00000e+00
 0.00000e+00
 0.00000e+00
 0.00000e+00
 0.00000e+00
 0.00000e+00
 0.00000e+00
 0.00000e+00
 0.00000e+00
 0.00000e+00
 0.00000e+00
 0.00000e+00
 0.00000e+00
 0.00000e+00
 0.00000e+00
 0.00000e+00
 0.00000e+00
 0.00000e+00
 0.00000e+00
 0.00000e+00
 0.00000e+00
 0.00000e+00
 0.00000e+00
 0.00000e+00
 0.00000e+00
 0.00000e+00
 0.00000e+00
 0.00000e+00
 0.00000e+00
 0.00000e+00
 0.00000e+00
 0.00000e+00
 0.00000e+00
 0.00000e+00
 0.00000e+00
 0.00000e+00
 0.00000e+00
 0.00000e+00
 0.00000e+00
 0.00000e+00
 0.00000e+00
 0.00000e+00
 0.00000e+00
 0.00000e+00
 0.00000e+00
 0.00000e+00
 0.00000e+00
 0.00000e+00
 0.00000e+00
 0.00000e+00
 0.00000e+00
 0.00000e+00
 0.00000e+00
 0.00000e+00
part
         2
coordinates
 8.55205e-01
 8.82239e-01
 9.04350e-01
 9.19771e-01
 9.26102e-01
 9.30387e-01
 9.32302e-01
 9.32170e-01
 9.31378e-01
 9.30437e-01
 9.30043e-01
 9.29831e-01
 9.29225e-01
 9.28720e-01
 9.28597e-01
 9.28663e-01
 9.28691e-01
 9.28500e-01
 9.28122e-01
 9.27936e-01
 9.27975e-01
 9.28248e-01
 9.28271e-01
 9.28080e-01
 9.27751e-01
 9.27597e-01
 9.27840e-01
 9.28126e-01
 9.28073e-01
 9.27764e-01
 9.27011e-01
 9.25164e-01
 9.20717e-01
 9.10646e-01
 8.89309e-01
 8.45746e-01
 7.65448e-01
 6.37343e-01
 4.65489e-01
 2.84211e-01
 1.38953e-01
 5.16823e-02
 1.53648e-02
 4.08270e-03
 1.04028e-03
 2.59984e-04
 6.40029e-05
 1.55096e-05
 3.69264e-06
 8.62008e-07
 1.96576e-07
 4.19556e-08
 0.00000e+00
 8.55205e-01
 8.82239e-01
 9.04350e-01
 9.19771e-01
 9.26102e-01
 9.30387e-01
 9.32302e-01
 9.32170e-01
 9.31378e-01
 9.30437e-01
 9.30043e-01
 9.29831e-01
 9.29225e-01
 9.28720e-01
 9.28597e-01
 9.28663e-01
 9.28691e-01
 9.28500e-01
 9.28122e-01
 9.27936e-01
 9.27975e-01
 9.28248e-01
 9.28271e-01
 9.28080e-01
 9.27751e-01
 9.27597e-01
 9.27840e-01
 9.28126e-01
 9.28073e-01
 9.27764e-01
 9.27011e-01
 9.25164e-01
 9.20717e-01
 9.10646e-01
 8.89309e-01
 8.45746e-01
 7.65448e-01
 6.37343e-01
 4.65489e-01
 2.84211e-01
 1.38953e-01
 5.16823e-02
 1.53648e-02
 4.08270e-03
 1.04028e-03
 2.59984e-04
 6.40029e-05
 1.55096e-05
 3.69264e-06
 8.62008e-07
 1.96576e-07
 4.19556e-08
 0.00000e+00
 8.55205e-01
 8.82239e-01
 9.04350e-01
 9.19771e-01
 9.26102e-01
 9.30387e-01
 9.32302e-01
 9.32170e-01
 9.31378e-01
 9.30437e-01
 9.30043e-01
 9.29831e-01
 9.29225e-01
 9.28720e-01
 9.28597e-01
 9.28663e-01
 9.28691e-01
 9.28500e-01
 9.28122e-01
 9.27936e-01
 9.27975e-01
 9.28248e-01
 9.28271e-01
 9.28080e-01
 9.27751e-01
 9.27597e-01
 9.27840e-01
 9.28126e-01
 9.28073e-01
 9.27764e-01
 9.27011e-01
 9.25164e-01
 9.20717e-01
 9.10646e-01
 8.89309e-01
 8.45746e-01
 7.65448e-01
 6.37343e-01
 4.65489e-01
 2.84211e-01
 1.38953e-01
 5.16823e-02
 1.53648e-02
 4.08270e-03
 1.04028e-03
 2.59984e-04
 6.40029e-05
 1.55096e-05
 3.69264e-06
 8.62008e-07
 1.96576e-07
 4.19556e-08
 0.00000e+00
 8.55205e-01
 8.82239e-01
 9.04350e-01
 9.19771e-01
 9.26102e-01
 9.30387e-01
 9.32302e-01
 9.32170e-01
 9.31378e-01
 9.30437e-01
 9.30043e-01
 9.29831e-01
 9.29225e-01
 9.28720e-01
 9.28597e-01
 9.28663e-01
 9.28691e-01
 9.28500e-01
 9.28122e-01
 9.27936e-01
 9.27975e-01
 9.28248e-01
 9.28271e-01
 9.28080e-01
 9.27751e-01
 9.27597e-01
 9.27840e-01
 9.28126e-01
 9.28073e-01
 9.27764e-01
 9.27011e-01
 9.25164e-01
 9.20717e-01
 9.10646e-01
 8.89309e-01
 8.45746e-01
 7.65448e-01
 6.37343e-01
 4.65489e-01
 2.84211e-01
 1.38953e-01
 5.16823e-02
 1.53648e-02
 4.08270e-03
 1.04028e-03
 2.59984e-04
 6.40029e-05
 1.55096e-05
 3.69264e-06
 8.62008e-07
 1.96576e-07
 4.19556e-08
 0.00000e+00
 8.55205e-01
 8.82239e-01
 9.04350e-01
 9.19771e-01
 9.26102e-01
 9.30387e-01
 9.32302e-01
 9.32170e-01
 9.31378e-01
 9.30437e-01
 9.30043e-01
 9.29831e-01
 9.29225e-01
 9.28720e-01
 9.28597e-01
 9.28663e-01
 9.28691e-01
 9.28500e-01
 9.28122e-01
 9.27936e-01
 9.27975e-01
 9.28248e-01
 9.28271e-01
 9.28080e-01
 9.27751e-01
 9.27597e-01
 9.27840e-01
 9.28126e-01
 9.28073e-01
 9.27764e-01
 9.27011e-01
 9.25164e-01
 9.20717e-01
 9.10646e-01
 8.89309e-01
 8.45746e-01
 7.65448e-01
 6.37343e-01
 4.65489e-01
 2.84211e-01
 1.38953e-01
 5.16823e-02
 1.53648e-02
 4.08270e-03
 1.04028e-03
 2.59984e-04
 6.40029e-05
 1.55096e-05
 3.69264e-06
 8.62008e-07
 1.96576e-07
 4.19556e-08
 0.00000e+00
 8.55205e-01
 8.82239e-01
 9.04350e-01
 9.19771e-01
 9.26102e-01
 9.30387e-01
 9.32302e-01
 9.32170e-01
 9.31378e-01
 9.30437e-01
 9.30043e-01
 9.29831e-01
 9.29225e-01
 9.28720e-01
 9.28597e-01
 9.28663e-01
 9.28691e-01
 9.28500e-01
 9.28122e-01
 9.27936e-01
 9.27975e-01
 9.28248e-01
 9.28271e-01
 9.28080e-01
 9.27751e-01
 9.27597e-01
 9.27840e-01
 9.28126e-01
 9.28073e-01
 9.27764e-01
 9.27011e-01
 9.25164e-01
 9.20717e-01
 9.10646e-01
 8.89309e-01
 8.45746e-01
 7.65448e-01
 6.37343e-01
 4.65489e-01
 2.84211e-01
 1.38953e-01
 5.16823e-02
 1.53648e-02
 4.08270e-03
 1.04028e-03
 2.59984e-04
 6.40029e-05
 1.55096e-05
 3.69264e-06
 8.62008e-07
 1.96576e-07
 4.19556e-08
 0.00000e+00
 8.55205e-01
 8.82239e-01
 9.04350e-01
 9.19771e-01
 9.26102e-01
 9.30387e-01
 9.32302e-01
 9.32170e-01
 9.31378e-01
 9.30437e-01
 9.30043e-01
 9.29831e-01
 9.29225e-01
 9.28720e-01
 9.28597e-01
 9.28663e-01
 9.28691e-01
 9.28500e-01
 9.28122e-01
 9.27936e-01
 9.27975e-01
 9.28248e-01
 9.28271e-01
 9.28080e-01
 9.27751e-01
 9.27597e-01
 9.27840e-01
 9.28126e-01
 9.28073e-01
 9.27764e-01
 9.27011e-01
 9.25164e-01
 9.20717e-01
 9.10646e-01
 8.89309e-01
 8.45746e-01
 7.65448e-01
 6.37343e-01
 4.65489e-01
 2.84211e-01
 1.38953e-01
 5.16823e-02
 1.53648e-02
 4.08270e-03
 1.04028e-03
 2.59984e-04
 6.40029e-05
 1.55096e-05
 3.69264e-06
 8.62008e-07
 1.96576e-07
 4.19556e-08
 0.00000e+00
 8.55205e-01
 8.82239e-01
 9.04350e-01
 9.19771e-01
 9.26102e-01
 9.30387e-01
 9.32302e-01
 9.32170e-01
 9.31378e-01
 9.30437e-01
 9.30043e-01
 9.29831e-01
 9.29225e-01
 9.28720e-01
 9.28597e-01
 9.28663e-01
 9.28691e-01
 9.28500e-01
 9.28122e-01
 9.27936e-01
 9.27975e-01
 9.28248e-01
 9.28271e-01
 9.28080e-01
 9.27751e-01
 9.27597e-01
 9.27840e-01
 9.28126e-01
 9.28073e-01
 9.27764e-01
 9.27011e-01
 9.25164e-01
 9.20717e-01
 9.10646e-01
 8.89309e-01
 8.45746e-01
 7.65448e-01
 6.37343e-01
 4.65489e-01
 2.84211e-01
 1.38953e-01
 5.16823e-02
 1.53648e-02
 4.08270e-03
 1.04028e-03
 2.59984e-04
 6.40029e-05
 1.55096e-05
 3.69264e-06
 8.62008e-07
 1.96576e-07
 4.19556e-08
 0.00000e+00
 8.55205e-01
 8.82239e-01
 9.04350e-01
 9.19771e-01
 9.26102e-01
 9.30387e-01
 9.32302e-01
 9.32170e-01
 9.31378e-01
 9.30437e-01
 9.30043e-01
 9.29831e-01
 9.29225e-01
 9.28720e-01
 9.28597e-01
 9.28663e-01
 9.28691e-01
 9.28500e-01
 9.28122e-01
 9.27936e-01
 9.27975e-01
 9.28248e-01
 9.28271e-01
 9.28080e-01
 9.27751e-01
 9.27597e-01
 9.27840e-01
 9.28126e-01
 9.28073e-01
 9.27764e-01
 9.27011e-01
 9.25164e-01
 9.20717e-01
 9.10646e-01
 8.89309e-01
 8.45746e-01
 7.65448e-01
 6.37343e-01
 4.65489e-01
 2.84211e-01
 1.38953e-01
 5.16823e-02
 1.53648e-02
 4.08270e-03
 1.04028e-03
 2.59984e-04
 6.40029e-05
 1.55096e-05
 3.69264e-06
 8.62008e-07
 1.96576e-07
 4.19556e-08
 0.00000e+00
 8.55205e-01
 8.82239e-01
 9.04350e-01
 9.19771e-01
 9.26102e-01
 9.30387e-01
 9.32302e-01
 9.32170e-01
 9.31378e-01
 9.30437e-01
 9.30043e-01
 9.29831e-01
 9.29225e-01
 9.28720e-01
 9.28597e-01
 9.28663e-01
 9.28691e-01
 9.28500e-01
 9.28122e-01
 9.27936e-01
 9.27975e-01
 9.28248e-01
 9.28271e-01
 9.28080e-01
 9.27751e-01
 9.27597e-01
 9.27840e-01
 9.28126e-01
 9.28073e-01
 9.27764e-01
 9.27011e-01
 9.25164e-01
 9.20717e-01
 9.10646e-01
 8.89309e-01
 8.45746e-01
 7.65448e-01
 6.37343e-01
 4.65489e-01
 2.84211e-01
 1.38953e-01
 5.16823e-02
 1.53648e-02
 4.08270e-03
 1.04028e-03
 2.59984e-04
 6.40029e-05
 1.55096e-05
 3.69264e-06
 8.62008e-07
 1.96576e-07
 4.19556e-08
 0.00000e+00
 8.55205e-01
 8.82239e-01
 9.04350e-01
 9.19771e-01
 9.26102e-01
 9.30387e-01
 9.32302e-01
 9.32170e-01
 9.31378e-01
 9.30437e-01
 9.30043e-01
 9.29831e-01
 9.29225e-01
 9.28720e-01
 9.28597e-01
 9.28663e-01
 9.28691e-01
 9.28500e-01
 9.28122e-01
 9.27936e-01
 9.27975e-01
 9.28248e-01
 9.28271e-01
 9.28080e-01
 9.27751e-01
 9.27597e-01
 9.27840e-01
 9.28126e-01
 9.28073e-01
 9.27764e-01
 9.27011e-01
 9.25164e-01
 9.20717e-01
 9.10646e-01
 8.89309e-01
 8.45746e-01
 7.65448e-01
 6.37343e-01
 4.65489e-01
 2.84211e-01
 1.38953e-01
 5.16823e-02
 1.53648e-02
 4.08270e-03
 1.04028e-03
 2.59984e-04
 6.40029e-05
 1.55096e-05
 3.69264e-06
 8.62008e-07
 1.96576e-07
 4.19556e-08
 0.00000e+00
 8.55205e-01
 8.82239e-01
 9.04350e-01
 9.19771e-01
 9.26102e-01
 9.30387e-01
 9.32302e-01
 9.32170e-01
 9.31378e-01
 9.30437e-01
 9.30043e-01
 9.29831e-01
 9.29225e-01
 9.28720e-01
 9.28597e-01
 9.28663e-01
 9.28691e-01
 9.28500e-01
 9.28122e-01
 9.27936e-01
 9.27975e-01
 9.28248e-01
 9.28271e-01
 9.28080e-01
 9.27751e-01
 9.27597e-01
 9.27840e-01
 9.28126e-01
 9.28073e-01
 9.27764e-01
 9.27011e-01
 9.25164e-01
 9.20717e-01
 9.10646e-01
 8.89309e-01
 8.45746e-01
 7.65448e-01
 6.37343e-01
 4.65489e-01
 2.84211e-01
 1.38953e-01
 5.16823e-02
 1.53648e-02
 4.08270e-03
 1.04028e-03
 2.59984e-04
 6.40029e-05
 1.55096e-05
 3.69264e-06
 8.62008e-07
 1.96576e-07
 4.19556e-08
 0.00000e+00
 8.55205e-01
 8.82239e-01
 9.04350e-01
 9.19771e-01
 9.26102e-01
 9.30387e-01
 9.32302e-01
 9.32170e-01
 9.31378e-01
 9.30437e-01
 9.30043e-01
 9.29831e-01
 9.29225e-01
 9.28720e-01
 9.28597e-01
 9.28663e-01
 9.28691e-01
 9.28500e-01
 9.28122e-01
 9.27936e-01
 9.27975e-01
 9.28248e-01
 9.28271e-01
 9.28080e-01
 9.27751e-01
 9.27597e-01
 9.27840e-01
 9.28126e-01
 9.28073e-01
 9.27764e-01
 9.27011e-01
 9.25164e-01
 9.20717e-01
 9.10646e-01
 8.89309e-01
 8.45746e-01
 7.65448e-01
 6.37343e-01
 4.65489e-01
 2.84211e-01
 1.38953e-01
 5.16823e-02
 1.53648e-02
 4.08270e-03
 1.04028e-03
 2.59984e-04
 6.40029e-05
 1.55096e-05
 3.69264e-06
 8.62008e-07
 1.96576e-07
 4.19556e-08
 0.00000e+00
 8.55205e-01
 8.82239e-01
 9.04350e-01
 9.19771e-01
 9.26102e-01
 9.30387e-01
 9.32302e-01
 9.32170e-01
 9.31378e-01
 9.30437e-01
 9.30043e-01
 9.29831e-01
 9.29225e-01
 9.28720e-01
 9.28597e-01
 9.28663e-01
 9.28691e-01
 9.28500e-01
 9.28122e-01
 9.27936e-01
 9.27975e-01
 9.28248e-01
 9.28271e-01
 9.28080e-01
 9.27751e-01
 9.27597e-01
 9.27840e-01
 9.28126e-01
 9.28073e-01
 9.27764e-01
 9.27011e-01
 9.25164e-01
 9.20717e-01
 9.10646e-01
 8.89309e-01
 8.45746e-01
 7.65448e-01
 6.37343e-01
 4.65489e-01
 2.84211e-01
 1.38953e-01
 5.16823e-02
 1.53648e-02
 4.08270e-03
 1.04028e-03
 2.59984e-04
 6.40029e-05
 1.55096e-05
 3.69264e-06
 8.62008e-07
 1.96576e-07
 4.19556e-08
 0.00000e+00
 8.55205e-01
 8.82239e-01
 9.04350e-01
 9.19771e-01
 9.26102e-01
 9.30387e-01
 9.32302e-01
 9.32170e-01
 9.31378e-01
 9.30437e-01
 9.30043e-01
 9.29831e-01
 9.29225e-01
 9.28720e-01
 9.28597e-01
 9.28663e-01
 9.28691e-01
 9.28500e-01
 9.28122e-01
 9.27936e-01
 9.27975e-01
 9.28248e-01
 9.28271e-01
 9.28080e-01
 9.27751e-01
 9.27597e-01
 9.27840e-01
 9.28126e-01
 9.28073e-01
 9.27764e-01
 9.27011e-01
 9.25164e-01
 9.20717e-01
 9.10646e-01
 8.89309e-01
 8.45746e-01
 7.65448e-01
 6.37343e-01
 4.65489e-01
 2.84211e-01
 1.38953e-01
 5.16823e-02
 1.53648e-02
 4.08270e-03
 1.04028e-03
 2.59984e-04
 6.40029e-05
 1.55096e-05
 3.69264e-06
 8.62008e-07
 1.96576e-07
 4.19556e-08
 0.00000e+00
 8.55205e-01
 8.82239e-01
 9.04350e-01
 9.19771e-01
 9.26102e-01
 9.30387e-01
 9.32302e-01
 9.32170e-01
 9.31378e-01
 9.30437e-01
 9.30043e-01
 9.29831e-01
 9.29225e-01
 9.28720e-01
 9.28597e-01
 9.28663e-01
 9.28691e-01
 9.28500e-01
 9.28122e-01
 9.27936e-01
 9.27975e-01
 9.28248e-01
 9.28271e-01
 9.28080e-01
 9.27751e-01
 9.27597e-01
 9.27840e-01
 9.28126e-01
 9.28073e-01
 9.27764e-01
 9.27011e-01
 9.25164e-01
 9.20717e-01
 9.10646e-01
 8.89309e-01
 8.45746e-01
 7.65448e-01
 6.37343e-01
 4.65489e-01
 2.84211e-01
 1.38953e-01
 5.16823e-02
 1.53648e-02
 4.08270e-03
 1.04028e-03
 2.59984e-04
 6.40029e-05
 1.55096e-05
 3.69264e-06
 8.62008e-07
 1.96576e-07
 4.19556e-08
 0.00000e+00
 8.55205e-01
 8.82239e-01
 9.04350e-01
 9.19771e-01
 9.26102e-01
 9.30387e-01
 9.32302e-01
 9.32170e-01
 9.31378e-01
 9.30437e-01
 9.30043e-01
 9.29831e-01
 9.29225e-01
 9.28720e-01
 9.28597e-01
 9.28663e-01
 9.28691e-01
 9.28500e-01
 9.28122e-01
 9.27936e-01
 9.27975e-01
 9.28248e-01
 9.28271e-01
 9.28080e-01
 9.27751e-01
 9.27597e-01
 9.27840e-01
 9.28126e-01
 9.28073e-01
 9.27764e-01
 9.27011e-01
 9.25164e-01
 9.20717e-01
 9.10646e-01
 8.89309e-01
 8.45746e-01
 7.65448e-01
 6.37343e-01
 4.65489e-01
 2.84211e-01
 1.38953e-01
 5.16823e-02
 1.53648e-02
 4.08270e-03
 1.04028e-03
 2.59984e-04
 6.40029e-05
 1.55096e-05
 3.69264e-06
 8.62008e-07
 1.96576e-07
 4.19556e-08
 0.00000e+00
 8.55205e-01
 8.82239e-01
 9.04350e-01
 9.19771e-01
 9.26102e-01
 9.30387e-01
 9.32302e-01
 9.32170e-01
 9.31378e-01
 9.30437e-01
 9.30043e-01
 9.29831e-01
 9.29225e-01
 9.28720e-01
 9.28597e-01
 9.28663e-01
 9.28691e-01
 9.28500e-01
 9.28122e-01
 9.27936e-01
 9.27975e-01
 9.28248e-01
 9.28271e-01
 9.28080e-01
 9.27751e-01
 9.27597e-01
 9.27840e-01
 9.28126e-01
 9.28073e-01
 9.27764e-01
 9.27011e-01
 9.25164e-01
 9.20717e-01
 9.10646e-01
 8.89309e-01
 8.45746e-01
 7.65448e-01
 6.37343e-01
 4.65489e-01
 2.84211e-01
 1.38953e-01
 5.16823e-02
 1.53648e-02
 4.08270e-03
 1.04028e-03
 2.59984e-04
 6.40029e-05
 1.55096e-05
 3.69264e-06
 8.62008e-07
 1.96576e-07
 4.19556e-08
 0.00000e+00
 8.55205e-01
 8.82239e-01
 9.04350e-01
 9.19771e-01
 9.26102e-01
 9.30387e-01
 9.32302e-01
 9.32170e-01
 9.31378e-01
 9.30437e-01
 9.30043e-01
 9.29831e-01
 9.29225e-01
 9.28720e-01
 9.28597e-01
 9.28663e-01
 9.28691e-01
 9.28500e-01
 9.28122e-01
 9.27936e-01
 9.27975e-01
 9.28248e-01
 9.28271e-01
 9.28080e-01
 9.27751e-01
 9.27597e-01
 9.27840e-01
 9.28126e-01
 9.28073e-01
 9.27764e-01
 9.27011e-01
 9.25164e-01
 9.20717e-01
 9.10646e-01
 8.89309e-01
 8.45746e-01
 7.65448e-01
 6.37343e-01
 4.65489e-01
 2.84211e-01
 1.38953e-01
 5.16823e-02
 1.53648e-02
 4.08270e-03
 1.04028e-03
 2.59984e-04
 6.40029e-05
 1.55096e-05
 3.69264e-06
 8.62008e-07
 1.96576e-07
 4.19556e-08
 0.00000e+00
 8.55205e-01
 8.82239e-01
 9.04350e-01
 9.19771e-01
 9.26102e-01
 9.30387e-01
 9.32302e-01
 9.32170e-01
 9.31378e-01
 9.30437e-01
 9.30043e-01
 9.29831e-01
 9.29225e-01
 9.28720e-01
 9.28597e-01
 9.28663e-01
 9.28691e-01
 9.28500e-01
 9.28122e-01
 9.27936e-01
 9.27975e-01
 9.28248e-01
 9.28271e-01
 9.28080e-01
 9.27751e-01
 9.27597e-01
 9.27840e-01
 9.28126e-01
 9.28073e-01
 9.27764e-01
 9.27011e-01
 9.25164e-01
 9.20717e-01
 9.10646e-01
 8.89309e-01
 8.45746e-01
 7.65448e-01
 6.37343e-01
 4.65489e-01
 2.84211e-01
 1.38953e-01
 5.16823e-02
 1.53648e-02
 4.08270e-03
 1.04028e-03
 2.59984e-04
 6.40029e-05
 1.55096e-05
 3.69264e-06
 8.62008e-07
 1.96576e-07
 4.19556e-08
 0.00000e+00
 8.55205e-01
 8.82239e-01
 9.04350e-01
 9.19771e-01
 9.26102e-01
 9.30387e-01
 9.32302e-01
 9.32170e-01
 9.31378e-01
 9.30437e-01
 9.30043e-01
 9.29831e-01
 9.29225e-01
 9.28720e-01
 9.28597e-01
 9.28663e-01
 9.28691e-01
 9.28500e-01
 9.28122e-01
 9.27936e-01
 9.27975e-01
 9.28248e-01
 9.28271e-01
 9.28080e-01
 9.27751e-01
 9.27597e-01
 9.27840e-01
 9.28126e-01
 9.28073e-01
 9.27764e-01
 9.27011e-01
 9.25164e-01
 9.20717e-01
 9.10646e-01
 8.89309e-01
 8.45746e-01
 7.65448e-01
 6.37343e-01
 4.65489e-01
 2.84211e-01
 1.38953e-01
 5.16823e-02
 1.53648e-02
 4.08270e-03
 1.04028e-03
 2.59984e-04
 6.40029e-05
 1.55096e-05
 3.69264e-06
 8.62008e-07
 1.96576e-07
 4.19556e-08
 0.00000e+00
 8.55205e-01
 8.82239e-01
 9.04350e-01
 9.19771e-01
 9.26102e-01
 9.30387e-01
 9.32302e-01
 9.32170e-01
 9.31378e-01
 9.30437e-01
 9.30043e-01
 9.29831e-01
 9.29225e-01
 9.28720e-01
 9.28597e-01
 9.28663e-01
 9.28691e-01
 9.28500e-01
 9.28122e-01
 9.27936e-01
 9.27975e-01
 9.28248e-01
 9.28271e-01
 9.28080e-01
 9.27751e-01
 9.27597e-01
 9.27840e-01
 9.28126e-01
 9.28073e-01
 9.27764e-01
 9.27011e-01
 9.25164e-01
 9.20717e-01
 9.10646e-01
 8.89309e-01
 8.45746e-01
 7.65448e-01
 6.37343e-01
 4.65489e-01
 2.84211e-01
 1.38953e-01
 5.16823e-02
 1.53648e-02
 4.08270e-03
 1.04028e-03
 2.59984e-04
 6.40029e-05
 1.55096e-05
 3.69264e-06
 8.62008e-07
 1.96576e-07
 4.19556e-08
 0.00000e+00
 8.55205e-01
 8.82239e-01
 9.04350e-01
 9.19771e-01
 9.26102e-01
 9.30387e-01
 9.32302e-01
 9.32170e-01
 9.31378e-01
 9.30437e-01
 9.30043e-01
 9.29831e-01
 9.29225e-01
 9.28720e-01
 9.28597e-01
 9.28663e-01
 9.28691e-01
 9.28500e-01
 9.28122e-01
 9.27936e-01
 9.27975e-01
 9.28248e-01
 9.28271e-01
 9.28080e-01
 9.27751e-01
 9.27597e-01
 9.27840e-01
 9.28126e-01
 9.28073e-01
 9.27764e-01
 9.27011e-01
 9.25164e-01
 9.20717e-01
 9.10646e-01
 8.89309e-01
 8.45746e-01
 7.65448e-01
 6.37343e-01
 4.65489e-01
 2.84211e-01
 1.38953e-01
 5.16823e-02
 1.53648e-02
 4.08270e-03
 1.04028e-03
 2.59984e-04
 6.40029e-05
 1.55096e-05
 3.69264e-06
 8.62008e-07
 1.96576e-07
 4.19556e-08
 0.00000e+00
 8.55205e-01
 8.82239e-01
 9.04350e-01
 9.19771e-01
 9.26102e-01
 9.30387e-01
 9.32302e-01
 9.32170e-01
 9.31378e-01
 9.30437e-01
 9.30043e-01
 9.29831e-01
 9.29225e-01
 9.28720e-01
 9.28597e-01
 9.28663e-01
 9.28691e-01
 9.28500e-01
 9.28122e-01
 9.27936e-01
 9.27975e-01
 9.28248e-01
 9.28271e-01
 9.28080e-01
 9.27751e-01
 9.27597e-01
 9.27840e-01
 9.28126e-01
 9.28073e-01
 9.27764e-01
 9.27011e-01
 9.25164e-01
 9.20717e-01
 9.10646e-01
 8.89309e-01
 8.45746e-01
 7.65448e-01
 6.37343e-01
 4.65489e-01
 2.84211e-01
 1.38953e-01
 5.16823e-02
 1.53648e-02
 4.08270e-03
 1.04028e-03
 2.59984e-04
 6.40029e-05
 1.55096e-05
 3.69264e-06
 8.62008e-07
 1.96576e-07
 4.19556e-08
 0.00000e+00
 8.55205e-01
 8.82239e-01
 9.04350e-01
 9.19771e-01
 9.26102e-01
 9.30387e-01
 9.32302e-01
 9.32170e-01
 9.31378e-01
 9.30437e-01
 9.30043e-01
 9.29831e-01
 9.29225e-01
 9.28720e-01
 9.28597e-01
 9.28663e-01
 9.28691e-01
 9.28500e-01
 9.28122e-01
 9.27936e-01
 9.27975e-01
 9.28248e-01
 9.28271e-01
 9.28080e-01
 9.27751e-01
 9.27597e-01
 9.27840e-01
 9.28126e-01
 9.28073e-01
 9.27764e-01
 9.27011e-01
 9.25164e-01
 9.20717e-01
 9.10646e-01
 8.89309e-01
 8.45746e-01
 7.65448e-01
 6.37343e-01
 4.65489e-01
 2.84211e-01
 1.38953e-01
 5.16823e-02
 1.53648e-02
 4.08270e-03
 1.04028e-03
 2.59984e-04
 6.40029e-05
 1.55096e-05
 3.69264e-06
 8.62008e-07
 1.96576e-07
 4.19556e-08
 0.00000e+00
 8.55205e-01
 8.82239e-01
 9.04350e-01
 9.19771e-01
 9.26102e-01
 9.30387e-01
 9.32302e-01
 9.32170e-01
 9.31378e-01
 9.30437e-01
 9.30043e-01
 9.29831e-01
 9.29225e-01
 9.28720e-01
 9.28597e-01
 9.28663e-01
 9.28691e-01
 9.28500e-01
 9.28122e-01
 9.27936e-01
 9.27975e-01
 9.28248e-01
 9.28271e-01
 9.28080e-01
 9.27751e-01
 9.27597e-01
 9.27840e-01
 9.28126e-01
 9.28073e-01
 9.27764e-01
 9.27011e-01
 9.25164e-01
 9.20717e-01
 9.10646e-01
 8.89309e-01
 8.45746e-01
 7.65448e-01
 6.37343e-01
 4.65489e-01
 2.84211e-01
 1.38953e-01
 5.16823e-02
 1.53648e-02
 4.08270e-03
 1.04028e-03
 2.59984e-04
 6.40029e-05
 1.55096e-05
 3.69264e-06
 8.62008e-07
 1.96576e-07
 4.19556e-08
 0.00000e+00
 8.55205e-01
 8.82239e-01
 9.04350e-01
 9.19771e-01
 9.26102e-01
 9.30387e-01
 9.32302e-01
 9.32170e-01
 9.31378e-01
 9.30437e-01
 9.30043e-01
 9.29831e-01
 9.29225e-01
 9.28720e-01
 9.28597e-01
 9.28663e-01
 9.28691e-01
 9.28500e-01
 9.28122e-01
 9.27936e-01
 9.27975e-01
 9.28248e-01
 9.28271e-01
 9.28080e-01
 9.27751e-01
 9.27597e-01
 9.27840e-01
 9.28126e-01
 9.28073e-01
 9.27764e-01
 9.27011e-01
 9.25164e-01
 9.20717e-01
 9.10646e-01
 8.89309e-01
 8.45746e-01
 7.65448e-01
 6.37343e-01
 4.65489e-01
 2.84211e-01
 1.38953e-01
 5.16823e-02
 1.53648e-02
 4.08270e-03
 1.04028e-03
 2.59984e-04
 6.40029e-05
 1.55096e-05
 3.69264e-06
 8.62008e-07
 1.96576e-07
 4.19556e-08
 0.00000e+00
 8.55205e-01
 8.82239e-01
 9.04350e-01
 9.19771e-01
 9.26102e-01
 9.30387e-01
 9.32302e-01
 9.32170e-01
 9.31378e-01
 9.30437e-01
 9.30043e-01
 9.29831e-01
 9.29225e-01
 9.28720e-01
 9.28597e-01
 9.28663e-01
 9.28691e-01
 9.28500e-01
 9.28122e-01
 9.27936e-01
 9.27975e-01
 9.28248e-01
 9.28271e-01
 9.28080e-01
 9.27751e-01
 9.27597e-01
 9.27840e-01
 9.28126e-01
 9.28073e-01
 9.27764e-01
 9.27011e-01
 9.25164e-01
 9.20717e-01
 9.10646e-01
 8.89309e-01
 8.45746e-01
 7.65448e-01
 6.37343e-01
 4.65489e-01
 2.84211e-01
 1.38953e-01
 5.16823e-02
 1.53648e-02
 4.08270e-03
 1.04028e-03
 2.59984e-04
 6.40029e-05
 1.55096e-05
 3.69264e-06
 8.62008e-07
 1.96576e-07
 4.19556e-08
 0.00000e+00
 8.55205e-01
 8.82239e-01
 9.04350e-01
 9.19771e-01
 9.26102e-01
 9.30387e-01
 9.32302e-01
 9.32170e-01
 9.31378e-01
 9.30437e-01
 9.30043e-01
 9.29831e-01
 9.29225e-01
 9.28720e-01
 9.28597e-01
 9.28663e-01
 9.28691e-01
 9.28500e-01
 9.28122e-01
 9.27936e-01
 9.27975e-01
 9.28248e-01
 9.28271e-01
 9.28080e-01
 9.27751e-01
 9.27597e-01
 9.27840e-01
 9.28126e-01
 9.28073e-01
 9.27764e-01
 9.27011e-01
 9.25164e-01
 9.20717e-01
 9.10646e-01
 8.89309e-01
 8.45746e-01
 7.65448e-01
 6.37343e-01
 4.65489e-01
 2.84211e-01
 1.38953e-01
 5.16823e-02
 1.53648e-02
 4.08270e-03
 1.04028e-03
 2.59984e-04
 6.40029e-05
 1.55096e-05
 3.69264e-06
 8.62008e-07
 1.96576e-07
 4.19556e-08
 0.00000e+00
 8.55205e-01
 8.82239e-01
 9.04350e-01
 9.19771e-01
 9.26102e-01
 9.30387e-01
 9.32302e-01
 9.32170e-01
 9.31378e-01
 9.30437e-01
 9.30043e-01
 9.29831e-01
 9.29225e-01
 9.28720e-01
 9.28597e-01
 9.28663e-01
 9.28691e-01
 9.28500e-01
 9.28122e-01
 9.27936e-01
 9.27975e-01
 9.28248e-01
 9.28271e-01
 9.28080e-01
 9.27751e-01
 9.27597e-01
 9.27840e-01
 9.28126e-01
 9.28073e-01
 9.27764e-01
 9.27011e-01
 9.25164e-01
 9.20717e-01
 9.10646e-01
 8.89309e-01
 8.45746e-01
 7.65448e-01
 6.37343e-01
 4.65489e-01
 2.84211e-01
 1.38953e-01
 5.16823e-02
 1.53648e-02
 4.08270e-03
 1.04028e-03
 2.59984e-04
 6.40029e-05
 1.55096e-05
 3.69264e-06
 8.62008e-07
 1.96576e-07
 4.19556e-08
 0.00000e+00
 0.00000e+00
 0.00000e+00
 0.00000e+00
 0.00000e+00
 0.00000e+00
 0.00000e+00
 0.00000e+00
 0.00000e+00
 0.00000e+00
 0.00000e+00
 0.00000e+00
 0.00000e+00
 0.00000e+00
 0.00000e+00
 0.00000e+00
 0.00000e+00
 0.00000e+00
 0.00000e+00
 0.00000e+00
 0.00000e+00
 0.00000e+00
 0.00000e+00
 0.00000e+00
 0.00000e+00
 0.00000e+00
 0.00000e+00
 0.00000e+00
 0.00000e+00
 0.00000e+00
 0.00000e+00
 0.00000e+00
 0.00000e+00
 0.00000e+00
 0.00000e+00
 0.00000e+00
 0.00000e+00
 0.00000e+00
 0.00000e+00
 0.00000e+00
 0.00000e+00
 0.00000e+00
 0.00000e+00
 0.00000e+00
 0.00000e+00
 0.00000e+00
 0.00000e+00
 0.00000e+00
 0.00000e+00
 0.00000e+00
 0.00000e+00
 0.00000e+00
 0.00000e+00
 0.00000e+00
-1.76767e-15
-1.94171e-15
 4.05997e-16
 7.72107e-16
-9.30503e-16
-5.52294e-15
-8.25192e-15
-7.90034e-15
-6.18625e-15
-5.72668e-15
-6.70528e-15
-1.11642e-14
-1.30318e-14
-1.29303e-14
-1.30543e-14
-1.16874e-14
-6.46395e-15
-4.47202e-15
-6.21579e-15
-7.29263e-15
-5.77611e-15
-2.41020e-15
-6.29488e-16
 1.51338e-15
 1.32851e-15
 3.66721e-15
 3.87902e-15
-1.69360e-16
-8.10848e-16
 8.51075e-16
 5.79870e-16
-2.86376e-15
-9.72040e-15
-8.26266e-15
-6.77883e-15
-6.39205e-15
-3.21417e-15
-4.63075e-16
-2.00921e-15
-2.84569e-15
 3.06114e-15
-1.27264e-15
-5.29959e-15
-3.66061e-15
-2.39418e-15
-5.79980e-15
 1.33178e-14
-3.86443e-14
-7.53960e-15
 2.45166e-14
-7.64018e-15
-5.29278e-14
 4.53084e-14
 4.20479e-15
 5.53249e-15
 5.21216e-15
 4.17402e-15
 8.05831e-15
 1.30686e-14
 1.38875e-14
 1.32034e-14
 1.08021e-14
 8.78195e-15
 8.37867e-15
 8.39919e-15
 7.71054e-15
 7.95184e-15
 9.74878e-15
 1.33630e-14
 1.88037e-14
 2.05763e-14
 1.98615e-14
 1.83541e-14
 1.48678e-14
 8.84676e-15
 7.26477e-15
 1.68196e-15
-1.20034e-16
-6.03640e-16
 1.30558e-15
 6.42637e-15
 9.68661e-15
 6.31027e-15
-4.01916e-16
 3.15965e-15
 9.25156e-15
 1.03459e-14
 8.18466e-15
 6.62714e-15
 1.00007e-15
 6.22142e-17
 8.18643e-15
 6.68292e-15
 1.44438e-15
 6.18087e-15
 4.18610e-15
 3.67579e-16
 4.87965e-15
 8.41114e-15
 2.52619e-14
-3.71428e-14
 4.50807e-15
 4.30497e-14
 1.84376e-14
-3.28316e-14
 3.93697e-14
-1.39094e-17
 1.27295e-15
 3.33785e-15
 4.78352e-15
 3.55195e-15
-2.66851e-15
-6.40861e-15
-5.25821e-15
-1.54896e-15
 2.36970e-15
 4.90285e-15
 4.45542e-15
 2.90733e-15
 1.72328e-15
-2.33576e-16
-6.45963e-15
-1.29722e-14
-1.27037e-14
-9.98432e-15
-8.24750e-15
-4.98113e-15
-4.64177e-15
-4.89686e-15
-2.58028e-15
 3.22035e-18
-9.41355e-16
-1.14931e-15
-2.54431e-15
-2.83574e-15
-3.22399e-15
-3.32086e-15
 2.93300e-15
-1.07040e-15
-9.30548e-15
-8.34967e-15
-5.26954e-15
 3.91977e-15
 6.61655e-15
-7.06396e-15
-5.78915e-15
-5.86316e-15
-1.00679e-14
 4.80639e-16
-2.57261e-15
-5.08904e-15
-5.05529e-15
 1.17345e-14
-4.97706e-14
-5.37398e-15
 4.13057e-14
-1.19606e-14
-6.34020e-14
 4.38885e-14
-5.87131e-15
-7.89860e-15
-8.59605e-15
-8.35106e-15
-7.48395e-15
-5.40982e-15
-1.40705e-15
-9.69110e-16
-2.60135e-15
-7.13604e-15
-1.05355e-14
-9.57652e-15
-8.62084e-15
-9.16614e-15
-1.03233e-14
-9.47397e-15
-9.19574e-15
-1.00299e-14
-8.85697e-15
-4.58988e-15
 1.52764e-15
 8.24949e-15
 1.00831e-14
 7.18042e-15
 3.55999e-15
 2.04713e-16
-2.16721e-15
-2.17744e-15
 9.69245e-16
 4.59024e-15
 9.35069e-15
 1.12063e-14
 5.42165e-15
 4.97360e-15
 7.85234e-15
 1.24224e-14
 4.69902e-15
 7.67530e-16
 1.19661e-14
 1.09420e-14
 1.00085e-14
 1.05699e-14
 3.62408e-15
-2.39659e-15
 3.43949e-15
-1.31753e-15
 2.61849e-14
-2.83187e-14
 6.09242e-15
 3.22539e-14
 2.07610e-14
-2.54888e-14
 5.31096e-14
 0.00000e+00
 0.00000e+00
 0.00000e+00
 0.00000e+00
 0.00000e+00
 0.00000e+00
 0.00000e+00
 0.00000e+00
 0.00000e+00
 0.00000e+00
 0.00000e+00
 0.00000e+00
 0.00000e+00
 0.00000e+00
 0.00000e+00
 0.00000e+00
 0.00000e+00
 0.00000e+00
 0.00000e+00
 0.00000e+00
 0.00000e+00
 0.00000e+00
 0.00000e+00
 0.00000e+00
 0.00000e+00
 0.00000e+00
 0.00000e+00
 0.00000e+00
 0.00000e+00
 0.00000e+00
 0.00000e+00
 0.00000e+00
 0.00000e+00
 0.00000e+00
 0.00000e+00
 0.00000e+00
 0.00000e+00
 0.00000e+00
 0.00000e+00
 0.00000e+00
 0.00000e+00
 0.00000e+00
 0.00000e+00
 0.00000e+00
 0.00000e+00
 0.00000e+00
 0.00000e+00
 0.00000e+00
 0.00000e+00
 0.00000e+00
 0.00000e+00
 0.00000e+00
 0.00000e+00
-3.46480e-17
 4.06740e-16
 2.97772e-15
 6.33276e-15
 6.35684e-15
 4.82215e-15
 2.61769e-15
 1.58344e-15
 1.08406e-15
 7.84952e-16
-4.03821e-16
-3.64311e-15
-4.58956e-15
-4.68755e-15
-4.35039e-15
-1.63995e-15
 5.28445e-15
 1.21886e-14
 1.17928e-14
 9.08331e-15
 6.92293e-15
 4.69940e-15
 4.86838e-15
 3.25838e-15
-9.42282e-16
 6.69682e-16
 1.96859e-15
 8.38594e-16
 2.52072e-15
 6.39989e-15
 6.18261e-15
 2.25518e-15
-2.31193e-15
 1.94294e-15
 2.95295e-15
-4.67979e-16
 2.03224e-16
 1.25809e-15
-2.26393e-15
 9.26877e-17
 8.87724e-15
-1.41078e-15
 5.02139e-16
 2.90998e-15
 5.13984e-15
 6.01471e-15
 2.35255e-14
-3.66695e-14
 5.04095e-15
 3.68535e-14
 5.18168e-15
-3.98576e-14
 4.76437e-14
-6.82477e-16
-4.26037e-16
-1.52042e-15
-4.21211e-15
-2.89664e-15
-1.34714e-15
-1.56769e-15
-2.03482e-15
-2.05998e-15
-8.11424e-16
 2.46463e-15
 4.62873e-15
 4.45975e-15
 3.18450e-15
 1.44102e-15
-1.75545e-15
-7.71903e-15
-1.35861e-14
-1.45493e-14
-1.32395e-14
-9.48544e-15
-7.66650e-15
-8.20462e-15
-1.02926e-14
-4.16340e-15
 2.14727e-15
 2.69035e-15
 2.78718e-15
 1.26904e-15
-5.65302e-15
-1.16158e-14
-5.97443e-15
-4.13900e-15
-6.21583e-15
-7.09739e-15
-5.20566e-15
-8.21781e-15
-6.14415e-15
 4.33786e-15
-3.94750e-15
-1.25756e-14
-4.84235e-15
-3.31223e-15
-6.60122e-15
-1.05617e-14
-1.70587e-14
 8.77741e-15
-4.70563e-14
-1.08464e-14
 3.45341e-14
-1.82045e-15
-5.68109e-14
 3.23184e-14
 2.18124e-16
 2.16379e-15
 3.31261e-15
 4.66509e-15
 3.77991e-15
 2.61015e-15
 3.56076e-15
 6.65966e-15
 8.03259e-15
 7.86337e-15
 4.98389e-15
-1.81283e-15
-5.66825e-15
-5.36582e-15
-2.76455e-15
 8.58525e-16
 5.32703e-15
 1.20736e-14
 1.43374e-14
 1.26708e-14
 8.27940e-15
 4.67899e-15
 7.85451e-15
 1.13521e-14
 8.59342e-15
-6.82114e-16
-1.71383e-15
 1.00362e-15
 7.96638e-15
 9.76739e-15
 6.90439e-15
 9.38832e-15
 9.76696e-15
 7.88338e-15
 8.10587e-15
 9.50898e-15
 1.59232e-14
 1.60470e-14
 3.88416e-15
 7.10415e-15
 1.01803e-14
 3.30245e-15
 7.70674e-15
 3.31118e-15
 1.35952e-14
 1.90180e-14
 2.39990e-14
-3.57184e-14
 1.23028e-14
 4.71927e-14
 1.04461e-14
-3.38100e-14
 5.54004e-14
-3.20069e-15
-4.19617e-15
-3.23728e-15
-8.30526e-16
 1.53364e-15
 8.24953e-16
-7.35061e-16
-1.23716e-15
-1.99087e-15
-5.57038e-15
-6.00433e-15
-3.35033e-15
-7.13155e-16
-7.96511e-16
-2.65792e-15
-5.49117e-15
-9.29388e-15
-1.25847e-14
-1.24383e-14
-9.25373e-15
-2.55679e-15
 1.95083e-15
 1.46647e-15
-3.67440e-15
-1.86319e-15
 6.67848e-16
-4.05403e-16
-5.56141e-15
-7.42042e-15
-5.96739e-15
 1.51555e-16
 3.92919e-15
-1.46309e-15
-3.43007e-15
-1.09293e-15
 1.54127e-15
-3.62793e-15
-3.40201e-15
 5.53614e-15
-2.24873e-16
-4.08863e-15
 2.20254e-16
-3.05983e-15
-6.21115e-15
-9.45852e-15
-1.37615e-14
 2.30447e-14
-4.34200e-14
-9.67792e-15
 2.97961e-14
 3.75142e-16
-4.55818e-14
 4.29032e-14
 0.00000e+00
 0.00000e+00
 0.00000e+00
 0.00000e+00
 0.00000e+00
 0.00000e+00
 0.00000e+00
 0.00000e+00
 0.00000e+00
 0.00000e+00
 0.00000e+00
 0.00000e+00
 0.00000e+00
 0.00000e+00
 0.00000e+00
 0.00000e+00
 0.00000e+00
 0.00000e+00
 0.00000e+00
 0.00000e+00
 0.00000e+00
 0.00000e+00
 0.00000e+00
 0.00000e+00
 0.00000e+00
 0.00000e+00
 0.00000e+00
 0.00000e+00
 0.00000e+00
 0.00000e+00
 0.00000e+00
 0.00000e+00
 0.00000e+00
 0.00000e+00
 0.00000e+00
 0.00000e+00
 0.00000e+00
 0.00000e+00
 0.00000e+00
 0.00000e+00
 0.00000e+00
 0.00000e+00
 0.00000e+00
 0.00000e+00
 0.00000e+00
 0.00000e+00
 0.00000e+00
 0.00000e+00
 0.00000e+00
 0.00000e+00
 0.00000e+00
 0.00000e+00
 0.00000e+00
-4.99999e-15
-2.82281e-15
 1.87343e-15
 6.69379e-15
 6.51973e-15
 3.60263e-15
 1.05137e-15
 7.89104e-16
 1.10425e-15
 2.08583e-15
 2.80716e-15
 1.90461e-15
 1.25381e-15
 1.35254e-15
 2.21143e-15
 4.59034e-15
 9.23369e-15
 1.05535e-14
 9.33140e-15
 5.43020e-15
-2.74931e-16
-4.30106e-15
-2.76951e-15
-1.07049e-15
-1.32851e-15
-6.74040e-16
 1.90892e-16
-7.01472e-16
-2.30374e-15
-2.80447e-16
 1.46676e-15
-2.62841e-16
-2.60838e-15
 1.08598e-15
-1.24536e-15
-6.14628e-15
-7.44802e-15
-6.36395e-15
-4.19426e-16
-9.96994e-16
 3.25249e-15
-3.24930e-17
-1.58362e-15
-3.66776e-15
 8.19819e-16
-5.86819e-15
 1.57581e-14
-4.45992e-14
-2.51058e-15
 3.48759e-14
 2.92815e-15
-4.12502e-14
 4.18367e-14
-1.19358e-15
-3.05570e-15
-6.52045e-15
-8.17106e-15
-6.49361e-15
-3.23374e-15
-3.03111e-15
-4.87727e-15
-5.92545e-15
-5.35520e-15
-3.66745e-15
-3.00219e-15
-3.11411e-15
-3.94523e-15
-6.28099e-15
-1.15487e-14
-2.09134e-14
-2.48261e-14
-2.40947e-14
-2.00356e-14
-1.15920e-14
-2.71990e-15
-1.90738e-15
-5.72487e-15
-1.99633e-15
 5.93750e-15
 6.54917e-15
 5.55452e-15
 5.30450e-15
 1.64501e-15
-4.20547e-15
-5.78970e-16
-1.83837e-15
-3.11018e-15
-2.00952e-15
 2.85965e-16
-1.81154e-16
 3.02110e-16
 3.50471e-16
-4.07282e-15
-3.10354e-15
-6.04656e-15
 5.08622e-15
 1.08553e-16
-7.11560e-15
 2.72844e-15
 2.23875e-14
-3.98856e-14
 2.18173e-15
 4.29177e-14
 1.48968e-15
-4.96623e-14
 4.21146e-14
-8.97365e-16
-7.07056e-16
-2.34934e-15
-4.80055e-15
-8.52544e-15
-8.26952e-15
-4.93697e-15
 2.46753e-16
 3.28176e-15
 3.93363e-15
 2.68359e-15
-4.31590e-16
-4.55393e-15
-7.69301e-15
-8.67732e-15
-8.12518e-15
-5.64596e-15
-2.03411e-15
-1.13124e-16
 1.11157e-15
 1.46001e-15
 1.24345e-15
 4.99701e-15
 7.26956e-15
 4.38028e-15
-2.13158e-15
-5.14090e-15
-4.07685e-15
-5.71417e-17
 1.01203e-15
-1.22528e-15
 5.74608e-16
 1.95613e-15
 9.18171e-16
 3.26576e-15
 5.40786e-15
 8.17115e-15
 1.05324e-14
 5.17026e-15
 3.23928e-15
 4.90676e-15
 1.90365e-15
-2.63801e-15
-1.47072e-15
 7.53513e-15
 1.74546e-15
 2.00551e-14
-4.31069e-14
-1.50491e-15
 4.09666e-14
 2.96028e-15
-4.02209e-14
 4.53671e-14
 3.36277e-15
 4.58204e-15
 9.81783e-15
 1.63560e-14
 1.67029e-14
 1.33380e-14
 9.54123e-15
 9.06933e-15
 8.82995e-15
 6.24925e-15
 5.76134e-15
 7.16509e-15
 9.37230e-15
 1.26909e-14
 1.55289e-14
 1.71752e-14
 1.67892e-14
 1.58230e-14
 1.31556e-14
 8.92085e-15
 4.77589e-15
 6.53745e-16
-9.10961e-16
-3.03078e-15
 7.37112e-16
 2.58466e-15
 2.80111e-15
 1.03230e-15
-3.07563e-15
-2.09817e-15
 1.68425e-15
 5.22941e-15
 3.11723e-15
 4.41733e-15
 4.92344e-15
 5.96180e-15
 7.58506e-15
 7.50178e-15
 1.04072e-14
 6.35588e-15
-2.03220e-15
-2.82573e-15
 4.71740e-15
-1.11274e-15
-4.74320e-15
-9.00785e-16
 2.19285e-14
-3.78515e-14
 2.48256e-15
 3.83595e-14
 3.01363e-15
-4.10454e-14
 4.90212e-14
 0.00000e+00
 0.00000e+00
 0.00000e+00
 0.00000e+00
 0.00000e+00
 0.00000e+00
 0.00000e+00
 0.00000e+00
 0.00000e+00
 0.00000e+00
 0.00000e+00
 0.00000e+00
 0.00000e+00
 0.00000e+00
 0.00000e+00
 0.00000e+00
 0.00000e+00
 0.00000e+00
 0.00000e+00
 0.00000e+00
 0.00000e+00
 0.00000e+00
 0.00000e+00
 0.00000e+00
 0.00000e+00
 0.00000e+00
 0.00000e+00
 0.00000e+00
 0.00000e+00
 0.00000e+00
 0.00000e+00
 0.00000e+00
 0.00000e+00
 0.00000e+00
 0.00000e+00
 0.00000e+00
 0.00000e+00
 0.00000e+00
 0.00000e+00
 0.00000e+00
 0.00000e+00
 0.00000e+00
 0.00000e+00
 0.00000e+00
 0.00000e+00
 0.00000e+00
 0.00000e+00
 0.00000e+00
 0.00000e+00
 0.00000e+00
 0.00000e+00
 0.00000e+00
 0.00000e+00
-7.13932e-15
-4.31536e-15
-2.72782e-16
 5.16144e-18
-1.41039e-15
-5.40572e-15
-7.22543e-15
-7.47672e-15
-6.56546e-15
-6.12035e-15
-6.26704e-15
-6.72243e-15
-6.21356e-15
-4.65461e-15
-3.96926e-15
-4.67974e-15
-6.72806e-15
-1.16165e-14
-1.19443e-14
-8.01803e-15
-1.96991e-15
-1.97805e-15
-2.14546e-15
-1.95273e-15
-1.36181e-15
 4.61768e-16
 3.47461e-15
 1.51542e-15
-4.40733e-15
-4.07399e-15
-8.97081e-16
-4.20186e-16
-4.06482e-15
-3.43444e-15
-3.93781e-15
-5.56021e-15
-9.21449e-15
-6.86052e-15
 3.07660e-15
-2.28692e-15
 5.55995e-16
 3.41397e-16
 1.00475e-15
-6.29497e-16
-5.03668e-15
-7.91429e-15
 1.41814e-14
-4.59289e-14
-4.35952e-15
 3.63609e-14
-2.67183e-15
-4.61857e-14
 5.10571e-14
 1.07677e-15
-1.35159e-15
-7.72988e-15
-9.05945e-15
-6.29558e-15
 5.99205e-17
 3.42518e-15
 3.89204e-15
 3.91664e-15
 3.50828e-15
 2.17212e-15
-9.39343e-17
-6.56606e-16
 1.53586e-16
 9.53368e-16
 1.14807e-15
 1.02733e-15
 7.91951e-16
-3.49459e-16
-3.52877e-15
-4.06198e-15
-1.80246e-15
 5.39892e-15
 7.34335e-15
 7.69163e-15
 6.80403e-15
 4.15931e-15
 1.60419e-15
 2.83838e-15
 2.57270e-15
 1.26685e-15
 3.78904e-15
 3.76401e-15
 4.73743e-15
 4.22761e-15
 5.33432e-15
 9.25878e-15
 6.50805e-15
 2.56238e-15
 5.87327e-15
 4.27877e-15
 1.38704e-15
 3.89842e-15
-7.09595e-16
 4.73514e-15
 1.40114e-14
 2.87886e-14
-3.72944e-14
 7.97965e-15
 4.08859e-14
 8.03043e-15
-4.01043e-14
 3.12993e-14
 5.80517e-17
-7.25733e-16
-2.28437e-15
-4.45374e-15
-5.42613e-15
-5.37183e-15
-3.92509e-15
-1.93656e-15
 6.26064e-16
 2.50037e-15
 4.28456e-15
 5.61517e-15
 5.00029e-15
 8.28581e-16
-5.15767e-15
-1.05739e-14
-1.20840e-14
-1.17096e-14
-9.43450e-15
-3.32439e-15
 4.82728e-15
 2.65253e-15
-6.84057e-15
-7.21671e-15
-3.18024e-15
 2.26785e-15
 1.63704e-15
-4.61301e-15
-5.62113e-15
-4.36270e-15
-5.88569e-15
-3.86420e-15
-5.93184e-15
-8.12605e-15
-5.36311e-15
-1.47412e-15
-3.25258e-15
-1.15347e-15
-2.81537e-15
-8.68525e-15
-2.20085e-15
-5.60600e-15
-2.93771e-15
-6.51753e-16
-7.49335e-15
-8.38743e-15
 1.70890e-14
-4.80159e-14
-1.00468e-14
 3.97831e-14
-4.35158e-15
-5.29733e-14
 4.79856e-14
 8.11009e-16
 3.81060e-15
 1.03764e-14
 1.28750e-14
 1.15725e-14
 8.48253e-15
 6.84690e-15
 5.86857e-15
 4.66460e-15
 1.98484e-15
 1.72113e-15
 2.98130e-15
 4.95834e-15
 8.39874e-15
 1.28545e-14
 1.45336e-14
 1.37483e-14
 1.27187e-14
 1.02961e-14
 4.33226e-15
-3.81125e-15
-3.55210e-15
 3.22187e-15
 3.44120e-15
 2.12511e-15
-1.61204e-15
-1.44311e-15
 4.15126e-15
 5.09558e-15
 3.06373e-15
 1.90900e-15
 5.60364e-15
 7.45122e-15
 1.28230e-14
 1.22333e-14
 1.32941e-14
 1.61045e-14
 1.25353e-14
 1.40958e-14
 1.34041e-14
 3.05938e-15
 6.13370e-16
 6.67548e-15
 7.43435e-16
 1.45587e-15
 2.81146e-15
 2.19642e-14
-3.21415e-14
 1.04597e-14
 4.27867e-14
 1.20418e-14
-3.31067e-14
 5.05987e-14
 0.00000e+00
 0.00000e+00
 0.00000e+00
 0.00000e+00
 0.00000e+00
 0.00000e+00
 0.00000e+00
 0.00000e+00
 0.00000e+00
 0.00000e+00
 0.00000e+00
 0.00000e+00
 0.00000e+00
 0.00000e+00
 0.00000e+00
 0.00000e+00
 0.00000e+00
 0.00000e+00
 0.00000e+00
 0.00000e+00
 0.00000e+00
 0.00000e+00
 0.00000e+00
 0.00000e+00
 0.00000e+00
 0.00000e+00
 0.00000e+00
 0.00000e+00
 0.00000e+00
 0.00000e+00
 0.00000e+00
 0.00000e+00
 0.00000e+00
 0.00000e+00
 0.00000e+00
 0.00000e+00
 0.00000e+00
 0.00000e+00
 0.00000e+00
 0.00000e+00
 0.00000e+00
 0.00000e+00
 0.00000e+00
 0.00000e+00
 0.00000e+00
 0.00000e+00
 0.00000e+00
 0.00000e+00
 0.00000e+00
 0.00000e+00
 0.00000e+00
 0.00000e+00
 0.00000e+00
-1.00175e-15
-5.66139e-16
-1.09330e-16
 4.49076e-16
 9.22566e-16
 2.88098e-16
-1.01319e-15
-2.08216e-15
-2.17999e-15
-3.30268e-15
-4.21383e-15
-4.04543e-15
-3.38470e-15
-2.85214e-15
-2.16303e-15
-1.25269e-15
-8.75326e-17
 2.28542e-16
 1.38710e-15
 7.10196e-15
 1.09328e-14
 8.68372e-15
 6.32810e-15
 4.62356e-15
 2.02454e-15
 3.26010e-15
 6.53548e-15
 3.93120e-15
 4.20992e-16
 1.13595e-15
 2.94052e-15
 2.60450e-15
-2.52122e-15
-1.68441e-15
 1.92392e-15
 1.14196e-15
-2.44276e-15
-1.87486e-15
 3.31432e-15
 5.80725e-15
 5.19564e-15
-2.92784e-15
 5.35980e-15
 7.01487e-15
 2.84598e-15
 4.30043e-15
 2.50731e-14
-3.42778e-14
 8.74607e-15
 3.74597e-14
 4.07500e-15
-3.85004e-14
 5.18412e-14
 2.41906e-15
 7.61542e-16
-3.40343e-15
-7.30918e-15
-7.15438e-15
-5.01247e-15
-6.23082e-17
 5.13318e-15
 6.95233e-15
 7.00004e-15
 5.85882e-15
 3.19363e-15
 1.22035e-15
 3.21418e-16
 7.89278e-16
 2.00728e-15
 3.37723e-15
 3.64849e-15
 3.07144e-15
-1.25976e-15
-3.98940e-15
-2.98502e-15
-6.06139e-16
 2.95660e-15
 7.15157e-15
 6.34889e-15
 2.51473e-15
-2.85065e-15
-3.63811e-15
-5.30962e-15
-6.16530e-15
-3.40709e-15
-3.03543e-15
-3.24263e-15
-2.99713e-15
 5.73553e-16
 1.37381e-15
-8.60428e-16
 1.13611e-15
-3.20565e-15
-8.69729e-15
-6.72229e-16
-4.90581e-15
-6.41586e-15
-1.51852e-15
-4.33359e-15
 1.69521e-14
-4.81538e-14
-2.18264e-15
 3.62910e-14
 7.69313e-16
-4.79098e-14
 3.26614e-14
-1.36987e-15
-1.85822e-15
-1.48611e-15
-1.09454e-16
 1.33897e-15
 1.63749e-15
 1.48701e-15
 7.03276e-16
 2.31204e-16
-5.38364e-16
-3.41320e-16
 6.46806e-16
 2.66606e-15
 3.46672e-15
 4.11846e-15
 5.26357e-15
 5.76320e-15
 5.32899e-15
 4.35676e-15
 4.42887e-15
 6.11025e-15
 3.07439e-15
-1.54897e-15
 2.76690e-15
 4.20831e-15
 4.92233e-15
 4.87052e-15
 2.72782e-15
 5.20754e-15
 6.60085e-15
 3.31291e-15
 3.75573e-15
 2.77758e-15
 1.81764e-15
 1.99288e-15
 3.88932e-15
 4.93207e-15
 5.01300e-15
 1.49668e-15
 1.28802e-15
 9.04735e-15
 1.40733e-15
 3.72802e-15
 3.54251e-15
 4.99811e-15
 9.73423e-15
 2.38753e-14
-2.95039e-14
 1.06157e-14
 4.03721e-14
 6.20401e-15
-4.09013e-14
 5.17703e-14
-3.20928e-15
-2.56833e-15
-1.35327e-15
-9.54900e-16
-8.30853e-16
-1.41188e-15
-2.35758e-15
-3.47954e-15
-3.24768e-15
-2.34626e-15
-1.06726e-15
 4.28033e-16
 4.31250e-16
-4.54527e-16
-3.02930e-15
-7.56838e-15
-1.38064e-14
-1.44484e-14
-1.28266e-14
-9.54394e-15
-7.19258e-15
-4.03896e-15
 6.75514e-16
-3.19462e-15
-2.80287e-15
-2.44082e-15
-3.68544e-15
-4.11148e-15
-3.91526e-15
-7.19425e-15
-7.42093e-15
-5.05597e-16
 5.81883e-16
 3.31176e-15
 3.56539e-15
 2.57732e-15
 3.34900e-15
 2.31487e-15
 2.77701e-15
 1.88800e-16
-6.00206e-15
-2.15636e-15
-5.89448e-17
-1.21267e-15
-3.29861e-15
-7.52639e-15
 2.08946e-14
-4.58972e-14
-6.81209e-15
 3.52804e-14
 3.07668e-15
-4.46835e-14
 3.89200e-14
 0.00000e+00
 0.00000e+00
 0.00000e+00
 0.00000e+00
 0.00000e+00
 0.00000e+00
 0.00000e+00
 0.00000e+00
 0.00000e+00
 0.00000e+00
 0.00000e+00
 0.00000e+00
 0.00000e+00
 0.00000e+00
 0.00000e+00
 0.00000e+00
 0.00000e+00
 0.00000e+00
 0.00000e+00
 0.00000e+00
 0.00000e+00
 0.00000e+00
 0.00000e+00
 0.00000e+00
 0.00000e+00
 0.00000e+00
 0.00000e+00
 0.00000e+00
 0.00000e+00
 0.00000e+00
 0.00000e+00
 0.00000e+00
 0.00000e+00
 0.00000e+00
 0.00000e+00
 0.00000e+00
 0.00000e+00
 0.00000e+00
 0.00000e+00
 0.00000e+00
 0.00000e+00
 0.00000e+00
 0.00000e+00
 0.00000e+00
 0.00000e+00
 0.00000e+00
 0.00000e+00
 0.00000e+00
 0.00000e+00
 0.00000e+00
 0.00000e+00
 0.00000e+00
 0.00000e+00
-8.23163e-16
-2.42801e-15
-1.79346e-15
 1.18963e-15
 3.58650e-15
 3.27877e-15
 2.40174e-15
 2.39199e-15
 3.06481e-15
 2.65323e-15
 3.56150e-15
 4.35772e-15
 3.74096e-15
 3.30847e-15
 4.50559e-15
 7.60090e-15
 1.20267e-14
 1.74660e-14
 1.69400e-14
 1.37384e-14
 7.48413e-15
 1.77885e-16
 6.46796e-16
 5.29422e-15
 6.34502e-15
 6.28892e-15
 5.86090e-15
 1.27988e-15
-1.40303e-15
-6.73585e-16
-5.03494e-16
-1.98922e-15
-7.10795e-15
-5.12126e-15
-4.39690e-15
-4.66033e-15
-4.47527e-15
-6.38617e-15
 1.78118e-15
 1.07473e-14
 1.62422e-15
-5.24635e-15
 1.47369e-16
-8.84114e-16
 3.05851e-15
-6.61968e-15
 1.98010e-14
-3.15704e-14
 4.35600e-15
 2.31476e-14
 3.63748e-16
-4.10296e-14
 3.60499e-14
 5.60127e-15
 4.52637e-15
 4.50168e-15
 1.82710e-15
-1.23932e-15
-6.51701e-16
 3.95766e-15
 9.32043e-15
 9.76782e-15
 7.94486e-15
 4.37387e-15
-8.03486e-17
-3.76429e-15
-5.27964e-15
-5.24061e-15
-4.29659e-15
-1.59498e-15
 3.35011e-15
 7.62832e-15
 1.05629e-14
 1.46460e-14
 1.43754e-14
 9.36453e-15
 2.53824e-15
 3.61118e-15
 6.48230e-15
 5.65256e-15
 3.60165e-15
 4.12006e-15
 2.40878e-15
-1.10040e-15
-2.37960e-16
-4.42364e-17
 1.21796e-15
 4.41937e-15
 8.12942e-15
 1.26686e-15
-2.27796e-15
-2.82776e-15
-1.16267e-14
-4.94757e-15
-6.42326e-16
 1.57352e-15
 1.29129e-15
-2.06251e-15
 1.16376e-14
 2.90279e-14
-4.52251e-14
 1.07390e-14
 5.14530e-14
 1.20589e-14
-3.34476e-14
 6.24227e-14
-5.65824e-15
-5.42398e-15
-6.35651e-15
-6.92908e-15
-7.90964e-15
-1.02668e-14
-1.16980e-14
-1.18790e-14
-1.15676e-14
-1.04576e-14
-8.13935e-15
-4.27625e-15
 1.62277e-16
 2.41220e-15
 4.38163e-15
 4.04207e-15
 7.57017e-16
-4.79968e-15
-1.19040e-14
-1.68895e-14
-1.48188e-14
-9.35775e-15
-2.09163e-16
 1.17990e-14
 8.26651e-15
 4.80407e-16
-8.80172e-16
 1.40178e-16
 3.79804e-15
 3.05785e-15
-7.60779e-16
 9.44636e-16
 4.15698e-16
-2.12586e-15
-4.77543e-15
-3.26536e-15
 4.72506e-15
 7.78240e-15
 4.54438e-15
 5.38541e-15
 5.17166e-15
 2.55551e-15
-5.88013e-15
-4.53789e-15
 7.57628e-15
-2.53232e-15
 1.67058e-14
-2.89695e-14
 8.16733e-15
 3.01142e-14
-5.22046e-15
-5.24767e-14
 3.09237e-14
-1.79015e-15
-3.42666e-15
-4.18305e-15
-2.91566e-15
-7.58407e-16
-5.64799e-16
-5.71653e-16
 1.36000e-16
 2.26772e-15
 6.87208e-15
 8.03899e-15
 6.93282e-15
 3.63942e-15
-5.49819e-16
-4.30276e-15
-9.41822e-15
-1.02021e-14
-8.30852e-15
-3.59173e-15
 5.36468e-15
 6.98835e-15
 4.46023e-15
-8.81737e-17
-6.64223e-15
-1.69574e-15
 3.54578e-15
 1.42540e-16
-6.55683e-15
-6.47822e-15
-8.30288e-15
-7.11236e-15
-3.45726e-16
 2.47198e-16
 1.97378e-15
 2.39944e-15
-5.26465e-16
 4.13906e-16
 1.97647e-15
-7.00542e-16
-2.73246e-15
-4.10377e-15
-1.85823e-15
 5.12460e-15
 4.19770e-15
 2.02392e-15
 2.27676e-15
 2.28928e-14
-4.23069e-14
-3.64978e-15
 3.37615e-14
 7.49098e-15
-3.91611e-14
 4.24288e-14
 0.00000e+00
 0.00000e+00
 0.00000e+00
 0.00000e+00
 0.00000e+00
 0.00000e+00
 0.00000e+00
 0.00000e+00
 0.00000e+00
 0.00000e+00
 0.00000e+00
 0.00000e+00
 0.00000e+00
 0.00000e+00
 0.00000e+00
 0.00000e+00
 0.00000e+00
 0.00000e+00
 0.00000e+00
 0.00000e+00
 0.00000e+00
 0.00000e+00
 0.00000e+00
 0.00000e+00
 0.00000e+00
 0.00000e+00
 0.00000e+00
 0.00000e+00
 0.00000e+00
 0.00000e+00
 0.00000e+00
 0.00000e+00
 0.00000e+00
 0.00000e+00
 0.00000e+00
 0.00000e+00
 0.00000e+00
 0.00000e+00
 0.00000e+00
 0.00000e+00
 0.00000e+00
 0.00000e+00
 0.00000e+00
 0.00000e+00
 0.00000e+00
 0.00000e+00
 0.00000e+00
 0.00000e+00
 0.00000e+00
 0.00000e+00
 0.00000e+00
 0.00000e+00
 0.00000e+00
 0.00000e+00
 0.00000e+00
 0.00000e+00
 0.00000e+00
 0.00000e+00
 0.00000e+00
 0.00000e+00
 0.00000e+00
 0.00000e+00
 0.00000e+00
 0.00000e+00
 0.00000e+00
 0.00000e+00
 0.00000e+00
 0.00000e+00
 0.00000e+00
 0.00000e+00
 0.00000e+00
 0.00000e+00
 0.00000e+00
 0.00000e+00
 0.00000e+00
 0.00000e+00
 0.00000e+00
 0.00000e+00
 0.00000e+00
 0.00000e+00
 0.00000e+00
 0.00000e+00
 0.00000e+00
 0.00000e+00
 0.00000e+00
 0.00000e+00
 0.00000e+00
 0.00000e+00
 0.00000e+00
 0.00000e+00
 0.00000e+00
 0.00000e+00
 0.00000e+00
 0.00000e+00
 0.00000e+00
 0.00000e+00
 0.00000e+00
 0.00000e+00
 0.00000e+00
 0.00000e+00
 0.00000e+00
 0.00000e+00
 0.00000e+00
 0.00000e+00
 0.00000e+00
 0.00000e+00
 0.00000e+00
 0.00000e+00
 0.00000e+00
 0.00000e+00
 0.00000e+00
 0.00000e+00
 0.00000e+00
 0.00000e+00
 0.00000e+00
 0.00000e+00
 0.00000e+00
 0.00000e+00
 0.00000e+00
 0.00000e+00
 0.00000e+00
 0.00000e+00
 0.00000e+00
 0.00000e+00
 0.00000e+00
 0.00000e+00
 0.00000e+00
 0.00000e+00
 0.00000e+00
 0.00000e+00
 0.00000e+00
 0.00000e+00
 0.00000e+00
 0.00000e+00
 0.00000e+00
 0.00000e+00
 0.00000e+00
 0.00000e+00
 0.00000e+00
 0.00000e+00
 0.00000e+00
 0.00000e+00
 0.00000e+00
 0.00000e+00
 0.00000e+00
 0.00000e+00
 0.00000e+00
 0.00000e+00
 0.00000e+00
 0.00000e+00
 0.00000e+00
 0.00000e+00
 0.00000e+00
 0.00000e+00
 0.00000e+00
 0.00000e+00
 0.00000e+00
 0.00000e+00
 0.00000e+00
 0.00000e+00
 0.00000e+00
 0.00000e+00
 0.00000e+00
 0.00000e+00
 0.00000e+00
 0.00000e+00
 0.00000e+00
 0.00000e+00
 0.00000e+00
 0.00000e+00
 0.00000e+00
 0.00000e+00
 0.00000e+00
 0.00000e+00
 0.00000e+00
 0.00000e+00
 0.00000e+00
 0.00000e+00
 0.00000e+00
 0.00000e+00
 0.00000e+00
 0.00000e+00
 0.00000e+00
 0.00000e+00
 0.00000e+00
 0.00000e+00
 0.00000e+00
 0.00000e+00
 0.00000e+00
 0.00000e+00
 0.00000e+00
 0.00000e+00
 0.00000e+00
 0.00000e+00
 0.00000e+00
 0.00000e+00
 0.00000e+00
 0.00000e+00
 0.00000e+00
 0.00000e+00
 0.00000e+00
 0.00000e+00
 0.00000e+00
 0.00000e+00
 0.00000e+00
 0.00000e+00
 0.00000e+00
 0.00000e+00
 0.00000e+00
 0.00000e+00
 0.00000e+00
 0.00000e+00
 0.00000e+00
 0.00000e+00
 0.00000e+00
 0.00000e+00
 0.00000e+00
 0.00000e+00
 0.00000e+00
 0.00000e+00
 0.00000e+00
 0.00000e+00
 0.00000e+00
 0.00000e+00
 0.00000e+00
 0.00000e+00
 0.00000e+00
 0.00000e+00
 0.00000e+00
 0.00000e+00
 0.00000e+00
 0.00000e+00
 0.00000e+00
 0.00000e+00
 0.00000e+00
 0.00000e+00
 0.00000e+00
 0.00000e+00
 0.00000e+00
 0.00000e+00
 0.00000e+00
 0.00000e+00
 0.00000e+00
 0.00000e+00
 0.00000e+00
 0.00000e+00
 0.00000e+00
 0.00000e+00
 0.00000e+00
 0.00000e+00
 0.00000e+00
 0.00000e+00
 0.00000e+00
 0.00000e+00
 0.00000e+00
 0.00000e+00
 0.00000e+00
 0.00000e+00
 0.00000e+00
 0.00000e+00
 0.00000e+00
 0.00000e+00
 0.00000e+00
 0.00000e+00
 0.00000e+00
 1.63256e-15
 2.62087e-15
 2.40052e-15
 1.38920e-15
-1.26941e-15
-6.28477e-15
-7.49884e-15
-5.18676e-15
-2.82515e-16
-9.50576e-16
-4.25498e-15
-4.68201e-15
-4.84539e-15
-6.31372e-15
-6.71374e-15
-6.57862e-15
-4.93706e-15
-6.01368e-15
-6.27219e-15
-3.95893e-15
 2.41785e-15
 6.28363e-15
 6.36328e-15
 7.49500e-15
 4.65946e-15
 1.78150e-15
 2.02703e-15
 1.87048e-16
-3.54056e-15
-5.76745e-15
-3.03652e-15
-3.00925e-16
-1.30716e-15
-6.83642e-15
-6.98515e-15
-6.52743e-15
-5.42130e-15
-4.08680e-15
-6.55222e-15
-6.59046e-15
-2.77739e-15
-1.22977e-15
-9.26875e-15
-7.58813e-15
-7.23274e-15
 1.44343e-14
-3.93817e-14
 3.80592e-14
-5.41969e-15
-4.40349e-14
-1.05683e-14
 3.53666e-14
-4.61078e-14
 3.08719e-15
 4.89484e-15
 5.54364e-15
 6.16787e-15
 6.08519e-15
 4.11811e-15
 2.89964e-15
 4.48647e-15
 6.01998e-15
 4.71428e-15
 1.88937e-15
 2.57020e-15
 3.62218e-15
 2.67696e-15
 2.65618e-15
 3.40329e-15
 7.27320e-15
 9.36274e-15
 1.08591e-14
 1.27706e-14
 1.50318e-14
 1.43373e-14
 1.25920e-14
 9.26593e-15
 1.97955e-15
-1.89814e-15
-4.80981e-16
 4.44242e-16
-2.50760e-16
-1.48859e-16
 3.04549e-15
 5.03461e-15
 5.56276e-15
 3.45136e-15
 1.91440e-15
-1.88061e-16
-1.85582e-15
-3.07168e-15
-7.50704e-15
-3.95506e-15
 2.16203e-15
-8.15603e-16
-4.89527e-15
-8.87662e-16
-6.54406e-16
 2.70480e-14
-2.97593e-14
 4.18574e-14
 5.53615e-15
-3.25813e-14
 2.13891e-15
 4.88983e-14
-4.44590e-14
-5.08966e-17
 1.20055e-15
 1.82355e-15
 2.71979e-15
 2.58661e-15
 1.82251e-16
-1.82066e-15
-1.17802e-15
 1.20979e-16
 1.38757e-15
 2.57381e-15
 6.32461e-15
 8.72359e-15
 7.26379e-15
 3.13853e-15
-3.46995e-15
-7.25880e-15
-8.04421e-15
-7.20364e-15
-3.40035e-15
 3.94352e-15
 5.44073e-15
 3.40738e-15
-7.46725e-17
-3.29112e-15
-2.24537e-15
 2.00878e-17
-1.30070e-15
-4.27774e-15
-5.42851e-15
-2.67739e-15
-1.41542e-16
-2.53512e-16
-2.51020e-15
-4.92335e-15
-5.36915e-15
-7.32188e-15
-7.37721e-15
-1.13721e-14
-9.97978e-15
-6.27438e-15
-1.09669e-14
-7.12325e-15
-5.19835e-16
-8.62337e-15
 1.47742e-14
-3.61969e-14
 3.70051e-14
 1.31723e-15
-3.18997e-14
-3.95976e-15
 3.86955e-14
-4.88252e-14
-3.88827e-15
-3.54401e-15
-4.66742e-15
-5.70016e-15
-7.51766e-15
-8.00258e-15
-6.67319e-15
-4.11485e-15
-3.37150e-15
-3.15572e-15
-3.46753e-15
-2.77278e-15
-2.55095e-15
-3.55065e-15
-6.68990e-15
-1.20859e-14
-1.60164e-14
-1.78630e-14
-1.70461e-14
-1.33691e-14
-7.46788e-15
-8.06937e-17
 1.44725e-15
 2.42320e-15
 8.86605e-16
 1.40652e-15
 1.10721e-15
-5.64817e-16
-2.04773e-15
-3.82280e-15
-3.67326e-15
-3.18987e-15
-1.43446e-15
-1.96399e-15
-4.54788e-15
-2.47110e-15
-4.41672e-15
-3.95545e-15
-5.57368e-15
-5.32790e-15
-4.75186e-15
-8.00601e-15
-7.61587e-15
-1.68440e-15
-5.81267e-15
 1.32315e-14
-4.09108e-14
 4.38019e-14
 4.03441e-15
-3.76707e-14
 5.63822e-16
 4.35055e-14
-4.33225e-14
-2.14856e-15
-1.36667e-15
-8.15609e-16
 1.79932e-16
 6.38676e-16
 1.31339e-15
 3.50598e-15
 4.46128e-15
 3.74484e-15
 1.84938e-15
-1.53753e-15
-4.16758e-15
-4.24237e-15
-3.09032e-15
-2.18659e-15
-1.33882e-15
 1.67133e-15
 2.56676e-15
 2.38748e-15
 1.93143e-15
 2.61799e-16
 7.41952e-16
 2.17756e-15
 2.04727e-15
 5.00891e-16
 1.10309e-15
-4.30466e-16
-2.11830e-15
-2.82402e-15
-2.75047e-15
-3.64302e-15
-4.58717e-15
 2.13374e-15
 3.93299e-15
 1.35199e-15
 1.53356e-15
-1.70260e-15
 2.58204e-16
-3.93543e-15
-4.29501e-15
-5.02289e-15
-5.08905e-15
-8.43511e-15
 3.99927e-16
-1.18712e-15
 2.28144e-14
-3.36796e-14
 4.44370e-14
 4.52614e-15
-3.66200e-14
 2.59401e-15
 5.10971e-14
-4.10642e-14
 5.70092e-15
 3.79838e-15
 5.84359e-16
 1.80484e-15
 6.29120e-15
 1.19827e-14
 1.22386e-14
 1.06289e-14
 5.59690e-15
 2.48798e-15
-9.00272e-17
-2.36412e-15
-3.37707e-15
-3.86184e-15
-1.61382e-15
 3.77403e-15
 1.32874e-14
 2.42462e-14
 2.58650e-14
 2.37610e-14
 1.74573e-14
 9.72466e-15
 1.00430e-14
 9.57122e-15
 3.04606e-15
-2.63236e-15
-1.88314e-15
 3.35202e-15
 9.43549e-15
 1.14623e-14
 1.13544e-14
 5.82769e-15
 5.08135e-15
 6.08335e-15
 9.57985e-15
 1.72286e-14
 1.44097e-14
 1.40139e-14
 4.45902e-15
 7.09872e-15
 5.92844e-15
-6.97826e-16
 4.32821e-15
 1.53773e-14
 8.41806e-15
 2.82132e-14
-3.23643e-14
 4.39732e-14
 1.90576e-14
-3.04577e-14
 6.68073e-15
 5.43852e-14
-3.61817e-14
-1.52690e-15
-1.97101e-15
-3.66529e-15
-3.43308e-15
-1.36002e-15
 4.19600e-16
 5.11415e-16
 3.87983e-16
-1.23350e-15
-1.79796e-15
-2.95312e-15
-5.62143e-15
-7.29832e-15
-7.07565e-15
-4.49135e-15
-2.50277e-16
 6.04396e-15
 7.57580e-15
 6.57789e-15
 3.80500e-15
-1.74046e-15
-5.34698e-15
-3.70597e-15
 3.55172e-15
 3.01839e-15
-7.37279e-16
-1.33850e-15
 3.13899e-16
 4.16248e-16
-9.78763e-17
 1.17275e-15
-1.38877e-15
-1.37281e-15
-4.01091e-15
-4.33209e-15
 4.47834e-15
 3.24793e-15
 4.94584e-15
 6.67573e-15
 2.31070e-15
-6.16445e-15
 7.58097e-17
-3.16594e-15
 2.25476e-15
-2.96862e-15
 4.60978e-15
-5.10722e-14
 3.50388e-14
-3.96101e-15
-4.33239e-14
-7.20676e-15
 3.90830e-14
-4.44285e-14
-4.66529e-15
-4.53209e-15
-5.25267e-15
-4.47090e-15
-1.44921e-15
 8.54894e-16
 2.16163e-15
 2.47681e-15
 9.30894e-16
-1.74052e-15
-6.56625e-15
-1.29021e-14
-1.45966e-14
-1.21964e-14
-5.70116e-15
 3.91591e-15
 1.16476e-14
 1.28423e-14
 1.23854e-14
 8.74302e-15
 1.70647e-16
-4.75227e-16
 3.41460e-15
 1.30137e-14
 1.08477e-14
 2.93612e-15
 1.84303e-15
 4.08117e-15
 4.66191e-15
 5.84200e-15
 8.87990e-15
 5.80265e-15
 7.63690e-15
 6.85526e-15
 3.04304e-15
 9.35245e-15
 9.47994e-15
 8.35965e-15
 7.78856e-15
 9.42969e-15
 5.75610e-15
 1.08283e-14
 5.93330e-15
 1.81081e-15
 4.72207e-15
 2.51002e-14
-3.94038e-14
 4.37559e-14
 1.51334e-15
-4.10272e-14
 3.91774e-15
 5.42881e-14
-3.57693e-14
-8.89562e-16
-3.85827e-15
-8.60673e-15
-8.43057e-15
-5.70680e-15
-2.74666e-15
-1.96276e-15
-2.16402e-15
-3.79538e-15
-5.16524e-15
-8.03428e-15
-9.86530e-15
-1.01156e-14
-9.96040e-15
-9.58944e-15
-7.08813e-15
-3.45744e-15
-2.83658e-15
-1.73580e-15
 3.65076e-16
 2.44671e-15
 6.54154e-15
 1.02437e-14
 1.24982e-14
 6.55217e-15
 3.83252e-15
 2.30528e-15
 1.24408e-15
-2.44887e-16
 1.81189e-15
 8.29991e-15
 5.91937e-15
 3.78278e-15
 3.74821e-15
 4.11605e-15
 6.79936e-15
 6.92562e-15
 5.61037e-15
-2.09284e-15
 3.94662e-15
 7.67028e-15
 7.25461e-15
 4.87898e-15
 3.31337e-15
-4.15804e-16
 2.93752e-14
-2.67145e-14
 4.03847e-14
-1.23854e-15
-3.72693e-14
 7.92583e-16
 4.82711e-14
-4.10680e-14
-2.77258e-15
-4.48158e-15
-8.76637e-15
-1.05481e-14
-1.24919e-14
-1.32754e-14
-1.21183e-14
-1.03563e-14
-7.96120e-15
-4.85138e-15
-2.23654e-15
 8.84783e-16
 8.63055e-16
-7.51119e-16
-4.26772e-15
-5.83827e-15
-7.82399e-15
-1.09623e-14
-1.21146e-14
-1.11247e-14
-8.23228e-15
-3.83292e-15
-1.37624e-15
 2.58116e-15
 6.08554e-16
-1.15735e-15
-2.18400e-15
-2.51599e-15
-6.63019e-15
-8.79462e-15
-5.09149e-15
-4.87266e-15
-6.91424e-15
-5.78368e-15
-3.96546e-15
-7.65478e-16
 3.83976e-15
 2.33883e-15
-2.02722e-15
 2.03168e-15
-2.13476e-15
-7.98814e-16
-3.17739e-15
-2.57958e-15
-9.40738e-15
 1.06073e-14
-4.19245e-14
 2.96108e-14
-6.16194e-16
-3.87481e-14
-8.28799e-15
 3.55693e-14
-4.82669e-14
-1.04894e-14
-7.03031e-15
 6.57891e-16
 7.50664e-15
 5.93281e-15
-4.31924e-16
-3.99275e-15
-3.01882e-15
 1.99398e-16
 6.40418e-15
 1.07188e-14
 1.37456e-14
 1.35569e-14
 1.13714e-14
 7.34497e-15
 4.06680e-15
 1.80597e-16
-1.19625e-15
-2.34548e-15
-6.89844e-15
-1.25111e-14
-8.94913e-15
-6.27874e-15
-5.77532e-15
-4.80302e-15
-4.43736e-15
-5.00456e-15
-1.41248e-15
 5.40744e-16
-2.75965e-16
-2.56670e-15
-4.96177e-15
-3.58526e-16
-6.08551e-16
-4.97027e-15
-6.95803e-15
-1.65414e-16
 6.22305e-16
 2.55157e-15
 2.11516e-15
 3.63659e-15
 4.69732e-15
-8.58823e-15
-5.64818e-15
 1.59399e-16
 5.64322e-15
-4.74503e-14
 3.87852e-14
-1.05161e-14
-5.28675e-14
-6.73948e-15
 4.27349e-14
-5.10176e-14
-4.17791e-15
-1.79882e-15
 3.81070e-15
 6.94378e-15
 5.92858e-15
 2.02172e-15
-1.36884e-15
-1.86493e-15
-9.61946e-16
 2.54176e-15
 4.91834e-15
 8.14979e-15
 9.13826e-15
 7.61038e-15
 3.12965e-15
-1.86824e-15
-6.20323e-15
-6.54885e-15
-4.68855e-15
-2.81381e-16
 3.60596e-15
 9.99071e-15
 7.77236e-15
 7.61674e-16
-6.00475e-15
-4.97445e-15
-2.18731e-15
 3.46016e-15
 6.78412e-15
 6.86819e-15
 4.95411e-15
 2.03361e-15
 4.92966e-15
 5.56970e-15
 6.56943e-15
 5.11934e-15
 8.49495e-15
 9.59984e-15
 2.51275e-15
 5.65738e-15
 1.27199e-14
 2.20602e-15
 1.24650e-15
 9.74766e-15
 7.16948e-15
 2.66254e-14
-2.98948e-14
 4.69057e-14
 8.51391e-15
-3.71776e-14
 2.07974e-15
 5.35265e-14
-3.49024e-14
-5.17524e-17
 1.05054e-15
 1.07579e-15
 9.76410e-16
-1.62052e-15
-5.19954e-15
-5.49225e-15
-4.43654e-15
-1.17669e-15
 2.01702e-15
 4.53056e-15
 9.15123e-15
 1.10422e-14
 9.81499e-15
 5.36195e-15
-3.22068e-16
-6.20918e-15
-8.54921e-15
-7.47028e-15
-2.30772e-15
 4.34867e-15
 9.60903e-15
 7.19175e-15
 2.24144e-15
-4.81963e-15
-5.43577e-15
-4.22294e-15
-2.16672e-15
-2.24091e-15
-1.75270e-15
-1.29750e-15
-1.54030e-15
 2.15265e-17
-1.83256e-15
 2.72338e-15
 5.03127e-15
 9.75438e-15
 1.34633e-14
 6.31978e-15
 8.42066e-15
 5.83102e-15
-2.13245e-15
-5.09498e-15
 1.02847e-14
 8.28663e-15
 1.51723e-14
-3.63279e-14
 3.96543e-14
 5.51013e-15
-3.96432e-14
-8.89995e-15
 4.22444e-14
-4.34946e-14
 1.51946e-15
 2.52393e-15
 3.85606e-15
 6.25412e-15
 6.99261e-15
 6.27519e-15
 6.11275e-15
 8.22868e-15
 1.22169e-14
 1.24376e-14
 1.29671e-14
 1.57279e-14
 1.88488e-14
 1.99100e-14
 2.07568e-14
 2.24388e-14
 2.44550e-14
 2.43292e-14
 2.25185e-14
 1.88527e-14
 1.21472e-14
 2.93361e-15
-2.52029e-15
 6.95490e-16
 2.59166e-15
 1.74015e-15
 1.63793e-16
-1.89586e-15
-4.50834e-15
-2.00708e-15
 7.63278e-16
-3.23787e-16
 1.85303e-15
 2.48698e-17
 4.39608e-16
 4.99561e-15
 1.22993e-14
 1.20152e-14
 1.12607e-14
 1.29067e-14
 6.06475e-15
 3.08585e-15
-4.28643e-15
 7.56290e-15
 1.26004e-14
 1.39480e-14
-4.77540e-14
 4.20807e-14
 7.23055e-15
-4.54461e-14
-5.65517e-15
 4.53233e-14
-4.55415e-14
-3.25303e-15
-2.30076e-15
-7.58900e-16
 2.31392e-15
 8.82474e-15
 1.26854e-14
 1.19284e-14
 9.86871e-15
 7.58669e-15
 4.33196e-15
 2.72693e-15
 4.31849e-15
 9.08502e-15
 1.16770e-14
 1.29756e-14
 1.48068e-14
 1.71363e-14
 1.84315e-14
 1.97252e-14
 1.92582e-14
 1.52717e-14
 6.26994e-15
-3.14027e-15
-3.90294e-15
-2.71324e-15
-7.87738e-17
 1.07250e-15
-2.64056e-16
-9.88343e-16
 2.28803e-15
 2.64571e-15
 1.90173e-15
 5.08963e-15
 4.82751e-15
 4.72524e-15
 8.37088e-15
 8.83270e-15
 4.31661e-15
 3.20625e-15
 6.38571e-15
 8.47464e-15
 3.30819e-15
 8.78223e-17
 1.06506e-14
 1.06660e-14
 2.38668e-14
-3.76752e-14
 3.70736e-14
 1.37522e-14
-4.09065e-14
 3.49558e-15
 4.98800e-14
-3.71754e-14
 1.77992e-15
 2.93466e-15
 2.90483e-16
-2.48015e-15
-1.74680e-15
 1.27898e-15
 1.18841e-15
-1.10150e-15
-5.05269e-15
-8.75380e-15
-1.33998e-14
-1.45244e-14
-1.24304e-14
-8.48673e-15
-6.95993e-15
-7.93158e-15
-1.06397e-14
-1.93516e-14
-2.26250e-14
-1.77858e-14
-6.26829e-15
-2.95543e-15
-4.59163e-15
-8.79312e-15
-7.59252e-15
-5.88356e-15
-4.55652e-15
-2.10606e-15
-1.51851e-15
-1.42314e-17
 3.66878e-15
 8.46716e-15
 8.58012e-15
 5.56551e-15
 7.12835e-15
 5.96767e-15
 3.67859e-15
 6.89136e-15
 3.33750e-15
-1.72313e-15
 3.34935e-15
 3.43842e-15
 2.76119e-15
 5.62772e-15
-6.03759e-15
 1.78881e-14
-3.59420e-14
 3.30737e-14
 7.17427e-16
-3.25914e-14
-4.57392e-15
 3.85289e-14
-4.13612e-14
 1.67390e-15
 1.36947e-15
-1.87269e-15
-1.86768e-15
-3.35831e-17
 4.17635e-15
 4.51542e-15
 3.35033e-15
 7.85913e-16
-2.22444e-15
-5.54783e-15
-6.57186e-15
-5.46394e-15
-2.55873e-15
-2.09136e-16
 5.08934e-16
 1.08941e-15
-1.55061e-15
-6.73918e-15
-1.14915e-14
-1.11033e-14
-1.03194e-14
-9.77513e-15
-7.72765e-15
-2.55626e-15
-2.98941e-15
-4.74209e-15
-3.88829e-15
-3.44926e-15
-1.82074e-15
 9.76119e-16
 3.68915e-15
 4.19265e-15
 1.94872e-15
 1.00420e-15
 2.22092e-17
 1.96216e-15
 2.61595e-15
 2.10929e-15
 3.61461e-15
-1.66250e-15
 1.49982e-15
-2.47605e-15
-3.17415e-15
-7.32954e-15
 1.01670e-14
-4.30624e-14
 3.56291e-14
-6.38190e-15
-4.43349e-14
-7.42664e-15
 3.59447e-14
-5.74491e-14
 4.09318e-15
 3.77289e-15
 4.73602e-15
 6.85503e-15
 8.92387e-15
 1.18537e-14
 1.17915e-14
 1.13203e-14
 8.75420e-15
 4.27395e-15
 2.55415e-16
-1.96508e-15
-2.91442e-15
-2.53194e-15
-3.74847e-16
 3.14345e-15
 9.80449e-15
 1.34344e-14
 1.25386e-14
 7.81198e-15
 3.47122e-15
-7.69983e-16
-7.22087e-15
-7.34832e-15
-2.10823e-15
-1.03310e-15
-1.40558e-15
 2.91374e-16
 2.29859e-15
 4.51140e-15
 4.09546e-15
 1.57326e-15
 2.67870e-15
 3.46565e-15
 3.27471e-15
 1.44661e-15
 6.62414e-17
-3.20299e-15
-1.89159e-15
 1.40471e-15
-1.24654e-15
-1.40761e-15
 2.76639e-16
-1.99387e-15
-9.88613e-15
 1.84218e-14
-3.72248e-14
 4.11167e-14
-2.61427e-15
-3.91134e-14
 2.31832e-15
 4.60973e-14
-4.38101e-14
 3.35764e-15
 4.58821e-15
 7.77086e-15
 8.33477e-15
 6.27801e-15
 4.07487e-15
 2.97895e-15
 2.86144e-15
-4.19658e-17
-5.11074e-15
-8.22843e-15
-8.83172e-15
-8.82688e-15
-8.15932e-15
-6.23278e-15
-3.20345e-15
 8.48612e-16
 8.08549e-16
 3.83106e-17
-1.41076e-15
-6.52254e-16
 2.69738e-15
 4.04995e-15
 1.44979e-15
-2.35182e-15
-5.19714e-15
-3.54905e-15
 4.69157e-15
 8.93445e-15
 8.74931e-15
 5.78295e-15
 9.16172e-16
 2.56934e-15
 3.81600e-15
 4.61219e-15
 2.78826e-15
-1.15676e-15
-2.18765e-15
-1.87845e-15
-2.81672e-15
 6.60530e-16
-2.58934e-15
-1.73703e-15
-3.16944e-16
-8.24521e-15
 2.22459e-14
-2.96319e-14
 4.16079e-14
 2.44137e-15
-2.80651e-14
 4.03619e-15
 4.57699e-14
-3.51117e-14
-2.70543e-15
-2.98189e-15
-2.51936e-15
-2.18688e-15
-4.58187e-15
-8.57952e-15
-8.99279e-15
-7.84258e-15
-7.82984e-15
-7.01322e-15
-7.65291e-15
-9.00191e-15
-9.95476e-15
-9.95114e-15
-8.56051e-15
-5.32803e-15
-3.76920e-15
-4.93897e-15
-6.96235e-15
-9.56547e-15
-8.95390e-15
-2.90535e-15
 4.26487e-15
 4.59558e-15
 7.77174e-16
-5.90673e-15
-6.32861e-15
-1.92170e-16
 2.81824e-15
 1.81904e-15
-1.61142e-16
-3.58283e-15
-2.72741e-15
-3.30762e-15
-4.60537e-15
-9.13671e-15
-6.24472e-15
-1.06879e-15
-3.33931e-15
-3.31978e-15
-3.51983e-15
-2.98947e-15
-5.98657e-15
-3.29632e-15
-2.78496e-15
 1.86113e-14
-3.43408e-14
 3.94214e-14
 3.60672e-16
-3.52718e-14
-3.82724e-15
 3.76551e-14
-5.06093e-14
 0.00000e+00
 0.00000e+00
 0.00000e+00
 0.00000e+00
 0.00000e+00
 0.00000e+00
 0.00000e+00
 0.00000e+00
 0.00000e+00
 0.00000e+00
 0.00000e+00
 0.00000e+00
 0.00000e+00
 0.00000e+00
 0.00000e+00
 0.00000e+00
 0.00000e+00
 0.00000e+00
 0.00000e+00
 0.00000e+00
 0.00000e+00
 0.00000e+00
 0.00000e+00
 0.00000e+00
 0.00000e+00
 0.00000e+00
 0.00000e+00
 0.00000e+00
 0.00000e+00
 0.00000e+00
 0.00000e+00
 0.00000e+00
 0.00000e+00
 0.00000e+00
 0.00000e+00
 0.00000e+00
 0.00000e+00
 0.00000e+00
 0.00000e+00
 0.00000e+00
 0.00000e+00
 0.00000e+00
 0.00000e+00
 0.00000e+00
 0.00000e+00
 0.00000e+00
 0.00000e+00
 0.00000e+00
 0.00000e+00
 0.00000e+00
 0.00000e+00
 0.00000e+00
 0.00000e+00
 0.00000e+00
 0.00000e+00
 0.00000e+00
 0.00000e+00
 0.00000e+00
 0.00000e+00
 0.00000e+00
 0.00000e+00
 0.00000e+00
 0.00000e+00
 0.00000e+00
 0.00000e+00
 0.00000e+00
 0.00000e+00
 0.00000e+00
 0.00000e+00
 0.00000e+00
 0.00000e+00
 0.00000e+00
 0.00000e+00
 0.00000e+00
 0.00000e+00
 0.00000e+00
 0.00000e+00
 0.00000e+00
 0.00000e+00
 0.00000e+00
 0.00000e+00
 0.00000e+00
 0.00000e+00
 0.00000e+00
 0.00000e+00
 0.00000e+00
 0.00000e+00
 0.00000e+00
 0.00000e+00
 0.00000e+00
 0.00000e+00
 0.00000e+00
 0.00000e+00
 0.00000e+00
 0.00000e+00
 0.00000e+00
 0.00000e+00
 0.00000e+00
 0.00000e+00
 0.00000e+00
 0.00000e+00
 0.00000e+00
 0.00000e+00
 0.00000e+00
 0.00000e+00
 0.00000e+00
 0.00000e+00
 0.00000e+00
 0.00000e+00
 0.00000e+00
 0.00000e+00
 0.00000e+00
 0.00000e+00
 0.00000e+00
 0.00000e+00
 0.00000e+00
 0.00000e+00
 0.00000e+00
 0.00000e+00
 0.00000e+00
 0.00000e+00
 0.00000e+00
 0.00000e+00
 0.00000e+00
 0.00000e+00
 0.00000e+00
 0.00000e+00
 0.00000e+00
 0.00000e+00
 0.00000e+00
 0.00000e+00
 0.00000e+00
 0.00000e+00
 0.00000e+00
 0.00000e+00
 0.00000e+00
 0.00000e+00
 0.00000e+00
 0.00000e+00
 0.00000e+00
 0.00000e+00
 0.00000e+00
 0.00000e+00
 0.00000e+00
 0.00000e+00
 0.00000e+00
 0.00000e+00
 0.00000e+00
 0.00000e+00
 0.00000e+00
 0.00000e+00
 0.00000e+00
 0.00000e+00
 0.00000e+00
 0.00000e+00
 0.00000e+00
 0.00000e+00
 0.00000e+00
 0.00000e+00
 0.00000e+00
 0.00000e+00
 0.00000e+00
 0.00000e+00
 0.00000e+00
 0.00000e+00
 0.00000e+00
 0.00000e+00
 0.00000e+00
 0.00000e+00
 0.00000e+00
 0.00000e+00
 0.00000e+00
 0.00000e+00
 0.00000e+00
 0.00000e+00
 0.00000e+00
 0.00000e+00
 0.00000e+00
 0.00000e+00
 0.00000e+00
 0.00000e+00
 0.00000e+00
 0.00000e+00
 0.00000e+00
 0.00000e+00
 0.00000e+00
 0.00000e+00
 0.00000e+00
 0.00000e+00
 0.00000e+00
 0.00000e+00
 0.00000e+00
 0.00000e+00
 0.00000e+00
 0.00000e+00
 0.00000e+00
 0.00000e+00
 0.00000e+00
 0.00000e+00
 0.00000e+00
 0.00000e+00
 0.00000e+00
 0.00000e+00
 0.00000e+00
 0.00000e+00
 0.00000e+00
 0.00000e+00
 0.00000e+00
 0.00000e+00
 0.00000e+00
 0.00000e+00
 0.00000e+00
 0.00000e+00
 0.00000e+00
 0.00000e+00
 0.00000e+00
 0.00000e+00
 0.00000e+00
 0.00000e+00
 0.00000e+00
 0.00000e+00
 0.00000e+00
 0.00000e+00
 0.00000e+00
 0.00000e+00
 0.00000e+00
 0.00000e+00
 0.00000e+00
 0.00000e+00
 0.00000e+00
 0.00000e+00
 0.00000e+00
 0.00000e+00
 0.00000e+00
 0.00000e+00
 0.00000e+00
 0.00000e+00
 0.00000e+00
 0.00000e+00
 0.00000e+00
 0.00000e+00
 0.00000e+00
 0.00000e+00
 0.00000e+00
 0.00000e+00
 0.00000e+00
 0.00000e+00
 0.00000e+00
 0.00000e+00
 0.00000e+00
 0.00000e+00
 0.00000e+00
 0.00000e+00
 0.00000e+00
 0.00000e+00
 0.00000e+00
 0.00000e+00
 0.00000e+00
 0.00000e+00
 0.00000e+00
 0.00000e+00
 0.00000e+00
 0.00000e+00
 0.00000e+00
 0.00000e+00
part
         3
coordinates
 0.00000e+00
-1.27882e-15
 6.31231e-16
-1.32805e-15
 1.68640e-15
-1.41066e-15
-1.48707e-15
 9.02927e-17
 2.93046e-15
 4.56176e-15
 4.81025e-14
 5.36768e-13
 5.45939e-12
 5.10514e-11
 4.41656e-10
 3.52386e-09
 2.58372e-08
 1.73377e-07
 1.05972e-06
 5.86696e-06
 2.92234e-05
 1.29891e-04
 5.09995e-04
 1.74733e-03
 5.15283e-03
 1.29183e-02
 2.73904e-02
 4.95432e-02
 7.83056e-02
 1.11651e-01
 1.47872e-01
 1.85926e-01
 2.25190e-01
 2.65229e-01
 3.05862e-01
 3.47036e-01
 3.88796e-01
 4.31178e-01
 4.73508e-01
 5.14088e-01
 5.54760e-01
 5.94480e-01
 6.33760e-01
 6.72448e-01
 7.10075e-01
 7.48004e-01
 7.85283e-01
 8.21012e-01
 8.55205e-01
 8.82239e-01
 9.04350e-01
 9.19771e-01
 9.26102e-01
 0.00000e+00
 6.09522e-16
 8.77175e-16
 3.00178e-15
-1.70269e-15
 1.21635e-15
-2.64654e-16
 1.71960e-15
-6.20170e-16
 7.75980e-15
 4.65860e-14
 5.41008e-13
 5.45832e-12
 5.10515e-11
 4.41658e-10
 3.52386e-09
 2.58372e-08
 1.73377e-07
 1.05972e-06
 5.86696e-06
 2.92234e-05
 1.29891e-04
 5.09995e-04
 1.74733e-03
 5.15283e-03
 1.29183e-02
 2.73904e-02
 4.95432e-02
 7.83056e-02
 1.11651e-01
 1.47872e-01
 1.85926e-01
 2.25190e-01
 2.65229e-01
 3.05862e-01
 3.47036e-01
 3.88796e-01
 4.31178e-01
 4.73508e-01
 5.14088e-01
 5.54760e-01
 5.94480e-01
 6.33760e-01
 6.72448e-01
 7.10075e-01
 7.48004e-01
 7.85283e-01
 8.21012e-01
 8.55205e-01
 8.82239e-01
 9.04350e-01
 9.19771e-01
 9.26102e-01
 0.00000e+00
 1.56174e-16
 1.69339e-15
-8.48330e-16
-7.25706e-16
-2.08815e-15
 2.01109e-15
 1.74826e-15
-4.59807e-16
 3.75635e-15
 5.08516e-14
 5.42149e-13
 5.45755e-12
 5.10518e-11
 4.41659e-10
 3.52386e-09
 2.58372e-08
 1.73377e-07
 1.05972e-06
 5.86696e-06
 2.92234e-05
 1.29891e-04
 5.09995e-04
 1.74733e-03
 5.15283e-03
 1.29183e-02
 2.73904e-02
 4.95432e-02
 7.83056e-02
 1.11651e-01
 1.47872e-01
 1.85926e-01
 2.25190e-01
 2.65229e-01
 3.05862e-01
 3.47036e-01
 3.88796e-01
 4.31178e-01
 4.73508e-01
 5.14088e-01
 5.54760e-01
 5.94480e-01
 6.33760e-01
 6.72448e-01
 7.10075e-01
 7.48004e-01
 7.85283e-01
 8.21012e-01
 8.55205e-01
 8.82239e-01
 9.04350e-01
 9.19771e-01
 9.26102e-01
 0.00000e+00
-3.11419e-15
-1.19929e-15
-4.13475e-15
-2.97737e-15
 1.17835e-16
 8.68953e-17
-1.72357e-15
-2.29508e-15
 1.28530e-15
 4.83400e-14
 5.40622e-13
 5.45720e-12
 5.10497e-11
 4.41653e-10
 3.52386e-09
 2.58372e-08
 1.73377e-07
 1.05972e-06
 5.86696e-06
 2.92234e-05
 1.29891e-04
 5.09995e-04
 1.74733e-03
 5.15283e-03
 1.29183e-02
 2.73904e-02
 4.95432e-02
 7.83056e-02
 1.11651e-01
 1.47872e-01
 1.85926e-01
 2.25190e-01
 2.65229e-01
 3.05862e-01
 3.47036e-01
 3.88796e-01
 4.31178e-01
 4.73508e-01
 5.14088e-01
 5.54760e-01
 5.94480e-01
 6.33760e-01
 6.72448e-01
 7.10075e-01
 7.48004e-01
 7.85283e-01
 8.21012e-01
 8.55205e-01
 8.82239e-01
 9.04350e-01
 9.19771e-01
 9.26102e-01
 0.00000e+00
 5.81359e-15
 5.02211e-15
 4.25271e-15
 1.68561e-15
 6.26722e-15
 5.02045e-15
 3.85282e-15
 3.04604e-15
 8.01922e-15
 5.39392e-14
 5.47506e-13
 5.46363e-12
 5.10546e-11
 4.41658e-10
 3.52387e-09
 2.58372e-08
 1.73377e-07
 1.05972e-06
 5.86696e-06
 2.92234e-05
 1.29891e-04
 5.09995e-04
 1.74733e-03
 5.15283e-03
 1.29183e-02
 2.73904e-02
 4.95432e-02
 7.83056e-02
 1.11651e-01
 1.47872e-01
 1.85926e-01
 2.25190e-01
 2.65229e-01
 3.05862e-01
 3.47036e-01
 3.88796e-01
 4.31178e-01
 4.73508e-01
 5.14088e-01
 5.54760e-01
 5.94480e-01
 6.33760e-01
 6.72448e-01
 7.10075e-01
 7.48004e-01
 7.85283e-01
 8.21012e-01
 8.55205e-01
 8.82239e-01
 9.04350e-01
 9.19771e-01
 9.26102e-01
 0.00000e+00
-6.57492e-15
-8.31603e-15
-1.12245e-14
-1.19764e-14
-9.94686e-15
-9.00630e-15
-1.19639e-14
-7.03101e-15
-6.19545e-15
 4.34359e-14
 5.28072e-13
 5.44956e-12
 5.10430e-11
 4.41645e-10
 3.52385e-09
 2.58372e-08
 1.73377e-07
 1.05972e-06
 5.86696e-06
 2.92234e-05
 1.29891e-04
 5.09995e-04
 1.74733e-03
 5.15283e-03
 1.29183e-02
 2.73904e-02
 4.95432e-02
 7.83056e-02
 1.11651e-01
 1.47872e-01
 1.85926e-01
 2.25190e-01
 2.65229e-01
 3.05862e-01
 3.47036e-01
 3.88796e-01
 4.31178e-01
 4.73508e-01
 5.14088e-01
 5.54760e-01
 5.94480e-01
 6.33760e-01
 6.72448e-01
 7.10075e-01
 7.48004e-01
 7.85283e-01
 8.21012e-01
 8.55205e-01
 8.82239e-01
 9.04350e-01
 9.19771e-01
 9.26102e-01
 0.00000e+00
 2.70485e-16
-1.74173e-15
-2.26061e-15
-1.64317e-16
-8.86378e-16
 1.80678e-15
-2.63770e-15
 2.34567e-15
 6.53137e-15
 4.70846e-14
 5.39159e-13
 5.45818e-12
 5.10506e-11
 4.41655e-10
 3.52386e-09
 2.58372e-08
 1.73377e-07
 1.05972e-06
 5.86696e-06
 2.92234e-05
 1.29891e-04
 5.09995e-04
 1.74733e-03
 5.15283e-03
 1.29183e-02
 2.73904e-02
 4.95432e-02
 7.83056e-02
 1.11651e-01
 1.47872e-01
 1.85926e-01
 2.25190e-01
 2.65229e-01
 3.05862e-01
 3.47036e-01
 3.88796e-01
 4.31178e-01
 4.73508e-01
 5.14088e-01
 5.54760e-01
 5.94480e-01
 6.33760e-01
 6.72448e-01
 7.10075e-01
 7.48004e-01
 7.85283e-01
 8.21012e-01
 8.55205e-01
 8.82239e-01
 9.04350e-01
 9.19771e-01
 9.26102e-01
 0.00000e+00
 3.13300e-16
-7.61656e-16
-4.41881e-16
-8.37620e-16
 1.33230e-15
 6.78361e-16
 3.91425e-16
 5.84685e-16
 3.64742e-15
 4.99741e-14
 5.41456e-13
 5.45764e-12
 5.10506e-11
 4.41654e-10
 3.52386e-09
 2.58372e-08
 1.73377e-07
 1.05972e-06
 5.86696e-06
 2.92234e-05
 1.29891e-04
 5.09995e-04
 1.74733e-03
 5.15283e-03
 1.29183e-02
 2.73904e-02
 4.95432e-02
 7.83056e-02
 1.11651e-01
 1.47872e-01
 1.85926e-01
 2.25190e-01
 2.65229e-01
 3.05862e-01
 3.47036e-01
 3.88796e-01
 4.31178e-01
 4.73508e-01
 5.14088e-01
 5.54760e-01
 5.94480e-01
 6.33760e-01
 6.72448e-01
 7.10075e-01
 7.48004e-01
 7.85283e-01
 8.21012e-01
 8.55205e-01
 8.82239e-01
 9.04350e-01
 9.19771e-01
 9.26102e-01
 0.00000e+00
 1.02465e-15
-8.63985e-16
 1.13756e-15
-2.15353e-16
 4.32833e-16
 1.22004e-15
 1.29616e-15
 1.64577e-16
 3.96465e-15
 4.92076e-14
 5.43045e-13
 5.45987e-12
 5.10505e-11
 4.41655e-10
 3.52386e-09
 2.58372e-08
 1.73377e-07
 1.05972e-06
 5.86696e-06
 2.92234e-05
 1.29891e-04
 5.09995e-04
 1.74733e-03
 5.15283e-03
 1.29183e-02
 2.73904e-02
 4.95432e-02
 7.83056e-02
 1.11651e-01
 1.47872e-01
 1.85926e-01
 2.25190e-01
 2.65229e-01
 3.05862e-01
 3.47036e-01
 3.88796e-01
 4.31178e-01
 4.73508e-01
 5.14088e-01
 5.54760e-01
 5.94480e-01
 6.33760e-01
 6.72448e-01
 7.10075e-01
 7.48004e-01
 7.85283e-01
 8.21012e-01
 8.55205e-01
 8.82239e-01
 9.04350e-01
 9.19771e-01
 9.26102e-01
 0.00000e+00
-1.53576e-15
-2.85116e-15
-1.69604e-15
-2.55008e-15
-1.34879e-15
 2.06498e-16
-2.58667e-15
-2.34709e-15
 2.57218e-15
 4.82101e-14
 5.40344e-13
 5.45779e-12
 5.10485e-11
 4.41653e-10
 3.52386e-09
 2.58372e-08
 1.73377e-07
 1.05972e-06
 5.86696e-06
 2.92234e-05
 1.29891e-04
 5.09995e-04
 1.74733e-03
 5.15283e-03
 1.29183e-02
 2.73904e-02
 4.95432e-02
 7.83056e-02
 1.11651e-01
 1.47872e-01
 1.85926e-01
 2.25190e-01
 2.65229e-01
 3.05862e-01
 3.47036e-01
 3.88796e-01
 4.31178e-01
 4.73508e-01
 5.14088e-01
 5.54760e-01
 5.94480e-01
 6.33760e-01
 6.72448e-01
 7.10075e-01
 7.48004e-01
 7.85283e-01
 8.21012e-01
 8.55205e-01
 8.82239e-01
 9.04350e-01
 9.19771e-01
 9.26102e-01
 0.00000e+00
 4.68835e-15
 5.05610e-15
 5.60145e-15
 4.71631e-15
 3.87785e-15
 5.29063e-15
 5.20438e-15
 4.06975e-15
 6.68402e-15
 5.54412e-14
 5.47236e-13
 5.46273e-12
 5.10542e-11
 4.41659e-10
 3.52387e-09
 2.58372e-08
 1.73377e-07
 1.05972e-06
 5.86696e-06
 2.92234e-05
 1.29891e-04
 5.09995e-04
 1.74733e-03
 5.15283e-03
 1.29183e-02
 2.73904e-02
 4.95432e-02
 7.83056e-02
 1.11651e-01
 1.47872e-01
 1.85926e-01
 2.25190e-01
 2.65229e-01
 3.05862e-01
 3.47036e-01
 3.88796e-01
 4.31178e-01
 4.73508e-01
 5.14088e-01
 5.54760e-01
 5.94480e-01
 6.33760e-01
 6.72448e-01
 7.10075e-01
 7.48004e-01
 7.85283e-01
 8.21012e-01
 8.55205e-01
 8.82239e-01
 9.04350e-01
 9.19771e-01
 9.26102e-01
 0.00000e+00
-6.54221e-15
-1.00917e-14
-7.43458e-15
-9.59700e-15
-8.13657e-15
-1.03950e-14
-9.00305e-15
-9.41582e-15
-2.36357e-15
 3.76268e-14
 5.32863e-13
 5.44756e-12
 5.10407e-11
 4.41646e-10
 3.52385e-09
 2.58372e-08
 1.73377e-07
 1.05972e-06
 5.86696e-06
 2.92234e-05
 1.29891e-04
 5.09995e-04
 1.74733e-03
 5.15283e-03
 1.29183e-02
 2.73904e-02
 4.95432e-02
 7.83056e-02
 1.11651e-01
 1.47872e-01
 1.85926e-01
 2.25190e-01
 2.65229e-01
 3.05862e-01
 3.47036e-01
 3.88796e-01
 4.31178e-01
 4.73508e-01
 5.14088e-01
 5.54760e-01
 5.94480e-01
 6.33760e-01
 6.72448e-01
 7.10075e-01
 7.48004e-01
 7.85283e-01
 8.21012e-01
 8.55205e-01
 8.82239e-01
 9.04350e-01
 9.19771e-01
 9.26102e-01
 0.00000e+00
-2.29116e-15
-7.52565e-16
-1.96873e-15
 5.75204e-16
-2.72623e-15
-3.01225e-15
-1.45496e-15
 1.02142e-15
 7.24223e-15
 4.78893e-14
 5.40112e-13
 5.45819e-12
 5.10494e-11
 4.41653e-10
 3.52386e-09
 2.58372e-08
 1.73377e-07
 1.05972e-06
 5.86696e-06
 2.92234e-05
 1.29891e-04
 5.09995e-04
 1.74733e-03
 5.15283e-03
 1.29183e-02
 2.73904e-02
 4.95432e-02
 7.83056e-02
 1.11651e-01
 1.47872e-01
 1.85926e-01
 2.25190e-01
 2.65229e-01
 3.05862e-01
 3.47036e-01
 3.88796e-01
 4.31178e-01
 4.73508e-01
 5.14088e-01
 5.54760e-01
 5.94480e-01
 6.33760e-01
 6.72448e-01
 7.10075e-01
 7.48004e-01
 7.85283e-01
 8.21012e-01
 8.55205e-01
 8.82239e-01
 9.04350e-01
 9.19771e-01
 9.26102e-01
 0.00000e+00
-1.36961e-15
-1.21224e-15
-1.10667e-15
-1.55289e-15
-2.17767e-16
-3.56500e-15
-1.89914e-15
 2.61957e-15
 3.99130e-15
 4.90747e-14
 5.42101e-13
 5.45827e-12
 5.10489e-11
 4.41654e-10
 3.52386e-09
 2.58372e-08
 1.73377e-07
 1.05972e-06
 5.86696e-06
 2.92234e-05
 1.29891e-04
 5.09995e-04
 1.74733e-03
 5.15283e-03
 1.29183e-02
 2.73904e-02
 4.95432e-02
 7.83056e-02
 1.11651e-01
 1.47872e-01
 1.85926e-01
 2.25190e-01
 2.65229e-01
 3.05862e-01
 3.47036e-01
 3.88796e-01
 4.31178e-01
 4.73508e-01
 5.14088e-01
 5.54760e-01
 5.94480e-01
 6.33760e-01
 6.72448e-01
 7.10075e-01
 7.48004e-01
 7.85283e-01
 8.21012e-01
 8.55205e-01
 8.82239e-01
 9.04350e-01
 9.19771e-01
 9.26102e-01
 0.00000e+00
 9.63994e-16
 2.44202e-16
 7.33644e-16
 2.21370e-16
-8.14926e-16
-2.08438e-15
-1.04604e-15
 3.52715e-15
 4.57704e-15
 4.97591e-14
 5.41524e-13
 5.46165e-12
 5.10485e-11
 4.41654e-10
 3.52386e-09
 2.58372e-08
 1.73377e-07
 1.05972e-06
 5.86696e-06
 2.92234e-05
 1.29891e-04
 5.09995e-04
 1.74733e-03
 5.15283e-03
 1.29183e-02
 2.73904e-02
 4.95432e-02
 7.83056e-02
 1.11651e-01
 1.47872e-01
 1.85926e-01
 2.25190e-01
 2.65229e-01
 3.05862e-01
 3.47036e-01
 3.88796e-01
 4.31178e-01
 4.73508e-01
 5.14088e-01
 5.54760e-01
 5.94480e-01
 6.33760e-01
 6.72448e-01
 7.10075e-01
 7.48004e-01
 7.85283e-01
 8.21012e-01
 8.55205e-01
 8.82239e-01
 9.04350e-01
 9.19771e-01
 9.26102e-01
 0.00000e+00
-3.73098e-15
-3.77603e-15
-4.79747e-15
-3.54508e-15
-2.95482e-15
-4.57807e-15
-3.42706e-15
-1.15241e-15
 3.24195e-15
 4.56623e-14
 5.40239e-13
 5.45660e-12
 5.10458e-11
 4.41652e-10
 3.52385e-09
 2.58372e-08
 1.73377e-07
 1.05972e-06
 5.86696e-06
 2.92234e-05
 1.29891e-04
 5.09995e-04
 1.74733e-03
 5.15283e-03
 1.29183e-02
 2.73904e-02
 4.95432e-02
 7.83056e-02
 1.11651e-01
 1.47872e-01
 1.85926e-01
 2.25190e-01
 2.65229e-01
 3.05862e-01
 3.47036e-01
 3.88796e-01
 4.31178e-01
 4.73508e-01
 5.14088e-01
 5.54760e-01
 5.94480e-01
 6.33760e-01
 6.72448e-01
 7.10075e-01
 7.48004e-01
 7.85283e-01
 8.21012e-01
 8.55205e-01
 8.82239e-01
 9.04350e-01
 9.19771e-01
 9.26102e-01
 0.00000e+00
 4.16941e-15
 3.98303e-15
 2.70934e-15
 1.94403e-15
 4.12395e-15
 3.69301e-15
 4.92632e-15
 4.08672e-15
 6.99337e-15
 5.49553e-14
 5.47030e-13
 5.46159e-12
 5.10523e-11
 4.41660e-10
 3.52386e-09
 2.58372e-08
 1.73377e-07
 1.05972e-06
 5.86696e-06
 2.92234e-05
 1.29891e-04
 5.09995e-04
 1.74733e-03
 5.15283e-03
 1.29183e-02
 2.73904e-02
 4.95432e-02
 7.83056e-02
 1.11651e-01
 1.47872e-01
 1.85926e-01
 2.25190e-01
 2.65229e-01
 3.05862e-01
 3.47036e-01
 3.88796e-01
 4.31178e-01
 4.73508e-01
 5.14088e-01
 5.54760e-01
 5.94480e-01
 6.33760e-01
 6.72448e-01
 7.10075e-01
 7.48004e-01
 7.85283e-01
 8.21012e-01
 8.55205e-01
 8.82239e-01
 9.04350e-01
 9.19771e-01
 9.26102e-01
 0.00000e+00
-9.32341e-15
-1.17528e-14
-1.28299e-14
-9.65776e-15
-9.48832e-15
-8.99790e-15
-1.09371e-14
-8.34326e-15
-4.22791e-15
 4.21521e-14
 5.28194e-13
 5.44883e-12
 5.10349e-11
 4.41645e-10
 3.52385e-09
 2.58372e-08
 1.73377e-07
 1.05972e-06
 5.86696e-06
 2.92234e-05
 1.29891e-04
 5.09995e-04
 1.74733e-03
 5.15283e-03
 1.29183e-02
 2.73904e-02
 4.95432e-02
 7.83056e-02
 1.11651e-01
 1.47872e-01
 1.85926e-01
 2.25190e-01
 2.65229e-01
 3.05862e-01
 3.47036e-01
 3.88796e-01
 4.31178e-01
 4.73508e-01
 5.14088e-01
 5.54760e-01
 5.94480e-01
 6.33760e-01
 6.72448e-01
 7.10075e-01
 7.48004e-01
 7.85283e-01
 8.21012e-01
 8.55205e-01
 8.82239e-01
 9.04350e-01
 9.19771e-01
 9.26102e-01
 0.00000e+00
 1.26275e-15
 7.72868e-16
 1.20101e-17
 1.98718e-15
 1.69747e-15
 6.74222e-16
 2.89913e-15
 2.83727e-15
 4.50672e-15
 5.18548e-14
 5.40904e-13
 5.46155e-12
 5.10491e-11
 4.41657e-10
 3.52386e-09
 2.58372e-08
 1.73377e-07
 1.05972e-06
 5.86696e-06
 2.92234e-05
 1.29891e-04
 5.09995e-04
 1.74733e-03
 5.15283e-03
 1.29183e-02
 2.73904e-02
 4.95432e-02
 7.83056e-02
 1.11651e-01
 1.47872e-01
 1.85926e-01
 2.25190e-01
 2.65229e-01
 3.05862e-01
 3.47036e-01
 3.88796e-01
 4.31178e-01
 4.73508e-01
 5.14088e-01
 5.54760e-01
 5.94480e-01
 6.33760e-01
 6.72448e-01
 7.10075e-01
 7.48004e-01
 7.85283e-01
 8.21012e-01
 8.55205e-01
 8.82239e-01
 9.04350e-01
 9.19771e-01
 9.26102e-01
 0.00000e+00
 3.56155e-15
 2.08165e-15
 3.05352e-15
 2.37628e-15
 1.90041e-15
 2.80068e-15
 2.69565e-15
 2.48908e-15
 6.60824e-15
 5.12842e-14
 5.44629e-13
 5.46240e-12
 5.10517e-11
 4.41657e-10
 3.52386e-09
 2.58372e-08
 1.73377e-07
 1.05972e-06
 5.86696e-06
 2.92234e-05
 1.29891e-04
 5.09995e-04
 1.74733e-03
 5.15283e-03
 1.29183e-02
 2.73904e-02
 4.95432e-02
 7.83056e-02
 1.11651e-01
 1.47872e-01
 1.85926e-01
 2.25190e-01
 2.65229e-01
 3.05862e-01
 3.47036e-01
 3.88796e-01
 4.31178e-01
 4.73508e-01
 5.14088e-01
 5.54760e-01
 5.94480e-01
 6.33760e-01
 6.72448e-01
 7.10075e-01
 7.48004e-01
 7.85283e-01
 8.21012e-01
 8.55205e-01
 8.82239e-01
 9.04350e-01
 9.19771e-01
 9.26102e-01
 0.00000e+00
 2.96086e-15
 4.31385e-15
 1.74023e-15
 3.30800e-15
 5.43090e-16
 4.73354e-15
 5.11334e-15
 3.09836e-15
 6.80838e-15
 5.28927e-14
 5.43961e-13
 5.46405e-12
 5.10523e-11
 4.41658e-10
 3.52386e-09
 2.58372e-08
 1.73377e-07
 1.05972e-06
 5.86696e-06
 2.92234e-05
 1.29891e-04
 5.09995e-04
 1.74733e-03
 5.15283e-03
 1.29183e-02
 2.73904e-02
 4.95432e-02
 7.83056e-02
 1.11651e-01
 1.47872e-01
 1.85926e-01
 2.25190e-01
 2.65229e-01
 3.05862e-01
 3.47036e-01
 3.88796e-01
 4.31178e-01
 4.73508e-01
 5.14088e-01
 5.54760e-01
 5.94480e-01
 6.33760e-01
 6.72448e-01
 7.10075e-01
 7.48004e-01
 7.85283e-01
 8.21012e-01
 8.55205e-01
 8.82239e-01
 9.04350e-01
 9.19771e-01
 9.26102e-01
 0.00000e+00
-5.40837e-16
 8.70753e-16
-1.11513e-15
-1.64468e-15
-1.76287e-15
 1.68554e-15
 5.75149e-16
-1.14710e-15
 2.86287e-15
 5.04952e-14
 5.42281e-13
 5.45844e-12
 5.10495e-11
 4.41654e-10
 3.52386e-09
 2.58372e-08
 1.73377e-07
 1.05972e-06
 5.86696e-06
 2.92234e-05
 1.29891e-04
 5.09995e-04
 1.74733e-03
 5.15283e-03
 1.29183e-02
 2.73904e-02
 4.95432e-02
 7.83056e-02
 1.11651e-01
 1.47872e-01
 1.85926e-01
 2.25190e-01
 2.65229e-01
 3.05862e-01
 3.47036e-01
 3.88796e-01
 4.31178e-01
 4.73508e-01
 5.14088e-01
 5.54760e-01
 5.94480e-01
 6.33760e-01
 6.72448e-01
 7.10075e-01
 7.48004e-01
 7.85283e-01
 8.21012e-01
 8.55205e-01
 8.82239e-01
 9.04350e-01
 9.19771e-01
 9.26102e-01
 0.00000e+00
 7.00186e-15
 5.51669e-15
 6.68940e-15
 4.78756e-15
 5.46272e-15
 5.78657e-15
 7.07369e-15
 3.69209e-15
 8.21966e-15
 5.52552e-14
 5.50636e-13
 5.46595e-12
 5.10540e-11
 4.41659e-10
 3.52386e-09
 2.58372e-08
 1.73377e-07
 1.05972e-06
 5.86696e-06
 2.92234e-05
 1.29891e-04
 5.09995e-04
 1.74733e-03
 5.15283e-03
 1.29183e-02
 2.73904e-02
 4.95432e-02
 7.83056e-02
 1.11651e-01
 1.47872e-01
 1.85926e-01
 2.25190e-01
 2.65229e-01
 3.05862e-01
 3.47036e-01
 3.88796e-01
 4.31178e-01
 4.73508e-01
 5.14088e-01
 5.54760e-01
 5.94480e-01
 6.33760e-01
 6.72448e-01
 7.10075e-01
 7.48004e-01
 7.85283e-01
 8.21012e-01
 8.55205e-01
 8.82239e-01
 9.04350e-01
 9.19771e-01
 9.26102e-01
 0.00000e+00
-5.53426e-15
-5.30077e-15
-8.21258e-15
-6.44532e-15
-6.66007e-15
-9.73555e-15
-4.42752e-15
-8.34376e-15
-3.23911e-15
 4.16882e-14
 5.33576e-13
 5.45341e-12
 5.10369e-11
 4.41646e-10
 3.52386e-09
 2.58372e-08
 1.73377e-07
 1.05972e-06
 5.86696e-06
 2.92234e-05
 1.29891e-04
 5.09995e-04
 1.74733e-03
 5.15283e-03
 1.29183e-02
 2.73904e-02
 4.95432e-02
 7.83056e-02
 1.11651e-01
 1.47872e-01
 1.85926e-01
 2.25190e-01
 2.65229e-01
 3.05862e-01
 3.47036e-01
 3.88796e-01
 4.31178e-01
 4.73508e-01
 5.14088e-01
 5.54760e-01
 5.94480e-01
 6.33760e-01
 6.72448e-01
 7.10075e-01
 7.48004e-01
 7.85283e-01
 8.21012e-01
 8.55205e-01
 8.82239e-01
 9.04350e-01
 9.19771e-01
 9.26102e-01
 0.00000e+00
-4.28577e-15
-4.91102e-15
-6.35041e-15
-6.99792e-15
-2.51787e-15
-6.14122e-15
-6.39837e-15
-2.88888e-15
 3.66001e-15
 4.47088e-14
 5.37099e-13
 5.45639e-12
 5.10443e-11
 4.41650e-10
 3.52386e-09
 2.58372e-08
 1.73377e-07
 1.05972e-06
 5.86696e-06
 2.92234e-05
 1.29891e-04
 5.09995e-04
 1.74733e-03
 5.15283e-03
 1.29183e-02
 2.73904e-02
 4.95432e-02
 7.83056e-02
 1.11651e-01
 1.47872e-01
 1.85926e-01
 2.25190e-01
 2.65229e-01
 3.05862e-01
 3.47036e-01
 3.88796e-01
 4.31178e-01
 4.73508e-01
 5.14088e-01
 5.54760e-01
 5.94480e-01
 6.33760e-01
 6.72448e-01
 7.10075e-01
 7.48004e-01
 7.85283e-01
 8.21012e-01
 8.55205e-01
 8.82239e-01
 9.04350e-01
 9.19771e-01
 9.26102e-01
 0.00000e+00
-4.57162e-15
-3.97673e-15
-4.51423e-15
-4.68327e-15
-4.33781e-15
-4.33630e-15
-4.21997e-15
-3.07271e-15
 9.96124e-16
 4.70839e-14
 5.36191e-13
 5.45502e-12
 5.10454e-11
 4.41651e-10
 3.52386e-09
 2.58372e-08
 1.73377e-07
 1.05972e-06
 5.86696e-06
 2.92234e-05
 1.29891e-04
 5.09995e-04
 1.74733e-03
 5.15283e-03
 1.29183e-02
 2.73904e-02
 4.95432e-02
 7.83056e-02
 1.11651e-01
 1.47872e-01
 1.85926e-01
 2.25190e-01
 2.65229e-01
 3.05862e-01
 3.47036e-01
 3.88796e-01
 4.31178e-01
 4.73508e-01
 5.14088e-01
 5.54760e-01
 5.94480e-01
 6.33760e-01
 6.72448e-01
 7.10075e-01
 7.48004e-01
 7.85283e-01
 8.21012e-01
 8.55205e-01
 8.82239e-01
 9.04350e-01
 9.19771e-01
 9.26102e-01
 0.00000e+00
-5.08995e-15
-5.16552e-15
-4.19033e-15
-5.31012e-15
-4.45528e-15
-4.89956e-15
-3.31571e-15
-2.13812e-15
 2.74539e-16
 4.63822e-14
 5.38416e-13
 5.45570e-12
 5.10450e-11
 4.41652e-10
 3.52386e-09
 2.58372e-08
 1.73377e-07
 1.05972e-06
 5.86696e-06
 2.92234e-05
 1.29891e-04
 5.09995e-04
 1.74733e-03
 5.15283e-03
 1.29183e-02
 2.73904e-02
 4.95432e-02
 7.83056e-02
 1.11651e-01
 1.47872e-01
 1.85926e-01
 2.25190e-01
 2.65229e-01
 3.05862e-01
 3.47036e-01
 3.88796e-01
 4.31178e-01
 4.73508e-01
 5.14088e-01
 5.54760e-01
 5.94480e-01
 6.33760e-01
 6.72448e-01
 7.10075e-01
 7.48004e-01
 7.85283e-01
 8.21012e-01
 8.55205e-01
 8.82239e-01
 9.04350e-01
 9.19771e-01
 9.26102e-01
 0.00000e+00
-7.26835e-15
-7.33661e-15
-6.26201e-15
-7.02003e-15
-5.88976e-15
-5.71817e-15
-8.44816e-15
-4.67883e-15
 8.55513e-16
 4.43448e-14
 5.36304e-13
 5.45360e-12
 5.10412e-11
 4.41646e-10
 3.52385e-09
 2.58372e-08
 1.73377e-07
 1.05972e-06
 5.86696e-06
 2.92234e-05
 1.29891e-04
 5.09995e-04
 1.74733e-03
 5.15283e-03
 1.29183e-02
 2.73904e-02
 4.95432e-02
 7.83056e-02
 1.11651e-01
 1.47872e-01
 1.85926e-01
 2.25190e-01
 2.65229e-01
 3.05862e-01
 3.47036e-01
 3.88796e-01
 4.31178e-01
 4.73508e-01
 5.14088e-01
 5.54760e-01
 5.94480e-01
 6.33760e-01
 6.72448e-01
 7.10075e-01
 7.48004e-01
 7.85283e-01
 8.21012e-01
 8.55205e-01
 8.82239e-01
 9.04350e-01
 9.19771e-01
 9.26102e-01
 0.00000e+00
 5.74333e-16
 3.39550e-16
 1.41727e-15
 1.80025e-15
 7.40899e-16
 1.58499e-15
-1.01669e-15
 3.75689e-15
 3.51676e-15
 5.30081e-14
 5.42035e-13
 5.46017e-12
 5.10468e-11
 4.41652e-10
 3.52386e-09
 2.58372e-08
 1.73377e-07
 1.05972e-06
 5.86696e-06
 2.92234e-05
 1.29891e-04
 5.09995e-04
 1.74733e-03
 5.15283e-03
 1.29183e-02
 2.73904e-02
 4.95432e-02
 7.83056e-02
 1.11651e-01
 1.47872e-01
 1.85926e-01
 2.25190e-01
 2.65229e-01
 3.05862e-01
 3.47036e-01
 3.88796e-01
 4.31178e-01
 4.73508e-01
 5.14088e-01
 5.54760e-01
 5.94480e-01
 6.33760e-01
 6.72448e-01
 7.10075e-01
 7.48004e-01
 7.85283e-01
 8.21012e-01
 8.55205e-01
 8.82239e-01
 9.04350e-01
 9.19771e-01
 9.26102e-01
 0.00000e+00
-1.16095e-14
-1.30942e-14
-1.06155e-14
-1.27736e-14
-1.20983e-14
-1.27192e-14
-1.29868e-14
-1.25690e-14
-1.27845e-14
 3.72380e-14
 5.25197e-13
 5.44942e-12
 5.10305e-11
 4.41640e-10
 3.52384e-09
 2.58372e-08
 1.73377e-07
 1.05972e-06
 5.86696e-06
 2.92234e-05
 1.29891e-04
 5.09995e-04
 1.74733e-03
 5.15283e-03
 1.29183e-02
 2.73904e-02
 4.95432e-02
 7.83056e-02
 1.11651e-01
 1.47872e-01
 1.85926e-01
 2.25190e-01
 2.65229e-01
 3.05862e-01
 3.47036e-01
 3.88796e-01
 4.31178e-01
 4.73508e-01
 5.14088e-01
 5.54760e-01
 5.94480e-01
 6.33760e-01
 6.72448e-01
 7.10075e-01
 7.48004e-01
 7.85283e-01
 8.21012e-01
 8.55205e-01
 8.82239e-01
 9.04350e-01
 9.19771e-01
 9.26102e-01
 0.00000e+00
 6.93685e-15
 6.80333e-15
 5.92559e-15
 9.80833e-15
 4.94993e-15
 5.80491e-15
 9.84136e-15
 1.05445e-14
 1.60426e-14
 5.47840e-14
 5.52062e-13
 5.47184e-12
 5.10618e-11
 4.41664e-10
 3.52387e-09
 2.58372e-08
 1.73377e-07
 1.05972e-06
 5.86696e-06
 2.92234e-05
 1.29891e-04
 5.09995e-04
 1.74733e-03
 5.15283e-03
 1.29183e-02
 2.73904e-02
 4.95432e-02
 7.83056e-02
 1.11651e-01
 1.47872e-01
 1.85926e-01
 2.25190e-01
 2.65229e-01
 3.05862e-01
 3.47036e-01
 3.88796e-01
 4.31178e-01
 4.73508e-01
 5.14088e-01
 5.54760e-01
 5.94480e-01
 6.33760e-01
 6.72448e-01
 7.10075e-01
 7.48004e-01
 7.85283e-01
 8.21012e-01
 8.55205e-01
 8.82239e-01
 9.04350e-01
 9.19771e-01
 9.26102e-01
 0.00000e+00
 8.03182e-15
 1.02910e-14
 9.48870e-15
 1.11251e-14
 6.29555e-15
 8.23289e-15
 1.31929e-14
 1.05831e-14
 1.35218e-14
 5.93705e-14
 5.49614e-13
 5.47088e-12
 5.10582e-11
 4.41669e-10
 3.52387e-09
 2.58372e-08
 1.73377e-07
 1.05972e-06
 5.86696e-06
 2.92234e-05
 1.29891e-04
 5.09995e-04
 1.74733e-03
 5.15283e-03
 1.29183e-02
 2.73904e-02
 4.95432e-02
 7.83056e-02
 1.11651e-01
 1.47872e-01
 1.85926e-01
 2.25190e-01
 2.65229e-01
 3.05862e-01
 3.47036e-01
 3.88796e-01
 4.31178e-01
 4.73508e-01
 5.14088e-01
 5.54760e-01
 5.94480e-01
 6.33760e-01
 6.72448e-01
 7.10075e-01
 7.48004e-01
 7.85283e-01
 8.21012e-01
 8.55205e-01
 8.82239e-01
 9.04350e-01
 9.19771e-01
 9.26102e-01
 0.00000e+00
 8.66870e-15
 9.47257e-15
 1.11949e-14
 1.14978e-14
 8.72273e-15
 9.66363e-15
 1.11216e-14
 1.23206e-14
 1.47526e-14
 5.87902e-14
 5.51650e-13
 5.47190e-12
 5.10572e-11
 4.41671e-10
 3.52387e-09
 2.58372e-08
 1.73377e-07
 1.05972e-06
 5.86696e-06
 2.92234e-05
 1.29891e-04
 5.09995e-04
 1.74733e-03
 5.15283e-03
 1.29183e-02
 2.73904e-02
 4.95432e-02
 7.83056e-02
 1.11651e-01
 1.47872e-01
 1.85926e-01
 2.25190e-01
 2.65229e-01
 3.05862e-01
 3.47036e-01
 3.88796e-01
 4.31178e-01
 4.73508e-01
 5.14088e-01
 5.54760e-01
 5.94480e-01
 6.33760e-01
 6.72448e-01
 7.10075e-01
 7.48004e-01
 7.85283e-01
 8.21012e-01
 8.55205e-01
 8.82239e-01
 9.04350e-01
 9.19771e-01
 9.26102e-01
 0.00000e+00
 5.53372e-15
 5.87746e-15
 6.01463e-15
 8.60850e-15
 5.35715e-15
 6.51725e-15
 5.52551e-15
 6.29546e-15
 1.22556e-14
 5.60756e-14
 5.49238e-13
 5.46872e-12
 5.10531e-11
 4.41662e-10
 3.52386e-09
 2.58372e-08
 1.73377e-07
 1.05972e-06
 5.86696e-06
 2.92234e-05
 1.29891e-04
 5.09995e-04
 1.74733e-03
 5.15283e-03
 1.29183e-02
 2.73904e-02
 4.95432e-02
 7.83056e-02
 1.11651e-01
 1.47872e-01
 1.85926e-01
 2.25190e-01
 2.65229e-01
 3.05862e-01
 3.47036e-01
 3.88796e-01
 4.31178e-01
 4.73508e-01
 5.14088e-01
 5.54760e-01
 5.94480e-01
 6.33760e-01
 6.72448e-01
 7.10075e-01
 7.48004e-01
 7.85283e-01
 8.21012e-01
 8.55205e-01
 8.82239e-01
 9.04350e-01
 9.19771e-01
 9.26102e-01
 0.00000e+00
 9.13573e-15
 1.20499e-14
 1.11783e-14
 1.09124e-14
 1.16968e-14
 1.06660e-14
 1.23368e-14
 9.57289e-15
 1.56637e-14
 6.20261e-14
 5.55788e-13
 5.46939e-12
 5.10563e-11
 4.41664e-10
 3.52387e-09
 2.58372e-08
 1.73377e-07
 1.05972e-06
 5.86696e-06
 2.92234e-05
 1.29891e-04
 5.09995e-04
 1.74733e-03
 5.15283e-03
 1.29183e-02
 2.73904e-02
 4.95432e-02
 7.83056e-02
 1.11651e-01
 1.47872e-01
 1.85926e-01
 2.25190e-01
 2.65229e-01
 3.05862e-01
 3.47036e-01
 3.88796e-01
 4.31178e-01
 4.73508e-01
 5.14088e-01
 5.54760e-01
 5.94480e-01
 6.33760e-01
 6.72448e-01
 7.10075e-01
 7.48004e-01
 7.85283e-01
 8.21012e-01
 8.55205e-01
 8.82239e-01
 9.04350e-01
 9.19771e-01
 9.26102e-01
 0.00000e+00
-5.81918e-16
 2.16520e-15
 9.91929e-16
 9.57426e-16
-5.42726e-16
 1.95641e-15
-6.15386e-16
-2.54490e-15
 7.80128e-15
 4.90107e-14
 5.43667e-13
 5.46291e-12
 5.10438e-11
 4.41652e-10
 3.52386e-09
 2.58372e-08
 1.73377e-07
 1.05972e-06
 5.86696e-06
 2.92234e-05
 1.29891e-04
 5.09995e-04
 1.74733e-03
 5.15283e-03
 1.29183e-02
 2.73904e-02
 4.95432e-02
 7.83056e-02
 1.11651e-01
 1.47872e-01
 1.85926e-01
 2.25190e-01
 2.65229e-01
 3.05862e-01
 3.47036e-01
 3.88796e-01
 4.31178e-01
 4.73508e-01
 5.14088e-01
 5.54760e-01
 5.94480e-01
 6.33760e-01
 6.72448e-01
 7.10075e-01
 7.48004e-01
 7.85283e-01
 8.21012e-01
 8.55205e-01
 8.82239e-01
 9.04350e-01
 9.19771e-01
 9.26102e-01
 0.00000e+00
 0.00000e+00
 0.00000e+00
 0.00000e+00
 0.00000e+00
 0.00000e+00
 0.00000e+00
 0.00000e+00
 0.00000e+00
 0.00000e+00
 0.00000e+00
 0.00000e+00
 0.00000e+00
 0.00000e+00
 0.00000e+00
 0.00000e+00
 0.00000e+00
 0.00000e+00
 0.00000e+00
 0.00000e+00
 0.00000e+00
 0.00000e+00
 0.00000e+00
 0.00000e+00
 0.00000e+00
 0.00000e+00
 0.00000e+00
 0.00000e+00
 0.00000e+00
 0.00000e+00
 0.00000e+00
 0.00000e+00
 0.00000e+00
 0.00000e+00
 0.00000e+00
 0.00000e+00
 0.00000e+00
 0.00000e+00
 0.00000e+00
 0.00000e+00
 0.00000e+00
 0.00000e+00
 0.00000e+00
 0.00000e+00
 0.00000e+00
 0.00000e+00
 0.00000e+00
 0.00000e+00
 0.00000e+00
 0.00000e+00
 0.00000e+00
 0.00000e+00
 0.00000e+00
 7.15148e-16
-1.27326e-16
 2.98587e-16
 7.49373e-16
-2.44715e-15
 3.21233e-15
-1.91520e-15
-3.99217e-17
-6.06093e-15
 3.09236e-15
-1.46435e-15
-4.48675e-16
-2.59283e-16
-1.30537e-15
-1.21332e-15
-1.85368e-15
 3.26427e-16
-3.52090e-15
 9.33979e-15
-1.82643e-15
-2.81252e-15
 2.03101e-15
-4.10365e-16
-1.59490e-15
 2.61478e-15
 4.46215e-15
 1.07034e-15
 2.77503e-16
-1.46065e-16
 8.63156e-16
 2.09315e-15
 2.68328e-15
 1.60833e-15
-7.28382e-16
-6.58943e-15
-6.94024e-15
-5.16006e-15
-4.66957e-15
-6.30844e-15
-5.12127e-15
-1.50535e-15
 3.88725e-15
 8.39617e-15
 9.12179e-15
 6.13045e-15
 1.51389e-15
 1.60588e-15
 5.54650e-16
-1.76767e-15
-1.94171e-15
 4.05997e-16
 7.72107e-16
-9.30503e-16
-1.76867e-15
-1.64636e-15
 5.43708e-16
-9.09031e-16
-1.88138e-15
 4.90424e-15
-2.84044e-15
-1.43793e-15
-5.19444e-15
 3.31621e-15
-2.08666e-15
-2.93585e-16
-1.36391e-15
-1.70812e-16
 8.62015e-16
 1.01070e-15
 1.13095e-15
-5.34203e-15
 6.44393e-15
 2.85633e-15
-3.75375e-17
-1.13845e-15
 1.02643e-15
-2.04810e-15
-2.35806e-15
 1.49684e-15
 3.30959e-15
 5.18438e-15
 2.48133e-15
-6.25092e-16
-4.22947e-16
 3.65098e-15
 2.30386e-15
 4.07885e-15
 1.96423e-15
 7.66249e-16
 8.87842e-16
 2.30106e-15
 2.35477e-15
 2.68976e-16
-1.74899e-15
-1.07474e-15
 9.03141e-17
 1.42106e-15
 4.23309e-15
 5.34869e-15
 5.34409e-15
 4.10959e-15
 4.20479e-15
 5.53249e-15
 5.21216e-15
 4.17402e-15
 8.05831e-15
 1.24303e-15
 4.28139e-16
-1.98764e-15
-1.58560e-15
-2.36591e-15
 3.98656e-15
-1.81952e-15
-1.37470e-18
-5.63887e-15
 4.24365e-15
-3.72618e-17
-3.60257e-16
 1.75778e-15
 8.12141e-16
-2.22827e-15
-1.28545e-16
-9.91344e-16
-1.05317e-14
 5.63538e-15
-3.93883e-15
-4.30271e-15
-3.24955e-16
-1.91359e-15
 1.30735e-15
-3.72451e-15
-3.42580e-15
-1.56717e-15
-8.04060e-16
 2.28487e-16
 2.46751e-15
 1.53515e-16
-3.81848e-15
-8.76757e-17
 1.55455e-15
-2.12417e-15
-4.62014e-15
-2.68073e-15
-1.83356e-16
 6.25724e-16
 1.81500e-15
-1.75002e-15
-4.88807e-15
-3.32263e-15
-9.63436e-16
-1.12099e-15
-3.04618e-16
-1.05407e-15
-1.92626e-15
-1.39094e-17
 1.27295e-15
 3.33785e-15
 4.78352e-15
 3.55195e-15
-1.46362e-15
-6.63170e-17
 2.98727e-15
 2.44962e-15
 1.55117e-15
 1.06602e-15
 8.37825e-16
 7.44619e-16
-2.31544e-15
 4.00176e-15
-1.57384e-15
 4.29790e-15
-1.60983e-15
 1.66357e-17
 1.50644e-15
 3.76199e-17
 1.44445e-15
-3.30530e-15
 6.89124e-15
 2.74033e-15
 1.18089e-15
 1.16048e-15
 1.46904e-15
-1.69776e-15
 1.80486e-15
 8.99846e-16
-3.41924e-15
 6.97793e-16
 2.07762e-15
-2.79249e-16
 1.86290e-15
 3.35344e-15
-3.11075e-16
-8.39176e-16
-1.09836e-15
 2.07085e-15
 2.91086e-15
 1.59129e-15
-9.08733e-16
-4.44684e-15
-3.69365e-15
-2.19560e-15
-3.07719e-15
-2.77140e-15
-1.21979e-15
-3.03839e-15
-3.54234e-15
-4.29404e-15
-5.87131e-15
-7.89860e-15
-8.59605e-15
-8.35106e-15
-7.48395e-15
 0.00000e+00
 0.00000e+00
 0.00000e+00
 0.00000e+00
 0.00000e+00
 0.00000e+00
 0.00000e+00
 0.00000e+00
 0.00000e+00
 0.00000e+00
 0.00000e+00
 0.00000e+00
 0.00000e+00
 0.00000e+00
 0.00000e+00
 0.00000e+00
 0.00000e+00
 0.00000e+00
 0.00000e+00
 0.00000e+00
 0.00000e+00
 0.00000e+00
 0.00000e+00
 0.00000e+00
 0.00000e+00
 0.00000e+00
 0.00000e+00
 0.00000e+00
 0.00000e+00
 0.00000e+00
 0.00000e+00
 0.00000e+00
 0.00000e+00
 0.00000e+00
 0.00000e+00
 0.00000e+00
 0.00000e+00
 0.00000e+00
 0.00000e+00
 0.00000e+00
 0.00000e+00
 0.00000e+00
 0.00000e+00
 0.00000e+00
 0.00000e+00
 0.00000e+00
 0.00000e+00
 0.00000e+00
 0.00000e+00
 0.00000e+00
 0.00000e+00
 0.00000e+00
 0.00000e+00
 0.00000e+00
 0.00000e+00
 0.00000e+00
 0.00000e+00
 0.00000e+00
 0.00000e+00
 0.00000e+00
 0.00000e+00
 0.00000e+00
 0.00000e+00
 0.00000e+00
 0.00000e+00
 0.00000e+00
 0.00000e+00
 0.00000e+00
 0.00000e+00
 0.00000e+00
 0.00000e+00
 0.00000e+00
 0.00000e+00
 0.00000e+00
 0.00000e+00
 0.00000e+00
 0.00000e+00
 0.00000e+00
 0.00000e+00
 0.00000e+00
 0.00000e+00
 0.00000e+00
 0.00000e+00
 0.00000e+00
 0.00000e+00
 0.00000e+00
 0.00000e+00
 0.00000e+00
 0.00000e+00
 0.00000e+00
 0.00000e+00
 0.00000e+00
 0.00000e+00
 0.00000e+00
 0.00000e+00
 0.00000e+00
 0.00000e+00
 0.00000e+00
 0.00000e+00
 0.00000e+00
 0.00000e+00
 0.00000e+00
 0.00000e+00
 0.00000e+00
 0.00000e+00
 0.00000e+00
 1.92356e-16
-8.55829e-16
-2.09474e-16
 2.04196e-17
-2.56388e-15
 4.22597e-15
-2.15969e-15
-8.69292e-17
-4.06358e-15
 3.00196e-15
-2.25311e-15
-1.26327e-16
-3.59305e-16
-5.18726e-16
-4.11204e-16
-9.56431e-17
 3.49200e-16
-4.99470e-15
 9.70584e-15
 1.49084e-15
-1.70503e-15
 1.54977e-15
 1.57486e-15
-2.42895e-16
 1.50619e-15
 2.03766e-15
 5.54104e-16
 3.39003e-15
 1.34495e-15
 6.54222e-16
 2.87177e-15
 3.73043e-15
 2.32842e-15
 1.64951e-15
-2.05796e-15
-3.89694e-15
-3.00294e-15
-5.51497e-16
 7.37658e-16
 1.95524e-15
 2.50268e-15
 4.73306e-15
 6.75271e-15
 7.67513e-15
 5.85013e-15
 3.01284e-15
 2.84668e-15
 1.32281e-15
-3.46480e-17
 4.06740e-16
 2.97772e-15
 6.33276e-15
 6.35684e-15
-1.42961e-15
-6.65524e-16
-3.37137e-16
-1.00376e-15
-2.70339e-15
 3.69719e-15
-3.28168e-15
-1.47277e-15
-6.74770e-15
 3.56805e-15
-6.58451e-16
-3.78658e-16
-1.43207e-16
-5.00581e-16
-1.62960e-16
-1.42597e-15
-1.40358e-15
-7.17407e-15
 5.02723e-15
-1.56393e-15
-3.16878e-15
-1.37536e-15
-1.50126e-15
-1.36693e-15
-3.56893e-15
 1.37052e-15
 2.14200e-15
-6.56940e-16
-1.67409e-16
 4.12680e-16
-1.25185e-15
-5.28030e-16
 5.15610e-16
-6.29463e-16
-3.94406e-15
-2.62064e-15
-2.50189e-15
-1.66260e-15
-3.26692e-15
-5.69491e-15
-4.53443e-15
-2.38308e-15
-8.20687e-16
-3.00126e-16
 9.62453e-16
 1.32448e-15
 6.37721e-16
-9.46481e-17
-6.82477e-16
-4.26037e-16
-1.52042e-15
-4.21211e-15
-2.89664e-15
 1.90994e-15
 2.93823e-16
-2.20507e-16
-3.67345e-16
-1.47077e-15
 3.50252e-15
-2.55717e-15
 6.72440e-16
-2.90672e-15
 3.54896e-15
-1.01239e-15
 3.69579e-16
-6.08197e-16
-9.17059e-16
-1.45954e-15
 1.40013e-15
 2.12144e-15
-5.84243e-15
 8.91980e-15
 1.27090e-15
-2.38475e-16
 1.77747e-15
 1.58673e-15
-2.86506e-16
-1.30089e-15
-1.56289e-15
-2.03376e-15
 9.43141e-16
 7.36459e-16
 1.07216e-15
 1.18382e-15
 2.25414e-16
 9.13515e-16
 3.80083e-15
 1.23880e-15
-2.49399e-16
 4.40703e-16
 1.02301e-15
 2.25078e-15
 3.36480e-15
 2.86163e-16
-1.48810e-15
-9.68410e-16
 1.14080e-16
 1.80785e-16
 1.50005e-16
-1.18975e-15
-2.27032e-15
 2.18124e-16
 2.16379e-15
 3.31261e-15
 4.66509e-15
 3.77991e-15
-1.72817e-15
-7.18571e-16
 9.62076e-16
 7.02268e-16
 4.20661e-16
 1.12573e-15
 1.50928e-15
 1.12547e-15
-3.25212e-15
 3.87998e-15
-1.52573e-15
 2.78441e-15
-1.04758e-16
-3.26125e-16
 6.55568e-16
-2.77798e-16
-9.46787e-16
-8.45745e-15
 4.29406e-15
-1.54515e-15
-1.41033e-15
 4.72690e-16
-1.54702e-15
 7.18189e-16
-1.37812e-16
-9.70118e-16
-1.61706e-15
-1.56386e-16
 9.28612e-16
-7.29485e-17
 1.26345e-15
 3.03633e-15
 2.63917e-15
 9.51163e-16
-1.48976e-15
-2.59111e-16
 2.11593e-15
 2.90625e-15
 5.37607e-16
-2.67398e-15
-3.93314e-15
-4.31997e-15
-3.41976e-15
-1.70207e-15
-2.67521e-16
-9.57422e-16
-3.66747e-16
-6.27921e-16
-3.20069e-15
-4.19617e-15
-3.23728e-15
-8.30526e-16
 1.53364e-15
 0.00000e+00
 0.00000e+00
 0.00000e+00
 0.00000e+00
 0.00000e+00
 0.00000e+00
 0.00000e+00
 0.00000e+00
 0.00000e+00
 0.00000e+00
 0.00000e+00
 0.00000e+00
 0.00000e+00
 0.00000e+00
 0.00000e+00
 0.00000e+00
 0.00000e+00
 0.00000e+00
 0.00000e+00
 0.00000e+00
 0.00000e+00
 0.00000e+00
 0.00000e+00
 0.00000e+00
 0.00000e+00
 0.00000e+00
 0.00000e+00
 0.00000e+00
 0.00000e+00
 0.00000e+00
 0.00000e+00
 0.00000e+00
 0.00000e+00
 0.00000e+00
 0.00000e+00
 0.00000e+00
 0.00000e+00
 0.00000e+00
 0.00000e+00
 0.00000e+00
 0.00000e+00
 0.00000e+00
 0.00000e+00
 0.00000e+00
 0.00000e+00
 0.00000e+00
 0.00000e+00
 0.00000e+00
 0.00000e+00
 0.00000e+00
 0.00000e+00
 0.00000e+00
 0.00000e+00
 0.00000e+00
 0.00000e+00
 0.00000e+00
 0.00000e+00
 0.00000e+00
 0.00000e+00
 0.00000e+00
 0.00000e+00
 0.00000e+00
 0.00000e+00
 0.00000e+00
 0.00000e+00
 0.00000e+00
 0.00000e+00
 0.00000e+00
 0.00000e+00
 0.00000e+00
 0.00000e+00
 0.00000e+00
 0.00000e+00
 0.00000e+00
 0.00000e+00
 0.00000e+00
 0.00000e+00
 0.00000e+00
 0.00000e+00
 0.00000e+00
 0.00000e+00
 0.00000e+00
 0.00000e+00
 0.00000e+00
 0.00000e+00
 0.00000e+00
 0.00000e+00
 0.00000e+00
 0.00000e+00
 0.00000e+00
 0.00000e+00
 0.00000e+00
 0.00000e+00
 0.00000e+00
 0.00000e+00
 0.00000e+00
 0.00000e+00
 0.00000e+00
 0.00000e+00
 0.00000e+00
 0.00000e+00
 0.00000e+00
 0.00000e+00
 0.00000e+00
 0.00000e+00
 0.00000e+00
 1.50259e-16
-3.89027e-16
 3.78381e-16
 5.46472e-16
-2.28250e-15
 3.27107e-15
-1.09764e-15
-9.13961e-16
-4.73922e-15
 4.07065e-15
-1.34486e-15
-1.16595e-15
-6.41786e-16
-1.38502e-15
-8.50086e-16
-1.15191e-15
-1.81670e-15
-8.70816e-15
 5.21633e-15
-7.68742e-17
-4.00131e-15
-2.35187e-15
 1.13060e-15
 1.14819e-15
-1.75342e-15
 3.85492e-16
-5.05695e-16
 3.20118e-15
 2.26213e-15
-8.31632e-17
-4.00251e-16
-9.00379e-16
 3.26679e-16
 6.46323e-16
-4.19146e-15
-5.30787e-15
-3.20629e-15
-1.04629e-15
 1.09216e-15
 2.97036e-15
 1.85283e-15
 3.03007e-15
 5.50134e-15
 4.63700e-15
 2.35758e-15
 1.34565e-15
-6.23901e-16
-4.84202e-15
-4.99999e-15
-2.82281e-15
 1.87343e-15
 6.69379e-15
 6.51973e-15
-1.26440e-15
-1.19898e-15
-1.32389e-17
-4.97920e-16
-1.72273e-15
 3.27030e-15
-2.66972e-15
-3.96495e-16
-6.15933e-15
 3.66174e-15
-3.42103e-16
-6.36504e-16
-2.85175e-16
 9.14731e-16
-6.40014e-16
-1.11651e-15
 8.07927e-16
-5.54282e-15
 6.94555e-15
 1.34694e-15
-3.45678e-16
 1.42040e-15
-9.56096e-16
 1.51440e-15
-1.70988e-16
-1.98760e-15
-1.05511e-15
-1.12304e-15
-2.08970e-15
-2.57922e-16
 3.11974e-16
 6.51144e-16
-1.85182e-16
-1.91058e-16
-3.57423e-16
 3.57263e-16
 2.96199e-16
 8.61036e-16
-7.61174e-16
-1.89406e-15
-8.01257e-16
 1.90419e-16
 1.33120e-15
 3.11718e-15
 3.44587e-15
 1.68125e-15
 4.39718e-16
-1.52169e-17
-1.19358e-15
-3.05570e-15
-6.52045e-15
-8.17106e-15
-6.49361e-15
 6.09470e-16
-3.99878e-16
-1.93444e-16
 2.57994e-16
-2.57834e-15
 2.38505e-15
-2.30741e-15
-1.87661e-15
-4.45871e-15
 4.22352e-15
-2.91737e-15
-7.93122e-16
-1.06675e-15
-1.70579e-15
 4.97129e-16
 1.22393e-16
-6.86599e-16
-5.21476e-15
 8.60824e-15
-1.98692e-15
-3.34100e-15
 3.67703e-16
 5.01384e-16
 8.26111e-17
 1.00815e-15
 3.35545e-15
 8.70065e-16
-1.86517e-15
 4.25772e-16
 8.18233e-16
 1.20536e-15
 2.51712e-15
 4.31246e-15
 4.23409e-15
-3.68298e-16
-1.82778e-15
-8.19821e-16
 1.41582e-15
 1.44570e-15
 3.45416e-16
-1.52792e-15
-1.73204e-15
-2.98165e-15
-5.09206e-15
-5.31681e-15
-5.05044e-15
-5.19161e-15
-4.78918e-15
-8.97365e-16
-7.07056e-16
-2.34934e-15
-4.80055e-15
-8.52544e-15
-1.31521e-15
-1.15007e-15
-2.32909e-16
-4.24308e-16
 1.08586e-15
 1.21596e-15
 1.91610e-15
 2.97001e-15
-2.71357e-15
 2.64497e-15
-1.40205e-15
 3.18171e-15
-2.95538e-16
-9.54013e-16
-2.24408e-15
-7.80551e-16
 1.35149e-15
-8.87861e-15
 3.79704e-15
-8.36382e-16
 1.23216e-15
 2.19177e-15
-6.12021e-16
-3.24239e-16
-1.98876e-15
-8.58801e-16
-1.95739e-15
 7.24804e-16
 1.72750e-15
 2.67778e-15
 4.48552e-15
 3.07555e-15
 2.97163e-15
 3.99003e-15
 2.48079e-15
 4.37555e-15
 4.45260e-15
 3.80790e-15
 2.48146e-15
 2.14866e-15
-1.00494e-15
-3.36970e-15
-1.69958e-15
 9.65693e-16
 2.61526e-15
 3.99519e-15
 5.68597e-15
 5.20155e-15
 3.36277e-15
 4.58204e-15
 9.81783e-15
 1.63560e-14
 1.67029e-14
 0.00000e+00
 0.00000e+00
 0.00000e+00
 0.00000e+00
 0.00000e+00
 0.00000e+00
 0.00000e+00
 0.00000e+00
 0.00000e+00
 0.00000e+00
 0.00000e+00
 0.00000e+00
 0.00000e+00
 0.00000e+00
 0.00000e+00
 0.00000e+00
 0.00000e+00
 0.00000e+00
 0.00000e+00
 0.00000e+00
 0.00000e+00
 0.00000e+00
 0.00000e+00
 0.00000e+00
 0.00000e+00
 0.00000e+00
 0.00000e+00
 0.00000e+00
 0.00000e+00
 0.00000e+00
 0.00000e+00
 0.00000e+00
 0.00000e+00
 0.00000e+00
 0.00000e+00
 0.00000e+00
 0.00000e+00
 0.00000e+00
 0.00000e+00
 0.00000e+00
 0.00000e+00
 0.00000e+00
 0.00000e+00
 0.00000e+00
 0.00000e+00
 0.00000e+00
 0.00000e+00
 0.00000e+00
 0.00000e+00
 0.00000e+00
 0.00000e+00
 0.00000e+00
 0.00000e+00
 0.00000e+00
 0.00000e+00
 0.00000e+00
 0.00000e+00
 0.00000e+00
 0.00000e+00
 0.00000e+00
 0.00000e+00
 0.00000e+00
 0.00000e+00
 0.00000e+00
 0.00000e+00
 0.00000e+00
 0.00000e+00
 0.00000e+00
 0.00000e+00
 0.00000e+00
 0.00000e+00
 0.00000e+00
 0.00000e+00
 0.00000e+00
 0.00000e+00
 0.00000e+00
 0.00000e+00
 0.00000e+00
 0.00000e+00
 0.00000e+00
 0.00000e+00
 0.00000e+00
 0.00000e+00
 0.00000e+00
 0.00000e+00
 0.00000e+00
 0.00000e+00
 0.00000e+00
 0.00000e+00
 0.00000e+00
 0.00000e+00
 0.00000e+00
 0.00000e+00
 0.00000e+00
 0.00000e+00
 0.00000e+00
 0.00000e+00
 0.00000e+00
 0.00000e+00
 0.00000e+00
 0.00000e+00
 0.00000e+00
 0.00000e+00
 0.00000e+00
 0.00000e+00
 0.00000e+00
 3.27741e-16
-1.33329e-16
-9.48262e-17
-2.00030e-16
-2.31032e-15
 2.23604e-15
-1.20200e-15
 6.54546e-16
-4.85154e-15
 3.87025e-15
 3.98190e-17
-3.45534e-16
-6.19762e-16
-9.38783e-16
-4.44916e-16
-1.69855e-15
-2.66201e-15
-1.07466e-14
 4.43330e-15
-8.65084e-16
-3.20072e-15
-2.95830e-15
-6.58215e-16
 1.45269e-15
-9.81063e-16
 8.14945e-16
 1.69799e-15
 2.99704e-15
-8.39348e-17
-3.71069e-15
-4.86080e-15
-3.49258e-15
-1.24759e-15
-8.28001e-16
-2.96822e-15
-1.88676e-15
-1.23262e-15
-1.75071e-15
-3.34172e-15
-2.25851e-15
-1.23938e-15
-1.91302e-16
 2.87585e-16
-5.24305e-16
-1.38205e-15
-2.26443e-15
-4.53465e-15
-8.00635e-15
-7.13932e-15
-4.31536e-15
-2.72782e-16
 5.16144e-18
-1.41039e-15
-1.31787e-15
-1.62837e-15
-1.17419e-16
 1.05163e-15
-1.34932e-15
 2.20536e-15
-2.03171e-15
-3.02977e-17
-3.05336e-15
 3.87250e-15
-5.94322e-16
 1.35483e-15
-3.85428e-16
-2.53268e-16
 2.91217e-17
 2.23995e-16
 1.55804e-15
-3.12801e-15
 7.99495e-15
 1.63262e-15
 1.43917e-15
 2.91749e-15
-1.08992e-15
 6.94781e-16
 2.18295e-15
-1.69213e-15
-2.04333e-15
 8.41181e-16
-2.84180e-15
-6.84369e-16
 2.50059e-15
 3.06697e-15
 1.92746e-15
 2.00442e-15
-9.79643e-17
-2.21665e-17
 5.17003e-16
 1.77697e-15
 3.17160e-15
 4.80873e-15
 4.64212e-15
 5.31124e-15
 6.99607e-15
 7.94146e-15
 6.68422e-15
 2.98066e-15
 1.60844e-15
 1.31838e-15
 1.07677e-15
-1.35159e-15
-7.72988e-15
-9.05945e-15
-6.29558e-15
 2.78047e-16
 7.11767e-16
-4.82980e-16
-2.23000e-16
-2.33666e-15
 2.05977e-15
-6.82205e-16
 2.99434e-16
-5.21160e-15
 2.34177e-15
-2.17386e-15
-9.93670e-16
 6.52765e-16
 8.07175e-16
 1.20621e-15
-5.21762e-17
-1.48853e-15
-8.48179e-15
 5.82955e-15
-2.24246e-15
-4.46784e-15
 1.18316e-17
 2.17551e-15
 2.25377e-15
 9.97332e-16
 2.11243e-15
 9.61670e-16
-3.68820e-15
-2.90320e-16
 4.71747e-16
-2.72739e-17
 1.37806e-15
 3.27884e-15
 2.40101e-15
-5.47841e-16
-1.45850e-15
 1.76428e-16
 3.85176e-15
 1.85365e-15
-3.46060e-15
-6.03014e-15
-5.83410e-15
-6.33528e-15
-7.16462e-15
-6.32972e-15
-4.35380e-15
-1.92097e-15
-1.04367e-15
 5.80517e-17
-7.25733e-16
-2.28437e-15
-4.45374e-15
-5.42613e-15
-3.27406e-15
-3.08215e-15
-1.55945e-15
-1.30811e-15
-3.54944e-16
-9.42641e-16
-7.11172e-16
-4.10072e-16
-3.77359e-15
 3.31277e-15
-1.43143e-15
 3.82569e-15
-1.17980e-15
-1.84793e-15
-3.29381e-15
-2.35004e-15
 3.99876e-16
-7.34500e-15
 7.30730e-15
-2.49761e-16
 1.55580e-15
 3.52935e-15
-1.28048e-15
-2.87889e-15
-8.41690e-16
-7.61319e-16
-2.96047e-15
 9.89876e-16
 3.98032e-17
 1.40628e-15
 3.85338e-15
 2.30701e-15
 2.54808e-15
 3.46480e-15
 1.54841e-15
 2.61747e-15
 1.04768e-15
 2.96451e-16
 1.83951e-15
 3.65341e-15
 2.39762e-15
 1.26597e-16
 1.78029e-16
 6.83652e-16
 4.22962e-16
 4.50557e-16
 7.88383e-16
-1.29902e-16
 8.11009e-16
 3.81060e-15
 1.03764e-14
 1.28750e-14
 1.15725e-14
 0.00000e+00
 0.00000e+00
 0.00000e+00
 0.00000e+00
 0.00000e+00
 0.00000e+00
 0.00000e+00
 0.00000e+00
 0.00000e+00
 0.00000e+00
 0.00000e+00
 0.00000e+00
 0.00000e+00
 0.00000e+00
 0.00000e+00
 0.00000e+00
 0.00000e+00
 0.00000e+00
 0.00000e+00
 0.00000e+00
 0.00000e+00
 0.00000e+00
 0.00000e+00
 0.00000e+00
 0.00000e+00
 0.00000e+00
 0.00000e+00
 0.00000e+00
 0.00000e+00
 0.00000e+00
 0.00000e+00
 0.00000e+00
 0.00000e+00
 0.00000e+00
 0.00000e+00
 0.00000e+00
 0.00000e+00
 0.00000e+00
 0.00000e+00
 0.00000e+00
 0.00000e+00
 0.00000e+00
 0.00000e+00
 0.00000e+00
 0.00000e+00
 0.00000e+00
 0.00000e+00
 0.00000e+00
 0.00000e+00
 0.00000e+00
 0.00000e+00
 0.00000e+00
 0.00000e+00
 0.00000e+00
 0.00000e+00
 0.00000e+00
 0.00000e+00
 0.00000e+00
 0.00000e+00
 0.00000e+00
 0.00000e+00
 0.00000e+00
 0.00000e+00
 0.00000e+00
 0.00000e+00
 0.00000e+00
 0.00000e+00
 0.00000e+00
 0.00000e+00
 0.00000e+00
 0.00000e+00
 0.00000e+00
 0.00000e+00
 0.00000e+00
 0.00000e+00
 0.00000e+00
 0.00000e+00
 0.00000e+00
 0.00000e+00
 0.00000e+00
 0.00000e+00
 0.00000e+00
 0.00000e+00
 0.00000e+00
 0.00000e+00
 0.00000e+00
 0.00000e+00
 0.00000e+00
 0.00000e+00
 0.00000e+00
 0.00000e+00
 0.00000e+00
 0.00000e+00
 0.00000e+00
 0.00000e+00
 0.00000e+00
 0.00000e+00
 0.00000e+00
 0.00000e+00
 0.00000e+00
 0.00000e+00
 0.00000e+00
 0.00000e+00
 0.00000e+00
 0.00000e+00
 0.00000e+00
 5.87006e-16
-2.29793e-16
 3.35670e-17
 2.74947e-16
-7.00577e-16
 2.58173e-15
-7.82035e-16
 1.05720e-15
-2.55077e-15
 2.97038e-15
-5.89944e-16
 1.00813e-15
-6.27370e-16
-1.37628e-15
-8.08019e-16
-5.49066e-16
-4.11834e-16
-7.20501e-15
 8.05235e-15
 4.26430e-16
-1.81707e-16
-8.45495e-16
-5.95140e-16
-1.10621e-15
-7.97638e-16
 1.70420e-15
 1.94840e-15
 2.25361e-15
-1.20063e-15
-5.04934e-15
-1.08380e-15
 1.90529e-16
-6.44487e-16
 6.80725e-16
 4.90722e-16
 1.33067e-15
 1.46135e-16
-1.69901e-15
-2.79809e-15
-2.52804e-15
-1.43845e-15
 5.06639e-16
 3.45028e-16
 8.82321e-16
 6.11090e-16
-1.78679e-15
-2.33594e-15
-2.55643e-15
-1.00175e-15
-5.66139e-16
-1.09330e-16
 4.49076e-16
 9.22566e-16
-9.14345e-16
-1.11742e-15
-1.98660e-16
 6.55765e-16
-1.31908e-15
 2.04323e-15
-1.60764e-15
-4.05309e-16
-1.96365e-15
 2.98273e-15
-2.31191e-15
 9.26501e-17
 2.33972e-16
 1.04395e-15
 1.07399e-15
-1.20241e-15
-1.00077e-15
-6.82604e-15
 5.26694e-15
 8.02284e-16
-1.32317e-15
 1.24026e-15
-5.04267e-16
 9.62896e-16
 8.23556e-16
 1.42329e-15
-1.93925e-15
-1.12318e-15
-1.94413e-15
-4.97662e-16
-8.36389e-16
-3.56856e-16
 2.03666e-15
 8.67840e-16
-4.00322e-15
-2.85494e-15
-1.76534e-15
 2.04675e-15
 3.68224e-15
 3.82399e-15
 3.40213e-15
 3.47627e-15
 4.98736e-15
 5.91259e-15
 4.72591e-15
 2.93492e-15
 2.07765e-15
 2.27797e-15
 2.41906e-15
 7.61542e-16
-3.40343e-15
-7.30918e-15
-7.15438e-15
-8.04501e-17
-7.78682e-16
-1.12623e-15
-1.23891e-16
-1.50168e-15
 9.63961e-16
 3.49476e-16
 1.30164e-15
-4.79409e-15
 1.41325e-15
 3.12243e-16
 7.93216e-16
 1.04759e-15
 7.29285e-17
-6.20535e-16
-8.62738e-16
 5.11926e-16
-8.15915e-15
 5.37291e-15
 2.12421e-15
-2.04160e-15
 1.31409e-15
 3.58632e-15
 1.69347e-15
 5.01721e-16
-1.04120e-15
-1.58808e-15
-3.22914e-15
-7.38653e-16
-1.28875e-15
-1.10777e-15
 4.73297e-16
 5.12777e-16
 1.97962e-15
 2.57463e-16
 1.49692e-16
 3.20420e-15
 6.03518e-15
 5.37996e-15
 2.50965e-15
-3.06712e-15
-4.51402e-15
-3.98599e-15
-2.76319e-15
-5.87650e-16
 8.48696e-16
 9.97917e-16
 8.84658e-17
-1.36987e-15
-1.85822e-15
-1.48611e-15
-1.09454e-16
 1.33897e-15
-3.39411e-15
-2.98145e-15
-2.13953e-15
-9.11742e-16
-1.78208e-15
-1.31454e-15
-2.38575e-15
-1.42425e-15
-2.93661e-15
 2.85237e-15
-3.15998e-15
 2.64318e-15
-1.38572e-15
-1.23380e-15
-8.70231e-16
-9.44396e-16
-1.66011e-15
-5.08647e-15
 4.73603e-15
-1.28624e-15
-2.19121e-17
 5.22552e-16
-1.60906e-15
-3.60476e-15
-1.45454e-15
-5.07736e-16
 3.30793e-16
 1.44938e-15
-1.56122e-15
-9.71355e-16
 1.24884e-15
 8.36632e-16
 1.08804e-15
 1.15208e-15
-6.50906e-16
-4.97683e-16
-3.33506e-15
-4.78562e-15
-4.81239e-15
-2.98345e-15
-1.15719e-16
-9.20270e-17
-1.06741e-15
-2.95374e-15
-5.82573e-15
-6.77034e-15
-4.88746e-15
-3.89554e-15
-3.20928e-15
-2.56833e-15
-1.35327e-15
-9.54900e-16
-8.30853e-16
 0.00000e+00
 0.00000e+00
 0.00000e+00
 0.00000e+00
 0.00000e+00
 0.00000e+00
 0.00000e+00
 0.00000e+00
 0.00000e+00
 0.00000e+00
 0.00000e+00
 0.00000e+00
 0.00000e+00
 0.00000e+00
 0.00000e+00
 0.00000e+00
 0.00000e+00
 0.00000e+00
 0.00000e+00
 0.00000e+00
 0.00000e+00
 0.00000e+00
 0.00000e+00
 0.00000e+00
 0.00000e+00
 0.00000e+00
 0.00000e+00
 0.00000e+00
 0.00000e+00
 0.00000e+00
 0.00000e+00
 0.00000e+00
 0.00000e+00
 0.00000e+00
 0.00000e+00
 0.00000e+00
 0.00000e+00
 0.00000e+00
 0.00000e+00
 0.00000e+00
 0.00000e+00
 0.00000e+00
 0.00000e+00
 0.00000e+00
 0.00000e+00
 0.00000e+00
 0.00000e+00
 0.00000e+00
 0.00000e+00
 0.00000e+00
 0.00000e+00
 0.00000e+00
 0.00000e+00
 0.00000e+00
 0.00000e+00
 0.00000e+00
 0.00000e+00
 0.00000e+00
 0.00000e+00
 0.00000e+00
 0.00000e+00
 0.00000e+00
 0.00000e+00
 0.00000e+00
 0.00000e+00
 0.00000e+00
 0.00000e+00
 0.00000e+00
 0.00000e+00
 0.00000e+00
 0.00000e+00
 0.00000e+00
 0.00000e+00
 0.00000e+00
 0.00000e+00
 0.00000e+00
 0.00000e+00
 0.00000e+00
 0.00000e+00
 0.00000e+00
 0.00000e+00
 0.00000e+00
 0.00000e+00
 0.00000e+00
 0.00000e+00
 0.00000e+00
 0.00000e+00
 0.00000e+00
 0.00000e+00
 0.00000e+00
 0.00000e+00
 0.00000e+00
 0.00000e+00
 0.00000e+00
 0.00000e+00
 0.00000e+00
 0.00000e+00
 0.00000e+00
 0.00000e+00
 0.00000e+00
 0.00000e+00
 0.00000e+00
 0.00000e+00
 0.00000e+00
 0.00000e+00
 0.00000e+00
 1.30090e-15
 4.87776e-16
 1.12631e-15
 8.57936e-16
 5.85031e-16
 2.22524e-15
 4.33135e-16
 1.95434e-15
-8.99124e-16
 2.26918e-15
-2.13478e-15
 2.19445e-15
-2.12406e-16
-3.63642e-15
-2.22443e-15
-1.11212e-15
-1.54547e-15
-6.19285e-15
 6.63507e-15
-5.04660e-15
-1.35181e-15
-3.44381e-16
-6.55074e-16
-4.43203e-15
-3.25981e-15
 2.93262e-15
-5.87391e-16
-3.08693e-15
-2.26212e-15
-3.36417e-15
 2.96727e-15
 1.59976e-15
 1.03739e-16
-5.64480e-16
-4.72701e-15
-4.12334e-15
-2.33243e-15
-4.19545e-15
-3.80673e-15
-2.42097e-15
-1.03146e-15
 2.07769e-15
 5.48823e-15
 5.67086e-15
 3.99265e-15
 5.45696e-16
-7.15510e-16
-1.29912e-15
-8.23163e-16
-2.42801e-15
-1.79346e-15
 1.18963e-15
 3.58650e-15
-1.32545e-15
-1.11990e-15
-1.18377e-16
-1.33440e-15
-1.89238e-15
 2.20547e-15
-1.61885e-15
-1.01893e-15
-1.17612e-15
 1.51289e-15
-2.94818e-15
 3.97954e-16
 1.28847e-16
 2.85789e-15
 1.30449e-15
-1.42600e-15
-9.49386e-16
-8.17581e-15
 6.34161e-15
 5.57597e-15
-1.15184e-15
 1.91594e-15
 3.13934e-15
 2.92579e-15
 6.66995e-16
-3.68237e-16
-2.85308e-15
 1.23551e-15
 8.84868e-16
-1.58047e-15
-4.08234e-15
-2.21493e-15
-5.32971e-16
 1.21113e-15
 2.47378e-16
 9.76378e-16
 1.52731e-15
 7.04383e-15
 6.72031e-15
 5.51481e-15
 3.66292e-15
 1.21043e-15
 1.88553e-15
 5.17793e-15
 6.05725e-15
 5.68712e-15
 6.63348e-15
 6.76248e-15
 5.60127e-15
 4.52637e-15
 4.50168e-15
 1.82710e-15
-1.23932e-15
-1.38909e-15
-2.08772e-15
-1.89051e-15
 6.88090e-16
-1.41261e-15
-7.82094e-16
 1.29358e-15
 1.33151e-15
-3.04469e-15
 2.19370e-15
 5.59535e-16
 1.43258e-15
 2.19468e-15
-6.51763e-16
-3.40782e-16
-1.85478e-15
-8.97148e-16
-6.96132e-15
 5.29831e-15
-2.09145e-15
-2.83202e-15
 1.66081e-15
-1.14621e-15
 7.12058e-16
 7.09019e-16
 1.61439e-15
 5.46986e-18
-3.66400e-15
-8.79208e-16
-1.20679e-15
-8.95254e-16
 2.38283e-16
 2.08876e-15
 1.94049e-15
-2.60754e-15
-2.44886e-15
 1.35090e-15
 5.12823e-15
 6.77345e-15
 5.41307e-15
 6.07189e-16
-3.27831e-15
-3.41949e-15
-1.97385e-15
-5.57101e-17
-2.79460e-16
-2.84426e-15
-5.55399e-15
-5.65824e-15
-5.42398e-15
-6.35651e-15
-6.92908e-15
-7.90964e-15
-4.24012e-15
-3.54353e-15
-2.96530e-15
-1.26767e-15
-3.06786e-15
 2.93660e-16
-2.67462e-15
-1.85988e-15
-3.07436e-15
 1.16399e-15
-4.17274e-15
 1.32033e-15
-2.94123e-15
-1.20361e-15
-1.92299e-15
 2.12330e-16
-1.16572e-15
-5.24960e-15
 2.39271e-15
 2.70227e-15
 2.99276e-17
-2.06879e-15
 3.37844e-15
-5.56953e-15
-3.81711e-15
-1.40421e-15
-7.72080e-16
 1.15657e-15
-1.80408e-15
-2.17914e-15
 1.20809e-15
-7.44725e-17
-2.82735e-15
-6.50706e-16
 8.43115e-16
 3.17951e-15
-8.36893e-16
-6.49590e-15
-8.78107e-15
-8.47329e-15
-5.68743e-15
-2.12842e-15
-2.34967e-15
-4.39077e-15
-7.67407e-15
-7.53013e-15
-3.25195e-15
-9.16118e-16
-1.79015e-15
-3.42666e-15
-4.18305e-15
-2.91566e-15
-7.58407e-16
 0.00000e+00
 0.00000e+00
 0.00000e+00
 0.00000e+00
 0.00000e+00
 0.00000e+00
 0.00000e+00
 0.00000e+00
 0.00000e+00
 0.00000e+00
 0.00000e+00
 0.00000e+00
 0.00000e+00
 0.00000e+00
 0.00000e+00
 0.00000e+00
 0.00000e+00
 0.00000e+00
 0.00000e+00
 0.00000e+00
 0.00000e+00
 0.00000e+00
 0.00000e+00
 0.00000e+00
 0.00000e+00
 0.00000e+00
 0.00000e+00
 0.00000e+00
 0.00000e+00
 0.00000e+00
 0.00000e+00
 0.00000e+00
 0.00000e+00
 0.00000e+00
 0.00000e+00
 0.00000e+00
 0.00000e+00
 0.00000e+00
 0.00000e+00
 0.00000e+00
 0.00000e+00
 0.00000e+00
 0.00000e+00
 0.00000e+00
 0.00000e+00
 0.00000e+00
 0.00000e+00
 0.00000e+00
 0.00000e+00
 0.00000e+00
 0.00000e+00
 0.00000e+00
 0.00000e+00
 0.00000e+00
 0.00000e+00
 0.00000e+00
 0.00000e+00
 0.00000e+00
 0.00000e+00
 0.00000e+00
 0.00000e+00
 0.00000e+00
 0.00000e+00
 0.00000e+00
 0.00000e+00
 0.00000e+00
 0.00000e+00
 0.00000e+00
 0.00000e+00
 0.00000e+00
 0.00000e+00
 0.00000e+00
 0.00000e+00
 0.00000e+00
 0.00000e+00
 0.00000e+00
 0.00000e+00
 0.00000e+00
 0.00000e+00
 0.00000e+00
 0.00000e+00
 0.00000e+00
 0.00000e+00
 0.00000e+00
 0.00000e+00
 0.00000e+00
 0.00000e+00
 0.00000e+00
 0.00000e+00
 0.00000e+00
 0.00000e+00
 0.00000e+00
 0.00000e+00
 0.00000e+00
 0.00000e+00
 0.00000e+00
 0.00000e+00
 0.00000e+00
 0.00000e+00
 0.00000e+00
 0.00000e+00
 0.00000e+00
 0.00000e+00
 0.00000e+00
 0.00000e+00
 0.00000e+00
 0.00000e+00
 0.00000e+00
 0.00000e+00
 0.00000e+00
 0.00000e+00
 0.00000e+00
 0.00000e+00
 0.00000e+00
 0.00000e+00
 0.00000e+00
 0.00000e+00
 0.00000e+00
 0.00000e+00
 0.00000e+00
 0.00000e+00
 0.00000e+00
 0.00000e+00
 0.00000e+00
 0.00000e+00
 0.00000e+00
 0.00000e+00
 0.00000e+00
 0.00000e+00
 0.00000e+00
 0.00000e+00
 0.00000e+00
 0.00000e+00
 0.00000e+00
 0.00000e+00
 0.00000e+00
 0.00000e+00
 0.00000e+00
 0.00000e+00
 0.00000e+00
 0.00000e+00
 0.00000e+00
 0.00000e+00
 0.00000e+00
 0.00000e+00
 0.00000e+00
 0.00000e+00
 0.00000e+00
 0.00000e+00
 0.00000e+00
 0.00000e+00
 0.00000e+00
 0.00000e+00
 0.00000e+00
 0.00000e+00
 0.00000e+00
 0.00000e+00
 0.00000e+00
 0.00000e+00
 0.00000e+00
 0.00000e+00
 0.00000e+00
 0.00000e+00
 0.00000e+00
 0.00000e+00
 0.00000e+00
 0.00000e+00
 0.00000e+00
 0.00000e+00
 0.00000e+00
 0.00000e+00
 0.00000e+00
 0.00000e+00
 0.00000e+00
 0.00000e+00
 0.00000e+00
 0.00000e+00
 0.00000e+00
 0.00000e+00
 0.00000e+00
 0.00000e+00
 0.00000e+00
 0.00000e+00
 0.00000e+00
 0.00000e+00
 0.00000e+00
 0.00000e+00
 0.00000e+00
 0.00000e+00
 0.00000e+00
 0.00000e+00
 0.00000e+00
 0.00000e+00
 0.00000e+00
 0.00000e+00
 0.00000e+00
 0.00000e+00
 0.00000e+00
 0.00000e+00
 0.00000e+00
 0.00000e+00
 0.00000e+00
 0.00000e+00
 0.00000e+00
 0.00000e+00
 0.00000e+00
 0.00000e+00
 0.00000e+00
 0.00000e+00
 0.00000e+00
 0.00000e+00
 0.00000e+00
 0.00000e+00
 0.00000e+00
 0.00000e+00
 0.00000e+00
 0.00000e+00
 0.00000e+00
 0.00000e+00
 0.00000e+00
 0.00000e+00
 0.00000e+00
 0.00000e+00
 0.00000e+00
 0.00000e+00
 0.00000e+00
 0.00000e+00
 0.00000e+00
 0.00000e+00
 0.00000e+00
 0.00000e+00
 0.00000e+00
 0.00000e+00
 0.00000e+00
 0.00000e+00
 0.00000e+00
 0.00000e+00
 0.00000e+00
 0.00000e+00
 0.00000e+00
 0.00000e+00
 0.00000e+00
 0.00000e+00
 0.00000e+00
 0.00000e+00
 0.00000e+00
 0.00000e+00
 0.00000e+00
 0.00000e+00
 0.00000e+00
 0.00000e+00
 0.00000e+00
 0.00000e+00
 0.00000e+00
 0.00000e+00
 0.00000e+00
 0.00000e+00
 0.00000e+00
 0.00000e+00
 0.00000e+00
 0.00000e+00
 0.00000e+00
 0.00000e+00
 0.00000e+00
 0.00000e+00
 0.00000e+00
 0.00000e+00
 0.00000e+00
 0.00000e+00
 0.00000e+00
 0.00000e+00
 0.00000e+00
 0.00000e+00
 0.00000e+00
 0.00000e+00
 0.00000e+00
 0.00000e+00
 0.00000e+00
 0.00000e+00
 0.00000e+00
 0.00000e+00
 0.00000e+00
 0.00000e+00
 0.00000e+00
 0.00000e+00
 0.00000e+00
 0.00000e+00
 0.00000e+00
 0.00000e+00
 0.00000e+00
 0.00000e+00
 0.00000e+00
 0.00000e+00
 0.00000e+00
 0.00000e+00
 0.00000e+00
 0.00000e+00
 0.00000e+00
 0.00000e+00
 0.00000e+00
 0.00000e+00
 0.00000e+00
 0.00000e+00
 0.00000e+00
 0.00000e+00
 0.00000e+00
 0.00000e+00
 0.00000e+00
 0.00000e+00
 0.00000e+00
 0.00000e+00
 0.00000e+00
 0.00000e+00
 0.00000e+00
 0.00000e+00
 0.00000e+00
 0.00000e+00
 0.00000e+00
 0.00000e+00
 0.00000e+00
 0.00000e+00
 0.00000e+00
 0.00000e+00
 0.00000e+00
 0.00000e+00
 0.00000e+00
 0.00000e+00
 0.00000e+00
 0.00000e+00
 0.00000e+00
 0.00000e+00
 0.00000e+00
 0.00000e+00
 0.00000e+00
 0.00000e+00
 0.00000e+00
 0.00000e+00
 0.00000e+00
 0.00000e+00
 0.00000e+00
 0.00000e+00
 0.00000e+00
 0.00000e+00
 0.00000e+00
 0.00000e+00
 0.00000e+00
 0.00000e+00
 0.00000e+00
 0.00000e+00
 0.00000e+00
 0.00000e+00
 0.00000e+00
 0.00000e+00
 0.00000e+00
 0.00000e+00
 0.00000e+00
 0.00000e+00
 0.00000e+00
 0.00000e+00
 0.00000e+00
 0.00000e+00
 0.00000e+00
 0.00000e+00
 0.00000e+00
 0.00000e+00
 0.00000e+00
 0.00000e+00
 0.00000e+00
 0.00000e+00
 0.00000e+00
 0.00000e+00
-4.53078e-16
 5.63543e-16
 9.80615e-17
-3.16245e-17
 3.25791e-15
-5.27915e-15
 1.82558e-15
 3.70041e-16
 3.92098e-15
-5.08981e-15
 4.64068e-15
-3.90238e-15
 1.56206e-15
 1.07767e-15
 3.42054e-16
-1.58940e-16
 1.10891e-15
 8.22192e-15
-6.17434e-15
-3.60557e-15
 8.00867e-15
-4.65262e-15
-3.79664e-15
-2.70490e-15
 2.17253e-15
 3.79545e-15
 3.36136e-15
 2.51720e-16
 1.07635e-15
 1.53860e-15
-1.03211e-16
 1.08487e-15
-1.06109e-15
-1.92750e-15
-1.98640e-15
-3.22052e-15
-3.06533e-15
-7.48834e-15
-8.81846e-15
-8.18489e-15
-3.82538e-15
-2.63815e-15
 2.08090e-15
 5.66652e-15
 4.43370e-15
 4.48408e-15
 6.13906e-15
 4.88794e-15
 1.63256e-15
 2.62087e-15
 2.40052e-15
 1.38920e-15
-1.26941e-15
-1.62247e-15
-7.71601e-16
-8.27978e-16
-1.17067e-15
 3.14450e-15
-4.02049e-15
 1.79330e-15
-5.53555e-16
 5.42066e-15
-4.76094e-15
 3.98230e-15
-3.96162e-15
 4.60846e-16
 1.56837e-15
 1.72277e-16
 8.99136e-16
 1.02440e-15
 6.77208e-15
-6.38328e-15
-9.90274e-16
 8.55574e-15
-5.78232e-15
-1.67589e-15
-2.19961e-15
 1.19320e-15
 2.43020e-16
 2.57847e-15
 2.46521e-15
 2.58285e-15
 1.10936e-15
 2.52669e-16
 1.04294e-15
-1.07829e-15
 1.18954e-15
 2.56110e-15
-2.02319e-17
-7.20534e-16
-3.69141e-15
-2.19884e-15
-1.48909e-16
-6.35373e-16
-1.50507e-15
 1.31881e-15
 4.63823e-15
 4.95076e-15
 5.35627e-15
 6.82314e-15
 5.07225e-15
 3.08719e-15
 4.89484e-15
 5.54364e-15
 6.16787e-15
 6.08519e-15
-1.85039e-15
-1.63804e-15
-2.01516e-15
-2.69496e-15
 1.05333e-15
-4.42156e-15
 3.10084e-15
 3.64092e-17
 3.38114e-15
-5.26251e-15
 4.46253e-15
-4.92873e-15
 1.67544e-15
 2.89312e-15
 4.27361e-16
-3.33850e-16
-8.93562e-16
 3.81399e-15
-8.49936e-15
-1.59392e-15
 6.52782e-15
-7.35071e-15
-1.66700e-15
 9.79076e-18
-7.63391e-16
-1.53680e-15
 1.10920e-15
-5.81386e-16
 1.54897e-15
 1.63079e-15
 2.94698e-17
-1.96863e-15
-1.68524e-15
 3.26398e-16
 1.70049e-15
-1.00400e-15
-2.02429e-15
-3.17217e-15
-4.05989e-16
 8.52801e-16
-4.24120e-16
-1.92217e-15
-5.45692e-16
 5.27408e-16
 1.57016e-15
 2.25930e-15
 2.93652e-15
 1.67305e-15
-5.08966e-17
 1.20055e-15
 1.82355e-15
 2.71979e-15
 2.58661e-15
-3.54623e-16
 9.27535e-17
 1.48481e-16
 8.81502e-16
 2.25221e-15
-3.31995e-15
 5.44570e-16
 4.71798e-16
 4.56095e-15
-3.56535e-15
 4.99744e-15
-3.79244e-15
 2.24065e-15
 2.00943e-15
 1.00808e-15
 7.56894e-16
 2.05687e-16
 7.30970e-15
-6.26024e-15
-2.80313e-16
 8.71299e-15
-4.73670e-15
 1.02217e-16
 1.08752e-15
 6.81331e-16
 7.97353e-16
 6.34430e-16
-2.99774e-15
 7.87247e-16
 2.01852e-15
 6.52465e-16
-2.17485e-15
-2.32374e-15
-1.94779e-15
 1.47543e-16
-5.62535e-16
-2.00580e-15
-4.68708e-15
-3.82865e-15
-3.22996e-15
-1.25791e-15
 7.48645e-16
 1.40224e-15
 7.22106e-16
-4.11332e-17
-6.02560e-16
-1.11003e-15
-2.48110e-15
-3.88827e-15
-3.54401e-15
-4.66742e-15
-5.70016e-15
-7.51766e-15
-4.07596e-15
-3.59104e-15
-3.67191e-15
-1.88774e-15
-1.84887e-15
-4.05188e-15
-2.68339e-15
-2.97167e-15
 1.04360e-15
-7.24405e-15
 7.31987e-16
-4.88578e-15
-2.14492e-15
-3.07036e-15
-2.14342e-15
-2.46721e-15
-7.49865e-16
 3.71556e-15
-7.04214e-15
-1.84262e-15
 6.19006e-15
-5.38239e-15
-2.55898e-15
-1.20923e-15
-1.00812e-15
-1.39124e-15
-1.49188e-15
-4.73358e-15
-3.45532e-15
-2.00726e-15
-9.51330e-16
-9.29852e-16
-1.35185e-15
-1.14910e-15
 6.03820e-16
-3.96695e-16
-2.68666e-15
-4.50945e-15
-4.07062e-15
-3.35513e-15
-1.85326e-15
-4.83848e-16
 6.51117e-16
 2.43431e-16
-8.88817e-16
-7.39704e-16
-4.21979e-16
-1.34220e-15
-2.14856e-15
-1.36667e-15
-8.15609e-16
 1.79932e-16
 6.38676e-16
 3.44526e-15
 2.62190e-15
 1.92270e-15
 2.91486e-15
 2.29000e-15
 2.84351e-15
 6.84421e-15
 4.14125e-15
 4.29248e-15
-1.62244e-16
 8.08982e-15
 3.83116e-15
 5.67949e-15
 3.80523e-15
 5.57225e-15
 2.21409e-15
 3.63247e-15
 2.54745e-15
-1.15610e-15
 2.07939e-15
 9.54050e-15
 1.95327e-15
 1.91371e-15
 7.76101e-15
 4.75542e-15
 5.73588e-15
 7.78478e-15
 1.94901e-15
 9.94911e-16
 5.48140e-15
 6.57304e-15
 6.45976e-15
 9.08472e-15
 7.03814e-15
 5.40198e-15
 3.64058e-15
 3.68393e-15
 3.92939e-15
 3.96226e-15
 5.09531e-15
 4.41483e-15
 4.32240e-15
 6.53501e-15
 7.33405e-15
 6.33950e-15
 7.59322e-15
 9.03983e-15
 8.53875e-15
 6.67319e-15
 7.09790e-15
 9.28773e-15
 1.31004e-14
 1.47152e-14
-7.84401e-17
-7.85486e-16
-1.91214e-15
-1.65503e-15
 1.83926e-15
-3.11676e-15
 1.51447e-15
-1.59487e-15
 5.02140e-15
-5.14608e-15
 4.83492e-15
-3.54530e-15
 6.36592e-16
 1.43253e-15
 1.14697e-15
 2.34953e-15
 2.87460e-15
 5.76296e-15
-3.34779e-15
 5.01321e-15
 8.21048e-15
-2.83794e-15
 1.56926e-15
-1.96755e-15
 7.04143e-16
 1.72928e-15
 3.52868e-15
 9.15870e-16
 1.23120e-16
 4.48201e-16
 2.71475e-15
 1.32677e-15
-2.61585e-16
-2.03823e-15
 4.15148e-15
 3.31544e-15
-1.75171e-15
-1.29065e-16
 2.12469e-15
 2.79413e-16
 2.43544e-15
 3.55979e-15
 4.95447e-16
-7.98321e-16
 3.21663e-15
 2.82052e-15
 1.62418e-15
 4.98276e-15
 5.70092e-15
 3.79838e-15
 5.84359e-16
 1.80484e-15
 6.29120e-15
-6.38521e-17
 4.81641e-16
-1.44188e-15
-1.82687e-15
 2.07037e-15
-4.93113e-15
 1.32329e-15
-1.56640e-15
 3.19029e-15
-4.40412e-15
 5.02346e-15
-4.58203e-15
 2.45624e-17
-5.04978e-16
 1.53551e-16
 2.58718e-16
-3.11513e-16
 3.69433e-15
-7.07746e-15
-4.50998e-16
 5.47958e-15
-6.07736e-15
-6.54576e-16
-3.23405e-15
-2.18835e-15
 2.23021e-15
 2.56633e-15
-2.93386e-15
-7.30127e-16
-1.71180e-17
-1.72863e-15
-3.95634e-15
-3.22731e-15
-6.26854e-15
-2.41307e-15
-2.09221e-15
-4.90543e-15
-5.00181e-15
-4.90713e-15
-5.69828e-15
-2.42895e-15
 1.12179e-15
 1.26231e-16
-1.63556e-15
 6.87966e-16
 9.92308e-17
-3.60955e-15
-2.37702e-15
-1.52690e-15
-1.97101e-15
-3.66529e-15
-3.43308e-15
-1.36002e-15
-1.78030e-17
-2.01231e-16
 6.22832e-17
-1.59455e-15
 1.61166e-15
-4.86859e-15
 1.73612e-15
-7.53818e-16
 2.87107e-15
-4.45515e-15
 4.99697e-15
-4.27951e-15
 1.13612e-16
-6.81373e-16
-5.82952e-16
 9.21426e-16
 1.08009e-15
 5.73637e-15
-6.72475e-15
 2.40012e-15
 8.55979e-15
-5.45193e-15
 6.75252e-16
-2.00108e-15
-1.45252e-16
 1.74629e-16
-1.36281e-16
-1.85141e-15
-1.35696e-16
-1.43310e-15
-3.68752e-15
-4.10553e-15
-4.33394e-15
-4.34571e-15
-1.04200e-16
-7.93814e-16
-2.80977e-15
-4.70568e-15
-4.63796e-15
-4.05732e-15
-3.50671e-16
 2.53480e-15
 3.09146e-15
 2.60271e-15
 2.81127e-15
 1.08548e-15
-4.01011e-15
-4.46204e-15
-4.66529e-15
-4.53209e-15
-5.25267e-15
-4.47090e-15
-1.44921e-15
 1.11223e-15
 1.13228e-15
 9.61885e-16
-1.50528e-16
 2.16099e-15
-2.16153e-15
 2.23986e-15
-1.02862e-15
 5.76511e-15
-2.43336e-15
 5.09237e-15
-3.56890e-15
 2.37769e-15
 1.52085e-15
 1.33484e-15
 3.25066e-15
-2.49269e-16
 6.31677e-15
-5.22937e-15
 1.63961e-15
 9.35224e-15
-4.41025e-15
 6.68011e-16
 2.13479e-15
 4.85338e-15
-3.01610e-16
 2.28545e-15
 6.15186e-16
 1.16531e-15
-1.40519e-15
-1.09358e-15
-2.24436e-16
-4.55287e-16
-2.55562e-16
 3.32036e-15
 8.21026e-16
 9.65345e-16
 1.80096e-15
 1.95250e-15
 1.49367e-15
 3.38262e-15
 4.50914e-15
 3.16077e-15
 2.86431e-15
 2.41665e-15
-3.38903e-17
-1.82255e-15
-3.38147e-16
-8.89562e-16
-3.85827e-15
-8.60673e-15
-8.43057e-15
-5.70680e-15
-3.31682e-15
-2.73319e-15
-3.42172e-15
-4.03340e-15
-8.52305e-16
-4.60632e-15
-1.51545e-15
-4.03792e-15
 4.57278e-16
-5.06853e-15
 2.95284e-15
-5.02485e-15
-9.73462e-16
-1.84946e-15
-1.69061e-15
-2.70230e-15
-4.66853e-15
 4.30094e-15
-7.39106e-15
-4.18161e-15
 4.02304e-15
-6.70148e-15
-2.76811e-15
-2.00748e-15
 1.81973e-16
 6.71451e-16
-8.23229e-16
-5.47065e-15
-1.75581e-15
-1.83995e-15
-1.71243e-15
-5.87070e-15
-3.89965e-15
-3.50592e-15
-1.23836e-15
-1.71740e-15
-2.37503e-15
-2.35175e-15
-2.21890e-15
-2.69512e-15
-9.67087e-16
 6.24433e-16
-1.67873e-15
-4.81309e-15
-4.98739e-15
-5.89132e-15
-6.41861e-15
-3.82757e-15
-2.77258e-15
-4.48158e-15
-8.76637e-15
-1.05481e-14
-1.24919e-14
 3.98036e-15
 3.72296e-15
 4.80731e-15
 3.40687e-15
 4.87008e-15
 2.78905e-15
 4.30484e-15
 4.60874e-15
 6.79504e-15
 1.84766e-15
 9.89686e-15
 5.58587e-15
 4.22957e-15
 4.94338e-15
 4.18595e-15
 2.19829e-15
 4.31437e-15
 1.24034e-14
 3.04800e-15
 9.41602e-15
 1.43636e-14
 2.93296e-15
 8.44239e-15
 1.60684e-15
 6.56115e-15
 1.04323e-14
 2.89654e-15
 2.95931e-15
 5.67142e-15
 7.08087e-15
 8.87006e-15
 1.36154e-15
 8.18569e-16
 4.11905e-15
 8.39876e-15
 1.06224e-14
 8.26732e-15
 3.39528e-15
 5.39282e-15
 7.59969e-15
 7.67755e-15
 8.91759e-15
 6.27212e-15
 2.99705e-15
 3.31000e-15
 2.77037e-15
 1.20161e-15
 1.99223e-15
 4.50100e-15
 4.19497e-15
 2.79029e-15
 1.10607e-15
-3.34541e-15
-3.47048e-16
 1.65208e-16
 1.50358e-15
 1.15930e-15
-1.74171e-16
-3.69446e-15
 2.99214e-16
-2.08187e-16
 3.84437e-15
-6.15713e-15
 2.65692e-15
-4.82032e-15
 1.20924e-16
-1.21698e-15
-1.31893e-15
-4.29691e-16
 1.12164e-16
 9.33267e-15
-6.81577e-15
-5.08064e-15
 4.88054e-15
-8.21257e-15
 1.16886e-15
 2.24710e-15
-1.41551e-15
-2.94088e-15
-2.45177e-15
-4.24942e-15
 5.35781e-15
 8.62903e-15
 2.43942e-15
 3.05803e-16
-9.17426e-16
-2.16292e-17
-2.77337e-15
-5.78931e-15
-1.65327e-15
-4.25380e-15
-4.05298e-15
-1.73078e-15
-2.42808e-15
-2.10168e-15
 3.27865e-15
 3.89073e-15
 2.16886e-15
 3.80101e-15
 2.45287e-15
-5.42009e-15
-1.04894e-14
-7.03031e-15
 6.57891e-16
 7.50664e-15
 5.93281e-15
-1.39773e-15
-9.23433e-16
 2.03916e-16
-2.84608e-16
 3.99839e-16
-1.52252e-15
-7.92694e-16
 6.91227e-17
 5.11343e-15
-5.71666e-15
 3.49848e-15
-4.44716e-15
-4.43940e-16
-2.13875e-16
-7.95163e-16
 4.59176e-16
 2.20224e-15
 1.02095e-14
-3.69271e-15
-3.57556e-16
 7.75354e-15
-6.69678e-15
 1.12529e-15
 2.46981e-15
 1.22118e-15
-3.71804e-15
-2.91601e-16
-7.59795e-16
 3.53918e-15
 5.03607e-15
 2.09571e-15
 2.61556e-15
-2.04279e-16
 2.04707e-15
 4.92573e-15
 2.49336e-15
 2.64591e-15
-4.76696e-16
-1.69377e-15
-1.23483e-15
-1.74513e-15
-3.62772e-15
-2.47932e-15
 5.37236e-16
 1.36601e-15
 3.23847e-15
 3.65506e-15
-1.69187e-16
-4.17791e-15
-1.79882e-15
 3.81070e-15
 6.94378e-15
 5.92858e-15
-1.37410e-15
-1.46601e-15
-1.08364e-15
-6.21801e-16
 7.09027e-16
-1.13123e-15
-1.15828e-15
 3.51983e-16
 4.50352e-15
-5.33559e-15
 3.70675e-15
-4.32925e-15
 3.19427e-16
 1.03737e-15
 5.95943e-16
-4.24647e-16
 9.74099e-16
 9.39829e-15
-3.51854e-15
-1.82433e-15
 7.08096e-15
-7.22664e-15
-1.22120e-15
 5.93616e-16
 2.75654e-15
 1.30900e-15
 2.79468e-15
-4.04967e-16
 7.65407e-16
 1.94070e-15
 2.41844e-15
 4.03320e-15
 2.33663e-15
 2.08555e-15
 4.37951e-15
 3.53540e-15
 1.28580e-15
-2.40974e-15
-2.61907e-15
-2.45969e-15
-1.65688e-15
-3.30309e-15
-4.92909e-15
-4.08043e-15
-3.01576e-15
-1.30503e-15
 6.84669e-16
 7.14287e-17
-5.17524e-17
 1.05054e-15
 1.07579e-15
 9.76410e-16
-1.62052e-15
 2.79358e-16
 7.29557e-16
 1.35633e-15
 1.19265e-15
 2.04231e-15
-7.83420e-16
-1.23505e-16
 1.64983e-15
 6.77240e-15
-4.71932e-15
 4.12504e-15
-3.75798e-15
 2.79857e-15
 1.85238e-15
 2.49647e-16
 9.65941e-16
 4.25041e-16
 5.94217e-15
-7.39033e-15
 8.48836e-17
 7.53184e-15
-7.29737e-15
 1.67577e-15
 1.15522e-15
 1.66048e-15
 2.21558e-15
 1.58314e-15
-1.81873e-15
-1.13421e-16
 1.53000e-15
 1.81508e-15
 3.12204e-15
 1.01359e-15
 4.73142e-16
 1.65974e-15
 2.57276e-15
 1.75709e-15
-2.75312e-15
-2.57358e-15
-2.82323e-15
-2.92962e-15
-2.83338e-15
-1.46630e-15
-8.84412e-16
 5.66745e-16
 4.13374e-15
 4.51056e-15
 2.86266e-15
 1.51946e-15
 2.52393e-15
 3.85606e-15
 6.25412e-15
 6.99261e-15
-3.31557e-15
-3.07736e-15
-2.88295e-15
-2.85926e-15
-1.77717e-15
-1.88175e-15
-3.26385e-15
-2.91588e-15
 1.36609e-15
-7.72287e-15
 3.73606e-16
-5.08291e-15
-1.03564e-15
-1.22140e-15
-2.46034e-15
-1.66825e-15
-2.45780e-15
 2.05987e-15
-1.02305e-14
 7.18678e-16
 3.57497e-15
-9.34822e-15
-1.08532e-15
 4.04071e-16
-6.01910e-16
-4.27894e-15
-2.95754e-15
-3.69063e-15
-4.75896e-15
-4.88283e-15
-5.26781e-15
-9.99762e-16
-3.11246e-15
-3.72768e-15
-4.68687e-16
-1.42929e-15
-2.34283e-15
-5.41184e-15
-5.80960e-15
-5.82522e-15
-5.13235e-15
-4.94284e-15
-3.80247e-15
-2.08902e-15
-2.54955e-16
 2.34324e-15
 2.35907e-15
 2.25620e-16
-3.25303e-15
-2.30076e-15
-7.58900e-16
 2.31392e-15
 8.82474e-15
 1.94677e-15
 3.40110e-15
 2.47384e-15
 3.20680e-15
 3.81147e-15
 4.68992e-15
 4.23620e-15
 1.25759e-15
 5.82736e-15
 1.91170e-15
 6.60732e-15
 5.28175e-15
 5.05409e-15
 6.87345e-15
 7.50554e-15
 4.32181e-15
-2.59924e-16
 7.07521e-15
-3.11458e-15
 3.82129e-15
 7.02860e-15
-3.45308e-15
 2.23387e-15
 8.87107e-15
 8.35418e-15
 4.84920e-15
 6.39585e-15
 4.28472e-15
 1.25653e-16
-4.52233e-16
-6.33961e-16
 5.00391e-15
 6.73126e-15
 1.56386e-15
 7.42325e-16
-3.04958e-15
-2.60689e-15
-1.52021e-15
-9.78849e-16
 2.32350e-16
 4.48945e-15
 4.36270e-15
 2.73813e-15
 2.58530e-15
 1.59570e-15
 2.20264e-15
 1.73297e-15
 2.09034e-16
-1.71855e-15
-1.57811e-15
-4.13206e-15
-4.51750e-15
 3.76002e-18
 1.79233e-15
 1.18511e-15
-1.86121e-16
-8.50533e-17
 2.71539e-15
-3.59638e-15
 2.49714e-15
-9.23494e-16
 3.39582e-15
-4.02907e-15
 2.52144e-15
-9.47855e-16
 6.37945e-16
 2.19553e-15
 2.43056e-15
 3.07832e-15
 9.00644e-16
 6.47913e-15
-8.80013e-15
 4.77683e-15
 5.17083e-15
-7.14961e-15
 9.57655e-16
 5.99343e-15
 3.95773e-15
 7.46841e-16
 2.70289e-15
 4.75980e-15
-1.81522e-15
-3.55102e-15
-3.56427e-15
-1.22951e-15
 9.29935e-16
 1.61027e-15
 6.24910e-15
 7.33672e-15
 1.53496e-15
-2.85818e-15
-3.71207e-15
-4.47991e-15
-1.09799e-15
-1.26452e-15
-4.53303e-15
-7.85723e-15
-5.82198e-15
-5.60179e-15
-5.31163e-15
-3.01756e-15
 1.77992e-15
 2.93466e-15
 2.90483e-16
-2.48015e-15
-1.74680e-15
 1.42379e-15
 1.32428e-15
 1.46490e-16
 4.25994e-18
 2.58732e-15
-3.88562e-15
 1.61518e-15
-8.78414e-16
 4.26187e-15
-4.06319e-15
 1.94538e-15
-7.91325e-16
 5.58525e-16
-5.26465e-16
 5.42487e-16
 2.86664e-15
 3.25166e-16
 7.58832e-15
-9.20627e-15
-9.28494e-17
 4.29172e-15
-6.58279e-15
-4.39172e-16
 2.33223e-15
 1.51792e-15
 1.36785e-15
 7.81030e-16
-3.94010e-16
-3.24039e-15
-1.90191e-15
 1.29124e-16
-2.03716e-16
 7.39470e-16
-6.30917e-17
 1.17209e-15
 1.68149e-15
-1.29523e-15
-5.74179e-15
-5.24189e-15
-5.40959e-15
-1.77474e-15
 7.01289e-16
 6.72606e-16
-2.70161e-15
-2.82944e-15
-3.15349e-15
-4.12410e-15
-2.23821e-15
 1.67390e-15
 1.36947e-15
-1.87269e-15
-1.86768e-15
-3.35831e-17
 2.33446e-15
 1.54995e-15
 9.70929e-16
-2.60253e-16
 1.91495e-15
-3.46114e-15
 1.53872e-15
 8.84280e-17
 3.83251e-15
-5.59560e-15
 1.77079e-15
-1.53752e-15
 1.36293e-16
-1.62206e-15
-7.15583e-16
 5.12119e-16
 5.53826e-16
 6.97986e-15
-8.15337e-15
-6.62041e-17
 5.31757e-15
-5.58403e-15
 2.09788e-15
 1.33592e-15
-1.20824e-15
 1.62387e-16
-1.48040e-15
-3.85074e-15
-2.61100e-15
-9.10670e-16
 6.93343e-16
 1.61511e-16
-4.03796e-16
-4.35460e-16
 7.87470e-17
-3.73670e-16
-1.49381e-15
-3.27803e-15
-3.39198e-15
-4.48363e-15
-2.71241e-15
 3.59175e-16
 2.58574e-15
 1.19225e-15
 1.85764e-15
 1.69437e-15
 1.53912e-15
 3.27160e-15
 4.09318e-15
 3.77289e-15
 4.73602e-15
 6.85503e-15
 8.92387e-15
 2.73565e-15
 2.47952e-15
 2.04156e-15
 3.84476e-16
 2.48857e-15
-1.52656e-15
 3.43135e-15
-5.21505e-16
 6.49557e-15
-4.55270e-15
 1.15374e-15
 1.53545e-15
 2.61490e-15
 2.06478e-15
 1.40706e-15
 2.21234e-15
 9.45244e-16
 7.86241e-15
-5.40868e-15
 5.38423e-16
 7.24241e-15
-2.98831e-15
 1.79253e-15
 4.53478e-15
 1.43697e-15
 9.07093e-16
 5.92870e-16
 7.58660e-17
 1.03850e-15
 9.24107e-16
-2.76923e-15
-1.49452e-15
-1.71628e-16
 1.20230e-15
 2.07602e-15
 1.02344e-15
 5.93163e-16
 1.79578e-15
 2.55650e-15
 1.26917e-15
 9.49408e-16
 5.21088e-16
 8.11514e-16
 1.48771e-15
 4.42984e-15
 4.07250e-15
 2.62398e-15
 2.81014e-15
 3.35764e-15
 4.58821e-15
 7.77086e-15
 8.33477e-15
 6.27801e-15
-2.01734e-15
-2.86920e-15
-2.84875e-15
-3.31266e-15
-2.46133e-15
-4.17065e-15
-3.00083e-16
-3.50753e-15
 2.26515e-15
-5.71592e-15
-6.56270e-16
-2.44429e-15
-5.10599e-16
-2.96299e-15
-2.43317e-15
-1.42334e-15
-2.32445e-15
 6.19054e-15
-7.45269e-15
-4.19731e-15
 4.28989e-15
-6.98635e-15
-2.81574e-15
-1.43670e-15
-3.52085e-15
-1.28601e-15
-3.22194e-15
-3.61496e-15
-3.04072e-15
-2.42457e-15
-4.76753e-15
-6.78944e-15
-5.65027e-15
-3.39234e-15
-1.66846e-15
-1.19705e-15
-1.64187e-15
-3.41826e-15
-2.63639e-15
-2.81634e-15
-1.82470e-15
-2.10913e-15
-1.24152e-15
-9.79457e-16
 9.48866e-17
-6.96202e-16
-2.69112e-15
-2.75281e-15
-2.70543e-15
-2.98189e-15
-2.51936e-15
-2.18688e-15
-4.58187e-15
 5.07368e-15
 3.69870e-15
 3.44737e-15
 2.03772e-15
 3.20304e-15
 3.65676e-15
 3.76007e-15
 4.02292e-15
 5.68344e-15
 2.67557e-15
 7.02246e-15
 1.92215e-15
 5.95884e-15
 3.30963e-15
 4.70122e-15
 4.64087e-15
 3.54436e-15
 1.00304e-14
 2.97280e-16
 6.55004e-15
 1.20743e-14
-1.14131e-15
 8.08711e-15
 2.98263e-15
 8.27687e-16
 6.00302e-15
 3.06395e-15
 4.02184e-15
 2.70867e-15
 2.82297e-15
 3.64960e-15
-1.69847e-15
-3.70983e-15
 3.38802e-16
 5.24453e-15
 8.98608e-15
 6.68314e-15
 2.14454e-16
-2.35477e-15
-3.93492e-15
-2.03948e-15
 8.29788e-16
 3.93368e-15
 3.33795e-15
 3.60239e-15
 3.08213e-15
 3.54002e-15
 4.65689e-15
 3.22289e-15
 7.58323e-16
-5.33076e-16
 9.59961e-16
 1.64805e-16
 0.00000e+00
 0.00000e+00
 0.00000e+00
 0.00000e+00
 0.00000e+00
 0.00000e+00
 0.00000e+00
 0.00000e+00
 0.00000e+00
 0.00000e+00
 0.00000e+00
 0.00000e+00
 0.00000e+00
 0.00000e+00
 0.00000e+00
 0.00000e+00
 0.00000e+00
 0.00000e+00
 0.00000e+00
 0.00000e+00
 0.00000e+00
 0.00000e+00
 0.00000e+00
 0.00000e+00
 0.00000e+00
 0.00000e+00
 0.00000e+00
 0.00000e+00
 0.00000e+00
 0.00000e+00
 0.00000e+00
 0.00000e+00
 0.00000e+00
 0.00000e+00
 0.00000e+00
 0.00000e+00
 0.00000e+00
 0.00000e+00
 0.00000e+00
 0.00000e+00
 0.00000e+00
 0.00000e+00
 0.00000e+00
 0.00000e+00
 0.00000e+00
 0.00000e+00
 0.00000e+00
 0.00000e+00
 0.00000e+00
 0.00000e+00
 0.00000e+00
 0.00000e+00
 0.00000e+00
 0.00000e+00
 0.00000e+00
 0.00000e+00
 0.00000e+00
 0.00000e+00
 0.00000e+00
 0.00000e+00
 0.00000e+00
 0.00000e+00
 0.00000e+00
 0.00000e+00
 0.00000e+00
 0.00000e+00
 0.00000e+00
 0.00000e+00
 0.00000e+00
 0.00000e+00
 0.00000e+00
 0.00000e+00
 0.00000e+00
 0.00000e+00
 0.00000e+00
 0.00000e+00
 0.00000e+00
 0.00000e+00
 0.00000e+00
 0.00000e+00
 0.00000e+00
 0.00000e+00
 0.00000e+00
 0.00000e+00
 0.00000e+00
 0.00000e+00
 0.00000e+00
 0.00000e+00
 0.00000e+00
 0.00000e+00
 0.00000e+00
 0.00000e+00
 0.00000e+00
 0.00000e+00
 0.00000e+00
 0.00000e+00
 0.00000e+00
 0.00000e+00
 0.00000e+00
 0.00000e+00
 0.00000e+00
 0.00000e+00
 0.00000e+00
 0.00000e+00
 0.00000e+00
 0.00000e+00
 0.00000e+00
 0.00000e+00
 0.00000e+00
 0.00000e+00
 0.00000e+00
 0.00000e+00
 0.00000e+00
 0.00000e+00
 0.00000e+00
 0.00000e+00
 0.00000e+00
 0.00000e+00
 0.00000e+00
 0.00000e+00
 0.00000e+00
 0.00000e+00
 0.00000e+00
 0.00000e+00
 0.00000e+00
 0.00000e+00
 0.00000e+00
 0.00000e+00
 0.00000e+00
 0.00000e+00
 0.00000e+00
 0.00000e+00
 0.00000e+00
 0.00000e+00
 0.00000e+00
 0.00000e+00
 0.00000e+00
 0.00000e+00
 0.00000e+00
 0.00000e+00
 0.00000e+00
 0.00000e+00
 0.00000e+00
 0.00000e+00
 0.00000e+00
 0.00000e+00
 0.00000e+00
 0.00000e+00
 0.00000e+00
 0.00000e+00
 0.00000e+00
 0.00000e+00
 0.00000e+00
 0.00000e+00
 0.00000e+00
 0.00000e+00
 0.00000e+00
 0.00000e+00
 0.00000e+00
 0.00000e+00
 0.00000e+00
 0.00000e+00
 0.00000e+00
 0.00000e+00
 0.00000e+00
 0.00000e+00
 0.00000e+00
 0.00000e+00
 0.00000e+00
 0.00000e+00
 0.00000e+00
 0.00000e+00
 0.00000e+00
 0.00000e+00
 0.00000e+00
 0.00000e+00
 0.00000e+00
 0.00000e+00
 0.00000e+00
 0.00000e+00
 0.00000e+00
 0.00000e+00
 0.00000e+00
 0.00000e+00
 0.00000e+00
 0.00000e+00
 0.00000e+00
 0.00000e+00
 0.00000e+00
 0.00000e+00
 0.00000e+00
 0.00000e+00
 0.00000e+00
 0.00000e+00
 0.00000e+00
 0.00000e+00
 0.00000e+00
 0.00000e+00
 0.00000e+00
 0.00000e+00
 0.00000e+00
 0.00000e+00
 0.00000e+00
 0.00000e+00
 0.00000e+00
 0.00000e+00
 0.00000e+00
 0.00000e+00
 0.00000e+00
 0.00000e+00
 0.00000e+00
 0.00000e+00
 0.00000e+00
 0.00000e+00
 0.00000e+00
 0.00000e+00
 0.00000e+00
 0.00000e+00
 0.00000e+00
 0.00000e+00
 0.00000e+00
 0.00000e+00
 0.00000e+00
 0.00000e+00
 0.00000e+00
 0.00000e+00
 0.00000e+00
 0.00000e+00
 0.00000e+00
 0.00000e+00
 0.00000e+00
 0.00000e+00
 0.00000e+00
 0.00000e+00
 0.00000e+00
 0.00000e+00
 0.00000e+00
 0.00000e+00
 0.00000e+00
 0.00000e+00
 0.00000e+00
 0.00000e+00
 0.00000e+00
 0.00000e+00
 0.00000e+00
 0.00000e+00
 0.00000e+00
 0.00000e+00
 0.00000e+00
 0.00000e+00
 0.00000e+00
 0.00000e+00
 0.00000e+00
 0.00000e+00
 0.00000e+00
 0.00000e+00
 0.00000e+00
 0.00000e+00
 0.00000e+00
 0.00000e+00
 0.00000e+00
 0.00000e+00
 0.00000e+00
 0.00000e+00
 0.00000e+00
 0.00000e+00
 0.00000e+00
 0.00000e+00
 0.00000e+00
 0.00000e+00
 0.00000e+00
 0.00000e+00
 0.00000e+00
 0.00000e+00
 0.00000e+00
 0.00000e+00
 0.00000e+00
 0.00000e+00
 0.00000e+00
 0.00000e+00
 0.00000e+00
 0.00000e+00
 0.00000e+00
 0.00000e+00
 0.00000e+00
 0.00000e+00
 0.00000e+00
 0.00000e+00
 0.00000e+00
 0.00000e+00
 0.00000e+00
 0.00000e+00
 0.00000e+00
 0.00000e+00
 0.00000e+00
 0.00000e+00
 0.00000e+00
 0.00000e+00
 0.00000e+00
 0.00000e+00
 0.00000e+00
 0.00000e+00
 0.00000e+00
 0.00000e+00
 0.00000e+00
 0.00000e+00
 0.00000e+00
 0.00000e+00
 0.00000e+00
 0.00000e+00
 0.00000e+00
 0.00000e+00
 0.00000e+00
 0.00000e+00
 0.00000e+00
 0.00000e+00
 0.00000e+00
 0.00000e+00
part
         4
coordinates
 8.55205e-01
 8.82239e-01
 9.04350e-01
 9.19771e-01
 9.26102e-01
 9.30387e-01
 9.32302e-01
 9.32170e-01
 9.31378e-01
 9.30437e-01
 9.30043e-01
 9.29831e-01
 9.29225e-01
 9.28720e-01
 9.28597e-01
 9.28663e-01
 9.28691e-01
 9.28500e-01
 9.28122e-01
 9.27936e-01
 9.27975e-01
 9.28248e-01
 9.28271e-01
 9.28080e-01
 9.27751e-01
 9.27597e-01
 9.27840e-01
 9.28126e-01
 9.28073e-01
 9.27764e-01
 9.27011e-01
 9.25164e-01
 9.20717e-01
 9.10646e-01
 8.89309e-01
 8.45746e-01
 7.65448e-01
 6.37343e-01
 4.65489e-01
 2.84211e-01
 1.38953e-01
 5.16823e-02
 1.53648e-02
 4.08270e-03
 1.04028e-03
 2.59984e-04
 6.40029e-05
 1.55096e-05
 3.69264e-06
 8.62008e-07
 1.96576e-07
 4.19556e-08
 0.00000e+00
 8.55205e-01
 8.82239e-01
 9.04350e-01
 9.19771e-01
 9.26102e-01
 9.30387e-01
 9.32302e-01
 9.32170e-01
 9.31378e-01
 9.30437e-01
 9.30043e-01
 9.29831e-01
 9.29225e-01
 9.28720e-01
 9.28597e-01
 9.28663e-01
 9.28691e-01
 9.28500e-01
 9.28122e-01
 9.27936e-01
 9.27975e-01
 9.28248e-01
 9.28271e-01
 9.28080e-01
 9.27751e-01
 9.27597e-01
 9.27840e-01
 9.28126e-01
 9.28073e-01
 9.27764e-01
 9.27011e-01
 9.25164e-01
 9.20717e-01
 9.10646e-01
 8.89309e-01
 8.45746e-01
 7.65448e-01
 6.37343e-01
 4.65489e-01
 2.84211e-01
 1.38953e-01
 5.16823e-02
 1.53648e-02
 4.08270e-03
 1.04028e-03
 2.59984e-04
 6.40029e-05
 1.55096e-05
 3.69264e-06
 8.62008e-07
 1.96576e-07
 4.19556e-08
 0.00000e+00
 8.55205e-01
 8.82239e-01
 9.04350e-01
 9.19771e-01
 9.26102e-01
 9.30387e-01
 9.32302e-01
 9.32170e-01
 9.31378e-01
 9.30437e-01
 9.30043e-01
 9.29831e-01
 9.29225e-01
 9.28720e-01
 9.28597e-01
 9.28663e-01
 9.28691e-01
 9.28500e-01
 9.28122e-01
 9.27936e-01
 9.27975e-01
 9.28248e-01
 9.28271e-01
 9.28080e-01
 9.27751e-01
 9.27597e-01
 9.27840e-01
 9.28126e-01
 9.28073e-01
 9.27764e-01
 9.27011e-01
 9.25164e-01
 9.20717e-01
 9.10646e-01
 8.89309e-01
 8.45746e-01
 7.65448e-01
 6.37343e-01
 4.65489e-01
 2.84211e-01
 1.38953e-01
 5.16823e-02
 1.53648e-02
 4.08270e-03
 1.04028e-03
 2.59984e-04
 6.40029e-05
 1.55096e-05
 3.69264e-06
 8.62008e-07
 1.96576e-07
 4.19556e-08
 0.00000e+00
 8.55205e-01
 8.82239e-01
 9.04350e-01
 9.19771e-01
 9.26102e-01
 9.30387e-01
 9.32302e-01
 9.32170e-01
 9.31378e-01
 9.30437e-01
 9.30043e-01
 9.29831e-01
 9.29225e-01
 9.28720e-01
 9.28597e-01
 9.28663e-01
 9.28691e-01
 9.28500e-01
 9.28122e-01
 9.27936e-01
 9.27975e-01
 9.28248e-01
 9.28271e-01
 9.28080e-01
 9.27751e-01
 9.27597e-01
 9.27840e-01
 9.28126e-01
 9.28073e-01
 9.27764e-01
 9.27011e-01
 9.25164e-01
 9.20717e-01
 9.10646e-01
 8.89309e-01
 8.45746e-01
 7.65448e-01
 6.37343e-01
 4.65489e-01
 2.84211e-01
 1.38953e-01
 5.16823e-02
 1.53648e-02
 4.08270e-03
 1.04028e-03
 2.59984e-04
 6.40029e-05
 1.55096e-05
 3.69264e-06
 8.62008e-07
 1.96576e-07
 4.19556e-08
 0.00000e+00
 8.55205e-01
 8.82239e-01
 9.04350e-01
 9.19771e-01
 9.26102e-01
 9.30387e-01
 9.32302e-01
 9.32170e-01
 9.31378e-01
 9.30437e-01
 9.30043e-01
 9.29831e-01
 9.29225e-01
 9.28720e-01
 9.28597e-01
 9.28663e-01
 9.28691e-01
 9.28500e-01
 9.28122e-01
 9.27936e-01
 9.27975e-01
 9.28248e-01
 9.28271e-01
 9.28080e-01
 9.27751e-01
 9.27597e-01
 9.27840e-01
 9.28126e-01
 9.28073e-01
 9.27764e-01
 9.27011e-01
 9.25164e-01
 9.20717e-01
 9.10646e-01
 8.89309e-01
 8.45746e-01
 7.65448e-01
 6.37343e-01
 4.65489e-01
 2.84211e-01
 1.38953e-01
 5.16823e-02
 1.53648e-02
 4.08270e-03
 1.04028e-03
 2.59984e-04
 6.40029e-05
 1.55096e-05
 3.69264e-06
 8.62008e-07
 1.96576e-07
 4.19556e-08
 0.00000e+00
 8.55205e-01
 8.82239e-01
 9.04350e-01
 9.19771e-01
 9.26102e-01
 9.30387e-01
 9.32302e-01
 9.32170e-01
 9.31378e-01
 9.30437e-01
 9.30043e-01
 9.29831e-01
 9.29225e-01
 9.28720e-01
 9.28597e-01
 9.28663e-01
 9.28691e-01
 9.28500e-01
 9.28122e-01
 9.27936e-01
 9.27975e-01
 9.28248e-01
 9.28271e-01
 9.28080e-01
 9.27751e-01
 9.27597e-01
 9.27840e-01
 9.28126e-01
 9.28073e-01
 9.27764e-01
 9.27011e-01
 9.25164e-01
 9.20717e-01
 9.10646e-01
 8.89309e-01
 8.45746e-01
 7.65448e-01
 6.37343e-01
 4.65489e-01
 2.84211e-01
 1.38953e-01
 5.16823e-02
 1.53648e-02
 4.08270e-03
 1.04028e-03
 2.59984e-04
 6.40029e-05
 1.55096e-05
 3.69264e-06
 8.62008e-07
 1.96576e-07
 4.19556e-08
 0.00000e+00
 8.55205e-01
 8.82239e-01
 9.04350e-01
 9.19771e-01
 9.26102e-01
 9.30387e-01
 9.32302e-01
 9.32170e-01
 9.31378e-01
 9.30437e-01
 9.30043e-01
 9.29831e-01
 9.29225e-01
 9.28720e-01
 9.28597e-01
 9.28663e-01
 9.28691e-01
 9.28500e-01
 9.28122e-01
 9.27936e-01
 9.27975e-01
 9.28248e-01
 9.28271e-01
 9.28080e-01
 9.27751e-01
 9.27597e-01
 9.27840e-01
 9.28126e-01
 9.28073e-01
 9.27764e-01
 9.27011e-01
 9.25164e-01
 9.20717e-01
 9.10646e-01
 8.89309e-01
 8.45746e-01
 7.65448e-01
 6.37343e-01
 4.65489e-01
 2.84211e-01
 1.38953e-01
 5.16823e-02
 1.53648e-02
 4.08270e-03
 1.04028e-03
 2.59984e-04
 6.40029e-05
 1.55096e-05
 3.69264e-06
 8.62008e-07
 1.96576e-07
 4.19556e-08
 0.00000e+00
 8.55205e-01
 8.82239e-01
 9.04350e-01
 9.19771e-01
 9.26102e-01
 9.30387e-01
 9.32302e-01
 9.32170e-01
 9.31378e-01
 9.30437e-01
 9.30043e-01
 9.29831e-01
 9.29225e-01
 9.28720e-01
 9.28597e-01
 9.28663e-01
 9.28691e-01
 9.28500e-01
 9.28122e-01
 9.27936e-01
 9.27975e-01
 9.28248e-01
 9.28271e-01
 9.28080e-01
 9.27751e-01
 9.27597e-01
 9.27840e-01
 9.28126e-01
 9.28073e-01
 9.27764e-01
 9.27011e-01
 9.25164e-01
 9.20717e-01
 9.10646e-01
 8.89309e-01
 8.45746e-01
 7.65448e-01
 6.37343e-01
 4.65489e-01
 2.84211e-01
 1.38953e-01
 5.16823e-02
 1.53648e-02
 4.08270e-03
 1.04028e-03
 2.59984e-04
 6.40029e-05
 1.55096e-05
 3.69264e-06
 8.62008e-07
 1.96576e-07
 4.19556e-08
 0.00000e+00
 8.55205e-01
 8.82239e-01
 9.04350e-01
 9.19771e-01
 9.26102e-01
 9.30387e-01
 9.32302e-01
 9.32170e-01
 9.31378e-01
 9.30437e-01
 9.30043e-01
 9.29831e-01
 9.29225e-01
 9.28720e-01
 9.28597e-01
 9.28663e-01
 9.28691e-01
 9.28500e-01
 9.28122e-01
 9.27936e-01
 9.27975e-01
 9.28248e-01
 9.28271e-01
 9.28080e-01
 9.27751e-01
 9.27597e-01
 9.27840e-01
 9.28126e-01
 9.28073e-01
 9.27764e-01
 9.27011e-01
 9.25164e-01
 9.20717e-01
 9.10646e-01
 8.89309e-01
 8.45746e-01
 7.65448e-01
 6.37343e-01
 4.65489e-01
 2.84211e-01
 1.38953e-01
 5.16823e-02
 1.53648e-02
 4.08270e-03
 1.04028e-03
 2.59984e-04
 6.40029e-05
 1.55096e-05
 3.69264e-06
 8.62008e-07
 1.96576e-07
 4.19556e-08
 0.00000e+00
 8.55205e-01
 8.82239e-01
 9.04350e-01
 9.19771e-01
 9.26102e-01
 9.30387e-01
 9.32302e-01
 9.32170e-01
 9.31378e-01
 9.30437e-01
 9.30043e-01
 9.29831e-01
 9.29225e-01
 9.28720e-01
 9.28597e-01
 9.28663e-01
 9.28691e-01
 9.28500e-01
 9.28122e-01
 9.27936e-01
 9.27975e-01
 9.28248e-01
 9.28271e-01
 9.28080e-01
 9.27751e-01
 9.27597e-01
 9.27840e-01
 9.28126e-01
 9.28073e-01
 9.27764e-01
 9.27011e-01
 9.25164e-01
 9.20717e-01
 9.10646e-01
 8.89309e-01
 8.45746e-01
 7.65448e-01
 6.37343e-01
 4.65489e-01
 2.84211e-01
 1.38953e-01
 5.16823e-02
 1.53648e-02
 4.08270e-03
 1.04028e-03
 2.59984e-04
 6.40029e-05
 1.55096e-05
 3.69264e-06
 8.62008e-07
 1.96576e-07
 4.19556e-08
 0.00000e+00
 8.55205e-01
 8.82239e-01
 9.04350e-01
 9.19771e-01
 9.26102e-01
 9.30387e-01
 9.32302e-01
 9.32170e-01
 9.31378e-01
 9.30437e-01
 9.30043e-01
 9.29831e-01
 9.29225e-01
 9.28720e-01
 9.28597e-01
 9.28663e-01
 9.28691e-01
 9.28500e-01
 9.28122e-01
 9.27936e-01
 9.27975e-01
 9.28248e-01
 9.28271e-01
 9.28080e-01
 9.27751e-01
 9.27597e-01
 9.27840e-01
 9.28126e-01
 9.28073e-01
 9.27764e-01
 9.27011e-01
 9.25164e-01
 9.20717e-01
 9.10646e-01
 8.89309e-01
 8.45746e-01
 7.65448e-01
 6.37343e-01
 4.65489e-01
 2.84211e-01
 1.38953e-01
 5.16823e-02
 1.53648e-02
 4.08270e-03
 1.04028e-03
 2.59984e-04
 6.40029e-05
 1.55096e-05
 3.69264e-06
 8.62008e-07
 1.96576e-07
 4.19556e-08
 0.00000e+00
 8.55205e-01
 8.82239e-01
 9.04350e-01
 9.19771e-01
 9.26102e-01
 9.30387e-01
 9.32302e-01
 9.32170e-01
 9.31378e-01
 9.30437e-01
 9.30043e-01
 9.29831e-01
 9.29225e-01
 9.28720e-01
 9.28597e-01
 9.28663e-01
 9.28691e-01
 9.28500e-01
 9.28122e-01
 9.27936e-01
 9.27975e-01
 9.28248e-01
 9.28271e-01
 9.28080e-01
 9.27751e-01
 9.27597e-01
 9.27840e-01
 9.28126e-01
 9.28073e-01
 9.27764e-01
 9.27011e-01
 9.25164e-01
 9.20717e-01
 9.10646e-01
 8.89309e-01
 8.45746e-01
 7.65448e-01
 6.37343e-01
 4.65489e-01
 2.84211e-01
 1.38953e-01
 5.16823e-02
 1.53648e-02
 4.08270e-03
 1.04028e-03
 2.59984e-04
 6.40029e-05
 1.55096e-05
 3.69264e-06
 8.62008e-07
 1.96576e-07
 4.19556e-08
 0.00000e+00
 8.55205e-01
 8.82239e-01
 9.04350e-01
 9.19771e-01
 9.26102e-01
 9.30387e-01
 9.32302e-01
 9.32170e-01
 9.31378e-01
 9.30437e-01
 9.30043e-01
 9.29831e-01
 9.29225e-01
 9.28720e-01
 9.28597e-01
 9.28663e-01
 9.28691e-01
 9.28500e-01
 9.28122e-01
 9.27936e-01
 9.27975e-01
 9.28248e-01
 9.28271e-01
 9.28080e-01
 9.27751e-01
 9.27597e-01
 9.27840e-01
 9.28126e-01
 9.28073e-01
 9.27764e-01
 9.27011e-01
 9.25164e-01
 9.20717e-01
 9.10646e-01
 8.89309e-01
 8.45746e-01
 7.65448e-01
 6.37343e-01
 4.65489e-01
 2.84211e-01
 1.38953e-01
 5.16823e-02
 1.53648e-02
 4.08270e-03
 1.04028e-03
 2.59984e-04
 6.40029e-05
 1.55096e-05
 3.69264e-06
 8.62008e-07
 1.96576e-07
 4.19556e-08
 0.00000e+00
 8.55205e-01
 8.82239e-01
 9.04350e-01
 9.19771e-01
 9.26102e-01
 9.30387e-01
 9.32302e-01
 9.32170e-01
 9.31378e-01
 9.30437e-01
 9.30043e-01
 9.29831e-01
 9.29225e-01
 9.28720e-01
 9.28597e-01
 9.28663e-01
 9.28691e-01
 9.28500e-01
 9.28122e-01
 9.27936e-01
 9.27975e-01
 9.28248e-01
 9.28271e-01
 9.28080e-01
 9.27751e-01
 9.27597e-01
 9.27840e-01
 9.28126e-01
 9.28073e-01
 9.27764e-01
 9.27011e-01
 9.25164e-01
 9.20717e-01
 9.10646e-01
 8.89309e-01
 8.45746e-01
 7.65448e-01
 6.37343e-01
 4.65489e-01
 2.84211e-01
 1.38953e-01
 5.16823e-02
 1.53648e-02
 4.08270e-03
 1.04028e-03
 2.59984e-04
 6.40029e-05
 1.55096e-05
 3.69264e-06
 8.62008e-07
 1.96576e-07
 4.19556e-08
 0.00000e+00
 8.55205e-01
 8.82239e-01
 9.04350e-01
 9.19771e-01
 9.26102e-01
 9.30387e-01
 9.32302e-01
 9.32170e-01
 9.31378e-01
 9.30437e-01
 9.30043e-01
 9.29831e-01
 9.29225e-01
 9.28720e-01
 9.28597e-01
 9.28663e-01
 9.28691e-01
 9.28500e-01
 9.28122e-01
 9.27936e-01
 9.27975e-01
 9.28248e-01
 9.28271e-01
 9.28080e-01
 9.27751e-01
 9.27597e-01
 9.27840e-01
 9.28126e-01
 9.28073e-01
 9.27764e-01
 9.27011e-01
 9.25164e-01
 9.20717e-01
 9.10646e-01
 8.89309e-01
 8.45746e-01
 7.65448e-01
 6.37343e-01
 4.65489e-01
 2.84211e-01
 1.38953e-01
 5.16823e-02
 1.53648e-02
 4.08270e-03
 1.04028e-03
 2.59984e-04
 6.40029e-05
 1.55096e-05
 3.69264e-06
 8.62008e-07
 1.96576e-07
 4.19556e-08
 0.00000e+00
 8.55205e-01
 8.82239e-01
 9.04350e-01
 9.19771e-01
 9.26102e-01
 9.30387e-01
 9.32302e-01
 9.32170e-01
 9.31378e-01
 9.30437e-01
 9.30043e-01
 9.29831e-01
 9.29225e-01
 9.28720e-01
 9.28597e-01
 9.28663e-01
 9.28691e-01
 9.28500e-01
 9.28122e-01
 9.27936e-01
 9.27975e-01
 9.28248e-01
 9.28271e-01
 9.28080e-01
 9.27751e-01
 9.27597e-01
 9.27840e-01
 9.28126e-01
 9.28073e-01
 9.27764e-01
 9.27011e-01
 9.25164e-01
 9.20717e-01
 9.10646e-01
 8.89309e-01
 8.45746e-01
 7.65448e-01
 6.37343e-01
 4.65489e-01
 2.84211e-01
 1.38953e-01
 5.16823e-02
 1.53648e-02
 4.08270e-03
 1.04028e-03
 2.59984e-04
 6.40029e-05
 1.55096e-05
 3.69264e-06
 8.62008e-07
 1.96576e-07
 4.19556e-08
 0.00000e+00
 8.55205e-01
 8.82239e-01
 9.04350e-01
 9.19771e-01
 9.26102e-01
 9.30387e-01
 9.32302e-01
 9.32170e-01
 9.31378e-01
 9.30437e-01
 9.30043e-01
 9.29831e-01
 9.29225e-01
 9.28720e-01
 9.28597e-01
 9.28663e-01
 9.28691e-01
 9.28500e-01
 9.28122e-01
 9.27936e-01
 9.27975e-01
 9.28248e-01
 9.28271e-01
 9.28080e-01
 9.27751e-01
 9.27597e-01
 9.27840e-01
 9.28126e-01
 9.28073e-01
 9.27764e-01
 9.27011e-01
 9.25164e-01
 9.20717e-01
 9.10646e-01
 8.89309e-01
 8.45746e-01
 7.65448e-01
 6.37343e-01
 4.65489e-01
 2.84211e-01
 1.38953e-01
 5.16823e-02
 1.53648e-02
 4.08270e-03
 1.04028e-03
 2.59984e-04
 6.40029e-05
 1.55096e-05
 3.69264e-06
 8.62008e-07
 1.96576e-07
 4.19556e-08
 0.00000e+00
 8.55205e-01
 8.82239e-01
 9.04350e-01
 9.19771e-01
 9.26102e-01
 9.30387e-01
 9.32302e-01
 9.32170e-01
 9.31378e-01
 9.30437e-01
 9.30043e-01
 9.29831e-01
 9.29225e-01
 9.28720e-01
 9.28597e-01
 9.28663e-01
 9.28691e-01
 9.28500e-01
 9.28122e-01
 9.27936e-01
 9.27975e-01
 9.28248e-01
 9.28271e-01
 9.28080e-01
 9.27751e-01
 9.27597e-01
 9.27840e-01
 9.28126e-01
 9.28073e-01
 9.27764e-01
 9.27011e-01
 9.25164e-01
 9.20717e-01
 9.10646e-01
 8.89309e-01
 8.45746e-01
 7.65448e-01
 6.37343e-01
 4.65489e-01
 2.84211e-01
 1.38953e-01
 5.16823e-02
 1.53648e-02
 4.08270e-03
 1.04028e-03
 2.59984e-04
 6.40029e-05
 1.55096e-05
 3.69264e-06
 8.62008e-07
 1.96576e-07
 4.19556e-08
 0.00000e+00
 8.55205e-01
 8.82239e-01
 9.04350e-01
 9.19771e-01
 9.26102e-01
 9.30387e-01
 9.32302e-01
 9.32170e-01
 9.31378e-01
 9.30437e-01
 9.30043e-01
 9.29831e-01
 9.29225e-01
 9.28720e-01
 9.28597e-01
 9.28663e-01
 9.28691e-01
 9.28500e-01
 9.28122e-01
 9.27936e-01
 9.27975e-01
 9.28248e-01
 9.28271e-01
 9.28080e-01
 9.27751e-01
 9.27597e-01
 9.27840e-01
 9.28126e-01
 9.28073e-01
 9.27764e-01
 9.27011e-01
 9.25164e-01
 9.20717e-01
 9.10646e-01
 8.89309e-01
 8.45746e-01
 7.65448e-01
 6.37343e-01
 4.65489e-01
 2.84211e-01
 1.38953e-01
 5.16823e-02
 1.53648e-02
 4.08270e-03
 1.04028e-03
 2.59984e-04
 6.40029e-05
 1.55096e-05
 3.69264e-06
 8.62008e-07
 1.96576e-07
 4.19556e-08
 0.00000e+00
 8.55205e-01
 8.82239e-01
 9.04350e-01
 9.19771e-01
 9.26102e-01
 9.30387e-01
 9.32302e-01
 9.32170e-01
 9.31378e-01
 9.30437e-01
 9.30043e-01
 9.29831e-01
 9.29225e-01
 9.28720e-01
 9.28597e-01
 9.28663e-01
 9.28691e-01
 9.28500e-01
 9.28122e-01
 9.27936e-01
 9.27975e-01
 9.28248e-01
 9.28271e-01
 9.28080e-01
 9.27751e-01
 9.27597e-01
 9.27840e-01
 9.28126e-01
 9.28073e-01
 9.27764e-01
 9.27011e-01
 9.25164e-01
 9.20717e-01
 9.10646e-01
 8.89309e-01
 8.45746e-01
 7.65448e-01
 6.37343e-01
 4.65489e-01
 2.84211e-01
 1.38953e-01
 5.16823e-02
 1.53648e-02
 4.08270e-03
 1.04028e-03
 2.59984e-04
 6.40029e-05
 1.55096e-05
 3.69264e-06
 8.62008e-07
 1.96576e-07
 4.19556e-08
 0.00000e+00
 8.55205e-01
 8.82239e-01
 9.04350e-01
 9.19771e-01
 9.26102e-01
 9.30387e-01
 9.32302e-01
 9.32170e-01
 9.31378e-01
 9.30437e-01
 9.30043e-01
 9.29831e-01
 9.29225e-01
 9.28720e-01
 9.28597e-01
 9.28663e-01
 9.28691e-01
 9.28500e-01
 9.28122e-01
 9.27936e-01
 9.27975e-01
 9.28248e-01
 9.28271e-01
 9.28080e-01
 9.27751e-01
 9.27597e-01
 9.27840e-01
 9.28126e-01
 9.28073e-01
 9.27764e-01
 9.27011e-01
 9.25164e-01
 9.20717e-01
 9.10646e-01
 8.89309e-01
 8.45746e-01
 7.65448e-01
 6.37343e-01
 4.65489e-01
 2.84211e-01
 1.38953e-01
 5.16823e-02
 1.53648e-02
 4.08270e-03
 1.04028e-03
 2.59984e-04
 6.40029e-05
 1.55096e-05
 3.69264e-06
 8.62008e-07
 1.96576e-07
 4.19556e-08
 0.00000e+00
 8.55205e-01
 8.82239e-01
 9.04350e-01
 9.19771e-01
 9.26102e-01
 9.30387e-01
 9.32302e-01
 9.32170e-01
 9.31378e-01
 9.30437e-01
 9.30043e-01
 9.29831e-01
 9.29225e-01
 9.28720e-01
 9.28597e-01
 9.28663e-01
 9.28691e-01
 9.28500e-01
 9.28122e-01
 9.27936e-01
 9.27975e-01
 9.28248e-01
 9.28271e-01
 9.28080e-01
 9.27751e-01
 9.27597e-01
 9.27840e-01
 9.28126e-01
 9.28073e-01
 9.27764e-01
 9.27011e-01
 9.25164e-01
 9.20717e-01
 9.10646e-01
 8.89309e-01
 8.45746e-01
 7.65448e-01
 6.37343e-01
 4.65489e-01
 2.84211e-01
 1.38953e-01
 5.16823e-02
 1.53648e-02
 4.08270e-03
 1.04028e-03
 2.59984e-04
 6.40029e-05
 1.55096e-05
 3.69264e-06
 8.62008e-07
 1.96576e-07
 4.19556e-08
 0.00000e+00
 8.55205e-01
 8.82239e-01
 9.04350e-01
 9.19771e-01
 9.26102e-01
 9.30387e-01
 9.32302e-01
 9.32170e-01
 9.31378e-01
 9.30437e-01
 9.30043e-01
 9.29831e-01
 9.29225e-01
 9.28720e-01
 9.28597e-01
 9.28663e-01
 9.28691e-01
 9.28500e-01
 9.28122e-01
 9.27936e-01
 9.27975e-01
 9.28248e-01
 9.28271e-01
 9.28080e-01
 9.27751e-01
 9.27597e-01
 9.27840e-01
 9.28126e-01
 9.28073e-01
 9.27764e-01
 9.27011e-01
 9.25164e-01
 9.20717e-01
 9.10646e-01
 8.89309e-01
 8.45746e-01
 7.65448e-01
 6.37343e-01
 4.65489e-01
 2.84211e-01
 1.38953e-01
 5.16823e-02
 1.53648e-02
 4.08270e-03
 1.04028e-03
 2.59984e-04
 6.40029e-05
 1.55096e-05
 3.69264e-06
 8.62008e-07
 1.96576e-07
 4.19556e-08
 0.00000e+00
 8.55205e-01
 8.82239e-01
 9.04350e-01
 9.19771e-01
 9.26102e-01
 9.30387e-01
 9.32302e-01
 9.32170e-01
 9.31378e-01
 9.30437e-01
 9.30043e-01
 9.29831e-01
 9.29225e-01
 9.28720e-01
 9.28597e-01
 9.28663e-01
 9.28691e-01
 9.28500e-01
 9.28122e-01
 9.27936e-01
 9.27975e-01
 9.28248e-01
 9.28271e-01
 9.28080e-01
 9.27751e-01
 9.27597e-01
 9.27840e-01
 9.28126e-01
 9.28073e-01
 9.27764e-01
 9.27011e-01
 9.25164e-01
 9.20717e-01
 9.10646e-01
 8.89309e-01
 8.45746e-01
 7.65448e-01
 6.37343e-01
 4.65489e-01
 2.84211e-01
 1.38953e-01
 5.16823e-02
 1.53648e-02
 4.08270e-03
 1.04028e-03
 2.59984e-04
 6.40029e-05
 1.55096e-05
 3.69264e-06
 8.62008e-07
 1.96576e-07
 4.19556e-08
 0.00000e+00
 8.55205e-01
 8.82239e-01
 9.04350e-01
 9.19771e-01
 9.26102e-01
 9.30387e-01
 9.32302e-01
 9.32170e-01
 9.31378e-01
 9.30437e-01
 9.30043e-01
 9.29831e-01
 9.29225e-01
 9.28720e-01
 9.28597e-01
 9.28663e-01
 9.28691e-01
 9.28500e-01
 9.28122e-01
 9.27936e-01
 9.27975e-01
 9.28248e-01
 9.28271e-01
 9.28080e-01
 9.27751e-01
 9.27597e-01
 9.27840e-01
 9.28126e-01
 9.28073e-01
 9.27764e-01
 9.27011e-01
 9.25164e-01
 9.20717e-01
 9.10646e-01
 8.89309e-01
 8.45746e-01
 7.65448e-01
 6.37343e-01
 4.65489e-01
 2.84211e-01
 1.38953e-01
 5.16823e-02
 1.53648e-02
 4.08270e-03
 1.04028e-03
 2.59984e-04
 6.40029e-05
 1.55096e-05
 3.69264e-06
 8.62008e-07
 1.96576e-07
 4.19556e-08
 0.00000e+00
 8.55205e-01
 8.82239e-01
 9.04350e-01
 9.19771e-01
 9.26102e-01
 9.30387e-01
 9.32302e-01
 9.32170e-01
 9.31378e-01
 9.30437e-01
 9.30043e-01
 9.29831e-01
 9.29225e-01
 9.28720e-01
 9.28597e-01
 9.28663e-01
 9.28691e-01
 9.28500e-01
 9.28122e-01
 9.27936e-01
 9.27975e-01
 9.28248e-01
 9.28271e-01
 9.28080e-01
 9.27751e-01
 9.27597e-01
 9.27840e-01
 9.28126e-01
 9.28073e-01
 9.27764e-01
 9.27011e-01
 9.25164e-01
 9.20717e-01
 9.10646e-01
 8.89309e-01
 8.45746e-01
 7.65448e-01
 6.37343e-01
 4.65489e-01
 2.84211e-01
 1.38953e-01
 5.16823e-02
 1.53648e-02
 4.08270e-03
 1.04028e-03
 2.59984e-04
 6.40029e-05
 1.55096e-05
 3.69264e-06
 8.62008e-07
 1.96576e-07
 4.19556e-08
 0.00000e+00
 8.55205e-01
 8.82239e-01
 9.04350e-01
 9.19771e-01
 9.26102e-01
 9.30387e-01
 9.32302e-01
 9.32170e-01
 9.31378e-01
 9.30437e-01
 9.30043e-01
 9.29831e-01
 9.29225e-01
 9.28720e-01
 9.28597e-01
 9.28663e-01
 9.28691e-01
 9.28500e-01
 9.28122e-01
 9.27936e-01
 9.27975e-01
 9.28248e-01
 9.28271e-01
 9.28080e-01
 9.27751e-01
 9.27597e-01
 9.27840e-01
 9.28126e-01
 9.28073e-01
 9.27764e-01
 9.27011e-01
 9.25164e-01
 9.20717e-01
 9.10646e-01
 8.89309e-01
 8.45746e-01
 7.65448e-01
 6.37343e-01
 4.65489e-01
 2.84211e-01
 1.38953e-01
 5.16823e-02
 1.53648e-02
 4.08270e-03
 1.04028e-03
 2.59984e-04
 6.40029e-05
 1.55096e-05
 3.69264e-06
 8.62008e-07
 1.96576e-07
 4.19556e-08
 0.00000e+00
 8.55205e-01
 8.82239e-01
 9.04350e-01
 9.19771e-01
 9.26102e-01
 9.30387e-01
 9.32302e-01
 9.32170e-01
 9.31378e-01
 9.30437e-01
 9.30043e-01
 9.29831e-01
 9.29225e-01
 9.28720e-01
 9.28597e-01
 9.28663e-01
 9.28691e-01
 9.28500e-01
 9.28122e-01
 9.27936e-01
 9.27975e-01
 9.28248e-01
 9.28271e-01
 9.28080e-01
 9.27751e-01
 9.27597e-01
 9.27840e-01
 9.28126e-01
 9.28073e-01
 9.27764e-01
 9.27011e-01
 9.25164e-01
 9.20717e-01
 9.10646e-01
 8.89309e-01
 8.45746e-01
 7.65448e-01
 6.37343e-01
 4.65489e-01
 2.84211e-01
 1.38953e-01
 5.16823e-02
 1.53648e-02
 4.08270e-03
 1.04028e-03
 2.59984e-04
 6.40029e-05
 1.55096e-05
 3.69264e-06
 8.62008e-07
 1.96576e-07
 4.19556e-08
 0.00000e+00
 8.55205e-01
 8.82239e-01
 9.04350e-01
 9.19771e-01
 9.26102e-01
 9.30387e-01
 9.32302e-01
 9.32170e-01
 9.31378e-01
 9.30437e-01
 9.30043e-01
 9.29831e-01
 9.29225e-01
 9.28720e-01
 9.28597e-01
 9.28663e-01
 9.28691e-01
 9.28500e-01
 9.28122e-01
 9.27936e-01
 9.27975e-01
 9.28248e-01
 9.28271e-01
 9.28080e-01
 9.27751e-01
 9.27597e-01
 9.27840e-01
 9.28126e-01
 9.28073e-01
 9.27764e-01
 9.27011e-01
 9.25164e-01
 9.20717e-01
 9.10646e-01
 8.89309e-01
 8.45746e-01
 7.65448e-01
 6.37343e-01
 4.65489e-01
 2.84211e-01
 1.38953e-01
 5.16823e-02
 1.53648e-02
 4.08270e-03
 1.04028e-03
 2.59984e-04
 6.40029e-05
 1.55096e-05
 3.69264e-06
 8.62008e-07
 1.96576e-07
 4.19556e-08
 0.00000e+00
 8.55205e-01
 8.82239e-01
 9.04350e-01
 9.19771e-01
 9.26102e-01
 9.30387e-01
 9.32302e-01
 9.32170e-01
 9.31378e-01
 9.30437e-01
 9.30043e-01
 9.29831e-01
 9.29225e-01
 9.28720e-01
 9.28597e-01
 9.28663e-01
 9.28691e-01
 9.28500e-01
 9.28122e-01
 9.27936e-01
 9.27975e-01
 9.28248e-01
 9.28271e-01
 9.28080e-01
 9.27751e-01
 9.27597e-01
 9.27840e-01
 9.28126e-01
 9.28073e-01
 9.27764e-01
 9.27011e-01
 9.25164e-01
 9.20717e-01
 9.10646e-01
 8.89309e-01
 8.45746e-01
 7.65448e-01
 6.37343e-01
 4.65489e-01
 2.84211e-01
 1.38953e-01
 5.16823e-02
 1.53648e-02
 4.08270e-03
 1.04028e-03
 2.59984e-04
 6.40029e-05
 1.55096e-05
 3.69264e-06
 8.62008e-07
 1.96576e-07
 4.19556e-08
 0.00000e+00
 8.55205e-01
 8.82239e-01
 9.04350e-01
 9.19771e-01
 9.26102e-01
 9.30387e-01
 9.32302e-01
 9.32170e-01
 9.31378e-01
 9.30437e-01
 9.30043e-01
 9.29831e-01
 9.29225e-01
 9.28720e-01
 9.28597e-01
 9.28663e-01
 9.28691e-01
 9.28500e-01
 9.28122e-01
 9.27936e-01
 9.27975e-01
 9.28248e-01
 9.28271e-01
 9.28080e-01
 9.27751e-01
 9.27597e-01
 9.27840e-01
 9.28126e-01
 9.28073e-01
 9.27764e-01
 9.27011e-01
 9.25164e-01
 9.20717e-01
 9.10646e-01
 8.89309e-01
 8.45746e-01
 7.65448e-01
 6.37343e-01
 4.65489e-01
 2.84211e-01
 1.38953e-01
 5.16823e-02
 1.53648e-02
 4.08270e-03
 1.04028e-03
 2.59984e-04
 6.40029e-05
 1.55096e-05
 3.69264e-06
 8.62008e-07
 1.96576e-07
 4.19556e-08
 0.00000e+00
 8.55205e-01
 8.82239e-01
 9.04350e-01
 9.19771e-01
 9.26102e-01
 9.30387e-01
 9.32302e-01
 9.32170e-01
 9.31378e-01
 9.30437e-01
 9.30043e-01
 9.29831e-01
 9.29225e-01
 9.28720e-01
 9.28597e-01
 9.28663e-01
 9.28691e-01
 9.28500e-01
 9.28122e-01
 9.27936e-01
 9.27975e-01
 9.28248e-01
 9.28271e-01
 9.28080e-01
 9.27751e-01
 9.27597e-01
 9.27840e-01
 9.28126e-01
 9.28073e-01
 9.27764e-01
 9.27011e-01
 9.25164e-01
 9.20717e-01
 9.10646e-01
 8.89309e-01
 8.45746e-01
 7.65448e-01
 6.37343e-01
 4.65489e-01
 2.84211e-01
 1.38953e-01
 5.16823e-02
 1.53648e-02
 4.08270e-03
 1.04028e-03
 2.59984e-04
 6.40029e-05
 1.55096e-05
 3.69264e-06
 8.62008e-07
 1.96576e-07
 4.19556e-08
 0.00000e+00
 8.55205e-01
 8.82239e-01
 9.04350e-01
 9.19771e-01
 9.26102e-01
 9.30387e-01
 9.32302e-01
 9.32170e-01
 9.31378e-01
 9.30437e-01
 9.30043e-01
 9.29831e-01
 9.29225e-01
 9.28720e-01
 9.28597e-01
 9.28663e-01
 9.28691e-01
 9.28500e-01
 9.28122e-01
 9.27936e-01
 9.27975e-01
 9.28248e-01
 9.28271e-01
 9.28080e-01
 9.27751e-01
 9.27597e-01
 9.27840e-01
 9.28126e-01
 9.28073e-01
 9.27764e-01
 9.27011e-01
 9.25164e-01
 9.20717e-01
 9.10646e-01
 8.89309e-01
 8.45746e-01
 7.65448e-01
 6.37343e-01
 4.65489e-01
 2.84211e-01
 1.38953e-01
 5.16823e-02
 1.53648e-02
 4.08270e-03
 1.04028e-03
 2.59984e-04
 6.40029e-05
 1.55096e-05
 3.69264e-06
 8.62008e-07
 1.96576e-07
 4.19556e-08
 0.00000e+00
 8.55205e-01
 8.82239e-01
 9.04350e-01
 9.19771e-01
 9.26102e-01
 9.30387e-01
 9.32302e-01
 9.32170e-01
 9.31378e-01
 9.30437e-01
 9.30043e-01
 9.29831e-01
 9.29225e-01
 9.28720e-01
 9.28597e-01
 9.28663e-01
 9.28691e-01
 9.28500e-01
 9.28122e-01
 9.27936e-01
 9.27975e-01
 9.28248e-01
 9.28271e-01
 9.28080e-01
 9.27751e-01
 9.27597e-01
 9.27840e-01
 9.28126e-01
 9.28073e-01
 9.27764e-01
 9.27011e-01
 9.25164e-01
 9.20717e-01
 9.10646e-01
 8.89309e-01
 8.45746e-01
 7.65448e-01
 6.37343e-01
 4.65489e-01
 2.84211e-01
 1.38953e-01
 5.16823e-02
 1.53648e-02
 4.08270e-03
 1.04028e-03
 2.59984e-04
 6.40029e-05
 1.55096e-05
 3.69264e-06
 8.62008e-07
 1.96576e-07
 4.19556e-08
 0.00000e+00
 8.55205e-01
 8.82239e-01
 9.04350e-01
 9.19771e-01
 9.26102e-01
 9.30387e-01
 9.32302e-01
 9.32170e-01
 9.31378e-01
 9.30437e-01
 9.30043e-01
 9.29831e-01
 9.29225e-01
 9.28720e-01
 9.28597e-01
 9.28663e-01
 9.28691e-01
 9.28500e-01
 9.28122e-01
 9.27936e-01
 9.27975e-01
 9.28248e-01
 9.28271e-01
 9.28080e-01
 9.27751e-01
 9.27597e-01
 9.27840e-01
 9.28126e-01
 9.28073e-01
 9.27764e-01
 9.27011e-01
 9.25164e-01
 9.20717e-01
 9.10646e-01
 8.89309e-01
 8.45746e-01
 7.65448e-01
 6.37343e-01
 4.65489e-01
 2.84211e-01
 1.38953e-01
 5.16823e-02
 1.53648e-02
 4.08270e-03
 1.04028e-03
 2.59984e-04
 6.40029e-05
 1.55096e-05
 3.69264e-06
 8.62008e-07
 1.96576e-07
 4.19556e-08
 0.00000e+00
 8.55205e-01
 8.82239e-01
 9.04350e-01
 9.19771e-01
 9.26102e-01
 9.30387e-01
 9.32302e-01
 9.32170e-01
 9.31378e-01
 9.30437e-01
 9.30043e-01
 9.29831e-01
 9.29225e-01
 9.28720e-01
 9.28597e-01
 9.28663e-01
 9.28691e-01
 9.28500e-01
 9.28122e-01
 9.27936e-01
 9.27975e-01
 9.28248e-01
 9.28271e-01
 9.28080e-01
 9.27751e-01
 9.27597e-01
 9.27840e-01
 9.28126e-01
 9.28073e-01
 9.27764e-01
 9.27011e-01
 9.25164e-01
 9.20717e-01
 9.10646e-01
 8.89309e-01
 8.45746e-01
 7.65448e-01
 6.37343e-01
 4.65489e-01
 2.84211e-01
 1.38953e-01
 5.16823e-02
 1.53648e-02
 4.08270e-03
 1.04028e-03
 2.59984e-04
 6.40029e-05
 1.55096e-05
 3.69264e-06
 8.62008e-07
 1.96576e-07
 4.19556e-08
 0.00000e+00
 0.00000e+00
 0.00000e+00
 0.00000e+00
 0.00000e+00
 0.00000e+00
 0.00000e+00
 0.00000e+00
 0.00000e+00
 0.00000e+00
 0.00000e+00
 0.00000e+00
 0.00000e+00
 0.00000e+00
 0.00000e+00
 0.00000e+00
 0.00000e+00
 0.00000e+00
 0.00000e+00
 0.00000e+00
 0.00000e+00
 0.00000e+00
 0.00000e+00
 0.00000e+00
 0.00000e+00
 0.00000e+00
 0.00000e+00
 0.00000e+00
 0.00000e+00
 0.00000e+00
 0.00000e+00
 0.00000e+00
 0.00000e+00
 0.00000e+00
 0.00000e+00
 0.00000e+00
 0.00000e+00
 0.00000e+00
 0.00000e+00
 0.00000e+00
 0.00000e+00
 0.00000e+00
 0.00000e+00
 0.00000e+00
 0.00000e+00
 0.00000e+00
 0.00000e+00
 0.00000e+00
 0.00000e+00
 0.00000e+00
 0.00000e+00
 0.00000e+00
 0.00000e+00
 0.00000e+00
-1.76767e-15
-1.94171e-15
 4.05997e-16
 7.72107e-16
-9.30503e-16
-5.52294e-15
-8.25192e-15
-7.90034e-15
-6.18625e-15
-5.72668e-15
-6.70528e-15
-1.11642e-14
-1.30318e-14
-1.29303e-14
-1.30543e-14
-1.16874e-14
-6.46395e-15
-4.47202e-15
-6.21579e-15
-7.29263e-15
-5.77611e-15
-2.41020e-15
-6.29488e-16
 1.51338e-15
 1.32851e-15
 3.66721e-15
 3.87902e-15
-1.69360e-16
-8.10848e-16
 8.51075e-16
 5.79870e-16
-2.86376e-15
-9.72040e-15
-8.26266e-15
-6.77883e-15
-6.39205e-15
-3.21417e-15
-4.63075e-16
-2.00921e-15
-2.84569e-15
 3.06114e-15
-1.27264e-15
-5.29959e-15
-3.66061e-15
-2.39418e-15
-5.79980e-15
 1.33178e-14
-3.86443e-14
-7.53960e-15
 2.45166e-14
-7.64018e-15
-5.29278e-14
 4.53084e-14
 4.20479e-15
 5.53249e-15
 5.21216e-15
 4.17402e-15
 8.05831e-15
 1.30686e-14
 1.38875e-14
 1.32034e-14
 1.08021e-14
 8.78195e-15
 8.37867e-15
 8.39919e-15
 7.71054e-15
 7.95184e-15
 9.74878e-15
 1.33630e-14
 1.88037e-14
 2.05763e-14
 1.98615e-14
 1.83541e-14
 1.48678e-14
 8.84676e-15
 7.26477e-15
 1.68196e-15
-1.20034e-16
-6.03640e-16
 1.30558e-15
 6.42637e-15
 9.68661e-15
 6.31027e-15
-4.01916e-16
 3.15965e-15
 9.25156e-15
 1.03459e-14
 8.18466e-15
 6.62714e-15
 1.00007e-15
 6.22142e-17
 8.18643e-15
 6.68292e-15
 1.44438e-15
 6.18087e-15
 4.18610e-15
 3.67579e-16
 4.87965e-15
 8.41114e-15
 2.52619e-14
-3.71428e-14
 4.50807e-15
 4.30497e-14
 1.84376e-14
-3.28316e-14
 3.93697e-14
-1.39094e-17
 1.27295e-15
 3.33785e-15
 4.78352e-15
 3.55195e-15
-2.66851e-15
-6.40861e-15
-5.25821e-15
-1.54896e-15
 2.36970e-15
 4.90285e-15
 4.45542e-15
 2.90733e-15
 1.72328e-15
-2.33576e-16
-6.45963e-15
-1.29722e-14
-1.27037e-14
-9.98432e-15
-8.24750e-15
-4.98113e-15
-4.64177e-15
-4.89686e-15
-2.58028e-15
 3.22035e-18
-9.41355e-16
-1.14931e-15
-2.54431e-15
-2.83574e-15
-3.22399e-15
-3.32086e-15
 2.93300e-15
-1.07040e-15
-9.30548e-15
-8.34967e-15
-5.26954e-15
 3.91977e-15
 6.61655e-15
-7.06396e-15
-5.78915e-15
-5.86316e-15
-1.00679e-14
 4.80639e-16
-2.57261e-15
-5.08904e-15
-5.05529e-15
 1.17345e-14
-4.97706e-14
-5.37398e-15
 4.13057e-14
-1.19606e-14
-6.34020e-14
 4.38885e-14
-5.87131e-15
-7.89860e-15
-8.59605e-15
-8.35106e-15
-7.48395e-15
-5.40982e-15
-1.40705e-15
-9.69110e-16
-2.60135e-15
-7.13604e-15
-1.05355e-14
-9.57652e-15
-8.62084e-15
-9.16614e-15
-1.03233e-14
-9.47397e-15
-9.19574e-15
-1.00299e-14
-8.85697e-15
-4.58988e-15
 1.52764e-15
 8.24949e-15
 1.00831e-14
 7.18042e-15
 3.55999e-15
 2.04713e-16
-2.16721e-15
-2.17744e-15
 9.69245e-16
 4.59024e-15
 9.35069e-15
 1.12063e-14
 5.42165e-15
 4.97360e-15
 7.85234e-15
 1.24224e-14
 4.69902e-15
 7.67530e-16
 1.19661e-14
 1.09420e-14
 1.00085e-14
 1.05699e-14
 3.62408e-15
-2.39659e-15
 3.43949e-15
-1.31753e-15
 2.61849e-14
-2.83187e-14
 6.09242e-15
 3.22539e-14
 2.07610e-14
-2.54888e-14
 5.31096e-14
 0.00000e+00
 0.00000e+00
 0.00000e+00
 0.00000e+00
 0.00000e+00
 0.00000e+00
 0.00000e+00
 0.00000e+00
 0.00000e+00
 0.00000e+00
 0.00000e+00
 0.00000e+00
 0.00000e+00
 0.00000e+00
 0.00000e+00
 0.00000e+00
 0.00000e+00
 0.00000e+00
 0.00000e+00
 0.00000e+00
 0.00000e+00
 0.00000e+00
 0.00000e+00
 0.00000e+00
 0.00000e+00
 0.00000e+00
 0.00000e+00
 0.00000e+00
 0.00000e+00
 0.00000e+00
 0.00000e+00
 0.00000e+00
 0.00000e+00
 0.00000e+00
 0.00000e+00
 0.00000e+00
 0.00000e+00
 0.00000e+00
 0.00000e+00
 0.00000e+00
 0.00000e+00
 0.00000e+00
 0.00000e+00
 0.00000e+00
 0.00000e+00
 0.00000e+00
 0.00000e+00
 0.00000e+00
 0.00000e+00
 0.00000e+00
 0.00000e+00
 0.00000e+00
 0.00000e+00
 0.00000e+00
 0.00000e+00
 0.00000e+00
 0.00000e+00
 0.00000e+00
 0.00000e+00
 0.00000e+00
 0.00000e+00
 0.00000e+00
 0.00000e+00
 0.00000e+00
 0.00000e+00
 0.00000e+00
 0.00000e+00
 0.00000e+00
 0.00000e+00
 0.00000e+00
 0.00000e+00
 0.00000e+00
 0.00000e+00
 0.00000e+00
 0.00000e+00
 0.00000e+00
 0.00000e+00
 0.00000e+00
 0.00000e+00
 0.00000e+00
 0.00000e+00
 0.00000e+00
 0.00000e+00
 0.00000e+00
 0.00000e+00
 0.00000e+00
 0.00000e+00
 0.00000e+00
 0.00000e+00
 0.00000e+00
 0.00000e+00
 0.00000e+00
 0.00000e+00
 0.00000e+00
 0.00000e+00
 0.00000e+00
 0.00000e+00
 0.00000e+00
 0.00000e+00
 0.00000e+00
 0.00000e+00
 0.00000e+00
 0.00000e+00
 0.00000e+00
 0.00000e+00
 0.00000e+00
-3.46480e-17
 4.06740e-16
 2.97772e-15
 6.33276e-15
 6.35684e-15
 4.82215e-15
 2.61769e-15
 1.58344e-15
 1.08406e-15
 7.84952e-16
-4.03821e-16
-3.64311e-15
-4.58956e-15
-4.68755e-15
-4.35039e-15
-1.63995e-15
 5.28445e-15
 1.21886e-14
 1.17928e-14
 9.08331e-15
 6.92293e-15
 4.69940e-15
 4.86838e-15
 3.25838e-15
-9.42282e-16
 6.69682e-16
 1.96859e-15
 8.38594e-16
 2.52072e-15
 6.39989e-15
 6.18261e-15
 2.25518e-15
-2.31193e-15
 1.94294e-15
 2.95295e-15
-4.67979e-16
 2.03224e-16
 1.25809e-15
-2.26393e-15
 9.26877e-17
 8.87724e-15
-1.41078e-15
 5.02139e-16
 2.90998e-15
 5.13984e-15
 6.01471e-15
 2.35255e-14
-3.66695e-14
 5.04095e-15
 3.68535e-14
 5.18168e-15
-3.98576e-14
 4.76437e-14
-6.82477e-16
-4.26037e-16
-1.52042e-15
-4.21211e-15
-2.89664e-15
-1.34714e-15
-1.56769e-15
-2.03482e-15
-2.05998e-15
-8.11424e-16
 2.46463e-15
 4.62873e-15
 4.45975e-15
 3.18450e-15
 1.44102e-15
-1.75545e-15
-7.71903e-15
-1.35861e-14
-1.45493e-14
-1.32395e-14
-9.48544e-15
-7.66650e-15
-8.20462e-15
-1.02926e-14
-4.16340e-15
 2.14727e-15
 2.69035e-15
 2.78718e-15
 1.26904e-15
-5.65302e-15
-1.16158e-14
-5.97443e-15
-4.13900e-15
-6.21583e-15
-7.09739e-15
-5.20566e-15
-8.21781e-15
-6.14415e-15
 4.33786e-15
-3.94750e-15
-1.25756e-14
-4.84235e-15
-3.31223e-15
-6.60122e-15
-1.05617e-14
-1.70587e-14
 8.77741e-15
-4.70563e-14
-1.08464e-14
 3.45341e-14
-1.82045e-15
-5.68109e-14
 3.23184e-14
 2.18124e-16
 2.16379e-15
 3.31261e-15
 4.66509e-15
 3.77991e-15
 2.61015e-15
 3.56076e-15
 6.65966e-15
 8.03259e-15
 7.86337e-15
 4.98389e-15
-1.81283e-15
-5.66825e-15
-5.36582e-15
-2.76455e-15
 8.58525e-16
 5.32703e-15
 1.20736e-14
 1.43374e-14
 1.26708e-14
 8.27940e-15
 4.67899e-15
 7.85451e-15
 1.13521e-14
 8.59342e-15
-6.82114e-16
-1.71383e-15
 1.00362e-15
 7.96638e-15
 9.76739e-15
 6.90439e-15
 9.38832e-15
 9.76696e-15
 7.88338e-15
 8.10587e-15
 9.50898e-15
 1.59232e-14
 1.60470e-14
 3.88416e-15
 7.10415e-15
 1.01803e-14
 3.30245e-15
 7.70674e-15
 3.31118e-15
 1.35952e-14
 1.90180e-14
 2.39990e-14
-3.57184e-14
 1.23028e-14
 4.71927e-14
 1.04461e-14
-3.38100e-14
 5.54004e-14
-3.20069e-15
-4.19617e-15
-3.23728e-15
-8.30526e-16
 1.53364e-15
 8.24953e-16
-7.35061e-16
-1.23716e-15
-1.99087e-15
-5.57038e-15
-6.00433e-15
-3.35033e-15
-7.13155e-16
-7.96511e-16
-2.65792e-15
-5.49117e-15
-9.29388e-15
-1.25847e-14
-1.24383e-14
-9.25373e-15
-2.55679e-15
 1.95083e-15
 1.46647e-15
-3.67440e-15
-1.86319e-15
 6.67848e-16
-4.05403e-16
-5.56141e-15
-7.42042e-15
-5.96739e-15
 1.51555e-16
 3.92919e-15
-1.46309e-15
-3.43007e-15
-1.09293e-15
 1.54127e-15
-3.62793e-15
-3.40201e-15
 5.53614e-15
-2.24873e-16
-4.08863e-15
 2.20254e-16
-3.05983e-15
-6.21115e-15
-9.45852e-15
-1.37615e-14
 2.30447e-14
-4.34200e-14
-9.67792e-15
 2.97961e-14
 3.75142e-16
-4.55818e-14
 4.29032e-14
 0.00000e+00
 0.00000e+00
 0.00000e+00
 0.00000e+00
 0.00000e+00
 0.00000e+00
 0.00000e+00
 0.00000e+00
 0.00000e+00
 0.00000e+00
 0.00000e+00
 0.00000e+00
 0.00000e+00
 0.00000e+00
 0.00000e+00
 0.00000e+00
 0.00000e+00
 0.00000e+00
 0.00000e+00
 0.00000e+00
 0.00000e+00
 0.00000e+00
 0.00000e+00
 0.00000e+00
 0.00000e+00
 0.00000e+00
 0.00000e+00
 0.00000e+00
 0.00000e+00
 0.00000e+00
 0.00000e+00
 0.00000e+00
 0.00000e+00
 0.00000e+00
 0.00000e+00
 0.00000e+00
 0.00000e+00
 0.00000e+00
 0.00000e+00
 0.00000e+00
 0.00000e+00
 0.00000e+00
 0.00000e+00
 0.00000e+00
 0.00000e+00
 0.00000e+00
 0.00000e+00
 0.00000e+00
 0.00000e+00
 0.00000e+00
 0.00000e+00
 0.00000e+00
 0.00000e+00
 0.00000e+00
 0.00000e+00
 0.00000e+00
 0.00000e+00
 0.00000e+00
 0.00000e+00
 0.00000e+00
 0.00000e+00
 0.00000e+00
 0.00000e+00
 0.00000e+00
 0.00000e+00
 0.00000e+00
 0.00000e+00
 0.00000e+00
 0.00000e+00
 0.00000e+00
 0.00000e+00
 0.00000e+00
 0.00000e+00
 0.00000e+00
 0.00000e+00
 0.00000e+00
 0.00000e+00
 0.00000e+00
 0.00000e+00
 0.00000e+00
 0.00000e+00
 0.00000e+00
 0.00000e+00
 0.00000e+00
 0.00000e+00
 0.00000e+00
 0.00000e+00
 0.00000e+00
 0.00000e+00
 0.00000e+00
 0.00000e+00
 0.00000e+00
 0.00000e+00
 0.00000e+00
 0.00000e+00
 0.00000e+00
 0.00000e+00
 0.00000e+00
 0.00000e+00
 0.00000e+00
 0.00000e+00
 0.00000e+00
 0.00000e+00
 0.00000e+00
 0.00000e+00
 0.00000e+00
-4.99999e-15
-2.82281e-15
 1.87343e-15
 6.69379e-15
 6.51973e-15
 3.60263e-15
 1.05137e-15
 7.89104e-16
 1.10425e-15
 2.08583e-15
 2.80716e-15
 1.90461e-15
 1.25381e-15
 1.35254e-15
 2.21143e-15
 4.59034e-15
 9.23369e-15
 1.05535e-14
 9.33140e-15
 5.43020e-15
-2.74931e-16
-4.30106e-15
-2.76951e-15
-1.07049e-15
-1.32851e-15
-6.74040e-16
 1.90892e-16
-7.01472e-16
-2.30374e-15
-2.80447e-16
 1.46676e-15
-2.62841e-16
-2.60838e-15
 1.08598e-15
-1.24536e-15
-6.14628e-15
-7.44802e-15
-6.36395e-15
-4.19426e-16
-9.96994e-16
 3.25249e-15
-3.24930e-17
-1.58362e-15
-3.66776e-15
 8.19819e-16
-5.86819e-15
 1.57581e-14
-4.45992e-14
-2.51058e-15
 3.48759e-14
 2.92815e-15
-4.12502e-14
 4.18367e-14
-1.19358e-15
-3.05570e-15
-6.52045e-15
-8.17106e-15
-6.49361e-15
-3.23374e-15
-3.03111e-15
-4.87727e-15
-5.92545e-15
-5.35520e-15
-3.66745e-15
-3.00219e-15
-3.11411e-15
-3.94523e-15
-6.28099e-15
-1.15487e-14
-2.09134e-14
-2.48261e-14
-2.40947e-14
-2.00356e-14
-1.15920e-14
-2.71990e-15
-1.90738e-15
-5.72487e-15
-1.99633e-15
 5.93750e-15
 6.54917e-15
 5.55452e-15
 5.30450e-15
 1.64501e-15
-4.20547e-15
-5.78970e-16
-1.83837e-15
-3.11018e-15
-2.00952e-15
 2.85965e-16
-1.81154e-16
 3.02110e-16
 3.50471e-16
-4.07282e-15
-3.10354e-15
-6.04656e-15
 5.08622e-15
 1.08553e-16
-7.11560e-15
 2.72844e-15
 2.23875e-14
-3.98856e-14
 2.18173e-15
 4.29177e-14
 1.48968e-15
-4.96623e-14
 4.21146e-14
-8.97365e-16
-7.07056e-16
-2.34934e-15
-4.80055e-15
-8.52544e-15
-8.26952e-15
-4.93697e-15
 2.46753e-16
 3.28176e-15
 3.93363e-15
 2.68359e-15
-4.31590e-16
-4.55393e-15
-7.69301e-15
-8.67732e-15
-8.12518e-15
-5.64596e-15
-2.03411e-15
-1.13124e-16
 1.11157e-15
 1.46001e-15
 1.24345e-15
 4.99701e-15
 7.26956e-15
 4.38028e-15
-2.13158e-15
-5.14090e-15
-4.07685e-15
-5.71417e-17
 1.01203e-15
-1.22528e-15
 5.74608e-16
 1.95613e-15
 9.18171e-16
 3.26576e-15
 5.40786e-15
 8.17115e-15
 1.05324e-14
 5.17026e-15
 3.23928e-15
 4.90676e-15
 1.90365e-15
-2.63801e-15
-1.47072e-15
 7.53513e-15
 1.74546e-15
 2.00551e-14
-4.31069e-14
-1.50491e-15
 4.09666e-14
 2.96028e-15
-4.02209e-14
 4.53671e-14
 3.36277e-15
 4.58204e-15
 9.81783e-15
 1.63560e-14
 1.67029e-14
 1.33380e-14
 9.54123e-15
 9.06933e-15
 8.82995e-15
 6.24925e-15
 5.76134e-15
 7.16509e-15
 9.37230e-15
 1.26909e-14
 1.55289e-14
 1.71752e-14
 1.67892e-14
 1.58230e-14
 1.31556e-14
 8.92085e-15
 4.77589e-15
 6.53745e-16
-9.10961e-16
-3.03078e-15
 7.37112e-16
 2.58466e-15
 2.80111e-15
 1.03230e-15
-3.07563e-15
-2.09817e-15
 1.68425e-15
 5.22941e-15
 3.11723e-15
 4.41733e-15
 4.92344e-15
 5.96180e-15
 7.58506e-15
 7.50178e-15
 1.04072e-14
 6.35588e-15
-2.03220e-15
-2.82573e-15
 4.71740e-15
-1.11274e-15
-4.74320e-15
-9.00785e-16
 2.19285e-14
-3.78515e-14
 2.48256e-15
 3.83595e-14
 3.01363e-15
-4.10454e-14
 4.90212e-14
 0.00000e+00
 0.00000e+00
 0.00000e+00
 0.00000e+00
 0.00000e+00
 0.00000e+00
 0.00000e+00
 0.00000e+00
 0.00000e+00
 0.00000e+00
 0.00000e+00
 0.00000e+00
 0.00000e+00
 0.00000e+00
 0.00000e+00
 0.00000e+00
 0.00000e+00
 0.00000e+00
 0.00000e+00
 0.00000e+00
 0.00000e+00
 0.00000e+00
 0.00000e+00
 0.00000e+00
 0.00000e+00
 0.00000e+00
 0.00000e+00
 0.00000e+00
 0.00000e+00
 0.00000e+00
 0.00000e+00
 0.00000e+00
 0.00000e+00
 0.00000e+00
 0.00000e+00
 0.00000e+00
 0.00000e+00
 0.00000e+00
 0.00000e+00
 0.00000e+00
 0.00000e+00
 0.00000e+00
 0.00000e+00
 0.00000e+00
 0.00000e+00
 0.00000e+00
 0.00000e+00
 0.00000e+00
 0.00000e+00
 0.00000e+00
 0.00000e+00
 0.00000e+00
 0.00000e+00
 0.00000e+00
 0.00000e+00
 0.00000e+00
 0.00000e+00
 0.00000e+00
 0.00000e+00
 0.00000e+00
 0.00000e+00
 0.00000e+00
 0.00000e+00
 0.00000e+00
 0.00000e+00
 0.00000e+00
 0.00000e+00
 0.00000e+00
 0.00000e+00
 0.00000e+00
 0.00000e+00
 0.00000e+00
 0.00000e+00
 0.00000e+00
 0.00000e+00
 0.00000e+00
 0.00000e+00
 0.00000e+00
 0.00000e+00
 0.00000e+00
 0.00000e+00
 0.00000e+00
 0.00000e+00
 0.00000e+00
 0.00000e+00
 0.00000e+00
 0.00000e+00
 0.00000e+00
 0.00000e+00
 0.00000e+00
 0.00000e+00
 0.00000e+00
 0.00000e+00
 0.00000e+00
 0.00000e+00
 0.00000e+00
 0.00000e+00
 0.00000e+00
 0.00000e+00
 0.00000e+00
 0.00000e+00
 0.00000e+00
 0.00000e+00
 0.00000e+00
 0.00000e+00
 0.00000e+00
-7.13932e-15
-4.31536e-15
-2.72782e-16
 5.16144e-18
-1.41039e-15
-5.40572e-15
-7.22543e-15
-7.47672e-15
-6.56546e-15
-6.12035e-15
-6.26704e-15
-6.72243e-15
-6.21356e-15
-4.65461e-15
-3.96926e-15
-4.67974e-15
-6.72806e-15
-1.16165e-14
-1.19443e-14
-8.01803e-15
-1.96991e-15
-1.97805e-15
-2.14546e-15
-1.95273e-15
-1.36181e-15
 4.61768e-16
 3.47461e-15
 1.51542e-15
-4.40733e-15
-4.07399e-15
-8.97081e-16
-4.20186e-16
-4.06482e-15
-3.43444e-15
-3.93781e-15
-5.56021e-15
-9.21449e-15
-6.86052e-15
 3.07660e-15
-2.28692e-15
 5.55995e-16
 3.41397e-16
 1.00475e-15
-6.29497e-16
-5.03668e-15
-7.91429e-15
 1.41814e-14
-4.59289e-14
-4.35952e-15
 3.63609e-14
-2.67183e-15
-4.61857e-14
 5.10571e-14
 1.07677e-15
-1.35159e-15
-7.72988e-15
-9.05945e-15
-6.29558e-15
 5.99205e-17
 3.42518e-15
 3.89204e-15
 3.91664e-15
 3.50828e-15
 2.17212e-15
-9.39343e-17
-6.56606e-16
 1.53586e-16
 9.53368e-16
 1.14807e-15
 1.02733e-15
 7.91951e-16
-3.49459e-16
-3.52877e-15
-4.06198e-15
-1.80246e-15
 5.39892e-15
 7.34335e-15
 7.69163e-15
 6.80403e-15
 4.15931e-15
 1.60419e-15
 2.83838e-15
 2.57270e-15
 1.26685e-15
 3.78904e-15
 3.76401e-15
 4.73743e-15
 4.22761e-15
 5.33432e-15
 9.25878e-15
 6.50805e-15
 2.56238e-15
 5.87327e-15
 4.27877e-15
 1.38704e-15
 3.89842e-15
-7.09595e-16
 4.73514e-15
 1.40114e-14
 2.87886e-14
-3.72944e-14
 7.97965e-15
 4.08859e-14
 8.03043e-15
-4.01043e-14
 3.12993e-14
 5.80517e-17
-7.25733e-16
-2.28437e-15
-4.45374e-15
-5.42613e-15
-5.37183e-15
-3.92509e-15
-1.93656e-15
 6.26064e-16
 2.50037e-15
 4.28456e-15
 5.61517e-15
 5.00029e-15
 8.28581e-16
-5.15767e-15
-1.05739e-14
-1.20840e-14
-1.17096e-14
-9.43450e-15
-3.32439e-15
 4.82728e-15
 2.65253e-15
-6.84057e-15
-7.21671e-15
-3.18024e-15
 2.26785e-15
 1.63704e-15
-4.61301e-15
-5.62113e-15
-4.36270e-15
-5.88569e-15
-3.86420e-15
-5.93184e-15
-8.12605e-15
-5.36311e-15
-1.47412e-15
-3.25258e-15
-1.15347e-15
-2.81537e-15
-8.68525e-15
-2.20085e-15
-5.60600e-15
-2.93771e-15
-6.51753e-16
-7.49335e-15
-8.38743e-15
 1.70890e-14
-4.80159e-14
-1.00468e-14
 3.97831e-14
-4.35158e-15
-5.29733e-14
 4.79856e-14
 8.11009e-16
 3.81060e-15
 1.03764e-14
 1.28750e-14
 1.15725e-14
 8.48253e-15
 6.84690e-15
 5.86857e-15
 4.66460e-15
 1.98484e-15
 1.72113e-15
 2.98130e-15
 4.95834e-15
 8.39874e-15
 1.28545e-14
 1.45336e-14
 1.37483e-14
 1.27187e-14
 1.02961e-14
 4.33226e-15
-3.81125e-15
-3.55210e-15
 3.22187e-15
 3.44120e-15
 2.12511e-15
-1.61204e-15
-1.44311e-15
 4.15126e-15
 5.09558e-15
 3.06373e-15
 1.90900e-15
 5.60364e-15
 7.45122e-15
 1.28230e-14
 1.22333e-14
 1.32941e-14
 1.61045e-14
 1.25353e-14
 1.40958e-14
 1.34041e-14
 3.05938e-15
 6.13370e-16
 6.67548e-15
 7.43435e-16
 1.45587e-15
 2.81146e-15
 2.19642e-14
-3.21415e-14
 1.04597e-14
 4.27867e-14
 1.20418e-14
-3.31067e-14
 5.05987e-14
 0.00000e+00
 0.00000e+00
 0.00000e+00
 0.00000e+00
 0.00000e+00
 0.00000e+00
 0.00000e+00
 0.00000e+00
 0.00000e+00
 0.00000e+00
 0.00000e+00
 0.00000e+00
 0.00000e+00
 0.00000e+00
 0.00000e+00
 0.00000e+00
 0.00000e+00
 0.00000e+00
 0.00000e+00
 0.00000e+00
 0.00000e+00
 0.00000e+00
 0.00000e+00
 0.00000e+00
 0.00000e+00
 0.00000e+00
 0.00000e+00
 0.00000e+00
 0.00000e+00
 0.00000e+00
 0.00000e+00
 0.00000e+00
 0.00000e+00
 0.00000e+00
 0.00000e+00
 0.00000e+00
 0.00000e+00
 0.00000e+00
 0.00000e+00
 0.00000e+00
 0.00000e+00
 0.00000e+00
 0.00000e+00
 0.00000e+00
 0.00000e+00
 0.00000e+00
 0.00000e+00
 0.00000e+00
 0.00000e+00
 0.00000e+00
 0.00000e+00
 0.00000e+00
 0.00000e+00
 0.00000e+00
 0.00000e+00
 0.00000e+00
 0.00000e+00
 0.00000e+00
 0.00000e+00
 0.00000e+00
 0.00000e+00
 0.00000e+00
 0.00000e+00
 0.00000e+00
 0.00000e+00
 0.00000e+00
 0.00000e+00
 0.00000e+00
 0.00000e+00
 0.00000e+00
 0.00000e+00
 0.00000e+00
 0.00000e+00
 0.00000e+00
 0.00000e+00
 0.00000e+00
 0.00000e+00
 0.00000e+00
 0.00000e+00
 0.00000e+00
 0.00000e+00
 0.00000e+00
 0.00000e+00
 0.00000e+00
 0.00000e+00
 0.00000e+00
 0.00000e+00
 0.00000e+00
 0.00000e+00
 0.00000e+00
 0.00000e+00
 0.00000e+00
 0.00000e+00
 0.00000e+00
 0.00000e+00
 0.00000e+00
 0.00000e+00
 0.00000e+00
 0.00000e+00
 0.00000e+00
 0.00000e+00
 0.00000e+00
 0.00000e+00
 0.00000e+00
 0.00000e+00
 0.00000e+00
-1.00175e-15
-5.66139e-16
-1.09330e-16
 4.49076e-16
 9.22566e-16
 2.88098e-16
-1.01319e-15
-2.08216e-15
-2.17999e-15
-3.30268e-15
-4.21383e-15
-4.04543e-15
-3.38470e-15
-2.85214e-15
-2.16303e-15
-1.25269e-15
-8.75326e-17
 2.28542e-16
 1.38710e-15
 7.10196e-15
 1.09328e-14
 8.68372e-15
 6.32810e-15
 4.62356e-15
 2.02454e-15
 3.26010e-15
 6.53548e-15
 3.93120e-15
 4.20992e-16
 1.13595e-15
 2.94052e-15
 2.60450e-15
-2.52122e-15
-1.68441e-15
 1.92392e-15
 1.14196e-15
-2.44276e-15
-1.87486e-15
 3.31432e-15
 5.80725e-15
 5.19564e-15
-2.92784e-15
 5.35980e-15
 7.01487e-15
 2.84598e-15
 4.30043e-15
 2.50731e-14
-3.42778e-14
 8.74607e-15
 3.74597e-14
 4.07500e-15
-3.85004e-14
 5.18412e-14
 2.41906e-15
 7.61542e-16
-3.40343e-15
-7.30918e-15
-7.15438e-15
-5.01247e-15
-6.23082e-17
 5.13318e-15
 6.95233e-15
 7.00004e-15
 5.85882e-15
 3.19363e-15
 1.22035e-15
 3.21418e-16
 7.89278e-16
 2.00728e-15
 3.37723e-15
 3.64849e-15
 3.07144e-15
-1.25976e-15
-3.98940e-15
-2.98502e-15
-6.06139e-16
 2.95660e-15
 7.15157e-15
 6.34889e-15
 2.51473e-15
-2.85065e-15
-3.63811e-15
-5.30962e-15
-6.16530e-15
-3.40709e-15
-3.03543e-15
-3.24263e-15
-2.99713e-15
 5.73553e-16
 1.37381e-15
-8.60428e-16
 1.13611e-15
-3.20565e-15
-8.69729e-15
-6.72229e-16
-4.90581e-15
-6.41586e-15
-1.51852e-15
-4.33359e-15
 1.69521e-14
-4.81538e-14
-2.18264e-15
 3.62910e-14
 7.69313e-16
-4.79098e-14
 3.26614e-14
-1.36987e-15
-1.85822e-15
-1.48611e-15
-1.09454e-16
 1.33897e-15
 1.63749e-15
 1.48701e-15
 7.03276e-16
 2.31204e-16
-5.38364e-16
-3.41320e-16
 6.46806e-16
 2.66606e-15
 3.46672e-15
 4.11846e-15
 5.26357e-15
 5.76320e-15
 5.32899e-15
 4.35676e-15
 4.42887e-15
 6.11025e-15
 3.07439e-15
-1.54897e-15
 2.76690e-15
 4.20831e-15
 4.92233e-15
 4.87052e-15
 2.72782e-15
 5.20754e-15
 6.60085e-15
 3.31291e-15
 3.75573e-15
 2.77758e-15
 1.81764e-15
 1.99288e-15
 3.88932e-15
 4.93207e-15
 5.01300e-15
 1.49668e-15
 1.28802e-15
 9.04735e-15
 1.40733e-15
 3.72802e-15
 3.54251e-15
 4.99811e-15
 9.73423e-15
 2.38753e-14
-2.95039e-14
 1.06157e-14
 4.03721e-14
 6.20401e-15
-4.09013e-14
 5.17703e-14
-3.20928e-15
-2.56833e-15
-1.35327e-15
-9.54900e-16
-8.30853e-16
-1.41188e-15
-2.35758e-15
-3.47954e-15
-3.24768e-15
-2.34626e-15
-1.06726e-15
 4.28033e-16
 4.31250e-16
-4.54527e-16
-3.02930e-15
-7.56838e-15
-1.38064e-14
-1.44484e-14
-1.28266e-14
-9.54394e-15
-7.19258e-15
-4.03896e-15
 6.75514e-16
-3.19462e-15
-2.80287e-15
-2.44082e-15
-3.68544e-15
-4.11148e-15
-3.91526e-15
-7.19425e-15
-7.42093e-15
-5.05597e-16
 5.81883e-16
 3.31176e-15
 3.56539e-15
 2.57732e-15
 3.34900e-15
 2.31487e-15
 2.77701e-15
 1.88800e-16
-6.00206e-15
-2.15636e-15
-5.89448e-17
-1.21267e-15
-3.29861e-15
-7.52639e-15
 2.08946e-14
-4.58972e-14
-6.81209e-15
 3.52804e-14
 3.07668e-15
-4.46835e-14
 3.89200e-14
 0.00000e+00
 0.00000e+00
 0.00000e+00
 0.00000e+00
 0.00000e+00
 0.00000e+00
 0.00000e+00
 0.00000e+00
 0.00000e+00
 0.00000e+00
 0.00000e+00
 0.00000e+00
 0.00000e+00
 0.00000e+00
 0.00000e+00
 0.00000e+00
 0.00000e+00
 0.00000e+00
 0.00000e+00
 0.00000e+00
 0.00000e+00
 0.00000e+00
 0.00000e+00
 0.00000e+00
 0.00000e+00
 0.00000e+00
 0.00000e+00
 0.00000e+00
 0.00000e+00
 0.00000e+00
 0.00000e+00
 0.00000e+00
 0.00000e+00
 0.00000e+00
 0.00000e+00
 0.00000e+00
 0.00000e+00
 0.00000e+00
 0.00000e+00
 0.00000e+00
 0.00000e+00
 0.00000e+00
 0.00000e+00
 0.00000e+00
 0.00000e+00
 0.00000e+00
 0.00000e+00
 0.00000e+00
 0.00000e+00
 0.00000e+00
 0.00000e+00
 0.00000e+00
 0.00000e+00
 0.00000e+00
 0.00000e+00
 0.00000e+00
 0.00000e+00
 0.00000e+00
 0.00000e+00
 0.00000e+00
 0.00000e+00
 0.00000e+00
 0.00000e+00
 0.00000e+00
 0.00000e+00
 0.00000e+00
 0.00000e+00
 0.00000e+00
 0.00000e+00
 0.00000e+00
 0.00000e+00
 0.00000e+00
 0.00000e+00
 0.00000e+00
 0.00000e+00
 0.00000e+00
 0.00000e+00
 0.00000e+00
 0.00000e+00
 0.00000e+00
 0.00000e+00
 0.00000e+00
 0.00000e+00
 0.00000e+00
 0.00000e+00
 0.00000e+00
 0.00000e+00
 0.00000e+00
 0.00000e+00
 0.00000e+00
 0.00000e+00
 0.00000e+00
 0.00000e+00
 0.00000e+00
 0.00000e+00
 0.00000e+00
 0.00000e+00
 0.00000e+00
 0.00000e+00
 0.00000e+00
 0.00000e+00
 0.00000e+00
 0.00000e+00
 0.00000e+00
 0.00000e+00
 0.00000e+00
-8.23163e-16
-2.42801e-15
-1.79346e-15
 1.18963e-15
 3.58650e-15
 3.27877e-15
 2.40174e-15
 2.39199e-15
 3.06481e-15
 2.65323e-15
 3.56150e-15
 4.35772e-15
 3.74096e-15
 3.30847e-15
 4.50559e-15
 7.60090e-15
 1.20267e-14
 1.74660e-14
 1.69400e-14
 1.37384e-14
 7.48413e-15
 1.77885e-16
 6.46796e-16
 5.29422e-15
 6.34502e-15
 6.28892e-15
 5.86090e-15
 1.27988e-15
-1.40303e-15
-6.73585e-16
-5.03494e-16
-1.98922e-15
-7.10795e-15
-5.12126e-15
-4.39690e-15
-4.66033e-15
-4.47527e-15
-6.38617e-15
 1.78118e-15
 1.07473e-14
 1.62422e-15
-5.24635e-15
 1.47369e-16
-8.84114e-16
 3.05851e-15
-6.61968e-15
 1.98010e-14
-3.15704e-14
 4.35600e-15
 2.31476e-14
 3.63748e-16
-4.10296e-14
 3.60499e-14
 5.60127e-15
 4.52637e-15
 4.50168e-15
 1.82710e-15
-1.23932e-15
-6.51701e-16
 3.95766e-15
 9.32043e-15
 9.76782e-15
 7.94486e-15
 4.37387e-15
-8.03486e-17
-3.76429e-15
-5.27964e-15
-5.24061e-15
-4.29659e-15
-1.59498e-15
 3.35011e-15
 7.62832e-15
 1.05629e-14
 1.46460e-14
 1.43754e-14
 9.36453e-15
 2.53824e-15
 3.61118e-15
 6.48230e-15
 5.65256e-15
 3.60165e-15
 4.12006e-15
 2.40878e-15
-1.10040e-15
-2.37960e-16
-4.42364e-17
 1.21796e-15
 4.41937e-15
 8.12942e-15
 1.26686e-15
-2.27796e-15
-2.82776e-15
-1.16267e-14
-4.94757e-15
-6.42326e-16
 1.57352e-15
 1.29129e-15
-2.06251e-15
 1.16376e-14
 2.90279e-14
-4.52251e-14
 1.07390e-14
 5.14530e-14
 1.20589e-14
-3.34476e-14
 6.24227e-14
-5.65824e-15
-5.42398e-15
-6.35651e-15
-6.92908e-15
-7.90964e-15
-1.02668e-14
-1.16980e-14
-1.18790e-14
-1.15676e-14
-1.04576e-14
-8.13935e-15
-4.27625e-15
 1.62277e-16
 2.41220e-15
 4.38163e-15
 4.04207e-15
 7.57017e-16
-4.79968e-15
-1.19040e-14
-1.68895e-14
-1.48188e-14
-9.35775e-15
-2.09163e-16
 1.17990e-14
 8.26651e-15
 4.80407e-16
-8.80172e-16
 1.40178e-16
 3.79804e-15
 3.05785e-15
-7.60779e-16
 9.44636e-16
 4.15698e-16
-2.12586e-15
-4.77543e-15
-3.26536e-15
 4.72506e-15
 7.78240e-15
 4.54438e-15
 5.38541e-15
 5.17166e-15
 2.55551e-15
-5.88013e-15
-4.53789e-15
 7.57628e-15
-2.53232e-15
 1.67058e-14
-2.89695e-14
 8.16733e-15
 3.01142e-14
-5.22046e-15
-5.24767e-14
 3.09237e-14
-1.79015e-15
-3.42666e-15
-4.18305e-15
-2.91566e-15
-7.58407e-16
-5.64799e-16
-5.71653e-16
 1.36000e-16
 2.26772e-15
 6.87208e-15
 8.03899e-15
 6.93282e-15
 3.63942e-15
-5.49819e-16
-4.30276e-15
-9.41822e-15
-1.02021e-14
-8.30852e-15
-3.59173e-15
 5.36468e-15
 6.98835e-15
 4.46023e-15
-8.81737e-17
-6.64223e-15
-1.69574e-15
 3.54578e-15
 1.42540e-16
-6.55683e-15
-6.47822e-15
-8.30288e-15
-7.11236e-15
-3.45726e-16
 2.47198e-16
 1.97378e-15
 2.39944e-15
-5.26465e-16
 4.13906e-16
 1.97647e-15
-7.00542e-16
-2.73246e-15
-4.10377e-15
-1.85823e-15
 5.12460e-15
 4.19770e-15
 2.02392e-15
 2.27676e-15
 2.28928e-14
-4.23069e-14
-3.64978e-15
 3.37615e-14
 7.49098e-15
-3.91611e-14
 4.24288e-14
 0.00000e+00
 0.00000e+00
 0.00000e+00
 0.00000e+00
 0.00000e+00
 0.00000e+00
 0.00000e+00
 0.00000e+00
 0.00000e+00
 0.00000e+00
 0.00000e+00
 0.00000e+00
 0.00000e+00
 0.00000e+00
 0.00000e+00
 0.00000e+00
 0.00000e+00
 0.00000e+00
 0.00000e+00
 0.00000e+00
 0.00000e+00
 0.00000e+00
 0.00000e+00
 0.00000e+00
 0.00000e+00
 0.00000e+00
 0.00000e+00
 0.00000e+00
 0.00000e+00
 0.00000e+00
 0.00000e+00
 0.00000e+00
 0.00000e+00
 0.00000e+00
 0.00000e+00
 0.00000e+00
 0.00000e+00
 0.00000e+00
 0.00000e+00
 0.00000e+00
 0.00000e+00
 0.00000e+00
 0.00000e+00
 0.00000e+00
 0.00000e+00
 0.00000e+00
 0.00000e+00
 0.00000e+00
 0.00000e+00
 0.00000e+00
 0.00000e+00
 0.00000e+00
 0.00000e+00
 0.00000e+00
 0.00000e+00
 0.00000e+00
 0.00000e+00
 0.00000e+00
 0.00000e+00
 0.00000e+00
 0.00000e+00
 0.00000e+00
 0.00000e+00
 0.00000e+00
 0.00000e+00
 0.00000e+00
 0.00000e+00
 0.00000e+00
 0.00000e+00
 0.00000e+00
 0.00000e+00
 0.00000e+00
 0.00000e+00
 0.00000e+00
 0.00000e+00
 0.00000e+00
 0.00000e+00
 0.00000e+00
 0.00000e+00
 0.00000e+00
 0.00000e+00
 0.00000e+00
 0.00000e+00
 0.00000e+00
 0.00000e+00
 0.00000e+00
 0.00000e+00
 0.00000e+00
 0.00000e+00
 0.00000e+00
 0.00000e+00
 0.00000e+00
 0.00000e+00
 0.00000e+00
 0.00000e+00
 0.00000e+00
 0.00000e+00
 0.00000e+00
 0.00000e+00
 0.00000e+00
 0.00000e+00
 0.00000e+00
 0.00000e+00
 0.00000e+00
 0.00000e+00
 0.00000e+00
 0.00000e+00
 0.00000e+00
 0.00000e+00
 0.00000e+00
 0.00000e+00
 0.00000e+00
 0.00000e+00
 0.00000e+00
 0.00000e+00
 0.00000e+00
 0.00000e+00
 0.00000e+00
 0.00000e+00
 0.00000e+00
 0.00000e+00
 0.00000e+00
 0.00000e+00
 0.00000e+00
 0.00000e+00
 0.00000e+00
 0.00000e+00
 0.00000e+00
 0.00000e+00
 0.00000e+00
 0.00000e+00
 0.00000e+00
 0.00000e+00
 0.00000e+00
 0.00000e+00
 0.00000e+00
 0.00000e+00
 0.00000e+00
 0.00000e+00
 0.00000e+00
 0.00000e+00
 0.00000e+00
 0.00000e+00
 0.00000e+00
 0.00000e+00
 0.00000e+00
 0.00000e+00
 0.00000e+00
 0.00000e+00
 0.00000e+00
 0.00000e+00
 0.00000e+00
 0.00000e+00
 0.00000e+00
 0.00000e+00
 0.00000e+00
 0.00000e+00
 0.00000e+00
 0.00000e+00
 0.00000e+00
 0.00000e+00
 0.00000e+00
 0.00000e+00
 0.00000e+00
 0.00000e+00
 0.00000e+00
 0.00000e+00
 0.00000e+00
 0.00000e+00
 0.00000e+00
 0.00000e+00
 0.00000e+00
 0.00000e+00
 0.00000e+00
 0.00000e+00
 0.00000e+00
 0.00000e+00
 0.00000e+00
 0.00000e+00
 0.00000e+00
 0.00000e+00
 0.00000e+00
 0.00000e+00
 0.00000e+00
 0.00000e+00
 0.00000e+00
 0.00000e+00
 0.00000e+00
 0.00000e+00
 0.00000e+00
 0.00000e+00
 0.00000e+00
 0.00000e+00
 0.00000e+00
 0.00000e+00
 0.00000e+00
 0.00000e+00
 0.00000e+00
 0.00000e+00
 0.00000e+00
 0.00000e+00
 0.00000e+00
 0.00000e+00
 0.00000e+00
 0.00000e+00
 0.00000e+00
 0.00000e+00
 0.00000e+00
 0.00000e+00
 0.00000e+00
 0.00000e+00
 0.00000e+00
 0.00000e+00
 0.00000e+00
 0.00000e+00
 0.00000e+00
 0.00000e+00
 0.00000e+00
 0.00000e+00
 0.00000e+00
 0.00000e+00
 0.00000e+00
 0.00000e+00
 0.00000e+00
 0.00000e+00
 0.00000e+00
 0.00000e+00
 0.00000e+00
 0.00000e+00
 0.00000e+00
 0.00000e+00
 0.00000e+00
 0.00000e+00
 0.00000e+00
 0.00000e+00
 0.00000e+00
 0.00000e+00
 0.00000e+00
 0.00000e+00
 0.00000e+00
 0.00000e+00
 0.00000e+00
 0.00000e+00
 0.00000e+00
 0.00000e+00
 0.00000e+00
 0.00000e+00
 0.00000e+00
 0.00000e+00
 0.00000e+00
 0.00000e+00
 0.00000e+00
 0.00000e+00
 0.00000e+00
 0.00000e+00
 0.00000e+00
 0.00000e+00
 0.00000e+00
 0.00000e+00
 0.00000e+00
 0.00000e+00
 0.00000e+00
 0.00000e+00
 0.00000e+00
 0.00000e+00
 0.00000e+00
 0.00000e+00
 0.00000e+00
 0.00000e+00
 0.00000e+00
 0.00000e+00
 0.00000e+00
 0.00000e+00
 0.00000e+00
 0.00000e+00
 0.00000e+00
 0.00000e+00
 0.00000e+00
 0.00000e+00
 0.00000e+00
 0.00000e+00
 0.00000e+00
 0.00000e+00
 0.00000e+00
 0.00000e+00
 0.00000e+00
 0.00000e+00
 0.00000e+00
 0.00000e+00
 0.00000e+00
 0.00000e+00
 0.00000e+00
 0.00000e+00
 0.00000e+00
 0.00000e+00
 0.00000e+00
 0.00000e+00
 0.00000e+00
 0.00000e+00
 0.00000e+00
 0.00000e+00
 0.00000e+00
 0.00000e+00
 0.00000e+00
 0.00000e+00
 0.00000e+00
 0.00000e+00
 0.00000e+00
 0.00000e+00
 0.00000e+00
 0.00000e+00
 0.00000e+00
 0.00000e+00
 0.00000e+00
 0.00000e+00
 0.00000e+00
 0.00000e+00
 0.00000e+00
 0.00000e+00
 0.00000e+00
 0.00000e+00
 0.00000e+00
 0.00000e+00
 0.00000e+00
 0.00000e+00
 0.00000e+00
 0.00000e+00
 0.00000e+00
 0.00000e+00
 0.00000e+00
 0.00000e+00
 0.00000e+00
 0.00000e+00
 0.00000e+00
 0.00000e+00
 0.00000e+00
 0.00000e+00
 0.00000e+00
 0.00000e+00
 0.00000e+00
 0.00000e+00
 0.00000e+00
 0.00000e+00
 0.00000e+00
 0.00000e+00
 0.00000e+00
 0.00000e+00
 0.00000e+00
 0.00000e+00
 0.00000e+00
 0.00000e+00
 0.00000e+00
 0.00000e+00
 0.00000e+00
 0.00000e+00
 0.00000e+00
 0.00000e+00
 0.00000e+00
 0.00000e+00
 0.00000e+00
 0.00000e+00
 0.00000e+00
 0.00000e+00
 0.00000e+00
 0.00000e+00
 0.00000e+00
 0.00000e+00
 0.00000e+00
 0.00000e+00
 0.00000e+00
 0.00000e+00
 1.63256e-15
 2.62087e-15
 2.40052e-15
 1.38920e-15
-1.26941e-15
-6.28477e-15
-7.49884e-15
-5.18676e-15
-2.82515e-16
-9.50576e-16
-4.25498e-15
-4.68201e-15
-4.84539e-15
-6.31372e-15
-6.71374e-15
-6.57862e-15
-4.93706e-15
-6.01368e-15
-6.27219e-15
-3.95893e-15
 2.41785e-15
 6.28363e-15
 6.36328e-15
 7.49500e-15
 4.65946e-15
 1.78150e-15
 2.02703e-15
 1.87048e-16
-3.54056e-15
-5.76745e-15
-3.03652e-15
-3.00925e-16
-1.30716e-15
-6.83642e-15
-6.98515e-15
-6.52743e-15
-5.42130e-15
-4.08680e-15
-6.55222e-15
-6.59046e-15
-2.77739e-15
-1.22977e-15
-9.26875e-15
-7.58813e-15
-7.23274e-15
 1.44343e-14
-3.93817e-14
 3.80592e-14
-5.41969e-15
-4.40349e-14
-1.05683e-14
 3.53666e-14
-4.61078e-14
 3.08719e-15
 4.89484e-15
 5.54364e-15
 6.16787e-15
 6.08519e-15
 4.11811e-15
 2.89964e-15
 4.48647e-15
 6.01998e-15
 4.71428e-15
 1.88937e-15
 2.57020e-15
 3.62218e-15
 2.67696e-15
 2.65618e-15
 3.40329e-15
 7.27320e-15
 9.36274e-15
 1.08591e-14
 1.27706e-14
 1.50318e-14
 1.43373e-14
 1.25920e-14
 9.26593e-15
 1.97955e-15
-1.89814e-15
-4.80981e-16
 4.44242e-16
-2.50760e-16
-1.48859e-16
 3.04549e-15
 5.03461e-15
 5.56276e-15
 3.45136e-15
 1.91440e-15
-1.88061e-16
-1.85582e-15
-3.07168e-15
-7.50704e-15
-3.95506e-15
 2.16203e-15
-8.15603e-16
-4.89527e-15
-8.87662e-16
-6.54406e-16
 2.70480e-14
-2.97593e-14
 4.18574e-14
 5.53615e-15
-3.25813e-14
 2.13891e-15
 4.88983e-14
-4.44590e-14
-5.08966e-17
 1.20055e-15
 1.82355e-15
 2.71979e-15
 2.58661e-15
 1.82251e-16
-1.82066e-15
-1.17802e-15
 1.20979e-16
 1.38757e-15
 2.57381e-15
 6.32461e-15
 8.72359e-15
 7.26379e-15
 3.13853e-15
-3.46995e-15
-7.25880e-15
-8.04421e-15
-7.20364e-15
-3.40035e-15
 3.94352e-15
 5.44073e-15
 3.40738e-15
-7.46725e-17
-3.29112e-15
-2.24537e-15
 2.00878e-17
-1.30070e-15
-4.27774e-15
-5.42851e-15
-2.67739e-15
-1.41542e-16
-2.53512e-16
-2.51020e-15
-4.92335e-15
-5.36915e-15
-7.32188e-15
-7.37721e-15
-1.13721e-14
-9.97978e-15
-6.27438e-15
-1.09669e-14
-7.12325e-15
-5.19835e-16
-8.62337e-15
 1.47742e-14
-3.61969e-14
 3.70051e-14
 1.31723e-15
-3.18997e-14
-3.95976e-15
 3.86955e-14
-4.88252e-14
-3.88827e-15
-3.54401e-15
-4.66742e-15
-5.70016e-15
-7.51766e-15
-8.00258e-15
-6.67319e-15
-4.11485e-15
-3.37150e-15
-3.15572e-15
-3.46753e-15
-2.77278e-15
-2.55095e-15
-3.55065e-15
-6.68990e-15
-1.20859e-14
-1.60164e-14
-1.78630e-14
-1.70461e-14
-1.33691e-14
-7.46788e-15
-8.06937e-17
 1.44725e-15
 2.42320e-15
 8.86605e-16
 1.40652e-15
 1.10721e-15
-5.64817e-16
-2.04773e-15
-3.82280e-15
-3.67326e-15
-3.18987e-15
-1.43446e-15
-1.96399e-15
-4.54788e-15
-2.47110e-15
-4.41672e-15
-3.95545e-15
-5.57368e-15
-5.32790e-15
-4.75186e-15
-8.00601e-15
-7.61587e-15
-1.68440e-15
-5.81267e-15
 1.32315e-14
-4.09108e-14
 4.38019e-14
 4.03441e-15
-3.76707e-14
 5.63822e-16
 4.35055e-14
-4.33225e-14
-2.14856e-15
-1.36667e-15
-8.15609e-16
 1.79932e-16
 6.38676e-16
 1.31339e-15
 3.50598e-15
 4.46128e-15
 3.74484e-15
 1.84938e-15
-1.53753e-15
-4.16758e-15
-4.24237e-15
-3.09032e-15
-2.18659e-15
-1.33882e-15
 1.67133e-15
 2.56676e-15
 2.38748e-15
 1.93143e-15
 2.61799e-16
 7.41952e-16
 2.17756e-15
 2.04727e-15
 5.00891e-16
 1.10309e-15
-4.30466e-16
-2.11830e-15
-2.82402e-15
-2.75047e-15
-3.64302e-15
-4.58717e-15
 2.13374e-15
 3.93299e-15
 1.35199e-15
 1.53356e-15
-1.70260e-15
 2.58204e-16
-3.93543e-15
-4.29501e-15
-5.02289e-15
-5.08905e-15
-8.43511e-15
 3.99927e-16
-1.18712e-15
 2.28144e-14
-3.36796e-14
 4.44370e-14
 4.52614e-15
-3.66200e-14
 2.59401e-15
 5.10971e-14
-4.10642e-14
 6.67319e-15
 7.09790e-15
 9.28773e-15
 1.31004e-14
 1.47152e-14
 1.28893e-14
 1.02006e-14
 9.28319e-15
 9.14596e-15
 8.55826e-15
 7.03411e-15
 5.99007e-15
 7.02006e-15
 8.79525e-15
 8.25490e-15
 5.45672e-15
 4.64733e-15
 3.37919e-15
 1.95551e-15
 1.54059e-15
 3.77886e-16
 1.39385e-15
 3.81786e-16
-1.61352e-15
 6.23179e-16
 7.16093e-15
 5.16890e-15
-1.33855e-15
-8.67387e-15
-8.32244e-15
-7.23596e-15
-6.39778e-15
 4.75344e-16
 2.07019e-16
-3.11196e-15
-4.78030e-15
-6.53478e-15
 2.00177e-16
-6.45791e-15
-1.27037e-14
-1.49391e-14
-1.02606e-14
-1.26665e-14
-1.24581e-15
-1.09040e-14
 1.53230e-14
-3.35768e-14
 3.09026e-14
-7.19605e-15
-3.60465e-14
-1.39373e-14
 3.40736e-14
-5.16406e-14
 5.70092e-15
 3.79838e-15
 5.84359e-16
 1.80484e-15
 6.29120e-15
 1.19827e-14
 1.22386e-14
 1.06289e-14
 5.59690e-15
 2.48798e-15
-9.00272e-17
-2.36412e-15
-3.37707e-15
-3.86184e-15
-1.61382e-15
 3.77403e-15
 1.32874e-14
 2.42462e-14
 2.58650e-14
 2.37610e-14
 1.74573e-14
 9.72466e-15
 1.00430e-14
 9.57122e-15
 3.04606e-15
-2.63236e-15
-1.88314e-15
 3.35202e-15
 9.43549e-15
 1.14623e-14
 1.13544e-14
 5.82769e-15
 5.08135e-15
 6.08335e-15
 9.57985e-15
 1.72286e-14
 1.44097e-14
 1.40139e-14
 4.45902e-15
 7.09872e-15
 5.92844e-15
-6.97826e-16
 4.32821e-15
 1.53773e-14
 8.41806e-15
 2.82132e-14
-3.23643e-14
 4.39732e-14
 1.90576e-14
-3.04577e-14
 6.68073e-15
 5.43852e-14
-3.61817e-14
-1.52690e-15
-1.97101e-15
-3.66529e-15
-3.43308e-15
-1.36002e-15
 4.19600e-16
 5.11415e-16
 3.87983e-16
-1.23350e-15
-1.79796e-15
-2.95312e-15
-5.62143e-15
-7.29832e-15
-7.07565e-15
-4.49135e-15
-2.50277e-16
 6.04396e-15
 7.57580e-15
 6.57789e-15
 3.80500e-15
-1.74046e-15
-5.34698e-15
-3.70597e-15
 3.55172e-15
 3.01839e-15
-7.37279e-16
-1.33850e-15
 3.13899e-16
 4.16248e-16
-9.78763e-17
 1.17275e-15
-1.38877e-15
-1.37281e-15
-4.01091e-15
-4.33209e-15
 4.47834e-15
 3.24793e-15
 4.94584e-15
 6.67573e-15
 2.31070e-15
-6.16445e-15
 7.58097e-17
-3.16594e-15
 2.25476e-15
-2.96862e-15
 4.60978e-15
-5.10722e-14
 3.50388e-14
-3.96101e-15
-4.33239e-14
-7.20676e-15
 3.90830e-14
-4.44285e-14
-4.66529e-15
-4.53209e-15
-5.25267e-15
-4.47090e-15
-1.44921e-15
 8.54894e-16
 2.16163e-15
 2.47681e-15
 9.30894e-16
-1.74052e-15
-6.56625e-15
-1.29021e-14
-1.45966e-14
-1.21964e-14
-5.70116e-15
 3.91591e-15
 1.16476e-14
 1.28423e-14
 1.23854e-14
 8.74302e-15
 1.70647e-16
-4.75227e-16
 3.41460e-15
 1.30137e-14
 1.08477e-14
 2.93612e-15
 1.84303e-15
 4.08117e-15
 4.66191e-15
 5.84200e-15
 8.87990e-15
 5.80265e-15
 7.63690e-15
 6.85526e-15
 3.04304e-15
 9.35245e-15
 9.47994e-15
 8.35965e-15
 7.78856e-15
 9.42969e-15
 5.75610e-15
 1.08283e-14
 5.93330e-15
 1.81081e-15
 4.72207e-15
 2.51002e-14
-3.94038e-14
 4.37559e-14
 1.51334e-15
-4.10272e-14
 3.91774e-15
 5.42881e-14
-3.57693e-14
-8.89562e-16
-3.85827e-15
-8.60673e-15
-8.43057e-15
-5.70680e-15
-2.74666e-15
-1.96276e-15
-2.16402e-15
-3.79538e-15
-5.16524e-15
-8.03428e-15
-9.86530e-15
-1.01156e-14
-9.96040e-15
-9.58944e-15
-7.08813e-15
-3.45744e-15
-2.83658e-15
-1.73580e-15
 3.65076e-16
 2.44671e-15
 6.54154e-15
 1.02437e-14
 1.24982e-14
 6.55217e-15
 3.83252e-15
 2.30528e-15
 1.24408e-15
-2.44887e-16
 1.81189e-15
 8.29991e-15
 5.91937e-15
 3.78278e-15
 3.74821e-15
 4.11605e-15
 6.79936e-15
 6.92562e-15
 5.61037e-15
-2.09284e-15
 3.94662e-15
 7.67028e-15
 7.25461e-15
 4.87898e-15
 3.31337e-15
-4.15804e-16
 2.93752e-14
-2.67145e-14
 4.03847e-14
-1.23854e-15
-3.72693e-14
 7.92583e-16
 4.82711e-14
-4.10680e-14
-2.77258e-15
-4.48158e-15
-8.76637e-15
-1.05481e-14
-1.24919e-14
-1.32754e-14
-1.21183e-14
-1.03563e-14
-7.96120e-15
-4.85138e-15
-2.23654e-15
 8.84783e-16
 8.63055e-16
-7.51119e-16
-4.26772e-15
-5.83827e-15
-7.82399e-15
-1.09623e-14
-1.21146e-14
-1.11247e-14
-8.23228e-15
-3.83292e-15
-1.37624e-15
 2.58116e-15
 6.08554e-16
-1.15735e-15
-2.18400e-15
-2.51599e-15
-6.63019e-15
-8.79462e-15
-5.09149e-15
-4.87266e-15
-6.91424e-15
-5.78368e-15
-3.96546e-15
-7.65478e-16
 3.83976e-15
 2.33883e-15
-2.02722e-15
 2.03168e-15
-2.13476e-15
-7.98814e-16
-3.17739e-15
-2.57958e-15
-9.40738e-15
 1.06073e-14
-4.19245e-14
 2.96108e-14
-6.16194e-16
-3.87481e-14
-8.28799e-15
 3.55693e-14
-4.82669e-14
 4.50100e-15
 4.19497e-15
 2.79029e-15
 1.10607e-15
-3.34541e-15
-3.99932e-15
-4.04950e-16
 3.26230e-15
 6.27777e-15
 7.58489e-15
 7.68722e-15
 7.41654e-15
 6.11697e-15
 6.71494e-15
 9.44802e-15
 1.55604e-14
 2.09044e-14
 2.13989e-14
 1.94090e-14
 1.36668e-14
 6.84682e-15
 5.49694e-15
 1.02055e-14
 1.91013e-14
 1.56378e-14
 6.96203e-15
 6.62374e-15
 1.38782e-14
 1.46764e-14
 1.12767e-14
 1.10689e-14
 9.12334e-15
 9.92587e-15
 1.67991e-14
 1.66955e-14
 1.95356e-14
 2.99381e-14
 2.39626e-14
 1.49013e-14
 2.51580e-14
 1.75040e-14
 1.30691e-14
 1.57221e-14
 1.20573e-14
 1.50623e-14
 3.95327e-14
-3.50929e-14
 4.50656e-14
 3.67072e-14
-2.34650e-14
 1.57883e-14
 6.35419e-14
-2.97354e-14
-1.04894e-14
-7.03031e-15
 6.57891e-16
 7.50664e-15
 5.93281e-15
-4.31924e-16
-3.99275e-15
-3.01882e-15
 1.99398e-16
 6.40418e-15
 1.07188e-14
 1.37456e-14
 1.35569e-14
 1.13714e-14
 7.34497e-15
 4.06680e-15
 1.80597e-16
-1.19625e-15
-2.34548e-15
-6.89844e-15
-1.25111e-14
-8.94913e-15
-6.27874e-15
-5.77532e-15
-4.80302e-15
-4.43736e-15
-5.00456e-15
-1.41248e-15
 5.40744e-16
-2.75965e-16
-2.56670e-15
-4.96177e-15
-3.58526e-16
-6.08551e-16
-4.97027e-15
-6.95803e-15
-1.65414e-16
 6.22305e-16
 2.55157e-15
 2.11516e-15
 3.63659e-15
 4.69732e-15
-8.58823e-15
-5.64818e-15
 1.59399e-16
 5.64322e-15
-4.74503e-14
 3.87852e-14
-1.05161e-14
-5.28675e-14
-6.73948e-15
 4.27349e-14
-5.10176e-14
-4.17791e-15
-1.79882e-15
 3.81070e-15
 6.94378e-15
 5.92858e-15
 2.02172e-15
-1.36884e-15
-1.86493e-15
-9.61946e-16
 2.54176e-15
 4.91834e-15
 8.14979e-15
 9.13826e-15
 7.61038e-15
 3.12965e-15
-1.86824e-15
-6.20323e-15
-6.54885e-15
-4.68855e-15
-2.81381e-16
 3.60596e-15
 9.99071e-15
 7.77236e-15
 7.61674e-16
-6.00475e-15
-4.97445e-15
-2.18731e-15
 3.46016e-15
 6.78412e-15
 6.86819e-15
 4.95411e-15
 2.03361e-15
 4.92966e-15
 5.56970e-15
 6.56943e-15
 5.11934e-15
 8.49495e-15
 9.59984e-15
 2.51275e-15
 5.65738e-15
 1.27199e-14
 2.20602e-15
 1.24650e-15
 9.74766e-15
 7.16948e-15
 2.66254e-14
-2.98948e-14
 4.69057e-14
 8.51391e-15
-3.71776e-14
 2.07974e-15
 5.35265e-14
-3.49024e-14
-5.17524e-17
 1.05054e-15
 1.07579e-15
 9.76410e-16
-1.62052e-15
-5.19954e-15
-5.49225e-15
-4.43654e-15
-1.17669e-15
 2.01702e-15
 4.53056e-15
 9.15123e-15
 1.10422e-14
 9.81499e-15
 5.36195e-15
-3.22068e-16
-6.20918e-15
-8.54921e-15
-7.47028e-15
-2.30772e-15
 4.34867e-15
 9.60903e-15
 7.19175e-15
 2.24144e-15
-4.81963e-15
-5.43577e-15
-4.22294e-15
-2.16672e-15
-2.24091e-15
-1.75270e-15
-1.29750e-15
-1.54030e-15
 2.15265e-17
-1.83256e-15
 2.72338e-15
 5.03127e-15
 9.75438e-15
 1.34633e-14
 6.31978e-15
 8.42066e-15
 5.83102e-15
-2.13245e-15
-5.09498e-15
 1.02847e-14
 8.28663e-15
 1.51723e-14
-3.63279e-14
 3.96543e-14
 5.51013e-15
-3.96432e-14
-8.89995e-15
 4.22444e-14
-4.34946e-14
 1.51946e-15
 2.52393e-15
 3.85606e-15
 6.25412e-15
 6.99261e-15
 6.27519e-15
 6.11275e-15
 8.22868e-15
 1.22169e-14
 1.24376e-14
 1.29671e-14
 1.57279e-14
 1.88488e-14
 1.99100e-14
 2.07568e-14
 2.24388e-14
 2.44550e-14
 2.43292e-14
 2.25185e-14
 1.88527e-14
 1.21472e-14
 2.93361e-15
-2.52029e-15
 6.95490e-16
 2.59166e-15
 1.74015e-15
 1.63793e-16
-1.89586e-15
-4.50834e-15
-2.00708e-15
 7.63278e-16
-3.23787e-16
 1.85303e-15
 2.48698e-17
 4.39608e-16
 4.99561e-15
 1.22993e-14
 1.20152e-14
 1.12607e-14
 1.29067e-14
 6.06475e-15
 3.08585e-15
-4.28643e-15
 7.56290e-15
 1.26004e-14
 1.39480e-14
-4.77540e-14
 4.20807e-14
 7.23055e-15
-4.54461e-14
-5.65517e-15
 4.53233e-14
-4.55415e-14
-3.25303e-15
-2.30076e-15
-7.58900e-16
 2.31392e-15
 8.82474e-15
 1.26854e-14
 1.19284e-14
 9.86871e-15
 7.58669e-15
 4.33196e-15
 2.72693e-15
 4.31849e-15
 9.08502e-15
 1.16770e-14
 1.29756e-14
 1.48068e-14
 1.71363e-14
 1.84315e-14
 1.97252e-14
 1.92582e-14
 1.52717e-14
 6.26994e-15
-3.14027e-15
-3.90294e-15
-2.71324e-15
-7.87738e-17
 1.07250e-15
-2.64056e-16
-9.88343e-16
 2.28803e-15
 2.64571e-15
 1.90173e-15
 5.08963e-15
 4.82751e-15
 4.72524e-15
 8.37088e-15
 8.83270e-15
 4.31661e-15
 3.20625e-15
 6.38571e-15
 8.47464e-15
 3.30819e-15
 8.78223e-17
 1.06506e-14
 1.06660e-14
 2.38668e-14
-3.76752e-14
 3.70736e-14
 1.37522e-14
-4.09065e-14
 3.49558e-15
 4.98800e-14
-3.71754e-14
-1.71855e-15
-1.57811e-15
-4.13206e-15
-4.51750e-15
 3.76002e-18
 4.68760e-15
 3.61388e-15
 5.13494e-16
-2.59389e-15
-4.28838e-15
-3.37661e-15
 8.43576e-16
 6.64893e-15
 6.37848e-15
 2.30000e-15
-3.73656e-15
-1.01222e-14
-1.21340e-14
-1.04678e-14
-5.25590e-15
 4.06123e-16
 1.65253e-15
 9.38912e-16
-2.53484e-15
-2.69057e-15
 7.66905e-16
 3.21984e-15
 2.37141e-15
-3.96654e-16
-7.04278e-16
-2.50032e-15
 4.66963e-16
 4.27195e-15
 1.20257e-15
-6.49287e-16
 2.56551e-15
 1.38463e-15
-1.55282e-15
 3.46408e-16
 4.48353e-16
 3.66538e-16
 3.19250e-15
-7.00226e-15
 5.72003e-15
 2.75852e-15
 7.50166e-15
-3.70271e-14
 1.71862e-14
-1.25223e-15
-4.53448e-14
-5.96855e-15
 3.28792e-14
-4.95541e-14
 1.77992e-15
 2.93466e-15
 2.90483e-16
-2.48015e-15
-1.74680e-15
 1.27898e-15
 1.18841e-15
-1.10150e-15
-5.05269e-15
-8.75380e-15
-1.33998e-14
-1.45244e-14
-1.24304e-14
-8.48673e-15
-6.95993e-15
-7.93158e-15
-1.06397e-14
-1.93516e-14
-2.26250e-14
-1.77858e-14
-6.26829e-15
-2.95543e-15
-4.59163e-15
-8.79312e-15
-7.59252e-15
-5.88356e-15
-4.55652e-15
-2.10606e-15
-1.51851e-15
-1.42314e-17
 3.66878e-15
 8.46716e-15
 8.58012e-15
 5.56551e-15
 7.12835e-15
 5.96767e-15
 3.67859e-15
 6.89136e-15
 3.33750e-15
-1.72313e-15
 3.34935e-15
 3.43842e-15
 2.76119e-15
 5.62772e-15
-6.03759e-15
 1.78881e-14
-3.59420e-14
 3.30737e-14
 7.17427e-16
-3.25914e-14
-4.57392e-15
 3.85289e-14
-4.13612e-14
 1.67390e-15
 1.36947e-15
-1.87269e-15
-1.86768e-15
-3.35831e-17
 4.17635e-15
 4.51542e-15
 3.35033e-15
 7.85913e-16
-2.22444e-15
-5.54783e-15
-6.57186e-15
-5.46394e-15
-2.55873e-15
-2.09136e-16
 5.08934e-16
 1.08941e-15
-1.55061e-15
-6.73918e-15
-1.14915e-14
-1.11033e-14
-1.03194e-14
-9.77513e-15
-7.72765e-15
-2.55626e-15
-2.98941e-15
-4.74209e-15
-3.88829e-15
-3.44926e-15
-1.82074e-15
 9.76119e-16
 3.68915e-15
 4.19265e-15
 1.94872e-15
 1.00420e-15
 2.22092e-17
 1.96216e-15
 2.61595e-15
 2.10929e-15
 3.61461e-15
-1.66250e-15
 1.49982e-15
-2.47605e-15
-3.17415e-15
-7.32954e-15
 1.01670e-14
-4.30624e-14
 3.56291e-14
-6.38190e-15
-4.43349e-14
-7.42664e-15
 3.59447e-14
-5.74491e-14
 4.09318e-15
 3.77289e-15
 4.73602e-15
 6.85503e-15
 8.92387e-15
 1.18537e-14
 1.17915e-14
 1.13203e-14
 8.75420e-15
 4.27395e-15
 2.55415e-16
-1.96508e-15
-2.91442e-15
-2.53194e-15
-3.74847e-16
 3.14345e-15
 9.80449e-15
 1.34344e-14
 1.25386e-14
 7.81198e-15
 3.47122e-15
-7.69983e-16
-7.22087e-15
-7.34832e-15
-2.10823e-15
-1.03310e-15
-1.40558e-15
 2.91374e-16
 2.29859e-15
 4.51140e-15
 4.09546e-15
 1.57326e-15
 2.67870e-15
 3.46565e-15
 3.27471e-15
 1.44661e-15
 6.62414e-17
-3.20299e-15
-1.89159e-15
 1.40471e-15
-1.24654e-15
-1.40761e-15
 2.76639e-16
-1.99387e-15
-9.88613e-15
 1.84218e-14
-3.72248e-14
 4.11167e-14
-2.61427e-15
-3.91134e-14
 2.31832e-15
 4.60973e-14
-4.38101e-14
 3.35764e-15
 4.58821e-15
 7.77086e-15
 8.33477e-15
 6.27801e-15
 4.07487e-15
 2.97895e-15
 2.86144e-15
-4.19658e-17
-5.11074e-15
-8.22843e-15
-8.83172e-15
-8.82688e-15
-8.15932e-15
-6.23278e-15
-3.20345e-15
 8.48612e-16
 8.08549e-16
 3.83106e-17
-1.41076e-15
-6.52254e-16
 2.69738e-15
 4.04995e-15
 1.44979e-15
-2.35182e-15
-5.19714e-15
-3.54905e-15
 4.69157e-15
 8.93445e-15
 8.74931e-15
 5.78295e-15
 9.16172e-16
 2.56934e-15
 3.81600e-15
 4.61219e-15
 2.78826e-15
-1.15676e-15
-2.18765e-15
-1.87845e-15
-2.81672e-15
 6.60530e-16
-2.58934e-15
-1.73703e-15
-3.16944e-16
-8.24521e-15
 2.22459e-14
-2.96319e-14
 4.16079e-14
 2.44137e-15
-2.80651e-14
 4.03619e-15
 4.57699e-14
-3.51117e-14
-2.70543e-15
-2.98189e-15
-2.51936e-15
-2.18688e-15
-4.58187e-15
-8.57952e-15
-8.99279e-15
-7.84258e-15
-7.82984e-15
-7.01322e-15
-7.65291e-15
-9.00191e-15
-9.95476e-15
-9.95114e-15
-8.56051e-15
-5.32803e-15
-3.76920e-15
-4.93897e-15
-6.96235e-15
-9.56547e-15
-8.95390e-15
-2.90535e-15
 4.26487e-15
 4.59558e-15
 7.77174e-16
-5.90673e-15
-6.32861e-15
-1.92170e-16
 2.81824e-15
 1.81904e-15
-1.61142e-16
-3.58283e-15
-2.72741e-15
-3.30762e-15
-4.60537e-15
-9.13671e-15
-6.24472e-15
-1.06879e-15
-3.33931e-15
-3.31978e-15
-3.51983e-15
-2.98947e-15
-5.98657e-15
-3.29632e-15
-2.78496e-15
 1.86113e-14
-3.43408e-14
 3.94214e-14
 3.60672e-16
-3.52718e-14
-3.82724e-15
 3.76551e-14
-5.06093e-14
 3.22289e-15
 7.58323e-16
-5.33076e-16
 9.59961e-16
 1.64805e-16
-2.61889e-15
-2.38179e-15
-1.27367e-16
 2.30911e-15
 5.96100e-15
 5.50356e-15
 1.71073e-15
-2.94614e-15
-6.81684e-15
-7.34338e-15
-5.14834e-15
 6.19707e-17
 2.17683e-15
 4.58600e-15
 7.05075e-15
 8.54381e-15
 9.69030e-15
 7.59732e-15
 5.47888e-15
 5.67882e-15
 4.58500e-15
 1.30154e-15
 2.35256e-15
 5.07308e-15
 5.51144e-15
 4.94547e-15
 2.09046e-15
 1.94965e-15
 3.79913e-16
-1.22520e-15
-8.12915e-15
-5.02849e-15
 3.14485e-15
-1.97793e-15
-8.61326e-16
 1.85560e-15
 1.49268e-15
 2.84129e-15
 7.15520e-15
 4.85277e-15
 3.32330e-14
-2.94423e-14
 4.07137e-14
 7.98417e-15
-3.28875e-14
 2.80025e-15
 4.42113e-14
-4.56187e-14
 0.00000e+00
 0.00000e+00
 0.00000e+00
 0.00000e+00
 0.00000e+00
 0.00000e+00
 0.00000e+00
 0.00000e+00
 0.00000e+00
 0.00000e+00
 0.00000e+00
 0.00000e+00
 0.00000e+00
 0.00000e+00
 0.00000e+00
 0.00000e+00
 0.00000e+00
 0.00000e+00
 0.00000e+00
 0.00000e+00
 0.00000e+00
 0.00000e+00
 0.00000e+00
 0.00000e+00
 0.00000e+00
 0.00000e+00
 0.00000e+00
 0.00000e+00
 0.00000e+00
 0.00000e+00
 0.00000e+00
 0.00000e+00
 0.00000e+00
 0.00000e+00
 0.00000e+00
 0.00000e+00
 0.00000e+00
 0.00000e+00
 0.00000e+00
 0.00000e+00
 0.00000e+00
 0.00000e+00
 0.00000e+00
 0.00000e+00
 0.00000e+00
 0.00000e+00
 0.00000e+00
 0.00000e+00
 0.00000e+00
 0.00000e+00
 0.00000e+00
 0.00000e+00
 0.00000e+00
 0.00000e+00
 0.00000e+00
 0.00000e+00
 0.00000e+00
 0.00000e+00
 0.00000e+00
 0.00000e+00
 0.00000e+00
 0.00000e+00
 0.00000e+00
 0.00000e+00
 0.00000e+00
 0.00000e+00
 0.00000e+00
 0.00000e+00
 0.00000e+00
 0.00000e+00
 0.00000e+00
 0.00000e+00
 0.00000e+00
 0.00000e+00
 0.00000e+00
 0.00000e+00
 0.00000e+00
 0.00000e+00
 0.00000e+00
 0.00000e+00
 0.00000e+00
 0.00000e+00
 0.00000e+00
 0.00000e+00
 0.00000e+00
 0.00000e+00
 0.00000e+00
 0.00000e+00
 0.00000e+00
 0.00000e+00
 0.00000e+00
 0.00000e+00
 0.00000e+00
 0.00000e+00
 0.00000e+00
 0.00000e+00
 0.00000e+00
 0.00000e+00
 0.00000e+00
 0.00000e+00
 0.00000e+00
 0.00000e+00
 0.00000e+00
 0.00000e+00
 0.00000e+00
 0.00000e+00
 0.00000e+00
 0.00000e+00
 0.00000e+00
 0.00000e+00
 0.00000e+00
 0.00000e+00
 0.00000e+00
 0.00000e+00
 0.00000e+00
 0.00000e+00
 0.00000e+00
 0.00000e+00
 0.00000e+00
 0.00000e+00
 0.00000e+00
 0.00000e+00
 0.00000e+00
 0.00000e+00
 0.00000e+00
 0.00000e+00
 0.00000e+00
 0.00000e+00
 0.00000e+00
 0.00000e+00
 0.00000e+00
 0.00000e+00
 0.00000e+00
 0.00000e+00
 0.00000e+00
 0.00000e+00
 0.00000e+00
 0.00000e+00
 0.00000e+00
 0.00000e+00
 0.00000e+00
 0.00000e+00
 0.00000e+00
 0.00000e+00
 0.00000e+00
 0.00000e+00
 0.00000e+00
 0.00000e+00
 0.00000e+00
 0.00000e+00
 0.00000e+00
 0.00000e+00
 0.00000e+00
 0.00000e+00
 0.00000e+00
 0.00000e+00
 0.00000e+00
 0.00000e+00
 0.00000e+00
 0.00000e+00
 0.00000e+00
 0.00000e+00
 0.00000e+00
 0.00000e+00
 0.00000e+00
 0.00000e+00
 0.00000e+00
 0.00000e+00
 0.00000e+00
 0.00000e+00
 0.00000e+00
 0.00000e+00
 0.00000e+00
 0.00000e+00
 0.00000e+00
 0.00000e+00
 0.00000e+00
 0.00000e+00
 0.00000e+00
 0.00000e+00
 0.00000e+00
 0.00000e+00
 0.00000e+00
 0.00000e+00
 0.00000e+00
 0.00000e+00
 0.00000e+00
 0.00000e+00
 0.00000e+00
 0.00000e+00
 0.00000e+00
 0.00000e+00
 0.00000e+00
 0.00000e+00
 0.00000e+00
 0.00000e+00
 0.00000e+00
 0.00000e+00
 0.00000e+00
 0.00000e+00
 0.00000e+00
 0.00000e+00
 0.00000e+00
 0.00000e+00
 0.00000e+00
 0.00000e+00
 0.00000e+00
 0.00000e+00
 0.00000e+00
 0.00000e+00
 0.00000e+00
 0.00000e+00
 0.00000e+00
 0.00000e+00
 0.00000e+00
 0.00000e+00
 0.00000e+00
 0.00000e+00
 0.00000e+00
 0.00000e+00
 0.00000e+00
 0.00000e+00
 0.00000e+00
 0.00000e+00
 0.00000e+00
 0.00000e+00
 0.00000e+00
 0.00000e+00
 0.00000e+00
 0.00000e+00
 0.00000e+00
 0.00000e+00
 0.00000e+00
 0.00000e+00
 0.00000e+00
 0.00000e+00
 0.00000e+00
 0.00000e+00
 0.00000e+00
 0.00000e+00
 0.00000e+00
 0.00000e+00
 0.00000e+00
 0.00000e+00
 0.00000e+00
 0.00000e+00
 0.00000e+00
 0.00000e+00
 0.00000e+00
 0.00000e+00
 0.00000e+00
 0.00000e+00
 0.00000e+00
 0.00000e+00
 0.00000e+00
 0.00000e+00
 0.00000e+00
 0.00000e+00
 0.00000e+00
 0.00000e+00
 0.00000e+00
 0.00000e+00
 0.00000e+00
 0.00000e+00
 0.00000e+00
 0.00000e+00
 0.00000e+00
 0.00000e+00
 0.00000e+00
 0.00000e+00
 0.00000e+00
 0.00000e+00
 0.00000e+00
 0.00000e+00
 0.00000e+00
 0.00000e+00
 0.00000e+00
 0.00000e+00
 0.00000e+00
 0.00000e+00
 0.00000e+00
 0.00000e+00
 0.00000e+00
 0.00000e+00
 0.00000e+00
 0.00000e+00
 0.00000e+00
 0.00000e+00
 0.00000e+00
 0.00000e+00
 0.00000e+00
 0.00000e+00
 0.00000e+00
 0.00000e+00
 0.00000e+00
 0.00000e+00
 0.00000e+00
 0.00000e+00
 0.00000e+00
 0.00000e+00
 0.00000e+00
 0.00000e+00
 0.00000e+00
 0.00000e+00
 0.00000e+00
 0.00000e+00
 0.00000e+00
 0.00000e+00
 0.00000e+00
 0.00000e+00
 0.00000e+00
 0.00000e+00
 0.00000e+00
 0.00000e+00
 0.00000e+00
 0.00000e+00
 0.00000e+00
 0.00000e+00
