Velocity
part
         1
coordinates
 0.00000e+00
 6.28619e-16
-1.26442e-15
 6.69968e-16
-3.19282e-15
 0.00000e+00
 0.00000e+00
 8.45879e-16
-1.11043e-15
 1.39927e-15
-3.15442e-15
 0.00000e+00
 0.00000e+00
 9.00942e-16
-5.93493e-16
 1.70819e-15
-1.83624e-15
 0.00000e+00
 0.00000e+00
 1.26138e-16
-2.52697e-15
-1.87965e-15
-3.39026e-15
 0.00000e+00
 0.00000e+00
 2.87974e-15
 1.45902e-15
 1.35196e-15
 7.28247e-16
 0.00000e+00
 0.00000e+00
-4.47351e-15
-4.97751e-15
-5.86353e-15
-7.62675e-15
 0.00000e+00
 0.00000e+00
 3.44180e-16
-8.56168e-16
 7.69888e-16
-2.32583e-15
 0.00000e+00
 0.00000e+00
 2.79923e-16
 6.95801e-16
-6.60458e-16
-1.98479e-15
 0.00000e+00
 0.00000e+00
 3.50981e-16
 4.35072e-16
 7.95488e-16
-1.14931e-15
 0.00000e+00
 0.00000e+00
-6.51188e-16
-1.60634e-15
-1.40595e-15
-3.28260e-15
 0.00000e+00
 0.00000e+00
 2.74174e-15
 2.31193e-15
 9.16355e-16
 1.22991e-15
 0.00000e+00
 0.00000e+00
-4.15948e-15
-4.90893e-15
-5.87150e-15
-7.09462e-15
 0.00000e+00
 0.00000e+00
-1.83463e-16
-3.53327e-16
 3.03564e-16
-1.05408e-15
 0.00000e+00
 0.00000e+00
-2.00383e-16
 4.36697e-16
-1.21182e-15
-2.55862e-16
 0.00000e+00
 0.00000e+00
-6.06346e-16
 1.54700e-15
-4.95545e-16
 5.58066e-17
 0.00000e+00
 0.00000e+00
-1.72174e-15
-1.14887e-15
-1.77113e-15
-2.49843e-15
 0.00000e+00
 0.00000e+00
 3.18066e-15
 1.62353e-15
 1.24395e-15
 1.28735e-15
 0.00000e+00
 0.00000e+00
-3.57292e-15
-4.61964e-15
-4.88335e-15
-6.32308e-15
 0.00000e+00
 0.00000e+00
 3.50462e-16
-3.10532e-16
 1.59372e-16
-2.51543e-16
 0.00000e+00
 0.00000e+00
 1.38649e-15
-7.36218e-16
-2.27340e-17
-1.60353e-15
 0.00000e+00
 0.00000e+00
 9.99255e-16
 1.16911e-15
 5.39087e-16
-1.54387e-15
 0.00000e+00
 0.00000e+00
-1.79973e-16
-2.10276e-15
-6.18122e-16
-2.57444e-15
 0.00000e+00
 0.00000e+00
 3.71449e-15
 9.81292e-16
 3.34637e-15
 1.41717e-15
 0.00000e+00
 0.00000e+00
-4.20725e-15
-3.78580e-15
-5.19781e-15
-4.64432e-15
 0.00000e+00
 0.00000e+00
-2.67081e-15
-1.80198e-15
-8.69396e-16
-1.27067e-15
 0.00000e+00
 0.00000e+00
-1.40315e-15
-1.81054e-15
-9.40794e-16
-5.91452e-16
 0.00000e+00
 0.00000e+00
-2.19963e-15
-2.04531e-16
-1.63597e-15
-4.15845e-16
 0.00000e+00
 0.00000e+00
-3.48215e-15
-1.26336e-15
-2.94104e-15
-1.71797e-15
 0.00000e+00
 0.00000e+00
 2.65873e-15
 1.86841e-15
 7.82449e-16
 2.00767e-15
 0.00000e+00
 0.00000e+00
-4.24738e-15
-3.37249e-15
-7.46886e-15
-5.58694e-15
 0.00000e+00
 0.00000e+00
 3.80399e-15
 5.31752e-15
 1.28791e-15
-1.51436e-16
 0.00000e+00
 0.00000e+00
 3.81573e-15
 5.49927e-15
 2.37932e-15
 5.96640e-16
 0.00000e+00
 0.00000e+00
 2.77635e-15
 3.78398e-15
 4.46859e-15
 3.25562e-16
 0.00000e+00
 0.00000e+00
 1.53919e-15
-6.95865e-16
 2.36697e-15
-3.30464e-15
 0.00000e+00
 0.00000e+00
 4.92113e-15
 3.25035e-15
 4.75515e-15
 8.90727e-16
 0.00000e+00
 0.00000e+00
-2.55684e-15
-1.74869e-15
-1.33022e-15
-5.66756e-15
 0.00000e+00
 0.00000e+00
-2.54724e-15
-1.31000e-15
-4.60504e-15
 2.28213e-15
 0.00000e+00
 0.00000e+00
-1.21044e-15
-2.30844e-15
-2.50549e-15
 6.01560e-16
 0.00000e+00
 0.00000e+00
-1.73510e-15
-1.37080e-15
-1.89428e-15
 8.87589e-16
 0.00000e+00
 0.00000e+00
-2.22338e-15
-1.52199e-15
-3.22498e-15
 1.60949e-16
 0.00000e+00
 0.00000e+00
 2.73551e-15
 1.69342e-15
 1.17412e-15
 4.39678e-15
 0.00000e+00
 0.00000e+00
-4.39551e-15
-4.16464e-15
-5.54728e-15
-3.63023e-15
 0.00000e+00
 0.00000e+00
 8.48335e-16
-1.41891e-15
-3.89846e-16
 1.73994e-15
 0.00000e+00
 0.00000e+00
 1.02092e-15
-1.44280e-15
 1.24965e-16
 1.37350e-15
 0.00000e+00
 0.00000e+00
 1.28792e-15
-1.51460e-15
 1.92311e-15
 4.08758e-16
 0.00000e+00
 0.00000e+00
-8.29909e-17
-1.70227e-15
-1.65573e-16
-1.91199e-15
 0.00000e+00
 0.00000e+00
 4.64545e-15
 3.02141e-15
 3.89064e-15
 1.48381e-15
 0.00000e+00
 0.00000e+00
-8.66113e-16
-4.01923e-15
-2.45163e-15
-6.64449e-15
 0.00000e+00
 0.00000e+00
-5.15314e-15
-5.66185e-15
-4.50293e-15
-1.97951e-15
 0.00000e+00
 0.00000e+00
-4.03521e-15
-6.08714e-15
-3.07221e-15
-3.14658e-15
 0.00000e+00
 0.00000e+00
-3.73143e-15
-4.99987e-15
-2.73075e-15
-2.23710e-15
 0.00000e+00
 0.00000e+00
-5.09597e-15
-5.01493e-15
-4.98394e-15
-4.20239e-15
 0.00000e+00
 0.00000e+00
-6.37956e-16
 1.06134e-16
-1.18642e-15
 1.02913e-15
 0.00000e+00
 0.00000e+00
-8.08101e-15
-6.96559e-15
-9.72915e-15
-3.50874e-15
 0.00000e+00
 0.00000e+00
 2.62838e-15
 4.43450e-15
 2.86061e-15
 4.17466e-15
 0.00000e+00
 0.00000e+00
 4.02898e-15
 4.51855e-15
 3.80728e-15
 4.38411e-15
 0.00000e+00
 0.00000e+00
 4.37588e-15
 5.35945e-15
 3.78176e-15
 4.19795e-15
 0.00000e+00
 0.00000e+00
 2.40008e-15
 2.69935e-15
 1.38424e-15
 2.79387e-15
 0.00000e+00
 0.00000e+00
 5.93097e-15
 3.50586e-15
 5.24451e-15
 2.48952e-15
 0.00000e+00
 0.00000e+00
-2.27497e-15
-5.14185e-15
-3.06533e-15
-9.59634e-15
 0.00000e+00
 0.00000e+00
-5.73083e-15
-4.20157e-15
-5.53277e-15
-3.31974e-15
 0.00000e+00
 0.00000e+00
-4.58233e-15
-4.98025e-15
-3.08877e-15
-5.36256e-15
 0.00000e+00
 0.00000e+00
-3.47471e-15
-3.95093e-15
-3.64140e-15
-5.07302e-15
 0.00000e+00
 0.00000e+00
-5.49000e-15
-6.18048e-15
-6.53168e-15
-6.51873e-15
 0.00000e+00
 0.00000e+00
-7.48319e-17
-1.09530e-15
-1.96340e-16
-2.21993e-15
 0.00000e+00
 0.00000e+00
-5.39609e-15
-5.55887e-15
-7.23489e-15
-7.24925e-15
 0.00000e+00
 0.00000e+00
 1.77345e-15
 5.15080e-15
 4.45754e-15
 5.81207e-15
 0.00000e+00
 0.00000e+00
 4.17922e-15
 4.29798e-15
 3.57419e-15
 6.44143e-15
 0.00000e+00
 0.00000e+00
 5.08227e-15
 4.58497e-15
 3.79360e-15
 6.71423e-15
 0.00000e+00
 0.00000e+00
 1.38910e-15
 2.49548e-15
 1.77888e-15
 4.30286e-15
 0.00000e+00
 0.00000e+00
 5.11244e-15
 8.13226e-15
 6.12569e-15
 8.12577e-15
 0.00000e+00
 0.00000e+00
 1.87213e-16
 3.22853e-15
 7.40500e-16
 1.48598e-15
 0.00000e+00
 0.00000e+00
-1.98693e-15
-5.76157e-16
 1.04300e-15
-2.24064e-15
 0.00000e+00
 0.00000e+00
-1.24282e-16
-1.27510e-15
 1.07391e-18
 5.63530e-17
 0.00000e+00
 0.00000e+00
-6.74469e-16
 3.49127e-17
-1.23683e-15
 2.79064e-15
 0.00000e+00
 0.00000e+00
-1.19789e-15
-3.40431e-15
-1.37973e-15
-1.25083e-15
 0.00000e+00
 0.00000e+00
 8.85177e-16
-7.00298e-16
 6.05271e-16
 4.10678e-16
 0.00000e+00
 0.00000e+00
-7.00025e-15
-6.67854e-15
-9.24423e-15
-7.92867e-15
 0.00000e+00
 0.00000e+00
-1.65285e-15
-4.48753e-16
-1.13161e-15
-6.24738e-16
 0.00000e+00
 0.00000e+00
-6.99140e-16
-8.14470e-16
-8.20912e-16
 2.70036e-16
 0.00000e+00
 0.00000e+00
-7.11806e-16
 7.99195e-16
-1.32170e-15
 1.78686e-15
 0.00000e+00
 0.00000e+00
-1.43672e-15
-1.55486e-15
-1.95111e-15
-9.15417e-16
 0.00000e+00
 0.00000e+00
 2.47205e-15
 2.03887e-15
 1.57979e-15
 3.05069e-15
 0.00000e+00
 0.00000e+00
-4.60414e-15
-3.39900e-15
-7.37395e-15
-3.52533e-15
 0.00000e+00
 0.00000e+00
-2.65070e-16
-6.33795e-16
-1.12960e-15
 8.84929e-16
 0.00000e+00
 0.00000e+00
-1.96904e-16
-1.31842e-16
-1.66033e-15
 2.01372e-15
 0.00000e+00
 0.00000e+00
-5.49806e-17
 3.25523e-16
-7.13828e-17
 9.89398e-16
 0.00000e+00
 0.00000e+00
-8.80551e-16
-1.82158e-15
-1.67125e-15
-9.87835e-16
 0.00000e+00
 0.00000e+00
 2.85007e-15
 1.54322e-15
 1.95392e-15
 3.52166e-15
 0.00000e+00
 0.00000e+00
-5.15228e-15
-5.27966e-15
-4.50429e-15
-5.24898e-15
 0.00000e+00
 0.00000e+00
-9.52799e-16
-2.66663e-16
-2.85653e-15
 2.67953e-15
 0.00000e+00
 0.00000e+00
 8.28002e-16
-1.89598e-15
 1.09039e-16
 8.77252e-16
 0.00000e+00
 0.00000e+00
 5.18832e-16
-3.25433e-16
 7.71933e-16
 1.38475e-15
 0.00000e+00
 0.00000e+00
-1.23461e-15
-3.57588e-15
-2.06497e-15
-1.12453e-15
 0.00000e+00
 0.00000e+00
 2.83088e-15
-2.60635e-16
 3.23659e-15
 2.25683e-15
 0.00000e+00
 0.00000e+00
-5.13752e-15
-2.48769e-15
-4.27259e-15
-2.96169e-15
 0.00000e+00
 0.00000e+00
-2.67575e-15
 1.85004e-15
 9.79751e-16
 9.17654e-16
 0.00000e+00
 0.00000e+00
-7.68351e-16
 8.58077e-17
 1.09384e-15
 2.01947e-15
 0.00000e+00
 0.00000e+00
 1.35716e-16
-2.32616e-17
 1.68531e-15
 2.49634e-15
 0.00000e+00
 0.00000e+00
-9.18641e-16
-7.59772e-16
-1.22773e-15
-8.46425e-16
 0.00000e+00
 0.00000e+00
 2.76898e-15
 4.35215e-15
 1.89669e-15
 3.25895e-15
 0.00000e+00
 0.00000e+00
-5.37718e-15
-2.73543e-15
-5.73242e-15
-4.14478e-15
 0.00000e+00
 0.00000e+00
-7.32720e-15
-4.99866e-15
-4.22235e-15
-4.05433e-15
 0.00000e+00
 0.00000e+00
-6.94670e-15
-5.35997e-15
-5.53784e-15
-4.64530e-15
 0.00000e+00
 0.00000e+00
-6.21681e-15
-6.57093e-15
-3.29605e-15
-6.35058e-15
 0.00000e+00
 0.00000e+00
-7.77930e-15
-7.62716e-15
-6.47410e-15
-9.98302e-15
 0.00000e+00
 0.00000e+00
-4.96225e-15
-4.58259e-15
-4.99906e-15
-7.71236e-15
 0.00000e+00
 0.00000e+00
-1.04442e-14
-1.52664e-14
-9.92296e-15
-1.46233e-14
 0.00000e+00
 0.00000e+00
 6.83475e-15
 5.84682e-15
 7.10452e-15
 6.16859e-15
 0.00000e+00
 0.00000e+00
 5.76240e-15
 6.19116e-15
 1.03849e-14
 2.57420e-15
 0.00000e+00
 0.00000e+00
 4.63819e-15
 7.35866e-15
 1.03663e-14
 4.13814e-15
 0.00000e+00
 0.00000e+00
 3.40449e-15
 8.19558e-15
 3.95684e-15
 7.82030e-15
 0.00000e+00
 0.00000e+00
 5.94966e-15
 1.00254e-14
 8.30417e-15
 9.67995e-15
 0.00000e+00
 0.00000e+00
-1.07848e-15
 4.68747e-16
 3.44002e-15
 2.16527e-15
 0.00000e+00
 0.00000e+00
 2.67680e-15
-3.17504e-15
 2.83456e-15
-2.36910e-15
 0.00000e+00
 0.00000e+00
 4.98564e-16
-1.00360e-15
 3.94073e-15
-1.81958e-15
 0.00000e+00
 0.00000e+00
-7.96982e-16
 1.41305e-15
 2.91585e-15
-1.55137e-15
 0.00000e+00
 0.00000e+00
-2.26262e-16
 1.55496e-15
-2.67524e-15
 2.20242e-16
 0.00000e+00
 0.00000e+00
 3.23109e-15
 3.83670e-15
 3.52920e-15
 3.81488e-15
 0.00000e+00
 0.00000e+00
-4.11441e-15
-6.28377e-15
-3.05976e-16
-6.30457e-15
 0.00000e+00
 0.00000e+00
-4.22640e-15
-8.00857e-15
-7.84197e-15
-1.01169e-14
 0.00000e+00
 0.00000e+00
-7.87181e-15
-6.83852e-15
-7.85569e-15
-7.10637e-15
 0.00000e+00
 0.00000e+00
-8.79363e-15
-4.60638e-15
-7.10858e-15
-3.82329e-15
 0.00000e+00
 0.00000e+00
-5.77948e-15
-8.42896e-15
-6.70614e-15
-7.03707e-15
 0.00000e+00
 0.00000e+00
-2.84632e-15
-1.57231e-15
-3.79649e-15
-4.77924e-15
 0.00000e+00
 0.00000e+00
-1.11050e-14
-3.39199e-15
-1.44184e-14
-1.05615e-14
 0.00000e+00
 0.00000e+00
 5.43485e-15
 7.02055e-15
 3.37899e-15
 5.41761e-15
 0.00000e+00
 0.00000e+00
 6.92082e-15
 5.43335e-15
 6.81969e-15
 3.66485e-15
 0.00000e+00
 0.00000e+00
 4.76064e-15
 9.00909e-15
 5.58786e-15
 6.48932e-15
 0.00000e+00
 0.00000e+00
 7.00874e-15
 5.74359e-15
 5.23970e-15
 6.98819e-15
 0.00000e+00
 0.00000e+00
 1.00198e-14
 1.02361e-14
 9.75796e-15
 5.97370e-15
 0.00000e+00
 0.00000e+00
-6.42763e-16
 1.05362e-14
-5.77956e-16
-2.17192e-15
 0.00000e+00
 0.00000e+00
 3.40504e-15
-4.42413e-15
 1.34412e-15
 1.38383e-15
 0.00000e+00
 0.00000e+00
 3.25939e-15
-4.15745e-15
 5.08590e-15
-3.53793e-15
 0.00000e+00
 0.00000e+00
-8.36945e-16
 1.08801e-15
 1.33433e-15
-1.82445e-15
 0.00000e+00
 0.00000e+00
 2.45862e-16
-2.02900e-16
-1.28765e-15
-1.82907e-16
 0.00000e+00
 0.00000e+00
 4.30836e-15
 3.44973e-15
 4.29408e-15
 1.04329e-15
 0.00000e+00
 0.00000e+00
-5.15046e-15
 6.76375e-16
-4.99657e-15
-5.85276e-15
 0.00000e+00
 0.00000e+00
 4.14444e-15
-3.35916e-15
-1.09892e-15
 4.73526e-15
 0.00000e+00
 0.00000e+00
 1.70944e-15
-2.91275e-15
 2.35034e-15
 1.38384e-15
 0.00000e+00
 0.00000e+00
-2.42947e-16
 1.42223e-15
 1.82488e-16
 5.04491e-15
 0.00000e+00
 0.00000e+00
-4.81228e-16
 1.67425e-16
-1.81073e-15
 3.34996e-15
 0.00000e+00
 0.00000e+00
 4.14573e-15
 2.41022e-15
 3.68970e-15
 2.16342e-15
 0.00000e+00
 0.00000e+00
-7.32891e-17
-2.17556e-15
-5.25133e-15
-2.81617e-15
 0.00000e+00
 0.00000e+00
-2.84753e-15
 1.40689e-16
 8.70597e-16
-3.04840e-15
 0.00000e+00
 0.00000e+00
 1.39596e-15
-3.01309e-15
 4.31111e-16
-3.78004e-16
 0.00000e+00
 0.00000e+00
 2.43634e-15
-1.93739e-15
-1.86441e-15
 1.90935e-15
 0.00000e+00
 0.00000e+00
 7.48608e-16
-3.83388e-15
 3.35349e-16
 4.53553e-16
 0.00000e+00
 0.00000e+00
 3.19850e-15
-2.35683e-15
 4.73033e-15
 1.77955e-15
 0.00000e+00
 0.00000e+00
-5.06470e-15
-6.79937e-15
-5.89610e-15
-8.45299e-15
 0.00000e+00
 0.00000e+00
 9.31150e-16
 1.05411e-15
 5.43172e-15
 6.08133e-16
 0.00000e+00
 0.00000e+00
 4.04971e-15
-1.67374e-15
 5.37090e-15
-1.42649e-16
 0.00000e+00
 0.00000e+00
 1.95031e-15
 1.86834e-15
 1.46222e-15
 5.33057e-16
 0.00000e+00
 0.00000e+00
 4.72049e-16
-4.94900e-16
 9.89338e-16
 9.44375e-16
 0.00000e+00
 0.00000e+00
 3.87018e-15
 2.12683e-15
 7.22975e-15
 4.31891e-15
 0.00000e+00
 0.00000e+00
-6.11715e-15
 3.43480e-16
-1.08382e-15
-3.36343e-15
 0.00000e+00
 0.00000e+00
 1.32405e-15
 2.34411e-15
-7.83531e-16
-1.27069e-15
 0.00000e+00
 0.00000e+00
 1.45506e-15
 1.51455e-16
 3.15453e-15
-3.43738e-15
 0.00000e+00
 0.00000e+00
-8.79047e-16
 2.79329e-15
 2.00882e-15
-1.68606e-15
 0.00000e+00
 0.00000e+00
-2.36181e-15
 4.87130e-15
-1.11988e-15
 2.02291e-16
 0.00000e+00
 0.00000e+00
-7.37312e-16
 6.52626e-15
 3.82971e-15
 3.55807e-15
 0.00000e+00
 0.00000e+00
-9.51397e-15
-1.48283e-15
-5.34433e-15
-2.75648e-15
 0.00000e+00
 0.00000e+00
 9.48666e-15
-1.62938e-15
 2.38484e-15
-1.10540e-15
 0.00000e+00
 0.00000e+00
 3.89487e-15
 2.25416e-15
 3.19185e-15
-1.07975e-15
 0.00000e+00
 0.00000e+00
 2.02354e-16
 5.89739e-15
 4.72440e-15
 1.25838e-15
 0.00000e+00
 0.00000e+00
 1.17018e-15
 2.99889e-15
 6.11863e-15
-6.17784e-16
 0.00000e+00
 0.00000e+00
 2.56164e-15
 8.34215e-15
 8.52965e-15
 4.14182e-15
 0.00000e+00
 0.00000e+00
-5.93128e-15
 4.40318e-15
-1.46158e-15
 2.81703e-16
 0.00000e+00
 0.00000e+00
 0.00000e+00
 0.00000e+00
 0.00000e+00
 0.00000e+00
 0.00000e+00
 1.63819e-16
-8.05113e-16
-6.45975e-16
 8.67564e-17
-3.19556e-15
 4.30269e-15
 2.34784e-16
 2.79017e-16
 6.68749e-16
 1.56660e-15
-1.68970e-15
 5.98658e-15
-5.77476e-16
-1.16248e-15
-9.68689e-16
 1.53175e-16
-2.96025e-15
 4.33826e-15
 2.35823e-15
 1.89616e-15
 1.28387e-15
 3.26532e-15
-8.35048e-17
 6.34063e-15
 0.00000e+00
 0.00000e+00
 0.00000e+00
 0.00000e+00
 0.00000e+00
 0.00000e+00
 0.00000e+00
 0.00000e+00
 0.00000e+00
 0.00000e+00
 0.00000e+00
 0.00000e+00
 1.11235e-15
-2.00378e-16
-2.84253e-16
 8.82946e-16
-2.96292e-15
 4.98060e-15
-3.75162e-16
-5.03926e-16
-8.09647e-16
 7.50619e-16
-2.12209e-15
 3.94786e-15
 3.81192e-16
-3.36225e-16
 3.26625e-16
 9.20992e-16
-2.36566e-15
 6.18529e-15
 9.60958e-16
 1.26796e-15
 8.88190e-17
 2.32357e-15
-1.14495e-15
 4.11264e-15
 0.00000e+00
 0.00000e+00
 0.00000e+00
 0.00000e+00
 0.00000e+00
 0.00000e+00
 0.00000e+00
 0.00000e+00
 0.00000e+00
 0.00000e+00
 0.00000e+00
 0.00000e+00
 7.62727e-16
-2.16843e-16
 2.92743e-16
 1.06799e-15
-3.25389e-15
 4.45718e-15
-8.68087e-16
-1.35103e-15
-1.66167e-15
 9.79779e-16
-1.27615e-15
 5.11107e-15
-2.21268e-16
 6.85213e-16
 9.00283e-16
 1.15971e-15
-2.03546e-15
 5.30798e-15
 1.44668e-16
 3.86906e-16
-2.67990e-16
 8.77934e-16
-2.07368e-15
 4.51664e-15
 0.00000e+00
 0.00000e+00
 0.00000e+00
 0.00000e+00
 0.00000e+00
 0.00000e+00
 0.00000e+00
 0.00000e+00
 0.00000e+00
 0.00000e+00
 0.00000e+00
 0.00000e+00
-4.47558e-16
-1.58235e-16
 1.98200e-17
 1.07893e-15
-2.82188e-15
 3.01994e-15
 8.85017e-16
-1.26476e-15
-2.14055e-15
 8.47292e-16
-2.95052e-15
 4.61614e-15
-7.30021e-16
 9.37848e-16
 6.58160e-16
 5.92009e-16
-5.95909e-16
 5.72848e-15
 1.00094e-15
-7.89047e-16
-1.33355e-15
 8.84805e-16
-3.38727e-15
 3.89419e-15
 0.00000e+00
 0.00000e+00
 0.00000e+00
 0.00000e+00
 0.00000e+00
 0.00000e+00
 0.00000e+00
 0.00000e+00
 0.00000e+00
 0.00000e+00
 0.00000e+00
 0.00000e+00
-6.93101e-16
-7.03516e-16
-6.12142e-16
 1.78370e-16
-3.07178e-15
 2.81964e-15
-2.19135e-16
-7.14841e-16
-1.18557e-15
 1.67743e-15
-1.26973e-15
 4.51081e-15
-9.88412e-16
-6.92198e-16
-6.40983e-16
-1.19489e-15
-4.00681e-15
 3.83013e-15
 4.84988e-16
 3.69012e-16
 9.54844e-16
 2.87087e-15
-3.96394e-16
 5.40277e-15
 0.00000e+00
 0.00000e+00
 0.00000e+00
 0.00000e+00
 0.00000e+00
 0.00000e+00
 0.00000e+00
 0.00000e+00
 0.00000e+00
 0.00000e+00
 0.00000e+00
 0.00000e+00
-4.25448e-16
-5.91250e-16
-1.53522e-15
-9.29367e-16
-2.57534e-15
 4.43266e-15
 5.07373e-16
-4.30774e-17
-3.89302e-16
 8.54062e-16
-2.24573e-15
 5.11127e-15
-1.22825e-15
-7.57680e-17
-1.00454e-16
 1.35701e-15
-1.22272e-15
 5.49124e-15
-9.50319e-16
-1.94804e-15
-1.96806e-15
-6.71411e-16
-3.26240e-15
 3.57795e-15
 0.00000e+00
 0.00000e+00
 0.00000e+00
 0.00000e+00
 0.00000e+00
 0.00000e+00
 0.00000e+00
 0.00000e+00
 0.00000e+00
 0.00000e+00
 0.00000e+00
 0.00000e+00
 2.73297e-16
 5.04069e-16
-6.89777e-16
 2.71554e-16
-2.35098e-15
 3.71335e-15
-9.67233e-16
-1.26948e-15
-1.17175e-15
 1.24674e-15
-2.60589e-15
 4.84707e-15
-2.07964e-15
-5.24854e-16
-9.95950e-16
 6.86457e-16
-2.61478e-15
 5.13954e-15
 4.69147e-16
-2.58223e-16
 4.07788e-16
 1.27426e-15
-1.74794e-15
 3.26845e-15
 0.00000e+00
 0.00000e+00
 0.00000e+00
 0.00000e+00
 0.00000e+00
 0.00000e+00
 0.00000e+00
 0.00000e+00
 0.00000e+00
 0.00000e+00
 0.00000e+00
 0.00000e+00
 1.00243e-15
 4.86309e-16
 2.24255e-16
 9.75349e-16
-1.54965e-15
 5.48960e-15
-1.42663e-15
-1.41897e-15
 2.68012e-16
 1.55440e-15
-1.87891e-15
 6.68964e-15
-6.86176e-16
-1.01815e-15
-1.41761e-16
 1.47260e-15
-1.06202e-15
 5.22680e-15
-4.24673e-16
 4.06984e-16
 1.18482e-15
-3.07047e-16
-3.00631e-15
 5.91910e-15
 0.00000e+00
 0.00000e+00
 0.00000e+00
 0.00000e+00
 0.00000e+00
 0.00000e+00
 0.00000e+00
 0.00000e+00
 0.00000e+00
 0.00000e+00
 0.00000e+00
 0.00000e+00
-8.13188e-16
-1.56506e-16
-7.49022e-16
 3.08667e-16
-3.00289e-15
 2.19351e-15
 7.53150e-16
-1.31166e-16
-3.98334e-16
 3.24397e-16
-2.72600e-15
 3.94997e-15
-2.63062e-16
-4.94061e-16
-1.08194e-15
 5.61637e-16
-2.93276e-15
 3.22921e-15
 1.42178e-15
 1.45203e-15
 2.16752e-15
 4.93244e-15
 8.39272e-16
 6.22890e-15
 0.00000e+00
 0.00000e+00
 0.00000e+00
 0.00000e+00
 0.00000e+00
 0.00000e+00
 0.00000e+00
 0.00000e+00
 0.00000e+00
 0.00000e+00
 0.00000e+00
 0.00000e+00
-1.14273e-15
-2.16338e-16
-1.05649e-15
-4.04822e-16
-2.78136e-15
 3.07451e-15
 3.47936e-16
 1.52455e-16
 9.91452e-16
 1.18627e-15
-1.68778e-15
 4.43095e-15
-8.85858e-16
-2.87698e-17
-7.74275e-16
 1.93589e-15
 5.91462e-17
 5.63862e-15
-2.76265e-15
-1.91449e-15
-2.89809e-16
-1.18784e-15
-3.74993e-15
 4.02447e-15
 0.00000e+00
 0.00000e+00
 0.00000e+00
 0.00000e+00
 0.00000e+00
 0.00000e+00
 0.00000e+00
 0.00000e+00
 0.00000e+00
 0.00000e+00
 0.00000e+00
 0.00000e+00
-7.63948e-16
 1.23553e-16
-6.16524e-16
-3.13891e-16
-2.51862e-15
 2.42121e-15
-5.53887e-16
-6.98149e-16
 1.69105e-15
 4.64047e-16
-2.47795e-15
 6.19005e-15
 1.82940e-15
 6.96093e-16
-1.77282e-15
-6.51598e-17
-2.31471e-15
 3.54149e-15
-1.43003e-15
-1.68544e-15
 2.26047e-16
 2.80102e-16
-2.05181e-15
 5.01815e-15
 0.00000e+00
 0.00000e+00
 0.00000e+00
 0.00000e+00
 0.00000e+00
 0.00000e+00
 0.00000e+00
 0.00000e+00
 0.00000e+00
 0.00000e+00
 0.00000e+00
 0.00000e+00
-1.70492e-15
 1.06630e-16
 7.49243e-16
-1.38315e-15
-5.65468e-15
 3.99450e-15
 8.73193e-16
-1.69078e-16
 5.65817e-17
 2.30759e-16
-3.63818e-15
 3.58938e-15
 1.51530e-15
-1.66958e-16
-1.67906e-15
 1.99890e-16
-4.25961e-15
 4.89417e-15
-6.73030e-16
 7.71942e-16
 2.15711e-15
 2.93115e-15
-1.80836e-15
 2.12889e-15
 0.00000e+00
 0.00000e+00
 0.00000e+00
 0.00000e+00
 0.00000e+00
 0.00000e+00
 0.00000e+00
 0.00000e+00
 0.00000e+00
 0.00000e+00
 0.00000e+00
 0.00000e+00
-6.09114e-16
 2.61694e-16
 7.30693e-16
 5.16125e-16
-3.42789e-15
 5.04486e-15
 4.74115e-16
-1.06327e-15
-2.63123e-16
 7.06045e-16
-3.22379e-15
 4.62879e-15
-2.51089e-16
 4.67019e-16
-1.07977e-15
 8.89815e-16
-2.49670e-15
 4.17497e-15
-7.45192e-16
-1.14450e-15
 1.58816e-15
 2.86035e-15
-2.81297e-15
 5.42043e-15
 0.00000e+00
 0.00000e+00
 0.00000e+00
 0.00000e+00
 0.00000e+00
 0.00000e+00
 0.00000e+00
 0.00000e+00
 0.00000e+00
 0.00000e+00
 0.00000e+00
 0.00000e+00
-9.58158e-16
-4.21951e-16
-6.22392e-16
-4.31033e-16
-3.15331e-15
 4.88928e-15
 9.20772e-17
-1.18561e-15
-1.73388e-16
 1.92936e-15
-1.79427e-15
 5.85392e-15
-2.68353e-16
-7.32068e-17
-1.17898e-15
 2.47862e-16
-2.85747e-15
 3.87843e-15
-1.60454e-15
-1.26324e-15
 2.04533e-16
 8.51739e-16
-2.77122e-15
 4.94952e-15
 0.00000e+00
 0.00000e+00
 0.00000e+00
 0.00000e+00
 0.00000e+00
 0.00000e+00
 0.00000e+00
 0.00000e+00
 0.00000e+00
 0.00000e+00
 0.00000e+00
 0.00000e+00
-1.46062e-16
-3.51392e-16
-1.19562e-15
 3.44859e-16
-2.68485e-15
 5.74118e-15
 4.84270e-16
-3.65158e-16
-9.73111e-16
 2.46223e-15
-6.42144e-16
 5.36251e-15
 2.52441e-16
 5.30025e-16
 5.92076e-16
-3.44517e-17
-3.16313e-15
 6.49182e-15
-1.90631e-15
-2.19334e-15
-1.73366e-15
 7.53942e-17
-1.02129e-15
 6.54559e-15
 0.00000e+00
 0.00000e+00
 0.00000e+00
 0.00000e+00
 0.00000e+00
 0.00000e+00
 0.00000e+00
 0.00000e+00
 0.00000e+00
 0.00000e+00
 0.00000e+00
 0.00000e+00
 2.25241e-16
 7.40527e-16
-1.15623e-15
 1.18545e-15
-2.33620e-15
 1.08586e-15
 2.20038e-16
-1.38443e-15
-2.68996e-16
 1.52865e-15
-4.38298e-15
 2.59772e-15
 3.87348e-16
 2.29541e-15
-5.34446e-17
 1.06657e-15
-1.50363e-15
 2.99437e-15
-8.67861e-16
-2.19422e-15
-1.51974e-15
 1.68179e-15
-2.77561e-15
 2.33480e-15
 0.00000e+00
 0.00000e+00
 0.00000e+00
 0.00000e+00
 0.00000e+00
 0.00000e+00
 0.00000e+00
 0.00000e+00
 0.00000e+00
 0.00000e+00
 0.00000e+00
 0.00000e+00
-1.49457e-15
-2.12893e-16
-7.49951e-16
-1.87037e-15
-2.88779e-15
 4.21617e-15
 2.38861e-16
-3.52742e-16
 1.94203e-17
 1.23883e-15
-2.82194e-15
 9.09973e-16
-6.95231e-17
-1.68081e-16
 9.59249e-16
 2.15938e-15
-2.90437e-15
 1.54881e-15
 1.40558e-15
 1.06497e-15
 1.13773e-15
 1.24049e-15
 1.80195e-16
 5.08607e-15
 0.00000e+00
 0.00000e+00
 0.00000e+00
 0.00000e+00
 0.00000e+00
 0.00000e+00
 0.00000e+00
 0.00000e+00
 0.00000e+00
 0.00000e+00
 0.00000e+00
 0.00000e+00
-1.74680e-16
 1.94802e-16
 7.22162e-16
-1.58058e-16
-4.51860e-15
-1.39828e-16
-2.66445e-15
-1.80425e-15
-2.58855e-15
-1.86871e-15
-7.08691e-16
 3.70497e-15
 1.62145e-15
 9.76497e-17
 2.00304e-15
 2.87665e-15
-4.80087e-15
 7.03414e-16
 5.85668e-16
 1.37249e-15
-1.19017e-16
 2.16025e-16
 1.04700e-15
 5.90774e-15
 0.00000e+00
 0.00000e+00
 0.00000e+00
 0.00000e+00
 0.00000e+00
 0.00000e+00
 0.00000e+00
 0.00000e+00
 0.00000e+00
 0.00000e+00
 0.00000e+00
 0.00000e+00
-8.39813e-20
-1.52709e-15
-2.39019e-15
 1.62240e-15
-3.84562e-15
 3.99057e-17
-1.79845e-15
-2.00194e-15
-5.33353e-16
-3.15429e-15
-5.57144e-15
 6.83680e-15
-1.18106e-15
-1.81611e-15
-3.60427e-16
 6.26431e-16
-5.22917e-15
 1.05894e-15
-5.27543e-16
 4.75241e-16
 7.86966e-17
 1.28054e-15
 3.24371e-16
 8.74319e-15
 0.00000e+00
 0.00000e+00
 0.00000e+00
 0.00000e+00
 0.00000e+00
 0.00000e+00
 0.00000e+00
 0.00000e+00
 0.00000e+00
 0.00000e+00
 0.00000e+00
 0.00000e+00
-9.95750e-16
-3.48339e-15
-4.28065e-15
-3.25670e-16
-3.05110e-15
 4.12084e-15
 2.49871e-16
 5.25569e-16
 1.21135e-15
-2.38104e-16
-4.66507e-15
 1.67269e-15
-4.45312e-15
-4.37834e-15
-1.60849e-15
-1.74786e-15
-2.57707e-15
 5.78445e-15
 1.77327e-15
 2.12870e-15
 4.24036e-16
 2.16006e-15
-4.93961e-16
 2.55869e-15
 0.00000e+00
 0.00000e+00
 0.00000e+00
 0.00000e+00
 0.00000e+00
 0.00000e+00
 0.00000e+00
 0.00000e+00
 0.00000e+00
 0.00000e+00
 0.00000e+00
 0.00000e+00
 2.58668e-15
-9.72085e-16
-2.71420e-15
 6.01361e-17
-3.75167e-16
 7.08758e-15
-5.02767e-15
-2.25634e-15
 5.89453e-16
 3.77584e-17
-3.07076e-15
 1.52054e-15
-1.10354e-15
-9.32322e-16
-2.43456e-15
-7.79195e-16
-1.46416e-15
 4.84581e-16
-2.92981e-16
-1.63659e-15
 9.82597e-16
 2.82651e-15
-1.91409e-15
 3.08273e-15
 0.00000e+00
 0.00000e+00
 0.00000e+00
 0.00000e+00
 0.00000e+00
 0.00000e+00
 0.00000e+00
 0.00000e+00
 0.00000e+00
 0.00000e+00
 0.00000e+00
 0.00000e+00
 5.52213e-17
 4.56994e-16
-9.85245e-16
 7.69176e-16
-9.61855e-16
 5.68024e-15
-4.89169e-16
-3.06313e-15
 2.35791e-16
 2.17227e-16
-3.71055e-15
 9.27085e-15
-5.00653e-15
-9.92385e-16
-1.72800e-15
-1.73268e-15
-2.78872e-15
 1.72696e-15
-4.51009e-16
-3.47952e-15
 6.57409e-16
 4.99886e-15
-1.91815e-15
 5.07230e-15
 0.00000e+00
 0.00000e+00
 0.00000e+00
 0.00000e+00
 0.00000e+00
 0.00000e+00
 0.00000e+00
 0.00000e+00
 0.00000e+00
 0.00000e+00
 0.00000e+00
 0.00000e+00
-1.13753e-15
-2.04299e-15
-1.21876e-15
 2.55986e-15
-2.77621e-15
-3.74947e-16
 1.62290e-15
-1.69133e-15
 6.16247e-16
-4.72878e-16
-4.97281e-15
 9.70538e-15
-3.51018e-15
-4.94970e-16
-1.77073e-15
-3.66366e-16
-2.04966e-15
 2.49446e-15
 5.91315e-16
-1.66585e-15
 1.08381e-15
 3.53093e-15
-1.64326e-15
 5.96055e-15
 0.00000e+00
 0.00000e+00
 0.00000e+00
 0.00000e+00
 0.00000e+00
 0.00000e+00
 0.00000e+00
 0.00000e+00
 0.00000e+00
 0.00000e+00
 0.00000e+00
 0.00000e+00
 1.79926e-15
-9.14288e-16
-2.32139e-15
 3.25341e-16
-2.31141e-15
 1.04027e-15
-3.93266e-15
-3.07756e-15
 4.57778e-16
-1.86846e-15
-3.79458e-15
 8.90732e-15
 3.81992e-15
 1.65216e-15
-1.74756e-15
 4.14917e-15
 8.47087e-18
-6.20074e-17
-2.12549e-15
 4.88473e-16
 3.49830e-15
 1.46112e-15
-2.60788e-15
 5.42510e-15
 0.00000e+00
 0.00000e+00
 0.00000e+00
 0.00000e+00
 0.00000e+00
 0.00000e+00
 0.00000e+00
 0.00000e+00
 0.00000e+00
 0.00000e+00
 0.00000e+00
 0.00000e+00
-3.02211e-15
 7.81507e-16
 1.24899e-15
-2.06995e-15
-3.22034e-15
 5.76465e-15
-8.21350e-16
-3.52903e-15
-1.10417e-15
 1.09183e-15
-3.39208e-15
 3.54018e-15
 2.99407e-16
 1.29487e-15
-1.22158e-15
 1.23312e-16
 8.98133e-16
 7.07964e-15
 1.90830e-15
 1.57011e-15
 3.03611e-15
 3.83425e-15
-2.90777e-15
 1.32548e-15
 0.00000e+00
 0.00000e+00
 0.00000e+00
 0.00000e+00
 0.00000e+00
 0.00000e+00
 0.00000e+00
 0.00000e+00
 0.00000e+00
 0.00000e+00
 0.00000e+00
 0.00000e+00
-2.92607e-15
-2.92341e-17
 1.51697e-15
-7.70400e-16
-2.68884e-15
 5.43871e-15
 5.93751e-15
 9.10571e-16
 1.75283e-15
 3.12894e-15
-2.37677e-15
 6.72628e-15
-2.75693e-15
-1.83770e-17
-2.01902e-15
-6.37011e-16
 1.16300e-15
 8.96375e-15
 3.92327e-15
 5.62475e-16
 8.41011e-16
 2.65932e-15
-3.35353e-15
 2.98573e-15
 0.00000e+00
 0.00000e+00
 0.00000e+00
 0.00000e+00
 0.00000e+00
 0.00000e+00
 0.00000e+00
 0.00000e+00
 0.00000e+00
 0.00000e+00
 0.00000e+00
 0.00000e+00
 3.99388e-15
 2.59579e-15
-1.20653e-15
 4.72288e-16
-3.36511e-16
 3.35816e-15
 5.72429e-16
-2.22729e-15
 7.37282e-16
 6.86139e-16
-3.18032e-15
 8.29548e-15
-7.47931e-17
 3.56679e-16
-3.59702e-16
 2.46877e-15
 8.48800e-17
 5.76821e-15
-4.69260e-16
-1.89955e-15
-4.11449e-15
-3.04498e-15
-4.31359e-15
 4.34576e-15
 0.00000e+00
 0.00000e+00
 0.00000e+00
 0.00000e+00
 0.00000e+00
 0.00000e+00
 0.00000e+00
 0.00000e+00
 0.00000e+00
 0.00000e+00
 0.00000e+00
 0.00000e+00
 5.43932e-15
 2.44094e-16
-1.70639e-15
 1.76537e-15
-2.09648e-15
 4.02624e-15
-5.50447e-15
-4.03793e-15
-2.14235e-15
-1.82157e-15
-1.63101e-15
 6.89460e-15
 1.99851e-15
 5.03424e-16
-1.82287e-15
 1.29747e-15
-1.15324e-15
 3.65367e-15
-2.36205e-16
-5.62720e-16
-6.67670e-16
-1.20333e-15
-3.47427e-15
 7.24763e-15
 0.00000e+00
 0.00000e+00
 0.00000e+00
 0.00000e+00
 0.00000e+00
 0.00000e+00
 0.00000e+00
 0.00000e+00
 0.00000e+00
 0.00000e+00
 0.00000e+00
 0.00000e+00
 0.00000e+00
 0.00000e+00
 0.00000e+00
 0.00000e+00
 0.00000e+00
 0.00000e+00
 0.00000e+00
 0.00000e+00
 0.00000e+00
 0.00000e+00
 0.00000e+00
 0.00000e+00
 0.00000e+00
 0.00000e+00
 0.00000e+00
 0.00000e+00
 0.00000e+00
 0.00000e+00
 0.00000e+00
 0.00000e+00
 0.00000e+00
 0.00000e+00
 0.00000e+00
 0.00000e+00
 0.00000e+00
 0.00000e+00
 0.00000e+00
 0.00000e+00
 0.00000e+00
 0.00000e+00
-2.14023e-16
-4.76835e-16
-4.29407e-16
-2.96588e-15
 4.98047e-15
-8.96736e-15
-3.84380e-16
-5.84769e-16
 1.64958e-15
-1.86655e-15
 5.38401e-15
-6.21982e-15
-1.47607e-15
-2.14536e-15
 6.71761e-16
-4.89712e-15
 4.32323e-15
-9.46954e-15
 2.56744e-15
 1.32651e-15
 3.12395e-15
-3.81781e-16
 6.20630e-15
-6.58652e-15
-4.35117e-15
-4.85258e-15
-4.40433e-15
-6.79880e-15
-7.11044e-16
-8.73820e-15
 7.52192e-15
 7.04513e-15
 7.39240e-15
 5.42718e-15
 7.05599e-15
 2.73751e-15
-2.28762e-15
-1.95965e-16
 4.45613e-16
-2.47170e-15
 5.13362e-15
-7.11450e-15
-3.93863e-15
-7.83258e-16
-1.07524e-15
-2.35185e-15
 4.73809e-15
-1.02753e-14
-1.20295e-15
-1.61233e-15
-2.43600e-16
-4.47691e-15
 4.37025e-15
-1.01561e-14
 7.28154e-16
 1.36836e-15
 2.90262e-15
-1.18022e-15
 4.61011e-15
-9.05039e-15
-6.36721e-15
-6.07027e-15
-7.33854e-15
-7.37186e-15
-1.25040e-15
-1.31122e-14
 1.10501e-14
 7.18906e-15
 7.50056e-15
 7.38352e-15
 8.46548e-15
 4.33562e-15
 9.19117e-16
 5.84005e-16
-2.23458e-15
-3.63272e-15
 3.16697e-15
-1.19064e-14
-3.01489e-15
-1.14443e-15
 3.54573e-17
-2.47195e-15
 5.07134e-15
-9.13425e-15
-4.64265e-15
-2.22898e-15
-6.28797e-16
-4.59320e-15
 4.27806e-15
-1.08268e-14
-1.78282e-15
 2.07899e-15
 3.06826e-16
-2.40427e-15
 5.89403e-15
-8.88710e-15
-6.87241e-15
-5.13878e-15
-4.68309e-15
-6.56352e-15
 6.05832e-16
-1.22930e-14
 7.11361e-15
 6.47635e-15
 9.58192e-15
 7.94246e-15
 1.06975e-14
 1.16113e-15
-9.48536e-16
 3.31037e-16
 2.41873e-16
-2.92408e-15
 2.08693e-15
-1.18770e-14
-1.77622e-15
-1.99127e-15
-1.63678e-15
-4.16619e-15
 2.03638e-15
-8.66611e-15
-4.76191e-16
-3.07245e-15
-1.23510e-16
-4.11011e-15
 3.09309e-15
-1.07287e-14
 1.77129e-15
-3.34955e-16
 2.54768e-15
-1.74443e-15
 3.12399e-15
-8.63640e-15
-5.34835e-15
-7.82551e-15
-6.96854e-15
-7.31537e-15
-1.80841e-15
-1.20066e-14
 1.08233e-14
 8.59980e-15
 8.39476e-15
 8.53968e-15
 1.10755e-14
 8.57033e-16
-8.95601e-16
-8.16791e-16
-1.15830e-15
-1.92954e-15
 1.97357e-15
-7.25733e-15
-3.14442e-15
-7.77417e-16
-1.47795e-15
-1.63932e-15
 3.32527e-15
-1.04148e-14
-3.64012e-15
-1.33601e-15
-4.26284e-16
-3.31190e-15
 3.24073e-15
-1.13666e-14
 1.16079e-15
 1.57103e-15
 2.87127e-15
-1.20087e-16
 4.67913e-15
-8.17656e-15
-6.97402e-15
-5.20999e-15
-5.31413e-15
-4.72886e-15
-1.46836e-15
-1.23380e-14
 8.60086e-15
 8.78592e-15
 8.47726e-15
 7.38502e-15
 8.57427e-15
 3.18072e-15
-2.67937e-15
-1.66611e-15
-1.66195e-15
-2.38273e-15
 4.62102e-15
-1.05160e-14
-1.04586e-15
-9.15099e-16
-1.34243e-15
-1.95095e-15
 5.97315e-15
-8.65045e-15
-2.87548e-15
-1.85656e-15
-6.98402e-16
-2.83701e-15
 5.00015e-15
-1.05419e-14
-9.11625e-16
 1.02682e-15
 3.44110e-15
-4.37802e-16
 5.60640e-15
-1.00589e-14
-3.81262e-15
-5.29415e-15
-3.65003e-15
-7.47924e-15
-3.94073e-16
-1.13562e-14
 9.95922e-15
 7.55449e-15
 8.83238e-15
 6.38210e-15
 1.07139e-14
 2.63500e-15
-7.62943e-16
 1.51929e-15
-3.77517e-16
-2.79463e-15
 3.64901e-15
-1.04446e-14
-3.65168e-15
-2.16558e-15
-7.18730e-16
-3.00923e-15
 3.77708e-15
-9.61615e-15
-1.55018e-15
-1.93311e-15
 7.42625e-16
-4.71909e-15
 2.44520e-15
-9.53930e-15
 3.18201e-15
 2.76292e-15
 2.98727e-15
 4.83478e-16
 5.84820e-15
-8.74583e-15
-3.91993e-15
-3.12206e-15
-5.89165e-15
-3.64924e-15
 1.42708e-15
-1.20694e-14
 9.88670e-15
 1.12584e-14
 9.00158e-15
 1.02869e-14
 1.04944e-14
 2.84733e-15
 2.08836e-15
-9.25375e-16
 5.12699e-16
-3.00164e-15
 3.85546e-15
-7.69500e-15
-1.31591e-15
-1.17170e-15
 1.00673e-15
-2.94923e-15
 4.05710e-15
-9.07139e-15
-1.03367e-15
-1.39983e-15
 1.12872e-15
-3.95276e-15
 5.46146e-15
-9.34785e-15
 3.27551e-15
 2.44169e-15
 4.22985e-15
-2.35465e-15
 7.24367e-15
-6.57633e-15
-1.71556e-15
-3.03768e-15
-2.51481e-15
-7.37919e-15
 1.75823e-15
-1.30532e-14
 1.22433e-14
 9.89316e-15
 1.24974e-14
 9.82837e-15
 1.44155e-14
 1.11289e-15
 5.26193e-15
 7.85011e-15
 4.60289e-15
 2.68977e-15
 9.64132e-15
-1.43123e-15
 6.84303e-15
 5.97403e-15
 3.78737e-15
 3.36448e-15
 9.14025e-15
-2.66965e-15
 6.48985e-15
 4.03071e-15
 5.46421e-15
 2.08178e-15
 7.59949e-15
-9.04464e-16
 7.71445e-15
 7.66143e-15
 7.62350e-15
 3.57499e-15
 7.60949e-15
-1.58727e-15
 1.61808e-15
 4.90630e-16
 3.18544e-16
-4.89671e-16
 3.24927e-15
-6.46283e-15
 1.74228e-14
 1.36986e-14
 1.63214e-14
 1.40401e-14
 1.31431e-14
 7.89783e-15
 5.00481e-14
 4.87749e-14
 5.08198e-14
 5.09613e-14
 5.51818e-14
 4.69595e-14
 4.85761e-14
 4.94926e-14
 5.20799e-14
 5.02268e-14
 5.59993e-14
 4.47965e-14
 4.87133e-14
 4.97644e-14
 5.28730e-14
 4.82701e-14
 5.58885e-14
 4.18487e-14
 5.36203e-14
 5.33210e-14
 5.54369e-14
 5.04797e-14
 5.68516e-14
 4.14064e-14
 4.91907e-14
 4.65027e-14
 4.72153e-14
 4.39207e-14
 5.16752e-14
 3.44602e-14
 6.08607e-14
 6.04130e-14
 5.89843e-14
 6.04274e-14
 6.21129e-14
 4.88659e-14
 5.45667e-13
 5.47191e-13
 5.44681e-13
 5.46056e-13
 5.47225e-13
 5.29333e-13
 5.43273e-13
 5.44289e-13
 5.44581e-13
 5.44850e-13
 5.46143e-13
 5.33819e-13
 5.43291e-13
 5.43429e-13
 5.43134e-13
 5.41110e-13
 5.46711e-13
 5.34329e-13
 5.44621e-13
 5.46068e-13
 5.43467e-13
 5.43156e-13
 5.47324e-13
 5.31200e-13
 5.37816e-13
 5.39093e-13
 5.38739e-13
 5.38053e-13
 5.40964e-13
 5.31217e-13
 5.49790e-13
 5.51476e-13
 5.52872e-13
 5.49618e-13
 5.52875e-13
 5.44509e-13
 5.45849e-12
 5.45916e-12
 5.46205e-12
 5.45779e-12
 5.46477e-12
 5.45243e-12
 5.46141e-12
 5.46080e-12
 5.46026e-12
 5.45756e-12
 5.46523e-12
 5.44812e-12
 5.46290e-12
 5.45970e-12
 5.46195e-12
 5.45712e-12
 5.46480e-12
 5.45006e-12
 5.46032e-12
 5.46145e-12
 5.46439e-12
 5.45955e-12
 5.46619e-12
 5.45299e-12
 5.45500e-12
 5.45690e-12
 5.45624e-12
 5.45339e-12
 5.46095e-12
 5.44939e-12
 5.47287e-12
 5.46959e-12
 5.46924e-12
 5.46833e-12
 5.46928e-12
 5.46668e-12
 5.10531e-11
 5.10541e-11
 5.10548e-11
 5.10478e-11
 5.10537e-11
 5.10397e-11
 5.10492e-11
 5.10495e-11
 5.10520e-11
 5.10472e-11
 5.10534e-11
 5.10420e-11
 5.10455e-11
 5.10488e-11
 5.10502e-11
 5.10468e-11
 5.10562e-11
 5.10409e-11
 5.10523e-11
 5.10518e-11
 5.10522e-11
 5.10504e-11
 5.10559e-11
 5.10392e-11
 5.10468e-11
 5.10439e-11
 5.10452e-11
 5.10431e-11
 5.10492e-11
 5.10371e-11
 5.10594e-11
 5.10582e-11
 5.10586e-11
 5.10571e-11
 5.10625e-11
 5.10502e-11
 4.41647e-10
 4.41649e-10
 4.41653e-10
 4.41651e-10
 4.41660e-10
 4.41646e-10
 4.41651e-10
 4.41652e-10
 4.41655e-10
 4.41652e-10
 4.41659e-10
 4.41644e-10
 4.41654e-10
 4.41653e-10
 4.41655e-10
 4.41652e-10
 4.41658e-10
 4.41642e-10
 4.41655e-10
 4.41658e-10
 4.41660e-10
 4.41654e-10
 4.41662e-10
 4.41650e-10
 4.41648e-10
 4.41652e-10
 4.41652e-10
 4.41649e-10
 4.41656e-10
 4.41644e-10
 4.41663e-10
 4.41662e-10
 4.41660e-10
 4.41664e-10
 4.41665e-10
 4.41656e-10
 3.52386e-09
 3.52386e-09
 3.52386e-09
 3.52386e-09
 3.52387e-09
 3.52386e-09
 3.52386e-09
 3.52386e-09
 3.52386e-09
 3.52386e-09
 3.52387e-09
 3.52386e-09
 3.52385e-09
 3.52386e-09
 3.52386e-09
 3.52386e-09
 3.52387e-09
 3.52385e-09
 3.52386e-09
 3.52386e-09
 3.52386e-09
 3.52386e-09
 3.52387e-09
 3.52385e-09
 3.52386e-09
 3.52385e-09
 3.52386e-09
 3.52386e-09
 3.52386e-09
 3.52385e-09
 3.52387e-09
 3.52387e-09
 3.52387e-09
 3.52387e-09
 3.52388e-09
 3.52387e-09
 2.58372e-08
 2.58372e-08
 2.58372e-08
 2.58372e-08
 2.58372e-08
 2.58372e-08
 2.58372e-08
 2.58372e-08
 2.58372e-08
 2.58372e-08
 2.58372e-08
 2.58372e-08
 2.58372e-08
 2.58372e-08
 2.58372e-08
 2.58372e-08
 2.58372e-08
 2.58372e-08
 2.58372e-08
 2.58372e-08
 2.58372e-08
 2.58372e-08
 2.58372e-08
 2.58372e-08
 2.58372e-08
 2.58372e-08
 2.58372e-08
 2.58372e-08
 2.58372e-08
 2.58372e-08
 2.58372e-08
 2.58372e-08
 2.58372e-08
 2.58372e-08
 2.58372e-08
 2.58372e-08
 1.73377e-07
 1.73377e-07
 1.73377e-07
 1.73377e-07
 1.73377e-07
 1.73377e-07
 1.73377e-07
 1.73377e-07
 1.73377e-07
 1.73377e-07
 1.73377e-07
 1.73377e-07
 1.73377e-07
 1.73377e-07
 1.73377e-07
 1.73377e-07
 1.73377e-07
 1.73377e-07
 1.73377e-07
 1.73377e-07
 1.73377e-07
 1.73377e-07
 1.73377e-07
 1.73377e-07
 1.73377e-07
 1.73377e-07
 1.73377e-07
 1.73377e-07
 1.73377e-07
 1.73377e-07
 1.73377e-07
 1.73377e-07
 1.73377e-07
 1.73377e-07
 1.73377e-07
 1.73377e-07
 1.05972e-06
 1.05972e-06
 1.05972e-06
 1.05972e-06
 1.05972e-06
 1.05972e-06
 1.05972e-06
 1.05972e-06
 1.05972e-06
 1.05972e-06
 1.05972e-06
 1.05972e-06
 1.05972e-06
 1.05972e-06
 1.05972e-06
 1.05972e-06
 1.05972e-06
 1.05972e-06
 1.05972e-06
 1.05972e-06
 1.05972e-06
 1.05972e-06
 1.05972e-06
 1.05972e-06
 1.05972e-06
 1.05972e-06
 1.05972e-06
 1.05972e-06
 1.05972e-06
 1.05972e-06
 1.05972e-06
 1.05972e-06
 1.05972e-06
 1.05972e-06
 1.05972e-06
 1.05972e-06
 5.86696e-06
 5.86696e-06
 5.86696e-06
 5.86696e-06
 5.86696e-06
 5.86696e-06
 5.86696e-06
 5.86696e-06
 5.86696e-06
 5.86696e-06
 5.86696e-06
 5.86696e-06
 5.86696e-06
 5.86696e-06
 5.86696e-06
 5.86696e-06
 5.86696e-06
 5.86696e-06
 5.86696e-06
 5.86696e-06
 5.86696e-06
 5.86696e-06
 5.86696e-06
 5.86696e-06
 5.86696e-06
 5.86696e-06
 5.86696e-06
 5.86696e-06
 5.86696e-06
 5.86696e-06
 5.86696e-06
 5.86696e-06
 5.86696e-06
 5.86696e-06
 5.86696e-06
 5.86696e-06
 2.92234e-05
 2.92234e-05
 2.92234e-05
 2.92234e-05
 2.92234e-05
 2.92234e-05
 2.92234e-05
 2.92234e-05
 2.92234e-05
 2.92234e-05
 2.92234e-05
 2.92234e-05
 2.92234e-05
 2.92234e-05
 2.92234e-05
 2.92234e-05
 2.92234e-05
 2.92234e-05
 2.92234e-05
 2.92234e-05
 2.92234e-05
 2.92234e-05
 2.92234e-05
 2.92234e-05
 2.92234e-05
 2.92234e-05
 2.92234e-05
 2.92234e-05
 2.92234e-05
 2.92234e-05
 2.92234e-05
 2.92234e-05
 2.92234e-05
 2.92234e-05
 2.92234e-05
 2.92234e-05
 1.29891e-04
 1.29891e-04
 1.29891e-04
 1.29891e-04
 1.29891e-04
 1.29891e-04
 1.29891e-04
 1.29891e-04
 1.29891e-04
 1.29891e-04
 1.29891e-04
 1.29891e-04
 1.29891e-04
 1.29891e-04
 1.29891e-04
 1.29891e-04
 1.29891e-04
 1.29891e-04
 1.29891e-04
 1.29891e-04
 1.29891e-04
 1.29891e-04
 1.29891e-04
 1.29891e-04
 1.29891e-04
 1.29891e-04
 1.29891e-04
 1.29891e-04
 1.29891e-04
 1.29891e-04
 1.29891e-04
 1.29891e-04
 1.29891e-04
 1.29891e-04
 1.29891e-04
 1.29891e-04
 5.09995e-04
 5.09995e-04
 5.09995e-04
 5.09995e-04
 5.09995e-04
 5.09995e-04
 5.09995e-04
 5.09995e-04
 5.09995e-04
 5.09995e-04
 5.09995e-04
 5.09995e-04
 5.09995e-04
 5.09995e-04
 5.09995e-04
 5.09995e-04
 5.09995e-04
 5.09995e-04
 5.09995e-04
 5.09995e-04
 5.09995e-04
 5.09995e-04
 5.09995e-04
 5.09995e-04
 5.09995e-04
 5.09995e-04
 5.09995e-04
 5.09995e-04
 5.09995e-04
 5.09995e-04
 5.09995e-04
 5.09995e-04
 5.09995e-04
 5.09995e-04
 5.09995e-04
 5.09995e-04
 1.74733e-03
 1.74733e-03
 1.74733e-03
 1.74733e-03
 1.74733e-03
 1.74733e-03
 1.74733e-03
 1.74733e-03
 1.74733e-03
 1.74733e-03
 1.74733e-03
 1.74733e-03
 1.74733e-03
 1.74733e-03
 1.74733e-03
 1.74733e-03
 1.74733e-03
 1.74733e-03
 1.74733e-03
 1.74733e-03
 1.74733e-03
 1.74733e-03
 1.74733e-03
 1.74733e-03
 1.74733e-03
 1.74733e-03
 1.74733e-03
 1.74733e-03
 1.74733e-03
 1.74733e-03
 1.74733e-03
 1.74733e-03
 1.74733e-03
 1.74733e-03
 1.74733e-03
 1.74733e-03
 5.15283e-03
 5.15283e-03
 5.15283e-03
 5.15283e-03
 5.15283e-03
 5.15283e-03
 5.15283e-03
 5.15283e-03
 5.15283e-03
 5.15283e-03
 5.15283e-03
 5.15283e-03
 5.15283e-03
 5.15283e-03
 5.15283e-03
 5.15283e-03
 5.15283e-03
 5.15283e-03
 5.15283e-03
 5.15283e-03
 5.15283e-03
 5.15283e-03
 5.15283e-03
 5.15283e-03
 5.15283e-03
 5.15283e-03
 5.15283e-03
 5.15283e-03
 5.15283e-03
 5.15283e-03
 5.15283e-03
 5.15283e-03
 5.15283e-03
 5.15283e-03
 5.15283e-03
 5.15283e-03
 1.29183e-02
 1.29183e-02
 1.29183e-02
 1.29183e-02
 1.29183e-02
 1.29183e-02
 1.29183e-02
 1.29183e-02
 1.29183e-02
 1.29183e-02
 1.29183e-02
 1.29183e-02
 1.29183e-02
 1.29183e-02
 1.29183e-02
 1.29183e-02
 1.29183e-02
 1.29183e-02
 1.29183e-02
 1.29183e-02
 1.29183e-02
 1.29183e-02
 1.29183e-02
 1.29183e-02
 1.29183e-02
 1.29183e-02
 1.29183e-02
 1.29183e-02
 1.29183e-02
 1.29183e-02
 1.29183e-02
 1.29183e-02
 1.29183e-02
 1.29183e-02
 1.29183e-02
 1.29183e-02
 2.73904e-02
 2.73904e-02
 2.73904e-02
 2.73904e-02
 2.73904e-02
 2.73904e-02
 2.73904e-02
 2.73904e-02
 2.73904e-02
 2.73904e-02
 2.73904e-02
 2.73904e-02
 2.73904e-02
 2.73904e-02
 2.73904e-02
 2.73904e-02
 2.73904e-02
 2.73904e-02
 2.73904e-02
 2.73904e-02
 2.73904e-02
 2.73904e-02
 2.73904e-02
 2.73904e-02
 2.73904e-02
 2.73904e-02
 2.73904e-02
 2.73904e-02
 2.73904e-02
 2.73904e-02
 2.73904e-02
 2.73904e-02
 2.73904e-02
 2.73904e-02
 2.73904e-02
 2.73904e-02
 4.95432e-02
 4.95432e-02
 4.95432e-02
 4.95432e-02
 4.95432e-02
 4.95432e-02
 4.95432e-02
 4.95432e-02
 4.95432e-02
 4.95432e-02
 4.95432e-02
 4.95432e-02
 4.95432e-02
 4.95432e-02
 4.95432e-02
 4.95432e-02
 4.95432e-02
 4.95432e-02
 4.95432e-02
 4.95432e-02
 4.95432e-02
 4.95432e-02
 4.95432e-02
 4.95432e-02
 4.95432e-02
 4.95432e-02
 4.95432e-02
 4.95432e-02
 4.95432e-02
 4.95432e-02
 4.95432e-02
 4.95432e-02
 4.95432e-02
 4.95432e-02
 4.95432e-02
 4.95432e-02
part
         2
coordinates
 0.00000e+00
 4.14444e-15
-3.35916e-15
-1.09892e-15
 4.73526e-15
 0.00000e+00
 0.00000e+00
 1.70944e-15
-2.91275e-15
 2.35034e-15
 1.38384e-15
 0.00000e+00
 0.00000e+00
-2.42947e-16
 1.42223e-15
 1.82488e-16
 5.04491e-15
 0.00000e+00
 0.00000e+00
-4.81228e-16
 1.67425e-16
-1.81073e-15
 3.34996e-15
 0.00000e+00
 0.00000e+00
 4.14573e-15
 2.41022e-15
 3.68970e-15
 2.16342e-15
 0.00000e+00
 0.00000e+00
-7.32891e-17
-2.17556e-15
-5.25133e-15
-2.81617e-15
 0.00000e+00
 0.00000e+00
-2.84753e-15
 1.40689e-16
 8.70597e-16
-3.04840e-15
 0.00000e+00
 0.00000e+00
 1.39596e-15
-3.01309e-15
 4.31111e-16
-3.78004e-16
 0.00000e+00
 0.00000e+00
 2.43634e-15
-1.93739e-15
-1.86441e-15
 1.90935e-15
 0.00000e+00
 0.00000e+00
 7.48608e-16
-3.83388e-15
 3.35349e-16
 4.53553e-16
 0.00000e+00
 0.00000e+00
 3.19850e-15
-2.35683e-15
 4.73033e-15
 1.77955e-15
 0.00000e+00
 0.00000e+00
-5.06470e-15
-6.79937e-15
-5.89610e-15
-8.45299e-15
 0.00000e+00
 0.00000e+00
 9.31150e-16
 1.05411e-15
 5.43172e-15
 6.08133e-16
 0.00000e+00
 0.00000e+00
 4.04971e-15
-1.67374e-15
 5.37090e-15
-1.42649e-16
 0.00000e+00
 0.00000e+00
 1.95031e-15
 1.86834e-15
 1.46222e-15
 5.33057e-16
 0.00000e+00
 0.00000e+00
 4.72049e-16
-4.94900e-16
 9.89338e-16
 9.44375e-16
 0.00000e+00
 0.00000e+00
 3.87018e-15
 2.12683e-15
 7.22975e-15
 4.31891e-15
 0.00000e+00
 0.00000e+00
-6.11715e-15
 3.43480e-16
-1.08382e-15
-3.36343e-15
 0.00000e+00
 0.00000e+00
 1.32405e-15
 2.34411e-15
-7.83531e-16
-1.27069e-15
 0.00000e+00
 0.00000e+00
 1.45506e-15
 1.51455e-16
 3.15453e-15
-3.43738e-15
 0.00000e+00
 0.00000e+00
-8.79047e-16
 2.79329e-15
 2.00882e-15
-1.68606e-15
 0.00000e+00
 0.00000e+00
-2.36181e-15
 4.87130e-15
-1.11988e-15
 2.02291e-16
 0.00000e+00
 0.00000e+00
-7.37312e-16
 6.52626e-15
 3.82971e-15
 3.55807e-15
 0.00000e+00
 0.00000e+00
-9.51397e-15
-1.48283e-15
-5.34433e-15
-2.75648e-15
 0.00000e+00
 0.00000e+00
 9.48666e-15
-1.62938e-15
 2.38484e-15
-1.10540e-15
 0.00000e+00
 0.00000e+00
 3.89487e-15
 2.25416e-15
 3.19185e-15
-1.07975e-15
 0.00000e+00
 0.00000e+00
 2.02354e-16
 5.89739e-15
 4.72440e-15
 1.25838e-15
 0.00000e+00
 0.00000e+00
 1.17018e-15
 2.99889e-15
 6.11863e-15
-6.17784e-16
 0.00000e+00
 0.00000e+00
 2.56164e-15
 8.34215e-15
 8.52965e-15
 4.14182e-15
 0.00000e+00
 0.00000e+00
-5.93128e-15
 4.40318e-15
-1.46158e-15
 2.81703e-16
 0.00000e+00
 0.00000e+00
 1.15138e-15
 6.37441e-16
 2.38263e-16
 8.30082e-16
 0.00000e+00
 0.00000e+00
 1.13863e-15
-1.00936e-16
 3.17492e-15
-1.35273e-15
 0.00000e+00
 0.00000e+00
 3.11984e-16
 4.44406e-15
 1.61431e-15
 8.63281e-16
 0.00000e+00
 0.00000e+00
 7.56811e-16
 2.18855e-15
 2.62019e-15
 5.12234e-16
 0.00000e+00
 0.00000e+00
 5.22532e-15
 2.13303e-15
 5.14646e-15
 2.29160e-15
 0.00000e+00
 0.00000e+00
-1.22130e-15
-1.14624e-15
-8.70361e-15
-3.02520e-16
 0.00000e+00
 0.00000e+00
-4.57981e-15
 3.67431e-15
-3.66543e-15
 3.60121e-15
 0.00000e+00
 0.00000e+00
-3.19901e-15
 2.56226e-16
 1.39196e-15
 1.17432e-16
 0.00000e+00
 0.00000e+00
-6.38605e-16
-6.66666e-16
 2.69679e-15
 5.11640e-16
 0.00000e+00
 0.00000e+00
-4.82678e-16
-9.46973e-16
 3.38810e-16
 2.03276e-15
 0.00000e+00
 0.00000e+00
 6.25195e-15
 1.15732e-15
 2.08809e-15
 1.81124e-15
 0.00000e+00
 0.00000e+00
 3.42078e-15
-3.62744e-15
-8.16663e-15
-6.48547e-15
 0.00000e+00
 0.00000e+00
-2.86679e-15
 1.10296e-15
-2.14395e-15
 4.06813e-15
 0.00000e+00
 0.00000e+00
-2.65739e-15
 1.31131e-15
-4.67246e-16
 4.23556e-15
 0.00000e+00
 0.00000e+00
 1.49940e-15
-1.25201e-15
 2.58330e-15
 3.76654e-15
 0.00000e+00
 0.00000e+00
 2.41786e-15
-3.57037e-15
 3.03705e-15
 8.62239e-16
 0.00000e+00
 0.00000e+00
 6.89409e-15
 1.86735e-15
 4.75826e-15
 2.98394e-16
 0.00000e+00
 0.00000e+00
 3.14895e-15
-1.45175e-15
-4.10856e-15
-1.08278e-14
 0.00000e+00
 0.00000e+00
-1.19074e-15
 3.28832e-15
-3.94735e-15
 2.97492e-15
 0.00000e+00
 0.00000e+00
-2.18278e-15
 1.41594e-15
-1.96886e-15
 5.51771e-15
 0.00000e+00
 0.00000e+00
-4.15463e-16
-1.82476e-15
 2.04314e-15
 4.94713e-15
 0.00000e+00
 0.00000e+00
-4.31097e-16
-3.83950e-15
 4.32814e-15
-2.92128e-15
 0.00000e+00
 0.00000e+00
 3.84111e-15
-1.90890e-16
 7.42757e-15
-4.63551e-15
 0.00000e+00
 0.00000e+00
 1.23584e-15
-4.52471e-15
-2.07248e-15
-1.35310e-14
 0.00000e+00
 0.00000e+00
-9.92123e-16
 2.93003e-15
-2.75296e-15
 1.95127e-15
 0.00000e+00
 0.00000e+00
-1.43386e-15
-1.14701e-15
 1.95485e-15
 1.76287e-15
 0.00000e+00
 0.00000e+00
-2.83977e-15
-7.58548e-16
 3.01021e-15
 2.31119e-15
 0.00000e+00
 0.00000e+00
-1.39562e-15
-1.53842e-15
 2.40454e-15
-2.31575e-15
 0.00000e+00
 0.00000e+00
 1.61246e-15
 1.17317e-15
 5.88881e-15
-2.83335e-15
 0.00000e+00
 0.00000e+00
-5.26226e-15
 1.01895e-16
-5.65447e-15
-8.52464e-15
 0.00000e+00
 0.00000e+00
-1.06250e-15
 3.43767e-16
-1.72555e-15
 2.90326e-15
 0.00000e+00
 0.00000e+00
 2.73175e-16
-4.29315e-15
 4.36965e-15
-1.25305e-15
 0.00000e+00
 0.00000e+00
-3.47182e-15
-1.84518e-15
 3.19747e-15
-5.60080e-16
 0.00000e+00
 0.00000e+00
-2.05517e-15
-2.17914e-15
-1.97100e-15
 2.35904e-15
 0.00000e+00
 0.00000e+00
 1.60870e-15
 8.86260e-17
 1.76199e-15
 1.03118e-15
 0.00000e+00
 0.00000e+00
-9.51143e-15
-1.60100e-15
-7.90665e-15
-8.83021e-15
 0.00000e+00
 0.00000e+00
-3.17887e-15
 1.04213e-15
-4.46048e-15
 2.47071e-15
 0.00000e+00
 0.00000e+00
-3.84868e-16
-4.89144e-15
 7.74766e-16
-3.21176e-15
 0.00000e+00
 0.00000e+00
-3.25900e-15
-5.56292e-15
 1.74472e-15
-4.58633e-15
 0.00000e+00
 0.00000e+00
-2.19929e-15
-7.36102e-15
-2.28661e-15
-3.09623e-16
 0.00000e+00
 0.00000e+00
 7.85487e-16
-3.26462e-15
-3.51817e-15
 1.71837e-15
 0.00000e+00
 0.00000e+00
-1.24909e-14
-1.68590e-15
-1.50781e-14
-5.59442e-15
 0.00000e+00
 0.00000e+00
-5.31846e-16
-8.53945e-17
-2.79160e-15
 2.54309e-15
 0.00000e+00
 0.00000e+00
-6.89722e-16
-3.13038e-15
 3.02884e-16
-1.14491e-15
 0.00000e+00
 0.00000e+00
-2.48969e-15
-3.83282e-15
 7.81572e-16
-2.16834e-15
 0.00000e+00
 0.00000e+00
-1.94554e-15
-5.10399e-15
-3.69511e-15
-7.26132e-16
 0.00000e+00
 0.00000e+00
-5.90999e-16
 1.79462e-16
-9.33260e-15
 3.83056e-15
 0.00000e+00
 0.00000e+00
-1.09357e-14
-2.63124e-16
-2.19114e-14
 5.27763e-16
 0.00000e+00
 0.00000e+00
 3.46262e-15
-1.20751e-15
 1.16512e-15
 2.48251e-15
 0.00000e+00
 0.00000e+00
-2.56117e-15
 7.76535e-16
 6.99681e-16
 1.04522e-15
 0.00000e+00
 0.00000e+00
-4.81626e-15
-7.60412e-16
-6.64829e-16
 2.25113e-15
 0.00000e+00
 0.00000e+00
-1.38128e-15
-4.48851e-15
-3.53703e-15
 1.68403e-16
 0.00000e+00
 0.00000e+00
-1.00302e-15
 8.50298e-16
-6.36073e-15
 1.04250e-15
 0.00000e+00
 0.00000e+00
-1.12877e-14
-2.68516e-15
-1.69619e-14
-4.25332e-15
 0.00000e+00
 0.00000e+00
 1.01715e-15
 1.88982e-15
 2.32388e-16
 4.15318e-15
 0.00000e+00
 0.00000e+00
-3.86770e-15
 1.78343e-15
 2.10571e-15
 3.03199e-15
 0.00000e+00
 0.00000e+00
-6.41136e-15
 1.47181e-15
 1.78968e-15
 3.26934e-15
 0.00000e+00
 0.00000e+00
-5.73536e-16
-3.55622e-15
-1.97103e-15
 1.94089e-15
 0.00000e+00
 0.00000e+00
 3.40599e-15
-2.18378e-15
-1.12342e-15
 2.40013e-17
 0.00000e+00
 0.00000e+00
-7.88927e-15
-6.43916e-15
-9.98162e-15
-8.64251e-15
 0.00000e+00
 0.00000e+00
-3.81228e-15
 9.38906e-16
-1.84352e-15
 4.09564e-15
 0.00000e+00
 0.00000e+00
-2.78026e-15
-1.60259e-15
 3.82354e-15
 1.16526e-15
 0.00000e+00
 0.00000e+00
-6.09914e-15
 1.48532e-15
 3.79694e-15
 3.37264e-16
 0.00000e+00
 0.00000e+00
-4.00254e-15
-3.38662e-16
-2.27540e-15
 4.59707e-16
 0.00000e+00
 0.00000e+00
 1.93743e-15
-2.96078e-15
-2.68775e-16
-2.78878e-16
 0.00000e+00
 0.00000e+00
-8.41173e-15
-6.23446e-15
-8.10902e-15
-8.50331e-15
 0.00000e+00
 0.00000e+00
-1.60880e-15
-2.65570e-15
-3.70130e-16
 4.20722e-15
 0.00000e+00
 0.00000e+00
 3.71357e-16
-5.97795e-15
 5.45671e-15
-1.51592e-16
 0.00000e+00
 0.00000e+00
-3.10451e-15
 9.78215e-16
 3.72483e-15
-1.17651e-15
 0.00000e+00
 0.00000e+00
-4.94938e-15
 2.72319e-15
-3.28860e-15
-1.32700e-15
 0.00000e+00
 0.00000e+00
-9.73389e-16
 5.72214e-17
-1.21977e-15
 1.13913e-15
 0.00000e+00
 0.00000e+00
-9.19648e-15
-4.67579e-15
-1.01690e-14
-2.84171e-15
 0.00000e+00
 0.00000e+00
 1.35183e-15
-3.30009e-15
 1.10712e-15
-6.47705e-16
 0.00000e+00
 0.00000e+00
 6.31719e-16
-6.14171e-15
 4.83680e-15
-2.42871e-15
 0.00000e+00
 0.00000e+00
-2.23525e-15
-2.10757e-15
 2.93727e-15
-3.41961e-15
 0.00000e+00
 0.00000e+00
-4.95647e-15
 2.03689e-15
-5.99931e-15
-3.78217e-15
 0.00000e+00
 0.00000e+00
-4.09698e-15
 1.07610e-15
-3.36383e-15
 2.84837e-15
 0.00000e+00
 0.00000e+00
-1.08224e-14
-8.51527e-15
-8.38831e-15
-7.94212e-16
 0.00000e+00
 0.00000e+00
 1.51683e-15
-1.82796e-16
-9.04001e-16
-1.59567e-15
 0.00000e+00
 0.00000e+00
 3.05205e-15
-4.49138e-15
 4.30437e-15
-5.48193e-15
 0.00000e+00
 0.00000e+00
-1.71356e-15
-1.32686e-15
 3.07286e-15
-6.02177e-15
 0.00000e+00
 0.00000e+00
-4.72319e-15
 7.49927e-16
-4.92859e-15
-5.43062e-15
 0.00000e+00
 0.00000e+00
-3.07538e-15
-1.38481e-15
-1.82052e-15
 2.99053e-15
 0.00000e+00
 0.00000e+00
-1.38880e-14
-9.19229e-15
-8.31856e-15
 2.80381e-15
 0.00000e+00
 0.00000e+00
-1.03784e-17
 6.65824e-15
-6.33931e-15
-5.78687e-16
 0.00000e+00
 0.00000e+00
 4.11685e-15
-3.32957e-15
 3.73973e-15
-7.08607e-15
 0.00000e+00
 0.00000e+00
-1.24317e-15
-1.12760e-15
 3.88388e-15
-6.52106e-15
 0.00000e+00
 0.00000e+00
-4.87755e-15
 5.58055e-16
-1.73402e-15
-6.19400e-15
 0.00000e+00
 0.00000e+00
-1.22851e-15
-2.59638e-15
 2.97968e-16
 2.96331e-15
 0.00000e+00
 0.00000e+00
-1.25913e-14
-5.18667e-15
-1.09632e-14
 7.38132e-15
 0.00000e+00
 0.00000e+00
 1.46643e-15
 5.47835e-15
-3.58624e-15
-1.31544e-15
 0.00000e+00
 0.00000e+00
 4.18636e-15
-3.10421e-15
 5.35148e-15
-5.14339e-15
 0.00000e+00
 0.00000e+00
 5.76435e-16
-4.02285e-16
 3.13303e-15
-3.23224e-15
 0.00000e+00
 0.00000e+00
-3.78043e-15
 2.80402e-15
-1.83402e-15
-1.10387e-15
 0.00000e+00
 0.00000e+00
 8.29394e-16
 3.31736e-16
 1.79718e-15
 4.91891e-15
 0.00000e+00
 0.00000e+00
-6.55668e-15
-3.29409e-15
-7.62835e-15
 4.01036e-15
 0.00000e+00
 0.00000e+00
 5.18824e-15
-4.80182e-15
 4.39195e-15
-1.20821e-15
 0.00000e+00
 0.00000e+00
 1.90033e-15
-4.09522e-15
 5.92918e-15
-3.71465e-15
 0.00000e+00
 0.00000e+00
-1.87213e-15
 2.09965e-15
 2.53753e-16
-1.59531e-15
 0.00000e+00
 0.00000e+00
-1.62885e-15
 2.53175e-15
-6.04797e-16
-6.94964e-16
 0.00000e+00
 0.00000e+00
 2.42939e-15
 1.63126e-15
 3.06092e-15
 4.09823e-15
 0.00000e+00
 0.00000e+00
-2.89610e-15
-1.39461e-15
-8.17566e-15
 3.12618e-15
 0.00000e+00
 0.00000e+00
 5.07684e-15
-9.54023e-15
 5.13820e-15
 3.74851e-15
 0.00000e+00
 0.00000e+00
-7.55917e-16
-2.03671e-15
 4.85177e-15
-7.37645e-16
 0.00000e+00
 0.00000e+00
-7.68426e-15
 9.21918e-15
-2.08585e-15
-2.69636e-16
 0.00000e+00
 0.00000e+00
 9.77270e-16
 2.98858e-15
 2.57425e-15
-1.68801e-15
 0.00000e+00
 0.00000e+00
 7.78302e-15
 2.88898e-15
 4.92929e-15
 1.18270e-15
 0.00000e+00
 0.00000e+00
-3.15005e-15
 4.19197e-15
-1.17638e-14
 3.83288e-15
 0.00000e+00
 0.00000e+00
 9.11160e-16
-4.51262e-15
 4.83812e-15
 4.41261e-15
 0.00000e+00
 0.00000e+00
-1.18821e-15
-6.86627e-17
 6.64150e-15
 5.42201e-16
 0.00000e+00
 0.00000e+00
-5.98878e-15
 9.63763e-15
-1.93033e-15
 4.07225e-15
 0.00000e+00
 0.00000e+00
 2.46388e-15
 5.36323e-15
 2.13741e-15
-9.79423e-16
 0.00000e+00
 0.00000e+00
 8.90749e-15
 5.48308e-15
 7.42012e-15
-3.43630e-16
 0.00000e+00
 0.00000e+00
-4.36405e-15
 6.95243e-15
-1.08689e-14
 4.34385e-15
 0.00000e+00
 0.00000e+00
-5.26727e-15
 4.22505e-15
 5.41238e-15
-2.65815e-16
 0.00000e+00
 0.00000e+00
-6.76791e-16
-2.76919e-15
 1.03702e-14
-1.49544e-15
 0.00000e+00
 0.00000e+00
 7.22587e-17
 4.64448e-15
-1.07957e-15
 4.26323e-15
 0.00000e+00
 0.00000e+00
 4.10961e-15
 7.89613e-15
 1.86997e-15
-2.48912e-15
 0.00000e+00
 0.00000e+00
 7.26172e-15
 7.36718e-15
 9.81245e-15
-1.97471e-15
 0.00000e+00
 0.00000e+00
-4.80416e-15
 9.63756e-15
-8.43030e-15
 4.74868e-15
 0.00000e+00
 0.00000e+00
-8.61006e-15
 7.76682e-15
 4.08889e-15
 1.98348e-16
 0.00000e+00
 0.00000e+00
 1.41781e-15
-4.71003e-15
 1.19449e-14
-1.53528e-15
 0.00000e+00
 0.00000e+00
 7.11690e-15
 2.46528e-15
 8.41972e-16
 3.90419e-15
 0.00000e+00
 0.00000e+00
 2.83563e-15
 7.47394e-15
 2.69220e-15
-8.63153e-16
 0.00000e+00
 0.00000e+00
 3.93966e-15
 5.89822e-15
 1.40694e-14
-1.39877e-15
 0.00000e+00
 0.00000e+00
-3.39580e-15
 9.52741e-15
-1.51712e-15
 2.72883e-15
 0.00000e+00
 0.00000e+00
-8.84758e-15
 7.10947e-15
-3.86485e-16
 4.38323e-16
 0.00000e+00
 0.00000e+00
 3.27239e-15
-6.70976e-15
 1.11550e-14
-1.19634e-15
 0.00000e+00
 0.00000e+00
 6.09943e-15
 5.90013e-16
 3.52961e-15
 2.78050e-15
 0.00000e+00
 0.00000e+00
-1.67782e-15
 4.69094e-15
 5.17759e-15
-9.47168e-16
 0.00000e+00
 0.00000e+00
 4.27049e-15
 3.30181e-15
 2.05650e-14
-1.44567e-15
 0.00000e+00
 0.00000e+00
 1.63839e-15
 9.34484e-15
 7.39051e-15
-1.67909e-15
 0.00000e+00
 0.00000e+00
-3.84189e-15
 2.67804e-15
-4.36155e-15
 3.00944e-15
 0.00000e+00
 0.00000e+00
 2.81306e-15
-7.37549e-15
 9.13280e-15
-6.84743e-18
 0.00000e+00
 0.00000e+00
 4.87194e-16
-3.05458e-16
 8.40431e-15
-1.99059e-15
 0.00000e+00
 0.00000e+00
-7.80414e-15
 3.83016e-15
 9.82300e-15
-4.75950e-15
 0.00000e+00
 0.00000e+00
 4.26457e-15
 2.38093e-15
 1.99233e-14
 9.44639e-16
 0.00000e+00
 0.00000e+00
 7.92364e-15
 6.34870e-15
 7.70914e-15
 1.01126e-15
 0.00000e+00
 0.00000e+00
 6.04527e-16
 1.83284e-15
-8.85631e-15
 8.52133e-15
 0.00000e+00
 0.00000e+00
 1.78114e-16
-6.67297e-15
 4.93865e-15
 1.57291e-15
 0.00000e+00
 0.00000e+00
-9.66743e-15
-2.04019e-15
 1.09224e-14
-1.14556e-14
 0.00000e+00
 0.00000e+00
-1.35994e-14
 3.82393e-15
 9.06814e-15
-6.24673e-15
 0.00000e+00
 0.00000e+00
 2.12063e-15
 3.00510e-15
 1.50028e-14
 7.65327e-15
 0.00000e+00
 0.00000e+00
 6.07021e-15
 6.16869e-16
 7.48665e-15
 7.50995e-15
 0.00000e+00
 0.00000e+00
-8.81271e-16
 3.98247e-15
-9.30439e-15
 1.07666e-14
 0.00000e+00
 0.00000e+00
-5.14705e-15
-4.65778e-15
 3.60925e-16
 1.24402e-18
 0.00000e+00
 0.00000e+00
-1.23973e-14
-2.95023e-15
 8.58397e-15
-1.21428e-14
 0.00000e+00
 0.00000e+00
-1.26966e-14
 1.90246e-15
 2.88573e-15
-1.63525e-15
 0.00000e+00
 0.00000e+00
-2.42979e-15
 2.95164e-15
 5.16171e-15
 1.82119e-14
 0.00000e+00
 0.00000e+00
-2.00821e-15
 4.74966e-16
 5.66145e-15
 1.72547e-14
 0.00000e+00
 0.00000e+00
 0.00000e+00
 0.00000e+00
 0.00000e+00
 0.00000e+00
 0.00000e+00
 1.79926e-15
-9.14288e-16
-2.32139e-15
 3.25341e-16
-2.31141e-15
 1.04027e-15
-3.93266e-15
-3.07756e-15
 4.57778e-16
-1.86846e-15
-3.79458e-15
 8.90732e-15
 3.81992e-15
 1.65216e-15
-1.74756e-15
 4.14917e-15
 8.47087e-18
-6.20074e-17
-2.12549e-15
 4.88473e-16
 3.49830e-15
 1.46112e-15
-2.60788e-15
 5.42510e-15
 0.00000e+00
 0.00000e+00
 0.00000e+00
 0.00000e+00
 0.00000e+00
 0.00000e+00
 0.00000e+00
 0.00000e+00
 0.00000e+00
 0.00000e+00
 0.00000e+00
 0.00000e+00
-3.02211e-15
 7.81507e-16
 1.24899e-15
-2.06995e-15
-3.22034e-15
 5.76465e-15
-8.21350e-16
-3.52903e-15
-1.10417e-15
 1.09183e-15
-3.39208e-15
 3.54018e-15
 2.99407e-16
 1.29487e-15
-1.22158e-15
 1.23312e-16
 8.98133e-16
 7.07964e-15
 1.90830e-15
 1.57011e-15
 3.03611e-15
 3.83425e-15
-2.90777e-15
 1.32548e-15
 0.00000e+00
 0.00000e+00
 0.00000e+00
 0.00000e+00
 0.00000e+00
 0.00000e+00
 0.00000e+00
 0.00000e+00
 0.00000e+00
 0.00000e+00
 0.00000e+00
 0.00000e+00
-2.92607e-15
-2.92341e-17
 1.51697e-15
-7.70400e-16
-2.68884e-15
 5.43871e-15
 5.93751e-15
 9.10571e-16
 1.75283e-15
 3.12894e-15
-2.37677e-15
 6.72628e-15
-2.75693e-15
-1.83770e-17
-2.01902e-15
-6.37011e-16
 1.16300e-15
 8.96375e-15
 3.92327e-15
 5.62475e-16
 8.41011e-16
 2.65932e-15
-3.35353e-15
 2.98573e-15
 0.00000e+00
 0.00000e+00
 0.00000e+00
 0.00000e+00
 0.00000e+00
 0.00000e+00
 0.00000e+00
 0.00000e+00
 0.00000e+00
 0.00000e+00
 0.00000e+00
 0.00000e+00
 3.99388e-15
 2.59579e-15
-1.20653e-15
 4.72288e-16
-3.36511e-16
 3.35816e-15
 5.72429e-16
-2.22729e-15
 7.37282e-16
 6.86139e-16
-3.18032e-15
 8.29548e-15
-7.47931e-17
 3.56679e-16
-3.59702e-16
 2.46877e-15
 8.48800e-17
 5.76821e-15
-4.69260e-16
-1.89955e-15
-4.11449e-15
-3.04498e-15
-4.31359e-15
 4.34576e-15
 0.00000e+00
 0.00000e+00
 0.00000e+00
 0.00000e+00
 0.00000e+00
 0.00000e+00
 0.00000e+00
 0.00000e+00
 0.00000e+00
 0.00000e+00
 0.00000e+00
 0.00000e+00
 5.43932e-15
 2.44094e-16
-1.70639e-15
 1.76537e-15
-2.09648e-15
 4.02624e-15
-5.50447e-15
-4.03793e-15
-2.14235e-15
-1.82157e-15
-1.63101e-15
 6.89460e-15
 1.99851e-15
 5.03424e-16
-1.82287e-15
 1.29747e-15
-1.15324e-15
 3.65367e-15
-2.36205e-16
-5.62720e-16
-6.67670e-16
-1.20333e-15
-3.47427e-15
 7.24763e-15
 0.00000e+00
 0.00000e+00
 0.00000e+00
 0.00000e+00
 0.00000e+00
 0.00000e+00
 0.00000e+00
 0.00000e+00
 0.00000e+00
 0.00000e+00
 0.00000e+00
 0.00000e+00
-4.11665e-16
-1.15605e-15
-1.84292e-15
 9.13329e-16
-1.38997e-15
 2.46565e-15
-5.68807e-15
-5.83440e-15
-7.50468e-16
-5.52946e-17
-2.73344e-15
 7.21694e-15
 5.80289e-16
 1.73067e-15
-3.26584e-15
-6.46875e-16
-5.27309e-16
 9.58554e-16
-2.23445e-15
-1.02533e-15
 3.47360e-15
 5.68432e-16
-6.09402e-15
 3.79602e-15
 0.00000e+00
 0.00000e+00
 0.00000e+00
 0.00000e+00
 0.00000e+00
 0.00000e+00
 0.00000e+00
 0.00000e+00
 0.00000e+00
 0.00000e+00
 0.00000e+00
 0.00000e+00
-1.51739e-15
 7.34206e-17
-1.27027e-15
 1.18698e-15
-1.30530e-15
 1.28697e-15
-5.75561e-15
-5.05868e-15
-1.72997e-15
-2.75030e-15
-5.15654e-15
 5.09746e-15
-1.35393e-16
-1.04674e-16
-1.83001e-15
-1.36093e-16
-1.07371e-15
 5.28092e-15
-5.96693e-15
-1.73864e-15
 3.41117e-15
 1.25987e-15
-6.59694e-15
-2.46355e-15
 0.00000e+00
 0.00000e+00
 0.00000e+00
 0.00000e+00
 0.00000e+00
 0.00000e+00
 0.00000e+00
 0.00000e+00
 0.00000e+00
 0.00000e+00
 0.00000e+00
 0.00000e+00
-6.04158e-16
-1.15428e-15
-2.20559e-15
-4.43857e-16
-1.78021e-15
 6.03923e-15
-4.21842e-15
-1.03485e-15
-8.18833e-16
-1.91869e-15
-3.87704e-15
 2.07396e-15
-2.17001e-15
-4.35995e-15
-4.29773e-15
-1.46164e-15
-4.16609e-15
 2.86046e-15
-3.49866e-15
-1.03834e-15
 3.79090e-15
 3.81716e-15
-5.64315e-15
-3.25073e-15
 0.00000e+00
 0.00000e+00
 0.00000e+00
 0.00000e+00
 0.00000e+00
 0.00000e+00
 0.00000e+00
 0.00000e+00
 0.00000e+00
 0.00000e+00
 0.00000e+00
 0.00000e+00
-1.93973e-16
-1.72824e-15
-4.78262e-15
-3.62974e-15
-2.71147e-15
 5.65619e-15
-3.17096e-15
-6.92742e-17
 1.32577e-15
 2.56405e-15
-2.37331e-15
 3.97090e-16
 1.39819e-16
-2.32543e-15
-3.87559e-15
-1.64334e-15
-4.95682e-15
-1.53414e-16
-6.87901e-15
-3.92995e-15
 8.70176e-16
 1.91063e-15
-5.36291e-15
-1.39227e-15
 0.00000e+00
 0.00000e+00
 0.00000e+00
 0.00000e+00
 0.00000e+00
 0.00000e+00
 0.00000e+00
 0.00000e+00
 0.00000e+00
 0.00000e+00
 0.00000e+00
 0.00000e+00
-2.37967e-15
-3.09767e-15
-7.36576e-15
-6.87334e-15
-4.37885e-15
 1.33183e-15
-4.10404e-16
-9.38975e-16
 2.86879e-15
 4.66027e-15
-1.60952e-15
 5.59684e-15
-1.32469e-15
 9.15640e-16
-1.08201e-15
 1.04408e-16
-2.30094e-15
 9.46767e-16
-4.03446e-15
-5.95841e-15
-2.10346e-15
-8.21067e-16
-8.21915e-15
-2.00703e-15
 0.00000e+00
 0.00000e+00
 0.00000e+00
 0.00000e+00
 0.00000e+00
 0.00000e+00
 0.00000e+00
 0.00000e+00
 0.00000e+00
 0.00000e+00
 0.00000e+00
 0.00000e+00
-3.60039e-15
-2.19007e-15
-5.62505e-15
-4.62645e-15
-4.55395e-15
-4.18752e-15
 4.07755e-15
-1.00666e-15
 9.43010e-16
 1.14034e-15
-4.09549e-15
 7.22738e-15
-3.59229e-15
 2.25959e-15
 2.77310e-15
 6.00865e-16
 6.66543e-17
 5.19580e-15
-3.04280e-16
-5.03948e-15
-4.05481e-15
 5.10265e-16
-7.37556e-15
-5.43216e-15
 0.00000e+00
 0.00000e+00
 0.00000e+00
 0.00000e+00
 0.00000e+00
 0.00000e+00
 0.00000e+00
 0.00000e+00
 0.00000e+00
 0.00000e+00
 0.00000e+00
 0.00000e+00
-2.95333e-17
 2.41064e-15
-4.87599e-16
-1.57270e-15
-3.53635e-15
-3.21049e-15
 1.95888e-15
-2.87373e-15
-3.72356e-15
-2.55254e-15
-4.07603e-15
 7.08561e-15
-1.33916e-15
 5.21190e-15
 5.85452e-15
 9.56117e-16
-1.55666e-15
 3.65549e-15
 1.73818e-15
-4.10141e-15
-2.49675e-15
 7.67744e-16
-6.27547e-15
-1.99477e-15
 0.00000e+00
 0.00000e+00
 0.00000e+00
 0.00000e+00
 0.00000e+00
 0.00000e+00
 0.00000e+00
 0.00000e+00
 0.00000e+00
 0.00000e+00
 0.00000e+00
 0.00000e+00
 3.96951e-15
 3.17866e-15
 7.20932e-17
 5.77668e-17
-2.96979e-15
-1.12365e-15
-8.50166e-17
-1.29580e-15
-1.52817e-15
-1.77711e-15
-3.16425e-15
 6.35578e-15
 1.30988e-15
 3.53200e-15
 4.06800e-15
 1.19080e-15
-4.24767e-15
 1.21087e-15
 4.71913e-15
-2.09565e-16
 7.17315e-16
 7.16003e-16
-4.99502e-15
 1.84510e-15
 0.00000e+00
 0.00000e+00
 0.00000e+00
 0.00000e+00
 0.00000e+00
 0.00000e+00
 0.00000e+00
 0.00000e+00
 0.00000e+00
 0.00000e+00
 0.00000e+00
 0.00000e+00
 8.30612e-15
 2.10398e-15
-1.83604e-15
 1.49969e-15
-3.03916e-15
 1.46502e-15
 2.77935e-16
 4.17262e-15
 4.09267e-15
-1.08589e-15
-2.30977e-15
 6.13012e-15
 1.08788e-15
 1.56662e-15
 2.53070e-15
 2.11777e-15
-5.35728e-15
-2.37681e-15
 5.02764e-15
 1.58106e-15
 1.55472e-15
 1.35509e-15
-3.07583e-15
 3.73896e-15
 0.00000e+00
 0.00000e+00
 0.00000e+00
 0.00000e+00
 0.00000e+00
 0.00000e+00
 0.00000e+00
 0.00000e+00
 0.00000e+00
 0.00000e+00
 0.00000e+00
 0.00000e+00
 5.86024e-15
 2.12799e-15
-2.21402e-15
 1.24541e-15
-1.17541e-15
 4.43667e-15
 2.41313e-15
 3.11398e-15
 3.58678e-15
 3.09098e-16
-3.26035e-15
 4.89715e-15
-4.15641e-16
 3.83079e-15
 4.29519e-15
 8.23355e-16
-5.19568e-15
-2.24502e-15
 5.91408e-15
 1.89211e-15
 1.76594e-15
 3.15860e-15
-2.08989e-15
 3.42632e-15
 0.00000e+00
 0.00000e+00
 0.00000e+00
 0.00000e+00
 0.00000e+00
 0.00000e+00
 0.00000e+00
 0.00000e+00
 0.00000e+00
 0.00000e+00
 0.00000e+00
 0.00000e+00
-1.71575e-15
 4.50449e-16
-2.19694e-15
 1.12652e-15
-2.51869e-16
 3.64686e-15
 6.81513e-15
 1.05231e-16
 1.80274e-15
 3.56256e-15
-2.95426e-15
 5.86905e-15
 1.01992e-16
 6.95001e-15
 5.88636e-15
-1.55112e-15
-4.58186e-15
-8.37524e-16
 5.25446e-15
 1.78487e-15
 1.63883e-15
 2.99469e-15
-2.13580e-15
 3.66196e-15
 0.00000e+00
 0.00000e+00
 0.00000e+00
 0.00000e+00
 0.00000e+00
 0.00000e+00
 0.00000e+00
 0.00000e+00
 0.00000e+00
 0.00000e+00
 0.00000e+00
 0.00000e+00
-1.03205e-15
 1.53697e-16
-2.98857e-15
 3.10495e-16
-2.36731e-15
 3.41295e-16
 3.74895e-15
-2.27620e-15
 2.90982e-15
 4.99440e-15
-1.56460e-15
 8.24749e-15
 4.24261e-15
 8.13865e-15
 4.63785e-15
-1.22165e-16
-3.22298e-15
-6.03493e-16
 3.17492e-15
 1.13273e-15
 4.92222e-16
-1.14026e-16
-2.79576e-15
 7.62608e-15
 0.00000e+00
 0.00000e+00
 0.00000e+00
 0.00000e+00
 0.00000e+00
 0.00000e+00
 0.00000e+00
 0.00000e+00
 0.00000e+00
 0.00000e+00
 0.00000e+00
 0.00000e+00
 2.60111e-15
 1.54553e-15
-2.06573e-15
-2.62479e-16
-3.57671e-15
 6.44230e-16
 6.90681e-16
-1.93576e-15
 2.07655e-15
 3.18449e-15
-2.71366e-15
 4.87694e-15
 8.55933e-15
 8.12888e-15
 5.90921e-15
 3.96839e-15
-1.22460e-16
 4.80897e-15
 5.86749e-16
-2.47596e-17
-3.33283e-15
-5.55543e-15
-3.37606e-15
 7.05095e-15
 0.00000e+00
 0.00000e+00
 0.00000e+00
 0.00000e+00
 0.00000e+00
 0.00000e+00
 0.00000e+00
 0.00000e+00
 0.00000e+00
 0.00000e+00
 0.00000e+00
 0.00000e+00
 3.30522e-16
 1.63227e-15
-1.77972e-15
-9.99080e-17
-2.37524e-15
 6.63428e-16
 7.13410e-15
 7.32869e-16
 1.39555e-15
 2.90457e-15
-2.48961e-15
 6.17684e-15
 4.54207e-15
 8.39082e-15
 7.20940e-15
 3.98127e-15
 6.33310e-16
 4.33501e-15
 1.91022e-15
-1.47522e-15
-6.55811e-15
-6.98123e-15
-3.15725e-15
 1.04878e-14
 0.00000e+00
 0.00000e+00
 0.00000e+00
 0.00000e+00
 0.00000e+00
 0.00000e+00
 0.00000e+00
 0.00000e+00
 0.00000e+00
 0.00000e+00
 0.00000e+00
 0.00000e+00
 3.50402e-16
 3.23855e-15
-1.42924e-15
-2.46675e-16
 1.44867e-15
 1.45404e-15
 8.67884e-15
-1.96023e-16
 1.81919e-15
 4.19500e-15
-2.61341e-15
 8.74304e-15
 3.25121e-15
 9.65124e-15
 6.36000e-15
 2.27094e-15
 1.38629e-15
 3.38823e-15
 1.39294e-15
-4.12257e-15
-4.77517e-15
-5.64357e-15
-3.21459e-15
 1.29898e-14
 0.00000e+00
 0.00000e+00
 0.00000e+00
 0.00000e+00
 0.00000e+00
 0.00000e+00
 0.00000e+00
 0.00000e+00
 0.00000e+00
 0.00000e+00
 0.00000e+00
 0.00000e+00
 3.38106e-15
 6.57866e-15
 4.54115e-16
 8.05629e-16
 3.48301e-15
 5.91089e-15
 5.21942e-15
-1.81378e-15
 3.57462e-15
 4.08340e-15
-4.04495e-15
 6.12523e-15
 5.01878e-15
 8.50391e-15
 3.27079e-15
 2.22698e-15
 4.99157e-15
 9.24034e-15
-2.71276e-15
-3.82905e-15
-1.69533e-15
-2.74459e-15
-4.23053e-15
 6.65432e-15
 0.00000e+00
 0.00000e+00
 0.00000e+00
 0.00000e+00
 0.00000e+00
 0.00000e+00
 0.00000e+00
 0.00000e+00
 0.00000e+00
 0.00000e+00
 0.00000e+00
 0.00000e+00
 9.66241e-15
 5.84683e-15
 3.34216e-15
 5.75542e-15
 2.53635e-15
 5.95768e-15
-1.01082e-15
-1.54657e-15
 4.27548e-15
 3.36228e-15
-2.68342e-15
 7.55756e-15
 3.42868e-15
 6.24531e-15
 1.54206e-15
 4.27796e-15
 7.61394e-15
 8.95319e-15
-2.30820e-15
-3.05545e-15
-1.14249e-18
-2.36719e-15
-7.32025e-15
 4.19812e-15
 0.00000e+00
 0.00000e+00
 0.00000e+00
 0.00000e+00
 0.00000e+00
 0.00000e+00
 0.00000e+00
 0.00000e+00
 0.00000e+00
 0.00000e+00
 0.00000e+00
 0.00000e+00
 7.11016e-15
-5.99528e-17
 1.91909e-15
 1.01455e-14
 2.70757e-15
 4.25922e-15
 3.90182e-15
 2.41246e-15
 4.92409e-15
 1.77961e-15
-1.42883e-15
 1.05365e-14
-7.15213e-15
 1.85995e-15
 6.30768e-16
 4.42987e-15
 6.95641e-15
 4.79409e-15
 5.26496e-15
-4.36431e-16
 2.02580e-15
-2.37838e-15
-8.83397e-15
 5.41263e-15
 0.00000e+00
 0.00000e+00
 0.00000e+00
 0.00000e+00
 0.00000e+00
 0.00000e+00
 0.00000e+00
 0.00000e+00
 0.00000e+00
 0.00000e+00
 0.00000e+00
 0.00000e+00
 1.47751e-15
 2.28932e-16
 2.20852e-15
 7.83036e-15
 2.83251e-15
 5.21807e-15
 3.99953e-15
 1.10821e-15
 4.84752e-15
 9.24122e-16
-3.94302e-15
 9.10239e-15
-1.46267e-14
-4.47936e-15
-1.51344e-15
 4.39298e-15
 6.39272e-15
 4.20755e-16
 1.05084e-14
 3.22345e-15
 3.20925e-15
-1.83070e-15
-7.56197e-15
 8.68827e-15
 0.00000e+00
 0.00000e+00
 0.00000e+00
 0.00000e+00
 0.00000e+00
 0.00000e+00
 0.00000e+00
 0.00000e+00
 0.00000e+00
 0.00000e+00
 0.00000e+00
 0.00000e+00
 2.45772e-15
 7.85565e-15
 5.48386e-15
 2.02976e-15
 2.74140e-15
 7.87225e-15
-7.76256e-15
-1.00575e-14
 2.34045e-15
 1.33948e-15
-8.03323e-15
 5.04861e-15
-7.36627e-15
-4.80344e-16
-4.12537e-15
 3.24619e-15
 5.31786e-15
-4.33965e-15
 6.53698e-15
 4.82791e-16
 1.57199e-15
-2.19022e-15
-5.49892e-15
 1.30032e-14
 0.00000e+00
 0.00000e+00
 0.00000e+00
 0.00000e+00
 0.00000e+00
 0.00000e+00
 0.00000e+00
 0.00000e+00
 0.00000e+00
 0.00000e+00
 0.00000e+00
 0.00000e+00
-5.11174e-16
 8.34213e-15
 5.17627e-15
 7.48877e-16
 4.55453e-15
 9.02603e-15
-1.00646e-14
-1.49997e-14
-2.68582e-16
 1.00460e-15
-1.20432e-14
 1.10397e-15
 1.98212e-15
 2.18565e-15
-9.48161e-15
-2.12982e-15
 3.43659e-15
-3.56219e-15
-3.09719e-15
-6.45699e-15
 1.38563e-15
 3.39869e-16
-3.14411e-15
 1.09336e-14
 0.00000e+00
 0.00000e+00
 0.00000e+00
 0.00000e+00
 0.00000e+00
 0.00000e+00
 0.00000e+00
 0.00000e+00
 0.00000e+00
 0.00000e+00
 0.00000e+00
 0.00000e+00
-9.89334e-15
 2.34429e-15
 1.52519e-15
-1.03936e-15
 5.79472e-15
 9.75711e-15
-3.96529e-15
-1.22879e-14
-2.31464e-16
 1.40386e-15
-1.35488e-14
-3.52398e-15
-4.33567e-16
-2.01261e-16
-1.62431e-14
-9.36720e-15
 2.27828e-15
-9.67680e-16
-1.59486e-14
-1.15843e-14
 3.23818e-15
 5.07816e-15
-6.46585e-16
 9.60586e-15
 0.00000e+00
 0.00000e+00
 0.00000e+00
 0.00000e+00
 0.00000e+00
 0.00000e+00
 0.00000e+00
 0.00000e+00
 0.00000e+00
 0.00000e+00
 0.00000e+00
 0.00000e+00
-8.87563e-15
-2.03964e-15
-6.61674e-15
-4.42894e-15
 4.07915e-15
 6.18314e-15
 2.23504e-15
-7.17909e-15
 5.66814e-17
 3.56596e-15
-1.20377e-14
-7.27028e-15
-9.23691e-15
-7.85445e-15
-1.71234e-14
-1.43052e-14
-8.28018e-16
 2.90431e-15
-1.66690e-14
-8.90746e-15
 8.04489e-15
 8.95725e-15
 3.45965e-15
 1.28943e-14
 0.00000e+00
 0.00000e+00
 0.00000e+00
 0.00000e+00
 0.00000e+00
 0.00000e+00
 0.00000e+00
 0.00000e+00
 0.00000e+00
 0.00000e+00
 0.00000e+00
 0.00000e+00
 4.41458e-16
 9.68460e-17
-8.38182e-15
-4.59279e-15
 2.31303e-16
-1.91890e-15
 2.89081e-16
-7.51905e-15
-2.52281e-15
 3.41349e-15
-9.63663e-15
-9.28947e-15
-1.59203e-14
-1.14309e-14
-1.49603e-14
-1.53730e-14
-2.53392e-15
 1.24238e-14
-1.36862e-14
-4.26387e-15
 7.33720e-15
 8.52018e-15
 9.12896e-15
 1.77681e-14
 0.00000e+00
 0.00000e+00
 0.00000e+00
 0.00000e+00
 0.00000e+00
 0.00000e+00
 0.00000e+00
 0.00000e+00
 0.00000e+00
 0.00000e+00
 0.00000e+00
 0.00000e+00
 1.14716e-14
 6.57778e-15
-6.16831e-15
-3.64909e-15
-5.93223e-15
-1.17292e-14
-8.63832e-15
-1.24647e-14
-8.23409e-15
-9.44442e-17
-7.20921e-15
-4.63707e-15
-1.26096e-14
-8.06117e-15
-7.84407e-15
-1.32558e-14
-3.62653e-15
 1.37475e-14
-1.06628e-14
-6.27380e-15
 5.56194e-16
 6.36412e-15
 1.28640e-14
 2.03934e-14
 0.00000e+00
 0.00000e+00
 0.00000e+00
 0.00000e+00
 0.00000e+00
 0.00000e+00
 1.74733e-03
 1.74733e-03
 1.74733e-03
 1.74733e-03
 1.74733e-03
 1.74733e-03
 1.74733e-03
 1.74733e-03
 1.74733e-03
 1.74733e-03
 1.74733e-03
 1.74733e-03
 1.74733e-03
 1.74733e-03
 1.74733e-03
 1.74733e-03
 1.74733e-03
 1.74733e-03
 1.74733e-03
 1.74733e-03
 1.74733e-03
 1.74733e-03
 1.74733e-03
 1.74733e-03
 1.74733e-03
 1.74733e-03
 1.74733e-03
 1.74733e-03
 1.74733e-03
 1.74733e-03
 1.74733e-03
 1.74733e-03
 1.74733e-03
 1.74733e-03
 1.74733e-03
 1.74733e-03
 5.15283e-03
 5.15283e-03
 5.15283e-03
 5.15283e-03
 5.15283e-03
 5.15283e-03
 5.15283e-03
 5.15283e-03
 5.15283e-03
 5.15283e-03
 5.15283e-03
 5.15283e-03
 5.15283e-03
 5.15283e-03
 5.15283e-03
 5.15283e-03
 5.15283e-03
 5.15283e-03
 5.15283e-03
 5.15283e-03
 5.15283e-03
 5.15283e-03
 5.15283e-03
 5.15283e-03
 5.15283e-03
 5.15283e-03
 5.15283e-03
 5.15283e-03
 5.15283e-03
 5.15283e-03
 5.15283e-03
 5.15283e-03
 5.15283e-03
 5.15283e-03
 5.15283e-03
 5.15283e-03
 1.29183e-02
 1.29183e-02
 1.29183e-02
 1.29183e-02
 1.29183e-02
 1.29183e-02
 1.29183e-02
 1.29183e-02
 1.29183e-02
 1.29183e-02
 1.29183e-02
 1.29183e-02
 1.29183e-02
 1.29183e-02
 1.29183e-02
 1.29183e-02
 1.29183e-02
 1.29183e-02
 1.29183e-02
 1.29183e-02
 1.29183e-02
 1.29183e-02
 1.29183e-02
 1.29183e-02
 1.29183e-02
 1.29183e-02
 1.29183e-02
 1.29183e-02
 1.29183e-02
 1.29183e-02
 1.29183e-02
 1.29183e-02
 1.29183e-02
 1.29183e-02
 1.29183e-02
 1.29183e-02
 2.73904e-02
 2.73904e-02
 2.73904e-02
 2.73904e-02
 2.73904e-02
 2.73904e-02
 2.73904e-02
 2.73904e-02
 2.73904e-02
 2.73904e-02
 2.73904e-02
 2.73904e-02
 2.73904e-02
 2.73904e-02
 2.73904e-02
 2.73904e-02
 2.73904e-02
 2.73904e-02
 2.73904e-02
 2.73904e-02
 2.73904e-02
 2.73904e-02
 2.73904e-02
 2.73904e-02
 2.73904e-02
 2.73904e-02
 2.73904e-02
 2.73904e-02
 2.73904e-02
 2.73904e-02
 2.73904e-02
 2.73904e-02
 2.73904e-02
 2.73904e-02
 2.73904e-02
 2.73904e-02
 4.95432e-02
 4.95432e-02
 4.95432e-02
 4.95432e-02
 4.95432e-02
 4.95432e-02
 4.95432e-02
 4.95432e-02
 4.95432e-02
 4.95432e-02
 4.95432e-02
 4.95432e-02
 4.95432e-02
 4.95432e-02
 4.95432e-02
 4.95432e-02
 4.95432e-02
 4.95432e-02
 4.95432e-02
 4.95432e-02
 4.95432e-02
 4.95432e-02
 4.95432e-02
 4.95432e-02
 4.95432e-02
 4.95432e-02
 4.95432e-02
 4.95432e-02
 4.95432e-02
 4.95432e-02
 4.95432e-02
 4.95432e-02
 4.95432e-02
 4.95432e-02
 4.95432e-02
 4.95432e-02
 7.83056e-02
 7.83056e-02
 7.83056e-02
 7.83056e-02
 7.83056e-02
 7.83056e-02
 7.83056e-02
 7.83056e-02
 7.83056e-02
 7.83056e-02
 7.83056e-02
 7.83056e-02
 7.83056e-02
 7.83056e-02
 7.83056e-02
 7.83056e-02
 7.83056e-02
 7.83056e-02
 7.83056e-02
 7.83056e-02
 7.83056e-02
 7.83056e-02
 7.83056e-02
 7.83056e-02
 7.83056e-02
 7.83056e-02
 7.83056e-02
 7.83056e-02
 7.83056e-02
 7.83056e-02
 7.83056e-02
 7.83056e-02
 7.83056e-02
 7.83056e-02
 7.83056e-02
 7.83056e-02
 1.11651e-01
 1.11651e-01
 1.11651e-01
 1.11651e-01
 1.11651e-01
 1.11651e-01
 1.11651e-01
 1.11651e-01
 1.11651e-01
 1.11651e-01
 1.11651e-01
 1.11651e-01
 1.11651e-01
 1.11651e-01
 1.11651e-01
 1.11651e-01
 1.11651e-01
 1.11651e-01
 1.11651e-01
 1.11651e-01
 1.11651e-01
 1.11651e-01
 1.11651e-01
 1.11651e-01
 1.11651e-01
 1.11651e-01
 1.11651e-01
 1.11651e-01
 1.11651e-01
 1.11651e-01
 1.11651e-01
 1.11651e-01
 1.11651e-01
 1.11651e-01
 1.11651e-01
 1.11651e-01
 1.47872e-01
 1.47872e-01
 1.47872e-01
 1.47872e-01
 1.47872e-01
 1.47872e-01
 1.47872e-01
 1.47872e-01
 1.47872e-01
 1.47872e-01
 1.47872e-01
 1.47872e-01
 1.47872e-01
 1.47872e-01
 1.47872e-01
 1.47872e-01
 1.47872e-01
 1.47872e-01
 1.47872e-01
 1.47872e-01
 1.47872e-01
 1.47872e-01
 1.47872e-01
 1.47872e-01
 1.47872e-01
 1.47872e-01
 1.47872e-01
 1.47872e-01
 1.47872e-01
 1.47872e-01
 1.47872e-01
 1.47872e-01
 1.47872e-01
 1.47872e-01
 1.47872e-01
 1.47872e-01
 1.85926e-01
 1.85926e-01
 1.85926e-01
 1.85926e-01
 1.85926e-01
 1.85926e-01
 1.85926e-01
 1.85926e-01
 1.85926e-01
 1.85926e-01
 1.85926e-01
 1.85926e-01
 1.85926e-01
 1.85926e-01
 1.85926e-01
 1.85926e-01
 1.85926e-01
 1.85926e-01
 1.85926e-01
 1.85926e-01
 1.85926e-01
 1.85926e-01
 1.85926e-01
 1.85926e-01
 1.85926e-01
 1.85926e-01
 1.85926e-01
 1.85926e-01
 1.85926e-01
 1.85926e-01
 1.85926e-01
 1.85926e-01
 1.85926e-01
 1.85926e-01
 1.85926e-01
 1.85926e-01
 2.25190e-01
 2.25190e-01
 2.25190e-01
 2.25190e-01
 2.25190e-01
 2.25190e-01
 2.25190e-01
 2.25190e-01
 2.25190e-01
 2.25190e-01
 2.25190e-01
 2.25190e-01
 2.25190e-01
 2.25190e-01
 2.25190e-01
 2.25190e-01
 2.25190e-01
 2.25190e-01
 2.25190e-01
 2.25190e-01
 2.25190e-01
 2.25190e-01
 2.25190e-01
 2.25190e-01
 2.25190e-01
 2.25190e-01
 2.25190e-01
 2.25190e-01
 2.25190e-01
 2.25190e-01
 2.25190e-01
 2.25190e-01
 2.25190e-01
 2.25190e-01
 2.25190e-01
 2.25190e-01
 2.65229e-01
 2.65229e-01
 2.65229e-01
 2.65229e-01
 2.65229e-01
 2.65229e-01
 2.65229e-01
 2.65229e-01
 2.65229e-01
 2.65229e-01
 2.65229e-01
 2.65229e-01
 2.65229e-01
 2.65229e-01
 2.65229e-01
 2.65229e-01
 2.65229e-01
 2.65229e-01
 2.65229e-01
 2.65229e-01
 2.65229e-01
 2.65229e-01
 2.65229e-01
 2.65229e-01
 2.65229e-01
 2.65229e-01
 2.65229e-01
 2.65229e-01
 2.65229e-01
 2.65229e-01
 2.65229e-01
 2.65229e-01
 2.65229e-01
 2.65229e-01
 2.65229e-01
 2.65229e-01
 3.05862e-01
 3.05862e-01
 3.05862e-01
 3.05862e-01
 3.05862e-01
 3.05862e-01
 3.05862e-01
 3.05862e-01
 3.05862e-01
 3.05862e-01
 3.05862e-01
 3.05862e-01
 3.05862e-01
 3.05862e-01
 3.05862e-01
 3.05862e-01
 3.05862e-01
 3.05862e-01
 3.05862e-01
 3.05862e-01
 3.05862e-01
 3.05862e-01
 3.05862e-01
 3.05862e-01
 3.05862e-01
 3.05862e-01
 3.05862e-01
 3.05862e-01
 3.05862e-01
 3.05862e-01
 3.05862e-01
 3.05862e-01
 3.05862e-01
 3.05862e-01
 3.05862e-01
 3.05862e-01
 3.47036e-01
 3.47036e-01
 3.47036e-01
 3.47036e-01
 3.47036e-01
 3.47036e-01
 3.47036e-01
 3.47036e-01
 3.47036e-01
 3.47036e-01
 3.47036e-01
 3.47036e-01
 3.47036e-01
 3.47036e-01
 3.47036e-01
 3.47036e-01
 3.47036e-01
 3.47036e-01
 3.47036e-01
 3.47036e-01
 3.47036e-01
 3.47036e-01
 3.47036e-01
 3.47036e-01
 3.47036e-01
 3.47036e-01
 3.47036e-01
 3.47036e-01
 3.47036e-01
 3.47036e-01
 3.47036e-01
 3.47036e-01
 3.47036e-01
 3.47036e-01
 3.47036e-01
 3.47036e-01
 3.88796e-01
 3.88796e-01
 3.88796e-01
 3.88796e-01
 3.88796e-01
 3.88796e-01
 3.88796e-01
 3.88796e-01
 3.88796e-01
 3.88796e-01
 3.88796e-01
 3.88796e-01
 3.88796e-01
 3.88796e-01
 3.88796e-01
 3.88796e-01
 3.88796e-01
 3.88796e-01
 3.88796e-01
 3.88796e-01
 3.88796e-01
 3.88796e-01
 3.88796e-01
 3.88796e-01
 3.88796e-01
 3.88796e-01
 3.88796e-01
 3.88796e-01
 3.88796e-01
 3.88796e-01
 3.88796e-01
 3.88796e-01
 3.88796e-01
 3.88796e-01
 3.88796e-01
 3.88796e-01
 4.31178e-01
 4.31178e-01
 4.31178e-01
 4.31178e-01
 4.31178e-01
 4.31178e-01
 4.31178e-01
 4.31178e-01
 4.31178e-01
 4.31178e-01
 4.31178e-01
 4.31178e-01
 4.31178e-01
 4.31178e-01
 4.31178e-01
 4.31178e-01
 4.31178e-01
 4.31178e-01
 4.31178e-01
 4.31178e-01
 4.31178e-01
 4.31178e-01
 4.31178e-01
 4.31178e-01
 4.31178e-01
 4.31178e-01
 4.31178e-01
 4.31178e-01
 4.31178e-01
 4.31178e-01
 4.31178e-01
 4.31178e-01
 4.31178e-01
 4.31178e-01
 4.31178e-01
 4.31178e-01
 4.73508e-01
 4.73508e-01
 4.73508e-01
 4.73508e-01
 4.73508e-01
 4.73508e-01
 4.73508e-01
 4.73508e-01
 4.73508e-01
 4.73508e-01
 4.73508e-01
 4.73508e-01
 4.73508e-01
 4.73508e-01
 4.73508e-01
 4.73508e-01
 4.73508e-01
 4.73508e-01
 4.73508e-01
 4.73508e-01
 4.73508e-01
 4.73508e-01
 4.73508e-01
 4.73508e-01
 4.73508e-01
 4.73508e-01
 4.73508e-01
 4.73508e-01
 4.73508e-01
 4.73508e-01
 4.73508e-01
 4.73508e-01
 4.73508e-01
 4.73508e-01
 4.73508e-01
 4.73508e-01
 5.14088e-01
 5.14088e-01
 5.14088e-01
 5.14088e-01
 5.14088e-01
 5.14088e-01
 5.14088e-01
 5.14088e-01
 5.14088e-01
 5.14088e-01
 5.14088e-01
 5.14088e-01
 5.14088e-01
 5.14088e-01
 5.14088e-01
 5.14088e-01
 5.14088e-01
 5.14088e-01
 5.14088e-01
 5.14088e-01
 5.14088e-01
 5.14088e-01
 5.14088e-01
 5.14088e-01
 5.14088e-01
 5.14088e-01
 5.14088e-01
 5.14088e-01
 5.14088e-01
 5.14088e-01
 5.14088e-01
 5.14088e-01
 5.14088e-01
 5.14088e-01
 5.14088e-01
 5.14088e-01
 5.54760e-01
 5.54760e-01
 5.54760e-01
 5.54760e-01
 5.54760e-01
 5.54760e-01
 5.54760e-01
 5.54760e-01
 5.54760e-01
 5.54760e-01
 5.54760e-01
 5.54760e-01
 5.54760e-01
 5.54760e-01
 5.54760e-01
 5.54760e-01
 5.54760e-01
 5.54760e-01
 5.54760e-01
 5.54760e-01
 5.54760e-01
 5.54760e-01
 5.54760e-01
 5.54760e-01
 5.54760e-01
 5.54760e-01
 5.54760e-01
 5.54760e-01
 5.54760e-01
 5.54760e-01
 5.54760e-01
 5.54760e-01
 5.54760e-01
 5.54760e-01
 5.54760e-01
 5.54760e-01
 5.94480e-01
 5.94480e-01
 5.94480e-01
 5.94480e-01
 5.94480e-01
 5.94480e-01
 5.94480e-01
 5.94480e-01
 5.94480e-01
 5.94480e-01
 5.94480e-01
 5.94480e-01
 5.94480e-01
 5.94480e-01
 5.94480e-01
 5.94480e-01
 5.94480e-01
 5.94480e-01
 5.94480e-01
 5.94480e-01
 5.94480e-01
 5.94480e-01
 5.94480e-01
 5.94480e-01
 5.94480e-01
 5.94480e-01
 5.94480e-01
 5.94480e-01
 5.94480e-01
 5.94480e-01
 5.94480e-01
 5.94480e-01
 5.94480e-01
 5.94480e-01
 5.94480e-01
 5.94480e-01
 6.33760e-01
 6.33760e-01
 6.33760e-01
 6.33760e-01
 6.33760e-01
 6.33760e-01
 6.33760e-01
 6.33760e-01
 6.33760e-01
 6.33760e-01
 6.33760e-01
 6.33760e-01
 6.33760e-01
 6.33760e-01
 6.33760e-01
 6.33760e-01
 6.33760e-01
 6.33760e-01
 6.33760e-01
 6.33760e-01
 6.33760e-01
 6.33760e-01
 6.33760e-01
 6.33760e-01
 6.33760e-01
 6.33760e-01
 6.33760e-01
 6.33760e-01
 6.33760e-01
 6.33760e-01
 6.33760e-01
 6.33760e-01
 6.33760e-01
 6.33760e-01
 6.33760e-01
 6.33760e-01
 6.72448e-01
 6.72448e-01
 6.72448e-01
 6.72448e-01
 6.72448e-01
 6.72448e-01
 6.72448e-01
 6.72448e-01
 6.72448e-01
 6.72448e-01
 6.72448e-01
 6.72448e-01
 6.72448e-01
 6.72448e-01
 6.72448e-01
 6.72448e-01
 6.72448e-01
 6.72448e-01
 6.72448e-01
 6.72448e-01
 6.72448e-01
 6.72448e-01
 6.72448e-01
 6.72448e-01
 6.72448e-01
 6.72448e-01
 6.72448e-01
 6.72448e-01
 6.72448e-01
 6.72448e-01
 6.72448e-01
 6.72448e-01
 6.72448e-01
 6.72448e-01
 6.72448e-01
 6.72448e-01
 7.10075e-01
 7.10075e-01
 7.10075e-01
 7.10075e-01
 7.10075e-01
 7.10075e-01
 7.10075e-01
 7.10075e-01
 7.10075e-01
 7.10075e-01
 7.10075e-01
 7.10075e-01
 7.10075e-01
 7.10075e-01
 7.10075e-01
 7.10075e-01
 7.10075e-01
 7.10075e-01
 7.10075e-01
 7.10075e-01
 7.10075e-01
 7.10075e-01
 7.10075e-01
 7.10075e-01
 7.10075e-01
 7.10075e-01
 7.10075e-01
 7.10075e-01
 7.10075e-01
 7.10075e-01
 7.10075e-01
 7.10075e-01
 7.10075e-01
 7.10075e-01
 7.10075e-01
 7.10075e-01
 7.48004e-01
 7.48004e-01
 7.48004e-01
 7.48004e-01
 7.48004e-01
 7.48004e-01
 7.48004e-01
 7.48004e-01
 7.48004e-01
 7.48004e-01
 7.48004e-01
 7.48004e-01
 7.48004e-01
 7.48004e-01
 7.48004e-01
 7.48004e-01
 7.48004e-01
 7.48004e-01
 7.48004e-01
 7.48004e-01
 7.48004e-01
 7.48004e-01
 7.48004e-01
 7.48004e-01
 7.48004e-01
 7.48004e-01
 7.48004e-01
 7.48004e-01
 7.48004e-01
 7.48004e-01
 7.48004e-01
 7.48004e-01
 7.48004e-01
 7.48004e-01
 7.48004e-01
 7.48004e-01
 7.85283e-01
 7.85283e-01
 7.85283e-01
 7.85283e-01
 7.85283e-01
 7.85283e-01
 7.85283e-01
 7.85283e-01
 7.85283e-01
 7.85283e-01
 7.85283e-01
 7.85283e-01
 7.85283e-01
 7.85283e-01
 7.85283e-01
 7.85283e-01
 7.85283e-01
 7.85283e-01
 7.85283e-01
 7.85283e-01
 7.85283e-01
 7.85283e-01
 7.85283e-01
 7.85283e-01
 7.85283e-01
 7.85283e-01
 7.85283e-01
 7.85283e-01
 7.85283e-01
 7.85283e-01
 7.85283e-01
 7.85283e-01
 7.85283e-01
 7.85283e-01
 7.85283e-01
 7.85283e-01
 8.21012e-01
 8.21012e-01
 8.21012e-01
 8.21012e-01
 8.21012e-01
 8.21012e-01
 8.21012e-01
 8.21012e-01
 8.21012e-01
 8.21012e-01
 8.21012e-01
 8.21012e-01
 8.21012e-01
 8.21012e-01
 8.21012e-01
 8.21012e-01
 8.21012e-01
 8.21012e-01
 8.21012e-01
 8.21012e-01
 8.21012e-01
 8.21012e-01
 8.21012e-01
 8.21012e-01
 8.21012e-01
 8.21012e-01
 8.21012e-01
 8.21012e-01
 8.21012e-01
 8.21012e-01
 8.21012e-01
 8.21012e-01
 8.21012e-01
 8.21012e-01
 8.21012e-01
 8.21012e-01
 8.55205e-01
 8.55205e-01
 8.55205e-01
 8.55205e-01
 8.55205e-01
 8.55205e-01
 8.55205e-01
 8.55205e-01
 8.55205e-01
 8.55205e-01
 8.55205e-01
 8.55205e-01
 8.55205e-01
 8.55205e-01
 8.55205e-01
 8.55205e-01
 8.55205e-01
 8.55205e-01
 8.55205e-01
 8.55205e-01
 8.55205e-01
 8.55205e-01
 8.55205e-01
 8.55205e-01
 8.55205e-01
 8.55205e-01
 8.55205e-01
 8.55205e-01
 8.55205e-01
 8.55205e-01
 8.55205e-01
 8.55205e-01
 8.55205e-01
 8.55205e-01
 8.55205e-01
 8.55205e-01
 8.82239e-01
 8.82239e-01
 8.82239e-01
 8.82239e-01
 8.82239e-01
 8.82239e-01
 8.82239e-01
 8.82239e-01
 8.82239e-01
 8.82239e-01
 8.82239e-01
 8.82239e-01
 8.82239e-01
 8.82239e-01
 8.82239e-01
 8.82239e-01
 8.82239e-01
 8.82239e-01
 8.82239e-01
 8.82239e-01
 8.82239e-01
 8.82239e-01
 8.82239e-01
 8.82239e-01
 8.82239e-01
 8.82239e-01
 8.82239e-01
 8.82239e-01
 8.82239e-01
 8.82239e-01
 8.82239e-01
 8.82239e-01
 8.82239e-01
 8.82239e-01
 8.82239e-01
 8.82239e-01
 9.04350e-01
 9.04350e-01
 9.04350e-01
 9.04350e-01
 9.04350e-01
 9.04350e-01
 9.04350e-01
 9.04350e-01
 9.04350e-01
 9.04350e-01
 9.04350e-01
 9.04350e-01
 9.04350e-01
 9.04350e-01
 9.04350e-01
 9.04350e-01
 9.04350e-01
 9.04350e-01
 9.04350e-01
 9.04350e-01
 9.04350e-01
 9.04350e-01
 9.04350e-01
 9.04350e-01
 9.04350e-01
 9.04350e-01
 9.04350e-01
 9.04350e-01
 9.04350e-01
 9.04350e-01
 9.04350e-01
 9.04350e-01
 9.04350e-01
 9.04350e-01
 9.04350e-01
 9.04350e-01
 9.19771e-01
 9.19771e-01
 9.19771e-01
 9.19771e-01
 9.19771e-01
 9.19771e-01
 9.19771e-01
 9.19771e-01
 9.19771e-01
 9.19771e-01
 9.19771e-01
 9.19771e-01
 9.19771e-01
 9.19771e-01
 9.19771e-01
 9.19771e-01
 9.19771e-01
 9.19771e-01
 9.19771e-01
 9.19771e-01
 9.19771e-01
 9.19771e-01
 9.19771e-01
 9.19771e-01
 9.19771e-01
 9.19771e-01
 9.19771e-01
 9.19771e-01
 9.19771e-01
 9.19771e-01
 9.19771e-01
 9.19771e-01
 9.19771e-01
 9.19771e-01
 9.19771e-01
 9.19771e-01
 9.26102e-01
 9.26102e-01
 9.26102e-01
 9.26102e-01
 9.26102e-01
 9.26102e-01
 9.26102e-01
 9.26102e-01
 9.26102e-01
 9.26102e-01
 9.26102e-01
 9.26102e-01
 9.26102e-01
 9.26102e-01
 9.26102e-01
 9.26102e-01
 9.26102e-01
 9.26102e-01
 9.26102e-01
 9.26102e-01
 9.26102e-01
 9.26102e-01
 9.26102e-01
 9.26102e-01
 9.26102e-01
 9.26102e-01
 9.26102e-01
 9.26102e-01
 9.26102e-01
 9.26102e-01
 9.26102e-01
 9.26102e-01
 9.26102e-01
 9.26102e-01
 9.26102e-01
 9.26102e-01
part
         3
coordinates
 0.00000e+00
-8.61006e-15
 7.76682e-15
 4.08889e-15
 1.98348e-16
 0.00000e+00
 0.00000e+00
 1.41781e-15
-4.71003e-15
 1.19449e-14
-1.53528e-15
 0.00000e+00
 0.00000e+00
 7.11690e-15
 2.46528e-15
 8.41972e-16
 3.90419e-15
 0.00000e+00
 0.00000e+00
 2.83563e-15
 7.47394e-15
 2.69220e-15
-8.63153e-16
 0.00000e+00
 0.00000e+00
 3.93966e-15
 5.89822e-15
 1.40694e-14
-1.39877e-15
 0.00000e+00
 0.00000e+00
-3.39580e-15
 9.52741e-15
-1.51712e-15
 2.72883e-15
 0.00000e+00
 0.00000e+00
-8.84758e-15
 7.10947e-15
-3.86485e-16
 4.38323e-16
 0.00000e+00
 0.00000e+00
 3.27239e-15
-6.70976e-15
 1.11550e-14
-1.19634e-15
 0.00000e+00
 0.00000e+00
 6.09943e-15
 5.90013e-16
 3.52961e-15
 2.78050e-15
 0.00000e+00
 0.00000e+00
-1.67782e-15
 4.69094e-15
 5.17759e-15
-9.47168e-16
 0.00000e+00
 0.00000e+00
 4.27049e-15
 3.30181e-15
 2.05650e-14
-1.44567e-15
 0.00000e+00
 0.00000e+00
 1.63839e-15
 9.34484e-15
 7.39051e-15
-1.67909e-15
 0.00000e+00
 0.00000e+00
-3.84189e-15
 2.67804e-15
-4.36155e-15
 3.00944e-15
 0.00000e+00
 0.00000e+00
 2.81306e-15
-7.37549e-15
 9.13280e-15
-6.84743e-18
 0.00000e+00
 0.00000e+00
 4.87194e-16
-3.05458e-16
 8.40431e-15
-1.99059e-15
 0.00000e+00
 0.00000e+00
-7.80414e-15
 3.83016e-15
 9.82300e-15
-4.75950e-15
 0.00000e+00
 0.00000e+00
 4.26457e-15
 2.38093e-15
 1.99233e-14
 9.44639e-16
 0.00000e+00
 0.00000e+00
 7.92364e-15
 6.34870e-15
 7.70914e-15
 1.01126e-15
 0.00000e+00
 0.00000e+00
 6.04527e-16
 1.83284e-15
-8.85631e-15
 8.52133e-15
 0.00000e+00
 0.00000e+00
 1.78114e-16
-6.67297e-15
 4.93865e-15
 1.57291e-15
 0.00000e+00
 0.00000e+00
-9.66743e-15
-2.04019e-15
 1.09224e-14
-1.14556e-14
 0.00000e+00
 0.00000e+00
-1.35994e-14
 3.82393e-15
 9.06814e-15
-6.24673e-15
 0.00000e+00
 0.00000e+00
 2.12063e-15
 3.00510e-15
 1.50028e-14
 7.65327e-15
 0.00000e+00
 0.00000e+00
 6.07021e-15
 6.16869e-16
 7.48665e-15
 7.50995e-15
 0.00000e+00
 0.00000e+00
-8.81271e-16
 3.98247e-15
-9.30439e-15
 1.07666e-14
 0.00000e+00
 0.00000e+00
-5.14705e-15
-4.65778e-15
 3.60925e-16
 1.24402e-18
 0.00000e+00
 0.00000e+00
-1.23973e-14
-2.95023e-15
 8.58397e-15
-1.21428e-14
 0.00000e+00
 0.00000e+00
-1.26966e-14
 1.90246e-15
 2.88573e-15
-1.63525e-15
 0.00000e+00
 0.00000e+00
-2.42979e-15
 2.95164e-15
 5.16171e-15
 1.82119e-14
 0.00000e+00
 0.00000e+00
-2.00821e-15
 4.74966e-16
 5.66145e-15
 1.72547e-14
 0.00000e+00
 0.00000e+00
-4.42785e-15
 4.87217e-15
-5.41145e-15
 8.33253e-15
 0.00000e+00
 0.00000e+00
-6.94821e-15
-1.73641e-15
 9.51099e-16
-3.62621e-15
 0.00000e+00
 0.00000e+00
-1.15039e-14
-1.81309e-16
 1.16236e-15
-7.29858e-15
 0.00000e+00
 0.00000e+00
-8.22786e-15
 3.39913e-16
-7.47560e-15
 8.91799e-15
 0.00000e+00
 0.00000e+00
-4.43601e-15
 1.25003e-15
-1.86187e-16
 1.78769e-14
 0.00000e+00
 0.00000e+00
-1.55012e-14
 3.83035e-15
 2.92568e-15
 1.58076e-14
 0.00000e+00
 0.00000e+00
-5.19932e-15
 3.85595e-15
-5.79593e-16
 3.33791e-15
 0.00000e+00
 0.00000e+00
-5.72445e-15
-1.34781e-15
 2.03535e-15
-8.09635e-15
 0.00000e+00
 0.00000e+00
-9.07838e-15
 5.89767e-15
-7.93701e-15
-6.95686e-16
 0.00000e+00
 0.00000e+00
-9.62146e-16
-8.48745e-16
-1.11743e-14
 1.06701e-14
 0.00000e+00
 0.00000e+00
-1.77306e-15
-4.26595e-15
 2.40934e-15
 9.26847e-15
 0.00000e+00
 0.00000e+00
-1.84277e-14
 4.33486e-15
 2.94636e-15
 5.70414e-15
 0.00000e+00
 0.00000e+00
-5.88174e-15
 1.07861e-15
 1.49024e-15
-1.57976e-15
 0.00000e+00
 0.00000e+00
-2.78919e-15
-3.25611e-15
 3.25150e-15
-9.63139e-15
 0.00000e+00
 0.00000e+00
-5.44065e-15
 8.07840e-15
-1.02009e-14
 7.82152e-16
 0.00000e+00
 0.00000e+00
 4.99560e-15
-1.30505e-15
-9.81020e-15
 7.00917e-15
 0.00000e+00
 0.00000e+00
 4.31134e-15
-1.04088e-14
 9.34640e-15
-3.02417e-15
 0.00000e+00
 0.00000e+00
-1.72628e-14
 2.52887e-15
 4.03338e-15
-4.07546e-15
 0.00000e+00
 0.00000e+00
-7.87242e-15
 8.55095e-16
 7.35183e-16
-8.66176e-16
 0.00000e+00
 0.00000e+00
 7.28209e-16
-6.80711e-15
 6.42349e-15
-7.64748e-15
 0.00000e+00
 0.00000e+00
-4.63961e-17
 7.09848e-15
-8.65060e-15
 2.09726e-15
 0.00000e+00
 0.00000e+00
 7.84622e-15
-1.73629e-16
-4.79573e-15
 4.16029e-16
 0.00000e+00
 0.00000e+00
 7.21260e-15
-1.09575e-14
 1.67545e-14
-1.12662e-14
 0.00000e+00
 0.00000e+00
-1.51039e-14
 1.14902e-15
 4.83286e-15
-8.37828e-15
 0.00000e+00
 0.00000e+00
-9.47334e-15
 1.90804e-15
-3.57049e-15
 4.07206e-15
 0.00000e+00
 0.00000e+00
 4.13449e-15
-1.16873e-14
 6.23613e-15
-1.30748e-15
 0.00000e+00
 0.00000e+00
 5.76908e-15
 3.03376e-15
-5.48627e-15
 2.99692e-15
 0.00000e+00
 0.00000e+00
 7.21649e-15
 2.23085e-15
 8.49413e-16
-9.86834e-15
 0.00000e+00
 0.00000e+00
 7.39053e-15
-9.83840e-15
 1.80147e-14
-1.59382e-14
 0.00000e+00
 0.00000e+00
-1.20710e-14
 9.63632e-17
 3.13493e-15
-7.66079e-15
 0.00000e+00
 0.00000e+00
-9.41496e-15
 5.80404e-15
-1.16752e-14
 1.51709e-14
 0.00000e+00
 0.00000e+00
 7.48728e-15
-1.30973e-14
 3.99331e-15
 9.21577e-15
 0.00000e+00
 0.00000e+00
 1.07983e-14
-2.23820e-16
-2.55842e-15
 3.05037e-15
 0.00000e+00
 0.00000e+00
 5.08030e-15
 5.82880e-15
 1.71684e-15
-1.26051e-14
 0.00000e+00
 0.00000e+00
 5.29091e-15
-6.14523e-15
 1.61789e-14
-1.44887e-14
 0.00000e+00
 0.00000e+00
-9.35280e-15
 8.97901e-16
-1.03577e-15
-3.58722e-15
 0.00000e+00
 0.00000e+00
-1.08146e-14
 9.51352e-15
-1.77191e-14
 2.29604e-14
 0.00000e+00
 0.00000e+00
 7.57277e-15
-1.30241e-14
 3.99380e-15
 1.16942e-14
 0.00000e+00
 0.00000e+00
 1.11247e-14
-3.20612e-15
 8.25917e-17
 2.00362e-15
 0.00000e+00
 0.00000e+00
 1.07495e-15
 6.34846e-15
-8.02483e-16
-1.05811e-14
 0.00000e+00
 0.00000e+00
 4.85181e-16
-3.64942e-15
 1.01779e-14
-9.22813e-15
 0.00000e+00
 0.00000e+00
-1.01114e-14
 2.46834e-15
-7.26662e-15
 3.02617e-15
 0.00000e+00
 0.00000e+00
-1.05862e-14
 9.72262e-15
-1.65494e-14
 2.26372e-14
 0.00000e+00
 0.00000e+00
 8.24245e-15
-1.38528e-14
 5.65527e-15
 1.02609e-14
 0.00000e+00
 0.00000e+00
 1.07308e-14
-5.76869e-15
 1.65094e-15
 1.48327e-15
 0.00000e+00
 0.00000e+00
-5.00140e-15
 6.66925e-15
-3.96811e-15
-5.00220e-15
 0.00000e+00
 0.00000e+00
-5.87039e-15
-1.37293e-15
 3.76143e-15
-1.20121e-15
 0.00000e+00
 0.00000e+00
-1.15100e-14
 4.41569e-15
-1.23884e-14
 9.38623e-15
 0.00000e+00
 0.00000e+00
-8.55811e-15
 7.71526e-15
-9.13937e-15
 1.70666e-14
 0.00000e+00
 0.00000e+00
 1.03287e-14
-1.39328e-14
 1.06711e-14
 6.56954e-15
 0.00000e+00
 0.00000e+00
 1.13403e-14
-5.15733e-15
 2.30280e-15
 3.06317e-15
 0.00000e+00
 0.00000e+00
-8.67200e-15
 8.21711e-15
-3.96739e-15
 3.08098e-15
 0.00000e+00
 0.00000e+00
-7.65271e-15
 1.61052e-15
 2.48908e-15
 5.74575e-15
 0.00000e+00
 0.00000e+00
-1.03223e-14
 6.78391e-15
-1.28843e-14
 1.18509e-14
 0.00000e+00
 0.00000e+00
-4.66864e-15
 3.17488e-15
 2.73506e-15
 6.53209e-15
 0.00000e+00
 0.00000e+00
 1.20663e-14
-1.30683e-14
 1.18581e-14
 1.64310e-16
 0.00000e+00
 0.00000e+00
 1.13849e-14
-2.40526e-15
-1.49664e-16
 5.65132e-15
 0.00000e+00
 0.00000e+00
-8.19731e-15
 8.03044e-15
-2.19152e-15
 8.11200e-15
 0.00000e+00
 0.00000e+00
-6.90101e-15
 1.77393e-15
 2.78690e-15
 9.13151e-15
 0.00000e+00
 0.00000e+00
-8.29720e-15
 8.09747e-15
-1.44558e-14
 1.42875e-14
 0.00000e+00
 0.00000e+00
 3.96612e-15
-4.21338e-15
 1.34568e-14
-5.58605e-15
 0.00000e+00
 0.00000e+00
 1.46265e-14
-1.05822e-14
 1.05405e-14
-5.17414e-15
 0.00000e+00
 0.00000e+00
 1.10232e-14
 4.09573e-15
-6.75525e-15
 9.45250e-15
 0.00000e+00
 0.00000e+00
-5.78725e-15
 7.84614e-15
 2.29642e-15
 9.22205e-15
 0.00000e+00
 0.00000e+00
-4.75768e-15
 1.16503e-15
 5.29033e-15
 9.90313e-15
 0.00000e+00
 0.00000e+00
-6.20794e-15
 9.38668e-15
-1.85074e-14
 1.89698e-14
 0.00000e+00
 0.00000e+00
 1.38921e-14
-7.93941e-15
 1.92094e-14
-1.12443e-14
 0.00000e+00
 0.00000e+00
 1.54944e-14
-7.54763e-15
 9.51205e-15
-6.29104e-15
 0.00000e+00
 0.00000e+00
 8.28998e-15
 1.25223e-14
-1.23843e-14
 1.21272e-14
 0.00000e+00
 0.00000e+00
-5.58845e-15
 8.01545e-15
 8.69758e-15
 7.51591e-15
 0.00000e+00
 0.00000e+00
-4.28044e-15
-1.13319e-15
 9.36943e-15
 9.46509e-15
 0.00000e+00
 0.00000e+00
-3.79853e-15
 8.41250e-15
-2.56397e-14
 2.53199e-14
 0.00000e+00
 0.00000e+00
 1.51000e-14
-6.55591e-15
 2.00541e-14
-1.15825e-14
 0.00000e+00
 0.00000e+00
 1.54574e-14
-4.20306e-15
 9.85097e-15
-5.33283e-15
 0.00000e+00
 0.00000e+00
 7.65646e-15
 1.74667e-14
-1.28357e-14
 1.24470e-14
 0.00000e+00
 0.00000e+00
-4.11319e-15
 9.79947e-15
 1.48695e-14
 2.79648e-15
 0.00000e+00
 0.00000e+00
-1.49028e-15
-3.33629e-15
 1.50821e-14
 8.63383e-15
 0.00000e+00
 0.00000e+00
 3.05078e-15
 7.14393e-15
-2.99410e-14
 3.17382e-14
 0.00000e+00
 0.00000e+00
 1.20595e-14
-6.57020e-16
 1.53671e-14
-8.52050e-15
 0.00000e+00
 0.00000e+00
 1.37192e-14
-8.21106e-16
 9.26275e-15
-3.98142e-15
 0.00000e+00
 0.00000e+00
 7.08660e-15
 1.83441e-14
-1.04820e-14
 1.10589e-14
 0.00000e+00
 0.00000e+00
-2.03766e-16
 1.01024e-14
 1.44643e-14
-1.25069e-15
 0.00000e+00
 0.00000e+00
 4.47464e-15
-3.35120e-15
 1.61369e-14
 6.11100e-15
 0.00000e+00
 0.00000e+00
 5.07184e-15
 8.52528e-15
-2.80470e-14
 3.04368e-14
 0.00000e+00
 0.00000e+00
 3.38930e-16
 1.00896e-14
 3.69380e-15
-1.99389e-15
 0.00000e+00
 0.00000e+00
 1.02843e-14
-5.47219e-16
 9.08775e-15
-4.49298e-15
 0.00000e+00
 0.00000e+00
 6.91930e-15
 1.62545e-14
-5.20365e-15
 6.27886e-15
 0.00000e+00
 0.00000e+00
 3.80763e-15
 1.10387e-14
 7.56353e-15
 4.64188e-16
 0.00000e+00
 0.00000e+00
 1.11912e-14
-2.39876e-15
 1.42641e-14
 4.47868e-15
 0.00000e+00
 0.00000e+00
 3.36916e-15
 8.27610e-15
-1.87548e-14
 2.17909e-14
 0.00000e+00
 0.00000e+00
-1.77132e-15
 1.32913e-14
-3.39591e-15
 9.14851e-15
 0.00000e+00
 0.00000e+00
 1.03859e-14
-1.27996e-15
 9.74249e-15
-2.75901e-15
 0.00000e+00
 0.00000e+00
 7.19437e-15
 7.15479e-15
 7.15195e-15
 1.15824e-16
 0.00000e+00
 0.00000e+00
 3.01448e-15
 1.22191e-14
 2.15188e-15
 7.79428e-15
 0.00000e+00
 0.00000e+00
 1.24335e-14
 3.51913e-15
 1.07902e-14
 4.65615e-15
 0.00000e+00
 0.00000e+00
 5.34299e-15
 6.67471e-15
-1.95368e-15
 2.23103e-15
 0.00000e+00
 0.00000e+00
 1.64535e-15
 1.01019e-14
-2.32692e-15
 7.43741e-15
 0.00000e+00
 0.00000e+00
 9.69980e-15
-1.74421e-15
 8.45656e-15
-7.47785e-16
 0.00000e+00
 0.00000e+00
 3.77680e-15
 8.81293e-16
 1.25190e-14
-1.80931e-15
 0.00000e+00
 0.00000e+00
-2.57664e-15
 1.07655e-14
 4.26622e-15
 7.05232e-15
 0.00000e+00
 0.00000e+00
 1.21508e-14
 6.70507e-15
 4.66212e-15
 6.06266e-15
 0.00000e+00
 0.00000e+00
 1.19662e-14
 1.19697e-15
-8.95052e-16
-2.56051e-15
 0.00000e+00
 0.00000e+00
 8.36936e-15
 7.16862e-16
-1.86931e-15
 7.56993e-16
 0.00000e+00
 0.00000e+00
 4.60393e-15
-1.04532e-15
 5.55212e-15
-1.32840e-15
 0.00000e+00
 0.00000e+00
-3.59176e-15
 6.94565e-16
 1.03961e-14
-1.42807e-15
 0.00000e+00
 0.00000e+00
-1.41051e-15
 6.66482e-15
 5.86908e-15
 6.28256e-16
 0.00000e+00
 0.00000e+00
 1.20663e-14
 6.23540e-15
 2.66387e-15
 4.51595e-15
 0.00000e+00
 0.00000e+00
 1.10515e-14
-2.90336e-15
-8.63527e-15
 2.26147e-15
 0.00000e+00
 0.00000e+00
 1.24990e-14
-6.15451e-15
-1.61660e-15
 2.15963e-15
 0.00000e+00
 0.00000e+00
-1.91467e-16
-1.42373e-15
 6.18914e-15
-6.00142e-16
 0.00000e+00
 0.00000e+00
-2.67008e-15
 2.16045e-15
 4.63291e-15
 4.77000e-15
 0.00000e+00
 0.00000e+00
 9.19961e-15
-1.17159e-17
 3.66266e-15
 3.31675e-15
 0.00000e+00
 0.00000e+00
 1.11810e-14
 5.53160e-15
 5.76507e-15
 4.72677e-16
 0.00000e+00
 0.00000e+00
 1.11142e-15
 3.58185e-15
-1.00448e-14
 1.26906e-15
 0.00000e+00
 0.00000e+00
 9.89190e-15
-3.85912e-15
 1.81917e-15
-2.94094e-15
 0.00000e+00
 0.00000e+00
 6.64735e-17
-6.21012e-16
 5.39853e-15
-5.02849e-16
 0.00000e+00
 0.00000e+00
-2.54421e-15
 7.21111e-15
 7.28011e-16
 6.52426e-15
 0.00000e+00
 0.00000e+00
 1.08091e-14
 1.48311e-16
 1.88447e-15
 3.96109e-15
 0.00000e+00
 0.00000e+00
 1.02939e-14
 3.62979e-15
 6.41360e-15
 2.69815e-15
 0.00000e+00
 0.00000e+00
-7.91714e-15
 8.01829e-15
-8.74383e-15
 2.17740e-15
 0.00000e+00
 0.00000e+00
 5.25608e-15
 1.22506e-15
 7.72702e-15
-3.44705e-15
 0.00000e+00
 0.00000e+00
 1.80744e-15
 1.74350e-15
 6.14554e-15
 3.73406e-16
 0.00000e+00
 0.00000e+00
-1.29054e-15
 7.97772e-15
 3.67092e-15
 2.50037e-15
 0.00000e+00
 0.00000e+00
 6.05591e-15
 4.39340e-15
 4.05434e-15
 2.04893e-15
 0.00000e+00
 0.00000e+00
 7.15908e-15
 5.81645e-15
 6.45447e-15
 5.66302e-15
 0.00000e+00
 0.00000e+00
-8.63293e-15
 6.70370e-15
-4.42756e-15
 1.19999e-15
 0.00000e+00
 0.00000e+00
 2.96274e-15
 6.69570e-16
 8.09400e-15
-1.66103e-15
 0.00000e+00
 0.00000e+00
 2.86997e-15
 6.35445e-16
 6.85685e-15
-1.53265e-15
 0.00000e+00
 0.00000e+00
-7.62772e-16
 3.99697e-15
 7.08924e-15
-2.45803e-15
 0.00000e+00
 0.00000e+00
-2.40842e-15
 6.36785e-15
 2.38187e-15
 1.78399e-15
 0.00000e+00
 0.00000e+00
 1.39679e-15
 5.61603e-15
 4.89696e-15
 5.72244e-15
 0.00000e+00
 0.00000e+00
-5.61936e-15
-4.05730e-15
 3.16815e-15
-3.10912e-15
 0.00000e+00
 0.00000e+00
 5.02651e-16
 2.80591e-16
 6.44013e-15
-2.67113e-15
 0.00000e+00
 0.00000e+00
 2.95508e-15
-2.20104e-15
 5.46581e-15
-2.61802e-15
 0.00000e+00
 0.00000e+00
-6.51812e-16
-2.44040e-15
 6.48073e-15
-2.80559e-15
 0.00000e+00
 0.00000e+00
-4.91560e-15
 4.53509e-15
-6.73502e-16
 2.97965e-15
 0.00000e+00
 0.00000e+00
 9.24165e-16
 3.48235e-15
 1.93448e-15
 7.58532e-15
 0.00000e+00
 0.00000e+00
-2.75989e-15
-8.90443e-15
 4.03155e-15
-2.07098e-15
 0.00000e+00
 0.00000e+00
 1.28390e-15
 6.79648e-16
 5.02913e-15
-3.70133e-15
 0.00000e+00
 0.00000e+00
 2.40740e-15
 3.05613e-16
 1.08983e-15
-5.24949e-16
 0.00000e+00
 0.00000e+00
 6.08284e-18
-8.34799e-16
 4.62337e-15
-1.29987e-15
 0.00000e+00
 0.00000e+00
-1.24970e-15
-1.96459e-18
 6.09942e-15
 1.07798e-16
 0.00000e+00
 0.00000e+00
 4.31412e-15
 1.89578e-15
 5.96746e-15
 6.09755e-15
 0.00000e+00
 0.00000e+00
-1.29343e-17
-5.53829e-15
 1.68059e-15
-8.15046e-16
 0.00000e+00
 0.00000e+00
 2.02200e-15
-1.27601e-15
 4.21199e-15
-1.10381e-14
 0.00000e+00
 0.00000e+00
-3.26261e-15
 6.17139e-15
-3.65567e-15
-4.58014e-15
 0.00000e+00
 0.00000e+00
-3.62991e-15
 4.58260e-15
 9.72052e-17
-1.00076e-15
 0.00000e+00
 0.00000e+00
 1.10057e-15
-6.35424e-15
 9.53651e-15
-6.84064e-15
 0.00000e+00
 0.00000e+00
 4.63897e-15
 3.61069e-15
 5.11534e-15
-1.05382e-15
 0.00000e+00
 0.00000e+00
-6.78390e-16
 5.64025e-15
-8.97053e-15
-2.68205e-17
 0.00000e+00
 0.00000e+00
 0.00000e+00
 0.00000e+00
 0.00000e+00
 0.00000e+00
 0.00000e+00
-5.11174e-16
 8.34213e-15
 5.17627e-15
 7.48877e-16
 4.55453e-15
 9.02603e-15
-1.00646e-14
-1.49997e-14
-2.68582e-16
 1.00460e-15
-1.20432e-14
 1.10397e-15
 1.98212e-15
 2.18565e-15
-9.48161e-15
-2.12982e-15
 3.43659e-15
-3.56219e-15
-3.09719e-15
-6.45699e-15
 1.38563e-15
 3.39869e-16
-3.14411e-15
 1.09336e-14
 0.00000e+00
 0.00000e+00
 0.00000e+00
 0.00000e+00
 0.00000e+00
 0.00000e+00
 0.00000e+00
 0.00000e+00
 0.00000e+00
 0.00000e+00
 0.00000e+00
 0.00000e+00
-9.89334e-15
 2.34429e-15
 1.52519e-15
-1.03936e-15
 5.79472e-15
 9.75711e-15
-3.96529e-15
-1.22879e-14
-2.31464e-16
 1.40386e-15
-1.35488e-14
-3.52398e-15
-4.33567e-16
-2.01261e-16
-1.62431e-14
-9.36720e-15
 2.27828e-15
-9.67680e-16
-1.59486e-14
-1.15843e-14
 3.23818e-15
 5.07816e-15
-6.46585e-16
 9.60586e-15
 0.00000e+00
 0.00000e+00
 0.00000e+00
 0.00000e+00
 0.00000e+00
 0.00000e+00
 0.00000e+00
 0.00000e+00
 0.00000e+00
 0.00000e+00
 0.00000e+00
 0.00000e+00
-8.87563e-15
-2.03964e-15
-6.61674e-15
-4.42894e-15
 4.07915e-15
 6.18314e-15
 2.23504e-15
-7.17909e-15
 5.66814e-17
 3.56596e-15
-1.20377e-14
-7.27028e-15
-9.23691e-15
-7.85445e-15
-1.71234e-14
-1.43052e-14
-8.28018e-16
 2.90431e-15
-1.66690e-14
-8.90746e-15
 8.04489e-15
 8.95725e-15
 3.45965e-15
 1.28943e-14
 0.00000e+00
 0.00000e+00
 0.00000e+00
 0.00000e+00
 0.00000e+00
 0.00000e+00
 0.00000e+00
 0.00000e+00
 0.00000e+00
 0.00000e+00
 0.00000e+00
 0.00000e+00
 4.41458e-16
 9.68460e-17
-8.38182e-15
-4.59279e-15
 2.31303e-16
-1.91890e-15
 2.89081e-16
-7.51905e-15
-2.52281e-15
 3.41349e-15
-9.63663e-15
-9.28947e-15
-1.59203e-14
-1.14309e-14
-1.49603e-14
-1.53730e-14
-2.53392e-15
 1.24238e-14
-1.36862e-14
-4.26387e-15
 7.33720e-15
 8.52018e-15
 9.12896e-15
 1.77681e-14
 0.00000e+00
 0.00000e+00
 0.00000e+00
 0.00000e+00
 0.00000e+00
 0.00000e+00
 0.00000e+00
 0.00000e+00
 0.00000e+00
 0.00000e+00
 0.00000e+00
 0.00000e+00
 1.14716e-14
 6.57778e-15
-6.16831e-15
-3.64909e-15
-5.93223e-15
-1.17292e-14
-8.63832e-15
-1.24647e-14
-8.23409e-15
-9.44442e-17
-7.20921e-15
-4.63707e-15
-1.26096e-14
-8.06117e-15
-7.84407e-15
-1.32558e-14
-3.62653e-15
 1.37475e-14
-1.06628e-14
-6.27380e-15
 5.56194e-16
 6.36412e-15
 1.28640e-14
 2.03934e-14
 0.00000e+00
 0.00000e+00
 0.00000e+00
 0.00000e+00
 0.00000e+00
 0.00000e+00
 0.00000e+00
 0.00000e+00
 0.00000e+00
 0.00000e+00
 0.00000e+00
 0.00000e+00
 1.18397e-14
 9.29493e-15
-3.02758e-16
-1.67304e-15
-1.10283e-14
-1.81850e-14
-1.39299e-14
-1.60235e-14
-8.68267e-15
-6.21275e-15
-3.92701e-15
 7.60646e-15
-9.46569e-16
 4.91649e-15
 3.99209e-15
-7.89289e-15
-3.95180e-15
 7.64039e-15
-8.61707e-15
-1.38361e-14
-1.15430e-14
 3.18887e-15
 1.07678e-14
 1.70024e-14
 0.00000e+00
 0.00000e+00
 0.00000e+00
 0.00000e+00
 0.00000e+00
 0.00000e+00
 0.00000e+00
 0.00000e+00
 0.00000e+00
 0.00000e+00
 0.00000e+00
 0.00000e+00
 8.08142e-15
 7.78629e-15
 1.96027e-15
-3.90632e-16
-1.07127e-14
-1.70123e-14
-1.20852e-14
-1.50833e-14
-6.13828e-15
-5.69057e-15
-8.43672e-16
 2.19797e-14
 3.36952e-15
 1.60091e-14
 8.24475e-15
-2.30895e-15
-1.76080e-15
-1.56404e-15
-5.53040e-15
-1.95825e-14
-1.90879e-14
-4.19810e-16
 3.69179e-15
 8.26544e-15
 0.00000e+00
 0.00000e+00
 0.00000e+00
 0.00000e+00
 0.00000e+00
 0.00000e+00
 0.00000e+00
 0.00000e+00
 0.00000e+00
 0.00000e+00
 0.00000e+00
 0.00000e+00
 1.47850e-15
 3.97761e-15
 1.87096e-15
 2.56923e-17
-7.76496e-15
-1.27199e-14
-7.15274e-15
-1.27595e-14
-1.84070e-15
-1.72644e-15
-3.34638e-16
 2.30881e-14
 2.79042e-15
 1.80927e-14
 7.48089e-15
-4.11284e-17
 2.86563e-15
-7.54501e-15
-2.49232e-15
-1.96746e-14
-1.99853e-14
-4.06084e-15
-4.45675e-15
 6.31879e-16
 0.00000e+00
 0.00000e+00
 0.00000e+00
 0.00000e+00
 0.00000e+00
 0.00000e+00
 0.00000e+00
 0.00000e+00
 0.00000e+00
 0.00000e+00
 0.00000e+00
 0.00000e+00
-6.04750e-15
 9.04269e-16
 1.21788e-15
-6.50613e-16
-2.89608e-15
-6.81486e-15
-1.24837e-15
-1.03112e-14
 2.80040e-15
 3.88614e-15
-1.79886e-15
 1.91623e-14
 6.72272e-16
 1.70724e-14
 4.56438e-15
 1.22393e-15
 6.79033e-15
-8.01739e-15
 2.25709e-15
-1.68233e-14
-1.83729e-14
-7.65043e-15
-1.05377e-14
-1.24585e-15
 0.00000e+00
 0.00000e+00
 0.00000e+00
 0.00000e+00
 0.00000e+00
 0.00000e+00
 0.00000e+00
 0.00000e+00
 0.00000e+00
 0.00000e+00
 0.00000e+00
 0.00000e+00
-1.30605e-14
-1.82036e-16
 2.39018e-16
-2.05660e-15
 2.66212e-15
 1.01907e-15
 5.22981e-15
-7.71256e-15
 7.49728e-15
 1.12034e-14
-4.74546e-15
 8.60534e-15
-2.83417e-16
 1.34014e-14
 4.47023e-16
 1.26083e-15
 1.04359e-14
-7.06648e-15
 3.12378e-15
-1.18168e-14
-1.42900e-14
-1.16783e-14
-1.48543e-14
-6.12098e-16
 0.00000e+00
 0.00000e+00
 0.00000e+00
 0.00000e+00
 0.00000e+00
 0.00000e+00
 0.00000e+00
 0.00000e+00
 0.00000e+00
 0.00000e+00
 0.00000e+00
 0.00000e+00
-1.68088e-14
-3.31443e-16
-1.64527e-15
-3.60799e-15
 4.70489e-15
 5.05327e-16
 1.06165e-14
-3.99937e-15
 1.33137e-14
 2.07390e-14
-4.51243e-15
 1.97246e-15
 1.11636e-15
 1.14213e-14
-2.90943e-15
 8.67256e-18
 1.03659e-14
-4.57571e-15
 5.07980e-16
-1.11403e-14
-1.03817e-14
-1.24052e-14
-1.49987e-14
 1.25191e-15
 0.00000e+00
 0.00000e+00
 0.00000e+00
 0.00000e+00
 0.00000e+00
 0.00000e+00
 0.00000e+00
 0.00000e+00
 0.00000e+00
 0.00000e+00
 0.00000e+00
 0.00000e+00
-2.08188e-14
-9.85437e-16
-4.22689e-15
-5.13155e-15
 4.52158e-15
-3.98080e-15
 1.60208e-14
-1.08458e-16
 1.57145e-14
 2.19801e-14
-3.98787e-15
 2.05162e-15
 4.38305e-15
 1.07503e-14
-5.54346e-15
-2.93414e-15
 8.05181e-15
-2.86638e-15
-3.39091e-15
-1.07491e-14
-7.34762e-15
-1.10076e-14
-1.27324e-14
 4.86961e-15
 0.00000e+00
 0.00000e+00
 0.00000e+00
 0.00000e+00
 0.00000e+00
 0.00000e+00
 0.00000e+00
 0.00000e+00
 0.00000e+00
 0.00000e+00
 0.00000e+00
 0.00000e+00
-2.17565e-14
-9.41763e-16
-4.29273e-15
-6.08760e-15
 3.31670e-15
-7.71330e-15
 1.79642e-14
 4.54265e-16
 1.46975e-14
 2.01382e-14
-3.75830e-15
 4.25379e-15
 9.28707e-15
 1.06592e-14
-6.37133e-15
-5.34418e-15
 4.92694e-15
-9.50408e-16
-6.11531e-15
-1.03607e-14
-4.52513e-15
-7.97286e-15
-8.91432e-15
 5.43104e-15
 0.00000e+00
 0.00000e+00
 0.00000e+00
 0.00000e+00
 0.00000e+00
 0.00000e+00
 0.00000e+00
 0.00000e+00
 0.00000e+00
 0.00000e+00
 0.00000e+00
 0.00000e+00
-2.05435e-14
 9.83460e-17
-2.06129e-15
-5.96308e-15
 1.15208e-15
-7.40686e-15
 1.81439e-14
-3.38267e-16
 1.11410e-14
 1.63414e-14
-2.76807e-15
 8.50695e-15
 1.16403e-14
 1.08731e-14
-6.77066e-15
-5.45948e-15
 4.16677e-15
-6.58838e-16
-9.34281e-15
-1.02107e-14
-1.28020e-15
-4.08593e-15
-8.05711e-15
 3.46103e-15
 0.00000e+00
 0.00000e+00
 0.00000e+00
 0.00000e+00
 0.00000e+00
 0.00000e+00
 0.00000e+00
 0.00000e+00
 0.00000e+00
 0.00000e+00
 0.00000e+00
 0.00000e+00
-1.62283e-14
 1.39763e-15
 2.28575e-15
-3.90109e-15
-1.54727e-15
-4.67407e-15
 1.47291e-14
-3.12522e-15
 5.99907e-15
 1.15248e-14
-4.74055e-16
 1.31756e-14
 1.19916e-14
 1.05969e-14
-7.82626e-15
-5.15664e-15
 3.98095e-15
-1.88874e-15
-1.06127e-14
-9.28171e-15
 2.48965e-15
-2.53392e-15
-9.30501e-15
 1.72699e-15
 0.00000e+00
 0.00000e+00
 0.00000e+00
 0.00000e+00
 0.00000e+00
 0.00000e+00
 0.00000e+00
 0.00000e+00
 0.00000e+00
 0.00000e+00
 0.00000e+00
 0.00000e+00
-7.77478e-15
 1.72491e-15
 4.53714e-15
-3.38255e-15
-6.23103e-15
-2.72020e-15
 6.47421e-15
-7.52223e-15
-9.46410e-16
 5.18538e-15
 2.86857e-15
 1.80144e-14
 1.27031e-14
 1.08642e-14
-1.00098e-14
-3.83179e-15
 5.48766e-15
-3.77123e-15
-8.82931e-15
-6.74661e-15
 7.12064e-15
-3.33503e-15
-1.33816e-14
 5.78559e-16
 0.00000e+00
 0.00000e+00
 0.00000e+00
 0.00000e+00
 0.00000e+00
 0.00000e+00
 0.00000e+00
 0.00000e+00
 0.00000e+00
 0.00000e+00
 0.00000e+00
 0.00000e+00
-1.08528e-15
 1.08366e-15
 4.42963e-15
-4.54612e-15
-1.07112e-14
-2.35377e-15
-2.48753e-15
-1.17809e-14
-2.44947e-15
 4.96479e-15
 5.12047e-15
 1.92512e-14
 1.50840e-14
 1.16374e-14
-1.43937e-14
-3.79392e-15
 1.02808e-14
-4.51367e-15
-5.58086e-15
-1.71409e-15
 1.50331e-14
-5.80904e-15
-2.10960e-14
 4.55241e-17
 0.00000e+00
 0.00000e+00
 0.00000e+00
 0.00000e+00
 0.00000e+00
 0.00000e+00
 0.00000e+00
 0.00000e+00
 0.00000e+00
 0.00000e+00
 0.00000e+00
 0.00000e+00
-4.77846e-16
-3.51660e-16
 2.50768e-15
-6.53141e-15
-1.19690e-14
-1.84880e-15
-5.04154e-15
-1.21178e-14
-9.88965e-16
 6.59572e-15
 5.10821e-15
 1.80944e-14
 1.46180e-14
 1.10562e-14
-1.92403e-14
-4.81700e-15
 1.33259e-14
-5.05335e-15
-3.66020e-15
 2.40381e-15
 2.04101e-14
-9.10257e-15
-2.64067e-14
 2.04639e-15
 0.00000e+00
 0.00000e+00
 0.00000e+00
 0.00000e+00
 0.00000e+00
 0.00000e+00
 0.00000e+00
 0.00000e+00
 0.00000e+00
 0.00000e+00
 0.00000e+00
 0.00000e+00
-2.09708e-15
-1.75315e-15
-2.09670e-15
-8.12827e-15
-9.74230e-15
-1.26716e-15
-4.92376e-15
-1.17189e-14
 1.52572e-15
 8.08472e-15
 2.94066e-15
 1.55442e-14
 9.88772e-15
 9.68255e-15
-1.81582e-14
-5.94277e-15
 1.17768e-14
-7.29947e-15
-1.53332e-15
 1.63092e-15
 1.83138e-14
-8.33195e-15
-2.37903e-14
 8.30922e-15
 0.00000e+00
 0.00000e+00
 0.00000e+00
 0.00000e+00
 0.00000e+00
 0.00000e+00
 0.00000e+00
 0.00000e+00
 0.00000e+00
 0.00000e+00
 0.00000e+00
 0.00000e+00
-9.57256e-15
-1.07964e-15
-2.41013e-15
-6.58634e-15
-4.18659e-15
-3.68557e-15
 6.43490e-17
-1.19151e-14
 9.88819e-16
 7.10994e-15
-1.81652e-16
 1.67421e-14
-2.60408e-15
 7.55145e-15
-1.33338e-14
-8.64238e-15
 5.40775e-15
-1.09453e-14
 3.07325e-15
-2.77172e-16
 9.65048e-15
-4.08407e-15
-1.33154e-14
 1.07736e-14
 0.00000e+00
 0.00000e+00
 0.00000e+00
 0.00000e+00
 0.00000e+00
 0.00000e+00
 0.00000e+00
 0.00000e+00
 0.00000e+00
 0.00000e+00
 0.00000e+00
 0.00000e+00
-9.91461e-15
 2.52142e-15
-4.17291e-16
-2.19277e-15
-2.26370e-15
-1.02696e-14
 5.53887e-16
-1.42552e-14
-4.97884e-15
 2.00557e-15
-6.03240e-16
 1.71568e-14
-8.09152e-15
 2.60020e-15
-4.53346e-15
-9.12891e-15
-6.15025e-15
-9.89572e-15
 2.23588e-15
-2.34141e-16
 3.73542e-15
 3.82512e-15
-1.86391e-15
 6.83398e-15
 0.00000e+00
 0.00000e+00
 0.00000e+00
 0.00000e+00
 0.00000e+00
 0.00000e+00
 0.00000e+00
 0.00000e+00
 0.00000e+00
 0.00000e+00
 0.00000e+00
 0.00000e+00
-4.64516e-15
 3.52321e-15
-3.27403e-16
-1.27212e-15
-7.89122e-16
-6.46242e-15
-5.91043e-17
-1.32890e-14
-1.09182e-14
-1.13125e-15
-1.81951e-15
 8.93551e-15
-8.09670e-15
-1.17585e-15
 1.61346e-15
-6.64796e-15
-7.79695e-15
-1.26193e-15
-4.83588e-15
 3.91912e-16
 3.77795e-15
 3.19608e-15
-2.29312e-15
-1.16594e-15
 0.00000e+00
 0.00000e+00
 0.00000e+00
 0.00000e+00
 0.00000e+00
 0.00000e+00
 0.00000e+00
 0.00000e+00
 0.00000e+00
 0.00000e+00
 0.00000e+00
 0.00000e+00
 3.55723e-15
 1.81865e-16
-5.05375e-15
-1.42590e-15
 1.17110e-15
 2.83263e-15
-4.93892e-15
-8.96828e-15
-7.20265e-15
-3.51550e-15
-4.93670e-15
 2.14081e-15
-8.40683e-15
-4.04161e-15
 1.52979e-15
 7.42820e-16
-3.71285e-15
 8.21361e-16
-4.11614e-15
 1.96126e-15
 3.73650e-15
-2.91678e-15
-6.86242e-15
 2.45880e-16
 0.00000e+00
 0.00000e+00
 0.00000e+00
 0.00000e+00
 0.00000e+00
 0.00000e+00
 0.00000e+00
 0.00000e+00
 0.00000e+00
 0.00000e+00
 0.00000e+00
 0.00000e+00
 7.79799e-15
-4.60767e-15
-1.31337e-14
-2.34789e-15
 1.02853e-15
 2.40318e-15
-1.72138e-14
-7.96307e-15
 3.19865e-15
-4.92756e-15
-8.06353e-15
 6.05390e-15
-5.95794e-15
-2.79340e-15
-2.24743e-15
 1.89764e-15
-2.37990e-15
-5.40045e-15
 6.39328e-15
 2.03593e-15
 2.62978e-15
-3.58826e-16
-6.02436e-15
 4.79973e-15
 0.00000e+00
 0.00000e+00
 0.00000e+00
 0.00000e+00
 0.00000e+00
 0.00000e+00
 0.00000e+00
 0.00000e+00
 0.00000e+00
 0.00000e+00
 0.00000e+00
 0.00000e+00
 5.56343e-15
-4.96424e-15
-1.25658e-14
-6.53671e-15
-2.80866e-15
 4.04909e-15
-1.58664e-14
-8.42642e-15
 4.00916e-15
-5.75958e-16
-6.85012e-15
 4.84804e-15
-7.75188e-15
-7.21081e-17
-3.76851e-15
-4.43179e-15
-4.00397e-15
-4.70011e-15
 1.31873e-14
 1.45199e-15
 1.80095e-15
 5.68677e-15
-1.98055e-15
 7.54907e-15
 0.00000e+00
 0.00000e+00
 0.00000e+00
 0.00000e+00
 0.00000e+00
 0.00000e+00
 0.00000e+00
 0.00000e+00
 0.00000e+00
 0.00000e+00
 0.00000e+00
 0.00000e+00
-3.56224e-16
-4.26778e-15
-6.84869e-15
-6.37683e-15
-5.73310e-15
 3.27887e-15
-5.77188e-15
-6.32584e-15
-4.59358e-16
 2.47201e-15
-4.20833e-15
 3.72296e-16
-7.52231e-15
-3.45966e-16
-2.23145e-15
-8.06390e-15
-5.63730e-15
 3.54567e-15
 1.16940e-14
 2.18746e-15
 5.86577e-16
 4.84170e-15
-1.78586e-15
 5.24307e-15
 0.00000e+00
 0.00000e+00
 0.00000e+00
 0.00000e+00
 0.00000e+00
 0.00000e+00
 0.00000e+00
 0.00000e+00
 0.00000e+00
 0.00000e+00
 0.00000e+00
 0.00000e+00
-9.84272e-16
-8.23326e-16
 1.72238e-16
-1.75128e-15
-5.31792e-15
 1.09124e-16
 3.72231e-16
-3.31124e-15
-4.28302e-15
 2.36513e-16
-2.49382e-15
 2.02847e-15
-3.98109e-15
-2.14283e-15
-1.02425e-16
-5.97393e-15
-7.22040e-15
 5.64892e-15
 3.94867e-15
 2.32103e-15
-1.56568e-15
 1.11315e-15
-1.31433e-15
 5.19325e-16
 0.00000e+00
 0.00000e+00
 0.00000e+00
 0.00000e+00
 0.00000e+00
 0.00000e+00
 0.00000e+00
 0.00000e+00
 0.00000e+00
 0.00000e+00
 0.00000e+00
 0.00000e+00
-2.37307e-15
 3.42372e-16
 5.56077e-16
-2.82097e-15
-6.09161e-15
-2.51402e-16
 3.72190e-15
-2.23256e-15
-5.96414e-15
 2.65615e-16
 3.27879e-16
 5.90626e-15
-3.46496e-15
-2.52940e-15
 1.29048e-15
-4.51778e-15
-8.17338e-15
 5.80608e-15
-1.33077e-15
 1.59868e-15
-1.83548e-15
 9.99991e-16
 1.54028e-15
 1.51930e-15
 0.00000e+00
 0.00000e+00
 0.00000e+00
 0.00000e+00
 0.00000e+00
 0.00000e+00
 0.00000e+00
 0.00000e+00
 0.00000e+00
 0.00000e+00
 0.00000e+00
 0.00000e+00
-3.20193e-15
-1.08701e-15
 2.22572e-17
-4.11997e-15
-7.20329e-15
 1.61811e-15
 9.63674e-16
-2.60227e-15
-7.77046e-15
-1.18675e-16
 6.11486e-16
 2.20954e-15
-4.36187e-15
-2.67166e-15
 2.56099e-16
-4.54247e-15
-6.92989e-15
 5.37486e-15
-2.00112e-15
-1.91431e-16
 6.09015e-16
 3.97209e-15
 2.96919e-15
 5.65863e-15
 0.00000e+00
 0.00000e+00
 0.00000e+00
 0.00000e+00
 0.00000e+00
 0.00000e+00
 0.00000e+00
 0.00000e+00
 0.00000e+00
 0.00000e+00
 0.00000e+00
 0.00000e+00
 6.09008e-17
-3.53693e-15
-9.53203e-16
-2.61462e-15
-5.85642e-15
 6.28792e-15
-6.70124e-15
-3.51635e-15
-9.19821e-15
-6.60173e-15
-1.01948e-15
 1.45278e-15
-3.72370e-15
-2.18331e-15
-1.64869e-15
-2.25751e-15
-4.21356e-15
-1.68697e-16
-6.21770e-15
-5.83500e-15
 4.18770e-15
 4.35242e-15
 8.78060e-16
 1.04240e-14
 0.00000e+00
 0.00000e+00
 0.00000e+00
 0.00000e+00
 0.00000e+00
 0.00000e+00
 8.55205e-01
 8.55205e-01
 8.55205e-01
 8.55205e-01
 8.55205e-01
 8.55205e-01
 8.55205e-01
 8.55205e-01
 8.55205e-01
 8.55205e-01
 8.55205e-01
 8.55205e-01
 8.55205e-01
 8.55205e-01
 8.55205e-01
 8.55205e-01
 8.55205e-01
 8.55205e-01
 8.55205e-01
 8.55205e-01
 8.55205e-01
 8.55205e-01
 8.55205e-01
 8.55205e-01
 8.55205e-01
 8.55205e-01
 8.55205e-01
 8.55205e-01
 8.55205e-01
 8.55205e-01
 8.55205e-01
 8.55205e-01
 8.55205e-01
 8.55205e-01
 8.55205e-01
 8.55205e-01
 8.82239e-01
 8.82239e-01
 8.82239e-01
 8.82239e-01
 8.82239e-01
 8.82239e-01
 8.82239e-01
 8.82239e-01
 8.82239e-01
 8.82239e-01
 8.82239e-01
 8.82239e-01
 8.82239e-01
 8.82239e-01
 8.82239e-01
 8.82239e-01
 8.82239e-01
 8.82239e-01
 8.82239e-01
 8.82239e-01
 8.82239e-01
 8.82239e-01
 8.82239e-01
 8.82239e-01
 8.82239e-01
 8.82239e-01
 8.82239e-01
 8.82239e-01
 8.82239e-01
 8.82239e-01
 8.82239e-01
 8.82239e-01
 8.82239e-01
 8.82239e-01
 8.82239e-01
 8.82239e-01
 9.04350e-01
 9.04350e-01
 9.04350e-01
 9.04350e-01
 9.04350e-01
 9.04350e-01
 9.04350e-01
 9.04350e-01
 9.04350e-01
 9.04350e-01
 9.04350e-01
 9.04350e-01
 9.04350e-01
 9.04350e-01
 9.04350e-01
 9.04350e-01
 9.04350e-01
 9.04350e-01
 9.04350e-01
 9.04350e-01
 9.04350e-01
 9.04350e-01
 9.04350e-01
 9.04350e-01
 9.04350e-01
 9.04350e-01
 9.04350e-01
 9.04350e-01
 9.04350e-01
 9.04350e-01
 9.04350e-01
 9.04350e-01
 9.04350e-01
 9.04350e-01
 9.04350e-01
 9.04350e-01
 9.19771e-01
 9.19771e-01
 9.19771e-01
 9.19771e-01
 9.19771e-01
 9.19771e-01
 9.19771e-01
 9.19771e-01
 9.19771e-01
 9.19771e-01
 9.19771e-01
 9.19771e-01
 9.19771e-01
 9.19771e-01
 9.19771e-01
 9.19771e-01
 9.19771e-01
 9.19771e-01
 9.19771e-01
 9.19771e-01
 9.19771e-01
 9.19771e-01
 9.19771e-01
 9.19771e-01
 9.19771e-01
 9.19771e-01
 9.19771e-01
 9.19771e-01
 9.19771e-01
 9.19771e-01
 9.19771e-01
 9.19771e-01
 9.19771e-01
 9.19771e-01
 9.19771e-01
 9.19771e-01
 9.26102e-01
 9.26102e-01
 9.26102e-01
 9.26102e-01
 9.26102e-01
 9.26102e-01
 9.26102e-01
 9.26102e-01
 9.26102e-01
 9.26102e-01
 9.26102e-01
 9.26102e-01
 9.26102e-01
 9.26102e-01
 9.26102e-01
 9.26102e-01
 9.26102e-01
 9.26102e-01
 9.26102e-01
 9.26102e-01
 9.26102e-01
 9.26102e-01
 9.26102e-01
 9.26102e-01
 9.26102e-01
 9.26102e-01
 9.26102e-01
 9.26102e-01
 9.26102e-01
 9.26102e-01
 9.26102e-01
 9.26102e-01
 9.26102e-01
 9.26102e-01
 9.26102e-01
 9.26102e-01
 9.30387e-01
 9.30387e-01
 9.30387e-01
 9.30387e-01
 9.30387e-01
 9.30387e-01
 9.30387e-01
 9.30387e-01
 9.30387e-01
 9.30387e-01
 9.30387e-01
 9.30387e-01
 9.30387e-01
 9.30387e-01
 9.30387e-01
 9.30387e-01
 9.30387e-01
 9.30387e-01
 9.30387e-01
 9.30387e-01
 9.30387e-01
 9.30387e-01
 9.30387e-01
 9.30387e-01
 9.30387e-01
 9.30387e-01
 9.30387e-01
 9.30387e-01
 9.30387e-01
 9.30387e-01
 9.30387e-01
 9.30387e-01
 9.30387e-01
 9.30387e-01
 9.30387e-01
 9.30387e-01
 9.32302e-01
 9.32302e-01
 9.32302e-01
 9.32302e-01
 9.32302e-01
 9.32302e-01
 9.32302e-01
 9.32302e-01
 9.32302e-01
 9.32302e-01
 9.32302e-01
 9.32302e-01
 9.32302e-01
 9.32302e-01
 9.32302e-01
 9.32302e-01
 9.32302e-01
 9.32302e-01
 9.32302e-01
 9.32302e-01
 9.32302e-01
 9.32302e-01
 9.32302e-01
 9.32302e-01
 9.32302e-01
 9.32302e-01
 9.32302e-01
 9.32302e-01
 9.32302e-01
 9.32302e-01
 9.32302e-01
 9.32302e-01
 9.32302e-01
 9.32302e-01
 9.32302e-01
 9.32302e-01
 9.32170e-01
 9.32170e-01
 9.32170e-01
 9.32170e-01
 9.32170e-01
 9.32170e-01
 9.32170e-01
 9.32170e-01
 9.32170e-01
 9.32170e-01
 9.32170e-01
 9.32170e-01
 9.32170e-01
 9.32170e-01
 9.32170e-01
 9.32170e-01
 9.32170e-01
 9.32170e-01
 9.32170e-01
 9.32170e-01
 9.32170e-01
 9.32170e-01
 9.32170e-01
 9.32170e-01
 9.32170e-01
 9.32170e-01
 9.32170e-01
 9.32170e-01
 9.32170e-01
 9.32170e-01
 9.32170e-01
 9.32170e-01
 9.32170e-01
 9.32170e-01
 9.32170e-01
 9.32170e-01
 9.31378e-01
 9.31378e-01
 9.31378e-01
 9.31378e-01
 9.31378e-01
 9.31378e-01
 9.31378e-01
 9.31378e-01
 9.31378e-01
 9.31378e-01
 9.31378e-01
 9.31378e-01
 9.31378e-01
 9.31378e-01
 9.31378e-01
 9.31378e-01
 9.31378e-01
 9.31378e-01
 9.31378e-01
 9.31378e-01
 9.31378e-01
 9.31378e-01
 9.31378e-01
 9.31378e-01
 9.31378e-01
 9.31378e-01
 9.31378e-01
 9.31378e-01
 9.31378e-01
 9.31378e-01
 9.31378e-01
 9.31378e-01
 9.31378e-01
 9.31378e-01
 9.31378e-01
 9.31378e-01
 9.30437e-01
 9.30437e-01
 9.30437e-01
 9.30437e-01
 9.30437e-01
 9.30437e-01
 9.30437e-01
 9.30437e-01
 9.30437e-01
 9.30437e-01
 9.30437e-01
 9.30437e-01
 9.30437e-01
 9.30437e-01
 9.30437e-01
 9.30437e-01
 9.30437e-01
 9.30437e-01
 9.30437e-01
 9.30437e-01
 9.30437e-01
 9.30437e-01
 9.30437e-01
 9.30437e-01
 9.30437e-01
 9.30437e-01
 9.30437e-01
 9.30437e-01
 9.30437e-01
 9.30437e-01
 9.30437e-01
 9.30437e-01
 9.30437e-01
 9.30437e-01
 9.30437e-01
 9.30437e-01
 9.30043e-01
 9.30043e-01
 9.30043e-01
 9.30043e-01
 9.30043e-01
 9.30043e-01
 9.30043e-01
 9.30043e-01
 9.30043e-01
 9.30043e-01
 9.30043e-01
 9.30043e-01
 9.30043e-01
 9.30043e-01
 9.30043e-01
 9.30043e-01
 9.30043e-01
 9.30043e-01
 9.30043e-01
 9.30043e-01
 9.30043e-01
 9.30043e-01
 9.30043e-01
 9.30043e-01
 9.30043e-01
 9.30043e-01
 9.30043e-01
 9.30043e-01
 9.30043e-01
 9.30043e-01
 9.30043e-01
 9.30043e-01
 9.30043e-01
 9.30043e-01
 9.30043e-01
 9.30043e-01
 9.29831e-01
 9.29831e-01
 9.29831e-01
 9.29831e-01
 9.29831e-01
 9.29831e-01
 9.29831e-01
 9.29831e-01
 9.29831e-01
 9.29831e-01
 9.29831e-01
 9.29831e-01
 9.29831e-01
 9.29831e-01
 9.29831e-01
 9.29831e-01
 9.29831e-01
 9.29831e-01
 9.29831e-01
 9.29831e-01
 9.29831e-01
 9.29831e-01
 9.29831e-01
 9.29831e-01
 9.29831e-01
 9.29831e-01
 9.29831e-01
 9.29831e-01
 9.29831e-01
 9.29831e-01
 9.29831e-01
 9.29831e-01
 9.29831e-01
 9.29831e-01
 9.29831e-01
 9.29831e-01
 9.29225e-01
 9.29225e-01
 9.29225e-01
 9.29225e-01
 9.29225e-01
 9.29225e-01
 9.29225e-01
 9.29225e-01
 9.29225e-01
 9.29225e-01
 9.29225e-01
 9.29225e-01
 9.29225e-01
 9.29225e-01
 9.29225e-01
 9.29225e-01
 9.29225e-01
 9.29225e-01
 9.29225e-01
 9.29225e-01
 9.29225e-01
 9.29225e-01
 9.29225e-01
 9.29225e-01
 9.29225e-01
 9.29225e-01
 9.29225e-01
 9.29225e-01
 9.29225e-01
 9.29225e-01
 9.29225e-01
 9.29225e-01
 9.29225e-01
 9.29225e-01
 9.29225e-01
 9.29225e-01
 9.28720e-01
 9.28720e-01
 9.28720e-01
 9.28720e-01
 9.28720e-01
 9.28720e-01
 9.28720e-01
 9.28720e-01
 9.28720e-01
 9.28720e-01
 9.28720e-01
 9.28720e-01
 9.28720e-01
 9.28720e-01
 9.28720e-01
 9.28720e-01
 9.28720e-01
 9.28720e-01
 9.28720e-01
 9.28720e-01
 9.28720e-01
 9.28720e-01
 9.28720e-01
 9.28720e-01
 9.28720e-01
 9.28720e-01
 9.28720e-01
 9.28720e-01
 9.28720e-01
 9.28720e-01
 9.28720e-01
 9.28720e-01
 9.28720e-01
 9.28720e-01
 9.28720e-01
 9.28720e-01
 9.28597e-01
 9.28597e-01
 9.28597e-01
 9.28597e-01
 9.28597e-01
 9.28597e-01
 9.28597e-01
 9.28597e-01
 9.28597e-01
 9.28597e-01
 9.28597e-01
 9.28597e-01
 9.28597e-01
 9.28597e-01
 9.28597e-01
 9.28597e-01
 9.28597e-01
 9.28597e-01
 9.28597e-01
 9.28597e-01
 9.28597e-01
 9.28597e-01
 9.28597e-01
 9.28597e-01
 9.28597e-01
 9.28597e-01
 9.28597e-01
 9.28597e-01
 9.28597e-01
 9.28597e-01
 9.28597e-01
 9.28597e-01
 9.28597e-01
 9.28597e-01
 9.28597e-01
 9.28597e-01
 9.28663e-01
 9.28663e-01
 9.28663e-01
 9.28663e-01
 9.28663e-01
 9.28663e-01
 9.28663e-01
 9.28663e-01
 9.28663e-01
 9.28663e-01
 9.28663e-01
 9.28663e-01
 9.28663e-01
 9.28663e-01
 9.28663e-01
 9.28663e-01
 9.28663e-01
 9.28663e-01
 9.28663e-01
 9.28663e-01
 9.28663e-01
 9.28663e-01
 9.28663e-01
 9.28663e-01
 9.28663e-01
 9.28663e-01
 9.28663e-01
 9.28663e-01
 9.28663e-01
 9.28663e-01
 9.28663e-01
 9.28663e-01
 9.28663e-01
 9.28663e-01
 9.28663e-01
 9.28663e-01
 9.28691e-01
 9.28691e-01
 9.28691e-01
 9.28691e-01
 9.28691e-01
 9.28691e-01
 9.28691e-01
 9.28691e-01
 9.28691e-01
 9.28691e-01
 9.28691e-01
 9.28691e-01
 9.28691e-01
 9.28691e-01
 9.28691e-01
 9.28691e-01
 9.28691e-01
 9.28691e-01
 9.28691e-01
 9.28691e-01
 9.28691e-01
 9.28691e-01
 9.28691e-01
 9.28691e-01
 9.28691e-01
 9.28691e-01
 9.28691e-01
 9.28691e-01
 9.28691e-01
 9.28691e-01
 9.28691e-01
 9.28691e-01
 9.28691e-01
 9.28691e-01
 9.28691e-01
 9.28691e-01
 9.28500e-01
 9.28500e-01
 9.28500e-01
 9.28500e-01
 9.28500e-01
 9.28500e-01
 9.28500e-01
 9.28500e-01
 9.28500e-01
 9.28500e-01
 9.28500e-01
 9.28500e-01
 9.28500e-01
 9.28500e-01
 9.28500e-01
 9.28500e-01
 9.28500e-01
 9.28500e-01
 9.28500e-01
 9.28500e-01
 9.28500e-01
 9.28500e-01
 9.28500e-01
 9.28500e-01
 9.28500e-01
 9.28500e-01
 9.28500e-01
 9.28500e-01
 9.28500e-01
 9.28500e-01
 9.28500e-01
 9.28500e-01
 9.28500e-01
 9.28500e-01
 9.28500e-01
 9.28500e-01
 9.28122e-01
 9.28122e-01
 9.28122e-01
 9.28122e-01
 9.28122e-01
 9.28122e-01
 9.28122e-01
 9.28122e-01
 9.28122e-01
 9.28122e-01
 9.28122e-01
 9.28122e-01
 9.28122e-01
 9.28122e-01
 9.28122e-01
 9.28122e-01
 9.28122e-01
 9.28122e-01
 9.28122e-01
 9.28122e-01
 9.28122e-01
 9.28122e-01
 9.28122e-01
 9.28122e-01
 9.28122e-01
 9.28122e-01
 9.28122e-01
 9.28122e-01
 9.28122e-01
 9.28122e-01
 9.28122e-01
 9.28122e-01
 9.28122e-01
 9.28122e-01
 9.28122e-01
 9.28122e-01
 9.27936e-01
 9.27936e-01
 9.27936e-01
 9.27936e-01
 9.27936e-01
 9.27936e-01
 9.27936e-01
 9.27936e-01
 9.27936e-01
 9.27936e-01
 9.27936e-01
 9.27936e-01
 9.27936e-01
 9.27936e-01
 9.27936e-01
 9.27936e-01
 9.27936e-01
 9.27936e-01
 9.27936e-01
 9.27936e-01
 9.27936e-01
 9.27936e-01
 9.27936e-01
 9.27936e-01
 9.27936e-01
 9.27936e-01
 9.27936e-01
 9.27936e-01
 9.27936e-01
 9.27936e-01
 9.27936e-01
 9.27936e-01
 9.27936e-01
 9.27936e-01
 9.27936e-01
 9.27936e-01
 9.27975e-01
 9.27975e-01
 9.27975e-01
 9.27975e-01
 9.27975e-01
 9.27975e-01
 9.27975e-01
 9.27975e-01
 9.27975e-01
 9.27975e-01
 9.27975e-01
 9.27975e-01
 9.27975e-01
 9.27975e-01
 9.27975e-01
 9.27975e-01
 9.27975e-01
 9.27975e-01
 9.27975e-01
 9.27975e-01
 9.27975e-01
 9.27975e-01
 9.27975e-01
 9.27975e-01
 9.27975e-01
 9.27975e-01
 9.27975e-01
 9.27975e-01
 9.27975e-01
 9.27975e-01
 9.27975e-01
 9.27975e-01
 9.27975e-01
 9.27975e-01
 9.27975e-01
 9.27975e-01
 9.28248e-01
 9.28248e-01
 9.28248e-01
 9.28248e-01
 9.28248e-01
 9.28248e-01
 9.28248e-01
 9.28248e-01
 9.28248e-01
 9.28248e-01
 9.28248e-01
 9.28248e-01
 9.28248e-01
 9.28248e-01
 9.28248e-01
 9.28248e-01
 9.28248e-01
 9.28248e-01
 9.28248e-01
 9.28248e-01
 9.28248e-01
 9.28248e-01
 9.28248e-01
 9.28248e-01
 9.28248e-01
 9.28248e-01
 9.28248e-01
 9.28248e-01
 9.28248e-01
 9.28248e-01
 9.28248e-01
 9.28248e-01
 9.28248e-01
 9.28248e-01
 9.28248e-01
 9.28248e-01
 9.28271e-01
 9.28271e-01
 9.28271e-01
 9.28271e-01
 9.28271e-01
 9.28271e-01
 9.28271e-01
 9.28271e-01
 9.28271e-01
 9.28271e-01
 9.28271e-01
 9.28271e-01
 9.28271e-01
 9.28271e-01
 9.28271e-01
 9.28271e-01
 9.28271e-01
 9.28271e-01
 9.28271e-01
 9.28271e-01
 9.28271e-01
 9.28271e-01
 9.28271e-01
 9.28271e-01
 9.28271e-01
 9.28271e-01
 9.28271e-01
 9.28271e-01
 9.28271e-01
 9.28271e-01
 9.28271e-01
 9.28271e-01
 9.28271e-01
 9.28271e-01
 9.28271e-01
 9.28271e-01
 9.28080e-01
 9.28080e-01
 9.28080e-01
 9.28080e-01
 9.28080e-01
 9.28080e-01
 9.28080e-01
 9.28080e-01
 9.28080e-01
 9.28080e-01
 9.28080e-01
 9.28080e-01
 9.28080e-01
 9.28080e-01
 9.28080e-01
 9.28080e-01
 9.28080e-01
 9.28080e-01
 9.28080e-01
 9.28080e-01
 9.28080e-01
 9.28080e-01
 9.28080e-01
 9.28080e-01
 9.28080e-01
 9.28080e-01
 9.28080e-01
 9.28080e-01
 9.28080e-01
 9.28080e-01
 9.28080e-01
 9.28080e-01
 9.28080e-01
 9.28080e-01
 9.28080e-01
 9.28080e-01
 9.27751e-01
 9.27751e-01
 9.27751e-01
 9.27751e-01
 9.27751e-01
 9.27751e-01
 9.27751e-01
 9.27751e-01
 9.27751e-01
 9.27751e-01
 9.27751e-01
 9.27751e-01
 9.27751e-01
 9.27751e-01
 9.27751e-01
 9.27751e-01
 9.27751e-01
 9.27751e-01
 9.27751e-01
 9.27751e-01
 9.27751e-01
 9.27751e-01
 9.27751e-01
 9.27751e-01
 9.27751e-01
 9.27751e-01
 9.27751e-01
 9.27751e-01
 9.27751e-01
 9.27751e-01
 9.27751e-01
 9.27751e-01
 9.27751e-01
 9.27751e-01
 9.27751e-01
 9.27751e-01
 9.27597e-01
 9.27597e-01
 9.27597e-01
 9.27597e-01
 9.27597e-01
 9.27597e-01
 9.27597e-01
 9.27597e-01
 9.27597e-01
 9.27597e-01
 9.27597e-01
 9.27597e-01
 9.27597e-01
 9.27597e-01
 9.27597e-01
 9.27597e-01
 9.27597e-01
 9.27597e-01
 9.27597e-01
 9.27597e-01
 9.27597e-01
 9.27597e-01
 9.27597e-01
 9.27597e-01
 9.27597e-01
 9.27597e-01
 9.27597e-01
 9.27597e-01
 9.27597e-01
 9.27597e-01
 9.27597e-01
 9.27597e-01
 9.27597e-01
 9.27597e-01
 9.27597e-01
 9.27597e-01
 9.27840e-01
 9.27840e-01
 9.27840e-01
 9.27840e-01
 9.27840e-01
 9.27840e-01
 9.27840e-01
 9.27840e-01
 9.27840e-01
 9.27840e-01
 9.27840e-01
 9.27840e-01
 9.27840e-01
 9.27840e-01
 9.27840e-01
 9.27840e-01
 9.27840e-01
 9.27840e-01
 9.27840e-01
 9.27840e-01
 9.27840e-01
 9.27840e-01
 9.27840e-01
 9.27840e-01
 9.27840e-01
 9.27840e-01
 9.27840e-01
 9.27840e-01
 9.27840e-01
 9.27840e-01
 9.27840e-01
 9.27840e-01
 9.27840e-01
 9.27840e-01
 9.27840e-01
 9.27840e-01
 9.28126e-01
 9.28126e-01
 9.28126e-01
 9.28126e-01
 9.28126e-01
 9.28126e-01
 9.28126e-01
 9.28126e-01
 9.28126e-01
 9.28126e-01
 9.28126e-01
 9.28126e-01
 9.28126e-01
 9.28126e-01
 9.28126e-01
 9.28126e-01
 9.28126e-01
 9.28126e-01
 9.28126e-01
 9.28126e-01
 9.28126e-01
 9.28126e-01
 9.28126e-01
 9.28126e-01
 9.28126e-01
 9.28126e-01
 9.28126e-01
 9.28126e-01
 9.28126e-01
 9.28126e-01
 9.28126e-01
 9.28126e-01
 9.28126e-01
 9.28126e-01
 9.28126e-01
 9.28126e-01
 9.28073e-01
 9.28073e-01
 9.28073e-01
 9.28073e-01
 9.28073e-01
 9.28073e-01
 9.28073e-01
 9.28073e-01
 9.28073e-01
 9.28073e-01
 9.28073e-01
 9.28073e-01
 9.28073e-01
 9.28073e-01
 9.28073e-01
 9.28073e-01
 9.28073e-01
 9.28073e-01
 9.28073e-01
 9.28073e-01
 9.28073e-01
 9.28073e-01
 9.28073e-01
 9.28073e-01
 9.28073e-01
 9.28073e-01
 9.28073e-01
 9.28073e-01
 9.28073e-01
 9.28073e-01
 9.28073e-01
 9.28073e-01
 9.28073e-01
 9.28073e-01
 9.28073e-01
 9.28073e-01
 9.27764e-01
 9.27764e-01
 9.27764e-01
 9.27764e-01
 9.27764e-01
 9.27764e-01
 9.27764e-01
 9.27764e-01
 9.27764e-01
 9.27764e-01
 9.27764e-01
 9.27764e-01
 9.27764e-01
 9.27764e-01
 9.27764e-01
 9.27764e-01
 9.27764e-01
 9.27764e-01
 9.27764e-01
 9.27764e-01
 9.27764e-01
 9.27764e-01
 9.27764e-01
 9.27764e-01
 9.27764e-01
 9.27764e-01
 9.27764e-01
 9.27764e-01
 9.27764e-01
 9.27764e-01
 9.27764e-01
 9.27764e-01
 9.27764e-01
 9.27764e-01
 9.27764e-01
 9.27764e-01
part
         4
coordinates
 0.00000e+00
 5.25608e-15
 1.22506e-15
 7.72702e-15
-3.44705e-15
 0.00000e+00
 0.00000e+00
 1.80744e-15
 1.74350e-15
 6.14554e-15
 3.73406e-16
 0.00000e+00
 0.00000e+00
-1.29054e-15
 7.97772e-15
 3.67092e-15
 2.50037e-15
 0.00000e+00
 0.00000e+00
 6.05591e-15
 4.39340e-15
 4.05434e-15
 2.04893e-15
 0.00000e+00
 0.00000e+00
 7.15908e-15
 5.81645e-15
 6.45447e-15
 5.66302e-15
 0.00000e+00
 0.00000e+00
-8.63293e-15
 6.70370e-15
-4.42756e-15
 1.19999e-15
 0.00000e+00
 0.00000e+00
 2.96274e-15
 6.69570e-16
 8.09400e-15
-1.66103e-15
 0.00000e+00
 0.00000e+00
 2.86997e-15
 6.35445e-16
 6.85685e-15
-1.53265e-15
 0.00000e+00
 0.00000e+00
-7.62772e-16
 3.99697e-15
 7.08924e-15
-2.45803e-15
 0.00000e+00
 0.00000e+00
-2.40842e-15
 6.36785e-15
 2.38187e-15
 1.78399e-15
 0.00000e+00
 0.00000e+00
 1.39679e-15
 5.61603e-15
 4.89696e-15
 5.72244e-15
 0.00000e+00
 0.00000e+00
-5.61936e-15
-4.05730e-15
 3.16815e-15
-3.10912e-15
 0.00000e+00
 0.00000e+00
 5.02651e-16
 2.80591e-16
 6.44013e-15
-2.67113e-15
 0.00000e+00
 0.00000e+00
 2.95508e-15
-2.20104e-15
 5.46581e-15
-2.61802e-15
 0.00000e+00
 0.00000e+00
-6.51812e-16
-2.44040e-15
 6.48073e-15
-2.80559e-15
 0.00000e+00
 0.00000e+00
-4.91560e-15
 4.53509e-15
-6.73502e-16
 2.97965e-15
 0.00000e+00
 0.00000e+00
 9.24165e-16
 3.48235e-15
 1.93448e-15
 7.58532e-15
 0.00000e+00
 0.00000e+00
-2.75989e-15
-8.90443e-15
 4.03155e-15
-2.07098e-15
 0.00000e+00
 0.00000e+00
 1.28390e-15
 6.79648e-16
 5.02913e-15
-3.70133e-15
 0.00000e+00
 0.00000e+00
 2.40740e-15
 3.05613e-16
 1.08983e-15
-5.24949e-16
 0.00000e+00
 0.00000e+00
 6.08284e-18
-8.34799e-16
 4.62337e-15
-1.29987e-15
 0.00000e+00
 0.00000e+00
-1.24970e-15
-1.96459e-18
 6.09942e-15
 1.07798e-16
 0.00000e+00
 0.00000e+00
 4.31412e-15
 1.89578e-15
 5.96746e-15
 6.09755e-15
 0.00000e+00
 0.00000e+00
-1.29343e-17
-5.53829e-15
 1.68059e-15
-8.15046e-16
 0.00000e+00
 0.00000e+00
 2.02200e-15
-1.27601e-15
 4.21199e-15
-1.10381e-14
 0.00000e+00
 0.00000e+00
-3.26261e-15
 6.17139e-15
-3.65567e-15
-4.58014e-15
 0.00000e+00
 0.00000e+00
-3.62991e-15
 4.58260e-15
 9.72052e-17
-1.00076e-15
 0.00000e+00
 0.00000e+00
 1.10057e-15
-6.35424e-15
 9.53651e-15
-6.84064e-15
 0.00000e+00
 0.00000e+00
 4.63897e-15
 3.61069e-15
 5.11534e-15
-1.05382e-15
 0.00000e+00
 0.00000e+00
-6.78390e-16
 5.64025e-15
-8.97053e-15
-2.68205e-17
 0.00000e+00
 0.00000e+00
 3.14336e-15
-4.10442e-15
-4.76281e-16
-1.50021e-14
 0.00000e+00
 0.00000e+00
-4.67577e-15
 5.22156e-15
-7.05338e-15
-6.40268e-15
 0.00000e+00
 0.00000e+00
-8.57493e-15
 7.45281e-15
-1.02171e-14
 4.67523e-15
 0.00000e+00
 0.00000e+00
-4.52668e-16
-4.22310e-15
 2.60131e-15
-2.16420e-15
 0.00000e+00
 0.00000e+00
 6.37487e-15
 9.53246e-15
-2.08034e-15
-2.22678e-15
 0.00000e+00
 0.00000e+00
 1.02529e-15
 1.71821e-14
-2.26871e-14
-8.48611e-16
 0.00000e+00
 0.00000e+00
 2.55718e-15
-2.94272e-15
-3.03291e-15
-4.10745e-15
 0.00000e+00
 0.00000e+00
-3.34885e-15
 2.13290e-16
-4.18608e-15
 4.02307e-15
 0.00000e+00
 0.00000e+00
-6.22167e-15
 5.66060e-15
-9.46037e-15
 1.42309e-14
 0.00000e+00
 0.00000e+00
-4.55499e-16
 4.14799e-15
-5.92006e-15
 1.00105e-14
 0.00000e+00
 0.00000e+00
 1.10166e-14
 9.08145e-15
-2.49785e-15
 2.85932e-15
 0.00000e+00
 0.00000e+00
 1.15460e-14
 9.87681e-15
-1.63397e-14
-3.23866e-15
 0.00000e+00
 0.00000e+00
 6.12456e-16
 2.01153e-16
-7.37530e-15
 3.94593e-15
 0.00000e+00
 0.00000e+00
-1.03141e-15
-6.67551e-15
-3.00792e-15
 5.88594e-15
 0.00000e+00
 0.00000e+00
-3.35473e-15
-2.65637e-15
-3.11687e-15
 8.20038e-15
 0.00000e+00
 0.00000e+00
-4.77575e-15
 4.62260e-15
-2.74223e-15
 1.84637e-15
 0.00000e+00
 0.00000e+00
 6.14661e-15
 3.19771e-15
 1.53090e-15
 1.16360e-16
 0.00000e+00
 0.00000e+00
 8.50360e-15
-5.92051e-15
-5.22016e-15
-6.68674e-15
 0.00000e+00
 0.00000e+00
 3.09665e-15
 5.03310e-15
-4.82397e-15
 5.82139e-15
 0.00000e+00
 0.00000e+00
 6.91057e-15
-6.53315e-15
 3.53037e-15
 1.50153e-15
 0.00000e+00
 0.00000e+00
 3.40834e-15
-5.44091e-15
 6.27807e-15
-2.08976e-15
 0.00000e+00
 0.00000e+00
-8.23545e-15
 9.56856e-15
 8.36275e-16
 2.17069e-17
 0.00000e+00
 0.00000e+00
 1.68170e-15
 6.72849e-15
 4.06127e-15
 2.08260e-15
 0.00000e+00
 0.00000e+00
 8.05659e-15
-7.86384e-15
-2.80523e-15
-1.93654e-15
 0.00000e+00
 0.00000e+00
 4.55227e-15
 1.10836e-14
-7.17927e-15
 1.18918e-14
 0.00000e+00
 0.00000e+00
 8.03037e-15
-2.00323e-15
 5.72813e-15
-2.67685e-15
 0.00000e+00
 0.00000e+00
 3.54155e-15
-2.36017e-15
 4.74812e-15
-7.93405e-16
 0.00000e+00
 0.00000e+00
-6.80007e-15
 1.48508e-14
-6.43365e-15
 7.91261e-15
 0.00000e+00
 0.00000e+00
 4.06771e-15
 1.32849e-14
 1.53641e-15
 2.33573e-15
 0.00000e+00
 0.00000e+00
 9.11478e-15
-1.21818e-15
-4.29513e-15
-2.74438e-15
 0.00000e+00
 0.00000e+00
 1.18735e-15
 1.11890e-14
-9.65915e-15
 1.27295e-14
 0.00000e+00
 0.00000e+00
 3.30661e-15
 2.52549e-16
 3.99552e-15
 1.33404e-15
 0.00000e+00
 0.00000e+00
-6.27252e-16
 1.32792e-15
 7.46754e-16
 7.50779e-15
 0.00000e+00
 0.00000e+00
 1.04030e-15
 8.40628e-15
-4.77912e-15
 9.37799e-15
 0.00000e+00
 0.00000e+00
 1.01631e-14
 1.01955e-14
 9.75074e-16
-9.01791e-16
 0.00000e+00
 0.00000e+00
 3.85803e-15
 8.59292e-15
-1.15331e-14
-2.94771e-15
 0.00000e+00
 0.00000e+00
-2.07550e-15
 7.61594e-15
-3.25679e-15
 6.21107e-15
 0.00000e+00
 0.00000e+00
 1.52154e-15
-2.92719e-15
 4.14420e-15
 5.02251e-15
 0.00000e+00
 0.00000e+00
-9.91353e-16
-6.15877e-16
 3.34889e-15
 9.29115e-15
 0.00000e+00
 0.00000e+00
 1.99047e-16
 1.53133e-16
 2.83641e-15
 5.62394e-15
 0.00000e+00
 0.00000e+00
 3.43323e-15
 1.41526e-15
-1.24229e-15
 3.50028e-15
 0.00000e+00
 0.00000e+00
-9.73497e-15
 5.71051e-15
-2.23650e-14
 4.29549e-15
 0.00000e+00
 0.00000e+00
-5.27773e-15
 4.57991e-15
 2.75878e-17
 1.25674e-14
 0.00000e+00
 0.00000e+00
 2.91389e-16
-1.41266e-15
 3.76478e-15
 1.17403e-14
 0.00000e+00
 0.00000e+00
-5.48668e-15
 5.63245e-15
 3.72466e-15
 1.33705e-14
 0.00000e+00
 0.00000e+00
-9.83858e-15
 1.25061e-15
 8.66462e-15
 8.16257e-15
 0.00000e+00
 0.00000e+00
-8.33255e-15
-1.27539e-15
-8.85674e-16
 5.19694e-15
 0.00000e+00
 0.00000e+00
-1.84729e-14
 7.14060e-15
-2.59946e-14
 4.11928e-15
 0.00000e+00
 0.00000e+00
 6.76624e-16
-7.04347e-16
-1.58282e-15
 1.35800e-14
 0.00000e+00
 0.00000e+00
 6.88158e-15
-4.00884e-15
 8.53294e-15
 1.04021e-14
 0.00000e+00
 0.00000e+00
-3.00916e-15
 6.79068e-15
 9.57490e-15
 1.37402e-14
 0.00000e+00
 0.00000e+00
-8.52630e-15
 5.26325e-15
 5.50832e-15
 1.09890e-14
 0.00000e+00
 0.00000e+00
-4.65111e-15
 1.52347e-15
 1.19430e-15
 1.73270e-15
 0.00000e+00
 0.00000e+00
-1.75627e-14
 7.05192e-15
-1.58286e-14
-4.96631e-15
 0.00000e+00
 0.00000e+00
 2.96692e-16
 9.65068e-16
-5.20926e-15
-3.82766e-15
 0.00000e+00
 0.00000e+00
 8.27774e-15
-1.19113e-14
 1.06563e-14
-4.64119e-15
 0.00000e+00
 0.00000e+00
 1.13140e-15
-1.84913e-15
 7.92680e-15
 2.03815e-15
 0.00000e+00
 0.00000e+00
-3.60522e-15
 5.35621e-15
-2.82279e-15
 2.46255e-15
 0.00000e+00
 0.00000e+00
-2.37654e-16
-1.53426e-15
 5.36681e-15
-2.38995e-15
 0.00000e+00
 0.00000e+00
-1.41072e-14
-1.69416e-15
-1.93132e-15
-8.46467e-15
 0.00000e+00
 0.00000e+00
 8.98771e-16
-4.18418e-15
-3.96258e-15
-1.58771e-15
 0.00000e+00
 0.00000e+00
-2.99039e-16
-1.69869e-15
-4.21121e-16
 2.07978e-15
 0.00000e+00
 0.00000e+00
 3.03843e-15
-4.62577e-15
 8.03083e-15
-1.05073e-15
 0.00000e+00
 0.00000e+00
-1.29037e-15
-5.18102e-16
 1.53108e-15
-2.83002e-15
 0.00000e+00
 0.00000e+00
 8.91866e-16
 2.40561e-16
 3.95243e-15
-8.25946e-16
 0.00000e+00
 0.00000e+00
 6.06664e-15
-1.68201e-14
 9.61954e-15
-1.20583e-14
 0.00000e+00
 0.00000e+00
-1.00525e-14
 5.30883e-16
-8.77544e-15
 5.89871e-15
 0.00000e+00
 0.00000e+00
-5.16397e-15
-7.01483e-16
-4.43705e-15
 7.75346e-15
 0.00000e+00
 0.00000e+00
 2.48329e-15
-3.59229e-15
 1.96694e-15
 9.46641e-15
 0.00000e+00
 0.00000e+00
-6.06819e-16
-3.24722e-15
-7.20264e-18
 7.84218e-15
 0.00000e+00
 0.00000e+00
 5.09072e-15
-6.85529e-15
 3.80087e-15
 4.83412e-15
 0.00000e+00
 0.00000e+00
 1.20865e-14
-1.83811e-14
 3.32087e-15
-3.12282e-15
 0.00000e+00
 0.00000e+00
-7.22715e-15
 1.05032e-14
-9.21735e-15
 1.27605e-14
 0.00000e+00
 0.00000e+00
 1.88389e-15
-1.34804e-15
 1.46517e-15
 5.53989e-15
 0.00000e+00
 0.00000e+00
-2.80766e-15
 5.26996e-15
 3.10175e-15
 7.53937e-15
 0.00000e+00
 0.00000e+00
-2.88026e-15
 5.61750e-15
 1.86439e-15
 9.80803e-15
 0.00000e+00
 0.00000e+00
 2.76677e-15
 2.30609e-15
 4.61471e-15
 8.50626e-15
 0.00000e+00
 0.00000e+00
-9.69924e-15
 1.23117e-14
-9.03521e-15
 9.31252e-15
 0.00000e+00
 0.00000e+00
-6.99258e-15
 1.81649e-15
-1.40930e-14
 1.40909e-15
 0.00000e+00
 0.00000e+00
 1.12733e-17
-9.80097e-15
 3.76843e-15
-4.05667e-15
 0.00000e+00
 0.00000e+00
-5.31456e-15
-6.43646e-15
 7.17454e-15
 2.55920e-15
 0.00000e+00
 0.00000e+00
-4.27873e-15
-4.74933e-15
 2.86451e-15
 3.94221e-15
 0.00000e+00
 0.00000e+00
 9.00292e-16
-4.96714e-15
 8.14757e-15
-2.00852e-15
 0.00000e+00
 0.00000e+00
-1.24338e-14
 3.38509e-15
-3.47456e-15
-3.08202e-15
 0.00000e+00
 0.00000e+00
 6.23627e-15
 2.73215e-15
-1.13978e-14
 6.20738e-15
 0.00000e+00
 0.00000e+00
 6.21853e-15
-7.48414e-15
 7.98343e-15
-5.00454e-15
 0.00000e+00
 0.00000e+00
-1.31366e-15
-1.07140e-15
 7.51783e-15
 5.12417e-16
 0.00000e+00
 0.00000e+00
-7.77946e-16
 3.18376e-15
 5.38472e-16
 3.59318e-15
 0.00000e+00
 0.00000e+00
 5.55402e-15
-9.87720e-16
 6.82029e-15
 2.85131e-15
 0.00000e+00
 0.00000e+00
-2.81115e-15
 1.92240e-15
-6.05097e-15
 8.36062e-15
 0.00000e+00
 0.00000e+00
-1.21771e-14
-1.90681e-14
-2.30076e-14
-2.20253e-14
 0.00000e+00
 0.00000e+00
-1.38183e-14
-2.54490e-14
-1.35827e-14
-1.78642e-14
 0.00000e+00
 0.00000e+00
-2.44644e-14
-1.61565e-14
-1.70204e-14
-1.23346e-14
 0.00000e+00
 0.00000e+00
-2.49144e-14
-9.91326e-15
-2.27402e-14
-1.68516e-14
 0.00000e+00
 0.00000e+00
-2.30781e-14
-1.07578e-14
-1.98503e-14
-1.87649e-14
 0.00000e+00
 0.00000e+00
-3.64920e-14
-7.06145e-15
-3.16623e-14
-2.06840e-14
 0.00000e+00
 0.00000e+00
 4.19903e-14
 4.53318e-14
 2.78734e-14
 4.23588e-14
 0.00000e+00
 0.00000e+00
 4.45718e-14
 2.84619e-14
 4.65312e-14
 3.80490e-14
 0.00000e+00
 0.00000e+00
 3.08409e-14
 4.34555e-14
 3.25054e-14
 4.97993e-14
 0.00000e+00
 0.00000e+00
 3.45789e-14
 4.45071e-14
 3.63811e-14
 4.21835e-14
 0.00000e+00
 0.00000e+00
 4.40605e-14
 3.58361e-14
 4.89820e-14
 3.29945e-14
 0.00000e+00
 0.00000e+00
 2.93905e-14
 5.28227e-14
 1.78655e-14
 4.36822e-14
 0.00000e+00
 0.00000e+00
-3.43365e-14
-3.02090e-14
-3.87438e-14
-3.46340e-14
 0.00000e+00
 0.00000e+00
-3.11417e-14
-5.01311e-14
-2.32437e-14
-4.03047e-14
 0.00000e+00
 0.00000e+00
-4.42696e-14
-4.07616e-14
-3.57386e-14
-2.91326e-14
 0.00000e+00
 0.00000e+00
-4.68193e-14
-3.06513e-14
-4.37998e-14
-3.11200e-14
 0.00000e+00
 0.00000e+00
-3.09117e-14
-3.92645e-14
-3.57485e-14
-4.10088e-14
 0.00000e+00
 0.00000e+00
-3.40819e-14
-3.57711e-14
-5.34010e-14
-3.67868e-14
 0.00000e+00
 0.00000e+00
-2.42416e-15
 2.46367e-15
 2.55376e-15
 5.91494e-15
 0.00000e+00
 0.00000e+00
-6.50735e-16
-5.21418e-15
 1.05942e-14
 2.04278e-15
 0.00000e+00
 0.00000e+00
-5.07795e-15
-3.05422e-15
 7.31117e-15
 6.37638e-15
 0.00000e+00
 0.00000e+00
-9.39367e-15
 5.23495e-15
 9.99964e-16
 2.91485e-15
 0.00000e+00
 0.00000e+00
-9.68409e-16
 2.51396e-15
 5.82071e-15
-3.75316e-15
 0.00000e+00
 0.00000e+00
 1.86347e-15
-5.81684e-15
 4.84832e-16
-1.36145e-15
 0.00000e+00
 0.00000e+00
 1.92766e-14
 5.64696e-14
 3.42341e-14
 4.58282e-14
 0.00000e+00
 0.00000e+00
 3.49782e-14
 3.52432e-14
 5.21323e-14
 3.69158e-14
 0.00000e+00
 0.00000e+00
 3.05856e-14
 4.49740e-14
 4.42939e-14
 4.03899e-14
 0.00000e+00
 0.00000e+00
 2.99929e-14
 4.63958e-14
 4.44082e-14
 3.90600e-14
 0.00000e+00
 0.00000e+00
 4.35069e-14
 3.28256e-14
 5.30890e-14
 2.94763e-14
 0.00000e+00
 0.00000e+00
 3.45296e-14
 4.34538e-14
 2.98135e-14
 3.24401e-14
 0.00000e+00
 0.00000e+00
-7.61858e-15
 1.17469e-14
 1.15710e-14
 2.01564e-14
 0.00000e+00
 0.00000e+00
 2.28566e-15
-5.18858e-15
 1.94084e-14
 8.66454e-15
 0.00000e+00
 0.00000e+00
-1.37321e-15
 4.12784e-15
 6.45275e-15
 9.37254e-15
 0.00000e+00
 0.00000e+00
-3.99415e-15
 9.65521e-15
 5.13506e-15
 9.77066e-15
 0.00000e+00
 0.00000e+00
 8.36782e-15
-1.83313e-15
 1.34052e-14
 6.98307e-15
 0.00000e+00
 0.00000e+00
 3.07403e-15
 2.18613e-16
-3.36689e-15
 1.15828e-14
 0.00000e+00
 0.00000e+00
-3.03927e-14
-4.59864e-14
-3.35294e-14
-2.99647e-14
 0.00000e+00
 0.00000e+00
-3.73619e-14
-4.35650e-14
-3.81187e-14
-3.42582e-14
 0.00000e+00
 0.00000e+00
-4.28004e-14
-4.25959e-14
-3.96279e-14
-3.23597e-14
 0.00000e+00
 0.00000e+00
-4.31324e-14
-4.16870e-14
-4.01483e-14
-3.71518e-14
 0.00000e+00
 0.00000e+00
-3.68882e-14
-3.86867e-14
-4.38844e-14
-3.67519e-14
 0.00000e+00
 0.00000e+00
-3.55954e-14
-4.65238e-14
-4.96169e-14
-3.12734e-14
 0.00000e+00
 0.00000e+00
 2.20781e-14
 4.51207e-14
 5.26648e-14
 5.27985e-14
 0.00000e+00
 0.00000e+00
 4.33840e-14
 3.24122e-14
 5.77009e-14
 4.99871e-14
 0.00000e+00
 0.00000e+00
 4.44461e-14
 4.47351e-14
 5.18993e-14
 5.32256e-14
 0.00000e+00
 0.00000e+00
 4.63955e-14
 4.36029e-14
 5.22058e-14
 4.70562e-14
 0.00000e+00
 0.00000e+00
 5.29784e-14
 4.26506e-14
 4.77977e-14
 5.07862e-14
 0.00000e+00
 0.00000e+00
 3.21303e-14
 6.01769e-14
 2.52269e-14
 6.15087e-14
 0.00000e+00
 0.00000e+00
 0.00000e+00
 0.00000e+00
 0.00000e+00
 0.00000e+00
 0.00000e+00
-3.56224e-16
-4.26778e-15
-6.84869e-15
-6.37683e-15
-5.73310e-15
 3.27887e-15
-5.77188e-15
-6.32584e-15
-4.59358e-16
 2.47201e-15
-4.20833e-15
 3.72296e-16
-7.52231e-15
-3.45966e-16
-2.23145e-15
-8.06390e-15
-5.63730e-15
 3.54567e-15
 1.16940e-14
 2.18746e-15
 5.86577e-16
 4.84170e-15
-1.78586e-15
 5.24307e-15
 0.00000e+00
 0.00000e+00
 0.00000e+00
 0.00000e+00
 0.00000e+00
 0.00000e+00
 0.00000e+00
 0.00000e+00
 0.00000e+00
 0.00000e+00
 0.00000e+00
 0.00000e+00
-9.84272e-16
-8.23326e-16
 1.72238e-16
-1.75128e-15
-5.31792e-15
 1.09124e-16
 3.72231e-16
-3.31124e-15
-4.28302e-15
 2.36513e-16
-2.49382e-15
 2.02847e-15
-3.98109e-15
-2.14283e-15
-1.02425e-16
-5.97393e-15
-7.22040e-15
 5.64892e-15
 3.94867e-15
 2.32103e-15
-1.56568e-15
 1.11315e-15
-1.31433e-15
 5.19325e-16
 0.00000e+00
 0.00000e+00
 0.00000e+00
 0.00000e+00
 0.00000e+00
 0.00000e+00
 0.00000e+00
 0.00000e+00
 0.00000e+00
 0.00000e+00
 0.00000e+00
 0.00000e+00
-2.37307e-15
 3.42372e-16
 5.56077e-16
-2.82097e-15
-6.09161e-15
-2.51402e-16
 3.72190e-15
-2.23256e-15
-5.96414e-15
 2.65615e-16
 3.27879e-16
 5.90626e-15
-3.46496e-15
-2.52940e-15
 1.29048e-15
-4.51778e-15
-8.17338e-15
 5.80608e-15
-1.33077e-15
 1.59868e-15
-1.83548e-15
 9.99991e-16
 1.54028e-15
 1.51930e-15
 0.00000e+00
 0.00000e+00
 0.00000e+00
 0.00000e+00
 0.00000e+00
 0.00000e+00
 0.00000e+00
 0.00000e+00
 0.00000e+00
 0.00000e+00
 0.00000e+00
 0.00000e+00
-3.20193e-15
-1.08701e-15
 2.22572e-17
-4.11997e-15
-7.20329e-15
 1.61811e-15
 9.63674e-16
-2.60227e-15
-7.77046e-15
-1.18675e-16
 6.11486e-16
 2.20954e-15
-4.36187e-15
-2.67166e-15
 2.56099e-16
-4.54247e-15
-6.92989e-15
 5.37486e-15
-2.00112e-15
-1.91431e-16
 6.09015e-16
 3.97209e-15
 2.96919e-15
 5.65863e-15
 0.00000e+00
 0.00000e+00
 0.00000e+00
 0.00000e+00
 0.00000e+00
 0.00000e+00
 0.00000e+00
 0.00000e+00
 0.00000e+00
 0.00000e+00
 0.00000e+00
 0.00000e+00
 6.09008e-17
-3.53693e-15
-9.53203e-16
-2.61462e-15
-5.85642e-15
 6.28792e-15
-6.70124e-15
-3.51635e-15
-9.19821e-15
-6.60173e-15
-1.01948e-15
 1.45278e-15
-3.72370e-15
-2.18331e-15
-1.64869e-15
-2.25751e-15
-4.21356e-15
-1.68697e-16
-6.21770e-15
-5.83500e-15
 4.18770e-15
 4.35242e-15
 8.78060e-16
 1.04240e-14
 0.00000e+00
 0.00000e+00
 0.00000e+00
 0.00000e+00
 0.00000e+00
 0.00000e+00
 0.00000e+00
 0.00000e+00
 0.00000e+00
 0.00000e+00
 0.00000e+00
 0.00000e+00
 1.41732e-15
-6.70497e-15
-6.21805e-15
-2.83001e-15
-1.71566e-15
 1.17875e-14
-8.05865e-15
-2.93724e-15
-5.43467e-15
-8.40170e-15
-4.42911e-15
 3.21208e-15
-6.04883e-15
-2.89904e-15
-1.52037e-15
 2.64995e-15
-9.97340e-16
-4.82962e-15
-1.04981e-14
-1.03061e-14
 4.51712e-15
 5.47134e-15
-2.96062e-15
 7.37961e-15
 0.00000e+00
 0.00000e+00
 0.00000e+00
 0.00000e+00
 0.00000e+00
 0.00000e+00
 0.00000e+00
 0.00000e+00
 0.00000e+00
 0.00000e+00
 0.00000e+00
 0.00000e+00
 2.48696e-15
-4.66833e-15
-8.34725e-15
-6.76896e-15
-2.07555e-15
 9.22692e-15
-7.89336e-15
-5.00056e-15
 1.66618e-15
-1.24382e-15
-2.07236e-15
 5.95180e-15
-4.76884e-15
-1.19403e-15
-1.63496e-15
 2.05216e-15
-3.76483e-16
-2.20062e-15
-1.39438e-14
-8.08895e-15
 4.09347e-15
 3.95544e-15
-5.80900e-15
-3.41208e-15
 0.00000e+00
 0.00000e+00
 0.00000e+00
 0.00000e+00
 0.00000e+00
 0.00000e+00
 0.00000e+00
 0.00000e+00
 0.00000e+00
 0.00000e+00
 0.00000e+00
 0.00000e+00
 4.37914e-15
 2.54867e-15
-6.03633e-15
-7.70215e-15
-3.56097e-15
 2.18471e-15
-4.83262e-15
-5.26687e-15
 3.76152e-15
 1.24108e-14
 6.14942e-15
 6.64878e-15
-4.93456e-17
-7.16681e-16
-2.46883e-15
-2.02309e-15
-2.98334e-15
-1.97825e-16
-1.19756e-14
-3.53036e-15
 2.18788e-15
-2.33231e-15
-6.80873e-15
-4.14951e-15
 0.00000e+00
 0.00000e+00
 0.00000e+00
 0.00000e+00
 0.00000e+00
 0.00000e+00
 0.00000e+00
 0.00000e+00
 0.00000e+00
 0.00000e+00
 0.00000e+00
 0.00000e+00
 4.53619e-15
 8.18886e-15
-3.41790e-16
-4.13570e-15
-1.49588e-15
-3.90058e-15
 6.43648e-15
-1.89491e-15
 4.09052e-15
 1.12805e-14
 5.61889e-15
 1.11388e-14
-1.08349e-15
-5.67378e-15
-6.45122e-15
-1.75785e-15
-2.78861e-15
 7.55595e-16
-5.90525e-15
 5.85754e-15
 8.69290e-15
-1.02316e-15
-3.07965e-15
 2.24809e-15
 0.00000e+00
 0.00000e+00
 0.00000e+00
 0.00000e+00
 0.00000e+00
 0.00000e+00
 0.00000e+00
 0.00000e+00
 0.00000e+00
 0.00000e+00
 0.00000e+00
 0.00000e+00
 6.80675e-15
 1.05263e-14
 2.62931e-15
 4.04468e-15
 1.78073e-15
-9.67518e-15
 7.38307e-15
-1.02791e-15
 3.82862e-15
 1.37195e-15
 7.21261e-16
 2.00188e-14
-4.41997e-15
-6.07757e-15
-4.72876e-15
 3.58280e-15
 1.01506e-15
-1.52873e-15
-1.82618e-15
 8.29863e-15
 1.23269e-14
 5.42075e-15
 2.48628e-15
 6.83130e-15
 0.00000e+00
 0.00000e+00
 0.00000e+00
 0.00000e+00
 0.00000e+00
 0.00000e+00
 0.00000e+00
 0.00000e+00
 0.00000e+00
 0.00000e+00
 0.00000e+00
 0.00000e+00
 4.79913e-15
 6.80970e-15
-8.45113e-16
 2.84959e-15
 3.87407e-15
-3.07810e-15
 2.16176e-15
-4.01446e-15
 1.34839e-15
-3.52208e-15
-5.77342e-15
 1.66218e-14
-5.75726e-15
 9.04475e-16
 3.69842e-15
 9.68977e-15
 4.81481e-15
-4.58526e-15
 5.93716e-15
 4.85762e-15
 9.03436e-15
 6.84530e-15
-5.67734e-16
 5.65351e-15
 0.00000e+00
 0.00000e+00
 0.00000e+00
 0.00000e+00
 0.00000e+00
 0.00000e+00
 0.00000e+00
 0.00000e+00
 0.00000e+00
 0.00000e+00
 0.00000e+00
 0.00000e+00
 8.68880e-16
 4.22608e-15
-3.24879e-15
-7.01261e-15
-1.71504e-15
 1.53630e-15
-5.68462e-15
-1.13812e-14
-3.70598e-15
 7.70924e-16
-4.68117e-15
 4.48042e-15
 2.97039e-15
 1.08081e-14
 7.33031e-15
 5.62155e-15
 3.70993e-15
-1.14142e-16
 1.30762e-14
 6.38510e-15
 1.02239e-14
 5.24090e-15
-6.68170e-15
 2.74294e-15
 0.00000e+00
 0.00000e+00
 0.00000e+00
 0.00000e+00
 0.00000e+00
 0.00000e+00
 0.00000e+00
 0.00000e+00
 0.00000e+00
 0.00000e+00
 0.00000e+00
 0.00000e+00
-6.81439e-15
-2.46452e-15
-3.56615e-15
-5.43296e-15
-5.48234e-15
-4.45818e-15
-4.96162e-15
-1.48227e-14
-1.25832e-14
-2.54944e-15
-4.61169e-15
 4.01722e-15
 1.67949e-14
 2.28359e-14
 1.18402e-14
 2.64031e-15
 2.68864e-17
-3.56406e-15
 1.17715e-14
 5.35424e-15
 1.22313e-14
 4.88073e-15
-1.30194e-14
-4.20117e-15
 0.00000e+00
 0.00000e+00
 0.00000e+00
 0.00000e+00
 0.00000e+00
 0.00000e+00
 0.00000e+00
 0.00000e+00
 0.00000e+00
 0.00000e+00
 0.00000e+00
 0.00000e+00
-1.85381e-14
-1.10823e-14
-6.56150e-15
 2.73597e-16
 5.35243e-15
 5.91441e-15
 6.64118e-15
-1.01051e-14
-1.23279e-14
-6.75586e-15
-1.06084e-14
 1.33368e-15
 6.13263e-15
 1.71395e-14
 1.18970e-14
 3.32861e-16
-4.92023e-15
-8.04162e-15
 1.45502e-14
 5.49528e-15
 7.75643e-15
 7.76559e-15
-8.64454e-15
-8.05448e-15
 0.00000e+00
 0.00000e+00
 0.00000e+00
 0.00000e+00
 0.00000e+00
 0.00000e+00
 0.00000e+00
 0.00000e+00
 0.00000e+00
 0.00000e+00
 0.00000e+00
 0.00000e+00
-1.08209e-14
-3.27784e-15
-8.13192e-15
-5.08316e-15
 8.20175e-15
 1.20669e-14
 5.82894e-15
-8.98589e-15
-4.85197e-17
 3.91395e-15
-9.41073e-15
 3.25966e-15
-2.91490e-15
 7.13626e-15
 2.83727e-15
-4.18596e-15
-3.39800e-15
-4.62242e-15
 1.49634e-14
 5.96683e-15
 1.95658e-15
 5.13203e-15
 5.21790e-16
 3.39183e-15
 0.00000e+00
 0.00000e+00
 0.00000e+00
 0.00000e+00
 0.00000e+00
 0.00000e+00
 0.00000e+00
 0.00000e+00
 0.00000e+00
 0.00000e+00
 0.00000e+00
 0.00000e+00
-6.85504e-15
-7.91125e-15
-6.59704e-15
-1.05426e-15
 5.43415e-15
 1.55439e-14
-3.76354e-15
 1.15407e-15
 4.84196e-16
-5.43702e-18
-4.13076e-15
-6.33824e-15
 1.05584e-14
-2.34604e-16
 2.89869e-16
 5.41396e-16
-7.53598e-15
 1.47639e-15
-5.72456e-15
 4.19251e-15
 3.32752e-15
 1.52045e-15
 4.84188e-15
 3.78653e-15
 0.00000e+00
 0.00000e+00
 0.00000e+00
 0.00000e+00
 0.00000e+00
 0.00000e+00
 0.00000e+00
 0.00000e+00
 0.00000e+00
 0.00000e+00
 0.00000e+00
 0.00000e+00
-1.01529e-14
-6.13290e-15
-3.21821e-15
-1.61040e-16
 2.51926e-15
 8.94527e-15
-3.74075e-15
-6.55076e-16
 1.93533e-15
 2.82494e-15
 3.78255e-15
 9.71564e-15
 9.01182e-15
 2.85309e-15
-1.58050e-15
-2.80137e-15
-8.89707e-15
-5.94046e-15
-1.12513e-14
 1.76043e-16
 4.04878e-15
 3.22446e-15
 6.26326e-15
 7.76520e-15
 0.00000e+00
 0.00000e+00
 0.00000e+00
 0.00000e+00
 0.00000e+00
 0.00000e+00
 0.00000e+00
 0.00000e+00
 0.00000e+00
 0.00000e+00
 0.00000e+00
 0.00000e+00
-1.06230e-14
-4.70991e-16
-1.78965e-15
-1.74985e-15
 1.01308e-15
 1.07012e-16
 6.43883e-15
-7.99437e-15
-3.52374e-15
 5.73233e-15
 3.48003e-15
 1.71504e-14
-2.48104e-15
 1.09571e-14
 5.66592e-15
-4.03390e-15
-4.61527e-15
-9.78764e-15
 2.36849e-15
-8.08405e-15
-2.00951e-15
 3.70764e-15
-4.01513e-15
 3.92738e-15
 0.00000e+00
 0.00000e+00
 0.00000e+00
 0.00000e+00
 0.00000e+00
 0.00000e+00
 0.00000e+00
 0.00000e+00
 0.00000e+00
 0.00000e+00
 0.00000e+00
 0.00000e+00
-7.95599e-15
-2.85817e-15
-9.45620e-15
-4.24367e-15
 3.75765e-15
 1.51025e-16
 7.79135e-15
-3.49828e-15
 1.35744e-15
 3.53767e-15
 1.46910e-15
 1.76442e-14
-9.88782e-15
 3.65313e-15
 3.81184e-15
 6.72955e-16
-2.08900e-16
-5.53185e-15
 6.70532e-15
-3.46171e-15
-2.85280e-15
 2.26659e-15
-3.92348e-15
 2.82205e-15
 0.00000e+00
 0.00000e+00
 0.00000e+00
 0.00000e+00
 0.00000e+00
 0.00000e+00
 0.00000e+00
 0.00000e+00
 0.00000e+00
 0.00000e+00
 0.00000e+00
 0.00000e+00
-4.66071e-15
-3.99226e-15
-1.25065e-14
-1.91987e-15
 5.63746e-15
-3.44344e-15
 5.87961e-15
-2.05576e-15
 7.24711e-15
 3.16723e-15
-2.56870e-15
 1.40185e-14
-4.15792e-15
 3.54142e-15
-4.77994e-16
 1.55862e-15
-1.69399e-16
-1.02420e-14
 1.79533e-15
-2.04773e-15
 1.45387e-15
-2.12431e-15
-4.51034e-15
 9.54068e-15
 0.00000e+00
 0.00000e+00
 0.00000e+00
 0.00000e+00
 0.00000e+00
 0.00000e+00
 0.00000e+00
 0.00000e+00
 0.00000e+00
 0.00000e+00
 0.00000e+00
 0.00000e+00
 5.40479e-15
 3.59013e-15
-4.77505e-15
-3.65220e-15
 9.03273e-15
 1.67087e-14
 1.51644e-15
-6.72344e-15
 2.73277e-16
 2.84015e-15
-7.55712e-15
-5.10460e-15
-7.88950e-15
 2.15364e-15
 1.42512e-15
 1.85607e-16
 2.44113e-15
-1.62205e-15
 9.24234e-15
 9.64405e-16
-9.84761e-16
-2.64304e-16
-2.64092e-15
 3.80718e-15
 0.00000e+00
 0.00000e+00
 0.00000e+00
 0.00000e+00
 0.00000e+00
 0.00000e+00
 0.00000e+00
 0.00000e+00
 0.00000e+00
 0.00000e+00
 0.00000e+00
 0.00000e+00
 5.78566e-15
 8.24779e-15
-7.32164e-15
-7.30363e-15
 7.21361e-15
 6.73189e-15
 4.43421e-15
-1.30865e-14
 2.91637e-15
 2.87303e-15
-1.62461e-14
 2.11353e-15
-1.67590e-14
 3.92647e-15
-7.17473e-15
-2.18826e-15
 9.18109e-15
-1.26708e-14
 1.12436e-14
-1.45056e-15
 8.56707e-15
 4.82992e-15
-9.36258e-15
 6.66179e-15
 0.00000e+00
 0.00000e+00
 0.00000e+00
 0.00000e+00
 0.00000e+00
 0.00000e+00
 0.00000e+00
 0.00000e+00
 0.00000e+00
 0.00000e+00
 0.00000e+00
 0.00000e+00
 7.58557e-15
 1.02873e-14
-5.00370e-15
-6.04384e-15
 3.94190e-15
-1.79571e-15
 4.61741e-15
-1.16304e-14
 1.39714e-15
 4.59295e-15
-5.11824e-15
 1.48993e-14
-9.91554e-15
 3.08728e-15
-3.17152e-15
-2.66919e-15
-1.17400e-15
-1.74241e-14
 1.43750e-15
 1.52626e-15
 1.01397e-14
 3.56912e-15
-4.46527e-15
 3.37640e-15
 0.00000e+00
 0.00000e+00
 0.00000e+00
 0.00000e+00
 0.00000e+00
 0.00000e+00
 0.00000e+00
 0.00000e+00
 0.00000e+00
 0.00000e+00
 0.00000e+00
 0.00000e+00
 2.55379e-15
 5.44514e-15
-7.37708e-16
-3.75020e-15
-2.87542e-15
-5.65646e-15
 9.48030e-16
-3.75199e-15
 1.26910e-15
 2.37443e-15
 9.64269e-16
 9.73443e-15
-3.35185e-15
-2.20951e-15
-1.68053e-15
 2.20615e-15
-5.02698e-15
-1.54417e-14
-5.24209e-15
-1.33829e-16
 1.40503e-15
-3.97063e-15
-2.51688e-15
 2.64223e-15
 0.00000e+00
 0.00000e+00
 0.00000e+00
 0.00000e+00
 0.00000e+00
 0.00000e+00
 0.00000e+00
 0.00000e+00
 0.00000e+00
 0.00000e+00
 0.00000e+00
 0.00000e+00
-5.03741e-15
 8.11247e-15
-7.04854e-16
-5.34291e-15
-1.60483e-15
-1.09631e-14
 6.47064e-15
-1.18840e-14
 2.90392e-17
 3.70088e-15
-1.05476e-14
 3.67054e-15
-9.21837e-15
 9.17992e-15
-4.64002e-16
-2.55795e-15
 8.15742e-15
-4.33008e-15
-2.83835e-15
-6.44313e-15
 4.27375e-15
 1.24037e-15
-9.44785e-15
 8.19093e-16
 0.00000e+00
 0.00000e+00
 0.00000e+00
 0.00000e+00
 0.00000e+00
 0.00000e+00
 0.00000e+00
 0.00000e+00
 0.00000e+00
 0.00000e+00
 0.00000e+00
 0.00000e+00
 2.24495e-16
 9.60297e-15
 3.40210e-15
-2.81136e-15
-3.42559e-15
-1.15420e-14
 2.30639e-15
-1.37079e-14
-2.83068e-15
 2.82285e-15
-6.71966e-15
 6.97705e-15
 2.17437e-15
 1.41372e-14
 5.12440e-15
 1.90139e-15
 6.62774e-15
-5.02063e-15
-4.35905e-15
-5.10568e-15
 1.72614e-15
-4.07003e-16
-6.93417e-15
-2.90143e-15
 0.00000e+00
 0.00000e+00
 0.00000e+00
 0.00000e+00
 0.00000e+00
 0.00000e+00
 0.00000e+00
 0.00000e+00
 0.00000e+00
 0.00000e+00
 0.00000e+00
 0.00000e+00
 6.43045e-15
 4.72072e-15
 5.08048e-15
 2.40941e-15
-6.28365e-15
-1.08788e-14
-5.75662e-15
-4.49743e-15
-4.18348e-15
-2.15586e-15
 7.19368e-15
 1.50584e-14
 1.11928e-14
 8.90144e-15
 9.69298e-15
 8.99274e-15
-5.33812e-15
-1.48030e-14
-8.60258e-15
-4.21194e-15
-1.91202e-15
-7.52653e-15
-3.87276e-16
 1.02134e-14
 0.00000e+00
 0.00000e+00
 0.00000e+00
 0.00000e+00
 0.00000e+00
 0.00000e+00
 0.00000e+00
 0.00000e+00
 0.00000e+00
 0.00000e+00
 0.00000e+00
 0.00000e+00
-1.14391e-14
 2.35592e-15
 3.58568e-15
-4.87628e-15
-1.62490e-15
-4.15691e-15
 1.17499e-14
-7.29894e-15
-1.00598e-15
 1.32515e-14
 7.36953e-15
 1.33353e-14
-8.72446e-15
 1.33974e-14
 1.00854e-14
-5.79202e-15
-6.51954e-15
-1.69450e-14
 7.37750e-15
-9.23701e-15
-3.31612e-15
 3.13277e-15
 1.82191e-16
 1.47402e-14
 0.00000e+00
 0.00000e+00
 0.00000e+00
 0.00000e+00
 0.00000e+00
 0.00000e+00
 9.27597e-01
 9.27597e-01
 9.27597e-01
 9.27597e-01
 9.27597e-01
 9.27597e-01
 9.27597e-01
 9.27597e-01
 9.27597e-01
 9.27597e-01
 9.27597e-01
 9.27597e-01
 9.27597e-01
 9.27597e-01
 9.27597e-01
 9.27597e-01
 9.27597e-01
 9.27597e-01
 9.27597e-01
 9.27597e-01
 9.27597e-01
 9.27597e-01
 9.27597e-01
 9.27597e-01
 9.27597e-01
 9.27597e-01
 9.27597e-01
 9.27597e-01
 9.27597e-01
 9.27597e-01
 9.27597e-01
 9.27597e-01
 9.27597e-01
 9.27597e-01
 9.27597e-01
 9.27597e-01
 9.27840e-01
 9.27840e-01
 9.27840e-01
 9.27840e-01
 9.27840e-01
 9.27840e-01
 9.27840e-01
 9.27840e-01
 9.27840e-01
 9.27840e-01
 9.27840e-01
 9.27840e-01
 9.27840e-01
 9.27840e-01
 9.27840e-01
 9.27840e-01
 9.27840e-01
 9.27840e-01
 9.27840e-01
 9.27840e-01
 9.27840e-01
 9.27840e-01
 9.27840e-01
 9.27840e-01
 9.27840e-01
 9.27840e-01
 9.27840e-01
 9.27840e-01
 9.27840e-01
 9.27840e-01
 9.27840e-01
 9.27840e-01
 9.27840e-01
 9.27840e-01
 9.27840e-01
 9.27840e-01
 9.28126e-01
 9.28126e-01
 9.28126e-01
 9.28126e-01
 9.28126e-01
 9.28126e-01
 9.28126e-01
 9.28126e-01
 9.28126e-01
 9.28126e-01
 9.28126e-01
 9.28126e-01
 9.28126e-01
 9.28126e-01
 9.28126e-01
 9.28126e-01
 9.28126e-01
 9.28126e-01
 9.28126e-01
 9.28126e-01
 9.28126e-01
 9.28126e-01
 9.28126e-01
 9.28126e-01
 9.28126e-01
 9.28126e-01
 9.28126e-01
 9.28126e-01
 9.28126e-01
 9.28126e-01
 9.28126e-01
 9.28126e-01
 9.28126e-01
 9.28126e-01
 9.28126e-01
 9.28126e-01
 9.28073e-01
 9.28073e-01
 9.28073e-01
 9.28073e-01
 9.28073e-01
 9.28073e-01
 9.28073e-01
 9.28073e-01
 9.28073e-01
 9.28073e-01
 9.28073e-01
 9.28073e-01
 9.28073e-01
 9.28073e-01
 9.28073e-01
 9.28073e-01
 9.28073e-01
 9.28073e-01
 9.28073e-01
 9.28073e-01
 9.28073e-01
 9.28073e-01
 9.28073e-01
 9.28073e-01
 9.28073e-01
 9.28073e-01
 9.28073e-01
 9.28073e-01
 9.28073e-01
 9.28073e-01
 9.28073e-01
 9.28073e-01
 9.28073e-01
 9.28073e-01
 9.28073e-01
 9.28073e-01
 9.27764e-01
 9.27764e-01
 9.27764e-01
 9.27764e-01
 9.27764e-01
 9.27764e-01
 9.27764e-01
 9.27764e-01
 9.27764e-01
 9.27764e-01
 9.27764e-01
 9.27764e-01
 9.27764e-01
 9.27764e-01
 9.27764e-01
 9.27764e-01
 9.27764e-01
 9.27764e-01
 9.27764e-01
 9.27764e-01
 9.27764e-01
 9.27764e-01
 9.27764e-01
 9.27764e-01
 9.27764e-01
 9.27764e-01
 9.27764e-01
 9.27764e-01
 9.27764e-01
 9.27764e-01
 9.27764e-01
 9.27764e-01
 9.27764e-01
 9.27764e-01
 9.27764e-01
 9.27764e-01
 9.27011e-01
 9.27011e-01
 9.27011e-01
 9.27011e-01
 9.27011e-01
 9.27011e-01
 9.27011e-01
 9.27011e-01
 9.27011e-01
 9.27011e-01
 9.27011e-01
 9.27011e-01
 9.27011e-01
 9.27011e-01
 9.27011e-01
 9.27011e-01
 9.27011e-01
 9.27011e-01
 9.27011e-01
 9.27011e-01
 9.27011e-01
 9.27011e-01
 9.27011e-01
 9.27011e-01
 9.27011e-01
 9.27011e-01
 9.27011e-01
 9.27011e-01
 9.27011e-01
 9.27011e-01
 9.27011e-01
 9.27011e-01
 9.27011e-01
 9.27011e-01
 9.27011e-01
 9.27011e-01
 9.25164e-01
 9.25164e-01
 9.25164e-01
 9.25164e-01
 9.25164e-01
 9.25164e-01
 9.25164e-01
 9.25164e-01
 9.25164e-01
 9.25164e-01
 9.25164e-01
 9.25164e-01
 9.25164e-01
 9.25164e-01
 9.25164e-01
 9.25164e-01
 9.25164e-01
 9.25164e-01
 9.25164e-01
 9.25164e-01
 9.25164e-01
 9.25164e-01
 9.25164e-01
 9.25164e-01
 9.25164e-01
 9.25164e-01
 9.25164e-01
 9.25164e-01
 9.25164e-01
 9.25164e-01
 9.25164e-01
 9.25164e-01
 9.25164e-01
 9.25164e-01
 9.25164e-01
 9.25164e-01
 9.20717e-01
 9.20717e-01
 9.20717e-01
 9.20717e-01
 9.20717e-01
 9.20717e-01
 9.20717e-01
 9.20717e-01
 9.20717e-01
 9.20717e-01
 9.20717e-01
 9.20717e-01
 9.20717e-01
 9.20717e-01
 9.20717e-01
 9.20717e-01
 9.20717e-01
 9.20717e-01
 9.20717e-01
 9.20717e-01
 9.20717e-01
 9.20717e-01
 9.20717e-01
 9.20717e-01
 9.20717e-01
 9.20717e-01
 9.20717e-01
 9.20717e-01
 9.20717e-01
 9.20717e-01
 9.20717e-01
 9.20717e-01
 9.20717e-01
 9.20717e-01
 9.20717e-01
 9.20717e-01
 9.10646e-01
 9.10646e-01
 9.10646e-01
 9.10646e-01
 9.10646e-01
 9.10646e-01
 9.10646e-01
 9.10646e-01
 9.10646e-01
 9.10646e-01
 9.10646e-01
 9.10646e-01
 9.10646e-01
 9.10646e-01
 9.10646e-01
 9.10646e-01
 9.10646e-01
 9.10646e-01
 9.10646e-01
 9.10646e-01
 9.10646e-01
 9.10646e-01
 9.10646e-01
 9.10646e-01
 9.10646e-01
 9.10646e-01
 9.10646e-01
 9.10646e-01
 9.10646e-01
 9.10646e-01
 9.10646e-01
 9.10646e-01
 9.10646e-01
 9.10646e-01
 9.10646e-01
 9.10646e-01
 8.89309e-01
 8.89309e-01
 8.89309e-01
 8.89309e-01
 8.89309e-01
 8.89309e-01
 8.89309e-01
 8.89309e-01
 8.89309e-01
 8.89309e-01
 8.89309e-01
 8.89309e-01
 8.89309e-01
 8.89309e-01
 8.89309e-01
 8.89309e-01
 8.89309e-01
 8.89309e-01
 8.89309e-01
 8.89309e-01
 8.89309e-01
 8.89309e-01
 8.89309e-01
 8.89309e-01
 8.89309e-01
 8.89309e-01
 8.89309e-01
 8.89309e-01
 8.89309e-01
 8.89309e-01
 8.89309e-01
 8.89309e-01
 8.89309e-01
 8.89309e-01
 8.89309e-01
 8.89309e-01
 8.45746e-01
 8.45746e-01
 8.45746e-01
 8.45746e-01
 8.45746e-01
 8.45746e-01
 8.45746e-01
 8.45746e-01
 8.45746e-01
 8.45746e-01
 8.45746e-01
 8.45746e-01
 8.45746e-01
 8.45746e-01
 8.45746e-01
 8.45746e-01
 8.45746e-01
 8.45746e-01
 8.45746e-01
 8.45746e-01
 8.45746e-01
 8.45746e-01
 8.45746e-01
 8.45746e-01
 8.45746e-01
 8.45746e-01
 8.45746e-01
 8.45746e-01
 8.45746e-01
 8.45746e-01
 8.45746e-01
 8.45746e-01
 8.45746e-01
 8.45746e-01
 8.45746e-01
 8.45746e-01
 7.65448e-01
 7.65448e-01
 7.65448e-01
 7.65448e-01
 7.65448e-01
 7.65448e-01
 7.65448e-01
 7.65448e-01
 7.65448e-01
 7.65448e-01
 7.65448e-01
 7.65448e-01
 7.65448e-01
 7.65448e-01
 7.65448e-01
 7.65448e-01
 7.65448e-01
 7.65448e-01
 7.65448e-01
 7.65448e-01
 7.65448e-01
 7.65448e-01
 7.65448e-01
 7.65448e-01
 7.65448e-01
 7.65448e-01
 7.65448e-01
 7.65448e-01
 7.65448e-01
 7.65448e-01
 7.65448e-01
 7.65448e-01
 7.65448e-01
 7.65448e-01
 7.65448e-01
 7.65448e-01
 6.37343e-01
 6.37343e-01
 6.37343e-01
 6.37343e-01
 6.37343e-01
 6.37343e-01
 6.37343e-01
 6.37343e-01
 6.37343e-01
 6.37343e-01
 6.37343e-01
 6.37343e-01
 6.37343e-01
 6.37343e-01
 6.37343e-01
 6.37343e-01
 6.37343e-01
 6.37343e-01
 6.37343e-01
 6.37343e-01
 6.37343e-01
 6.37343e-01
 6.37343e-01
 6.37343e-01
 6.37343e-01
 6.37343e-01
 6.37343e-01
 6.37343e-01
 6.37343e-01
 6.37343e-01
 6.37343e-01
 6.37343e-01
 6.37343e-01
 6.37343e-01
 6.37343e-01
 6.37343e-01
 4.65489e-01
 4.65489e-01
 4.65489e-01
 4.65489e-01
 4.65489e-01
 4.65489e-01
 4.65489e-01
 4.65489e-01
 4.65489e-01
 4.65489e-01
 4.65489e-01
 4.65489e-01
 4.65489e-01
 4.65489e-01
 4.65489e-01
 4.65489e-01
 4.65489e-01
 4.65489e-01
 4.65489e-01
 4.65489e-01
 4.65489e-01
 4.65489e-01
 4.65489e-01
 4.65489e-01
 4.65489e-01
 4.65489e-01
 4.65489e-01
 4.65489e-01
 4.65489e-01
 4.65489e-01
 4.65489e-01
 4.65489e-01
 4.65489e-01
 4.65489e-01
 4.65489e-01
 4.65489e-01
 2.84211e-01
 2.84211e-01
 2.84211e-01
 2.84211e-01
 2.84211e-01
 2.84211e-01
 2.84211e-01
 2.84211e-01
 2.84211e-01
 2.84211e-01
 2.84211e-01
 2.84211e-01
 2.84211e-01
 2.84211e-01
 2.84211e-01
 2.84211e-01
 2.84211e-01
 2.84211e-01
 2.84211e-01
 2.84211e-01
 2.84211e-01
 2.84211e-01
 2.84211e-01
 2.84211e-01
 2.84211e-01
 2.84211e-01
 2.84211e-01
 2.84211e-01
 2.84211e-01
 2.84211e-01
 2.84211e-01
 2.84211e-01
 2.84211e-01
 2.84211e-01
 2.84211e-01
 2.84211e-01
 1.38953e-01
 1.38953e-01
 1.38953e-01
 1.38953e-01
 1.38953e-01
 1.38953e-01
 1.38953e-01
 1.38953e-01
 1.38953e-01
 1.38953e-01
 1.38953e-01
 1.38953e-01
 1.38953e-01
 1.38953e-01
 1.38953e-01
 1.38953e-01
 1.38953e-01
 1.38953e-01
 1.38953e-01
 1.38953e-01
 1.38953e-01
 1.38953e-01
 1.38953e-01
 1.38953e-01
 1.38953e-01
 1.38953e-01
 1.38953e-01
 1.38953e-01
 1.38953e-01
 1.38953e-01
 1.38953e-01
 1.38953e-01
 1.38953e-01
 1.38953e-01
 1.38953e-01
 1.38953e-01
 5.16823e-02
 5.16823e-02
 5.16823e-02
 5.16823e-02
 5.16823e-02
 5.16823e-02
 5.16823e-02
 5.16823e-02
 5.16823e-02
 5.16823e-02
 5.16823e-02
 5.16823e-02
 5.16823e-02
 5.16823e-02
 5.16823e-02
 5.16823e-02
 5.16823e-02
 5.16823e-02
 5.16823e-02
 5.16823e-02
 5.16823e-02
 5.16823e-02
 5.16823e-02
 5.16823e-02
 5.16823e-02
 5.16823e-02
 5.16823e-02
 5.16823e-02
 5.16823e-02
 5.16823e-02
 5.16823e-02
 5.16823e-02
 5.16823e-02
 5.16823e-02
 5.16823e-02
 5.16823e-02
 1.53648e-02
 1.53648e-02
 1.53648e-02
 1.53648e-02
 1.53648e-02
 1.53648e-02
 1.53648e-02
 1.53648e-02
 1.53648e-02
 1.53648e-02
 1.53648e-02
 1.53648e-02
 1.53648e-02
 1.53648e-02
 1.53648e-02
 1.53648e-02
 1.53648e-02
 1.53648e-02
 1.53648e-02
 1.53648e-02
 1.53648e-02
 1.53648e-02
 1.53648e-02
 1.53648e-02
 1.53648e-02
 1.53648e-02
 1.53648e-02
 1.53648e-02
 1.53648e-02
 1.53648e-02
 1.53648e-02
 1.53648e-02
 1.53648e-02
 1.53648e-02
 1.53648e-02
 1.53648e-02
 4.08270e-03
 4.08270e-03
 4.08270e-03
 4.08270e-03
 4.08270e-03
 4.08270e-03
 4.08270e-03
 4.08270e-03
 4.08270e-03
 4.08270e-03
 4.08270e-03
 4.08270e-03
 4.08270e-03
 4.08270e-03
 4.08270e-03
 4.08270e-03
 4.08270e-03
 4.08270e-03
 4.08270e-03
 4.08270e-03
 4.08270e-03
 4.08270e-03
 4.08270e-03
 4.08270e-03
 4.08270e-03
 4.08270e-03
 4.08270e-03
 4.08270e-03
 4.08270e-03
 4.08270e-03
 4.08270e-03
 4.08270e-03
 4.08270e-03
 4.08270e-03
 4.08270e-03
 4.08270e-03
 1.04028e-03
 1.04028e-03
 1.04028e-03
 1.04028e-03
 1.04028e-03
 1.04028e-03
 1.04028e-03
 1.04028e-03
 1.04028e-03
 1.04028e-03
 1.04028e-03
 1.04028e-03
 1.04028e-03
 1.04028e-03
 1.04028e-03
 1.04028e-03
 1.04028e-03
 1.04028e-03
 1.04028e-03
 1.04028e-03
 1.04028e-03
 1.04028e-03
 1.04028e-03
 1.04028e-03
 1.04028e-03
 1.04028e-03
 1.04028e-03
 1.04028e-03
 1.04028e-03
 1.04028e-03
 1.04028e-03
 1.04028e-03
 1.04028e-03
 1.04028e-03
 1.04028e-03
 1.04028e-03
 2.59984e-04
 2.59984e-04
 2.59984e-04
 2.59984e-04
 2.59984e-04
 2.59984e-04
 2.59984e-04
 2.59984e-04
 2.59984e-04
 2.59984e-04
 2.59984e-04
 2.59984e-04
 2.59984e-04
 2.59984e-04
 2.59984e-04
 2.59984e-04
 2.59984e-04
 2.59984e-04
 2.59984e-04
 2.59984e-04
 2.59984e-04
 2.59984e-04
 2.59984e-04
 2.59984e-04
 2.59984e-04
 2.59984e-04
 2.59984e-04
 2.59984e-04
 2.59984e-04
 2.59984e-04
 2.59984e-04
 2.59984e-04
 2.59984e-04
 2.59984e-04
 2.59984e-04
 2.59984e-04
 6.40029e-05
 6.40029e-05
 6.40029e-05
 6.40029e-05
 6.40029e-05
 6.40029e-05
 6.40029e-05
 6.40029e-05
 6.40029e-05
 6.40029e-05
 6.40029e-05
 6.40029e-05
 6.40029e-05
 6.40029e-05
 6.40029e-05
 6.40029e-05
 6.40029e-05
 6.40029e-05
 6.40029e-05
 6.40029e-05
 6.40029e-05
 6.40029e-05
 6.40029e-05
 6.40029e-05
 6.40029e-05
 6.40029e-05
 6.40029e-05
 6.40029e-05
 6.40029e-05
 6.40029e-05
 6.40029e-05
 6.40029e-05
 6.40029e-05
 6.40029e-05
 6.40029e-05
 6.40029e-05
 1.55096e-05
 1.55096e-05
 1.55096e-05
 1.55096e-05
 1.55096e-05
 1.55096e-05
 1.55096e-05
 1.55096e-05
 1.55096e-05
 1.55096e-05
 1.55096e-05
 1.55096e-05
 1.55096e-05
 1.55096e-05
 1.55096e-05
 1.55096e-05
 1.55096e-05
 1.55096e-05
 1.55096e-05
 1.55096e-05
 1.55096e-05
 1.55096e-05
 1.55096e-05
 1.55096e-05
 1.55096e-05
 1.55096e-05
 1.55096e-05
 1.55096e-05
 1.55096e-05
 1.55096e-05
 1.55096e-05
 1.55096e-05
 1.55096e-05
 1.55096e-05
 1.55096e-05
 1.55096e-05
 3.69264e-06
 3.69264e-06
 3.69264e-06
 3.69264e-06
 3.69264e-06
 3.69264e-06
 3.69264e-06
 3.69264e-06
 3.69264e-06
 3.69264e-06
 3.69264e-06
 3.69264e-06
 3.69264e-06
 3.69264e-06
 3.69264e-06
 3.69264e-06
 3.69264e-06
 3.69264e-06
 3.69264e-06
 3.69264e-06
 3.69264e-06
 3.69264e-06
 3.69264e-06
 3.69264e-06
 3.69264e-06
 3.69264e-06
 3.69264e-06
 3.69264e-06
 3.69264e-06
 3.69264e-06
 3.69264e-06
 3.69264e-06
 3.69264e-06
 3.69264e-06
 3.69264e-06
 3.69264e-06
 8.62008e-07
 8.62008e-07
 8.62008e-07
 8.62008e-07
 8.62008e-07
 8.62008e-07
 8.62008e-07
 8.62008e-07
 8.62008e-07
 8.62008e-07
 8.62008e-07
 8.62008e-07
 8.62008e-07
 8.62008e-07
 8.62008e-07
 8.62008e-07
 8.62008e-07
 8.62008e-07
 8.62008e-07
 8.62008e-07
 8.62008e-07
 8.62008e-07
 8.62008e-07
 8.62008e-07
 8.62008e-07
 8.62008e-07
 8.62008e-07
 8.62008e-07
 8.62008e-07
 8.62008e-07
 8.62008e-07
 8.62008e-07
 8.62008e-07
 8.62008e-07
 8.62008e-07
 8.62008e-07
 1.96576e-07
 1.96576e-07
 1.96576e-07
 1.96576e-07
 1.96576e-07
 1.96576e-07
 1.96576e-07
 1.96576e-07
 1.96576e-07
 1.96576e-07
 1.96576e-07
 1.96576e-07
 1.96576e-07
 1.96576e-07
 1.96576e-07
 1.96576e-07
 1.96576e-07
 1.96576e-07
 1.96576e-07
 1.96576e-07
 1.96576e-07
 1.96576e-07
 1.96576e-07
 1.96576e-07
 1.96576e-07
 1.96576e-07
 1.96576e-07
 1.96576e-07
 1.96576e-07
 1.96576e-07
 1.96576e-07
 1.96576e-07
 1.96576e-07
 1.96576e-07
 1.96576e-07
 1.96576e-07
 4.19556e-08
 4.19556e-08
 4.19556e-08
 4.19556e-08
 4.19556e-08
 4.19556e-08
 4.19556e-08
 4.19556e-08
 4.19556e-08
 4.19556e-08
 4.19556e-08
 4.19556e-08
 4.19556e-08
 4.19556e-08
 4.19556e-08
 4.19556e-08
 4.19556e-08
 4.19556e-08
 4.19556e-08
 4.19556e-08
 4.19556e-08
 4.19556e-08
 4.19556e-08
 4.19556e-08
 4.19556e-08
 4.19556e-08
 4.19556e-08
 4.19556e-08
 4.19556e-08
 4.19556e-08
 4.19556e-08
 4.19556e-08
 4.19556e-08
 4.19556e-08
 4.19556e-08
 4.19556e-08
 0.00000e+00
 0.00000e+00
 0.00000e+00
 0.00000e+00
 0.00000e+00
 0.00000e+00
 0.00000e+00
 0.00000e+00
 0.00000e+00
 0.00000e+00
 0.00000e+00
 0.00000e+00
 0.00000e+00
 0.00000e+00
 0.00000e+00
 0.00000e+00
 0.00000e+00
 0.00000e+00
 0.00000e+00
 0.00000e+00
 0.00000e+00
 0.00000e+00
 0.00000e+00
 0.00000e+00
 0.00000e+00
 0.00000e+00
 0.00000e+00
 0.00000e+00
 0.00000e+00
 0.00000e+00
 0.00000e+00
 0.00000e+00
 0.00000e+00
 0.00000e+00
 0.00000e+00
 0.00000e+00
